t_s,forward_m,lateral_m,relative_z_m,relative_yaw_rad
0.022152153,0.0,0.0,0.0,0.0
0.053227496000000006,0.000815806341498988,-0.001021601114043839,-0.0002847774224113836,0.0027533602133846535
0.08755874100000001,0.0015890093646762401,-0.002481260212028231,-0.0007239613010372875,0.005666688132363679
0.12191399500000001,0.0019963077364877676,-0.003099744064795073,-0.0020254268606325412,0.007173904378193971
0.15323414000000002,0.0028424665679408164,-0.004371697212429333,-0.0024233057919493886,0.010341800239228566
0.188582209,0.0035775332110865514,-0.005658336589349563,-0.002684290202527785,0.013492904261857203
0.22171131000000002,0.0039786282364300644,-0.0063031077710942835,-0.004282884989957429,0.015163824368900514
0.253249021,0.004791807293278434,-0.007596979742801604,-0.004610382648879939,0.018571037426412695
0.28726043100000004,0.005262642347959524,-0.008638905755885022,-0.0048021477125934145,0.022515568967612393
0.31965074200000004,0.005457646011185606,-0.009011385047878361,-0.006622052184176573,0.02382170759007174
0.35293423500000004,0.006015365653893689,-0.01006657036393899,-0.006831942524189068,0.027426145351731282
0.387149972,0.006598815176134384,-0.011151203940785349,-0.007050025821322796,0.031122029659812228
0.422952143,0.00653680244870802,-0.010985210776638245,-0.007590627285680711,0.03273567179444378
0.453048873,0.006877104573639544,-0.011570130873175663,-0.0077675661089495265,0.03617121995969619
0.487356989,0.0072185647641442256,-0.012145582072088438,-0.007941568196168015,0.039503559635316585
0.519792233,0.007154031532338218,-0.01223977581035445,-0.010694117477693728,0.041774223709702046
0.553102926,0.0072535524186413125,-0.012522580321000077,-0.010874848249001721,0.04435400896895646
0.5863188920000001,0.007390421770106155,-0.012900741580943297,-0.011117186286338294,0.04761575422824426
0.620930525,0.007126728281120461,-0.012856235956943308,-0.012456565683543301,0.04975106158929464
0.653280842,0.00703100773985905,-0.012932209936706452,-0.01267416074457791,0.05156318220234589
0.6884687890000001,0.006886921655124456,-0.01304517535939191,-0.013003756053842679,0.054109973895682256
0.7211931370000001,0.00656890545976895,-0.013002183413764955,-0.014026873798469196,0.05630079238800521
0.752984972,0.006402836527347801,-0.012999815201977403,-0.014347547927493175,0.0576040607089152
0.786659585,0.00612478214160531,-0.012993881914783184,-0.01488734759664919,0.05965605939672836
0.8200017230000001,0.005742589952726727,-0.012928105793873096,-0.016038394999940635,0.06143882443043666
0.8546049410000001,0.005517877920298496,-0.012894664564114991,-0.016445793101519814,0.06249612272804848
0.8898556500000001,0.005326464561169957,-0.012865406844250886,-0.016794152609027092,0.06333719937515746
0.921955802,0.004722107033077589,-0.012512514557659577,-0.01733286602641077,0.0649892188225536
0.953468352,0.004408703252388102,-0.01231884938788281,-0.017834905134512892,0.06591091865093635
0.9864503550000001,0.003949016259743057,-0.012033677397721706,-0.018572947163927232,0.06722291339649766
1.019707965,0.0037110717900807593,-0.011886022665674031,-0.019260599443170177,0.06772442906081454
1.052798906,0.0033572722321972177,-0.01146134388000104,-0.02056941121804829,0.0686873141311901
1.091676632,0.0029665427100489025,-0.011090383090208584,-0.021744869025474255,0.07060889600440222
1.1195623890000002,0.00276150632588744,-0.010897186158334213,-0.022016724280893595,0.07090416731992064
1.152855839,0.002337471175647114,-0.010494633538245073,-0.023279436920282275,0.07187948430238442
1.186621782,0.00189142250255279,-0.010072079716061968,-0.024591210067841825,0.07277489603023346
1.2204526530000002,0.0017081420043918438,-0.009896077486918071,-0.027248481586969152,0.0733756491831805
1.253739331,0.001261827403297564,-0.009466440048215865,-0.028556234082090036,0.07416021775306313
1.286985443,0.000831830311525665,-0.009044976685002945,-0.02981724385523516,0.07431818069274863
1.320690123,0.0006064520196281886,-0.008822757161636639,-0.03492248518762354,0.07379543538483356
1.35342889,0.00014538111887678947,-0.008362427976007116,-0.036286966719804366,0.0732177553151265
1.387178234,-0.00029777974561502206,-0.007911228612450272,-0.03760193363975604,0.07242531795087447
1.4195739580000002,-0.0011119954694551774,-0.01630805510655611,-0.06607960670059859,0.07142890774858968
1.453977161,-0.0016936639132934695,-0.017559286631950027,-0.07410338102685268,0.07099689674397867
1.4869363880000002,-0.002366943398438722,-0.018992660499626796,-0.08345272302808349,0.06879244679385053
1.52015714,-0.002623558110262092,-0.017308650917994935,-0.09015887676473724,0.06857342449375145
1.5533461970000002,-0.0030613505866735943,-0.01680434905268222,-0.09666206027421176,0.0664787704804288
1.5870741860000002,-0.0035861258456531715,-0.016201116721527457,-0.10462265677232482,0.0661325365991394
1.620407731,-0.003859264720050457,-0.015882701543297875,-0.11331848867463556,0.06536973472144414
1.653085989,-0.00434727333784624,-0.01553230874140311,-0.12027102952715873,0.0647738058805114
1.6878721540000001,-0.004873885687811495,-0.015064194482786947,-0.12746850349273633,0.06391765384720391
1.721356887,-0.005174309627076337,-0.014800161177488624,-0.1338263870526555,0.06350480753476306
1.7566442310000001,-0.006647941680452985,-0.014879501998013998,-0.1390693206569392,0.06332306945925391
1.7861956760000002,-0.007892731098400425,-0.014737040563453771,-0.14516480527205486,0.06288842318830933
1.819587644,-0.008400982132378469,-0.014676250545617121,-0.14985441925559773,0.06271443155529031
1.853279463,-0.00962953941348964,-0.01453358724758925,-0.1559265018077984,0.062264193266531084
1.887821301,-0.008843368391396841,-0.013552296424693265,-0.1566972073547682,0.061915355491099174
1.920426401,-0.009179787055045118,-0.012892892893542795,-0.1605483589646346,0.06137330874487467
1.9536051980000002,-0.0095165884979781,-0.012204940495777247,-0.1651334584566896,0.06078404858478635
1.9877578770000002,-0.009543436032069311,-0.011941537549655887,-0.1671561328746267,0.06059240027149836
2.0199349630000003,-0.009740044950262402,-0.011348214658716426,-0.17175108598597438,0.06009725538175512
2.0532065900000003,-0.009934470466617343,-0.010726605985623234,-0.17623300960350968,0.0595997565549715
2.0865457540000003,-0.00933022231375219,-0.009619201046048874,-0.1789858971288121,0.05925316716706417
2.119757887,-0.009208974761281694,-0.00924434435513714,-0.17834349042238248,0.0591027585687702
2.1530618450000003,-0.00890912307073485,-0.008335891322689979,-0.18163096429573364,0.058984778988721655
2.187234996,-0.00873523330584677,-0.007509764062565461,-0.18347431324147795,0.05881934762348527
2.222455431,-0.008624530282245657,-0.0070756545392626395,-0.1824773820285581,0.0588322183905676
2.252956982,-0.008393627915281573,-0.006179971587235442,-0.18472386809301608,0.05873748764760877
2.287289577,-0.008170857133155079,-0.0053182520354243265,-0.18684770216578206,0.058766174705899385
2.320488318,-0.008885985059084962,-0.004714171374300188,-0.18616486031948018,0.05876946004486736
2.354044383,-0.009175635811937467,-0.00369527961842567,-0.18769314842408874,0.058781592984073136
2.387099441,-0.009451667569006936,-0.0027151489564754246,-0.1891178190220421,0.058863324263452185
2.4200055970000003,-0.009410192228126548,-0.002222712490676821,-0.18920672282286338,0.058897010705515986
2.452963789,-0.00955102811856155,-0.0012172823852788233,-0.18997903296129504,0.059019739339069226
2.486137169,-0.00969688921466469,-0.0001585482219950994,-0.19073436963106336,0.05917782865273979
2.5199820770000003,-0.010068853330764703,0.000178406797419285,-0.19072398386882425,0.05927556308404069
2.554095487,-0.010461416954650474,0.0011107697247005773,-0.19122287341192834,0.05940322863971791
2.5864515960000003,-0.010853738044849,0.002048401190634302,-0.19167034485797224,0.05954798489241051
2.6207952690000003,-0.011040134286578749,0.0024967731968286,-0.19260085095933677,0.05958334706929457
2.655527964,-0.01110241136617947,0.0031236476177474164,-0.1926954468611372,0.059703288817146476
2.68893078,-0.011208313551887011,0.003496191553062771,-0.19276934668139256,0.059739072555589946
2.7207564410000002,-0.011430286363708034,0.0042866293868769586,-0.19271720384274743,0.05984621467490169
2.754839629,-0.011356646014770572,0.004837219122724662,-0.19263540715650795,0.05995870587897922
2.786336199,-0.011407442310652645,0.005523435793071049,-0.19253480537395734,0.0600804024337158
2.820509046,-0.011427595151924503,0.005803150982125069,-0.19272264482294804,0.06015526768482758
2.856329092,-0.011327146255192216,0.006420123962818715,-0.19246887150257658,0.06031678683515861
2.889789888,-0.011308084053112875,0.006720417647418986,-0.19233998091126964,0.06037378911657896
2.9219484170000003,-0.011265825008008762,0.007357082065684075,-0.19208592752093678,0.06051518860859727
2.953161263,-0.010854989913436789,0.008106908006455684,-0.19169228336526378,0.06063911013448208
2.987022171,-0.01057789562650952,0.008846286691613494,-0.19123121998920065,0.0607895295085372
3.020596401,-0.01046438959307335,0.009148027722857251,-0.18959328378818435,0.060847353582691006
3.054070755,-0.00999967319460927,0.010076037301894391,-0.18912289097628637,0.06098639624643453
3.091678051,-0.009624957245952876,0.01086769941431854,-0.18864539519453175,0.061197499908258735
3.123604319,-0.009424122397460198,0.011290887467524836,-0.18859289450309588,0.061295838860824674
3.154494176,-0.008955466768496949,0.01243658516730092,-0.18833047643066997,0.06152182818296746
3.1880193990000003,-0.008800175549501705,0.01280930072440361,-0.18824074203141125,0.06160152411562913
3.219457563,-0.008378544039917564,0.013819157717979659,-0.18861687919195602,0.06182819490145605
3.2546253230000004,-0.007944052398487769,0.015206288893561426,-0.18839823840567563,0.06210218590702476
3.2913756330000004,-0.0076481158626711,0.016130181242711067,-0.18823381850406154,0.06219017082753852
3.3220892120000003,-0.0074611475757158496,0.016712091958074344,-0.18694204329351585,0.06224785048203383
3.353206149,-0.007074070606380159,0.017912489665053984,-0.18667062917537197,0.06226607772385282
3.386511447,-0.006741260272662827,0.01892700430223973,-0.1871556506497976,0.06222339313892487
3.420438603,-0.006591554079398569,0.019384237428228823,-0.18720710677033311,0.06219692263980113
3.453678296,-0.006226789538689324,0.02049374868400771,-0.1873124351343615,0.0621023352522485
3.4878812470000002,-0.005816120717707558,0.021313982352980904,-0.18758418386148634,0.06202577786472438
3.523562929,-0.005635120604745948,0.02173209381757729,-0.18724181521898614,0.061971009869016914
3.556655949,-0.005227357396263935,0.022670859296975716,-0.18742459588429392,0.061829856155001015
3.5874882770000003,-0.0050108655594190785,0.023511880262644815,-0.18730328511992514,0.061661812890989584
3.622080195,-0.004919860214690456,0.02382570692018935,-0.18781743318372246,0.06156053813977501
3.6535178370000003,-0.004680157871726282,0.02465091037642204,-0.18765478828605034,0.06136272844644396
3.6877686730000003,-0.004547254216714613,0.025593114137681307,-0.1874587126599561,0.06116825407816016
3.724863324,-0.004487441660761882,0.025964107991367596,-0.1870110074624694,0.06110541776005183
3.7554894680000004,-0.004339239280307996,0.02687752665542043,-0.18677089209224276,0.06097910850690977
3.7872645140000003,-0.004195668635974071,0.027753585588637244,-0.18650982290536872,0.06083149924061537
3.819807806,-0.0041625384817721685,0.028387801492077338,-0.18688047077336215,0.06078440612247293
3.853388964,-0.004041146973321549,0.02940161321525065,-0.18654687419109567,0.060706085400996194
3.887312435,-0.003920527207840749,0.030397821031412857,-0.18618883709224968,0.0607067353546422
3.9222707390000005,-0.00374521083370312,0.031329548997621796,-0.18541094298479158,0.06066730426874576
3.9554194970000003,-0.0036405184317499285,0.03197257247095201,-0.18522815254107486,0.06065270690961897
3.989436736,-0.003559598452603975,0.032466818636193905,-0.18508018134261722,0.06063923113516531
4.020008013,-0.003387273029135076,0.03351319272343253,-0.1854378170764401,0.060566332507012245
4.054810022,-0.0031571502268926653,0.03477117915658304,-0.1852715577949076,0.06049770063868465
4.086813919,-0.002940195762868596,0.03599275383571443,-0.18500877610741454,0.06036996347160661
4.120649451,-0.002851327130499257,0.03648988804864706,-0.1858447223968724,0.06028706028204799
4.153603245,-0.0026305664760525958,0.03766910308509063,-0.18570710149792577,0.06005990435566398
4.187500485,-0.0024184364424710437,0.038807260612538315,-0.18553108247855066,0.059867629038327756
4.223996608,-0.0023084383701329047,0.03939417615785747,-0.1850427316699749,0.05973854377123588
4.254274201,-0.0022026408396132193,0.04077634135113079,-0.18495844796330166,0.059531437304225485
4.287099828000001,-0.0020785850370929836,0.04207066249363839,-0.18485925706226705,0.05924670285506737
4.319670534,-0.002014003046140522,0.042738113597899155,-0.1840028613437817,0.059181252683708316
4.35401652,-0.0016678084005392613,0.04434098645694864,-0.1838663038103433,0.05899446265004914
4.389680367,-0.001440340111363729,0.045451665224317865,-0.18375729807738572,0.05884334743640006
4.420696475000001,-0.001308271176026676,0.04609447164548828,-0.18291905516143145,0.05883717024366584
4.455746485000001,-0.0002967401005136367,0.04764695337732697,-0.18283574119966328,0.05891893031343941
4.487214655000001,0.0005065121941893718,0.0489401338062134,-0.18276329369152136,0.058956204398199014
4.519598982000001,0.0008728330740567459,0.049528691193367676,-0.18401735845276454,0.05896225143209486
4.553007473,0.001762828086752554,0.05095556489269069,-0.18391554661013793,0.05905809408311135
4.587983254,0.007780766853556627,0.05271029021053469,-0.18394592719128192,0.05909834396445389
4.619959001000001,0.00959436203424106,0.053521025229842555,-0.18665664264067847,0.059212973292262806
4.652976265,0.013337349621913,0.05519272422022065,-0.18661334795505696,0.05930009119695876
4.68781406,0.02041560773093152,0.05726467757422686,-0.18671805306000777,0.05954521138915679
4.720484337,0.023012931422737123,0.05810231730025832,-0.1809389662653423,0.059682107229819245
4.754374986,0.028894758173331862,0.05999830180089278,-0.18100287750485433,0.06003797558695066
4.7882138450000005,0.037028008735506907,0.061201470113253886,-0.18085096775247683,0.060299619510784976
4.823821902000001,0.040870009348818875,0.06186785285900012,-0.17368217202093222,0.060441319841469256
4.8566287280000005,0.048981313759164195,0.0632741286875986,-0.17353381113897592,0.0607950316982304
4.886949041,0.057365361256686925,0.06472669021678959,-0.17338125945946847,0.06099857964719212
4.921158105,0.06253941123092371,0.06593534021588937,-0.17024692683998965,0.061131849465767094
4.954037582000001,0.07009338801808089,0.0674210689471675,-0.17016686409114448,0.06118110694460642
4.987423443,0.07845523328056563,0.0690633784966708,-0.17008054164326117,0.061234009438462696
5.021169458,0.08691125342588439,0.07109739506376109,-0.16591199313816946,0.061181361988143834
5.055325753,0.09217262194006079,0.0722842001600407,-0.16559048290574038,0.060999784322892193
5.087698556,0.09667126925187398,0.07329858540722999,-0.1653130454903651,0.06084081323404122
5.120519007,0.11023035280405588,0.07529675600193644,-0.16342268544569485,0.060134602094114684
5.154004381,0.11564119735923117,0.07603324295561864,-0.16318130265871303,0.05991304981895284
5.186847462,0.12504181597837485,0.07731052223303342,-0.16275379702218776,0.05960982867168062
5.221315044000001,0.1298921610804722,0.0779672355544815,-0.16404784180037216,0.059432287711783875
5.256924785000001,0.13921734590414503,0.08128401661163667,-0.16358061357580234,0.059070435344441105
5.288472181,0.14844048854415834,0.08364297912019686,-0.16311522962972927,0.05865465567105143
5.320237430000001,0.1531970860771443,0.08485737953041406,-0.15800031656737965,0.05834648506899764
5.354824747,0.15930829855416684,0.08916579899873844,-0.15742333037533596,0.05769245923261755
5.386842295,0.166340467663542,0.09271350980875975,-0.15685713444605504,0.05697396024191459
5.420712148000001,0.16996753821250346,0.09454077523161106,-0.15624283885010554,0.05671537305671136
5.454255254,0.18066213465948372,0.09534270792119387,-0.15591879559440633,0.05611502969802015
5.492286595,0.18558218586397665,0.09603831283299706,-0.15575073851910748,0.05576562082530721
5.5212243260000005,0.19523086241703422,0.09739518457645277,-0.15424956410060348,0.05530401162204777
5.554419148,0.21046310098639814,0.09902535913542337,-0.1544673632654906,0.054706942004457006
5.5886439260000005,0.21872639277921258,0.09992378698285657,-0.15461758975758372,0.05459436972630447
5.620058045,0.22461018781034064,0.10056170396768763,-0.15200179100939923,0.05452723470300034
5.655663125,0.2386260190158556,0.10174341191598604,-0.1524781535029398,0.05436734544826381
5.689271174,0.2422071200228028,0.10204481817147046,-0.15260947446597378,0.05431255685628987
5.723167277,0.253567342953011,0.10299691340794001,-0.15289705256501798,0.05417857605820808
5.7544021800000005,0.2655982102751453,0.10400066036020816,-0.1533281863080723,0.054132706877969554
5.787337638,0.2778365993819681,0.10458536243998931,-0.15381788955122438,0.05408896851006517
5.820451955,0.28396783441983964,0.10498012752342703,-0.15420853961344066,0.054061116598138614
5.854377136,0.29660678010706615,0.10578942927981684,-0.15468749601679657,0.05418323993493111
5.887523159000001,0.30578394869115394,0.10766719838478078,-0.1554146431444922,0.054049987741911824
5.920275093000001,0.31120050797590565,0.10837405704480278,-0.1545211120500446,0.05404075140344398
5.954968034,0.3223633166947326,0.10982839458555554,-0.15518998716232846,0.054106086635174126
5.987637254,0.3348605182665192,0.109990243616894,-0.155687523385926,0.05423160540184168
6.020220147000001,0.3411957121417047,0.11037007036730653,-0.15589072221002162,0.05433679598895002
6.054485211,0.3533274166972429,0.1110880389040213,-0.15647458150449076,0.054154971532420756
6.087878965000001,0.3658823696144073,0.11267928860825258,-0.15728637320224612,0.049511629393394575
6.1245188850000005,0.3710126668206269,0.11317315891451453,-0.15616011698477333,0.04420147881674996
6.157447076,0.38348591407542676,0.11427661081818259,-0.1569425886418269,0.028152469190532145
6.187154113,0.3944299224626408,0.11534746869753192,-0.1574111158115781,0.006538592773019894
6.2217102650000005,0.3992594587846095,0.11569532158389356,-0.15943536224258076,-0.004216701471041279
6.254311295000001,0.4105360169426866,0.11635620884691471,-0.15993918272954658,-0.030972460635002377
6.287911285000001,0.4213473928968427,0.11669601364929591,-0.16043594081377135,-0.05770846378621024
6.320664114,0.42675587106708934,0.11759098776774923,-0.16036436840934265,-0.07231749489365315
6.354705021,0.43741499712302967,0.11807271279356588,-0.1604974321005751,-0.09968136582791591
6.387259542000001,0.4428535036198929,0.11821691116077676,-0.16055510794626787,-0.11118475740557669
6.420571189,0.45069370371397477,0.11781473666885893,-0.15806486728586353,-0.13121717161269952
6.454039902000001,0.4594441104762528,0.11744560771302756,-0.15823365039919404,-0.14668292806451522
6.486901983,0.4685018254672413,0.11695069838423466,-0.15838478188332836,-0.1576881332204106
6.520528990000001,0.4721801227191047,0.11671947094951682,-0.15999015624985083,-0.1610424327048499
6.554771411000001,0.480976629047732,0.11534398559401199,-0.16121635876392126,-0.16798549228466625
6.586918028,0.4894223700759429,0.11433828490183187,-0.16200636410553962,-0.1725285789758943
6.620519761000001,0.4937684489879519,0.11380346962141928,-0.16462319500917527,-0.17418849192931019
6.654126355000001,0.5044717473312872,0.11357297828207834,-0.1652999872736802,-0.177231655382395
6.687587528000001,0.5093839700264233,0.11326186662261492,-0.16564239243990514,-0.1786071021511701
6.720509402,0.5190034606614524,0.11263490817524775,-0.1632009625771891,-0.1810774929725909
6.755104269,0.5277220556502596,0.111895701368845,-0.16425724907915684,-0.1832512391573915
6.7878812,0.5365968679283979,0.11121272891741764,-0.16518589074504475,-0.18451150697595237
6.821397409,0.5411657004728953,0.110855889914576,-0.1645100507285018,-0.18493053983264174
6.853997007,0.5522702350091023,0.1103359495742596,-0.16541877925774792,-0.18523447756495198
6.886744237,0.5618935787523871,0.10976075080999834,-0.1662884029436509,-0.18504799491318247
6.920710581000001,0.5669787554780813,0.10945561594597297,-0.16563000158183386,-0.18489291772151667
6.955312832000001,0.5774432977631133,0.10882841905133438,-0.1666149375105593,-0.1843640322377489
6.987551929,0.5881855370481631,0.1091531503094755,-0.16644068889704786,-0.183302610862198
7.021527941,0.5935092588328582,0.10905831289684895,-0.1684998072439158,-0.18279400389408235
7.053561289,0.6044710783945388,0.1088687694161408,-0.1689344190886353,-0.18158642224782096
7.088573612,0.6153652922899177,0.10861711482280997,-0.16912808204867583,-0.18048167909485452
7.12049865,0.6198644177325878,0.10853500523637091,-0.17092886452996395,-0.18003811991719587
7.154010777000001,0.6307597472872014,0.10833558815617578,-0.17122667461825686,-0.17910515825769924
7.186666829000001,0.6411795898171604,0.10815356986313945,-0.17151115101222883,-0.17840323829169386
7.220302039000001,0.6468126830853744,0.10805758190062112,-0.1714509629434378,-0.17801709836683527
7.253557915,0.6575848715548024,0.10787907572251919,-0.17174163862991684,-0.17728255161752665
7.2875756460000005,0.6681428243951911,0.1076931649242357,-0.1720193381711458,-0.17740964845594215
7.3209751690000004,0.6735777182190644,0.1075805168614819,-0.17178209335118585,-0.1798826149810253
7.353931413000001,0.6847616262277388,0.10728216179889305,-0.17206465726584017,-0.19018143164959994
7.387580063000001,0.697220833913165,0.10979767942096141,-0.17203529614349689,-0.20683782499660364
7.421352469,0.7012638826822228,0.10978186208109658,-0.17144932563576332,-0.21435290610498203
7.455156806000001,0.7126792009988507,0.1097604423971551,-0.17162777930443257,-0.2362532413912346
7.487897202,0.7179900545622705,0.10965972349208056,-0.1717116504195471,-0.2472020002020469
7.5210239130000005,0.7293669127924388,0.1094736622021959,-0.1731080861963786,-0.27020399803718526
7.553701783,0.7405670277092936,0.10901158902112322,-0.17301360268078053,-0.28940717471023936
7.587550345,0.7523806451362568,0.1083356186560801,-0.17290395039956236,-0.3052340593474514
7.622347447,0.7558443710690941,0.10802292828447588,-0.17163628389756264,-0.3110563901188024
7.653644252,0.7657658877072305,0.1072862742638144,-0.17147877729666286,-0.3221933005907766
7.688333985000001,0.7758732483926645,0.10644082261859061,-0.1712979575482571,-0.33177265069682116
7.720989565000001,0.7788214934106971,0.10679253333187234,-0.16958690314725838,-0.3361061013246425
7.753696988000001,0.7866451780099339,0.10664433050379765,-0.16937761665045936,-0.3424919979236781
7.786885111,0.79463133426248,0.1064658871786856,-0.1691451636723084,-0.34704472379266077
7.821176403000001,0.7989420739967689,0.10635857944287883,-0.16985261718808053,-0.3480738112053153
7.854355882,0.8082070848616787,0.10832348534030986,-0.16973556450053567,-0.34983154837446584
7.889165653,0.8124014570444565,0.10874882688547499,-0.1696492361427748,-0.3505138580158747
7.919850491000001,0.8212557414469839,0.10964729477939232,-0.17491951039040643,-0.351131226779875
7.954443074,0.8331394835352604,0.10902574682080926,-0.17479640949186995,-0.3514183137771321
7.98654795,0.8442889205035484,0.108900042493388,-0.174636271612957,-0.35109696181336586
8.021063023,0.8490833795792858,0.10885171325145059,-0.17615761303502162,-0.35080694821982383
8.054563248000001,0.8611955957470299,0.10690513433188369,-0.17668178077605426,-0.35000773601630814
8.087090945,0.8720338947896307,0.10571458202929923,-0.17701137577547044,-0.34899549685374875
8.1206254,0.8777594690317303,0.10508893825892085,-0.17177709722301193,-0.3485736221909991
8.153966549,0.8906438415276139,0.10249079616387799,-0.17215369674954076,-0.3476497071007131
8.186427016,0.9009082123946464,0.10066781513219432,-0.17245617047746667,-0.3470138769496467
8.221110428000001,0.905692010369043,0.09982097825308786,-0.17420221212873097,-0.34681477764582525
8.253808731000001,0.916196432566694,0.10128421068449961,-0.17374041120966446,-0.3462670157847329
8.288144672000001,0.9259218867403699,0.10231122663098349,-0.17324738410036253,-0.34640626492916843
8.320052291,0.9310865139417718,0.10286033937233759,-0.1750669851586854,-0.3464343293064864
8.355425722,0.9459890335951261,0.10038583645318347,-0.17562040759469683,-0.3466483140679011
8.387980714000001,0.9552431894095166,0.09893190687996439,-0.1760842206282802,-0.34676202662455285
8.420116101000001,0.9612369686708429,0.09798813737862117,-0.177485200718014,-0.3467768925063793
8.454099739,0.9735666393062213,0.096044565732051,-0.1781290309946894,-0.34671422810968977
8.487913657,0.9848598848313588,0.09272357234965398,-0.17871995249524697,-0.34663388850487875
8.520576246000001,0.9903967534852178,0.09144374234277212,-0.17756361903291062,-0.34660939939001395
8.553963790000001,1.0023822646490135,0.08866982562764648,-0.17820620591036368,-0.34671028215215177
8.586982675,1.0147149699513027,0.08736597973791439,-0.17819289584587036,-0.34669714416221387
8.620607855000001,1.019739132394137,0.08663835687205726,-0.17938038147672578,-0.3467556461373534
8.654307459,1.033083262772035,0.08470249711154712,-0.179531975132576,-0.3468230546349118
8.68783245,1.0450118219452653,0.08292023798663761,-0.17965956941926534,-0.3468558835328626
8.720488051,1.050773974160586,0.08205221162275374,-0.17683692519511734,-0.3468274718278819
8.753536891000001,1.0638030257720317,0.0800895061703916,-0.17696305036482252,-0.3468067236901504
8.786960206,1.076702170245608,0.07715866115593366,-0.17758474405716204,-0.34689755135300615
8.820421340000001,1.080956331861586,0.076254235304653,-0.17785930908924247,-0.34686869095013406
8.85432675,1.093044223331451,0.0736786405419606,-0.178425258572116,-0.3468828914942779
8.888103818000001,1.106423725848458,0.07031169083565308,-0.178815071451235,-0.3467972207893739
8.920915091000001,1.1110253020400473,0.0691647120592786,-0.17778311704223373,-0.3468028164101451
8.95351057,1.1235420284959634,0.06603912681978674,-0.17813344947773538,-0.3467822523392319
8.986822717,1.1296674084585303,0.06450716815323734,-0.17830286556832914,-0.3467668749192901
9.020948517,1.1424243858773535,0.06356586436744456,-0.17753449366315643,-0.3468746631489802
9.053579893,1.1551075618170676,0.06182601181825498,-0.1781114981895458,-0.34686703658208323
9.088398464,1.1684833150848608,0.059989981330052226,-0.1787273774582416,-0.3471110478836815
9.121014357,1.1747596992302303,0.06053078798433701,-0.18190680154476094,-0.3472455150513638
9.153319493,1.1879766979746298,0.05968162621373044,-0.18239208035782425,-0.3476088917367858
9.187018941,1.2019175773129853,0.05878732514050854,-0.18291627428606347,-0.3479160996404133
9.220959078,1.2090908836994088,0.05612321456445038,-0.18353634294765822,-0.3480065949445312
9.253763447,1.2232795446897435,0.05350950879124766,-0.1841445690364001,-0.3481002549419943
9.287922718,1.2382484359251182,0.050750247233629295,-0.1848072389663821,-0.34803112375804623
9.320899387,1.2446864684779206,0.049563067294529375,-0.18363328471342236,-0.34793565855742437
9.353977772,1.2587461297805356,0.04678574141162349,-0.1836217799136981,-0.3477550925880588
9.387211262000001,1.2637827210199297,0.045832668950721786,-0.1837112115747706,-0.34770990385048656
9.420286974,1.2766757349415523,0.04364041822733401,-0.18103463789551125,-0.34771122088199996
9.453078929,1.2885926825638354,0.04167635075176439,-0.181281623612367,-0.34762660776457477
9.487248661,1.30105721183316,0.039620619225617534,-0.18155427819042047,-0.3477718347604491
9.521847840000001,1.30730882032025,0.03858843444428793,-0.17884679649633398,-0.3477724975430201
9.553744971,1.3214540766609593,0.03542471752119024,-0.17889717837137975,-0.3475873393328274
9.58660278,1.3355298370807167,0.03270055198434364,-0.1790662117601779,-0.34282233181325245
9.621169787000001,1.3412550204099485,0.03164354696764672,-0.17643045378111474,-0.33722967337373744
9.65353303,1.3563706572548744,0.032038230892925706,-0.17674315220692338,-0.3172971244358336
9.686065672,1.3677344696199496,0.03196761692683481,-0.17697487781434956,-0.2961288881383704
9.720421246,1.3744424615984792,0.032054048503149996,-0.16871259458694662,-0.28086394152484795
9.754132914000001,1.3884820612753241,0.03154345226781956,-0.16875648757697678,-0.244229557745605
9.786652073,1.4010166449989736,0.03173598234022158,-0.16880508750014653,-0.2096518861563182
9.820205779,1.4072985175906798,0.03199032745532948,-0.16519551905673482,-0.19328809899632127
9.854564652,1.4207404817357419,0.030378590087090887,-0.1655669510651996,-0.16052390491810714
9.886350383,1.4334092542663528,0.02985136861079385,-0.16588845811983585,-0.13543803011837324
9.920432874000001,1.439925632168879,0.029702026921155616,-0.16777986126086078,-0.12509790374935603
9.954798639,1.453609215146895,0.02972959614009825,-0.16825918505047396,-0.1038296281446316
9.989857196,1.4585539634793636,0.029794592832366212,-0.16843754526820545,-0.09684418142610961
10.021744176,1.4708146997240759,0.030088132771423845,-0.17814221665667931,-0.08069274290684765
10.053189764,1.4837446228203732,0.030574858004181624,-0.17861932706469902,-0.06580552363410959
10.086873408,1.4979966851714663,0.02933195435984376,-0.18002867785413545,-0.053796217413146816
10.119996206000001,1.5048890988461703,0.029187536469415187,-0.18077126572417132,-0.048986315970642305
10.153848584,1.519057616824085,0.0289348663742397,-0.18188284235372104,-0.04330819565695389
10.186966524,1.5320749687602842,0.02836361171220611,-0.18331277514326136,-0.04149391017052208
10.220111169,1.5388661069771523,0.028141911386263124,-0.1850105027690488,-0.041246036789427634
10.253252428000001,1.552825354148322,0.02767920995589837,-0.18645384291604736,-0.04144040949697915
10.287458194000001,1.5662962065720707,0.028667765823715274,-0.18738742740326508,-0.04235278419969783
10.320439277,1.5727337070933218,0.02889393024221318,-0.1910374523609611,-0.042945322888757506
10.354029836,1.5880300764927129,0.029421176977860453,-0.19229709935125866,-0.044412441398745464
10.388032891,1.5934820677503327,0.029584685421625012,-0.1927611217045921,-0.04540323364356129
10.420428580000001,1.6066237356233126,0.02987764102450874,-0.19537016489372733,-0.051941519505121866
10.453414277,1.6205623045635567,0.03006149222257104,-0.19640818109782548,-0.06638659807749782
10.487028105,1.6348929082485295,0.02999623943857707,-0.1975214925682225,-0.08673627950906583
10.520522288,1.6398823728122454,0.02979100422768699,-0.20093133431649252,-0.09662834089493937
10.552955184,1.652733083721487,0.029270545318664742,-0.20175595260343127,-0.11773958418750359
10.586922303000001,1.6662586233387378,0.028441645783443825,-0.20261611655411538,-0.14302408230909786
10.619713168,1.6678720123445407,0.028500531924079003,-0.19950161338874378,-0.15107772027872235
10.657901043,1.6783173733660541,0.027748674308143984,-0.19990479694116386,-0.16951950046318753
10.686026391,1.6892783850670479,0.026814568590969146,-0.20029845267854618,-0.1844649988009106
10.719684876,1.6922941857176947,0.0264970644487397,-0.20035707779588624,-0.1885959139379541
10.75344329,1.6992280781707494,0.02581507140730996,-0.20050324339822206,-0.19333861709739025
10.786198054000002,1.7072614791341425,0.0249898983410744,-0.20065429666164758,-0.19793628744206915
10.819639034000001,1.7145563421934484,0.02451724523311022,-0.20615420418239155,-0.19988204006248894
10.853267639,1.7252637792543075,0.02357364135615936,-0.20680124805398825,-0.2027123499781598
10.886217747,1.73572160697928,0.02262677581628897,-0.20740841149140266,-0.20478209204059533
10.920656569,1.7410940329714206,0.02213195567687004,-0.20497364051596262,-0.2053982651852046
10.955450069000001,1.7524673600791616,0.020725581374444274,-0.20598649381033468,-0.20610852594051948
10.986717912000001,1.7576678726232113,0.0201567837601202,-0.20638540555209545,-0.20612357052869257
11.019670181,1.7686417776335046,0.018973953218777706,-0.19965156664189365,-0.20387794609894083
11.058372691,1.7809107057840947,0.018054602844726958,-0.2005905572339533,-0.1950386576220261
11.087403344,1.7918211470834349,0.017288818053942334,-0.20143135136525053,-0.1798077539596687
11.119794629000001,1.7975807813782696,0.016975345960947796,-0.20031291046496258,-0.16888419748755545
11.154863825000001,1.811412477794683,0.017025118181714316,-0.20074266658995044,-0.14026518075559263
11.186659568000001,1.823455202057109,0.017274482278979597,-0.2012177349618296,-0.11087757195367633
11.219934885,1.8298072511304329,0.017559449218310097,-0.19702056433308085,-0.09502229350067108
11.254480655,1.8428283489475394,0.01837397576072866,-0.19754084644008474,-0.06381897018778208
11.28709862,1.8564922053712287,0.019597072423450296,-0.19809534641392013,-0.036443852136167645
11.322059653,1.8618949525984323,0.020189518491510405,-0.19683275866613276,-0.027789074029536995
11.353362048000001,1.875244484428801,0.021797953028198813,-0.19739945010229276,-0.008662671603686611
11.386852305000001,1.8879629488107574,0.023541090801079606,-0.1979744819600177,0.005594224251105576
11.421336720000001,1.8933734133469224,0.024340953739777516,-0.2028191906610523,0.011082902420099558
11.453327712,1.9064235095509046,0.02636399068715517,-0.2034595681982666,0.022882377787879715
11.486982388000001,1.9191672491827565,0.028473217795511707,-0.20409869707905248,0.03260343378020633
11.520284527000001,1.9252345883102504,0.02951786303956505,-0.20687886779457942,0.03587943968440796
11.553968690000001,1.9411916418920834,0.022291062205270967,-0.20646593752687675,0.03966713377998363
11.586423005,1.9552930075082116,0.02279151317790959,-0.20680586297828457,0.041641388535716306
11.620004312,1.9610122430214985,0.02299362486817,-0.20953460825390807,0.04191313778098711
11.652938324,1.976172494259482,0.023468733725538315,-0.2098907321125919,0.042201189661534855
11.68604346,1.988002003357319,0.02383269903990165,-0.2101783375073797,0.042033313448679
11.720690651,1.9947750682647343,0.02403963257401076,-0.21075056252695884,0.04186249232568695
11.753361470000002,2.0086902035868928,0.024452015548659334,-0.21110060445955936,0.04116014408276977
11.786217288000001,2.0236673101913496,0.027094603638398856,-0.21079224550976583,0.04025414473667864
11.819906385000001,2.0309193910813668,0.02786309170659662,-0.20680849308087274,0.03966719742604628
11.853302487,2.045817781430655,0.029430632281801428,-0.2067654454792096,0.03846672400820059
11.886338973,2.0503914360050564,0.030260833174483442,-0.20699701871753362,0.03798579286687562
11.920924498000002,2.062969233441706,0.03177576673272217,-0.21146613529965108,0.0369052243204355
11.953685649,2.0755806455726966,0.03327922122265145,-0.2116261876872989,0.035821174511341244
11.988859542,2.0842386267930517,0.03491814869642568,-0.21185663647188524,0.03522832718971268
12.019561603000001,2.094489588320321,0.036469477658145316,-0.21016635302150072,0.034430586557315554
12.053402094,2.107605205828268,0.03845660313900487,-0.21041906997646137,0.033721370839169915
12.087833097,2.120822246545427,0.03861765833704056,-0.21061284522937462,0.03327790528104477
12.11963549,2.1273900227007454,0.03898419465942979,-0.21340010468673343,0.033180205089546874
12.154207186,2.140553198704269,0.0397100803313519,-0.21361959285568755,0.032922053070175455
12.186449197,2.153419405225288,0.040407109082023274,-0.21384541517516353,0.03255885003587487
12.219630662,2.1618273489283477,0.04250096754656679,-0.20757737495872508,0.032323008188427566
12.253859158000001,2.1759364486947708,0.04425384381111752,-0.20805399907924982,0.031831461480881895
12.286373571,2.1897316837577048,0.04596137168840986,-0.20853848317737128,0.031587298776260625
12.320016033,2.197503866985137,0.047776586258719334,-0.2034051638379754,0.03163545553059287
12.354253149000002,2.213285707523914,0.05039532137464878,-0.20371947599451018,0.03148847560611222
12.387348287,2.2269076934123384,0.05265278861008299,-0.2040045905833634,0.0315863630439672
12.421975597000001,2.235879041740327,0.05266821020507406,-0.20440524880106442,0.03154507542117013
12.453283747,2.2521887883169422,0.05434603797943571,-0.20486175988777433,0.03159502485258424
12.486931438000001,2.267756741777693,0.05594317540348431,-0.20529748793266106,0.03160122562558064
12.519500625000001,2.2746033367062233,0.05579852063102084,-0.20437206310418676,0.03166061557123798
12.553813067,2.2902660350687336,0.056799921756677224,-0.20452250311759368,0.03145428338788436
12.586996285000001,2.3055965264032956,0.05776846923213225,-0.2046546142771603,0.03130502598473138
12.620407774,2.318706843051164,0.05738165414118521,-0.2011558169869107,0.03118638479348501
12.654350377,2.330086771218209,0.057531516910355934,-0.20165178008933088,0.031032983802307804
12.686154137,2.346980223269144,0.05774976363818651,-0.2023720243527769,0.031182484206536895
12.720786491,2.3586589234274222,0.05929318863198488,-0.20144811644925853,0.03100948705095828
12.752936017000001,2.3672580090727373,0.060008494347290525,-0.20166435266735566,0.03075957202064525
12.786415275000001,2.382512791141305,0.061276551094668924,-0.20203675605222626,0.03019764757305808
12.820185494,2.3954724762038744,0.06104739091169148,-0.20190342158662672,0.029828579800206687
12.853401738,2.403866548346465,0.061133881195945594,-0.20213908663581304,0.029606156932012948
12.886504992,2.4108719798004374,0.06120494010183339,-0.20233018942792497,0.029450921040516498
12.919866755000001,2.425652861486019,0.061340554996221125,-0.1990840595001327,0.029056573713484468
12.953461328000001,2.4399636282860837,0.06751996966716675,-0.19992293009039158,0.028448459504728504
12.986499305,2.4538394457186667,0.07143400386832918,-0.20063789736306986,0.02785181579069461
13.020230627,2.4609713797240893,0.07344577104684999,-0.19818402764640025,0.027539949115493734
13.05286571,2.4786539663248353,0.07505827716730568,-0.1990024089473848,0.026898532286900853
13.088693765,2.4928955338690417,0.07679298456140726,-0.1996870775251431,0.026427147870472276
13.119861718000001,2.5008314513415395,0.07775704191940519,-0.20052062738063492,0.026199974173347837
13.152991835000002,2.5173715655859414,0.0808477042456289,-0.20088355825707088,0.025744754608938436
13.187649382,2.5314522976960414,0.08334975683804977,-0.20115253391788057,0.025593435911173995
13.220327379,2.539152218118939,0.08471868256478346,-0.2019617819178231,0.025556646488970713
13.254572831,2.5549700223922995,0.08753525085407432,-0.20225148278774513,0.025489428077022577
13.287149701,2.5671585615600883,0.08878010754763566,-0.20288904685784181,0.02569950380765018
13.319767762000001,2.574148242822862,0.08977566338514995,-0.20355349582136595,0.025954379571484484
13.353018452,2.589199863169896,0.09192303212682532,-0.20407024854445582,0.026602785597446665
13.387334703,2.604100211808356,0.09596902621202427,-0.20448939434722746,0.02690674501907872
13.420653952,2.611724758364985,0.09767845113845613,-0.20467785580586645,0.027109013356909184
13.454629085,2.6273835768569738,0.1011988615499329,-0.2051439315991827,0.027466955651539643
13.486450451000001,2.64591748499225,0.10532280409973613,-0.2056157360905973,0.027654020626687953
13.519506210000001,2.6547210022055316,0.10731142024743695,-0.20549194437242346,0.027816171973131354
13.552891480000001,2.6728104644269544,0.11140754716846857,-0.2059909267306182,0.02825616799467355
13.587362309000001,2.6918488142121544,0.115736207790986,-0.20652292863891902,0.028855587492047072
13.619945636,2.6944830332291745,0.1152090042765804,-0.20689715502139927,0.029034597622537003
13.653178779000001,2.7101979473617335,0.11813000973456372,-0.20731998466851354,0.029452915396477736
13.687177766000001,2.726721490178335,0.12121092102006778,-0.20776262821411273,0.029932570437486636
13.724076813000002,2.734504991697818,0.12309756990736978,-0.2060107239547363,0.030042897923173467
13.753303345,2.751412794851007,0.12657754174673655,-0.20669482259669314,0.030534744841822267
13.786344763,2.7679557081634423,0.129993943949787,-0.2073545724398171,0.030991328829425666
13.819966413000001,2.7807870560550003,0.12959575034744442,-0.20771973540339467,0.031021752647387463
13.853728715,2.7939491088376083,0.1307914535794494,-0.2083785468212791,0.03105944271405381
13.886985665000001,2.811291647838416,0.13235962942124893,-0.20925318915522867,0.03067993446128983
13.920536094000001,2.8188672446405056,0.13579876809212413,-0.20924551237646916,0.030405761321817132
13.953705899000001,2.8299135936577935,0.13853537545746897,-0.2087682617414247,0.029776769082000318
13.986461709,2.8371311094905374,0.1403266267876518,-0.20845054578881161,0.029443188769195924
14.021032297000001,2.850893989108994,0.1437407238180399,-0.21101600697492806,0.029058903170366968
14.055215476,2.864337329594637,0.14707673355833337,-0.21039599126474035,0.02846549630577444
14.086316963000002,2.878149998924777,0.150504845068698,-0.20973767648820685,0.028001317152720223
14.120306762,2.8854106920484335,0.15230765187462192,-0.20881239932814172,0.027790039850375425
14.154521168,2.903823416820043,0.1539023088737803,-0.20907904080431522,0.027247768114511572
14.186776246,2.919327229501289,0.1567699843581847,-0.20878328325973616,0.026691714017621923
14.219732632000001,2.927481333698076,0.15827165965907267,-0.21189999357860673,0.025952784222829067
14.254521568000001,2.9381831799695246,0.1616938242656607,-0.21052230507414993,0.02289064623970251
14.286240366000001,2.9517490182621655,0.16512387286280408,-0.20920235799782733,0.01644836083148382
14.319759587,2.9574400385406605,0.16652889845191277,-0.21009157871333273,0.013000895972756749
14.355072872000001,2.9749315273140455,0.170107109580657,-0.21054368257026113,0.004745659299171021
14.386498196000002,2.9923893945176157,0.1737379900179164,-0.21072887711217436,-0.005337061205573895
14.419718305000002,2.9997247406159566,0.17519915671134317,-0.216153344481472,-0.00999351426004938
14.453601838,3.0156644863644515,0.17827197558064303,-0.21633410254573004,-0.02045790492906234
14.486160371,3.032086372853349,0.1812654910026284,-0.2165196285361385,-0.03177910192000204
14.520037288000001,3.040742429120113,0.1827641982644506,-0.22207616514118406,-0.03795505283044333
14.554446282,3.0584178733580356,0.18202509194056124,-0.2226019784689608,-0.04882999840345108
14.586534297,3.0766952186180774,0.18341362199351677,-0.22298896586376282,-0.056776887852263466
14.619996811,3.0839386190213545,0.18392007537825525,-0.22608517524582356,-0.059327781989661585
14.654030432,3.1022961040660135,0.18514797700316896,-0.22646904782027072,-0.0650430664234549
14.687058940000002,3.119399978926674,0.18389925995258197,-0.22867318340304366,-0.06911870233061458
14.720183075000001,3.1272065869081476,0.18385481966937978,-0.22868247553486598,-0.07074673747726569
14.753950931,3.1441496189873965,0.18371867319264606,-0.23002388302863164,-0.07396945913258167
14.786467062000002,3.1588249335805916,0.18382855966652234,-0.2304056088669722,-0.07657756501200065
14.822255962000002,3.1671583391443714,0.18380452802892996,-0.22906058175018484,-0.07724393789088026
14.853112379,3.1826549533733846,0.18374271093272518,-0.22977755407507494,-0.07815481378467885
14.886871610000002,3.1976313879407545,0.18524362763761798,-0.22938552953668445,-0.07924009892000373
14.91947477,3.2057167749114757,0.18567605432660894,-0.22295368095618712,-0.08005884465034983
14.954304809000002,3.22074454309621,0.18645611311130375,-0.2228925403244395,-0.0821309736146416
14.986044211000001,3.24001284458669,0.17987483486415695,-0.22443917080241554,-0.08565782542518367
15.021963416,3.247729047029861,0.17805121478824001,-0.2208176196509558,-0.08729467120917313
15.053331497,3.2648890998851683,0.17393223736987387,-0.22195216444572868,-0.09123683849735591
15.085950862,3.278341752627595,0.17131614690192504,-0.22125741373981034,-0.09560301756069305
15.119641938000001,3.284667724696113,0.16994798579290718,-0.22101040602667055,-0.09762242735160599
15.153800930000001,3.298375198452717,0.1669257485384653,-0.22068798063758627,-0.10185582807143549
15.187146029,3.3124345271311126,0.1637355903205473,-0.22035770101161783,-0.10639740428913404
15.219800772000001,3.3173356912166065,0.16492013485263696,-0.223551316440739,-0.10863147894311799
15.254246983000002,3.329663183271442,0.16333182000953342,-0.2226308144372281,-0.11285912411566386
15.286264904000001,3.3423034709203674,0.16163694806820617,-0.22168157814578104,-0.11683568484555455
15.320065064000001,3.3587538824557845,0.15692766213527698,-0.22826779934804886,-0.11986682308251768
15.352960697,3.3712478171749205,0.15392622948188542,-0.2281469173847575,-0.12259202935583254
15.387603955000001,3.3802410940098406,0.15173770256922653,-0.22806465503954848,-0.12436703058189956
15.420504146,3.3957610466568036,0.1456288349650877,-0.23055948401471,-0.12775642681912336
15.455280705000002,3.4110729267327984,0.13981899722887015,-0.23074419879491537,-0.13086794283442238
15.48617188,3.4271795982468136,0.13361062128330925,-0.2309520656341204,-0.1339105589085468
15.51986063,3.4350383246714555,0.130542115878148,-0.23136634109921428,-0.1354246216813167
15.553417068000002,3.453895156632549,0.12247062833355038,-0.2315929842932255,-0.13773641368633477
15.586662999000001,3.4712641913236957,0.11520420588800986,-0.2318372082810714,-0.13896512778408315
15.621609404,3.4799620589225153,0.11154818622111928,-0.23350983551720933,-0.1389913463393055
15.655140862000001,3.4939020368728544,0.10784129153843613,-0.23305633823361788,-0.13570439893008984
15.686702398000001,3.5110038362155014,0.10232497327004492,-0.23271944519515153,-0.12545849915196955
15.719995183000002,3.517644564720573,0.10026591161872439,-0.2363139593079272,-0.11909682188102404
15.754019398,3.5329417773104694,0.09566423360928694,-0.23599756041398745,-0.10200131988620113
15.786159462,3.5487491228840646,0.09121564105994973,-0.23565156028363832,-0.08035989999449723
15.820542000000001,3.5570984703563013,0.08901449953906498,-0.2332189636539977,-0.06750780975466598
15.855157576000002,3.572705160600143,0.08520319754336209,-0.2328327300929245,-0.04123681649395296
15.887622463000001,3.58884687154403,0.08169334762294739,-0.2324008937021853,-0.011524424477459952
15.920415373,3.597383432120659,0.08004854145691648,-0.2333071330375761,0.005243753162553308
15.953044815,3.6133170288726695,0.07732104153304159,-0.23284323031936738,0.03668166416874419
15.987104346,3.620080958819076,0.08138707872764794,-0.23348813241956123,0.06882163701997078
16.020087325000002,3.6286433779482596,0.08091015187430378,-0.23146293960157616,0.08516793338178362
16.053766828,3.6415117575008966,0.08041958518528886,-0.2312730962930507,0.10772763152683094
16.091465395,3.6562970106939487,0.07623171883719204,-0.2311552992451575,0.13061481104677505
16.119539613,3.6622126648546476,0.07531916443621811,-0.23467176493169173,0.13840874847163143
16.152781618000002,3.6761435194665095,0.07326843269157451,-0.2345370525987363,0.1552983035021942
16.186169612,3.693760100219341,0.07170850273519574,-0.2341118716197645,0.16793173100903536
16.220035486,3.700817536414583,0.07102792908846067,-0.237287389488622,0.17109379506215117
16.253589481000002,3.7161213650066593,0.06957975221159357,-0.2369737507559983,0.17612852680464997
16.28885963,3.7305574171769793,0.06893902696268395,-0.23619674535659274,0.17816440473256812
16.319520339,3.737218396774792,0.06850758502937493,-0.2419738689246691,0.17800511796770735
16.353512231,3.7489515057713176,0.06772259357536442,-0.24138170217132549,0.17700540420375652
16.386786127,3.7623696072554784,0.06679584912556369,-0.24068389883396285,0.1753828520573797
16.42087894,3.768818710419159,0.06728906977569926,-0.24753000261162023,0.17443448737831924
16.452948858000003,3.781498090449198,0.06694488382870062,-0.24659260509056669,0.17218698477843963
16.487333436,3.7945062443000688,0.06654389451896014,-0.24559593853527106,0.16983445799058702
16.522216317,3.800303567746532,0.06949493657491473,-0.25152309188578487,0.16844672674892047
16.553091668,3.811719085457818,0.07109365282871039,-0.2507214602085534,0.16613086183452808
16.586339436,3.8246343682410773,0.07288059319009138,-0.2497731352273141,0.16393309939198764
16.619749409,3.834224671338385,0.07414423429710681,-0.2458121819920121,0.16269803440720043
16.65304751,3.8435826447876806,0.075384344951611,-0.24533676386547631,0.16134545015886514
16.686477341,3.8572281200146543,0.07719080015019536,-0.2446165873363877,0.15990885224567464
16.719887605,3.8620395033556307,0.0767035208880012,-0.23375172336522193,0.15948738246552585
16.754883046,3.870879247950276,0.07700717331951434,-0.23288940529612007,0.1601818729555142
16.78600037,3.8821775548490502,0.07740779174876045,-0.23174365102956207,0.16276461144131057
16.819578527,3.886629956594324,0.07757450177960373,-0.2266587124804738,0.1643509747033094
16.853139035,3.897447021027041,0.08086148833666601,-0.22547122270992054,0.16835143010399678
16.886637727,3.9088382087384814,0.08309057953241905,-0.22414937549309277,0.1729256543307218
16.920726315,3.9133266678631777,0.08400731142791862,-0.22153840344965364,0.1766537852191501
16.9532287,3.921458359073569,0.08623035575826282,-0.22046400025477692,0.18974210700454108
16.986425721,3.931027640551208,0.08875298708248808,-0.2191981410893345,0.2107030681817399
17.020545143,3.9354422138446163,0.09002923339978097,-0.2206455152463171,0.2256644492246478
17.054120898,3.9420763980789912,0.09328533660242094,-0.2191518460097705,0.26914614477301324
17.086976094,3.946579954321311,0.09548175269381576,-0.2182081144690482,0.3021422563510505
17.119909024000002,3.9495820359980534,0.09703322844897289,-0.2175516909380713,0.32658886099824835
17.153589977,3.9547852390422262,0.09962591789494851,-0.21645195307798165,0.3878557378448573
17.189965986,3.9584277598438904,0.10166543408476825,-0.21572009178096846,0.43512491871073683
17.220300404,3.9605520085606813,0.1029524899042481,-0.2174513500557393,0.4647944616726902
17.253429998,3.9651842062110916,0.10631375741951204,-0.2163466431380971,0.5338371363435951
17.286145705000003,3.9685230062846406,0.10910873032173296,-0.21548508754712137,0.5888145767416462
17.320188938,3.970639589132402,0.11098969554352867,-0.22093678550845441,0.6256996270236445
17.353624688,3.9738340165761366,0.11419588914775425,-0.22001316784701702,0.6853870002031801
17.386346422000003,3.9772917073758682,0.11933820639132098,-0.21871846129552752,0.7499466000063224
17.42018689,3.9787778779094922,0.12162827862656272,-0.21413736406627576,0.7821313283585295
17.453582584,3.9815308811118637,0.126293234192573,-0.2129575146674838,0.8462007550752738
17.486314412000002,3.9841235881836248,0.13140219572620893,-0.21169825915359475,0.9141039611621736
17.521592063,3.9884663541341636,0.13670436353866344,-0.21254494813392533,0.9392662459464188
17.553022291,3.99209775109611,0.14403087838171008,-0.2116680449915423,1.0037100285247724
17.586484175000002,3.996784557735582,0.15137591853595472,-0.21101652917733138,1.0690110701766733
17.623562549000003,3.9984670989178595,0.15444172821531238,-0.2127931356862242,1.0938574799474015
17.653316459000003,4.002349797319564,0.16207510416109933,-0.21222520282162893,1.1508377468219952
17.686164776000002,4.006416756478617,0.17097381959264923,-0.21132269058159492,1.1972085308876308
17.72309198,4.0078798629772745,0.17464864982649714,-0.24891758656451002,1.2128576483312938
17.753361872000003,4.011153504262107,0.18347847086612437,-0.2481358434379181,1.2487082008487906
17.78634917,4.014259235728631,0.19282126242030187,-0.2473910893240987,1.2820166002671445
17.819768800000002,4.015549925227796,0.20061656873679906,-0.244272252255121,1.2954600001057155
17.852921943000002,4.0175612286428,0.2115921617522518,-0.24355117098527845,1.3183618793209964
17.886123979,4.019459996759859,0.22356151343379163,-0.2428532671218912,1.3407401604425961
17.920262457,4.021960156902529,0.23143128448769895,-0.23473449052857198,1.3573579495620471
17.95325048,4.024006382858204,0.24162499947646673,-0.23440186311442562,1.3823008896302624
17.986632658,4.026161440141451,0.25419178812280085,-0.23404300986745907,1.4160884573483794
18.019950211,4.027174545009887,0.2614274203494441,-0.2207735755850272,1.4368402955448987
18.053844041,4.028526514340525,0.27315891851512,-0.22048267971101143,1.4713116908557282
18.087348276,4.029535275403724,0.28589392478566933,-0.22019455746372674,1.5097946706828536
18.120163423,4.029820943250591,0.2922398487441157,-0.20799729568963227,1.5294169569375062
18.153276885,4.0300942290233825,0.30501375877349046,-0.20769742051038909,1.5681525307197097
18.186397142,4.029894031487908,0.31873801862880835,-0.20738865932422568,1.6049498543763205
18.220138574,4.02966309776407,0.3241391356000774,-0.20403619327306388,1.615769914074791
18.253345682000003,4.030352018526865,0.3398488353130418,-0.2007604610388382,1.6378026634178653
18.286402402,4.029562642596528,0.3543550069082397,-0.1993678146415444,1.6570712018808258
18.319588091,4.029170911767872,0.3601005206601944,-0.20255997129351472,1.663386099966786
18.353578885,4.027901646632384,0.3729172066393441,-0.20180093802985116,1.6770936244381525
18.386192664000003,4.026500206904424,0.38688556055297463,-0.20087186892214154,1.689753013915379
18.420719062,4.0259029565264255,0.39241277078137765,-0.2031636607289053,1.6934145465489114
18.453674522,4.022724090015477,0.4059526826415416,-0.20221170652255083,1.700992947046402
18.488487587,4.020062442812137,0.41791854176489857,-0.20139247152170936,1.7057323220762048
18.519744642000003,4.018620824517447,0.42425523130960097,-0.20255945342646126,1.7074695707958247
18.554470056,4.016126085422962,0.438749068243686,-0.20169976269288947,1.7105828978237207
18.588214253,4.015274770973843,0.4437542599975532,-0.20142331092244226,1.711128767930675
18.620398427,4.0130937809013565,0.4563216291321694,-0.20329598516711478,1.7122398718232246
18.653904753000003,4.010326479238308,0.47023520666466867,-0.20248199618466906,1.71266884908344
18.689434798,4.007767860380943,0.4830412022590978,-0.20173528915528977,1.7123067708529007
18.719863755000002,4.006684844480501,0.48849951746648496,-0.19749993233900492,1.7118939784129097
18.753422055,4.003653367452574,0.5024300172428665,-0.1965736187213828,1.7106764491328876
18.788100252,4.002486123508725,0.5079968250660748,-0.19620354458187556,1.7100469188078347
18.820438844,4.000089645824674,0.5194412187599152,-0.19328202275100936,1.7085130125316061
18.853827986000002,3.9974971100423318,0.5318275070879251,-0.19243724218172048,1.706829756950289
18.888374035000002,3.994472412977917,0.5425781455640528,-0.19261218203928349,1.7058207962759226
18.919873372,3.9907942207108436,0.5561887407173779,-0.18963086270243334,1.7039235634599874
18.953192791000003,3.986757742728177,0.5711364757055748,-0.18933519504573756,1.702204932788702
18.986318521,3.984731747614561,0.5853544778188535,-0.18929957896786676,1.7004044346825038
19.020077137,3.9832964097139265,0.5937466903155354,-0.18563653144697193,1.6996076542081209
19.053508226,3.981003392160048,0.6072793754888326,-0.18553751861691653,1.6985110581850529
19.087162574,3.9770741808515075,0.6205255199518207,-0.185860339428492,1.697108669352145
19.120902715,3.9754632871447666,0.6267603978054707,-0.18514924164062413,1.6962243078506047
19.153311838,3.9721030439779335,0.6399030193610014,-0.18539965519209867,1.6913394356547846
19.186436348,3.969000127972537,0.6528877095184158,-0.18495774172732454,1.680337301810991
19.221345289000002,3.967708834866012,0.658710308796358,-0.1857768244447208,1.6739889428396142
19.253249582000002,3.96499155039122,0.6713743239856445,-0.18541085486660064,1.658623693017562
19.28661241,3.963022773329703,0.6860360757489412,-0.18616731211408039,1.6450841031527594
19.320025975,3.9616803056318872,0.6950584362406286,-0.18737950815327944,1.638461749079324
19.352974663,3.9599035497253814,0.7077136221996628,-0.18793304577214545,1.6298530428821996
19.387015453,3.9579572655315993,0.7222078402993435,-0.18857062158385124,1.6225491377872725
19.420374515000002,3.9567424000189373,0.7293673874347719,-0.1935290074895496,1.619274795584702
19.453110431000002,3.9549281872902218,0.7427102391795891,-0.1938760024605563,1.6137981906825478
19.486878494000003,3.953081493669843,0.7567328657996554,-0.19421878504878598,1.608953099619361
19.520499517,3.9514963530025513,0.768752956018969,-0.17953328266133142,1.6051405637197813
19.555037059,3.9504247865796054,0.7773722550028515,-0.18007992829412214,1.6023130921994857
19.586255467,3.9486426443458256,0.7922794194266705,-0.18101248732616992,1.5937588684452715
19.620401265,3.948007657008413,0.798180709954487,-0.1762420593539823,1.5875789755570018
19.653559123,3.9457021879114973,0.8124798065804903,-0.1768727493600583,1.5694122803815331
19.686474115000003,3.94384059752207,0.8277116278379966,-0.17761332358606866,1.5453430379913675
19.720726324,3.9432388067808066,0.833758785603932,-0.1830672452057187,1.5349221770758141
19.753688399,3.9428669768609774,0.8462621031169408,-0.1838141140668034,1.5096377046998848
19.786458892000002,3.9426246444802113,0.8593598228468097,-0.18457373258303084,1.4835022238997135
19.819588770000003,3.9426325757312997,0.8659120001425312,-0.18563554882011252,1.4710597969983237
19.854133944,3.9392758316332768,0.8807343761030789,-0.186502199101867,1.4421579796688864
19.888108933,3.937616597368909,0.8909820943354806,-0.18712256805024038,1.4232444270500437
19.920370038,3.9366899207856396,0.8972528970654924,-0.18775367572492052,1.4117416228851543
19.953246696,3.9349967826197774,0.9098198020788513,-0.18854356529478472,1.3891823602787716
19.986251562,3.9326653382528964,0.9200703854569041,-0.1893947962475626,1.3647037714532766
20.019785223,3.9318449321855744,0.925739830719893,-0.19148064943189097,1.3511915666620666
20.053017539000003,3.9303785731010956,0.9370998036704472,-0.19234155770635203,1.322858970625827
20.086571467000002,3.93261313674273,0.9533374377006276,-0.19340313739098897,1.2947296299982718
20.119960896000002,3.9331041909176028,0.9592769560497711,-0.19670569103187313,1.2864523806082215
20.153731192000002,3.934381090661331,0.9732479059761268,-0.19769589916681612,1.2699170348726643
20.186686934,3.9346921148894562,0.9879113445473435,-0.1984814064878933,1.2553525843256619
20.221561212,3.9349461230572023,0.9933664504578237,-0.20199810020625247,1.2506422202638303
20.253121160000003,3.935681461498294,1.007352603840327,-0.20278831590604124,1.2393880633045187
20.286622461,3.938575252184852,1.022188286187876,-0.2039825489148825,1.2296530372684555
20.32042612,3.9397261990319974,1.028490172332528,-0.18843629488787675,1.2260064686784504
20.353204323,3.942484772573948,1.0431953690025237,-0.1896144535519481,1.2184879662318502
20.386471219,3.945244302998983,1.0575445749411347,-0.19078482011775214,1.2150877462196847
20.420055462,3.9434236873669146,1.066540673240918,-0.18319575534887775,1.2142396556135575
20.453359865000003,3.9438147110662407,1.081511948176499,-0.18357282784400514,1.2135798147187753
20.486111129,3.9441972485384653,1.0968579361320012,-0.18398162724233588,1.2135314196710614
20.519652286000003,3.944380092936377,1.1045443291968824,-0.18091588496158434,1.2137003752820705
20.552627736,3.944720071111125,1.1199296409242,-0.1813731426920679,1.214321457517719
20.586479443,3.944876977617687,1.1276337013504694,-0.18161530540232607,1.2146031829557709
20.619802353,3.9451656947392912,1.1430627470711714,-0.1845434429553717,1.2153713399941621
20.65297958,3.9454168075184466,1.158518367673805,-0.18508855331450164,1.2164227117378361
20.686083215,3.945625829145003,1.1740037552202707,-0.18565988716345844,1.2176288251820708
20.719638873,3.945715605925074,1.1817615222452207,-0.18756122541465026,1.2183352597827615
20.753064106,3.9458581823112873,1.1972889034249374,-0.18818081923101015,1.2197378071429057
20.786018439000003,3.9459562835620035,1.2128448908584193,-0.18882312617906288,1.2210867022373066
20.819717670000003,3.94599536192226,1.2206512369393474,-0.19134106268338177,1.2217848788046952
20.853060243,3.9640763532581644,1.2274209443041888,-0.19194007910127825,1.2226800543082963
20.886309212,3.9658133034944014,1.2348093411844394,-0.19229225614321,1.2230590598149007
20.919700672,3.9690337334040717,1.2485445407270348,-0.1945901563991136,1.2237570219889855
20.953222356,3.972331361057679,1.2626467125146041,-0.1952899464387886,1.2242376046062309
20.988035459000002,3.975625957573655,1.2767662252792678,-0.196000486347099,1.22457546425641
21.019733781000003,3.9772711954362268,1.2838323495465758,-0.19669964319381328,1.224817362855896
21.053223456,3.9805594791016614,1.2979758675469641,-0.19742877751694388,1.2254712349103745
21.086455783,3.978720091418517,1.3073342234194791,-0.19585895325727237,1.2257609304504307
21.119705887000002,3.979591502533467,1.313669212333743,-0.19686506879262428,1.2259626286281324
21.152987504000002,3.981323308610161,1.3263415581889615,-0.19675756429999752,1.2264544278391085
21.186559232,3.98316818665372,1.3399675361205883,-0.19663215173867266,1.2270627910013339
21.219596834,3.9838895770326435,1.3453562614268157,-0.19741023606642716,1.2272765694181538
21.253606641,3.9855791638517046,1.3580361784230464,-0.19728114493453303,1.227682825284627
21.288007030000003,3.987249881793048,1.3707200651300773,-0.1971344579379612,1.2282580655707631
21.319961130000003,3.9882855513161672,1.378658678650007,-0.20115099796959812,1.2288409967831966
21.353584269000002,3.989692922020305,1.3897661166823236,-0.20100776736996462,1.2311731084522146
21.386550271,3.9912356253613614,1.4024701565200903,-0.20082577123668355,1.236935021910879
21.420347279,3.99196463294794,1.4088419205305052,-0.203041240849069,1.2413620611359197
21.454235509,3.9933008567731836,1.4215723325890128,-0.20284543545679723,1.2536546985238974
21.48689826,3.9945184449770523,1.435282801314739,-0.20261644778196652,1.2727312580062389
21.520420231000003,3.994872487603556,1.4406807033978162,-0.19976229171309462,1.282117888154717
21.55291945,3.994680069494944,1.464929498084247,-0.20129981963484994,1.3060554079007771
21.58591253,3.994765395559791,1.4796204358659735,-0.20149783926272535,1.33237304843778
21.619577298000003,3.994637401399919,1.4869740449295765,-0.20216125303108545,1.3464084791564968
21.653504232000003,3.993645676917536,1.5021905096427917,-0.20213323977389464,1.3813164150043256
21.688288657,3.9927043705276306,1.512753340662523,-0.2021100051966977,1.4064834182206836
21.719538513,3.991986309202442,1.5192823155053663,-0.20339771185059008,1.422588888000811
21.753187920000002,3.990866254596908,1.5325408993284357,-0.2035028464305942,1.4554689957295832
21.786327989,3.9892250567879395,1.5457731848609995,-0.20360752296571127,1.4891690795725676
21.819636403,3.988212638097376,1.5523666340185884,-0.2048171114898315,1.5063449656053736
21.852867906,3.9858847871793155,1.565504223275271,-0.20491299409748376,1.5410790765590603
21.8898018,3.9871290067193677,1.5790558128647656,-0.20489955902108448,1.5765109216602673
21.919784377000003,3.9865421846669524,1.5857657476443452,-0.2057005989057789,1.5946265089597615
21.953089928,3.985071117659144,1.599157032005233,-0.20571796068503467,1.6309915151663876
21.986131328000003,3.983375057261887,1.6139724819728642,-0.20572272984270829,1.6675997800512865
22.019540649,3.982451402283656,1.6197555481286012,-0.2086465806025553,1.6827363162912747
22.052669919000003,3.9799942346854325,1.6333184614305682,-0.2085997401541237,1.7216899878181555
22.086459140000002,3.9767256108985474,1.6477906730322855,-0.2084971185807155,1.7719071543197689
22.121092489000002,3.975154466778188,1.6534571344575546,-0.2138575068818463,1.7942212812214204
22.153264073000003,3.971087167597723,1.6666755810076412,-0.21365265409858458,1.8489186432812008
22.186787679000002,3.966284930982017,1.6796645190298702,-0.21336321810461994,1.9071513913584575
22.220399415000003,3.967277884977031,1.6690705985736862,-0.21352621378823328,1.9375849803376084
22.254840448000003,3.96377127829953,1.6756852034855807,-0.21329640106751246,1.9999834673425159
22.288239136,3.959895504090514,1.6820373710814924,-0.21302096258103798,2.064183582748305
22.319750036000002,3.9582734530923136,1.6835979654084212,-0.21478059033599034,2.110066410386402
22.353298619,3.9557431052723833,1.6867499546657727,-0.21409879302449691,2.1640425379453396
22.386974579,3.952459604854665,1.690469120623184,-0.2132056280797064,2.2324140535987156
22.420082894,3.9488396709511635,1.6933934446565115,-0.21486300493058097,2.297357384587878
22.45451029,3.946572934567477,1.695031290969536,-0.21414504994568623,2.33771600872387
22.486065263,3.9425914392606747,1.6977194596621608,-0.21282297289471858,2.409041078786247
22.520141851,3.938920046196894,1.6996724059308652,-0.215311882970536,2.4715364937092708
22.555285991,3.936179079373517,1.700910358458589,-0.21447677367013296,2.516224266152909
22.586042317,3.9318845768018846,1.7026458441741597,-0.21312367088123924,2.5839042900580793
22.620213134,3.9297210890092256,1.7033822851569527,-0.21216702373210927,2.61579440141222
22.653154133,3.9241479524585126,1.7084774590546634,-0.21137155826868603,2.675152709973549
22.685968712,3.9180663541356164,1.7122882098657803,-0.2103985320986262,2.731311169627716
22.719519997000003,3.9156135883425325,1.7136857766129816,-0.21312230584929176,2.7502726597986467
22.752882314,3.9089431682330242,1.7168364993341525,-0.21193480571632511,2.7897389836399693
22.786106681,3.9022906093439365,1.7196318772334505,-0.21081392680572658,2.8256005976000598
22.820277111000003,3.8989335996446073,1.7209370196139666,-0.21869277058404962,2.8418656898388344
22.853371149,3.8879784659330525,1.7231310040589627,-0.21739719889831355,2.871331710476902
22.886254378,3.877394311440242,1.724557096692649,-0.21618386367701364,2.894338272487623
22.919502758,3.87209281252178,1.7251737510286014,-0.21499438481024696,2.903167116421394
22.952627843000002,3.8614851374287555,1.7263045592359996,-0.2138869611284211,2.9178653510084995
22.98622869,3.8479371606909427,1.73211675774149,-0.21376134131349556,2.9289438141682904
23.020109923,3.8428416367714076,1.7335556863400927,-0.21032324569136762,2.932901465897917
23.053975214,3.830805804019587,1.7368691827119056,-0.21001488721112543,2.9432054189310906
23.086496169,3.8171025080981362,1.73712671676401,-0.20876107395786797,2.958099930298598
23.119475157,3.812220569357428,1.7375129091749335,-0.20756613185906597,2.9661571383692475
23.153128586,3.7999866333376198,1.7383123329511783,-0.20679131315135368,2.990657756040096
23.186000124000003,3.7867929107357994,1.7402175127223376,-0.2055747403123192,3.022367625676301
23.219972504,3.781549306353633,1.7406553162573308,-0.191806107606095,3.0362630230531416
23.252919735000003,3.7691333139440086,1.741453663553686,-0.19074850413138966,3.0705691177674455
23.287704823000002,3.755085814801346,1.742431121203016,-0.19037951027899205,3.106792798632613
23.319696904,3.747987493208977,1.7426546663045381,-0.18461049382791989,3.1221539219704297
23.353112688000003,3.736673384226809,1.7428062902921007,-0.18408534686816808,3.140567312020268
23.386241799,3.7237336244263783,1.7427534478698252,-0.18348860139963544,3.1578866653404365
23.422388252,3.7180872831619527,1.7435802957257625,-0.19204190672839921,3.1647816526649226
23.453522386000003,3.705607602149231,1.7438869409275433,-0.19149361162228762,3.176846912596009
23.487095496000002,3.693118543992194,1.7440692546436642,-0.1909586929880402,3.186591969319519
23.524428383,3.6858027609052346,1.743461924089025,-0.20003711442689454,3.1904805717041533
23.552967829,3.67197493803869,1.7428922192188012,-0.19979866992557682,3.1981420071193947
23.586069468,3.65745829526172,1.742197446594969,-0.1995805408524124,3.2046482980661644
23.621224626,3.650952765790296,1.742130273104772,-0.1958859979582861,3.206814012516128
23.65287547,3.636831929455199,1.7415124623108835,-0.19570208277072504,3.211382039501027
23.686351178000002,3.6216260458552383,1.7407622566248753,-0.19552942025031278,3.2171556307808817
23.72029483,3.6125473449265035,1.7394843743514687,-0.19596063719278678,3.2241070262534395
23.754305591,3.601765460506929,1.738353369495473,-0.19584441117490303,3.2345109636868212
23.786285244000002,3.586738168109444,1.7365498904631451,-0.19567527983919153,3.2540107552698334
23.820056366000003,3.578643112895443,1.7348215341441082,-0.19098234052074295,3.270194841302147
23.855259426,3.570145100806021,1.7332361606990938,-0.19088309931834327,3.287236670738191
23.886574902000003,3.564124025798826,1.7320336515336245,-0.19080005027070968,3.2994486083728574
23.919917539,3.5487283506069263,1.7288705665290824,-0.18102547249660522,3.326176055275978
23.95806436,3.5387856370257325,1.726611599630273,-0.18099655363662212,3.3384305856425494
23.986273842000003,3.5251227024126415,1.7233359044153265,-0.1809430840240149,3.3517824780527374
24.020322733,3.5139128850875023,1.721229154767295,-0.18553285110985596,3.3588979286843346
24.054228332,3.504439197676361,1.7191723200804268,-0.18601481700334382,3.364118701925342
24.086861218000003,3.4891892871271817,1.7157427749645484,-0.18678827702049,3.371158072982142
24.119831763,3.483152916976948,1.7143597351592201,-0.1925271405945977,3.3732467060690903
24.152806793,3.470012343296435,1.7098804289036327,-0.19283767594565587,3.3775109907600585
24.186269771000003,3.456575927397315,1.705785034687527,-0.1932934193829175,3.3809834203657023
24.219336884,3.449855645094884,1.7037156904938944,-0.19557851619034194,3.3825027867338173
24.252854392000003,3.436888465188704,1.701104003040458,-0.19620841501913733,3.3849306461095443
24.286116261,3.4237245515523846,1.6981774392092965,-0.1968404738942064,3.386975556946923
24.320311765000003,3.415497601662374,1.696333898645486,-0.193609061144558,3.3877454939881435
24.353625073,3.4039685124465597,1.6937669507773727,-0.1941839770801151,3.388314595265423
24.388817534,3.396824124519328,1.6910321658497502,-0.19417178952806785,3.3882181722219564
24.419973716,3.384920485006069,1.6877280764271518,-0.1989334825953576,3.3850291906858714
24.453286497,3.372025265515796,1.6842437685833396,-0.19934389422251342,3.375134434189417
24.488587415,3.356936666699485,1.6819387931000578,-0.20063941399368945,3.359235651160391
24.519686273,3.349791337498451,1.680653942215474,-0.2012748231454139,3.34936103386676
24.553264636,3.3354517686323724,1.678284300757211,-0.20226646246127555,3.3277783052591148
24.586343447,3.3210383597757915,1.6762430070838394,-0.20329118299293192,3.303456148718046
24.619865335,3.313804674846302,1.6753818997046541,-0.19959128684779925,3.290110958009665
24.654891378000002,3.2992881872285755,1.673916536702258,-0.20064774354035386,3.2621736421354233
24.689255578,3.2951097257265585,1.6719382091999668,-0.19950869266863014,3.236959056786711
24.721748812,3.2877664285827457,1.671245144849643,-0.19687263653129006,3.21656255157804
24.753425598000003,3.276362990893839,1.6703308427118402,-0.19705931564957746,3.1839899142836643
24.786565115000002,3.264457869255347,1.669397680491365,-0.19772616728755454,3.1491288861025613
24.822929616000003,3.2588737167903084,1.6691118405680823,-0.19904140339301507,3.1332384728054326
24.853139971,3.2472279114519282,1.66878129927984,-0.1996426576787083,3.1017653572289348
24.886481052,3.234705906452155,1.6688218144452693,-0.20026624614934257,3.065328961533482
24.921197903000003,3.2317817786582483,1.6680134841970995,-0.2022658274996748,3.052158035317282
24.953438721,3.221119144616065,1.6679200940215337,-0.20221644047033993,3.0204915045782244
24.986653723,3.21073533983189,1.6681155264803715,-0.20211447034946833,2.9914428377539446
25.019833788000003,3.2060274496841554,1.667088849099404,-0.20661689388657573,2.977900089227134
25.053261777000003,3.1971947920442263,1.6666650024442775,-0.20702357812580663,2.9628276306177677
25.0861732,3.187072798686891,1.6662669438203983,-0.20747919859069686,2.9531883889777895
25.120090735,3.1827895590369644,1.6661720014083268,-0.21681671813906384,2.951144890241161
25.153315916,3.1732181068635508,1.6658769200344974,-0.21719214081660848,2.949492999071408
25.1876387,3.1636237665657374,1.6655674081605631,-0.21756490190258654,2.9506736105857883
25.219465460000002,3.152671878244033,1.666274875233544,-0.21048972345513167,2.953310477197218
25.257698707000003,3.1466646835589946,1.6664143836657257,-0.2108511994047897,2.9555174953177428
25.286719746000003,3.1356862628176803,1.6666977720588108,-0.211534302183086,2.9599186682863827
25.319503301,3.128004278635757,1.666879930009317,-0.20705722878262706,2.9630592871779644
25.354880533000003,3.1166243564721103,1.666364514185226,-0.20745491976391578,2.9670717448135218
25.386226348,3.1040014068408563,1.6660123014854173,-0.20809278086731764,2.9721276650759556
25.419690055,3.0976913798881167,1.665806221324433,-0.21176082142684122,2.974444679270208
25.453598730000003,3.085068945933639,1.6653514945249936,-0.2124960301932481,2.979016247733531
25.489482822000003,3.071498478128818,1.6647959824007832,-0.21335252885123146,2.98363835746839
25.519792538,3.0661334503210873,1.664548748279313,-0.21791385608368385,2.9854205453438922
25.552801321,3.047736495791468,1.6657942609298977,-0.21745580243491852,2.9894260734920923
25.585968499000003,3.0329294547204557,1.6657561385697268,-0.2177525756019823,2.9931685262489793
25.620580057,3.0255169436971205,1.6657115726365634,-0.21729384213917557,2.995028825280336
25.654488206,3.0106768034252345,1.6655842414571655,-0.2176257115160124,2.9986859952416864
25.686212723,2.9963350792995627,1.6638057582472547,-0.2176914843053383,3.0023786444300953
25.719563394,2.9890296541709613,1.6633126966853435,-0.2142165690784678,3.0041594866964587
25.753699563,2.972029441755553,1.6626950181474127,-0.21433989359879924,3.007845353937448
25.788072391,2.966933411183515,1.6625113206765199,-0.21436965119709106,3.008840754509171
25.819938069000003,2.9527697220209443,1.6619809614449546,-0.2127340380620582,3.0114059744329094
25.853501754,2.938226295526712,1.66139674080331,-0.2128211888949006,3.0137952571021174
25.886389385,2.9217417646196737,1.6623023073401857,-0.21312480501400838,3.0158015784368306
25.921873595,2.9153189274641753,1.662421963516733,-0.21367028980721325,3.016441046146749
25.9535936,2.900188788607376,1.6626945293699575,-0.21389002241617666,3.0177564698612045
25.986442678000003,2.886332831058202,1.6618073072889992,-0.21316677907114417,3.018873781511666
26.020146233000002,2.8796115781641487,1.6614837915683758,-0.21218225250706746,3.019260453584443
26.053309866000003,2.865761366527806,1.6608049545970494,-0.2115276992614672,3.020282439290704
26.0865352,2.8521438522953537,1.6593661684942884,-0.21093243346476498,3.0210889668603187
26.119584916,2.845322854138203,1.6587068175147832,-0.20879991260908504,3.021355243315094
26.153203060000003,2.831674960945116,1.657373646727987,-0.20814336582523835,3.021705791231808
26.186470936000003,2.816550955277444,1.6578633992980234,-0.20830480338378593,3.021906325156186
26.219605392000002,2.8105771363933485,1.6578930198721376,-0.20988673228224036,3.0219849338877403
26.253315297,2.796511396036224,1.6579628887319073,-0.20988119741325822,3.0222788448080014
26.286707333000003,2.782430103348884,1.6580276332427752,-0.2098524284405931,3.022622062822978
26.319854185,2.7761662874933686,1.6580819849102242,-0.20789375532096344,3.0227667578380366
26.35359511,2.7651780156984067,1.6581864052572577,-0.2075675224276186,3.0228342612756123
26.386203645000002,2.752618367356769,1.6583065761682667,-0.20716876549756658,3.022442717792904
26.419748432000002,2.746339255208068,1.6583685980516738,-0.2029790688180504,3.0222485100224787
26.452979444,2.733780084538574,1.6584927806116943,-0.20253196481449637,3.0219798355280574
26.486326549,2.7202786336700786,1.6586270638535192,-0.20201990751648585,3.0218668260565718
26.519178755000002,2.7099503202977133,1.6551007175542323,-0.20645422607685232,3.0217931450858178
26.553482155,2.7005338560520515,1.6541854507609413,-0.20625859764725035,3.021810190365036
26.586175665000003,2.6864515409484757,1.6528043125789813,-0.20595051028183298,3.0220441790278123
26.620979734000002,2.6797074345770078,1.6484187059658335,-0.20493618679545783,3.0222772733512144
26.653081161000003,2.6736705115360797,1.645949390195498,-0.20469190515389513,3.0224572044399602
26.686338187,2.6631909086513876,1.6416183691339779,-0.20426423484022488,3.022905945091244
26.719942302000003,2.6590556933135265,1.639890513643767,-0.20569303186043936,3.0231634303736517
26.753178207,2.6443984940928824,1.6429054329150747,-0.20645178061491992,3.023839516285218
26.788027829,2.631600990150687,1.6429788949341915,-0.20686658127870133,3.024350313156618
26.819632111,2.6252016368325943,1.6430140957464954,-0.20602526192754284,3.0245280086212283
26.853284041000002,2.614919995693998,1.6419143955896998,-0.20578289612108497,3.0247818835150655
26.886414544,2.6038427168070046,1.6412440806381663,-0.2056785817674628,3.0249560661400423
26.920016046,2.598308303111657,1.6409049484408216,-0.20708376778515974,3.025048319264682
26.953884210000002,2.582437065788037,1.6421681175109288,-0.20775993382350694,3.0251757596784827
26.987787681,2.5669757570543785,1.64274956672884,-0.20831993615269517,3.025401759381751
27.021196118000002,2.5608580669336662,1.6429798033422038,-0.2076841107272137,3.025505544390448
27.053722423,2.5464522768638806,1.6435215142134219,-0.20822861945395943,3.0257704745062464
27.086899351000003,2.53202898284516,1.6440626082305463,-0.20879143863861654,3.0262933308743243
27.119916772000003,2.5248106968402992,1.644332516630869,-0.2095680582912144,3.02642158113672
27.152735873,2.5122030933256347,1.6435484869799266,-0.20969878688442772,3.0262070837116166
27.186436681,2.498417487708293,1.6436834323986016,-0.21008635686457683,3.021952552813823
27.21951782,2.491521006918579,1.6437990005063505,-0.2077194630754201,3.016107840705642
27.253152947,2.4777222469981868,1.6441565518853307,-0.20812826474545687,3.001092028721974
27.286199980000003,2.462883088844312,1.6447627802901086,-0.20859170526812187,2.9818726841073886
27.319778974000002,2.4552916491423775,1.645161231153561,-0.20877143688630018,2.973640127139232
27.352919181,2.443216972827299,1.6459193877824965,-0.209188380701277,2.9649340411139065
27.386792003,2.438104294940461,1.6386816711958518,-0.20615516576800008,2.956650398456042
27.420854832000003,2.43347100503326,1.6380421154950366,-0.21431414927493714,2.9539312501624715
27.45316361,2.422579626889258,1.6365623263720523,-0.2134893452585504,2.9482904560620327
27.486369292000003,2.406793719498784,1.6377457900498524,-0.2138898656802743,2.943281267033174
27.519789882,2.399652469704159,1.6379153252353953,-0.2147520359702797,2.9410777338100633
27.553020738,2.3853606395874625,1.6382863997437247,-0.21480913299795845,2.9367302566342923
27.586407824000002,2.3699796772376147,1.6387310997925009,-0.2148524142826519,2.9338582658342016
27.621647615,2.3653363696855414,1.6387536501668298,-0.19822953034207208,2.9328784762434825
27.655451307000003,2.351327709529741,1.639148786165237,-0.19833275626725316,2.928888739502244
27.686047532000003,2.3376506904155714,1.6395946952297022,-0.19842491625126812,2.9239276451194236
27.719934125,2.332425708548559,1.639530481406399,-0.20233653943855218,2.920675075852049
27.753032441000002,2.3193349682294895,1.6399042862644488,-0.20242934066205281,2.9123652747315854
27.785999367000002,2.3065636689135984,1.6403740066428385,-0.20252213477492487,2.903327727838106
27.819915269000003,2.2973754213401087,1.6402804442837122,-0.21091151792011748,2.898381511569556
27.855084103000003,2.2826447251622017,1.6406522283909433,-0.21121863404807978,2.888109777158899
27.886013220000002,2.267897377633126,1.6411786232821193,-0.21153918628303953,2.876650577525388
27.920608023000003,2.258464926427999,1.6380205621170996,-0.21567883810342575,2.8631595757048274
27.953007342000003,2.251449272276056,1.6370776409916004,-0.2160018243816823,2.853729002338854
27.986576231,2.2393812470027843,1.6355035827045017,-0.2165833455653864,2.8392646656117773
28.020000679000002,2.2333400154116174,1.6347676132533315,-0.22045263840975043,2.834165617241055
28.053341954,2.2183910908667155,1.6367122372634761,-0.22006216229555292,2.8259040958149626
28.086880203000003,2.203469728986441,1.6375104774693607,-0.21992760776292197,2.8192121720654004
28.12121179,2.197569244543466,1.637847488356803,-0.22910417947659256,2.817138359867176
28.153517014000002,2.1842982964895223,1.6420465722508641,-0.22969148935774486,2.8125273506394164
28.186036419,2.1708144018325837,1.6452147506677168,-0.23012321431094546,2.808695783204369
28.219584516,2.1640734177319985,1.6468237363649842,-0.22787505714480288,2.806941508959542
28.253185259000002,2.1501309910849806,1.6491411598975032,-0.22797441019699255,2.8038071470128703
28.286848211000002,2.137640446647472,1.6514593297152087,-0.228081161919993,2.802331010339204
28.319791326,2.129356004538778,1.6530098554144979,-0.22413002565277695,2.80169455871821
28.352840079000003,2.1162951093036053,1.6547986435774946,-0.2241739756062876,2.8013434209436623
28.387196882,2.1021002809582514,1.6568810084084804,-0.22421598637075552,2.8012822150452
28.419798463000003,2.094895351408273,1.6579322281030815,-0.22086497529604193,2.8015510320344963
28.453186462,2.080471532976767,1.659989204428525,-0.22089540632356625,2.8050436591525423
28.486309458,2.0683264857458448,1.6606414196985875,-0.2213234336410147,2.815493043876492
28.520489289,2.061707106639229,1.6611943507792213,-0.22039759896387645,2.8235086276562997
28.556492310000003,2.048450508247806,1.6621270307772258,-0.2206597768335904,2.843054696539417
28.587586892,2.0356717914182734,1.661270386980164,-0.2193957516116153,2.8707687099015615
28.619772607,2.0303835867952076,1.661030888359422,-0.21181795998502567,2.8838377277340648
28.65332785,2.017958997670969,1.6602605894468978,-0.21110155823822452,2.9166553163417994
28.686229975000003,2.006652336263378,1.6602766777061198,-0.21023561006565405,2.952296456927428
28.721929992000003,2.000778565902826,1.6598724375109861,-0.2082215305564788,2.970550983681578
28.753090578000002,1.9890573572350063,1.6587852159473309,-0.20736909222294087,3.0078871301787187
28.786154438,1.977387154566868,1.6572554739963241,-0.20651181142194003,3.0462817608020156
28.819623836,1.971577364320687,1.6563143501505273,-0.20893441009453984,3.0656920905933465
28.853289489,1.9600206163614613,1.654145976083789,-0.20808276102975215,3.103211511004779
28.886680087000002,1.9539889981563554,1.6528567794077058,-0.20763665979731333,3.1213402154005507
28.919677533,1.9520781303151316,1.649713095723496,-0.20777084183879996,3.15231291396681
28.953156343000003,1.9439656679836403,1.6467856140818797,-0.20650286916279076,3.1803817830605086
28.986080439000002,1.9353731993130545,1.6434246252135285,-0.20512041232691913,3.205887421520999
29.019914229,1.9320076376437165,1.642014388353482,-0.2137122576518961,3.21536151638203
29.053015217000002,1.9241783002550341,1.6386209580532134,-0.2123961947956418,3.236192238181305
29.086331374,1.9164567176510907,1.6350781751823296,-0.21105085699760373,3.255415032599664
29.119796557,1.9063776186521388,1.650150833046543,-0.216630585159586,3.2630696025906953
29.153363870000003,1.8956106810264672,1.6528982961845822,-0.21719891072450798,3.275789150348607
29.186705737,1.8850896161136974,1.6555297471122148,-0.21776724060393376,3.283816516622134
29.219615168,1.8756151428817949,1.6468446116744182,-0.22157201565949586,3.287344075390584
29.253005234000003,1.8672484832795455,1.6431904611828683,-0.2206136456995177,3.2893156702870368
29.286126144,1.8560632853867784,1.6382556336523242,-0.2193081144212493,3.289980063093207
29.319606163000003,1.8496267003024798,1.6354033363477816,-0.22502321974770384,3.2893276414301824
29.355139455000003,1.8375010308152213,1.639822252562547,-0.22576969419342963,3.2869137828673027
29.38727125,1.8312737339521699,1.6400110388531892,-0.22584044733359399,3.285133977306876
29.419501471,1.8188167143682277,1.6404475092087014,-0.2268812247146172,3.281200659965865
29.452984379,1.8059786133169848,1.6376734448326284,-0.22641847846198598,3.2779938406852667
29.486226824000003,1.7933535835474785,1.6360514840882074,-0.2261215976422683,3.278157282791983
29.519882810000002,1.787039013876082,1.6352297442786738,-0.22713844562566776,3.2805737485467574
29.553072544000003,1.7744291092866185,1.6336981280583556,-0.22675584131518844,3.288116783287346
29.586493495000003,1.7608710980174367,1.6318867470818295,-0.22635694664866324,3.2987023923949828
29.621720479,1.75551944822358,1.6311249947050153,-0.2228183875176944,3.3034014696222114
29.653267340000003,1.7404864760381284,1.6282620606685092,-0.22218575191622825,3.316786890051924
29.688363017,1.7311219864204437,1.6264595503598762,-0.22178770663472397,3.3254070579025226
29.719947762,1.7250289514047632,1.6252526346886105,-0.21230164542491647,3.330190389551664
29.753762407000004,1.7102356847277362,1.6215676116523174,-0.2118557164200292,3.338344233603261
29.786979189,1.6992363925203835,1.6187225920253288,-0.21155142897557938,3.3432152111303584
29.819927041000003,1.6928082589191118,1.6170347504616043,-0.21175672807256518,3.34551471817438
29.853336503,1.6809315693325213,1.615963144270638,-0.2118864315839929,3.350079442282528
29.889383142000003,1.6769571628490114,1.6156363680785277,-0.21196084062399517,3.351319775243663
29.919999073000003,1.6666719809634056,1.614784652999771,-0.2155959033278133,3.3539258212073273
29.953288592000003,1.6561375319962481,1.6139423569175018,-0.21582912143617555,3.353614376899168
29.986736970000003,1.6462388483098866,1.601561417419007,-0.2139147359367644,3.3463881804539564
30.01998722,1.6421566668017602,1.5986661541847438,-0.21677879939086703,3.3411175609491344
30.053739891000003,1.6325148266521974,1.5919090140179715,-0.21578283159532807,3.3249634054563453
30.089906334000002,1.6212271604652075,1.5914497083673267,-0.21508888046788366,3.303321979563647
30.119405524,1.6158132900169364,1.590064531337387,-0.21466594359059948,3.2912676191397785
30.152930453000003,1.6049501872148775,1.5874534370004068,-0.21389212736952518,3.2665929361150545
30.186148489,1.593800016639114,1.5852511883309712,-0.2132375407359866,3.244011846766224
30.220313698000002,1.5887681444338426,1.584315348545915,-0.21133149154521946,3.235029223311578
30.254869601000003,1.5774971448629656,1.5823293784625865,-0.21062440334523547,3.2180083141327476
30.287154904,1.5678593047329095,1.5774784229435221,-0.20935412045662893,3.2033926229757057
30.319521146000003,1.5633631886937425,1.5754677717460266,-0.20929307401724934,3.1983151226020645
30.353214660000003,1.55495122881346,1.5717491263060244,-0.20815852158371762,3.1898431363421755
30.387922107,1.543598642661966,1.5694889640158016,-0.20819397683616137,3.181336974300531
30.422556077000003,1.5391670822378973,1.5684988510236952,-0.21511512564790713,3.1773898766766324
30.453121445,1.5287555834600333,1.5662494187252454,-0.2150618101064915,3.1651480831822694
30.485855492000002,1.5183229172893253,1.5641584057439637,-0.21499387115641794,3.148688337241939
30.519885770000002,1.5130920030636228,1.5631930210333242,-0.21756356697227192,3.13822458052573
30.552983735,1.5026204376561174,1.5614148180094227,-0.21748844812788187,3.115277158301362
30.586379049,1.4921215889032888,1.5598843565706078,-0.2174068553342945,3.0897869254261323
30.619600222000003,1.48131272620176,1.5498109461527434,-0.2171955517894923,3.068155753243823
30.657114169000003,1.4732498792069777,1.5469243481598047,-0.21638902252229514,3.04838889997289
30.686314087000003,1.4607856202888312,1.542645897185388,-0.2151376829279581,3.020524835221706
30.719659628000002,1.4496806386885128,1.5447487996155111,-0.21253814467322546,3.005538957972057
30.752727179,1.442326378411201,1.545066416790094,-0.21252235780734186,2.9964996658410747
30.786061174,1.4287299424854123,1.5457920936272573,-0.2125096917713934,2.982177728352724
30.820320919,1.4233529623209236,1.5461352871028933,-0.21587401999849476,2.9774293301720975
30.85331515,1.412097407006123,1.543268149993124,-0.21579033216295385,2.9672997849408116
30.886936089000002,1.4062149292207893,1.5425358486765233,-0.21575204630182587,2.9627755899993122
30.9196032,1.3944417644824596,1.5411329967680836,-0.21746879217557147,2.9548715736749003
30.953153616,1.3817310086206045,1.5418657671159735,-0.2179753848020723,2.949592369676145
30.986290169000004,1.3692978066505912,1.5420322992370654,-0.21838428176890062,2.9466637408485097
31.02008388,1.363088348926882,1.5421307572171061,-0.21121620324471507,2.945712438091885
31.053254922,1.3503801976364183,1.5416396993608499,-0.2111172017909519,2.944450509549176
31.087371714000003,1.3440684653085926,1.541511672713387,-0.21111541306632065,2.943970827311773
31.119720549,1.331442698178194,1.5412570540245232,-0.2097846731861568,2.9435741434255487
31.153063138,1.3196527754791048,1.5417579710363154,-0.21014248291385085,2.9438412413597597
31.186016389000002,1.3070348215148437,1.542080395926022,-0.2105180588618027,2.9441743758013077
31.219624173000003,1.3019837238046477,1.5422029056531659,-0.21397894132929834,2.9444144138147443
31.252858447,1.2901811964757668,1.5415182991476322,-0.21361260346368965,2.945036802925528
31.28759188,1.2786971134670422,1.5409676387190194,-0.21325808554432535,2.9456983231461393
31.31934525,1.2739097255784042,1.5407309205706294,-0.2145048543187913,2.9459704195732623
31.353166999000003,1.2626531130199812,1.5401697233876903,-0.2141941548257314,2.9464292657019104
31.386120942,1.2505589552269962,1.5395537102134653,-0.21387695450021715,2.9469431238907013
31.419690013,1.2457806214440703,1.5393024503626094,-0.2134281493152601,2.9473388215127434
31.453108463000003,1.2345427494884458,1.5387044220187012,-0.21314569537638317,2.9481301784975447
31.486124796000002,1.2233116565561482,1.5380881433580602,-0.21286289350394139,2.9493361508129317
31.520225699,1.2177002507665657,1.537771517815015,-0.21239827244617454,2.9499510581958717
31.552831328000003,1.2064827000847071,1.5371220350977444,-0.2121085954292487,2.9513253813069102
31.58902515,1.1944321717503414,1.536400424769072,-0.21178639195004334,2.9528453270180854
31.620059894,1.1896775207572625,1.5361038971225067,-0.21073552589318323,2.953501363441843
31.653437536000002,1.172171069473657,1.5441152994232397,-0.21162676969505856,2.9548704578051597
31.686049529,1.1597265946805668,1.5451054446669854,-0.21167245593906325,2.956131740605686
31.719634309000003,1.1535020775668678,1.5455970893782636,-0.2119872924966491,2.9566909378570116
31.753137633,1.139556120617567,1.546372698667275,-0.21211336166063727,2.957664983936162
31.788943562000004,1.1260576561101234,1.5472049324265027,-0.2122236954109063,2.958557871473336
31.819465192000003,1.119306115259048,1.5476183805050705,-0.210586049277665,2.9589439789711616
31.852890596,1.1081181947549477,1.5472708138559454,-0.2104891960347356,2.9597727784008416
31.886323822,1.1022791091040016,1.5472152814564326,-0.2104391743601544,2.9601396824885438
31.919853816000003,1.0906048704074385,1.5470954809624498,-0.20982005187839614,2.9607919948923307
31.953132443,1.078935322341698,1.546965274482859,-0.20969922250363215,2.9613406968053573
31.986996078,1.0672692690925443,1.5468261124985514,-0.20956862960088735,2.961702841642456
32.021779531,1.0614341908678713,1.5467535109850625,-0.21191960509273317,2.9618005956457836
32.052946693,1.049774809618821,1.5466039104770988,-0.21178626578230597,2.961963778349448
32.086666624,1.0398613593131474,1.5478885746514917,-0.21151233943254827,2.9621027872869554
32.119847779000004,1.034303798592231,1.5480315308872998,-0.2123841247760931,2.9622274499685
32.152921249,1.0231983969130394,1.548314968071556,-0.21219787918434607,2.962478244609361
32.187081387,1.0100504755381705,1.5503159581636456,-0.21240486379616857,2.962781790409453
32.220503186,1.0038515272156718,1.5510003221286284,-0.21431509096206924,2.9630017650004588
32.252741673,0.9914568226217547,1.5523738108082672,-0.2144185522648116,2.9635209265187816
32.28641083,0.9813667524789838,1.5503986840052042,-0.21417190879449483,2.963908516866348
32.319645816000005,0.9753647541140847,1.5497337069051376,-0.2151660303073366,2.9641568898661905
32.352929202,0.9643555966162065,1.5485054950937367,-0.21496566919702276,2.9644622190696683
32.386126792,0.9525309333887927,1.547166495411151,-0.21475143484477593,2.9647990738763434
32.420346587000004,0.9487819943081347,1.5479145521750717,-0.2116524406307786,2.964973912409395
32.453401861,0.9396431094724911,1.547578858635822,-0.2108907540475451,2.965287571424163
32.488110834000004,0.9298126218029783,1.5472094099364564,-0.21005420716788353,2.9655076615437306
32.519717541,0.921423915917808,1.546422585863175,-0.21210594348339817,2.9656499289751252
32.552814291000004,0.91097567191148,1.5456798070636224,-0.21190569001017812,2.9658327254258783
32.586115735,0.8983495812219666,1.5447709551795605,-0.21165737881042013,2.9659957231127816
32.619563523000004,0.8933587756301301,1.5444074718045528,-0.21157555219298502,2.9659728663846527
32.653414649000005,0.8803628258128595,1.5442724182593863,-0.21156278601076445,2.9661071409501307
32.687625053000005,0.8679067217085481,1.5438136863991088,-0.21147535663454042,2.966222760197069
32.721041192,0.8616770479508135,1.5435811282151461,-0.2117923323775363,2.966295380509707
32.753120223,0.8590990458878892,1.5415601484782133,-0.20872843240917827,2.9663873360331436
32.786101575,0.8533694819621191,1.540027004172879,-0.20615656827078493,2.966452223365426
32.819888394,0.8505266605519064,1.5392545119935297,-0.205919204060729,2.9665223505324665
32.85364975,0.8402130491168477,1.5386968682965259,-0.20487289977167705,2.966348567384344
32.889727872,0.8358645795540605,1.538244357783444,-0.20417738989988116,2.9662880247934327
32.920019884000006,0.8271896132254988,1.5373309019303139,-0.20585966125599692,2.965879828361307
32.953337467000004,0.8173505308010943,1.5363515822744074,-0.20464999839444686,2.9652514127539673
32.988211554,0.8107750949042496,1.535677976356116,-0.20378809563993883,2.9648508488590277
33.019412124,0.8066656421392167,1.535253768845163,-0.2056338414725149,2.964578324572919
33.053091915,0.7984805770861704,1.5344009327817798,-0.20448487705815205,2.9641111754973872
33.08816079,0.7903329674355432,1.533539568917625,-0.2032804649193357,2.963537883603042
33.121344249,0.7862689702525588,1.5331048349390768,-0.20612097067907825,2.963394660234732
33.152987288000006,0.7781787501711059,1.5322305254192754,-0.20484819451773956,2.962955831057834
33.186743187000005,0.7799113216097808,1.5299400556539942,-0.20303053405305288,2.9629232115762356
33.221417278000004,0.7781138627196068,1.529396835916032,-0.20686424901018502,2.9628819380200575
33.253282150000004,0.773570192418561,1.5280015276698582,-0.20535028908379072,2.9628411464559505
33.286139298,0.7670946356830378,1.527995883803926,-0.20488872784390516,2.9629545727536453
33.321558854,0.7640862039084306,1.5278489831324658,-0.20790896756274485,2.9629817295673924
33.356522217000006,0.7581145294536772,1.5275548207295553,-0.2073577519679864,2.9630908574562485
33.386333421,0.7521890236881318,1.5272574377678816,-0.20682071038536204,2.9631661602565273
33.419514745,0.7487619507813912,1.5272828759535546,-0.20956929911758965,2.963229661862524
33.453468941000004,0.7425936027022718,1.5270957541537726,-0.20942016166397126,2.9632512267092173
33.485910286,0.7364694260180383,1.5269065470922996,-0.20929379857885294,2.963314502245545
33.519562596,0.7334223994534269,1.5268108254224617,-0.21083127759337345,2.9632987283176124
33.553033774,0.7273653594781344,1.526617644230126,-0.2107431401111204,2.9634383060811427
33.586065866000006,0.7209034992038853,1.5264059221557342,-0.21067673515148055,2.963864707187403
33.619737708,0.7207186731561581,1.526056650253766,-0.21120437304721612,2.9642816850434333
33.653007222,0.7162780562380773,1.5257684084936378,-0.21099300566233398,2.9661035069239343
33.686264618,0.7115041337469621,1.525420089633077,-0.21078046128951983,2.9714321561190413
33.720165200000004,0.7089955544645858,1.5246002029298666,-0.21300569195053376,2.9801128187988404
33.753534341000005,0.7051297741438943,1.5237640296293966,-0.2128247767136896,2.9983934972765365
33.788127259,0.7008452214141752,1.522731890733064,-0.21263568883425205,3.0241002412607596
33.819916236000005,0.698731841121258,1.5221692415652066,-0.21679515823556678,3.0377503040500287
33.855023624000005,0.6969024617483757,1.5195296294791356,-0.21687570404755774,3.066587725888513
33.888233627000005,0.6954917118817872,1.518531758687871,-0.21688166868809028,3.080500596575872
33.919895343,0.692765609620577,1.5164773035290333,-0.2133132210953707,3.1077335928135836
33.953485823,0.6890065374742348,1.515948949949353,-0.212751694185071,3.1337159670668626
33.986554739,0.6856823643402221,1.5148072108622428,-0.21230315984338022,3.1593611208662606
34.019879524000004,0.6840572841603298,1.5142052192553968,-0.2083757385234563,3.1719489903745055
34.053034375,0.6806002464941376,1.5132781644729567,-0.20763981202383286,3.196827989201995
34.086278716,0.6772107859710341,1.5121692220390341,-0.20692840758093578,3.221749055418842
34.119615956000004,0.675672495389731,1.5116260958761647,-0.20566310779901287,3.2331344647073266
34.152717621,0.6706908808415082,1.510582486216072,-0.20475344869706946,3.2628156447058037
34.188385635,0.6696613218358349,1.5103118476971544,-0.20456036969011493,3.2693404488344577
34.219908024,0.665996285984308,1.5093159299116776,-0.2037320464345198,3.293437664600924
34.252884475,0.6623130291599868,1.5082223946916924,-0.20302144940445194,3.3195788612088006
34.287182543,0.6581610228411946,1.5061852977667811,-0.20193157982753385,3.347823743131912
34.319468353000005,0.6562586226697351,1.5053289956161466,-0.20357615322890865,3.3628414312639987
34.353024853,0.6525302128405113,1.5035434056558055,-0.2026526261770551,3.3941974670366233
34.388147837000005,0.6469074048195733,1.5022380481135789,-0.2022925718873843,3.410603540405643
34.422639223000004,0.6404577049609405,1.499741910882286,-0.1961104245289051,3.44409400630706
34.452946522000005,0.6341101743897379,1.4970475249980155,-0.1953065896797807,3.4788677653672764
34.486339641,0.6250351810725533,1.4934656002861462,-0.19453969573053848,3.514925228657309
34.521455532000004,0.6210748293773116,1.4916166080451279,-0.1921035596729473,3.5333542406792575
34.552846288000005,0.6132425128818398,1.487740881169747,-0.1913695126261176,3.5704378335150744
34.586010421000005,0.603898430142491,1.4835273594660634,-0.19023013086858784,3.6107325206303025
34.622149956,0.6003304841674807,1.4816923476166828,-0.18899026873321867,3.6267542891569473
34.653058691000005,0.5920179095226892,1.4772217417875078,-0.18798659224189754,3.6637221401160054
34.686208159,0.5842876569448776,1.473691960942385,-0.1863978476041304,3.697128708385186
34.721881163,0.5813450417956123,1.4722698366519533,-0.18198760171775158,3.706871650450531
34.753077045000005,0.5738484809457968,1.4685340584265392,-0.18048233429531027,3.730579732284667
34.786065364,0.5666135657918477,1.4647570470136766,-0.17900399342859605,3.7503097959850433
34.819912535,0.5619379412453193,1.4636644152451461,-0.17868151274926283,3.7587472314456853
34.853375106,0.553975556000733,1.4602461575397843,-0.1770755815173542,3.773908682086041
34.886192754,0.5460537200037217,1.456747471049301,-0.17544134757676824,3.7868085750658778
34.919624760000005,0.544484144298074,1.4554500897753877,-0.1745844640000899,3.793189928364858
34.953115141000005,0.5393581195831908,1.4529421120498993,-0.17311096154154568,3.8026378220139985
34.986496883,0.5334588491682561,1.450017775421374,-0.1713689535131842,3.812915273942893
35.020222357,0.5318711438065189,1.4494964311921625,-0.17346453864925407,3.817895924306349
35.053274601000005,0.5282118595640833,1.4480147642309646,-0.17242544285785963,3.8244798777338507
35.085998758,0.5236498491336239,1.4461653197773239,-0.17109802393332554,3.8316067390825097
35.119882019,0.5216260413087976,1.4456225452926037,-0.1722923576607408,3.8354360116859243
35.155285115000005,0.5190146978814487,1.4448228784324781,-0.17157023016632603,3.838916258902219
35.186015295000004,0.5152368907066762,1.4436809671086601,-0.17050532470786178,3.8433022845087668
35.220605914000004,0.5130808906181161,1.4429664765132768,-0.16995933896210638,3.844981476434816
35.254889349,0.510711345242524,1.4422723525685042,-0.1694589726358532,3.845555347298651
35.289160161000005,0.5090974578735226,1.4418046716821384,-0.16911617825326927,3.8456053366166656
35.321870391000004,0.5040760136968749,1.439913583605354,-0.17158800500155486,3.8475847099161
35.355303433,0.5009128081107226,1.4386296879807567,-0.17123626427942487,3.851334807350715
35.386337079,0.4988902488057051,1.4378067862417043,-0.17101488299815643,3.8545920736030945
35.419902400000005,0.49486833243435574,1.4361613200225336,-0.17478603004333487,3.8648692255397057
35.455982250000005,0.48876208556236816,1.4321180662946367,-0.1747131989212739,3.8791335941836813
35.487202774000004,0.4837458603326842,1.4290026126873936,-0.17456130387762772,3.8960183692574355
35.519574150000004,0.4812629694452794,1.427418408659287,-0.17610482688308365,3.9053632468247255
35.553229831,0.4753648018248738,1.4227387981530322,-0.17595152720348967,3.9252893115428105
35.586093053,0.4698713788190109,1.418284303182722,-0.17582712849223145,3.9464706046514215
35.619765365,0.4673525503403385,1.4161695984360507,-0.166615862455809,3.9565051307407564
35.655208591000005,0.46174344153667046,1.4108770835501065,-0.16651804968092115,3.976953826653506
35.690261786,0.4563639340591245,1.4055792596626946,-0.16643562693932157,3.9965200762897855
35.722286886,0.4537179395495716,1.4028959292769594,-0.1644278813978979,4.005250469738947
35.755176104,0.44847780876881627,1.3974872244764125,-0.16436099183993463,4.021478060000332
35.786168067000006,0.44510596228356253,1.3928226158777128,-0.16409768267960634,4.036490233014904
35.819786791000006,0.4433741138360521,1.3907735172404827,-0.16334196664868572,4.041662203148961
35.853166314,0.43933587987539974,1.3859415433247042,-0.16318963967648148,4.052990670829725
35.886363265,0.4365576070624196,1.3828260313965401,-0.16305894784508626,4.0634225204316
35.92288326,0.43521685291606654,1.3813365540833424,-0.164107247802756,4.066616675141875
35.954149045,0.4320861503199599,1.3778478378231036,-0.16399833416909246,4.072720938971816
35.986217709,0.4305318271756391,1.3761113066567925,-0.16395070568712775,4.074731709898409
36.019847851,0.4274413856264252,1.372653348393998,-0.1665065804260676,4.078086146181338
36.053095889000005,0.4243776964330096,1.3692200325590353,-0.16644778440820604,4.082439782616695
36.088285967000004,0.4175021045712918,1.3630929695532967,-0.16669906139103757,4.086327544427108
36.120515804,0.41567550557888355,1.3612385151245794,-0.17182760608295294,4.087475377907391
36.152927375000004,0.4113915574567829,1.35689184853124,-0.1719557275028189,4.089606952598621
36.186792119,0.4062581198297097,1.3501180712619718,-0.1720435983200472,4.091043756001881
36.221449645,0.4038918013374255,1.3470225567925913,-0.17383702780533125,4.091551879025878
36.252904002,0.39916099423425616,1.3408394438247941,-0.1739798383624102,4.0923988387164085
36.286676362,0.39364480835466725,1.3346413271822988,-0.17397123498344008,4.092650766314378
36.321676592,0.39054895566772513,1.331044109079209,-0.17155417280020416,4.092755338988486
36.353767703,0.3855586027639178,1.3252662032551905,-0.17159269283216028,4.092748196790109
36.386315779,0.3792427742954737,1.3161870780816882,-0.17164690816373326,4.092788149144547
36.419995436,0.3772500023043672,1.3133047615693791,-0.16730959218366254,4.092500181151441
36.453203922,0.3718311001269645,1.3054074520281411,-0.1673957848464263,4.09225631556879
36.486513039,0.36599291368521314,1.2969135614768073,-0.16751618896447534,4.091786328620268
36.51966401,0.3630848318808867,1.2921085486709125,-0.16464729333107536,4.0914581276646125
36.556277343000005,0.3592182104261257,1.2862665088967429,-0.16450641176450467,4.090680309431639
36.586186669,0.3541807230209488,1.2786602858372016,-0.16433387415753722,4.089962505752405
36.620257369,0.3500630615825441,1.272433166159873,-0.16704443232456503,4.089429514588625
36.653029613,0.34692244831811386,1.2677512065054954,-0.1669731491735017,4.088808875835548
36.686111578,0.34164445778904695,1.2598744079934288,-0.16685783718664157,4.088064003799861
36.721117779000004,0.3387667757573562,1.254296322292244,-0.1648750580569642,4.0876127298440394
36.755181024,0.33570481845605743,1.2489753860825374,-0.16471546824356084,4.087041551685113
36.786571467,0.33137246986213287,1.2414375069712125,-0.16448879500728184,4.086603597284775
36.819808585000004,0.3282624014027681,1.2350606489289944,-0.16295332919027844,4.086271379062851
36.853435989000005,0.32555719384763865,1.2298254301827554,-0.16283506291919977,4.085954456767756
36.886176612,0.32130046392968914,1.2215686985589536,-0.16264667162090526,4.085383097820695
36.919612133,0.31961695644595917,1.2183064707513742,-0.15933233826552978,4.085022807778672
36.953656443,0.3142186966379883,1.2103033484517294,-0.15954358356664936,4.084265250248331
36.988258936,0.30901209296041066,1.2017675359091096,-0.159671833828457,4.083351858537462
37.019469537,0.30694877505509194,1.1983934616414595,-0.16030944959402316,4.08304964225527
37.053287935,0.30199510079980674,1.1894057608685593,-0.1602439879499615,4.082206485879086
37.085950958000005,0.297116077133662,1.1806527223485779,-0.16020160507834244,4.0813137612459185
37.119439825,0.2946720534066426,1.176273513057471,-0.16002656663126985,4.080855037782513
37.152926412,0.2897767774918982,1.1675089616456331,-0.1599875883784966,4.0800546311963934
37.186564790000006,0.295142069071748,1.1693901961177833,-0.15565024271952532,4.079465092212771
37.2216028,0.2951608039840961,1.1678404202899961,-0.15526477666914282,4.079198954481952
37.253376008000004,0.29522754388108696,1.164769777879316,-0.152758900102818,4.078711069572563
37.287066675000005,0.2952345958437565,1.163928156592412,-0.15189224701774434,4.0784695539891125
37.319860117000005,0.29526854872301844,1.1615997715877688,-0.1589853559253673,4.077996864579073
37.352809334,0.2953426607844969,1.159254871698876,-0.15681519386299866,4.077358423788901
37.387761715,0.2903033448434177,1.1515331881441422,-0.1581978684797403,4.077044796665302
37.420395738,0.28657547772928094,1.1434244749315674,-0.15943350367844367,4.076374760214309
37.452846366,0.28276703284626004,1.135135373052527,-0.15974737705875594,4.075737270762188
37.486774383000004,0.2789637442064939,1.1268352709604526,-0.16007931522878766,4.075823941820262
37.519462135000005,0.27740764364252,1.123674628323332,-0.16093100243800446,4.077149049260193
37.553157856000006,0.2736661535231436,1.1155968407045032,-0.16150889254862982,4.081876278204383
37.585996417000004,0.2700742278924235,1.1076846050943954,-0.16209111417411556,4.089514397088563
37.622750793,0.26812248436450864,1.1016334269215957,-0.1623848973271496,4.095717707119456
37.653203505,0.2649742374115107,1.0930191841724524,-0.16308793535959354,4.10819795100332
37.685963820000005,0.2615179258475836,1.0831183053195677,-0.1639095448065798,4.124864811400494
37.719725552,0.2590701122741381,1.0798999920532986,-0.16031363172034535,4.13372446344162
37.753019419000005,0.25559711766156407,1.072522681757301,-0.16134333489931268,4.150316708960321
37.786032348,0.25164183710160126,1.063740383612693,-0.16258835756514545,4.171252739972285
37.819837821,0.25062906954119535,1.059049083386668,-0.1621118606671367,4.180528437925815
37.85332888,0.24784157642058502,1.0502191789327529,-0.16322881405316897,4.20128738770798
37.886232253,0.24497557926272243,1.0404088415210695,-0.1644932565849851,4.225117355728067
37.920308083,0.24587326245983748,1.036547238321352,-0.16241646869449716,4.2356034394477025
37.952743859,0.2451457265734871,1.0279761672740704,-0.162999488202393,4.258475886406856
37.986364137,0.24485311853343267,1.0235632736126343,-0.16330598226467058,4.2703262091064005
38.019915015,0.2444425305926009,1.0147241813379497,-0.1642069541911379,4.2944118569188765
38.056473995000005,0.24380052289172086,1.0064959487739789,-0.1649541605028563,4.318959638462183
38.089243097,0.24365870998872077,1.002221952644328,-0.1653180500041851,4.331304242677824
38.119681756000006,0.24354877929914448,0.9936697200082437,-0.16660422506741304,4.356183052808931
38.152971888,0.2410349769233096,0.9843273005266653,-0.16760924060428448,4.384129929201066
38.187864776000005,0.2397510104310115,0.9768541858139985,-0.16840066804759926,4.405912306702611
38.219877978,0.23909612782274242,0.9725609640629285,-0.17038703157542057,4.41857743751177
38.253120307,0.23669958564955068,0.9634549955765661,-0.17138735940535177,4.444840517459429
38.288465597000005,0.2348046451851863,0.9548700119008043,-0.17234009392652466,4.469296963320639
38.323003571,0.23375736512944334,0.9497146754428443,-0.17504585798657943,4.484035648039406
38.353467630000004,0.23242592625301486,0.9417523220586276,-0.17580854688345918,4.507891499200116
38.386178712,0.2317409624075348,0.937407595521131,-0.17622916314868184,4.5209460714389405
38.420013865,0.23054071759299855,0.9286911565206585,-0.1776820481880646,4.547128315394119
38.453031623,0.22955858780234184,0.9199442309889662,-0.17855228337745738,4.573476753075774
38.487226257,0.22879081741135993,0.911722066501878,-0.17917883051408215,4.5998632170978935
38.519682829000004,0.22848882681431376,0.9074728234473335,-0.17855187289301927,4.613017570525043
38.555669031,0.22802138454452908,0.89896745165499,-0.17930772058618302,4.639121758350257
38.586288185,0.2276078874573002,0.8909739448263077,-0.17998809803492483,4.665260042807031
38.620036966,0.22750382881698497,0.8868703236880376,-0.1814867079028078,4.678253165225243
38.652880642,0.2274235010654049,0.8786615335948758,-0.1822123303757395,4.704051755197607
38.687414761,0.22756208039243153,0.8701132667614746,-0.18292285397683028,4.7308190118441535
38.722629318,0.22766457038356006,0.8669108027671361,-0.18260747321564963,4.739909802185506
38.754379349000004,0.2280104108907221,0.8587140011086727,-0.18331009788875471,4.760121139033277
38.787297153000004,0.2278664383294428,0.8503074713115693,-0.1837630919549801,4.775285357147779
38.822023962,0.2278596358410066,0.8468653820495621,-0.18310379713561556,4.780523946768533
38.853075738,0.22790915593183209,0.8385853735663726,-0.18356214608055046,4.791466713297418
38.886145029000005,0.22802219955598188,0.830510166214859,-0.18401859638466125,4.80017187306154
38.919515505,0.22810241050056962,0.8264758708568813,-0.18720036014749014,4.803776424453885
38.954043162000005,0.2282858478637296,0.8184055512739579,-0.18766298226488962,4.809874937511217
38.986554045000005,0.22839036921899078,0.8143709030331128,-0.187896376294728,4.812485195207405
39.021492503000005,0.22842887303654985,0.8074509665078056,-0.18830102133781637,4.818350632606187
39.053250457000004,0.22843636444349816,0.8035959611524623,-0.18843183741746483,4.820088991872617
39.086635378000004,0.22849733218946255,0.7966331546841963,-0.18865632848873345,4.824097698346492
39.119944246,0.2284936630050541,0.7923713786870941,-0.18895251209408245,4.826207669348198
39.154419447,0.2284880960165182,0.7875484079062535,-0.18912121830682282,4.828098748464867
39.188413227000005,0.2284918818543091,0.7843567578827865,-0.18923189113571331,4.829223316436554
39.220115013000004,0.22849911547441645,0.7779860024348548,-0.19148480559605485,4.831077918255645
39.2541755,0.23031737967940968,0.7701199793057575,-0.19137018005263173,4.832384067800625
39.286485400000004,0.23149880653509508,0.7624674854628273,-0.19136940148894885,4.833207781449623
39.31964142,0.2319621580029378,0.759445156722281,-0.19103906797365727,4.833271240259142
39.355221395,0.2328682884661733,0.7520608136478413,-0.19086312601694563,4.833381775917239
39.388844427,0.23358502668012418,0.7461850663381554,-0.19073690222516956,4.832991062549781
39.419965883,0.23399323350897033,0.7428376490523538,-0.19202313644593594,4.832692183928856
39.454316862000006,0.23497339102737233,0.7352590228054303,-0.1918451682941188,4.83189305583096
39.486953815,0.23578872468511086,0.7288783802573924,-0.19168910957161617,4.831051391301358
39.520028059000005,0.23614845355209718,0.7260265299526134,-0.19121045549990048,4.830651925552602
39.554293654000006,0.23799916279744082,0.717462458398338,-0.19110782610672972,4.829620667373444
39.589325535,0.23949438528968583,0.7107966161994089,-0.19103475731804193,4.827850943101787
39.621603384000004,0.24017656770893847,0.7076993340425153,-0.18839867158427834,4.8254960047795645
39.654433171,0.2417512308539128,0.7004121710787399,-0.18831185513901783,4.8169388372671404
39.687911624,0.2425265767486231,0.6927961912441986,-0.1882108621985165,4.803520557776868
39.720390185,0.24304555173138306,0.6890485234683152,-0.18787687301971595,4.79536363703907
39.753373385,0.24399731969265032,0.681545446878578,-0.1877906134893724,4.77722937066452
39.787555449,0.24582008932848448,0.6733757208953555,-0.18729658390050083,4.7572390130772035
39.820458136,0.2464885430609239,0.6694254472170694,-0.18713058741653366,4.747242501127891
39.853147582000005,0.24774004520849768,0.6615101284430996,-0.18678312137555103,4.7296347773981395
39.887118594,0.24803914611040287,0.6565848828739623,-0.18621111234433088,4.720122423371517
39.919941317,0.24851651660462093,0.6504889353539949,-0.18309733935426864,4.710580862319235
39.953389372000004,0.24904395050142436,0.6429825482294665,-0.18240443257098024,4.700382572771873
39.987979046,0.2509872676002042,0.6347378876962828,-0.18210084317574984,4.691707247363282
40.019864632,0.2516902696379224,0.6307703285541337,-0.1792494071124502,4.687723681563201
40.053131636,0.2530651332848729,0.6228306623670821,-0.17880739739336138,4.680431181254498
40.087100902,0.2538182480404012,0.616722194532286,-0.17786571408941956,4.67413584737596
40.123624635000006,0.25421820788457633,0.6133960924970199,-0.1784560865998663,4.6713928917393845
40.153214654,0.25500659770172374,0.606753201629239,-0.17758535291557942,4.66754092894566
40.186705286000006,0.2558382940306329,0.5996239294013906,-0.17662039359218007,4.665747014874258
40.221786003000005,0.2565244932448783,0.5963120214252804,-0.17777697982431745,4.665265472777316
40.256194739,0.25755027477747194,0.5893830659081954,-0.17730214556013912,4.664642132794327
40.287136762,0.2580898562803081,0.5857493406987196,-0.17704647215638866,4.664491135996103
40.320502283,0.2659925199879075,0.5784630409620573,-0.17163227453054725,4.664623096091685
40.353083575,0.27247314202127704,0.571517855822853,-0.1694321045997747,4.665050724218622
40.386856519000006,0.27901267937307667,0.5645875015723449,-0.1671834471872929,4.66563787456737
40.421958234,0.2823047894016984,0.5611293368996996,-0.1646571566420714,4.665968836566943
40.453063969000006,0.2889334934031392,0.554223299121686,-0.1623360855036372,4.666766364172694
40.486202185,0.2961251690697286,0.5468164755968516,-0.15978956938858474,4.667669313418414
40.52027278,0.2856940769311493,0.5427742702184853,-0.1654763112289704,4.668112424719755
40.553156503000004,0.2867517161710556,0.5362528530995215,-0.16518129690945416,4.668958406723038
40.586399495,0.2879344787608452,0.5290150611302088,-0.16485288866214448,4.6698178407564574
40.619881978,0.28853025611833794,0.525397930151681,-0.1658820807206593,4.670226486579823
40.657262472,0.28843770924972006,0.5182098502897885,-0.16575101371154644,4.671001084622395
40.689775888,0.28892741221738166,0.5109773421561227,-0.16556062309760763,4.671721077623845
40.719938018,0.2891738617475838,0.5073625858158535,-0.16673995358329138,4.672021796487235
40.753984476,0.28962310118686035,0.4992715123277066,-0.1666304130399045,4.6726575343137675
40.786794230000005,0.2901574221249583,0.49088953696311816,-0.16650824524087368,4.673276701064487
40.820055009,0.29037025338474787,0.4875754306805575,-0.16776432294604599,4.673524566980449
40.854609802000006,0.2918061017698477,0.4794040741921554,-0.16760142800298672,4.67408827964367
40.886929697,0.2930611239085632,0.4707844344548039,-0.16744465291701635,4.674619548312949
40.920120515,0.29355980051741215,0.46737744756572275,-0.16661300517178732,4.674775793415083
40.952898158,0.29359205721737525,0.45922648872128313,-0.16684131212251171,4.675043316613982
40.986867616000005,0.29393879998644074,0.4510612607880493,-0.1670298978746799,4.675141873216631
41.019838373000006,0.2941111778059773,0.4469782213153912,-0.16704149561522602,4.6752248460201855
41.053032864,0.2942831344203754,0.43956021625200237,-0.1672957795499733,4.6753715151433894
41.087136177000005,0.2944594244442303,0.43142059875498007,-0.16757586792143958,4.675577367870683
41.124187725000006,0.29452852567573473,0.4282023765338019,-0.17012145122771158,4.675666737823498
41.153116663000006,0.29468826277663623,0.42063673252425043,-0.17039457890856852,4.675894713073056
41.186797328000004,0.2953984380698908,0.4123590213908509,-0.17058670626690764,4.676448064477517
41.220126724,0.2956316632430261,0.40839573070772717,-0.1689766819978727,4.6767953356328364
41.253346061,0.29610143158839936,0.40046930772246947,-0.16920932223930077,4.67751594447271
41.286564376,0.29658411863584005,0.3925434279774856,-0.16944435533466604,4.6791718919872585
41.321521931,0.29683661631119024,0.38858138760771527,-0.17025565883562202,4.681388802297487
41.353906282000004,0.29738081765406366,0.38066249249334755,-0.17049723486017374,4.6891736119491645
41.386420656000006,0.2976811681071684,0.37670486539548714,-0.17061917912307437,4.694760303697294
41.420159452,0.298362689256505,0.3687974495983496,-0.16969084993742478,4.708823020062568
41.453716333,0.29916384550603536,0.3609004587251707,-0.16994206287415514,4.726137533205359
41.48604078,0.30010768575892716,0.3530182259778044,-0.17020061812923584,4.745806426843767
41.519784108,0.30064940358952874,0.3490953411272684,-0.16388706670427503,4.756628168417709
41.553315621,0.3018415664325725,0.3412482209347605,-0.16412972720968003,4.779417888975508
41.587120514000006,0.30321218147691487,0.333428330523293,-0.16438331005488466,4.803792334768407
41.621496233,0.3039778311449125,0.3295359225301221,-0.16338305228750857,4.816520619823667
41.654687626000005,0.3013066415396027,0.3166622874914419,-0.16341157825829247,4.843916258977458
41.688577657,0.3024480754565521,0.30852483203545633,-0.16361202738887232,4.869306761740304
41.719983977000005,0.3031359400607817,0.30423838736497294,-0.1613360227108099,4.882788763855591
41.754069997,0.30464276881444063,0.29567996758422843,-0.1615690363589703,4.907933569878909
41.789533078000005,0.30609541528219736,0.2916448373183612,-0.16106375493855382,4.919633737955387
41.821237215000004,0.3081992769839335,0.28368450507121223,-0.1592676741917834,4.939204849595512
41.855411286000006,0.3100703212424122,0.2746801532332827,-0.1592869361781501,4.960904261918753
41.88731661,0.31149965659977596,0.2677476114432543,-0.15938088508445428,4.975855125711068
41.919748876,0.3122089320450445,0.26449006848054074,-0.16187714435295902,4.98179061489051
41.953342443000004,0.31404520281012255,0.2562641740447572,-0.16198391025608763,4.99490611862207
41.986714561,0.3146349452219662,0.25220302384490084,-0.1622402720125958,5.001966127407756
42.023175265000006,0.31517467421962897,0.24922742502526885,-0.16603478722894474,5.004511409976407
42.053294553,0.316255405073748,0.24329163568770934,-0.16624142164330566,5.008697317042968
42.08940883,0.3179939711473664,0.23739954159522678,-0.1662388244288389,5.0110614137422695
42.12061965,0.3187525811541197,0.23446957764804344,-0.17029573058713565,5.011705274577592
42.153111136,0.3202618582162015,0.22862270288305045,-0.17035191562337426,5.012365107782623
42.186780781,0.3233413470160987,0.22005734619478784,-0.1710973774577101,5.012051006241195
42.22156451,0.32441711557490505,0.21708925623479333,-0.17272224623860552,5.0116761020096625
42.253959141,0.327186230416791,0.20945484433970218,-0.17336054595158762,5.010460191246795
42.288107697,0.33007971259142654,0.20144239110966247,-0.17404645971619204,5.008731835966765
42.321278223,0.3304433411861592,0.19948953142776582,-0.17675149636519083,5.007972417396954
42.353162629,0.3326453351206672,0.19252628462905055,-0.17725847372110443,5.006085046986136
42.386472915000006,0.33505126086897186,0.18525620949096688,-0.1776608679786115,5.00434537090841
42.429465251,0.33582536538914903,0.18288223009642146,-0.1778708670276829,5.004561145429233
42.453379089,0.33803243871193567,0.1761970522517362,-0.17824152682106284,5.008362549569462
42.486381785000006,0.3403931555485553,0.16921013410719077,-0.17864189180315573,5.0180219997536515
42.519721049000005,0.3459917093033031,0.16631574556479684,-0.17783526610781797,5.029061173315625
42.554093377,0.34924694349119206,0.16296277005171703,-0.17739683072949028,5.041866692681644
42.586376509000004,0.3541347916184838,0.15809527490777076,-0.17673568513604315,5.063605451223377
42.620145889,0.35345313902245873,0.15317141464649536,-0.16819513542253337,5.078992899926134
42.653428381000005,0.35527857762917286,0.146252438234596,-0.1684300026113906,5.10578987325016
42.686512443000005,0.3571712046044008,0.13975865029677165,-0.1686616772212906,5.133501057598632
42.720005195000006,0.3580889318875494,0.13687582851909885,-0.16523526956377263,5.146718018162703
42.755284504,0.3628033912343967,0.1280831241905615,-0.16479536143276055,5.178926988788426
42.786303411000006,0.3667610617506757,0.12040942970273635,-0.16460118598793663,5.212846635445469
42.820646344000004,0.36884259460948,0.1166232466387567,-0.16457930024035505,5.230186613263427
42.857570516,0.3736227535546665,0.10808258415220216,-0.16422751716565515,5.265745514302662
42.888704123000004,0.3760670067356699,0.10408092621941345,-0.164080580359676,5.283659136373748
42.920584735000006,0.3811761140265079,0.09620354970277743,-0.16406291067881887,5.32025997883151
42.953599424000004,0.38817804302719044,0.08825655404769514,-0.16344750013193507,5.362100235079894
42.986235998000005,0.39366332523423564,0.08219014416172982,-0.16301551190063257,5.395016476840558
43.020235553,0.39689250195825837,0.0788083375485504,-0.16302687317168083,5.413929602322979
43.054672441,0.4035167552584015,0.07219490100085549,-0.16253596197652612,5.452019490741614
43.092307929,0.4103975880731826,0.06582599883894404,-0.16205054657862028,5.490434354118627
43.121475499000006,0.41394448649948035,0.06275292894222283,-0.16085580656736348,5.5098037873086
43.154315169,0.42119474815109276,0.056776371670134745,-0.16036296767403269,5.548802598721321
43.187947911,0.43326425631847243,0.049067475058141116,-0.1596936913639721,5.591185382838525
43.219806333,0.43709033139982456,0.04662095663671676,-0.15829685693982115,5.6081028791695875
43.253241217,0.44622772136958877,0.04105808741139357,-0.15772923208959425,5.647947955852398
43.289745442000005,0.450015043680052,0.038913593799558666,-0.15818071657225108,5.66814628208075
43.323156087,0.4587173521881261,0.03418495472293121,-0.15897638561307575,5.7085318173028305
43.353214951000005,0.46761774683894985,0.029803498170162368,-0.15904705307769693,5.749452911745105
43.386717199,0.47500953840013466,0.026320055509572813,-0.1591878613274594,5.7906812577544855
43.420147695000004,0.47900074871866216,0.024559528459452046,-0.16234238932228667,5.811372019964063
43.453226048000005,0.48707193873873716,0.021248433672854086,-0.16246289250203128,5.853093755339751
43.489317070000006,0.4948264096977456,0.018078388265870847,-0.16254369111256392,5.8948676969652025
43.522694697000006,0.4988326016930981,0.016642386266578817,-0.1638217320797849,5.915807338508001
43.552922745000004,0.5069152681608872,0.013977677155838586,-0.16391058101581196,5.957298360375882
43.587561607000005,0.515705133072404,0.011455427935387792,-0.16400428483356336,5.99931240050792
43.621254649,0.5193504380946944,0.011124029054680379,-0.16260000701087782,6.013343698402185
43.653048699,0.5290608267050206,0.009287821784881599,-0.16251769500391489,6.0508025789657065
43.687506311,0.5352025615091028,0.008825660233195892,-0.16228907358899364,6.076577998314899
43.722066042,0.5382682681436834,0.008509085369186063,-0.16172923687067098,6.088333709943794
43.755935234000006,0.5453115736115497,0.007904442189098762,-0.1614451919638977,6.113679780041201
43.786467003000006,0.5521804285718056,0.00747561384458368,-0.16114812319633673,6.135271223870677
43.819955647,0.5536497944645646,0.00804528433108323,-0.16308856458126147,6.1448941475555765
43.853490536,0.5589257631327452,0.008139738173127513,-0.16287373463822102,6.159579938734408
43.887141938,0.5615486310285489,0.008205035324547187,-0.16276379942161195,6.163421314444667
43.920220947000004,0.5682674557349474,0.007831473521513393,-0.16629506042719072,6.161415052905129
43.960251181000004,0.5724354256432884,0.007537310613540321,-0.16629800015050278,6.152220150623348
43.986434202000005,0.578290467170048,0.007090966005111991,-0.16630178818954697,6.132204487704696
44.019954697,0.5805902090735556,0.00685799170946641,-0.16704588374736112,6.122026718701232
44.053490482,0.5877527569151827,0.005136834629567037,-0.16726546271121606,6.097875691265659
44.08632705,0.5942233568505524,0.0038158600317634503,-0.1674438660201765,6.07751191457562
44.120755694,0.5974439011988313,0.003103233097293788,-0.16257100535670768,6.0686604080054725
44.155945326,0.6030821283698694,0.002294757686007315,-0.16171913586801198,6.051526554397476
44.190409210000006,0.6089344051417634,0.0011030303124305654,-0.16116574587807447,6.035047206250725
44.222806923,0.6118481516494773,0.00046667885372610185,-0.1640737177363062,6.026696367144739
44.253306405000004,0.6178632883782103,-0.0014301304328301206,-0.16377736126228837,6.009511971241955
44.286285481,0.6206147200408155,-0.0022756522069624086,-0.16362235074183074,6.001733823236525
44.31990407,0.6264230369162347,-0.004131498673657197,-0.16251446072100983,5.985466743995216
44.353372465,0.6328012667795521,-0.005984886685080057,-0.16238041665653213,5.971726832466971
44.386890355000006,0.6395677395133288,-0.007984524692424264,-0.1622427862878294,5.96241580704133
44.420884935000004,0.6422339302803377,-0.008795077375768692,-0.16412188664036756,5.959497241180822
44.453425521,0.649149202462506,-0.010134846978554865,-0.16391508326303436,5.9543373903568115
44.488881521,0.655248116068934,-0.011372147629130927,-0.16372106033319306,5.951904280012566
44.519910599,0.6584722836459218,-0.012028308548519107,-0.16512098285647228,5.951498259570649
44.55309193,0.6649127231213896,-0.013332485801026084,-0.16490021038312855,5.952120254976068
44.588040149,0.6686431291589914,-0.012196518524301841,-0.16321298747979954,5.9550092540804
44.620248174000004,0.6706271800402679,-0.01221344363382705,-0.15883726437530818,5.956709795386931
44.653389546,0.6756264809789714,-0.01223213499306905,-0.15769418709689176,5.961524844628153
44.687029384000006,0.6865567617429568,-0.014910165995629623,-0.15864009162163692,5.9662456629131855
44.719850545,0.6901901069986685,-0.01546256934244325,-0.15721419699955033,5.968220291135945
44.753785728000004,0.698748415860583,-0.016738937348815333,-0.15741086907097432,5.972661886721053
44.787889195000005,0.7041339767555839,-0.01727192263165822,-0.15788584367916259,5.974950967059879
44.820261262,0.712480401779636,-0.01821163388260938,-0.15938938308805337,5.97837940557881
44.853027934,0.7214878526855493,-0.019191480929057203,-0.15997649250598367,5.981670044064319
44.886742195000004,0.7307551258972912,-0.021573598805657207,-0.16016760069438518,5.984709806917935
44.922600085000006,0.734051957211142,-0.02231378652206094,-0.16306865782867086,5.98564159078976
44.953781967000005,0.7435965762366809,-0.024444814344489113,-0.16337125424836532,5.988319820843804
44.991371068,0.7545128442363591,-0.02539188488546036,-0.16303612643685386,5.99017256714839
45.020069569,0.7600859634425059,-0.02586309925186525,-0.1637326716006201,5.991066369018116
45.054426938000006,0.7712545805942479,-0.026791628113903385,-0.16347998650691148,5.992503099147205
45.086363123000005,0.7832984194185658,-0.027769479835892605,-0.16321217172141156,5.993579330344955
45.120131486000005,0.7880698770105654,-0.028151188527125504,-0.16238460412671069,5.9939783665228985
45.152895347000005,0.799318721485599,-0.029040457813819268,-0.16213590838795278,5.994617997371432
45.186603939,0.8106005472155282,-0.029919542490965637,-0.16188669988395257,5.99504516287134
45.220661499,0.8162526269806417,-0.030355667030158046,-0.16113049415275443,5.995149417827845
45.257868730000006,0.8275799608831684,-0.031223514557206497,-0.1608755094897257,5.995224168617357
45.287264684,0.8389399425654455,-0.03208653854730048,-0.16061935722450238,5.995188983657332
45.323281609000006,0.841840241814758,-0.03545856906658312,-0.16195287329731112,5.995125410390129
45.354764615,0.848436323913812,-0.03649766811442284,-0.1620967858999483,5.995055311677201
45.386224419,0.8582811416574295,-0.03804397386920676,-0.1623173647374369,5.994865132951331
45.421555760000004,0.8677728993334591,-0.03884605716732274,-0.1601663493701692,5.994745691440144
45.456580414,0.8751357876203661,-0.0395396321897946,-0.16028797478801782,5.994699773431039
45.488750437,0.8861426317884186,-0.04056780586790221,-0.1604711511641829,5.9946664122781135
45.521897797,0.8953936187844315,-0.04136477673893123,-0.16073504306782305,5.994622369908667
45.556685398000006,0.9014749801236173,-0.041933785124504075,-0.1608786430463978,5.994438447158251
45.586230319,0.9126238772320681,-0.04296680109227552,-0.16113968347760743,5.994314537961976
45.622646158,0.9170383056892643,-0.043374346991386745,-0.16138830604227453,5.994300925908201
45.654800546000004,0.9291429712652469,-0.04110931105350521,-0.1612444104676598,5.9943382037851425
45.686465753,0.9400428260891533,-0.03984918122518291,-0.16117735051618226,5.994358108403111
45.719806915,0.9446828412208067,-0.03930634588848504,-0.1610061997040693,5.994363810843655
45.753258195,0.951061736705304,-0.04046393466058662,-0.16020951668370428,5.994424961985881
45.787164786000005,0.9579029706283716,-0.04154962686448348,-0.15943896752624584,5.994411619034899
45.819604546,0.9614088940311629,-0.04210530952747446,-0.16158792213287546,5.994373331047255
45.85420724,0.9700600915711141,-0.043477790449455156,-0.16071654895197307,5.994452054746257
45.889450778000004,0.9753549449437888,-0.044318765953395886,-0.16018276527592534,5.994557539167584
45.922429784,0.9788363762563069,-0.04487037852239248,-0.16034967969203084,5.994575874658785
45.956590914,0.9905674630728687,-0.042078290081699485,-0.16057393495944802,5.99473130391009
45.989705235,0.9983538697246056,-0.039829442918338454,-0.16088230978145085,5.994714539120533
46.020031088,1.0023309141687156,-0.038671992034284466,-0.1639303205671391,5.994747957043321
46.053532062,1.0116923892276979,-0.035924044017963785,-0.16432173797641042,5.994653054607994
46.087343045000004,1.0210666029997113,-0.033140148465237884,-0.1647268582055503,5.994603931974423
46.120517715000005,1.025760400169035,-0.03173470885311834,-0.16967491517110772,5.994577205465907
46.15462394,1.0351508526303341,-0.028899205973348427,-0.17010427775579887,5.994384438322295
46.186385093000005,1.044554273198262,-0.02602957702350661,-0.17054548988376161,5.994078074719967
46.223545513000005,1.049260603708062,-0.024582253800430845,-0.17082438312740594,5.993959152430957
46.25318594,1.0586809299889852,-0.021663577368565667,-0.17128220471531033,5.993640852700784
46.28732455,1.068822748740946,-0.018488958075185427,-0.17178609982180407,5.993131603728973
46.320109916,1.0813314992777519,-0.033188082330782506,-0.17060739008907402,5.992932085518596
46.357515328000005,1.0927888578042677,-0.0338065603097613,-0.17114490067871627,5.99248869661758
46.387969608000006,1.0985287516578894,-0.034116044321119796,-0.17141769990374645,5.992415835732498
46.41996548,1.1099749829024856,-0.03515970175405049,-0.17064181649508828,5.992026039916147
46.452913733,1.1214806714744585,-0.036106620307514936,-0.1710502337255598,5.991600041908549
46.486670037,1.1330153158454497,-0.03705703924667786,-0.17146658038635712,5.990967394774916
46.523289773,1.1387250403113567,-0.03761571775150614,-0.17257900081142658,5.9906992102491685
46.556747755,1.1507759059621916,-0.038670801656026946,-0.1729343692228106,5.9902929454648195
46.587946969,1.16256274199149,-0.039701826562554846,-0.17328405675346076,5.990088020569685
46.621272066,1.1747350050875607,-0.04145136281403208,-0.17320608762389048,5.990047003569212
46.656925380000004,1.1823152393606224,-0.04237754185283503,-0.17359646862861935,5.989968649520449
46.686646876000005,1.1938052694118202,-0.04378194449815545,-0.17419594691051504,5.989628699982265
46.721621293000005,1.201061008180117,-0.044457563015420365,-0.17448701212453288,5.989377391464651
46.754302585000005,1.2103947751316377,-0.0454989756708476,-0.1750219867215434,5.989200621022976
46.786202289,1.2225884239253504,-0.046858264820601764,-0.17573354407802652,5.988998404426605
46.820139145000006,1.2274170021800002,-0.04739612191715495,-0.1757128094324139,5.989052548271195
46.854169594000005,1.2401932694551279,-0.049522174551896225,-0.17599555832401323,5.989119393476049
46.886391896000006,1.253406321697714,-0.051413769187628355,-0.1764161822720132,5.989321614163336
46.920740264,1.2586402124839913,-0.052162207775306946,-0.17731938526781038,5.989342182674387
46.954890403,1.2701947666513298,-0.053725060763464894,-0.1775685594394034,5.989668202399948
46.986671719,1.2805334708373175,-0.05518371839727959,-0.17781362065520315,5.991154054733123
47.019952618000005,1.2861316436701211,-0.0559583129972438,-0.17737658469377807,5.993031557576602
47.053610719000005,1.297299979641656,-0.05814563017644783,-0.1780795616006678,6.000833465578192
47.087125231,1.3093953758984842,-0.06014871331940158,-0.1787803876506486,6.016079003455133
47.120622684000004,1.3141983527786587,-0.06085880184207784,-0.17551871462741284,6.024570889924787
47.154613135000005,1.32553020905866,-0.062393462883274214,-0.17619853596296425,6.048224654145781
47.189826489000005,1.3319133655872522,-0.06267668973699556,-0.17624433614428842,6.063065364335407
47.223008109000006,1.3432858730933042,-0.06343549538739801,-0.17234755423290254,6.0935126731485365
47.25425921,1.3588373752159963,-0.06407450406031132,-0.17289554246245203,6.13413117925768
47.287684118,1.369597763111448,-0.0640199221411408,-0.17328022189178752,6.16310117247416
47.319774902000006,1.376245228176157,-0.06384520241209005,-0.17063155457331414,6.181146818673983
47.353181142000004,1.389551017816645,-0.06317247990112052,-0.1711076119314923,6.216752069721781
47.387843567000004,1.4005622504759283,-0.0620450084525738,-0.17108114056212353,6.251597099885808
47.420695163000005,1.4054535760169247,-0.061498704302566154,-0.17047163674130125,6.2641288906727395
47.453126806,1.416952047703626,-0.060052324840033144,-0.1705972629480612,6.291983789335354
47.487520548000006,1.4291249816966127,-0.059156760697615246,-0.1709270580361135,6.314121465820641
47.520136029,1.4351045318227917,-0.05844586886809991,-0.17458272615545126,6.323413262561843
47.554344445000005,1.447069690108896,-0.05690009967610568,-0.17482331326396364,6.3402095763316835
47.588818895,1.459845422312153,-0.05584214803957516,-0.17513066603464242,6.355355147569646
47.620232583,1.4649206266097357,-0.055261103202220885,-0.18054195665864964,6.360621286592986
47.653040824,1.4768793362116373,-0.05382327124445599,-0.1808033442842804,6.371501696398347
47.687875326000004,1.4888503754399396,-0.05227592537321685,-0.1810622760367377,6.380272322791381
47.724057297,1.4949646788723372,-0.05218384159500275,-0.18515677886662824,6.383734167610761
47.754065384,1.507535257325982,-0.05086011739289645,-0.1855142983584788,6.390083033289589
47.788506452,1.5201997550031074,-0.05004059729683749,-0.18596919464702838,6.393707732438974
47.824147844,1.5261185446766952,-0.04962326802598327,-0.18678833839430917,6.395056730129537
47.854633407,1.5390901877254621,-0.04868978902160681,-0.18727457433950162,6.397242319544047
47.887996228000006,1.5515107531561856,-0.046979887789502545,-0.1874438464437491,6.398952970417077
47.923101446000004,1.5559687573042373,-0.04647253190861844,-0.18474646066115238,6.398993915450769
47.953429395,1.5686033300849005,-0.044922484682641095,-0.18493942157849408,6.399461913651656
47.986608104000005,1.579248553273567,-0.043629839184502084,-0.18511737453584493,6.3992670431328795
48.021105988,1.5852611132182146,-0.048722009216782464,-0.18783721684657687,6.399634832130531
48.054556215000005,1.594566457816876,-0.0511554234475366,-0.1869719104475675,6.401016684382437
48.087735758,1.6057128810740895,-0.05404890809498933,-0.18591467987367327,6.406740470251043
48.120966969,1.6144821433604566,-0.051576737609390244,-0.18606930776162325,6.414390572654428
48.153557396000004,1.6231309741161162,-0.050756562920612314,-0.1861296222932871,6.42638731490581
48.187515913000006,1.6345331252146291,-0.04949714929633639,-0.18620135423879147,6.448377224087224
48.222130924000005,1.6411547070738524,-0.0468096633274202,-0.18314580689050042,6.468375891331153
48.254865361,1.6491377228447344,-0.044357287922313665,-0.18338089128767976,6.494754204551602
48.287841047,1.6590624548818786,-0.041001090012884905,-0.1836727640494991,6.532119272025824
48.320809086000004,1.6639773454457223,-0.03916983390864823,-0.17939007225540268,6.552304892346393
48.354327603,1.6758401595116783,-0.03469592979378189,-0.1796466553154817,6.595367269913058
48.387174044000005,1.686654160163447,-0.029852709834239488,-0.1799253143823925,6.640890125290626
48.420852149000005,1.691970980877005,-0.02721693349140547,-0.17621606935899034,6.664541478247117
48.454489935000005,1.702452273481877,-0.021622077295988612,-0.17650868325134508,6.713064156704883
48.489342993,1.7075956230752891,-0.0186284116732022,-0.17666138209799956,6.738220209061152
48.524421504,1.717652296400886,-0.012238267667705194,-0.17759332379950513,6.789377836277943
48.555310111000004,1.7268014814686974,-0.005953216132585176,-0.17706382064377546,6.850292642870237
48.589336440000004,1.733571058932917,-0.0007787762622178118,-0.17698441519601363,6.8887736001444075
48.620842623,1.7387519694930997,0.0034440900393264695,-0.1757261384503608,6.917568886751134
48.655177661,1.7473443707092127,0.009068770553117028,-0.17600976918955194,6.957080729939052
48.688294993,1.7564695266633887,0.015914079298397277,-0.17630424112104856,6.998660234741805
48.721247902,1.7609880087079777,0.019538433570927993,-0.17991140883296264,7.017525796280204
48.753469584,1.7698807003796417,0.026967276491729808,-0.18020981235527186,7.050389902410799
48.787156721,1.7773290422732886,0.03549579757903082,-0.18107237547098093,7.079406699956581
48.820651635000004,1.7805157837105194,0.03885079845837308,-0.1824794303888475,7.089903212408941
48.85376126600001,1.7879034142485866,0.04685615420774206,-0.1831128902850259,7.112532328473577
48.890820664,1.7931178091674707,0.05183761584999083,-0.1833829290149942,7.124067216326757
48.92398213600001,1.800816529645174,0.060141120684257365,-0.18848347758456774,7.14152590223133
48.955174984,1.8094703401935126,0.06977270943114447,-0.18910158758366813,7.158880568762332
48.988173417000006,1.8163334797275867,0.07806277240296985,-0.189614446364425,7.169719286164345
49.023177456000006,1.8199758156913195,0.08242132928243566,-0.19210337103376285,7.172683624991893
49.054317288,1.8274204751098593,0.09137924288072276,-0.19266540893895573,7.177531652788122
49.087802926,1.8348629871999151,0.09969222546161956,-0.19314001591096586,7.1800289577580045
49.121061772000004,1.8386144675202523,0.10391095471613121,-0.19518107169296034,7.180765311051119
49.154128296,1.8461266656371231,0.11235635494609278,-0.19569063961771577,7.181651640841052
49.187618651,1.853261682834921,0.12042443847273207,-0.19616201013605977,7.1817367061706365
49.223682307000004,1.8556776227807321,0.12303080140171653,-0.19785341453354144,7.181432536647021
49.253914256,1.8622462111759803,0.13015443273077476,-0.1982897794657249,7.180611303580138
49.287707318,1.868829580863104,0.1372685333887231,-0.19873424249581967,7.179345655569427
49.321022877000004,1.8736803234410881,0.14308303101856307,-0.2011507798117233,7.178540979598965
49.354469638000005,1.8798638832013101,0.15020235454410177,-0.20143564001833403,7.17703495054509
49.387208528,1.8834027803263675,0.15427366251154878,-0.20159555045662264,7.1762179211023875
49.420851459000005,1.8899938140055712,0.16244315506035342,-0.1991379469953466,7.174498200295444
49.453219691,1.8969692386679893,0.17096063356164706,-0.1994736227489342,7.172638631870266
49.487447047,1.9038004818925893,0.17926327886878662,-0.19979618164224683,7.170838289540986
49.520536933,1.908560595698912,0.18602732239097824,-0.20400769113734185,7.1695516102329515
49.555965269000005,1.9133447967180093,0.19229849750903644,-0.20420344895888404,7.168139227812439
49.587326271,1.9198628003342977,0.20085036464032363,-0.2044658198687952,7.1660858549301985
49.62037129,1.924415284595333,0.2072452195754733,-0.20608878244035256,7.16464454837072
49.654601930000005,1.9290402020025499,0.21349805615985742,-0.20624252796102255,7.163117164574153
49.686959207,1.9352702312024403,0.22192575744406154,-0.20645064556738119,7.161505305358211
49.721230817000006,1.938392790094886,0.22613842871863293,-0.20358537245083508,7.160678255309525
49.756203245,1.9446464134921493,0.23455920178495734,-0.20380133569630504,7.159117488875376
49.788981775,1.9509161412192204,0.2429765697193274,-0.2040307158024569,7.157645639884265
49.820198511,1.954056526832837,0.24718346111813452,-0.20275333194009854,7.15699192722027
49.854577675,1.9619249295476588,0.256391892997507,-0.20329241956394506,7.15575122445647
49.887418704000005,1.9653451465909275,0.26074474727694724,-0.20348719680781313,7.155147351881954
49.920822636000004,1.9721985683572654,0.2694494814527455,-0.20587942962888706,7.153860273823293
49.954720085000005,1.978291556963378,0.2791484004809501,-0.20653294267021055,7.152699822593722
49.987115280000005,1.9850518489652333,0.28921588063161524,-0.20720331758306104,7.151436052521567
50.020193357000004,1.9877338816856123,0.2931960362854828,-0.20157884507955953,7.15089341563835
50.053778789000006,1.9939574088207874,0.3029347106893135,-0.2023769207477138,7.149691755893329
50.08690987000001,1.9997792024784724,0.31191582115702055,-0.20311351299931524,7.148721985463718
50.120913022,2.002814813231499,0.3165954337720919,-0.20085415463291822,7.148326634659553
50.153675736000004,2.0086712669439346,0.32745911928317023,-0.2013313069980499,7.1473193704354605
50.189962011000006,2.013034255119307,0.33542559522969195,-0.20166216459917624,7.146404232075689
50.224039365,2.0156002186780966,0.34011400034106165,-0.1996702116543531,7.14588108024264
50.254556168,2.020730587134019,0.34949382260900075,-0.2000508964354366,7.145013601016766
50.28769262,2.0252674983461083,0.3596254390643535,-0.20009619837394033,7.144099409299984
50.321293826,2.0275563917470225,0.3643197918066438,-0.1959889897800287,7.143653954481002
50.354534741,2.031786089847311,0.3730046021563541,-0.19612463879113634,7.142796262213205
50.388609442,2.0358338472476203,0.3794443858353386,-0.19653827709525373,7.1421390519011165
50.420454367000005,2.0402228919421375,0.3871321700674233,-0.1920452396007017,7.141388187880879
50.453551949,2.0456196520875536,0.3965967114985786,-0.19249496694648338,7.140511918779169
50.487309663000005,2.051020352061578,0.4060693442671967,-0.19294658183272878,7.139700133800771
50.521419437000006,2.052593088855395,0.4094010600187866,-0.19157459077039568,7.139332074883014
50.553776889000005,2.0573521116529854,0.41797725591512236,-0.191350304021415,7.138483728305461
50.586492176,2.0630482787395628,0.4283635265143677,-0.19135178974031988,7.137561523809961
50.622670949,2.065271042108254,0.4324788228979867,-0.19074524032726822,7.137221947195624
50.654278254000005,2.069897676416245,0.44105208766737636,-0.19077217974249888,7.136565393173568
50.687291097000006,2.076078474635501,0.45257950647713857,-0.1912370880007865,7.135780985483231
50.723959733,2.078185957427099,0.45659752462327396,-0.18780660149302508,7.135534700406033
50.754118907000006,2.083862566028964,0.4674374832252736,-0.18826206288067712,7.134928235547989
50.787202982000004,2.0894034234514094,0.478032253716165,-0.1887126234687705,7.134389463430725
50.821408286,2.092582869715044,0.4830986322518135,-0.18448969890978972,7.13418501089446
50.8536688,2.0981719500984206,0.4930401060989007,-0.18489924926570245,7.133746734454256
50.886665024,2.1039292529975953,0.5032885906910616,-0.18532615630357416,7.133346681524605
50.921347759,2.1068092860049727,0.5084185479957215,-0.18544894147746163,7.13313846703487
50.95755956,2.1126179437086945,0.5182644405388707,-0.18555058468361296,7.132782090225006
50.987797055,2.1188533369638813,0.5290783191683487,-0.1857836208203625,7.132470339246288
51.021051845,2.121319981926757,0.5333579329842775,-0.18536983499373857,7.132345054532317
51.054259373,2.1275618077112566,0.5425399563259136,-0.18556662090707796,7.132043743411704
51.087291580000006,2.133694600764568,0.5520499494987025,-0.18575812456714935,7.131777141294565
51.119891255000006,2.1367634876129555,0.5568084772583521,-0.18505937887110668,7.131581222519673
51.153909318000004,2.1426955141504105,0.5671473782580349,-0.18593059333360848,7.131293016730888
51.186860438000004,2.1486527475728288,0.577272164584817,-0.1866938100512256,7.131094741764131
51.22023352,2.1516327923796505,0.5823408293365431,-0.18565598773756548,7.131112604209758
51.253606801000004,2.1580982853840496,0.5923842824177841,-0.18605457107206413,7.131142988845866
51.286888419,2.164636421884239,0.6028061648837402,-0.18652621571897518,7.131097766510918
51.320543257000004,2.167284675585467,0.607029302294727,-0.18537170624226865,7.131015348842302
51.353593717,2.173807996186314,0.6170859925616468,-0.18604341364033955,7.130867340948361
51.386850401000004,2.1807377574143225,0.6278913209756297,-0.18672393466336795,7.130435499684219
51.420570927,2.1834816514876247,0.6321669017701639,-0.1861746075391204,7.130169875968147
51.453918795,2.1899498332296727,0.6422291751809357,-0.18680000280187795,7.128997220378385
51.487653977,2.196444400856227,0.6522945188695966,-0.18742155705659289,7.126280034900532
51.521840486,2.199705699528943,0.6573244165193938,-0.18909695700647164,7.124661051434003
51.554426397,2.2062562280512674,0.6673794785227188,-0.18971744643108115,7.120957594502116
51.586645955,2.21334667271499,0.6781785825530852,-0.19038431982361803,7.11641430113943
51.621349066,2.216171712787217,0.6824412494757051,-0.19206411973779086,7.114434670695287
51.653592622000005,2.2228444443068827,0.6924625601633724,-0.19268774281598294,7.109476953864531
51.687166134,2.229572804070127,0.7024659986089741,-0.19330888216750597,7.104306356621548
51.72103476,2.2329605380117523,0.707457228274871,-0.19325452069974358,7.101730029023273
51.754756930000006,2.2431249012547916,0.7187348926206709,-0.19268162068902178,7.095446924901664
51.790143602,2.2492949518042584,0.7270554455539866,-0.19286365587566118,7.090770468945007
51.822967043000006,2.2529832735332462,0.731989451611213,-0.19126806995953408,7.087886660920669
51.854684305000006,2.261314222300016,0.7416492690820587,-0.19106738814636312,7.0819482514391385
51.890121528,2.2654384380087795,0.7465010756641297,-0.19095671501665265,7.078935427322139
51.92034528000001,2.2737442554607123,0.7561754319714752,-0.191164022684215,7.072776505530699
51.953911485000006,2.2813317496265975,0.7644777188415134,-0.1912403124824064,7.066291566587914
51.986724581000004,2.289839842709363,0.7737353630944745,-0.1912395139564475,7.05932010674046
52.020780538000004,2.2932295826116706,0.7773762179398527,-0.19064396511371262,7.056603109515353
52.053159333,2.3012414381165023,0.7859166207327425,-0.19061090446880172,7.050213231977292
52.086739072,2.307532812465666,0.7951645200833851,-0.19062675352885752,7.043376248390862
52.120030007000004,2.310511848589318,0.7987708992946728,-0.19050664982133092,7.040654858669878
52.15396917,2.31977428899184,0.8084557967854686,-0.1906786904449943,7.0324899362157005
52.188749072,2.3248934271705513,0.8135430879305552,-0.1908089308231923,7.028100754909232
52.223127203000004,2.32854593978348,0.8171418008948679,-0.19221423318120334,7.024929865014144
52.253477649000004,2.3385505781630473,0.8281922520601135,-0.1923953071684617,7.016687123330047
52.287030015000006,2.3439073655581457,0.8341408165440534,-0.1924815824181733,7.012226168411721
52.320358299000006,2.3483544513590884,0.8390489189866535,-0.1903413246957571,7.008598724759313
52.353326586,2.3555538337046285,0.8469082322882093,-0.1904591436547705,7.002633104301069
52.386697250000005,2.361312971312618,0.8532682764553359,-0.19046236965472133,6.998211937608783
52.420281561,2.3679162376485587,0.8604285246825831,-0.19132808513333766,6.99298703174477
52.4528942,2.3761044905895083,0.8692244294626534,-0.1913958409871111,6.987117437572774
52.486306917,2.3849636688566815,0.8786471891014591,-0.19147509577662902,6.982397969887245
52.520189353000006,2.38735034109037,0.8818779022029549,-0.187596278109224,6.980928527733446
52.553139167000005,2.3949568558721794,0.8902983825436367,-0.1874186183001874,6.978053904982051
52.586953057,2.402589356483266,0.8987058568130417,-0.1872414821946774,6.975703464637561
52.623237700000004,2.4070639482271305,0.9018223058512276,-0.182873610507914,6.974694707070085
52.655519443,2.4152394987634302,0.9094113241123298,-0.18289731464220346,6.973011807141082
52.686089837000004,2.4234354228962305,0.9169848671391534,-0.18292046581188603,6.971426729847388
52.721065657000004,2.4279643891754943,0.9213428381160981,-0.17834888012063868,6.97037129792907
52.753893989000005,2.4365147693394222,0.9293107859872856,-0.17851752852466532,6.9658555376706985
52.786714133000004,2.4451289224640482,0.937227568108937,-0.1786896498003759,6.957893136941544
52.8205967,2.4535243938736224,0.946122684156143,-0.175344122348165,6.9481291563555265
52.856726910000006,2.4582519857200418,0.9507723760300819,-0.17530532065051052,6.9417394724439845
52.888983963,2.462671488467668,0.9550884486480158,-0.17527167725525852,6.935593261253971
52.92033525,2.4766377213800355,0.9670942671575474,-0.17472733963115042,6.915228295139224
52.954751720000004,2.4824512132259646,0.9717980606721511,-0.17463983799431734,6.905508369539836
52.986708253,2.493478744301239,0.9805330231605675,-0.17448542203040066,6.886357570985213
53.020239602000004,2.497908372637268,0.9839101224784761,-0.17546952167212176,6.878102171925317
53.053751749,2.506993774303971,0.9915557680762543,-0.17507629081387635,6.85761049706183
53.086165139,2.516752237085432,0.9990672950361299,-0.1747411917501109,6.835275780540682
53.119753002,2.5217102955498762,1.00272966531558,-0.17197610283234782,6.823130331137062
53.153130631,2.531793058475625,1.0090397304330123,-0.1716488663233651,6.796887237917568
53.187171393,2.5420529606531135,1.0152966597939956,-0.17132494795684303,6.768355281073628
53.224042368000006,2.5472652329146426,1.0182967569662855,-0.16927513135854216,6.753344899182141
53.254488174,2.554590339854961,1.0249092668323376,-0.16892914965574535,6.722244992461967
53.287566977000004,2.562943004446864,1.031086190235188,-0.16858394750527705,6.6898391839852644
53.319522336000006,2.567819852677286,1.0345330089452665,-0.1660833591522987,6.670923970840285
53.353122552,2.579806218834488,1.0405178032814573,-0.16599688108072935,6.629500342247992
53.389308018,2.5820573836712506,1.0415754545045492,-0.16597694763307896,6.621498287512288
53.420236811,2.59168080353593,1.0460062510403108,-0.16409993549271967,6.587578657954074
53.454624944,2.601695931620037,1.0502227042042105,-0.1640417327682907,6.552249487139829
53.487444483000004,2.610468864997709,1.0545328995901813,-0.1644005668463099,6.516322156986379
53.520610843,2.6152077974962804,1.056467552839194,-0.16518366914393182,6.49811138325597
53.552873850000005,2.6247628412584594,1.0601240954597064,-0.1653965480935571,6.461598844814016
53.587074716000004,2.6343055082850184,1.0631009683343897,-0.16564899737619096,6.427945662133598
53.620863653,2.6398443156872924,1.0647572003414836,-0.16699608076857833,6.412864036191165
53.65393952,2.6487846772463186,1.0672852220745603,-0.16722063254316033,6.392974964220474
53.687621480000004,2.6571815916016868,1.0701795183636005,-0.16728920056643784,6.3755527944579
53.720089278,2.6616539770712895,1.0715194604519043,-0.17108469117626876,6.368201050830618
53.752857941,2.6706081002024327,1.07412526006536,-0.17120801042844802,6.35533777379121
53.787810533000005,2.681149166344365,1.0772231697098844,-0.1715586289109245,6.3444795850927385
53.820221875,2.685184608247984,1.07835238236654,-0.1669516798221234,6.341037954733755
53.853883431,2.6946898000384203,1.080963711927169,-0.16717741510850787,6.334104350505432
53.886617824000005,2.7058272184717427,1.0836338777721575,-0.16798854515821893,6.328233414049568
53.924330208,2.709873663822099,1.0846168224007047,-0.16456952062382268,6.326567429424361
53.954529818000005,2.720255895778509,1.0870975457863021,-0.16520835851287854,6.322727284884311
53.986441266,2.7303906283179615,1.0894908160274341,-0.16583316706712029,6.320123146447468
54.021940694,2.7360855874283443,1.0908838554899531,-0.1664854224409743,6.3194264267066425
54.053712495000006,2.7470782565568905,1.0934671688629973,-0.16698313778364385,6.318452771512797
54.087807818,2.7586154986333415,1.0961710188278908,-0.16752506278363796,6.318183381441273
54.124578787000004,2.761467981943066,1.098405351830119,-0.16792085642160096,6.31825861562241
54.156348529000006,2.7710475335683107,1.101784062409693,-0.16828480031038928,6.318520356997806
54.186799994000005,2.7813374964028537,1.1054284346078074,-0.16869726595826395,6.319090561089562
54.220526609000004,2.791329294816657,1.1067913788378638,-0.16870169768271,6.319630123472659
54.255233042,2.796699329243202,1.1080177527772035,-0.1687464501286123,6.320370823686197
54.286332984000005,2.807053063444272,1.1103456129484948,-0.1688541675847134,6.321597746594012
54.320203964,2.814177669452373,1.111571823375258,-0.16755679179958577,6.32411748946323
54.353431149,2.8224143135573656,1.1132181778800543,-0.16786109955786338,6.3306845759923345
54.386991739,2.833396797944694,1.1155082828792042,-0.16828311814719615,6.34568591993197
54.419892849,2.837719816392157,1.1164929386170872,-0.16533534161720204,6.354139725572228
54.454225674,2.8495258029236856,1.1195783567938726,-0.16583671787475693,6.377699791025858
54.486613451000004,2.8606230125856547,1.1226876264210812,-0.1663309272273508,6.407426354525754
54.521249571000006,2.866134713585115,1.1243929397072199,-0.15983809950966474,6.424307443186773
54.554410127000004,2.876738784568249,1.127628743800807,-0.15982834948121247,6.460503501639014
54.586590346,2.888111887757218,1.1316368227048499,-0.1598992914067738,6.502089847997276
54.619768892,2.8925535255929278,1.1333824936930343,-0.15894309818471594,6.519504339890509
54.653472776,2.9054264423594867,1.1382881797063644,-0.15910785225995663,6.5721937823979975
54.687190086,2.912706901324326,1.1415201188184103,-0.1592205755769716,6.602153224075558
54.72055331000001,2.917643543568146,1.143839104618761,-0.1582269894832402,6.621952337520072
54.753240316,2.927989059754333,1.1493079413244163,-0.15832856950818772,6.662385568002338
54.790205542,2.9368822937754153,1.154428653402292,-0.15841622292483912,6.695750790070715
54.82114613700001,2.9415732507589416,1.1572820028910207,-0.15911669070648443,6.712982375920084
54.85391793,2.95105052376528,1.1633538660891227,-0.1592041782278246,6.7474241419256815
54.888412806000005,2.9555950238488755,1.1673712745328713,-0.1594875887048955,6.769941564614768
54.920515215,2.961748527008308,1.1722757427330375,-0.16117431676925012,6.795120120295766
54.954731449,2.969403448619303,1.1786510755952655,-0.1614141515160692,6.8237127589181
54.986979339,2.978704007727635,1.1854576271724688,-0.16215048254714998,6.847120959604647
55.019809377,2.982955085411497,1.1889133455641878,-0.16404081445917373,6.857827501595015
55.053084610000006,2.9913703152764217,1.195929048237602,-0.16462929095743686,6.877490574584574
55.086876137000004,2.999657437479096,1.2030962659461224,-0.16522424247540762,6.895077026577463
55.122572072000004,3.0050101364539086,1.2049275079677182,-0.17045347511675552,6.902548870401933
55.154041906,3.01421744458439,1.211576473294337,-0.17137944453667767,6.917492433491193
55.187334625000005,3.0243197105019584,1.2181351463198438,-0.17223787654585312,6.931224601585684
55.220364874000005,3.0280351279592033,1.220601242541252,-0.17448038401568877,6.935187710003921
55.253220250000005,3.037586183227657,1.2269935249565314,-0.1752852094826743,6.9414848652109
55.286059455,3.0468892648882386,1.2332637439707983,-0.17608002582397211,6.944791160091669
55.320038752,3.0523427417818545,1.2370660730731817,-0.176868563610644,6.945983753069117
55.35305124400001,3.0602792907876895,1.242471609233919,-0.17773486423995388,6.946444787393951
55.38661737,3.070031571992918,1.249120666927108,-0.1788179440012355,6.946496678784117
55.420333936000006,3.0731130930529322,1.2524085132893332,-0.18062752113016867,6.946223078207477
55.452874645,3.0811077005458656,1.2588421828975909,-0.18112945496963992,6.948821606011038
55.486176448,3.0892562857116403,1.2655139902582202,-0.18164307156525525,6.960462954279768
55.520583748,3.0932841799630633,1.2689020155207191,-0.18791925528800965,6.969558599558239
55.554058453,3.100914508210921,1.2781652418037328,-0.18795845354044183,6.9934783477721485
55.586900724,3.109002904729749,1.2871336231609694,-0.18813964651197043,7.027274348498112
55.620236449000004,3.1151044521058786,1.2945749199823493,-0.17227054306883963,7.058701435891467
55.654970293000005,3.1193640497318613,1.3001832586914401,-0.17237263245261472,7.08440383797848
55.68599068100001,3.1266542790844087,1.310315603021063,-0.17251798632547788,7.133092035570871
55.720068122,3.1293552903163486,1.3144596556827435,-0.17178349605413318,7.153902602488197
55.753000844000006,3.1342002694441082,1.3257191049662878,-0.17174686746034734,7.2050287137674065
55.786304147,3.1389698138709408,1.3366317668660825,-0.1717644943937855,7.258704685847528
55.819991479,3.141117759003017,1.3421914923858367,-0.17151144839740323,7.286286647309342
55.853643111000004,3.1452494915642535,1.3510917325963168,-0.17135092185177658,7.34284230763318
55.88628605900001,3.148900563763749,1.3609887732036399,-0.1712306578188262,7.400641202647121
55.919586411000004,3.150484957369347,1.366016763593971,-0.17077982802918418,7.429160261781151
55.95361071000001,3.153310262870434,1.3761605084615265,-0.1706487341562354,7.482615935832822
55.987314125000005,3.1558126885691067,1.3871701777272059,-0.1704992146781444,7.533728988386539
56.01968788600001,3.156619012730156,1.3915589230737497,-0.1690667363103788,7.5512077521075245
56.05313477000001,3.158300037564809,1.4019070526432929,-0.16890271491236156,7.587808198202914
56.089756273000006,3.160147739338156,1.4083582294505474,-0.16805004072788352,7.605247238715835
56.121742887,3.1616086943094297,1.4189190132369176,-0.17297659371313145,7.635398337951795
56.153271017,3.162835673502155,1.4297668875777727,-0.1724520682290558,7.660794306914401
56.186568471,3.1648947352666563,1.4399141532907938,-0.1722905464849612,7.675885358868295
56.220008255,3.165690238319279,1.445161088160608,-0.17534046266659817,7.679931141094212
56.254161744,3.1672640556379115,1.4556502324320764,-0.17504349189737187,7.683379607965296
56.28753329600001,3.1680786542328847,1.4661591487502277,-0.17446991269819212,7.678922713473756
56.323457644,3.1686208891779932,1.4711085236485903,-0.1741429393515263,7.674027198248185
56.352976371000004,3.169724299138582,1.4802316089748855,-0.17370494591237587,7.660548226511404
56.387195982,3.169894889783802,1.4900908406149984,-0.17266926026769558,7.640574707922182
56.419768501,3.170262397740032,1.4944095942801656,-0.17033238763306469,7.62812517374285
56.453276300000006,3.171004665137886,1.5041788721601113,-0.16931801413478145,7.599272034139274
56.48670262900001,3.172028212549729,1.5136864939217316,-0.1683481005461335,7.566390207996815
56.52011176600001,3.1743820653191985,1.5172872444980887,-0.16373249917968352,7.54580468451898
56.553001929000004,3.176927345737796,1.5250324784516807,-0.16297675013003912,7.509561880568557
56.586083483,3.179947825670771,1.5332000757384143,-0.16219821064323356,7.468230324320197
56.619921671,3.1821775636928384,1.5375593061120938,-0.16272257239495178,7.44359263364505
56.653104623000004,3.1857936034551235,1.5447842652982704,-0.16218250974766563,7.401413473479041
56.687362018,3.1899982352027787,1.5523656245915003,-0.1616384253138367,7.354314547187047
56.719786578000004,3.1917821565678306,1.55604618579898,-0.1634734245699922,7.329303646017223
56.753210874000004,3.1959964901664404,1.5630763608480307,-0.1632964773838486,7.280813866793524
56.786352560000005,3.2009376877420435,1.5705001819491926,-0.1631358647956118,7.226567982850657
56.819586869000005,3.2030380216650327,1.5733336901046249,-0.16356851229686176,7.204686308124929
56.854046811,3.2081409220335897,1.5798506812740856,-0.16344974915021737,7.152803637818905
56.886478884000006,3.2139612932377846,1.5865518352917762,-0.16333075127203034,7.096189472778763
56.920298334,3.216398141156576,1.58907454765734,-0.16191962785930655,7.073268383342259
56.953957669000005,3.2241989307289023,1.5931655312675947,-0.16336193052219608,7.019179373234069
56.986147075000005,3.230914853644714,1.5979878865312291,-0.163904521108379,6.9645347214912405
57.021641280000004,3.23438110227851,1.600227960630688,-0.16199028955538777,6.936761560633598
57.053189813,3.238246811247879,1.6042386354808347,-0.16244857606977353,6.880710784016891
57.086535703,3.243666753844092,1.608347687224581,-0.16295434135349374,6.820129502333243
57.120746422,3.2458922723676706,1.609848668562432,-0.16394470016853682,6.795972594303074
57.153793748000005,3.251196578761089,1.6132079848489123,-0.1644224749106774,6.7389707936970105
57.186730039000004,3.258668988599465,1.6170175376176064,-0.1657327946470141,6.677470208692989
57.219968216000005,3.2613830809001194,1.6182551999493522,-0.16457259578693237,6.652818375919186
57.253060441,3.2678303545422853,1.6209558609142674,-0.16548059102604729,6.594951722045473
57.287696952000005,3.2748103432469686,1.6220801116518129,-0.16577375732533284,6.536390706309414
57.3199229,3.2787199258572297,1.6228432972635725,-0.16567666954666918,6.502474490392144
57.353668487,3.285058721817287,1.6237451465496524,-0.16614369874225984,6.44708858896573
57.387620873,3.2906972766589,1.625234774633165,-0.1669519578230158,6.387127483840463
57.419934799,3.29378113266698,1.625681354930238,-0.166902669626419,6.3571186726365685
57.453512119,3.299951236713395,1.6263355051203843,-0.16762082783976787,6.297267646717172
57.487164112,3.3063712433701897,1.6258598025852022,-0.16800543381290514,6.2328584470623145
57.520483882,3.308903197053908,1.625635576570303,-0.16751259966366475,6.2072417196832665
57.553892378,3.314804521719066,1.624907726284159,-0.16795597070210572,6.147034886658158
57.586499833000005,3.3206137851037987,1.6238241151032329,-0.1683911948771505,6.086295451981036
57.624337680000004,3.3238959310388454,1.6230365563340778,-0.16811342999023543,6.051269264615508
57.655346777000005,3.329096340806845,1.6215347782828218,-0.1685095136048887,5.994517653062822
57.687860150000006,3.3345746113156336,1.6195983645215102,-0.16893405192677097,5.932984313381739
57.720175870000006,3.3377863085422423,1.6178029649455168,-0.1687824832099635,5.902229075826315
57.753784792000005,3.343145161482912,1.615120268536712,-0.16968817100354233,5.841398602816645
57.786252226,3.3482912210205273,1.6121434151063978,-0.17060288880423366,5.7847236062763585
57.82032976000001,3.350328649309508,1.6121318228242072,-0.17214260833653677,5.759396844897606
57.85320535300001,3.3550462405985506,1.6100825468465951,-0.1729664119062211,5.71311869947643
57.886286860000006,3.360198474622846,1.607572342516497,-0.1738914203205589,5.668771806100556
57.91990237900001,3.3612654820688963,1.6066631664265074,-0.17396658277566426,5.652404371026671
57.953359250000005,3.3644713089908413,1.6047680851766395,-0.17441494951812325,5.622732921366919
57.986816177,3.3679287184967612,1.602577815850438,-0.17490142833207678,5.592054234615984
58.021323524,3.371558562373176,1.5998433326763992,-0.18029689329971244,5.565753001010723
58.057127565,3.373753437682759,1.598120572045954,-0.1805290973255294,5.549833216768555
58.086313125000004,3.3776001139113347,1.5949282109771783,-0.1809419306254333,5.5225765456137985
58.119624353000006,3.3821345972222434,1.5923390123062324,-0.18429395979090066,5.507948969238334
58.152995006000005,3.3860592529679354,1.5895232104060226,-0.184906936171174,5.4959197810106
58.186895011000004,3.391351660049593,1.5856094324015848,-0.18572627428158947,5.48334702007918
58.2201692,3.393973599074691,1.583632586604529,-0.18647607609106479,5.478880998236466
58.253257384,3.399188143015417,1.5796649483945542,-0.18726497167384468,5.472256076192197
58.286627627,3.4047489101252144,1.575365105262487,-0.18810409134438363,5.465113677076225
58.319569814000005,3.406931778785514,1.573656346706329,-0.18412933716279942,5.460306469796669
58.353347246000006,3.4134079121123873,1.5925199460374428,-0.18332477617694026,5.444318135619599
58.386358947000005,3.4200702698823626,1.5969170742968666,-0.18338430428639788,5.422734484814578
58.420558911,3.4227343294629518,1.5986337951494396,-0.18391607756036127,5.412856799311442
58.453375961000006,3.431142927959863,1.6034367428736522,-0.18404146722815068,5.379717413263515
58.487536337,3.435796510787874,1.6059993264283687,-0.18409219698516308,5.359943374536095
58.519592187,3.4391153486826926,1.6077697355187044,-0.18620619191283716,5.345388202025704
58.553117415,3.44582156435352,1.6112514426001368,-0.18626978732821245,5.315534240895405
58.586089951000005,3.4502314879996954,1.5939949655083934,-0.1862431200697953,5.2887736447209885
58.620462268000004,3.4522563161159017,1.5898653425701779,-0.18713168810799177,5.278032858571794
58.65357559,3.457362629901343,1.5803533167319674,-0.18689994246089045,5.257654946872664
58.689781572,3.4612600378969622,1.5729434987335287,-0.18665867751715015,5.245890277142941
58.719667327,3.463059821480533,1.5694292741718678,-0.1867180976906341,5.2412848113570325
58.753518838000005,3.4672366018356793,1.5611211716407736,-0.18644349861746448,5.23204184096598
58.786157084,3.471075040821195,1.5556155558416638,-0.18628250260425278,5.225050197541507
58.819883144,3.4731092551101987,1.5523045973656577,-0.17809694102776727,5.222297180643487
58.854660058,3.4771461561710617,1.5456733109698004,-0.17785368073957122,5.217775381759255
58.88689182900001,3.48198642038884,1.5385003979636247,-0.17771600106644825,5.214194749145747
58.919806013000006,3.4842474199291487,1.5349550864022041,-0.17416103407330774,5.212652606559244
58.953504732000006,3.488752723579408,1.5278567577528062,-0.17396491272157044,5.210106627539178
58.986765115000004,3.4935699534447195,1.5202113571176301,-0.17374848296020515,5.208093478597715
59.020922047000006,3.497269174326818,1.515890909873539,-0.17228460691987704,5.207661613666929
59.054690668000006,3.502954540139117,1.5075518117094906,-0.17185900522119585,5.2065826924310175
59.087568728,3.50849812992237,1.499400003626284,-0.17145157493501093,5.205628594679311
59.121188512,3.511440789468288,1.494147870798813,-0.1719587350538017,5.205288775187979
59.153559521000005,3.517243119319933,1.4846834222111502,-0.1714937171922777,5.204850478938395
59.186342111,3.522906457254237,1.4754269832478373,-0.17105481338599,5.204621238294402
59.220339554000006,3.5257392208865244,1.47079026924323,-0.17232277372602542,5.20463000762336
59.253084565,3.5314074996283726,1.461503631750038,-0.17190656646159533,5.204815850502327
59.28694137,3.53750705210928,1.4514959754406538,-0.1714720072684395,5.205239766848025
59.321173516,3.542182470344966,1.4462043049943418,-0.16816624410788475,5.205581113710914
59.353202637,3.5478759673275384,1.4376785655051663,-0.16785933932259153,5.206310898629716
59.38602319100001,3.5547148447119743,1.427430206048895,-0.16750433657509783,5.207164521505794
59.420459322000006,3.5574303663819955,1.421794440121421,-0.16255692173847308,5.207156210569677
59.453131772000006,3.56251054270498,1.4128806316680396,-0.16276677972918585,5.205456751029717
59.48659655,3.5681738437157935,1.4028434377750718,-0.16302416288970942,5.200850965109016
59.520549412,3.5709819630444377,1.3978019762140945,-0.16275170324440583,5.197532764022038
59.55409830200001,3.577334762495344,1.3863946838720518,-0.16325250236255384,5.18852233213382
59.587337963,3.58362063929886,1.3745612503398663,-0.16375169786172053,5.173858844976415
59.619736722000006,3.5860407622785457,1.3698365232151566,-0.16659980634602134,5.166844207477196
59.653160651,3.5912740736704736,1.3588672895844716,-0.16731330733732258,5.148378784051687
59.686446086000004,3.5964234863336766,1.3477241623147485,-0.16800646772630537,5.127576607132793
59.72081549000001,3.598895708035686,1.3420949307839558,-0.16913610501352433,5.116357625193762
59.753215864000005,3.6057665865455424,1.3339532729648542,-0.16894446501605007,5.092882339823758
59.788604411,3.6120058957952694,1.3245171544293122,-0.1689511251813345,5.068008892631997
59.819568621,3.6150374495387467,1.319732492450484,-0.17133169462118344,5.055026045508207
59.853776185,3.619796676725243,1.3078228380145935,-0.17167395239666142,5.024126450092465
59.886835897000005,3.6213008566424074,1.3040745961473557,-0.17177513751637516,5.01393333651761
59.920828060000005,3.625117316203527,1.2940857485089055,-0.17677451206613967,4.986634108776458
59.954106401000004,3.629857323186796,1.281586801151037,-0.17766062837793503,4.955123325516406
59.987807833000005,3.6333301710398387,1.2711217296093569,-0.1784335137112363,4.928605119670622
60.020247515,3.6351314005610122,1.2652581818563278,-0.17985246544193156,4.913698404406203
60.053044453000005,3.637423598708277,1.2551511688164398,-0.17968674244166213,4.878005482973409
60.086063194000005,3.6390697724278023,1.248426656181854,-0.17945365464291535,4.853501727064605
60.119602541000006,3.639996600776038,1.244267356224546,-0.1771235208770627,4.838368833581677
60.152866422,3.6416880416988913,1.2359215865607833,-0.17682086198625163,4.808051167530681
60.186801207,3.6451767785372398,1.2212375227073593,-0.1787831822384502,4.775394792674956
60.222365233000005,3.6459881077347136,1.216264865766049,-0.17649662424574786,4.762369000364048
60.253015138,3.6476962426779265,1.2045231216414731,-0.1775140050946302,4.73169579515908
60.286421697,3.6479397030271183,1.193424437000247,-0.17856880186299198,4.700974480158842
60.319576556,3.648106308172345,1.187820724495094,-0.17484427077925804,4.685978720839638
60.353817591,3.648195893671553,1.1766044467455647,-0.17591316913818839,4.65750680042628
60.38660972900001,3.6479701305544956,1.1645389626230842,-0.17707322278111054,4.630686351278552
60.42121366800001,3.64870854482374,1.158953841142536,-0.17669668725607054,4.621481487512797
60.453393728,3.648730340229684,1.147067245976492,-0.17765032219191135,4.603055395316503
60.48751577,3.648258408114598,1.1349229160365981,-0.178720540605759,4.588259313957226
60.519602783,3.6480756359146205,1.130547718176397,-0.17525979852954143,4.583716837026416
60.553175494,3.6475080651674165,1.1191643463680785,-0.17627254109186136,4.573139232160118
60.586240041,3.6467906333178077,1.1072147283707574,-0.17732947342835628,4.564239695690244
60.620467042,3.646785212591128,1.1012134270565526,-0.1704680546904482,4.561354779086755
60.65476342,3.6461287658658668,1.0890814941068487,-0.17118858957853172,4.555480731750757
60.686290464,3.645401447479471,1.0769291915645058,-0.17190361507679483,4.550386084559448
60.719998274000005,3.6450111696595586,1.0708419697829377,-0.16741251220930192,4.54824867651987
60.753606144,3.6441972872707105,1.0586618824395229,-0.16813273514468438,4.544691200416535
60.786302069,3.6433408941197984,1.0464606116680701,-0.16886550753302476,4.542181967376399
60.820047403000004,3.6454643444006503,1.0381375257307432,-0.17058093211676092,4.540831571452517
60.853853486000006,3.6456701120509813,1.0284518271910534,-0.17094780881517033,4.539785724335521
60.886091839,3.6459016065867678,1.0162540175480133,-0.17142416274004166,4.538886398156441
60.91969421,3.646014672427205,1.010145481592899,-0.16997540329669292,4.538631915264768
60.953043709000006,3.64506068803098,0.9993741721710495,-0.17058096369632095,4.537907356650374
60.986313534000004,3.644503951488072,0.9872662570972728,-0.171211360001513,4.533101132146179
61.02050355,3.6442422282596807,0.9824767023462482,-0.17311319693178845,4.527649836864801
61.053234204000006,3.642802745818461,0.9700589496966612,-0.17379020353720032,4.510086229938658
61.088267284000004,3.6410275373350554,0.9570015837753076,-0.1745318755009694,4.484906166966942
61.119529139,3.6401989331396565,0.9518528703580562,-0.1796917520352306,4.473365373511427
61.152641457,3.6376736998966477,0.9396197082485837,-0.1806688162446586,4.444251680621173
61.186103386000006,3.634848584921189,0.9274902812589179,-0.1816260973689249,4.412889010294596
61.220213759,3.633264580281757,0.9214554738048171,-0.1797684645749276,4.3960834189465645
61.25386945300001,3.630694673705807,0.9081807477473551,-0.18062588256480647,4.3575017618169944
61.290201444000004,3.628150837547379,0.8975646832561602,-0.18131157506733028,4.325345607079177
61.32062603600001,3.6265743736587672,0.8916071028614934,-0.18030284326081067,4.306895449750623
61.352873853000006,3.6230871015499737,0.8797721284169002,-0.18109680560224542,4.268938516579894
61.386652094000006,3.621173360677539,0.8738977880034091,-0.1814960375515932,4.249352200129945
61.419807518000006,3.6169878584240327,0.8622537610551883,-0.18079727521271907,4.209389863085487
61.453253203,3.612359647234781,0.8507616047625979,-0.1816151434154794,4.168773580508956
61.486538542000005,3.6072753879900388,0.8394421727308108,-0.18243831282735362,4.128880169216403
61.520535807,3.6045492185615977,0.8338613896257058,-0.1829596211247455,4.109715785621058
61.55404269100001,3.5988302335343345,0.8228222290521434,-0.18379457108302133,4.07333045701974
61.586359532,3.5927185371423995,0.8119720774225785,-0.18462409458299422,4.0387819236362885
61.619631084000005,3.58949327413599,0.8066120947364208,-0.1890452316637743,4.0217218812144555
61.65343398900001,3.5828224617360314,0.7960557550226678,-0.18989378569533788,3.988046033479125
61.68732114,3.5752663271798517,0.784934700804772,-0.19079532467640592,3.952078021990671
61.720593827,3.5721274573545374,0.7806063806741141,-0.19305932298364498,3.9380388937307447
61.75381234100001,3.5653968680573396,0.7703364075709018,-0.196789703135325,3.9054927709109397
61.78657629800001,3.55764493636613,0.7604816568466595,-0.19841835873990527,3.873381649110252
61.82001609500001,3.5536407158135965,0.7556458984331191,-0.20052664339004617,3.8575991598000994
61.85327805000001,3.545416505151189,0.7461433132084887,-0.2021826218752203,3.8264813720760102
61.887258242,3.5354507636434995,0.7384247490351985,-0.2031502988981289,3.796088507667485
61.919830639000004,3.5307003777069017,0.7343817961175857,-0.2097233840658147,3.7810898333394585
61.95300709000001,3.5210354613145056,0.7264757647789393,-0.21099299464948407,3.751309639808659
61.986898738,3.509561910720317,0.7188037698844367,-0.21223927659654312,3.7176058874814433
62.022390284000004,3.5052650640034178,0.716059135398657,-0.21183701330535654,3.7041204960291307
62.053096961,3.4940804944651194,0.7092619650345522,-0.2130551826403988,3.668143698046065
62.087883827000006,3.482904020299975,0.7030309084451605,-0.21424635938608821,3.63130923553892
62.121158123,3.4774662063976427,0.7025925106727363,-0.20961341229473446,3.6134613518353595
62.15326575900001,3.4658244911225795,0.6986383263639226,-0.21068706454247893,3.573920292529517
62.186577766000006,3.4543026073393257,0.6952463660151075,-0.21174036094608695,3.5344454683685114
62.22012990100001,3.4495796156544873,0.6921740010791463,-0.21101884926002717,3.513667100983647
62.2529431,3.4390070831875565,0.6881532812802378,-0.2114778324241589,3.4740062061364827
62.286575107000004,3.4272462991372596,0.6842187601939237,-0.21198173635956002,3.430109796603797
62.32018059800001,3.422382344903594,0.682131512520604,-0.2057389837268318,3.4119458273121444
62.35387210100001,3.411275211156359,0.6785593532172985,-0.2062984235120215,3.3710314854767454
62.38670672800001,3.3990194046596374,0.6751597717249607,-0.20690401412918352,3.3265380084449885
62.421377805000006,3.388339510672415,0.6724259049183681,-0.20280736593957843,3.2908878312967724
62.454819137,3.3813717769105223,0.6709402973215006,-0.2032878089959117,3.2673707128964744
62.487636538000004,3.3689838907739795,0.6686900194900125,-0.2041602359550031,3.2262475064177334
62.520855606000005,3.3578342608519645,0.6674137730422949,-0.20247340534451935,3.18611101835722
62.55356296,3.3519216160105323,0.666858100651105,-0.2026255290768545,3.165096084594964
62.586200946000005,3.3404732254155074,0.6661254365939618,-0.20293853808691514,3.1246614194358227
62.619992888000006,3.3347360654524802,0.6659538680360402,-0.20232688592731868,3.104726625562927
62.654371281,3.3232559999046294,0.6659061690925556,-0.2026301583468038,3.065039367595543
62.686152943,3.3109132131413603,0.6663586300477742,-0.20293808758060466,3.022749304277724
62.720638086,3.306037538997008,0.666714906193032,-0.2020042806695142,3.0060609991354497
62.753629086000004,3.294267097855701,0.6700927692261666,-0.20190525151357336,2.966801528249107
62.786247884000005,3.2828326313777776,0.6725055560023014,-0.20198172083720722,2.927503332563088
62.820592375000004,3.277153554930046,0.6739044687373226,-0.1997571969905066,2.9078941668143568
62.854531644000005,3.265839565958401,0.6770289757899142,-0.19961311129794546,2.868733626004044
62.888474085000006,3.2546565266263703,0.6805873786020971,-0.19949430718894162,2.829758116873217
62.919711329,3.2491237365740906,0.6825555405714904,-0.19972189393906087,2.81027571389357
62.952849105000006,3.2381563011425127,0.6867761819220943,-0.19957780831774707,2.771281600086055
62.987525382,3.226551465768813,0.6917976651403002,-0.19939747244005473,2.7294335981024496
63.020151821000006,3.2220343539641094,0.693950224243816,-0.19695104541961456,2.7129662216775063
63.05354785,3.2115201462465492,0.6992621286546794,-0.19674641921809322,2.674253446242261
63.088367543000004,3.2008570867340054,0.7008642499155717,-0.19754915405284373,2.632706873142255
63.11973776600001,3.196552054311895,0.702858436183766,-0.1978397555784186,2.61637455553379
63.15305549400001,3.186527407076245,0.7077741066952212,-0.19794828695236782,2.577852434251506
63.186307712,3.1765174869464734,0.7118971017192501,-0.19826110901437893,2.5394923816644677
63.219476321,3.171582708367018,0.7142654837795432,-0.20079135087669148,2.5202159380512548
63.253298044000005,3.1618273635189507,0.7192329672344036,-0.2010275618726569,2.4818218181649323
63.288266928000006,3.1518722298441517,0.7258702525816099,-0.20115419720043748,2.4452572758872004
63.319726489000004,3.1479829964185186,0.7284928826121491,-0.198570352903625,2.43392201940355
63.352798972,3.1389319775072284,0.73480843125474,-0.19870232513434055,2.4114875109014435
63.386188581000006,3.128199356657217,0.7427768881568464,-0.19903532803091023,2.39321639888662
63.420274747,3.124123484224331,0.7458809824507986,-0.19475328569135775,2.3874007665770165
63.453841478,3.1145887751254393,0.7532801843253188,-0.19498679824848308,2.3753513917422246
63.48763081800001,3.1052482389225293,0.7626020215183819,-0.19510325360952352,2.364927800335998
63.523998021000004,3.1017199241115545,0.7660512434529798,-0.17051339343338334,2.3617733540173287
63.553016165,3.092812690109475,0.7749112921384111,-0.17058961742660653,2.3543388967434566
63.586387507000005,3.083532390189217,0.7842990167466402,-0.17064488569164635,2.347491562083352
63.620424466,3.077181413856774,0.7885438058881105,-0.16981415195108804,2.344340218376991
63.653094305,3.0684532874010015,0.7959906465939863,-0.1701045567096657,2.340154545174934
63.68599171,3.057840741242912,0.805153080565184,-0.17046381954476472,2.3358867585110925
63.720414297000005,3.052702648297392,0.8097174832567232,-0.17332049117509554,2.3344583726437986
63.75495299800001,3.043359891630519,0.8179616921550033,-0.17355263873890267,2.332306657642072
63.786136972,3.033285444869323,0.8269024983752269,-0.17381581970996174,2.33041127976053
63.820150587,3.028249272003379,0.8313878016146612,-0.17696487959411566,2.3298950160628493
63.85312828400001,3.018191187228204,0.8416909712382149,-0.17721494156959852,2.3291728464252817
63.886336703000005,3.00812937594586,0.8515539683214481,-0.17747879861715807,2.329022764802726
63.91980882000001,3.0030937182320265,0.8564970776409688,-0.17893098892725126,2.329253881585926
63.953328248000005,2.994141717017307,0.8663903737139775,-0.17923619523176618,2.3297958065669264
63.98838640100001,2.98426200170634,0.877035979292103,-0.1795464892398764,2.3307173982795977
64.01974991,2.980345466257978,0.8812435579498094,-0.1800896200174548,2.3312496102008957
64.053093948,2.971647095330089,0.890710061715239,-0.18058250044924176,2.332576679681357
64.08632087400001,2.9627863662961493,0.9003035836293134,-0.18101051863943482,2.334197600098249
64.120039086,2.9583489071572537,0.9051040143239015,-0.18269101393192191,2.3349065635256565
64.153616794,2.9487276476218347,0.9153952444196319,-0.18304167547829603,2.336466814278972
64.18647248500001,2.9392810067708015,0.9255383338930216,-0.18338439921284846,2.338195558017621
64.22002337500001,2.9345481105523956,0.9306142512226112,-0.18493407519256685,2.3390225698777263
64.253513485,2.925417824660241,0.9403012574274499,-0.185275848025059,2.3405450376948007
64.286085684,2.9162023538826176,0.9500656576937113,-0.1855982181405769,2.3420792182272825
64.31999386700001,2.9115864987083246,0.9549514048050656,-0.1861834561955061,2.3430121672047286
64.353724622,2.90233804421353,0.9647286120837304,-0.18648223618405635,2.3448773641720795
64.386528254,2.89105917836449,0.976246097642208,-0.18646621569446217,2.346596791688082
64.420387813,2.887402114719485,0.9800169953428153,-0.18521221031027774,2.347184303462461
64.453018617,2.8776475631081397,0.9900934990718131,-0.1852766847378664,2.3485477187179837
64.486571458,2.8657811493909886,1.0004034919111802,-0.18497229750781782,2.350024437749624
64.51959636000001,2.8612427851291127,1.0045525353879317,-0.18076979324684916,2.3506360188621
64.55322019,2.8505550327704183,1.0143253473280631,-0.1805480889481251,2.3518014511588365
64.586036033,2.839960299198517,1.0225797500081757,-0.17993874230347665,2.3529500052253516
64.621821932,2.834626340344606,1.0268891039700803,-0.17735983114354562,2.353616155478815
64.65354165000001,2.8239410276256423,1.035506385993521,-0.17681035299787048,2.3546553509641157
64.68619139900001,2.812853578462271,1.044784234082352,-0.17689741001959317,2.355705384027572
64.72041461900001,2.807595330459096,1.0491706897672473,-0.17483807657979128,2.356268561753012
64.752952205,2.7962279715101426,1.0586401296374626,-0.17487934181571474,2.357455482250151
64.786500524,2.7842699835861637,1.0685782564137016,-0.17493843341787924,2.358670616187447
64.821364449,2.7784416559248446,1.0735368854697709,-0.17335187962561985,2.359263892745603
64.85345879500001,2.7677433125102207,1.082490693708225,-0.1738765764978423,2.3602613774418324
64.88697005,2.755414619171297,1.0927954502148833,-0.17451618406731165,2.3610088567069507
64.91997878000001,2.749834649376452,1.0980134221439841,-0.1764975331622054,2.3613443470556192
64.953570482,2.7394463422822946,1.1071563272749998,-0.17719935606580203,2.362039810777665
64.986505029,2.7281265911121224,1.1171124421198795,-0.17800384121352217,2.3626246207269994
65.020354087,2.7224571628914846,1.1220975375600133,-0.17565310791451916,2.3628324412712747
65.056638752,2.7112621948175955,1.1321545393491974,-0.17662742332526485,2.363023778972426
65.087864171,2.699132277840796,1.1429537899412718,-0.17768401245463358,2.3630817372617994
65.119714308,2.6943283892079855,1.147229751658193,-0.17544255202828754,2.3632407414315644
65.15437864500001,2.6831972711308127,1.156881514202424,-0.1764112056471395,2.3634683645751218
65.186561561,2.671980993411948,1.1666829770991702,-0.17742560900511478,2.363756175686243
65.221255154,2.6663618898059567,1.1715917830420743,-0.1738187167226912,2.3639110964108814
65.256459218,2.655520019788407,1.1805899320292217,-0.17451410868807044,2.3642721638849036
65.28746035200001,2.644507956496614,1.1898827742724671,-0.17530914986786827,2.36465069788008
65.319721415,2.6389916241069806,1.1945360362696813,-0.1721632439767602,2.364766884897337
65.353363227,2.6283425333202017,1.2031255673163321,-0.17259580393330354,2.36480304982682
65.38756914300001,2.6185040004422575,1.2110964719192554,-0.17300355012502686,2.3647341360435514
65.420375637,2.6148234819583616,1.214075947345858,-0.17310388451604727,2.36481263191399
65.453491385,2.6038767463319363,1.2233193331160734,-0.1736845357499894,2.365140971040441
65.486547447,2.59309533598758,1.232445145673915,-0.17426022149363646,2.3651882130889845
65.52026652500001,2.588639886850174,1.236216595595359,-0.17166716831631104,2.3652102594745
65.553278182,2.5781532887530454,1.2450917675514754,-0.17220466661737574,2.3651513555371544
65.58639666900001,2.5665648170135107,1.2540600834682076,-0.17284015507466619,2.3651496834535446
65.619761659,2.5609843641337493,1.2585352152236526,-0.17369110296479376,2.3651681785673158
65.65363374900001,2.5498095793489566,1.267493327366481,-0.17427486323942787,2.3652482473738328
65.686674626,2.5377798864616308,1.276834866568884,-0.17455679558230316,2.3653534793442574
65.72012836100001,2.5330159967591794,1.280559918106064,-0.17508881398016674,2.365550216530803
65.752932559,2.5217894002526244,1.2893260593262195,-0.1754165730853009,2.3659748163767382
65.78672261700001,2.5099854199327667,1.299374278015277,-0.17634422691664778,2.367870500806548
65.81951917500001,2.49855454958291,1.3088574027684703,-0.1751225085828684,2.3726325015395116
65.853382659,2.4923704624539234,1.3139411443567852,-0.1755416140127717,2.3761485021046687
65.88650960300001,2.480351580729986,1.3235974864999052,-0.17650833281884784,2.3867610063215055
65.919972734,2.475483326080516,1.3274223995945622,-0.17247577418662705,2.392440447835117
65.95305459400001,2.463954827008342,1.3363301819861537,-0.173355174972694,2.4078397601123847
65.987752263,2.4514363496779734,1.3452279888777825,-0.17427191565885003,2.4265741398898655
66.01926951,2.445183916110782,1.3495697850150643,-0.170051059340032,2.4367313291102937
66.05315418100001,2.432555203612058,1.3580839276422598,-0.17096730432260387,2.4583899724312097
66.086388201,2.4197185305501896,1.3663364466503554,-0.17190010719002513,2.4814866290903232
66.12107662000001,2.413218105224542,1.3703504389899193,-0.1719818772815317,2.4921555918004863
66.15331140400001,2.4001148360089193,1.3782371277490795,-0.17294390974109333,2.510135433279725
66.185853053,2.385876518148156,1.3865098181569568,-0.1740153344782482,2.52602394450432
66.220415234,2.380199566943778,1.3897107411251142,-0.17585974512426505,2.5312625505108404
66.253010761,2.36677831703873,1.397164987356708,-0.17691866883669397,2.5426770606392695
66.2860936,2.353248311539891,1.4044745218777321,-0.1780207134359472,2.554310182724608
66.31974748900001,2.3464365721052864,1.408069949579318,-0.1802688749152196,2.5603402264175577
66.356204563,2.383365943038888,1.3830319382894793,-0.1661565431880387,2.5741787096648228
66.386907934,2.380831001337749,1.3834189122256646,-0.16230865143302933,2.5922986827130305
66.420217933,2.379586773017964,1.38358013385036,-0.16084139150791968,2.6024841382343764
66.453541017,2.360973762565642,1.39392948736101,-0.16252073189241464,2.6239769162233806
66.486352334,2.34806511056685,1.4002250743587383,-0.16267432748637786,2.647176668336554
66.52036592500001,2.3415451848575404,1.4032536364604495,-0.16005109049478533,2.659191237200011
66.553433872,2.329723617874187,1.4079743776494023,-0.15998390890834027,2.6800394815894117
66.586692168,2.3158649826822066,1.413494530866592,-0.15995917283597486,2.6964284509456977
66.61949000700001,2.3112198460518725,1.4152772795604716,-0.16314855917275012,2.7008445869001747
66.654746535,2.297975961741969,1.4209060173575858,-0.16371373928731475,2.7110690659600607
66.686087347,2.2848952178450657,1.4261597697675663,-0.1641823454493034,2.7194377252349677
66.71970956300001,2.27832985289494,1.4287417089355818,-0.17619599371039224,2.722986584069636
66.753510859,2.261966366444353,1.435508734800575,-0.17693040274587782,2.7306823074368456
66.791072657,2.2523033937708083,1.4394324599333184,-0.17736997799965162,2.7344307321933288
66.822359319,2.2457633031728297,1.4420608805677844,-0.18261479011264448,2.7365350881914843
66.852787351,2.2326603578583972,1.447297459214289,-0.1832178617808609,2.7392863186792145
66.888595531,2.218853365416412,1.4563195230831416,-0.18429376573231523,2.7412306543614555
66.919724352,2.2120713536312007,1.4600238559190817,-0.18370843991084715,2.7417682257705307
66.95358972400001,2.1984912410252,1.4674456456399563,-0.18464756894649131,2.7423264323841092
66.988819268,2.186390025072868,1.4690239238067815,-0.184739312231577,2.7424025792718947
67.01965925,2.181251729439852,1.470591813875164,-0.18678329990306056,2.7424139155436666
67.053992882,2.169151464079722,1.4742723362306023,-0.1871693657348421,2.7423498740342698
67.086314353,2.154879829787239,1.4805614592954206,-0.18859192650502787,2.7421103232615547
67.119719348,2.149405672840318,1.4827255286774053,-0.18765334658206861,2.742047072147944
67.153210368,2.136516276006095,1.4878155186121036,-0.1887105106198447,2.741653274779255
67.186715447,2.1241402235574722,1.4923777003290923,-0.18928517233262665,2.741338945593766
67.22183436,2.119333153838334,1.4941890501905253,-0.1948643838310012,2.7412843149786816
67.25413515000001,2.107163275786942,1.4987550001660104,-0.19551947147048426,2.7419744383220053
67.288339713,2.0958898560242507,1.5014949363865764,-0.196066710438008,2.745542170287587
67.321515637,2.0903291043336005,1.5028973537498778,-0.1914867842204307,2.748095029670605
67.352853341,2.0790585360586538,1.5056696648711778,-0.19201499437714803,2.7549108080967377
67.38672689,2.065673493258379,1.5077403915793566,-0.19249868990625268,2.7642007699869127
67.422592772,2.060109602299052,1.5085782856276773,-0.19259209799604926,2.768635822463626
67.454329566,2.0466922761185136,1.5104903230697821,-0.1930653964729171,2.7802791576323322
67.486238302,2.0332385372766546,1.5122204111682287,-0.19353231236631557,2.793150600005392
67.519707053,2.0261409544500637,1.5126625595782939,-0.19079842625316876,2.80104005563268
67.552941477,2.0165541865320726,1.5135064354752858,-0.19098188402212413,2.8086653113776316
67.586544573,2.0029005783709817,1.514602969645069,-0.1912533245662497,2.816597514816019
67.620067502,1.996962613788462,1.515997127489998,-0.1930270669416284,2.8190418214182795
67.654362936,1.9842817139313131,1.5177389867937876,-0.19353660756109442,2.8238146497062404
67.686138383,1.971149906161094,1.5194625392507461,-0.19409722471698976,2.8284997867903225
67.72020713500001,1.9645778067493256,1.520282624349124,-0.19918586243266184,2.8317859589789744
67.752964886,1.9514063434796514,1.5218377526736295,-0.1997988829543711,2.8409129757581066
67.786437322,1.938201074382855,1.523216957273042,-0.20043951837245488,2.8558329720910827
67.82021133800001,1.9315850530995564,1.5238166397960324,-0.20189433522907485,2.8646148783180454
67.853511157,1.9183298725744333,1.5248299543078963,-0.2025610081678123,2.8843199187026
67.889968088,1.9116896242070551,1.525230101768853,-0.2029010093722876,2.8952476016865347
67.92080031,1.8983874067755395,1.5257903601409537,-0.20389902327321047,2.918580515199247
67.954151924,1.8862198062772624,1.5344277125104209,-0.20509602996235737,2.9436581631551046
67.98625002,1.8720178333031454,1.5364851801307575,-0.2060307234425956,2.9709832829844913
68.019790048,1.8663817735188655,1.5371703414587834,-0.20499983601656585,2.9809051189853975
68.053602235,1.8521965143343375,1.5391041680126474,-0.20614129819875954,3.0044001370773294
68.086934337,1.840841681756194,1.5403896922673848,-0.20705270086726685,3.0209196526676534
68.11992315,1.8344082883824449,1.5410283090655905,-0.2136110226532632,3.029857088709165
68.154995293,1.82113051027776,1.5408760552381193,-0.21437638079449628,3.04698695976907
68.18691385700001,1.8079343842044477,1.540613785994161,-0.21513519979500595,3.063338525022669
68.22038144300001,1.8013399826757677,1.5403890651454226,-0.22040902472901364,3.0712766014585444
68.252752935,1.7829836083952244,1.5412645048950706,-0.2215760951613337,3.090964221124378
68.29099767000001,1.7723845011870445,1.541590688876017,-0.22227731578997778,3.101722167543975
68.32038447000001,1.766430426827443,1.5417191389787395,-0.22274884952850904,3.10755915793197
68.353406948,1.7524077715875572,1.541897766683535,-0.22368263431068663,3.121374387594691
68.388012089,1.7479033670119726,1.5393533276695237,-0.22270634284826168,3.1295366073609774
68.41988433200001,1.735931242302656,1.5373028812295475,-0.22191651115294359,3.1488682840508915
68.453558181,1.724003919013985,1.5349823694303266,-0.22157570188336806,3.1725069836471773
68.486733844,1.710928955940477,1.5336852115858246,-0.22154327994248751,3.2004466186485576
68.51988417,1.7045942405915377,1.532641144959393,-0.21620570471470152,3.2155728019425682
68.553090305,1.6916600178597443,1.530246273953173,-0.21604063013365005,3.2478376060546217
68.586761013,1.678350102321697,1.5290134797355959,-0.21604812732807338,3.2783366723564717
68.62082079700001,1.6725728903597594,1.5282050706127608,-0.21504716715133354,3.2898765397969454
68.653045628,1.6591682988765761,1.5261152606339194,-0.21499563915310915,3.3153438807563984
68.686403881,1.6505912666550586,1.5242233786291077,-0.2137544865661774,3.3396305755794584
68.720601935,1.6468373760105288,1.5234670113895632,-0.2142654298000679,3.3489549310880773
68.75287088200001,1.6380441863258766,1.521585107322466,-0.2131862955330922,3.370783450620227
68.786456531,1.6293203296491146,1.5194973799966716,-0.21207530578155798,3.3954436780374886
68.820234002,1.6194599254970083,1.5155805654748107,-0.2192817394055731,3.4089911378185245
68.853406463,1.607082783418737,1.510920986159028,-0.21942964173494872,3.4410035324597548
68.88643967600001,1.5936699008750412,1.505341055591802,-0.21958159515984005,3.480284717494118
68.919713724,1.5876663394645472,1.5017805671059261,-0.21711144338711358,3.5011183112780593
68.95410167200001,1.5784779207270048,1.4967939518692788,-0.21703104048839106,3.5332269973857127
68.988896563,1.566667701907373,1.4898886049177231,-0.21691385173693906,3.576412591484823
69.01976144400001,1.5621004255782114,1.4869863716453675,-0.2174277715426038,3.5931127151433633
69.053175498,1.5513422518386348,1.4822629254873052,-0.21685427885639597,3.6295625231852884
69.08606472700001,1.5407453158745963,1.476218101586703,-0.216390270103133,3.66414639130357
69.119625166,1.5355393568723368,1.4730344837469072,-0.215995236805835,3.6816342129303323
69.156592212,1.5264102264248343,1.4713977297926453,-0.21596349284629007,3.715219149490972
69.188250624,1.5167329808472105,1.467925038029727,-0.2157746463500987,3.741304147305281
69.219573532,1.5119288318279525,1.4661099811993392,-0.2228773365020032,3.751702591207298
69.25283542000001,1.5031445201259044,1.4608016099881134,-0.22302580448869924,3.768290046684459
69.287481019,1.4998222065856675,1.458968463924712,-0.22307387270525697,3.773330176794005
69.31961078900001,1.4919569023554808,1.454565455240937,-0.2297256175208519,3.7832196458236473
69.35298872,1.4807792204419188,1.4463391299005668,-0.23019990319576822,3.7907997643137583
69.388976121,1.4719834419227789,1.4394765553334987,-0.2306678910595279,3.7949112811687944
69.41969218,1.4679624517557008,1.4363227472942988,-0.23541799415017794,3.7961581287179618
69.452938935,1.458515375337622,1.4288837846366433,-0.2359815363527446,3.7981563225439974
69.48648694100001,1.4480696518358207,1.4219063641167162,-0.2364943398793211,3.7984822509978096
69.519673086,1.4430408690785745,1.418306832683767,-0.23215764636751612,3.7982484276954436
69.553105211,1.4329755676316083,1.4111131073848158,-0.23275732415834927,3.7971954035718047
69.586926968,1.4249757717588647,1.4039672736262492,-0.23205472068102778,3.7955206158590173
69.62084585800001,1.4206687631236816,1.4004496425149229,-0.23191053782896331,3.794510744457738
69.652938176,1.4120486952639202,1.3934295517062871,-0.2315300489049829,3.7925701037878996
69.686584737,1.4013519669947547,1.385970932113998,-0.23119254427951652,3.7901097489334963
69.71969604600001,1.3972666217814391,1.3830046512970124,-0.23252213918777886,3.788971084023556
69.75320193900001,1.3876475451083525,1.3760323956331544,-0.23218502199022845,3.7862954591244793
69.787649086,1.3759823419860486,1.3694210751286846,-0.23177398137760824,3.782979695642308
69.822801614,1.3716986376551572,1.3668955437457675,-0.231741336143012,3.781585113792549
69.853149171,1.3607098001962061,1.3604370482263741,-0.23134463262799138,3.7782237729245134
69.88611513800001,1.3491072566474056,1.3518255578515173,-0.23055880119010141,3.774420353514685
69.92062227000001,1.346135380981832,1.3496616900485485,-0.22814038326294567,3.773450947766325
69.95314523500001,1.3360331379006238,1.3422735683043425,-0.2274224496957234,3.7707472944372697
69.986264109,1.3261548294805041,1.3350877676117252,-0.2267150957351709,3.7685810651881004
70.01943936800001,1.3178337125849116,1.3283705892609614,-0.22369008746733743,3.767126888357388
70.055850162,1.311585936068405,1.3235829431208057,-0.22330761309671632,3.7660071573489233
70.08822528500001,1.30181572984985,1.3160805643835927,-0.22269097323269926,3.764729246317494
70.120556304,1.2969257538811476,1.3123319506254816,-0.2236865134282789,3.764007370249741
70.153286283,1.2871398975709714,1.3048438916527936,-0.2230433773310323,3.7627282633579386
70.18639081,1.276608643055054,1.296801270600336,-0.22233035884697067,3.7615459885423146
70.219646489,1.2724446695037366,1.29363167865188,-0.21835920626092514,3.7609798693471803
70.25695041600001,1.2626339180359583,1.2861666519010377,-0.21765614712224285,3.759882817275328
70.286780234,1.2520758852582896,1.2781496604069034,-0.21687780137064655,3.7585402469429847
70.319642253,1.247897918821076,1.2749879578048349,-0.2160046265707824,3.758025394579362
70.35479197000001,1.2328696869697164,1.2679329691202652,-0.2154374964850645,3.756851696017666
70.386166598,1.221761392616662,1.2605766902116415,-0.21473300450626004,3.755668322929127
70.419879287,1.2162025488976438,1.2569074770455275,-0.21145991321229252,3.755043396290072
70.455727119,1.2072146501054402,1.2506084288228432,-0.21091678141921338,3.7539568218063053
70.488282948,1.196646259891063,1.243512101312322,-0.2102599411578892,3.752626681495985
70.51939207400001,1.192464397498474,1.2407156334992233,-0.2092630453850159,3.7520672068280856
70.552861254,1.178633677705935,1.2334313600122404,-0.20938609239104977,3.750761513571426
70.58824298200001,1.1690924503914493,1.228177936177111,-0.20944152862538418,3.7499280977740477
70.62001159,1.164360436580923,1.225582920212816,-0.20683494455006313,3.7495262487722303
70.653556373,1.1532091502508188,1.219484372077443,-0.2069034721123167,3.748640891489216
70.688483567,1.1420388388886282,1.2134073501729314,-0.20697986572786098,3.747577706120709
70.72059613500001,1.1364490795607662,1.2103801150936961,-0.2050943832660158,3.7470171418822718
70.752997824,1.125251400581496,1.2043397429968814,-0.20516802966835573,3.745926386944432
70.787050619,1.1124448943053995,1.1973445780465095,-0.20570173630772426,3.744790841499201
70.819633811,1.1065690893790157,1.1941770432676504,-0.20302871963751806,3.744298023120733
70.85298744,1.094795269045257,1.1878524539014172,-0.20327874873273333,3.7431551499939086
70.887364664,1.0815212119706767,1.1807599661500519,-0.20356280070830307,3.742060574838786
70.92048299700001,1.0770892878921214,1.1784035999454692,-0.20332907164766728,3.741685352804883
70.952906111,1.0652582527970929,1.1721287168290822,-0.2035826470021671,3.7407999815354684
70.986398882,1.050810617550676,1.1591831830643025,-0.2042739717901667,3.7400924851929225
71.019595257,1.0455307387409618,1.1555870300534843,-0.20330165713839354,3.7398524618701057
71.053112119,1.0330889078241938,1.147120006563787,-0.2037266010861703,3.7392945583211374
71.08602197900001,1.0203081952308157,1.1384346623819375,-0.20417063605730923,3.738864030458275
71.120454433,1.01438005307684,1.1344102757394363,-0.20055110931973924,3.7387342877524326
71.15412878100001,1.0018750825813607,1.1259302513131715,-0.20098651931584233,3.738230466002673
71.186242166,0.9893421944541292,1.1174455320302759,-0.20142478928399382,3.73765317975487
71.21992662800001,0.9826347127293718,1.1114624867622187,-0.2003775672704664,3.737338562958048
71.25307411,0.9699235856465082,1.1023609060899253,-0.2009607658317163,3.736664336269955
71.286185626,0.9555873994542683,1.0921111931236338,-0.2016218524747811,3.7358253674694515
71.32021863300001,0.9507999967994745,1.0886941729898296,-0.20113564455928334,3.7355727822875546
71.35478093500001,0.9380179644304353,1.0795704870194576,-0.2017339094435175,3.7350122090655002
71.38599602000001,0.9242645849384163,1.0697224296596446,-0.20238962456115228,3.7369680095100906
71.419784361,0.9198416084046271,1.0687986315905262,-0.2020115540726024,3.741544569195646
71.452894818,0.9111552288719431,1.063151846189472,-0.20268296304433142,3.750093610389749
71.48615203300001,0.899988632266087,1.0557172186704316,-0.2035584961877253,3.766581131830405
71.519648723,0.8944619950133526,1.0519111289379333,-0.1985111659014684,3.7771065113066546
71.553085728,0.8835130258372171,1.0441338828963562,-0.19938462843814314,3.800912620294403
71.586159484,0.8727461117939537,1.036085634945946,-0.2002628310095535,3.8276057763723155
71.62103223300001,0.8674533539355092,1.031941452637521,-0.19556866910727316,3.841216160065796
71.65301999900001,0.8569927683198821,1.02347841611831,-0.1964342601334681,3.868351798786985
71.685972369,0.8459510201935219,1.0141241369722915,-0.1973731049535284,3.8945389088240967
71.720067986,0.8416571120601795,1.0103393182409368,-0.19798989170017345,3.9023503992779984
71.753084048,0.8316226517867165,1.0013570485978454,-0.19888737239056337,3.9176058601393855
71.786598907,0.8195660833201585,0.9787234170828861,-0.19997082492411655,3.9300690092819615
71.820250218,0.8145205950961903,0.9726410453114505,-0.20472875164731286,3.935397714751462
71.85287113700001,0.804507771693026,0.9603957793195178,-0.20577333338496662,3.944712517552224
71.88604514400001,0.7945859844975975,0.9480462378863894,-0.2068577449731424,3.9525269711556072
71.919553241,0.7883112940178213,0.9441326740007254,-0.20905130426820756,3.955428732405343
71.95325870900001,0.7771128591411263,0.932593993698434,-0.20970022349463097,3.960136705683225
71.98610369500001,0.7653871653688175,0.9204324890724017,-0.21041261329571354,3.962393036034301
