t_s,real_baro_ddepth,sim_baro_ddepth,real_depth_pose,sim_depth_pose,real_local_depth,sim_local_depth,real_local_x,sim_local_x,real_local_y,sim_local_y,real_depth_sensor_offset,sim_depth_sensor_offset,real_roll,sim_roll,real_pitch,sim_pitch,real_yaw,sim_yaw,real_imu_roll,sim_imu_roll,real_imu_pitch,sim_imu_pitch,real_imu_yaw,sim_imu_yaw,real_dvl_x,sim_dvl_x,real_dvl_y,sim_dvl_y,real_dvl_z,sim_dvl_z,real_body_vel_x,sim_body_vel_x,real_body_vel_y,sim_body_vel_y,real_body_vel_z,sim_body_vel_z,real_gyro_x,sim_gyro_x,real_gyro_y,sim_gyro_y,real_gyro_z,sim_gyro_z,real_accel_z,sim_accel_z
0.000000,0.000000000,,0.304895397,,0.367101461,,-0.386046529,,1.149234533,,0.062206064,,0.340290879,,2.766111383,,0.000000000,,0.288277619,,2.826551061,,0.000000000,,0.374837339,,0.053151816,,-0.025732869,,,,,,,,-0.006176759,,0.005677884,,0.002804363,,8.943664800,
0.050000,0.000000000,0.000000000,0.304895397,0.304909927,0.367101461,0.367101461,-0.386046529,-0.386046529,1.149234533,1.149234533,0.062206064,0.062191534,0.340290879,0.340290879,2.766111383,2.766111383,0.000000000,0.000000000,0.288277619,0.246985461,2.826551061,2.673107151,0.000000000,-0.023262744,0.374837339,0.353293832,0.053151816,0.042501640,-0.025732869,0.001760166,,0.353293832,,-0.042501640,,-0.001760166,-0.006176759,-0.046565772,0.005677884,-0.066363520,0.002804363,-0.016205575,8.943664800,9.182060628
0.100000,0.000000000,0.000000000,0.304895397,0.304909927,0.367101461,0.367101461,-0.386046529,-0.386046529,1.149234533,1.149234533,0.062206064,0.062191534,0.340290879,0.340290879,2.766111383,2.766111383,0.000000000,0.000000000,0.268138506,0.246985461,2.838584718,2.673107151,0.012487336,-0.023262744,0.374837339,0.353293832,0.053151816,0.042501640,-0.025732869,0.001760166,,0.353293832,,-0.042501640,,-0.001760166,-0.005722431,-0.046565772,0.001787195,-0.066363520,0.003822886,-0.016205575,8.943664800,9.182060628
0.150000,0.000000000,0.000000000,0.304895397,0.304909927,0.367101461,0.367101461,-0.386046529,-0.386046529,1.149234533,1.149234533,0.062206064,0.062191534,0.340290879,0.340290879,2.766111383,2.766111383,0.000000000,0.000000000,0.246802232,0.114596140,2.830716160,2.410141114,0.038474464,-0.092668193,0.375029355,0.319681572,0.038567156,0.016842753,-0.034235671,-0.009707293,,0.353293832,,-0.042501640,,-0.001760166,-0.004244929,-0.042790301,-0.002064550,-0.118943355,0.004445424,-0.032541279,8.943664800,9.098715634
0.200000,0.000000000,0.000000000,0.304895397,0.304909927,0.367101461,0.367101461,-0.386046529,-0.386046529,1.149234533,1.149234533,0.062206064,0.062191534,0.340290879,0.340290879,2.766111383,2.766111383,0.000000000,0.000000000,0.246802232,0.014684946,2.830716160,2.006166283,0.038474464,-0.209298207,0.375029355,0.319681572,0.038567156,0.016842753,-0.034235671,-0.009707293,,0.353293832,,-0.042501640,,-0.001760166,-0.004244929,-0.021308879,-0.002064550,-0.145598768,0.004445424,-0.043015849,8.943664800,9.040794520
0.250000,0.000000000,0.000000000,0.304895397,0.304909927,0.367504478,0.367101461,-0.342081070,-0.386046529,1.257491827,1.149234533,0.062609081,0.062191534,0.239394994,0.340290879,2.826169610,2.766111383,0.065165978,0.000000000,0.234062121,-0.020913282,2.821333890,1.607044264,0.032512530,-0.326293697,0.363345861,0.339297751,0.061121453,0.009684594,-0.024115322,-0.012597525,,0.353293832,,-0.042501640,,-0.001760166,-0.003212529,-0.003762125,-0.003206821,-0.140317166,0.000293246,-0.040124757,8.943664800,8.992420741
0.300000,0.000000000,0.000000000,0.304895397,0.304909927,0.367504478,0.367101461,-0.342081070,-0.386046529,1.257491827,1.149234533,0.062609081,0.062191534,0.239394994,0.340290879,2.826169610,2.766111383,0.065165978,0.000000000,0.228440590,-0.015834751,2.821401129,1.233823271,0.037581456,-0.426042195,0.357145578,0.339297751,0.053066045,0.009684594,-0.023565352,-0.012597525,,0.353293832,,-0.042501640,,-0.001760166,-0.000611953,0.006960434,0.000152650,-0.107466185,0.001400215,-0.026215704,8.943664800,8.935850899
0.350000,0.000000000,0.000000000,0.304895397,0.304909927,0.367504478,0.366653543,-0.342081070,-0.354330303,1.257491827,1.253821212,0.062609081,0.061743616,0.239394994,0.028798923,2.826169610,0.923891203,0.065165978,-0.484820961,0.221765489,0.008076547,2.823321231,1.003313107,0.045578712,-0.475433005,0.357145578,0.345869786,0.053066045,0.008599986,-0.023565352,-0.016417694,,0.345191681,,-0.009014633,,0.017497770,-0.004494742,0.010153023,0.000412764,-0.060104329,0.002779995,-0.010392945,8.943664800,8.887467274
0.400000,0.000000000,0.000000000,0.304895397,0.304909927,0.367504478,0.366653543,-0.342081070,-0.354330303,1.257491827,1.253821212,0.062609081,0.061743616,0.239394994,0.028798923,2.826169610,0.923891203,0.065165978,-0.484820961,0.217610991,0.037604548,2.837304549,0.916584955,0.045407092,-0.482050180,0.359724283,0.345869786,0.028671255,0.008599986,-0.027244449,-0.016417694,,0.345191681,,-0.009014633,,0.017497770,-0.002533209,0.009316842,0.005824570,0.000404222,-0.001774040,0.004975749,8.943664800,8.849733781
0.450000,0.000000000,0.000000000,0.304895397,0.304909927,0.367504478,0.366653543,-0.342081070,-0.354330303,1.257491827,1.253821212,0.062609081,0.061743616,0.239394994,0.028798923,2.826169610,0.923891203,0.065165978,-0.484820961,0.217610991,0.060098006,2.837304549,0.998102626,0.045407092,-0.450580535,0.359724283,0.342307471,0.028671255,0.010400757,-0.027244449,-0.018861903,,0.345191681,,-0.009014633,,0.017497770,-0.002533209,0.006517004,0.005824570,0.055308238,-0.001774040,0.016886371,8.943664800,8.841981656
0.500000,0.012244400,0.000000000,0.317131493,0.306066510,0.367504478,0.366653543,-0.342081070,-0.354330303,1.257491827,1.253821212,0.050372985,0.060587033,0.239394994,0.028798923,2.826169610,0.923891203,0.065165978,-0.484820961,0.214347570,0.075638083,2.860662334,1.235136104,0.037211708,-0.384199875,0.338579863,0.342307471,0.046601973,0.010400757,-0.032688182,-0.018861903,,0.345191681,,-0.009014633,,0.017497770,0.000693717,0.003397941,0.006167134,0.098259367,-0.000041417,0.026662114,8.973084750,8.866482862
0.550000,0.012244400,0.001156583,0.317131493,0.306066510,0.370433599,0.366653543,-0.295722753,-0.354330303,1.368775249,1.253821212,0.053302106,0.060587033,0.213764991,0.028798923,2.872434740,0.923891203,0.065532265,-0.484820961,0.213764991,0.084603508,2.872434740,1.533594770,0.036442462,-0.299406239,0.338579863,0.336699667,0.046601973,0.013362200,-0.032688182,-0.019551099,,0.345191681,,-0.009014633,,0.017497770,-0.000539368,0.001894049,0.003437517,0.114180283,-0.001252474,0.034279519,8.973084750,8.905805688
0.600000,0.012244400,0.001156583,0.317131493,0.306066510,0.370433599,0.366653543,-0.295722753,-0.354330303,1.368775249,1.253821212,0.053302106,0.060587033,0.213764991,0.028798923,2.872434740,0.923891203,0.065532265,-0.484820961,0.219067864,0.092924411,2.878696745,1.866284103,0.027266160,-0.183979168,0.327299803,0.336699667,0.031326361,0.013362200,-0.034417115,-0.019551099,,0.345191681,,-0.009014633,,0.017497770,0.002502218,0.001513842,-0.000461716,0.105461788,-0.004168750,0.042561317,8.973084750,8.950617534
0.650000,0.012244400,0.001156583,0.317131493,0.306066510,0.370433599,0.366653543,-0.295722753,-0.354330303,1.368775249,1.253821212,0.053302106,0.060587033,0.213764991,0.028798923,2.872434740,0.923891203,0.065532265,-0.484820961,0.215463286,0.101415320,2.875631515,2.120680855,0.016968696,-0.055200491,0.327299803,0.332538386,0.031326361,0.016559608,-0.034417115,-0.018473537,,0.345191681,,-0.009014633,,0.017497770,-0.000580574,0.001404717,-0.000585415,0.078321755,-0.002568086,0.050499707,8.973084750,8.986427268
0.700000,0.012244400,0.001156583,0.317131493,0.306066510,0.370433599,0.363630949,-0.295722753,-0.321819324,1.368775249,1.362298358,0.053302106,0.057564439,0.213764991,0.115366648,2.872434740,2.315851158,0.065532265,0.166591424,0.211398291,0.111919012,2.869457897,2.290460440,0.000462827,0.110053051,0.344014496,0.332538386,0.047717556,0.016559608,-0.037007622,-0.018473537,,0.330677845,,-0.018699577,,0.017089709,0.001064088,0.001327651,-0.000773990,0.035920728,-0.005508109,0.059892870,8.973084750,9.014313567
0.750000,0.012244400,0.001156583,0.317131493,0.306066510,0.370433599,0.363630949,-0.295722753,-0.321819324,1.368775249,1.362298358,0.053302106,0.057564439,0.213764991,0.115366648,2.872434740,2.315851158,0.065532265,0.166591424,0.211398291,0.122332315,2.869457897,2.326570048,0.000462827,0.287693157,0.344014496,0.329950731,0.047717556,0.019691624,-0.037007622,-0.016354225,,0.330677845,,-0.018699577,,0.017089709,0.001064088,0.001003515,-0.000773990,-0.007586669,-0.005508109,0.068689469,8.973084750,9.024910130
0.800000,0.012244400,0.001156583,0.317131493,0.306066510,0.370433599,0.363630949,-0.295722753,-0.321819324,1.368775249,1.362298358,0.053302106,0.057564439,0.213764991,0.115366648,2.872434740,2.315851158,0.065532265,0.166591424,0.203888018,0.133451292,2.872900974,2.236152121,-0.031027821,0.505760437,0.347130299,0.329950731,0.032065701,0.019691624,-0.028070720,-0.016354225,,0.330677845,,-0.018699577,,0.017089709,0.000160725,0.000605767,0.002523010,-0.049343398,-0.007143517,0.077172065,8.973084750,9.017272511
0.850000,0.012244400,0.001156583,0.317131493,0.306066510,0.370433599,0.363630949,-0.295722753,-0.321819324,1.368775249,1.362298358,0.053302106,0.057564439,0.213764991,0.115366648,2.872434740,2.315851158,0.065532265,0.166591424,0.195560946,0.142883877,2.880150964,2.060580044,-0.037843448,0.727853028,0.336035967,0.327484539,0.085270554,0.022813507,-0.033187427,-0.014203144,,0.330677845,,-0.018699577,,0.017089709,-0.003295030,0.000256634,0.002127446,-0.074189039,-0.001048345,0.084193694,8.973084750,8.992229652
0.900000,0.012244400,0.001156583,0.317131493,0.306066510,0.372009307,0.363630949,-0.254258424,-0.321819324,1.476542592,1.362298358,0.054877814,0.057564439,0.195560946,0.115366648,2.880150964,2.315851158,-0.008753646,0.166591424,0.190477133,0.152414554,2.887849202,1.822581263,-0.044463695,0.989774274,0.372639328,0.327484539,0.026928812,0.022813507,-0.034677651,-0.014203144,,0.330677845,,-0.018699577,,0.017089709,-0.001980864,0.000219866,0.002735300,-0.081340645,-0.003759854,0.091676062,8.973084750,8.958848097
0.950000,0.012244400,0.001156583,0.317131493,0.306066510,0.372009307,0.363630949,-0.254258424,-0.321819324,1.476542592,1.362298358,0.054877814,0.057564439,0.195560946,0.115366648,2.880150964,2.315851158,-0.008753646,0.166591424,0.181340280,0.160838726,2.898188639,1.610322539,-0.065300890,1.251581868,0.372639328,0.323925918,0.026928812,0.025899456,-0.034677651,-0.013053001,,0.330677845,,-0.018699577,,0.017089709,-0.006087131,0.000229471,0.003614813,-0.070426390,-0.008330856,0.098809752,8.973084750,8.928925393
1.000000,0.009183923,0.001156583,0.314073092,0.306066510,0.372009307,0.363630949,-0.254258424,-0.321819324,1.476542592,1.362298358,0.057936215,0.057564439,0.195560946,0.115366648,2.880150964,2.315851158,-0.008753646,0.166591424,0.170406694,0.169713645,2.904193722,1.437078378,-0.076092559,1.557995417,0.361852825,0.323925918,0.044310369,0.025899456,-0.031414792,-0.013053001,,0.330677845,,-0.018699577,,0.017089709,-0.000982013,0.000292095,-0.000162592,-0.044320307,-0.001585105,0.106882343,8.933858150,8.902560810
1.050000,0.009183923,-0.000555841,0.314073092,0.304354086,0.372009307,0.362416819,-0.254258424,-0.289641299,1.476542592,1.465203399,0.057936215,0.058062733,0.195560946,0.178071882,2.880150964,1.358229994,-0.008753646,1.862610583,0.163044658,0.178071882,2.899411231,1.358229994,-0.084471471,1.862610583,0.361852825,0.319291846,0.044310369,0.028767005,-0.031414792,-0.012962493,,0.319291846,,-0.028767005,,0.012962493,-0.000923534,0.000376376,-0.002878327,-0.013062328,-0.003413276,0.114403247,8.933858150,8.890009613
1.100000,0.009183923,-0.000555841,0.314073092,0.304354086,0.372009307,0.362416819,-0.254258424,-0.289641299,1.476542592,1.465203399,0.057936215,0.058062733,0.195560946,0.178071882,2.880150964,1.358229994,-0.008753646,1.862610583,0.159246204,0.187362366,2.902077231,1.371619404,-0.078928797,2.215291986,0.359262168,0.319291846,0.038931571,0.028767005,-0.027512724,-0.012962493,,0.319291846,,-0.028767005,,0.012962493,-0.003385806,0.000204965,0.001120886,0.020838930,0.004100400,0.121715197,8.933858150,8.888749471
1.150000,0.009183923,-0.000555841,0.314073092,0.304354086,0.372009307,0.362416819,-0.254258424,-0.289641299,1.476542592,1.465203399,0.057936215,0.058062733,0.195560946,0.178071882,2.880150964,1.358229994,-0.008753646,1.862610583,0.156388211,0.195880765,2.903107439,1.465121572,-0.071314849,2.557653540,0.350994736,0.314521893,0.046071209,0.031260018,-0.038760167,-0.013295415,,0.319291846,,-0.028767005,,0.012962493,0.000291453,-0.000079862,-0.000854675,0.045401720,0.001444107,0.125930514,8.933858150,8.900657629
1.200000,0.009183923,-0.000555841,0.314073092,0.304354086,0.372009307,0.362416819,-0.254258424,-0.289641299,1.476542592,1.465203399,0.057936215,0.058062733,0.195560946,0.178071882,2.880150964,1.358229994,-0.008753646,1.862610583,0.152471990,0.205541914,2.907553886,1.624472105,-0.054333302,2.932964044,0.350994736,0.314521893,0.046071209,0.031260018,-0.038760167,-0.013295415,,0.319291846,,-0.028767005,,0.012962493,-0.001087243,-0.000195630,0.001692536,0.059501664,0.008073969,0.124782661,8.933858150,8.922282734
1.250000,0.009183923,-0.000555841,0.314073092,0.304354086,0.371779084,0.362416819,-0.211969644,-0.289641299,1.586671591,1.465203399,0.057705992,0.058062733,0.152471990,0.178071882,2.907553886,1.358229994,-0.025243499,1.862610583,0.147079789,0.214893660,2.903508505,1.789882500,-0.028351222,3.270869042,0.360951185,0.310289057,0.044015829,0.033405653,-0.025622785,-0.013317309,,0.319291846,,-0.028767005,,0.012962493,-0.002857609,-0.000311579,-0.003155063,0.059696700,0.009690995,0.120074427,8.933858150,8.945807537
1.300000,0.009183923,-0.000555841,0.314073092,0.304354086,0.371779084,0.362416819,-0.211969644,-0.289641299,1.586671591,1.465203399,0.057705992,0.058062733,0.152471990,0.178071882,2.907553886,1.358229994,-0.025243499,1.862610583,0.131814438,0.225193623,2.911753575,1.950742312,0.002061855,3.618088163,0.390418500,0.310289057,0.068359055,0.033405653,-0.035012186,-0.013317309,,0.319291846,,-0.028767005,,0.012962493,-0.006853833,-0.000407494,0.001574904,0.047809571,0.010963470,0.112451863,8.933858150,8.966801803
1.350000,0.009183923,-0.000555841,0.314073092,0.304354086,0.371779084,0.361221096,-0.211969644,-0.258696338,1.586671591,1.566619725,0.057705992,0.056867010,0.152471990,0.240517527,2.907553886,2.096354894,-0.025243499,4.124858238,0.120950716,0.234309620,2.908163082,2.055338777,0.038833895,3.916384805,0.390418500,0.307112002,0.068359055,0.035297396,-0.035012186,-0.012738204,,0.306225355,,-0.035876025,,0.012416167,-0.002967375,-0.000578623,-0.002158375,0.028986565,0.012533926,0.104259894,8.933858150,8.982362378
1.400000,0.009183923,-0.000555841,0.314073092,0.304354086,0.371779084,0.361221096,-0.211969644,-0.258696338,1.586671591,1.566619725,0.057705992,0.056867010,0.152471990,0.240517527,2.907553886,2.096354894,-0.025243499,4.124858238,0.109864650,0.243010823,2.904381673,2.103423418,0.072768824,4.213240943,0.334669232,0.307112002,0.050019108,0.035297396,-0.038559783,-0.012738204,,0.306225355,,-0.035876025,,0.012416167,-0.001863620,-0.000857994,-0.003665583,0.004819075,0.012066520,0.095062950,8.933858150,8.989692415
1.450000,0.009183923,-0.000555841,0.314073092,0.304354086,0.371779084,0.361221096,-0.211969644,-0.258696338,1.586671591,1.566619725,0.057705992,0.056867010,0.152471990,0.240517527,2.907553886,2.096354894,-0.025243499,4.124858238,0.114437311,0.249401625,2.885016207,2.084335807,0.113766193,4.462362265,0.334669232,0.304968549,0.050019108,0.036766911,-0.038559783,-0.011752050,,0.306225355,,-0.035876025,,0.012416167,-0.000466577,-0.001099269,-0.007721647,-0.016519431,0.014577887,0.086360116,8.933858150,8.989965312
1.500000,0.002040318,-0.000555841,0.306934331,0.304354086,0.371779084,0.361221096,-0.211969644,-0.258696338,1.586671591,1.566619725,0.064844753,0.056867010,0.152471990,0.240517527,2.907553886,2.096354894,-0.025243499,4.124858238,0.112856877,0.254676414,2.864976889,2.005030549,0.101953375,4.704623619,0.353009611,0.304968549,0.042204387,0.036766911,-0.037981693,-0.011752050,,0.306225355,,-0.035876025,,0.012416167,0.000007194,-0.001120422,-0.007591631,-0.034032478,-0.016819067,0.076731354,8.953471450,8.980646149
1.550000,0.002040318,-0.003442972,0.306934331,0.301466955,0.371888995,0.361221096,-0.168255836,-0.258696338,1.700681806,1.566619725,0.064954664,0.059754141,0.100216385,0.240517527,2.839053319,2.096354894,-0.055567031,4.124858238,0.100216385,0.258586662,2.839053319,1.896948096,-0.084656834,4.902483090,0.361133665,0.303576827,0.039596759,0.037919018,-0.033354849,-0.010889816,,0.306225355,,-0.035876025,,0.012416167,-0.001228458,-0.000923282,-0.008876229,-0.042159257,-0.081381164,0.067801414,8.953471450,8.966979174
1.600000,0.002040318,-0.003442972,0.306934331,0.301466955,0.371888995,0.361221096,-0.168255836,-0.258696338,1.700681806,1.566619725,0.064954664,0.059754141,0.100216385,0.240517527,2.839053319,2.096354894,-0.055567031,4.124858238,0.084582046,0.262213051,2.823360291,1.769530116,-0.439202552,5.089332254,0.361133665,0.303576827,0.039596759,0.037919018,-0.033354849,-0.010889816,,0.306225355,,-0.035876025,,0.012416167,-0.001198718,-0.000673419,-0.006467273,-0.041178688,-0.137989849,0.058431124,8.953471450,8.950965787
1.650000,0.002040318,-0.003442972,0.306934331,0.301466955,0.371888995,0.361221096,-0.168255836,-0.258696338,1.700681806,1.566619725,0.064954664,0.059754141,0.100216385,0.240517527,2.839053319,2.096354894,-0.055567031,4.124858238,0.071348707,0.265109800,2.815086942,1.666968100,-0.925969574,5.236150522,0.365090638,0.302538650,0.051754717,0.038846876,-0.044666018,-0.010660497,,0.306225355,,-0.035876025,,0.012416167,0.006782190,-0.000396216,-0.002456445,-0.032128211,-0.180302709,0.047859502,8.953471450,8.935472218
1.700000,0.002040318,-0.003442972,0.306934331,0.301466955,0.371888995,0.360821737,-0.168255836,-0.230170670,1.700681806,1.663791916,0.064954664,0.059354782,0.100216385,0.268676121,2.839053319,1.582550738,-0.055567031,5.372830937,0.081901077,0.267903592,2.815676692,1.594410594,-1.522685684,5.350376285,0.365090638,0.302538650,0.051754717,0.038846876,-0.044666018,-0.010660497,,0.302104350,,-0.039380326,,0.010850423,0.016509507,0.000074512,0.001301593,-0.016028000,-0.218664318,0.028559994,8.953471450,8.925810257
1.750000,0.002040318,-0.003442972,0.306934331,0.301466955,0.371888995,0.360821737,-0.168255836,-0.230170670,1.700681806,1.663791916,0.064954664,0.059354782,0.100216385,0.268676121,2.839053319,1.582550738,-0.055567031,5.372830937,0.089118095,0.270116874,2.822958222,1.575070617,-2.223155633,5.396971730,0.354536951,0.301931722,0.025772069,0.039542574,-0.033783928,-0.011007727,,0.302104350,,-0.039380326,,0.010850423,0.015985297,0.000567305,0.002695350,0.001547176,-0.251883477,0.005790197,8.953471450,8.919485280
1.800000,0.002040318,-0.003442972,0.306934331,0.301466955,0.371888995,0.360821737,-0.168255836,-0.230170670,1.700681806,1.663791916,0.064954664,0.059354782,0.100216385,0.268676121,2.839053319,1.582550738,-0.055567031,5.372830937,0.098981412,0.271495145,2.832224797,1.608507488,-2.990085173,5.372474008,0.355052888,0.301931722,0.022429902,0.039542574,-0.039920375,-0.011007727,,0.302104350,,-0.039380326,,0.010850423,0.015687400,0.000775378,0.004179770,0.019576718,-0.274023473,-0.021706312,8.953471450,8.921727294
1.850000,0.002040318,-0.003442972,0.306934331,0.301466955,0.371888995,0.360821737,-0.168255836,-0.230170670,1.700681806,1.663791916,0.064954664,0.059354782,0.100216385,0.268676121,2.839053319,1.582550738,-0.055567031,5.372830937,0.094612508,0.270910118,2.852791151,1.681103917,-3.805007040,5.274867822,0.355052888,0.301661521,0.022429902,0.039429458,-0.039920375,-0.011569698,,0.302104350,,-0.039380326,,0.010850423,0.014617649,0.000836755,0.006633061,0.031338312,-0.294247806,-0.048380670,8.953471450,8.931035698
1.900000,0.002040318,-0.003442972,0.306934331,0.301466955,0.371658176,0.360821737,-0.123369396,-0.230170670,1.813913584,1.663791916,0.064723845,0.059354782,0.094612508,0.268676121,2.852791151,1.582550738,-3.775917237,5.372830937,0.081998064,0.268090418,2.865218293,1.785000347,-4.671373808,5.086867695,0.336030334,0.301661521,0.015012546,0.039429458,-0.039217759,-0.011569698,,0.302104350,,-0.039380326,,0.010850423,0.009896364,0.001167039,0.003578137,0.036145983,-0.303922027,-0.076927452,8.953471450,8.945089575
1.950000,0.002040318,-0.003442972,0.306934331,0.301466955,0.371658176,0.360821737,-0.123369396,-0.230170670,1.813913584,1.663791916,0.064723845,0.059354782,0.094612508,0.268676121,2.852791151,1.582550738,-3.775917237,5.372830937,0.069134804,0.264278071,2.862012716,1.882380523,-5.571019051,4.838822459,0.380185425,0.302719177,0.020406697,0.038738233,-0.033060078,-0.011873545,,0.302104350,,-0.039380326,,0.010850423,0.011954321,0.001884212,-0.002037900,0.032788026,-0.316940963,-0.102447454,8.953471450,8.958915731
2.000000,0.003061723,-0.003442972,0.307955043,0.301466955,0.371658176,0.360821737,-0.123369396,-0.230170670,1.813913584,1.663791916,0.063703133,0.059354782,0.094612508,0.268676121,2.852791151,1.582550738,-3.775917237,5.372830937,0.055847076,0.259772602,2.856882166,1.966792750,-6.505467425,4.493052320,0.380185425,0.302719177,0.020406697,0.038738233,-0.033060078,-0.011873545,,0.302104350,,-0.039380326,,0.010850423,0.012474855,0.002885904,-0.002052531,0.022259218,-0.327588022,-0.128459645,8.894631550,8.971474775
2.050000,0.003061723,-0.004711395,0.307955043,0.300198532,0.371658176,0.360182179,-0.123369396,-0.201241448,1.813913584,1.761239981,0.063703133,0.059983647,0.094612508,0.255634169,2.852791151,2.011108973,-3.775917237,4.107871573,0.043585102,0.255634169,2.844428209,2.011108973,-7.457114357,4.107871573,0.346095920,0.304403907,0.014311479,0.037931555,-0.034192856,-0.011743281,,0.304403907,,-0.037931555,,0.011743281,0.015186122,0.003844679,-0.006242042,0.008948819,-0.333886415,-0.150411160,8.894631550,8.977966800
2.100000,0.003061723,-0.004711395,0.307955043,0.300198532,0.371658176,0.360182179,-0.123369396,-0.201241448,1.813913584,1.761239981,0.063703133,0.059983647,0.094612508,0.255634169,2.852791151,2.011108973,-3.775917237,4.107871573,0.040070153,0.251893472,2.832197656,2.016802566,-8.438426367,3.625270269,0.357747853,0.304403907,0.029741708,0.037931555,-0.034739438,-0.011743281,,0.304403907,,-0.037931555,,0.011743281,0.014283063,0.005018199,-0.005559068,-0.005725160,-0.343873650,-0.172195886,8.894631550,8.977803972
2.150000,0.003061723,-0.004711395,0.307955043,0.300198532,0.371658176,0.360182179,-0.123369396,-0.201241448,1.813913584,1.761239981,0.063703133,0.059983647,0.094612508,0.255634169,2.852791151,2.011108973,-3.775917237,4.107871573,0.031948976,0.249612208,2.812552410,1.987032823,-9.435881545,3.123085829,0.357747853,0.305674251,0.029741708,0.037451665,-0.034739438,-0.011388642,,0.304403907,,-0.037931555,,0.011743281,0.015921988,0.006096301,-0.006407729,-0.016383627,-0.348353416,-0.192896149,8.894631550,8.972890024
2.200000,0.003061723,-0.004711395,0.307955043,0.300198532,0.371658176,0.360182179,-0.123369396,-0.201241448,1.813913584,1.761239981,0.063703133,0.059983647,0.094612508,0.255634169,2.852791151,2.011108973,-3.775917237,4.107871573,0.027738964,0.248740720,2.801880842,1.930414615,-10.446983537,2.502086784,0.369783372,0.305674251,-0.004035082,0.037451665,-0.040459622,-0.011388642,,0.304403907,,-0.037931555,,0.011743281,0.017880928,0.007499401,-0.001703259,-0.022074552,-0.353285581,-0.223458427,8.894631550,8.961501411
2.250000,0.003061723,-0.004711395,0.307955043,0.300198532,0.371959895,0.360182179,-0.073839597,-0.201241448,1.922126889,1.761239981,0.064004852,0.059983647,0.027738964,0.255634169,2.801880842,2.011108973,-10.417893734,4.107871573,0.029657896,0.248741209,2.795130264,1.872349993,-11.458334663,1.842830914,0.369783372,0.306893878,-0.004035082,0.037311043,-0.040459622,-0.011232829,,0.304403907,,-0.037931555,,0.011743281,0.017515954,0.008209605,-0.003458901,-0.021411921,-0.352553546,-0.254001488,8.894631550,8.952684572
2.300000,0.003061723,-0.004711395,0.307955043,0.300198532,0.371959895,0.360182179,-0.073839597,-0.201241448,1.922126889,1.761239981,0.064004852,0.059983647,0.027738964,0.255634169,2.801880842,2.011108973,-10.417893734,4.107871573,0.035577886,0.247488625,2.799998661,1.819539393,-12.473447634,1.038031609,0.346601397,0.306893878,-0.002113718,0.037311043,-0.040259093,-0.011232829,,0.304403907,,-0.037931555,,0.011743281,0.019628603,0.008319494,0.001656621,-0.015928258,-0.353232235,-0.283959818,8.894631550,8.944410825
2.350000,0.003061723,-0.004711395,0.307955043,0.300198532,0.371959895,0.359810705,-0.073839597,-0.167099715,1.922126889,1.859086513,0.064004852,0.059612173,0.027738964,0.243365584,2.801880842,1.782256616,-10.417893734,-0.439086281,0.038508605,0.245151513,2.806259868,1.789816910,-13.488021029,0.219976810,0.363431036,0.307845599,-0.001935124,0.036752521,-0.040196236,-0.011445310,,0.308264366,,-0.036693367,,0.011584703,0.018507956,0.008768645,0.003066824,-0.008301452,-0.352543384,-0.309472801,8.894631550,8.941170135
2.400000,0.003061723,-0.004711395,0.307955043,0.300198532,0.371959895,0.359810705,-0.073839597,-0.167099715,1.922126889,1.859086513,0.064004852,0.059612173,0.027738964,0.243365584,2.801880842,1.782256616,-10.417893734,-0.439086281,0.032342739,0.242607919,2.815658147,1.782970990,-14.506914526,-0.744177784,0.363431036,0.307845599,-0.001935124,0.036752521,-0.040196236,-0.011445310,,0.308264366,,-0.036693367,,0.011584703,0.016949372,0.009653601,0.002355253,0.000506325,-0.355740041,-0.336147109,8.894631550,8.939774182
2.450000,0.003061723,-0.004711395,0.307955043,0.300198532,0.371959895,0.359810705,-0.073839597,-0.167099715,1.922126889,1.859086513,0.064004852,0.059612173,0.027738964,0.243365584,2.801880842,1.782256616,-10.417893734,-0.439086281,0.030361527,0.240226899,2.828111590,1.798378814,-15.540930040,-1.701401416,0.375864267,0.308780557,0.012309594,0.036646170,-0.035540991,-0.011830138,,0.308264366,,-0.036693367,,0.011584703,0.015724350,0.010225076,0.006212541,0.007079836,-0.364020675,-0.358236996,8.894631550,8.942911392
2.500000,0.003061723,-0.004711395,0.307955043,0.300198532,0.371959895,0.359810705,-0.073839597,-0.167099715,1.922126889,1.859086513,0.064004852,0.059612173,0.027738964,0.243365584,2.801880842,1.782256616,-10.417893734,-0.439086281,0.023678417,0.236507662,2.827101357,1.830982969,-16.697943618,-2.802584077,0.375864267,0.308780557,0.012309594,0.036646170,-0.035540991,-0.011830138,,0.308264366,,-0.036693367,,0.011584703,0.020332530,0.010650110,-0.004099761,0.010977329,-0.423907220,-0.379521873,9.012311350,8.947047597
2.550000,0.003061723,-0.004971899,0.307955043,0.299938028,0.371032208,0.359810705,-0.017457142,-0.167099715,2.027458668,1.859086513,0.063077165,0.059872677,0.004020268,0.243365584,2.823932077,1.782256616,-18.008629571,-0.439086281,0.004020268,0.232056911,2.823932077,1.866965008,-18.037719373,-3.873438000,0.358748049,0.308798436,0.013488133,0.036490189,-0.035539083,-0.012041178,,0.308264366,,-0.036693367,,0.011584703,0.018987093,0.011304888,-0.001512015,0.011561309,-0.498851150,-0.398206504,9.012311350,8.951697799
2.600000,0.003061723,-0.004971899,0.307955043,0.299938028,0.371032208,0.359810705,-0.017457142,-0.167099715,2.027458668,1.859086513,0.063077165,0.059872677,0.004020268,0.243365584,2.823932077,1.782256616,-18.008629571,-0.439086281,-0.028655750,0.227077263,2.806528811,1.904045136,-19.697257244,-5.091231234,0.362188399,0.308798436,0.014533524,0.036490189,-0.032136012,-0.012041178,,0.308264366,,-0.036693367,,0.011584703,0.014351958,0.012228755,-0.005846334,0.009802422,-0.606203198,-0.417913769,9.012311350,8.954166630
2.650000,0.003061723,-0.004971899,0.307955043,0.299938028,0.371032208,0.359810705,-0.017457142,-0.167099715,2.027458668,1.859086513,0.063077165,0.059872677,0.004020268,0.243365584,2.823932077,1.782256616,-18.008629571,-0.439086281,-0.073598749,0.223112830,2.800345739,1.932086893,-21.634845364,-6.272121235,0.362188399,0.308942582,0.014533524,0.036876751,-0.032136012,-0.011981053,,0.308264366,,-0.036693367,,0.011584703,0.015991133,0.013859913,-0.003582333,0.007462017,-0.699420035,-0.442707018,9.012311350,8.953077399
2.700000,0.003061723,-0.004971899,0.307955043,0.299938028,0.371032208,0.359264296,-0.017457142,-0.122716031,2.027458668,1.952563510,0.063077165,0.059326268,0.004020268,0.219441909,2.823932077,1.965050021,-18.008629571,-8.106739877,-0.141326484,0.220462943,2.784581482,1.957589632,-23.790985722,-7.655166361,0.353909731,0.308942582,-0.031308193,0.036876751,-0.035472970,-0.011981053,,0.309986714,,-0.037505258,,0.011908990,0.013218598,0.015545125,-0.004128838,0.006331793,-0.769468188,-0.484745432,9.012311350,8.951609815
2.750000,0.003061723,-0.004971899,0.307955043,0.299938028,0.371032208,0.359264296,-0.017457142,-0.122716031,2.027458668,1.952563510,0.063077165,0.059326268,0.004020268,0.219441909,2.823932077,1.965050021,-18.008629571,-8.106739877,-0.208307383,0.216921991,2.765406421,1.979835518,-26.118741531,-9.046583495,0.367406726,0.310412427,-0.034701873,0.037742219,-0.023131454,-0.011911454,,0.309986714,,-0.037505258,,0.011908990,0.017808802,0.016587593,-0.004028194,0.006077512,-0.824255824,-0.524642607,9.012311350,8.950857068
2.800000,0.003061723,-0.004971899,0.307955043,0.299938028,0.371032208,0.359264296,-0.017457142,-0.122716031,2.027458668,1.952563510,0.063077165,0.059326268,0.004020268,0.219441909,2.823932077,1.965050021,-18.008629571,-8.106739877,-0.281742340,0.210367429,2.742620402,2.004002597,-28.588271634,-10.672272861,0.367406726,0.310412427,-0.034701873,0.037742219,-0.023131454,-0.011911454,,0.309986714,,-0.037505258,,0.011908990,0.017776310,0.016753380,-0.005202036,0.006044018,-0.872505188,-0.563575861,9.012311350,8.951625153
2.850000,0.003061723,-0.004971899,0.307955043,0.299938028,0.371032208,0.359264296,-0.017457142,-0.122716031,2.027458668,1.952563510,0.063077165,0.059326268,0.004020268,0.219441909,2.823932077,1.965050021,-18.008629571,-8.106739877,-0.344335620,0.200952725,2.694087905,2.026350901,-31.181383664,-12.272911513,0.314216137,0.311721759,-0.059276812,0.037546599,-0.030890245,-0.011968305,,0.309986714,,-0.037505258,,0.011908990,0.022290431,0.017505806,-0.014416627,0.006087653,-0.915371537,-0.598652824,9.012311350,8.951420218
2.900000,0.003061723,-0.004971899,0.307955043,0.299938028,0.370905846,0.359264296,0.048768729,-0.122716031,2.123762846,1.952563510,0.062950803,0.059326268,-0.344335620,0.219441909,2.694087905,1.965050021,-31.152293861,-8.106739877,-0.398290789,0.189347352,2.635028928,2.050747053,-33.884974041,-14.113527065,0.348638445,0.311721759,-0.080229104,0.037546599,-0.027319517,-0.011968305,,0.309986714,,-0.037505258,,0.011908990,0.029599205,0.018518590,-0.014704659,0.005963388,-0.949877918,-0.633580276,9.012311350,8.951544689
2.950000,0.003061723,-0.004971899,0.307955043,0.299938028,0.370905846,0.359264296,0.048768729,-0.122716031,2.123762846,1.952563510,0.062950803,0.059326268,-0.344335620,0.219441909,2.694087905,1.965050021,-31.152293861,-8.106739877,-0.446486864,0.177272161,2.571300099,2.072186900,-36.668381951,-15.897677879,0.348638445,0.312620566,-0.080229104,0.037173608,-0.027319517,-0.012048041,,0.309986714,,-0.037505258,,0.011908990,0.029953737,0.019407218,-0.015529556,0.005535895,-0.975855887,-0.661673393,9.012311350,8.951443411
3.000000,0.005102041,-0.004971899,0.309993978,0.299938028,0.370905846,0.359264296,0.048768729,-0.122716031,2.123762846,1.952563510,0.060911868,0.059326268,-0.344335620,0.219441909,2.694087905,1.965050021,-31.152293861,-8.106739877,-0.473398815,0.163862238,2.497929291,2.094330563,-39.523315616,-17.915286367,0.334066302,0.312620566,-0.050946407,0.037173608,-0.029104460,-0.012048041,,0.309986714,,-0.037505258,,0.011908990,0.038879044,0.020814597,-0.017878667,0.005365272,-1.000689268,-0.690667664,8.933858150,8.950232083
3.050000,0.005102041,-0.006229170,0.309993978,0.298680758,0.370905846,0.359030461,0.048768729,-0.062357514,2.123762846,2.037798387,0.060911868,0.060349703,-0.344335620,0.151553459,2.694087905,2.114529791,-31.152293861,-19.853470875,-0.485970648,0.151553459,2.404725164,2.114529791,-42.438156940,-19.853470875,0.334066302,0.313846211,-0.050946407,0.036976372,-0.029104460,-0.012101083,,0.313846211,,-0.036976372,,0.012101083,0.039477751,0.021850836,-0.025265245,0.005445742,-1.021017671,-0.716416588,8.933858150,8.949678113
3.100000,0.005102041,-0.006229170,0.309993978,0.298680758,0.370905846,0.359030461,0.048768729,-0.062357514,2.123762846,2.037798387,0.060911868,0.060349703,-0.344335620,0.151553459,2.694087905,2.114529791,-31.152293861,-19.853470875,-0.475415422,0.137286319,2.294912343,2.136142738,-45.409176492,-22.027915150,0.344647437,0.313846211,-0.046980623,0.036976372,-0.021689638,-0.012101083,,0.313846211,,-0.036976372,,0.012101083,0.048504457,0.022692263,-0.032391317,0.005344849,-1.038938761,-0.740957587,8.933858150,8.949532873
3.150000,0.005102041,-0.006229170,0.309993978,0.298680758,0.370905846,0.359030461,0.048768729,-0.062357514,2.123762846,2.037798387,0.060911868,0.060349703,-0.344335620,0.151553459,2.694087905,2.114529791,-31.152293861,-19.853470875,-0.457854222,0.123941057,2.165026147,2.155212868,-48.408886284,-24.090129708,0.338769287,0.314917272,-0.042348314,0.036420619,-0.026161559,-0.012211384,,0.313846211,,-0.036976372,,0.012101083,0.045523003,0.023740771,-0.039535232,0.005027180,-1.048583746,-0.750615280,8.933858150,8.950920247
3.200000,0.005102041,-0.006229170,0.309993978,0.298680758,0.373535544,0.359030461,0.125458896,-0.062357514,2.199657440,2.037798387,0.063541566,0.060349703,-0.445161846,0.151553459,2.023021535,2.114529791,-51.422707270,-19.853470875,-0.445161846,0.114064160,2.023021535,2.173281530,-51.451797073,-26.292491868,0.338769287,0.314917272,-0.042348314,0.036420619,-0.026161559,-0.012211384,,0.313846211,,-0.036976372,,0.012101083,0.042274792,0.025580132,-0.043807749,0.003988235,-1.064178109,-0.723670242,8.933858150,8.950615001
3.250000,0.005102041,-0.006229170,0.309993978,0.298680758,0.373535544,0.359030461,0.125458896,-0.062357514,2.199657440,2.037798387,0.063541566,0.060349703,-0.445161846,0.151553459,2.023021535,2.114529791,-51.422707270,-19.853470875,-0.431913626,0.113987897,1.878607264,2.186115746,-54.447729751,-28.228037461,0.297043711,0.316101591,-0.056955326,0.037670274,-0.024230747,-0.012377726,,0.313846211,,-0.036976372,,0.012101083,0.041237239,0.027550109,-0.045029223,0.002580331,-1.062177300,-0.683220792,8.933858150,8.950075432
3.300000,0.005102041,-0.006229170,0.309993978,0.298680758,0.373535544,0.359030461,0.125458896,-0.062357514,2.199657440,2.037798387,0.063541566,0.060349703,-0.445161846,0.151553459,2.023021535,2.114529791,-51.422707270,-19.853470875,-0.388279068,0.122481712,1.737915685,2.195421666,-57.427727661,-30.191592061,0.289769173,0.316101591,-0.069016650,0.037670274,-0.008191623,-0.012377726,,0.313846211,,-0.036976372,,0.012101083,0.048079204,0.028319325,-0.039776601,0.001083424,-1.031397820,-0.635573610,8.933858150,8.949969965
3.350000,0.005102041,-0.006229170,0.309993978,0.298680758,0.373535544,0.358953036,0.125458896,0.017749397,2.199657440,2.108653437,0.063541566,0.060272278,-0.445161846,0.149211862,2.023021535,2.203081617,-51.422707270,-33.064219059,-0.344850572,0.136106132,1.606295172,2.200764359,-60.362823819,-31.878121896,0.289769173,0.318097466,-0.069016650,0.039589145,-0.008191623,-0.012503160,,0.318696000,,-0.040182286,,0.012576233,0.044440169,0.028649806,-0.039008964,0.000127416,-1.019406796,-0.591959480,8.933858150,8.950490862
3.400000,0.005102041,-0.006229170,0.309993978,0.298680758,0.373535544,0.358953036,0.125458896,0.017749397,2.199657440,2.108653437,0.063541566,0.060272278,-0.445161846,0.149211862,2.023021535,2.203081617,-51.422707270,-33.064219059,-0.311779131,0.155517051,1.476956682,2.203562308,-63.248933930,-33.567995223,0.303304821,0.318097466,-0.061440036,0.039589145,-0.023594823,-0.012503160,,0.318696000,,-0.040182286,,0.012576233,0.038658883,0.027888302,-0.038782783,-0.001096851,-0.995299995,-0.541809161,8.933858150,8.951935284
3.450000,0.005102041,-0.006229170,0.309993978,0.298680758,0.373535544,0.358953036,0.125458896,0.017749397,2.199657440,2.108653437,0.063541566,0.060272278,-0.445161846,0.149211862,2.023021535,2.203081617,-51.422707270,-33.064219059,-0.205840269,0.176773561,1.395149346,2.203370438,-65.665543632,-34.988829436,0.300940812,0.320031277,-0.045545630,0.041319169,-0.025365351,-0.012714982,,0.318696000,,-0.040182286,,0.012576233,0.065789044,0.027275887,-0.017788662,-0.001878999,-0.772820830,-0.493632805,8.933858150,8.950341246
3.500000,0.025510204,-0.006229170,0.330388302,0.298680758,0.373535544,0.358953036,0.125458896,0.017749397,2.199657440,2.108653437,0.043147242,0.060272278,-0.445161846,0.149211862,2.023021535,2.203081617,-51.422707270,-33.064219059,-0.058371725,0.203359495,1.351315058,2.202110954,-67.541537129,-36.380557830,0.300940812,0.320031277,-0.045545630,0.041319169,-0.025365351,-0.012714982,,0.318696000,,-0.040182286,,0.012576233,0.066578813,0.026414289,-0.011260713,-0.001995391,-0.616661012,-0.440672068,8.914244850,8.951154700
3.550000,0.025510204,-0.006573858,0.330388302,0.298336070,0.377485842,0.358953036,0.219422042,0.017749397,2.243642569,2.108653437,0.047097540,0.060616966,0.049274026,0.149211862,1.325020242,2.203081617,-69.050216564,-33.064219059,0.049274026,0.230254632,1.325020242,2.200855829,-69.079306366,-37.518819362,0.334952474,0.321884748,-0.034545586,0.043502111,-0.020052940,-0.012983079,,0.318696000,,-0.040182286,,0.012576233,0.038816541,0.024825184,-0.007604588,-0.002089153,-0.507351041,-0.389267158,8.914244850,8.951302642
3.600000,0.025510204,-0.006573858,0.330388302,0.298336070,0.377485842,0.358953036,0.219422042,0.017749397,2.243642569,2.108653437,0.047097540,0.060616966,0.049274026,0.149211862,1.325020242,2.203081617,-69.050216564,-33.064219059,0.082925393,0.258772571,1.315565398,2.198636617,-70.333233535,-38.597506799,0.334952474,0.321884748,-0.034545586,0.043502111,-0.020052940,-0.012983079,,0.318696000,,-0.040182286,,0.012576233,0.016846884,0.021991880,-0.001654286,-0.002452229,-0.408690602,-0.335102975,8.914244850,8.951755297
3.650000,0.025510204,-0.006573858,0.330388302,0.298336070,0.377485842,0.358953036,0.219422042,0.017749397,2.243642569,2.108653437,0.047097540,0.060616966,0.049274026,0.149211862,1.325020242,2.203081617,-69.050216564,-33.064219059,0.074720586,0.282853610,1.334855178,2.195896785,-71.347550725,-39.465168029,0.322038323,0.323001749,-0.035857413,0.045134538,-0.030698195,-0.013082277,,0.318696000,,-0.040182286,,0.012576233,0.000148023,0.020334966,0.007577590,-0.002347080,-0.338181496,-0.308084317,8.914244850,8.948298387
3.700000,0.025510204,-0.006573858,0.330388302,0.298336070,0.377485842,0.358826317,0.219422042,0.110844834,2.243642569,2.163081400,0.047097540,0.060490247,0.049274026,0.311518300,1.325020242,2.196834501,-69.050216564,-40.721226789,0.042090632,0.305993154,1.415015580,2.195527630,-72.251198446,-40.411485355,0.338638842,0.323001749,-0.032705195,0.045134538,-0.034004800,-0.013082277,,0.323793427,,-0.047007752,,0.012979483,-0.006338630,0.019320172,0.033940393,-0.000883887,-0.302975804,-0.331025974,8.914244850,8.944554041
3.750000,0.025510204,-0.006573858,0.330388302,0.298336070,0.377485842,0.358826317,0.219422042,0.110844834,2.243642569,2.163081400,0.047097540,0.060490247,0.049274026,0.311518300,1.325020242,2.196834501,-69.050216564,-40.721226789,0.035274003,0.319299435,1.581618889,2.202289568,-72.978709241,-41.375790828,0.338638842,0.324047381,-0.032705195,0.047470808,-0.034004800,-0.012976341,,0.323793427,,-0.047007752,,0.012979483,0.006614706,0.017296573,0.063884102,0.001859098,-0.234415919,-0.369339749,8.914244850,8.944862383
3.800000,0.025510204,-0.006573858,0.330388302,0.298336070,0.377485842,0.358826317,0.219422042,0.110844834,2.243642569,2.163081400,0.047097540,0.060490247,0.049274026,0.311518300,1.325020242,2.196834501,-69.050216564,-40.721226789,0.054373946,0.323560618,1.783784848,2.218814936,-73.710434167,-42.553042886,0.369160444,0.324047381,-0.023749419,0.047470808,-0.025937870,-0.012976341,,0.323793427,,-0.047007752,,0.012979483,0.010194075,0.016310907,0.072201878,0.004712652,-0.282258838,-0.420067136,8.914244850,8.944137886
3.850000,0.025510204,-0.006573858,0.330388302,0.298336070,0.377485842,0.358826317,0.219422042,0.110844834,2.243642569,2.163081400,0.047097540,0.060490247,0.049274026,0.311518300,1.325020242,2.196834501,-69.050216564,-40.721226789,0.060593989,0.319303420,1.990519269,2.241736899,-74.819574940,-43.778830408,0.326657891,0.324236814,0.009430315,0.048019726,-0.033073477,-0.013027710,,0.323793427,,-0.047007752,,0.012979483,0.019900765,0.015399076,0.069425195,0.006650751,-0.422045827,-0.468396462,8.914244850,8.946810015
3.900000,0.025510204,-0.006573858,0.330388302,0.298336070,0.373752415,0.358826317,0.330485046,0.110844834,2.261292219,2.163081400,0.043364113,0.060490247,0.060593989,0.311518300,1.990519269,2.196834501,-74.790485137,-40.721226789,0.068717874,0.307722537,2.192947041,2.271219085,-76.265553310,-45.252131834,0.326657891,0.324236814,0.009430315,0.048019726,-0.033073477,-0.013027710,,0.323793427,,-0.047007752,,0.012979483,0.021563740,0.016135176,0.065928921,0.007491855,-0.537969410,-0.517237307,8.914244850,8.947332706
3.950000,0.025510204,-0.006573858,0.330388302,0.298336070,0.373752415,0.358826317,0.330485046,0.110844834,2.261292219,2.163081400,0.043364113,0.060490247,0.060593989,0.311518300,1.990519269,2.196834501,-74.790485137,-40.721226789,0.073537548,0.295542602,2.345116800,2.299382669,-77.991917818,-46.735239435,0.348426580,0.323892568,0.001147527,0.048178119,-0.033819526,-0.013016056,,0.323793427,,-0.047007752,,0.012979483,0.025363348,0.017822254,0.047100492,0.007165648,-0.637808025,-0.558301645,8.914244850,8.948455827
4.000000,0.016326281,-0.006573858,0.321210607,0.298336070,0.373752415,0.358826317,0.330485046,0.110844834,2.261292219,2.163081400,0.052541808,0.060490247,0.060593989,0.311518300,1.990519269,2.196834501,-74.790485137,-40.721226789,0.077492381,0.280328274,2.452836447,2.327693912,-79.974182145,-48.462085436,0.348426580,0.323892568,0.001147527,0.048178119,-0.033819526,-0.013016056,,0.323793427,,-0.047007752,,0.012979483,0.028594861,0.018743128,0.033054702,0.006003004,-0.710414112,-0.597711001,8.953471450,8.948126831
4.050000,0.016326281,-0.007037103,0.321210607,0.297872824,0.373752415,0.358869859,0.330485046,0.211857934,2.261292219,2.203761617,0.052541808,0.060997035,0.060593989,0.264528254,1.990519269,2.350843660,-74.790485137,-50.155206022,0.077492381,0.264528254,2.452836447,2.350843660,-79.974182145,-50.155206022,0.348426580,0.323265025,0.001147527,0.047917199,-0.033819526,-0.012834129,,0.323265025,,-0.047917199,,0.012834129,0.028594861,0.020040975,0.033054702,0.005086714,-0.710414112,-0.630928688,8.953471450,8.948553036
4.100000,0.016326281,-0.007037103,0.321210607,0.297872824,0.373752415,0.358869859,0.330485046,0.211857934,2.261292219,2.203761617,0.052541808,0.060997035,0.060593989,0.264528254,1.990519269,2.350843660,-74.790485137,-50.155206022,0.050557285,0.246922806,2.563397791,2.373530656,-84.334615813,-52.090070656,0.339227587,0.323265025,-0.023407776,0.047917199,-0.042155888,-0.012834129,,0.323265025,,-0.047917199,,0.012834129,0.029429082,0.021583871,0.012194417,0.004412856,-0.752802670,-0.665118211,8.953471450,8.947178058
4.150000,0.016326281,-0.007037103,0.321210607,0.297872824,0.373752415,0.358869859,0.330485046,0.211857934,2.261292219,2.203761617,0.052541808,0.060997035,0.060593989,0.264528254,1.990519269,2.350843660,-74.790485137,-50.155206022,0.121686065,0.230329377,2.605123122,2.392339487,-86.165605155,-53.953290477,0.339227587,0.323130101,-0.023407776,0.047678092,-0.042155888,-0.012737451,,0.323265025,,-0.047917199,,0.012834129,0.060883801,0.022658547,0.014226573,0.003525725,-0.593477249,-0.681483934,8.953471450,8.950006981
4.200000,0.016326281,-0.007037103,0.321210607,0.297872824,0.371006191,0.358869859,0.442126572,0.211857934,2.247439861,2.203761617,0.049795584,0.060997035,0.245169544,0.264528254,2.642906229,2.350843660,-87.650536014,-50.155206022,0.245169544,0.215657620,2.642906229,2.407541465,-87.679625817,-55.963061671,0.322968662,0.323130101,-0.017445793,0.047678092,-0.041539103,-0.012737451,,0.323265025,,-0.047917199,,0.012834129,0.072888352,0.023928382,0.009711084,0.001279475,-0.506929100,-0.663516845,8.953471450,8.950949731
4.250000,0.016326281,-0.007037103,0.321210607,0.297872824,0.371006191,0.358869859,0.442126572,0.211857934,2.247439861,2.203761617,0.049795584,0.060997035,0.245169544,0.264528254,2.642906229,2.350843660,-87.650536014,-50.155206022,0.398944584,0.208151368,2.646663241,2.413493722,-89.026238631,-57.750185959,0.322968662,0.322460941,-0.017445793,0.048045037,-0.041539103,-0.012683076,,0.323265025,,-0.047917199,,0.012834129,0.075198211,0.025380446,-0.005639570,-0.001627629,-0.452632666,-0.634849674,8.953471450,8.950670218
4.300000,0.016326281,-0.007037103,0.321210607,0.297872824,0.371006191,0.358869859,0.442126572,0.211857934,2.247439861,2.203761617,0.049795584,0.060997035,0.245169544,0.264528254,2.642906229,2.350843660,-87.650536014,-50.155206022,0.398944584,0.208954230,2.646663241,2.410904313,-89.026238631,-59.589085306,0.322968662,0.322460941,-0.017445793,0.048045037,-0.041539103,-0.012683076,,0.323265025,,-0.047917199,,0.012834129,0.075198211,0.026891052,-0.005639570,-0.004349955,-0.452632666,-0.599866374,8.953471450,8.951516268
4.350000,0.016326281,-0.007037103,0.321210607,0.297872824,0.371006191,0.359214433,0.442126572,0.319878821,2.247439861,2.223218745,0.049795584,0.061341609,0.245169544,0.223722699,2.642906229,2.394053702,-87.650536014,-62.339383996,0.651220166,0.215898483,2.596520346,2.402485282,-91.242061296,-61.194948155,0.345640153,0.323010278,0.050533038,0.049185389,-0.033735964,-0.012571294,,0.323511798,,-0.049448834,,0.012599560,0.050643139,0.027072973,-0.008355854,-0.005849626,-0.329083323,-0.567816307,8.953471450,8.950124730
4.400000,0.016326281,-0.007037103,0.321210607,0.297872824,0.371006191,0.359214433,0.442126572,0.319878821,2.247439861,2.223218745,0.049795584,0.061341609,0.245169544,0.223722699,2.642906229,2.394053702,-87.650536014,-62.339383996,0.693475275,0.227911997,2.604437562,2.389899958,-92.146036835,-62.830627589,0.345640153,0.323010278,0.050533038,0.049185389,-0.033735964,-0.012571294,,0.323511798,,-0.049448834,,0.012599560,0.019390276,0.026889092,-0.000963665,-0.006742733,-0.319072276,-0.530237035,8.953471450,8.950545029
4.450000,0.016326281,-0.007037103,0.321210607,0.297872824,0.371006191,0.359214433,0.442126572,0.319878821,2.247439861,2.223218745,0.049795584,0.061341609,0.245169544,0.223722699,2.642906229,2.394053702,-87.650536014,-62.339383996,0.647596755,0.242710237,2.647085943,2.376282344,-93.000206638,-64.239573519,0.284050047,0.324110525,0.048607886,0.049975392,-0.044188719,-0.012691449,,0.323511798,,-0.049448834,,0.012599560,-0.006859365,0.026444759,0.014590953,-0.007314657,-0.284222424,-0.494940557,8.953471450,8.951012902
4.500000,-0.024490045,-0.007037103,0.280421959,0.297872824,0.371006191,0.359214433,0.442126572,0.319878821,2.247439861,2.223218745,0.090584232,0.061341609,0.245169544,0.223722699,2.642906229,2.394053702,-87.650536014,-62.339383996,0.537018525,0.261342500,2.726656723,2.359898983,-93.695997999,-65.658987060,0.284050047,0.324110525,0.048607886,0.049975392,-0.044188719,-0.012691449,,0.323511798,,-0.049448834,,0.012599560,-0.032507733,0.025399281,0.028899774,-0.007761884,-0.226039693,-0.458812369,8.924051500,8.950580101
4.550000,-0.024490045,-0.006518063,0.280421959,0.298391864,0.371006191,0.359214433,0.442126572,0.319878821,2.247439861,2.223218745,0.090584232,0.060822569,0.245169544,0.223722699,2.642906229,2.394053702,-87.650536014,-62.339383996,0.537018525,0.279536298,2.726656723,2.344508810,-93.695997999,-66.874874669,0.284050047,0.324520891,0.048607886,0.050763838,-0.044188719,-0.012799717,,0.323511798,,-0.049448834,,0.012599560,-0.032507733,0.024122435,0.028899774,-0.007565128,-0.226039693,-0.425586457,8.924051500,8.950514315
4.600000,-0.024490045,-0.006518063,0.280421959,0.298391864,0.366838872,0.359214433,0.543212295,0.319878821,2.211407423,2.223218745,0.086416913,0.060822569,0.408022607,0.223722699,2.821701599,2.394053702,-94.201643691,-62.339383996,0.304382047,0.300279034,2.927955230,2.328198363,-94.605826998,-68.083615027,0.316034108,0.324520891,0.006376914,0.050763838,-0.041172039,-0.012799717,,0.323511798,,-0.049448834,,0.012599560,-0.027203843,0.023031450,0.037696272,-0.007524800,-0.115629561,-0.385939980,8.924051500,8.950524402
4.650000,-0.024490045,-0.006518063,0.280421959,0.298391864,0.366838872,0.359214433,0.543212295,0.319878821,2.211407423,2.223218745,0.086416913,0.060822569,0.408022607,0.223722699,2.821701599,2.394053702,-94.201643691,-62.339383996,0.217282862,0.321648996,3.039035727,2.313351367,-94.828641411,-69.094934539,0.114350349,0.324082057,0.017709007,0.052378727,-0.103753142,-0.012799548,,0.323511798,,-0.049448834,,0.012599560,-0.023510009,0.022230660,0.038814515,-0.007213906,-0.065679438,-0.351863619,8.924051500,8.947474954
4.700000,-0.024490045,-0.006518063,0.280421959,0.298391864,0.366838872,0.359460955,0.543212295,0.428847483,2.211407423,2.222467450,0.086416913,0.061069091,0.408022607,0.352530652,2.821701599,2.294557005,-94.201643691,-70.392142917,0.166062968,0.345428086,3.124316997,2.298646030,-94.946516856,-70.099256031,0.114350349,0.324082057,0.017709007,0.052378727,-0.103753142,-0.012799548,,0.323435475,,-0.053914606,,0.012653807,-0.010786549,0.020850199,0.028189674,-0.006539021,-0.033710558,-0.323722706,8.924051500,8.947411123
4.750000,-0.024490045,-0.006518063,0.280421959,0.298391864,0.366838872,0.359460955,0.543212295,0.428847483,2.211407423,2.222467450,0.086416913,0.061069091,0.408022607,0.352530652,2.821701599,2.294557005,-94.201643691,-70.392142917,0.146266547,0.366138918,3.176368183,2.286951796,-94.976808740,-70.955761965,0.309910506,0.322906627,0.029143533,0.054594758,-0.048718095,-0.012570552,,0.323435475,,-0.053914606,,0.012653807,-0.004718157,0.019187790,0.025793009,-0.005883738,-0.002204869,-0.299582299,8.924051500,8.946460424
4.800000,-0.024490045,-0.006518063,0.280421959,0.298391864,0.366838872,0.359460955,0.543212295,0.428847483,2.211407423,2.222467450,0.086416913,0.061069091,0.408022607,0.352530652,2.821701599,2.294557005,-94.201643691,-70.392142917,0.143999525,0.386610480,3.225183775,2.275885482,-94.928246045,-71.808895908,0.309910506,0.322906627,0.029143533,0.054594758,-0.048718095,-0.012570552,,0.323435475,,-0.053914606,,0.012653807,-0.000931305,0.017429998,0.019885929,-0.005366074,0.022804432,-0.273575045,8.924051500,8.946598155
4.850000,-0.024490045,-0.006518063,0.280421959,0.298391864,0.366838872,0.359460955,0.543212295,0.428847483,2.211407423,2.222467450,0.086416913,0.061069091,0.408022607,0.352530652,2.821701599,2.294557005,-94.201643691,-70.392142917,0.160580191,0.404057806,3.266486742,2.266513765,-94.818587460,-72.527375925,0.337270826,0.320752558,0.046343178,0.056598898,-0.038344692,-0.012306414,,0.323435475,,-0.053914606,,0.012653807,0.005235469,0.016036868,0.018417612,-0.005103601,0.043436252,-0.249399818,8.924051500,8.947186924
4.900000,-0.024490045,-0.006518063,0.280421959,0.298391864,0.358121842,0.359460955,0.638434768,0.428847483,2.166702032,2.222467450,0.077699883,0.061069091,0.160580191,0.352530652,3.266486742,2.294557005,-94.789497657,-70.392142917,0.181966873,0.421877395,3.320120538,2.256505884,-94.671185043,-73.230357977,0.337270826,0.320752558,0.046343178,0.056598898,-0.038344692,-0.012306414,,0.323435475,,-0.053914606,,0.012653807,0.004818498,0.014636286,0.021121444,-0.005041770,0.054733418,-0.223054104,8.924051500,8.947784946
4.950000,-0.024490045,-0.006518063,0.280421959,0.298391864,0.358121842,0.359460955,0.638434768,0.428847483,2.166702032,2.222467450,0.077699883,0.061069091,0.160580191,0.352530652,3.266486742,2.294557005,-94.789497657,-70.392142917,0.214833806,0.437492125,3.377585748,2.246877483,-94.489952871,-73.809766569,0.327855676,0.318202622,0.022460330,0.058535146,-0.044904254,-0.011996806,,0.323435475,,-0.053914606,,0.012653807,0.008022251,0.013311877,0.018576678,-0.005139208,0.064966381,-0.198884379,8.924051500,8.948487905
5.000000,-0.012244400,-0.006518063,0.292659300,0.298391864,0.358121842,0.359460955,0.638434768,0.428847483,2.166702032,2.222467450,0.065462542,0.061069091,0.160580191,0.352530652,3.266486742,2.294557005,-94.789497657,-70.392142917,0.247330224,0.453014698,3.429852863,2.235380221,-94.285279425,-74.361132325,0.295814574,0.318202622,0.055365875,0.058535146,-0.040905166,-0.011996806,,0.323435475,,-0.053914606,,0.012653807,0.006302543,0.011651605,0.016161725,-0.005477558,0.071982317,-0.171688482,8.845598300,8.948552058
5.050000,-0.012244400,-0.005682175,0.292659300,0.299227752,0.358121842,0.359734420,0.638434768,0.535824988,2.166702032,2.208437024,0.065462542,0.060506668,0.160580191,0.465930053,3.266486742,2.223154435,-94.789497657,-74.796596805,0.263812144,0.465930053,3.475317911,2.223154435,-94.081111334,-74.796596805,0.320713490,0.315343701,0.043783642,0.060204329,-0.039298046,-0.011658038,,0.315343701,,-0.060204329,,0.011658038,0.002899786,0.010117329,0.014978777,-0.005951135,0.070721023,-0.145589636,8.845598300,8.949619245
5.100000,-0.012244400,-0.005682175,0.292659300,0.299227752,0.358121842,0.359734420,0.638434768,0.535824988,2.166702032,2.208437024,0.065462542,0.060506668,0.160580191,0.465930053,3.266486742,2.223154435,-94.789497657,-74.796596805,0.271037965,0.478729459,3.510909331,2.207859585,-93.866411280,-75.185489357,0.320713490,0.315343701,0.043783642,0.060204329,-0.039298046,-0.011658038,,0.315343701,,-0.060204329,,0.011658038,-0.004772753,0.008757248,0.012578698,-0.006401461,0.076402962,-0.116200889,8.845598300,8.949248221
5.150000,-0.012244400,-0.005682175,0.292659300,0.299227752,0.358121842,0.359734420,0.638434768,0.535824988,2.166702032,2.208437024,0.065462542,0.060506668,0.160580191,0.465930053,3.266486742,2.223154435,-94.789497657,-74.796596805,0.278537867,0.491098984,3.536323160,2.192417214,-93.662379831,-75.467300795,0.325677365,0.312515029,0.059165366,0.062164469,-0.031810004,-0.011330501,,0.315343701,,-0.060204329,,0.011658038,-0.004586470,0.008178232,0.006127215,-0.006523544,0.069658503,-0.090346987,8.845598300,8.948927040
5.200000,-0.012244400,-0.005682175,0.292659300,0.299227752,0.354224265,0.359734420,0.727463484,0.535824988,2.119118690,2.208437024,0.061564965,0.060506668,0.282382268,0.465930053,3.552301119,2.223154435,-93.441163652,-74.796596805,0.282382268,0.505641273,3.552301119,2.175046413,-93.470253455,-75.700720043,0.325677365,0.312515029,0.059165366,0.062164469,-0.031810004,-0.011330501,,0.315343701,,-0.060204329,,0.011658038,0.000420201,0.007498705,0.003761687,-0.006468265,0.064672627,-0.067708777,8.845598300,8.949434926
5.250000,-0.012244400,-0.005682175,0.292659300,0.299227752,0.354224265,0.359734420,0.727463484,0.535824988,2.119118690,2.208437024,0.061564965,0.060506668,0.282382268,0.465930053,3.552301119,2.223154435,-93.441163652,-74.796596805,0.281642376,0.518821960,3.542866707,2.159040969,-93.292518195,-75.861193635,0.325816095,0.309147428,0.062619194,0.064322228,-0.029641798,-0.011040810,,0.315343701,,-0.060204329,,0.011658038,-0.006629437,0.006482185,-0.003001031,-0.006170434,0.061664890,-0.049989811,8.845598300,8.948271535
5.300000,-0.012244400,-0.005682175,0.292659300,0.299227752,0.354224265,0.359734420,0.727463484,0.535824988,2.119118690,2.208437024,0.061564965,0.060506668,0.282382268,0.465930053,3.552301119,2.223154435,-93.441163652,-74.796596805,0.279289099,0.531275343,3.526634594,2.142806682,-93.121387853,-75.984425168,0.325816095,0.309147428,0.062619194,0.064322228,-0.029641798,-0.011040810,,0.315343701,,-0.060204329,,0.011658038,-0.004294510,0.005026673,-0.007167745,-0.005432610,0.060148429,-0.033703995,8.845598300,8.947629508
5.350000,-0.012244400,-0.005682175,0.292659300,0.299227752,0.354224265,0.360122737,0.727463484,0.640088311,2.119118690,2.187204592,0.061564965,0.060894985,0.282382268,0.546118343,3.552301119,2.122255510,-93.441163652,-76.092409513,0.255424830,0.540459664,3.501176933,2.129986159,-92.963842683,-76.058644045,0.298314929,0.306054070,0.053997770,0.066115095,-0.028173476,-0.010758167,,0.305053617,,-0.066721511,,0.010669829,-0.012776393,0.003761072,-0.009827224,-0.004387617,0.052423872,-0.020945804,8.845598300,8.947050350
5.400000,-0.012244400,-0.005682175,0.292659300,0.299227752,0.354224265,0.360122737,0.727463484,0.640088311,2.119118690,2.187204592,0.061564965,0.060894985,0.282382268,0.546118343,3.552301119,2.122255510,-93.441163652,-76.092409513,0.233373528,0.548394697,3.468172600,2.119395254,-92.826344183,-76.101773008,0.313715041,0.306054070,0.046772134,0.066115095,-0.021114677,-0.010758167,,0.305053617,,-0.066721511,,0.010669829,-0.011313885,0.002741896,-0.013809422,-0.003031617,0.047823664,-0.008563171,8.845598300,8.946998038
5.450000,-0.012244400,-0.005682175,0.292659300,0.299227752,0.354224265,0.360122737,0.727463484,0.640088311,2.119118690,2.187204592,0.061564965,0.060894985,0.282382268,0.546118343,3.552301119,2.122255510,-93.441163652,-76.092409513,0.215904249,0.554532402,3.425567156,2.112897521,-92.697260465,-76.109917051,0.310158581,0.303344421,0.075339966,0.067761442,-0.015654799,-0.010534429,,0.305053617,,-0.066721511,,0.010669829,-0.007453770,0.002003859,-0.012212073,-0.001827858,0.045096669,0.002157832,8.845598300,8.947954092
5.500000,-0.006122200,-0.005682175,0.298777348,0.299227752,0.354224265,0.360122737,0.727463484,0.640088311,2.119118690,2.187204592,0.055446917,0.060894985,0.282382268,0.546118343,3.552301119,2.122255510,-93.441163652,-76.092409513,0.196020691,0.560493094,3.370314815,2.108954145,-92.577049080,-76.086305979,0.310158581,0.303344421,0.075339966,0.067761442,-0.015654799,-0.010534429,,0.305053617,,-0.066721511,,0.010669829,-0.007728367,0.001467034,-0.021338183,-0.000771890,0.039376214,0.013181070,8.933858150,8.947816231
5.550000,-0.006122200,-0.004675586,0.298777348,0.300234341,0.356733948,0.360122737,0.819414377,0.640088311,2.069258451,2.187204592,0.057956600,0.059888396,0.187334610,0.546118343,3.316603949,2.122255510,-92.441353664,-76.092409513,0.187334610,0.565636413,3.316603949,2.107150246,-92.470443466,-76.035543463,0.331467092,0.300806309,0.093562767,0.069202390,-0.014648671,-0.010347963,,0.305053617,,-0.066721511,,0.010669829,-0.003790720,0.000904708,-0.017607285,-0.000294005,0.036783546,0.023356162,8.933858150,8.949579832
5.600000,-0.006122200,-0.004675586,0.298777348,0.300234341,0.356733948,0.360122737,0.819414377,0.640088311,2.069258451,2.187204592,0.057956600,0.059888396,0.187334610,0.546118343,3.316603949,2.122255510,-92.441353664,-76.092409513,0.182504636,0.570456372,3.258980559,2.105439133,-92.370312913,-75.948928772,0.331467092,0.300806309,0.093562767,0.069202390,-0.014648671,-0.010347963,,0.305053617,,-0.066721511,,0.010669829,-0.000948072,0.000194546,-0.019626133,-0.000377966,0.034135371,0.034292980,8.933858150,8.950332172
5.650000,-0.006122200,-0.004675586,0.298777348,0.300234341,0.356733948,0.360122737,0.819414377,0.640088311,2.069258451,2.187204592,0.057956600,0.059888396,0.187334610,0.546118343,3.316603949,2.122255510,-92.441353664,-76.092409513,0.183227192,0.573948903,3.204026585,2.102626178,-92.280564210,-75.840647506,0.339293092,0.298437840,0.051569581,0.070154877,-0.009891527,-0.010168145,,0.305053617,,-0.066721511,,0.010669829,-0.003942948,-0.000506885,-0.021030921,-0.000897907,0.030349053,0.043817372,8.933858150,8.951608095
5.700000,-0.006122200,-0.004675586,0.298777348,0.300234341,0.356733948,0.360585121,0.819414377,0.739943516,2.069258451,2.164063713,0.057956600,0.060350780,0.187334610,0.577376460,3.316603949,2.095356270,-92.441353664,-75.646168879,0.185108959,0.576736979,3.153417507,2.097443268,-92.207371883,-75.695886433,0.339293092,0.298437840,0.051569581,0.070154877,-0.009891527,-0.010168145,,0.296980548,,-0.070585973,,0.010101317,0.000089181,-0.001174897,-0.016847547,-0.001601278,0.025135765,0.052781667,8.933858150,8.952984917
5.750000,-0.006122200,-0.004675586,0.298777348,0.300234341,0.356733948,0.360585121,0.819414377,0.739943516,2.069258451,2.164063713,0.057956600,0.060350780,0.187334610,0.577376460,3.316603949,2.095356270,-92.441353664,-75.646168879,0.184371499,0.578449523,3.112576735,2.090502395,-92.144937159,-75.539938444,0.310539693,0.296333288,0.087669253,0.070760010,-0.015079602,-0.010063070,,0.296980548,,-0.070585973,,0.010101317,0.002185063,-0.001662886,-0.016297085,-0.002266839,0.019253721,0.060192139,8.933858150,8.952048860
5.800000,-0.006122200,-0.004675586,0.298777348,0.300234341,0.356733948,0.360585121,0.819414377,0.739943516,2.069258451,2.164063713,0.057956600,0.060350780,0.187334610,0.577376460,3.316603949,2.095356270,-92.441353664,-75.646168879,0.187781284,0.579786629,3.075701998,2.080778497,-92.100308683,-75.348729103,0.315754652,0.296333288,0.096076913,0.070760010,-0.015555476,-0.010063070,,0.296980548,,-0.070585973,,0.010101317,-0.002991142,-0.002024883,-0.011552546,-0.002906671,0.015753195,0.067745546,8.933858150,8.951744273
5.850000,-0.006122200,-0.004675586,0.298777348,0.300234341,0.356733948,0.360585121,0.819414377,0.739943516,2.069258451,2.164063713,0.057956600,0.060350780,0.187334610,0.577376460,3.316603949,2.095356270,-92.441353664,-75.646168879,0.191309601,0.581200263,3.037524504,2.070264972,-92.059887700,-75.153547187,0.315754652,0.294387068,0.096076913,0.071399856,-0.015555476,-0.009948713,,0.296980548,,-0.070585973,,0.010101317,0.002149949,-0.002084200,-0.013331688,-0.003238898,0.012995464,0.073762604,8.933858150,8.952299277
5.900000,-0.006122200,-0.004675586,0.298777348,0.300234341,0.362158328,0.360585121,0.914538264,0.739943516,2.013350725,2.164063713,0.063380980,0.060350780,0.191309601,0.577376460,3.037524504,2.095356270,-92.030797898,-75.646168879,0.192695753,0.583286727,3.007915598,2.058238508,-92.031713122,-74.924875597,0.290254325,0.294387068,0.068614334,0.071399856,-0.014097975,-0.009948713,,0.296980548,,-0.070585973,,0.010101317,-0.001992864,-0.002065891,-0.008374165,-0.003210515,0.007900921,0.079368344,8.933858150,8.951038235
5.950000,-0.006122200,-0.004675586,0.298777348,0.300234341,0.362158328,0.360585121,0.914538264,0.739943516,2.013350725,2.164063713,0.063380980,0.060350780,0.191309601,0.577376460,3.037524504,2.095356270,-92.030797898,-75.646168879,0.197775277,0.585597979,2.979428020,2.047556013,-92.008169519,-74.699867715,0.316701204,0.292624300,0.070841268,0.072170986,-0.015150394,-0.009846433,,0.296980548,,-0.070585973,,0.010101317,0.003095383,-0.002106705,-0.009894121,-0.002853776,0.008538309,0.083959514,8.933858150,8.950489311
6.000000,0.011224241,-0.004675586,0.316112026,0.300234341,0.362158328,0.360585121,0.914538264,0.739943516,2.013350725,2.164063713,0.046046302,0.060350780,0.191309601,0.577376460,3.037524504,2.095356270,-92.030797898,-75.646168879,0.196513122,0.588261467,2.948886786,2.037397931,-91.975309435,-74.442589732,0.316701204,0.292624300,0.070841268,0.072170986,-0.015150394,-0.009846433,,0.296980548,,-0.070585973,,0.010101317,-0.001810452,-0.002252012,-0.008953137,-0.002185345,0.012163050,0.088449018,8.914244850,8.949738177
6.050000,0.011224241,-0.003729542,0.316112026,0.301180385,0.362158328,0.361040315,0.914538264,0.837852457,2.013350725,2.141871665,0.046046302,0.059859930,0.191309601,0.590601209,3.037524504,2.029902059,-92.030797898,-74.193880437,0.196788667,0.590601209,2.916365870,2.029902059,-91.943473927,-74.193880437,0.315440089,0.290992652,0.079319417,0.072871935,-0.017866155,-0.009772173,,0.290992652,,-0.072871935,,0.009772173,0.000207765,-0.002482588,-0.009110358,-0.001424445,0.010049682,0.092134659,8.914244850,8.949643973
6.100000,0.011224241,-0.003729542,0.316112026,0.301180385,0.362158328,0.361040315,0.914538264,0.837852457,2.013350725,2.141871665,0.046046302,0.059859930,0.191309601,0.590601209,3.037524504,2.029902059,-92.030797898,-74.193880437,0.196673692,0.592802710,2.893307661,2.024065383,-91.920620058,-73.913569930,0.314638913,0.290992652,0.076929457,0.072871935,-0.017752556,-0.009772173,,0.290992652,,-0.072871935,,0.009772173,0.001684875,-0.002712505,-0.008284673,-0.000601813,0.008162682,0.095755246,8.914244850,8.949673575
6.150000,0.011224241,-0.003729542,0.316112026,0.301180385,0.362158328,0.361040315,0.914538264,0.837852457,2.013350725,2.141871665,0.046046302,0.059859930,0.191309601,0.590601209,3.037524504,2.029902059,-92.030797898,-74.193880437,0.200433738,0.594485495,2.863886594,2.020599028,-91.899193819,-73.645633375,0.314638913,0.289501453,0.076929457,0.073424786,-0.017752556,-0.009729274,,0.290992652,,-0.072871935,,0.009772173,0.002068477,-0.002963073,-0.009770185,0.000047297,0.006670692,0.098825659,8.914244850,8.951517212
6.200000,0.011224241,-0.003729542,0.316112026,0.301180385,0.368520677,0.361040315,1.007535934,0.837852457,1.958451867,2.141871665,0.052408651,0.059859930,0.209494144,0.590601209,2.834828441,2.029902059,-91.856935415,-74.193880437,0.209494144,0.595485327,2.834828441,2.018388432,-91.886025218,-73.345648063,0.322682709,0.289501453,0.062704630,0.073424786,-0.017839277,-0.009729274,,0.290992652,,-0.072871935,,0.009772173,0.003361103,-0.003441321,-0.011041113,0.000472137,0.003910300,0.102348977,8.914244850,8.952006879
6.250000,0.011224241,-0.003729542,0.316112026,0.301180385,0.368520677,0.361040315,1.007535934,0.837852457,1.958451867,2.141871665,0.052408651,0.059859930,0.209494144,0.590601209,2.834828441,2.029902059,-91.856935415,-74.193880437,0.222726608,0.595571149,2.795360945,2.016808466,-91.873580521,-73.059067237,0.322682709,0.287885462,0.062704630,0.073733007,-0.017839277,-0.009730328,,0.290992652,,-0.072871935,,0.009772173,0.005731589,-0.003789583,-0.013383795,0.000483777,0.005136351,0.105810635,8.914244850,8.951983823
6.300000,0.011224241,-0.003729542,0.316112026,0.301180385,0.368520677,0.361040315,1.007535934,0.837852457,1.958451867,2.141871665,0.052408651,0.059859930,0.209494144,0.590601209,2.834828441,2.029902059,-91.856935415,-74.193880437,0.232132244,0.595127887,2.752098740,2.014403780,-91.855494252,-72.737727433,0.336714178,0.287885462,0.084221467,0.073733007,-0.017707532,-0.009730328,,0.290992652,,-0.072871935,,0.009772173,0.002821768,-0.004047766,-0.015592841,0.000100114,0.006699430,0.109621144,8.914244850,8.952564543
6.350000,0.011224241,-0.003729542,0.316112026,0.301180385,0.368520677,0.361444065,1.007535934,0.935811166,1.958451867,2.121790184,0.052408651,0.060263680,0.209494144,0.593965192,2.834828441,2.006658689,-91.856935415,-72.194645237,0.249091082,0.594516541,2.710916126,2.010674590,-91.839060863,-72.431070520,0.322623730,0.286302483,0.090777554,0.073923943,-0.021301264,-0.009649495,,0.285781264,,-0.073957957,,0.009611465,0.005756158,-0.004215483,-0.014156843,-0.000496267,0.006596850,0.113139938,8.914244850,8.952919293
6.400000,0.011224241,-0.003729542,0.316112026,0.301180385,0.368520677,0.361444065,1.007535934,0.935811166,1.958451867,2.121790184,0.052408651,0.060263680,0.209494144,0.593965192,2.834828441,2.006658689,-91.856935415,-72.194645237,0.263847601,0.593703212,2.667127449,2.004531484,-91.820421215,-72.087764291,0.322623730,0.286302483,0.090777554,0.073923943,-0.021301264,-0.009649495,,0.285781264,,-0.073957957,,0.009611465,0.005892890,-0.004389774,-0.014332455,-0.001204896,0.005268927,0.117067626,8.914244850,8.953056002
6.450000,0.011224241,-0.003729542,0.316112026,0.301180385,0.368520677,0.361444065,1.007535934,0.935811166,1.958451867,2.121790184,0.052408651,0.060263680,0.209494144,0.593965192,2.834828441,2.006658689,-91.856935415,-72.194645237,0.281349708,0.592838628,2.632349981,1.996997295,-91.808700607,-71.760439334,0.324428976,0.284917192,0.084535383,0.073978759,-0.025794379,-0.009536308,,0.285781264,,-0.073957957,,0.009611465,0.005438159,-0.004533489,-0.012638493,-0.001760001,0.004956050,0.120716822,8.914244850,8.952960506
6.500000,0.011224241,-0.003729542,0.316112026,0.301927177,0.368520677,0.361444065,1.007535934,0.935811166,1.958451867,2.121790184,0.052408651,0.059516888,0.209494144,0.593965192,2.834828441,2.006658689,-91.856935415,-72.194645237,0.298159877,0.591846532,2.593978618,1.987336651,-91.791591018,-71.394587589,0.347707629,0.284917192,0.091032453,0.073978759,-0.026629256,-0.009536308,,0.285781264,,-0.073957957,,0.009611465,0.006262517,-0.004656119,-0.013424419,-0.002123018,0.005219560,0.124619874,8.924051500,8.952522170
6.550000,0.011224241,-0.002982750,0.316112026,0.301927177,0.373747021,0.361444065,1.106096506,0.935811166,1.902405858,2.121790184,0.057634995,0.059516888,0.299950391,0.593965192,2.549130534,2.006658689,-91.754113666,-72.194645237,0.299950391,0.590939184,2.549130534,1.977773669,-91.783203469,-71.046659803,0.347707629,0.283690224,0.091032453,0.073955108,-0.026629256,-0.009433154,,0.285781264,,-0.073957957,,0.009611465,-0.000016318,-0.004738627,-0.015155142,-0.002170490,0.002271124,0.128129015,8.924051500,8.952010004
6.600000,0.011224241,-0.002982750,0.316112026,0.301927177,0.373747021,0.361444065,1.106096506,0.935811166,1.902405858,2.121790184,0.057634995,0.059516888,0.299950391,0.593965192,2.549130534,2.006658689,-91.754113666,-72.194645237,0.299791774,0.590085676,2.517106191,1.967692247,-91.773702744,-70.659470663,0.338050961,0.283690224,0.088589296,0.073955108,-0.024605382,-0.009433154,,0.285781264,,-0.073957957,,0.009611465,-0.001377758,-0.004761047,-0.012386375,-0.001872578,0.005013418,0.131491489,8.924051500,8.951264513
6.650000,0.011224241,-0.002982750,0.316112026,0.301927177,0.373747021,0.361444065,1.106096506,0.935811166,1.902405858,2.121790184,0.057634995,0.059516888,0.299950391,0.593965192,2.549130534,2.006658689,-91.754113666,-72.194645237,0.296750146,0.589608191,2.480867874,1.959729027,-91.763990174,-70.298309340,0.338050961,0.282860996,0.088589296,0.074051173,-0.024605382,-0.009372420,,0.285781264,,-0.073957957,,0.009611465,0.001229990,-0.004435809,-0.012133775,-0.001067970,0.002672376,0.127643081,8.924051500,8.949768703
6.700000,0.011224241,-0.002982750,0.316112026,0.301927177,0.373747021,0.361806426,1.106096506,1.031810545,1.902405858,2.105463406,0.057634995,0.059879249,0.299950391,0.590234354,2.549130534,1.956461677,-91.754113666,-69.869145519,0.291426361,0.590007923,2.457567393,1.956064424,-91.759222695,-69.955394796,0.326178610,0.282860996,0.092895582,0.074051173,-0.020147024,-0.009372420,,0.283581633,,-0.074448045,,0.009523676,-0.003348687,-0.003140476,-0.007093514,0.001016389,0.002090253,0.100290128,8.924051500,8.950314296
6.750000,0.011224241,-0.002982750,0.316112026,0.301927177,0.373747021,0.361806426,1.106096506,1.031810545,1.902405858,2.105463406,0.057634995,0.059879249,0.299950391,0.590234354,2.549130534,1.956461677,-91.754113666,-69.869145519,0.294742280,0.590153958,2.436293952,1.959371848,-91.749571657,-69.729894076,0.322314233,0.283958989,0.100846238,0.074423683,-0.026045674,-0.009601051,,0.283581633,,-0.074448045,,0.009523676,-0.000345583,-0.002498251,-0.006440906,0.002932954,0.003146452,0.063772397,8.924051500,8.950137487
6.800000,0.011224241,-0.002982750,0.316112026,0.301927177,0.373747021,0.361806426,1.106096506,1.031810545,1.902405858,2.105463406,0.057634995,0.059879249,0.299950391,0.590234354,2.549130534,1.956461677,-91.754113666,-69.869145519,0.296995113,0.587514429,2.410368872,1.969954006,-91.768327338,-69.614158687,0.322314233,0.283958989,0.100846238,0.074423683,-0.026045674,-0.009601051,,0.283581633,,-0.074448045,,0.009523676,0.001806050,-0.001891418,-0.010179345,0.004898362,-0.013470923,0.013817670,8.924051500,8.948207968
6.850000,0.011224241,-0.002982750,0.316112026,0.301927177,0.373747021,0.361806426,1.106096506,1.031810545,1.902405858,2.105463406,0.057634995,0.059879249,0.299950391,0.590234354,2.549130534,1.956461677,-91.754113666,-69.869145519,0.285295911,0.582070666,2.371288476,1.985978142,-91.995096460,-69.650755135,0.345948786,0.285984385,0.089729689,0.073620083,-0.022672482,-0.009780193,,0.283581633,,-0.074448045,,0.009523676,-0.005700915,-0.001163456,-0.014190886,0.006216955,-0.111719929,-0.038508196,8.924051500,8.949908712
6.900000,0.011224241,-0.002982750,0.316112026,0.301927177,0.376727313,0.361806426,1.206473231,1.031810545,1.842361212,2.105463406,0.060615287,0.059879249,0.285295911,0.590234354,2.371288476,1.956461677,-91.966006658,-69.869145519,0.247099725,0.572993900,2.339069380,2.006590176,-92.545322886,-69.852331343,0.326306552,0.285984385,0.076589383,0.073620083,-0.024316633,-0.009780193,,0.283581633,,-0.074448045,,0.009523676,-0.002708081,-0.000171698,-0.009213335,0.005987778,-0.218222395,-0.094781816,8.924051500,8.953431697
6.950000,0.011224241,-0.002982750,0.316112026,0.301927177,0.376727313,0.361806426,1.206473231,1.031810545,1.842361212,2.105463406,0.060615287,0.059879249,0.285295911,0.590234354,2.371288476,1.956461677,-91.966006658,-69.869145519,0.207048364,0.562566222,2.317230219,2.024640871,-93.329155395,-70.188128272,0.326306552,0.287489709,0.076589383,0.071842397,-0.024316633,-0.009892724,,0.283581633,,-0.074448045,,0.009523676,-0.001251854,0.001196613,-0.008763668,0.004625027,-0.291594654,-0.147118137,8.924051500,8.954764978
7.000000,0.014285963,-0.002982750,0.319171673,0.301927177,0.376727313,0.361806426,1.206473231,1.031810545,1.842361212,2.105463406,0.057555640,0.059879249,0.285295911,0.590234354,2.371288476,1.956461677,-91.966006658,-69.869145519,0.189562361,0.551026198,2.303538941,2.040526611,-94.282847885,-70.712831249,0.314884692,0.287489709,0.104817204,0.071842397,-0.031062426,-0.009892724,,0.283581633,,-0.074448045,,0.009523676,0.009418897,0.003637386,-0.004019202,0.002710569,-0.346053600,-0.202476773,8.943664800,8.955281950
7.050000,0.014285963,-0.002732275,0.319171673,0.302177652,0.376727313,0.362128595,1.206473231,1.128967045,1.842361212,2.090869643,0.057555640,0.059950943,0.285295911,0.542084905,2.371288476,2.051806735,-91.966006658,-71.338449381,0.178615108,0.542084905,2.301789571,2.051806735,-95.376395257,-71.338449381,0.328077495,0.288829544,0.057291180,0.070836206,-0.040606264,-0.009913041,,0.288829544,,-0.070836206,,0.009913041,0.014502983,0.005890002,0.001709918,0.001298924,-0.393596917,-0.249266143,8.943664800,8.952990416
7.100000,0.014285963,-0.002732275,0.319171673,0.302177652,0.376727313,0.362128595,1.206473231,1.128967045,1.842361212,2.090869643,0.057555640,0.059950943,0.285295911,0.542084905,2.371288476,2.051806735,-91.966006658,-71.338449381,0.177139199,0.533015783,2.310398847,2.061860972,-96.586534047,-72.149954907,0.328077495,0.288829544,0.057291180,0.070836206,-0.040606264,-0.009913041,,0.288829544,,-0.070836206,,0.009913041,0.016628634,0.007416177,0.003795953,0.000532326,-0.431447804,-0.292355871,8.943664800,8.951610461
7.150000,0.014285963,-0.002732275,0.319171673,0.302177652,0.376727313,0.362128595,1.206473231,1.128967045,1.842361212,2.090869643,0.057555640,0.059950943,0.285295911,0.542084905,2.371288476,2.051806735,-91.966006658,-71.338449381,0.173088570,0.524303525,2.327640719,2.071009252,-97.898196740,-73.003709846,0.315850705,0.289926883,0.060592297,0.070032197,-0.038536780,-0.009911778,,0.288829544,,-0.070836206,,0.009913041,0.019180741,0.008565334,0.004561058,0.000426315,-0.465249330,-0.325090140,8.943664800,8.950662276
7.200000,0.014285963,-0.002732275,0.319171673,0.302177652,0.376080066,0.362128595,1.301821232,1.128967045,1.779493570,2.090869643,0.056908393,0.059950943,0.160578683,0.542084905,2.339934076,2.051806735,-99.275961992,-71.338449381,0.160578683,0.515014717,2.339934076,2.081041557,-99.305051795,-74.014063669,0.315850705,0.289926883,0.060592297,0.070032197,-0.038536780,-0.009911778,,0.288829544,,-0.070836206,,0.009913041,0.016344450,0.009706338,0.003231615,0.000108048,-0.496986091,-0.350523928,8.943664800,8.951341508
7.250000,0.014285963,-0.002732275,0.319171673,0.302177652,0.376080066,0.362128595,1.301821232,1.128967045,1.779493570,2.090869643,0.056908393,0.059950943,0.160578683,0.542084905,2.339934076,2.051806735,-99.275961992,-71.338449381,0.156977637,0.507008605,2.342488526,2.089348078,-100.775577827,-75.006054140,0.342700660,0.289844202,0.054948449,0.069399489,-0.031935029,-0.009857561,,0.288829544,,-0.070836206,,0.009913041,0.019763414,0.010676722,-0.001741179,-0.000507989,-0.519524753,-0.369088253,8.943664800,8.951121569
7.300000,0.014285963,-0.002732275,0.319171673,0.302177652,0.376080066,0.362128595,1.301821232,1.128967045,1.779493570,2.090869643,0.056908393,0.059950943,0.160578683,0.542084905,2.339934076,2.051806735,-99.275961992,-71.338449381,0.150968517,0.499093904,2.321607499,2.096437348,-102.313381313,-76.133495919,0.368827373,0.289844202,0.045827873,0.069399489,-0.022571273,-0.009857561,,0.288829544,,-0.070836206,,0.009913041,0.023961663,0.011594956,-0.008238837,-0.001361986,-0.540518999,-0.386166491,8.943664800,8.951465380
7.350000,0.014285963,-0.002732275,0.319171673,0.302177652,0.376080066,0.362567534,1.301821232,1.226806117,1.779493570,2.069139017,0.056908393,0.060389882,0.160578683,0.487014328,2.339934076,2.102349278,-99.275961992,-78.051438576,0.147118401,0.492193976,2.292683371,2.100741431,-103.964415595,-77.216031514,0.368827373,0.289192943,0.045827873,0.068933328,-0.022571273,-0.009768783,,0.288861059,,-0.068720532,,0.009736497,0.021789415,0.012157799,-0.012830626,-0.002294012,-0.556949258,-0.399743829,8.943664800,8.952147778
7.400000,0.014285963,-0.002732275,0.319171673,0.302177652,0.376080066,0.362567534,1.301821232,1.226806117,1.779493570,2.069139017,0.056908393,0.060389882,0.160578683,0.487014328,2.339934076,2.102349278,-99.275961992,-78.051438576,0.147929165,0.484706327,2.265103322,2.102617268,-105.537585791,-78.428867309,0.355331004,0.289192943,0.071698487,0.068933328,-0.032088425,-0.009768783,,0.288861059,,-0.068720532,,0.009736497,0.024205366,0.012647499,-0.011843632,-0.003334289,-0.574352980,-0.413187158,8.943664800,8.951767749
7.450000,0.014285963,-0.002732275,0.319171673,0.302177652,0.376080066,0.362567534,1.301821232,1.226806117,1.779493570,2.069139017,0.056908393,0.060389882,0.160578683,0.487014328,2.339934076,2.102349278,-99.275961992,-78.051438576,0.149348439,0.477824346,2.233591575,2.101893300,-107.206241983,-79.582951177,0.355331004,0.288210292,0.071698487,0.068341637,-0.032088425,-0.009677391,,0.288861059,,-0.068720532,,0.009736497,0.023048071,0.013119111,-0.012729049,-0.004174291,-0.583759665,-0.424915720,8.943664800,8.951939895
7.500000,0.013265804,-0.002732275,0.318152205,0.302177652,0.376080066,0.362567534,1.301821232,1.226806117,1.779493570,2.069139017,0.057927861,0.060389882,0.160578683,0.487014328,2.339934076,2.102349278,-99.275961992,-78.051438576,0.150493913,0.470597904,2.208099367,2.099021424,-108.865745724,-80.868602310,0.346691549,0.288210292,0.062061131,0.068341637,-0.040247746,-0.009677391,,0.288861059,,-0.068720532,,0.009736497,0.023952281,0.013657070,-0.010249855,-0.004806725,-0.593143106,-0.436850513,8.904438200,8.951590613
7.550000,0.013265804,-0.002225192,0.318152205,0.302684735,0.374072611,0.362567534,1.391422749,1.226806117,1.708022475,2.069139017,0.055920406,0.059882799,0.160416398,0.487014328,2.182299411,2.102349278,-110.559215945,-78.051438576,0.160416398,0.464507318,2.182299411,2.095325914,-110.588305748,-82.085498408,0.324934512,0.287217642,0.033260480,0.067887136,-0.036583565,-0.009590568,,0.288861059,,-0.068720532,,0.009736497,0.025667915,0.014309838,-0.010140172,-0.005011157,-0.601218879,-0.447043237,8.904438200,8.950789007
7.600000,0.013265804,-0.002225192,0.318152205,0.302684735,0.374072611,0.362567534,1.391422749,1.226806117,1.708022475,2.069139017,0.055920406,0.059882799,0.160416398,0.487014328,2.182299411,2.102349278,-110.559215945,-78.051438576,0.172631352,0.458953349,2.168413070,2.091633076,-112.325400381,-83.435129628,0.324934512,0.287217642,0.033260480,0.067887136,-0.036583565,-0.009590568,,0.288861059,,-0.068720532,,0.009736497,0.027696064,0.015011800,-0.005552594,-0.004687149,-0.606710970,-0.457796833,8.904438200,8.949536495
7.650000,0.013265804,-0.002225192,0.318152205,0.302684735,0.374072611,0.362567534,1.391422749,1.226806117,1.708022475,2.069139017,0.055920406,0.059882799,0.160416398,0.487014328,2.182299411,2.102349278,-110.559215945,-78.051438576,0.186680462,0.454484759,2.155194731,2.089605886,-114.076005233,-84.707265943,0.346179873,0.286550233,0.036745746,0.067702904,-0.035732608,-0.009514458,,0.288861059,,-0.068720532,,0.009736497,0.030059773,0.015406600,-0.004684998,-0.004211891,-0.612203896,-0.465580952,8.904438200,8.949990816
7.700000,0.013265804,-0.002225192,0.318152205,0.302684735,0.374072611,0.363054558,1.391422749,1.318906450,1.708022475,2.035299124,0.055920406,0.060369823,0.160416398,0.448578296,2.182299411,2.088154062,-110.559215945,-86.535643808,0.186680462,0.449923817,2.155194731,2.088452570,-114.076005233,-86.103437404,0.346179873,0.286550233,0.036745746,0.067702904,-0.035732608,-0.009514458,,0.285950564,,-0.067479367,,0.009443323,0.030059773,0.015683902,-0.004684998,-0.004016758,-0.612203896,-0.470441359,8.904438200,8.950051466
7.750000,0.013265804,-0.002225192,0.318152205,0.302684735,0.374072611,0.363054558,1.391422749,1.318906450,1.708022475,2.035299124,0.055920406,0.060369823,0.160416398,0.448578296,2.182299411,2.088154062,-110.559215945,-86.535643808,0.223289970,0.445954848,2.146714305,2.087465480,-117.618318873,-87.403278839,0.339055121,0.285650925,0.024586482,0.067348496,-0.035658784,-0.009412982,,0.285950564,,-0.067479367,,0.009443323,0.030422434,0.015861316,0.000161819,-0.004120517,-0.618102551,-0.473951361,8.904438200,8.950573447
7.800000,0.013265804,-0.002225192,0.318152205,0.302684735,0.374072611,0.363054558,1.391422749,1.318906450,1.708022475,2.035299124,0.055920406,0.060369823,0.160416398,0.448578296,2.182299411,2.088154062,-110.559215945,-86.535643808,0.246566291,0.441795468,2.142523401,2.085724829,-119.402132152,-88.821748191,0.362973660,0.285650925,0.021746669,0.067348496,-0.035096582,-0.009412982,,0.285950564,,-0.067479367,,0.009443323,0.032163762,0.016015117,-0.003080574,-0.004432596,-0.622853398,-0.477403445,8.904438200,8.951676812
7.850000,0.013265804,-0.002225192,0.318152205,0.302684735,0.374072611,0.363054558,1.391422749,1.318906450,1.708022475,2.035299124,0.055920406,0.060369823,0.160416398,0.448578296,2.182299411,2.088154062,-110.559215945,-86.535643808,0.249264667,0.438086920,2.149356597,2.083114109,-121.215656583,-90.140145303,0.362973660,0.284714553,0.021746669,0.066949532,-0.035096582,-0.009341182,,0.285950564,,-0.067479367,,0.009443323,0.023997355,0.016175961,0.000847090,-0.004813042,-0.635212481,-0.480572979,8.904438200,8.951065942
7.900000,0.013265804,-0.002225192,0.318152205,0.302684735,0.370676249,0.363054558,1.472818017,1.318906450,1.623863339,2.035299124,0.052524044,0.060369823,0.249264667,0.448578296,2.149356597,2.088154062,-121.186566780,-86.535643808,0.234598987,0.434331050,2.153508673,2.079069230,-123.073590999,-91.578313556,0.387259841,0.284714553,0.033068180,0.066949532,-0.022677634,-0.009341182,,0.285950564,,-0.067479367,,0.009443323,0.018027037,0.016357297,-0.002425343,-0.005222195,-0.652281225,-0.484029768,8.904438200,8.951070290
7.950000,0.013265804,-0.002225192,0.318152205,0.302684735,0.370676249,0.363054558,1.472818017,1.318906450,1.623863339,2.035299124,0.052524044,0.060369823,0.249264667,0.448578296,2.149356597,2.088154062,-121.186566780,-86.535643808,0.234598987,0.431110824,2.153508673,2.074339810,-123.073590999,-92.914966166,0.387259841,0.283705795,0.033068180,0.066672736,-0.022677634,-0.009278769,,0.285950564,,-0.067479367,,0.009443323,0.018027037,0.016504533,-0.002425343,-0.005523875,-0.652281225,-0.487184774,8.904438200,8.951375641
8.000000,0.001020159,-0.002225192,0.305914864,0.302684735,0.370676249,0.363054558,1.472818017,1.318906450,1.623863339,2.035299124,0.064761385,0.060369823,0.249264667,0.448578296,2.149356597,2.088154062,-121.186566780,-86.535643808,0.197128275,0.427861904,2.152663883,2.068455134,-126.874823521,-94.372731434,0.351023287,0.283705795,0.024014836,0.066672736,-0.037088592,-0.009278769,,0.285950564,,-0.067479367,,0.009443323,0.017946510,0.016665404,-0.003796000,-0.005721739,-0.663248181,-0.490551075,8.953471450,8.950951038
8.050000,0.001020159,-0.001403398,0.305914864,0.303506529,0.370676249,0.363551963,1.472818017,1.403758409,1.623863339,1.988148539,0.064761385,0.060045434,0.249264667,0.425096572,2.149356597,2.062707977,-121.186566780,-95.726974618,0.173672726,0.425096572,2.155428014,2.062707977,-128.832820221,-95.726974618,0.344361067,0.282715309,0.015049640,0.066442737,-0.028102938,-0.009222733,,0.282715309,,-0.066442737,,0.009222733,0.018063024,0.016830172,-0.001205120,-0.005752840,-0.696774125,-0.493359072,8.953471450,8.951328942
8.100000,0.001020159,-0.001403398,0.305914864,0.303506529,0.370676249,0.363551963,1.472818017,1.403758409,1.623863339,1.988148539,0.064761385,0.060045434,0.249264667,0.425096572,2.149356597,2.062707977,-121.186566780,-95.726974618,0.120856999,0.422596125,2.162720250,2.056640441,-130.974248385,-97.201894444,0.341086656,0.282715309,0.027093017,0.066442737,-0.026473396,-0.009222733,,0.282715309,,-0.066442737,,0.009222733,0.007586515,0.017063749,0.002660694,-0.005621633,-0.763157427,-0.495872319,8.953471450,8.949846796
8.150000,0.001020159,-0.001403398,0.305914864,0.303506529,0.370676249,0.363551963,1.472818017,1.403758409,1.623863339,1.988148539,0.064761385,0.060045434,0.249264667,0.425096572,2.149356597,2.062707977,-121.186566780,-95.726974618,0.035093447,0.421065160,2.187914681,2.052101006,-133.362929517,-98.578262432,0.341086656,0.282334552,0.027093017,0.066519000,-0.026473396,-0.009171496,,0.282715309,,-0.066442737,,0.009222733,0.000050876,0.017989728,0.009961791,-0.004644145,-0.859088719,-0.510215923,8.953471450,8.945200247
8.200000,0.001020159,-0.001403398,0.305914864,0.303506529,0.369254768,0.363551963,1.541307330,1.403758409,1.530540943,1.988148539,0.063339904,0.060045434,-0.065608946,0.425096572,2.228689298,2.062707977,-135.906430374,-95.726974618,-0.065608946,0.419067683,2.228689298,2.054820033,-135.935520177,-100.168282518,0.377486289,0.282334552,-0.013968312,0.066519000,-0.037242308,-0.009171496,,0.282715309,,-0.066442737,,0.009222733,-0.001912997,0.018817941,0.017536130,-0.001250961,-0.932368577,-0.558155768,8.953471450,8.942943811
8.250000,0.001020159,-0.001403398,0.305914864,0.303506529,0.369254768,0.363551963,1.541307330,1.403758409,1.530540943,1.988148539,0.063339904,0.060045434,-0.065608946,0.425096572,2.228689298,2.062707977,-135.906430374,-95.726974618,-0.163713819,0.414092375,2.269861128,2.068315872,-138.738138108,-101.785684595,0.377486289,0.282529702,-0.013968312,0.066775545,-0.037242308,-0.009169254,,0.282715309,,-0.066442737,,0.009222733,0.004809149,0.019600643,0.015509741,0.002402055,-0.990008473,-0.615718091,8.953471450,8.941791450
8.300000,0.001020159,-0.001403398,0.305914864,0.303506529,0.369254768,0.363551963,1.541307330,1.403758409,1.530540943,1.988148539,0.063339904,0.060045434,-0.065608946,0.425096572,2.228689298,2.062707977,-135.906430374,-95.726974618,-0.263155902,0.402695722,2.301292229,2.094763306,-141.692017346,-103.715363860,0.299497634,0.282529702,-0.006377696,0.066775545,-0.045948591,-0.009169254,,0.282715309,,-0.066442737,,0.009222733,0.007699140,0.019817777,0.013000084,0.005813757,-1.043748856,-0.677068722,8.953471450,8.942171262
8.350000,0.001020159,-0.001403398,0.305914864,0.303506529,0.369254768,0.364072723,1.541307330,1.479342783,1.530540943,1.926677402,0.063339904,0.060566194,-0.065608946,0.372676110,2.228689298,2.154194433,-135.906430374,-107.213049648,-0.353641417,0.386588956,2.298534728,2.127285370,-144.824027869,-105.660916463,0.342979252,0.279560174,-0.042660952,0.066794905,-0.017888652,-0.009149972,,0.277714595,,-0.067093817,,0.009083708,0.016176401,0.020742911,0.004220992,0.007769257,-1.109779477,-0.733034659,8.953471450,8.942773392
8.400000,0.001020159,-0.001403398,0.305914864,0.303506529,0.369254768,0.364072723,1.541307330,1.479342783,1.530540943,1.926677402,0.063339904,0.060566194,-0.065608946,0.372676110,2.228689298,2.154194433,-135.906430374,-107.213049648,-0.427975332,0.366258374,2.271065407,2.166365178,-148.140863349,-107.926634760,0.342979252,0.279560174,-0.042660952,0.066794905,-0.017888652,-0.009149972,,0.277714595,,-0.067093817,,0.009083708,0.018947754,0.022620779,-0.001387208,0.008286830,-1.173728704,-0.784806635,8.953471450,8.943046621
8.450000,0.001020159,-0.001403398,0.305914864,0.303506529,0.369254768,0.364072723,1.541307330,1.479342783,1.530540943,1.926677402,0.063339904,0.060566194,-0.065608946,0.372676110,2.228689298,2.154194433,-135.906430374,-107.213049648,-0.504242310,0.346320806,2.209256300,2.203473796,-151.666743613,-110.152623705,0.308847576,0.274563160,-0.049512811,0.068022489,-0.018842055,-0.008898321,,0.277714595,,-0.067093817,,0.009083708,0.020425949,0.024569813,-0.012563765,0.008697058,-1.245775104,-0.830957495,8.953471450,8.941270345
8.500000,-0.002040318,-0.001403398,0.302856462,0.303506529,0.369254768,0.364072723,1.541307330,1.479342783,1.530540943,1.926677402,0.066398306,0.060566194,-0.065608946,0.372676110,2.228689298,2.154194433,-135.906430374,-107.213049648,-0.589464221,0.324314620,2.114853302,2.245102497,-155.354963801,-112.707471432,0.300416082,0.274563160,-0.021862688,0.068022489,-0.021438180,-0.008898321,,0.277714595,,-0.067093817,,0.009083708,0.017578462,0.027111257,-0.023278363,0.009203265,-1.298605084,-0.880336633,8.963278100,8.940067056
8.550000,-0.002040318,-0.001239004,0.302856462,0.303670924,0.369358659,0.364072723,1.584826350,1.479342783,1.432533026,1.926677402,0.066502197,0.060401799,-0.686426881,0.372676110,1.970539496,2.154194433,-159.110878013,-107.213049648,-0.686426881,0.304105886,1.970539496,2.284437862,-159.139967816,-115.188838769,0.300416082,0.269127569,-0.021862688,0.070514563,-0.021438180,-0.008504292,,0.277714595,,-0.067093817,,0.009083708,0.013093461,0.029386034,-0.037113521,0.009447976,-1.321690321,-0.920299818,8.963278100,8.939720824
8.600000,-0.002040318,-0.001239004,0.302856462,0.303670924,0.369358659,0.364072723,1.584826350,1.479342783,1.432533026,1.926677402,0.066502197,0.060401799,-0.686426881,0.372676110,1.970539496,2.154194433,-159.110878013,-107.213049648,-0.760032293,0.282092854,1.777398658,2.327759099,-162.733439632,-118.000462333,0.335048050,0.269127569,-0.059379380,0.070514563,-0.027152255,-0.008504292,,0.277714595,,-0.067093817,,0.009083708,0.021383997,0.031693979,-0.058199342,0.010067076,-1.214255691,-0.964560284,8.963278100,8.938394475
8.650000,-0.002040318,-0.001239004,0.302856462,0.303670924,0.369358659,0.364072723,1.584826350,1.479342783,1.432533026,1.926677402,0.066502197,0.060401799,-0.686426881,0.372676110,1.970539496,2.154194433,-159.110878013,-107.213049648,-0.755276555,0.261266784,1.580471898,2.368521964,-165.768502414,-120.693600744,0.335048050,0.263499850,-0.059379380,0.072923835,-0.027152255,-0.008102347,,0.277714595,,-0.067093817,,0.009083708,0.037090290,0.033123108,-0.047301460,0.009816473,-0.991897404,-0.979802558,8.963278100,8.943929887
8.700000,-0.002040318,-0.001239004,0.302856462,0.303670924,0.369358659,0.364967508,1.584826350,1.531948287,1.432533026,1.850615991,0.066502197,0.061296584,-0.686426881,0.237232399,1.970539496,2.412958709,-159.110878013,-124.434517151,-0.677080444,0.241867884,1.462646811,2.404887216,-168.217648022,-123.570701181,0.340427965,0.263499850,-0.043605901,0.072923835,-0.020479947,-0.008102347,,0.261233263,,-0.073384255,,0.007924272,0.049391493,0.034294941,-0.026680322,0.005765903,-0.815332294,-0.948027664,8.963278100,8.950394100
8.750000,-0.002040318,-0.001239004,0.302856462,0.303670924,0.369358659,0.364967508,1.584826350,1.531948287,1.432533026,1.850615991,0.066502197,0.061296584,-0.686426881,0.237232399,1.970539496,2.412958709,-159.110878013,-124.434517151,-0.595640725,0.230371092,1.419885895,2.424419459,-170.330348456,-126.128544842,0.321869463,0.261648582,-0.042572420,0.073477529,-0.020331670,-0.007848940,,0.261233263,,-0.073384255,,0.007924272,0.048218112,0.035636247,-0.003928021,0.000990953,-0.703141034,-0.911267514,8.963278100,8.952037198
8.800000,-0.002040318,-0.001239004,0.302856462,0.303670924,0.369358659,0.364967508,1.584826350,1.531948287,1.432533026,1.850615991,0.066502197,0.061296584,-0.686426881,0.237232399,1.970539496,2.412958709,-159.110878013,-124.434517151,-0.514685921,0.225550320,1.403726066,2.429879084,-172.116880054,-128.780274899,0.321869463,0.261648582,-0.042572420,0.073477529,-0.020331670,-0.007848940,,0.261233263,,-0.073384255,,0.007924272,0.040959001,0.036505544,-0.002547418,-0.004143481,-0.592975080,-0.868122826,8.963278100,8.953488838
8.850000,-0.002040318,-0.001239004,0.302856462,0.303670924,0.369358659,0.364967508,1.584826350,1.531948287,1.432533026,1.850615991,0.066502197,0.061296584,-0.686426881,0.237232399,1.970539496,2.412958709,-159.110878013,-124.434517151,-0.470576895,0.228268867,1.379702047,2.421431933,-173.612978329,-131.109860472,0.247167990,0.265989140,-0.103002936,0.073019916,-0.032475952,-0.007739266,,0.261233263,,-0.073384255,,0.007924272,0.024380695,0.037256829,-0.006063796,-0.008309253,-0.495490581,-0.825481871,8.963278100,8.953274016
8.900000,-0.002040318,-0.001239004,0.302856462,0.303670924,0.370194703,0.364967508,1.594360471,1.531948287,1.332464337,1.850615991,0.067338241,0.061296584,-0.470576895,0.237232399,1.379702047,2.412958709,-173.583888526,-124.434517151,-0.440725242,0.240496653,1.378922913,2.401358238,-174.807168625,-133.497253911,0.247167990,0.265989140,-0.103002936,0.073019916,-0.032475952,-0.007739266,,0.261233263,,-0.073384255,,0.007924272,0.024762860,0.038196556,0.007359095,-0.011338427,-0.398266912,-0.778003520,8.963278100,8.952097668
8.950000,-0.002040318,-0.001239004,0.302856462,0.303670924,0.370194703,0.364967508,1.594360471,1.531948287,1.332464337,1.850615991,0.067338241,0.061296584,-0.470576895,0.237232399,1.379702047,2.412958709,-173.583888526,-124.434517151,-0.389810440,0.258888964,1.443869385,2.377038533,-175.776208553,-135.579887763,0.332593799,0.273264354,-0.038568627,0.073193857,-0.025551209,-0.007807657,,0.261233263,,-0.073384255,,0.007924272,0.031273182,0.038216624,0.035641838,-0.012561028,-0.315940946,-0.737399750,8.963278100,8.949273182
9.000000,-0.011224241,-0.001239004,0.293678767,0.303670924,0.370194703,0.364967508,1.594360471,1.531948287,1.332464337,1.850615991,0.076515936,0.061296584,-0.470576895,0.237232399,1.379702047,2.412958709,-173.583888526,-124.434517151,-0.282625079,0.283707002,1.595931542,2.349680512,-176.539304617,-137.712681716,0.357430160,0.273264354,-0.039051831,0.073193857,-0.026482083,-0.007807657,,0.261233263,,-0.073384255,,0.007924272,0.051416691,0.037368384,0.060260098,-0.012520510,-0.247998014,-0.694267892,8.835791650,8.950540202
9.050000,-0.011224241,0.000399353,0.293678767,0.305309280,0.370194703,0.366199473,1.594360471,1.559100574,1.332464337,1.761895612,0.076515936,0.060890193,-0.470576895,0.309256234,1.379702047,2.324765688,-173.583888526,-139.567676554,-0.134727343,0.309256234,1.799466114,2.324765688,-177.101620469,-139.567676554,0.357430160,0.280132538,-0.039051831,0.073111427,-0.026482083,-0.008115222,,0.280132538,,-0.073111427,,0.008115222,0.058221113,0.036412964,0.077908248,-0.012547748,-0.175945014,-0.654803561,8.835791650,8.950887977
9.100000,-0.011224241,0.000399353,0.293678767,0.305309280,0.370194703,0.366199473,1.594360471,1.559100574,1.332464337,1.761895612,0.076515936,0.060890193,-0.470576895,0.309256234,1.379702047,2.324765688,-173.583888526,-139.567676554,0.038896306,0.340298996,2.040868663,2.298789547,-177.484138301,-141.452055777,0.317252755,0.280132538,-0.065357476,0.073111427,-0.029641494,-0.008115222,,0.280132538,,-0.073111427,,0.008115222,0.067890987,0.035239116,0.085316472,-0.011928318,-0.118045591,-0.611218547,8.835791650,8.949168936
9.150000,-0.011224241,0.000399353,0.293678767,0.305309280,0.370194703,0.366199473,1.594360471,1.559100574,1.332464337,1.761895612,0.076515936,0.060890193,-0.470576895,0.309256234,1.379702047,2.324765688,-173.583888526,-139.567676554,0.237530462,0.369502646,2.337019009,2.277567602,-177.723263228,-143.085681496,0.340906322,0.285675657,-0.007384090,0.073447500,-0.033000030,-0.008471545,,0.280132538,,-0.073111427,,0.008115222,0.076126061,0.033309546,0.107606053,-0.010927009,-0.070134126,-0.582538890,8.835791650,8.949146787
9.200000,-0.011224241,0.000399353,0.293678767,0.305309280,0.370194703,0.366199473,1.594360471,1.559100574,1.332464337,1.761895612,0.076515936,0.060890193,-0.470576895,0.309256234,1.379702047,2.324765688,-173.583888526,-139.567676554,0.468079631,0.395392907,2.690593734,2.258267205,-177.824677885,-144.815002471,0.340906322,0.285675657,-0.007384090,0.073447500,-0.033000030,-0.008471545,,0.280132538,,-0.073111427,,0.008115222,0.079819202,0.030107944,0.126015648,-0.009754896,-0.024392571,-0.580118268,8.835791650,8.948533216
9.250000,-0.011224241,0.000399353,0.293678767,0.305309280,0.367440492,0.366199473,1.587400198,1.559100574,1.219353795,1.761895612,0.073761725,0.060890193,0.468079631,0.309256234,2.690593734,2.324765688,-177.795588082,-139.567676554,0.577234153,0.411198606,2.989606036,2.244749223,-177.813162189,-146.420450923,0.307093501,0.287912110,-0.020072961,0.072963904,-0.034933105,-0.008736195,,0.280132538,,-0.073111427,,0.008115222,0.020292178,0.027458482,0.087622173,-0.008314571,0.012860255,-0.586891638,8.835791650,8.948344426
9.300000,-0.011224241,0.000399353,0.293678767,0.305309280,0.367440492,0.366199473,1.587400198,1.559100574,1.219353795,1.761895612,0.073761725,0.060890193,0.468079631,0.309256234,2.690593734,2.324765688,-177.795588082,-139.567676554,0.621675365,0.420481904,3.177260557,2.235393040,-177.708769635,-148.186835563,0.329980820,0.287912110,-0.003496295,0.072963904,-0.037580192,-0.008736195,,0.280132538,,-0.073111427,,0.008115222,0.005892406,0.025279609,0.059085030,-0.006670770,0.043487780,-0.597968951,8.835791650,8.947501651
9.350000,-0.011224241,0.000399353,0.293678767,0.305309280,0.367440492,0.367255543,1.587400198,1.568405434,1.219353795,1.663013214,0.073761725,0.061946263,0.468079631,0.421749553,2.690593734,2.230174445,-177.795588082,-151.118471633,0.612117893,0.422958452,3.305011539,2.231149456,-177.545459736,-149.849493395,0.329980820,0.287513483,-0.003496295,0.072040045,-0.037580192,-0.008903838,,0.287154346,,-0.071648890,,0.008935938,-0.005498035,0.023773132,0.043093339,-0.005422252,0.059018034,-0.609853117,8.835791650,8.947222782
9.400000,-0.011224241,0.000399353,0.293678767,0.305309280,0.367440492,0.367255543,1.587400198,1.568405434,1.219353795,1.663013214,0.073761725,0.061946263,0.468079631,0.421749553,2.690593734,2.230174445,-177.795588082,-151.118471633,0.575844482,0.420645129,3.377632690,2.230274284,-177.548246523,-151.688370393,0.313677043,0.287513483,0.004848868,0.072040045,-0.036098372,-0.008903838,,0.287154346,,-0.071648890,,0.008935938,-0.017675448,0.022920980,0.021373706,-0.004314081,-0.034821510,-0.622831829,8.835791650,8.947547954
9.450000,-0.011224241,0.000399353,0.293678767,0.305309280,0.367440492,0.367255543,1.587400198,1.568405434,1.219353795,1.663013214,0.073761725,0.061946263,0.468079631,0.421749553,2.690593734,2.230174445,-177.795588082,-151.118471633,0.488922213,0.415984829,3.430541494,2.232267467,-177.943263629,-153.418229008,0.313677043,0.286637073,0.004848868,0.071147077,-0.036098372,-0.008957102,,0.287154346,,-0.071648890,,0.008935938,-0.023592846,0.022728032,0.015980376,-0.003497385,-0.171526581,-0.633589118,8.835791650,8.947280280
9.500000,0.001020159,0.000399353,0.305914864,0.305309280,0.367440492,0.367255543,1.587400198,1.568405434,1.219353795,1.663013214,0.061525628,0.061946263,0.468079631,0.421749553,2.690593734,2.230174445,-177.795588082,-151.118471633,0.410717428,0.409498091,3.465988656,2.236549839,-178.619944154,-155.324272175,0.340406924,0.286637073,-0.000561496,0.071147077,-0.035442062,-0.008957102,,0.287154346,,-0.071648890,,0.008935938,-0.008158384,0.022770265,0.009678582,-0.002921310,-0.257073790,-0.644448415,9.022118000,8.947656902
9.550000,0.001020159,0.002204523,0.305914864,0.307114451,0.364010453,0.367255543,1.569684744,1.568405434,1.112232089,1.663013214,0.058095589,0.060141092,0.348695078,0.421749553,3.494513900,2.230174445,-179.318788647,-151.118471633,0.348695078,0.402291564,3.494513900,2.241544093,-179.347878449,-157.112229811,0.308369279,0.285944002,-0.002056986,0.070391502,-0.041025516,-0.008955412,,0.287154346,,-0.071648890,,0.008935938,-0.001445699,0.022821046,0.008758913,-0.002704269,-0.240365729,-0.654374212,9.022118000,8.947474631
9.600000,0.001020159,0.002204523,0.305914864,0.307114451,0.364010453,0.367255543,1.569684744,1.568405434,1.112232089,1.663013214,0.058095589,0.060141092,0.348695078,0.421749553,3.494513900,2.230174445,-179.318788647,-151.118471633,0.344499099,0.393435150,3.507907464,2.247080229,-179.827603516,-159.079651584,0.308369279,0.285944002,-0.002056986,0.070391502,-0.041025516,-0.008955412,,0.287154346,,-0.071648890,,0.008935938,0.011724436,0.022999453,0.003555747,-0.002782376,-0.145875961,-0.664882079,9.022118000,8.949063602
9.650000,0.001020159,0.002204523,0.305914864,0.307114451,0.364010453,0.367255543,1.569684744,1.568405434,1.112232089,1.663013214,0.058095589,0.060141092,0.348695078,0.421749553,3.494513900,2.230174445,-179.318788647,-151.118471633,0.382997783,0.384967223,3.496437697,2.251350882,-180.157242148,-160.915849096,0.314285010,0.285167277,0.014900208,0.069499104,-0.044214863,-0.008931545,,0.287154346,,-0.071648890,,0.008935938,0.020550009,0.023284260,-0.006109547,-0.003303278,-0.106112361,-0.665871904,9.022118000,8.950169251
9.700000,0.001020159,0.002204523,0.305914864,0.307114451,0.364010453,0.368166383,1.569684744,1.558212613,1.112232089,1.565672630,0.058095589,0.061051932,0.348695078,0.376889982,3.494513900,2.251604508,-179.318788647,-163.477510894,0.403673559,0.378156243,3.473311538,2.252415297,-180.405219031,-162.882076748,0.331968427,0.285167277,0.018219592,0.069499104,-0.031547464,-0.008931545,,0.284530074,,-0.069420924,,0.008906576,0.008495847,0.024003642,-0.010004637,-0.004835067,-0.080148280,-0.652069070,9.022118000,8.951973604
9.750000,0.001020159,0.002204523,0.305914864,0.307114451,0.364010453,0.368166383,1.569684744,1.558212613,1.112232089,1.565672630,0.058095589,0.061051932,0.348695078,0.376889982,3.494513900,2.251604508,-179.318788647,-163.477510894,0.397461402,0.375624791,3.439563676,2.248301458,-180.602447548,-164.653068703,0.331968427,0.284434868,0.018219592,0.069455289,-0.031547464,-0.008886537,,0.284530074,,-0.069420924,,0.008906576,-0.001149402,0.024647238,-0.010091551,-0.006516634,-0.064586759,-0.635453573,9.022118000,8.952027102
9.800000,0.001020159,0.002204523,0.305914864,0.307114451,0.364010453,0.368166383,1.569684744,1.558212613,1.112232089,1.565672630,0.058095589,0.061051932,0.348695078,0.376889982,3.494513900,2.251604508,-179.318788647,-163.477510894,0.372941521,0.376309252,3.417634369,2.238669303,-180.777546324,-166.520684525,0.327080369,0.284434868,0.032691747,0.069455289,-0.036134496,-0.008886537,,0.284530074,,-0.069420924,,0.008906576,-0.008723568,0.024796082,-0.008244254,-0.008036877,-0.058953222,-0.617868817,9.022118000,8.951726290
9.850000,0.001020159,0.002204523,0.305914864,0.307114451,0.364010453,0.368166383,1.569684744,1.558212613,1.112232089,1.565672630,0.058095589,0.061051932,0.348695078,0.376889982,3.494513900,2.251604508,-179.318788647,-163.477510894,0.345530227,0.378944763,3.400541799,2.225835265,-181.000346996,-168.196355972,0.327080369,0.284531112,0.032691747,0.069353303,-0.036134496,-0.008848816,,0.284530074,,-0.069420924,,0.008906576,-0.006945136,0.024586951,-0.005968790,-0.009257679,-0.091347553,-0.600082348,9.022118000,8.952037951
9.900000,0.001020159,0.002204523,0.305914864,0.307114451,0.362371027,0.368166383,1.538554907,1.558212613,1.011494398,1.565672630,0.056456163,0.061051932,0.345530227,0.376889982,3.400541799,2.251604508,-180.971257193,-163.477510894,0.296773984,0.384076507,3.396755726,2.208239262,-181.303088374,-169.952850974,0.316007078,0.284531112,0.016514493,0.069353303,-0.039763015,-0.008848816,,0.284530074,,-0.069420924,,0.008906576,-0.008145355,0.024471585,0.001084065,-0.010275877,-0.105263330,-0.578612450,9.022118000,8.951975958
9.950000,0.001020159,0.002204523,0.305914864,0.307114451,0.362371027,0.368166383,1.538554907,1.558212613,1.011494398,1.565672630,0.056456163,0.061051932,0.345530227,0.376889982,3.400541799,2.251604508,-180.971257193,-163.477510894,0.260986202,0.390721390,3.402734642,2.189898680,-181.599573237,-171.517298664,0.315294087,0.284952177,0.049002640,0.069330049,-0.038853675,-0.008867837,,0.284530074,,-0.069420924,,0.008906576,-0.007367954,0.023969454,-0.000723500,-0.010631945,-0.101847053,-0.559041408,9.022118000,8.951315831
10.000000,0.003061723,0.002204523,0.307955043,0.307114451,0.362371027,0.368166383,1.538554907,1.558212613,1.011494398,1.565672630,0.054415984,0.061051932,0.345530227,0.376889982,3.400541799,2.251604508,-180.971257193,-163.477510894,0.242622963,0.398767878,3.417226268,2.169615146,-181.869734510,-173.152828541,0.315294087,0.284952177,0.049002640,0.069330049,-0.038853675,-0.008867837,,0.284530074,,-0.069420924,,0.008906576,-0.003403957,0.023240324,0.005064623,-0.010471683,-0.091648236,-0.539034459,8.865211600,8.950943216
