wall_mono_s,sim_time,lin_vel_body_x,lin_vel_body_y,lin_vel_body_z,ang_vel_body_x,ang_vel_body_y,ang_vel_body_z,base_depth_m,base_vz_down_mps,buoy_force_world_z,weight_force_world_z,net_static_force_world_z,initial_depth_hold_active,thr_force_body_x,thr_force_body_y,thr_force_body_z,thr_torque_body_x,thr_torque_body_y,thr_torque_body_z,thr_force_world_x,thr_force_world_y,thr_force_world_z,thr_torque_world_x,thr_torque_world_y,thr_torque_world_z,xfrc_force_world_x,xfrc_force_world_y,xfrc_force_world_z,xfrc_torque_world_x,xfrc_torque_world_y,xfrc_torque_world_z,qvel_0,qvel_1,qvel_2,qvel_3,qvel_4,qvel_5,qfrc_applied_0,qfrc_applied_1,qfrc_applied_2,qfrc_applied_3,qfrc_applied_4,qfrc_applied_5,qfrc_actuator_0,qfrc_actuator_1,qfrc_actuator_2,qfrc_actuator_3,qfrc_actuator_4,qfrc_actuator_5,qfrc_fluid_0,qfrc_fluid_1,qfrc_fluid_2,qfrc_fluid_3,qfrc_fluid_4,qfrc_fluid_5,qfrc_passive_0,qfrc_passive_1,qfrc_passive_2,qfrc_passive_3,qfrc_passive_4,qfrc_passive_5,qfrc_bias_0,qfrc_bias_1,qfrc_bias_2,qfrc_bias_3,qfrc_bias_4,qfrc_bias_5,qacc_0,qacc_1,qacc_2,qacc_3,qacc_4,qacc_5,sitl_ch1_pwm,sitl_ch2_pwm,sitl_ch3_pwm,sitl_ch4_pwm,sitl_ch5_pwm,sitl_ch6_pwm,sitl_ch7_pwm,sitl_ch8_pwm,ver_lf_servo_norm,ver_lf_target,ver_lf_state,ver_lf_force,ver_lf_direct_gain,ver_lr_servo_norm,ver_lr_target,ver_lr_state,ver_lr_force,ver_lr_direct_gain,ver_rf_servo_norm,ver_rf_target,ver_rf_state,ver_rf_force,ver_rf_direct_gain,ver_rr_servo_norm,ver_rr_target,ver_rr_state,ver_rr_force,ver_rr_direct_gain,yaw_lf_servo_norm,yaw_lf_target,yaw_lf_state,yaw_lf_force,yaw_lf_direct_gain,yaw_lr_servo_norm,yaw_lr_target,yaw_lr_state,yaw_lr_force,yaw_lr_direct_gain,yaw_rf_servo_norm,yaw_rf_target,yaw_rf_state,yaw_rf_force,yaw_rf_direct_gain,yaw_rr_servo_norm,yaw_rr_target,yaw_rr_state,yaw_rr_force,yaw_rr_direct_gain
298183.757,0,0,0,0,0,0,0,0.367101461,-0,150.09763,-147.154539,2.94309079,1,0,0,0,0,0,0,0,0,0,0,0,0,0,0,150.09763,4.79015999,-1.85057561,1.86249591e-05,0,0,0,0,0,0,0,0,0,0,0,0,0,0,0,0,0,0,0,0,0,0,0,0,0,0,0,0,0,0,0,0,147.154539,0.0394669884,0.967696673,-0.00384051527,-0.113534285,-0.171277625,0.224999691,-1.51211678,-4.31409623,0.000207874053,1500,1500,1500,1500,1500,1500,1500,1500,0,0,0,0,0.2,0,0,0,0,0.2,0,0,0,0,0.2,0,0,0,0,0.2,0,0,0,0,1,0,0,0,0,1,0,0,0,0,1,0,0,0,0,1
298183.808,0.05,0,0,0,0,0,0,0.367101461,-0,150.09763,-147.154539,2.94309079,1,0,0,0,0,0,0,0,0,0,0,0,0,0,0,150.09763,4.79015999,-1.85057561,1.86249591e-05,0,0,0,0,0,0,0,0,0,0,0,0,0,0,0,0,0,0,0,0,0,0,0,0,0,0,0,0,0,0,0,0,147.154539,0.0394669884,0.967696673,-0.00384051527,-0.113534285,-0.171277625,0.224999691,-1.51211678,-4.31409623,0.000207874053,1500,1500,1500,1500,1500,1500,1500,1500,0,0,0,0,0.2,0,0,0,0,0.2,0,0,0,0,0.2,0,0,0,0,0.2,0,0,0,0,1,0,0,0,0,1,0,0,0,0,1,0,0,0,0,1
298183.858,0.1,0,0,0,0,0,0,0.367101461,-0,150.09763,-147.154539,2.94309079,1,0,0,0,0,0,0,0,0,0,0,0,0,0,0,150.09763,4.79015999,-1.85057561,1.86249591e-05,0,0,0,0,0,0,0,0,0,0,0,0,0,0,0,0,0,0,0,0,0,0,0,0,0,0,0,0,0,0,0,0,147.154539,0.0394669884,0.967696673,-0.00384051527,-0.113534285,-0.171277625,0.224999691,-1.51211678,-4.31409623,0.000207874053,1500,1500,1500,1500,1500,1500,1500,1500,0,0,0,0,0.2,0,0,0,0,0.2,0,0,0,0,0.2,0,0,0,0,0.2,0,0,0,0,1,0,0,0,0,1,0,0,0,0,1,0,0,0,0,1
298183.908,0.15,0,0,0,0,0,0,0.367101461,-0,150.09763,-147.154539,2.94309079,1,0,0,0,0,0,0,0,0,0,0,0,0,0,0,150.09763,4.79015999,-1.85057561,1.86249591e-05,0,0,0,0,0,0,0,0,0,0,0,0,0,0,0,0,0,0,0,0,0,0,0,0,0,0,0,0,0,0,0,0,147.154539,0.0394669884,0.967696673,-0.00384051527,-0.113534285,-0.171277625,0.224999691,-1.51211678,-4.31409623,0.000207874053,1500,1500,1500,1500,1500,1500,1500,1500,0,0,0,0,0.2,0,0,0,0,0.2,0,0,0,0,0.2,0,0,0,0,0.2,0,0,0,0,1,0,0,0,0,1,0,0,0,0,1,0,0,0,0,1
298183.958,0.2,0,0,0,0,0,0,0.367101461,-0,150.09763,-147.154539,2.94309079,1,0,0,0,0,0,0,0,0,0,0,0,0,0,0,150.09763,4.79015999,-1.85057561,1.86249591e-05,0,0,0,0,0,0,0,0,0,0,0,0,0,0,0,0,0,0,0,0,0,0,0,0,0,0,0,0,0,0,0,0,147.154539,0.0394669884,0.967696673,-0.00384051527,-0.113534285,-0.171277625,0.224999691,-1.51211678,-4.31409623,0.000207874053,1500,1500,1500,1500,1500,1500,1500,1500,0,0,0,0,0.2,0,0,0,0,0.2,0,0,0,0,0.2,0,0,0,0,0.2,0,0,0,0,1,0,0,0,0,1,0,0,0,0,1,0,0,0,0,1
298184.008,0.25,0,0,0,0,0,0,0.367101461,-0,150.09763,-147.154539,2.94309079,1,0,0,0,0,0,0,0,0,0,0,0,0,0,0,150.09763,4.79015999,-1.85057561,1.86249591e-05,0,0,0,0,0,0,0,0,0,0,0,0,0,0,0,0,0,0,0,0,0,0,0,0,0,0,0,0,0,0,0,0,147.154539,0.0394669884,0.967696673,-0.00384051527,-0.113534285,-0.171277625,0.224999691,-1.51211678,-4.31409623,0.000207874053,1500,1500,1500,1500,1500,1500,1500,1500,0,0,0,0,0.2,0,0,0,0,0.2,0,0,0,0,0.2,0,0,0,0,0.2,0,0,0,0,1,0,0,0,0,1,0,0,0,0,1,0,0,0,0,1
298184.058,0.3,0,0,0,0,0,0,0.367101461,-0,150.09763,-147.154539,2.94309079,1,0,0,0,0,0,0,0,0,0,0,0,0,0,0,150.09763,4.79015999,-1.85057561,1.86249591e-05,0,0,0,0,0,0,0,0,0,0,0,0,0,0,0,0,0,0,0,0,0,0,0,0,0,0,0,0,0,0,0,0,147.154539,0.0394669884,0.967696673,-0.00384051527,-0.113534285,-0.171277625,0.224999691,-1.51211678,-4.31409623,0.000207874053,1500,1500,1500,1500,1500,1500,1500,1500,0,0,0,0,0.2,0,0,0,0,0.2,0,0,0,0,0.2,0,0,0,0,0.2,0,0,0,0,1,0,0,0,0,1,0,0,0,0,1,0,0,0,0,1
298184.11,0.35,0,0,0,0,0,0,0.367101461,-0,150.09763,-147.154539,2.94309079,1,0,0,0,0,0,0,0,0,0,0,0,0,0,0,150.09763,4.79015999,-1.85057561,1.86249591e-05,0,0,0,0,0,0,0,0,0,0,0,0,0,0,0,0,0,0,0,0,0,0,0,0,0,0,0,0,0,0,0,0,147.154539,0.0394669884,0.967696673,-0.00384051527,-0.113534285,-0.171277625,0.224999691,-1.51211678,-4.31409623,0.000207874053,1500,1500,1500,1500,1500,1500,1500,1500,0,0,0,0,0.2,0,0,0,0,0.2,0,0,0,0,0.2,0,0,0,0,0.2,0,0,0,0,1,0,0,0,0,1,0,0,0,0,1,0,0,0,0,1
298184.161,0.4,0,0,0,0,0,0,0.367101461,-0,150.09763,-147.154539,2.94309079,1,0,0,0,0,0,0,0,0,0,0,0,0,0,0,150.09763,4.79015999,-1.85057561,1.86249591e-05,0,0,0,0,0,0,0,0,0,0,0,0,0,0,0,0,0,0,0,0,0,0,0,0,0,0,0,0,0,0,0,0,147.154539,0.0394669884,0.967696673,-0.00384051527,-0.113534285,-0.171277625,0.224999691,-1.51211678,-4.31409623,0.000207874053,1500,1500,1500,1500,1500,1500,1500,1500,0,0,0,0,0.2,0,0,0,0,0.2,0,0,0,0,0.2,0,0,0,0,0.2,0,0,0,0,1,0,0,0,0,1,0,0,0,0,1,0,0,0,0,1
298184.213,0.45,0,0,0,0,0,0,0.367101461,-0,150.09763,-147.154539,2.94309079,1,0,0,0,0,0,0,0,0,0,0,0,0,0,0,150.09763,4.79015999,-1.85057561,1.86249591e-05,0,0,0,0,0,0,0,0,0,0,0,0,0,0,0,0,0,0,0,0,0,0,0,0,0,0,0,0,0,0,0,0,147.154539,0.0394669884,0.967696673,-0.00384051527,-0.113534285,-0.171277625,0.224999691,-1.51211678,-4.31409623,0.000207874053,1500,1500,1500,1500,1500,1500,1500,1500,0,0,0,0,0.2,0,0,0,0,0.2,0,0,0,0,0.2,0,0,0,0,0.2,0,0,0,0,1,0,0,0,0,1,0,0,0,0,1,0,0,0,0,1
298184.264,0.5,0,0,0,0,0,0,0.367101461,-0,150.09763,-147.154539,2.94309079,1,0,0,0,0,0,0,0,0,0,0,0,0,0,0,150.09763,4.79015999,-1.85057561,1.86249591e-05,0,0,0,0,0,0,0,0,0,0,0,0,0,0,0,0,0,0,0,0,0,0,0,0,0,0,0,0,0,0,0,0,147.154539,0.0394669884,0.967696673,-0.00384051527,-0.113534285,-0.171277625,0.224999691,-1.51211678,-4.31409623,0.000207874053,1500,1500,1500,1500,1500,1500,1500,1500,0,0,0,0,0.2,0,0,0,0,0.2,0,0,0,0,0.2,0,0,0,0,0.2,0,0,0,0,1,0,0,0,0,1,0,0,0,0,1,0,0,0,0,1
298184.317,0.55,0,0,0,0,0,0,0.367101461,-0,150.09763,-147.154539,2.94309079,1,0,0,0,0,0,0,0,0,0,0,0,0,0,0,150.09763,4.79015999,-1.85057561,1.86249591e-05,0,0,0,0,0,0,0,0,0,0,0,0,0,0,0,0,0,0,0,0,0,0,0,0,0,0,0,0,0,0,0,0,147.154539,0.0394669884,0.967696673,-0.00384051527,-0.113534285,-0.171277625,0.224999691,-1.51211678,-4.31409623,0.000207874053,1500,1500,1500,1500,1500,1500,1500,1500,0,0,0,0,0.2,0,0,0,0,0.2,0,0,0,0,0.2,0,0,0,0,0.2,0,0,0,0,1,0,0,0,0,1,0,0,0,0,1,0,0,0,0,1
298184.369,0.6,0,0,0,0,0,0,0.367101461,-0,150.09763,-147.154539,2.94309079,1,0,0,0,0,0,0,0,0,0,0,0,0,0,0,150.09763,4.79015999,-1.85057561,1.86249591e-05,0,0,0,0,0,0,0,0,0,0,0,0,0,0,0,0,0,0,0,0,0,0,0,0,0,0,0,0,0,0,0,0,147.154539,0.0394669884,0.967696673,-0.00384051527,-0.113534285,-0.171277625,0.224999691,-1.51211678,-4.31409623,0.000207874053,1500,1500,1500,1500,1500,1500,1500,1500,0,0,0,0,0.2,0,0,0,0,0.2,0,0,0,0,0.2,0,0,0,0,0.2,0,0,0,0,1,0,0,0,0,1,0,0,0,0,1,0,0,0,0,1
298184.422,0.65,0,0,0,0,0,0,0.367101461,-0,150.09763,-147.154539,2.94309079,1,0,0,0,0,0,0,0,0,0,0,0,0,0,0,150.09763,4.79015999,-1.85057561,1.86249591e-05,0,0,0,0,0,0,0,0,0,0,0,0,0,0,0,0,0,0,0,0,0,0,0,0,0,0,0,0,0,0,0,0,147.154539,0.0394669884,0.967696673,-0.00384051527,-0.113534285,-0.171277625,0.224999691,-1.51211678,-4.31409623,0.000207874053,1500,1500,1500,1500,1500,1500,1500,1500,0,0,0,0,0.2,0,0,0,0,0.2,0,0,0,0,0.2,0,0,0,0,0.2,0,0,0,0,1,0,0,0,0,1,0,0,0,0,1,0,0,0,0,1
298184.473,0.7,0,0,0,0,0,0,0.367101461,-0,150.09763,-147.154539,2.94309079,1,0,0,0,0,0,0,0,0,0,0,0,0,0,0,150.09763,4.79015999,-1.85057561,1.86249591e-05,0,0,0,0,0,0,0,0,0,0,0,0,0,0,0,0,0,0,0,0,0,0,0,0,0,0,0,0,0,0,0,0,147.154539,0.0394669884,0.967696673,-0.00384051527,-0.113534285,-0.171277625,0.224999691,-1.51211678,-4.31409623,0.000207874053,1500,1500,1500,1500,1500,1500,1500,1500,0,0,0,0,0.2,0,0,0,0,0.2,0,0,0,0,0.2,0,0,0,0,0.2,0,0,0,0,1,0,0,0,0,1,0,0,0,0,1,0,0,0,0,1
298184.525,0.75,0,0,0,0,0,0,0.367101461,-0,150.09763,-147.154539,2.94309079,1,0,0,0,0,0,0,0,0,0,0,0,0,0,0,150.09763,4.79015999,-1.85057561,1.86249591e-05,0,0,0,0,0,0,0,0,0,0,0,0,0,0,0,0,0,0,0,0,0,0,0,0,0,0,0,0,0,0,0,0,147.154539,0.0394669884,0.967696673,-0.00384051527,-0.113534285,-0.171277625,0.224999691,-1.51211678,-4.31409623,0.000207874053,1500,1500,1500,1500,1500,1500,1500,1500,0,0,0,0,0.2,0,0,0,0,0.2,0,0,0,0,0.2,0,0,0,0,0.2,0,0,0,0,1,0,0,0,0,1,0,0,0,0,1,0,0,0,0,1
298184.578,0.8,0,0,0,0,0,0,0.367101461,-0,150.09763,-147.154539,2.94309079,1,0,0,0,0,0,0,0,0,0,0,0,0,0,0,150.09763,4.79015999,-1.85057561,1.86249591e-05,0,0,0,0,0,0,0,0,0,0,0,0,0,0,0,0,0,0,0,0,0,0,0,0,0,0,0,0,0,0,0,0,147.154539,0.0394669884,0.967696673,-0.00384051527,-0.113534285,-0.171277625,0.224999691,-1.51211678,-4.31409623,0.000207874053,1500,1500,1500,1500,1500,1500,1500,1500,0,0,0,0,0.2,0,0,0,0,0.2,0,0,0,0,0.2,0,0,0,0,0.2,0,0,0,0,1,0,0,0,0,1,0,0,0,0,1,0,0,0,0,1
298184.63,0.85,0,0,0,0,0,0,0.367101461,-0,150.09763,-147.154539,2.94309079,1,0,0,0,0,0,0,0,0,0,0,0,0,0,0,150.09763,4.79015999,-1.85057561,1.86249591e-05,0,0,0,0,0,0,0,0,0,0,0,0,0,0,0,0,0,0,0,0,0,0,0,0,0,0,0,0,0,0,0,0,147.154539,0.0394669884,0.967696673,-0.00384051527,-0.113534285,-0.171277625,0.224999691,-1.51211678,-4.31409623,0.000207874053,1500,1500,1500,1500,1500,1500,1500,1500,0,0,0,0,0.2,0,0,0,0,0.2,0,0,0,0,0.2,0,0,0,0,0.2,0,0,0,0,1,0,0,0,0,1,0,0,0,0,1,0,0,0,0,1
298184.682,0.9,0,0,0,0,0,0,0.367101461,-0,150.09763,-147.154539,2.94309079,1,0,0,0,0,0,0,0,0,0,0,0,0,0,0,150.09763,4.79015999,-1.85057561,1.86249591e-05,0,0,0,0,0,0,0,0,0,0,0,0,0,0,0,0,0,0,0,0,0,0,0,0,0,0,0,0,0,0,0,0,147.154539,0.0394669884,0.967696673,-0.00384051527,-0.113534285,-0.171277625,0.224999691,-1.51211678,-4.31409623,0.000207874053,1500,1500,1500,1500,1500,1500,1500,1500,0,0,0,0,0.2,0,0,0,0,0.2,0,0,0,0,0.2,0,0,0,0,0.2,0,0,0,0,1,0,0,0,0,1,0,0,0,0,1,0,0,0,0,1
298184.739,0.95,0,0,0,0,0,0,0.367101461,-0,150.09763,-147.154539,2.94309079,1,0,0,0,0,0,0,0,0,0,0,0,0,0,0,150.09763,4.79015999,-1.85057561,1.86249591e-05,0,0,0,0,0,0,0,0,0,0,0,0,0,0,0,0,0,0,0,0,0,0,0,0,0,0,0,0,0,0,0,0,147.154539,0.0394669884,0.967696673,-0.00384051527,-0.113534285,-0.171277625,0.224999691,-1.51211678,-4.31409623,0.000207874053,1500,1500,1500,1500,1500,1500,1500,1500,0,0,0,0,0.2,0,0,0,0,0.2,0,0,0,0,0.2,0,0,0,0,0.2,0,0,0,0,1,0,0,0,0,1,0,0,0,0,1,0,0,0,0,1
298184.793,1,0,0,0,0,0,0,0.367101461,-0,150.09763,-147.154539,2.94309079,1,0,0,0,0,0,0,0,0,0,0,0,0,0,0,150.09763,4.79015999,-1.85057561,1.86249591e-05,0,0,0,0,0,0,0,0,0,0,0,0,0,0,0,0,0,0,0,0,0,0,0,0,0,0,0,0,0,0,0,0,147.154539,0.0394669884,0.967696673,-0.00384051527,-0.113534285,-0.171277625,0.224999691,-1.51211678,-4.31409623,0.000207874053,1500,1500,1500,1500,1500,1500,1500,1500,0,0,0,0,0.2,0,0,0,0,0.2,0,0,0,0,0.2,0,0,0,0,0.2,0,0,0,0,1,0,0,0,0,1,0,0,0,0,1,0,0,0,0,1
298184.849,1.05,0,0,0,0,0,0,0.367101461,-0,150.09763,-147.154539,2.94309079,1,0,0,0,0,0,0,0,0,0,0,0,0,0,0,150.09763,4.79015999,-1.85057561,1.86249591e-05,0,0,0,0,0,0,0,0,0,0,0,0,0,0,0,0,0,0,0,0,0,0,0,0,0,0,0,0,0,0,0,0,147.154539,0.0394669884,0.967696673,-0.00384051527,-0.113534285,-0.171277625,0.224999691,-1.51211678,-4.31409623,0.000207874053,1500,1500,1500,1500,1500,1500,1500,1500,0,0,0,0,0.2,0,0,0,0,0.2,0,0,0,0,0.2,0,0,0,0,0.2,0,0,0,0,1,0,0,0,0,1,0,0,0,0,1,0,0,0,0,1
298184.901,1.1,0,0,0,0,0,0,0.367101461,-0,150.09763,-147.154539,2.94309079,1,0,0,0,0,0,0,0,0,0,0,0,0,0,0,150.09763,4.79015999,-1.85057561,1.86249591e-05,0,0,0,0,0,0,0,0,0,0,0,0,0,0,0,0,0,0,0,0,0,0,0,0,0,0,0,0,0,0,0,0,147.154539,0.0394669884,0.967696673,-0.00384051527,-0.113534285,-0.171277625,0.224999691,-1.51211678,-4.31409623,0.000207874053,1500,1500,1500,1500,1500,1500,1500,1500,0,0,0,0,0.2,0,0,0,0,0.2,0,0,0,0,0.2,0,0,0,0,0.2,0,0,0,0,1,0,0,0,0,1,0,0,0,0,1,0,0,0,0,1
298184.954,1.15,0,0,0,0,0,0,0.367101461,-0,150.09763,-147.154539,2.94309079,1,0,0,0,0,0,0,0,0,0,0,0,0,0,0,150.09763,4.79015999,-1.85057561,1.86249591e-05,0,0,0,0,0,0,0,0,0,0,0,0,0,0,0,0,0,0,0,0,0,0,0,0,0,0,0,0,0,0,0,0,147.154539,0.0394669884,0.967696673,-0.00384051527,-0.113534285,-0.171277625,0.224999691,-1.51211678,-4.31409623,0.000207874053,1500,1500,1500,1500,1500,1500,1500,1500,0,0,0,0,0.2,0,0,0,0,0.2,0,0,0,0,0.2,0,0,0,0,0.2,0,0,0,0,1,0,0,0,0,1,0,0,0,0,1,0,0,0,0,1
298185.007,1.2,0,0,0,0,0,0,0.367101461,-0,150.09763,-147.154539,2.94309079,1,0,0,0,0,0,0,0,0,0,0,0,0,0,0,150.09763,4.79015999,-1.85057561,1.86249591e-05,0,0,0,0,0,0,0,0,0,0,0,0,0,0,0,0,0,0,0,0,0,0,0,0,0,0,0,0,0,0,0,0,147.154539,0.0394669884,0.967696673,-0.00384051527,-0.113534285,-0.171277625,0.224999691,-1.51211678,-4.31409623,0.000207874053,1500,1500,1500,1500,1500,1500,1500,1500,0,0,0,0,0.2,0,0,0,0,0.2,0,0,0,0,0.2,0,0,0,0,0.2,0,0,0,0,1,0,0,0,0,1,0,0,0,0,1,0,0,0,0,1
298185.06,1.25,0,0,0,0,0,0,0.367101461,-0,150.09763,-147.154539,2.94309079,1,0,0,0,0,0,0,0,0,0,0,0,0,0,0,150.09763,4.79015999,-1.85057561,1.86249591e-05,0,0,0,0,0,0,0,0,0,0,0,0,0,0,0,0,0,0,0,0,0,0,0,0,0,0,0,0,0,0,0,0,147.154539,0.0394669884,0.967696673,-0.00384051527,-0.113534285,-0.171277625,0.224999691,-1.51211678,-4.31409623,0.000207874053,1500,1500,1500,1500,1500,1500,1500,1500,0,0,0,0,0.2,0,0,0,0,0.2,0,0,0,0,0.2,0,0,0,0,0.2,0,0,0,0,1,0,0,0,0,1,0,0,0,0,1,0,0,0,0,1
298185.11,1.3,0,0,0,0,0,0,0.367101461,-0,150.09763,-147.154539,2.94309079,1,0,0,0,0,0,0,0,0,0,0,0,0,0,0,150.09763,4.79015999,-1.85057561,1.86249591e-05,0,0,0,0,0,0,0,0,0,0,0,0,0,0,0,0,0,0,0,0,0,0,0,0,0,0,0,0,0,0,0,0,147.154539,0.0394669884,0.967696673,-0.00384051527,-0.113534285,-0.171277625,0.224999691,-1.51211678,-4.31409623,0.000207874053,1500,1500,1500,1500,1500,1500,1500,1500,0,0,0,0,0.2,0,0,0,0,0.2,0,0,0,0,0.2,0,0,0,0,0.2,0,0,0,0,1,0,0,0,0,1,0,0,0,0,1,0,0,0,0,1
298185.163,1.35,0,0,0,0,0,0,0.367101461,-0,150.09763,-147.154539,2.94309079,1,0,0,0,0,0,0,0,0,0,0,0,0,0,0,150.09763,4.79015999,-1.85057561,1.86249591e-05,0,0,0,0,0,0,0,0,0,0,0,0,0,0,0,0,0,0,0,0,0,0,0,0,0,0,0,0,0,0,0,0,147.154539,0.0394669884,0.967696673,-0.00384051527,-0.113534285,-0.171277625,0.224999691,-1.51211678,-4.31409623,0.000207874053,1500,1500,1500,1500,1500,1500,1500,1500,0,0,0,0,0.2,0,0,0,0,0.2,0,0,0,0,0.2,0,0,0,0,0.2,0,0,0,0,1,0,0,0,0,1,0,0,0,0,1,0,0,0,0,1
298185.217,1.4,0,0,0,0,0,0,0.367101461,-0,150.09763,-147.154539,2.94309079,1,0,0,0,0,0,0,0,0,0,0,0,0,0,0,150.09763,4.79015999,-1.85057561,1.86249591e-05,0,0,0,0,0,0,0,0,0,0,0,0,0,0,0,0,0,0,0,0,0,0,0,0,0,0,0,0,0,0,0,0,147.154539,0.0394669884,0.967696673,-0.00384051527,-0.113534285,-0.171277625,0.224999691,-1.51211678,-4.31409623,0.000207874053,1500,1500,1500,1500,1500,1500,1500,1500,0,0,0,0,0.2,0,0,0,0,0.2,0,0,0,0,0.2,0,0,0,0,0.2,0,0,0,0,1,0,0,0,0,1,0,0,0,0,1,0,0,0,0,1
298185.272,1.45,0,0,0,0,0,0,0.367101461,-0,150.09763,-147.154539,2.94309079,1,0,0,0,0,0,0,0,0,0,0,0,0,0,0,150.09763,4.79015999,-1.85057561,1.86249591e-05,0,0,0,0,0,0,0,0,0,0,0,0,0,0,0,0,0,0,0,0,0,0,0,0,0,0,0,0,0,0,0,0,147.154539,0.0394669884,0.967696673,-0.00384051527,-0.113534285,-0.171277625,0.224999691,-1.51211678,-4.31409623,0.000207874053,1500,1500,1500,1500,1500,1500,1500,1500,0,0,0,0,0.2,0,0,0,0,0.2,0,0,0,0,0.2,0,0,0,0,0.2,0,0,0,0,1,0,0,0,0,1,0,0,0,0,1,0,0,0,0,1
298185.324,1.5,0,0,0,0,0,0,0.367101461,-0,150.09763,-147.154539,2.94309079,1,0,0,0,0,0,0,0,0,0,0,0,0,0,0,150.09763,4.79015999,-1.85057561,1.86249591e-05,0,0,0,0,0,0,0,0,0,0,0,0,0,0,0,0,0,0,0,0,0,0,0,0,0,0,0,0,0,0,0,0,147.154539,0.0394669884,0.967696673,-0.00384051527,-0.113534285,-0.171277625,0.224999691,-1.51211678,-4.31409623,0.000207874053,1500,1500,1500,1500,1500,1500,1500,1500,0,0,0,0,0.2,0,0,0,0,0.2,0,0,0,0,0.2,0,0,0,0,0.2,0,0,0,0,1,0,0,0,0,1,0,0,0,0,1,0,0,0,0,1
298185.377,1.55,0,0,0,0,0,0,0.367101461,-0,150.09763,-147.154539,2.94309079,1,0,0,0,0,0,0,0,0,0,0,0,0,0,0,150.09763,4.79015999,-1.85057561,1.86249591e-05,0,0,0,0,0,0,0,0,0,0,0,0,0,0,0,0,0,0,0,0,0,0,0,0,0,0,0,0,0,0,0,0,147.154539,0.0394669884,0.967696673,-0.00384051527,-0.113534285,-0.171277625,0.224999691,-1.51211678,-4.31409623,0.000207874053,1500,1500,1500,1500,1500,1500,1500,1500,0,0,0,0,0.2,0,0,0,0,0.2,0,0,0,0,0.2,0,0,0,0,0.2,0,0,0,0,1,0,0,0,0,1,0,0,0,0,1,0,0,0,0,1
298185.431,1.6,0,0,0,0,0,0,0.367101461,-0,150.09763,-147.154539,2.94309079,1,0,0,0,0,0,0,0,0,0,0,0,0,0,0,150.09763,4.79015999,-1.85057561,1.86249591e-05,0,0,0,0,0,0,0,0,0,0,0,0,0,0,0,0,0,0,0,0,0,0,0,0,0,0,0,0,0,0,0,0,147.154539,0.0394669884,0.967696673,-0.00384051527,-0.113534285,-0.171277625,0.224999691,-1.51211678,-4.31409623,0.000207874053,1500,1500,1500,1500,1500,1500,1500,1500,0,0,0,0,0.2,0,0,0,0,0.2,0,0,0,0,0.2,0,0,0,0,0.2,0,0,0,0,1,0,0,0,0,1,0,0,0,0,1,0,0,0,0,1
298185.484,1.65,0,0,0,0,0,0,0.367101461,-0,150.09763,-147.154539,2.94309079,1,0,0,0,0,0,0,0,0,0,0,0,0,0,0,150.09763,4.79015999,-1.85057561,1.86249591e-05,0,0,0,0,0,0,0,0,0,0,0,0,0,0,0,0,0,0,0,0,0,0,0,0,0,0,0,0,0,0,0,0,147.154539,0.0394669884,0.967696673,-0.00384051527,-0.113534285,-0.171277625,0.224999691,-1.51211678,-4.31409623,0.000207874053,1500,1500,1500,1500,1500,1500,1500,1500,0,0,0,0,0.2,0,0,0,0,0.2,0,0,0,0,0.2,0,0,0,0,0.2,0,0,0,0,1,0,0,0,0,1,0,0,0,0,1,0,0,0,0,1
298185.536,1.7,0,0,0,0,0,0,0.367101461,-0,150.09763,-147.154539,2.94309079,1,0,0,0,0,0,0,0,0,0,0,0,0,0,0,150.09763,4.79015999,-1.85057561,1.86249591e-05,0,0,0,0,0,0,0,0,0,0,0,0,0,0,0,0,0,0,0,0,0,0,0,0,0,0,0,0,0,0,0,0,147.154539,0.0394669884,0.967696673,-0.00384051527,-0.113534285,-0.171277625,0.224999691,-1.51211678,-4.31409623,0.000207874053,1500,1500,1500,1500,1500,1500,1500,1500,0,0,0,0,0.2,0,0,0,0,0.2,0,0,0,0,0.2,0,0,0,0,0.2,0,0,0,0,1,0,0,0,0,1,0,0,0,0,1,0,0,0,0,1
298185.59,1.75,0,0,0,0,0,0,0.367101461,-0,150.09763,-147.154539,2.94309079,1,0,0,0,0,0,0,0,0,0,0,0,0,0,0,150.09763,4.79015999,-1.85057561,1.86249591e-05,0,0,0,0,0,0,0,0,0,0,0,0,0,0,0,0,0,0,0,0,0,0,0,0,0,0,0,0,0,0,0,0,147.154539,0.0394669884,0.967696673,-0.00384051527,-0.113534285,-0.171277625,0.224999691,-1.51211678,-4.31409623,0.000207874053,1500,1500,1500,1500,1500,1500,1500,1500,0,0,0,0,0.2,0,0,0,0,0.2,0,0,0,0,0.2,0,0,0,0,0.2,0,0,0,0,1,0,0,0,0,1,0,0,0,0,1,0,0,0,0,1
298185.643,1.8,0,0,0,0,0,0,0.367101461,-0,150.09763,-147.154539,2.94309079,1,0,0,0,0,0,0,0,0,0,0,0,0,0,0,150.09763,4.79015999,-1.85057561,1.86249591e-05,0,0,0,0,0,0,0,0,0,0,0,0,0,0,0,0,0,0,0,0,0,0,0,0,0,0,0,0,0,0,0,0,147.154539,0.0394669884,0.967696673,-0.00384051527,-0.113534285,-0.171277625,0.224999691,-1.51211678,-4.31409623,0.000207874053,1500,1500,1500,1500,1500,1500,1500,1500,0,0,0,0,0.2,0,0,0,0,0.2,0,0,0,0,0.2,0,0,0,0,0.2,0,0,0,0,1,0,0,0,0,1,0,0,0,0,1,0,0,0,0,1
298185.696,1.85,0,0,0,0,0,0,0.367101461,-0,150.09763,-147.154539,2.94309079,1,0,0,0,0,0,0,0,0,0,0,0,0,0,0,150.09763,4.79015999,-1.85057561,1.86249591e-05,0,0,0,0,0,0,0,0,0,0,0,0,0,0,0,0,0,0,0,0,0,0,0,0,0,0,0,0,0,0,0,0,147.154539,0.0394669884,0.967696673,-0.00384051527,-0.113534285,-0.171277625,0.224999691,-1.51211678,-4.31409623,0.000207874053,1500,1500,1500,1500,1500,1500,1500,1500,0,0,0,0,0.2,0,0,0,0,0.2,0,0,0,0,0.2,0,0,0,0,0.2,0,0,0,0,1,0,0,0,0,1,0,0,0,0,1,0,0,0,0,1
298185.749,1.9,0,0,0,0,0,0,0.367101461,-0,150.09763,-147.154539,2.94309079,1,0,0,0,0,0,0,0,0,0,0,0,0,0,0,150.09763,4.79015999,-1.85057561,1.86249591e-05,0,0,0,0,0,0,0,0,0,0,0,0,0,0,0,0,0,0,0,0,0,0,0,0,0,0,0,0,0,0,0,0,147.154539,0.0394669884,0.967696673,-0.00384051527,-0.113534285,-0.171277625,0.224999691,-1.51211678,-4.31409623,0.000207874053,1500,1500,1500,1500,1500,1500,1500,1500,0,0,0,0,0.2,0,0,0,0,0.2,0,0,0,0,0.2,0,0,0,0,0.2,0,0,0,0,1,0,0,0,0,1,0,0,0,0,1,0,0,0,0,1
298185.802,1.95,0,0,0,0,0,0,0.367101461,-0,150.09763,-147.154539,2.94309079,1,0,0,0,0,0,0,0,0,0,0,0,0,0,0,150.09763,4.79015999,-1.85057561,1.86249591e-05,0,0,0,0,0,0,0,0,0,0,0,0,0,0,0,0,0,0,0,0,0,0,0,0,0,0,0,0,0,0,0,0,147.154539,0.0394669884,0.967696673,-0.00384051527,-0.113534285,-0.171277625,0.224999691,-1.51211678,-4.31409623,0.000207874053,1500,1500,1500,1500,1500,1500,1500,1500,0,0,0,0,0.2,0,0,0,0,0.2,0,0,0,0,0.2,0,0,0,0,0.2,0,0,0,0,1,0,0,0,0,1,0,0,0,0,1,0,0,0,0,1
298185.853,2,0,0,0,0,0,0,0.367101461,-0,150.09763,-147.154539,2.94309079,1,0,0,0,0,0,0,0,0,0,0,0,0,0,0,150.09763,4.79015999,-1.85057561,1.86249591e-05,0,0,0,0,0,0,0,0,0,0,0,0,0,0,0,0,0,0,0,0,0,0,0,0,0,0,0,0,0,0,0,0,147.154539,0.0394669884,0.967696673,-0.00384051527,-0.113534285,-0.171277625,0.224999691,-1.51211678,-4.31409623,0.000207874053,1500,1500,1500,1500,1500,1500,1500,1500,0,0,0,0,0.2,0,0,0,0,0.2,0,0,0,0,0.2,0,0,0,0,0.2,0,0,0,0,1,0,0,0,0,1,0,0,0,0,1,0,0,0,0,1
298185.907,2.05,0,0,0,0,0,0,0.367101461,-0,150.09763,-147.154539,2.94309079,1,0,0,0,0,0,0,0,0,0,0,0,0,0,0,150.09763,4.79015999,-1.85057561,1.86249591e-05,0,0,0,0,0,0,0,0,0,0,0,0,0,0,0,0,0,0,0,0,0,0,0,0,0,0,0,0,0,0,0,0,147.154539,0.0394669884,0.967696673,-0.00384051527,-0.113534285,-0.171277625,0.224999691,-1.51211678,-4.31409623,0.000207874053,1500,1500,1500,1500,1500,1500,1500,1500,0,0,0,0,0.2,0,0,0,0,0.2,0,0,0,0,0.2,0,0,0,0,0.2,0,0,0,0,1,0,0,0,0,1,0,0,0,0,1,0,0,0,0,1
298185.959,2.1,0,0,0,0,0,0,0.367101461,-0,150.09763,-147.154539,2.94309079,1,0,0,0,0,0,0,0,0,0,0,0,0,0,0,150.09763,4.79015999,-1.85057561,1.86249591e-05,0,0,0,0,0,0,0,0,0,0,0,0,0,0,0,0,0,0,0,0,0,0,0,0,0,0,0,0,0,0,0,0,147.154539,0.0394669884,0.967696673,-0.00384051527,-0.113534285,-0.171277625,0.224999691,-1.51211678,-4.31409623,0.000207874053,1500,1500,1500,1500,1500,1500,1500,1500,0,0,0,0,0.2,0,0,0,0,0.2,0,0,0,0,0.2,0,0,0,0,0.2,0,0,0,0,1,0,0,0,0,1,0,0,0,0,1,0,0,0,0,1
298186.012,2.15,0,0,0,0,0,0,0.367101461,-0,150.09763,-147.154539,2.94309079,1,0,0,0,0,0,0,0,0,0,0,0,0,0,0,150.09763,4.79015999,-1.85057561,1.86249591e-05,0,0,0,0,0,0,0,0,0,0,0,0,0,0,0,0,0,0,0,0,0,0,0,0,0,0,0,0,0,0,0,0,147.154539,0.0394669884,0.967696673,-0.00384051527,-0.113534285,-0.171277625,0.224999691,-1.51211678,-4.31409623,0.000207874053,1500,1500,1500,1500,1500,1500,1500,1500,0,0,0,0,0.2,0,0,0,0,0.2,0,0,0,0,0.2,0,0,0,0,0.2,0,0,0,0,1,0,0,0,0,1,0,0,0,0,1,0,0,0,0,1
298186.065,2.2,0,0,0,0,0,0,0.367101461,-0,150.09763,-147.154539,2.94309079,1,0,0,0,0,0,0,0,0,0,0,0,0,0,0,150.09763,4.79015999,-1.85057561,1.86249591e-05,0,0,0,0,0,0,0,0,0,0,0,0,0,0,0,0,0,0,0,0,0,0,0,0,0,0,0,0,0,0,0,0,147.154539,0.0394669884,0.967696673,-0.00384051527,-0.113534285,-0.171277625,0.224999691,-1.51211678,-4.31409623,0.000207874053,1500,1500,1500,1500,1500,1500,1500,1500,0,0,0,0,0.2,0,0,0,0,0.2,0,0,0,0,0.2,0,0,0,0,0.2,0,0,0,0,1,0,0,0,0,1,0,0,0,0,1,0,0,0,0,1
298186.118,2.25,0,0,0,0,0,0,0.367101461,-0,150.09763,-147.154539,2.94309079,1,0,0,0,0,0,0,0,0,0,0,0,0,0,0,150.09763,4.79015999,-1.85057561,1.86249591e-05,0,0,0,0,0,0,0,0,0,0,0,0,0,0,0,0,0,0,0,0,0,0,0,0,0,0,0,0,0,0,0,0,147.154539,0.0394669884,0.967696673,-0.00384051527,-0.113534285,-0.171277625,0.224999691,-1.51211678,-4.31409623,0.000207874053,1500,1500,1500,1500,1500,1500,1500,1500,0,0,0,0,0.2,0,0,0,0,0.2,0,0,0,0,0.2,0,0,0,0,0.2,0,0,0,0,1,0,0,0,0,1,0,0,0,0,1,0,0,0,0,1
298186.169,2.3,0,0,0,0,0,0,0.367101461,-0,150.09763,-147.154539,2.94309079,1,0,0,0,0,0,0,0,0,0,0,0,0,0,0,150.09763,4.79015999,-1.85057561,1.86249591e-05,0,0,0,0,0,0,0,0,0,0,0,0,0,0,0,0,0,0,0,0,0,0,0,0,0,0,0,0,0,0,0,0,147.154539,0.0394669884,0.967696673,-0.00384051527,-0.113534285,-0.171277625,0.224999691,-1.51211678,-4.31409623,0.000207874053,1500,1500,1500,1500,1500,1500,1500,1500,0,0,0,0,0.2,0,0,0,0,0.2,0,0,0,0,0.2,0,0,0,0,0.2,0,0,0,0,1,0,0,0,0,1,0,0,0,0,1,0,0,0,0,1
298186.222,2.35,0,0,0,0,0,0,0.367101461,-0,150.09763,-147.154539,2.94309079,1,0,0,0,0,0,0,0,0,0,0,0,0,0,0,150.09763,4.79015999,-1.85057561,1.86249591e-05,0,0,0,0,0,0,0,0,0,0,0,0,0,0,0,0,0,0,0,0,0,0,0,0,0,0,0,0,0,0,0,0,147.154539,0.0394669884,0.967696673,-0.00384051527,-0.113534285,-0.171277625,0.224999691,-1.51211678,-4.31409623,0.000207874053,1500,1500,1500,1500,1500,1500,1500,1500,0,0,0,0,0.2,0,0,0,0,0.2,0,0,0,0,0.2,0,0,0,0,0.2,0,0,0,0,1,0,0,0,0,1,0,0,0,0,1,0,0,0,0,1
298186.274,2.4,0,0,0,0,0,0,0.367101461,-0,150.09763,-147.154539,2.94309079,1,0,0,0,0,0,0,0,0,0,0,0,0,0,0,150.09763,4.79015999,-1.85057561,1.86249591e-05,0,0,0,0,0,0,0,0,0,0,0,0,0,0,0,0,0,0,0,0,0,0,0,0,0,0,0,0,0,0,0,0,147.154539,0.0394669884,0.967696673,-0.00384051527,-0.113534285,-0.171277625,0.224999691,-1.51211678,-4.31409623,0.000207874053,1500,1500,1500,1500,1500,1500,1500,1500,0,0,0,0,0.2,0,0,0,0,0.2,0,0,0,0,0.2,0,0,0,0,0.2,0,0,0,0,1,0,0,0,0,1,0,0,0,0,1,0,0,0,0,1
298186.327,2.45,0,0,0,0,0,0,0.367101461,-0,150.09763,-147.154539,2.94309079,1,0,0,0,0,0,0,0,0,0,0,0,0,0,0,150.09763,4.79015999,-1.85057561,1.86249591e-05,0,0,0,0,0,0,0,0,0,0,0,0,0,0,0,0,0,0,0,0,0,0,0,0,0,0,0,0,0,0,0,0,147.154539,0.0394669884,0.967696673,-0.00384051527,-0.113534285,-0.171277625,0.224999691,-1.51211678,-4.31409623,0.000207874053,1500,1500,1500,1500,1500,1500,1500,1500,0,0,0,0,0.2,0,0,0,0,0.2,0,0,0,0,0.2,0,0,0,0,0.2,0,0,0,0,1,0,0,0,0,1,0,0,0,0,1,0,0,0,0,1
298186.38,2.5,0,0,0,0,0,0,0.367101461,-0,150.09763,-147.154539,2.94309079,1,0,0,0,0,0,0,0,0,0,0,0,0,0,0,150.09763,4.79015999,-1.85057561,1.86249591e-05,0,0,0,0,0,0,0,0,0,0,0,0,0,0,0,0,0,0,0,0,0,0,0,0,0,0,0,0,0,0,0,0,147.154539,0.0394669884,0.967696673,-0.00384051527,-0.113534285,-0.171277625,0.224999691,-1.51211678,-4.31409623,0.000207874053,1500,1500,1500,1500,1500,1500,1500,1500,0,0,0,0,0.2,0,0,0,0,0.2,0,0,0,0,0.2,0,0,0,0,0.2,0,0,0,0,1,0,0,0,0,1,0,0,0,0,1,0,0,0,0,1
298186.433,2.55,0,0,0,0,0,0,0.367101461,-0,150.09763,-147.154539,2.94309079,1,0,0,0,0,0,0,0,0,0,0,0,0,0,0,150.09763,4.79015999,-1.85057561,1.86249591e-05,0,0,0,0,0,0,0,0,0,0,0,0,0,0,0,0,0,0,0,0,0,0,0,0,0,0,0,0,0,0,0,0,147.154539,0.0394669884,0.967696673,-0.00384051527,-0.113534285,-0.171277625,0.224999691,-1.51211678,-4.31409623,0.000207874053,1500,1500,1500,1500,1500,1500,1500,1500,0,0,0,0,0.2,0,0,0,0,0.2,0,0,0,0,0.2,0,0,0,0,0.2,0,0,0,0,1,0,0,0,0,1,0,0,0,0,1,0,0,0,0,1
298186.487,2.6,0,0,0,0,0,0,0.367101461,-0,150.09763,-147.154539,2.94309079,1,0,0,0,0,0,0,0,0,0,0,0,0,0,0,150.09763,4.79015999,-1.85057561,1.86249591e-05,0,0,0,0,0,0,0,0,0,0,0,0,0,0,0,0,0,0,0,0,0,0,0,0,0,0,0,0,0,0,0,0,147.154539,0.0394669884,0.967696673,-0.00384051527,-0.113534285,-0.171277625,0.224999691,-1.51211678,-4.31409623,0.000207874053,1500,1500,1500,1500,1500,1500,1500,1500,0,0,0,0,0.2,0,0,0,0,0.2,0,0,0,0,0.2,0,0,0,0,0.2,0,0,0,0,1,0,0,0,0,1,0,0,0,0,1,0,0,0,0,1
298186.543,2.65,0,0,0,0,0,0,0.367101461,-0,150.09763,-147.154539,2.94309079,1,0,0,0,0,0,0,0,0,0,0,0,0,0,0,150.09763,4.79015999,-1.85057561,1.86249591e-05,0,0,0,0,0,0,0,0,0,0,0,0,0,0,0,0,0,0,0,0,0,0,0,0,0,0,0,0,0,0,0,0,147.154539,0.0394669884,0.967696673,-0.00384051527,-0.113534285,-0.171277625,0.224999691,-1.51211678,-4.31409623,0.000207874053,1500,1500,1500,1500,1500,1500,1500,1500,0,0,0,0,0.2,0,0,0,0,0.2,0,0,0,0,0.2,0,0,0,0,0.2,0,0,0,0,1,0,0,0,0,1,0,0,0,0,1,0,0,0,0,1
298186.596,2.7,0,0,0,0,0,0,0.367101461,-0,150.09763,-147.154539,2.94309079,1,0,0,0,0,0,0,0,0,0,0,0,0,0,0,150.09763,4.79015999,-1.85057561,1.86249591e-05,0,0,0,0,0,0,0,0,0,0,0,0,0,0,0,0,0,0,0,0,0,0,0,0,0,0,0,0,0,0,0,0,147.154539,0.0394669884,0.967696673,-0.00384051527,-0.113534285,-0.171277625,0.224999691,-1.51211678,-4.31409623,0.000207874053,1500,1500,1500,1500,1500,1500,1500,1500,0,0,0,0,0.2,0,0,0,0,0.2,0,0,0,0,0.2,0,0,0,0,0.2,0,0,0,0,1,0,0,0,0,1,0,0,0,0,1,0,0,0,0,1
298186.65,2.75,0,0,0,0,0,0,0.367101461,-0,150.09763,-147.154539,2.94309079,1,0,0,0,0,0,0,0,0,0,0,0,0,0,0,150.09763,4.79015999,-1.85057561,1.86249591e-05,0,0,0,0,0,0,0,0,0,0,0,0,0,0,0,0,0,0,0,0,0,0,0,0,0,0,0,0,0,0,0,0,147.154539,0.0394669884,0.967696673,-0.00384051527,-0.113534285,-0.171277625,0.224999691,-1.51211678,-4.31409623,0.000207874053,1500,1500,1500,1500,1500,1500,1500,1500,0,0,0,0,0.2,0,0,0,0,0.2,0,0,0,0,0.2,0,0,0,0,0.2,0,0,0,0,1,0,0,0,0,1,0,0,0,0,1,0,0,0,0,1
298186.701,2.8,0,0,0,0,0,0,0.367101461,-0,150.09763,-147.154539,2.94309079,1,0,0,0,0,0,0,0,0,0,0,0,0,0,0,150.09763,4.79015999,-1.85057561,1.86249591e-05,0,0,0,0,0,0,0,0,0,0,0,0,0,0,0,0,0,0,0,0,0,0,0,0,0,0,0,0,0,0,0,0,147.154539,0.0394669884,0.967696673,-0.00384051527,-0.113534285,-0.171277625,0.224999691,-1.51211678,-4.31409623,0.000207874053,1500,1500,1500,1500,1500,1500,1500,1500,0,0,0,0,0.2,0,0,0,0,0.2,0,0,0,0,0.2,0,0,0,0,0.2,0,0,0,0,1,0,0,0,0,1,0,0,0,0,1,0,0,0,0,1
298186.755,2.85,0,0,0,0,0,0,0.367101461,-0,150.09763,-147.154539,2.94309079,1,0,0,0,0,0,0,0,0,0,0,0,0,0,0,150.09763,4.79015999,-1.85057561,1.86249591e-05,0,0,0,0,0,0,0,0,0,0,0,0,0,0,0,0,0,0,0,0,0,0,0,0,0,0,0,0,0,0,0,0,147.154539,0.0394669884,0.967696673,-0.00384051527,-0.113534285,-0.171277625,0.224999691,-1.51211678,-4.31409623,0.000207874053,1500,1500,1500,1500,1500,1500,1500,1500,0,0,0,0,0.2,0,0,0,0,0.2,0,0,0,0,0.2,0,0,0,0,0.2,0,0,0,0,1,0,0,0,0,1,0,0,0,0,1,0,0,0,0,1
298186.808,2.9,0,0,0,0,0,0,0.367101461,-0,150.09763,-147.154539,2.94309079,1,0,0,0,0,0,0,0,0,0,0,0,0,0,0,150.09763,4.79015999,-1.85057561,1.86249591e-05,0,0,0,0,0,0,0,0,0,0,0,0,0,0,0,0,0,0,0,0,0,0,0,0,0,0,0,0,0,0,0,0,147.154539,0.0394669884,0.967696673,-0.00384051527,-0.113534285,-0.171277625,0.224999691,-1.51211678,-4.31409623,0.000207874053,1500,1500,1500,1500,1500,1500,1500,1500,0,0,0,0,0.2,0,0,0,0,0.2,0,0,0,0,0.2,0,0,0,0,0.2,0,0,0,0,1,0,0,0,0,1,0,0,0,0,1,0,0,0,0,1
298186.861,2.95,0,0,0,0,0,0,0.367101461,-0,150.09763,-147.154539,2.94309079,1,0,0,0,0,0,0,0,0,0,0,0,0,0,0,150.09763,4.79015999,-1.85057561,1.86249591e-05,0,0,0,0,0,0,0,0,0,0,0,0,0,0,0,0,0,0,0,0,0,0,0,0,0,0,0,0,0,0,0,0,147.154539,0.0394669884,0.967696673,-0.00384051527,-0.113534285,-0.171277625,0.224999691,-1.51211678,-4.31409623,0.000207874053,1500,1500,1500,1500,1500,1500,1500,1500,0,0,0,0,0.2,0,0,0,0,0.2,0,0,0,0,0.2,0,0,0,0,0.2,0,0,0,0,1,0,0,0,0,1,0,0,0,0,1,0,0,0,0,1
298186.912,3,0,0,0,0,0,0,0.367101461,-0,150.09763,-147.154539,2.94309079,1,0,0,0,0,0,0,0,0,0,0,0,0,0,0,150.09763,4.79015999,-1.85057561,1.86249591e-05,0,0,0,0,0,0,0,0,0,0,0,0,0,0,0,0,0,0,0,0,0,0,0,0,0,0,0,0,0,0,0,0,147.154539,0.0394669884,0.967696673,-0.00384051527,-0.113534285,-0.171277625,0.224999691,-1.51211678,-4.31409623,0.000207874053,1500,1500,1500,1500,1500,1500,1500,1500,0,0,0,0,0.2,0,0,0,0,0.2,0,0,0,0,0.2,0,0,0,0,0.2,0,0,0,0,1,0,0,0,0,1,0,0,0,0,1,0,0,0,0,1
298186.965,3.05,0,0,0,0,0,0,0.367101461,-0,150.09763,-147.154539,2.94309079,1,0,0,0,0,0,0,0,0,0,0,0,0,0,0,150.09763,4.79015999,-1.85057561,1.86249591e-05,0,0,0,0,0,0,0,0,0,0,0,0,0,0,0,0,0,0,0,0,0,0,0,0,0,0,0,0,0,0,0,0,147.154539,0.0394669884,0.967696673,-0.00384051527,-0.113534285,-0.171277625,0.224999691,-1.51211678,-4.31409623,0.000207874053,1500,1500,1500,1500,1500,1500,1500,1500,0,0,0,0,0.2,0,0,0,0,0.2,0,0,0,0,0.2,0,0,0,0,0.2,0,0,0,0,1,0,0,0,0,1,0,0,0,0,1,0,0,0,0,1
298187.018,3.1,0,0,0,0,0,0,0.367101461,-0,150.09763,-147.154539,2.94309079,1,0,0,0,0,0,0,0,0,0,0,0,0,0,0,150.09763,4.79015999,-1.85057561,1.86249591e-05,0,0,0,0,0,0,0,0,0,0,0,0,0,0,0,0,0,0,0,0,0,0,0,0,0,0,0,0,0,0,0,0,147.154539,0.0394669884,0.967696673,-0.00384051527,-0.113534285,-0.171277625,0.224999691,-1.51211678,-4.31409623,0.000207874053,1500,1500,1500,1500,1500,1500,1500,1500,0,0,0,0,0.2,0,0,0,0,0.2,0,0,0,0,0.2,0,0,0,0,0.2,0,0,0,0,1,0,0,0,0,1,0,0,0,0,1,0,0,0,0,1
298187.072,3.15,0,0,0,0,0,0,0.367101461,-0,150.09763,-147.154539,2.94309079,1,0,0,0,0,0,0,0,0,0,0,0,0,0,0,150.09763,4.79015999,-1.85057561,1.86249591e-05,0,0,0,0,0,0,0,0,0,0,0,0,0,0,0,0,0,0,0,0,0,0,0,0,0,0,0,0,0,0,0,0,147.154539,0.0394669884,0.967696673,-0.00384051527,-0.113534285,-0.171277625,0.224999691,-1.51211678,-4.31409623,0.000207874053,1500,1500,1500,1500,1500,1500,1500,1500,0,0,0,0,0.2,0,0,0,0,0.2,0,0,0,0,0.2,0,0,0,0,0.2,0,0,0,0,1,0,0,0,0,1,0,0,0,0,1,0,0,0,0,1
298187.123,3.2,0,0,0,0,0,0,0.367101461,-0,150.09763,-147.154539,2.94309079,1,0,0,0,0,0,0,0,0,0,0,0,0,0,0,150.09763,4.79015999,-1.85057561,1.86249591e-05,0,0,0,0,0,0,0,0,0,0,0,0,0,0,0,0,0,0,0,0,0,0,0,0,0,0,0,0,0,0,0,0,147.154539,0.0394669884,0.967696673,-0.00384051527,-0.113534285,-0.171277625,0.224999691,-1.51211678,-4.31409623,0.000207874053,1500,1500,1500,1500,1500,1500,1500,1500,0,0,0,0,0.2,0,0,0,0,0.2,0,0,0,0,0.2,0,0,0,0,0.2,0,0,0,0,1,0,0,0,0,1,0,0,0,0,1,0,0,0,0,1
298187.177,3.25,0,0,0,0,0,0,0.367101461,-0,150.09763,-147.154539,2.94309079,1,0,0,0,0,0,0,0,0,0,0,0,0,0,0,150.09763,4.79015999,-1.85057561,1.86249591e-05,0,0,0,0,0,0,0,0,0,0,0,0,0,0,0,0,0,0,0,0,0,0,0,0,0,0,0,0,0,0,0,0,147.154539,0.0394669884,0.967696673,-0.00384051527,-0.113534285,-0.171277625,0.224999691,-1.51211678,-4.31409623,0.000207874053,1500,1500,1500,1500,1500,1500,1500,1500,0,0,0,0,0.2,0,0,0,0,0.2,0,0,0,0,0.2,0,0,0,0,0.2,0,0,0,0,1,0,0,0,0,1,0,0,0,0,1,0,0,0,0,1
298187.231,3.3,0,0,0,0,0,0,0.367101461,-0,150.09763,-147.154539,2.94309079,1,0,0,0,0,0,0,0,0,0,0,0,0,0,0,150.09763,4.79015999,-1.85057561,1.86249591e-05,0,0,0,0,0,0,0,0,0,0,0,0,0,0,0,0,0,0,0,0,0,0,0,0,0,0,0,0,0,0,0,0,147.154539,0.0394669884,0.967696673,-0.00384051527,-0.113534285,-0.171277625,0.224999691,-1.51211678,-4.31409623,0.000207874053,1500,1500,1500,1500,1500,1500,1500,1500,0,0,0,0,0.2,0,0,0,0,0.2,0,0,0,0,0.2,0,0,0,0,0.2,0,0,0,0,1,0,0,0,0,1,0,0,0,0,1,0,0,0,0,1
298187.286,3.35,0,0,0,0,0,0,0.367101461,-0,150.09763,-147.154539,2.94309079,1,0,0,0,0,0,0,0,0,0,0,0,0,0,0,150.09763,4.79015999,-1.85057561,1.86249591e-05,0,0,0,0,0,0,0,0,0,0,0,0,0,0,0,0,0,0,0,0,0,0,0,0,0,0,0,0,0,0,0,0,147.154539,0.0394669884,0.967696673,-0.00384051527,-0.113534285,-0.171277625,0.224999691,-1.51211678,-4.31409623,0.000207874053,1500,1500,1500,1500,1500,1500,1500,1500,0,0,0,0,0.2,0,0,0,0,0.2,0,0,0,0,0.2,0,0,0,0,0.2,0,0,0,0,1,0,0,0,0,1,0,0,0,0,1,0,0,0,0,1
298187.341,3.4,0,0,0,0,0,0,0.367101461,-0,150.09763,-147.154539,2.94309079,1,0,0,0,0,0,0,0,0,0,0,0,0,0,0,150.09763,4.79015999,-1.85057561,1.86249591e-05,0,0,0,0,0,0,0,0,0,0,0,0,0,0,0,0,0,0,0,0,0,0,0,0,0,0,0,0,0,0,0,0,147.154539,0.0394669884,0.967696673,-0.00384051527,-0.113534285,-0.171277625,0.224999691,-1.51211678,-4.31409623,0.000207874053,1500,1500,1500,1500,1500,1500,1500,1500,0,0,0,0,0.2,0,0,0,0,0.2,0,0,0,0,0.2,0,0,0,0,0.2,0,0,0,0,1,0,0,0,0,1,0,0,0,0,1,0,0,0,0,1
298187.393,3.45,0,0,0,0,0,0,0.367101461,-0,150.09763,-147.154539,2.94309079,1,0,0,0,0,0,0,0,0,0,0,0,0,0,0,150.09763,4.79015999,-1.85057561,1.86249591e-05,0,0,0,0,0,0,0,0,0,0,0,0,0,0,0,0,0,0,0,0,0,0,0,0,0,0,0,0,0,0,0,0,147.154539,0.0394669884,0.967696673,-0.00384051527,-0.113534285,-0.171277625,0.224999691,-1.51211678,-4.31409623,0.000207874053,1500,1500,1500,1500,1500,1500,1500,1500,0,0,0,0,0.2,0,0,0,0,0.2,0,0,0,0,0.2,0,0,0,0,0.2,0,0,0,0,1,0,0,0,0,1,0,0,0,0,1,0,0,0,0,1
298187.446,3.5,0,0,0,0,0,0,0.367101461,-0,150.09763,-147.154539,2.94309079,1,0,0,0,0,0,0,0,0,0,0,0,0,0,0,150.09763,4.79015999,-1.85057561,1.86249591e-05,0,0,0,0,0,0,0,0,0,0,0,0,0,0,0,0,0,0,0,0,0,0,0,0,0,0,0,0,0,0,0,0,147.154539,0.0394669884,0.967696673,-0.00384051527,-0.113534285,-0.171277625,0.224999691,-1.51211678,-4.31409623,0.000207874053,1500,1500,1500,1500,1500,1500,1500,1500,0,0,0,0,0.2,0,0,0,0,0.2,0,0,0,0,0.2,0,0,0,0,0.2,0,0,0,0,1,0,0,0,0,1,0,0,0,0,1,0,0,0,0,1
298187.501,3.55,0,0,0,0,0,0,0.367101461,-0,150.09763,-147.154539,2.94309079,1,0,0,0,0,0,0,0,0,0,0,0,0,0,0,150.09763,4.79015999,-1.85057561,1.86249591e-05,0,0,0,0,0,0,0,0,0,0,0,0,0,0,0,0,0,0,0,0,0,0,0,0,0,0,0,0,0,0,0,0,147.154539,0.0394669884,0.967696673,-0.00384051527,-0.113534285,-0.171277625,0.224999691,-1.51211678,-4.31409623,0.000207874053,1500,1500,1500,1500,1500,1500,1500,1500,0,0,0,0,0.2,0,0,0,0,0.2,0,0,0,0,0.2,0,0,0,0,0.2,0,0,0,0,1,0,0,0,0,1,0,0,0,0,1,0,0,0,0,1
298187.554,3.6,0,0,0,0,0,0,0.367101461,-0,150.09763,-147.154539,2.94309079,1,0,0,0,0,0,0,0,0,0,0,0,0,0,0,150.09763,4.79015999,-1.85057561,1.86249591e-05,0,0,0,0,0,0,0,0,0,0,0,0,0,0,0,0,0,0,0,0,0,0,0,0,0,0,0,0,0,0,0,0,147.154539,0.0394669884,0.967696673,-0.00384051527,-0.113534285,-0.171277625,0.224999691,-1.51211678,-4.31409623,0.000207874053,1500,1500,1500,1500,1500,1500,1500,1500,0,0,0,0,0.2,0,0,0,0,0.2,0,0,0,0,0.2,0,0,0,0,0.2,0,0,0,0,1,0,0,0,0,1,0,0,0,0,1,0,0,0,0,1
298187.607,3.65,0,0,0,0,0,0,0.367101461,-0,150.09763,-147.154539,2.94309079,1,0,0,0,0,0,0,0,0,0,0,0,0,0,0,150.09763,4.79015999,-1.85057561,1.86249591e-05,0,0,0,0,0,0,0,0,0,0,0,0,0,0,0,0,0,0,0,0,0,0,0,0,0,0,0,0,0,0,0,0,147.154539,0.0394669884,0.967696673,-0.00384051527,-0.113534285,-0.171277625,0.224999691,-1.51211678,-4.31409623,0.000207874053,1500,1500,1500,1500,1500,1500,1500,1500,0,0,0,0,0.2,0,0,0,0,0.2,0,0,0,0,0.2,0,0,0,0,0.2,0,0,0,0,1,0,0,0,0,1,0,0,0,0,1,0,0,0,0,1
298187.659,3.7,0,0,0,0,0,0,0.367101461,-0,150.09763,-147.154539,2.94309079,1,0,0,0,0,0,0,0,0,0,0,0,0,0,0,150.09763,4.79015999,-1.85057561,1.86249591e-05,0,0,0,0,0,0,0,0,0,0,0,0,0,0,0,0,0,0,0,0,0,0,0,0,0,0,0,0,0,0,0,0,147.154539,0.0394669884,0.967696673,-0.00384051527,-0.113534285,-0.171277625,0.224999691,-1.51211678,-4.31409623,0.000207874053,1500,1500,1500,1500,1500,1500,1500,1500,0,0,0,0,0.2,0,0,0,0,0.2,0,0,0,0,0.2,0,0,0,0,0.2,0,0,0,0,1,0,0,0,0,1,0,0,0,0,1,0,0,0,0,1
298187.711,3.75,0,0,0,0,0,0,0.367101461,-0,150.09763,-147.154539,2.94309079,1,0,0,0,0,0,0,0,0,0,0,0,0,0,0,150.09763,4.79015999,-1.85057561,1.86249591e-05,0,0,0,0,0,0,0,0,0,0,0,0,0,0,0,0,0,0,0,0,0,0,0,0,0,0,0,0,0,0,0,0,147.154539,0.0394669884,0.967696673,-0.00384051527,-0.113534285,-0.171277625,0.224999691,-1.51211678,-4.31409623,0.000207874053,1500,1500,1500,1500,1500,1500,1500,1500,0,0,0,0,0.2,0,0,0,0,0.2,0,0,0,0,0.2,0,0,0,0,0.2,0,0,0,0,1,0,0,0,0,1,0,0,0,0,1,0,0,0,0,1
298187.764,3.8,0,0,0,0,0,0,0.367101461,-0,150.09763,-147.154539,2.94309079,1,0,0,0,0,0,0,0,0,0,0,0,0,0,0,150.09763,4.79015999,-1.85057561,1.86249591e-05,0,0,0,0,0,0,0,0,0,0,0,0,0,0,0,0,0,0,0,0,0,0,0,0,0,0,0,0,0,0,0,0,147.154539,0.0394669884,0.967696673,-0.00384051527,-0.113534285,-0.171277625,0.224999691,-1.51211678,-4.31409623,0.000207874053,1500,1500,1500,1500,1500,1500,1500,1500,0,0,0,0,0.2,0,0,0,0,0.2,0,0,0,0,0.2,0,0,0,0,0.2,0,0,0,0,1,0,0,0,0,1,0,0,0,0,1,0,0,0,0,1
298187.817,3.85,0,0,0,0,0,0,0.367101461,-0,150.09763,-147.154539,2.94309079,1,0,0,0,0,0,0,0,0,0,0,0,0,0,0,150.09763,4.79015999,-1.85057561,1.86249591e-05,0,0,0,0,0,0,0,0,0,0,0,0,0,0,0,0,0,0,0,0,0,0,0,0,0,0,0,0,0,0,0,0,147.154539,0.0394669884,0.967696673,-0.00384051527,-0.113534285,-0.171277625,0.224999691,-1.51211678,-4.31409623,0.000207874053,1500,1500,1500,1500,1500,1500,1500,1500,0,0,0,0,0.2,0,0,0,0,0.2,0,0,0,0,0.2,0,0,0,0,0.2,0,0,0,0,1,0,0,0,0,1,0,0,0,0,1,0,0,0,0,1
298187.869,3.9,0,0,0,0,0,0,0.367101461,-0,150.09763,-147.154539,2.94309079,1,0,0,0,0,0,0,0,0,0,0,0,0,0,0,150.09763,4.79015999,-1.85057561,1.86249591e-05,0,0,0,0,0,0,0,0,0,0,0,0,0,0,0,0,0,0,0,0,0,0,0,0,0,0,0,0,0,0,0,0,147.154539,0.0394669884,0.967696673,-0.00384051527,-0.113534285,-0.171277625,0.224999691,-1.51211678,-4.31409623,0.000207874053,1500,1500,1500,1500,1500,1500,1500,1500,0,0,0,0,0.2,0,0,0,0,0.2,0,0,0,0,0.2,0,0,0,0,0.2,0,0,0,0,1,0,0,0,0,1,0,0,0,0,1,0,0,0,0,1
298187.925,3.95,0,0,0,0,0,0,0.367101461,-0,150.09763,-147.154539,2.94309079,1,0,0,0,0,0,0,0,0,0,0,0,0,0,0,150.09763,4.79015999,-1.85057561,1.86249591e-05,0,0,0,0,0,0,0,0,0,0,0,0,0,0,0,0,0,0,0,0,0,0,0,0,0,0,0,0,0,0,0,0,147.154539,0.0394669884,0.967696673,-0.00384051527,-0.113534285,-0.171277625,0.224999691,-1.51211678,-4.31409623,0.000207874053,1500,1500,1500,1500,1500,1500,1500,1500,0,0,0,0,0.2,0,0,0,0,0.2,0,0,0,0,0.2,0,0,0,0,0.2,0,0,0,0,1,0,0,0,0,1,0,0,0,0,1,0,0,0,0,1
298187.977,4,0,0,0,0,0,0,0.367101461,-0,150.09763,-147.154539,2.94309079,1,0,0,0,0,0,0,0,0,0,0,0,0,0,0,150.09763,4.79015999,-1.85057561,1.86249591e-05,0,0,0,0,0,0,0,0,0,0,0,0,0,0,0,0,0,0,0,0,0,0,0,0,0,0,0,0,0,0,0,0,147.154539,0.0394669884,0.967696673,-0.00384051527,-0.113534285,-0.171277625,0.224999691,-1.51211678,-4.31409623,0.000207874053,1500,1500,1500,1500,1500,1500,1500,1500,0,0,0,0,0.2,0,0,0,0,0.2,0,0,0,0,0.2,0,0,0,0,0.2,0,0,0,0,1,0,0,0,0,1,0,0,0,0,1,0,0,0,0,1
298188.033,4.05,0,0,0,0,0,0,0.367101461,-0,150.09763,-147.154539,2.94309079,1,0,0,0,0,0,0,0,0,0,0,0,0,0,0,150.09763,4.79015999,-1.85057561,1.86249591e-05,0,0,0,0,0,0,0,0,0,0,0,0,0,0,0,0,0,0,0,0,0,0,0,0,0,0,0,0,0,0,0,0,147.154539,0.0394669884,0.967696673,-0.00384051527,-0.113534285,-0.171277625,0.224999691,-1.51211678,-4.31409623,0.000207874053,1500,1500,1500,1500,1500,1500,1500,1500,0,0,0,0,0.2,0,0,0,0,0.2,0,0,0,0,0.2,0,0,0,0,0.2,0,0,0,0,1,0,0,0,0,1,0,0,0,0,1,0,0,0,0,1
298188.085,4.1,0,0,0,0,0,0,0.367101461,-0,150.09763,-147.154539,2.94309079,1,0,0,0,0,0,0,0,0,0,0,0,0,0,0,150.09763,4.79015999,-1.85057561,1.86249591e-05,0,0,0,0,0,0,0,0,0,0,0,0,0,0,0,0,0,0,0,0,0,0,0,0,0,0,0,0,0,0,0,0,147.154539,0.0394669884,0.967696673,-0.00384051527,-0.113534285,-0.171277625,0.224999691,-1.51211678,-4.31409623,0.000207874053,1500,1500,1500,1500,1500,1500,1500,1500,0,0,0,0,0.2,0,0,0,0,0.2,0,0,0,0,0.2,0,0,0,0,0.2,0,0,0,0,1,0,0,0,0,1,0,0,0,0,1,0,0,0,0,1
298188.137,4.15,0,0,0,0,0,0,0.367101461,-0,150.09763,-147.154539,2.94309079,1,0,0,0,0,0,0,0,0,0,0,0,0,0,0,150.09763,4.79015999,-1.85057561,1.86249591e-05,0,0,0,0,0,0,0,0,0,0,0,0,0,0,0,0,0,0,0,0,0,0,0,0,0,0,0,0,0,0,0,0,147.154539,0.0394669884,0.967696673,-0.00384051527,-0.113534285,-0.171277625,0.224999691,-1.51211678,-4.31409623,0.000207874053,1500,1500,1500,1500,1500,1500,1500,1500,0,0,0,0,0.2,0,0,0,0,0.2,0,0,0,0,0.2,0,0,0,0,0.2,0,0,0,0,1,0,0,0,0,1,0,0,0,0,1,0,0,0,0,1
298188.188,4.2,0,0,0,0,0,0,0.367101461,-0,150.09763,-147.154539,2.94309079,1,0,0,0,0,0,0,0,0,0,0,0,0,0,0,150.09763,4.79015999,-1.85057561,1.86249591e-05,0,0,0,0,0,0,0,0,0,0,0,0,0,0,0,0,0,0,0,0,0,0,0,0,0,0,0,0,0,0,0,0,147.154539,0.0394669884,0.967696673,-0.00384051527,-0.113534285,-0.171277625,0.224999691,-1.51211678,-4.31409623,0.000207874053,1500,1500,1500,1500,1500,1500,1500,1500,0,0,0,0,0.2,0,0,0,0,0.2,0,0,0,0,0.2,0,0,0,0,0.2,0,0,0,0,1,0,0,0,0,1,0,0,0,0,1,0,0,0,0,1
298188.242,4.25,0,0,0,0,0,0,0.367101461,-0,150.09763,-147.154539,2.94309079,1,0,0,0,0,0,0,0,0,0,0,0,0,0,0,150.09763,4.79015999,-1.85057561,1.86249591e-05,0,0,0,0,0,0,0,0,0,0,0,0,0,0,0,0,0,0,0,0,0,0,0,0,0,0,0,0,0,0,0,0,147.154539,0.0394669884,0.967696673,-0.00384051527,-0.113534285,-0.171277625,0.224999691,-1.51211678,-4.31409623,0.000207874053,1500,1500,1500,1500,1500,1500,1500,1500,0,0,0,0,0.2,0,0,0,0,0.2,0,0,0,0,0.2,0,0,0,0,0.2,0,0,0,0,1,0,0,0,0,1,0,0,0,0,1,0,0,0,0,1
298188.294,4.3,0,0,0,0,0,0,0.367101461,-0,150.09763,-147.154539,2.94309079,1,0,0,0,0,0,0,0,0,0,0,0,0,0,0,150.09763,4.79015999,-1.85057561,1.86249591e-05,0,0,0,0,0,0,0,0,0,0,0,0,0,0,0,0,0,0,0,0,0,0,0,0,0,0,0,0,0,0,0,0,147.154539,0.0394669884,0.967696673,-0.00384051527,-0.113534285,-0.171277625,0.224999691,-1.51211678,-4.31409623,0.000207874053,1500,1500,1500,1500,1500,1500,1500,1500,0,0,0,0,0.2,0,0,0,0,0.2,0,0,0,0,0.2,0,0,0,0,0.2,0,0,0,0,1,0,0,0,0,1,0,0,0,0,1,0,0,0,0,1
298188.347,4.35,0,0,0,0,0,0,0.367101461,-0,150.09763,-147.154539,2.94309079,1,0,0,0,0,0,0,0,0,0,0,0,0,0,0,150.09763,4.79015999,-1.85057561,1.86249591e-05,0,0,0,0,0,0,0,0,0,0,0,0,0,0,0,0,0,0,0,0,0,0,0,0,0,0,0,0,0,0,0,0,147.154539,0.0394669884,0.967696673,-0.00384051527,-0.113534285,-0.171277625,0.224999691,-1.51211678,-4.31409623,0.000207874053,1500,1500,1500,1500,1500,1500,1500,1500,0,0,0,0,0.2,0,0,0,0,0.2,0,0,0,0,0.2,0,0,0,0,0.2,0,0,0,0,1,0,0,0,0,1,0,0,0,0,1,0,0,0,0,1
298188.398,4.4,0,0,0,0,0,0,0.367101461,-0,150.09763,-147.154539,2.94309079,1,0,0,0,0,0,0,0,0,0,0,0,0,0,0,150.09763,4.79015999,-1.85057561,1.86249591e-05,0,0,0,0,0,0,0,0,0,0,0,0,0,0,0,0,0,0,0,0,0,0,0,0,0,0,0,0,0,0,0,0,147.154539,0.0394669884,0.967696673,-0.00384051527,-0.113534285,-0.171277625,0.224999691,-1.51211678,-4.31409623,0.000207874053,1500,1500,1500,1500,1500,1500,1500,1500,0,0,0,0,0.2,0,0,0,0,0.2,0,0,0,0,0.2,0,0,0,0,0.2,0,0,0,0,1,0,0,0,0,1,0,0,0,0,1,0,0,0,0,1
298188.451,4.45,0,0,0,0,0,0,0.367101461,-0,150.09763,-147.154539,2.94309079,1,0,0,0,0,0,0,0,0,0,0,0,0,0,0,150.09763,4.79015999,-1.85057561,1.86249591e-05,0,0,0,0,0,0,0,0,0,0,0,0,0,0,0,0,0,0,0,0,0,0,0,0,0,0,0,0,0,0,0,0,147.154539,0.0394669884,0.967696673,-0.00384051527,-0.113534285,-0.171277625,0.224999691,-1.51211678,-4.31409623,0.000207874053,1500,1500,1500,1500,1500,1500,1500,1500,0,0,0,0,0.2,0,0,0,0,0.2,0,0,0,0,0.2,0,0,0,0,0.2,0,0,0,0,1,0,0,0,0,1,0,0,0,0,1,0,0,0,0,1
298188.503,4.5,0,0,0,0,0,0,0.367101461,-0,150.09763,-147.154539,2.94309079,1,0,0,0,0,0,0,0,0,0,0,0,0,0,0,150.09763,4.79015999,-1.85057561,1.86249591e-05,0,0,0,0,0,0,0,0,0,0,0,0,0,0,0,0,0,0,0,0,0,0,0,0,0,0,0,0,0,0,0,0,147.154539,0.0394669884,0.967696673,-0.00384051527,-0.113534285,-0.171277625,0.224999691,-1.51211678,-4.31409623,0.000207874053,1500,1500,1500,1500,1500,1500,1500,1500,0,0,0,0,0.2,0,0,0,0,0.2,0,0,0,0,0.2,0,0,0,0,0.2,0,0,0,0,1,0,0,0,0,1,0,0,0,0,1,0,0,0,0,1
298188.556,4.55,0,0,0,0,0,0,0.367101461,-0,150.09763,-147.154539,2.94309079,1,0,0,0,0,0,0,0,0,0,0,0,0,0,0,150.09763,4.79015999,-1.85057561,1.86249591e-05,0,0,0,0,0,0,0,0,0,0,0,0,0,0,0,0,0,0,0,0,0,0,0,0,0,0,0,0,0,0,0,0,147.154539,0.0394669884,0.967696673,-0.00384051527,-0.113534285,-0.171277625,0.224999691,-1.51211678,-4.31409623,0.000207874053,1500,1500,1500,1500,1500,1500,1500,1500,0,0,0,0,0.2,0,0,0,0,0.2,0,0,0,0,0.2,0,0,0,0,0.2,0,0,0,0,1,0,0,0,0,1,0,0,0,0,1,0,0,0,0,1
298188.607,4.6,0,0,0,0,0,0,0.367101461,-0,150.09763,-147.154539,2.94309079,1,0,0,0,0,0,0,0,0,0,0,0,0,0,0,150.09763,4.79015999,-1.85057561,1.86249591e-05,0,0,0,0,0,0,0,0,0,0,0,0,0,0,0,0,0,0,0,0,0,0,0,0,0,0,0,0,0,0,0,0,147.154539,0.0394669884,0.967696673,-0.00384051527,-0.113534285,-0.171277625,0.224999691,-1.51211678,-4.31409623,0.000207874053,1500,1500,1500,1500,1500,1500,1500,1500,0,0,0,0,0.2,0,0,0,0,0.2,0,0,0,0,0.2,0,0,0,0,0.2,0,0,0,0,1,0,0,0,0,1,0,0,0,0,1,0,0,0,0,1
298188.662,4.65,0,0,0,0,0,0,0.367101461,-0,150.09763,-147.154539,2.94309079,1,0,0,0,0,0,0,0,0,0,0,0,0,0,0,150.09763,4.79015999,-1.85057561,1.86249591e-05,0,0,0,0,0,0,0,0,0,0,0,0,0,0,0,0,0,0,0,0,0,0,0,0,0,0,0,0,0,0,0,0,147.154539,0.0394669884,0.967696673,-0.00384051527,-0.113534285,-0.171277625,0.224999691,-1.51211678,-4.31409623,0.000207874053,1500,1500,1500,1500,1500,1500,1500,1500,0,0,0,0,0.2,0,0,0,0,0.2,0,0,0,0,0.2,0,0,0,0,0.2,0,0,0,0,1,0,0,0,0,1,0,0,0,0,1,0,0,0,0,1
298188.714,4.7,0,0,0,0,0,0,0.367101461,-0,150.09763,-147.154539,2.94309079,1,0,0,0,0,0,0,0,0,0,0,0,0,0,0,150.09763,4.79015999,-1.85057561,1.86249591e-05,0,0,0,0,0,0,0,0,0,0,0,0,0,0,0,0,0,0,0,0,0,0,0,0,0,0,0,0,0,0,0,0,147.154539,0.0394669884,0.967696673,-0.00384051527,-0.113534285,-0.171277625,0.224999691,-1.51211678,-4.31409623,0.000207874053,1500,1500,1500,1500,1500,1500,1500,1500,0,0,0,0,0.2,0,0,0,0,0.2,0,0,0,0,0.2,0,0,0,0,0.2,0,0,0,0,1,0,0,0,0,1,0,0,0,0,1,0,0,0,0,1
298188.766,4.75,0,0,0,0,0,0,0.367101461,-0,150.09763,-147.154539,2.94309079,1,0,0,0,0,0,0,0,0,0,0,0,0,0,0,150.09763,4.79015999,-1.85057561,1.86249591e-05,0,0,0,0,0,0,0,0,0,0,0,0,0,0,0,0,0,0,0,0,0,0,0,0,0,0,0,0,0,0,0,0,147.154539,0.0394669884,0.967696673,-0.00384051527,-0.113534285,-0.171277625,0.224999691,-1.51211678,-4.31409623,0.000207874053,1500,1500,1500,1500,1500,1500,1500,1500,0,0,0,0,0.2,0,0,0,0,0.2,0,0,0,0,0.2,0,0,0,0,0.2,0,0,0,0,1,0,0,0,0,1,0,0,0,0,1,0,0,0,0,1
298188.818,4.8,0,0,0,0,0,0,0.367101461,-0,150.09763,-147.154539,2.94309079,1,0,0,0,0,0,0,0,0,0,0,0,0,0,0,150.09763,4.79015999,-1.85057561,1.86249591e-05,0,0,0,0,0,0,0,0,0,0,0,0,0,0,0,0,0,0,0,0,0,0,0,0,0,0,0,0,0,0,0,0,147.154539,0.0394669884,0.967696673,-0.00384051527,-0.113534285,-0.171277625,0.224999691,-1.51211678,-4.31409623,0.000207874053,1500,1500,1500,1500,1500,1500,1500,1500,0,0,0,0,0.2,0,0,0,0,0.2,0,0,0,0,0.2,0,0,0,0,0.2,0,0,0,0,1,0,0,0,0,1,0,0,0,0,1,0,0,0,0,1
298188.871,4.85,0,0,0,0,0,0,0.367101461,-0,150.09763,-147.154539,2.94309079,1,0,0,0,0,0,0,0,0,0,0,0,0,0,0,150.09763,4.79015999,-1.85057561,1.86249591e-05,0,0,0,0,0,0,0,0,0,0,0,0,0,0,0,0,0,0,0,0,0,0,0,0,0,0,0,0,0,0,0,0,147.154539,0.0394669884,0.967696673,-0.00384051527,-0.113534285,-0.171277625,0.224999691,-1.51211678,-4.31409623,0.000207874053,1500,1500,1500,1500,1500,1500,1500,1500,0,0,0,0,0.2,0,0,0,0,0.2,0,0,0,0,0.2,0,0,0,0,0.2,0,0,0,0,1,0,0,0,0,1,0,0,0,0,1,0,0,0,0,1
298188.922,4.9,0,0,0,0,0,0,0.367101461,-0,150.09763,-147.154539,2.94309079,1,0,0,0,0,0,0,0,0,0,0,0,0,0,0,150.09763,4.79015999,-1.85057561,1.86249591e-05,0,0,0,0,0,0,0,0,0,0,0,0,0,0,0,0,0,0,0,0,0,0,0,0,0,0,0,0,0,0,0,0,147.154539,0.0394669884,0.967696673,-0.00384051527,-0.113534285,-0.171277625,0.224999691,-1.51211678,-4.31409623,0.000207874053,1500,1500,1500,1500,1500,1500,1500,1500,0,0,0,0,0.2,0,0,0,0,0.2,0,0,0,0,0.2,0,0,0,0,0.2,0,0,0,0,1,0,0,0,0,1,0,0,0,0,1,0,0,0,0,1
298188.975,4.95,0,0,0,0,0,0,0.367101461,-0,150.09763,-147.154539,2.94309079,1,0,0,0,0,0,0,0,0,0,0,0,0,0,0,150.09763,4.79015999,-1.85057561,1.86249591e-05,0,0,0,0,0,0,0,0,0,0,0,0,0,0,0,0,0,0,0,0,0,0,0,0,0,0,0,0,0,0,0,0,147.154539,0.0394669884,0.967696673,-0.00384051527,-0.113534285,-0.171277625,0.224999691,-1.51211678,-4.31409623,0.000207874053,1500,1500,1500,1500,1500,1500,1500,1500,0,0,0,0,0.2,0,0,0,0,0.2,0,0,0,0,0.2,0,0,0,0,0.2,0,0,0,0,1,0,0,0,0,1,0,0,0,0,1,0,0,0,0,1
298189.028,5,0,0,0,0,0,0,0.367101461,-0,150.09763,-147.154539,2.94309079,1,0,0,0,0,0,0,0,0,0,0,0,0,0,0,150.09763,4.79015999,-1.85057561,1.86249591e-05,0,0,0,0,0,0,0,0,0,0,0,0,0,0,0,0,0,0,0,0,0,0,0,0,0,0,0,0,0,0,0,0,147.154539,0.0394669884,0.967696673,-0.00384051527,-0.113534285,-0.171277625,0.224999691,-1.51211678,-4.31409623,0.000207874053,1500,1500,1500,1500,1500,1500,1500,1500,0,0,0,0,0.2,0,0,0,0,0.2,0,0,0,0,0.2,0,0,0,0,0.2,0,0,0,0,1,0,0,0,0,1,0,0,0,0,1,0,0,0,0,1
298189.082,5.05,0,0,0,0,0,0,0.367101461,-0,150.09763,-147.154539,2.94309079,1,0,0,0,0,0,0,0,0,0,0,0,0,0,0,150.09763,4.79015999,-1.85057561,1.86249591e-05,0,0,0,0,0,0,0,0,0,0,0,0,0,0,0,0,0,0,0,0,0,0,0,0,0,0,0,0,0,0,0,0,147.154539,0.0394669884,0.967696673,-0.00384051527,-0.113534285,-0.171277625,0.224999691,-1.51211678,-4.31409623,0.000207874053,1500,1500,1500,1500,1500,1500,1500,1500,0,0,0,0,0.2,0,0,0,0,0.2,0,0,0,0,0.2,0,0,0,0,0.2,0,0,0,0,1,0,0,0,0,1,0,0,0,0,1,0,0,0,0,1
298189.135,5.1,0,0,0,0,0,0,0.367101461,-0,150.09763,-147.154539,2.94309079,1,0,0,0,0,0,0,0,0,0,0,0,0,0,0,150.09763,4.79015999,-1.85057561,1.86249591e-05,0,0,0,0,0,0,0,0,0,0,0,0,0,0,0,0,0,0,0,0,0,0,0,0,0,0,0,0,0,0,0,0,147.154539,0.0394669884,0.967696673,-0.00384051527,-0.113534285,-0.171277625,0.224999691,-1.51211678,-4.31409623,0.000207874053,1500,1500,1500,1500,1500,1500,1500,1500,0,0,0,0,0.2,0,0,0,0,0.2,0,0,0,0,0.2,0,0,0,0,0.2,0,0,0,0,1,0,0,0,0,1,0,0,0,0,1,0,0,0,0,1
298189.187,5.15,0,0,0,0,0,0,0.367101461,-0,150.09763,-147.154539,2.94309079,1,0,0,0,0,0,0,0,0,0,0,0,0,0,0,150.09763,4.79015999,-1.85057561,1.86249591e-05,0,0,0,0,0,0,0,0,0,0,0,0,0,0,0,0,0,0,0,0,0,0,0,0,0,0,0,0,0,0,0,0,147.154539,0.0394669884,0.967696673,-0.00384051527,-0.113534285,-0.171277625,0.224999691,-1.51211678,-4.31409623,0.000207874053,1500,1500,1500,1500,1500,1500,1500,1500,0,0,0,0,0.2,0,0,0,0,0.2,0,0,0,0,0.2,0,0,0,0,0.2,0,0,0,0,1,0,0,0,0,1,0,0,0,0,1,0,0,0,0,1
298189.24,5.2,0,0,0,0,0,0,0.367101461,-0,150.09763,-147.154539,2.94309079,1,0,0,0,0,0,0,0,0,0,0,0,0,0,0,150.09763,4.79015999,-1.85057561,1.86249591e-05,0,0,0,0,0,0,0,0,0,0,0,0,0,0,0,0,0,0,0,0,0,0,0,0,0,0,0,0,0,0,0,0,147.154539,0.0394669884,0.967696673,-0.00384051527,-0.113534285,-0.171277625,0.224999691,-1.51211678,-4.31409623,0.000207874053,1500,1500,1500,1500,1500,1500,1500,1500,0,0,0,0,0.2,0,0,0,0,0.2,0,0,0,0,0.2,0,0,0,0,0.2,0,0,0,0,1,0,0,0,0,1,0,0,0,0,1,0,0,0,0,1
298189.292,5.25,0,0,0,0,0,0,0.367101461,-0,150.09763,-147.154539,2.94309079,1,0,0,0,0,0,0,0,0,0,0,0,0,0,0,150.09763,4.79015999,-1.85057561,1.86249591e-05,0,0,0,0,0,0,0,0,0,0,0,0,0,0,0,0,0,0,0,0,0,0,0,0,0,0,0,0,0,0,0,0,147.154539,0.0394669884,0.967696673,-0.00384051527,-0.113534285,-0.171277625,0.224999691,-1.51211678,-4.31409623,0.000207874053,1500,1500,1500,1500,1500,1500,1500,1500,0,0,0,0,0.2,0,0,0,0,0.2,0,0,0,0,0.2,0,0,0,0,0.2,0,0,0,0,1,0,0,0,0,1,0,0,0,0,1,0,0,0,0,1
298189.344,5.3,0,0,0,0,0,0,0.367101461,-0,150.09763,-147.154539,2.94309079,1,0,0,0,0,0,0,0,0,0,0,0,0,0,0,150.09763,4.79015999,-1.85057561,1.86249591e-05,0,0,0,0,0,0,0,0,0,0,0,0,0,0,0,0,0,0,0,0,0,0,0,0,0,0,0,0,0,0,0,0,147.154539,0.0394669884,0.967696673,-0.00384051527,-0.113534285,-0.171277625,0.224999691,-1.51211678,-4.31409623,0.000207874053,1500,1500,1500,1500,1500,1500,1500,1500,0,0,0,0,0.2,0,0,0,0,0.2,0,0,0,0,0.2,0,0,0,0,0.2,0,0,0,0,1,0,0,0,0,1,0,0,0,0,1,0,0,0,0,1
298189.398,5.35,0,0,0,0,0,0,0.367101461,-0,150.09763,-147.154539,2.94309079,1,0,0,0,0,0,0,0,0,0,0,0,0,0,0,150.09763,4.79015999,-1.85057561,1.86249591e-05,0,0,0,0,0,0,0,0,0,0,0,0,0,0,0,0,0,0,0,0,0,0,0,0,0,0,0,0,0,0,0,0,147.154539,0.0394669884,0.967696673,-0.00384051527,-0.113534285,-0.171277625,0.224999691,-1.51211678,-4.31409623,0.000207874053,1500,1500,1500,1500,1500,1500,1500,1500,0,0,0,0,0.2,0,0,0,0,0.2,0,0,0,0,0.2,0,0,0,0,0.2,0,0,0,0,1,0,0,0,0,1,0,0,0,0,1,0,0,0,0,1
298189.451,5.4,0,0,0,0,0,0,0.367101461,-0,150.09763,-147.154539,2.94309079,1,0,0,0,0,0,0,0,0,0,0,0,0,0,0,150.09763,4.79015999,-1.85057561,1.86249591e-05,0,0,0,0,0,0,0,0,0,0,0,0,0,0,0,0,0,0,0,0,0,0,0,0,0,0,0,0,0,0,0,0,147.154539,0.0394669884,0.967696673,-0.00384051527,-0.113534285,-0.171277625,0.224999691,-1.51211678,-4.31409623,0.000207874053,1500,1500,1500,1500,1500,1500,1500,1500,0,0,0,0,0.2,0,0,0,0,0.2,0,0,0,0,0.2,0,0,0,0,0.2,0,0,0,0,1,0,0,0,0,1,0,0,0,0,1,0,0,0,0,1
298189.503,5.45,0,0,0,0,0,0,0.367101461,-0,150.09763,-147.154539,2.94309079,1,0,0,0,0,0,0,0,0,0,0,0,0,0,0,150.09763,4.79015999,-1.85057561,1.86249591e-05,0,0,0,0,0,0,0,0,0,0,0,0,0,0,0,0,0,0,0,0,0,0,0,0,0,0,0,0,0,0,0,0,147.154539,0.0394669884,0.967696673,-0.00384051527,-0.113534285,-0.171277625,0.224999691,-1.51211678,-4.31409623,0.000207874053,1500,1500,1500,1500,1500,1500,1500,1500,0,0,0,0,0.2,0,0,0,0,0.2,0,0,0,0,0.2,0,0,0,0,0.2,0,0,0,0,1,0,0,0,0,1,0,0,0,0,1,0,0,0,0,1
298189.555,5.5,0,0,0,0,0,0,0.367101461,-0,150.09763,-147.154539,2.94309079,1,0,0,0,0,0,0,0,0,0,0,0,0,0,0,150.09763,4.79015999,-1.85057561,1.86249591e-05,0,0,0,0,0,0,0,0,0,0,0,0,0,0,0,0,0,0,0,0,0,0,0,0,0,0,0,0,0,0,0,0,147.154539,0.0394669884,0.967696673,-0.00384051527,-0.113534285,-0.171277625,0.224999691,-1.51211678,-4.31409623,0.000207874053,1500,1500,1500,1500,1500,1500,1500,1500,0,0,0,0,0.2,0,0,0,0,0.2,0,0,0,0,0.2,0,0,0,0,0.2,0,0,0,0,1,0,0,0,0,1,0,0,0,0,1,0,0,0,0,1
298189.608,5.55,0,0,0,0,0,0,0.367101461,-0,150.09763,-147.154539,2.94309079,1,0,0,0,0,0,0,0,0,0,0,0,0,0,0,150.09763,4.79015999,-1.85057561,1.86249591e-05,0,0,0,0,0,0,0,0,0,0,0,0,0,0,0,0,0,0,0,0,0,0,0,0,0,0,0,0,0,0,0,0,147.154539,0.0394669884,0.967696673,-0.00384051527,-0.113534285,-0.171277625,0.224999691,-1.51211678,-4.31409623,0.000207874053,1500,1500,1500,1500,1500,1500,1500,1500,0,0,0,0,0.2,0,0,0,0,0.2,0,0,0,0,0.2,0,0,0,0,0.2,0,0,0,0,1,0,0,0,0,1,0,0,0,0,1,0,0,0,0,1
298189.661,5.6,0,0,0,0,0,0,0.367101461,-0,150.09763,-147.154539,2.94309079,1,0,0,0,0,0,0,0,0,0,0,0,0,0,0,150.09763,4.79015999,-1.85057561,1.86249591e-05,0,0,0,0,0,0,0,0,0,0,0,0,0,0,0,0,0,0,0,0,0,0,0,0,0,0,0,0,0,0,0,0,147.154539,0.0394669884,0.967696673,-0.00384051527,-0.113534285,-0.171277625,0.224999691,-1.51211678,-4.31409623,0.000207874053,1500,1500,1500,1500,1500,1500,1500,1500,0,0,0,0,0.2,0,0,0,0,0.2,0,0,0,0,0.2,0,0,0,0,0.2,0,0,0,0,1,0,0,0,0,1,0,0,0,0,1,0,0,0,0,1
298189.714,5.65,0,0,0,0,0,0,0.367101461,-0,150.09763,-147.154539,2.94309079,1,0,0,0,0,0,0,0,0,0,0,0,0,0,0,150.09763,4.79015999,-1.85057561,1.86249591e-05,0,0,0,0,0,0,0,0,0,0,0,0,0,0,0,0,0,0,0,0,0,0,0,0,0,0,0,0,0,0,0,0,147.154539,0.0394669884,0.967696673,-0.00384051527,-0.113534285,-0.171277625,0.224999691,-1.51211678,-4.31409623,0.000207874053,1500,1500,1500,1500,1500,1500,1500,1500,0,0,0,0,0.2,0,0,0,0,0.2,0,0,0,0,0.2,0,0,0,0,0.2,0,0,0,0,1,0,0,0,0,1,0,0,0,0,1,0,0,0,0,1
298189.767,5.7,0,0,0,0,0,0,0.367101461,-0,150.09763,-147.154539,2.94309079,1,0,0,0,0,0,0,0,0,0,0,0,0,0,0,150.09763,4.79015999,-1.85057561,1.86249591e-05,0,0,0,0,0,0,0,0,0,0,0,0,0,0,0,0,0,0,0,0,0,0,0,0,0,0,0,0,0,0,0,0,147.154539,0.0394669884,0.967696673,-0.00384051527,-0.113534285,-0.171277625,0.224999691,-1.51211678,-4.31409623,0.000207874053,1500,1500,1500,1500,1500,1500,1500,1500,0,0,0,0,0.2,0,0,0,0,0.2,0,0,0,0,0.2,0,0,0,0,0.2,0,0,0,0,1,0,0,0,0,1,0,0,0,0,1,0,0,0,0,1
298189.82,5.75,0,0,0,0,0,0,0.367101461,-0,150.09763,-147.154539,2.94309079,1,0,0,0,0,0,0,0,0,0,0,0,0,0,0,150.09763,4.79015999,-1.85057561,1.86249591e-05,0,0,0,0,0,0,0,0,0,0,0,0,0,0,0,0,0,0,0,0,0,0,0,0,0,0,0,0,0,0,0,0,147.154539,0.0394669884,0.967696673,-0.00384051527,-0.113534285,-0.171277625,0.224999691,-1.51211678,-4.31409623,0.000207874053,1500,1500,1500,1500,1500,1500,1500,1500,0,0,0,0,0.2,0,0,0,0,0.2,0,0,0,0,0.2,0,0,0,0,0.2,0,0,0,0,1,0,0,0,0,1,0,0,0,0,1,0,0,0,0,1
298189.871,5.8,0,0,0,0,0,0,0.367101461,-0,150.09763,-147.154539,2.94309079,1,0,0,0,0,0,0,0,0,0,0,0,0,0,0,150.09763,4.79015999,-1.85057561,1.86249591e-05,0,0,0,0,0,0,0,0,0,0,0,0,0,0,0,0,0,0,0,0,0,0,0,0,0,0,0,0,0,0,0,0,147.154539,0.0394669884,0.967696673,-0.00384051527,-0.113534285,-0.171277625,0.224999691,-1.51211678,-4.31409623,0.000207874053,1500,1500,1500,1500,1500,1500,1500,1500,0,0,0,0,0.2,0,0,0,0,0.2,0,0,0,0,0.2,0,0,0,0,0.2,0,0,0,0,1,0,0,0,0,1,0,0,0,0,1,0,0,0,0,1
298189.924,5.85,0,0,0,0,0,0,0.367101461,-0,150.09763,-147.154539,2.94309079,1,0,0,0,0,0,0,0,0,0,0,0,0,0,0,150.09763,4.79015999,-1.85057561,1.86249591e-05,0,0,0,0,0,0,0,0,0,0,0,0,0,0,0,0,0,0,0,0,0,0,0,0,0,0,0,0,0,0,0,0,147.154539,0.0394669884,0.967696673,-0.00384051527,-0.113534285,-0.171277625,0.224999691,-1.51211678,-4.31409623,0.000207874053,1500,1500,1500,1500,1500,1500,1500,1500,0,0,0,0,0.2,0,0,0,0,0.2,0,0,0,0,0.2,0,0,0,0,0.2,0,0,0,0,1,0,0,0,0,1,0,0,0,0,1,0,0,0,0,1
298189.976,5.9,0,0,0,0,0,0,0.367101461,-0,150.09763,-147.154539,2.94309079,1,0,0,0,0,0,0,0,0,0,0,0,0,0,0,150.09763,4.79015999,-1.85057561,1.86249591e-05,0,0,0,0,0,0,0,0,0,0,0,0,0,0,0,0,0,0,0,0,0,0,0,0,0,0,0,0,0,0,0,0,147.154539,0.0394669884,0.967696673,-0.00384051527,-0.113534285,-0.171277625,0.224999691,-1.51211678,-4.31409623,0.000207874053,1500,1500,1500,1500,1500,1500,1500,1500,0,0,0,0,0.2,0,0,0,0,0.2,0,0,0,0,0.2,0,0,0,0,0.2,0,0,0,0,1,0,0,0,0,1,0,0,0,0,1,0,0,0,0,1
298190.029,5.95,0,0,0,0,0,0,0.367101461,-0,150.09763,-147.154539,2.94309079,1,0,0,0,0,0,0,0,0,0,0,0,0,0,0,150.09763,4.79015999,-1.85057561,1.86249591e-05,0,0,0,0,0,0,0,0,0,0,0,0,0,0,0,0,0,0,0,0,0,0,0,0,0,0,0,0,0,0,0,0,147.154539,0.0394669884,0.967696673,-0.00384051527,-0.113534285,-0.171277625,0.224999691,-1.51211678,-4.31409623,0.000207874053,1500,1500,1500,1500,1500,1500,1500,1500,0,0,0,0,0.2,0,0,0,0,0.2,0,0,0,0,0.2,0,0,0,0,0.2,0,0,0,0,1,0,0,0,0,1,0,0,0,0,1,0,0,0,0,1
298190.08,6,0,0,0,0,0,0,0.367101461,-0,150.09763,-147.154539,2.94309079,1,0,0,0,0,0,0,0,0,0,0,0,0,0,0,150.09763,4.79015999,-1.85057561,1.86249591e-05,0,0,0,0,0,0,0,0,0,0,0,0,0,0,0,0,0,0,0,0,0,0,0,0,0,0,0,0,0,0,0,0,147.154539,0.0394669884,0.967696673,-0.00384051527,-0.113534285,-0.171277625,0.224999691,-1.51211678,-4.31409623,0.000207874053,1500,1500,1500,1500,1500,1500,1500,1500,0,0,0,0,0.2,0,0,0,0,0.2,0,0,0,0,0.2,0,0,0,0,0.2,0,0,0,0,1,0,0,0,0,1,0,0,0,0,1,0,0,0,0,1
298190.134,6.05,0,0,0,0,0,0,0.367101461,-0,150.09763,-147.154539,2.94309079,1,0,0,0,0,0,0,0,0,0,0,0,0,0,0,150.09763,4.79015999,-1.85057561,1.86249591e-05,0,0,0,0,0,0,0,0,0,0,0,0,0,0,0,0,0,0,0,0,0,0,0,0,0,0,0,0,0,0,0,0,147.154539,0.0394669884,0.967696673,-0.00384051527,-0.113534285,-0.171277625,0.224999691,-1.51211678,-4.31409623,0.000207874053,1500,1500,1500,1500,1500,1500,1500,1500,0,0,0,0,0.2,0,0,0,0,0.2,0,0,0,0,0.2,0,0,0,0,0.2,0,0,0,0,1,0,0,0,0,1,0,0,0,0,1,0,0,0,0,1
298190.186,6.1,0,0,0,0,0,0,0.367101461,-0,150.09763,-147.154539,2.94309079,1,0,0,0,0,0,0,0,0,0,0,0,0,0,0,150.09763,4.79015999,-1.85057561,1.86249591e-05,0,0,0,0,0,0,0,0,0,0,0,0,0,0,0,0,0,0,0,0,0,0,0,0,0,0,0,0,0,0,0,0,147.154539,0.0394669884,0.967696673,-0.00384051527,-0.113534285,-0.171277625,0.224999691,-1.51211678,-4.31409623,0.000207874053,1500,1500,1500,1500,1500,1500,1500,1500,0,0,0,0,0.2,0,0,0,0,0.2,0,0,0,0,0.2,0,0,0,0,0.2,0,0,0,0,1,0,0,0,0,1,0,0,0,0,1,0,0,0,0,1
298190.239,6.15,0,0,0,0,0,0,0.367101461,-0,150.09763,-147.154539,2.94309079,1,0,0,0,0,0,0,0,0,0,0,0,0,0,0,150.09763,4.79015999,-1.85057561,1.86249591e-05,0,0,0,0,0,0,0,0,0,0,0,0,0,0,0,0,0,0,0,0,0,0,0,0,0,0,0,0,0,0,0,0,147.154539,0.0394669884,0.967696673,-0.00384051527,-0.113534285,-0.171277625,0.224999691,-1.51211678,-4.31409623,0.000207874053,1500,1500,1500,1500,1500,1500,1500,1500,0,0,0,0,0.2,0,0,0,0,0.2,0,0,0,0,0.2,0,0,0,0,0.2,0,0,0,0,1,0,0,0,0,1,0,0,0,0,1,0,0,0,0,1
298190.292,6.2,0,0,0,0,0,0,0.367101461,-0,150.09763,-147.154539,2.94309079,1,0,0,0,0,0,0,0,0,0,0,0,0,0,0,150.09763,4.79015999,-1.85057561,1.86249591e-05,0,0,0,0,0,0,0,0,0,0,0,0,0,0,0,0,0,0,0,0,0,0,0,0,0,0,0,0,0,0,0,0,147.154539,0.0394669884,0.967696673,-0.00384051527,-0.113534285,-0.171277625,0.224999691,-1.51211678,-4.31409623,0.000207874053,1500,1500,1500,1500,1500,1500,1500,1500,0,0,0,0,0.2,0,0,0,0,0.2,0,0,0,0,0.2,0,0,0,0,0.2,0,0,0,0,1,0,0,0,0,1,0,0,0,0,1,0,0,0,0,1
298190.344,6.25,0,0,0,0,0,0,0.367101461,-0,150.09763,-147.154539,2.94309079,1,0,0,0,0,0,0,0,0,0,0,0,0,0,0,150.09763,4.79015999,-1.85057561,1.86249591e-05,0,0,0,0,0,0,0,0,0,0,0,0,0,0,0,0,0,0,0,0,0,0,0,0,0,0,0,0,0,0,0,0,147.154539,0.0394669884,0.967696673,-0.00384051527,-0.113534285,-0.171277625,0.224999691,-1.51211678,-4.31409623,0.000207874053,1500,1500,1500,1500,1500,1500,1500,1500,0,0,0,0,0.2,0,0,0,0,0.2,0,0,0,0,0.2,0,0,0,0,0.2,0,0,0,0,1,0,0,0,0,1,0,0,0,0,1,0,0,0,0,1
298190.397,6.3,0,0,0,0,0,0,0.367101461,-0,150.09763,-147.154539,2.94309079,1,0,0,0,0,0,0,0,0,0,0,0,0,0,0,150.09763,4.79015999,-1.85057561,1.86249591e-05,0,0,0,0,0,0,0,0,0,0,0,0,0,0,0,0,0,0,0,0,0,0,0,0,0,0,0,0,0,0,0,0,147.154539,0.0394669884,0.967696673,-0.00384051527,-0.113534285,-0.171277625,0.224999691,-1.51211678,-4.31409623,0.000207874053,1500,1500,1500,1500,1500,1500,1500,1500,0,0,0,0,0.2,0,0,0,0,0.2,0,0,0,0,0.2,0,0,0,0,0.2,0,0,0,0,1,0,0,0,0,1,0,0,0,0,1,0,0,0,0,1
298190.451,6.35,0,0,0,0,0,0,0.367101461,-0,150.09763,-147.154539,2.94309079,1,0,0,0,0,0,0,0,0,0,0,0,0,0,0,150.09763,4.79015999,-1.85057561,1.86249591e-05,0,0,0,0,0,0,0,0,0,0,0,0,0,0,0,0,0,0,0,0,0,0,0,0,0,0,0,0,0,0,0,0,147.154539,0.0394669884,0.967696673,-0.00384051527,-0.113534285,-0.171277625,0.224999691,-1.51211678,-4.31409623,0.000207874053,1500,1500,1500,1500,1500,1500,1500,1500,0,0,0,0,0.2,0,0,0,0,0.2,0,0,0,0,0.2,0,0,0,0,0.2,0,0,0,0,1,0,0,0,0,1,0,0,0,0,1,0,0,0,0,1
298190.501,6.4,0,0,0,0,0,0,0.367101461,-0,150.09763,-147.154539,2.94309079,1,0,0,0,0,0,0,0,0,0,0,0,0,0,0,150.09763,4.79015999,-1.85057561,1.86249591e-05,0,0,0,0,0,0,0,0,0,0,0,0,0,0,0,0,0,0,0,0,0,0,0,0,0,0,0,0,0,0,0,0,147.154539,0.0394669884,0.967696673,-0.00384051527,-0.113534285,-0.171277625,0.224999691,-1.51211678,-4.31409623,0.000207874053,1500,1500,1500,1500,1500,1500,1500,1500,0,0,0,0,0.2,0,0,0,0,0.2,0,0,0,0,0.2,0,0,0,0,0.2,0,0,0,0,1,0,0,0,0,1,0,0,0,0,1,0,0,0,0,1
298190.553,6.45,0,0,0,0,0,0,0.367101461,-0,150.09763,-147.154539,2.94309079,1,0,0,0,0,0,0,0,0,0,0,0,0,0,0,150.09763,4.79015999,-1.85057561,1.86249591e-05,0,0,0,0,0,0,0,0,0,0,0,0,0,0,0,0,0,0,0,0,0,0,0,0,0,0,0,0,0,0,0,0,147.154539,0.0394669884,0.967696673,-0.00384051527,-0.113534285,-0.171277625,0.224999691,-1.51211678,-4.31409623,0.000207874053,1500,1500,1500,1500,1500,1500,1500,1500,0,0,0,0,0.2,0,0,0,0,0.2,0,0,0,0,0.2,0,0,0,0,0.2,0,0,0,0,1,0,0,0,0,1,0,0,0,0,1,0,0,0,0,1
298190.605,6.5,0,0,0,0,0,0,0.367101461,-0,150.09763,-147.154539,2.94309079,1,0,0,0,0,0,0,0,0,0,0,0,0,0,0,150.09763,4.79015999,-1.85057561,1.86249591e-05,0,0,0,0,0,0,0,0,0,0,0,0,0,0,0,0,0,0,0,0,0,0,0,0,0,0,0,0,0,0,0,0,147.154539,0.0394669884,0.967696673,-0.00384051527,-0.113534285,-0.171277625,0.224999691,-1.51211678,-4.31409623,0.000207874053,1500,1500,1500,1500,1500,1500,1500,1500,0,0,0,0,0.2,0,0,0,0,0.2,0,0,0,0,0.2,0,0,0,0,0.2,0,0,0,0,1,0,0,0,0,1,0,0,0,0,1,0,0,0,0,1
298190.66,6.55,0,0,0,0,0,0,0.367101461,-0,150.09763,-147.154539,2.94309079,1,0,0,0,0,0,0,0,0,0,0,0,0,0,0,150.09763,4.79015999,-1.85057561,1.86249591e-05,0,0,0,0,0,0,0,0,0,0,0,0,0,0,0,0,0,0,0,0,0,0,0,0,0,0,0,0,0,0,0,0,147.154539,0.0394669884,0.967696673,-0.00384051527,-0.113534285,-0.171277625,0.224999691,-1.51211678,-4.31409623,0.000207874053,1500,1500,1500,1500,1500,1500,1500,1500,0,0,0,0,0.2,0,0,0,0,0.2,0,0,0,0,0.2,0,0,0,0,0.2,0,0,0,0,1,0,0,0,0,1,0,0,0,0,1,0,0,0,0,1
298190.711,6.6,0,0,0,0,0,0,0.367101461,-0,150.09763,-147.154539,2.94309079,1,0,0,0,0,0,0,0,0,0,0,0,0,0,0,150.09763,4.79015999,-1.85057561,1.86249591e-05,0,0,0,0,0,0,0,0,0,0,0,0,0,0,0,0,0,0,0,0,0,0,0,0,0,0,0,0,0,0,0,0,147.154539,0.0394669884,0.967696673,-0.00384051527,-0.113534285,-0.171277625,0.224999691,-1.51211678,-4.31409623,0.000207874053,1500,1500,1500,1500,1500,1500,1500,1500,0,0,0,0,0.2,0,0,0,0,0.2,0,0,0,0,0.2,0,0,0,0,0.2,0,0,0,0,1,0,0,0,0,1,0,0,0,0,1,0,0,0,0,1
298190.762,6.65,0,0,0,0,0,0,0.367101461,-0,150.09763,-147.154539,2.94309079,1,0,0,0,0,0,0,0,0,0,0,0,0,0,0,150.09763,4.79015999,-1.85057561,1.86249591e-05,0,0,0,0,0,0,0,0,0,0,0,0,0,0,0,0,0,0,0,0,0,0,0,0,0,0,0,0,0,0,0,0,147.154539,0.0394669884,0.967696673,-0.00384051527,-0.113534285,-0.171277625,0.224999691,-1.51211678,-4.31409623,0.000207874053,1500,1500,1500,1500,1500,1500,1500,1500,0,0,0,0,0.2,0,0,0,0,0.2,0,0,0,0,0.2,0,0,0,0,0.2,0,0,0,0,1,0,0,0,0,1,0,0,0,0,1,0,0,0,0,1
298190.812,6.7,0,0,0,0,0,0,0.367101461,-0,150.09763,-147.154539,2.94309079,1,0,0,0,0,0,0,0,0,0,0,0,0,0,0,150.09763,4.79015999,-1.85057561,1.86249591e-05,0,0,0,0,0,0,0,0,0,0,0,0,0,0,0,0,0,0,0,0,0,0,0,0,0,0,0,0,0,0,0,0,147.154539,0.0394669884,0.967696673,-0.00384051527,-0.113534285,-0.171277625,0.224999691,-1.51211678,-4.31409623,0.000207874053,1500,1500,1500,1500,1500,1500,1500,1500,0,0,0,0,0.2,0,0,0,0,0.2,0,0,0,0,0.2,0,0,0,0,0.2,0,0,0,0,1,0,0,0,0,1,0,0,0,0,1,0,0,0,0,1
298190.864,6.75,0,0,0,0,0,0,0.367101461,-0,150.09763,-147.154539,2.94309079,1,0,0,0,0,0,0,0,0,0,0,0,0,0,0,150.09763,4.79015999,-1.85057561,1.86249591e-05,0,0,0,0,0,0,0,0,0,0,0,0,0,0,0,0,0,0,0,0,0,0,0,0,0,0,0,0,0,0,0,0,147.154539,0.0394669884,0.967696673,-0.00384051527,-0.113534285,-0.171277625,0.224999691,-1.51211678,-4.31409623,0.000207874053,1500,1500,1500,1500,1500,1500,1500,1500,0,0,0,0,0.2,0,0,0,0,0.2,0,0,0,0,0.2,0,0,0,0,0.2,0,0,0,0,1,0,0,0,0,1,0,0,0,0,1,0,0,0,0,1
298190.916,6.8,0,0,0,0,0,0,0.367101461,-0,150.09763,-147.154539,2.94309079,1,0,0,0,0,0,0,0,0,0,0,0,0,0,0,150.09763,4.79015999,-1.85057561,1.86249591e-05,0,0,0,0,0,0,0,0,0,0,0,0,0,0,0,0,0,0,0,0,0,0,0,0,0,0,0,0,0,0,0,0,147.154539,0.0394669884,0.967696673,-0.00384051527,-0.113534285,-0.171277625,0.224999691,-1.51211678,-4.31409623,0.000207874053,1500,1500,1500,1500,1500,1500,1500,1500,0,0,0,0,0.2,0,0,0,0,0.2,0,0,0,0,0.2,0,0,0,0,0.2,0,0,0,0,1,0,0,0,0,1,0,0,0,0,1,0,0,0,0,1
298190.972,6.85,0,0,0,0,0,0,0.367101461,-0,150.09763,-147.154539,2.94309079,1,0,0,0,0,0,0,0,0,0,0,0,0,0,0,150.09763,4.79015999,-1.85057561,1.86249591e-05,0,0,0,0,0,0,0,0,0,0,0,0,0,0,0,0,0,0,0,0,0,0,0,0,0,0,0,0,0,0,0,0,147.154539,0.0394669884,0.967696673,-0.00384051527,-0.113534285,-0.171277625,0.224999691,-1.51211678,-4.31409623,0.000207874053,1500,1500,1500,1500,1500,1500,1500,1500,0,0,0,0,0.2,0,0,0,0,0.2,0,0,0,0,0.2,0,0,0,0,0.2,0,0,0,0,1,0,0,0,0,1,0,0,0,0,1,0,0,0,0,1
298191.026,6.9,0,0,0,0,0,0,0.367101461,-0,150.09763,-147.154539,2.94309079,1,0,0,0,0,0,0,0,0,0,0,0,0,0,0,150.09763,4.79015999,-1.85057561,1.86249591e-05,0,0,0,0,0,0,0,0,0,0,0,0,0,0,0,0,0,0,0,0,0,0,0,0,0,0,0,0,0,0,0,0,147.154539,0.0394669884,0.967696673,-0.00384051527,-0.113534285,-0.171277625,0.224999691,-1.51211678,-4.31409623,0.000207874053,1500,1500,1500,1500,1500,1500,1500,1500,0,0,0,0,0.2,0,0,0,0,0.2,0,0,0,0,0.2,0,0,0,0,0.2,0,0,0,0,1,0,0,0,0,1,0,0,0,0,1,0,0,0,0,1
298191.077,6.95,0,0,0,0,0,0,0.367101461,-0,150.09763,-147.154539,2.94309079,1,0,0,0,0,0,0,0,0,0,0,0,0,0,0,150.09763,4.79015999,-1.85057561,1.86249591e-05,0,0,0,0,0,0,0,0,0,0,0,0,0,0,0,0,0,0,0,0,0,0,0,0,0,0,0,0,0,0,0,0,147.154539,0.0394669884,0.967696673,-0.00384051527,-0.113534285,-0.171277625,0.224999691,-1.51211678,-4.31409623,0.000207874053,1500,1500,1500,1500,1500,1500,1500,1500,0,0,0,0,0.2,0,0,0,0,0.2,0,0,0,0,0.2,0,0,0,0,0.2,0,0,0,0,1,0,0,0,0,1,0,0,0,0,1,0,0,0,0,1
298191.13,7,0,0,0,0,0,0,0.367101461,-0,150.09763,-147.154539,2.94309079,1,0,0,0,0,0,0,0,0,0,0,0,0,0,0,150.09763,4.79015999,-1.85057561,1.86249591e-05,0,0,0,0,0,0,0,0,0,0,0,0,0,0,0,0,0,0,0,0,0,0,0,0,0,0,0,0,0,0,0,0,147.154539,0.0394669884,0.967696673,-0.00384051527,-0.113534285,-0.171277625,0.224999691,-1.51211678,-4.31409623,0.000207874053,1500,1500,1500,1500,1500,1500,1500,1500,0,0,0,0,0.2,0,0,0,0,0.2,0,0,0,0,0.2,0,0,0,0,0.2,0,0,0,0,1,0,0,0,0,1,0,0,0,0,1,0,0,0,0,1
298191.182,7.05,0,0,0,0,0,0,0.367101461,-0,150.09763,-147.154539,2.94309079,1,0,0,0,0,0,0,0,0,0,0,0,0,0,0,150.09763,4.79015999,-1.85057561,1.86249591e-05,0,0,0,0,0,0,0,0,0,0,0,0,0,0,0,0,0,0,0,0,0,0,0,0,0,0,0,0,0,0,0,0,147.154539,0.0394669884,0.967696673,-0.00384051527,-0.113534285,-0.171277625,0.224999691,-1.51211678,-4.31409623,0.000207874053,1500,1500,1500,1500,1500,1500,1500,1500,0,0,0,0,0.2,0,0,0,0,0.2,0,0,0,0,0.2,0,0,0,0,0.2,0,0,0,0,1,0,0,0,0,1,0,0,0,0,1,0,0,0,0,1
298191.236,7.1,0,0,0,0,0,0,0.367101461,-0,150.09763,-147.154539,2.94309079,1,0,0,0,0,0,0,0,0,0,0,0,0,0,0,150.09763,4.79015999,-1.85057561,1.86249591e-05,0,0,0,0,0,0,0,0,0,0,0,0,0,0,0,0,0,0,0,0,0,0,0,0,0,0,0,0,0,0,0,0,147.154539,0.0394669884,0.967696673,-0.00384051527,-0.113534285,-0.171277625,0.224999691,-1.51211678,-4.31409623,0.000207874053,1500,1500,1500,1500,1500,1500,1500,1500,0,0,0,0,0.2,0,0,0,0,0.2,0,0,0,0,0.2,0,0,0,0,0.2,0,0,0,0,1,0,0,0,0,1,0,0,0,0,1,0,0,0,0,1
298191.289,7.15,0,0,0,0,0,0,0.367101461,-0,150.09763,-147.154539,2.94309079,1,0,0,0,0,0,0,0,0,0,0,0,0,0,0,150.09763,4.79015999,-1.85057561,1.86249591e-05,0,0,0,0,0,0,0,0,0,0,0,0,0,0,0,0,0,0,0,0,0,0,0,0,0,0,0,0,0,0,0,0,147.154539,0.0394669884,0.967696673,-0.00384051527,-0.113534285,-0.171277625,0.224999691,-1.51211678,-4.31409623,0.000207874053,1500,1500,1500,1500,1500,1500,1500,1500,0,0,0,0,0.2,0,0,0,0,0.2,0,0,0,0,0.2,0,0,0,0,0.2,0,0,0,0,1,0,0,0,0,1,0,0,0,0,1,0,0,0,0,1
298191.343,7.2,0,0,0,0,0,0,0.367101461,-0,150.09763,-147.154539,2.94309079,1,0,0,0,0,0,0,0,0,0,0,0,0,0,0,150.09763,4.79015999,-1.85057561,1.86249591e-05,0,0,0,0,0,0,0,0,0,0,0,0,0,0,0,0,0,0,0,0,0,0,0,0,0,0,0,0,0,0,0,0,147.154539,0.0394669884,0.967696673,-0.00384051527,-0.113534285,-0.171277625,0.224999691,-1.51211678,-4.31409623,0.000207874053,1500,1500,1500,1500,1500,1500,1500,1500,0,0,0,0,0.2,0,0,0,0,0.2,0,0,0,0,0.2,0,0,0,0,0.2,0,0,0,0,1,0,0,0,0,1,0,0,0,0,1,0,0,0,0,1
298191.397,7.25,0,0,0,0,0,0,0.367101461,-0,150.09763,-147.154539,2.94309079,1,0,0,0,0,0,0,0,0,0,0,0,0,0,0,150.09763,4.79015999,-1.85057561,1.86249591e-05,0,0,0,0,0,0,0,0,0,0,0,0,0,0,0,0,0,0,0,0,0,0,0,0,0,0,0,0,0,0,0,0,147.154539,0.0394669884,0.967696673,-0.00384051527,-0.113534285,-0.171277625,0.224999691,-1.51211678,-4.31409623,0.000207874053,1500,1500,1500,1500,1500,1500,1500,1500,0,0,0,0,0.2,0,0,0,0,0.2,0,0,0,0,0.2,0,0,0,0,0.2,0,0,0,0,1,0,0,0,0,1,0,0,0,0,1,0,0,0,0,1
298191.448,7.3,0,0,0,0,0,0,0.367101461,-0,150.09763,-147.154539,2.94309079,1,0,0,0,0,0,0,0,0,0,0,0,0,0,0,150.09763,4.79015999,-1.85057561,1.86249591e-05,0,0,0,0,0,0,0,0,0,0,0,0,0,0,0,0,0,0,0,0,0,0,0,0,0,0,0,0,0,0,0,0,147.154539,0.0394669884,0.967696673,-0.00384051527,-0.113534285,-0.171277625,0.224999691,-1.51211678,-4.31409623,0.000207874053,1500,1500,1500,1500,1500,1500,1500,1500,0,0,0,0,0.2,0,0,0,0,0.2,0,0,0,0,0.2,0,0,0,0,0.2,0,0,0,0,1,0,0,0,0,1,0,0,0,0,1,0,0,0,0,1
298191.503,7.35,0,0,0,0,0,0,0.367101461,-0,150.09763,-147.154539,2.94309079,1,0,0,0,0,0,0,0,0,0,0,0,0,0,0,150.09763,4.79015999,-1.85057561,1.86249591e-05,0,0,0,0,0,0,0,0,0,0,0,0,0,0,0,0,0,0,0,0,0,0,0,0,0,0,0,0,0,0,0,0,147.154539,0.0394669884,0.967696673,-0.00384051527,-0.113534285,-0.171277625,0.224999691,-1.51211678,-4.31409623,0.000207874053,1500,1500,1500,1500,1500,1500,1500,1500,0,0,0,0,0.2,0,0,0,0,0.2,0,0,0,0,0.2,0,0,0,0,0.2,0,0,0,0,1,0,0,0,0,1,0,0,0,0,1,0,0,0,0,1
298191.554,7.4,0,0,0,0,0,0,0.367101461,-0,150.09763,-147.154539,2.94309079,1,0,0,0,0,0,0,0,0,0,0,0,0,0,0,150.09763,4.79015999,-1.85057561,1.86249591e-05,0,0,0,0,0,0,0,0,0,0,0,0,0,0,0,0,0,0,0,0,0,0,0,0,0,0,0,0,0,0,0,0,147.154539,0.0394669884,0.967696673,-0.00384051527,-0.113534285,-0.171277625,0.224999691,-1.51211678,-4.31409623,0.000207874053,1500,1500,1500,1500,1500,1500,1500,1500,0,0,0,0,0.2,0,0,0,0,0.2,0,0,0,0,0.2,0,0,0,0,0.2,0,0,0,0,1,0,0,0,0,1,0,0,0,0,1,0,0,0,0,1
298191.606,7.45,0,0,0,0,0,0,0.367101461,-0,150.09763,-147.154539,2.94309079,1,0,0,0,0,0,0,0,0,0,0,0,0,0,0,150.09763,4.79015999,-1.85057561,1.86249591e-05,0,0,0,0,0,0,0,0,0,0,0,0,0,0,0,0,0,0,0,0,0,0,0,0,0,0,0,0,0,0,0,0,147.154539,0.0394669884,0.967696673,-0.00384051527,-0.113534285,-0.171277625,0.224999691,-1.51211678,-4.31409623,0.000207874053,1500,1500,1500,1500,1500,1500,1500,1500,0,0,0,0,0.2,0,0,0,0,0.2,0,0,0,0,0.2,0,0,0,0,0.2,0,0,0,0,1,0,0,0,0,1,0,0,0,0,1,0,0,0,0,1
298191.658,7.5,0,0,0,0,0,0,0.367101461,-0,150.09763,-147.154539,2.94309079,1,0,0,0,0,0,0,0,0,0,0,0,0,0,0,150.09763,4.79015999,-1.85057561,1.86249591e-05,0,0,0,0,0,0,0,0,0,0,0,0,0,0,0,0,0,0,0,0,0,0,0,0,0,0,0,0,0,0,0,0,147.154539,0.0394669884,0.967696673,-0.00384051527,-0.113534285,-0.171277625,0.224999691,-1.51211678,-4.31409623,0.000207874053,1500,1500,1500,1500,1500,1500,1500,1500,0,0,0,0,0.2,0,0,0,0,0.2,0,0,0,0,0.2,0,0,0,0,0.2,0,0,0,0,1,0,0,0,0,1,0,0,0,0,1,0,0,0,0,1
298191.713,7.55,0,0,0,0,0,0,0.367101461,-0,150.09763,-147.154539,2.94309079,1,0,0,0,0,0,0,0,0,0,0,0,0,0,0,150.09763,4.79015999,-1.85057561,1.86249591e-05,0,0,0,0,0,0,0,0,0,0,0,0,0,0,0,0,0,0,0,0,0,0,0,0,0,0,0,0,0,0,0,0,147.154539,0.0394669884,0.967696673,-0.00384051527,-0.113534285,-0.171277625,0.224999691,-1.51211678,-4.31409623,0.000207874053,1500,1500,1500,1500,1500,1500,1500,1500,0,0,0,0,0.2,0,0,0,0,0.2,0,0,0,0,0.2,0,0,0,0,0.2,0,0,0,0,1,0,0,0,0,1,0,0,0,0,1,0,0,0,0,1
298191.766,7.6,0,0,0,0,0,0,0.367101461,-0,150.09763,-147.154539,2.94309079,1,0,0,0,0,0,0,0,0,0,0,0,0,0,0,150.09763,4.79015999,-1.85057561,1.86249591e-05,0,0,0,0,0,0,0,0,0,0,0,0,0,0,0,0,0,0,0,0,0,0,0,0,0,0,0,0,0,0,0,0,147.154539,0.0394669884,0.967696673,-0.00384051527,-0.113534285,-0.171277625,0.224999691,-1.51211678,-4.31409623,0.000207874053,1500,1500,1500,1500,1500,1500,1500,1500,0,0,0,0,0.2,0,0,0,0,0.2,0,0,0,0,0.2,0,0,0,0,0.2,0,0,0,0,1,0,0,0,0,1,0,0,0,0,1,0,0,0,0,1
298191.819,7.65,0,0,0,0,0,0,0.367101461,-0,150.09763,-147.154539,2.94309079,1,0,0,0,0,0,0,0,0,0,0,0,0,0,0,150.09763,4.79015999,-1.85057561,1.86249591e-05,0,0,0,0,0,0,0,0,0,0,0,0,0,0,0,0,0,0,0,0,0,0,0,0,0,0,0,0,0,0,0,0,147.154539,0.0394669884,0.967696673,-0.00384051527,-0.113534285,-0.171277625,0.224999691,-1.51211678,-4.31409623,0.000207874053,1500,1500,1500,1500,1500,1500,1500,1500,0,0,0,0,0.2,0,0,0,0,0.2,0,0,0,0,0.2,0,0,0,0,0.2,0,0,0,0,1,0,0,0,0,1,0,0,0,0,1,0,0,0,0,1
298191.873,7.7,0,0,0,0,0,0,0.367101461,-0,150.09763,-147.154539,2.94309079,1,0,0,0,0,0,0,0,0,0,0,0,0,0,0,150.09763,4.79015999,-1.85057561,1.86249591e-05,0,0,0,0,0,0,0,0,0,0,0,0,0,0,0,0,0,0,0,0,0,0,0,0,0,0,0,0,0,0,0,0,147.154539,0.0394669884,0.967696673,-0.00384051527,-0.113534285,-0.171277625,0.224999691,-1.51211678,-4.31409623,0.000207874053,1500,1500,1500,1500,1500,1500,1500,1500,0,0,0,0,0.2,0,0,0,0,0.2,0,0,0,0,0.2,0,0,0,0,0.2,0,0,0,0,1,0,0,0,0,1,0,0,0,0,1,0,0,0,0,1
298191.927,7.75,0,0,0,0,0,0,0.367101461,-0,150.09763,-147.154539,2.94309079,1,0,0,0,0,0,0,0,0,0,0,0,0,0,0,150.09763,4.79015999,-1.85057561,1.86249591e-05,0,0,0,0,0,0,0,0,0,0,0,0,0,0,0,0,0,0,0,0,0,0,0,0,0,0,0,0,0,0,0,0,147.154539,0.0394669884,0.967696673,-0.00384051527,-0.113534285,-0.171277625,0.224999691,-1.51211678,-4.31409623,0.000207874053,1500,1500,1500,1500,1500,1500,1500,1500,0,0,0,0,0.2,0,0,0,0,0.2,0,0,0,0,0.2,0,0,0,0,0.2,0,0,0,0,1,0,0,0,0,1,0,0,0,0,1,0,0,0,0,1
298191.979,7.8,0,0,0,0,0,0,0.367101461,-0,150.09763,-147.154539,2.94309079,1,0,0,0,0,0,0,0,0,0,0,0,0,0,0,150.09763,4.79015999,-1.85057561,1.86249591e-05,0,0,0,0,0,0,0,0,0,0,0,0,0,0,0,0,0,0,0,0,0,0,0,0,0,0,0,0,0,0,0,0,147.154539,0.0394669884,0.967696673,-0.00384051527,-0.113534285,-0.171277625,0.224999691,-1.51211678,-4.31409623,0.000207874053,1500,1500,1500,1500,1500,1500,1500,1500,0,0,0,0,0.2,0,0,0,0,0.2,0,0,0,0,0.2,0,0,0,0,0.2,0,0,0,0,1,0,0,0,0,1,0,0,0,0,1,0,0,0,0,1
298192.032,7.85,0,0,0,0,0,0,0.367101461,-0,150.09763,-147.154539,2.94309079,1,0,0,0,0,0,0,0,0,0,0,0,0,0,0,150.09763,4.79015999,-1.85057561,1.86249591e-05,0,0,0,0,0,0,0,0,0,0,0,0,0,0,0,0,0,0,0,0,0,0,0,0,0,0,0,0,0,0,0,0,147.154539,0.0394669884,0.967696673,-0.00384051527,-0.113534285,-0.171277625,0.224999691,-1.51211678,-4.31409623,0.000207874053,1500,1500,1500,1500,1500,1500,1500,1500,0,0,0,0,0.2,0,0,0,0,0.2,0,0,0,0,0.2,0,0,0,0,0.2,0,0,0,0,1,0,0,0,0,1,0,0,0,0,1,0,0,0,0,1
298192.083,7.9,0,0,0,0,0,0,0.367101461,-0,150.09763,-147.154539,2.94309079,1,0,0,0,0,0,0,0,0,0,0,0,0,0,0,150.09763,4.79015999,-1.85057561,1.86249591e-05,0,0,0,0,0,0,0,0,0,0,0,0,0,0,0,0,0,0,0,0,0,0,0,0,0,0,0,0,0,0,0,0,147.154539,0.0394669884,0.967696673,-0.00384051527,-0.113534285,-0.171277625,0.224999691,-1.51211678,-4.31409623,0.000207874053,1500,1500,1500,1500,1500,1500,1500,1500,0,0,0,0,0.2,0,0,0,0,0.2,0,0,0,0,0.2,0,0,0,0,0.2,0,0,0,0,1,0,0,0,0,1,0,0,0,0,1,0,0,0,0,1
298192.137,7.95,0,0,0,0,0,0,0.367101461,-0,150.09763,-147.154539,2.94309079,1,0,0,0,0,0,0,0,0,0,0,0,0,0,0,150.09763,4.79015999,-1.85057561,1.86249591e-05,0,0,0,0,0,0,0,0,0,0,0,0,0,0,0,0,0,0,0,0,0,0,0,0,0,0,0,0,0,0,0,0,147.154539,0.0394669884,0.967696673,-0.00384051527,-0.113534285,-0.171277625,0.224999691,-1.51211678,-4.31409623,0.000207874053,1500,1500,1500,1500,1500,1500,1500,1500,0,0,0,0,0.2,0,0,0,0,0.2,0,0,0,0,0.2,0,0,0,0,0.2,0,0,0,0,1,0,0,0,0,1,0,0,0,0,1,0,0,0,0,1
298192.188,8,0,0,0,0,0,0,0.367101461,-0,150.09763,-147.154539,2.94309079,1,0,0,0,0,0,0,0,0,0,0,0,0,0,0,150.09763,4.79015999,-1.85057561,1.86249591e-05,0,0,0,0,0,0,0,0,0,0,0,0,0,0,0,0,0,0,0,0,0,0,0,0,0,0,0,0,0,0,0,0,147.154539,0.0394669884,0.967696673,-0.00384051527,-0.113534285,-0.171277625,0.224999691,-1.51211678,-4.31409623,0.000207874053,1500,1500,1500,1500,1500,1500,1500,1500,0,0,0,0,0.2,0,0,0,0,0.2,0,0,0,0,0.2,0,0,0,0,0.2,0,0,0,0,1,0,0,0,0,1,0,0,0,0,1,0,0,0,0,1
298192.241,8.05,0,0,0,0,0,0,0.367101461,-0,150.09763,-147.154539,2.94309079,1,0,0,0,0,0,0,0,0,0,0,0,0,0,0,150.09763,4.79015999,-1.85057561,1.86249591e-05,0,0,0,0,0,0,0,0,0,0,0,0,0,0,0,0,0,0,0,0,0,0,0,0,0,0,0,0,0,0,0,0,147.154539,0.0394669884,0.967696673,-0.00384051527,-0.113534285,-0.171277625,0.224999691,-1.51211678,-4.31409623,0.000207874053,1500,1500,1500,1500,1500,1500,1500,1500,0,0,0,0,0.2,0,0,0,0,0.2,0,0,0,0,0.2,0,0,0,0,0.2,0,0,0,0,1,0,0,0,0,1,0,0,0,0,1,0,0,0,0,1
298192.293,8.1,0,0,0,0,0,0,0.367101461,-0,150.09763,-147.154539,2.94309079,1,0,0,0,0,0,0,0,0,0,0,0,0,0,0,150.09763,4.79015999,-1.85057561,1.86249591e-05,0,0,0,0,0,0,0,0,0,0,0,0,0,0,0,0,0,0,0,0,0,0,0,0,0,0,0,0,0,0,0,0,147.154539,0.0394669884,0.967696673,-0.00384051527,-0.113534285,-0.171277625,0.224999691,-1.51211678,-4.31409623,0.000207874053,1500,1500,1500,1500,1500,1500,1500,1500,0,0,0,0,0.2,0,0,0,0,0.2,0,0,0,0,0.2,0,0,0,0,0.2,0,0,0,0,1,0,0,0,0,1,0,0,0,0,1,0,0,0,0,1
298192.345,8.15,0,0,0,0,0,0,0.367101461,-0,150.09763,-147.154539,2.94309079,1,0,0,0,0,0,0,0,0,0,0,0,0,0,0,150.09763,4.79015999,-1.85057561,1.86249591e-05,0,0,0,0,0,0,0,0,0,0,0,0,0,0,0,0,0,0,0,0,0,0,0,0,0,0,0,0,0,0,0,0,147.154539,0.0394669884,0.967696673,-0.00384051527,-0.113534285,-0.171277625,0.224999691,-1.51211678,-4.31409623,0.000207874053,1500,1500,1500,1500,1500,1500,1500,1500,0,0,0,0,0.2,0,0,0,0,0.2,0,0,0,0,0.2,0,0,0,0,0.2,0,0,0,0,1,0,0,0,0,1,0,0,0,0,1,0,0,0,0,1
298192.4,8.2,0,0,0,0,0,0,0.367101461,-0,150.09763,-147.154539,2.94309079,1,0,0,0,0,0,0,0,0,0,0,0,0,0,0,150.09763,4.79015999,-1.85057561,1.86249591e-05,0,0,0,0,0,0,0,0,0,0,0,0,0,0,0,0,0,0,0,0,0,0,0,0,0,0,0,0,0,0,0,0,147.154539,0.0394669884,0.967696673,-0.00384051527,-0.113534285,-0.171277625,0.224999691,-1.51211678,-4.31409623,0.000207874053,1500,1500,1500,1500,1500,1500,1500,1500,0,0,0,0,0.2,0,0,0,0,0.2,0,0,0,0,0.2,0,0,0,0,0.2,0,0,0,0,1,0,0,0,0,1,0,0,0,0,1,0,0,0,0,1
298192.452,8.25,0,0,0,0,0,0,0.367101461,-0,150.09763,-147.154539,2.94309079,1,0,0,0,0,0,0,0,0,0,0,0,0,0,0,150.09763,4.79015999,-1.85057561,1.86249591e-05,0,0,0,0,0,0,0,0,0,0,0,0,0,0,0,0,0,0,0,0,0,0,0,0,0,0,0,0,0,0,0,0,147.154539,0.0394669884,0.967696673,-0.00384051527,-0.113534285,-0.171277625,0.224999691,-1.51211678,-4.31409623,0.000207874053,1500,1500,1500,1500,1500,1500,1500,1500,0,0,0,0,0.2,0,0,0,0,0.2,0,0,0,0,0.2,0,0,0,0,0.2,0,0,0,0,1,0,0,0,0,1,0,0,0,0,1,0,0,0,0,1
298192.504,8.3,0,0,0,0,0,0,0.367101461,-0,150.09763,-147.154539,2.94309079,1,0,0,0,0,0,0,0,0,0,0,0,0,0,0,150.09763,4.79015999,-1.85057561,1.86249591e-05,0,0,0,0,0,0,0,0,0,0,0,0,0,0,0,0,0,0,0,0,0,0,0,0,0,0,0,0,0,0,0,0,147.154539,0.0394669884,0.967696673,-0.00384051527,-0.113534285,-0.171277625,0.224999691,-1.51211678,-4.31409623,0.000207874053,1500,1500,1500,1500,1500,1500,1500,1500,0,0,0,0,0.2,0,0,0,0,0.2,0,0,0,0,0.2,0,0,0,0,0.2,0,0,0,0,1,0,0,0,0,1,0,0,0,0,1,0,0,0,0,1
298192.556,8.35,0,0,0,0,0,0,0.367101461,-0,150.09763,-147.154539,2.94309079,1,0,0,0,0,0,0,0,0,0,0,0,0,0,0,150.09763,4.79015999,-1.85057561,1.86249591e-05,0,0,0,0,0,0,0,0,0,0,0,0,0,0,0,0,0,0,0,0,0,0,0,0,0,0,0,0,0,0,0,0,147.154539,0.0394669884,0.967696673,-0.00384051527,-0.113534285,-0.171277625,0.224999691,-1.51211678,-4.31409623,0.000207874053,1500,1500,1500,1500,1500,1500,1500,1500,0,0,0,0,0.2,0,0,0,0,0.2,0,0,0,0,0.2,0,0,0,0,0.2,0,0,0,0,1,0,0,0,0,1,0,0,0,0,1,0,0,0,0,1
298192.607,8.4,0,0,0,0,0,0,0.367101461,-0,150.09763,-147.154539,2.94309079,1,0,0,0,0,0,0,0,0,0,0,0,0,0,0,150.09763,4.79015999,-1.85057561,1.86249591e-05,0,0,0,0,0,0,0,0,0,0,0,0,0,0,0,0,0,0,0,0,0,0,0,0,0,0,0,0,0,0,0,0,147.154539,0.0394669884,0.967696673,-0.00384051527,-0.113534285,-0.171277625,0.224999691,-1.51211678,-4.31409623,0.000207874053,1500,1500,1500,1500,1500,1500,1500,1500,0,0,0,0,0.2,0,0,0,0,0.2,0,0,0,0,0.2,0,0,0,0,0.2,0,0,0,0,1,0,0,0,0,1,0,0,0,0,1,0,0,0,0,1
298192.66,8.45,0,0,0,0,0,0,0.367101461,-0,150.09763,-147.154539,2.94309079,1,0,0,0,0,0,0,0,0,0,0,0,0,0,0,150.09763,4.79015999,-1.85057561,1.86249591e-05,0,0,0,0,0,0,0,0,0,0,0,0,0,0,0,0,0,0,0,0,0,0,0,0,0,0,0,0,0,0,0,0,147.154539,0.0394669884,0.967696673,-0.00384051527,-0.113534285,-0.171277625,0.224999691,-1.51211678,-4.31409623,0.000207874053,1500,1500,1500,1500,1500,1500,1500,1500,0,0,0,0,0.2,0,0,0,0,0.2,0,0,0,0,0.2,0,0,0,0,0.2,0,0,0,0,1,0,0,0,0,1,0,0,0,0,1,0,0,0,0,1
298192.712,8.5,0,0,0,0,0,0,0.367101461,-0,150.09763,-147.154539,2.94309079,1,0,0,0,0,0,0,0,0,0,0,0,0,0,0,150.09763,4.79015999,-1.85057561,1.86249591e-05,0,0,0,0,0,0,0,0,0,0,0,0,0,0,0,0,0,0,0,0,0,0,0,0,0,0,0,0,0,0,0,0,147.154539,0.0394669884,0.967696673,-0.00384051527,-0.113534285,-0.171277625,0.224999691,-1.51211678,-4.31409623,0.000207874053,1500,1500,1500,1500,1500,1500,1500,1500,0,0,0,0,0.2,0,0,0,0,0.2,0,0,0,0,0.2,0,0,0,0,0.2,0,0,0,0,1,0,0,0,0,1,0,0,0,0,1,0,0,0,0,1
298192.765,8.55,0,0,0,0,0,0,0.367101461,-0,150.09763,-147.154539,2.94309079,1,0,0,0,0,0,0,0,0,0,0,0,0,0,0,150.09763,4.79015999,-1.85057561,1.86249591e-05,0,0,0,0,0,0,0,0,0,0,0,0,0,0,0,0,0,0,0,0,0,0,0,0,0,0,0,0,0,0,0,0,147.154539,0.0394669884,0.967696673,-0.00384051527,-0.113534285,-0.171277625,0.224999691,-1.51211678,-4.31409623,0.000207874053,1500,1500,1500,1500,1500,1500,1500,1500,0,0,0,0,0.2,0,0,0,0,0.2,0,0,0,0,0.2,0,0,0,0,0.2,0,0,0,0,1,0,0,0,0,1,0,0,0,0,1,0,0,0,0,1
298192.817,8.6,0,0,0,0,0,0,0.367101461,-0,150.09763,-147.154539,2.94309079,1,0,0,0,0,0,0,0,0,0,0,0,0,0,0,150.09763,4.79015999,-1.85057561,1.86249591e-05,0,0,0,0,0,0,0,0,0,0,0,0,0,0,0,0,0,0,0,0,0,0,0,0,0,0,0,0,0,0,0,0,147.154539,0.0394669884,0.967696673,-0.00384051527,-0.113534285,-0.171277625,0.224999691,-1.51211678,-4.31409623,0.000207874053,1500,1500,1500,1500,1500,1500,1500,1500,0,0,0,0,0.2,0,0,0,0,0.2,0,0,0,0,0.2,0,0,0,0,0.2,0,0,0,0,1,0,0,0,0,1,0,0,0,0,1,0,0,0,0,1
298192.87,8.65,0,0,0,0,0,0,0.367101461,-0,150.09763,-147.154539,2.94309079,1,0,0,0,0,0,0,0,0,0,0,0,0,0,0,150.09763,4.79015999,-1.85057561,1.86249591e-05,0,0,0,0,0,0,0,0,0,0,0,0,0,0,0,0,0,0,0,0,0,0,0,0,0,0,0,0,0,0,0,0,147.154539,0.0394669884,0.967696673,-0.00384051527,-0.113534285,-0.171277625,0.224999691,-1.51211678,-4.31409623,0.000207874053,1500,1500,1500,1500,1500,1500,1500,1500,0,0,0,0,0.2,0,0,0,0,0.2,0,0,0,0,0.2,0,0,0,0,0.2,0,0,0,0,1,0,0,0,0,1,0,0,0,0,1,0,0,0,0,1
298192.921,8.7,0,0,0,0,0,0,0.367101461,-0,150.09763,-147.154539,2.94309079,1,0,0,0,0,0,0,0,0,0,0,0,0,0,0,150.09763,4.79015999,-1.85057561,1.86249591e-05,0,0,0,0,0,0,0,0,0,0,0,0,0,0,0,0,0,0,0,0,0,0,0,0,0,0,0,0,0,0,0,0,147.154539,0.0394669884,0.967696673,-0.00384051527,-0.113534285,-0.171277625,0.224999691,-1.51211678,-4.31409623,0.000207874053,1500,1500,1500,1500,1500,1500,1500,1500,0,0,0,0,0.2,0,0,0,0,0.2,0,0,0,0,0.2,0,0,0,0,0.2,0,0,0,0,1,0,0,0,0,1,0,0,0,0,1,0,0,0,0,1
298192.974,8.75,0,0,0,0,0,0,0.367101461,-0,150.09763,-147.154539,2.94309079,1,0,0,0,0,0,0,0,0,0,0,0,0,0,0,150.09763,4.79015999,-1.85057561,1.86249591e-05,0,0,0,0,0,0,0,0,0,0,0,0,0,0,0,0,0,0,0,0,0,0,0,0,0,0,0,0,0,0,0,0,147.154539,0.0394669884,0.967696673,-0.00384051527,-0.113534285,-0.171277625,0.224999691,-1.51211678,-4.31409623,0.000207874053,1500,1500,1500,1500,1500,1500,1500,1500,0,0,0,0,0.2,0,0,0,0,0.2,0,0,0,0,0.2,0,0,0,0,0.2,0,0,0,0,1,0,0,0,0,1,0,0,0,0,1,0,0,0,0,1
298193.027,8.8,0,0,0,0,0,0,0.367101461,-0,150.09763,-147.154539,2.94309079,1,0,0,0,0,0,0,0,0,0,0,0,0,0,0,150.09763,4.79015999,-1.85057561,1.86249591e-05,0,0,0,0,0,0,0,0,0,0,0,0,0,0,0,0,0,0,0,0,0,0,0,0,0,0,0,0,0,0,0,0,147.154539,0.0394669884,0.967696673,-0.00384051527,-0.113534285,-0.171277625,0.224999691,-1.51211678,-4.31409623,0.000207874053,1500,1500,1500,1500,1500,1500,1500,1500,0,0,0,0,0.2,0,0,0,0,0.2,0,0,0,0,0.2,0,0,0,0,0.2,0,0,0,0,1,0,0,0,0,1,0,0,0,0,1,0,0,0,0,1
298193.082,8.85,0,0,0,0,0,0,0.367101461,-0,150.09763,-147.154539,2.94309079,1,0,0,0,0,0,0,0,0,0,0,0,0,0,0,150.09763,4.79015999,-1.85057561,1.86249591e-05,0,0,0,0,0,0,0,0,0,0,0,0,0,0,0,0,0,0,0,0,0,0,0,0,0,0,0,0,0,0,0,0,147.154539,0.0394669884,0.967696673,-0.00384051527,-0.113534285,-0.171277625,0.224999691,-1.51211678,-4.31409623,0.000207874053,1500,1500,1500,1500,1500,1500,1500,1500,0,0,0,0,0.2,0,0,0,0,0.2,0,0,0,0,0.2,0,0,0,0,0.2,0,0,0,0,1,0,0,0,0,1,0,0,0,0,1,0,0,0,0,1
298193.134,8.9,0,0,0,0,0,0,0.367101461,-0,150.09763,-147.154539,2.94309079,1,0,0,0,0,0,0,0,0,0,0,0,0,0,0,150.09763,4.79015999,-1.85057561,1.86249591e-05,0,0,0,0,0,0,0,0,0,0,0,0,0,0,0,0,0,0,0,0,0,0,0,0,0,0,0,0,0,0,0,0,147.154539,0.0394669884,0.967696673,-0.00384051527,-0.113534285,-0.171277625,0.224999691,-1.51211678,-4.31409623,0.000207874053,1500,1500,1500,1500,1500,1500,1500,1500,0,0,0,0,0.2,0,0,0,0,0.2,0,0,0,0,0.2,0,0,0,0,0.2,0,0,0,0,1,0,0,0,0,1,0,0,0,0,1,0,0,0,0,1
298193.188,8.95,0,0,0,0,0,0,0.367101461,-0,150.09763,-147.154539,2.94309079,1,0,0,0,0,0,0,0,0,0,0,0,0,0,0,150.09763,4.79015999,-1.85057561,1.86249591e-05,0,0,0,0,0,0,0,0,0,0,0,0,0,0,0,0,0,0,0,0,0,0,0,0,0,0,0,0,0,0,0,0,147.154539,0.0394669884,0.967696673,-0.00384051527,-0.113534285,-0.171277625,0.224999691,-1.51211678,-4.31409623,0.000207874053,1500,1500,1500,1500,1500,1500,1500,1500,0,0,0,0,0.2,0,0,0,0,0.2,0,0,0,0,0.2,0,0,0,0,0.2,0,0,0,0,1,0,0,0,0,1,0,0,0,0,1,0,0,0,0,1
298193.241,9,0,0,0,0,0,0,0.367101461,-0,150.09763,-147.154539,2.94309079,1,0,0,0,0,0,0,0,0,0,0,0,0,0,0,150.09763,4.79015999,-1.85057561,1.86249591e-05,0,0,0,0,0,0,0,0,0,0,0,0,0,0,0,0,0,0,0,0,0,0,0,0,0,0,0,0,0,0,0,0,147.154539,0.0394669884,0.967696673,-0.00384051527,-0.113534285,-0.171277625,0.224999691,-1.51211678,-4.31409623,0.000207874053,1500,1500,1500,1500,1500,1500,1500,1500,0,0,0,0,0.2,0,0,0,0,0.2,0,0,0,0,0.2,0,0,0,0,0.2,0,0,0,0,1,0,0,0,0,1,0,0,0,0,1,0,0,0,0,1
298193.295,9.05,0,0,0,0,0,0,0.367101461,-0,150.09763,-147.154539,2.94309079,1,0,0,0,0,0,0,0,0,0,0,0,0,0,0,150.09763,4.79015999,-1.85057561,1.86249591e-05,0,0,0,0,0,0,0,0,0,0,0,0,0,0,0,0,0,0,0,0,0,0,0,0,0,0,0,0,0,0,0,0,147.154539,0.0394669884,0.967696673,-0.00384051527,-0.113534285,-0.171277625,0.224999691,-1.51211678,-4.31409623,0.000207874053,1500,1500,1500,1500,1500,1500,1500,1500,0,0,0,0,0.2,0,0,0,0,0.2,0,0,0,0,0.2,0,0,0,0,0.2,0,0,0,0,1,0,0,0,0,1,0,0,0,0,1,0,0,0,0,1
298193.346,9.1,0,0,0,0,0,0,0.367101461,-0,150.09763,-147.154539,2.94309079,1,0,0,0,0,0,0,0,0,0,0,0,0,0,0,150.09763,4.79015999,-1.85057561,1.86249591e-05,0,0,0,0,0,0,0,0,0,0,0,0,0,0,0,0,0,0,0,0,0,0,0,0,0,0,0,0,0,0,0,0,147.154539,0.0394669884,0.967696673,-0.00384051527,-0.113534285,-0.171277625,0.224999691,-1.51211678,-4.31409623,0.000207874053,1500,1500,1500,1500,1500,1500,1500,1500,0,0,0,0,0.2,0,0,0,0,0.2,0,0,0,0,0.2,0,0,0,0,0.2,0,0,0,0,1,0,0,0,0,1,0,0,0,0,1,0,0,0,0,1
298193.398,9.15,0,0,0,0,0,0,0.367101461,-0,150.09763,-147.154539,2.94309079,1,0,0,0,0,0,0,0,0,0,0,0,0,0,0,150.09763,4.79015999,-1.85057561,1.86249591e-05,0,0,0,0,0,0,0,0,0,0,0,0,0,0,0,0,0,0,0,0,0,0,0,0,0,0,0,0,0,0,0,0,147.154539,0.0394669884,0.967696673,-0.00384051527,-0.113534285,-0.171277625,0.224999691,-1.51211678,-4.31409623,0.000207874053,1500,1500,1500,1500,1500,1500,1500,1500,0,0,0,0,0.2,0,0,0,0,0.2,0,0,0,0,0.2,0,0,0,0,0.2,0,0,0,0,1,0,0,0,0,1,0,0,0,0,1,0,0,0,0,1
298193.451,9.2,0,0,0,0,0,0,0.367101461,-0,150.09763,-147.154539,2.94309079,1,0,0,0,0,0,0,0,0,0,0,0,0,0,0,150.09763,4.79015999,-1.85057561,1.86249591e-05,0,0,0,0,0,0,0,0,0,0,0,0,0,0,0,0,0,0,0,0,0,0,0,0,0,0,0,0,0,0,0,0,147.154539,0.0394669884,0.967696673,-0.00384051527,-0.113534285,-0.171277625,0.224999691,-1.51211678,-4.31409623,0.000207874053,1500,1500,1500,1500,1500,1500,1500,1500,0,0,0,0,0.2,0,0,0,0,0.2,0,0,0,0,0.2,0,0,0,0,0.2,0,0,0,0,1,0,0,0,0,1,0,0,0,0,1,0,0,0,0,1
298193.505,9.25,0,0,0,0,0,0,0.367101461,-0,150.09763,-147.154539,2.94309079,1,0,0,0,0,0,0,0,0,0,0,0,0,0,0,150.09763,4.79015999,-1.85057561,1.86249591e-05,0,0,0,0,0,0,0,0,0,0,0,0,0,0,0,0,0,0,0,0,0,0,0,0,0,0,0,0,0,0,0,0,147.154539,0.0394669884,0.967696673,-0.00384051527,-0.113534285,-0.171277625,0.224999691,-1.51211678,-4.31409623,0.000207874053,1500,1500,1500,1500,1500,1500,1500,1500,0,0,0,0,0.2,0,0,0,0,0.2,0,0,0,0,0.2,0,0,0,0,0.2,0,0,0,0,1,0,0,0,0,1,0,0,0,0,1,0,0,0,0,1
298193.557,9.3,0,0,0,0,0,0,0.367101461,-0,150.09763,-147.154539,2.94309079,1,0,0,0,0,0,0,0,0,0,0,0,0,0,0,150.09763,4.79015999,-1.85057561,1.86249591e-05,0,0,0,0,0,0,0,0,0,0,0,0,0,0,0,0,0,0,0,0,0,0,0,0,0,0,0,0,0,0,0,0,147.154539,0.0394669884,0.967696673,-0.00384051527,-0.113534285,-0.171277625,0.224999691,-1.51211678,-4.31409623,0.000207874053,1500,1500,1500,1500,1500,1500,1500,1500,0,0,0,0,0.2,0,0,0,0,0.2,0,0,0,0,0.2,0,0,0,0,0.2,0,0,0,0,1,0,0,0,0,1,0,0,0,0,1,0,0,0,0,1
298193.61,9.35,0,0,0,0,0,0,0.367101461,-0,150.09763,-147.154539,2.94309079,1,0,0,0,0,0,0,0,0,0,0,0,0,0,0,150.09763,4.79015999,-1.85057561,1.86249591e-05,0,0,0,0,0,0,0,0,0,0,0,0,0,0,0,0,0,0,0,0,0,0,0,0,0,0,0,0,0,0,0,0,147.154539,0.0394669884,0.967696673,-0.00384051527,-0.113534285,-0.171277625,0.224999691,-1.51211678,-4.31409623,0.000207874053,1500,1500,1500,1500,1500,1500,1500,1500,0,0,0,0,0.2,0,0,0,0,0.2,0,0,0,0,0.2,0,0,0,0,0.2,0,0,0,0,1,0,0,0,0,1,0,0,0,0,1,0,0,0,0,1
298193.661,9.4,0,0,0,0,0,0,0.367101461,-0,150.09763,-147.154539,2.94309079,1,0,0,0,0,0,0,0,0,0,0,0,0,0,0,150.09763,4.79015999,-1.85057561,1.86249591e-05,0,0,0,0,0,0,0,0,0,0,0,0,0,0,0,0,0,0,0,0,0,0,0,0,0,0,0,0,0,0,0,0,147.154539,0.0394669884,0.967696673,-0.00384051527,-0.113534285,-0.171277625,0.224999691,-1.51211678,-4.31409623,0.000207874053,1500,1500,1500,1500,1500,1500,1500,1500,0,0,0,0,0.2,0,0,0,0,0.2,0,0,0,0,0.2,0,0,0,0,0.2,0,0,0,0,1,0,0,0,0,1,0,0,0,0,1,0,0,0,0,1
298193.715,9.45,0,0,0,0,0,0,0.367101461,-0,150.09763,-147.154539,2.94309079,1,0,0,0,0,0,0,0,0,0,0,0,0,0,0,150.09763,4.79015999,-1.85057561,1.86249591e-05,0,0,0,0,0,0,0,0,0,0,0,0,0,0,0,0,0,0,0,0,0,0,0,0,0,0,0,0,0,0,0,0,147.154539,0.0394669884,0.967696673,-0.00384051527,-0.113534285,-0.171277625,0.224999691,-1.51211678,-4.31409623,0.000207874053,1500,1500,1500,1500,1500,1500,1500,1500,0,0,0,0,0.2,0,0,0,0,0.2,0,0,0,0,0.2,0,0,0,0,0.2,0,0,0,0,1,0,0,0,0,1,0,0,0,0,1,0,0,0,0,1
298193.771,9.5,0,0,0,0,0,0,0.367101461,-0,150.09763,-147.154539,2.94309079,1,0,0,0,0,0,0,0,0,0,0,0,0,0,0,150.09763,4.79015999,-1.85057561,1.86249591e-05,0,0,0,0,0,0,0,0,0,0,0,0,0,0,0,0,0,0,0,0,0,0,0,0,0,0,0,0,0,0,0,0,147.154539,0.0394669884,0.967696673,-0.00384051527,-0.113534285,-0.171277625,0.224999691,-1.51211678,-4.31409623,0.000207874053,1500,1500,1500,1500,1500,1500,1500,1500,0,0,0,0,0.2,0,0,0,0,0.2,0,0,0,0,0.2,0,0,0,0,0.2,0,0,0,0,1,0,0,0,0,1,0,0,0,0,1,0,0,0,0,1
298193.825,9.55,0,0,0,0,0,0,0.367101461,-0,150.09763,-147.154539,2.94309079,1,0,0,0,0,0,0,0,0,0,0,0,0,0,0,150.09763,4.79015999,-1.85057561,1.86249591e-05,0,0,0,0,0,0,0,0,0,0,0,0,0,0,0,0,0,0,0,0,0,0,0,0,0,0,0,0,0,0,0,0,147.154539,0.0394669884,0.967696673,-0.00384051527,-0.113534285,-0.171277625,0.224999691,-1.51211678,-4.31409623,0.000207874053,1500,1500,1500,1500,1500,1500,1500,1500,0,0,0,0,0.2,0,0,0,0,0.2,0,0,0,0,0.2,0,0,0,0,0.2,0,0,0,0,1,0,0,0,0,1,0,0,0,0,1,0,0,0,0,1
298193.877,9.6,0,0,0,0,0,0,0.367101461,-0,150.09763,-147.154539,2.94309079,1,0,0,0,0,0,0,0,0,0,0,0,0,0,0,150.09763,4.79015999,-1.85057561,1.86249591e-05,0,0,0,0,0,0,0,0,0,0,0,0,0,0,0,0,0,0,0,0,0,0,0,0,0,0,0,0,0,0,0,0,147.154539,0.0394669884,0.967696673,-0.00384051527,-0.113534285,-0.171277625,0.224999691,-1.51211678,-4.31409623,0.000207874053,1500,1500,1500,1500,1500,1500,1500,1500,0,0,0,0,0.2,0,0,0,0,0.2,0,0,0,0,0.2,0,0,0,0,0.2,0,0,0,0,1,0,0,0,0,1,0,0,0,0,1,0,0,0,0,1
298193.93,9.65,0,0,0,0,0,0,0.367101461,-0,150.09763,-147.154539,2.94309079,1,0,0,0,0,0,0,0,0,0,0,0,0,0,0,150.09763,4.79015999,-1.85057561,1.86249591e-05,0,0,0,0,0,0,0,0,0,0,0,0,0,0,0,0,0,0,0,0,0,0,0,0,0,0,0,0,0,0,0,0,147.154539,0.0394669884,0.967696673,-0.00384051527,-0.113534285,-0.171277625,0.224999691,-1.51211678,-4.31409623,0.000207874053,1500,1500,1500,1500,1500,1500,1500,1500,0,0,0,0,0.2,0,0,0,0,0.2,0,0,0,0,0.2,0,0,0,0,0.2,0,0,0,0,1,0,0,0,0,1,0,0,0,0,1,0,0,0,0,1
298193.982,9.7,0,0,0,0,0,0,0.367101461,-0,150.09763,-147.154539,2.94309079,1,0,0,0,0,0,0,0,0,0,0,0,0,0,0,150.09763,4.79015999,-1.85057561,1.86249591e-05,0,0,0,0,0,0,0,0,0,0,0,0,0,0,0,0,0,0,0,0,0,0,0,0,0,0,0,0,0,0,0,0,147.154539,0.0394669884,0.967696673,-0.00384051527,-0.113534285,-0.171277625,0.224999691,-1.51211678,-4.31409623,0.000207874053,1500,1500,1500,1500,1500,1500,1500,1500,0,0,0,0,0.2,0,0,0,0,0.2,0,0,0,0,0.2,0,0,0,0,0.2,0,0,0,0,1,0,0,0,0,1,0,0,0,0,1,0,0,0,0,1
298194.036,9.75,0,0,0,0,0,0,0.367101461,-0,150.09763,-147.154539,2.94309079,1,0,0,0,0,0,0,0,0,0,0,0,0,0,0,150.09763,4.79015999,-1.85057561,1.86249591e-05,0,0,0,0,0,0,0,0,0,0,0,0,0,0,0,0,0,0,0,0,0,0,0,0,0,0,0,0,0,0,0,0,147.154539,0.0394669884,0.967696673,-0.00384051527,-0.113534285,-0.171277625,0.224999691,-1.51211678,-4.31409623,0.000207874053,1500,1500,1500,1500,1500,1500,1500,1500,0,0,0,0,0.2,0,0,0,0,0.2,0,0,0,0,0.2,0,0,0,0,0.2,0,0,0,0,1,0,0,0,0,1,0,0,0,0,1,0,0,0,0,1
298194.089,9.8,0,0,0,0,0,0,0.367101461,-0,150.09763,-147.154539,2.94309079,1,0,0,0,0,0,0,0,0,0,0,0,0,0,0,150.09763,4.79015999,-1.85057561,1.86249591e-05,0,0,0,0,0,0,0,0,0,0,0,0,0,0,0,0,0,0,0,0,0,0,0,0,0,0,0,0,0,0,0,0,147.154539,0.0394669884,0.967696673,-0.00384051527,-0.113534285,-0.171277625,0.224999691,-1.51211678,-4.31409623,0.000207874053,1500,1500,1500,1500,1500,1500,1500,1500,0,0,0,0,0.2,0,0,0,0,0.2,0,0,0,0,0.2,0,0,0,0,0.2,0,0,0,0,1,0,0,0,0,1,0,0,0,0,1,0,0,0,0,1
298194.142,9.85,0,0,0,0,0,0,0.367101461,-0,150.09763,-147.154539,2.94309079,1,0,0,0,0,0,0,0,0,0,0,0,0,0,0,150.09763,4.79015999,-1.85057561,1.86249591e-05,0,0,0,0,0,0,0,0,0,0,0,0,0,0,0,0,0,0,0,0,0,0,0,0,0,0,0,0,0,0,0,0,147.154539,0.0394669884,0.967696673,-0.00384051527,-0.113534285,-0.171277625,0.224999691,-1.51211678,-4.31409623,0.000207874053,1500,1500,1500,1500,1500,1500,1500,1500,0,0,0,0,0.2,0,0,0,0,0.2,0,0,0,0,0.2,0,0,0,0,0.2,0,0,0,0,1,0,0,0,0,1,0,0,0,0,1,0,0,0,0,1
298194.194,9.9,0,0,0,0,0,0,0.367101461,-0,150.09763,-147.154539,2.94309079,1,0,0,0,0,0,0,0,0,0,0,0,0,0,0,150.09763,4.79015999,-1.85057561,1.86249591e-05,0,0,0,0,0,0,0,0,0,0,0,0,0,0,0,0,0,0,0,0,0,0,0,0,0,0,0,0,0,0,0,0,147.154539,0.0394669884,0.967696673,-0.00384051527,-0.113534285,-0.171277625,0.224999691,-1.51211678,-4.31409623,0.000207874053,1500,1500,1500,1500,1500,1500,1500,1500,0,0,0,0,0.2,0,0,0,0,0.2,0,0,0,0,0.2,0,0,0,0,0.2,0,0,0,0,1,0,0,0,0,1,0,0,0,0,1,0,0,0,0,1
298194.247,9.95,0,0,0,0,0,0,0.367101461,-0,150.09763,-147.154539,2.94309079,1,0,0,0,0,0,0,0,0,0,0,0,0,0,0,150.09763,4.79015999,-1.85057561,1.86249591e-05,0,0,0,0,0,0,0,0,0,0,0,0,0,0,0,0,0,0,0,0,0,0,0,0,0,0,0,0,0,0,0,0,147.154539,0.0394669884,0.967696673,-0.00384051527,-0.113534285,-0.171277625,0.224999691,-1.51211678,-4.31409623,0.000207874053,1500,1500,1500,1500,1500,1500,1500,1500,0,0,0,0,0.2,0,0,0,0,0.2,0,0,0,0,0.2,0,0,0,0,0.2,0,0,0,0,1,0,0,0,0,1,0,0,0,0,1,0,0,0,0,1
298194.299,10,0,0,0,0,0,0,0.367101461,-0,150.09763,-147.154539,2.94309079,1,0,0,0,0,0,0,0,0,0,0,0,0,0,0,150.09763,4.79015999,-1.85057561,1.86249591e-05,0,0,0,0,0,0,0,0,0,0,0,0,0,0,0,0,0,0,0,0,0,0,0,0,0,0,0,0,0,0,0,0,147.154539,0.0394669884,0.967696673,-0.00384051527,-0.113534285,-0.171277625,0.224999691,-1.51211678,-4.31409623,0.000207874053,1500,1500,1500,1500,1500,1500,1500,1500,0,0,0,0,0.2,0,0,0,0,0.2,0,0,0,0,0.2,0,0,0,0,0.2,0,0,0,0,1,0,0,0,0,1,0,0,0,0,1,0,0,0,0,1
298194.353,10.05,0,0,0,0,0,0,0.367101461,-0,150.09763,-147.154539,2.94309079,1,0,0,0,0,0,0,0,0,0,0,0,0,0,0,150.09763,4.79015999,-1.85057561,1.86249591e-05,0,0,0,0,0,0,0,0,0,0,0,0,0,0,0,0,0,0,0,0,0,0,0,0,0,0,0,0,0,0,0,0,147.154539,0.0394669884,0.967696673,-0.00384051527,-0.113534285,-0.171277625,0.224999691,-1.51211678,-4.31409623,0.000207874053,1500,1500,1500,1500,1500,1500,1500,1500,0,0,0,0,0.2,0,0,0,0,0.2,0,0,0,0,0.2,0,0,0,0,0.2,0,0,0,0,1,0,0,0,0,1,0,0,0,0,1,0,0,0,0,1
298194.404,10.1,0,0,0,0,0,0,0.367101461,-0,150.09763,-147.154539,2.94309079,1,0,0,0,0,0,0,0,0,0,0,0,0,0,0,150.09763,4.79015999,-1.85057561,1.86249591e-05,0,0,0,0,0,0,0,0,0,0,0,0,0,0,0,0,0,0,0,0,0,0,0,0,0,0,0,0,0,0,0,0,147.154539,0.0394669884,0.967696673,-0.00384051527,-0.113534285,-0.171277625,0.224999691,-1.51211678,-4.31409623,0.000207874053,1500,1500,1500,1500,1500,1500,1500,1500,0,0,0,0,0.2,0,0,0,0,0.2,0,0,0,0,0.2,0,0,0,0,0.2,0,0,0,0,1,0,0,0,0,1,0,0,0,0,1,0,0,0,0,1
298194.458,10.15,0,0,0,0,0,0,0.367101461,-0,150.09763,-147.154539,2.94309079,1,0,0,0,0,0,0,0,0,0,0,0,0,0,0,150.09763,4.79015999,-1.85057561,1.86249591e-05,0,0,0,0,0,0,0,0,0,0,0,0,0,0,0,0,0,0,0,0,0,0,0,0,0,0,0,0,0,0,0,0,147.154539,0.0394669884,0.967696673,-0.00384051527,-0.113534285,-0.171277625,0.224999691,-1.51211678,-4.31409623,0.000207874053,1500,1500,1500,1500,1500,1500,1500,1500,0,0,0,0,0.2,0,0,0,0,0.2,0,0,0,0,0.2,0,0,0,0,0.2,0,0,0,0,1,0,0,0,0,1,0,0,0,0,1,0,0,0,0,1
298194.511,10.2,0,0,0,0,0,0,0.367101461,-0,150.09763,-147.154539,2.94309079,1,0,0,0,0,0,0,0,0,0,0,0,0,0,0,150.09763,4.79015999,-1.85057561,1.86249591e-05,0,0,0,0,0,0,0,0,0,0,0,0,0,0,0,0,0,0,0,0,0,0,0,0,0,0,0,0,0,0,0,0,147.154539,0.0394669884,0.967696673,-0.00384051527,-0.113534285,-0.171277625,0.224999691,-1.51211678,-4.31409623,0.000207874053,1500,1500,1500,1500,1500,1500,1500,1500,0,0,0,0,0.2,0,0,0,0,0.2,0,0,0,0,0.2,0,0,0,0,0.2,0,0,0,0,1,0,0,0,0,1,0,0,0,0,1,0,0,0,0,1
298194.564,10.25,0,0,0,0,0,0,0.367101461,-0,150.09763,-147.154539,2.94309079,1,0,0,0,0,0,0,0,0,0,0,0,0,0,0,150.09763,4.79015999,-1.85057561,1.86249591e-05,0,0,0,0,0,0,0,0,0,0,0,0,0,0,0,0,0,0,0,0,0,0,0,0,0,0,0,0,0,0,0,0,147.154539,0.0394669884,0.967696673,-0.00384051527,-0.113534285,-0.171277625,0.224999691,-1.51211678,-4.31409623,0.000207874053,1500,1500,1500,1500,1500,1500,1500,1500,0,0,0,0,0.2,0,0,0,0,0.2,0,0,0,0,0.2,0,0,0,0,0.2,0,0,0,0,1,0,0,0,0,1,0,0,0,0,1,0,0,0,0,1
298194.618,10.3,0,0,0,0,0,0,0.367101461,-0,150.09763,-147.154539,2.94309079,1,0,0,0,0,0,0,0,0,0,0,0,0,0,0,150.09763,4.79015999,-1.85057561,1.86249591e-05,0,0,0,0,0,0,0,0,0,0,0,0,0,0,0,0,0,0,0,0,0,0,0,0,0,0,0,0,0,0,0,0,147.154539,0.0394669884,0.967696673,-0.00384051527,-0.113534285,-0.171277625,0.224999691,-1.51211678,-4.31409623,0.000207874053,1500,1500,1500,1500,1500,1500,1500,1500,0,0,0,0,0.2,0,0,0,0,0.2,0,0,0,0,0.2,0,0,0,0,0.2,0,0,0,0,1,0,0,0,0,1,0,0,0,0,1,0,0,0,0,1
298194.671,10.35,0,0,0,0,0,0,0.367101461,-0,150.09763,-147.154539,2.94309079,1,0,0,0,0,0,0,0,0,0,0,0,0,0,0,150.09763,4.79015999,-1.85057561,1.86249591e-05,0,0,0,0,0,0,0,0,0,0,0,0,0,0,0,0,0,0,0,0,0,0,0,0,0,0,0,0,0,0,0,0,147.154539,0.0394669884,0.967696673,-0.00384051527,-0.113534285,-0.171277625,0.224999691,-1.51211678,-4.31409623,0.000207874053,1500,1500,1500,1500,1500,1500,1500,1500,0,0,0,0,0.2,0,0,0,0,0.2,0,0,0,0,0.2,0,0,0,0,0.2,0,0,0,0,1,0,0,0,0,1,0,0,0,0,1,0,0,0,0,1
298194.724,10.4,0,0,0,0,0,0,0.367101461,-0,150.09763,-147.154539,2.94309079,1,0,0,0,0,0,0,0,0,0,0,0,0,0,0,150.09763,4.79015999,-1.85057561,1.86249591e-05,0,0,0,0,0,0,0,0,0,0,0,0,0,0,0,0,0,0,0,0,0,0,0,0,0,0,0,0,0,0,0,0,147.154539,0.0394669884,0.967696673,-0.00384051527,-0.113534285,-0.171277625,0.224999691,-1.51211678,-4.31409623,0.000207874053,1500,1500,1500,1500,1500,1500,1500,1500,0,0,0,0,0.2,0,0,0,0,0.2,0,0,0,0,0.2,0,0,0,0,0.2,0,0,0,0,1,0,0,0,0,1,0,0,0,0,1,0,0,0,0,1
298194.777,10.45,0,0,0,0,0,0,0.367101461,-0,150.09763,-147.154539,2.94309079,1,0,0,0,0,0,0,0,0,0,0,0,0,0,0,150.09763,4.79015999,-1.85057561,1.86249591e-05,0,0,0,0,0,0,0,0,0,0,0,0,0,0,0,0,0,0,0,0,0,0,0,0,0,0,0,0,0,0,0,0,147.154539,0.0394669884,0.967696673,-0.00384051527,-0.113534285,-0.171277625,0.224999691,-1.51211678,-4.31409623,0.000207874053,1500,1500,1500,1500,1500,1500,1500,1500,0,0,0,0,0.2,0,0,0,0,0.2,0,0,0,0,0.2,0,0,0,0,0.2,0,0,0,0,1,0,0,0,0,1,0,0,0,0,1,0,0,0,0,1
298194.829,10.5,0,0,0,0,0,0,0.367101461,-0,150.09763,-147.154539,2.94309079,1,0,0,0,0,0,0,0,0,0,0,0,0,0,0,150.09763,4.79015999,-1.85057561,1.86249591e-05,0,0,0,0,0,0,0,0,0,0,0,0,0,0,0,0,0,0,0,0,0,0,0,0,0,0,0,0,0,0,0,0,147.154539,0.0394669884,0.967696673,-0.00384051527,-0.113534285,-0.171277625,0.224999691,-1.51211678,-4.31409623,0.000207874053,1500,1500,1500,1500,1500,1500,1500,1500,0,0,0,0,0.2,0,0,0,0,0.2,0,0,0,0,0.2,0,0,0,0,0.2,0,0,0,0,1,0,0,0,0,1,0,0,0,0,1,0,0,0,0,1
298194.882,10.55,0,0,0,0,0,0,0.367101461,-0,150.09763,-147.154539,2.94309079,1,0,0,0,0,0,0,0,0,0,0,0,0,0,0,150.09763,4.79015999,-1.85057561,1.86249591e-05,0,0,0,0,0,0,0,0,0,0,0,0,0,0,0,0,0,0,0,0,0,0,0,0,0,0,0,0,0,0,0,0,147.154539,0.0394669884,0.967696673,-0.00384051527,-0.113534285,-0.171277625,0.224999691,-1.51211678,-4.31409623,0.000207874053,1500,1500,1500,1500,1500,1500,1500,1500,0,0,0,0,0.2,0,0,0,0,0.2,0,0,0,0,0.2,0,0,0,0,0.2,0,0,0,0,1,0,0,0,0,1,0,0,0,0,1,0,0,0,0,1
298194.935,10.6,0,0,0,0,0,0,0.367101461,-0,150.09763,-147.154539,2.94309079,1,0,0,0,0,0,0,0,0,0,0,0,0,0,0,150.09763,4.79015999,-1.85057561,1.86249591e-05,0,0,0,0,0,0,0,0,0,0,0,0,0,0,0,0,0,0,0,0,0,0,0,0,0,0,0,0,0,0,0,0,147.154539,0.0394669884,0.967696673,-0.00384051527,-0.113534285,-0.171277625,0.224999691,-1.51211678,-4.31409623,0.000207874053,1500,1500,1500,1500,1500,1500,1500,1500,0,0,0,0,0.2,0,0,0,0,0.2,0,0,0,0,0.2,0,0,0,0,0.2,0,0,0,0,1,0,0,0,0,1,0,0,0,0,1,0,0,0,0,1
298194.989,10.65,0,0,0,0,0,0,0.367101461,-0,150.09763,-147.154539,2.94309079,1,0,0,0,0,0,0,0,0,0,0,0,0,0,0,150.09763,4.79015999,-1.85057561,1.86249591e-05,0,0,0,0,0,0,0,0,0,0,0,0,0,0,0,0,0,0,0,0,0,0,0,0,0,0,0,0,0,0,0,0,147.154539,0.0394669884,0.967696673,-0.00384051527,-0.113534285,-0.171277625,0.224999691,-1.51211678,-4.31409623,0.000207874053,1500,1500,1500,1500,1500,1500,1500,1500,0,0,0,0,0.2,0,0,0,0,0.2,0,0,0,0,0.2,0,0,0,0,0.2,0,0,0,0,1,0,0,0,0,1,0,0,0,0,1,0,0,0,0,1
298195.04,10.7,0,0,0,0,0,0,0.367101461,-0,150.09763,-147.154539,2.94309079,1,0,0,0,0,0,0,0,0,0,0,0,0,0,0,150.09763,4.79015999,-1.85057561,1.86249591e-05,0,0,0,0,0,0,0,0,0,0,0,0,0,0,0,0,0,0,0,0,0,0,0,0,0,0,0,0,0,0,0,0,147.154539,0.0394669884,0.967696673,-0.00384051527,-0.113534285,-0.171277625,0.224999691,-1.51211678,-4.31409623,0.000207874053,1500,1500,1500,1500,1500,1500,1500,1500,0,0,0,0,0.2,0,0,0,0,0.2,0,0,0,0,0.2,0,0,0,0,0.2,0,0,0,0,1,0,0,0,0,1,0,0,0,0,1,0,0,0,0,1
298195.093,10.75,0,0,0,0,0,0,0.367101461,-0,150.09763,-147.154539,2.94309079,1,0,0,0,0,0,0,0,0,0,0,0,0,0,0,150.09763,4.79015999,-1.85057561,1.86249591e-05,0,0,0,0,0,0,0,0,0,0,0,0,0,0,0,0,0,0,0,0,0,0,0,0,0,0,0,0,0,0,0,0,147.154539,0.0394669884,0.967696673,-0.00384051527,-0.113534285,-0.171277625,0.224999691,-1.51211678,-4.31409623,0.000207874053,1500,1500,1500,1500,1500,1500,1500,1500,0,0,0,0,0.2,0,0,0,0,0.2,0,0,0,0,0.2,0,0,0,0,0.2,0,0,0,0,1,0,0,0,0,1,0,0,0,0,1,0,0,0,0,1
298195.145,10.8,0,0,0,0,0,0,0.367101461,-0,150.09763,-147.154539,2.94309079,1,0,0,0,0,0,0,0,0,0,0,0,0,0,0,150.09763,4.79015999,-1.85057561,1.86249591e-05,0,0,0,0,0,0,0,0,0,0,0,0,0,0,0,0,0,0,0,0,0,0,0,0,0,0,0,0,0,0,0,0,147.154539,0.0394669884,0.967696673,-0.00384051527,-0.113534285,-0.171277625,0.224999691,-1.51211678,-4.31409623,0.000207874053,1500,1500,1500,1500,1500,1500,1500,1500,0,0,0,0,0.2,0,0,0,0,0.2,0,0,0,0,0.2,0,0,0,0,0.2,0,0,0,0,1,0,0,0,0,1,0,0,0,0,1,0,0,0,0,1
298195.199,10.85,0,0,0,0,0,0,0.367101461,-0,150.09763,-147.154539,2.94309079,1,0,0,0,0,0,0,0,0,0,0,0,0,0,0,150.09763,4.79015999,-1.85057561,1.86249591e-05,0,0,0,0,0,0,0,0,0,0,0,0,0,0,0,0,0,0,0,0,0,0,0,0,0,0,0,0,0,0,0,0,147.154539,0.0394669884,0.967696673,-0.00384051527,-0.113534285,-0.171277625,0.224999691,-1.51211678,-4.31409623,0.000207874053,1500,1500,1500,1500,1500,1500,1500,1500,0,0,0,0,0.2,0,0,0,0,0.2,0,0,0,0,0.2,0,0,0,0,0.2,0,0,0,0,1,0,0,0,0,1,0,0,0,0,1,0,0,0,0,1
298195.251,10.9,0,0,0,0,0,0,0.367101461,-0,150.09763,-147.154539,2.94309079,1,0,0,0,0,0,0,0,0,0,0,0,0,0,0,150.09763,4.79015999,-1.85057561,1.86249591e-05,0,0,0,0,0,0,0,0,0,0,0,0,0,0,0,0,0,0,0,0,0,0,0,0,0,0,0,0,0,0,0,0,147.154539,0.0394669884,0.967696673,-0.00384051527,-0.113534285,-0.171277625,0.224999691,-1.51211678,-4.31409623,0.000207874053,1500,1500,1500,1500,1500,1500,1500,1500,0,0,0,0,0.2,0,0,0,0,0.2,0,0,0,0,0.2,0,0,0,0,0.2,0,0,0,0,1,0,0,0,0,1,0,0,0,0,1,0,0,0,0,1
298195.304,10.95,0,0,0,0,0,0,0.367101461,-0,150.09763,-147.154539,2.94309079,1,0,0,0,0,0,0,0,0,0,0,0,0,0,0,150.09763,4.79015999,-1.85057561,1.86249591e-05,0,0,0,0,0,0,0,0,0,0,0,0,0,0,0,0,0,0,0,0,0,0,0,0,0,0,0,0,0,0,0,0,147.154539,0.0394669884,0.967696673,-0.00384051527,-0.113534285,-0.171277625,0.224999691,-1.51211678,-4.31409623,0.000207874053,1500,1500,1500,1500,1500,1500,1500,1500,0,0,0,0,0.2,0,0,0,0,0.2,0,0,0,0,0.2,0,0,0,0,0.2,0,0,0,0,1,0,0,0,0,1,0,0,0,0,1,0,0,0,0,1
298195.356,11,0,0,0,0,0,0,0.367101461,-0,150.09763,-147.154539,2.94309079,1,0,0,0,0,0,0,0,0,0,0,0,0,0,0,150.09763,4.79015999,-1.85057561,1.86249591e-05,0,0,0,0,0,0,0,0,0,0,0,0,0,0,0,0,0,0,0,0,0,0,0,0,0,0,0,0,0,0,0,0,147.154539,0.0394669884,0.967696673,-0.00384051527,-0.113534285,-0.171277625,0.224999691,-1.51211678,-4.31409623,0.000207874053,1500,1500,1500,1500,1500,1500,1500,1500,0,0,0,0,0.2,0,0,0,0,0.2,0,0,0,0,0.2,0,0,0,0,0.2,0,0,0,0,1,0,0,0,0,1,0,0,0,0,1,0,0,0,0,1
298195.412,11.05,0,0,0,0,0,0,0.367101461,-0,150.09763,-147.154539,2.94309079,1,0,0,0,0,0,0,0,0,0,0,0,0,0,0,150.09763,4.79015999,-1.85057561,1.86249591e-05,0,0,0,0,0,0,0,0,0,0,0,0,0,0,0,0,0,0,0,0,0,0,0,0,0,0,0,0,0,0,0,0,147.154539,0.0394669884,0.967696673,-0.00384051527,-0.113534285,-0.171277625,0.224999691,-1.51211678,-4.31409623,0.000207874053,1500,1500,1500,1500,1500,1500,1500,1500,0,0,0,0,0.2,0,0,0,0,0.2,0,0,0,0,0.2,0,0,0,0,0.2,0,0,0,0,1,0,0,0,0,1,0,0,0,0,1,0,0,0,0,1
298195.466,11.1,0,0,0,0,0,0,0.367101461,-0,150.09763,-147.154539,2.94309079,1,0,0,0,0,0,0,0,0,0,0,0,0,0,0,150.09763,4.79015999,-1.85057561,1.86249591e-05,0,0,0,0,0,0,0,0,0,0,0,0,0,0,0,0,0,0,0,0,0,0,0,0,0,0,0,0,0,0,0,0,147.154539,0.0394669884,0.967696673,-0.00384051527,-0.113534285,-0.171277625,0.224999691,-1.51211678,-4.31409623,0.000207874053,1500,1500,1500,1500,1500,1500,1500,1500,0,0,0,0,0.2,0,0,0,0,0.2,0,0,0,0,0.2,0,0,0,0,0.2,0,0,0,0,1,0,0,0,0,1,0,0,0,0,1,0,0,0,0,1
298195.52,11.15,0,0,0,0,0,0,0.367101461,-0,150.09763,-147.154539,2.94309079,1,0,0,0,0,0,0,0,0,0,0,0,0,0,0,150.09763,4.79015999,-1.85057561,1.86249591e-05,0,0,0,0,0,0,0,0,0,0,0,0,0,0,0,0,0,0,0,0,0,0,0,0,0,0,0,0,0,0,0,0,147.154539,0.0394669884,0.967696673,-0.00384051527,-0.113534285,-0.171277625,0.224999691,-1.51211678,-4.31409623,0.000207874053,1500,1500,1500,1500,1500,1500,1500,1500,0,0,0,0,0.2,0,0,0,0,0.2,0,0,0,0,0.2,0,0,0,0,0.2,0,0,0,0,1,0,0,0,0,1,0,0,0,0,1,0,0,0,0,1
298195.573,11.2,0,0,0,0,0,0,0.367101461,-0,150.09763,-147.154539,2.94309079,1,0,0,0,0,0,0,0,0,0,0,0,0,0,0,150.09763,4.79015999,-1.85057561,1.86249591e-05,0,0,0,0,0,0,0,0,0,0,0,0,0,0,0,0,0,0,0,0,0,0,0,0,0,0,0,0,0,0,0,0,147.154539,0.0394669884,0.967696673,-0.00384051527,-0.113534285,-0.171277625,0.224999691,-1.51211678,-4.31409623,0.000207874053,1500,1500,1500,1500,1500,1500,1500,1500,0,0,0,0,0.2,0,0,0,0,0.2,0,0,0,0,0.2,0,0,0,0,0.2,0,0,0,0,1,0,0,0,0,1,0,0,0,0,1,0,0,0,0,1
298195.624,11.25,0,0,0,0,0,0,0.367101461,-0,150.09763,-147.154539,2.94309079,1,0,0,0,0,0,0,0,0,0,0,0,0,0,0,150.09763,4.79015999,-1.85057561,1.86249591e-05,0,0,0,0,0,0,0,0,0,0,0,0,0,0,0,0,0,0,0,0,0,0,0,0,0,0,0,0,0,0,0,0,147.154539,0.0394669884,0.967696673,-0.00384051527,-0.113534285,-0.171277625,0.224999691,-1.51211678,-4.31409623,0.000207874053,1500,1500,1500,1500,1500,1500,1500,1500,0,0,0,0,0.2,0,0,0,0,0.2,0,0,0,0,0.2,0,0,0,0,0.2,0,0,0,0,1,0,0,0,0,1,0,0,0,0,1,0,0,0,0,1
298195.678,11.3,0,0,0,0,0,0,0.367101461,-0,150.09763,-147.154539,2.94309079,1,0,0,0,0,0,0,0,0,0,0,0,0,0,0,150.09763,4.79015999,-1.85057561,1.86249591e-05,0,0,0,0,0,0,0,0,0,0,0,0,0,0,0,0,0,0,0,0,0,0,0,0,0,0,0,0,0,0,0,0,147.154539,0.0394669884,0.967696673,-0.00384051527,-0.113534285,-0.171277625,0.224999691,-1.51211678,-4.31409623,0.000207874053,1500,1500,1500,1500,1500,1500,1500,1500,0,0,0,0,0.2,0,0,0,0,0.2,0,0,0,0,0.2,0,0,0,0,0.2,0,0,0,0,1,0,0,0,0,1,0,0,0,0,1,0,0,0,0,1
298195.732,11.35,0,0,0,0,0,0,0.367101461,-0,150.09763,-147.154539,2.94309079,1,0,0,0,0,0,0,0,0,0,0,0,0,0,0,150.09763,4.79015999,-1.85057561,1.86249591e-05,0,0,0,0,0,0,0,0,0,0,0,0,0,0,0,0,0,0,0,0,0,0,0,0,0,0,0,0,0,0,0,0,147.154539,0.0394669884,0.967696673,-0.00384051527,-0.113534285,-0.171277625,0.224999691,-1.51211678,-4.31409623,0.000207874053,1500,1500,1500,1500,1500,1500,1500,1500,0,0,0,0,0.2,0,0,0,0,0.2,0,0,0,0,0.2,0,0,0,0,0.2,0,0,0,0,1,0,0,0,0,1,0,0,0,0,1,0,0,0,0,1
298195.787,11.4,0,0,0,0,0,0,0.367101461,-0,150.09763,-147.154539,2.94309079,1,0,0,0,0,0,0,0,0,0,0,0,0,0,0,150.09763,4.79015999,-1.85057561,1.86249591e-05,0,0,0,0,0,0,0,0,0,0,0,0,0,0,0,0,0,0,0,0,0,0,0,0,0,0,0,0,0,0,0,0,147.154539,0.0394669884,0.967696673,-0.00384051527,-0.113534285,-0.171277625,0.224999691,-1.51211678,-4.31409623,0.000207874053,1500,1500,1500,1500,1500,1500,1500,1500,0,0,0,0,0.2,0,0,0,0,0.2,0,0,0,0,0.2,0,0,0,0,0.2,0,0,0,0,1,0,0,0,0,1,0,0,0,0,1,0,0,0,0,1
298195.841,11.45,0,0,0,0,0,0,0.367101461,-0,150.09763,-147.154539,2.94309079,1,0,0,0,0,0,0,0,0,0,0,0,0,0,0,150.09763,4.79015999,-1.85057561,1.86249591e-05,0,0,0,0,0,0,0,0,0,0,0,0,0,0,0,0,0,0,0,0,0,0,0,0,0,0,0,0,0,0,0,0,147.154539,0.0394669884,0.967696673,-0.00384051527,-0.113534285,-0.171277625,0.224999691,-1.51211678,-4.31409623,0.000207874053,1500,1500,1500,1500,1500,1500,1500,1500,0,0,0,0,0.2,0,0,0,0,0.2,0,0,0,0,0.2,0,0,0,0,0.2,0,0,0,0,1,0,0,0,0,1,0,0,0,0,1,0,0,0,0,1
298195.892,11.5,0,0,0,0,0,0,0.367101461,-0,150.09763,-147.154539,2.94309079,1,0,0,0,0,0,0,0,0,0,0,0,0,0,0,150.09763,4.79015999,-1.85057561,1.86249591e-05,0,0,0,0,0,0,0,0,0,0,0,0,0,0,0,0,0,0,0,0,0,0,0,0,0,0,0,0,0,0,0,0,147.154539,0.0394669884,0.967696673,-0.00384051527,-0.113534285,-0.171277625,0.224999691,-1.51211678,-4.31409623,0.000207874053,1500,1500,1500,1500,1500,1500,1500,1500,0,0,0,0,0.2,0,0,0,0,0.2,0,0,0,0,0.2,0,0,0,0,0.2,0,0,0,0,1,0,0,0,0,1,0,0,0,0,1,0,0,0,0,1
298195.944,11.55,0,0,0,0,0,0,0.367101461,-0,150.09763,-147.154539,2.94309079,1,0,0,0,0,0,0,0,0,0,0,0,0,0,0,150.09763,4.79015999,-1.85057561,1.86249591e-05,0,0,0,0,0,0,0,0,0,0,0,0,0,0,0,0,0,0,0,0,0,0,0,0,0,0,0,0,0,0,0,0,147.154539,0.0394669884,0.967696673,-0.00384051527,-0.113534285,-0.171277625,0.224999691,-1.51211678,-4.31409623,0.000207874053,1500,1500,1500,1500,1500,1500,1500,1500,0,0,0,0,0.2,0,0,0,0,0.2,0,0,0,0,0.2,0,0,0,0,0.2,0,0,0,0,1,0,0,0,0,1,0,0,0,0,1,0,0,0,0,1
298195.995,11.6,0,0,0,0,0,0,0.367101461,-0,150.09763,-147.154539,2.94309079,1,0,0,0,0,0,0,0,0,0,0,0,0,0,0,150.09763,4.79015999,-1.85057561,1.86249591e-05,0,0,0,0,0,0,0,0,0,0,0,0,0,0,0,0,0,0,0,0,0,0,0,0,0,0,0,0,0,0,0,0,147.154539,0.0394669884,0.967696673,-0.00384051527,-0.113534285,-0.171277625,0.224999691,-1.51211678,-4.31409623,0.000207874053,1500,1500,1500,1500,1500,1500,1500,1500,0,0,0,0,0.2,0,0,0,0,0.2,0,0,0,0,0.2,0,0,0,0,0.2,0,0,0,0,1,0,0,0,0,1,0,0,0,0,1,0,0,0,0,1
298196.048,11.65,0,0,0,0,0,0,0.367101461,-0,150.09763,-147.154539,2.94309079,1,0,0,0,0,0,0,0,0,0,0,0,0,0,0,150.09763,4.79015999,-1.85057561,1.86249591e-05,0,0,0,0,0,0,0,0,0,0,0,0,0,0,0,0,0,0,0,0,0,0,0,0,0,0,0,0,0,0,0,0,147.154539,0.0394669884,0.967696673,-0.00384051527,-0.113534285,-0.171277625,0.224999691,-1.51211678,-4.31409623,0.000207874053,1500,1500,1500,1500,1500,1500,1500,1500,0,0,0,0,0.2,0,0,0,0,0.2,0,0,0,0,0.2,0,0,0,0,0.2,0,0,0,0,1,0,0,0,0,1,0,0,0,0,1,0,0,0,0,1
298196.101,11.7,0,0,0,0,0,0,0.367101461,-0,150.09763,-147.154539,2.94309079,1,0,0,0,0,0,0,0,0,0,0,0,0,0,0,150.09763,4.79015999,-1.85057561,1.86249591e-05,0,0,0,0,0,0,0,0,0,0,0,0,0,0,0,0,0,0,0,0,0,0,0,0,0,0,0,0,0,0,0,0,147.154539,0.0394669884,0.967696673,-0.00384051527,-0.113534285,-0.171277625,0.224999691,-1.51211678,-4.31409623,0.000207874053,1500,1500,1500,1500,1500,1500,1500,1500,0,0,0,0,0.2,0,0,0,0,0.2,0,0,0,0,0.2,0,0,0,0,0.2,0,0,0,0,1,0,0,0,0,1,0,0,0,0,1,0,0,0,0,1
298196.154,11.75,0,0,0,0,0,0,0.367101461,-0,150.09763,-147.154539,2.94309079,1,0,0,0,0,0,0,0,0,0,0,0,0,0,0,150.09763,4.79015999,-1.85057561,1.86249591e-05,0,0,0,0,0,0,0,0,0,0,0,0,0,0,0,0,0,0,0,0,0,0,0,0,0,0,0,0,0,0,0,0,147.154539,0.0394669884,0.967696673,-0.00384051527,-0.113534285,-0.171277625,0.224999691,-1.51211678,-4.31409623,0.000207874053,1500,1500,1500,1500,1500,1500,1500,1500,0,0,0,0,0.2,0,0,0,0,0.2,0,0,0,0,0.2,0,0,0,0,0.2,0,0,0,0,1,0,0,0,0,1,0,0,0,0,1,0,0,0,0,1
298196.206,11.8,0,0,0,0,0,0,0.367101461,-0,150.09763,-147.154539,2.94309079,1,0,0,0,0,0,0,0,0,0,0,0,0,0,0,150.09763,4.79015999,-1.85057561,1.86249591e-05,0,0,0,0,0,0,0,0,0,0,0,0,0,0,0,0,0,0,0,0,0,0,0,0,0,0,0,0,0,0,0,0,147.154539,0.0394669884,0.967696673,-0.00384051527,-0.113534285,-0.171277625,0.224999691,-1.51211678,-4.31409623,0.000207874053,1500,1500,1500,1500,1500,1500,1500,1500,0,0,0,0,0.2,0,0,0,0,0.2,0,0,0,0,0.2,0,0,0,0,0.2,0,0,0,0,1,0,0,0,0,1,0,0,0,0,1,0,0,0,0,1
298196.258,11.85,0,0,0,0,0,0,0.367101461,-0,150.09763,-147.154539,2.94309079,1,0,0,0,0,0,0,0,0,0,0,0,0,0,0,150.09763,4.79015999,-1.85057561,1.86249591e-05,0,0,0,0,0,0,0,0,0,0,0,0,0,0,0,0,0,0,0,0,0,0,0,0,0,0,0,0,0,0,0,0,147.154539,0.0394669884,0.967696673,-0.00384051527,-0.113534285,-0.171277625,0.224999691,-1.51211678,-4.31409623,0.000207874053,1500,1500,1500,1500,1500,1500,1500,1500,0,0,0,0,0.2,0,0,0,0,0.2,0,0,0,0,0.2,0,0,0,0,0.2,0,0,0,0,1,0,0,0,0,1,0,0,0,0,1,0,0,0,0,1
298196.312,11.9,0,0,0,0,0,0,0.367101461,-0,150.09763,-147.154539,2.94309079,1,0,0,0,0,0,0,0,0,0,0,0,0,0,0,150.09763,4.79015999,-1.85057561,1.86249591e-05,0,0,0,0,0,0,0,0,0,0,0,0,0,0,0,0,0,0,0,0,0,0,0,0,0,0,0,0,0,0,0,0,147.154539,0.0394669884,0.967696673,-0.00384051527,-0.113534285,-0.171277625,0.224999691,-1.51211678,-4.31409623,0.000207874053,1500,1500,1500,1500,1500,1500,1500,1500,0,0,0,0,0.2,0,0,0,0,0.2,0,0,0,0,0.2,0,0,0,0,0.2,0,0,0,0,1,0,0,0,0,1,0,0,0,0,1,0,0,0,0,1
298196.366,11.95,0,0,0,0,0,0,0.367101461,-0,150.09763,-147.154539,2.94309079,1,0,0,0,0,0,0,0,0,0,0,0,0,0,0,150.09763,4.79015999,-1.85057561,1.86249591e-05,0,0,0,0,0,0,0,0,0,0,0,0,0,0,0,0,0,0,0,0,0,0,0,0,0,0,0,0,0,0,0,0,147.154539,0.0394669884,0.967696673,-0.00384051527,-0.113534285,-0.171277625,0.224999691,-1.51211678,-4.31409623,0.000207874053,1500,1500,1500,1500,1500,1500,1500,1500,0,0,0,0,0.2,0,0,0,0,0.2,0,0,0,0,0.2,0,0,0,0,0.2,0,0,0,0,1,0,0,0,0,1,0,0,0,0,1,0,0,0,0,1
298196.419,12,0,0,0,0,0,0,0.367101461,-0,150.09763,-147.154539,2.94309079,1,0,0,0,0,0,0,0,0,0,0,0,0,0,0,150.09763,4.79015999,-1.85057561,1.86249591e-05,0,0,0,0,0,0,0,0,0,0,0,0,0,0,0,0,0,0,0,0,0,0,0,0,0,0,0,0,0,0,0,0,147.154539,0.0394669884,0.967696673,-0.00384051527,-0.113534285,-0.171277625,0.224999691,-1.51211678,-4.31409623,0.000207874053,1500,1500,1500,1500,1500,1500,1500,1500,0,0,0,0,0.2,0,0,0,0,0.2,0,0,0,0,0.2,0,0,0,0,0.2,0,0,0,0,1,0,0,0,0,1,0,0,0,0,1,0,0,0,0,1
298196.474,12.05,0,0,0,0,0,0,0.367101461,-0,150.09763,-147.154539,2.94309079,1,0,0,0,0,0,0,0,0,0,0,0,0,0,0,150.09763,4.79015999,-1.85057561,1.86249591e-05,0,0,0,0,0,0,0,0,0,0,0,0,0,0,0,0,0,0,0,0,0,0,0,0,0,0,0,0,0,0,0,0,147.154539,0.0394669884,0.967696673,-0.00384051527,-0.113534285,-0.171277625,0.224999691,-1.51211678,-4.31409623,0.000207874053,1500,1500,1500,1500,1500,1500,1500,1500,0,0,0,0,0.2,0,0,0,0,0.2,0,0,0,0,0.2,0,0,0,0,0.2,0,0,0,0,1,0,0,0,0,1,0,0,0,0,1,0,0,0,0,1
298196.527,12.1,0,0,0,0,0,0,0.367101461,-0,150.09763,-147.154539,2.94309079,1,0,0,0,0,0,0,0,0,0,0,0,0,0,0,150.09763,4.79015999,-1.85057561,1.86249591e-05,0,0,0,0,0,0,0,0,0,0,0,0,0,0,0,0,0,0,0,0,0,0,0,0,0,0,0,0,0,0,0,0,147.154539,0.0394669884,0.967696673,-0.00384051527,-0.113534285,-0.171277625,0.224999691,-1.51211678,-4.31409623,0.000207874053,1500,1500,1500,1500,1500,1500,1500,1500,0,0,0,0,0.2,0,0,0,0,0.2,0,0,0,0,0.2,0,0,0,0,0.2,0,0,0,0,1,0,0,0,0,1,0,0,0,0,1,0,0,0,0,1
298196.579,12.15,0,0,0,0,0,0,0.367101461,-0,150.09763,-147.154539,2.94309079,1,0,0,0,0,0,0,0,0,0,0,0,0,0,0,150.09763,4.79015999,-1.85057561,1.86249591e-05,0,0,0,0,0,0,0,0,0,0,0,0,0,0,0,0,0,0,0,0,0,0,0,0,0,0,0,0,0,0,0,0,147.154539,0.0394669884,0.967696673,-0.00384051527,-0.113534285,-0.171277625,0.224999691,-1.51211678,-4.31409623,0.000207874053,1500,1500,1500,1500,1500,1500,1500,1500,0,0,0,0,0.2,0,0,0,0,0.2,0,0,0,0,0.2,0,0,0,0,0.2,0,0,0,0,1,0,0,0,0,1,0,0,0,0,1,0,0,0,0,1
298196.631,12.2,0,0,0,0,0,0,0.367101461,-0,150.09763,-147.154539,2.94309079,1,0,0,0,0,0,0,0,0,0,0,0,0,0,0,150.09763,4.79015999,-1.85057561,1.86249591e-05,0,0,0,0,0,0,0,0,0,0,0,0,0,0,0,0,0,0,0,0,0,0,0,0,0,0,0,0,0,0,0,0,147.154539,0.0394669884,0.967696673,-0.00384051527,-0.113534285,-0.171277625,0.224999691,-1.51211678,-4.31409623,0.000207874053,1500,1500,1500,1500,1500,1500,1500,1500,0,0,0,0,0.2,0,0,0,0,0.2,0,0,0,0,0.2,0,0,0,0,0.2,0,0,0,0,1,0,0,0,0,1,0,0,0,0,1,0,0,0,0,1
298196.686,12.25,0,0,0,0,0,0,0.367101461,-0,150.09763,-147.154539,2.94309079,1,0,0,0,0,0,0,0,0,0,0,0,0,0,0,150.09763,4.79015999,-1.85057561,1.86249591e-05,0,0,0,0,0,0,0,0,0,0,0,0,0,0,0,0,0,0,0,0,0,0,0,0,0,0,0,0,0,0,0,0,147.154539,0.0394669884,0.967696673,-0.00384051527,-0.113534285,-0.171277625,0.224999691,-1.51211678,-4.31409623,0.000207874053,1500,1500,1500,1500,1500,1500,1500,1500,0,0,0,0,0.2,0,0,0,0,0.2,0,0,0,0,0.2,0,0,0,0,0.2,0,0,0,0,1,0,0,0,0,1,0,0,0,0,1,0,0,0,0,1
298196.737,12.3,0,0,0,0,0,0,0.367101461,-0,150.09763,-147.154539,2.94309079,1,0,0,0,0,0,0,0,0,0,0,0,0,0,0,150.09763,4.79015999,-1.85057561,1.86249591e-05,0,0,0,0,0,0,0,0,0,0,0,0,0,0,0,0,0,0,0,0,0,0,0,0,0,0,0,0,0,0,0,0,147.154539,0.0394669884,0.967696673,-0.00384051527,-0.113534285,-0.171277625,0.224999691,-1.51211678,-4.31409623,0.000207874053,1500,1500,1500,1500,1500,1500,1500,1500,0,0,0,0,0.2,0,0,0,0,0.2,0,0,0,0,0.2,0,0,0,0,0.2,0,0,0,0,1,0,0,0,0,1,0,0,0,0,1,0,0,0,0,1
298196.79,12.35,0,0,0,0,0,0,0.367101461,-0,150.09763,-147.154539,2.94309079,1,0,0,0,0,0,0,0,0,0,0,0,0,0,0,150.09763,4.79015999,-1.85057561,1.86249591e-05,0,0,0,0,0,0,0,0,0,0,0,0,0,0,0,0,0,0,0,0,0,0,0,0,0,0,0,0,0,0,0,0,147.154539,0.0394669884,0.967696673,-0.00384051527,-0.113534285,-0.171277625,0.224999691,-1.51211678,-4.31409623,0.000207874053,1500,1500,1500,1500,1500,1500,1500,1500,0,0,0,0,0.2,0,0,0,0,0.2,0,0,0,0,0.2,0,0,0,0,0.2,0,0,0,0,1,0,0,0,0,1,0,0,0,0,1,0,0,0,0,1
298196.843,12.4,0,0,0,0,0,0,0.367101461,-0,150.09763,-147.154539,2.94309079,1,0,0,0,0,0,0,0,0,0,0,0,0,0,0,150.09763,4.79015999,-1.85057561,1.86249591e-05,0,0,0,0,0,0,0,0,0,0,0,0,0,0,0,0,0,0,0,0,0,0,0,0,0,0,0,0,0,0,0,0,147.154539,0.0394669884,0.967696673,-0.00384051527,-0.113534285,-0.171277625,0.224999691,-1.51211678,-4.31409623,0.000207874053,1500,1500,1500,1500,1500,1500,1500,1500,0,0,0,0,0.2,0,0,0,0,0.2,0,0,0,0,0.2,0,0,0,0,0.2,0,0,0,0,1,0,0,0,0,1,0,0,0,0,1,0,0,0,0,1
298196.897,12.45,0,0,0,0,0,0,0.367101461,-0,150.09763,-147.154539,2.94309079,1,0,0,0,0,0,0,0,0,0,0,0,0,0,0,150.09763,4.79015999,-1.85057561,1.86249591e-05,0,0,0,0,0,0,0,0,0,0,0,0,0,0,0,0,0,0,0,0,0,0,0,0,0,0,0,0,0,0,0,0,147.154539,0.0394669884,0.967696673,-0.00384051527,-0.113534285,-0.171277625,0.224999691,-1.51211678,-4.31409623,0.000207874053,1500,1500,1500,1500,1500,1500,1500,1500,0,0,0,0,0.2,0,0,0,0,0.2,0,0,0,0,0.2,0,0,0,0,0.2,0,0,0,0,1,0,0,0,0,1,0,0,0,0,1,0,0,0,0,1
298196.949,12.5,0,0,0,0,0,0,0.367101461,-0,150.09763,-147.154539,2.94309079,1,0,0,0,0,0,0,0,0,0,0,0,0,0,0,150.09763,4.79015999,-1.85057561,1.86249591e-05,0,0,0,0,0,0,0,0,0,0,0,0,0,0,0,0,0,0,0,0,0,0,0,0,0,0,0,0,0,0,0,0,147.154539,0.0394669884,0.967696673,-0.00384051527,-0.113534285,-0.171277625,0.224999691,-1.51211678,-4.31409623,0.000207874053,1500,1500,1500,1500,1500,1500,1500,1500,0,0,0,0,0.2,0,0,0,0,0.2,0,0,0,0,0.2,0,0,0,0,0.2,0,0,0,0,1,0,0,0,0,1,0,0,0,0,1,0,0,0,0,1
298197.001,12.55,0,0,0,0,0,0,0.367101461,-0,150.09763,-147.154539,2.94309079,1,0,0,0,0,0,0,0,0,0,0,0,0,0,0,150.09763,4.79015999,-1.85057561,1.86249591e-05,0,0,0,0,0,0,0,0,0,0,0,0,0,0,0,0,0,0,0,0,0,0,0,0,0,0,0,0,0,0,0,0,147.154539,0.0394669884,0.967696673,-0.00384051527,-0.113534285,-0.171277625,0.224999691,-1.51211678,-4.31409623,0.000207874053,1500,1500,1500,1500,1500,1500,1500,1500,0,0,0,0,0.2,0,0,0,0,0.2,0,0,0,0,0.2,0,0,0,0,0.2,0,0,0,0,1,0,0,0,0,1,0,0,0,0,1,0,0,0,0,1
298197.054,12.6,0,0,0,0,0,0,0.367101461,-0,150.09763,-147.154539,2.94309079,1,0,0,0,0,0,0,0,0,0,0,0,0,0,0,150.09763,4.79015999,-1.85057561,1.86249591e-05,0,0,0,0,0,0,0,0,0,0,0,0,0,0,0,0,0,0,0,0,0,0,0,0,0,0,0,0,0,0,0,0,147.154539,0.0394669884,0.967696673,-0.00384051527,-0.113534285,-0.171277625,0.224999691,-1.51211678,-4.31409623,0.000207874053,1500,1500,1500,1500,1500,1500,1500,1500,0,0,0,0,0.2,0,0,0,0,0.2,0,0,0,0,0.2,0,0,0,0,0.2,0,0,0,0,1,0,0,0,0,1,0,0,0,0,1,0,0,0,0,1
298197.108,12.65,0,0,0,0,0,0,0.367101461,-0,150.09763,-147.154539,2.94309079,1,0,0,0,0,0,0,0,0,0,0,0,0,0,0,150.09763,4.79015999,-1.85057561,1.86249591e-05,0,0,0,0,0,0,0,0,0,0,0,0,0,0,0,0,0,0,0,0,0,0,0,0,0,0,0,0,0,0,0,0,147.154539,0.0394669884,0.967696673,-0.00384051527,-0.113534285,-0.171277625,0.224999691,-1.51211678,-4.31409623,0.000207874053,1500,1500,1500,1500,1500,1500,1500,1500,0,0,0,0,0.2,0,0,0,0,0.2,0,0,0,0,0.2,0,0,0,0,0.2,0,0,0,0,1,0,0,0,0,1,0,0,0,0,1,0,0,0,0,1
298197.16,12.7,0,0,0,0,0,0,0.367101461,-0,150.09763,-147.154539,2.94309079,1,0,0,0,0,0,0,0,0,0,0,0,0,0,0,150.09763,4.79015999,-1.85057561,1.86249591e-05,0,0,0,0,0,0,0,0,0,0,0,0,0,0,0,0,0,0,0,0,0,0,0,0,0,0,0,0,0,0,0,0,147.154539,0.0394669884,0.967696673,-0.00384051527,-0.113534285,-0.171277625,0.224999691,-1.51211678,-4.31409623,0.000207874053,1500,1500,1500,1500,1500,1500,1500,1500,0,0,0,0,0.2,0,0,0,0,0.2,0,0,0,0,0.2,0,0,0,0,0.2,0,0,0,0,1,0,0,0,0,1,0,0,0,0,1,0,0,0,0,1
298197.214,12.75,0,0,0,0,0,0,0.367101461,-0,150.09763,-147.154539,2.94309079,1,0,0,0,0,0,0,0,0,0,0,0,0,0,0,150.09763,4.79015999,-1.85057561,1.86249591e-05,0,0,0,0,0,0,0,0,0,0,0,0,0,0,0,0,0,0,0,0,0,0,0,0,0,0,0,0,0,0,0,0,147.154539,0.0394669884,0.967696673,-0.00384051527,-0.113534285,-0.171277625,0.224999691,-1.51211678,-4.31409623,0.000207874053,1500,1500,1500,1500,1500,1500,1500,1500,0,0,0,0,0.2,0,0,0,0,0.2,0,0,0,0,0.2,0,0,0,0,0.2,0,0,0,0,1,0,0,0,0,1,0,0,0,0,1,0,0,0,0,1
298197.269,12.8,0,0,0,0,0,0,0.367101461,-0,150.09763,-147.154539,2.94309079,1,0,0,0,0,0,0,0,0,0,0,0,0,0,0,150.09763,4.79015999,-1.85057561,1.86249591e-05,0,0,0,0,0,0,0,0,0,0,0,0,0,0,0,0,0,0,0,0,0,0,0,0,0,0,0,0,0,0,0,0,147.154539,0.0394669884,0.967696673,-0.00384051527,-0.113534285,-0.171277625,0.224999691,-1.51211678,-4.31409623,0.000207874053,1500,1500,1500,1500,1500,1500,1500,1500,0,0,0,0,0.2,0,0,0,0,0.2,0,0,0,0,0.2,0,0,0,0,0.2,0,0,0,0,1,0,0,0,0,1,0,0,0,0,1,0,0,0,0,1
298197.322,12.85,0,0,0,0,0,0,0.367101461,-0,150.09763,-147.154539,2.94309079,1,0,0,0,0,0,0,0,0,0,0,0,0,0,0,150.09763,4.79015999,-1.85057561,1.86249591e-05,0,0,0,0,0,0,0,0,0,0,0,0,0,0,0,0,0,0,0,0,0,0,0,0,0,0,0,0,0,0,0,0,147.154539,0.0394669884,0.967696673,-0.00384051527,-0.113534285,-0.171277625,0.224999691,-1.51211678,-4.31409623,0.000207874053,1500,1500,1500,1500,1500,1500,1500,1500,0,0,0,0,0.2,0,0,0,0,0.2,0,0,0,0,0.2,0,0,0,0,0.2,0,0,0,0,1,0,0,0,0,1,0,0,0,0,1,0,0,0,0,1
298197.374,12.9,0,0,0,0,0,0,0.367101461,-0,150.09763,-147.154539,2.94309079,1,0,0,0,0,0,0,0,0,0,0,0,0,0,0,150.09763,4.79015999,-1.85057561,1.86249591e-05,0,0,0,0,0,0,0,0,0,0,0,0,0,0,0,0,0,0,0,0,0,0,0,0,0,0,0,0,0,0,0,0,147.154539,0.0394669884,0.967696673,-0.00384051527,-0.113534285,-0.171277625,0.224999691,-1.51211678,-4.31409623,0.000207874053,1500,1500,1500,1500,1500,1500,1500,1500,0,0,0,0,0.2,0,0,0,0,0.2,0,0,0,0,0.2,0,0,0,0,0.2,0,0,0,0,1,0,0,0,0,1,0,0,0,0,1,0,0,0,0,1
298197.428,12.95,0,0,0,0,0,0,0.367101461,-0,150.09763,-147.154539,2.94309079,1,0,0,0,0,0,0,0,0,0,0,0,0,0,0,150.09763,4.79015999,-1.85057561,1.86249591e-05,0,0,0,0,0,0,0,0,0,0,0,0,0,0,0,0,0,0,0,0,0,0,0,0,0,0,0,0,0,0,0,0,147.154539,0.0394669884,0.967696673,-0.00384051527,-0.113534285,-0.171277625,0.224999691,-1.51211678,-4.31409623,0.000207874053,1500,1500,1500,1500,1500,1500,1500,1500,0,0,0,0,0.2,0,0,0,0,0.2,0,0,0,0,0.2,0,0,0,0,0.2,0,0,0,0,1,0,0,0,0,1,0,0,0,0,1,0,0,0,0,1
298197.479,13,0,0,0,0,0,0,0.367101461,-0,150.09763,-147.154539,2.94309079,1,0,0,0,0,0,0,0,0,0,0,0,0,0,0,150.09763,4.79015999,-1.85057561,1.86249591e-05,0,0,0,0,0,0,0,0,0,0,0,0,0,0,0,0,0,0,0,0,0,0,0,0,0,0,0,0,0,0,0,0,147.154539,0.0394669884,0.967696673,-0.00384051527,-0.113534285,-0.171277625,0.224999691,-1.51211678,-4.31409623,0.000207874053,1500,1500,1500,1500,1500,1500,1500,1500,0,0,0,0,0.2,0,0,0,0,0.2,0,0,0,0,0.2,0,0,0,0,0.2,0,0,0,0,1,0,0,0,0,1,0,0,0,0,1,0,0,0,0,1
298197.531,13.05,0,0,0,0,0,0,0.367101461,-0,150.09763,-147.154539,2.94309079,1,0,0,0,0,0,0,0,0,0,0,0,0,0,0,150.09763,4.79015999,-1.85057561,1.86249591e-05,0,0,0,0,0,0,0,0,0,0,0,0,0,0,0,0,0,0,0,0,0,0,0,0,0,0,0,0,0,0,0,0,147.154539,0.0394669884,0.967696673,-0.00384051527,-0.113534285,-0.171277625,0.224999691,-1.51211678,-4.31409623,0.000207874053,1500,1500,1500,1500,1500,1500,1500,1500,0,0,0,0,0.2,0,0,0,0,0.2,0,0,0,0,0.2,0,0,0,0,0.2,0,0,0,0,1,0,0,0,0,1,0,0,0,0,1,0,0,0,0,1
298197.583,13.1,0,0,0,0,0,0,0.367101461,-0,150.09763,-147.154539,2.94309079,1,0,0,0,0,0,0,0,0,0,0,0,0,0,0,150.09763,4.79015999,-1.85057561,1.86249591e-05,0,0,0,0,0,0,0,0,0,0,0,0,0,0,0,0,0,0,0,0,0,0,0,0,0,0,0,0,0,0,0,0,147.154539,0.0394669884,0.967696673,-0.00384051527,-0.113534285,-0.171277625,0.224999691,-1.51211678,-4.31409623,0.000207874053,1500,1500,1500,1500,1500,1500,1500,1500,0,0,0,0,0.2,0,0,0,0,0.2,0,0,0,0,0.2,0,0,0,0,0.2,0,0,0,0,1,0,0,0,0,1,0,0,0,0,1,0,0,0,0,1
298197.636,13.15,0,0,0,0,0,0,0.367101461,-0,150.09763,-147.154539,2.94309079,1,0,0,0,0,0,0,0,0,0,0,0,0,0,0,150.09763,4.79015999,-1.85057561,1.86249591e-05,0,0,0,0,0,0,0,0,0,0,0,0,0,0,0,0,0,0,0,0,0,0,0,0,0,0,0,0,0,0,0,0,147.154539,0.0394669884,0.967696673,-0.00384051527,-0.113534285,-0.171277625,0.224999691,-1.51211678,-4.31409623,0.000207874053,1500,1500,1500,1500,1500,1500,1500,1500,0,0,0,0,0.2,0,0,0,0,0.2,0,0,0,0,0.2,0,0,0,0,0.2,0,0,0,0,1,0,0,0,0,1,0,0,0,0,1,0,0,0,0,1
298197.688,13.2,0,0,0,0,0,0,0.367101461,-0,150.09763,-147.154539,2.94309079,1,0,0,0,0,0,0,0,0,0,0,0,0,0,0,150.09763,4.79015999,-1.85057561,1.86249591e-05,0,0,0,0,0,0,0,0,0,0,0,0,0,0,0,0,0,0,0,0,0,0,0,0,0,0,0,0,0,0,0,0,147.154539,0.0394669884,0.967696673,-0.00384051527,-0.113534285,-0.171277625,0.224999691,-1.51211678,-4.31409623,0.000207874053,1500,1500,1500,1500,1500,1500,1500,1500,0,0,0,0,0.2,0,0,0,0,0.2,0,0,0,0,0.2,0,0,0,0,0.2,0,0,0,0,1,0,0,0,0,1,0,0,0,0,1,0,0,0,0,1
298197.743,13.25,0,0,0,0,0,0,0.367101461,-0,150.09763,-147.154539,2.94309079,1,0,0,0,0,0,0,0,0,0,0,0,0,0,0,150.09763,4.79015999,-1.85057561,1.86249591e-05,0,0,0,0,0,0,0,0,0,0,0,0,0,0,0,0,0,0,0,0,0,0,0,0,0,0,0,0,0,0,0,0,147.154539,0.0394669884,0.967696673,-0.00384051527,-0.113534285,-0.171277625,0.224999691,-1.51211678,-4.31409623,0.000207874053,1500,1500,1500,1500,1500,1500,1500,1500,0,0,0,0,0.2,0,0,0,0,0.2,0,0,0,0,0.2,0,0,0,0,0.2,0,0,0,0,1,0,0,0,0,1,0,0,0,0,1,0,0,0,0,1
298197.797,13.3,0,0,0,0,0,0,0.367101461,-0,150.09763,-147.154539,2.94309079,1,0,0,0,0,0,0,0,0,0,0,0,0,0,0,150.09763,4.79015999,-1.85057561,1.86249591e-05,0,0,0,0,0,0,0,0,0,0,0,0,0,0,0,0,0,0,0,0,0,0,0,0,0,0,0,0,0,0,0,0,147.154539,0.0394669884,0.967696673,-0.00384051527,-0.113534285,-0.171277625,0.224999691,-1.51211678,-4.31409623,0.000207874053,1500,1500,1500,1500,1500,1500,1500,1500,0,0,0,0,0.2,0,0,0,0,0.2,0,0,0,0,0.2,0,0,0,0,0.2,0,0,0,0,1,0,0,0,0,1,0,0,0,0,1,0,0,0,0,1
298197.852,13.35,0,0,0,0,0,0,0.367101461,-0,150.09763,-147.154539,2.94309079,1,0,0,0,0,0,0,0,0,0,0,0,0,0,0,150.09763,4.79015999,-1.85057561,1.86249591e-05,0,0,0,0,0,0,0,0,0,0,0,0,0,0,0,0,0,0,0,0,0,0,0,0,0,0,0,0,0,0,0,0,147.154539,0.0394669884,0.967696673,-0.00384051527,-0.113534285,-0.171277625,0.224999691,-1.51211678,-4.31409623,0.000207874053,1500,1500,1500,1500,1500,1500,1500,1500,0,0,0,0,0.2,0,0,0,0,0.2,0,0,0,0,0.2,0,0,0,0,0.2,0,0,0,0,1,0,0,0,0,1,0,0,0,0,1,0,0,0,0,1
298197.904,13.4,0,0,0,0,0,0,0.367101461,-0,150.09763,-147.154539,2.94309079,1,0,0,0,0,0,0,0,0,0,0,0,0,0,0,150.09763,4.79015999,-1.85057561,1.86249591e-05,0,0,0,0,0,0,0,0,0,0,0,0,0,0,0,0,0,0,0,0,0,0,0,0,0,0,0,0,0,0,0,0,147.154539,0.0394669884,0.967696673,-0.00384051527,-0.113534285,-0.171277625,0.224999691,-1.51211678,-4.31409623,0.000207874053,1500,1500,1500,1500,1500,1500,1500,1500,0,0,0,0,0.2,0,0,0,0,0.2,0,0,0,0,0.2,0,0,0,0,0.2,0,0,0,0,1,0,0,0,0,1,0,0,0,0,1,0,0,0,0,1
298197.956,13.45,0,0,0,0,0,0,0.367101461,-0,150.09763,-147.154539,2.94309079,1,0,0,0,0,0,0,0,0,0,0,0,0,0,0,150.09763,4.79015999,-1.85057561,1.86249591e-05,0,0,0,0,0,0,0,0,0,0,0,0,0,0,0,0,0,0,0,0,0,0,0,0,0,0,0,0,0,0,0,0,147.154539,0.0394669884,0.967696673,-0.00384051527,-0.113534285,-0.171277625,0.224999691,-1.51211678,-4.31409623,0.000207874053,1500,1500,1500,1500,1500,1500,1500,1500,0,0,0,0,0.2,0,0,0,0,0.2,0,0,0,0,0.2,0,0,0,0,0.2,0,0,0,0,1,0,0,0,0,1,0,0,0,0,1,0,0,0,0,1
298198.008,13.5,0,0,0,0,0,0,0.367101461,-0,150.09763,-147.154539,2.94309079,1,0,0,0,0,0,0,0,0,0,0,0,0,0,0,150.09763,4.79015999,-1.85057561,1.86249591e-05,0,0,0,0,0,0,0,0,0,0,0,0,0,0,0,0,0,0,0,0,0,0,0,0,0,0,0,0,0,0,0,0,147.154539,0.0394669884,0.967696673,-0.00384051527,-0.113534285,-0.171277625,0.224999691,-1.51211678,-4.31409623,0.000207874053,1500,1500,1500,1500,1500,1500,1500,1500,0,0,0,0,0.2,0,0,0,0,0.2,0,0,0,0,0.2,0,0,0,0,0.2,0,0,0,0,1,0,0,0,0,1,0,0,0,0,1,0,0,0,0,1
298198.06,13.55,0,0,0,0,0,0,0.367101461,-0,150.09763,-147.154539,2.94309079,1,0,0,0,0,0,0,0,0,0,0,0,0,0,0,150.09763,4.79015999,-1.85057561,1.86249591e-05,0,0,0,0,0,0,0,0,0,0,0,0,0,0,0,0,0,0,0,0,0,0,0,0,0,0,0,0,0,0,0,0,147.154539,0.0394669884,0.967696673,-0.00384051527,-0.113534285,-0.171277625,0.224999691,-1.51211678,-4.31409623,0.000207874053,1500,1500,1500,1500,1500,1500,1500,1500,0,0,0,0,0.2,0,0,0,0,0.2,0,0,0,0,0.2,0,0,0,0,0.2,0,0,0,0,1,0,0,0,0,1,0,0,0,0,1,0,0,0,0,1
298198.11,13.6,0,0,0,0,0,0,0.367101461,-0,150.09763,-147.154539,2.94309079,1,0,0,0,0,0,0,0,0,0,0,0,0,0,0,150.09763,4.79015999,-1.85057561,1.86249591e-05,0,0,0,0,0,0,0,0,0,0,0,0,0,0,0,0,0,0,0,0,0,0,0,0,0,0,0,0,0,0,0,0,147.154539,0.0394669884,0.967696673,-0.00384051527,-0.113534285,-0.171277625,0.224999691,-1.51211678,-4.31409623,0.000207874053,1500,1500,1500,1500,1500,1500,1500,1500,0,0,0,0,0.2,0,0,0,0,0.2,0,0,0,0,0.2,0,0,0,0,0.2,0,0,0,0,1,0,0,0,0,1,0,0,0,0,1,0,0,0,0,1
298198.163,13.65,0,0,0,0,0,0,0.367101461,-0,150.09763,-147.154539,2.94309079,1,0,0,0,0,0,0,0,0,0,0,0,0,0,0,150.09763,4.79015999,-1.85057561,1.86249591e-05,0,0,0,0,0,0,0,0,0,0,0,0,0,0,0,0,0,0,0,0,0,0,0,0,0,0,0,0,0,0,0,0,147.154539,0.0394669884,0.967696673,-0.00384051527,-0.113534285,-0.171277625,0.224999691,-1.51211678,-4.31409623,0.000207874053,1500,1500,1500,1500,1500,1500,1500,1500,0,0,0,0,0.2,0,0,0,0,0.2,0,0,0,0,0.2,0,0,0,0,0.2,0,0,0,0,1,0,0,0,0,1,0,0,0,0,1,0,0,0,0,1
298198.215,13.7,0,0,0,0,0,0,0.367101461,-0,150.09763,-147.154539,2.94309079,1,0,0,0,0,0,0,0,0,0,0,0,0,0,0,150.09763,4.79015999,-1.85057561,1.86249591e-05,0,0,0,0,0,0,0,0,0,0,0,0,0,0,0,0,0,0,0,0,0,0,0,0,0,0,0,0,0,0,0,0,147.154539,0.0394669884,0.967696673,-0.00384051527,-0.113534285,-0.171277625,0.224999691,-1.51211678,-4.31409623,0.000207874053,1500,1500,1500,1500,1500,1500,1500,1500,0,0,0,0,0.2,0,0,0,0,0.2,0,0,0,0,0.2,0,0,0,0,0.2,0,0,0,0,1,0,0,0,0,1,0,0,0,0,1,0,0,0,0,1
298198.267,13.75,0,0,0,0,0,0,0.367101461,-0,150.09763,-147.154539,2.94309079,1,0,0,0,0,0,0,0,0,0,0,0,0,0,0,150.09763,4.79015999,-1.85057561,1.86249591e-05,0,0,0,0,0,0,0,0,0,0,0,0,0,0,0,0,0,0,0,0,0,0,0,0,0,0,0,0,0,0,0,0,147.154539,0.0394669884,0.967696673,-0.00384051527,-0.113534285,-0.171277625,0.224999691,-1.51211678,-4.31409623,0.000207874053,1500,1500,1500,1500,1500,1500,1500,1500,0,0,0,0,0.2,0,0,0,0,0.2,0,0,0,0,0.2,0,0,0,0,0.2,0,0,0,0,1,0,0,0,0,1,0,0,0,0,1,0,0,0,0,1
298198.319,13.8,0,0,0,0,0,0,0.367101461,-0,150.09763,-147.154539,2.94309079,1,0,0,0,0,0,0,0,0,0,0,0,0,0,0,150.09763,4.79015999,-1.85057561,1.86249591e-05,0,0,0,0,0,0,0,0,0,0,0,0,0,0,0,0,0,0,0,0,0,0,0,0,0,0,0,0,0,0,0,0,147.154539,0.0394669884,0.967696673,-0.00384051527,-0.113534285,-0.171277625,0.224999691,-1.51211678,-4.31409623,0.000207874053,1500,1500,1500,1500,1500,1500,1500,1500,0,0,0,0,0.2,0,0,0,0,0.2,0,0,0,0,0.2,0,0,0,0,0.2,0,0,0,0,1,0,0,0,0,1,0,0,0,0,1,0,0,0,0,1
298198.372,13.85,0,0,0,0,0,0,0.367101461,-0,150.09763,-147.154539,2.94309079,1,0,0,0,0,0,0,0,0,0,0,0,0,0,0,150.09763,4.79015999,-1.85057561,1.86249591e-05,0,0,0,0,0,0,0,0,0,0,0,0,0,0,0,0,0,0,0,0,0,0,0,0,0,0,0,0,0,0,0,0,147.154539,0.0394669884,0.967696673,-0.00384051527,-0.113534285,-0.171277625,0.224999691,-1.51211678,-4.31409623,0.000207874053,1500,1500,1500,1500,1500,1500,1500,1500,0,0,0,0,0.2,0,0,0,0,0.2,0,0,0,0,0.2,0,0,0,0,0.2,0,0,0,0,1,0,0,0,0,1,0,0,0,0,1,0,0,0,0,1
298198.424,13.9,0,0,0,0,0,0,0.367101461,-0,150.09763,-147.154539,2.94309079,1,0,0,0,0,0,0,0,0,0,0,0,0,0,0,150.09763,4.79015999,-1.85057561,1.86249591e-05,0,0,0,0,0,0,0,0,0,0,0,0,0,0,0,0,0,0,0,0,0,0,0,0,0,0,0,0,0,0,0,0,147.154539,0.0394669884,0.967696673,-0.00384051527,-0.113534285,-0.171277625,0.224999691,-1.51211678,-4.31409623,0.000207874053,1500,1500,1500,1500,1500,1500,1500,1500,0,0,0,0,0.2,0,0,0,0,0.2,0,0,0,0,0.2,0,0,0,0,0.2,0,0,0,0,1,0,0,0,0,1,0,0,0,0,1,0,0,0,0,1
298198.479,13.95,0,0,0,0,0,0,0.367101461,-0,150.09763,-147.154539,2.94309079,1,0,0,0,0,0,0,0,0,0,0,0,0,0,0,150.09763,4.79015999,-1.85057561,1.86249591e-05,0,0,0,0,0,0,0,0,0,0,0,0,0,0,0,0,0,0,0,0,0,0,0,0,0,0,0,0,0,0,0,0,147.154539,0.0394669884,0.967696673,-0.00384051527,-0.113534285,-0.171277625,0.224999691,-1.51211678,-4.31409623,0.000207874053,1500,1500,1500,1500,1500,1500,1500,1500,0,0,0,0,0.2,0,0,0,0,0.2,0,0,0,0,0.2,0,0,0,0,0.2,0,0,0,0,1,0,0,0,0,1,0,0,0,0,1,0,0,0,0,1
298198.531,14,0,0,0,0,0,0,0.367101461,-0,150.09763,-147.154539,2.94309079,1,0,0,0,0,0,0,0,0,0,0,0,0,0,0,150.09763,4.79015999,-1.85057561,1.86249591e-05,0,0,0,0,0,0,0,0,0,0,0,0,0,0,0,0,0,0,0,0,0,0,0,0,0,0,0,0,0,0,0,0,147.154539,0.0394669884,0.967696673,-0.00384051527,-0.113534285,-0.171277625,0.224999691,-1.51211678,-4.31409623,0.000207874053,1500,1500,1500,1500,1500,1500,1500,1500,0,0,0,0,0.2,0,0,0,0,0.2,0,0,0,0,0.2,0,0,0,0,0.2,0,0,0,0,1,0,0,0,0,1,0,0,0,0,1,0,0,0,0,1
298198.583,14.05,0,0,0,0,0,0,0.367101461,-0,150.09763,-147.154539,2.94309079,1,0,0,0,0,0,0,0,0,0,0,0,0,0,0,150.09763,4.79015999,-1.85057561,1.86249591e-05,0,0,0,0,0,0,0,0,0,0,0,0,0,0,0,0,0,0,0,0,0,0,0,0,0,0,0,0,0,0,0,0,147.154539,0.0394669884,0.967696673,-0.00384051527,-0.113534285,-0.171277625,0.224999691,-1.51211678,-4.31409623,0.000207874053,1500,1500,1500,1500,1500,1500,1500,1500,0,0,0,0,0.2,0,0,0,0,0.2,0,0,0,0,0.2,0,0,0,0,0.2,0,0,0,0,1,0,0,0,0,1,0,0,0,0,1,0,0,0,0,1
298198.636,14.1,0,0,0,0,0,0,0.367101461,-0,150.09763,-147.154539,2.94309079,1,0,0,0,0,0,0,0,0,0,0,0,0,0,0,150.09763,4.79015999,-1.85057561,1.86249591e-05,0,0,0,0,0,0,0,0,0,0,0,0,0,0,0,0,0,0,0,0,0,0,0,0,0,0,0,0,0,0,0,0,147.154539,0.0394669884,0.967696673,-0.00384051527,-0.113534285,-0.171277625,0.224999691,-1.51211678,-4.31409623,0.000207874053,1500,1500,1500,1500,1500,1500,1500,1500,0,0,0,0,0.2,0,0,0,0,0.2,0,0,0,0,0.2,0,0,0,0,0.2,0,0,0,0,1,0,0,0,0,1,0,0,0,0,1,0,0,0,0,1
298198.688,14.15,0,0,0,0,0,0,0.367101461,-0,150.09763,-147.154539,2.94309079,1,0,0,0,0,0,0,0,0,0,0,0,0,0,0,150.09763,4.79015999,-1.85057561,1.86249591e-05,0,0,0,0,0,0,0,0,0,0,0,0,0,0,0,0,0,0,0,0,0,0,0,0,0,0,0,0,0,0,0,0,147.154539,0.0394669884,0.967696673,-0.00384051527,-0.113534285,-0.171277625,0.224999691,-1.51211678,-4.31409623,0.000207874053,1500,1500,1500,1500,1500,1500,1500,1500,0,0,0,0,0.2,0,0,0,0,0.2,0,0,0,0,0.2,0,0,0,0,0.2,0,0,0,0,1,0,0,0,0,1,0,0,0,0,1,0,0,0,0,1
298198.74,14.2,0,0,0,0,0,0,0.367101461,-0,150.09763,-147.154539,2.94309079,1,0,0,0,0,0,0,0,0,0,0,0,0,0,0,150.09763,4.79015999,-1.85057561,1.86249591e-05,0,0,0,0,0,0,0,0,0,0,0,0,0,0,0,0,0,0,0,0,0,0,0,0,0,0,0,0,0,0,0,0,147.154539,0.0394669884,0.967696673,-0.00384051527,-0.113534285,-0.171277625,0.224999691,-1.51211678,-4.31409623,0.000207874053,1500,1500,1500,1500,1500,1500,1500,1500,0,0,0,0,0.2,0,0,0,0,0.2,0,0,0,0,0.2,0,0,0,0,0.2,0,0,0,0,1,0,0,0,0,1,0,0,0,0,1,0,0,0,0,1
298198.793,14.25,0,0,0,0,0,0,0.367101461,-0,150.09763,-147.154539,2.94309079,1,0,0,0,0,0,0,0,0,0,0,0,0,0,0,150.09763,4.79015999,-1.85057561,1.86249591e-05,0,0,0,0,0,0,0,0,0,0,0,0,0,0,0,0,0,0,0,0,0,0,0,0,0,0,0,0,0,0,0,0,147.154539,0.0394669884,0.967696673,-0.00384051527,-0.113534285,-0.171277625,0.224999691,-1.51211678,-4.31409623,0.000207874053,1500,1500,1500,1500,1500,1500,1500,1500,0,0,0,0,0.2,0,0,0,0,0.2,0,0,0,0,0.2,0,0,0,0,0.2,0,0,0,0,1,0,0,0,0,1,0,0,0,0,1,0,0,0,0,1
298198.847,14.3,0,0,0,0,0,0,0.367101461,-0,150.09763,-147.154539,2.94309079,1,0,0,0,0,0,0,0,0,0,0,0,0,0,0,150.09763,4.79015999,-1.85057561,1.86249591e-05,0,0,0,0,0,0,0,0,0,0,0,0,0,0,0,0,0,0,0,0,0,0,0,0,0,0,0,0,0,0,0,0,147.154539,0.0394669884,0.967696673,-0.00384051527,-0.113534285,-0.171277625,0.224999691,-1.51211678,-4.31409623,0.000207874053,1500,1500,1500,1500,1500,1500,1500,1500,0,0,0,0,0.2,0,0,0,0,0.2,0,0,0,0,0.2,0,0,0,0,0.2,0,0,0,0,1,0,0,0,0,1,0,0,0,0,1,0,0,0,0,1
298198.901,14.35,0,0,0,0,0,0,0.367101461,-0,150.09763,-147.154539,2.94309079,1,0,0,0,0,0,0,0,0,0,0,0,0,0,0,150.09763,4.79015999,-1.85057561,1.86249591e-05,0,0,0,0,0,0,0,0,0,0,0,0,0,0,0,0,0,0,0,0,0,0,0,0,0,0,0,0,0,0,0,0,147.154539,0.0394669884,0.967696673,-0.00384051527,-0.113534285,-0.171277625,0.224999691,-1.51211678,-4.31409623,0.000207874053,1500,1500,1500,1500,1500,1500,1500,1500,0,0,0,0,0.2,0,0,0,0,0.2,0,0,0,0,0.2,0,0,0,0,0.2,0,0,0,0,1,0,0,0,0,1,0,0,0,0,1,0,0,0,0,1
298198.955,14.4,0,0,0,0,0,0,0.367101461,-0,150.09763,-147.154539,2.94309079,1,0,0,0,0,0,0,0,0,0,0,0,0,0,0,150.09763,4.79015999,-1.85057561,1.86249591e-05,0,0,0,0,0,0,0,0,0,0,0,0,0,0,0,0,0,0,0,0,0,0,0,0,0,0,0,0,0,0,0,0,147.154539,0.0394669884,0.967696673,-0.00384051527,-0.113534285,-0.171277625,0.224999691,-1.51211678,-4.31409623,0.000207874053,1500,1500,1500,1500,1500,1500,1500,1500,0,0,0,0,0.2,0,0,0,0,0.2,0,0,0,0,0.2,0,0,0,0,0.2,0,0,0,0,1,0,0,0,0,1,0,0,0,0,1,0,0,0,0,1
298199.006,14.45,0,0,0,0,0,0,0.367101461,-0,150.09763,-147.154539,2.94309079,1,0,0,0,0,0,0,0,0,0,0,0,0,0,0,150.09763,4.79015999,-1.85057561,1.86249591e-05,0,0,0,0,0,0,0,0,0,0,0,0,0,0,0,0,0,0,0,0,0,0,0,0,0,0,0,0,0,0,0,0,147.154539,0.0394669884,0.967696673,-0.00384051527,-0.113534285,-0.171277625,0.224999691,-1.51211678,-4.31409623,0.000207874053,1500,1500,1500,1500,1500,1500,1500,1500,0,0,0,0,0.2,0,0,0,0,0.2,0,0,0,0,0.2,0,0,0,0,0.2,0,0,0,0,1,0,0,0,0,1,0,0,0,0,1,0,0,0,0,1
298199.06,14.5,0,0,0,0,0,0,0.367101461,-0,150.09763,-147.154539,2.94309079,1,0,0,0,0,0,0,0,0,0,0,0,0,0,0,150.09763,4.79015999,-1.85057561,1.86249591e-05,0,0,0,0,0,0,0,0,0,0,0,0,0,0,0,0,0,0,0,0,0,0,0,0,0,0,0,0,0,0,0,0,147.154539,0.0394669884,0.967696673,-0.00384051527,-0.113534285,-0.171277625,0.224999691,-1.51211678,-4.31409623,0.000207874053,1500,1500,1500,1500,1500,1500,1500,1500,0,0,0,0,0.2,0,0,0,0,0.2,0,0,0,0,0.2,0,0,0,0,0.2,0,0,0,0,1,0,0,0,0,1,0,0,0,0,1,0,0,0,0,1
298199.114,14.55,0,0,0,0,0,0,0.367101461,-0,150.09763,-147.154539,2.94309079,1,0,0,0,0,0,0,0,0,0,0,0,0,0,0,150.09763,4.79015999,-1.85057561,1.86249591e-05,0,0,0,0,0,0,0,0,0,0,0,0,0,0,0,0,0,0,0,0,0,0,0,0,0,0,0,0,0,0,0,0,147.154539,0.0394669884,0.967696673,-0.00384051527,-0.113534285,-0.171277625,0.224999691,-1.51211678,-4.31409623,0.000207874053,1500,1500,1500,1500,1500,1500,1500,1500,0,0,0,0,0.2,0,0,0,0,0.2,0,0,0,0,0.2,0,0,0,0,0.2,0,0,0,0,1,0,0,0,0,1,0,0,0,0,1,0,0,0,0,1
298199.168,14.6,0,0,0,0,0,0,0.367101461,-0,150.09763,-147.154539,2.94309079,1,0,0,0,0,0,0,0,0,0,0,0,0,0,0,150.09763,4.79015999,-1.85057561,1.86249591e-05,0,0,0,0,0,0,0,0,0,0,0,0,0,0,0,0,0,0,0,0,0,0,0,0,0,0,0,0,0,0,0,0,147.154539,0.0394669884,0.967696673,-0.00384051527,-0.113534285,-0.171277625,0.224999691,-1.51211678,-4.31409623,0.000207874053,1500,1500,1500,1500,1500,1500,1500,1500,0,0,0,0,0.2,0,0,0,0,0.2,0,0,0,0,0.2,0,0,0,0,0.2,0,0,0,0,1,0,0,0,0,1,0,0,0,0,1,0,0,0,0,1
298199.222,14.65,0,0,0,0,0,0,0.367101461,-0,150.09763,-147.154539,2.94309079,1,0,0,0,0,0,0,0,0,0,0,0,0,0,0,150.09763,4.79015999,-1.85057561,1.86249591e-05,0,0,0,0,0,0,0,0,0,0,0,0,0,0,0,0,0,0,0,0,0,0,0,0,0,0,0,0,0,0,0,0,147.154539,0.0394669884,0.967696673,-0.00384051527,-0.113534285,-0.171277625,0.224999691,-1.51211678,-4.31409623,0.000207874053,1500,1500,1500,1500,1500,1500,1500,1500,0,0,0,0,0.2,0,0,0,0,0.2,0,0,0,0,0.2,0,0,0,0,0.2,0,0,0,0,1,0,0,0,0,1,0,0,0,0,1,0,0,0,0,1
298199.275,14.7,0,0,0,0,0,0,0.367101461,-0,150.09763,-147.154539,2.94309079,1,0,0,0,0,0,0,0,0,0,0,0,0,0,0,150.09763,4.79015999,-1.85057561,1.86249591e-05,0,0,0,0,0,0,0,0,0,0,0,0,0,0,0,0,0,0,0,0,0,0,0,0,0,0,0,0,0,0,0,0,147.154539,0.0394669884,0.967696673,-0.00384051527,-0.113534285,-0.171277625,0.224999691,-1.51211678,-4.31409623,0.000207874053,1500,1500,1500,1500,1500,1500,1500,1500,0,0,0,0,0.2,0,0,0,0,0.2,0,0,0,0,0.2,0,0,0,0,0.2,0,0,0,0,1,0,0,0,0,1,0,0,0,0,1,0,0,0,0,1
298199.33,14.75,0,0,0,0,0,0,0.367101461,-0,150.09763,-147.154539,2.94309079,1,0,0,0,0,0,0,0,0,0,0,0,0,0,0,150.09763,4.79015999,-1.85057561,1.86249591e-05,0,0,0,0,0,0,0,0,0,0,0,0,0,0,0,0,0,0,0,0,0,0,0,0,0,0,0,0,0,0,0,0,147.154539,0.0394669884,0.967696673,-0.00384051527,-0.113534285,-0.171277625,0.224999691,-1.51211678,-4.31409623,0.000207874053,1500,1500,1500,1500,1500,1500,1500,1500,0,0,0,0,0.2,0,0,0,0,0.2,0,0,0,0,0.2,0,0,0,0,0.2,0,0,0,0,1,0,0,0,0,1,0,0,0,0,1,0,0,0,0,1
298199.383,14.8,0,0,0,0,0,0,0.367101461,-0,150.09763,-147.154539,2.94309079,1,0,0,0,0,0,0,0,0,0,0,0,0,0,0,150.09763,4.79015999,-1.85057561,1.86249591e-05,0,0,0,0,0,0,0,0,0,0,0,0,0,0,0,0,0,0,0,0,0,0,0,0,0,0,0,0,0,0,0,0,147.154539,0.0394669884,0.967696673,-0.00384051527,-0.113534285,-0.171277625,0.224999691,-1.51211678,-4.31409623,0.000207874053,1500,1500,1500,1500,1500,1500,1500,1500,0,0,0,0,0.2,0,0,0,0,0.2,0,0,0,0,0.2,0,0,0,0,0.2,0,0,0,0,1,0,0,0,0,1,0,0,0,0,1,0,0,0,0,1
298199.436,14.85,0,0,0,0,0,0,0.367101461,-0,150.09763,-147.154539,2.94309079,1,0,0,0,0,0,0,0,0,0,0,0,0,0,0,150.09763,4.79015999,-1.85057561,1.86249591e-05,0,0,0,0,0,0,0,0,0,0,0,0,0,0,0,0,0,0,0,0,0,0,0,0,0,0,0,0,0,0,0,0,147.154539,0.0394669884,0.967696673,-0.00384051527,-0.113534285,-0.171277625,0.224999691,-1.51211678,-4.31409623,0.000207874053,1500,1500,1500,1500,1500,1500,1500,1500,0,0,0,0,0.2,0,0,0,0,0.2,0,0,0,0,0.2,0,0,0,0,0.2,0,0,0,0,1,0,0,0,0,1,0,0,0,0,1,0,0,0,0,1
298199.488,14.9,0,0,0,0,0,0,0.367101461,-0,150.09763,-147.154539,2.94309079,1,0,0,0,0,0,0,0,0,0,0,0,0,0,0,150.09763,4.79015999,-1.85057561,1.86249591e-05,0,0,0,0,0,0,0,0,0,0,0,0,0,0,0,0,0,0,0,0,0,0,0,0,0,0,0,0,0,0,0,0,147.154539,0.0394669884,0.967696673,-0.00384051527,-0.113534285,-0.171277625,0.224999691,-1.51211678,-4.31409623,0.000207874053,1500,1500,1500,1500,1500,1500,1500,1500,0,0,0,0,0.2,0,0,0,0,0.2,0,0,0,0,0.2,0,0,0,0,0.2,0,0,0,0,1,0,0,0,0,1,0,0,0,0,1,0,0,0,0,1
298199.543,14.95,0,0,0,0,0,0,0.367101461,-0,150.09763,-147.154539,2.94309079,1,0,0,0,0,0,0,0,0,0,0,0,0,0,0,150.09763,4.79015999,-1.85057561,1.86249591e-05,0,0,0,0,0,0,0,0,0,0,0,0,0,0,0,0,0,0,0,0,0,0,0,0,0,0,0,0,0,0,0,0,147.154539,0.0394669884,0.967696673,-0.00384051527,-0.113534285,-0.171277625,0.224999691,-1.51211678,-4.31409623,0.000207874053,1500,1500,1500,1500,1500,1500,1500,1500,0,0,0,0,0.2,0,0,0,0,0.2,0,0,0,0,0.2,0,0,0,0,0.2,0,0,0,0,1,0,0,0,0,1,0,0,0,0,1,0,0,0,0,1
298199.595,15,0,0,0,0,0,0,0.367101461,-0,150.09763,-147.154539,2.94309079,1,0,0,0,0,0,0,0,0,0,0,0,0,0,0,150.09763,4.79015999,-1.85057561,1.86249591e-05,0,0,0,0,0,0,0,0,0,0,0,0,0,0,0,0,0,0,0,0,0,0,0,0,0,0,0,0,0,0,0,0,147.154539,0.0394669884,0.967696673,-0.00384051527,-0.113534285,-0.171277625,0.224999691,-1.51211678,-4.31409623,0.000207874053,1500,1500,1500,1500,1500,1500,1500,1500,0,0,0,0,0.2,0,0,0,0,0.2,0,0,0,0,0.2,0,0,0,0,0.2,0,0,0,0,1,0,0,0,0,1,0,0,0,0,1,0,0,0,0,1
298199.648,15.05,0,0,0,0,0,0,0.367101461,-0,150.09763,-147.154539,2.94309079,1,0,0,0,0,0,0,0,0,0,0,0,0,0,0,150.09763,4.79015999,-1.85057561,1.86249591e-05,0,0,0,0,0,0,0,0,0,0,0,0,0,0,0,0,0,0,0,0,0,0,0,0,0,0,0,0,0,0,0,0,147.154539,0.0394669884,0.967696673,-0.00384051527,-0.113534285,-0.171277625,0.224999691,-1.51211678,-4.31409623,0.000207874053,1500,1500,1500,1500,1500,1500,1500,1500,0,0,0,0,0.2,0,0,0,0,0.2,0,0,0,0,0.2,0,0,0,0,0.2,0,0,0,0,1,0,0,0,0,1,0,0,0,0,1,0,0,0,0,1
298199.703,15.1,0,0,0,0,0,0,0.367101461,-0,150.09763,-147.154539,2.94309079,1,0,0,0,0,0,0,0,0,0,0,0,0,0,0,150.09763,4.79015999,-1.85057561,1.86249591e-05,0,0,0,0,0,0,0,0,0,0,0,0,0,0,0,0,0,0,0,0,0,0,0,0,0,0,0,0,0,0,0,0,147.154539,0.0394669884,0.967696673,-0.00384051527,-0.113534285,-0.171277625,0.224999691,-1.51211678,-4.31409623,0.000207874053,1500,1500,1500,1500,1500,1500,1500,1500,0,0,0,0,0.2,0,0,0,0,0.2,0,0,0,0,0.2,0,0,0,0,0.2,0,0,0,0,1,0,0,0,0,1,0,0,0,0,1,0,0,0,0,1
298199.757,15.15,0,0,0,0,0,0,0.367101461,-0,150.09763,-147.154539,2.94309079,1,0,0,0,0,0,0,0,0,0,0,0,0,0,0,150.09763,4.79015999,-1.85057561,1.86249591e-05,0,0,0,0,0,0,0,0,0,0,0,0,0,0,0,0,0,0,0,0,0,0,0,0,0,0,0,0,0,0,0,0,147.154539,0.0394669884,0.967696673,-0.00384051527,-0.113534285,-0.171277625,0.224999691,-1.51211678,-4.31409623,0.000207874053,1500,1500,1500,1500,1500,1500,1500,1500,0,0,0,0,0.2,0,0,0,0,0.2,0,0,0,0,0.2,0,0,0,0,0.2,0,0,0,0,1,0,0,0,0,1,0,0,0,0,1,0,0,0,0,1
298199.811,15.2,0,0,0,0,0,0,0.367101461,-0,150.09763,-147.154539,2.94309079,1,0,0,0,0,0,0,0,0,0,0,0,0,0,0,150.09763,4.79015999,-1.85057561,1.86249591e-05,0,0,0,0,0,0,0,0,0,0,0,0,0,0,0,0,0,0,0,0,0,0,0,0,0,0,0,0,0,0,0,0,147.154539,0.0394669884,0.967696673,-0.00384051527,-0.113534285,-0.171277625,0.224999691,-1.51211678,-4.31409623,0.000207874053,1500,1500,1500,1500,1500,1500,1500,1500,0,0,0,0,0.2,0,0,0,0,0.2,0,0,0,0,0.2,0,0,0,0,0.2,0,0,0,0,1,0,0,0,0,1,0,0,0,0,1,0,0,0,0,1
298199.865,15.25,0,0,0,0,0,0,0.367101461,-0,150.09763,-147.154539,2.94309079,1,0,0,0,0,0,0,0,0,0,0,0,0,0,0,150.09763,4.79015999,-1.85057561,1.86249591e-05,0,0,0,0,0,0,0,0,0,0,0,0,0,0,0,0,0,0,0,0,0,0,0,0,0,0,0,0,0,0,0,0,147.154539,0.0394669884,0.967696673,-0.00384051527,-0.113534285,-0.171277625,0.224999691,-1.51211678,-4.31409623,0.000207874053,1500,1500,1500,1500,1500,1500,1500,1500,0,0,0,0,0.2,0,0,0,0,0.2,0,0,0,0,0.2,0,0,0,0,0.2,0,0,0,0,1,0,0,0,0,1,0,0,0,0,1,0,0,0,0,1
298199.92,15.3,0,0,0,0,0,0,0.367101461,-0,150.09763,-147.154539,2.94309079,1,0,0,0,0,0,0,0,0,0,0,0,0,0,0,150.09763,4.79015999,-1.85057561,1.86249591e-05,0,0,0,0,0,0,0,0,0,0,0,0,0,0,0,0,0,0,0,0,0,0,0,0,0,0,0,0,0,0,0,0,147.154539,0.0394669884,0.967696673,-0.00384051527,-0.113534285,-0.171277625,0.224999691,-1.51211678,-4.31409623,0.000207874053,1500,1500,1500,1500,1500,1500,1500,1500,0,0,0,0,0.2,0,0,0,0,0.2,0,0,0,0,0.2,0,0,0,0,0.2,0,0,0,0,1,0,0,0,0,1,0,0,0,0,1,0,0,0,0,1
298199.972,15.35,0,0,0,0,0,0,0.367101461,-0,150.09763,-147.154539,2.94309079,1,0,0,0,0,0,0,0,0,0,0,0,0,0,0,150.09763,4.79015999,-1.85057561,1.86249591e-05,0,0,0,0,0,0,0,0,0,0,0,0,0,0,0,0,0,0,0,0,0,0,0,0,0,0,0,0,0,0,0,0,147.154539,0.0394669884,0.967696673,-0.00384051527,-0.113534285,-0.171277625,0.224999691,-1.51211678,-4.31409623,0.000207874053,1500,1500,1500,1500,1500,1500,1500,1500,0,0,0,0,0.2,0,0,0,0,0.2,0,0,0,0,0.2,0,0,0,0,0.2,0,0,0,0,1,0,0,0,0,1,0,0,0,0,1,0,0,0,0,1
298200.023,15.4,0,0,0,0,0,0,0.367101461,-0,150.09763,-147.154539,2.94309079,1,0,0,0,0,0,0,0,0,0,0,0,0,0,0,150.09763,4.79015999,-1.85057561,1.86249591e-05,0,0,0,0,0,0,0,0,0,0,0,0,0,0,0,0,0,0,0,0,0,0,0,0,0,0,0,0,0,0,0,0,147.154539,0.0394669884,0.967696673,-0.00384051527,-0.113534285,-0.171277625,0.224999691,-1.51211678,-4.31409623,0.000207874053,1500,1500,1500,1500,1500,1500,1500,1500,0,0,0,0,0.2,0,0,0,0,0.2,0,0,0,0,0.2,0,0,0,0,0.2,0,0,0,0,1,0,0,0,0,1,0,0,0,0,1,0,0,0,0,1
298200.078,15.45,0,0,0,0,0,0,0.367101461,-0,150.09763,-147.154539,2.94309079,1,0,0,0,0,0,0,0,0,0,0,0,0,0,0,150.09763,4.79015999,-1.85057561,1.86249591e-05,0,0,0,0,0,0,0,0,0,0,0,0,0,0,0,0,0,0,0,0,0,0,0,0,0,0,0,0,0,0,0,0,147.154539,0.0394669884,0.967696673,-0.00384051527,-0.113534285,-0.171277625,0.224999691,-1.51211678,-4.31409623,0.000207874053,1500,1500,1500,1500,1500,1500,1500,1500,0,0,0,0,0.2,0,0,0,0,0.2,0,0,0,0,0.2,0,0,0,0,0.2,0,0,0,0,1,0,0,0,0,1,0,0,0,0,1,0,0,0,0,1
298200.13,15.5,0,0,0,0,0,0,0.367101461,-0,150.09763,-147.154539,2.94309079,1,0,0,0,0,0,0,0,0,0,0,0,0,0,0,150.09763,4.79015999,-1.85057561,1.86249591e-05,0,0,0,0,0,0,0,0,0,0,0,0,0,0,0,0,0,0,0,0,0,0,0,0,0,0,0,0,0,0,0,0,147.154539,0.0394669884,0.967696673,-0.00384051527,-0.113534285,-0.171277625,0.224999691,-1.51211678,-4.31409623,0.000207874053,1500,1500,1500,1500,1500,1500,1500,1500,0,0,0,0,0.2,0,0,0,0,0.2,0,0,0,0,0.2,0,0,0,0,0.2,0,0,0,0,1,0,0,0,0,1,0,0,0,0,1,0,0,0,0,1
298200.182,15.55,0,0,0,0,0,0,0.367101461,-0,150.09763,-147.154539,2.94309079,1,0,0,0,0,0,0,0,0,0,0,0,0,0,0,150.09763,4.79015999,-1.85057561,1.86249591e-05,0,0,0,0,0,0,0,0,0,0,0,0,0,0,0,0,0,0,0,0,0,0,0,0,0,0,0,0,0,0,0,0,147.154539,0.0394669884,0.967696673,-0.00384051527,-0.113534285,-0.171277625,0.224999691,-1.51211678,-4.31409623,0.000207874053,1500,1500,1500,1500,1500,1500,1500,1500,0,0,0,0,0.2,0,0,0,0,0.2,0,0,0,0,0.2,0,0,0,0,0.2,0,0,0,0,1,0,0,0,0,1,0,0,0,0,1,0,0,0,0,1
298200.234,15.6,0,0,0,0,0,0,0.367101461,-0,150.09763,-147.154539,2.94309079,1,0,0,0,0,0,0,0,0,0,0,0,0,0,0,150.09763,4.79015999,-1.85057561,1.86249591e-05,0,0,0,0,0,0,0,0,0,0,0,0,0,0,0,0,0,0,0,0,0,0,0,0,0,0,0,0,0,0,0,0,147.154539,0.0394669884,0.967696673,-0.00384051527,-0.113534285,-0.171277625,0.224999691,-1.51211678,-4.31409623,0.000207874053,1500,1500,1500,1500,1500,1500,1500,1500,0,0,0,0,0.2,0,0,0,0,0.2,0,0,0,0,0.2,0,0,0,0,0.2,0,0,0,0,1,0,0,0,0,1,0,0,0,0,1,0,0,0,0,1
298200.287,15.65,0,0,0,0,0,0,0.367101461,-0,150.09763,-147.154539,2.94309079,1,0,0,0,0,0,0,0,0,0,0,0,0,0,0,150.09763,4.79015999,-1.85057561,1.86249591e-05,0,0,0,0,0,0,0,0,0,0,0,0,0,0,0,0,0,0,0,0,0,0,0,0,0,0,0,0,0,0,0,0,147.154539,0.0394669884,0.967696673,-0.00384051527,-0.113534285,-0.171277625,0.224999691,-1.51211678,-4.31409623,0.000207874053,1500,1500,1500,1500,1500,1500,1500,1500,0,0,0,0,0.2,0,0,0,0,0.2,0,0,0,0,0.2,0,0,0,0,0.2,0,0,0,0,1,0,0,0,0,1,0,0,0,0,1,0,0,0,0,1
298200.339,15.7,0,0,0,0,0,0,0.367101461,-0,150.09763,-147.154539,2.94309079,1,0,0,0,0,0,0,0,0,0,0,0,0,0,0,150.09763,4.79015999,-1.85057561,1.86249591e-05,0,0,0,0,0,0,0,0,0,0,0,0,0,0,0,0,0,0,0,0,0,0,0,0,0,0,0,0,0,0,0,0,147.154539,0.0394669884,0.967696673,-0.00384051527,-0.113534285,-0.171277625,0.224999691,-1.51211678,-4.31409623,0.000207874053,1500,1500,1500,1500,1500,1500,1500,1500,0,0,0,0,0.2,0,0,0,0,0.2,0,0,0,0,0.2,0,0,0,0,0.2,0,0,0,0,1,0,0,0,0,1,0,0,0,0,1,0,0,0,0,1
298200.392,15.75,0,0,0,0,0,0,0.367101461,-0,150.09763,-147.154539,2.94309079,1,0,0,0,0,0,0,0,0,0,0,0,0,0,0,150.09763,4.79015999,-1.85057561,1.86249591e-05,0,0,0,0,0,0,0,0,0,0,0,0,0,0,0,0,0,0,0,0,0,0,0,0,0,0,0,0,0,0,0,0,147.154539,0.0394669884,0.967696673,-0.00384051527,-0.113534285,-0.171277625,0.224999691,-1.51211678,-4.31409623,0.000207874053,1500,1500,1500,1500,1500,1500,1500,1500,0,0,0,0,0.2,0,0,0,0,0.2,0,0,0,0,0.2,0,0,0,0,0.2,0,0,0,0,1,0,0,0,0,1,0,0,0,0,1,0,0,0,0,1
298200.445,15.8,0,0,0,0,0,0,0.367101461,-0,150.09763,-147.154539,2.94309079,1,0,0,0,0,0,0,0,0,0,0,0,0,0,0,150.09763,4.79015999,-1.85057561,1.86249591e-05,0,0,0,0,0,0,0,0,0,0,0,0,0,0,0,0,0,0,0,0,0,0,0,0,0,0,0,0,0,0,0,0,147.154539,0.0394669884,0.967696673,-0.00384051527,-0.113534285,-0.171277625,0.224999691,-1.51211678,-4.31409623,0.000207874053,1500,1500,1500,1500,1500,1500,1500,1500,0,0,0,0,0.2,0,0,0,0,0.2,0,0,0,0,0.2,0,0,0,0,0.2,0,0,0,0,1,0,0,0,0,1,0,0,0,0,1,0,0,0,0,1
298200.501,15.85,0,0,0,0,0,0,0.367101461,-0,150.09763,-147.154539,2.94309079,1,0,0,0,0,0,0,0,0,0,0,0,0,0,0,150.09763,4.79015999,-1.85057561,1.86249591e-05,0,0,0,0,0,0,0,0,0,0,0,0,0,0,0,0,0,0,0,0,0,0,0,0,0,0,0,0,0,0,0,0,147.154539,0.0394669884,0.967696673,-0.00384051527,-0.113534285,-0.171277625,0.224999691,-1.51211678,-4.31409623,0.000207874053,1500,1500,1500,1500,1500,1500,1500,1500,0,0,0,0,0.2,0,0,0,0,0.2,0,0,0,0,0.2,0,0,0,0,0.2,0,0,0,0,1,0,0,0,0,1,0,0,0,0,1,0,0,0,0,1
298200.552,15.9,0,0,0,0,0,0,0.367101461,-0,150.09763,-147.154539,2.94309079,1,0,0,0,0,0,0,0,0,0,0,0,0,0,0,150.09763,4.79015999,-1.85057561,1.86249591e-05,0,0,0,0,0,0,0,0,0,0,0,0,0,0,0,0,0,0,0,0,0,0,0,0,0,0,0,0,0,0,0,0,147.154539,0.0394669884,0.967696673,-0.00384051527,-0.113534285,-0.171277625,0.224999691,-1.51211678,-4.31409623,0.000207874053,1500,1500,1500,1500,1500,1500,1500,1500,0,0,0,0,0.2,0,0,0,0,0.2,0,0,0,0,0.2,0,0,0,0,0.2,0,0,0,0,1,0,0,0,0,1,0,0,0,0,1,0,0,0,0,1
298200.603,15.95,0,0,0,0,0,0,0.367101461,-0,150.09763,-147.154539,2.94309079,1,0,0,0,0,0,0,0,0,0,0,0,0,0,0,150.09763,4.79015999,-1.85057561,1.86249591e-05,0,0,0,0,0,0,0,0,0,0,0,0,0,0,0,0,0,0,0,0,0,0,0,0,0,0,0,0,0,0,0,0,147.154539,0.0394669884,0.967696673,-0.00384051527,-0.113534285,-0.171277625,0.224999691,-1.51211678,-4.31409623,0.000207874053,1500,1500,1500,1500,1500,1500,1500,1500,0,0,0,0,0.2,0,0,0,0,0.2,0,0,0,0,0.2,0,0,0,0,0.2,0,0,0,0,1,0,0,0,0,1,0,0,0,0,1,0,0,0,0,1
298200.655,16,0,0,0,0,0,0,0.367101461,-0,150.09763,-147.154539,2.94309079,1,0,0,0,0,0,0,0,0,0,0,0,0,0,0,150.09763,4.79015999,-1.85057561,1.86249591e-05,0,0,0,0,0,0,0,0,0,0,0,0,0,0,0,0,0,0,0,0,0,0,0,0,0,0,0,0,0,0,0,0,147.154539,0.0394669884,0.967696673,-0.00384051527,-0.113534285,-0.171277625,0.224999691,-1.51211678,-4.31409623,0.000207874053,1500,1500,1500,1500,1500,1500,1500,1500,0,0,0,0,0.2,0,0,0,0,0.2,0,0,0,0,0.2,0,0,0,0,0.2,0,0,0,0,1,0,0,0,0,1,0,0,0,0,1,0,0,0,0,1
298200.708,16.05,0,0,0,0,0,0,0.367101461,-0,150.09763,-147.154539,2.94309079,1,0,0,0,0,0,0,0,0,0,0,0,0,0,0,150.09763,4.79015999,-1.85057561,1.86249591e-05,0,0,0,0,0,0,0,0,0,0,0,0,0,0,0,0,0,0,0,0,0,0,0,0,0,0,0,0,0,0,0,0,147.154539,0.0394669884,0.967696673,-0.00384051527,-0.113534285,-0.171277625,0.224999691,-1.51211678,-4.31409623,0.000207874053,1500,1500,1500,1500,1500,1500,1500,1500,0,0,0,0,0.2,0,0,0,0,0.2,0,0,0,0,0.2,0,0,0,0,0.2,0,0,0,0,1,0,0,0,0,1,0,0,0,0,1,0,0,0,0,1
298200.759,16.1,0,0,0,0,0,0,0.367101461,-0,150.09763,-147.154539,2.94309079,1,0,0,0,0,0,0,0,0,0,0,0,0,0,0,150.09763,4.79015999,-1.85057561,1.86249591e-05,0,0,0,0,0,0,0,0,0,0,0,0,0,0,0,0,0,0,0,0,0,0,0,0,0,0,0,0,0,0,0,0,147.154539,0.0394669884,0.967696673,-0.00384051527,-0.113534285,-0.171277625,0.224999691,-1.51211678,-4.31409623,0.000207874053,1500,1500,1500,1500,1500,1500,1500,1500,0,0,0,0,0.2,0,0,0,0,0.2,0,0,0,0,0.2,0,0,0,0,0.2,0,0,0,0,1,0,0,0,0,1,0,0,0,0,1,0,0,0,0,1
298200.811,16.15,0,0,0,0,0,0,0.367101461,-0,150.09763,-147.154539,2.94309079,1,0,0,0,0,0,0,0,0,0,0,0,0,0,0,150.09763,4.79015999,-1.85057561,1.86249591e-05,0,0,0,0,0,0,0,0,0,0,0,0,0,0,0,0,0,0,0,0,0,0,0,0,0,0,0,0,0,0,0,0,147.154539,0.0394669884,0.967696673,-0.00384051527,-0.113534285,-0.171277625,0.224999691,-1.51211678,-4.31409623,0.000207874053,1500,1500,1500,1500,1500,1500,1500,1500,0,0,0,0,0.2,0,0,0,0,0.2,0,0,0,0,0.2,0,0,0,0,0.2,0,0,0,0,1,0,0,0,0,1,0,0,0,0,1,0,0,0,0,1
298200.863,16.2,0,0,0,0,0,0,0.367101461,-0,150.09763,-147.154539,2.94309079,1,0,0,0,0,0,0,0,0,0,0,0,0,0,0,150.09763,4.79015999,-1.85057561,1.86249591e-05,0,0,0,0,0,0,0,0,0,0,0,0,0,0,0,0,0,0,0,0,0,0,0,0,0,0,0,0,0,0,0,0,147.154539,0.0394669884,0.967696673,-0.00384051527,-0.113534285,-0.171277625,0.224999691,-1.51211678,-4.31409623,0.000207874053,1500,1500,1500,1500,1500,1500,1500,1500,0,0,0,0,0.2,0,0,0,0,0.2,0,0,0,0,0.2,0,0,0,0,0.2,0,0,0,0,1,0,0,0,0,1,0,0,0,0,1,0,0,0,0,1
298200.915,16.25,0,0,0,0,0,0,0.367101461,-0,150.09763,-147.154539,2.94309079,1,0,0,0,0,0,0,0,0,0,0,0,0,0,0,150.09763,4.79015999,-1.85057561,1.86249591e-05,0,0,0,0,0,0,0,0,0,0,0,0,0,0,0,0,0,0,0,0,0,0,0,0,0,0,0,0,0,0,0,0,147.154539,0.0394669884,0.967696673,-0.00384051527,-0.113534285,-0.171277625,0.224999691,-1.51211678,-4.31409623,0.000207874053,1500,1500,1500,1500,1500,1500,1500,1500,0,0,0,0,0.2,0,0,0,0,0.2,0,0,0,0,0.2,0,0,0,0,0.2,0,0,0,0,1,0,0,0,0,1,0,0,0,0,1,0,0,0,0,1
298200.966,16.3,0,0,0,0,0,0,0.367101461,-0,150.09763,-147.154539,2.94309079,1,0,0,0,0,0,0,0,0,0,0,0,0,0,0,150.09763,4.79015999,-1.85057561,1.86249591e-05,0,0,0,0,0,0,0,0,0,0,0,0,0,0,0,0,0,0,0,0,0,0,0,0,0,0,0,0,0,0,0,0,147.154539,0.0394669884,0.967696673,-0.00384051527,-0.113534285,-0.171277625,0.224999691,-1.51211678,-4.31409623,0.000207874053,1500,1500,1500,1500,1500,1500,1500,1500,0,0,0,0,0.2,0,0,0,0,0.2,0,0,0,0,0.2,0,0,0,0,0.2,0,0,0,0,1,0,0,0,0,1,0,0,0,0,1,0,0,0,0,1
298201.018,16.35,0,0,0,0,0,0,0.367101461,-0,150.09763,-147.154539,2.94309079,1,0,0,0,0,0,0,0,0,0,0,0,0,0,0,150.09763,4.79015999,-1.85057561,1.86249591e-05,0,0,0,0,0,0,0,0,0,0,0,0,0,0,0,0,0,0,0,0,0,0,0,0,0,0,0,0,0,0,0,0,147.154539,0.0394669884,0.967696673,-0.00384051527,-0.113534285,-0.171277625,0.224999691,-1.51211678,-4.31409623,0.000207874053,1500,1500,1500,1500,1500,1500,1500,1500,0,0,0,0,0.2,0,0,0,0,0.2,0,0,0,0,0.2,0,0,0,0,0.2,0,0,0,0,1,0,0,0,0,1,0,0,0,0,1,0,0,0,0,1
298201.07,16.4,0,0,0,0,0,0,0.367101461,-0,150.09763,-147.154539,2.94309079,1,0,0,0,0,0,0,0,0,0,0,0,0,0,0,150.09763,4.79015999,-1.85057561,1.86249591e-05,0,0,0,0,0,0,0,0,0,0,0,0,0,0,0,0,0,0,0,0,0,0,0,0,0,0,0,0,0,0,0,0,147.154539,0.0394669884,0.967696673,-0.00384051527,-0.113534285,-0.171277625,0.224999691,-1.51211678,-4.31409623,0.000207874053,1500,1500,1500,1500,1500,1500,1500,1500,0,0,0,0,0.2,0,0,0,0,0.2,0,0,0,0,0.2,0,0,0,0,0.2,0,0,0,0,1,0,0,0,0,1,0,0,0,0,1,0,0,0,0,1
298201.124,16.45,0,0,0,0,0,0,0.367101461,-0,150.09763,-147.154539,2.94309079,1,0,0,0,0,0,0,0,0,0,0,0,0,0,0,150.09763,4.79015999,-1.85057561,1.86249591e-05,0,0,0,0,0,0,0,0,0,0,0,0,0,0,0,0,0,0,0,0,0,0,0,0,0,0,0,0,0,0,0,0,147.154539,0.0394669884,0.967696673,-0.00384051527,-0.113534285,-0.171277625,0.224999691,-1.51211678,-4.31409623,0.000207874053,1500,1500,1500,1500,1500,1500,1500,1500,0,0,0,0,0.2,0,0,0,0,0.2,0,0,0,0,0.2,0,0,0,0,0.2,0,0,0,0,1,0,0,0,0,1,0,0,0,0,1,0,0,0,0,1
298201.176,16.5,0,0,0,0,0,0,0.367101461,-0,150.09763,-147.154539,2.94309079,1,0,0,0,0,0,0,0,0,0,0,0,0,0,0,150.09763,4.79015999,-1.85057561,1.86249591e-05,0,0,0,0,0,0,0,0,0,0,0,0,0,0,0,0,0,0,0,0,0,0,0,0,0,0,0,0,0,0,0,0,147.154539,0.0394669884,0.967696673,-0.00384051527,-0.113534285,-0.171277625,0.224999691,-1.51211678,-4.31409623,0.000207874053,1500,1500,1500,1500,1500,1500,1500,1500,0,0,0,0,0.2,0,0,0,0,0.2,0,0,0,0,0.2,0,0,0,0,0.2,0,0,0,0,1,0,0,0,0,1,0,0,0,0,1,0,0,0,0,1
298201.228,16.55,0,0,0,0,0,0,0.367101461,-0,150.09763,-147.154539,2.94309079,1,0,0,0,0,0,0,0,0,0,0,0,0,0,0,150.09763,4.79015999,-1.85057561,1.86249591e-05,0,0,0,0,0,0,0,0,0,0,0,0,0,0,0,0,0,0,0,0,0,0,0,0,0,0,0,0,0,0,0,0,147.154539,0.0394669884,0.967696673,-0.00384051527,-0.113534285,-0.171277625,0.224999691,-1.51211678,-4.31409623,0.000207874053,1500,1500,1500,1500,1500,1500,1500,1500,0,0,0,0,0.2,0,0,0,0,0.2,0,0,0,0,0.2,0,0,0,0,0.2,0,0,0,0,1,0,0,0,0,1,0,0,0,0,1,0,0,0,0,1
298201.279,16.6,0,0,0,0,0,0,0.367101461,-0,150.09763,-147.154539,2.94309079,1,0,0,0,0,0,0,0,0,0,0,0,0,0,0,150.09763,4.79015999,-1.85057561,1.86249591e-05,0,0,0,0,0,0,0,0,0,0,0,0,0,0,0,0,0,0,0,0,0,0,0,0,0,0,0,0,0,0,0,0,147.154539,0.0394669884,0.967696673,-0.00384051527,-0.113534285,-0.171277625,0.224999691,-1.51211678,-4.31409623,0.000207874053,1500,1500,1500,1500,1500,1500,1500,1500,0,0,0,0,0.2,0,0,0,0,0.2,0,0,0,0,0.2,0,0,0,0,0.2,0,0,0,0,1,0,0,0,0,1,0,0,0,0,1,0,0,0,0,1
298201.333,16.65,0,0,0,0,0,0,0.367101461,-0,150.09763,-147.154539,2.94309079,1,0,0,0,0,0,0,0,0,0,0,0,0,0,0,150.09763,4.79015999,-1.85057561,1.86249591e-05,0,0,0,0,0,0,0,0,0,0,0,0,0,0,0,0,0,0,0,0,0,0,0,0,0,0,0,0,0,0,0,0,147.154539,0.0394669884,0.967696673,-0.00384051527,-0.113534285,-0.171277625,0.224999691,-1.51211678,-4.31409623,0.000207874053,1500,1500,1500,1500,1500,1500,1500,1500,0,0,0,0,0.2,0,0,0,0,0.2,0,0,0,0,0.2,0,0,0,0,0.2,0,0,0,0,1,0,0,0,0,1,0,0,0,0,1,0,0,0,0,1
298201.385,16.7,0,0,0,0,0,0,0.367101461,-0,150.09763,-147.154539,2.94309079,1,0,0,0,0,0,0,0,0,0,0,0,0,0,0,150.09763,4.79015999,-1.85057561,1.86249591e-05,0,0,0,0,0,0,0,0,0,0,0,0,0,0,0,0,0,0,0,0,0,0,0,0,0,0,0,0,0,0,0,0,147.154539,0.0394669884,0.967696673,-0.00384051527,-0.113534285,-0.171277625,0.224999691,-1.51211678,-4.31409623,0.000207874053,1500,1500,1500,1500,1500,1500,1500,1500,0,0,0,0,0.2,0,0,0,0,0.2,0,0,0,0,0.2,0,0,0,0,0.2,0,0,0,0,1,0,0,0,0,1,0,0,0,0,1,0,0,0,0,1
298201.438,16.75,0,0,0,0,0,0,0.367101461,-0,150.09763,-147.154539,2.94309079,1,0,0,0,0,0,0,0,0,0,0,0,0,0,0,150.09763,4.79015999,-1.85057561,1.86249591e-05,0,0,0,0,0,0,0,0,0,0,0,0,0,0,0,0,0,0,0,0,0,0,0,0,0,0,0,0,0,0,0,0,147.154539,0.0394669884,0.967696673,-0.00384051527,-0.113534285,-0.171277625,0.224999691,-1.51211678,-4.31409623,0.000207874053,1500,1500,1500,1500,1500,1500,1500,1500,0,0,0,0,0.2,0,0,0,0,0.2,0,0,0,0,0.2,0,0,0,0,0.2,0,0,0,0,1,0,0,0,0,1,0,0,0,0,1,0,0,0,0,1
298201.491,16.8,0,0,0,0,0,0,0.367101461,-0,150.09763,-147.154539,2.94309079,1,0,0,0,0,0,0,0,0,0,0,0,0,0,0,150.09763,4.79015999,-1.85057561,1.86249591e-05,0,0,0,0,0,0,0,0,0,0,0,0,0,0,0,0,0,0,0,0,0,0,0,0,0,0,0,0,0,0,0,0,147.154539,0.0394669884,0.967696673,-0.00384051527,-0.113534285,-0.171277625,0.224999691,-1.51211678,-4.31409623,0.000207874053,1500,1500,1500,1500,1500,1500,1500,1500,0,0,0,0,0.2,0,0,0,0,0.2,0,0,0,0,0.2,0,0,0,0,0.2,0,0,0,0,1,0,0,0,0,1,0,0,0,0,1,0,0,0,0,1
298201.543,16.85,0,0,0,0,0,0,0.367101461,-0,150.09763,-147.154539,2.94309079,1,0,0,0,0,0,0,0,0,0,0,0,0,0,0,150.09763,4.79015999,-1.85057561,1.86249591e-05,0,0,0,0,0,0,0,0,0,0,0,0,0,0,0,0,0,0,0,0,0,0,0,0,0,0,0,0,0,0,0,0,147.154539,0.0394669884,0.967696673,-0.00384051527,-0.113534285,-0.171277625,0.224999691,-1.51211678,-4.31409623,0.000207874053,1500,1500,1500,1500,1500,1500,1500,1500,0,0,0,0,0.2,0,0,0,0,0.2,0,0,0,0,0.2,0,0,0,0,0.2,0,0,0,0,1,0,0,0,0,1,0,0,0,0,1,0,0,0,0,1
298201.596,16.9,0,0,0,0,0,0,0.367101461,-0,150.09763,-147.154539,2.94309079,1,0,0,0,0,0,0,0,0,0,0,0,0,0,0,150.09763,4.79015999,-1.85057561,1.86249591e-05,0,0,0,0,0,0,0,0,0,0,0,0,0,0,0,0,0,0,0,0,0,0,0,0,0,0,0,0,0,0,0,0,147.154539,0.0394669884,0.967696673,-0.00384051527,-0.113534285,-0.171277625,0.224999691,-1.51211678,-4.31409623,0.000207874053,1500,1500,1500,1500,1500,1500,1500,1500,0,0,0,0,0.2,0,0,0,0,0.2,0,0,0,0,0.2,0,0,0,0,0.2,0,0,0,0,1,0,0,0,0,1,0,0,0,0,1,0,0,0,0,1
298201.648,16.95,0,0,0,0,0,0,0.367101461,-0,150.09763,-147.154539,2.94309079,1,0,0,0,0,0,0,0,0,0,0,0,0,0,0,150.09763,4.79015999,-1.85057561,1.86249591e-05,0,0,0,0,0,0,0,0,0,0,0,0,0,0,0,0,0,0,0,0,0,0,0,0,0,0,0,0,0,0,0,0,147.154539,0.0394669884,0.967696673,-0.00384051527,-0.113534285,-0.171277625,0.224999691,-1.51211678,-4.31409623,0.000207874053,1500,1500,1500,1500,1500,1500,1500,1500,0,0,0,0,0.2,0,0,0,0,0.2,0,0,0,0,0.2,0,0,0,0,0.2,0,0,0,0,1,0,0,0,0,1,0,0,0,0,1,0,0,0,0,1
298201.703,17,0,0,0,0,0,0,0.367101461,-0,150.09763,-147.154539,2.94309079,1,0,0,0,0,0,0,0,0,0,0,0,0,0,0,150.09763,4.79015999,-1.85057561,1.86249591e-05,0,0,0,0,0,0,0,0,0,0,0,0,0,0,0,0,0,0,0,0,0,0,0,0,0,0,0,0,0,0,0,0,147.154539,0.0394669884,0.967696673,-0.00384051527,-0.113534285,-0.171277625,0.224999691,-1.51211678,-4.31409623,0.000207874053,1500,1500,1500,1500,1500,1500,1500,1500,0,0,0,0,0.2,0,0,0,0,0.2,0,0,0,0,0.2,0,0,0,0,0.2,0,0,0,0,1,0,0,0,0,1,0,0,0,0,1,0,0,0,0,1
298201.758,17.05,0,0,0,0,0,0,0.367101461,-0,150.09763,-147.154539,2.94309079,1,0,0,0,0,0,0,0,0,0,0,0,0,0,0,150.09763,4.79015999,-1.85057561,1.86249591e-05,0,0,0,0,0,0,0,0,0,0,0,0,0,0,0,0,0,0,0,0,0,0,0,0,0,0,0,0,0,0,0,0,147.154539,0.0394669884,0.967696673,-0.00384051527,-0.113534285,-0.171277625,0.224999691,-1.51211678,-4.31409623,0.000207874053,1500,1500,1500,1500,1500,1500,1500,1500,0,0,0,0,0.2,0,0,0,0,0.2,0,0,0,0,0.2,0,0,0,0,0.2,0,0,0,0,1,0,0,0,0,1,0,0,0,0,1,0,0,0,0,1
298201.809,17.1,0,0,0,0,0,0,0.367101461,-0,150.09763,-147.154539,2.94309079,1,0,0,0,0,0,0,0,0,0,0,0,0,0,0,150.09763,4.79015999,-1.85057561,1.86249591e-05,0,0,0,0,0,0,0,0,0,0,0,0,0,0,0,0,0,0,0,0,0,0,0,0,0,0,0,0,0,0,0,0,147.154539,0.0394669884,0.967696673,-0.00384051527,-0.113534285,-0.171277625,0.224999691,-1.51211678,-4.31409623,0.000207874053,1500,1500,1500,1500,1500,1500,1500,1500,0,0,0,0,0.2,0,0,0,0,0.2,0,0,0,0,0.2,0,0,0,0,0.2,0,0,0,0,1,0,0,0,0,1,0,0,0,0,1,0,0,0,0,1
298201.861,17.15,0,0,0,0,0,0,0.367101461,-0,150.09763,-147.154539,2.94309079,1,0,0,0,0,0,0,0,0,0,0,0,0,0,0,150.09763,4.79015999,-1.85057561,1.86249591e-05,0,0,0,0,0,0,0,0,0,0,0,0,0,0,0,0,0,0,0,0,0,0,0,0,0,0,0,0,0,0,0,0,147.154539,0.0394669884,0.967696673,-0.00384051527,-0.113534285,-0.171277625,0.224999691,-1.51211678,-4.31409623,0.000207874053,1500,1500,1500,1500,1500,1500,1500,1500,0,0,0,0,0.2,0,0,0,0,0.2,0,0,0,0,0.2,0,0,0,0,0.2,0,0,0,0,1,0,0,0,0,1,0,0,0,0,1,0,0,0,0,1
298201.916,17.2,0,0,0,0,0,0,0.367101461,-0,150.09763,-147.154539,2.94309079,1,0,0,0,0,0,0,0,0,0,0,0,0,0,0,150.09763,4.79015999,-1.85057561,1.86249591e-05,0,0,0,0,0,0,0,0,0,0,0,0,0,0,0,0,0,0,0,0,0,0,0,0,0,0,0,0,0,0,0,0,147.154539,0.0394669884,0.967696673,-0.00384051527,-0.113534285,-0.171277625,0.224999691,-1.51211678,-4.31409623,0.000207874053,1500,1500,1500,1500,1500,1500,1500,1500,0,0,0,0,0.2,0,0,0,0,0.2,0,0,0,0,0.2,0,0,0,0,0.2,0,0,0,0,1,0,0,0,0,1,0,0,0,0,1,0,0,0,0,1
298201.97,17.25,0,0,0,0,0,0,0.367101461,-0,150.09763,-147.154539,2.94309079,1,0,0,0,0,0,0,0,0,0,0,0,0,0,0,150.09763,4.79015999,-1.85057561,1.86249591e-05,0,0,0,0,0,0,0,0,0,0,0,0,0,0,0,0,0,0,0,0,0,0,0,0,0,0,0,0,0,0,0,0,147.154539,0.0394669884,0.967696673,-0.00384051527,-0.113534285,-0.171277625,0.224999691,-1.51211678,-4.31409623,0.000207874053,1500,1500,1500,1500,1500,1500,1500,1500,0,0,0,0,0.2,0,0,0,0,0.2,0,0,0,0,0.2,0,0,0,0,0.2,0,0,0,0,1,0,0,0,0,1,0,0,0,0,1,0,0,0,0,1
298202.021,17.3,0,0,0,0,0,0,0.367101461,-0,150.09763,-147.154539,2.94309079,1,0,0,0,0,0,0,0,0,0,0,0,0,0,0,150.09763,4.79015999,-1.85057561,1.86249591e-05,0,0,0,0,0,0,0,0,0,0,0,0,0,0,0,0,0,0,0,0,0,0,0,0,0,0,0,0,0,0,0,0,147.154539,0.0394669884,0.967696673,-0.00384051527,-0.113534285,-0.171277625,0.224999691,-1.51211678,-4.31409623,0.000207874053,1500,1500,1500,1500,1500,1500,1500,1500,0,0,0,0,0.2,0,0,0,0,0.2,0,0,0,0,0.2,0,0,0,0,0.2,0,0,0,0,1,0,0,0,0,1,0,0,0,0,1,0,0,0,0,1
298202.076,17.35,0,0,0,0,0,0,0.367101461,-0,150.09763,-147.154539,2.94309079,1,0,0,0,0,0,0,0,0,0,0,0,0,0,0,150.09763,4.79015999,-1.85057561,1.86249591e-05,0,0,0,0,0,0,0,0,0,0,0,0,0,0,0,0,0,0,0,0,0,0,0,0,0,0,0,0,0,0,0,0,147.154539,0.0394669884,0.967696673,-0.00384051527,-0.113534285,-0.171277625,0.224999691,-1.51211678,-4.31409623,0.000207874053,1500,1500,1500,1500,1500,1500,1500,1500,0,0,0,0,0.2,0,0,0,0,0.2,0,0,0,0,0.2,0,0,0,0,0.2,0,0,0,0,1,0,0,0,0,1,0,0,0,0,1,0,0,0,0,1
298202.127,17.4,0,0,0,0,0,0,0.367101461,-0,150.09763,-147.154539,2.94309079,1,0,0,0,0,0,0,0,0,0,0,0,0,0,0,150.09763,4.79015999,-1.85057561,1.86249591e-05,0,0,0,0,0,0,0,0,0,0,0,0,0,0,0,0,0,0,0,0,0,0,0,0,0,0,0,0,0,0,0,0,147.154539,0.0394669884,0.967696673,-0.00384051527,-0.113534285,-0.171277625,0.224999691,-1.51211678,-4.31409623,0.000207874053,1500,1500,1500,1500,1500,1500,1500,1500,0,0,0,0,0.2,0,0,0,0,0.2,0,0,0,0,0.2,0,0,0,0,0.2,0,0,0,0,1,0,0,0,0,1,0,0,0,0,1,0,0,0,0,1
298202.178,17.45,0,0,0,0,0,0,0.367101461,-0,150.09763,-147.154539,2.94309079,1,0,0,0,0,0,0,0,0,0,0,0,0,0,0,150.09763,4.79015999,-1.85057561,1.86249591e-05,0,0,0,0,0,0,0,0,0,0,0,0,0,0,0,0,0,0,0,0,0,0,0,0,0,0,0,0,0,0,0,0,147.154539,0.0394669884,0.967696673,-0.00384051527,-0.113534285,-0.171277625,0.224999691,-1.51211678,-4.31409623,0.000207874053,1500,1500,1500,1500,1500,1500,1500,1500,0,0,0,0,0.2,0,0,0,0,0.2,0,0,0,0,0.2,0,0,0,0,0.2,0,0,0,0,1,0,0,0,0,1,0,0,0,0,1,0,0,0,0,1
298202.228,17.5,0,0,0,0,0,0,0.367101461,-0,150.09763,-147.154539,2.94309079,1,0,0,0,0,0,0,0,0,0,0,0,0,0,0,150.09763,4.79015999,-1.85057561,1.86249591e-05,0,0,0,0,0,0,0,0,0,0,0,0,0,0,0,0,0,0,0,0,0,0,0,0,0,0,0,0,0,0,0,0,147.154539,0.0394669884,0.967696673,-0.00384051527,-0.113534285,-0.171277625,0.224999691,-1.51211678,-4.31409623,0.000207874053,1500,1500,1500,1500,1500,1500,1500,1500,0,0,0,0,0.2,0,0,0,0,0.2,0,0,0,0,0.2,0,0,0,0,0.2,0,0,0,0,1,0,0,0,0,1,0,0,0,0,1,0,0,0,0,1
298202.279,17.55,0,0,0,0,0,0,0.367101461,-0,150.09763,-147.154539,2.94309079,1,0,0,0,0,0,0,0,0,0,0,0,0,0,0,150.09763,4.79015999,-1.85057561,1.86249591e-05,0,0,0,0,0,0,0,0,0,0,0,0,0,0,0,0,0,0,0,0,0,0,0,0,0,0,0,0,0,0,0,0,147.154539,0.0394669884,0.967696673,-0.00384051527,-0.113534285,-0.171277625,0.224999691,-1.51211678,-4.31409623,0.000207874053,1500,1500,1500,1500,1500,1500,1500,1500,0,0,0,0,0.2,0,0,0,0,0.2,0,0,0,0,0.2,0,0,0,0,0.2,0,0,0,0,1,0,0,0,0,1,0,0,0,0,1,0,0,0,0,1
298202.329,17.6,0,0,0,0,0,0,0.367101461,-0,150.09763,-147.154539,2.94309079,1,0,0,0,0,0,0,0,0,0,0,0,0,0,0,150.09763,4.79015999,-1.85057561,1.86249591e-05,0,0,0,0,0,0,0,0,0,0,0,0,0,0,0,0,0,0,0,0,0,0,0,0,0,0,0,0,0,0,0,0,147.154539,0.0394669884,0.967696673,-0.00384051527,-0.113534285,-0.171277625,0.224999691,-1.51211678,-4.31409623,0.000207874053,1500,1500,1500,1500,1500,1500,1500,1500,0,0,0,0,0.2,0,0,0,0,0.2,0,0,0,0,0.2,0,0,0,0,0.2,0,0,0,0,1,0,0,0,0,1,0,0,0,0,1,0,0,0,0,1
298202.38,17.65,0,0,0,0,0,0,0.367101461,-0,150.09763,-147.154539,2.94309079,1,0,0,0,0,0,0,0,0,0,0,0,0,0,0,150.09763,4.79015999,-1.85057561,1.86249591e-05,0,0,0,0,0,0,0,0,0,0,0,0,0,0,0,0,0,0,0,0,0,0,0,0,0,0,0,0,0,0,0,0,147.154539,0.0394669884,0.967696673,-0.00384051527,-0.113534285,-0.171277625,0.224999691,-1.51211678,-4.31409623,0.000207874053,1500,1500,1500,1500,1500,1500,1500,1500,0,0,0,0,0.2,0,0,0,0,0.2,0,0,0,0,0.2,0,0,0,0,0.2,0,0,0,0,1,0,0,0,0,1,0,0,0,0,1,0,0,0,0,1
298202.439,17.7,0,0,0,0,0,0,0.367101461,-0,150.09763,-147.154539,2.94309079,1,0,0,0,0,0,0,0,0,0,0,0,0,0,0,150.09763,4.79015999,-1.85057561,1.86249591e-05,0,0,0,0,0,0,0,0,0,0,0,0,0,0,0,0,0,0,0,0,0,0,0,0,0,0,0,0,0,0,0,0,147.154539,0.0394669884,0.967696673,-0.00384051527,-0.113534285,-0.171277625,0.224999691,-1.51211678,-4.31409623,0.000207874053,1500,1500,1500,1500,1500,1500,1500,1500,0,0,0,0,0.2,0,0,0,0,0.2,0,0,0,0,0.2,0,0,0,0,0.2,0,0,0,0,1,0,0,0,0,1,0,0,0,0,1,0,0,0,0,1
298202.493,17.75,0,0,0,0,0,0,0.367101461,-0,150.09763,-147.154539,2.94309079,1,0,0,0,0,0,0,0,0,0,0,0,0,0,0,150.09763,4.79015999,-1.85057561,1.86249591e-05,0,0,0,0,0,0,0,0,0,0,0,0,0,0,0,0,0,0,0,0,0,0,0,0,0,0,0,0,0,0,0,0,147.154539,0.0394669884,0.967696673,-0.00384051527,-0.113534285,-0.171277625,0.224999691,-1.51211678,-4.31409623,0.000207874053,1500,1500,1500,1500,1500,1500,1500,1500,0,0,0,0,0.2,0,0,0,0,0.2,0,0,0,0,0.2,0,0,0,0,0.2,0,0,0,0,1,0,0,0,0,1,0,0,0,0,1,0,0,0,0,1
298202.545,17.8,0,0,0,0,0,0,0.367101461,-0,150.09763,-147.154539,2.94309079,1,0,0,0,0,0,0,0,0,0,0,0,0,0,0,150.09763,4.79015999,-1.85057561,1.86249591e-05,0,0,0,0,0,0,0,0,0,0,0,0,0,0,0,0,0,0,0,0,0,0,0,0,0,0,0,0,0,0,0,0,147.154539,0.0394669884,0.967696673,-0.00384051527,-0.113534285,-0.171277625,0.224999691,-1.51211678,-4.31409623,0.000207874053,1500,1500,1500,1500,1500,1500,1500,1500,0,0,0,0,0.2,0,0,0,0,0.2,0,0,0,0,0.2,0,0,0,0,0.2,0,0,0,0,1,0,0,0,0,1,0,0,0,0,1,0,0,0,0,1
298202.597,17.85,0,0,0,0,0,0,0.367101461,-0,150.09763,-147.154539,2.94309079,1,0,0,0,0,0,0,0,0,0,0,0,0,0,0,150.09763,4.79015999,-1.85057561,1.86249591e-05,0,0,0,0,0,0,0,0,0,0,0,0,0,0,0,0,0,0,0,0,0,0,0,0,0,0,0,0,0,0,0,0,147.154539,0.0394669884,0.967696673,-0.00384051527,-0.113534285,-0.171277625,0.224999691,-1.51211678,-4.31409623,0.000207874053,1500,1500,1500,1500,1500,1500,1500,1500,0,0,0,0,0.2,0,0,0,0,0.2,0,0,0,0,0.2,0,0,0,0,0.2,0,0,0,0,1,0,0,0,0,1,0,0,0,0,1,0,0,0,0,1
298202.649,17.9,0,0,0,0,0,0,0.367101461,-0,150.09763,-147.154539,2.94309079,1,0,0,0,0,0,0,0,0,0,0,0,0,0,0,150.09763,4.79015999,-1.85057561,1.86249591e-05,0,0,0,0,0,0,0,0,0,0,0,0,0,0,0,0,0,0,0,0,0,0,0,0,0,0,0,0,0,0,0,0,147.154539,0.0394669884,0.967696673,-0.00384051527,-0.113534285,-0.171277625,0.224999691,-1.51211678,-4.31409623,0.000207874053,1500,1500,1500,1500,1500,1500,1500,1500,0,0,0,0,0.2,0,0,0,0,0.2,0,0,0,0,0.2,0,0,0,0,0.2,0,0,0,0,1,0,0,0,0,1,0,0,0,0,1,0,0,0,0,1
298202.702,17.95,0,0,0,0,0,0,0.367101461,-0,150.09763,-147.154539,2.94309079,1,0,0,0,0,0,0,0,0,0,0,0,0,0,0,150.09763,4.79015999,-1.85057561,1.86249591e-05,0,0,0,0,0,0,0,0,0,0,0,0,0,0,0,0,0,0,0,0,0,0,0,0,0,0,0,0,0,0,0,0,147.154539,0.0394669884,0.967696673,-0.00384051527,-0.113534285,-0.171277625,0.224999691,-1.51211678,-4.31409623,0.000207874053,1500,1500,1500,1500,1500,1500,1500,1500,0,0,0,0,0.2,0,0,0,0,0.2,0,0,0,0,0.2,0,0,0,0,0.2,0,0,0,0,1,0,0,0,0,1,0,0,0,0,1,0,0,0,0,1
298202.753,18,0,0,0,0,0,0,0.367101461,-0,150.09763,-147.154539,2.94309079,1,0,0,0,0,0,0,0,0,0,0,0,0,0,0,150.09763,4.79015999,-1.85057561,1.86249591e-05,0,0,0,0,0,0,0,0,0,0,0,0,0,0,0,0,0,0,0,0,0,0,0,0,0,0,0,0,0,0,0,0,147.154539,0.0394669884,0.967696673,-0.00384051527,-0.113534285,-0.171277625,0.224999691,-1.51211678,-4.31409623,0.000207874053,1500,1500,1500,1500,1500,1500,1500,1500,0,0,0,0,0.2,0,0,0,0,0.2,0,0,0,0,0.2,0,0,0,0,0.2,0,0,0,0,1,0,0,0,0,1,0,0,0,0,1,0,0,0,0,1
298202.805,18.05,0,0,0,0,0,0,0.367101461,-0,150.09763,-147.154539,2.94309079,1,0,0,0,0,0,0,0,0,0,0,0,0,0,0,150.09763,4.79015999,-1.85057561,1.86249591e-05,0,0,0,0,0,0,0,0,0,0,0,0,0,0,0,0,0,0,0,0,0,0,0,0,0,0,0,0,0,0,0,0,147.154539,0.0394669884,0.967696673,-0.00384051527,-0.113534285,-0.171277625,0.224999691,-1.51211678,-4.31409623,0.000207874053,1500,1500,1500,1500,1500,1500,1500,1500,0,0,0,0,0.2,0,0,0,0,0.2,0,0,0,0,0.2,0,0,0,0,0.2,0,0,0,0,1,0,0,0,0,1,0,0,0,0,1,0,0,0,0,1
298202.857,18.1,0,0,0,0,0,0,0.367101461,-0,150.09763,-147.154539,2.94309079,1,0,0,0,0,0,0,0,0,0,0,0,0,0,0,150.09763,4.79015999,-1.85057561,1.86249591e-05,0,0,0,0,0,0,0,0,0,0,0,0,0,0,0,0,0,0,0,0,0,0,0,0,0,0,0,0,0,0,0,0,147.154539,0.0394669884,0.967696673,-0.00384051527,-0.113534285,-0.171277625,0.224999691,-1.51211678,-4.31409623,0.000207874053,1500,1500,1500,1500,1500,1500,1500,1500,0,0,0,0,0.2,0,0,0,0,0.2,0,0,0,0,0.2,0,0,0,0,0.2,0,0,0,0,1,0,0,0,0,1,0,0,0,0,1,0,0,0,0,1
298202.911,18.15,0,0,0,0,0,0,0.367101461,-0,150.09763,-147.154539,2.94309079,1,0,0,0,0,0,0,0,0,0,0,0,0,0,0,150.09763,4.79015999,-1.85057561,1.86249591e-05,0,0,0,0,0,0,0,0,0,0,0,0,0,0,0,0,0,0,0,0,0,0,0,0,0,0,0,0,0,0,0,0,147.154539,0.0394669884,0.967696673,-0.00384051527,-0.113534285,-0.171277625,0.224999691,-1.51211678,-4.31409623,0.000207874053,1500,1500,1500,1500,1500,1500,1500,1500,0,0,0,0,0.2,0,0,0,0,0.2,0,0,0,0,0.2,0,0,0,0,0.2,0,0,0,0,1,0,0,0,0,1,0,0,0,0,1,0,0,0,0,1
298202.964,18.2,0,0,0,0,0,0,0.367101461,-0,150.09763,-147.154539,2.94309079,1,0,0,0,0,0,0,0,0,0,0,0,0,0,0,150.09763,4.79015999,-1.85057561,1.86249591e-05,0,0,0,0,0,0,0,0,0,0,0,0,0,0,0,0,0,0,0,0,0,0,0,0,0,0,0,0,0,0,0,0,147.154539,0.0394669884,0.967696673,-0.00384051527,-0.113534285,-0.171277625,0.224999691,-1.51211678,-4.31409623,0.000207874053,1500,1500,1500,1500,1500,1500,1500,1500,0,0,0,0,0.2,0,0,0,0,0.2,0,0,0,0,0.2,0,0,0,0,0.2,0,0,0,0,1,0,0,0,0,1,0,0,0,0,1,0,0,0,0,1
298203.018,18.25,0,0,0,0,0,0,0.367101461,-0,150.09763,-147.154539,2.94309079,1,0,0,0,0,0,0,0,0,0,0,0,0,0,0,150.09763,4.79015999,-1.85057561,1.86249591e-05,0,0,0,0,0,0,0,0,0,0,0,0,0,0,0,0,0,0,0,0,0,0,0,0,0,0,0,0,0,0,0,0,147.154539,0.0394669884,0.967696673,-0.00384051527,-0.113534285,-0.171277625,0.224999691,-1.51211678,-4.31409623,0.000207874053,1500,1500,1500,1500,1500,1500,1500,1500,0,0,0,0,0.2,0,0,0,0,0.2,0,0,0,0,0.2,0,0,0,0,0.2,0,0,0,0,1,0,0,0,0,1,0,0,0,0,1,0,0,0,0,1
298203.072,18.3,0,0,0,0,0,0,0.367101461,-0,150.09763,-147.154539,2.94309079,1,0,0,0,0,0,0,0,0,0,0,0,0,0,0,150.09763,4.79015999,-1.85057561,1.86249591e-05,0,0,0,0,0,0,0,0,0,0,0,0,0,0,0,0,0,0,0,0,0,0,0,0,0,0,0,0,0,0,0,0,147.154539,0.0394669884,0.967696673,-0.00384051527,-0.113534285,-0.171277625,0.224999691,-1.51211678,-4.31409623,0.000207874053,1500,1500,1500,1500,1500,1500,1500,1500,0,0,0,0,0.2,0,0,0,0,0.2,0,0,0,0,0.2,0,0,0,0,0.2,0,0,0,0,1,0,0,0,0,1,0,0,0,0,1,0,0,0,0,1
298203.125,18.35,0,0,0,0,0,0,0.367101461,-0,150.09763,-147.154539,2.94309079,1,0,0,0,0,0,0,0,0,0,0,0,0,0,0,150.09763,4.79015999,-1.85057561,1.86249591e-05,0,0,0,0,0,0,0,0,0,0,0,0,0,0,0,0,0,0,0,0,0,0,0,0,0,0,0,0,0,0,0,0,147.154539,0.0394669884,0.967696673,-0.00384051527,-0.113534285,-0.171277625,0.224999691,-1.51211678,-4.31409623,0.000207874053,1500,1500,1500,1500,1500,1500,1500,1500,0,0,0,0,0.2,0,0,0,0,0.2,0,0,0,0,0.2,0,0,0,0,0.2,0,0,0,0,1,0,0,0,0,1,0,0,0,0,1,0,0,0,0,1
298203.177,18.4,0,0,0,0,0,0,0.367101461,-0,150.09763,-147.154539,2.94309079,1,0,0,0,0,0,0,0,0,0,0,0,0,0,0,150.09763,4.79015999,-1.85057561,1.86249591e-05,0,0,0,0,0,0,0,0,0,0,0,0,0,0,0,0,0,0,0,0,0,0,0,0,0,0,0,0,0,0,0,0,147.154539,0.0394669884,0.967696673,-0.00384051527,-0.113534285,-0.171277625,0.224999691,-1.51211678,-4.31409623,0.000207874053,1500,1500,1500,1500,1500,1500,1500,1500,0,0,0,0,0.2,0,0,0,0,0.2,0,0,0,0,0.2,0,0,0,0,0.2,0,0,0,0,1,0,0,0,0,1,0,0,0,0,1,0,0,0,0,1
298203.231,18.45,0,0,0,0,0,0,0.367101461,-0,150.09763,-147.154539,2.94309079,1,0,0,0,0,0,0,0,0,0,0,0,0,0,0,150.09763,4.79015999,-1.85057561,1.86249591e-05,0,0,0,0,0,0,0,0,0,0,0,0,0,0,0,0,0,0,0,0,0,0,0,0,0,0,0,0,0,0,0,0,147.154539,0.0394669884,0.967696673,-0.00384051527,-0.113534285,-0.171277625,0.224999691,-1.51211678,-4.31409623,0.000207874053,1500,1500,1500,1500,1500,1500,1500,1500,0,0,0,0,0.2,0,0,0,0,0.2,0,0,0,0,0.2,0,0,0,0,0.2,0,0,0,0,1,0,0,0,0,1,0,0,0,0,1,0,0,0,0,1
298203.284,18.5,0,0,0,0,0,0,0.367101461,-0,150.09763,-147.154539,2.94309079,1,0,0,0,0,0,0,0,0,0,0,0,0,0,0,150.09763,4.79015999,-1.85057561,1.86249591e-05,0,0,0,0,0,0,0,0,0,0,0,0,0,0,0,0,0,0,0,0,0,0,0,0,0,0,0,0,0,0,0,0,147.154539,0.0394669884,0.967696673,-0.00384051527,-0.113534285,-0.171277625,0.224999691,-1.51211678,-4.31409623,0.000207874053,1500,1500,1500,1500,1500,1500,1500,1500,0,0,0,0,0.2,0,0,0,0,0.2,0,0,0,0,0.2,0,0,0,0,0.2,0,0,0,0,1,0,0,0,0,1,0,0,0,0,1,0,0,0,0,1
298203.34,18.55,0,0,0,0,0,0,0.367101461,-0,150.09763,-147.154539,2.94309079,1,0,0,0,0,0,0,0,0,0,0,0,0,0,0,150.09763,4.79015999,-1.85057561,1.86249591e-05,0,0,0,0,0,0,0,0,0,0,0,0,0,0,0,0,0,0,0,0,0,0,0,0,0,0,0,0,0,0,0,0,147.154539,0.0394669884,0.967696673,-0.00384051527,-0.113534285,-0.171277625,0.224999691,-1.51211678,-4.31409623,0.000207874053,1500,1500,1500,1500,1500,1500,1500,1500,0,0,0,0,0.2,0,0,0,0,0.2,0,0,0,0,0.2,0,0,0,0,0.2,0,0,0,0,1,0,0,0,0,1,0,0,0,0,1,0,0,0,0,1
298203.394,18.6,0,0,0,0,0,0,0.367101461,-0,150.09763,-147.154539,2.94309079,1,0,0,0,0,0,0,0,0,0,0,0,0,0,0,150.09763,4.79015999,-1.85057561,1.86249591e-05,0,0,0,0,0,0,0,0,0,0,0,0,0,0,0,0,0,0,0,0,0,0,0,0,0,0,0,0,0,0,0,0,147.154539,0.0394669884,0.967696673,-0.00384051527,-0.113534285,-0.171277625,0.224999691,-1.51211678,-4.31409623,0.000207874053,1500,1500,1500,1500,1500,1500,1500,1500,0,0,0,0,0.2,0,0,0,0,0.2,0,0,0,0,0.2,0,0,0,0,0.2,0,0,0,0,1,0,0,0,0,1,0,0,0,0,1,0,0,0,0,1
298203.448,18.65,0,0,0,0,0,0,0.367101461,-0,150.09763,-147.154539,2.94309079,1,0,0,0,0,0,0,0,0,0,0,0,0,0,0,150.09763,4.79015999,-1.85057561,1.86249591e-05,0,0,0,0,0,0,0,0,0,0,0,0,0,0,0,0,0,0,0,0,0,0,0,0,0,0,0,0,0,0,0,0,147.154539,0.0394669884,0.967696673,-0.00384051527,-0.113534285,-0.171277625,0.224999691,-1.51211678,-4.31409623,0.000207874053,1500,1500,1500,1500,1500,1500,1500,1500,0,0,0,0,0.2,0,0,0,0,0.2,0,0,0,0,0.2,0,0,0,0,0.2,0,0,0,0,1,0,0,0,0,1,0,0,0,0,1,0,0,0,0,1
298203.5,18.7,0,0,0,0,0,0,0.367101461,-0,150.09763,-147.154539,2.94309079,1,0,0,0,0,0,0,0,0,0,0,0,0,0,0,150.09763,4.79015999,-1.85057561,1.86249591e-05,0,0,0,0,0,0,0,0,0,0,0,0,0,0,0,0,0,0,0,0,0,0,0,0,0,0,0,0,0,0,0,0,147.154539,0.0394669884,0.967696673,-0.00384051527,-0.113534285,-0.171277625,0.224999691,-1.51211678,-4.31409623,0.000207874053,1500,1500,1500,1500,1500,1500,1500,1500,0,0,0,0,0.2,0,0,0,0,0.2,0,0,0,0,0.2,0,0,0,0,0.2,0,0,0,0,1,0,0,0,0,1,0,0,0,0,1,0,0,0,0,1
298203.552,18.75,0,0,0,0,0,0,0.367101461,-0,150.09763,-147.154539,2.94309079,1,0,0,0,0,0,0,0,0,0,0,0,0,0,0,150.09763,4.79015999,-1.85057561,1.86249591e-05,0,0,0,0,0,0,0,0,0,0,0,0,0,0,0,0,0,0,0,0,0,0,0,0,0,0,0,0,0,0,0,0,147.154539,0.0394669884,0.967696673,-0.00384051527,-0.113534285,-0.171277625,0.224999691,-1.51211678,-4.31409623,0.000207874053,1500,1500,1500,1500,1500,1500,1500,1500,0,0,0,0,0.2,0,0,0,0,0.2,0,0,0,0,0.2,0,0,0,0,0.2,0,0,0,0,1,0,0,0,0,1,0,0,0,0,1,0,0,0,0,1
298203.604,18.8,0,0,0,0,0,0,0.367101461,-0,150.09763,-147.154539,2.94309079,1,0,0,0,0,0,0,0,0,0,0,0,0,0,0,150.09763,4.79015999,-1.85057561,1.86249591e-05,0,0,0,0,0,0,0,0,0,0,0,0,0,0,0,0,0,0,0,0,0,0,0,0,0,0,0,0,0,0,0,0,147.154539,0.0394669884,0.967696673,-0.00384051527,-0.113534285,-0.171277625,0.224999691,-1.51211678,-4.31409623,0.000207874053,1500,1500,1500,1500,1500,1500,1500,1500,0,0,0,0,0.2,0,0,0,0,0.2,0,0,0,0,0.2,0,0,0,0,0.2,0,0,0,0,1,0,0,0,0,1,0,0,0,0,1,0,0,0,0,1
298203.656,18.85,0,0,0,0,0,0,0.367101461,-0,150.09763,-147.154539,2.94309079,1,0,0,0,0,0,0,0,0,0,0,0,0,0,0,150.09763,4.79015999,-1.85057561,1.86249591e-05,0,0,0,0,0,0,0,0,0,0,0,0,0,0,0,0,0,0,0,0,0,0,0,0,0,0,0,0,0,0,0,0,147.154539,0.0394669884,0.967696673,-0.00384051527,-0.113534285,-0.171277625,0.224999691,-1.51211678,-4.31409623,0.000207874053,1500,1500,1500,1500,1500,1500,1500,1500,0,0,0,0,0.2,0,0,0,0,0.2,0,0,0,0,0.2,0,0,0,0,0.2,0,0,0,0,1,0,0,0,0,1,0,0,0,0,1,0,0,0,0,1
298203.709,18.9,0,0,0,0,0,0,0.367101461,-0,150.09763,-147.154539,2.94309079,1,0,0,0,0,0,0,0,0,0,0,0,0,0,0,150.09763,4.79015999,-1.85057561,1.86249591e-05,0,0,0,0,0,0,0,0,0,0,0,0,0,0,0,0,0,0,0,0,0,0,0,0,0,0,0,0,0,0,0,0,147.154539,0.0394669884,0.967696673,-0.00384051527,-0.113534285,-0.171277625,0.224999691,-1.51211678,-4.31409623,0.000207874053,1500,1500,1500,1500,1500,1500,1500,1500,0,0,0,0,0.2,0,0,0,0,0.2,0,0,0,0,0.2,0,0,0,0,0.2,0,0,0,0,1,0,0,0,0,1,0,0,0,0,1,0,0,0,0,1
298203.761,18.95,0,0,0,0,0,0,0.367101461,-0,150.09763,-147.154539,2.94309079,1,0,0,0,0,0,0,0,0,0,0,0,0,0,0,150.09763,4.79015999,-1.85057561,1.86249591e-05,0,0,0,0,0,0,0,0,0,0,0,0,0,0,0,0,0,0,0,0,0,0,0,0,0,0,0,0,0,0,0,0,147.154539,0.0394669884,0.967696673,-0.00384051527,-0.113534285,-0.171277625,0.224999691,-1.51211678,-4.31409623,0.000207874053,1500,1500,1500,1500,1500,1500,1500,1500,0,0,0,0,0.2,0,0,0,0,0.2,0,0,0,0,0.2,0,0,0,0,0.2,0,0,0,0,1,0,0,0,0,1,0,0,0,0,1,0,0,0,0,1
298203.814,19,0,0,0,0,0,0,0.367101461,-0,150.09763,-147.154539,2.94309079,1,0,0,0,0,0,0,0,0,0,0,0,0,0,0,150.09763,4.79015999,-1.85057561,1.86249591e-05,0,0,0,0,0,0,0,0,0,0,0,0,0,0,0,0,0,0,0,0,0,0,0,0,0,0,0,0,0,0,0,0,147.154539,0.0394669884,0.967696673,-0.00384051527,-0.113534285,-0.171277625,0.224999691,-1.51211678,-4.31409623,0.000207874053,1500,1500,1500,1500,1500,1500,1500,1500,0,0,0,0,0.2,0,0,0,0,0.2,0,0,0,0,0.2,0,0,0,0,0.2,0,0,0,0,1,0,0,0,0,1,0,0,0,0,1,0,0,0,0,1
298203.866,19.05,0,0,0,0,0,0,0.367101461,-0,150.09763,-147.154539,2.94309079,1,0,0,0,0,0,0,0,0,0,0,0,0,0,0,150.09763,4.79015999,-1.85057561,1.86249591e-05,0,0,0,0,0,0,0,0,0,0,0,0,0,0,0,0,0,0,0,0,0,0,0,0,0,0,0,0,0,0,0,0,147.154539,0.0394669884,0.967696673,-0.00384051527,-0.113534285,-0.171277625,0.224999691,-1.51211678,-4.31409623,0.000207874053,1500,1500,1500,1500,1500,1500,1500,1500,0,0,0,0,0.2,0,0,0,0,0.2,0,0,0,0,0.2,0,0,0,0,0.2,0,0,0,0,1,0,0,0,0,1,0,0,0,0,1,0,0,0,0,1
298203.919,19.1,0,0,0,0,0,0,0.367101461,-0,150.09763,-147.154539,2.94309079,1,0,0,0,0,0,0,0,0,0,0,0,0,0,0,150.09763,4.79015999,-1.85057561,1.86249591e-05,0,0,0,0,0,0,0,0,0,0,0,0,0,0,0,0,0,0,0,0,0,0,0,0,0,0,0,0,0,0,0,0,147.154539,0.0394669884,0.967696673,-0.00384051527,-0.113534285,-0.171277625,0.224999691,-1.51211678,-4.31409623,0.000207874053,1500,1500,1500,1500,1500,1500,1500,1500,0,0,0,0,0.2,0,0,0,0,0.2,0,0,0,0,0.2,0,0,0,0,0.2,0,0,0,0,1,0,0,0,0,1,0,0,0,0,1,0,0,0,0,1
298203.971,19.15,0,0,0,0,0,0,0.367101461,-0,150.09763,-147.154539,2.94309079,1,0,0,0,0,0,0,0,0,0,0,0,0,0,0,150.09763,4.79015999,-1.85057561,1.86249591e-05,0,0,0,0,0,0,0,0,0,0,0,0,0,0,0,0,0,0,0,0,0,0,0,0,0,0,0,0,0,0,0,0,147.154539,0.0394669884,0.967696673,-0.00384051527,-0.113534285,-0.171277625,0.224999691,-1.51211678,-4.31409623,0.000207874053,1500,1500,1500,1500,1500,1500,1500,1500,0,0,0,0,0.2,0,0,0,0,0.2,0,0,0,0,0.2,0,0,0,0,0.2,0,0,0,0,1,0,0,0,0,1,0,0,0,0,1,0,0,0,0,1
298204.022,19.2,0,0,0,0,0,0,0.367101461,-0,150.09763,-147.154539,2.94309079,1,0,0,0,0,0,0,0,0,0,0,0,0,0,0,150.09763,4.79015999,-1.85057561,1.86249591e-05,0,0,0,0,0,0,0,0,0,0,0,0,0,0,0,0,0,0,0,0,0,0,0,0,0,0,0,0,0,0,0,0,147.154539,0.0394669884,0.967696673,-0.00384051527,-0.113534285,-0.171277625,0.224999691,-1.51211678,-4.31409623,0.000207874053,1500,1500,1500,1500,1500,1500,1500,1500,0,0,0,0,0.2,0,0,0,0,0.2,0,0,0,0,0.2,0,0,0,0,0.2,0,0,0,0,1,0,0,0,0,1,0,0,0,0,1,0,0,0,0,1
298204.074,19.25,0,0,0,0,0,0,0.367101461,-0,150.09763,-147.154539,2.94309079,1,0,0,0,0,0,0,0,0,0,0,0,0,0,0,150.09763,4.79015999,-1.85057561,1.86249591e-05,0,0,0,0,0,0,0,0,0,0,0,0,0,0,0,0,0,0,0,0,0,0,0,0,0,0,0,0,0,0,0,0,147.154539,0.0394669884,0.967696673,-0.00384051527,-0.113534285,-0.171277625,0.224999691,-1.51211678,-4.31409623,0.000207874053,1500,1500,1500,1500,1500,1500,1500,1500,0,0,0,0,0.2,0,0,0,0,0.2,0,0,0,0,0.2,0,0,0,0,0.2,0,0,0,0,1,0,0,0,0,1,0,0,0,0,1,0,0,0,0,1
298204.126,19.3,0,0,0,0,0,0,0.367101461,-0,150.09763,-147.154539,2.94309079,1,0,0,0,0,0,0,0,0,0,0,0,0,0,0,150.09763,4.79015999,-1.85057561,1.86249591e-05,0,0,0,0,0,0,0,0,0,0,0,0,0,0,0,0,0,0,0,0,0,0,0,0,0,0,0,0,0,0,0,0,147.154539,0.0394669884,0.967696673,-0.00384051527,-0.113534285,-0.171277625,0.224999691,-1.51211678,-4.31409623,0.000207874053,1500,1500,1500,1500,1500,1500,1500,1500,0,0,0,0,0.2,0,0,0,0,0.2,0,0,0,0,0.2,0,0,0,0,0.2,0,0,0,0,1,0,0,0,0,1,0,0,0,0,1,0,0,0,0,1
298204.18,19.35,0,0,0,0,0,0,0.367101461,-0,150.09763,-147.154539,2.94309079,1,0,0,0,0,0,0,0,0,0,0,0,0,0,0,150.09763,4.79015999,-1.85057561,1.86249591e-05,0,0,0,0,0,0,0,0,0,0,0,0,0,0,0,0,0,0,0,0,0,0,0,0,0,0,0,0,0,0,0,0,147.154539,0.0394669884,0.967696673,-0.00384051527,-0.113534285,-0.171277625,0.224999691,-1.51211678,-4.31409623,0.000207874053,1500,1500,1500,1500,1500,1500,1500,1500,0,0,0,0,0.2,0,0,0,0,0.2,0,0,0,0,0.2,0,0,0,0,0.2,0,0,0,0,1,0,0,0,0,1,0,0,0,0,1,0,0,0,0,1
298204.231,19.4,0,0,0,0,0,0,0.367101461,-0,150.09763,-147.154539,2.94309079,1,0,0,0,0,0,0,0,0,0,0,0,0,0,0,150.09763,4.79015999,-1.85057561,1.86249591e-05,0,0,0,0,0,0,0,0,0,0,0,0,0,0,0,0,0,0,0,0,0,0,0,0,0,0,0,0,0,0,0,0,147.154539,0.0394669884,0.967696673,-0.00384051527,-0.113534285,-0.171277625,0.224999691,-1.51211678,-4.31409623,0.000207874053,1500,1500,1500,1500,1500,1500,1500,1500,0,0,0,0,0.2,0,0,0,0,0.2,0,0,0,0,0.2,0,0,0,0,0.2,0,0,0,0,1,0,0,0,0,1,0,0,0,0,1,0,0,0,0,1
298204.285,19.45,0,0,0,0,0,0,0.367101461,-0,150.09763,-147.154539,2.94309079,1,0,0,0,0,0,0,0,0,0,0,0,0,0,0,150.09763,4.79015999,-1.85057561,1.86249591e-05,0,0,0,0,0,0,0,0,0,0,0,0,0,0,0,0,0,0,0,0,0,0,0,0,0,0,0,0,0,0,0,0,147.154539,0.0394669884,0.967696673,-0.00384051527,-0.113534285,-0.171277625,0.224999691,-1.51211678,-4.31409623,0.000207874053,1500,1500,1500,1500,1500,1500,1500,1500,0,0,0,0,0.2,0,0,0,0,0.2,0,0,0,0,0.2,0,0,0,0,0.2,0,0,0,0,1,0,0,0,0,1,0,0,0,0,1,0,0,0,0,1
298204.339,19.5,0,0,0,0,0,0,0.367101461,-0,150.09763,-147.154539,2.94309079,1,0,0,0,0,0,0,0,0,0,0,0,0,0,0,150.09763,4.79015999,-1.85057561,1.86249591e-05,0,0,0,0,0,0,0,0,0,0,0,0,0,0,0,0,0,0,0,0,0,0,0,0,0,0,0,0,0,0,0,0,147.154539,0.0394669884,0.967696673,-0.00384051527,-0.113534285,-0.171277625,0.224999691,-1.51211678,-4.31409623,0.000207874053,1500,1500,1500,1500,1500,1500,1500,1500,0,0,0,0,0.2,0,0,0,0,0.2,0,0,0,0,0.2,0,0,0,0,0.2,0,0,0,0,1,0,0,0,0,1,0,0,0,0,1,0,0,0,0,1
298204.395,19.55,0,0,0,0,0,0,0.367101461,-0,150.09763,-147.154539,2.94309079,1,0,0,0,0,0,0,0,0,0,0,0,0,0,0,150.09763,4.79015999,-1.85057561,1.86249591e-05,0,0,0,0,0,0,0,0,0,0,0,0,0,0,0,0,0,0,0,0,0,0,0,0,0,0,0,0,0,0,0,0,147.154539,0.0394669884,0.967696673,-0.00384051527,-0.113534285,-0.171277625,0.224999691,-1.51211678,-4.31409623,0.000207874053,1500,1500,1500,1500,1500,1500,1500,1500,0,0,0,0,0.2,0,0,0,0,0.2,0,0,0,0,0.2,0,0,0,0,0.2,0,0,0,0,1,0,0,0,0,1,0,0,0,0,1,0,0,0,0,1
298204.448,19.6,0,0,0,0,0,0,0.367101461,-0,150.09763,-147.154539,2.94309079,1,0,0,0,0,0,0,0,0,0,0,0,0,0,0,150.09763,4.79015999,-1.85057561,1.86249591e-05,0,0,0,0,0,0,0,0,0,0,0,0,0,0,0,0,0,0,0,0,0,0,0,0,0,0,0,0,0,0,0,0,147.154539,0.0394669884,0.967696673,-0.00384051527,-0.113534285,-0.171277625,0.224999691,-1.51211678,-4.31409623,0.000207874053,1500,1500,1500,1500,1500,1500,1500,1500,0,0,0,0,0.2,0,0,0,0,0.2,0,0,0,0,0.2,0,0,0,0,0.2,0,0,0,0,1,0,0,0,0,1,0,0,0,0,1,0,0,0,0,1
298204.502,19.65,0,0,0,0,0,0,0.367101461,-0,150.09763,-147.154539,2.94309079,1,0,0,0,0,0,0,0,0,0,0,0,0,0,0,150.09763,4.79015999,-1.85057561,1.86249591e-05,0,0,0,0,0,0,0,0,0,0,0,0,0,0,0,0,0,0,0,0,0,0,0,0,0,0,0,0,0,0,0,0,147.154539,0.0394669884,0.967696673,-0.00384051527,-0.113534285,-0.171277625,0.224999691,-1.51211678,-4.31409623,0.000207874053,1500,1500,1500,1500,1500,1500,1500,1500,0,0,0,0,0.2,0,0,0,0,0.2,0,0,0,0,0.2,0,0,0,0,0.2,0,0,0,0,1,0,0,0,0,1,0,0,0,0,1,0,0,0,0,1
298204.554,19.7,0,0,0,0,0,0,0.367101461,-0,150.09763,-147.154539,2.94309079,1,0,0,0,0,0,0,0,0,0,0,0,0,0,0,150.09763,4.79015999,-1.85057561,1.86249591e-05,0,0,0,0,0,0,0,0,0,0,0,0,0,0,0,0,0,0,0,0,0,0,0,0,0,0,0,0,0,0,0,0,147.154539,0.0394669884,0.967696673,-0.00384051527,-0.113534285,-0.171277625,0.224999691,-1.51211678,-4.31409623,0.000207874053,1500,1500,1500,1500,1500,1500,1500,1500,0,0,0,0,0.2,0,0,0,0,0.2,0,0,0,0,0.2,0,0,0,0,0.2,0,0,0,0,1,0,0,0,0,1,0,0,0,0,1,0,0,0,0,1
298204.606,19.75,0,0,0,0,0,0,0.367101461,-0,150.09763,-147.154539,2.94309079,1,0,0,0,0,0,0,0,0,0,0,0,0,0,0,150.09763,4.79015999,-1.85057561,1.86249591e-05,0,0,0,0,0,0,0,0,0,0,0,0,0,0,0,0,0,0,0,0,0,0,0,0,0,0,0,0,0,0,0,0,147.154539,0.0394669884,0.967696673,-0.00384051527,-0.113534285,-0.171277625,0.224999691,-1.51211678,-4.31409623,0.000207874053,1500,1500,1500,1500,1500,1500,1500,1500,0,0,0,0,0.2,0,0,0,0,0.2,0,0,0,0,0.2,0,0,0,0,0.2,0,0,0,0,1,0,0,0,0,1,0,0,0,0,1,0,0,0,0,1
298204.658,19.8,0,0,0,0,0,0,0.367101461,-0,150.09763,-147.154539,2.94309079,1,0,0,0,0,0,0,0,0,0,0,0,0,0,0,150.09763,4.79015999,-1.85057561,1.86249591e-05,0,0,0,0,0,0,0,0,0,0,0,0,0,0,0,0,0,0,0,0,0,0,0,0,0,0,0,0,0,0,0,0,147.154539,0.0394669884,0.967696673,-0.00384051527,-0.113534285,-0.171277625,0.224999691,-1.51211678,-4.31409623,0.000207874053,1500,1500,1500,1500,1500,1500,1500,1500,0,0,0,0,0.2,0,0,0,0,0.2,0,0,0,0,0.2,0,0,0,0,0.2,0,0,0,0,1,0,0,0,0,1,0,0,0,0,1,0,0,0,0,1
298204.711,19.85,0,0,0,0,0,0,0.367101461,-0,150.09763,-147.154539,2.94309079,1,0,0,0,0,0,0,0,0,0,0,0,0,0,0,150.09763,4.79015999,-1.85057561,1.86249591e-05,0,0,0,0,0,0,0,0,0,0,0,0,0,0,0,0,0,0,0,0,0,0,0,0,0,0,0,0,0,0,0,0,147.154539,0.0394669884,0.967696673,-0.00384051527,-0.113534285,-0.171277625,0.224999691,-1.51211678,-4.31409623,0.000207874053,1500,1500,1500,1500,1500,1500,1500,1500,0,0,0,0,0.2,0,0,0,0,0.2,0,0,0,0,0.2,0,0,0,0,0.2,0,0,0,0,1,0,0,0,0,1,0,0,0,0,1,0,0,0,0,1
298204.763,19.9,0,0,0,0,0,0,0.367101461,-0,150.09763,-147.154539,2.94309079,1,0,0,0,0,0,0,0,0,0,0,0,0,0,0,150.09763,4.79015999,-1.85057561,1.86249591e-05,0,0,0,0,0,0,0,0,0,0,0,0,0,0,0,0,0,0,0,0,0,0,0,0,0,0,0,0,0,0,0,0,147.154539,0.0394669884,0.967696673,-0.00384051527,-0.113534285,-0.171277625,0.224999691,-1.51211678,-4.31409623,0.000207874053,1500,1500,1500,1500,1500,1500,1500,1500,0,0,0,0,0.2,0,0,0,0,0.2,0,0,0,0,0.2,0,0,0,0,0.2,0,0,0,0,1,0,0,0,0,1,0,0,0,0,1,0,0,0,0,1
298204.817,19.95,0,0,0,0,0,0,0.367101461,-0,150.09763,-147.154539,2.94309079,1,0,0,0,0,0,0,0,0,0,0,0,0,0,0,150.09763,4.79015999,-1.85057561,1.86249591e-05,0,0,0,0,0,0,0,0,0,0,0,0,0,0,0,0,0,0,0,0,0,0,0,0,0,0,0,0,0,0,0,0,147.154539,0.0394669884,0.967696673,-0.00384051527,-0.113534285,-0.171277625,0.224999691,-1.51211678,-4.31409623,0.000207874053,1500,1500,1500,1500,1500,1500,1500,1500,0,0,0,0,0.2,0,0,0,0,0.2,0,0,0,0,0.2,0,0,0,0,0.2,0,0,0,0,1,0,0,0,0,1,0,0,0,0,1,0,0,0,0,1
298204.869,20,0,0,0,0,0,0,0.367101461,-0,150.09763,-147.154539,2.94309079,1,0,0,0,0,0,0,0,0,0,0,0,0,0,0,150.09763,4.79015999,-1.85057561,1.86249591e-05,0,0,0,0,0,0,0,0,0,0,0,0,0,0,0,0,0,0,0,0,0,0,0,0,0,0,0,0,0,0,0,0,147.154539,0.0394669884,0.967696673,-0.00384051527,-0.113534285,-0.171277625,0.224999691,-1.51211678,-4.31409623,0.000207874053,1500,1500,1500,1500,1500,1500,1500,1500,0,0,0,0,0.2,0,0,0,0,0.2,0,0,0,0,0.2,0,0,0,0,0.2,0,0,0,0,1,0,0,0,0,1,0,0,0,0,1,0,0,0,0,1
298204.921,20.05,0,0,0,0,0,0,0.367101461,-0,150.09763,-147.154539,2.94309079,1,0,0,0,0,0,0,0,0,0,0,0,0,0,0,150.09763,4.79015999,-1.85057561,1.86249591e-05,0,0,0,0,0,0,0,0,0,0,0,0,0,0,0,0,0,0,0,0,0,0,0,0,0,0,0,0,0,0,0,0,147.154539,0.0394669884,0.967696673,-0.00384051527,-0.113534285,-0.171277625,0.224999691,-1.51211678,-4.31409623,0.000207874053,1500,1500,1500,1500,1500,1500,1500,1500,0,0,0,0,0.2,0,0,0,0,0.2,0,0,0,0,0.2,0,0,0,0,0.2,0,0,0,0,1,0,0,0,0,1,0,0,0,0,1,0,0,0,0,1
298204.973,20.1,0,0,0,0,0,0,0.367101461,-0,150.09763,-147.154539,2.94309079,1,0,0,0,0,0,0,0,0,0,0,0,0,0,0,150.09763,4.79015999,-1.85057561,1.86249591e-05,0,0,0,0,0,0,0,0,0,0,0,0,0,0,0,0,0,0,0,0,0,0,0,0,0,0,0,0,0,0,0,0,147.154539,0.0394669884,0.967696673,-0.00384051527,-0.113534285,-0.171277625,0.224999691,-1.51211678,-4.31409623,0.000207874053,1500,1500,1500,1500,1500,1500,1500,1500,0,0,0,0,0.2,0,0,0,0,0.2,0,0,0,0,0.2,0,0,0,0,0.2,0,0,0,0,1,0,0,0,0,1,0,0,0,0,1,0,0,0,0,1
298205.024,20.15,0,0,0,0,0,0,0.367101461,-0,150.09763,-147.154539,2.94309079,1,0,0,0,0,0,0,0,0,0,0,0,0,0,0,150.09763,4.79015999,-1.85057561,1.86249591e-05,0,0,0,0,0,0,0,0,0,0,0,0,0,0,0,0,0,0,0,0,0,0,0,0,0,0,0,0,0,0,0,0,147.154539,0.0394669884,0.967696673,-0.00384051527,-0.113534285,-0.171277625,0.224999691,-1.51211678,-4.31409623,0.000207874053,1500,1500,1500,1500,1500,1500,1500,1500,0,0,0,0,0.2,0,0,0,0,0.2,0,0,0,0,0.2,0,0,0,0,0.2,0,0,0,0,1,0,0,0,0,1,0,0,0,0,1,0,0,0,0,1
298205.077,20.2,0,0,0,0,0,0,0.367101461,-0,150.09763,-147.154539,2.94309079,1,0,0,0,0,0,0,0,0,0,0,0,0,0,0,150.09763,4.79015999,-1.85057561,1.86249591e-05,0,0,0,0,0,0,0,0,0,0,0,0,0,0,0,0,0,0,0,0,0,0,0,0,0,0,0,0,0,0,0,0,147.154539,0.0394669884,0.967696673,-0.00384051527,-0.113534285,-0.171277625,0.224999691,-1.51211678,-4.31409623,0.000207874053,1500,1500,1500,1500,1500,1500,1500,1500,0,0,0,0,0.2,0,0,0,0,0.2,0,0,0,0,0.2,0,0,0,0,0.2,0,0,0,0,1,0,0,0,0,1,0,0,0,0,1,0,0,0,0,1
298205.131,20.25,0,0,0,0,0,0,0.367101461,-0,150.09763,-147.154539,2.94309079,1,0,0,0,0,0,0,0,0,0,0,0,0,0,0,150.09763,4.79015999,-1.85057561,1.86249591e-05,0,0,0,0,0,0,0,0,0,0,0,0,0,0,0,0,0,0,0,0,0,0,0,0,0,0,0,0,0,0,0,0,147.154539,0.0394669884,0.967696673,-0.00384051527,-0.113534285,-0.171277625,0.224999691,-1.51211678,-4.31409623,0.000207874053,1500,1500,1500,1500,1500,1500,1500,1500,0,0,0,0,0.2,0,0,0,0,0.2,0,0,0,0,0.2,0,0,0,0,0.2,0,0,0,0,1,0,0,0,0,1,0,0,0,0,1,0,0,0,0,1
298205.185,20.3,0,0,0,0,0,0,0.367101461,-0,150.09763,-147.154539,2.94309079,1,0,0,0,0,0,0,0,0,0,0,0,0,0,0,150.09763,4.79015999,-1.85057561,1.86249591e-05,0,0,0,0,0,0,0,0,0,0,0,0,0,0,0,0,0,0,0,0,0,0,0,0,0,0,0,0,0,0,0,0,147.154539,0.0394669884,0.967696673,-0.00384051527,-0.113534285,-0.171277625,0.224999691,-1.51211678,-4.31409623,0.000207874053,1500,1500,1500,1500,1500,1500,1500,1500,0,0,0,0,0.2,0,0,0,0,0.2,0,0,0,0,0.2,0,0,0,0,0.2,0,0,0,0,1,0,0,0,0,1,0,0,0,0,1,0,0,0,0,1
298205.239,20.35,0,0,0,0,0,0,0.367101461,-0,150.09763,-147.154539,2.94309079,1,0,0,0,0,0,0,0,0,0,0,0,0,0,0,150.09763,4.79015999,-1.85057561,1.86249591e-05,0,0,0,0,0,0,0,0,0,0,0,0,0,0,0,0,0,0,0,0,0,0,0,0,0,0,0,0,0,0,0,0,147.154539,0.0394669884,0.967696673,-0.00384051527,-0.113534285,-0.171277625,0.224999691,-1.51211678,-4.31409623,0.000207874053,1500,1500,1500,1500,1500,1500,1500,1500,0,0,0,0,0.2,0,0,0,0,0.2,0,0,0,0,0.2,0,0,0,0,0.2,0,0,0,0,1,0,0,0,0,1,0,0,0,0,1,0,0,0,0,1
298205.291,20.4,0,0,0,0,0,0,0.367101461,-0,150.09763,-147.154539,2.94309079,1,0,0,0,0,0,0,0,0,0,0,0,0,0,0,150.09763,4.79015999,-1.85057561,1.86249591e-05,0,0,0,0,0,0,0,0,0,0,0,0,0,0,0,0,0,0,0,0,0,0,0,0,0,0,0,0,0,0,0,0,147.154539,0.0394669884,0.967696673,-0.00384051527,-0.113534285,-0.171277625,0.224999691,-1.51211678,-4.31409623,0.000207874053,1500,1500,1500,1500,1500,1500,1500,1500,0,0,0,0,0.2,0,0,0,0,0.2,0,0,0,0,0.2,0,0,0,0,0.2,0,0,0,0,1,0,0,0,0,1,0,0,0,0,1,0,0,0,0,1
298205.342,20.45,0,0,0,0,0,0,0.367101461,-0,150.09763,-147.154539,2.94309079,1,0,0,0,0,0,0,0,0,0,0,0,0,0,0,150.09763,4.79015999,-1.85057561,1.86249591e-05,0,0,0,0,0,0,0,0,0,0,0,0,0,0,0,0,0,0,0,0,0,0,0,0,0,0,0,0,0,0,0,0,147.154539,0.0394669884,0.967696673,-0.00384051527,-0.113534285,-0.171277625,0.224999691,-1.51211678,-4.31409623,0.000207874053,1500,1500,1500,1500,1500,1500,1500,1500,0,0,0,0,0.2,0,0,0,0,0.2,0,0,0,0,0.2,0,0,0,0,0.2,0,0,0,0,1,0,0,0,0,1,0,0,0,0,1,0,0,0,0,1
298205.394,20.5,0,0,0,0,0,0,0.367101461,-0,150.09763,-147.154539,2.94309079,1,0,0,0,0,0,0,0,0,0,0,0,0,0,0,150.09763,4.79015999,-1.85057561,1.86249591e-05,0,0,0,0,0,0,0,0,0,0,0,0,0,0,0,0,0,0,0,0,0,0,0,0,0,0,0,0,0,0,0,0,147.154539,0.0394669884,0.967696673,-0.00384051527,-0.113534285,-0.171277625,0.224999691,-1.51211678,-4.31409623,0.000207874053,1500,1500,1500,1500,1500,1500,1500,1500,0,0,0,0,0.2,0,0,0,0,0.2,0,0,0,0,0.2,0,0,0,0,0.2,0,0,0,0,1,0,0,0,0,1,0,0,0,0,1,0,0,0,0,1
298205.447,20.55,0,0,0,0,0,0,0.367101461,-0,150.09763,-147.154539,2.94309079,1,0,0,0,0,0,0,0,0,0,0,0,0,0,0,150.09763,4.79015999,-1.85057561,1.86249591e-05,0,0,0,0,0,0,0,0,0,0,0,0,0,0,0,0,0,0,0,0,0,0,0,0,0,0,0,0,0,0,0,0,147.154539,0.0394669884,0.967696673,-0.00384051527,-0.113534285,-0.171277625,0.224999691,-1.51211678,-4.31409623,0.000207874053,1500,1500,1500,1500,1500,1500,1500,1500,0,0,0,0,0.2,0,0,0,0,0.2,0,0,0,0,0.2,0,0,0,0,0.2,0,0,0,0,1,0,0,0,0,1,0,0,0,0,1,0,0,0,0,1
298205.499,20.6,0,0,0,0,0,0,0.367101461,-0,150.09763,-147.154539,2.94309079,1,0,0,0,0,0,0,0,0,0,0,0,0,0,0,150.09763,4.79015999,-1.85057561,1.86249591e-05,0,0,0,0,0,0,0,0,0,0,0,0,0,0,0,0,0,0,0,0,0,0,0,0,0,0,0,0,0,0,0,0,147.154539,0.0394669884,0.967696673,-0.00384051527,-0.113534285,-0.171277625,0.224999691,-1.51211678,-4.31409623,0.000207874053,1500,1500,1500,1500,1500,1500,1500,1500,0,0,0,0,0.2,0,0,0,0,0.2,0,0,0,0,0.2,0,0,0,0,0.2,0,0,0,0,1,0,0,0,0,1,0,0,0,0,1,0,0,0,0,1
298205.553,20.65,0,0,0,0,0,0,0.367101461,-0,150.09763,-147.154539,2.94309079,1,0,0,0,0,0,0,0,0,0,0,0,0,0,0,150.09763,4.79015999,-1.85057561,1.86249591e-05,0,0,0,0,0,0,0,0,0,0,0,0,0,0,0,0,0,0,0,0,0,0,0,0,0,0,0,0,0,0,0,0,147.154539,0.0394669884,0.967696673,-0.00384051527,-0.113534285,-0.171277625,0.224999691,-1.51211678,-4.31409623,0.000207874053,1500,1500,1500,1500,1500,1500,1500,1500,0,0,0,0,0.2,0,0,0,0,0.2,0,0,0,0,0.2,0,0,0,0,0.2,0,0,0,0,1,0,0,0,0,1,0,0,0,0,1,0,0,0,0,1
298205.606,20.7,0,0,0,0,0,0,0.367101461,-0,150.09763,-147.154539,2.94309079,1,0,0,0,0,0,0,0,0,0,0,0,0,0,0,150.09763,4.79015999,-1.85057561,1.86249591e-05,0,0,0,0,0,0,0,0,0,0,0,0,0,0,0,0,0,0,0,0,0,0,0,0,0,0,0,0,0,0,0,0,147.154539,0.0394669884,0.967696673,-0.00384051527,-0.113534285,-0.171277625,0.224999691,-1.51211678,-4.31409623,0.000207874053,1500,1500,1500,1500,1500,1500,1500,1500,0,0,0,0,0.2,0,0,0,0,0.2,0,0,0,0,0.2,0,0,0,0,0.2,0,0,0,0,1,0,0,0,0,1,0,0,0,0,1,0,0,0,0,1
298205.658,20.75,0,0,0,0,0,0,0.367101461,-0,150.09763,-147.154539,2.94309079,1,0,0,0,0,0,0,0,0,0,0,0,0,0,0,150.09763,4.79015999,-1.85057561,1.86249591e-05,0,0,0,0,0,0,0,0,0,0,0,0,0,0,0,0,0,0,0,0,0,0,0,0,0,0,0,0,0,0,0,0,147.154539,0.0394669884,0.967696673,-0.00384051527,-0.113534285,-0.171277625,0.224999691,-1.51211678,-4.31409623,0.000207874053,1500,1500,1500,1500,1500,1500,1500,1500,0,0,0,0,0.2,0,0,0,0,0.2,0,0,0,0,0.2,0,0,0,0,0.2,0,0,0,0,1,0,0,0,0,1,0,0,0,0,1,0,0,0,0,1
298205.71,20.8,0,0,0,0,0,0,0.367101461,-0,150.09763,-147.154539,2.94309079,1,0,0,0,0,0,0,0,0,0,0,0,0,0,0,150.09763,4.79015999,-1.85057561,1.86249591e-05,0,0,0,0,0,0,0,0,0,0,0,0,0,0,0,0,0,0,0,0,0,0,0,0,0,0,0,0,0,0,0,0,147.154539,0.0394669884,0.967696673,-0.00384051527,-0.113534285,-0.171277625,0.224999691,-1.51211678,-4.31409623,0.000207874053,1500,1500,1500,1500,1500,1500,1500,1500,0,0,0,0,0.2,0,0,0,0,0.2,0,0,0,0,0.2,0,0,0,0,0.2,0,0,0,0,1,0,0,0,0,1,0,0,0,0,1,0,0,0,0,1
298205.764,20.85,0,0,0,0,0,0,0.367101461,-0,150.09763,-147.154539,2.94309079,1,0,0,0,0,0,0,0,0,0,0,0,0,0,0,150.09763,4.79015999,-1.85057561,1.86249591e-05,0,0,0,0,0,0,0,0,0,0,0,0,0,0,0,0,0,0,0,0,0,0,0,0,0,0,0,0,0,0,0,0,147.154539,0.0394669884,0.967696673,-0.00384051527,-0.113534285,-0.171277625,0.224999691,-1.51211678,-4.31409623,0.000207874053,1500,1500,1500,1500,1500,1500,1500,1500,0,0,0,0,0.2,0,0,0,0,0.2,0,0,0,0,0.2,0,0,0,0,0.2,0,0,0,0,1,0,0,0,0,1,0,0,0,0,1,0,0,0,0,1
298205.818,20.9,0,0,0,0,0,0,0.367101461,-0,150.09763,-147.154539,2.94309079,1,0,0,0,0,0,0,0,0,0,0,0,0,0,0,150.09763,4.79015999,-1.85057561,1.86249591e-05,0,0,0,0,0,0,0,0,0,0,0,0,0,0,0,0,0,0,0,0,0,0,0,0,0,0,0,0,0,0,0,0,147.154539,0.0394669884,0.967696673,-0.00384051527,-0.113534285,-0.171277625,0.224999691,-1.51211678,-4.31409623,0.000207874053,1500,1500,1500,1500,1500,1500,1500,1500,0,0,0,0,0.2,0,0,0,0,0.2,0,0,0,0,0.2,0,0,0,0,0.2,0,0,0,0,1,0,0,0,0,1,0,0,0,0,1,0,0,0,0,1
298205.873,20.95,0,0,0,0,0,0,0.367101461,-0,150.09763,-147.154539,2.94309079,1,0,0,0,0,0,0,0,0,0,0,0,0,0,0,150.09763,4.79015999,-1.85057561,1.86249591e-05,0,0,0,0,0,0,0,0,0,0,0,0,0,0,0,0,0,0,0,0,0,0,0,0,0,0,0,0,0,0,0,0,147.154539,0.0394669884,0.967696673,-0.00384051527,-0.113534285,-0.171277625,0.224999691,-1.51211678,-4.31409623,0.000207874053,1500,1500,1500,1500,1500,1500,1500,1500,0,0,0,0,0.2,0,0,0,0,0.2,0,0,0,0,0.2,0,0,0,0,0.2,0,0,0,0,1,0,0,0,0,1,0,0,0,0,1,0,0,0,0,1
298205.926,21,0,0,0,0,0,0,0.367101461,-0,150.09763,-147.154539,2.94309079,1,0,0,0,0,0,0,0,0,0,0,0,0,0,0,150.09763,4.79015999,-1.85057561,1.86249591e-05,0,0,0,0,0,0,0,0,0,0,0,0,0,0,0,0,0,0,0,0,0,0,0,0,0,0,0,0,0,0,0,0,147.154539,0.0394669884,0.967696673,-0.00384051527,-0.113534285,-0.171277625,0.224999691,-1.51211678,-4.31409623,0.000207874053,1500,1500,1500,1500,1500,1500,1500,1500,0,0,0,0,0.2,0,0,0,0,0.2,0,0,0,0,0.2,0,0,0,0,0.2,0,0,0,0,1,0,0,0,0,1,0,0,0,0,1,0,0,0,0,1
298205.979,21.05,0,0,0,0,0,0,0.367101461,-0,150.09763,-147.154539,2.94309079,1,0,0,0,0,0,0,0,0,0,0,0,0,0,0,150.09763,4.79015999,-1.85057561,1.86249591e-05,0,0,0,0,0,0,0,0,0,0,0,0,0,0,0,0,0,0,0,0,0,0,0,0,0,0,0,0,0,0,0,0,147.154539,0.0394669884,0.967696673,-0.00384051527,-0.113534285,-0.171277625,0.224999691,-1.51211678,-4.31409623,0.000207874053,1500,1500,1500,1500,1500,1500,1500,1500,0,0,0,0,0.2,0,0,0,0,0.2,0,0,0,0,0.2,0,0,0,0,0.2,0,0,0,0,1,0,0,0,0,1,0,0,0,0,1,0,0,0,0,1
298206.03,21.1,0,0,0,0,0,0,0.367101461,-0,150.09763,-147.154539,2.94309079,1,0,0,0,0,0,0,0,0,0,0,0,0,0,0,150.09763,4.79015999,-1.85057561,1.86249591e-05,0,0,0,0,0,0,0,0,0,0,0,0,0,0,0,0,0,0,0,0,0,0,0,0,0,0,0,0,0,0,0,0,147.154539,0.0394669884,0.967696673,-0.00384051527,-0.113534285,-0.171277625,0.224999691,-1.51211678,-4.31409623,0.000207874053,1500,1500,1500,1500,1500,1500,1500,1500,0,0,0,0,0.2,0,0,0,0,0.2,0,0,0,0,0.2,0,0,0,0,0.2,0,0,0,0,1,0,0,0,0,1,0,0,0,0,1,0,0,0,0,1
298206.085,21.15,0,0,0,0,0,0,0.367101461,-0,150.09763,-147.154539,2.94309079,1,0,0,0,0,0,0,0,0,0,0,0,0,0,0,150.09763,4.79015999,-1.85057561,1.86249591e-05,0,0,0,0,0,0,0,0,0,0,0,0,0,0,0,0,0,0,0,0,0,0,0,0,0,0,0,0,0,0,0,0,147.154539,0.0394669884,0.967696673,-0.00384051527,-0.113534285,-0.171277625,0.224999691,-1.51211678,-4.31409623,0.000207874053,1500,1500,1500,1500,1500,1500,1500,1500,0,0,0,0,0.2,0,0,0,0,0.2,0,0,0,0,0.2,0,0,0,0,0.2,0,0,0,0,1,0,0,0,0,1,0,0,0,0,1,0,0,0,0,1
298206.137,21.2,0,0,0,0,0,0,0.367101461,-0,150.09763,-147.154539,2.94309079,1,0,0,0,0,0,0,0,0,0,0,0,0,0,0,150.09763,4.79015999,-1.85057561,1.86249591e-05,0,0,0,0,0,0,0,0,0,0,0,0,0,0,0,0,0,0,0,0,0,0,0,0,0,0,0,0,0,0,0,0,147.154539,0.0394669884,0.967696673,-0.00384051527,-0.113534285,-0.171277625,0.224999691,-1.51211678,-4.31409623,0.000207874053,1500,1500,1500,1500,1500,1500,1500,1500,0,0,0,0,0.2,0,0,0,0,0.2,0,0,0,0,0.2,0,0,0,0,0.2,0,0,0,0,1,0,0,0,0,1,0,0,0,0,1,0,0,0,0,1
298206.188,21.25,0,0,0,0,0,0,0.367101461,-0,150.09763,-147.154539,2.94309079,1,0,0,0,0,0,0,0,0,0,0,0,0,0,0,150.09763,4.79015999,-1.85057561,1.86249591e-05,0,0,0,0,0,0,0,0,0,0,0,0,0,0,0,0,0,0,0,0,0,0,0,0,0,0,0,0,0,0,0,0,147.154539,0.0394669884,0.967696673,-0.00384051527,-0.113534285,-0.171277625,0.224999691,-1.51211678,-4.31409623,0.000207874053,1500,1500,1500,1500,1500,1500,1500,1500,0,0,0,0,0.2,0,0,0,0,0.2,0,0,0,0,0.2,0,0,0,0,0.2,0,0,0,0,1,0,0,0,0,1,0,0,0,0,1,0,0,0,0,1
298206.242,21.3,0,0,0,0,0,0,0.367101461,-0,150.09763,-147.154539,2.94309079,1,0,0,0,0,0,0,0,0,0,0,0,0,0,0,150.09763,4.79015999,-1.85057561,1.86249591e-05,0,0,0,0,0,0,0,0,0,0,0,0,0,0,0,0,0,0,0,0,0,0,0,0,0,0,0,0,0,0,0,0,147.154539,0.0394669884,0.967696673,-0.00384051527,-0.113534285,-0.171277625,0.224999691,-1.51211678,-4.31409623,0.000207874053,1500,1500,1500,1500,1500,1500,1500,1500,0,0,0,0,0.2,0,0,0,0,0.2,0,0,0,0,0.2,0,0,0,0,0.2,0,0,0,0,1,0,0,0,0,1,0,0,0,0,1,0,0,0,0,1
298206.294,21.35,0,0,0,0,0,0,0.367101461,-0,150.09763,-147.154539,2.94309079,1,0,0,0,0,0,0,0,0,0,0,0,0,0,0,150.09763,4.79015999,-1.85057561,1.86249591e-05,0,0,0,0,0,0,0,0,0,0,0,0,0,0,0,0,0,0,0,0,0,0,0,0,0,0,0,0,0,0,0,0,147.154539,0.0394669884,0.967696673,-0.00384051527,-0.113534285,-0.171277625,0.224999691,-1.51211678,-4.31409623,0.000207874053,1500,1500,1500,1500,1500,1500,1500,1500,0,0,0,0,0.2,0,0,0,0,0.2,0,0,0,0,0.2,0,0,0,0,0.2,0,0,0,0,1,0,0,0,0,1,0,0,0,0,1,0,0,0,0,1
298206.345,21.4,0,0,0,0,0,0,0.367101461,-0,150.09763,-147.154539,2.94309079,1,0,0,0,0,0,0,0,0,0,0,0,0,0,0,150.09763,4.79015999,-1.85057561,1.86249591e-05,0,0,0,0,0,0,0,0,0,0,0,0,0,0,0,0,0,0,0,0,0,0,0,0,0,0,0,0,0,0,0,0,147.154539,0.0394669884,0.967696673,-0.00384051527,-0.113534285,-0.171277625,0.224999691,-1.51211678,-4.31409623,0.000207874053,1500,1500,1500,1500,1500,1500,1500,1500,0,0,0,0,0.2,0,0,0,0,0.2,0,0,0,0,0.2,0,0,0,0,0.2,0,0,0,0,1,0,0,0,0,1,0,0,0,0,1,0,0,0,0,1
298206.397,21.45,0,0,0,0,0,0,0.367101461,-0,150.09763,-147.154539,2.94309079,1,0,0,0,0,0,0,0,0,0,0,0,0,0,0,150.09763,4.79015999,-1.85057561,1.86249591e-05,0,0,0,0,0,0,0,0,0,0,0,0,0,0,0,0,0,0,0,0,0,0,0,0,0,0,0,0,0,0,0,0,147.154539,0.0394669884,0.967696673,-0.00384051527,-0.113534285,-0.171277625,0.224999691,-1.51211678,-4.31409623,0.000207874053,1500,1500,1500,1500,1500,1500,1500,1500,0,0,0,0,0.2,0,0,0,0,0.2,0,0,0,0,0.2,0,0,0,0,0.2,0,0,0,0,1,0,0,0,0,1,0,0,0,0,1,0,0,0,0,1
298206.45,21.5,0,0,0,0,0,0,0.367101461,-0,150.09763,-147.154539,2.94309079,1,0,0,0,0,0,0,0,0,0,0,0,0,0,0,150.09763,4.79015999,-1.85057561,1.86249591e-05,0,0,0,0,0,0,0,0,0,0,0,0,0,0,0,0,0,0,0,0,0,0,0,0,0,0,0,0,0,0,0,0,147.154539,0.0394669884,0.967696673,-0.00384051527,-0.113534285,-0.171277625,0.224999691,-1.51211678,-4.31409623,0.000207874053,1500,1500,1500,1500,1500,1500,1500,1500,0,0,0,0,0.2,0,0,0,0,0.2,0,0,0,0,0.2,0,0,0,0,0.2,0,0,0,0,1,0,0,0,0,1,0,0,0,0,1,0,0,0,0,1
298206.504,21.55,0,0,0,0,0,0,0.367101461,-0,150.09763,-147.154539,2.94309079,1,0,0,0,0,0,0,0,0,0,0,0,0,0,0,150.09763,4.79015999,-1.85057561,1.86249591e-05,0,0,0,0,0,0,0,0,0,0,0,0,0,0,0,0,0,0,0,0,0,0,0,0,0,0,0,0,0,0,0,0,147.154539,0.0394669884,0.967696673,-0.00384051527,-0.113534285,-0.171277625,0.224999691,-1.51211678,-4.31409623,0.000207874053,1500,1500,1500,1500,1500,1500,1500,1500,0,0,0,0,0.2,0,0,0,0,0.2,0,0,0,0,0.2,0,0,0,0,0.2,0,0,0,0,1,0,0,0,0,1,0,0,0,0,1,0,0,0,0,1
298206.556,21.6,0,0,0,0,0,0,0.367101461,-0,150.09763,-147.154539,2.94309079,1,0,0,0,0,0,0,0,0,0,0,0,0,0,0,150.09763,4.79015999,-1.85057561,1.86249591e-05,0,0,0,0,0,0,0,0,0,0,0,0,0,0,0,0,0,0,0,0,0,0,0,0,0,0,0,0,0,0,0,0,147.154539,0.0394669884,0.967696673,-0.00384051527,-0.113534285,-0.171277625,0.224999691,-1.51211678,-4.31409623,0.000207874053,1500,1500,1500,1500,1500,1500,1500,1500,0,0,0,0,0.2,0,0,0,0,0.2,0,0,0,0,0.2,0,0,0,0,0.2,0,0,0,0,1,0,0,0,0,1,0,0,0,0,1,0,0,0,0,1
298206.609,21.65,0,0,0,0,0,0,0.367101461,-0,150.09763,-147.154539,2.94309079,1,0,0,0,0,0,0,0,0,0,0,0,0,0,0,150.09763,4.79015999,-1.85057561,1.86249591e-05,0,0,0,0,0,0,0,0,0,0,0,0,0,0,0,0,0,0,0,0,0,0,0,0,0,0,0,0,0,0,0,0,147.154539,0.0394669884,0.967696673,-0.00384051527,-0.113534285,-0.171277625,0.224999691,-1.51211678,-4.31409623,0.000207874053,1500,1500,1500,1500,1500,1500,1500,1500,0,0,0,0,0.2,0,0,0,0,0.2,0,0,0,0,0.2,0,0,0,0,0.2,0,0,0,0,1,0,0,0,0,1,0,0,0,0,1,0,0,0,0,1
298206.661,21.7,0,0,0,0,0,0,0.367101461,-0,150.09763,-147.154539,2.94309079,1,0,0,0,0,0,0,0,0,0,0,0,0,0,0,150.09763,4.79015999,-1.85057561,1.86249591e-05,0,0,0,0,0,0,0,0,0,0,0,0,0,0,0,0,0,0,0,0,0,0,0,0,0,0,0,0,0,0,0,0,147.154539,0.0394669884,0.967696673,-0.00384051527,-0.113534285,-0.171277625,0.224999691,-1.51211678,-4.31409623,0.000207874053,1500,1500,1500,1500,1500,1500,1500,1500,0,0,0,0,0.2,0,0,0,0,0.2,0,0,0,0,0.2,0,0,0,0,0.2,0,0,0,0,1,0,0,0,0,1,0,0,0,0,1,0,0,0,0,1
298206.714,21.75,0,0,0,0,0,0,0.367101461,-0,150.09763,-147.154539,2.94309079,1,0,0,0,0,0,0,0,0,0,0,0,0,0,0,150.09763,4.79015999,-1.85057561,1.86249591e-05,0,0,0,0,0,0,0,0,0,0,0,0,0,0,0,0,0,0,0,0,0,0,0,0,0,0,0,0,0,0,0,0,147.154539,0.0394669884,0.967696673,-0.00384051527,-0.113534285,-0.171277625,0.224999691,-1.51211678,-4.31409623,0.000207874053,1500,1500,1500,1500,1500,1500,1500,1500,0,0,0,0,0.2,0,0,0,0,0.2,0,0,0,0,0.2,0,0,0,0,0.2,0,0,0,0,1,0,0,0,0,1,0,0,0,0,1,0,0,0,0,1
298206.765,21.8,0,0,0,0,0,0,0.367101461,-0,150.09763,-147.154539,2.94309079,1,0,0,0,0,0,0,0,0,0,0,0,0,0,0,150.09763,4.79015999,-1.85057561,1.86249591e-05,0,0,0,0,0,0,0,0,0,0,0,0,0,0,0,0,0,0,0,0,0,0,0,0,0,0,0,0,0,0,0,0,147.154539,0.0394669884,0.967696673,-0.00384051527,-0.113534285,-0.171277625,0.224999691,-1.51211678,-4.31409623,0.000207874053,1500,1500,1500,1500,1500,1500,1500,1500,0,0,0,0,0.2,0,0,0,0,0.2,0,0,0,0,0.2,0,0,0,0,0.2,0,0,0,0,1,0,0,0,0,1,0,0,0,0,1,0,0,0,0,1
298206.817,21.85,0,0,0,0,0,0,0.367101461,-0,150.09763,-147.154539,2.94309079,1,0,0,0,0,0,0,0,0,0,0,0,0,0,0,150.09763,4.79015999,-1.85057561,1.86249591e-05,0,0,0,0,0,0,0,0,0,0,0,0,0,0,0,0,0,0,0,0,0,0,0,0,0,0,0,0,0,0,0,0,147.154539,0.0394669884,0.967696673,-0.00384051527,-0.113534285,-0.171277625,0.224999691,-1.51211678,-4.31409623,0.000207874053,1500,1500,1500,1500,1500,1500,1500,1500,0,0,0,0,0.2,0,0,0,0,0.2,0,0,0,0,0.2,0,0,0,0,0.2,0,0,0,0,1,0,0,0,0,1,0,0,0,0,1,0,0,0,0,1
298206.869,21.9,0,0,0,0,0,0,0.367101461,-0,150.09763,-147.154539,2.94309079,1,0,0,0,0,0,0,0,0,0,0,0,0,0,0,150.09763,4.79015999,-1.85057561,1.86249591e-05,0,0,0,0,0,0,0,0,0,0,0,0,0,0,0,0,0,0,0,0,0,0,0,0,0,0,0,0,0,0,0,0,147.154539,0.0394669884,0.967696673,-0.00384051527,-0.113534285,-0.171277625,0.224999691,-1.51211678,-4.31409623,0.000207874053,1500,1500,1500,1500,1500,1500,1500,1500,0,0,0,0,0.2,0,0,0,0,0.2,0,0,0,0,0.2,0,0,0,0,0.2,0,0,0,0,1,0,0,0,0,1,0,0,0,0,1,0,0,0,0,1
298206.921,21.95,0,0,0,0,0,0,0.367101461,-0,150.09763,-147.154539,2.94309079,1,0,0,0,0,0,0,0,0,0,0,0,0,0,0,150.09763,4.79015999,-1.85057561,1.86249591e-05,0,0,0,0,0,0,0,0,0,0,0,0,0,0,0,0,0,0,0,0,0,0,0,0,0,0,0,0,0,0,0,0,147.154539,0.0394669884,0.967696673,-0.00384051527,-0.113534285,-0.171277625,0.224999691,-1.51211678,-4.31409623,0.000207874053,1500,1500,1500,1500,1500,1500,1500,1500,0,0,0,0,0.2,0,0,0,0,0.2,0,0,0,0,0.2,0,0,0,0,0.2,0,0,0,0,1,0,0,0,0,1,0,0,0,0,1,0,0,0,0,1
298206.973,22,0,0,0,0,0,0,0.367101461,-0,150.09763,-147.154539,2.94309079,1,0,0,0,0,0,0,0,0,0,0,0,0,0,0,150.09763,4.79015999,-1.85057561,1.86249591e-05,0,0,0,0,0,0,0,0,0,0,0,0,0,0,0,0,0,0,0,0,0,0,0,0,0,0,0,0,0,0,0,0,147.154539,0.0394669884,0.967696673,-0.00384051527,-0.113534285,-0.171277625,0.224999691,-1.51211678,-4.31409623,0.000207874053,1500,1500,1500,1500,1500,1500,1500,1500,0,0,0,0,0.2,0,0,0,0,0.2,0,0,0,0,0.2,0,0,0,0,0.2,0,0,0,0,1,0,0,0,0,1,0,0,0,0,1,0,0,0,0,1
298207.025,22.05,0,0,0,0,0,0,0.367101461,-0,150.09763,-147.154539,2.94309079,1,0,0,0,0,0,0,0,0,0,0,0,0,0,0,150.09763,4.79015999,-1.85057561,1.86249591e-05,0,0,0,0,0,0,0,0,0,0,0,0,0,0,0,0,0,0,0,0,0,0,0,0,0,0,0,0,0,0,0,0,147.154539,0.0394669884,0.967696673,-0.00384051527,-0.113534285,-0.171277625,0.224999691,-1.51211678,-4.31409623,0.000207874053,1500,1500,1500,1500,1500,1500,1500,1500,0,0,0,0,0.2,0,0,0,0,0.2,0,0,0,0,0.2,0,0,0,0,0.2,0,0,0,0,1,0,0,0,0,1,0,0,0,0,1,0,0,0,0,1
298207.077,22.1,0,0,0,0,0,0,0.367101461,-0,150.09763,-147.154539,2.94309079,1,0,0,0,0,0,0,0,0,0,0,0,0,0,0,150.09763,4.79015999,-1.85057561,1.86249591e-05,0,0,0,0,0,0,0,0,0,0,0,0,0,0,0,0,0,0,0,0,0,0,0,0,0,0,0,0,0,0,0,0,147.154539,0.0394669884,0.967696673,-0.00384051527,-0.113534285,-0.171277625,0.224999691,-1.51211678,-4.31409623,0.000207874053,1500,1500,1500,1500,1500,1500,1500,1500,0,0,0,0,0.2,0,0,0,0,0.2,0,0,0,0,0.2,0,0,0,0,0.2,0,0,0,0,1,0,0,0,0,1,0,0,0,0,1,0,0,0,0,1
298207.129,22.15,0,0,0,0,0,0,0.367101461,-0,150.09763,-147.154539,2.94309079,1,0,0,0,0,0,0,0,0,0,0,0,0,0,0,150.09763,4.79015999,-1.85057561,1.86249591e-05,0,0,0,0,0,0,0,0,0,0,0,0,0,0,0,0,0,0,0,0,0,0,0,0,0,0,0,0,0,0,0,0,147.154539,0.0394669884,0.967696673,-0.00384051527,-0.113534285,-0.171277625,0.224999691,-1.51211678,-4.31409623,0.000207874053,1500,1500,1500,1500,1500,1500,1500,1500,0,0,0,0,0.2,0,0,0,0,0.2,0,0,0,0,0.2,0,0,0,0,0.2,0,0,0,0,1,0,0,0,0,1,0,0,0,0,1,0,0,0,0,1
298207.182,22.2,0,0,0,0,0,0,0.367101461,-0,150.09763,-147.154539,2.94309079,1,0,0,0,0,0,0,0,0,0,0,0,0,0,0,150.09763,4.79015999,-1.85057561,1.86249591e-05,0,0,0,0,0,0,0,0,0,0,0,0,0,0,0,0,0,0,0,0,0,0,0,0,0,0,0,0,0,0,0,0,147.154539,0.0394669884,0.967696673,-0.00384051527,-0.113534285,-0.171277625,0.224999691,-1.51211678,-4.31409623,0.000207874053,1500,1500,1500,1500,1500,1500,1500,1500,0,0,0,0,0.2,0,0,0,0,0.2,0,0,0,0,0.2,0,0,0,0,0.2,0,0,0,0,1,0,0,0,0,1,0,0,0,0,1,0,0,0,0,1
298207.235,22.25,0,0,0,0,0,0,0.367101461,-0,150.09763,-147.154539,2.94309079,1,0,0,0,0,0,0,0,0,0,0,0,0,0,0,150.09763,4.79015999,-1.85057561,1.86249591e-05,0,0,0,0,0,0,0,0,0,0,0,0,0,0,0,0,0,0,0,0,0,0,0,0,0,0,0,0,0,0,0,0,147.154539,0.0394669884,0.967696673,-0.00384051527,-0.113534285,-0.171277625,0.224999691,-1.51211678,-4.31409623,0.000207874053,1500,1500,1500,1500,1500,1500,1500,1500,0,0,0,0,0.2,0,0,0,0,0.2,0,0,0,0,0.2,0,0,0,0,0.2,0,0,0,0,1,0,0,0,0,1,0,0,0,0,1,0,0,0,0,1
298207.287,22.3,0,0,0,0,0,0,0.367101461,-0,150.09763,-147.154539,2.94309079,1,0,0,0,0,0,0,0,0,0,0,0,0,0,0,150.09763,4.79015999,-1.85057561,1.86249591e-05,0,0,0,0,0,0,0,0,0,0,0,0,0,0,0,0,0,0,0,0,0,0,0,0,0,0,0,0,0,0,0,0,147.154539,0.0394669884,0.967696673,-0.00384051527,-0.113534285,-0.171277625,0.224999691,-1.51211678,-4.31409623,0.000207874053,1500,1500,1500,1500,1500,1500,1500,1500,0,0,0,0,0.2,0,0,0,0,0.2,0,0,0,0,0.2,0,0,0,0,0.2,0,0,0,0,1,0,0,0,0,1,0,0,0,0,1,0,0,0,0,1
298207.34,22.35,0,0,0,0,0,0,0.367101461,-0,150.09763,-147.154539,2.94309079,1,0,0,0,0,0,0,0,0,0,0,0,0,0,0,150.09763,4.79015999,-1.85057561,1.86249591e-05,0,0,0,0,0,0,0,0,0,0,0,0,0,0,0,0,0,0,0,0,0,0,0,0,0,0,0,0,0,0,0,0,147.154539,0.0394669884,0.967696673,-0.00384051527,-0.113534285,-0.171277625,0.224999691,-1.51211678,-4.31409623,0.000207874053,1500,1500,1500,1500,1500,1500,1500,1500,0,0,0,0,0.2,0,0,0,0,0.2,0,0,0,0,0.2,0,0,0,0,0.2,0,0,0,0,1,0,0,0,0,1,0,0,0,0,1,0,0,0,0,1
298207.392,22.4,0,0,0,0,0,0,0.367101461,-0,150.09763,-147.154539,2.94309079,1,0,0,0,0,0,0,0,0,0,0,0,0,0,0,150.09763,4.79015999,-1.85057561,1.86249591e-05,0,0,0,0,0,0,0,0,0,0,0,0,0,0,0,0,0,0,0,0,0,0,0,0,0,0,0,0,0,0,0,0,147.154539,0.0394669884,0.967696673,-0.00384051527,-0.113534285,-0.171277625,0.224999691,-1.51211678,-4.31409623,0.000207874053,1500,1500,1500,1500,1500,1500,1500,1500,0,0,0,0,0.2,0,0,0,0,0.2,0,0,0,0,0.2,0,0,0,0,0.2,0,0,0,0,1,0,0,0,0,1,0,0,0,0,1,0,0,0,0,1
298207.445,22.45,0,0,0,0,0,0,0.367101461,-0,150.09763,-147.154539,2.94309079,1,0,0,0,0,0,0,0,0,0,0,0,0,0,0,150.09763,4.79015999,-1.85057561,1.86249591e-05,0,0,0,0,0,0,0,0,0,0,0,0,0,0,0,0,0,0,0,0,0,0,0,0,0,0,0,0,0,0,0,0,147.154539,0.0394669884,0.967696673,-0.00384051527,-0.113534285,-0.171277625,0.224999691,-1.51211678,-4.31409623,0.000207874053,1500,1500,1500,1500,1500,1500,1500,1500,0,0,0,0,0.2,0,0,0,0,0.2,0,0,0,0,0.2,0,0,0,0,0.2,0,0,0,0,1,0,0,0,0,1,0,0,0,0,1,0,0,0,0,1
298207.496,22.5,0,0,0,0,0,0,0.367101461,-0,150.09763,-147.154539,2.94309079,1,0,0,0,0,0,0,0,0,0,0,0,0,0,0,150.09763,4.79015999,-1.85057561,1.86249591e-05,0,0,0,0,0,0,0,0,0,0,0,0,0,0,0,0,0,0,0,0,0,0,0,0,0,0,0,0,0,0,0,0,147.154539,0.0394669884,0.967696673,-0.00384051527,-0.113534285,-0.171277625,0.224999691,-1.51211678,-4.31409623,0.000207874053,1500,1500,1500,1500,1500,1500,1500,1500,0,0,0,0,0.2,0,0,0,0,0.2,0,0,0,0,0.2,0,0,0,0,0.2,0,0,0,0,1,0,0,0,0,1,0,0,0,0,1,0,0,0,0,1
298207.549,22.55,0,0,0,0,0,0,0.367101461,-0,150.09763,-147.154539,2.94309079,1,0,0,0,0,0,0,0,0,0,0,0,0,0,0,150.09763,4.79015999,-1.85057561,1.86249591e-05,0,0,0,0,0,0,0,0,0,0,0,0,0,0,0,0,0,0,0,0,0,0,0,0,0,0,0,0,0,0,0,0,147.154539,0.0394669884,0.967696673,-0.00384051527,-0.113534285,-0.171277625,0.224999691,-1.51211678,-4.31409623,0.000207874053,1500,1500,1500,1500,1500,1500,1500,1500,0,0,0,0,0.2,0,0,0,0,0.2,0,0,0,0,0.2,0,0,0,0,0.2,0,0,0,0,1,0,0,0,0,1,0,0,0,0,1,0,0,0,0,1
298207.6,22.6,0,0,0,0,0,0,0.367101461,-0,150.09763,-147.154539,2.94309079,1,0,0,0,0,0,0,0,0,0,0,0,0,0,0,150.09763,4.79015999,-1.85057561,1.86249591e-05,0,0,0,0,0,0,0,0,0,0,0,0,0,0,0,0,0,0,0,0,0,0,0,0,0,0,0,0,0,0,0,0,147.154539,0.0394669884,0.967696673,-0.00384051527,-0.113534285,-0.171277625,0.224999691,-1.51211678,-4.31409623,0.000207874053,1500,1500,1500,1500,1500,1500,1500,1500,0,0,0,0,0.2,0,0,0,0,0.2,0,0,0,0,0.2,0,0,0,0,0.2,0,0,0,0,1,0,0,0,0,1,0,0,0,0,1,0,0,0,0,1
298207.653,22.65,0,0,0,0,0,0,0.367101461,-0,150.09763,-147.154539,2.94309079,1,0,0,0,0,0,0,0,0,0,0,0,0,0,0,150.09763,4.79015999,-1.85057561,1.86249591e-05,0,0,0,0,0,0,0,0,0,0,0,0,0,0,0,0,0,0,0,0,0,0,0,0,0,0,0,0,0,0,0,0,147.154539,0.0394669884,0.967696673,-0.00384051527,-0.113534285,-0.171277625,0.224999691,-1.51211678,-4.31409623,0.000207874053,1500,1500,1500,1500,1500,1500,1500,1500,0,0,0,0,0.2,0,0,0,0,0.2,0,0,0,0,0.2,0,0,0,0,0.2,0,0,0,0,1,0,0,0,0,1,0,0,0,0,1,0,0,0,0,1
298207.704,22.7,0,0,0,0,0,0,0.367101461,-0,150.09763,-147.154539,2.94309079,1,0,0,0,0,0,0,0,0,0,0,0,0,0,0,150.09763,4.79015999,-1.85057561,1.86249591e-05,0,0,0,0,0,0,0,0,0,0,0,0,0,0,0,0,0,0,0,0,0,0,0,0,0,0,0,0,0,0,0,0,147.154539,0.0394669884,0.967696673,-0.00384051527,-0.113534285,-0.171277625,0.224999691,-1.51211678,-4.31409623,0.000207874053,1500,1500,1500,1500,1500,1500,1500,1500,0,0,0,0,0.2,0,0,0,0,0.2,0,0,0,0,0.2,0,0,0,0,0.2,0,0,0,0,1,0,0,0,0,1,0,0,0,0,1,0,0,0,0,1
298207.756,22.75,0,0,0,0,0,0,0.367101461,-0,150.09763,-147.154539,2.94309079,1,0,0,0,0,0,0,0,0,0,0,0,0,0,0,150.09763,4.79015999,-1.85057561,1.86249591e-05,0,0,0,0,0,0,0,0,0,0,0,0,0,0,0,0,0,0,0,0,0,0,0,0,0,0,0,0,0,0,0,0,147.154539,0.0394669884,0.967696673,-0.00384051527,-0.113534285,-0.171277625,0.224999691,-1.51211678,-4.31409623,0.000207874053,1500,1500,1500,1500,1500,1500,1500,1500,0,0,0,0,0.2,0,0,0,0,0.2,0,0,0,0,0.2,0,0,0,0,0.2,0,0,0,0,1,0,0,0,0,1,0,0,0,0,1,0,0,0,0,1
298207.808,22.8,0,0,0,0,0,0,0.367101461,-0,150.09763,-147.154539,2.94309079,1,0,0,0,0,0,0,0,0,0,0,0,0,0,0,150.09763,4.79015999,-1.85057561,1.86249591e-05,0,0,0,0,0,0,0,0,0,0,0,0,0,0,0,0,0,0,0,0,0,0,0,0,0,0,0,0,0,0,0,0,147.154539,0.0394669884,0.967696673,-0.00384051527,-0.113534285,-0.171277625,0.224999691,-1.51211678,-4.31409623,0.000207874053,1500,1500,1500,1500,1500,1500,1500,1500,0,0,0,0,0.2,0,0,0,0,0.2,0,0,0,0,0.2,0,0,0,0,0.2,0,0,0,0,1,0,0,0,0,1,0,0,0,0,1,0,0,0,0,1
298207.861,22.85,0,0,0,0,0,0,0.367101461,-0,150.09763,-147.154539,2.94309079,1,0,0,0,0,0,0,0,0,0,0,0,0,0,0,150.09763,4.79015999,-1.85057561,1.86249591e-05,0,0,0,0,0,0,0,0,0,0,0,0,0,0,0,0,0,0,0,0,0,0,0,0,0,0,0,0,0,0,0,0,147.154539,0.0394669884,0.967696673,-0.00384051527,-0.113534285,-0.171277625,0.224999691,-1.51211678,-4.31409623,0.000207874053,1500,1500,1500,1500,1500,1500,1500,1500,0,0,0,0,0.2,0,0,0,0,0.2,0,0,0,0,0.2,0,0,0,0,0.2,0,0,0,0,1,0,0,0,0,1,0,0,0,0,1,0,0,0,0,1
298207.914,22.9,0,0,0,0,0,0,0.367101461,-0,150.09763,-147.154539,2.94309079,1,0,0,0,0,0,0,0,0,0,0,0,0,0,0,150.09763,4.79015999,-1.85057561,1.86249591e-05,0,0,0,0,0,0,0,0,0,0,0,0,0,0,0,0,0,0,0,0,0,0,0,0,0,0,0,0,0,0,0,0,147.154539,0.0394669884,0.967696673,-0.00384051527,-0.113534285,-0.171277625,0.224999691,-1.51211678,-4.31409623,0.000207874053,1500,1500,1500,1500,1500,1500,1500,1500,0,0,0,0,0.2,0,0,0,0,0.2,0,0,0,0,0.2,0,0,0,0,0.2,0,0,0,0,1,0,0,0,0,1,0,0,0,0,1,0,0,0,0,1
298207.967,22.95,0,0,0,0,0,0,0.367101461,-0,150.09763,-147.154539,2.94309079,1,0,0,0,0,0,0,0,0,0,0,0,0,0,0,150.09763,4.79015999,-1.85057561,1.86249591e-05,0,0,0,0,0,0,0,0,0,0,0,0,0,0,0,0,0,0,0,0,0,0,0,0,0,0,0,0,0,0,0,0,147.154539,0.0394669884,0.967696673,-0.00384051527,-0.113534285,-0.171277625,0.224999691,-1.51211678,-4.31409623,0.000207874053,1500,1500,1500,1500,1500,1500,1500,1500,0,0,0,0,0.2,0,0,0,0,0.2,0,0,0,0,0.2,0,0,0,0,0.2,0,0,0,0,1,0,0,0,0,1,0,0,0,0,1,0,0,0,0,1
298208.018,23,0,0,0,0,0,0,0.367101461,-0,150.09763,-147.154539,2.94309079,1,0,0,0,0,0,0,0,0,0,0,0,0,0,0,150.09763,4.79015999,-1.85057561,1.86249591e-05,0,0,0,0,0,0,0,0,0,0,0,0,0,0,0,0,0,0,0,0,0,0,0,0,0,0,0,0,0,0,0,0,147.154539,0.0394669884,0.967696673,-0.00384051527,-0.113534285,-0.171277625,0.224999691,-1.51211678,-4.31409623,0.000207874053,1500,1500,1500,1500,1500,1500,1500,1500,0,0,0,0,0.2,0,0,0,0,0.2,0,0,0,0,0.2,0,0,0,0,0.2,0,0,0,0,1,0,0,0,0,1,0,0,0,0,1,0,0,0,0,1
298208.07,23.05,0,0,0,0,0,0,0.367101461,-0,150.09763,-147.154539,2.94309079,1,0,0,0,0,0,0,0,0,0,0,0,0,0,0,150.09763,4.79015999,-1.85057561,1.86249591e-05,0,0,0,0,0,0,0,0,0,0,0,0,0,0,0,0,0,0,0,0,0,0,0,0,0,0,0,0,0,0,0,0,147.154539,0.0394669884,0.967696673,-0.00384051527,-0.113534285,-0.171277625,0.224999691,-1.51211678,-4.31409623,0.000207874053,1500,1500,1500,1500,1500,1500,1500,1500,0,0,0,0,0.2,0,0,0,0,0.2,0,0,0,0,0.2,0,0,0,0,0.2,0,0,0,0,1,0,0,0,0,1,0,0,0,0,1,0,0,0,0,1
298208.122,23.1,0,0,0,0,0,0,0.367101461,-0,150.09763,-147.154539,2.94309079,1,0,0,0,0,0,0,0,0,0,0,0,0,0,0,150.09763,4.79015999,-1.85057561,1.86249591e-05,0,0,0,0,0,0,0,0,0,0,0,0,0,0,0,0,0,0,0,0,0,0,0,0,0,0,0,0,0,0,0,0,147.154539,0.0394669884,0.967696673,-0.00384051527,-0.113534285,-0.171277625,0.224999691,-1.51211678,-4.31409623,0.000207874053,1500,1500,1500,1500,1500,1500,1500,1500,0,0,0,0,0.2,0,0,0,0,0.2,0,0,0,0,0.2,0,0,0,0,0.2,0,0,0,0,1,0,0,0,0,1,0,0,0,0,1,0,0,0,0,1
298208.176,23.15,0,0,0,0,0,0,0.367101461,-0,150.09763,-147.154539,2.94309079,1,0,0,0,0,0,0,0,0,0,0,0,0,0,0,150.09763,4.79015999,-1.85057561,1.86249591e-05,0,0,0,0,0,0,0,0,0,0,0,0,0,0,0,0,0,0,0,0,0,0,0,0,0,0,0,0,0,0,0,0,147.154539,0.0394669884,0.967696673,-0.00384051527,-0.113534285,-0.171277625,0.224999691,-1.51211678,-4.31409623,0.000207874053,1500,1500,1500,1500,1500,1500,1500,1500,0,0,0,0,0.2,0,0,0,0,0.2,0,0,0,0,0.2,0,0,0,0,0.2,0,0,0,0,1,0,0,0,0,1,0,0,0,0,1,0,0,0,0,1
298208.229,23.2,0,0,0,0,0,0,0.367101461,-0,150.09763,-147.154539,2.94309079,1,0,0,0,0,0,0,0,0,0,0,0,0,0,0,150.09763,4.79015999,-1.85057561,1.86249591e-05,0,0,0,0,0,0,0,0,0,0,0,0,0,0,0,0,0,0,0,0,0,0,0,0,0,0,0,0,0,0,0,0,147.154539,0.0394669884,0.967696673,-0.00384051527,-0.113534285,-0.171277625,0.224999691,-1.51211678,-4.31409623,0.000207874053,1500,1500,1500,1500,1500,1500,1500,1500,0,0,0,0,0.2,0,0,0,0,0.2,0,0,0,0,0.2,0,0,0,0,0.2,0,0,0,0,1,0,0,0,0,1,0,0,0,0,1,0,0,0,0,1
298208.283,23.25,0,0,0,0,0,0,0.367101461,-0,150.09763,-147.154539,2.94309079,1,0,0,0,0,0,0,0,0,0,0,0,0,0,0,150.09763,4.79015999,-1.85057561,1.86249591e-05,0,0,0,0,0,0,0,0,0,0,0,0,0,0,0,0,0,0,0,0,0,0,0,0,0,0,0,0,0,0,0,0,147.154539,0.0394669884,0.967696673,-0.00384051527,-0.113534285,-0.171277625,0.224999691,-1.51211678,-4.31409623,0.000207874053,1500,1500,1500,1500,1500,1500,1500,1500,0,0,0,0,0.2,0,0,0,0,0.2,0,0,0,0,0.2,0,0,0,0,0.2,0,0,0,0,1,0,0,0,0,1,0,0,0,0,1,0,0,0,0,1
298208.334,23.3,0,0,0,0,0,0,0.367101461,-0,150.09763,-147.154539,2.94309079,1,0,0,0,0,0,0,0,0,0,0,0,0,0,0,150.09763,4.79015999,-1.85057561,1.86249591e-05,0,0,0,0,0,0,0,0,0,0,0,0,0,0,0,0,0,0,0,0,0,0,0,0,0,0,0,0,0,0,0,0,147.154539,0.0394669884,0.967696673,-0.00384051527,-0.113534285,-0.171277625,0.224999691,-1.51211678,-4.31409623,0.000207874053,1500,1500,1500,1500,1500,1500,1500,1500,0,0,0,0,0.2,0,0,0,0,0.2,0,0,0,0,0.2,0,0,0,0,0.2,0,0,0,0,1,0,0,0,0,1,0,0,0,0,1,0,0,0,0,1
298208.386,23.35,0,0,0,0,0,0,0.367101461,-0,150.09763,-147.154539,2.94309079,1,0,0,0,0,0,0,0,0,0,0,0,0,0,0,150.09763,4.79015999,-1.85057561,1.86249591e-05,0,0,0,0,0,0,0,0,0,0,0,0,0,0,0,0,0,0,0,0,0,0,0,0,0,0,0,0,0,0,0,0,147.154539,0.0394669884,0.967696673,-0.00384051527,-0.113534285,-0.171277625,0.224999691,-1.51211678,-4.31409623,0.000207874053,1500,1500,1500,1500,1500,1500,1500,1500,0,0,0,0,0.2,0,0,0,0,0.2,0,0,0,0,0.2,0,0,0,0,0.2,0,0,0,0,1,0,0,0,0,1,0,0,0,0,1,0,0,0,0,1
298208.438,23.4,0,0,0,0,0,0,0.367101461,-0,150.09763,-147.154539,2.94309079,1,0,0,0,0,0,0,0,0,0,0,0,0,0,0,150.09763,4.79015999,-1.85057561,1.86249591e-05,0,0,0,0,0,0,0,0,0,0,0,0,0,0,0,0,0,0,0,0,0,0,0,0,0,0,0,0,0,0,0,0,147.154539,0.0394669884,0.967696673,-0.00384051527,-0.113534285,-0.171277625,0.224999691,-1.51211678,-4.31409623,0.000207874053,1500,1500,1500,1500,1500,1500,1500,1500,0,0,0,0,0.2,0,0,0,0,0.2,0,0,0,0,0.2,0,0,0,0,0.2,0,0,0,0,1,0,0,0,0,1,0,0,0,0,1,0,0,0,0,1
298208.491,23.45,0,0,0,0,0,0,0.367101461,-0,150.09763,-147.154539,2.94309079,1,0,0,0,0,0,0,0,0,0,0,0,0,0,0,150.09763,4.79015999,-1.85057561,1.86249591e-05,0,0,0,0,0,0,0,0,0,0,0,0,0,0,0,0,0,0,0,0,0,0,0,0,0,0,0,0,0,0,0,0,147.154539,0.0394669884,0.967696673,-0.00384051527,-0.113534285,-0.171277625,0.224999691,-1.51211678,-4.31409623,0.000207874053,1500,1500,1500,1500,1500,1500,1500,1500,0,0,0,0,0.2,0,0,0,0,0.2,0,0,0,0,0.2,0,0,0,0,0.2,0,0,0,0,1,0,0,0,0,1,0,0,0,0,1,0,0,0,0,1
298208.543,23.5,0,0,0,0,0,0,0.367101461,-0,150.09763,-147.154539,2.94309079,1,0,0,0,0,0,0,0,0,0,0,0,0,0,0,150.09763,4.79015999,-1.85057561,1.86249591e-05,0,0,0,0,0,0,0,0,0,0,0,0,0,0,0,0,0,0,0,0,0,0,0,0,0,0,0,0,0,0,0,0,147.154539,0.0394669884,0.967696673,-0.00384051527,-0.113534285,-0.171277625,0.224999691,-1.51211678,-4.31409623,0.000207874053,1500,1500,1500,1500,1500,1500,1500,1500,0,0,0,0,0.2,0,0,0,0,0.2,0,0,0,0,0.2,0,0,0,0,0.2,0,0,0,0,1,0,0,0,0,1,0,0,0,0,1,0,0,0,0,1
298208.595,23.55,0,0,0,0,0,0,0.367101461,-0,150.09763,-147.154539,2.94309079,1,0,0,0,0,0,0,0,0,0,0,0,0,0,0,150.09763,4.79015999,-1.85057561,1.86249591e-05,0,0,0,0,0,0,0,0,0,0,0,0,0,0,0,0,0,0,0,0,0,0,0,0,0,0,0,0,0,0,0,0,147.154539,0.0394669884,0.967696673,-0.00384051527,-0.113534285,-0.171277625,0.224999691,-1.51211678,-4.31409623,0.000207874053,1500,1500,1500,1500,1500,1500,1500,1500,0,0,0,0,0.2,0,0,0,0,0.2,0,0,0,0,0.2,0,0,0,0,0.2,0,0,0,0,1,0,0,0,0,1,0,0,0,0,1,0,0,0,0,1
298208.647,23.6,0,0,0,0,0,0,0.367101461,-0,150.09763,-147.154539,2.94309079,1,0,0,0,0,0,0,0,0,0,0,0,0,0,0,150.09763,4.79015999,-1.85057561,1.86249591e-05,0,0,0,0,0,0,0,0,0,0,0,0,0,0,0,0,0,0,0,0,0,0,0,0,0,0,0,0,0,0,0,0,147.154539,0.0394669884,0.967696673,-0.00384051527,-0.113534285,-0.171277625,0.224999691,-1.51211678,-4.31409623,0.000207874053,1500,1500,1500,1500,1500,1500,1500,1500,0,0,0,0,0.2,0,0,0,0,0.2,0,0,0,0,0.2,0,0,0,0,0.2,0,0,0,0,1,0,0,0,0,1,0,0,0,0,1,0,0,0,0,1
298208.699,23.65,0,0,0,0,0,0,0.367101461,-0,150.09763,-147.154539,2.94309079,1,0,0,0,0,0,0,0,0,0,0,0,0,0,0,150.09763,4.79015999,-1.85057561,1.86249591e-05,0,0,0,0,0,0,0,0,0,0,0,0,0,0,0,0,0,0,0,0,0,0,0,0,0,0,0,0,0,0,0,0,147.154539,0.0394669884,0.967696673,-0.00384051527,-0.113534285,-0.171277625,0.224999691,-1.51211678,-4.31409623,0.000207874053,1500,1500,1500,1500,1500,1500,1500,1500,0,0,0,0,0.2,0,0,0,0,0.2,0,0,0,0,0.2,0,0,0,0,0.2,0,0,0,0,1,0,0,0,0,1,0,0,0,0,1,0,0,0,0,1
298208.751,23.7,0,0,0,0,0,0,0.367101461,-0,150.09763,-147.154539,2.94309079,1,0,0,0,0,0,0,0,0,0,0,0,0,0,0,150.09763,4.79015999,-1.85057561,1.86249591e-05,0,0,0,0,0,0,0,0,0,0,0,0,0,0,0,0,0,0,0,0,0,0,0,0,0,0,0,0,0,0,0,0,147.154539,0.0394669884,0.967696673,-0.00384051527,-0.113534285,-0.171277625,0.224999691,-1.51211678,-4.31409623,0.000207874053,1500,1500,1500,1500,1500,1500,1500,1500,0,0,0,0,0.2,0,0,0,0,0.2,0,0,0,0,0.2,0,0,0,0,0.2,0,0,0,0,1,0,0,0,0,1,0,0,0,0,1,0,0,0,0,1
298208.803,23.75,0,0,0,0,0,0,0.367101461,-0,150.09763,-147.154539,2.94309079,1,0,0,0,0,0,0,0,0,0,0,0,0,0,0,150.09763,4.79015999,-1.85057561,1.86249591e-05,0,0,0,0,0,0,0,0,0,0,0,0,0,0,0,0,0,0,0,0,0,0,0,0,0,0,0,0,0,0,0,0,147.154539,0.0394669884,0.967696673,-0.00384051527,-0.113534285,-0.171277625,0.224999691,-1.51211678,-4.31409623,0.000207874053,1500,1500,1500,1500,1500,1500,1500,1500,0,0,0,0,0.2,0,0,0,0,0.2,0,0,0,0,0.2,0,0,0,0,0.2,0,0,0,0,1,0,0,0,0,1,0,0,0,0,1,0,0,0,0,1
298208.857,23.8,0,0,0,0,0,0,0.367101461,-0,150.09763,-147.154539,2.94309079,1,0,0,0,0,0,0,0,0,0,0,0,0,0,0,150.09763,4.79015999,-1.85057561,1.86249591e-05,0,0,0,0,0,0,0,0,0,0,0,0,0,0,0,0,0,0,0,0,0,0,0,0,0,0,0,0,0,0,0,0,147.154539,0.0394669884,0.967696673,-0.00384051527,-0.113534285,-0.171277625,0.224999691,-1.51211678,-4.31409623,0.000207874053,1500,1500,1500,1500,1500,1500,1500,1500,0,0,0,0,0.2,0,0,0,0,0.2,0,0,0,0,0.2,0,0,0,0,0.2,0,0,0,0,1,0,0,0,0,1,0,0,0,0,1,0,0,0,0,1
298208.909,23.85,0,0,0,0,0,0,0.367101461,-0,150.09763,-147.154539,2.94309079,1,0,0,0,0,0,0,0,0,0,0,0,0,0,0,150.09763,4.79015999,-1.85057561,1.86249591e-05,0,0,0,0,0,0,0,0,0,0,0,0,0,0,0,0,0,0,0,0,0,0,0,0,0,0,0,0,0,0,0,0,147.154539,0.0394669884,0.967696673,-0.00384051527,-0.113534285,-0.171277625,0.224999691,-1.51211678,-4.31409623,0.000207874053,1500,1500,1500,1500,1500,1500,1500,1500,0,0,0,0,0.2,0,0,0,0,0.2,0,0,0,0,0.2,0,0,0,0,0.2,0,0,0,0,1,0,0,0,0,1,0,0,0,0,1,0,0,0,0,1
298208.96,23.9,0,0,0,0,0,0,0.367101461,-0,150.09763,-147.154539,2.94309079,1,0,0,0,0,0,0,0,0,0,0,0,0,0,0,150.09763,4.79015999,-1.85057561,1.86249591e-05,0,0,0,0,0,0,0,0,0,0,0,0,0,0,0,0,0,0,0,0,0,0,0,0,0,0,0,0,0,0,0,0,147.154539,0.0394669884,0.967696673,-0.00384051527,-0.113534285,-0.171277625,0.224999691,-1.51211678,-4.31409623,0.000207874053,1500,1500,1500,1500,1500,1500,1500,1500,0,0,0,0,0.2,0,0,0,0,0.2,0,0,0,0,0.2,0,0,0,0,0.2,0,0,0,0,1,0,0,0,0,1,0,0,0,0,1,0,0,0,0,1
298209.013,23.95,0,0,0,0,0,0,0.367101461,-0,150.09763,-147.154539,2.94309079,1,0,0,0,0,0,0,0,0,0,0,0,0,0,0,150.09763,4.79015999,-1.85057561,1.86249591e-05,0,0,0,0,0,0,0,0,0,0,0,0,0,0,0,0,0,0,0,0,0,0,0,0,0,0,0,0,0,0,0,0,147.154539,0.0394669884,0.967696673,-0.00384051527,-0.113534285,-0.171277625,0.224999691,-1.51211678,-4.31409623,0.000207874053,1500,1500,1500,1500,1500,1500,1500,1500,0,0,0,0,0.2,0,0,0,0,0.2,0,0,0,0,0.2,0,0,0,0,0.2,0,0,0,0,1,0,0,0,0,1,0,0,0,0,1,0,0,0,0,1
298209.064,24,0,0,0,0,0,0,0.367101461,-0,150.09763,-147.154539,2.94309079,1,0,0,0,0,0,0,0,0,0,0,0,0,0,0,150.09763,4.79015999,-1.85057561,1.86249591e-05,0,0,0,0,0,0,0,0,0,0,0,0,0,0,0,0,0,0,0,0,0,0,0,0,0,0,0,0,0,0,0,0,147.154539,0.0394669884,0.967696673,-0.00384051527,-0.113534285,-0.171277625,0.224999691,-1.51211678,-4.31409623,0.000207874053,1500,1500,1500,1500,1500,1500,1500,1500,0,0,0,0,0.2,0,0,0,0,0.2,0,0,0,0,0.2,0,0,0,0,0.2,0,0,0,0,1,0,0,0,0,1,0,0,0,0,1,0,0,0,0,1
298209.118,24.05,0,0,0,0,0,0,0.367101461,-0,150.09763,-147.154539,2.94309079,1,0,0,0,0,0,0,0,0,0,0,0,0,0,0,150.09763,4.79015999,-1.85057561,1.86249591e-05,0,0,0,0,0,0,0,0,0,0,0,0,0,0,0,0,0,0,0,0,0,0,0,0,0,0,0,0,0,0,0,0,147.154539,0.0394669884,0.967696673,-0.00384051527,-0.113534285,-0.171277625,0.224999691,-1.51211678,-4.31409623,0.000207874053,1500,1500,1500,1500,1500,1500,1500,1500,0,0,0,0,0.2,0,0,0,0,0.2,0,0,0,0,0.2,0,0,0,0,0.2,0,0,0,0,1,0,0,0,0,1,0,0,0,0,1,0,0,0,0,1
298209.17,24.1,0,0,0,0,0,0,0.367101461,-0,150.09763,-147.154539,2.94309079,1,0,0,0,0,0,0,0,0,0,0,0,0,0,0,150.09763,4.79015999,-1.85057561,1.86249591e-05,0,0,0,0,0,0,0,0,0,0,0,0,0,0,0,0,0,0,0,0,0,0,0,0,0,0,0,0,0,0,0,0,147.154539,0.0394669884,0.967696673,-0.00384051527,-0.113534285,-0.171277625,0.224999691,-1.51211678,-4.31409623,0.000207874053,1500,1500,1500,1500,1500,1500,1500,1500,0,0,0,0,0.2,0,0,0,0,0.2,0,0,0,0,0.2,0,0,0,0,0.2,0,0,0,0,1,0,0,0,0,1,0,0,0,0,1,0,0,0,0,1
298209.222,24.15,0,0,0,0,0,0,0.367101461,-0,150.09763,-147.154539,2.94309079,1,0,0,0,0,0,0,0,0,0,0,0,0,0,0,150.09763,4.79015999,-1.85057561,1.86249591e-05,0,0,0,0,0,0,0,0,0,0,0,0,0,0,0,0,0,0,0,0,0,0,0,0,0,0,0,0,0,0,0,0,147.154539,0.0394669884,0.967696673,-0.00384051527,-0.113534285,-0.171277625,0.224999691,-1.51211678,-4.31409623,0.000207874053,1500,1500,1500,1500,1500,1500,1500,1500,0,0,0,0,0.2,0,0,0,0,0.2,0,0,0,0,0.2,0,0,0,0,0.2,0,0,0,0,1,0,0,0,0,1,0,0,0,0,1,0,0,0,0,1
298209.275,24.2,0,0,0,0,0,0,0.367101461,-0,150.09763,-147.154539,2.94309079,1,0,0,0,0,0,0,0,0,0,0,0,0,0,0,150.09763,4.79015999,-1.85057561,1.86249591e-05,0,0,0,0,0,0,0,0,0,0,0,0,0,0,0,0,0,0,0,0,0,0,0,0,0,0,0,0,0,0,0,0,147.154539,0.0394669884,0.967696673,-0.00384051527,-0.113534285,-0.171277625,0.224999691,-1.51211678,-4.31409623,0.000207874053,1500,1500,1500,1500,1500,1500,1500,1500,0,0,0,0,0.2,0,0,0,0,0.2,0,0,0,0,0.2,0,0,0,0,0.2,0,0,0,0,1,0,0,0,0,1,0,0,0,0,1,0,0,0,0,1
298209.329,24.25,0,0,0,0,0,0,0.367101461,-0,150.09763,-147.154539,2.94309079,1,0,0,0,0,0,0,0,0,0,0,0,0,0,0,150.09763,4.79015999,-1.85057561,1.86249591e-05,0,0,0,0,0,0,0,0,0,0,0,0,0,0,0,0,0,0,0,0,0,0,0,0,0,0,0,0,0,0,0,0,147.154539,0.0394669884,0.967696673,-0.00384051527,-0.113534285,-0.171277625,0.224999691,-1.51211678,-4.31409623,0.000207874053,1500,1500,1500,1500,1500,1500,1500,1500,0,0,0,0,0.2,0,0,0,0,0.2,0,0,0,0,0.2,0,0,0,0,0.2,0,0,0,0,1,0,0,0,0,1,0,0,0,0,1,0,0,0,0,1
298209.381,24.3,0,0,0,0,0,0,0.367101461,-0,150.09763,-147.154539,2.94309079,1,0,0,0,0,0,0,0,0,0,0,0,0,0,0,150.09763,4.79015999,-1.85057561,1.86249591e-05,0,0,0,0,0,0,0,0,0,0,0,0,0,0,0,0,0,0,0,0,0,0,0,0,0,0,0,0,0,0,0,0,147.154539,0.0394669884,0.967696673,-0.00384051527,-0.113534285,-0.171277625,0.224999691,-1.51211678,-4.31409623,0.000207874053,1500,1500,1500,1500,1500,1500,1500,1500,0,0,0,0,0.2,0,0,0,0,0.2,0,0,0,0,0.2,0,0,0,0,0.2,0,0,0,0,1,0,0,0,0,1,0,0,0,0,1,0,0,0,0,1
298209.435,24.35,0,0,0,0,0,0,0.367101461,-0,150.09763,-147.154539,2.94309079,1,0,0,0,0,0,0,0,0,0,0,0,0,0,0,150.09763,4.79015999,-1.85057561,1.86249591e-05,0,0,0,0,0,0,0,0,0,0,0,0,0,0,0,0,0,0,0,0,0,0,0,0,0,0,0,0,0,0,0,0,147.154539,0.0394669884,0.967696673,-0.00384051527,-0.113534285,-0.171277625,0.224999691,-1.51211678,-4.31409623,0.000207874053,1500,1500,1500,1500,1500,1500,1500,1500,0,0,0,0,0.2,0,0,0,0,0.2,0,0,0,0,0.2,0,0,0,0,0.2,0,0,0,0,1,0,0,0,0,1,0,0,0,0,1,0,0,0,0,1
298209.487,24.4,0,0,0,0,0,0,0.367101461,-0,150.09763,-147.154539,2.94309079,1,0,0,0,0,0,0,0,0,0,0,0,0,0,0,150.09763,4.79015999,-1.85057561,1.86249591e-05,0,0,0,0,0,0,0,0,0,0,0,0,0,0,0,0,0,0,0,0,0,0,0,0,0,0,0,0,0,0,0,0,147.154539,0.0394669884,0.967696673,-0.00384051527,-0.113534285,-0.171277625,0.224999691,-1.51211678,-4.31409623,0.000207874053,1500,1500,1500,1500,1500,1500,1500,1500,0,0,0,0,0.2,0,0,0,0,0.2,0,0,0,0,0.2,0,0,0,0,0.2,0,0,0,0,1,0,0,0,0,1,0,0,0,0,1,0,0,0,0,1
298209.54,24.45,0,0,0,0,0,0,0.367101461,-0,150.09763,-147.154539,2.94309079,1,0,0,0,0,0,0,0,0,0,0,0,0,0,0,150.09763,4.79015999,-1.85057561,1.86249591e-05,0,0,0,0,0,0,0,0,0,0,0,0,0,0,0,0,0,0,0,0,0,0,0,0,0,0,0,0,0,0,0,0,147.154539,0.0394669884,0.967696673,-0.00384051527,-0.113534285,-0.171277625,0.224999691,-1.51211678,-4.31409623,0.000207874053,1500,1500,1500,1500,1500,1500,1500,1500,0,0,0,0,0.2,0,0,0,0,0.2,0,0,0,0,0.2,0,0,0,0,0.2,0,0,0,0,1,0,0,0,0,1,0,0,0,0,1,0,0,0,0,1
298209.593,24.5,0,0,0,0,0,0,0.367101461,-0,150.09763,-147.154539,2.94309079,1,0,0,0,0,0,0,0,0,0,0,0,0,0,0,150.09763,4.79015999,-1.85057561,1.86249591e-05,0,0,0,0,0,0,0,0,0,0,0,0,0,0,0,0,0,0,0,0,0,0,0,0,0,0,0,0,0,0,0,0,147.154539,0.0394669884,0.967696673,-0.00384051527,-0.113534285,-0.171277625,0.224999691,-1.51211678,-4.31409623,0.000207874053,1500,1500,1500,1500,1500,1500,1500,1500,0,0,0,0,0.2,0,0,0,0,0.2,0,0,0,0,0.2,0,0,0,0,0.2,0,0,0,0,1,0,0,0,0,1,0,0,0,0,1,0,0,0,0,1
298209.644,24.55,0,0,0,0,0,0,0.367101461,-0,150.09763,-147.154539,2.94309079,1,0,0,0,0,0,0,0,0,0,0,0,0,0,0,150.09763,4.79015999,-1.85057561,1.86249591e-05,0,0,0,0,0,0,0,0,0,0,0,0,0,0,0,0,0,0,0,0,0,0,0,0,0,0,0,0,0,0,0,0,147.154539,0.0394669884,0.967696673,-0.00384051527,-0.113534285,-0.171277625,0.224999691,-1.51211678,-4.31409623,0.000207874053,1500,1500,1500,1500,1500,1500,1500,1500,0,0,0,0,0.2,0,0,0,0,0.2,0,0,0,0,0.2,0,0,0,0,0.2,0,0,0,0,1,0,0,0,0,1,0,0,0,0,1,0,0,0,0,1
298209.695,24.6,0,0,0,0,0,0,0.367101461,-0,150.09763,-147.154539,2.94309079,1,0,0,0,0,0,0,0,0,0,0,0,0,0,0,150.09763,4.79015999,-1.85057561,1.86249591e-05,0,0,0,0,0,0,0,0,0,0,0,0,0,0,0,0,0,0,0,0,0,0,0,0,0,0,0,0,0,0,0,0,147.154539,0.0394669884,0.967696673,-0.00384051527,-0.113534285,-0.171277625,0.224999691,-1.51211678,-4.31409623,0.000207874053,1500,1500,1500,1500,1500,1500,1500,1500,0,0,0,0,0.2,0,0,0,0,0.2,0,0,0,0,0.2,0,0,0,0,0.2,0,0,0,0,1,0,0,0,0,1,0,0,0,0,1,0,0,0,0,1
298209.748,24.65,0,0,0,0,0,0,0.367101461,-0,150.09763,-147.154539,2.94309079,1,0,0,0,0,0,0,0,0,0,0,0,0,0,0,150.09763,4.79015999,-1.85057561,1.86249591e-05,0,0,0,0,0,0,0,0,0,0,0,0,0,0,0,0,0,0,0,0,0,0,0,0,0,0,0,0,0,0,0,0,147.154539,0.0394669884,0.967696673,-0.00384051527,-0.113534285,-0.171277625,0.224999691,-1.51211678,-4.31409623,0.000207874053,1500,1500,1500,1500,1500,1500,1500,1500,0,0,0,0,0.2,0,0,0,0,0.2,0,0,0,0,0.2,0,0,0,0,0.2,0,0,0,0,1,0,0,0,0,1,0,0,0,0,1,0,0,0,0,1
298209.799,24.7,0,0,0,0,0,0,0.367101461,-0,150.09763,-147.154539,2.94309079,1,0,0,0,0,0,0,0,0,0,0,0,0,0,0,150.09763,4.79015999,-1.85057561,1.86249591e-05,0,0,0,0,0,0,0,0,0,0,0,0,0,0,0,0,0,0,0,0,0,0,0,0,0,0,0,0,0,0,0,0,147.154539,0.0394669884,0.967696673,-0.00384051527,-0.113534285,-0.171277625,0.224999691,-1.51211678,-4.31409623,0.000207874053,1500,1500,1500,1500,1500,1500,1500,1500,0,0,0,0,0.2,0,0,0,0,0.2,0,0,0,0,0.2,0,0,0,0,0.2,0,0,0,0,1,0,0,0,0,1,0,0,0,0,1,0,0,0,0,1
298209.852,24.75,0,0,0,0,0,0,0.367101461,-0,150.09763,-147.154539,2.94309079,1,0,0,0,0,0,0,0,0,0,0,0,0,0,0,150.09763,4.79015999,-1.85057561,1.86249591e-05,0,0,0,0,0,0,0,0,0,0,0,0,0,0,0,0,0,0,0,0,0,0,0,0,0,0,0,0,0,0,0,0,147.154539,0.0394669884,0.967696673,-0.00384051527,-0.113534285,-0.171277625,0.224999691,-1.51211678,-4.31409623,0.000207874053,1500,1500,1500,1500,1500,1500,1500,1500,0,0,0,0,0.2,0,0,0,0,0.2,0,0,0,0,0.2,0,0,0,0,0.2,0,0,0,0,1,0,0,0,0,1,0,0,0,0,1,0,0,0,0,1
298209.906,24.8,0,0,0,0,0,0,0.367101461,-0,150.09763,-147.154539,2.94309079,1,0,0,0,0,0,0,0,0,0,0,0,0,0,0,150.09763,4.79015999,-1.85057561,1.86249591e-05,0,0,0,0,0,0,0,0,0,0,0,0,0,0,0,0,0,0,0,0,0,0,0,0,0,0,0,0,0,0,0,0,147.154539,0.0394669884,0.967696673,-0.00384051527,-0.113534285,-0.171277625,0.224999691,-1.51211678,-4.31409623,0.000207874053,1500,1500,1500,1500,1500,1500,1500,1500,0,0,0,0,0.2,0,0,0,0,0.2,0,0,0,0,0.2,0,0,0,0,0.2,0,0,0,0,1,0,0,0,0,1,0,0,0,0,1,0,0,0,0,1
298209.961,24.85,0,0,0,0,0,0,0.367101461,-0,150.09763,-147.154539,2.94309079,1,0,0,0,0,0,0,0,0,0,0,0,0,0,0,150.09763,4.79015999,-1.85057561,1.86249591e-05,0,0,0,0,0,0,0,0,0,0,0,0,0,0,0,0,0,0,0,0,0,0,0,0,0,0,0,0,0,0,0,0,147.154539,0.0394669884,0.967696673,-0.00384051527,-0.113534285,-0.171277625,0.224999691,-1.51211678,-4.31409623,0.000207874053,1500,1500,1500,1500,1500,1500,1500,1500,0,0,0,0,0.2,0,0,0,0,0.2,0,0,0,0,0.2,0,0,0,0,0.2,0,0,0,0,1,0,0,0,0,1,0,0,0,0,1,0,0,0,0,1
298210.013,24.9,0,0,0,0,0,0,0.367101461,-0,150.09763,-147.154539,2.94309079,1,0,0,0,0,0,0,0,0,0,0,0,0,0,0,150.09763,4.79015999,-1.85057561,1.86249591e-05,0,0,0,0,0,0,0,0,0,0,0,0,0,0,0,0,0,0,0,0,0,0,0,0,0,0,0,0,0,0,0,0,147.154539,0.0394669884,0.967696673,-0.00384051527,-0.113534285,-0.171277625,0.224999691,-1.51211678,-4.31409623,0.000207874053,1500,1500,1500,1500,1500,1500,1500,1500,0,0,0,0,0.2,0,0,0,0,0.2,0,0,0,0,0.2,0,0,0,0,0.2,0,0,0,0,1,0,0,0,0,1,0,0,0,0,1,0,0,0,0,1
298210.066,24.95,0,0,0,0,0,0,0.367101461,-0,150.09763,-147.154539,2.94309079,1,0,0,0,0,0,0,0,0,0,0,0,0,0,0,150.09763,4.79015999,-1.85057561,1.86249591e-05,0,0,0,0,0,0,0,0,0,0,0,0,0,0,0,0,0,0,0,0,0,0,0,0,0,0,0,0,0,0,0,0,147.154539,0.0394669884,0.967696673,-0.00384051527,-0.113534285,-0.171277625,0.224999691,-1.51211678,-4.31409623,0.000207874053,1500,1500,1500,1500,1500,1500,1500,1500,0,0,0,0,0.2,0,0,0,0,0.2,0,0,0,0,0.2,0,0,0,0,0.2,0,0,0,0,1,0,0,0,0,1,0,0,0,0,1,0,0,0,0,1
298210.117,25,0,0,0,0,0,0,0.367101461,-0,150.09763,-147.154539,2.94309079,1,0,0,0,0,0,0,0,0,0,0,0,0,0,0,150.09763,4.79015999,-1.85057561,1.86249591e-05,0,0,0,0,0,0,0,0,0,0,0,0,0,0,0,0,0,0,0,0,0,0,0,0,0,0,0,0,0,0,0,0,147.154539,0.0394669884,0.967696673,-0.00384051527,-0.113534285,-0.171277625,0.224999691,-1.51211678,-4.31409623,0.000207874053,1500,1500,1500,1500,1500,1500,1500,1500,0,0,0,0,0.2,0,0,0,0,0.2,0,0,0,0,0.2,0,0,0,0,0.2,0,0,0,0,1,0,0,0,0,1,0,0,0,0,1,0,0,0,0,1
298210.172,25.05,0,0,0,0,0,0,0.367101461,-0,150.09763,-147.154539,2.94309079,1,0,0,0,0,0,0,0,0,0,0,0,0,0,0,150.09763,4.79015999,-1.85057561,1.86249591e-05,0,0,0,0,0,0,0,0,0,0,0,0,0,0,0,0,0,0,0,0,0,0,0,0,0,0,0,0,0,0,0,0,147.154539,0.0394669884,0.967696673,-0.00384051527,-0.113534285,-0.171277625,0.224999691,-1.51211678,-4.31409623,0.000207874053,1500,1500,1500,1500,1500,1500,1500,1500,0,0,0,0,0.2,0,0,0,0,0.2,0,0,0,0,0.2,0,0,0,0,0.2,0,0,0,0,1,0,0,0,0,1,0,0,0,0,1,0,0,0,0,1
298210.223,25.1,0,0,0,0,0,0,0.367101461,-0,150.09763,-147.154539,2.94309079,1,0,0,0,0,0,0,0,0,0,0,0,0,0,0,150.09763,4.79015999,-1.85057561,1.86249591e-05,0,0,0,0,0,0,0,0,0,0,0,0,0,0,0,0,0,0,0,0,0,0,0,0,0,0,0,0,0,0,0,0,147.154539,0.0394669884,0.967696673,-0.00384051527,-0.113534285,-0.171277625,0.224999691,-1.51211678,-4.31409623,0.000207874053,1500,1500,1500,1500,1500,1500,1500,1500,0,0,0,0,0.2,0,0,0,0,0.2,0,0,0,0,0.2,0,0,0,0,0.2,0,0,0,0,1,0,0,0,0,1,0,0,0,0,1,0,0,0,0,1
298210.276,25.15,0,0,0,0,0,0,0.367101461,-0,150.09763,-147.154539,2.94309079,1,0,0,0,0,0,0,0,0,0,0,0,0,0,0,150.09763,4.79015999,-1.85057561,1.86249591e-05,0,0,0,0,0,0,0,0,0,0,0,0,0,0,0,0,0,0,0,0,0,0,0,0,0,0,0,0,0,0,0,0,147.154539,0.0394669884,0.967696673,-0.00384051527,-0.113534285,-0.171277625,0.224999691,-1.51211678,-4.31409623,0.000207874053,1500,1500,1500,1500,1500,1500,1500,1500,0,0,0,0,0.2,0,0,0,0,0.2,0,0,0,0,0.2,0,0,0,0,0.2,0,0,0,0,1,0,0,0,0,1,0,0,0,0,1,0,0,0,0,1
298210.328,25.2,0,0,0,0,0,0,0.367101461,-0,150.09763,-147.154539,2.94309079,1,0,0,0,0,0,0,0,0,0,0,0,0,0,0,150.09763,4.79015999,-1.85057561,1.86249591e-05,0,0,0,0,0,0,0,0,0,0,0,0,0,0,0,0,0,0,0,0,0,0,0,0,0,0,0,0,0,0,0,0,147.154539,0.0394669884,0.967696673,-0.00384051527,-0.113534285,-0.171277625,0.224999691,-1.51211678,-4.31409623,0.000207874053,1500,1500,1500,1500,1500,1500,1500,1500,0,0,0,0,0.2,0,0,0,0,0.2,0,0,0,0,0.2,0,0,0,0,0.2,0,0,0,0,1,0,0,0,0,1,0,0,0,0,1,0,0,0,0,1
298210.382,25.25,0,0,0,0,0,0,0.367101461,-0,150.09763,-147.154539,2.94309079,1,0,0,0,0,0,0,0,0,0,0,0,0,0,0,150.09763,4.79015999,-1.85057561,1.86249591e-05,0,0,0,0,0,0,0,0,0,0,0,0,0,0,0,0,0,0,0,0,0,0,0,0,0,0,0,0,0,0,0,0,147.154539,0.0394669884,0.967696673,-0.00384051527,-0.113534285,-0.171277625,0.224999691,-1.51211678,-4.31409623,0.000207874053,1500,1500,1500,1500,1500,1500,1500,1500,0,0,0,0,0.2,0,0,0,0,0.2,0,0,0,0,0.2,0,0,0,0,0.2,0,0,0,0,1,0,0,0,0,1,0,0,0,0,1,0,0,0,0,1
298210.433,25.3,0,0,0,0,0,0,0.367101461,-0,150.09763,-147.154539,2.94309079,1,0,0,0,0,0,0,0,0,0,0,0,0,0,0,150.09763,4.79015999,-1.85057561,1.86249591e-05,0,0,0,0,0,0,0,0,0,0,0,0,0,0,0,0,0,0,0,0,0,0,0,0,0,0,0,0,0,0,0,0,147.154539,0.0394669884,0.967696673,-0.00384051527,-0.113534285,-0.171277625,0.224999691,-1.51211678,-4.31409623,0.000207874053,1500,1500,1500,1500,1500,1500,1500,1500,0,0,0,0,0.2,0,0,0,0,0.2,0,0,0,0,0.2,0,0,0,0,0.2,0,0,0,0,1,0,0,0,0,1,0,0,0,0,1,0,0,0,0,1
298210.489,25.35,0,0,0,0,0,0,0.367101461,-0,150.09763,-147.154539,2.94309079,1,0,0,0,0,0,0,0,0,0,0,0,0,0,0,150.09763,4.79015999,-1.85057561,1.86249591e-05,0,0,0,0,0,0,0,0,0,0,0,0,0,0,0,0,0,0,0,0,0,0,0,0,0,0,0,0,0,0,0,0,147.154539,0.0394669884,0.967696673,-0.00384051527,-0.113534285,-0.171277625,0.224999691,-1.51211678,-4.31409623,0.000207874053,1500,1500,1500,1500,1500,1500,1500,1500,0,0,0,0,0.2,0,0,0,0,0.2,0,0,0,0,0.2,0,0,0,0,0.2,0,0,0,0,1,0,0,0,0,1,0,0,0,0,1,0,0,0,0,1
298210.54,25.4,0,0,0,0,0,0,0.367101461,-0,150.09763,-147.154539,2.94309079,1,0,0,0,0,0,0,0,0,0,0,0,0,0,0,150.09763,4.79015999,-1.85057561,1.86249591e-05,0,0,0,0,0,0,0,0,0,0,0,0,0,0,0,0,0,0,0,0,0,0,0,0,0,0,0,0,0,0,0,0,147.154539,0.0394669884,0.967696673,-0.00384051527,-0.113534285,-0.171277625,0.224999691,-1.51211678,-4.31409623,0.000207874053,1500,1500,1500,1500,1500,1500,1500,1500,0,0,0,0,0.2,0,0,0,0,0.2,0,0,0,0,0.2,0,0,0,0,0.2,0,0,0,0,1,0,0,0,0,1,0,0,0,0,1,0,0,0,0,1
298210.593,25.45,0,0,0,0,0,0,0.367101461,-0,150.09763,-147.154539,2.94309079,1,0,0,0,0,0,0,0,0,0,0,0,0,0,0,150.09763,4.79015999,-1.85057561,1.86249591e-05,0,0,0,0,0,0,0,0,0,0,0,0,0,0,0,0,0,0,0,0,0,0,0,0,0,0,0,0,0,0,0,0,147.154539,0.0394669884,0.967696673,-0.00384051527,-0.113534285,-0.171277625,0.224999691,-1.51211678,-4.31409623,0.000207874053,1500,1500,1500,1500,1500,1500,1500,1500,0,0,0,0,0.2,0,0,0,0,0.2,0,0,0,0,0.2,0,0,0,0,0.2,0,0,0,0,1,0,0,0,0,1,0,0,0,0,1,0,0,0,0,1
298210.645,25.5,0,0,0,0,0,0,0.367101461,-0,150.09763,-147.154539,2.94309079,1,0,0,0,0,0,0,0,0,0,0,0,0,0,0,150.09763,4.79015999,-1.85057561,1.86249591e-05,0,0,0,0,0,0,0,0,0,0,0,0,0,0,0,0,0,0,0,0,0,0,0,0,0,0,0,0,0,0,0,0,147.154539,0.0394669884,0.967696673,-0.00384051527,-0.113534285,-0.171277625,0.224999691,-1.51211678,-4.31409623,0.000207874053,1500,1500,1500,1500,1500,1500,1500,1500,0,0,0,0,0.2,0,0,0,0,0.2,0,0,0,0,0.2,0,0,0,0,0.2,0,0,0,0,1,0,0,0,0,1,0,0,0,0,1,0,0,0,0,1
298210.698,25.55,0,0,0,0,0,0,0.367101461,-0,150.09763,-147.154539,2.94309079,1,0,0,0,0,0,0,0,0,0,0,0,0,0,0,150.09763,4.79015999,-1.85057561,1.86249591e-05,0,0,0,0,0,0,0,0,0,0,0,0,0,0,0,0,0,0,0,0,0,0,0,0,0,0,0,0,0,0,0,0,147.154539,0.0394669884,0.967696673,-0.00384051527,-0.113534285,-0.171277625,0.224999691,-1.51211678,-4.31409623,0.000207874053,1500,1500,1500,1500,1500,1500,1500,1500,0,0,0,0,0.2,0,0,0,0,0.2,0,0,0,0,0.2,0,0,0,0,0.2,0,0,0,0,1,0,0,0,0,1,0,0,0,0,1,0,0,0,0,1
298210.749,25.6,0,0,0,0,0,0,0.367101461,-0,150.09763,-147.154539,2.94309079,1,0,0,0,0,0,0,0,0,0,0,0,0,0,0,150.09763,4.79015999,-1.85057561,1.86249591e-05,0,0,0,0,0,0,0,0,0,0,0,0,0,0,0,0,0,0,0,0,0,0,0,0,0,0,0,0,0,0,0,0,147.154539,0.0394669884,0.967696673,-0.00384051527,-0.113534285,-0.171277625,0.224999691,-1.51211678,-4.31409623,0.000207874053,1500,1500,1500,1500,1500,1500,1500,1500,0,0,0,0,0.2,0,0,0,0,0.2,0,0,0,0,0.2,0,0,0,0,0.2,0,0,0,0,1,0,0,0,0,1,0,0,0,0,1,0,0,0,0,1
298210.802,25.65,0,0,0,0,0,0,0.367101461,-0,150.09763,-147.154539,2.94309079,1,0,0,0,0,0,0,0,0,0,0,0,0,0,0,150.09763,4.79015999,-1.85057561,1.86249591e-05,0,0,0,0,0,0,0,0,0,0,0,0,0,0,0,0,0,0,0,0,0,0,0,0,0,0,0,0,0,0,0,0,147.154539,0.0394669884,0.967696673,-0.00384051527,-0.113534285,-0.171277625,0.224999691,-1.51211678,-4.31409623,0.000207874053,1500,1500,1500,1500,1500,1500,1500,1500,0,0,0,0,0.2,0,0,0,0,0.2,0,0,0,0,0.2,0,0,0,0,0.2,0,0,0,0,1,0,0,0,0,1,0,0,0,0,1,0,0,0,0,1
298210.854,25.7,0,0,0,0,0,0,0.367101461,-0,150.09763,-147.154539,2.94309079,1,0,0,0,0,0,0,0,0,0,0,0,0,0,0,150.09763,4.79015999,-1.85057561,1.86249591e-05,0,0,0,0,0,0,0,0,0,0,0,0,0,0,0,0,0,0,0,0,0,0,0,0,0,0,0,0,0,0,0,0,147.154539,0.0394669884,0.967696673,-0.00384051527,-0.113534285,-0.171277625,0.224999691,-1.51211678,-4.31409623,0.000207874053,1500,1500,1500,1500,1500,1500,1500,1500,0,0,0,0,0.2,0,0,0,0,0.2,0,0,0,0,0.2,0,0,0,0,0.2,0,0,0,0,1,0,0,0,0,1,0,0,0,0,1,0,0,0,0,1
298210.907,25.75,0,0,0,0,0,0,0.367101461,-0,150.09763,-147.154539,2.94309079,1,0,0,0,0,0,0,0,0,0,0,0,0,0,0,150.09763,4.79015999,-1.85057561,1.86249591e-05,0,0,0,0,0,0,0,0,0,0,0,0,0,0,0,0,0,0,0,0,0,0,0,0,0,0,0,0,0,0,0,0,147.154539,0.0394669884,0.967696673,-0.00384051527,-0.113534285,-0.171277625,0.224999691,-1.51211678,-4.31409623,0.000207874053,1500,1500,1500,1500,1500,1500,1500,1500,0,0,0,0,0.2,0,0,0,0,0.2,0,0,0,0,0.2,0,0,0,0,0.2,0,0,0,0,1,0,0,0,0,1,0,0,0,0,1,0,0,0,0,1
298210.962,25.8,0,0,0,0,0,0,0.367101461,-0,150.09763,-147.154539,2.94309079,1,0,0,0,0,0,0,0,0,0,0,0,0,0,0,150.09763,4.79015999,-1.85057561,1.86249591e-05,0,0,0,0,0,0,0,0,0,0,0,0,0,0,0,0,0,0,0,0,0,0,0,0,0,0,0,0,0,0,0,0,147.154539,0.0394669884,0.967696673,-0.00384051527,-0.113534285,-0.171277625,0.224999691,-1.51211678,-4.31409623,0.000207874053,1500,1500,1500,1500,1500,1500,1500,1500,0,0,0,0,0.2,0,0,0,0,0.2,0,0,0,0,0.2,0,0,0,0,0.2,0,0,0,0,1,0,0,0,0,1,0,0,0,0,1,0,0,0,0,1
298211.016,25.85,0,0,0,0,0,0,0.367101461,-0,150.09763,-147.154539,2.94309079,1,0,0,0,0,0,0,0,0,0,0,0,0,0,0,150.09763,4.79015999,-1.85057561,1.86249591e-05,0,0,0,0,0,0,0,0,0,0,0,0,0,0,0,0,0,0,0,0,0,0,0,0,0,0,0,0,0,0,0,0,147.154539,0.0394669884,0.967696673,-0.00384051527,-0.113534285,-0.171277625,0.224999691,-1.51211678,-4.31409623,0.000207874053,1500,1500,1500,1500,1500,1500,1500,1500,0,0,0,0,0.2,0,0,0,0,0.2,0,0,0,0,0.2,0,0,0,0,0.2,0,0,0,0,1,0,0,0,0,1,0,0,0,0,1,0,0,0,0,1
298211.067,25.9,0,0,0,0,0,0,0.367101461,-0,150.09763,-147.154539,2.94309079,1,0,0,0,0,0,0,0,0,0,0,0,0,0,0,150.09763,4.79015999,-1.85057561,1.86249591e-05,0,0,0,0,0,0,0,0,0,0,0,0,0,0,0,0,0,0,0,0,0,0,0,0,0,0,0,0,0,0,0,0,147.154539,0.0394669884,0.967696673,-0.00384051527,-0.113534285,-0.171277625,0.224999691,-1.51211678,-4.31409623,0.000207874053,1500,1500,1500,1500,1500,1500,1500,1500,0,0,0,0,0.2,0,0,0,0,0.2,0,0,0,0,0.2,0,0,0,0,0.2,0,0,0,0,1,0,0,0,0,1,0,0,0,0,1,0,0,0,0,1
298211.119,25.95,0,0,0,0,0,0,0.367101461,-0,150.09763,-147.154539,2.94309079,1,0,0,0,0,0,0,0,0,0,0,0,0,0,0,150.09763,4.79015999,-1.85057561,1.86249591e-05,0,0,0,0,0,0,0,0,0,0,0,0,0,0,0,0,0,0,0,0,0,0,0,0,0,0,0,0,0,0,0,0,147.154539,0.0394669884,0.967696673,-0.00384051527,-0.113534285,-0.171277625,0.224999691,-1.51211678,-4.31409623,0.000207874053,1500,1500,1500,1500,1500,1500,1500,1500,0,0,0,0,0.2,0,0,0,0,0.2,0,0,0,0,0.2,0,0,0,0,0.2,0,0,0,0,1,0,0,0,0,1,0,0,0,0,1,0,0,0,0,1
298211.17,26,0,0,0,0,0,0,0.367101461,-0,150.09763,-147.154539,2.94309079,1,0,0,0,0,0,0,0,0,0,0,0,0,0,0,150.09763,4.79015999,-1.85057561,1.86249591e-05,0,0,0,0,0,0,0,0,0,0,0,0,0,0,0,0,0,0,0,0,0,0,0,0,0,0,0,0,0,0,0,0,147.154539,0.0394669884,0.967696673,-0.00384051527,-0.113534285,-0.171277625,0.224999691,-1.51211678,-4.31409623,0.000207874053,1500,1500,1500,1500,1500,1500,1500,1500,0,0,0,0,0.2,0,0,0,0,0.2,0,0,0,0,0.2,0,0,0,0,0.2,0,0,0,0,1,0,0,0,0,1,0,0,0,0,1,0,0,0,0,1
298211.224,26.05,0,0,0,0,0,0,0.367101461,-0,150.09763,-147.154539,2.94309079,1,0,0,0,0,0,0,0,0,0,0,0,0,0,0,150.09763,4.79015999,-1.85057561,1.86249591e-05,0,0,0,0,0,0,0,0,0,0,0,0,0,0,0,0,0,0,0,0,0,0,0,0,0,0,0,0,0,0,0,0,147.154539,0.0394669884,0.967696673,-0.00384051527,-0.113534285,-0.171277625,0.224999691,-1.51211678,-4.31409623,0.000207874053,1500,1500,1500,1500,1500,1500,1500,1500,0,0,0,0,0.2,0,0,0,0,0.2,0,0,0,0,0.2,0,0,0,0,0.2,0,0,0,0,1,0,0,0,0,1,0,0,0,0,1,0,0,0,0,1
298211.277,26.1,0,0,0,0,0,0,0.367101461,-0,150.09763,-147.154539,2.94309079,1,0,0,0,0,0,0,0,0,0,0,0,0,0,0,150.09763,4.79015999,-1.85057561,1.86249591e-05,0,0,0,0,0,0,0,0,0,0,0,0,0,0,0,0,0,0,0,0,0,0,0,0,0,0,0,0,0,0,0,0,147.154539,0.0394669884,0.967696673,-0.00384051527,-0.113534285,-0.171277625,0.224999691,-1.51211678,-4.31409623,0.000207874053,1500,1500,1500,1500,1500,1500,1500,1500,0,0,0,0,0.2,0,0,0,0,0.2,0,0,0,0,0.2,0,0,0,0,0.2,0,0,0,0,1,0,0,0,0,1,0,0,0,0,1,0,0,0,0,1
298211.33,26.15,0,0,0,0,0,0,0.367101461,-0,150.09763,-147.154539,2.94309079,1,0,0,0,0,0,0,0,0,0,0,0,0,0,0,150.09763,4.79015999,-1.85057561,1.86249591e-05,0,0,0,0,0,0,0,0,0,0,0,0,0,0,0,0,0,0,0,0,0,0,0,0,0,0,0,0,0,0,0,0,147.154539,0.0394669884,0.967696673,-0.00384051527,-0.113534285,-0.171277625,0.224999691,-1.51211678,-4.31409623,0.000207874053,1500,1500,1500,1500,1500,1500,1500,1500,0,0,0,0,0.2,0,0,0,0,0.2,0,0,0,0,0.2,0,0,0,0,0.2,0,0,0,0,1,0,0,0,0,1,0,0,0,0,1,0,0,0,0,1
298211.381,26.2,0,0,0,0,0,0,0.367101461,-0,150.09763,-147.154539,2.94309079,1,0,0,0,0,0,0,0,0,0,0,0,0,0,0,150.09763,4.79015999,-1.85057561,1.86249591e-05,0,0,0,0,0,0,0,0,0,0,0,0,0,0,0,0,0,0,0,0,0,0,0,0,0,0,0,0,0,0,0,0,147.154539,0.0394669884,0.967696673,-0.00384051527,-0.113534285,-0.171277625,0.224999691,-1.51211678,-4.31409623,0.000207874053,1500,1500,1500,1500,1500,1500,1500,1500,0,0,0,0,0.2,0,0,0,0,0.2,0,0,0,0,0.2,0,0,0,0,0.2,0,0,0,0,1,0,0,0,0,1,0,0,0,0,1,0,0,0,0,1
298211.433,26.25,0,0,0,0,0,0,0.367101461,-0,150.09763,-147.154539,2.94309079,1,0,0,0,0,0,0,0,0,0,0,0,0,0,0,150.09763,4.79015999,-1.85057561,1.86249591e-05,0,0,0,0,0,0,0,0,0,0,0,0,0,0,0,0,0,0,0,0,0,0,0,0,0,0,0,0,0,0,0,0,147.154539,0.0394669884,0.967696673,-0.00384051527,-0.113534285,-0.171277625,0.224999691,-1.51211678,-4.31409623,0.000207874053,1500,1500,1500,1500,1500,1500,1500,1500,0,0,0,0,0.2,0,0,0,0,0.2,0,0,0,0,0.2,0,0,0,0,0.2,0,0,0,0,1,0,0,0,0,1,0,0,0,0,1,0,0,0,0,1
298211.485,26.3,0,0,0,0,0,0,0.367101461,-0,150.09763,-147.154539,2.94309079,1,0,0,0,0,0,0,0,0,0,0,0,0,0,0,150.09763,4.79015999,-1.85057561,1.86249591e-05,0,0,0,0,0,0,0,0,0,0,0,0,0,0,0,0,0,0,0,0,0,0,0,0,0,0,0,0,0,0,0,0,147.154539,0.0394669884,0.967696673,-0.00384051527,-0.113534285,-0.171277625,0.224999691,-1.51211678,-4.31409623,0.000207874053,1500,1500,1500,1500,1500,1500,1500,1500,0,0,0,0,0.2,0,0,0,0,0.2,0,0,0,0,0.2,0,0,0,0,0.2,0,0,0,0,1,0,0,0,0,1,0,0,0,0,1,0,0,0,0,1
298211.537,26.35,0,0,0,0,0,0,0.367101461,-0,150.09763,-147.154539,2.94309079,1,0,0,0,0,0,0,0,0,0,0,0,0,0,0,150.09763,4.79015999,-1.85057561,1.86249591e-05,0,0,0,0,0,0,0,0,0,0,0,0,0,0,0,0,0,0,0,0,0,0,0,0,0,0,0,0,0,0,0,0,147.154539,0.0394669884,0.967696673,-0.00384051527,-0.113534285,-0.171277625,0.224999691,-1.51211678,-4.31409623,0.000207874053,1500,1500,1500,1500,1500,1500,1500,1500,0,0,0,0,0.2,0,0,0,0,0.2,0,0,0,0,0.2,0,0,0,0,0.2,0,0,0,0,1,0,0,0,0,1,0,0,0,0,1,0,0,0,0,1
298211.592,26.4,0,0,0,0,0,0,0.367101461,-0,150.09763,-147.154539,2.94309079,1,0,0,0,0,0,0,0,0,0,0,0,0,0,0,150.09763,4.79015999,-1.85057561,1.86249591e-05,0,0,0,0,0,0,0,0,0,0,0,0,0,0,0,0,0,0,0,0,0,0,0,0,0,0,0,0,0,0,0,0,147.154539,0.0394669884,0.967696673,-0.00384051527,-0.113534285,-0.171277625,0.224999691,-1.51211678,-4.31409623,0.000207874053,1500,1500,1500,1500,1500,1500,1500,1500,0,0,0,0,0.2,0,0,0,0,0.2,0,0,0,0,0.2,0,0,0,0,0.2,0,0,0,0,1,0,0,0,0,1,0,0,0,0,1,0,0,0,0,1
298211.646,26.45,0,0,0,0,0,0,0.367101461,-0,150.09763,-147.154539,2.94309079,1,0,0,0,0,0,0,0,0,0,0,0,0,0,0,150.09763,4.79015999,-1.85057561,1.86249591e-05,0,0,0,0,0,0,0,0,0,0,0,0,0,0,0,0,0,0,0,0,0,0,0,0,0,0,0,0,0,0,0,0,147.154539,0.0394669884,0.967696673,-0.00384051527,-0.113534285,-0.171277625,0.224999691,-1.51211678,-4.31409623,0.000207874053,1500,1500,1500,1500,1500,1500,1500,1500,0,0,0,0,0.2,0,0,0,0,0.2,0,0,0,0,0.2,0,0,0,0,0.2,0,0,0,0,1,0,0,0,0,1,0,0,0,0,1,0,0,0,0,1
298211.699,26.5,0,0,0,0,0,0,0.367101461,-0,150.09763,-147.154539,2.94309079,1,0,0,0,0,0,0,0,0,0,0,0,0,0,0,150.09763,4.79015999,-1.85057561,1.86249591e-05,0,0,0,0,0,0,0,0,0,0,0,0,0,0,0,0,0,0,0,0,0,0,0,0,0,0,0,0,0,0,0,0,147.154539,0.0394669884,0.967696673,-0.00384051527,-0.113534285,-0.171277625,0.224999691,-1.51211678,-4.31409623,0.000207874053,1500,1500,1500,1500,1500,1500,1500,1500,0,0,0,0,0.2,0,0,0,0,0.2,0,0,0,0,0.2,0,0,0,0,0.2,0,0,0,0,1,0,0,0,0,1,0,0,0,0,1,0,0,0,0,1
298211.752,26.55,0,0,0,0,0,0,0.367101461,-0,150.09763,-147.154539,2.94309079,1,0,0,0,0,0,0,0,0,0,0,0,0,0,0,150.09763,4.79015999,-1.85057561,1.86249591e-05,0,0,0,0,0,0,0,0,0,0,0,0,0,0,0,0,0,0,0,0,0,0,0,0,0,0,0,0,0,0,0,0,147.154539,0.0394669884,0.967696673,-0.00384051527,-0.113534285,-0.171277625,0.224999691,-1.51211678,-4.31409623,0.000207874053,1500,1500,1500,1500,1500,1500,1500,1500,0,0,0,0,0.2,0,0,0,0,0.2,0,0,0,0,0.2,0,0,0,0,0.2,0,0,0,0,1,0,0,0,0,1,0,0,0,0,1,0,0,0,0,1
298211.807,26.6,0,0,0,0,0,0,0.367101461,-0,150.09763,-147.154539,2.94309079,1,0,0,0,0,0,0,0,0,0,0,0,0,0,0,150.09763,4.79015999,-1.85057561,1.86249591e-05,0,0,0,0,0,0,0,0,0,0,0,0,0,0,0,0,0,0,0,0,0,0,0,0,0,0,0,0,0,0,0,0,147.154539,0.0394669884,0.967696673,-0.00384051527,-0.113534285,-0.171277625,0.224999691,-1.51211678,-4.31409623,0.000207874053,1500,1500,1500,1500,1500,1500,1500,1500,0,0,0,0,0.2,0,0,0,0,0.2,0,0,0,0,0.2,0,0,0,0,0.2,0,0,0,0,1,0,0,0,0,1,0,0,0,0,1,0,0,0,0,1
298211.86,26.65,0,0,0,0,0,0,0.367101461,-0,150.09763,-147.154539,2.94309079,1,0,0,0,0,0,0,0,0,0,0,0,0,0,0,150.09763,4.79015999,-1.85057561,1.86249591e-05,0,0,0,0,0,0,0,0,0,0,0,0,0,0,0,0,0,0,0,0,0,0,0,0,0,0,0,0,0,0,0,0,147.154539,0.0394669884,0.967696673,-0.00384051527,-0.113534285,-0.171277625,0.224999691,-1.51211678,-4.31409623,0.000207874053,1500,1500,1500,1500,1500,1500,1500,1500,0,0,0,0,0.2,0,0,0,0,0.2,0,0,0,0,0.2,0,0,0,0,0.2,0,0,0,0,1,0,0,0,0,1,0,0,0,0,1,0,0,0,0,1
298211.913,26.7,0,0,0,0,0,0,0.367101461,-0,150.09763,-147.154539,2.94309079,1,0,0,0,0,0,0,0,0,0,0,0,0,0,0,150.09763,4.79015999,-1.85057561,1.86249591e-05,0,0,0,0,0,0,0,0,0,0,0,0,0,0,0,0,0,0,0,0,0,0,0,0,0,0,0,0,0,0,0,0,147.154539,0.0394669884,0.967696673,-0.00384051527,-0.113534285,-0.171277625,0.224999691,-1.51211678,-4.31409623,0.000207874053,1500,1500,1500,1500,1500,1500,1500,1500,0,0,0,0,0.2,0,0,0,0,0.2,0,0,0,0,0.2,0,0,0,0,0.2,0,0,0,0,1,0,0,0,0,1,0,0,0,0,1,0,0,0,0,1
298211.965,26.75,0,0,0,0,0,0,0.367101461,-0,150.09763,-147.154539,2.94309079,1,0,0,0,0,0,0,0,0,0,0,0,0,0,0,150.09763,4.79015999,-1.85057561,1.86249591e-05,0,0,0,0,0,0,0,0,0,0,0,0,0,0,0,0,0,0,0,0,0,0,0,0,0,0,0,0,0,0,0,0,147.154539,0.0394669884,0.967696673,-0.00384051527,-0.113534285,-0.171277625,0.224999691,-1.51211678,-4.31409623,0.000207874053,1500,1500,1500,1500,1500,1500,1500,1500,0,0,0,0,0.2,0,0,0,0,0.2,0,0,0,0,0.2,0,0,0,0,0.2,0,0,0,0,1,0,0,0,0,1,0,0,0,0,1,0,0,0,0,1
298212.017,26.8,0,0,0,0,0,0,0.367101461,-0,150.09763,-147.154539,2.94309079,1,0,0,0,0,0,0,0,0,0,0,0,0,0,0,150.09763,4.79015999,-1.85057561,1.86249591e-05,0,0,0,0,0,0,0,0,0,0,0,0,0,0,0,0,0,0,0,0,0,0,0,0,0,0,0,0,0,0,0,0,147.154539,0.0394669884,0.967696673,-0.00384051527,-0.113534285,-0.171277625,0.224999691,-1.51211678,-4.31409623,0.000207874053,1500,1500,1500,1500,1500,1500,1500,1500,0,0,0,0,0.2,0,0,0,0,0.2,0,0,0,0,0.2,0,0,0,0,0.2,0,0,0,0,1,0,0,0,0,1,0,0,0,0,1,0,0,0,0,1
298212.07,26.85,0,0,0,0,0,0,0.367101461,-0,150.09763,-147.154539,2.94309079,1,0,0,0,0,0,0,0,0,0,0,0,0,0,0,150.09763,4.79015999,-1.85057561,1.86249591e-05,0,0,0,0,0,0,0,0,0,0,0,0,0,0,0,0,0,0,0,0,0,0,0,0,0,0,0,0,0,0,0,0,147.154539,0.0394669884,0.967696673,-0.00384051527,-0.113534285,-0.171277625,0.224999691,-1.51211678,-4.31409623,0.000207874053,1500,1500,1500,1500,1500,1500,1500,1500,0,0,0,0,0.2,0,0,0,0,0.2,0,0,0,0,0.2,0,0,0,0,0.2,0,0,0,0,1,0,0,0,0,1,0,0,0,0,1,0,0,0,0,1
298212.123,26.9,0,0,0,0,0,0,0.367101461,-0,150.09763,-147.154539,2.94309079,1,0,0,0,0,0,0,0,0,0,0,0,0,0,0,150.09763,4.79015999,-1.85057561,1.86249591e-05,0,0,0,0,0,0,0,0,0,0,0,0,0,0,0,0,0,0,0,0,0,0,0,0,0,0,0,0,0,0,0,0,147.154539,0.0394669884,0.967696673,-0.00384051527,-0.113534285,-0.171277625,0.224999691,-1.51211678,-4.31409623,0.000207874053,1500,1500,1500,1500,1500,1500,1500,1500,0,0,0,0,0.2,0,0,0,0,0.2,0,0,0,0,0.2,0,0,0,0,0.2,0,0,0,0,1,0,0,0,0,1,0,0,0,0,1,0,0,0,0,1
298212.176,26.95,0,0,0,0,0,0,0.367101461,-0,150.09763,-147.154539,2.94309079,1,0,0,0,0,0,0,0,0,0,0,0,0,0,0,150.09763,4.79015999,-1.85057561,1.86249591e-05,0,0,0,0,0,0,0,0,0,0,0,0,0,0,0,0,0,0,0,0,0,0,0,0,0,0,0,0,0,0,0,0,147.154539,0.0394669884,0.967696673,-0.00384051527,-0.113534285,-0.171277625,0.224999691,-1.51211678,-4.31409623,0.000207874053,1500,1500,1500,1500,1500,1500,1500,1500,0,0,0,0,0.2,0,0,0,0,0.2,0,0,0,0,0.2,0,0,0,0,0.2,0,0,0,0,1,0,0,0,0,1,0,0,0,0,1,0,0,0,0,1
298212.23,27,0,0,0,0,0,0,0.367101461,-0,150.09763,-147.154539,2.94309079,1,0,0,0,0,0,0,0,0,0,0,0,0,0,0,150.09763,4.79015999,-1.85057561,1.86249591e-05,0,0,0,0,0,0,0,0,0,0,0,0,0,0,0,0,0,0,0,0,0,0,0,0,0,0,0,0,0,0,0,0,147.154539,0.0394669884,0.967696673,-0.00384051527,-0.113534285,-0.171277625,0.224999691,-1.51211678,-4.31409623,0.000207874053,1500,1500,1500,1500,1500,1500,1500,1500,0,0,0,0,0.2,0,0,0,0,0.2,0,0,0,0,0.2,0,0,0,0,0.2,0,0,0,0,1,0,0,0,0,1,0,0,0,0,1,0,0,0,0,1
298212.283,27.05,0,0,0,0,0,0,0.367101461,-0,150.09763,-147.154539,2.94309079,1,0,0,0,0,0,0,0,0,0,0,0,0,0,0,150.09763,4.79015999,-1.85057561,1.86249591e-05,0,0,0,0,0,0,0,0,0,0,0,0,0,0,0,0,0,0,0,0,0,0,0,0,0,0,0,0,0,0,0,0,147.154539,0.0394669884,0.967696673,-0.00384051527,-0.113534285,-0.171277625,0.224999691,-1.51211678,-4.31409623,0.000207874053,1500,1500,1500,1500,1500,1500,1500,1500,0,0,0,0,0.2,0,0,0,0,0.2,0,0,0,0,0.2,0,0,0,0,0.2,0,0,0,0,1,0,0,0,0,1,0,0,0,0,1,0,0,0,0,1
298212.334,27.1,0,0,0,0,0,0,0.367101461,-0,150.09763,-147.154539,2.94309079,1,0,0,0,0,0,0,0,0,0,0,0,0,0,0,150.09763,4.79015999,-1.85057561,1.86249591e-05,0,0,0,0,0,0,0,0,0,0,0,0,0,0,0,0,0,0,0,0,0,0,0,0,0,0,0,0,0,0,0,0,147.154539,0.0394669884,0.967696673,-0.00384051527,-0.113534285,-0.171277625,0.224999691,-1.51211678,-4.31409623,0.000207874053,1500,1500,1500,1500,1500,1500,1500,1500,0,0,0,0,0.2,0,0,0,0,0.2,0,0,0,0,0.2,0,0,0,0,0.2,0,0,0,0,1,0,0,0,0,1,0,0,0,0,1,0,0,0,0,1
298212.386,27.15,0,0,0,0,0,0,0.367101461,-0,150.09763,-147.154539,2.94309079,1,0,0,0,0,0,0,0,0,0,0,0,0,0,0,150.09763,4.79015999,-1.85057561,1.86249591e-05,0,0,0,0,0,0,0,0,0,0,0,0,0,0,0,0,0,0,0,0,0,0,0,0,0,0,0,0,0,0,0,0,147.154539,0.0394669884,0.967696673,-0.00384051527,-0.113534285,-0.171277625,0.224999691,-1.51211678,-4.31409623,0.000207874053,1500,1500,1500,1500,1500,1500,1500,1500,0,0,0,0,0.2,0,0,0,0,0.2,0,0,0,0,0.2,0,0,0,0,0.2,0,0,0,0,1,0,0,0,0,1,0,0,0,0,1,0,0,0,0,1
298212.437,27.2,0,0,0,0,0,0,0.367101461,-0,150.09763,-147.154539,2.94309079,1,0,0,0,0,0,0,0,0,0,0,0,0,0,0,150.09763,4.79015999,-1.85057561,1.86249591e-05,0,0,0,0,0,0,0,0,0,0,0,0,0,0,0,0,0,0,0,0,0,0,0,0,0,0,0,0,0,0,0,0,147.154539,0.0394669884,0.967696673,-0.00384051527,-0.113534285,-0.171277625,0.224999691,-1.51211678,-4.31409623,0.000207874053,1500,1500,1500,1500,1500,1500,1500,1500,0,0,0,0,0.2,0,0,0,0,0.2,0,0,0,0,0.2,0,0,0,0,0.2,0,0,0,0,1,0,0,0,0,1,0,0,0,0,1,0,0,0,0,1
298212.489,27.25,0,0,0,0,0,0,0.367101461,-0,150.09763,-147.154539,2.94309079,1,0,0,0,0,0,0,0,0,0,0,0,0,0,0,150.09763,4.79015999,-1.85057561,1.86249591e-05,0,0,0,0,0,0,0,0,0,0,0,0,0,0,0,0,0,0,0,0,0,0,0,0,0,0,0,0,0,0,0,0,147.154539,0.0394669884,0.967696673,-0.00384051527,-0.113534285,-0.171277625,0.224999691,-1.51211678,-4.31409623,0.000207874053,1500,1500,1500,1500,1500,1500,1500,1500,0,0,0,0,0.2,0,0,0,0,0.2,0,0,0,0,0.2,0,0,0,0,0.2,0,0,0,0,1,0,0,0,0,1,0,0,0,0,1,0,0,0,0,1
298212.541,27.3,0,0,0,0,0,0,0.367101461,-0,150.09763,-147.154539,2.94309079,1,0,0,0,0,0,0,0,0,0,0,0,0,0,0,150.09763,4.79015999,-1.85057561,1.86249591e-05,0,0,0,0,0,0,0,0,0,0,0,0,0,0,0,0,0,0,0,0,0,0,0,0,0,0,0,0,0,0,0,0,147.154539,0.0394669884,0.967696673,-0.00384051527,-0.113534285,-0.171277625,0.224999691,-1.51211678,-4.31409623,0.000207874053,1500,1500,1500,1500,1500,1500,1500,1500,0,0,0,0,0.2,0,0,0,0,0.2,0,0,0,0,0.2,0,0,0,0,0.2,0,0,0,0,1,0,0,0,0,1,0,0,0,0,1,0,0,0,0,1
298212.594,27.35,0,0,0,0,0,0,0.367101461,-0,150.09763,-147.154539,2.94309079,1,0,0,0,0,0,0,0,0,0,0,0,0,0,0,150.09763,4.79015999,-1.85057561,1.86249591e-05,0,0,0,0,0,0,0,0,0,0,0,0,0,0,0,0,0,0,0,0,0,0,0,0,0,0,0,0,0,0,0,0,147.154539,0.0394669884,0.967696673,-0.00384051527,-0.113534285,-0.171277625,0.224999691,-1.51211678,-4.31409623,0.000207874053,1500,1500,1500,1500,1500,1500,1500,1500,0,0,0,0,0.2,0,0,0,0,0.2,0,0,0,0,0.2,0,0,0,0,0.2,0,0,0,0,1,0,0,0,0,1,0,0,0,0,1,0,0,0,0,1
298212.647,27.4,0,0,0,0,0,0,0.367101461,-0,150.09763,-147.154539,2.94309079,1,0,0,0,0,0,0,0,0,0,0,0,0,0,0,150.09763,4.79015999,-1.85057561,1.86249591e-05,0,0,0,0,0,0,0,0,0,0,0,0,0,0,0,0,0,0,0,0,0,0,0,0,0,0,0,0,0,0,0,0,147.154539,0.0394669884,0.967696673,-0.00384051527,-0.113534285,-0.171277625,0.224999691,-1.51211678,-4.31409623,0.000207874053,1500,1500,1500,1500,1500,1500,1500,1500,0,0,0,0,0.2,0,0,0,0,0.2,0,0,0,0,0.2,0,0,0,0,0.2,0,0,0,0,1,0,0,0,0,1,0,0,0,0,1,0,0,0,0,1
298212.7,27.45,0,0,0,0,0,0,0.367101461,-0,150.09763,-147.154539,2.94309079,1,0,0,0,0,0,0,0,0,0,0,0,0,0,0,150.09763,4.79015999,-1.85057561,1.86249591e-05,0,0,0,0,0,0,0,0,0,0,0,0,0,0,0,0,0,0,0,0,0,0,0,0,0,0,0,0,0,0,0,0,147.154539,0.0394669884,0.967696673,-0.00384051527,-0.113534285,-0.171277625,0.224999691,-1.51211678,-4.31409623,0.000207874053,1500,1500,1500,1500,1500,1500,1500,1500,0,0,0,0,0.2,0,0,0,0,0.2,0,0,0,0,0.2,0,0,0,0,0.2,0,0,0,0,1,0,0,0,0,1,0,0,0,0,1,0,0,0,0,1
298212.75,27.5,0,0,0,0,0,0,0.367101461,-0,150.09763,-147.154539,2.94309079,1,0,0,0,0,0,0,0,0,0,0,0,0,0,0,150.09763,4.79015999,-1.85057561,1.86249591e-05,0,0,0,0,0,0,0,0,0,0,0,0,0,0,0,0,0,0,0,0,0,0,0,0,0,0,0,0,0,0,0,0,147.154539,0.0394669884,0.967696673,-0.00384051527,-0.113534285,-0.171277625,0.224999691,-1.51211678,-4.31409623,0.000207874053,1500,1500,1500,1500,1500,1500,1500,1500,0,0,0,0,0.2,0,0,0,0,0.2,0,0,0,0,0.2,0,0,0,0,0.2,0,0,0,0,1,0,0,0,0,1,0,0,0,0,1,0,0,0,0,1
298212.8,27.55,0,0,0,0,0,0,0.367101461,-0,150.09763,-147.154539,2.94309079,1,0,0,0,0,0,0,0,0,0,0,0,0,0,0,150.09763,4.79015999,-1.85057561,1.86249591e-05,0,0,0,0,0,0,0,0,0,0,0,0,0,0,0,0,0,0,0,0,0,0,0,0,0,0,0,0,0,0,0,0,147.154539,0.0394669884,0.967696673,-0.00384051527,-0.113534285,-0.171277625,0.224999691,-1.51211678,-4.31409623,0.000207874053,1500,1500,1500,1500,1500,1500,1500,1500,0,0,0,0,0.2,0,0,0,0,0.2,0,0,0,0,0.2,0,0,0,0,0.2,0,0,0,0,1,0,0,0,0,1,0,0,0,0,1,0,0,0,0,1
298212.851,27.6,0,0,0,0,0,0,0.367101461,-0,150.09763,-147.154539,2.94309079,1,0,0,0,0,0,0,0,0,0,0,0,0,0,0,150.09763,4.79015999,-1.85057561,1.86249591e-05,0,0,0,0,0,0,0,0,0,0,0,0,0,0,0,0,0,0,0,0,0,0,0,0,0,0,0,0,0,0,0,0,147.154539,0.0394669884,0.967696673,-0.00384051527,-0.113534285,-0.171277625,0.224999691,-1.51211678,-4.31409623,0.000207874053,1500,1500,1500,1500,1500,1500,1500,1500,0,0,0,0,0.2,0,0,0,0,0.2,0,0,0,0,0.2,0,0,0,0,0.2,0,0,0,0,1,0,0,0,0,1,0,0,0,0,1,0,0,0,0,1
298212.901,27.65,0,0,0,0,0,0,0.367101461,-0,150.09763,-147.154539,2.94309079,1,0,0,0,0,0,0,0,0,0,0,0,0,0,0,150.09763,4.79015999,-1.85057561,1.86249591e-05,0,0,0,0,0,0,0,0,0,0,0,0,0,0,0,0,0,0,0,0,0,0,0,0,0,0,0,0,0,0,0,0,147.154539,0.0394669884,0.967696673,-0.00384051527,-0.113534285,-0.171277625,0.224999691,-1.51211678,-4.31409623,0.000207874053,1500,1500,1500,1500,1500,1500,1500,1500,0,0,0,0,0.2,0,0,0,0,0.2,0,0,0,0,0.2,0,0,0,0,0.2,0,0,0,0,1,0,0,0,0,1,0,0,0,0,1,0,0,0,0,1
298212.951,27.7,0,0,0,0,0,0,0.367101461,-0,150.09763,-147.154539,2.94309079,1,0,0,0,0,0,0,0,0,0,0,0,0,0,0,150.09763,4.79015999,-1.85057561,1.86249591e-05,0,0,0,0,0,0,0,0,0,0,0,0,0,0,0,0,0,0,0,0,0,0,0,0,0,0,0,0,0,0,0,0,147.154539,0.0394669884,0.967696673,-0.00384051527,-0.113534285,-0.171277625,0.224999691,-1.51211678,-4.31409623,0.000207874053,1500,1500,1500,1500,1500,1500,1500,1500,0,0,0,0,0.2,0,0,0,0,0.2,0,0,0,0,0.2,0,0,0,0,0.2,0,0,0,0,1,0,0,0,0,1,0,0,0,0,1,0,0,0,0,1
298213.003,27.75,0,0,0,0,0,0,0.367101461,-0,150.09763,-147.154539,2.94309079,1,0,0,0,0,0,0,0,0,0,0,0,0,0,0,150.09763,4.79015999,-1.85057561,1.86249591e-05,0,0,0,0,0,0,0,0,0,0,0,0,0,0,0,0,0,0,0,0,0,0,0,0,0,0,0,0,0,0,0,0,147.154539,0.0394669884,0.967696673,-0.00384051527,-0.113534285,-0.171277625,0.224999691,-1.51211678,-4.31409623,0.000207874053,1500,1500,1500,1500,1500,1500,1500,1500,0,0,0,0,0.2,0,0,0,0,0.2,0,0,0,0,0.2,0,0,0,0,0.2,0,0,0,0,1,0,0,0,0,1,0,0,0,0,1,0,0,0,0,1
298213.055,27.8,0,0,0,0,0,0,0.367101461,-0,150.09763,-147.154539,2.94309079,1,0,0,0,0,0,0,0,0,0,0,0,0,0,0,150.09763,4.79015999,-1.85057561,1.86249591e-05,0,0,0,0,0,0,0,0,0,0,0,0,0,0,0,0,0,0,0,0,0,0,0,0,0,0,0,0,0,0,0,0,147.154539,0.0394669884,0.967696673,-0.00384051527,-0.113534285,-0.171277625,0.224999691,-1.51211678,-4.31409623,0.000207874053,1500,1500,1500,1500,1500,1500,1500,1500,0,0,0,0,0.2,0,0,0,0,0.2,0,0,0,0,0.2,0,0,0,0,0.2,0,0,0,0,1,0,0,0,0,1,0,0,0,0,1,0,0,0,0,1
298213.109,27.85,0,0,0,0,0,0,0.367101461,-0,150.09763,-147.154539,2.94309079,1,0,0,0,0,0,0,0,0,0,0,0,0,0,0,150.09763,4.79015999,-1.85057561,1.86249591e-05,0,0,0,0,0,0,0,0,0,0,0,0,0,0,0,0,0,0,0,0,0,0,0,0,0,0,0,0,0,0,0,0,147.154539,0.0394669884,0.967696673,-0.00384051527,-0.113534285,-0.171277625,0.224999691,-1.51211678,-4.31409623,0.000207874053,1500,1500,1500,1500,1500,1500,1500,1500,0,0,0,0,0.2,0,0,0,0,0.2,0,0,0,0,0.2,0,0,0,0,0.2,0,0,0,0,1,0,0,0,0,1,0,0,0,0,1,0,0,0,0,1
298213.164,27.9,0,0,0,0,0,0,0.367101461,-0,150.09763,-147.154539,2.94309079,1,0,0,0,0,0,0,0,0,0,0,0,0,0,0,150.09763,4.79015999,-1.85057561,1.86249591e-05,0,0,0,0,0,0,0,0,0,0,0,0,0,0,0,0,0,0,0,0,0,0,0,0,0,0,0,0,0,0,0,0,147.154539,0.0394669884,0.967696673,-0.00384051527,-0.113534285,-0.171277625,0.224999691,-1.51211678,-4.31409623,0.000207874053,1500,1500,1500,1500,1500,1500,1500,1500,0,0,0,0,0.2,0,0,0,0,0.2,0,0,0,0,0.2,0,0,0,0,0.2,0,0,0,0,1,0,0,0,0,1,0,0,0,0,1,0,0,0,0,1
298213.216,27.95,0,0,0,0,0,0,0.367101461,-0,150.09763,-147.154539,2.94309079,1,0,0,0,0,0,0,0,0,0,0,0,0,0,0,150.09763,4.79015999,-1.85057561,1.86249591e-05,0,0,0,0,0,0,0,0,0,0,0,0,0,0,0,0,0,0,0,0,0,0,0,0,0,0,0,0,0,0,0,0,147.154539,0.0394669884,0.967696673,-0.00384051527,-0.113534285,-0.171277625,0.224999691,-1.51211678,-4.31409623,0.000207874053,1500,1500,1500,1500,1500,1500,1500,1500,0,0,0,0,0.2,0,0,0,0,0.2,0,0,0,0,0.2,0,0,0,0,0.2,0,0,0,0,1,0,0,0,0,1,0,0,0,0,1,0,0,0,0,1
298213.269,28,0,0,0,0,0,0,0.367101461,-0,150.09763,-147.154539,2.94309079,1,0,0,0,0,0,0,0,0,0,0,0,0,0,0,150.09763,4.79015999,-1.85057561,1.86249591e-05,0,0,0,0,0,0,0,0,0,0,0,0,0,0,0,0,0,0,0,0,0,0,0,0,0,0,0,0,0,0,0,0,147.154539,0.0394669884,0.967696673,-0.00384051527,-0.113534285,-0.171277625,0.224999691,-1.51211678,-4.31409623,0.000207874053,1500,1500,1500,1500,1500,1500,1500,1500,0,0,0,0,0.2,0,0,0,0,0.2,0,0,0,0,0.2,0,0,0,0,0.2,0,0,0,0,1,0,0,0,0,1,0,0,0,0,1,0,0,0,0,1
298213.324,28.05,0,0,0,0,0,0,0.367101461,-0,150.09763,-147.154539,2.94309079,1,0,0,0,0,0,0,0,0,0,0,0,0,0,0,150.09763,4.79015999,-1.85057561,1.86249591e-05,0,0,0,0,0,0,0,0,0,0,0,0,0,0,0,0,0,0,0,0,0,0,0,0,0,0,0,0,0,0,0,0,147.154539,0.0394669884,0.967696673,-0.00384051527,-0.113534285,-0.171277625,0.224999691,-1.51211678,-4.31409623,0.000207874053,1500,1500,1500,1500,1500,1500,1500,1500,0,0,0,0,0.2,0,0,0,0,0.2,0,0,0,0,0.2,0,0,0,0,0.2,0,0,0,0,1,0,0,0,0,1,0,0,0,0,1,0,0,0,0,1
298213.376,28.1,0,0,0,0,0,0,0.367101461,-0,150.09763,-147.154539,2.94309079,1,0,0,0,0,0,0,0,0,0,0,0,0,0,0,150.09763,4.79015999,-1.85057561,1.86249591e-05,0,0,0,0,0,0,0,0,0,0,0,0,0,0,0,0,0,0,0,0,0,0,0,0,0,0,0,0,0,0,0,0,147.154539,0.0394669884,0.967696673,-0.00384051527,-0.113534285,-0.171277625,0.224999691,-1.51211678,-4.31409623,0.000207874053,1500,1500,1500,1500,1500,1500,1500,1500,0,0,0,0,0.2,0,0,0,0,0.2,0,0,0,0,0.2,0,0,0,0,0.2,0,0,0,0,1,0,0,0,0,1,0,0,0,0,1,0,0,0,0,1
298213.43,28.15,0,0,0,0,0,0,0.367101461,-0,150.09763,-147.154539,2.94309079,1,0,0,0,0,0,0,0,0,0,0,0,0,0,0,150.09763,4.79015999,-1.85057561,1.86249591e-05,0,0,0,0,0,0,0,0,0,0,0,0,0,0,0,0,0,0,0,0,0,0,0,0,0,0,0,0,0,0,0,0,147.154539,0.0394669884,0.967696673,-0.00384051527,-0.113534285,-0.171277625,0.224999691,-1.51211678,-4.31409623,0.000207874053,1500,1500,1500,1500,1500,1500,1500,1500,0,0,0,0,0.2,0,0,0,0,0.2,0,0,0,0,0.2,0,0,0,0,0.2,0,0,0,0,1,0,0,0,0,1,0,0,0,0,1,0,0,0,0,1
298213.481,28.2,0,0,0,0,0,0,0.367101461,-0,150.09763,-147.154539,2.94309079,1,0,0,0,0,0,0,0,0,0,0,0,0,0,0,150.09763,4.79015999,-1.85057561,1.86249591e-05,0,0,0,0,0,0,0,0,0,0,0,0,0,0,0,0,0,0,0,0,0,0,0,0,0,0,0,0,0,0,0,0,147.154539,0.0394669884,0.967696673,-0.00384051527,-0.113534285,-0.171277625,0.224999691,-1.51211678,-4.31409623,0.000207874053,1500,1500,1500,1500,1500,1500,1500,1500,0,0,0,0,0.2,0,0,0,0,0.2,0,0,0,0,0.2,0,0,0,0,0.2,0,0,0,0,1,0,0,0,0,1,0,0,0,0,1,0,0,0,0,1
298213.534,28.25,0,0,0,0,0,0,0.367101461,-0,150.09763,-147.154539,2.94309079,1,0,0,0,0,0,0,0,0,0,0,0,0,0,0,150.09763,4.79015999,-1.85057561,1.86249591e-05,0,0,0,0,0,0,0,0,0,0,0,0,0,0,0,0,0,0,0,0,0,0,0,0,0,0,0,0,0,0,0,0,147.154539,0.0394669884,0.967696673,-0.00384051527,-0.113534285,-0.171277625,0.224999691,-1.51211678,-4.31409623,0.000207874053,1500,1500,1500,1500,1500,1500,1500,1500,0,0,0,0,0.2,0,0,0,0,0.2,0,0,0,0,0.2,0,0,0,0,0.2,0,0,0,0,1,0,0,0,0,1,0,0,0,0,1,0,0,0,0,1
298213.584,28.3,0,0,0,0,0,0,0.367101461,-0,150.09763,-147.154539,2.94309079,1,0,0,0,0,0,0,0,0,0,0,0,0,0,0,150.09763,4.79015999,-1.85057561,1.86249591e-05,0,0,0,0,0,0,0,0,0,0,0,0,0,0,0,0,0,0,0,0,0,0,0,0,0,0,0,0,0,0,0,0,147.154539,0.0394669884,0.967696673,-0.00384051527,-0.113534285,-0.171277625,0.224999691,-1.51211678,-4.31409623,0.000207874053,1500,1500,1500,1500,1500,1500,1500,1500,0,0,0,0,0.2,0,0,0,0,0.2,0,0,0,0,0.2,0,0,0,0,0.2,0,0,0,0,1,0,0,0,0,1,0,0,0,0,1,0,0,0,0,1
298213.636,28.35,0,0,0,0,0,0,0.367101461,-0,150.09763,-147.154539,2.94309079,1,0,0,0,0,0,0,0,0,0,0,0,0,0,0,150.09763,4.79015999,-1.85057561,1.86249591e-05,0,0,0,0,0,0,0,0,0,0,0,0,0,0,0,0,0,0,0,0,0,0,0,0,0,0,0,0,0,0,0,0,147.154539,0.0394669884,0.967696673,-0.00384051527,-0.113534285,-0.171277625,0.224999691,-1.51211678,-4.31409623,0.000207874053,1500,1500,1500,1500,1500,1500,1500,1500,0,0,0,0,0.2,0,0,0,0,0.2,0,0,0,0,0.2,0,0,0,0,0.2,0,0,0,0,1,0,0,0,0,1,0,0,0,0,1,0,0,0,0,1
298213.688,28.4,0,0,0,0,0,0,0.367101461,-0,150.09763,-147.154539,2.94309079,1,0,0,0,0,0,0,0,0,0,0,0,0,0,0,150.09763,4.79015999,-1.85057561,1.86249591e-05,0,0,0,0,0,0,0,0,0,0,0,0,0,0,0,0,0,0,0,0,0,0,0,0,0,0,0,0,0,0,0,0,147.154539,0.0394669884,0.967696673,-0.00384051527,-0.113534285,-0.171277625,0.224999691,-1.51211678,-4.31409623,0.000207874053,1500,1500,1500,1500,1500,1500,1500,1500,0,0,0,0,0.2,0,0,0,0,0.2,0,0,0,0,0.2,0,0,0,0,0.2,0,0,0,0,1,0,0,0,0,1,0,0,0,0,1,0,0,0,0,1
298213.742,28.45,0,0,0,0,0,0,0.367101461,-0,150.09763,-147.154539,2.94309079,1,0,0,0,0,0,0,0,0,0,0,0,0,0,0,150.09763,4.79015999,-1.85057561,1.86249591e-05,0,0,0,0,0,0,0,0,0,0,0,0,0,0,0,0,0,0,0,0,0,0,0,0,0,0,0,0,0,0,0,0,147.154539,0.0394669884,0.967696673,-0.00384051527,-0.113534285,-0.171277625,0.224999691,-1.51211678,-4.31409623,0.000207874053,1500,1500,1500,1500,1500,1500,1500,1500,0,0,0,0,0.2,0,0,0,0,0.2,0,0,0,0,0.2,0,0,0,0,0.2,0,0,0,0,1,0,0,0,0,1,0,0,0,0,1,0,0,0,0,1
298213.794,28.5,0,0,0,0,0,0,0.367101461,-0,150.09763,-147.154539,2.94309079,1,0,0,0,0,0,0,0,0,0,0,0,0,0,0,150.09763,4.79015999,-1.85057561,1.86249591e-05,0,0,0,0,0,0,0,0,0,0,0,0,0,0,0,0,0,0,0,0,0,0,0,0,0,0,0,0,0,0,0,0,147.154539,0.0394669884,0.967696673,-0.00384051527,-0.113534285,-0.171277625,0.224999691,-1.51211678,-4.31409623,0.000207874053,1500,1500,1500,1500,1500,1500,1500,1500,0,0,0,0,0.2,0,0,0,0,0.2,0,0,0,0,0.2,0,0,0,0,0.2,0,0,0,0,1,0,0,0,0,1,0,0,0,0,1,0,0,0,0,1
298213.849,28.55,0,0,0,0,0,0,0.367101461,-0,150.09763,-147.154539,2.94309079,1,0,0,0,0,0,0,0,0,0,0,0,0,0,0,150.09763,4.79015999,-1.85057561,1.86249591e-05,0,0,0,0,0,0,0,0,0,0,0,0,0,0,0,0,0,0,0,0,0,0,0,0,0,0,0,0,0,0,0,0,147.154539,0.0394669884,0.967696673,-0.00384051527,-0.113534285,-0.171277625,0.224999691,-1.51211678,-4.31409623,0.000207874053,1500,1500,1500,1500,1500,1500,1500,1500,0,0,0,0,0.2,0,0,0,0,0.2,0,0,0,0,0.2,0,0,0,0,0.2,0,0,0,0,1,0,0,0,0,1,0,0,0,0,1,0,0,0,0,1
298213.902,28.6,0,0,0,0,0,0,0.367101461,-0,150.09763,-147.154539,2.94309079,1,0,0,0,0,0,0,0,0,0,0,0,0,0,0,150.09763,4.79015999,-1.85057561,1.86249591e-05,0,0,0,0,0,0,0,0,0,0,0,0,0,0,0,0,0,0,0,0,0,0,0,0,0,0,0,0,0,0,0,0,147.154539,0.0394669884,0.967696673,-0.00384051527,-0.113534285,-0.171277625,0.224999691,-1.51211678,-4.31409623,0.000207874053,1500,1500,1500,1500,1500,1500,1500,1500,0,0,0,0,0.2,0,0,0,0,0.2,0,0,0,0,0.2,0,0,0,0,0.2,0,0,0,0,1,0,0,0,0,1,0,0,0,0,1,0,0,0,0,1
298213.954,28.65,0,0,0,0,0,0,0.367101461,-0,150.09763,-147.154539,2.94309079,1,0,0,0,0,0,0,0,0,0,0,0,0,0,0,150.09763,4.79015999,-1.85057561,1.86249591e-05,0,0,0,0,0,0,0,0,0,0,0,0,0,0,0,0,0,0,0,0,0,0,0,0,0,0,0,0,0,0,0,0,147.154539,0.0394669884,0.967696673,-0.00384051527,-0.113534285,-0.171277625,0.224999691,-1.51211678,-4.31409623,0.000207874053,1500,1500,1500,1500,1500,1500,1500,1500,0,0,0,0,0.2,0,0,0,0,0.2,0,0,0,0,0.2,0,0,0,0,0.2,0,0,0,0,1,0,0,0,0,1,0,0,0,0,1,0,0,0,0,1
298214.005,28.7,0,0,0,0,0,0,0.367101461,-0,150.09763,-147.154539,2.94309079,1,0,0,0,0,0,0,0,0,0,0,0,0,0,0,150.09763,4.79015999,-1.85057561,1.86249591e-05,0,0,0,0,0,0,0,0,0,0,0,0,0,0,0,0,0,0,0,0,0,0,0,0,0,0,0,0,0,0,0,0,147.154539,0.0394669884,0.967696673,-0.00384051527,-0.113534285,-0.171277625,0.224999691,-1.51211678,-4.31409623,0.000207874053,1500,1500,1500,1500,1500,1500,1500,1500,0,0,0,0,0.2,0,0,0,0,0.2,0,0,0,0,0.2,0,0,0,0,0.2,0,0,0,0,1,0,0,0,0,1,0,0,0,0,1,0,0,0,0,1
298214.057,28.75,0,0,0,0,0,0,0.367101461,-0,150.09763,-147.154539,2.94309079,1,0,0,0,0,0,0,0,0,0,0,0,0,0,0,150.09763,4.79015999,-1.85057561,1.86249591e-05,0,0,0,0,0,0,0,0,0,0,0,0,0,0,0,0,0,0,0,0,0,0,0,0,0,0,0,0,0,0,0,0,147.154539,0.0394669884,0.967696673,-0.00384051527,-0.113534285,-0.171277625,0.224999691,-1.51211678,-4.31409623,0.000207874053,1500,1500,1500,1500,1500,1500,1500,1500,0,0,0,0,0.2,0,0,0,0,0.2,0,0,0,0,0.2,0,0,0,0,0.2,0,0,0,0,1,0,0,0,0,1,0,0,0,0,1,0,0,0,0,1
298214.109,28.8,0,0,0,0,0,0,0.367101461,-0,150.09763,-147.154539,2.94309079,1,0,0,0,0,0,0,0,0,0,0,0,0,0,0,150.09763,4.79015999,-1.85057561,1.86249591e-05,0,0,0,0,0,0,0,0,0,0,0,0,0,0,0,0,0,0,0,0,0,0,0,0,0,0,0,0,0,0,0,0,147.154539,0.0394669884,0.967696673,-0.00384051527,-0.113534285,-0.171277625,0.224999691,-1.51211678,-4.31409623,0.000207874053,1500,1500,1500,1500,1500,1500,1500,1500,0,0,0,0,0.2,0,0,0,0,0.2,0,0,0,0,0.2,0,0,0,0,0.2,0,0,0,0,1,0,0,0,0,1,0,0,0,0,1,0,0,0,0,1
298214.162,28.85,0,0,0,0,0,0,0.367101461,-0,150.09763,-147.154539,2.94309079,1,0,0,0,0,0,0,0,0,0,0,0,0,0,0,150.09763,4.79015999,-1.85057561,1.86249591e-05,0,0,0,0,0,0,0,0,0,0,0,0,0,0,0,0,0,0,0,0,0,0,0,0,0,0,0,0,0,0,0,0,147.154539,0.0394669884,0.967696673,-0.00384051527,-0.113534285,-0.171277625,0.224999691,-1.51211678,-4.31409623,0.000207874053,1500,1500,1500,1500,1500,1500,1500,1500,0,0,0,0,0.2,0,0,0,0,0.2,0,0,0,0,0.2,0,0,0,0,0.2,0,0,0,0,1,0,0,0,0,1,0,0,0,0,1,0,0,0,0,1
298214.214,28.9,0,0,0,0,0,0,0.367101461,-0,150.09763,-147.154539,2.94309079,1,0,0,0,0,0,0,0,0,0,0,0,0,0,0,150.09763,4.79015999,-1.85057561,1.86249591e-05,0,0,0,0,0,0,0,0,0,0,0,0,0,0,0,0,0,0,0,0,0,0,0,0,0,0,0,0,0,0,0,0,147.154539,0.0394669884,0.967696673,-0.00384051527,-0.113534285,-0.171277625,0.224999691,-1.51211678,-4.31409623,0.000207874053,1500,1500,1500,1500,1500,1500,1500,1500,0,0,0,0,0.2,0,0,0,0,0.2,0,0,0,0,0.2,0,0,0,0,0.2,0,0,0,0,1,0,0,0,0,1,0,0,0,0,1,0,0,0,0,1
298214.268,28.95,0,0,0,0,0,0,0.367101461,-0,150.09763,-147.154539,2.94309079,1,0,0,0,0,0,0,0,0,0,0,0,0,0,0,150.09763,4.79015999,-1.85057561,1.86249591e-05,0,0,0,0,0,0,0,0,0,0,0,0,0,0,0,0,0,0,0,0,0,0,0,0,0,0,0,0,0,0,0,0,147.154539,0.0394669884,0.967696673,-0.00384051527,-0.113534285,-0.171277625,0.224999691,-1.51211678,-4.31409623,0.000207874053,1500,1500,1500,1500,1500,1500,1500,1500,0,0,0,0,0.2,0,0,0,0,0.2,0,0,0,0,0.2,0,0,0,0,0.2,0,0,0,0,1,0,0,0,0,1,0,0,0,0,1,0,0,0,0,1
298214.319,29,0,0,0,0,0,0,0.367101461,-0,150.09763,-147.154539,2.94309079,1,0,0,0,0,0,0,0,0,0,0,0,0,0,0,150.09763,4.79015999,-1.85057561,1.86249591e-05,0,0,0,0,0,0,0,0,0,0,0,0,0,0,0,0,0,0,0,0,0,0,0,0,0,0,0,0,0,0,0,0,147.154539,0.0394669884,0.967696673,-0.00384051527,-0.113534285,-0.171277625,0.224999691,-1.51211678,-4.31409623,0.000207874053,1500,1500,1500,1500,1500,1500,1500,1500,0,0,0,0,0.2,0,0,0,0,0.2,0,0,0,0,0.2,0,0,0,0,0.2,0,0,0,0,1,0,0,0,0,1,0,0,0,0,1,0,0,0,0,1
298214.373,29.05,0,0,0,0,0,0,0.367101461,-0,150.09763,-147.154539,2.94309079,1,0,0,0,0,0,0,0,0,0,0,0,0,0,0,150.09763,4.79015999,-1.85057561,1.86249591e-05,0,0,0,0,0,0,0,0,0,0,0,0,0,0,0,0,0,0,0,0,0,0,0,0,0,0,0,0,0,0,0,0,147.154539,0.0394669884,0.967696673,-0.00384051527,-0.113534285,-0.171277625,0.224999691,-1.51211678,-4.31409623,0.000207874053,1500,1500,1500,1500,1500,1500,1500,1500,0,0,0,0,0.2,0,0,0,0,0.2,0,0,0,0,0.2,0,0,0,0,0.2,0,0,0,0,1,0,0,0,0,1,0,0,0,0,1,0,0,0,0,1
298214.427,29.1,0,0,0,0,0,0,0.367101461,-0,150.09763,-147.154539,2.94309079,1,0,0,0,0,0,0,0,0,0,0,0,0,0,0,150.09763,4.79015999,-1.85057561,1.86249591e-05,0,0,0,0,0,0,0,0,0,0,0,0,0,0,0,0,0,0,0,0,0,0,0,0,0,0,0,0,0,0,0,0,147.154539,0.0394669884,0.967696673,-0.00384051527,-0.113534285,-0.171277625,0.224999691,-1.51211678,-4.31409623,0.000207874053,1500,1500,1500,1500,1500,1500,1500,1500,0,0,0,0,0.2,0,0,0,0,0.2,0,0,0,0,0.2,0,0,0,0,0.2,0,0,0,0,1,0,0,0,0,1,0,0,0,0,1,0,0,0,0,1
298214.481,29.15,0,0,0,0,0,0,0.367101461,-0,150.09763,-147.154539,2.94309079,1,0,0,0,0,0,0,0,0,0,0,0,0,0,0,150.09763,4.79015999,-1.85057561,1.86249591e-05,0,0,0,0,0,0,0,0,0,0,0,0,0,0,0,0,0,0,0,0,0,0,0,0,0,0,0,0,0,0,0,0,147.154539,0.0394669884,0.967696673,-0.00384051527,-0.113534285,-0.171277625,0.224999691,-1.51211678,-4.31409623,0.000207874053,1500,1500,1500,1500,1500,1500,1500,1500,0,0,0,0,0.2,0,0,0,0,0.2,0,0,0,0,0.2,0,0,0,0,0.2,0,0,0,0,1,0,0,0,0,1,0,0,0,0,1,0,0,0,0,1
298214.532,29.2,0,0,0,0,0,0,0.367101461,-0,150.09763,-147.154539,2.94309079,1,0,0,0,0,0,0,0,0,0,0,0,0,0,0,150.09763,4.79015999,-1.85057561,1.86249591e-05,0,0,0,0,0,0,0,0,0,0,0,0,0,0,0,0,0,0,0,0,0,0,0,0,0,0,0,0,0,0,0,0,147.154539,0.0394669884,0.967696673,-0.00384051527,-0.113534285,-0.171277625,0.224999691,-1.51211678,-4.31409623,0.000207874053,1500,1500,1500,1500,1500,1500,1500,1500,0,0,0,0,0.2,0,0,0,0,0.2,0,0,0,0,0.2,0,0,0,0,0.2,0,0,0,0,1,0,0,0,0,1,0,0,0,0,1,0,0,0,0,1
298214.585,29.25,0,0,0,0,0,0,0.367101461,-0,150.09763,-147.154539,2.94309079,1,0,0,0,0,0,0,0,0,0,0,0,0,0,0,150.09763,4.79015999,-1.85057561,1.86249591e-05,0,0,0,0,0,0,0,0,0,0,0,0,0,0,0,0,0,0,0,0,0,0,0,0,0,0,0,0,0,0,0,0,147.154539,0.0394669884,0.967696673,-0.00384051527,-0.113534285,-0.171277625,0.224999691,-1.51211678,-4.31409623,0.000207874053,1500,1500,1500,1500,1500,1500,1500,1500,0,0,0,0,0.2,0,0,0,0,0.2,0,0,0,0,0.2,0,0,0,0,0.2,0,0,0,0,1,0,0,0,0,1,0,0,0,0,1,0,0,0,0,1
298214.636,29.3,0,0,0,0,0,0,0.367101461,-0,150.09763,-147.154539,2.94309079,1,0,0,0,0,0,0,0,0,0,0,0,0,0,0,150.09763,4.79015999,-1.85057561,1.86249591e-05,0,0,0,0,0,0,0,0,0,0,0,0,0,0,0,0,0,0,0,0,0,0,0,0,0,0,0,0,0,0,0,0,147.154539,0.0394669884,0.967696673,-0.00384051527,-0.113534285,-0.171277625,0.224999691,-1.51211678,-4.31409623,0.000207874053,1500,1500,1500,1500,1500,1500,1500,1500,0,0,0,0,0.2,0,0,0,0,0.2,0,0,0,0,0.2,0,0,0,0,0.2,0,0,0,0,1,0,0,0,0,1,0,0,0,0,1,0,0,0,0,1
298214.689,29.35,0,0,0,0,0,0,0.367101461,-0,150.09763,-147.154539,2.94309079,1,0,0,0,0,0,0,0,0,0,0,0,0,0,0,150.09763,4.79015999,-1.85057561,1.86249591e-05,0,0,0,0,0,0,0,0,0,0,0,0,0,0,0,0,0,0,0,0,0,0,0,0,0,0,0,0,0,0,0,0,147.154539,0.0394669884,0.967696673,-0.00384051527,-0.113534285,-0.171277625,0.224999691,-1.51211678,-4.31409623,0.000207874053,1500,1500,1500,1500,1500,1500,1500,1500,0,0,0,0,0.2,0,0,0,0,0.2,0,0,0,0,0.2,0,0,0,0,0.2,0,0,0,0,1,0,0,0,0,1,0,0,0,0,1,0,0,0,0,1
298214.74,29.4,0,0,0,0,0,0,0.367101461,-0,150.09763,-147.154539,2.94309079,1,0,0,0,0,0,0,0,0,0,0,0,0,0,0,150.09763,4.79015999,-1.85057561,1.86249591e-05,0,0,0,0,0,0,0,0,0,0,0,0,0,0,0,0,0,0,0,0,0,0,0,0,0,0,0,0,0,0,0,0,147.154539,0.0394669884,0.967696673,-0.00384051527,-0.113534285,-0.171277625,0.224999691,-1.51211678,-4.31409623,0.000207874053,1500,1500,1500,1500,1500,1500,1500,1500,0,0,0,0,0.2,0,0,0,0,0.2,0,0,0,0,0.2,0,0,0,0,0.2,0,0,0,0,1,0,0,0,0,1,0,0,0,0,1,0,0,0,0,1
298214.79,29.45,0,0,0,0,0,0,0.367101461,-0,150.09763,-147.154539,2.94309079,1,0,0,0,0,0,0,0,0,0,0,0,0,0,0,150.09763,4.79015999,-1.85057561,1.86249591e-05,0,0,0,0,0,0,0,0,0,0,0,0,0,0,0,0,0,0,0,0,0,0,0,0,0,0,0,0,0,0,0,0,147.154539,0.0394669884,0.967696673,-0.00384051527,-0.113534285,-0.171277625,0.224999691,-1.51211678,-4.31409623,0.000207874053,1500,1500,1500,1500,1500,1500,1500,1500,0,0,0,0,0.2,0,0,0,0,0.2,0,0,0,0,0.2,0,0,0,0,0.2,0,0,0,0,1,0,0,0,0,1,0,0,0,0,1,0,0,0,0,1
298214.84,29.5,0,0,0,0,0,0,0.367101461,-0,150.09763,-147.154539,2.94309079,1,0,0,0,0,0,0,0,0,0,0,0,0,0,0,150.09763,4.79015999,-1.85057561,1.86249591e-05,0,0,0,0,0,0,0,0,0,0,0,0,0,0,0,0,0,0,0,0,0,0,0,0,0,0,0,0,0,0,0,0,147.154539,0.0394669884,0.967696673,-0.00384051527,-0.113534285,-0.171277625,0.224999691,-1.51211678,-4.31409623,0.000207874053,1500,1500,1500,1500,1500,1500,1500,1500,0,0,0,0,0.2,0,0,0,0,0.2,0,0,0,0,0.2,0,0,0,0,0.2,0,0,0,0,1,0,0,0,0,1,0,0,0,0,1,0,0,0,0,1
298214.891,29.55,0,0,0,0,0,0,0.367101461,-0,150.09763,-147.154539,2.94309079,1,0,0,0,0,0,0,0,0,0,0,0,0,0,0,150.09763,4.79015999,-1.85057561,1.86249591e-05,0,0,0,0,0,0,0,0,0,0,0,0,0,0,0,0,0,0,0,0,0,0,0,0,0,0,0,0,0,0,0,0,147.154539,0.0394669884,0.967696673,-0.00384051527,-0.113534285,-0.171277625,0.224999691,-1.51211678,-4.31409623,0.000207874053,1500,1500,1500,1500,1500,1500,1500,1500,0,0,0,0,0.2,0,0,0,0,0.2,0,0,0,0,0.2,0,0,0,0,0.2,0,0,0,0,1,0,0,0,0,1,0,0,0,0,1,0,0,0,0,1
298214.941,29.6,0,0,0,0,0,0,0.367101461,-0,150.09763,-147.154539,2.94309079,1,0,0,0,0,0,0,0,0,0,0,0,0,0,0,150.09763,4.79015999,-1.85057561,1.86249591e-05,0,0,0,0,0,0,0,0,0,0,0,0,0,0,0,0,0,0,0,0,0,0,0,0,0,0,0,0,0,0,0,0,147.154539,0.0394669884,0.967696673,-0.00384051527,-0.113534285,-0.171277625,0.224999691,-1.51211678,-4.31409623,0.000207874053,1500,1500,1500,1500,1500,1500,1500,1500,0,0,0,0,0.2,0,0,0,0,0.2,0,0,0,0,0.2,0,0,0,0,0.2,0,0,0,0,1,0,0,0,0,1,0,0,0,0,1,0,0,0,0,1
298214.994,29.65,0,0,0,0,0,0,0.367101461,-0,150.09763,-147.154539,2.94309079,1,0,0,0,0,0,0,0,0,0,0,0,0,0,0,150.09763,4.79015999,-1.85057561,1.86249591e-05,0,0,0,0,0,0,0,0,0,0,0,0,0,0,0,0,0,0,0,0,0,0,0,0,0,0,0,0,0,0,0,0,147.154539,0.0394669884,0.967696673,-0.00384051527,-0.113534285,-0.171277625,0.224999691,-1.51211678,-4.31409623,0.000207874053,1500,1500,1500,1500,1500,1500,1500,1500,0,0,0,0,0.2,0,0,0,0,0.2,0,0,0,0,0.2,0,0,0,0,0.2,0,0,0,0,1,0,0,0,0,1,0,0,0,0,1,0,0,0,0,1
298215.045,29.7,0,0,0,0,0,0,0.367101461,-0,150.09763,-147.154539,2.94309079,1,0,0,0,0,0,0,0,0,0,0,0,0,0,0,150.09763,4.79015999,-1.85057561,1.86249591e-05,0,0,0,0,0,0,0,0,0,0,0,0,0,0,0,0,0,0,0,0,0,0,0,0,0,0,0,0,0,0,0,0,147.154539,0.0394669884,0.967696673,-0.00384051527,-0.113534285,-0.171277625,0.224999691,-1.51211678,-4.31409623,0.000207874053,1500,1500,1500,1500,1500,1500,1500,1500,0,0,0,0,0.2,0,0,0,0,0.2,0,0,0,0,0.2,0,0,0,0,0.2,0,0,0,0,1,0,0,0,0,1,0,0,0,0,1,0,0,0,0,1
298215.096,29.75,0,0,0,0,0,0,0.367101461,-0,150.09763,-147.154539,2.94309079,1,0,0,0,0,0,0,0,0,0,0,0,0,0,0,150.09763,4.79015999,-1.85057561,1.86249591e-05,0,0,0,0,0,0,0,0,0,0,0,0,0,0,0,0,0,0,0,0,0,0,0,0,0,0,0,0,0,0,0,0,147.154539,0.0394669884,0.967696673,-0.00384051527,-0.113534285,-0.171277625,0.224999691,-1.51211678,-4.31409623,0.000207874053,1500,1500,1500,1500,1500,1500,1500,1500,0,0,0,0,0.2,0,0,0,0,0.2,0,0,0,0,0.2,0,0,0,0,0.2,0,0,0,0,1,0,0,0,0,1,0,0,0,0,1,0,0,0,0,1
298215.147,29.8,0,0,0,0,0,0,0.367101461,-0,150.09763,-147.154539,2.94309079,1,0,0,0,0,0,0,0,0,0,0,0,0,0,0,150.09763,4.79015999,-1.85057561,1.86249591e-05,0,0,0,0,0,0,0,0,0,0,0,0,0,0,0,0,0,0,0,0,0,0,0,0,0,0,0,0,0,0,0,0,147.154539,0.0394669884,0.967696673,-0.00384051527,-0.113534285,-0.171277625,0.224999691,-1.51211678,-4.31409623,0.000207874053,1500,1500,1500,1500,1500,1500,1500,1500,0,0,0,0,0.2,0,0,0,0,0.2,0,0,0,0,0.2,0,0,0,0,0.2,0,0,0,0,1,0,0,0,0,1,0,0,0,0,1,0,0,0,0,1
298215.198,29.85,0,0,0,0,0,0,0.367101461,-0,150.09763,-147.154539,2.94309079,1,0,0,0,0,0,0,0,0,0,0,0,0,0,0,150.09763,4.79015999,-1.85057561,1.86249591e-05,0,0,0,0,0,0,0,0,0,0,0,0,0,0,0,0,0,0,0,0,0,0,0,0,0,0,0,0,0,0,0,0,147.154539,0.0394669884,0.967696673,-0.00384051527,-0.113534285,-0.171277625,0.224999691,-1.51211678,-4.31409623,0.000207874053,1500,1500,1500,1500,1500,1500,1500,1500,0,0,0,0,0.2,0,0,0,0,0.2,0,0,0,0,0.2,0,0,0,0,0.2,0,0,0,0,1,0,0,0,0,1,0,0,0,0,1,0,0,0,0,1
298215.25,29.9,0,0,0,0,0,0,0.367101461,-0,150.09763,-147.154539,2.94309079,1,0,0,0,0,0,0,0,0,0,0,0,0,0,0,150.09763,4.79015999,-1.85057561,1.86249591e-05,0,0,0,0,0,0,0,0,0,0,0,0,0,0,0,0,0,0,0,0,0,0,0,0,0,0,0,0,0,0,0,0,147.154539,0.0394669884,0.967696673,-0.00384051527,-0.113534285,-0.171277625,0.224999691,-1.51211678,-4.31409623,0.000207874053,1500,1500,1500,1500,1500,1500,1500,1500,0,0,0,0,0.2,0,0,0,0,0.2,0,0,0,0,0.2,0,0,0,0,0.2,0,0,0,0,1,0,0,0,0,1,0,0,0,0,1,0,0,0,0,1
298215.301,29.95,0,0,0,0,0,0,0.367101461,-0,150.09763,-147.154539,2.94309079,1,0,0,0,0,0,0,0,0,0,0,0,0,0,0,150.09763,4.79015999,-1.85057561,1.86249591e-05,0,0,0,0,0,0,0,0,0,0,0,0,0,0,0,0,0,0,0,0,0,0,0,0,0,0,0,0,0,0,0,0,147.154539,0.0394669884,0.967696673,-0.00384051527,-0.113534285,-0.171277625,0.224999691,-1.51211678,-4.31409623,0.000207874053,1500,1500,1500,1500,1500,1500,1500,1500,0,0,0,0,0.2,0,0,0,0,0.2,0,0,0,0,0.2,0,0,0,0,0.2,0,0,0,0,1,0,0,0,0,1,0,0,0,0,1,0,0,0,0,1
298215.351,30,0,0,0,0,0,0,0.367101461,-0,150.09763,-147.154539,2.94309079,1,0,0,0,0,0,0,0,0,0,0,0,0,0,0,150.09763,4.79015999,-1.85057561,1.86249591e-05,0,0,0,0,0,0,0,0,0,0,0,0,0,0,0,0,0,0,0,0,0,0,0,0,0,0,0,0,0,0,0,0,147.154539,0.0394669884,0.967696673,-0.00384051527,-0.113534285,-0.171277625,0.224999691,-1.51211678,-4.31409623,0.000207874053,1500,1500,1500,1500,1500,1500,1500,1500,0,0,0,0,0.2,0,0,0,0,0.2,0,0,0,0,0.2,0,0,0,0,0.2,0,0,0,0,1,0,0,0,0,1,0,0,0,0,1,0,0,0,0,1
298215.402,30.05,0,0,0,0,0,0,0.367101461,-0,150.09763,-147.154539,2.94309079,1,0,0,0,0,0,0,0,0,0,0,0,0,0,0,150.09763,4.79015999,-1.85057561,1.86249591e-05,0,0,0,0,0,0,0,0,0,0,0,0,0,0,0,0,0,0,0,0,0,0,0,0,0,0,0,0,0,0,0,0,147.154539,0.0394669884,0.967696673,-0.00384051527,-0.113534285,-0.171277625,0.224999691,-1.51211678,-4.31409623,0.000207874053,1500,1500,1500,1500,1500,1500,1500,1500,0,0,0,0,0.2,0,0,0,0,0.2,0,0,0,0,0.2,0,0,0,0,0.2,0,0,0,0,1,0,0,0,0,1,0,0,0,0,1,0,0,0,0,1
298215.453,30.1,0,0,0,0,0,0,0.367101461,-0,150.09763,-147.154539,2.94309079,1,0,0,0,0,0,0,0,0,0,0,0,0,0,0,150.09763,4.79015999,-1.85057561,1.86249591e-05,0,0,0,0,0,0,0,0,0,0,0,0,0,0,0,0,0,0,0,0,0,0,0,0,0,0,0,0,0,0,0,0,147.154539,0.0394669884,0.967696673,-0.00384051527,-0.113534285,-0.171277625,0.224999691,-1.51211678,-4.31409623,0.000207874053,1500,1500,1500,1500,1500,1500,1500,1500,0,0,0,0,0.2,0,0,0,0,0.2,0,0,0,0,0.2,0,0,0,0,0.2,0,0,0,0,1,0,0,0,0,1,0,0,0,0,1,0,0,0,0,1
298215.505,30.15,0,0,0,0,0,0,0.367101461,-0,150.09763,-147.154539,2.94309079,1,0,0,0,0,0,0,0,0,0,0,0,0,0,0,150.09763,4.79015999,-1.85057561,1.86249591e-05,0,0,0,0,0,0,0,0,0,0,0,0,0,0,0,0,0,0,0,0,0,0,0,0,0,0,0,0,0,0,0,0,147.154539,0.0394669884,0.967696673,-0.00384051527,-0.113534285,-0.171277625,0.224999691,-1.51211678,-4.31409623,0.000207874053,1500,1500,1500,1500,1500,1500,1500,1500,0,0,0,0,0.2,0,0,0,0,0.2,0,0,0,0,0.2,0,0,0,0,0.2,0,0,0,0,1,0,0,0,0,1,0,0,0,0,1,0,0,0,0,1
298215.556,30.2,0,0,0,0,0,0,0.367101461,-0,150.09763,-147.154539,2.94309079,1,0,0,0,0,0,0,0,0,0,0,0,0,0,0,150.09763,4.79015999,-1.85057561,1.86249591e-05,0,0,0,0,0,0,0,0,0,0,0,0,0,0,0,0,0,0,0,0,0,0,0,0,0,0,0,0,0,0,0,0,147.154539,0.0394669884,0.967696673,-0.00384051527,-0.113534285,-0.171277625,0.224999691,-1.51211678,-4.31409623,0.000207874053,1500,1500,1500,1500,1500,1500,1500,1500,0,0,0,0,0.2,0,0,0,0,0.2,0,0,0,0,0.2,0,0,0,0,0.2,0,0,0,0,1,0,0,0,0,1,0,0,0,0,1,0,0,0,0,1
298215.608,30.25,0,0,0,0,0,0,0.367101461,-0,150.09763,-147.154539,2.94309079,1,0,0,0,0,0,0,0,0,0,0,0,0,0,0,150.09763,4.79015999,-1.85057561,1.86249591e-05,0,0,0,0,0,0,0,0,0,0,0,0,0,0,0,0,0,0,0,0,0,0,0,0,0,0,0,0,0,0,0,0,147.154539,0.0394669884,0.967696673,-0.00384051527,-0.113534285,-0.171277625,0.224999691,-1.51211678,-4.31409623,0.000207874053,1500,1500,1500,1500,1500,1500,1500,1500,0,0,0,0,0.2,0,0,0,0,0.2,0,0,0,0,0.2,0,0,0,0,0.2,0,0,0,0,1,0,0,0,0,1,0,0,0,0,1,0,0,0,0,1
298215.66,30.3,0,0,0,0,0,0,0.367101461,-0,150.09763,-147.154539,2.94309079,1,0,0,0,0,0,0,0,0,0,0,0,0,0,0,150.09763,4.79015999,-1.85057561,1.86249591e-05,0,0,0,0,0,0,0,0,0,0,0,0,0,0,0,0,0,0,0,0,0,0,0,0,0,0,0,0,0,0,0,0,147.154539,0.0394669884,0.967696673,-0.00384051527,-0.113534285,-0.171277625,0.224999691,-1.51211678,-4.31409623,0.000207874053,1500,1500,1500,1500,1500,1500,1500,1500,0,0,0,0,0.2,0,0,0,0,0.2,0,0,0,0,0.2,0,0,0,0,0.2,0,0,0,0,1,0,0,0,0,1,0,0,0,0,1,0,0,0,0,1
298215.712,30.35,0,0,0,0,0,0,0.367101461,-0,150.09763,-147.154539,2.94309079,1,0,0,0,0,0,0,0,0,0,0,0,0,0,0,150.09763,4.79015999,-1.85057561,1.86249591e-05,0,0,0,0,0,0,0,0,0,0,0,0,0,0,0,0,0,0,0,0,0,0,0,0,0,0,0,0,0,0,0,0,147.154539,0.0394669884,0.967696673,-0.00384051527,-0.113534285,-0.171277625,0.224999691,-1.51211678,-4.31409623,0.000207874053,1500,1500,1500,1500,1500,1500,1500,1500,0,0,0,0,0.2,0,0,0,0,0.2,0,0,0,0,0.2,0,0,0,0,0.2,0,0,0,0,1,0,0,0,0,1,0,0,0,0,1,0,0,0,0,1
298215.763,30.4,0,0,0,0,0,0,0.367101461,-0,150.09763,-147.154539,2.94309079,1,0,0,0,0,0,0,0,0,0,0,0,0,0,0,150.09763,4.79015999,-1.85057561,1.86249591e-05,0,0,0,0,0,0,0,0,0,0,0,0,0,0,0,0,0,0,0,0,0,0,0,0,0,0,0,0,0,0,0,0,147.154539,0.0394669884,0.967696673,-0.00384051527,-0.113534285,-0.171277625,0.224999691,-1.51211678,-4.31409623,0.000207874053,1500,1500,1500,1500,1500,1500,1500,1500,0,0,0,0,0.2,0,0,0,0,0.2,0,0,0,0,0.2,0,0,0,0,0.2,0,0,0,0,1,0,0,0,0,1,0,0,0,0,1,0,0,0,0,1
298215.813,30.45,0,0,0,0,0,0,0.367101461,-0,150.09763,-147.154539,2.94309079,1,0,0,0,0,0,0,0,0,0,0,0,0,0,0,150.09763,4.79015999,-1.85057561,1.86249591e-05,0,0,0,0,0,0,0,0,0,0,0,0,0,0,0,0,0,0,0,0,0,0,0,0,0,0,0,0,0,0,0,0,147.154539,0.0394669884,0.967696673,-0.00384051527,-0.113534285,-0.171277625,0.224999691,-1.51211678,-4.31409623,0.000207874053,1500,1500,1500,1500,1500,1500,1500,1500,0,0,0,0,0.2,0,0,0,0,0.2,0,0,0,0,0.2,0,0,0,0,0.2,0,0,0,0,1,0,0,0,0,1,0,0,0,0,1,0,0,0,0,1
298215.865,30.5,0,0,0,0,0,0,0.367101461,-0,150.09763,-147.154539,2.94309079,1,0,0,0,0,0,0,0,0,0,0,0,0,0,0,150.09763,4.79015999,-1.85057561,1.86249591e-05,0,0,0,0,0,0,0,0,0,0,0,0,0,0,0,0,0,0,0,0,0,0,0,0,0,0,0,0,0,0,0,0,147.154539,0.0394669884,0.967696673,-0.00384051527,-0.113534285,-0.171277625,0.224999691,-1.51211678,-4.31409623,0.000207874053,1500,1500,1500,1500,1500,1500,1500,1500,0,0,0,0,0.2,0,0,0,0,0.2,0,0,0,0,0.2,0,0,0,0,0.2,0,0,0,0,1,0,0,0,0,1,0,0,0,0,1,0,0,0,0,1
298215.917,30.55,0,0,0,0,0,0,0.367101461,-0,150.09763,-147.154539,2.94309079,1,0,0,0,0,0,0,0,0,0,0,0,0,0,0,150.09763,4.79015999,-1.85057561,1.86249591e-05,0,0,0,0,0,0,0,0,0,0,0,0,0,0,0,0,0,0,0,0,0,0,0,0,0,0,0,0,0,0,0,0,147.154539,0.0394669884,0.967696673,-0.00384051527,-0.113534285,-0.171277625,0.224999691,-1.51211678,-4.31409623,0.000207874053,1500,1500,1500,1500,1500,1500,1500,1500,0,0,0,0,0.2,0,0,0,0,0.2,0,0,0,0,0.2,0,0,0,0,0.2,0,0,0,0,1,0,0,0,0,1,0,0,0,0,1,0,0,0,0,1
298215.969,30.6,0,0,0,0,0,0,0.367101461,-0,150.09763,-147.154539,2.94309079,1,0,0,0,0,0,0,0,0,0,0,0,0,0,0,150.09763,4.79015999,-1.85057561,1.86249591e-05,0,0,0,0,0,0,0,0,0,0,0,0,0,0,0,0,0,0,0,0,0,0,0,0,0,0,0,0,0,0,0,0,147.154539,0.0394669884,0.967696673,-0.00384051527,-0.113534285,-0.171277625,0.224999691,-1.51211678,-4.31409623,0.000207874053,1500,1500,1500,1500,1500,1500,1500,1500,0,0,0,0,0.2,0,0,0,0,0.2,0,0,0,0,0.2,0,0,0,0,0.2,0,0,0,0,1,0,0,0,0,1,0,0,0,0,1,0,0,0,0,1
298216.02,30.65,0,0,0,0,0,0,0.367101461,-0,150.09763,-147.154539,2.94309079,1,0,0,0,0,0,0,0,0,0,0,0,0,0,0,150.09763,4.79015999,-1.85057561,1.86249591e-05,0,0,0,0,0,0,0,0,0,0,0,0,0,0,0,0,0,0,0,0,0,0,0,0,0,0,0,0,0,0,0,0,147.154539,0.0394669884,0.967696673,-0.00384051527,-0.113534285,-0.171277625,0.224999691,-1.51211678,-4.31409623,0.000207874053,1500,1500,1500,1500,1500,1500,1500,1500,0,0,0,0,0.2,0,0,0,0,0.2,0,0,0,0,0.2,0,0,0,0,0.2,0,0,0,0,1,0,0,0,0,1,0,0,0,0,1,0,0,0,0,1
298216.072,30.7,0,0,0,0,0,0,0.367101461,-0,150.09763,-147.154539,2.94309079,1,0,0,0,0,0,0,0,0,0,0,0,0,0,0,150.09763,4.79015999,-1.85057561,1.86249591e-05,0,0,0,0,0,0,0,0,0,0,0,0,0,0,0,0,0,0,0,0,0,0,0,0,0,0,0,0,0,0,0,0,147.154539,0.0394669884,0.967696673,-0.00384051527,-0.113534285,-0.171277625,0.224999691,-1.51211678,-4.31409623,0.000207874053,1500,1500,1500,1500,1500,1500,1500,1500,0,0,0,0,0.2,0,0,0,0,0.2,0,0,0,0,0.2,0,0,0,0,0.2,0,0,0,0,1,0,0,0,0,1,0,0,0,0,1,0,0,0,0,1
298216.124,30.75,0,0,0,0,0,0,0.367101461,-0,150.09763,-147.154539,2.94309079,1,0,0,0,0,0,0,0,0,0,0,0,0,0,0,150.09763,4.79015999,-1.85057561,1.86249591e-05,0,0,0,0,0,0,0,0,0,0,0,0,0,0,0,0,0,0,0,0,0,0,0,0,0,0,0,0,0,0,0,0,147.154539,0.0394669884,0.967696673,-0.00384051527,-0.113534285,-0.171277625,0.224999691,-1.51211678,-4.31409623,0.000207874053,1500,1500,1500,1500,1500,1500,1500,1500,0,0,0,0,0.2,0,0,0,0,0.2,0,0,0,0,0.2,0,0,0,0,0.2,0,0,0,0,1,0,0,0,0,1,0,0,0,0,1,0,0,0,0,1
298216.177,30.8,0,0,0,0,0,0,0.367101461,-0,150.09763,-147.154539,2.94309079,1,0,0,0,0,0,0,0,0,0,0,0,0,0,0,150.09763,4.79015999,-1.85057561,1.86249591e-05,0,0,0,0,0,0,0,0,0,0,0,0,0,0,0,0,0,0,0,0,0,0,0,0,0,0,0,0,0,0,0,0,147.154539,0.0394669884,0.967696673,-0.00384051527,-0.113534285,-0.171277625,0.224999691,-1.51211678,-4.31409623,0.000207874053,1500,1500,1500,1500,1500,1500,1500,1500,0,0,0,0,0.2,0,0,0,0,0.2,0,0,0,0,0.2,0,0,0,0,0.2,0,0,0,0,1,0,0,0,0,1,0,0,0,0,1,0,0,0,0,1
298216.229,30.85,0,0,0,0,0,0,0.367101461,-0,150.09763,-147.154539,2.94309079,1,0,0,0,0,0,0,0,0,0,0,0,0,0,0,150.09763,4.79015999,-1.85057561,1.86249591e-05,0,0,0,0,0,0,0,0,0,0,0,0,0,0,0,0,0,0,0,0,0,0,0,0,0,0,0,0,0,0,0,0,147.154539,0.0394669884,0.967696673,-0.00384051527,-0.113534285,-0.171277625,0.224999691,-1.51211678,-4.31409623,0.000207874053,1500,1500,1500,1500,1500,1500,1500,1500,0,0,0,0,0.2,0,0,0,0,0.2,0,0,0,0,0.2,0,0,0,0,0.2,0,0,0,0,1,0,0,0,0,1,0,0,0,0,1,0,0,0,0,1
298216.282,30.9,0,0,0,0,0,0,0.367101461,-0,150.09763,-147.154539,2.94309079,1,0,0,0,0,0,0,0,0,0,0,0,0,0,0,150.09763,4.79015999,-1.85057561,1.86249591e-05,0,0,0,0,0,0,0,0,0,0,0,0,0,0,0,0,0,0,0,0,0,0,0,0,0,0,0,0,0,0,0,0,147.154539,0.0394669884,0.967696673,-0.00384051527,-0.113534285,-0.171277625,0.224999691,-1.51211678,-4.31409623,0.000207874053,1500,1500,1500,1500,1500,1500,1500,1500,0,0,0,0,0.2,0,0,0,0,0.2,0,0,0,0,0.2,0,0,0,0,0.2,0,0,0,0,1,0,0,0,0,1,0,0,0,0,1,0,0,0,0,1
298216.331,30.95,0,0,0,0,0,0,0.367101461,-0,150.09763,-147.154539,2.94309079,1,0,0,0,0,0,0,0,0,0,0,0,0,0,0,150.09763,4.79015999,-1.85057561,1.86249591e-05,0,0,0,0,0,0,0,0,0,0,0,0,0,0,0,0,0,0,0,0,0,0,0,0,0,0,0,0,0,0,0,0,147.154539,0.0394669884,0.967696673,-0.00384051527,-0.113534285,-0.171277625,0.224999691,-1.51211678,-4.31409623,0.000207874053,1500,1500,1500,1500,1500,1500,1500,1500,0,0,0,0,0.2,0,0,0,0,0.2,0,0,0,0,0.2,0,0,0,0,0.2,0,0,0,0,1,0,0,0,0,1,0,0,0,0,1,0,0,0,0,1
298216.382,31,0,0,0,0,0,0,0.367101461,-0,150.09763,-147.154539,2.94309079,1,0,0,0,0,0,0,0,0,0,0,0,0,0,0,150.09763,4.79015999,-1.85057561,1.86249591e-05,0,0,0,0,0,0,0,0,0,0,0,0,0,0,0,0,0,0,0,0,0,0,0,0,0,0,0,0,0,0,0,0,147.154539,0.0394669884,0.967696673,-0.00384051527,-0.113534285,-0.171277625,0.224999691,-1.51211678,-4.31409623,0.000207874053,1500,1500,1500,1500,1500,1500,1500,1500,0,0,0,0,0.2,0,0,0,0,0.2,0,0,0,0,0.2,0,0,0,0,0.2,0,0,0,0,1,0,0,0,0,1,0,0,0,0,1,0,0,0,0,1
298216.432,31.05,0,0,0,0,0,0,0.367101461,-0,150.09763,-147.154539,2.94309079,1,0,0,0,0,0,0,0,0,0,0,0,0,0,0,150.09763,4.79015999,-1.85057561,1.86249591e-05,0,0,0,0,0,0,0,0,0,0,0,0,0,0,0,0,0,0,0,0,0,0,0,0,0,0,0,0,0,0,0,0,147.154539,0.0394669884,0.967696673,-0.00384051527,-0.113534285,-0.171277625,0.224999691,-1.51211678,-4.31409623,0.000207874053,1500,1500,1500,1500,1500,1500,1500,1500,0,0,0,0,0.2,0,0,0,0,0.2,0,0,0,0,0.2,0,0,0,0,0.2,0,0,0,0,1,0,0,0,0,1,0,0,0,0,1,0,0,0,0,1
298216.482,31.1,0,0,0,0,0,0,0.367101461,-0,150.09763,-147.154539,2.94309079,1,0,0,0,0,0,0,0,0,0,0,0,0,0,0,150.09763,4.79015999,-1.85057561,1.86249591e-05,0,0,0,0,0,0,0,0,0,0,0,0,0,0,0,0,0,0,0,0,0,0,0,0,0,0,0,0,0,0,0,0,147.154539,0.0394669884,0.967696673,-0.00384051527,-0.113534285,-0.171277625,0.224999691,-1.51211678,-4.31409623,0.000207874053,1500,1500,1500,1500,1500,1500,1500,1500,0,0,0,0,0.2,0,0,0,0,0.2,0,0,0,0,0.2,0,0,0,0,0.2,0,0,0,0,1,0,0,0,0,1,0,0,0,0,1,0,0,0,0,1
298216.532,31.15,0,0,0,0,0,0,0.367101461,-0,150.09763,-147.154539,2.94309079,1,0,0,0,0,0,0,0,0,0,0,0,0,0,0,150.09763,4.79015999,-1.85057561,1.86249591e-05,0,0,0,0,0,0,0,0,0,0,0,0,0,0,0,0,0,0,0,0,0,0,0,0,0,0,0,0,0,0,0,0,147.154539,0.0394669884,0.967696673,-0.00384051527,-0.113534285,-0.171277625,0.224999691,-1.51211678,-4.31409623,0.000207874053,1500,1500,1500,1500,1500,1500,1500,1500,0,0,0,0,0.2,0,0,0,0,0.2,0,0,0,0,0.2,0,0,0,0,0.2,0,0,0,0,1,0,0,0,0,1,0,0,0,0,1,0,0,0,0,1
298216.584,31.2,0,0,0,0,0,0,0.367101461,-0,150.09763,-147.154539,2.94309079,1,0,0,0,0,0,0,0,0,0,0,0,0,0,0,150.09763,4.79015999,-1.85057561,1.86249591e-05,0,0,0,0,0,0,0,0,0,0,0,0,0,0,0,0,0,0,0,0,0,0,0,0,0,0,0,0,0,0,0,0,147.154539,0.0394669884,0.967696673,-0.00384051527,-0.113534285,-0.171277625,0.224999691,-1.51211678,-4.31409623,0.000207874053,1500,1500,1500,1500,1500,1500,1500,1500,0,0,0,0,0.2,0,0,0,0,0.2,0,0,0,0,0.2,0,0,0,0,0.2,0,0,0,0,1,0,0,0,0,1,0,0,0,0,1,0,0,0,0,1
298216.636,31.25,0,0,0,0,0,0,0.367101461,-0,150.09763,-147.154539,2.94309079,1,0,0,0,0,0,0,0,0,0,0,0,0,0,0,150.09763,4.79015999,-1.85057561,1.86249591e-05,0,0,0,0,0,0,0,0,0,0,0,0,0,0,0,0,0,0,0,0,0,0,0,0,0,0,0,0,0,0,0,0,147.154539,0.0394669884,0.967696673,-0.00384051527,-0.113534285,-0.171277625,0.224999691,-1.51211678,-4.31409623,0.000207874053,1500,1500,1500,1500,1500,1500,1500,1500,0,0,0,0,0.2,0,0,0,0,0.2,0,0,0,0,0.2,0,0,0,0,0.2,0,0,0,0,1,0,0,0,0,1,0,0,0,0,1,0,0,0,0,1
298216.688,31.3,0,0,0,0,0,0,0.367101461,-0,150.09763,-147.154539,2.94309079,1,0,0,0,0,0,0,0,0,0,0,0,0,0,0,150.09763,4.79015999,-1.85057561,1.86249591e-05,0,0,0,0,0,0,0,0,0,0,0,0,0,0,0,0,0,0,0,0,0,0,0,0,0,0,0,0,0,0,0,0,147.154539,0.0394669884,0.967696673,-0.00384051527,-0.113534285,-0.171277625,0.224999691,-1.51211678,-4.31409623,0.000207874053,1500,1500,1500,1500,1500,1500,1500,1500,0,0,0,0,0.2,0,0,0,0,0.2,0,0,0,0,0.2,0,0,0,0,0.2,0,0,0,0,1,0,0,0,0,1,0,0,0,0,1,0,0,0,0,1
298216.738,31.35,0,0,0,0,0,0,0.367101461,-0,150.09763,-147.154539,2.94309079,1,0,0,0,0,0,0,0,0,0,0,0,0,0,0,150.09763,4.79015999,-1.85057561,1.86249591e-05,0,0,0,0,0,0,0,0,0,0,0,0,0,0,0,0,0,0,0,0,0,0,0,0,0,0,0,0,0,0,0,0,147.154539,0.0394669884,0.967696673,-0.00384051527,-0.113534285,-0.171277625,0.224999691,-1.51211678,-4.31409623,0.000207874053,1500,1500,1500,1500,1500,1500,1500,1500,0,0,0,0,0.2,0,0,0,0,0.2,0,0,0,0,0.2,0,0,0,0,0.2,0,0,0,0,1,0,0,0,0,1,0,0,0,0,1,0,0,0,0,1
298216.789,31.4,0,0,0,0,0,0,0.367101461,-0,150.09763,-147.154539,2.94309079,1,0,0,0,0,0,0,0,0,0,0,0,0,0,0,150.09763,4.79015999,-1.85057561,1.86249591e-05,0,0,0,0,0,0,0,0,0,0,0,0,0,0,0,0,0,0,0,0,0,0,0,0,0,0,0,0,0,0,0,0,147.154539,0.0394669884,0.967696673,-0.00384051527,-0.113534285,-0.171277625,0.224999691,-1.51211678,-4.31409623,0.000207874053,1500,1500,1500,1500,1500,1500,1500,1500,0,0,0,0,0.2,0,0,0,0,0.2,0,0,0,0,0.2,0,0,0,0,0.2,0,0,0,0,1,0,0,0,0,1,0,0,0,0,1,0,0,0,0,1
298216.839,31.45,0,0,0,0,0,0,0.367101461,-0,150.09763,-147.154539,2.94309079,1,0,0,0,0,0,0,0,0,0,0,0,0,0,0,150.09763,4.79015999,-1.85057561,1.86249591e-05,0,0,0,0,0,0,0,0,0,0,0,0,0,0,0,0,0,0,0,0,0,0,0,0,0,0,0,0,0,0,0,0,147.154539,0.0394669884,0.967696673,-0.00384051527,-0.113534285,-0.171277625,0.224999691,-1.51211678,-4.31409623,0.000207874053,1500,1500,1500,1500,1500,1500,1500,1500,0,0,0,0,0.2,0,0,0,0,0.2,0,0,0,0,0.2,0,0,0,0,0.2,0,0,0,0,1,0,0,0,0,1,0,0,0,0,1,0,0,0,0,1
298216.889,31.5,0,0,0,0,0,0,0.367101461,-0,150.09763,-147.154539,2.94309079,1,0,0,0,0,0,0,0,0,0,0,0,0,0,0,150.09763,4.79015999,-1.85057561,1.86249591e-05,0,0,0,0,0,0,0,0,0,0,0,0,0,0,0,0,0,0,0,0,0,0,0,0,0,0,0,0,0,0,0,0,147.154539,0.0394669884,0.967696673,-0.00384051527,-0.113534285,-0.171277625,0.224999691,-1.51211678,-4.31409623,0.000207874053,1500,1500,1500,1500,1500,1500,1500,1500,0,0,0,0,0.2,0,0,0,0,0.2,0,0,0,0,0.2,0,0,0,0,0.2,0,0,0,0,1,0,0,0,0,1,0,0,0,0,1,0,0,0,0,1
298216.939,31.55,0,0,0,0,0,0,0.367101461,-0,150.09763,-147.154539,2.94309079,1,0,0,0,0,0,0,0,0,0,0,0,0,0,0,150.09763,4.79015999,-1.85057561,1.86249591e-05,0,0,0,0,0,0,0,0,0,0,0,0,0,0,0,0,0,0,0,0,0,0,0,0,0,0,0,0,0,0,0,0,147.154539,0.0394669884,0.967696673,-0.00384051527,-0.113534285,-0.171277625,0.224999691,-1.51211678,-4.31409623,0.000207874053,1500,1500,1500,1500,1500,1500,1500,1500,0,0,0,0,0.2,0,0,0,0,0.2,0,0,0,0,0.2,0,0,0,0,0.2,0,0,0,0,1,0,0,0,0,1,0,0,0,0,1,0,0,0,0,1
298216.989,31.6,0,0,0,0,0,0,0.367101461,-0,150.09763,-147.154539,2.94309079,1,0,0,0,0,0,0,0,0,0,0,0,0,0,0,150.09763,4.79015999,-1.85057561,1.86249591e-05,0,0,0,0,0,0,0,0,0,0,0,0,0,0,0,0,0,0,0,0,0,0,0,0,0,0,0,0,0,0,0,0,147.154539,0.0394669884,0.967696673,-0.00384051527,-0.113534285,-0.171277625,0.224999691,-1.51211678,-4.31409623,0.000207874053,1500,1500,1500,1500,1500,1500,1500,1500,0,0,0,0,0.2,0,0,0,0,0.2,0,0,0,0,0.2,0,0,0,0,0.2,0,0,0,0,1,0,0,0,0,1,0,0,0,0,1,0,0,0,0,1
298217.039,31.65,0,0,0,0,0,0,0.367101461,-0,150.09763,-147.154539,2.94309079,1,0,0,0,0,0,0,0,0,0,0,0,0,0,0,150.09763,4.79015999,-1.85057561,1.86249591e-05,0,0,0,0,0,0,0,0,0,0,0,0,0,0,0,0,0,0,0,0,0,0,0,0,0,0,0,0,0,0,0,0,147.154539,0.0394669884,0.967696673,-0.00384051527,-0.113534285,-0.171277625,0.224999691,-1.51211678,-4.31409623,0.000207874053,1500,1500,1500,1500,1500,1500,1500,1500,0,0,0,0,0.2,0,0,0,0,0.2,0,0,0,0,0.2,0,0,0,0,0.2,0,0,0,0,1,0,0,0,0,1,0,0,0,0,1,0,0,0,0,1
298217.088,31.7,0,0,0,0,0,0,0.367101461,-0,150.09763,-147.154539,2.94309079,1,0,0,0,0,0,0,0,0,0,0,0,0,0,0,150.09763,4.79015999,-1.85057561,1.86249591e-05,0,0,0,0,0,0,0,0,0,0,0,0,0,0,0,0,0,0,0,0,0,0,0,0,0,0,0,0,0,0,0,0,147.154539,0.0394669884,0.967696673,-0.00384051527,-0.113534285,-0.171277625,0.224999691,-1.51211678,-4.31409623,0.000207874053,1500,1500,1500,1500,1500,1500,1500,1500,0,0,0,0,0.2,0,0,0,0,0.2,0,0,0,0,0.2,0,0,0,0,0.2,0,0,0,0,1,0,0,0,0,1,0,0,0,0,1,0,0,0,0,1
298217.138,31.75,0,0,0,0,0,0,0.367101461,-0,150.09763,-147.154539,2.94309079,1,0,0,0,0,0,0,0,0,0,0,0,0,0,0,150.09763,4.79015999,-1.85057561,1.86249591e-05,0,0,0,0,0,0,0,0,0,0,0,0,0,0,0,0,0,0,0,0,0,0,0,0,0,0,0,0,0,0,0,0,147.154539,0.0394669884,0.967696673,-0.00384051527,-0.113534285,-0.171277625,0.224999691,-1.51211678,-4.31409623,0.000207874053,1500,1500,1500,1500,1500,1500,1500,1500,0,0,0,0,0.2,0,0,0,0,0.2,0,0,0,0,0.2,0,0,0,0,0.2,0,0,0,0,1,0,0,0,0,1,0,0,0,0,1,0,0,0,0,1
298217.188,31.8,0,0,0,0,0,0,0.367101461,-0,150.09763,-147.154539,2.94309079,1,0,0,0,0,0,0,0,0,0,0,0,0,0,0,150.09763,4.79015999,-1.85057561,1.86249591e-05,0,0,0,0,0,0,0,0,0,0,0,0,0,0,0,0,0,0,0,0,0,0,0,0,0,0,0,0,0,0,0,0,147.154539,0.0394669884,0.967696673,-0.00384051527,-0.113534285,-0.171277625,0.224999691,-1.51211678,-4.31409623,0.000207874053,1500,1500,1500,1500,1500,1500,1500,1500,0,0,0,0,0.2,0,0,0,0,0.2,0,0,0,0,0.2,0,0,0,0,0.2,0,0,0,0,1,0,0,0,0,1,0,0,0,0,1,0,0,0,0,1
298217.238,31.85,0,0,0,0,0,0,0.367101461,-0,150.09763,-147.154539,2.94309079,1,0,0,0,0,0,0,0,0,0,0,0,0,0,0,150.09763,4.79015999,-1.85057561,1.86249591e-05,0,0,0,0,0,0,0,0,0,0,0,0,0,0,0,0,0,0,0,0,0,0,0,0,0,0,0,0,0,0,0,0,147.154539,0.0394669884,0.967696673,-0.00384051527,-0.113534285,-0.171277625,0.224999691,-1.51211678,-4.31409623,0.000207874053,1500,1500,1500,1500,1500,1500,1500,1500,0,0,0,0,0.2,0,0,0,0,0.2,0,0,0,0,0.2,0,0,0,0,0.2,0,0,0,0,1,0,0,0,0,1,0,0,0,0,1,0,0,0,0,1
298217.289,31.9,0,0,0,0,0,0,0.367101461,-0,150.09763,-147.154539,2.94309079,1,0,0,0,0,0,0,0,0,0,0,0,0,0,0,150.09763,4.79015999,-1.85057561,1.86249591e-05,0,0,0,0,0,0,0,0,0,0,0,0,0,0,0,0,0,0,0,0,0,0,0,0,0,0,0,0,0,0,0,0,147.154539,0.0394669884,0.967696673,-0.00384051527,-0.113534285,-0.171277625,0.224999691,-1.51211678,-4.31409623,0.000207874053,1500,1500,1500,1500,1500,1500,1500,1500,0,0,0,0,0.2,0,0,0,0,0.2,0,0,0,0,0.2,0,0,0,0,0.2,0,0,0,0,1,0,0,0,0,1,0,0,0,0,1,0,0,0,0,1
298217.338,31.95,0,0,0,0,0,0,0.367101461,-0,150.09763,-147.154539,2.94309079,1,0,0,0,0,0,0,0,0,0,0,0,0,0,0,150.09763,4.79015999,-1.85057561,1.86249591e-05,0,0,0,0,0,0,0,0,0,0,0,0,0,0,0,0,0,0,0,0,0,0,0,0,0,0,0,0,0,0,0,0,147.154539,0.0394669884,0.967696673,-0.00384051527,-0.113534285,-0.171277625,0.224999691,-1.51211678,-4.31409623,0.000207874053,1500,1500,1500,1500,1500,1500,1500,1500,0,0,0,0,0.2,0,0,0,0,0.2,0,0,0,0,0.2,0,0,0,0,0.2,0,0,0,0,1,0,0,0,0,1,0,0,0,0,1,0,0,0,0,1
298217.389,32,0,0,0,0,0,0,0.367101461,-0,150.09763,-147.154539,2.94309079,1,0,0,0,0,0,0,0,0,0,0,0,0,0,0,150.09763,4.79015999,-1.85057561,1.86249591e-05,0,0,0,0,0,0,0,0,0,0,0,0,0,0,0,0,0,0,0,0,0,0,0,0,0,0,0,0,0,0,0,0,147.154539,0.0394669884,0.967696673,-0.00384051527,-0.113534285,-0.171277625,0.224999691,-1.51211678,-4.31409623,0.000207874053,1500,1500,1500,1500,1500,1500,1500,1500,0,0,0,0,0.2,0,0,0,0,0.2,0,0,0,0,0.2,0,0,0,0,0.2,0,0,0,0,1,0,0,0,0,1,0,0,0,0,1,0,0,0,0,1
298217.438,32.05,0,0,0,0,0,0,0.367101461,-0,150.09763,-147.154539,2.94309079,1,0,0,0,0,0,0,0,0,0,0,0,0,0,0,150.09763,4.79015999,-1.85057561,1.86249591e-05,0,0,0,0,0,0,0,0,0,0,0,0,0,0,0,0,0,0,0,0,0,0,0,0,0,0,0,0,0,0,0,0,147.154539,0.0394669884,0.967696673,-0.00384051527,-0.113534285,-0.171277625,0.224999691,-1.51211678,-4.31409623,0.000207874053,1500,1500,1500,1500,1500,1500,1500,1500,0,0,0,0,0.2,0,0,0,0,0.2,0,0,0,0,0.2,0,0,0,0,0.2,0,0,0,0,1,0,0,0,0,1,0,0,0,0,1,0,0,0,0,1
298217.489,32.1,0,0,0,0,0,0,0.367101461,-0,150.09763,-147.154539,2.94309079,1,0,0,0,0,0,0,0,0,0,0,0,0,0,0,150.09763,4.79015999,-1.85057561,1.86249591e-05,0,0,0,0,0,0,0,0,0,0,0,0,0,0,0,0,0,0,0,0,0,0,0,0,0,0,0,0,0,0,0,0,147.154539,0.0394669884,0.967696673,-0.00384051527,-0.113534285,-0.171277625,0.224999691,-1.51211678,-4.31409623,0.000207874053,1500,1500,1500,1500,1500,1500,1500,1500,0,0,0,0,0.2,0,0,0,0,0.2,0,0,0,0,0.2,0,0,0,0,0.2,0,0,0,0,1,0,0,0,0,1,0,0,0,0,1,0,0,0,0,1
298217.539,32.15,0,0,0,0,0,0,0.367101461,-0,150.09763,-147.154539,2.94309079,1,0,0,0,0,0,0,0,0,0,0,0,0,0,0,150.09763,4.79015999,-1.85057561,1.86249591e-05,0,0,0,0,0,0,0,0,0,0,0,0,0,0,0,0,0,0,0,0,0,0,0,0,0,0,0,0,0,0,0,0,147.154539,0.0394669884,0.967696673,-0.00384051527,-0.113534285,-0.171277625,0.224999691,-1.51211678,-4.31409623,0.000207874053,1500,1500,1500,1500,1500,1500,1500,1500,0,0,0,0,0.2,0,0,0,0,0.2,0,0,0,0,0.2,0,0,0,0,0.2,0,0,0,0,1,0,0,0,0,1,0,0,0,0,1,0,0,0,0,1
298217.589,32.2,0,0,0,0,0,0,0.367101461,-0,150.09763,-147.154539,2.94309079,1,0,0,0,0,0,0,0,0,0,0,0,0,0,0,150.09763,4.79015999,-1.85057561,1.86249591e-05,0,0,0,0,0,0,0,0,0,0,0,0,0,0,0,0,0,0,0,0,0,0,0,0,0,0,0,0,0,0,0,0,147.154539,0.0394669884,0.967696673,-0.00384051527,-0.113534285,-0.171277625,0.224999691,-1.51211678,-4.31409623,0.000207874053,1500,1500,1500,1500,1500,1500,1500,1500,0,0,0,0,0.2,0,0,0,0,0.2,0,0,0,0,0.2,0,0,0,0,0.2,0,0,0,0,1,0,0,0,0,1,0,0,0,0,1,0,0,0,0,1
298217.639,32.25,0,0,0,0,0,0,0.367101461,-0,150.09763,-147.154539,2.94309079,1,0,0,0,0,0,0,0,0,0,0,0,0,0,0,150.09763,4.79015999,-1.85057561,1.86249591e-05,0,0,0,0,0,0,0,0,0,0,0,0,0,0,0,0,0,0,0,0,0,0,0,0,0,0,0,0,0,0,0,0,147.154539,0.0394669884,0.967696673,-0.00384051527,-0.113534285,-0.171277625,0.224999691,-1.51211678,-4.31409623,0.000207874053,1500,1500,1500,1500,1500,1500,1500,1500,0,0,0,0,0.2,0,0,0,0,0.2,0,0,0,0,0.2,0,0,0,0,0.2,0,0,0,0,1,0,0,0,0,1,0,0,0,0,1,0,0,0,0,1
298217.689,32.3,0,0,0,0,0,0,0.367101461,-0,150.09763,-147.154539,2.94309079,1,0,0,0,0,0,0,0,0,0,0,0,0,0,0,150.09763,4.79015999,-1.85057561,1.86249591e-05,0,0,0,0,0,0,0,0,0,0,0,0,0,0,0,0,0,0,0,0,0,0,0,0,0,0,0,0,0,0,0,0,147.154539,0.0394669884,0.967696673,-0.00384051527,-0.113534285,-0.171277625,0.224999691,-1.51211678,-4.31409623,0.000207874053,1500,1500,1500,1500,1500,1500,1500,1500,0,0,0,0,0.2,0,0,0,0,0.2,0,0,0,0,0.2,0,0,0,0,0.2,0,0,0,0,1,0,0,0,0,1,0,0,0,0,1,0,0,0,0,1
298217.739,32.35,0,0,0,0,0,0,0.367101461,-0,150.09763,-147.154539,2.94309079,1,0,0,0,0,0,0,0,0,0,0,0,0,0,0,150.09763,4.79015999,-1.85057561,1.86249591e-05,0,0,0,0,0,0,0,0,0,0,0,0,0,0,0,0,0,0,0,0,0,0,0,0,0,0,0,0,0,0,0,0,147.154539,0.0394669884,0.967696673,-0.00384051527,-0.113534285,-0.171277625,0.224999691,-1.51211678,-4.31409623,0.000207874053,1500,1500,1500,1500,1500,1500,1500,1500,0,0,0,0,0.2,0,0,0,0,0.2,0,0,0,0,0.2,0,0,0,0,0.2,0,0,0,0,1,0,0,0,0,1,0,0,0,0,1,0,0,0,0,1
298217.789,32.4,0,0,0,0,0,0,0.367101461,-0,150.09763,-147.154539,2.94309079,1,0,0,0,0,0,0,0,0,0,0,0,0,0,0,150.09763,4.79015999,-1.85057561,1.86249591e-05,0,0,0,0,0,0,0,0,0,0,0,0,0,0,0,0,0,0,0,0,0,0,0,0,0,0,0,0,0,0,0,0,147.154539,0.0394669884,0.967696673,-0.00384051527,-0.113534285,-0.171277625,0.224999691,-1.51211678,-4.31409623,0.000207874053,1500,1500,1500,1500,1500,1500,1500,1500,0,0,0,0,0.2,0,0,0,0,0.2,0,0,0,0,0.2,0,0,0,0,0.2,0,0,0,0,1,0,0,0,0,1,0,0,0,0,1,0,0,0,0,1
298217.839,32.45,0,0,0,0,0,0,0.367101461,-0,150.09763,-147.154539,2.94309079,1,0,0,0,0,0,0,0,0,0,0,0,0,0,0,150.09763,4.79015999,-1.85057561,1.86249591e-05,0,0,0,0,0,0,0,0,0,0,0,0,0,0,0,0,0,0,0,0,0,0,0,0,0,0,0,0,0,0,0,0,147.154539,0.0394669884,0.967696673,-0.00384051527,-0.113534285,-0.171277625,0.224999691,-1.51211678,-4.31409623,0.000207874053,1500,1500,1500,1500,1500,1500,1500,1500,0,0,0,0,0.2,0,0,0,0,0.2,0,0,0,0,0.2,0,0,0,0,0.2,0,0,0,0,1,0,0,0,0,1,0,0,0,0,1,0,0,0,0,1
298217.889,32.5,0,0,0,0,0,0,0.367101461,-0,150.09763,-147.154539,2.94309079,1,0,0,0,0,0,0,0,0,0,0,0,0,0,0,150.09763,4.79015999,-1.85057561,1.86249591e-05,0,0,0,0,0,0,0,0,0,0,0,0,0,0,0,0,0,0,0,0,0,0,0,0,0,0,0,0,0,0,0,0,147.154539,0.0394669884,0.967696673,-0.00384051527,-0.113534285,-0.171277625,0.224999691,-1.51211678,-4.31409623,0.000207874053,1500,1500,1500,1500,1500,1500,1500,1500,0,0,0,0,0.2,0,0,0,0,0.2,0,0,0,0,0.2,0,0,0,0,0.2,0,0,0,0,1,0,0,0,0,1,0,0,0,0,1,0,0,0,0,1
298217.939,32.55,0,0,0,0,0,0,0.367101461,-0,150.09763,-147.154539,2.94309079,1,0,0,0,0,0,0,0,0,0,0,0,0,0,0,150.09763,4.79015999,-1.85057561,1.86249591e-05,0,0,0,0,0,0,0,0,0,0,0,0,0,0,0,0,0,0,0,0,0,0,0,0,0,0,0,0,0,0,0,0,147.154539,0.0394669884,0.967696673,-0.00384051527,-0.113534285,-0.171277625,0.224999691,-1.51211678,-4.31409623,0.000207874053,1500,1500,1500,1500,1500,1500,1500,1500,0,0,0,0,0.2,0,0,0,0,0.2,0,0,0,0,0.2,0,0,0,0,0.2,0,0,0,0,1,0,0,0,0,1,0,0,0,0,1,0,0,0,0,1
298217.989,32.6,0,0,0,0,0,0,0.367101461,-0,150.09763,-147.154539,2.94309079,1,0,0,0,0,0,0,0,0,0,0,0,0,0,0,150.09763,4.79015999,-1.85057561,1.86249591e-05,0,0,0,0,0,0,0,0,0,0,0,0,0,0,0,0,0,0,0,0,0,0,0,0,0,0,0,0,0,0,0,0,147.154539,0.0394669884,0.967696673,-0.00384051527,-0.113534285,-0.171277625,0.224999691,-1.51211678,-4.31409623,0.000207874053,1500,1500,1500,1500,1500,1500,1500,1500,0,0,0,0,0.2,0,0,0,0,0.2,0,0,0,0,0.2,0,0,0,0,0.2,0,0,0,0,1,0,0,0,0,1,0,0,0,0,1,0,0,0,0,1
298218.038,32.65,0,0,0,0,0,0,0.367101461,-0,150.09763,-147.154539,2.94309079,1,0,0,0,0,0,0,0,0,0,0,0,0,0,0,150.09763,4.79015999,-1.85057561,1.86249591e-05,0,0,0,0,0,0,0,0,0,0,0,0,0,0,0,0,0,0,0,0,0,0,0,0,0,0,0,0,0,0,0,0,147.154539,0.0394669884,0.967696673,-0.00384051527,-0.113534285,-0.171277625,0.224999691,-1.51211678,-4.31409623,0.000207874053,1500,1500,1500,1500,1500,1500,1500,1500,0,0,0,0,0.2,0,0,0,0,0.2,0,0,0,0,0.2,0,0,0,0,0.2,0,0,0,0,1,0,0,0,0,1,0,0,0,0,1,0,0,0,0,1
298218.089,32.7,0,0,0,0,0,0,0.367101461,-0,150.09763,-147.154539,2.94309079,1,0,0,0,0,0,0,0,0,0,0,0,0,0,0,150.09763,4.79015999,-1.85057561,1.86249591e-05,0,0,0,0,0,0,0,0,0,0,0,0,0,0,0,0,0,0,0,0,0,0,0,0,0,0,0,0,0,0,0,0,147.154539,0.0394669884,0.967696673,-0.00384051527,-0.113534285,-0.171277625,0.224999691,-1.51211678,-4.31409623,0.000207874053,1500,1500,1500,1500,1500,1500,1500,1500,0,0,0,0,0.2,0,0,0,0,0.2,0,0,0,0,0.2,0,0,0,0,0.2,0,0,0,0,1,0,0,0,0,1,0,0,0,0,1,0,0,0,0,1
298218.139,32.75,0,0,0,0,0,0,0.367101461,-0,150.09763,-147.154539,2.94309079,1,0,0,0,0,0,0,0,0,0,0,0,0,0,0,150.09763,4.79015999,-1.85057561,1.86249591e-05,0,0,0,0,0,0,0,0,0,0,0,0,0,0,0,0,0,0,0,0,0,0,0,0,0,0,0,0,0,0,0,0,147.154539,0.0394669884,0.967696673,-0.00384051527,-0.113534285,-0.171277625,0.224999691,-1.51211678,-4.31409623,0.000207874053,1500,1500,1500,1500,1500,1500,1500,1500,0,0,0,0,0.2,0,0,0,0,0.2,0,0,0,0,0.2,0,0,0,0,0.2,0,0,0,0,1,0,0,0,0,1,0,0,0,0,1,0,0,0,0,1
298218.189,32.8,0,0,0,0,0,0,0.367101461,-0,150.09763,-147.154539,2.94309079,1,0,0,0,0,0,0,0,0,0,0,0,0,0,0,150.09763,4.79015999,-1.85057561,1.86249591e-05,0,0,0,0,0,0,0,0,0,0,0,0,0,0,0,0,0,0,0,0,0,0,0,0,0,0,0,0,0,0,0,0,147.154539,0.0394669884,0.967696673,-0.00384051527,-0.113534285,-0.171277625,0.224999691,-1.51211678,-4.31409623,0.000207874053,1500,1500,1500,1500,1500,1500,1500,1500,0,0,0,0,0.2,0,0,0,0,0.2,0,0,0,0,0.2,0,0,0,0,0.2,0,0,0,0,1,0,0,0,0,1,0,0,0,0,1,0,0,0,0,1
298218.239,32.85,0,0,0,0,0,0,0.367101461,-0,150.09763,-147.154539,2.94309079,1,0,0,0,0,0,0,0,0,0,0,0,0,0,0,150.09763,4.79015999,-1.85057561,1.86249591e-05,0,0,0,0,0,0,0,0,0,0,0,0,0,0,0,0,0,0,0,0,0,0,0,0,0,0,0,0,0,0,0,0,147.154539,0.0394669884,0.967696673,-0.00384051527,-0.113534285,-0.171277625,0.224999691,-1.51211678,-4.31409623,0.000207874053,1500,1500,1500,1500,1500,1500,1500,1500,0,0,0,0,0.2,0,0,0,0,0.2,0,0,0,0,0.2,0,0,0,0,0.2,0,0,0,0,1,0,0,0,0,1,0,0,0,0,1,0,0,0,0,1
298218.289,32.9,0,0,0,0,0,0,0.367101461,-0,150.09763,-147.154539,2.94309079,1,0,0,0,0,0,0,0,0,0,0,0,0,0,0,150.09763,4.79015999,-1.85057561,1.86249591e-05,0,0,0,0,0,0,0,0,0,0,0,0,0,0,0,0,0,0,0,0,0,0,0,0,0,0,0,0,0,0,0,0,147.154539,0.0394669884,0.967696673,-0.00384051527,-0.113534285,-0.171277625,0.224999691,-1.51211678,-4.31409623,0.000207874053,1500,1500,1500,1500,1500,1500,1500,1500,0,0,0,0,0.2,0,0,0,0,0.2,0,0,0,0,0.2,0,0,0,0,0.2,0,0,0,0,1,0,0,0,0,1,0,0,0,0,1,0,0,0,0,1
298218.339,32.95,0,0,0,0,0,0,0.367101461,-0,150.09763,-147.154539,2.94309079,1,0,0,0,0,0,0,0,0,0,0,0,0,0,0,150.09763,4.79015999,-1.85057561,1.86249591e-05,0,0,0,0,0,0,0,0,0,0,0,0,0,0,0,0,0,0,0,0,0,0,0,0,0,0,0,0,0,0,0,0,147.154539,0.0394669884,0.967696673,-0.00384051527,-0.113534285,-0.171277625,0.224999691,-1.51211678,-4.31409623,0.000207874053,1500,1500,1500,1500,1500,1500,1500,1500,0,0,0,0,0.2,0,0,0,0,0.2,0,0,0,0,0.2,0,0,0,0,0.2,0,0,0,0,1,0,0,0,0,1,0,0,0,0,1,0,0,0,0,1
298218.389,33,0,0,0,0,0,0,0.367101461,-0,150.09763,-147.154539,2.94309079,1,0,0,0,0,0,0,0,0,0,0,0,0,0,0,150.09763,4.79015999,-1.85057561,1.86249591e-05,0,0,0,0,0,0,0,0,0,0,0,0,0,0,0,0,0,0,0,0,0,0,0,0,0,0,0,0,0,0,0,0,147.154539,0.0394669884,0.967696673,-0.00384051527,-0.113534285,-0.171277625,0.224999691,-1.51211678,-4.31409623,0.000207874053,1500,1500,1500,1500,1500,1500,1500,1500,0,0,0,0,0.2,0,0,0,0,0.2,0,0,0,0,0.2,0,0,0,0,0.2,0,0,0,0,1,0,0,0,0,1,0,0,0,0,1,0,0,0,0,1
298218.439,33.05,0.297303764,-0.035322223,0.0221084274,-0.014748269,-0.0179689038,0.00178370711,0.367054012,-0.00766786527,150.09763,-147.154539,2.94309079,0,0,0,-0.106423412,0.00524451715,-0.0177301404,0,-0.00185876592,-0.00482131231,-0.106297895,0.0184711981,0.000741944019,-0.000356646549,1.27218486,4.89523456,146.33212,4.7985158,-1.84871583,-0.0276075847,0.1063537,0.279696436,0.00766786527,-0.014748269,-0.0179689038,0.00178370711,0,0,0,0,0,0,-0.00185876592,-0.00482131232,-0.106297895,0.00524451715,-0.0181984034,-3.27258518e-20,-14.2878667,-37.2241574,-1.03369174,0.357076237,2.21918836,-0.0180363704,-14.2878667,-37.2241574,-1.03369174,0.357076237,2.21918836,-0.0180363704,1.1925711e-05,5.58341294e-05,147.154905,0.0389844335,0.967309704,-0.00358873,-0.960944725,-2.31540331,-0.10450901,-1.14049544,-3.95718528,-0.0277772137,1353,1303,1308,1348,1577,1417,1656,1348,-0.2075,-0.2075,-0.040207007,0,0.2,0.38,0.38,0.0736321092,0.042006675,0.2,-0.1925,-0.1925,-0.0373004764,0,0.2,0.39,0.39,0.0755697963,0.0644167368,0.2,0.4925,0.4925,0.00622846208,0,1,-0.38,-0.38,-0.00480571693,0,1,0.3675,0.3675,0.00464763414,0,1,-0.48,-0.48,-0.00607037928,0,1
298218.489,33.1,0.214188593,-0.0246509122,0.0109754425,-0.0453715236,-0.208432638,-0.00378603598,0.366790981,-0.00314310666,150.09763,-147.154539,2.94309079,0,0,0,-1.79659997,0.0188296456,-0.496298598,0,-0.0256877617,-0.0717563115,-1.79498263,0.485813518,-0.103170156,-0.00282807862,0.430591016,2.34276876,147.875796,4.23561943,-1.51472572,0.00890243416,0.0721141668,0.193319225,0.00314310666,-0.0453715236,-0.208432638,-0.00378603598,0,0,0,0,0,0,-0.0256877617,-0.0717563116,-1.79498263,0.0188296456,-0.504203638,-3.2667133e-18,-7.36333863,-19.3305786,-0.343410925,0.504280665,1.95171288,-0.0929101781,-7.36333863,-19.3305786,-0.343410925,0.504280665,1.95171288,-0.0929101781,0.00223708063,0.00361416011,147.185231,0.0269774082,0.927664708,0.00462998237,-0.50217568,-1.28250776,-0.0754483155,-0.0458185821,-3.33781039,-0.0902542599,1353,1302,1308,1348,1577,1419,1658,1344,-0.2025,-0.2025,-0.128657259,-0.3308972,0.2,0.39,0.39,0.2395143,1.18866562,0.2,-0.1925,-0.1925,-0.1199989,-0.284681058,0.2,0.395,0.395,0.245040573,1.22351261,0.2,0.495,0.495,0.0278819366,0,1,-0.38,-0.38,-0.0214782117,0,1,0.3675,0.3675,0.0207716916,0,1,-0.48,-0.48,-0.0271303726,0,1
298218.539,33.15,0.1675086,-0.018482825,0.00372675135,-0.0364034807,-0.329233162,-0.00554137501,0.36670234,-0.000824692162,150.09763,-147.154539,2.94309079,0,0,0,-2.48498807,0.0241710457,-0.741534471,0,-0.0219269776,-0.0669316072,-2.48398975,0.724882791,-0.158107487,-0.00213853561,0.20680701,1.462437,149.239586,2.87155474,-0.941024831,-0.0230384638,0.0537357078,0.143937411,0.000824692162,-0.0364034807,-0.329233162,-0.00554137501,0,0,0,0,0,0,-0.0219269776,-0.0669316073,-2.48398975,0.0241710457,-0.752468419,2.45323968e-18,-4.39596611,-11.7108835,-0.0821534859,0.41108343,2.62442357,0.0310242454,-4.39596611,-11.7108835,-0.0821534859,0.41108343,2.62442357,0.0310242454,0.00433991026,0.00830997433,147.228685,0.0124469483,0.835180258,0.00796090356,-0.2792989,-0.755027068,-0.0289024248,0.397583007,-1.43143541,0.00534041919,1351,1304,1310,1345,1571,1424,1656,1347,-0.19,-0.19,-0.163904448,-0.540308259,0.2,0.3825,0.3825,0.31757086,1.73073504,0.2,-0.1775,-0.1775,-0.153863978,-0.483240048,0.2,0.39,0.39,0.323832984,1.77780134,0.2,0.49,0.49,0.0485491574,0,1,-0.3875,-0.3875,-0.0375449628,0,1,0.3725,0.3725,0.0362693325,0,1,-0.475,-0.475,-0.0471644362,0,1
298218.59,33.2,0.138048065,-0.0146549347,-0.000383556265,-0.0190989775,-0.357105345,-0.00328898736,0.366689423,0.000130208738,150.09763,-147.154539,2.94309079,0,0.161358375,-0.161358375,-2.91903854,0.0289637994,-0.840054114,0.0444631071,0.186601731,0.0869192632,-2.92069921,0.821686771,-0.177291958,0.0436485521,0.0707181094,0.97893682,150.033456,1.12297977,-0.349687692,0.0235572293,0.0432559585,0.114813842,-0.000130208738,-0.0190989775,-0.357105345,-0.00328898736,0,0,0,0,0,0,0.186601736,0.0869192664,-2.92069922,0.021670401,-0.860191283,0.0451730852,-2.85648294,-7.74758522,-0.0152560407,0.218857628,2.70273465,0.0615901159,-2.85648294,-7.74758522,-0.0152560407,0.218857628,2.70273465,0.0615901159,0.00353862499,0.00870405656,147.24115,0.00358251009,0.718853098,0.00486759594,-0.155673317,-0.437594509,-0.0108779947,0.350999827,0.268660728,0.143202423,1353,1302,1307,1347,1570,1429,1652,1347,-0.1775,-0.1775,-0.173039165,-0.594490982,0.2,0.3825,0.3825,0.35197403,2.01750374,0.2,-0.175,-0.175,-0.165279741,-0.548872903,0.2,0.38,0.38,0.355395493,2.04489869,0.2,0.495,0.495,0.0683706718,0,1,-0.3825,-0.3825,-0.0528911228,0,1,0.3675,0.3675,0.0510056231,0,1,-0.4825,-0.4825,-0.0664125455,-0.228195203,1
298218.641,33.25,0.1193621,-0.0133946247,-0.00236196064,-0.00432093196,-0.315215386,-0.00239411243,0.366703885,0.000318156303,150.09763,-147.154539,2.94309079,0,1.17317103,-0.798751087,-3.06932504,0.0641999462,-0.784340866,-0.0781005199,1.06649399,0.960247824,-3.06196088,0.776270465,-0.129515149,-0.0777297226,-0.107185035,0.64020339,150.437102,-0.593918849,0.145634449,-0.0835097955,0.0385699084,0.0986749281,-0.000318156303,-0.00432093196,-0.315215386,-0.00239411243,0,0,0,0,0,0,1.06649402,0.96024785,-3.06196088,0.0280963978,-0.850873226,-0.0745860172,-2.16546001,-5.78957723,-0.0131819836,0.0719706578,2.08731581,0.045368079,-2.16546001,-5.78957723,-0.0131819836,0.0719706578,2.08731581,0.045368079,0.00208820951,0.00579467737,147.221959,4.00294697e-05,0.605853796,0.00102400607,-0.0539010387,-0.221599335,0.00365131341,0.244430949,1.3851426,-0.127591941,1351,1303,1306,1348,1564,1436,1644,1354,-0.16,-0.16,-0.17021133,-0.579396387,0.2,0.365,0.365,0.361973499,2.10459026,0.2,-0.16,-0.16,-0.165363846,-0.549396664,0.2,0.36,0.36,0.361016986,2.09352783,0.2,0.4925,0.4925,0.0872703857,0.772309902,1,-0.38,-0.38,-0.0674399141,-0.264754879,1,0.3725,0.3725,0.0652260967,0,1,-0.485,-0.485,-0.0849606067,-0.622049598,1
298218.694,33.3,0.108067392,-0.0131997687,-0.00285865151,0.00377407679,-0.231081753,-0.00988770692,0.366710841,-0.000105624971,150.09763,-147.154539,2.94309079,0,2.36863453,-0.852151396,-3.08573074,0.0644838863,-0.6777206,-0.0697455988,1.42213617,2.14638339,-3.03790928,0.673155684,-0.102459814,-0.0684926484,-0.183259855,0.380960687,150.562712,-1.99190629,0.497762821,-0.116019566,0.0369641366,0.0913625618,0.000105624971,0.00377407679,-0.231081753,-0.00988770692,0,0,0,0,0,0,1.4221362,2.14638345,-3.03790928,0.0259666439,-0.798360095,-0.0659961345,-1.86129409,-4.82060381,-0.0315819086,0.0118874791,1.22639366,0.0818786105,-1.86129409,-4.82060381,-0.0315819086,0.0118874791,1.22639366,0.0818786105,0.00214358592,0.00237933691,147.19082,-0.000248356976,0.514613636,-0.000710221264,-0.0145645573,-0.0661590156,0.0131585066,0.0978548979,2.00558427,-0.112250069,1351,1302,1306,1347,1561,1439,1640,1359,-0.1525,-0.1525,-0.164505481,-0.54405119,0.2,0.3525,0.3525,0.360314322,2.08540127,0.2,-0.1525,-0.1525,-0.161277068,-0.523946232,0.2,0.35,0.35,0.358321536,2.0683269,0.2,0.495,0.495,0.10535365,1.30256812,1,-0.3825,-0.3825,-0.081405226,-0.558789166,1,0.3725,0.3725,0.078880416,0.51352634,1,-0.485,-0.485,-0.102737143,-0.974871449,1
298218.745,33.35,0.102710182,-0.0134463042,-0.00246538095,0.00681910692,-0.123557465,-0.0151402605,0.366686473,-0.000869002674,150.09763,-147.154539,2.94309079,0,3.51653359,-1.12086927,-3.04114557,0.071916066,-0.568558566,-0.0625267902,1.97160637,3.21642195,-2.93910207,0.569191796,-0.0684376809,-0.0606411206,-0.273594459,0.196340175,150.519426,-2.90087975,0.699338969,-0.13285015,0.0372931323,0.0907553002,0.000869002674,0.00681910692,-0.123557465,-0.0151402605,0,0,0,0,0,0,1.97160642,3.21642203,-2.93910207,0.0212527761,-0.740886922,-0.057594967,-1.74013841,-4.37646649,-0.0563067103,0.0047898432,0.530550656,0.0875123614,-1.74013841,-4.37646649,-0.0563067103,0.0047898432,0.530550656,0.0875123614,0.00137434868,0.00046964112,147.164955,0.00186120882,0.455836053,-0.000881839078,0.024535939,0.0370501713,0.0167778493,0.0246414372,2.3141715,-0.116885522,1350,1303,1305,1348,1562,1440,1633,1362,-0.15,-0.15,-0.158633027,-0.508696572,0.2,0.345,0.345,0.35665749,2.05500323,0.2,-0.155,-0.155,-0.159090393,-0.511137931,0.2,0.3325,0.3325,0.350534389,2.00597684,0.2,0.4925,0.4925,0.122609953,1.86055467,1,-0.38,-0.38,-0.0947265656,-0.795814054,1,0.375,0.375,0.0919863768,0.89817644,1,-0.4875,-0.4875,-0.119782141,-1.41858434,1
298218.795,33.4,0.101445069,-0.0142695472,-0.001516523,0.00701214745,-0.00445633594,-0.0214794532,0.366620788,-0.00172152096,150.09763,-147.154539,2.94309079,0,4.72922846,-1.34277805,-2.93645849,0.0806402913,-0.452742084,-0.0692179202,2.48923573,4.34028263,-2.78515625,0.459122762,-0.0315143545,-0.0669515273,-0.349641711,0.0603808926,150.373846,-3.23128996,0.7467302,-0.146625359,0.0392213699,0.0944815764,0.00172152096,0.00701214745,-0.00445633594,-0.0214794532,0,0,0,0,0,0,2.48923579,4.34028275,-2.78515625,0.0199467247,-0.679423625,-0.0633096985,-1.7658561,-4.27646269,-0.078352755,0.0185741597,0.247599357,0.0875554305,-1.7658561,-4.27646269,-0.078352755,0.0185741597,0.247599357,0.0875554305,9.3524148e-05,0.00011239312,147.1546,0.00497149063,0.435079272,-0.000510687728,0.052065829,0.116377224,0.0164709495,-0.0224919328,2.45693444,-0.14033588,1350,1303,1305,1348,1564,1439,1631,1365,-0.1525,-0.1525,-0.155396857,-0.491422345,0.2,0.3375,0.3375,0.350086057,2.00238714,0.2,-0.16,-0.16,-0.158122539,-0.505971657,0.2,0.3275,0.3275,0.34210552,1.93146535,0.2,0.4925,0.4925,0.139046743,2.41259755,1,-0.38,-0.38,-0.107403251,-1.12016251,1,0.375,0.375,0.104562643,1.27441954,1,-0.4875,-0.4875,-0.136122407,-1.88095943,1
298218.846,33.45,0.103682456,-0.0154096524,-0.000167347076,0.00385421292,0.112789764,-0.0272009433,0.366514462,-0.00247317107,150.09763,-147.154539,2.94309079,0,5.95384619,-1.58600535,-2.77893418,0.0826657713,-0.348615416,-0.0621333476,3.03000594,5.45063646,-2.6068753,0.358601247,-0.00466899032,-0.0600852478,-0.420022911,-0.0366125677,150.157124,-2.94786083,0.645905036,-0.18293315,0.0421930241,0.101458773,0.00247317107,0.00385421292,0.112789764,-0.0272009433,0,0,0,0,0,0,3.03000602,5.45063661,-2.6068753,0.0109783306,-0.62995657,-0.0551549255,-1.90548257,-4.47643569,-0.096449168,0.0226261784,0.0175555885,0.160401209,-1.90548257,-4.47643569,-0.096449168,0.0226261784,0.0175555885,0.160401209,-0.00180252769,0.00119301433,147.163208,0.00811249333,0.454410344,-0.000369774826,0.0667714059,0.155141485,0.0129590448,-0.0961796507,2.08806513,-0.0916657934,1349,1304,1304,1348,1570,1438,1624,1365,-0.155,-0.155,-0.156368611,-0.496609434,0.2,0.3375,0.3375,0.345709315,1.96352629,0.2,-0.175,-0.175,-0.164687544,-0.545184989,0.2,0.31,0.31,0.333064462,1.85720232,0.2,0.49,0.49,0.154694735,2.96944297,1,-0.38,-0.38,-0.119516623,-1.41267892,1,0.3775,0.3775,0.116678084,1.67585096,1,-0.49,-0.49,-0.151834586,-2.36203719,1
298218.9,33.5,0.108248374,-0.0168303807,0.00139810319,-0.00118991539,0.194062659,-0.0316545716,0.366376392,-0.00298538209,150.09763,-147.154539,2.94309079,0,7.14037969,-1.82144451,-2.58142892,0.072054083,-0.241211461,-0.0817228244,3.55567312,6.51191539,-2.43281816,0.251894148,0.0112688253,-0.0804719328,-0.481214457,-0.0956480147,149.897392,-2.14359954,0.434195441,-0.243447943,0.0455700639,0.109062283,0.00298538209,-0.00118991539,0.194062659,-0.0316545716,0,0,0,0,0,0,3.55567322,6.51191557,-2.43281815,-0.0102752075,-0.575314906,-0.0737084706,-2.14493265,-4.91495989,-0.116025018,0.0493010487,-0.400090952,0.234737119,-2.14493265,-4.91495989,-0.116025018,0.0493010487,-0.400090952,0.234737119,-0.00352287564,0.0029612285,147.180124,0.00974769222,0.507421917,-0.00095482739,0.071023509,0.14937086,0.00745149438,-0.0932179207,1.10293384,-0.0967710383,1350,1302,1306,1347,1574,1438,1619,1367,-0.155,-0.155,-0.155443916,-0.491673542,0.2,0.3325,0.3325,0.340845612,1.92025667,0.2,-0.185,-0.185,-0.173349044,-0.596145069,0.2,0.2975,0.2975,0.320594555,1.74899087,0.2,0.495,0.495,0.169706874,3.5468394,1,-0.3825,-0.3825,-0.131167804,-1.72668536,1,0.375,0.375,0.128192128,2.03436978,1,-0.485,-0.485,-0.166749439,-2.79012728,1
298218.951,33.55,0.114363226,-0.0182031679,0.00287003331,-0.00466507141,0.223006623,-0.0350519754,0.366221129,-0.00315888223,150.09763,-147.154539,2.94309079,0,8.24020798,-1.88807485,-2.38487766,0.052950456,-0.147800054,-0.0774652974,3.90059463,7.5261293,-2.301355,0.156484103,0.0149330004,-0.0770662711,-0.509250099,-0.135865295,149.644353,-1.05649718,0.168697711,-0.259801168,0.048811228,0.115872521,0.00315888223,-0.00466507141,0.223006623,-0.0350519754,0,0,0,0,0,0,3.90059474,7.52612951,-2.301355,-0.0323905257,-0.53075091,-0.06915777,-2.45149162,-5.52064399,-0.135649507,0.0781811376,-0.578164084,0.28494738,-2.45149162,-5.52064399,-0.135649507,0.0781811376,-0.578164084,0.28494738,-0.00443355076,0.00414938476,147.1883,0.00939718158,0.578460731,-0.00149725702,0.0617933531,0.127638028,0.00108362913,-0.0495554335,0.0591112011,-0.0528999769,1348,1304,1304,1348,1580,1435,1612,1371,-0.1625,-0.1625,-0.156353752,-0.496530117,0.2,0.3225,0.3225,0.335698908,1.87829578,0.2,-0.2,-0.2,-0.184007228,-0.660166995,0.2,0.28,0.28,0.306960149,1.66327899,0.2,0.49,0.49,0.184005488,3.96800575,1,-0.38,-0.38,-0.142277845,-2.07262457,1,0.38,0.38,0.139226993,2.41901185,1,-0.49,-0.49,-0.180998629,-3.19377172,1
298219.003,33.6,0.121580727,-0.0194475273,0.00414450062,-0.00544342794,0.206352466,-0.0372802727,0.36606281,-0.00315335973,150.09763,-147.154539,2.94309079,0,9.41272961,-2.07625283,-2.13484904,0.0508125461,-0.0519295584,-0.0771023781,4.38706545,8.58114834,-2.14136285,0.0630224405,0.0360062088,-0.0771692654,-0.551254466,-0.169605846,149.417503,0.0555407881,-0.0947802732,-0.279535245,0.051841468,0.121757483,0.00315335973,-0.00544342794,0.206352466,-0.0372802727,0,0,0,0,0,0,4.38706557,8.58114857,-2.14136286,-0.04303408,-0.486778266,-0.0679668675,-2.79801642,-6.27449166,-0.155482939,0.0892797023,-0.408229735,0.303473268,-2.79801642,-6.27449166,-0.155482939,0.0892797023,-0.408229735,0.303473268,-0.0043934146,0.00402119136,147.183419,0.00763051439,0.650828201,-0.00139245017,0.0626613068,0.110741529,-0.000955538594,0.0236919622,-0.713892942,-0.0527534222,1347,1305,1303,1349,1584,1430,1611,1373,-0.175,-0.175,-0.163137648,-0.535533007,0.2,0.3175,0.3175,0.329370869,1.82706879,0.2,-0.21,-0.21,-0.194583127,-0.72728254,0.2,0.2775,0.2775,0.295677669,1.5705958,0.2,0.4875,0.4875,0.197535695,4.48300863,1,-0.3775,-0.3775,-0.152774236,-2.38711579,1,0.3825,0.3825,0.149948838,2.8005567,1,-0.4925,-0.4925,-0.194752336,-3.64092876,1
298219.055,33.65,0.129314709,-0.0205955879,0.00513295491,-0.00379989544,0.15862705,-0.0401474098,0.365906798,-0.00310025527,150.09763,-147.154539,2.94309079,0,10.4161331,-2.16981695,-1.86379123,0.0399712113,0.0387203161,-0.0761315224,4.74591321,9.50206832,-1.96587337,-0.0274889373,0.0478110717,-0.0764946341,-0.571307258,-0.17957883,149.233169,0.99453403,-0.31972796,-0.293089049,0.0547002618,0.126768998,0.00310025527,-0.00379989544,0.15862705,-0.0401474098,0,0,0,0,0,0,4.74591334,9.50206858,-1.96587337,-0.058104513,-0.440289575,-0.0665843296,-3.18138605,-7.12078712,-0.172366216,0.0846337003,-0.0500234327,0.308899584,-3.18138605,-7.12078712,-0.172366216,0.0846337003,-0.0500234327,0.308899584,-0.00373908246,0.00287645187,147.171585,0.00561165629,0.711861472,-0.000832092333,0.0544384338,0.0945403467,0.000645078372,0.0308287515,-1.18593713,-0.0608580073,1349,1304,1306,1348,1589,1430,1600,1378,-0.175,-0.175,-0.167890472,-0.565131245,0.2,0.305,0.305,0.321754916,1.75931395,0.2,-0.2225,-0.2225,-0.206580479,-0.791322746,0.2,0.25,0.25,0.28135038,1.46093127,0.2,0.49,0.49,0.210479226,4.91009341,1,-0.38,-0.38,-0.162818764,-2.66773578,1,0.3775,0.3775,0.160126281,3.16329031,1,-0.485,-0.485,-0.207813314,-3.98951724,1
298219.106,33.7,0.1372204,-0.0214785593,0.00586186381,-0.00253118686,0.0935947429,-0.0434069802,0.365750386,-0.00318057284,150.09763,-147.154539,2.94309079,0,11.4723871,-2.26770185,-1.59518558,0.0254202305,0.134710417,-0.0694181805,5.12982317,10.4796088,-1.77917652,-0.123977023,0.0580874688,-0.0697675576,-0.586875449,-0.190064036,149.088029,1.63886722,-0.476711716,-0.295316778,0.0571706725,0.131240532,0.00318057284,-0.00253118686,0.0935947429,-0.0434069802,0,0,0,0,0,0,5.12982331,10.4796091,-1.77917653,-0.0770798914,-0.390860289,-0.059440294,-3.57962746,-8.02934369,-0.195196846,0.0823954748,0.298060599,0.301830466,-3.57962746,-8.02934369,-0.195196846,0.0823954748,0.298060599,0.301830466,-0.0024896515,0.00140933921,147.160466,0.0036644716,0.753648539,-0.000425613956,0.0493793937,0.0890485072,0.00413654864,0.019713821,-1.40858561,-0.0631457382,1348,1305,1305,1348,1591,1429,1595,1383,-0.1775,-0.1775,-0.172768825,-0.593047944,0.2,0.2925,0.2925,0.31175778,1.69970562,0.2,-0.2275,-0.2275,-0.216732039,-0.851499484,0.2,0.2375,0.2375,0.265781492,1.34002739,0.2,0.4875,0.4875,0.22286418,5.35082121,1,-0.38,-0.38,-0.172469639,-2.95725465,1,0.38,0.38,0.16982181,3.55144073,1,-0.4875,-0.4875,-0.220211143,-4.36488888,1
298219.158,33.75,0.144994865,-0.0222713034,0.00630352134,-0.000816585015,0.0216770077,-0.0477995634,0.365585201,-0.00345679066,150.09763,-147.154539,2.94309079,0,12.3609082,-2.43336943,-1.34933837,0.033519775,0.212913011,-0.0917221211,5.54384424,11.2825874,-1.58210793,-0.197438427,0.0858456885,-0.0922879094,-0.603747849,-0.173790374,148.988611,1.9297894,-0.547792793,-0.32022085,0.0595048083,0.135270609,0.00345679066,-0.000816585015,0.0216770077,-0.0477995634,0,0,0,0,0,0,5.54384439,11.2825877,-1.58210794,-0.0764685212,-0.35173712,-0.0810152979,-3.98528007,-8.97152226,-0.23229778,0.0812983036,0.515889748,0.306392411,-3.98528007,-8.97152226,-0.23229778,0.0812983036,0.515889748,0.306392411,-0.000637854125,0.000337974475,147.154853,0.00184308327,0.772397909,-0.000163681993,0.0496466377,0.0787066976,0.00891656769,0.0541072238,-1.45006801,-0.110959989,1350,1303,1307,1346,1597,1424,1590,1386,-0.19,-0.19,-0.179422935,-0.628566661,0.2,0.285,0.285,0.302280485,1.62164666,0.2,-0.2425,-0.2425,-0.226846112,-0.908394324,0.2,0.225,0.225,0.252305467,1.26465269,0.2,0.4925,0.4925,0.234771322,5.77454572,1,-0.385,-0.385,-0.181754761,-3.22067924,1,0.375,0.375,0.179013961,3.79915076,1,-0.4825,-0.4825,-0.231941118,-4.68658833,1
298219.211,33.8,0.152513136,-0.0229652282,0.00655307262,0.00133762971,-0.0468557954,-0.0529792233,0.36539882,-0.00403667167,150.09763,-147.154539,2.94309079,0,13.3003567,-2.50336057,-1.09349635,0.023880662,0.296158018,-0.101916872,5.88706891,12.1624288,-1.334084,-0.280120467,0.0986913518,-0.102271441,-0.608301801,-0.163650311,148.922367,1.85641339,-0.53310385,-0.35318636,0.0617900346,0.139180057,0.00403667167,0.00133762971,-0.0468557954,-0.0529792233,0,0,0,0,0,0,5.88706907,12.1624292,-1.334084,-0.0892712338,-0.309829477,-0.0909020883,-4.39809039,-9.91606314,-0.287836802,0.0784471812,0.663397972,0.371513816,-4.39809039,-9.91606314,-0.287836802,0.0784471812,0.663397972,0.371513816,0.00172676309,-4.79187031e-05,147.156026,0.000566968705,0.767518105,-0.000172348294,0.0452181689,0.0853258255,0.0160661439,0.0132209031,-1.230484,-0.0854510532,1349,1304,1306,1347,1600,1426,1583,1389,-0.185,-0.185,-0.183535152,-0.656807158,0.2,0.2775,0.2775,0.29331715,1.55379564,0.2,-0.25,-0.25,-0.237828493,-0.97398132,0.2,0.2075,0.2075,0.236960408,1.17048919,0.2,0.49,0.49,0.246187902,6.15328806,1,-0.3825,-0.3825,-0.190710271,-3.53304886,1,0.3775,0.3775,0.187759086,4.10158031,1,-0.485,-0.485,-0.243151285,-5.02162758,1
298219.265,33.85,0.159654629,-0.0233693364,0.00677825912,0.000967233965,-0.0966065277,-0.0553841338,0.36517415,-0.00497340675,150.09763,-147.154539,2.94309079,0,14.077571,-2.50954947,-0.835407566,0.00818746001,0.369236249,-0.0840679749,6.13370095,12.9025221,-1.03748936,-0.354307728,0.104231188,-0.0840937563,-0.598686178,-0.138241606,148.864377,1.47752004,-0.437960093,-0.37051151,0.063842829,0.143614955,0.00497340675,0.000967233965,-0.0966065277,-0.0553841338,0,0,0,0,0,0,6.13370112,12.9025225,-1.03748936,-0.105244174,-0.270745741,-0.0730259593,-4.77345889,-10.8267494,-0.366878168,0.0850428637,0.85714634,0.438127748,-4.77345889,-10.8267494,-0.366878168,0.0850428637,0.85714634,0.438127748,0.00374395321,-4.47950048e-05,147.160858,-0.000208892245,0.7426635,-0.000201290838,0.0409512302,0.098692889,0.0235204065,-0.0273299546,-0.711508808,-0.0093750858,1352,1306,1312,1345,1604,1423,1577,1394,-0.1925,-0.1925,-0.187681534,-0.686317574,0.2,0.265,0.265,0.28482727,1.48877001,0.2,-0.26,-0.26,-0.248544596,-1.03311426,0.2,0.1925,0.1925,0.22228883,1.06606939,0.2,0.485,0.485,0.257038964,6.4285416,1,-0.3875,-0.3875,-0.199260023,-3.76123582,1,0.37,0.37,0.195926611,4.41859064,1,-0.47,-0.47,-0.253593525,-5.30032375,1
298219.32,33.9,0.166345697,-0.0235309658,0.00714815718,-0.000428182095,-0.116898214,-0.0552108699,0.364893806,-0.00623479029,150.09763,-147.154539,2.94309079,0,14.8523869,-2.58267161,-0.590039702,0.00092123333,0.451306819,-0.0838014215,6.44857489,13.6200855,-0.721726551,-0.434928423,0.12054263,-0.0837144728,-0.596638758,-0.117752505,148.789354,0.923069854,-0.285612073,-0.387895248,0.0658669792,0.148951655,0.00623479029,-0.000428182095,-0.116898214,-0.0552108699,0,0,0,0,0,0,6.44857507,13.6200859,-0.721726556,-0.115815522,-0.222617232,-0.0724376684,-5.10868609,-11.6584623,-0.48212532,0.0957165507,0.986192411,0.461391856,-5.10868609,-11.6584623,-0.48212532,0.0957165507,0.986192411,0.461391856,0.00453414386,-4.19196393e-05,147.163792,-0.000702333994,0.706173267,-7.39999238e-05,0.047568455,0.12006116,0.0285581519,-0.0223426264,-0.0804513665,-0.00310816215,1354,1303,1310,1347,1606,1423,1571,1397,-0.1925,-0.1925,-0.189749603,-0.70103633,0.2,0.2575,0.2575,0.274748908,1.40807466,0.2,-0.265,-0.265,-0.255782907,-1.07175137,0.2,0.1775,0.1775,0.206169377,0.954752735,0.2,0.4925,0.4925,0.267321555,6.75494125,1,-0.3825,-0.3825,-0.207552635,-3.9825599,1,0.365,0.365,0.203589703,4.69343901,1,-0.475,-0.475,-0.263282173,-5.57350687,1
298219.375,33.95,0.172772686,-0.0238248171,0.0077465168,-0.000803831577,-0.107336115,-0.0561440245,0.364544806,-0.00769062157,150.09763,-147.154539,2.94309079,0,15.6744622,-2.75285051,-0.360132665,3.64475369e-05,0.525813773,-0.0994270002,6.87302277,14.3523695,-0.409506424,-0.506465562,0.14138137,-0.0993468465,-0.609105521,-0.0965977742,148.683963,0.347258267,-0.119346218,-0.40936514,0.0683886762,0.155262976,0.00769062157,-0.000803831577,-0.107336115,-0.0561440245,0,0,0,0,0,0,6.87302296,14.3523699,-0.409506425,-0.124392394,-0.184256491,-0.0873144603,-5.46908771,-12.4877179,-0.61445652,0.101877065,0.997894563,0.47219429,-5.46908771,-12.4877179,-0.61445652,0.101877065,0.997894563,0.47219429,0.00420067366,-0.000175830644,147.162345,-0.000907614903,0.668208004,-1.38561167e-05,0.0584655783,0.138477806,0.03108002,-0.00577951535,0.465461104,-0.0320164845,1354,1303,1311,1346,1612,1421,1567,1398,-0.1975,-0.1975,-0.194288421,-0.725709437,0.2,0.255,0.255,0.2667635,1.34701649,0.2,-0.28,-0.28,-0.265277467,-1.12712708,0.2,0.1675,0.1675,0.193707816,0.865952692,0.2,0.4925,0.4925,0.277327802,7.14361663,1,-0.385,-0.385,-0.215424791,-4.21679295,1,0.365,0.365,0.210762287,4.92016633,1,-0.4725,-0.4725,-0.272592244,-5.88646118,1
298219.427,34,0.179029198,-0.024330464,0.00862530693,-0.00156985456,-0.0742350693,-0.0580797673,0.364120704,-0.00920669075,150.09763,-147.154539,2.94309079,0,16.5117717,-2.92668719,-0.141662394,-0.0200660397,0.600318361,-0.105373358,7.30950707,15.0924287,-0.117776213,-0.583091992,0.144202459,-0.105345649,-0.624690319,-0.0733377769,148.537583,-0.1148856,0.0193436931,-0.417403178,0.0713919336,0.162360181,0.00920669075,-0.00156985456,-0.0742350693,-0.0580797673,0,0,0,0,0,0,7.30950727,15.0924292,-0.117776212,-0.152352299,-0.14663702,-0.0924959368,-5.86962791,-13.3473111,-0.755264797,0.110535663,0.939310554,0.467038356,-5.86962791,-13.3473111,-0.755264797,0.110535663,0.939310554,0.467038356,0.0029619579,-0.000298197984,147.158272,-0.000732207798,0.637675017,4.11267073e-05,0.0636264153,0.149191457,0.0301129464,-0.0309588246,0.851259671,-0.0530433558,1353,1304,1314,1343,1615,1423,1561,1399,-0.1925,-0.1925,-0.194557037,-0.727143277,0.2,0.2525,0.2525,0.261562106,1.3099974,0.2,-0.2875,-0.2875,-0.275849849,-1.20337521,0.2,0.1525,0.1525,0.179454835,0.76218348,0.2,0.49,0.49,0.286897694,7.52673733,1,-0.3925,-0.3925,-0.223112893,-4.4423346,1,0.3675,0.3675,0.21760785,5.16377077,1,-0.465,-0.465,-0.281322843,-6.21832876,1
298219.481,34.05,0.18481623,-0.0248275461,0.00968525016,-0.00290026719,-0.0262493382,-0.0631574086,0.363624461,-0.0105300545,150.09763,-147.154539,2.94309079,0,17.2193689,-3.04071118,0.0146036311,-0.0329894501,0.66590807,-0.164894597,7.65908037,15.7189185,0.0830070629,-0.649120504,0.152050232,-0.165031474,-0.626602617,-0.0405838938,148.364434,-0.365529151,0.105830406,-0.4898415,0.0745020195,0.16964147,0.0105300545,-0.00290026719,-0.0262493382,-0.0631574086,0,0,0,0,0,0,7.65908058,15.718919,0.0830070648,-0.170429593,-0.112343134,-0.151515472,-6.26208814,-14.1809968,-0.874777109,0.120384452,0.889715327,0.485270068,-6.26208814,-14.1809968,-0.874777109,0.120384452,0.889715327,0.485270068,0.00113576561,-0.000134839661,147.155001,-0.000596056824,0.620956168,7.05291704e-05,0.0642274206,0.145958682,0.0233881004,-0.0213142516,1.0543682,-0.179258888,1398,1258,1356,1301,1614,1421,1558,1405,-0.1975,-0.1975,-0.194373837,-0.726165378,0.2,0.2375,0.2375,0.255026803,1.27675779,0.2,-0.285,-0.285,-0.281952469,-1.24702661,0.2,0.145,0.145,0.16626763,0.681830569,0.2,0.605,0.605,0.29786007,7.93064138,1,-0.4975,-0.4975,-0.23216751,-4.69363761,1,0.255,0.255,0.222340549,5.33218742,1,-0.36,-0.36,-0.28795733,-6.39539864,1
298219.533,34.1,0.190128639,-0.0253028984,0.010812827,-0.00305937026,0.0272965207,-0.0783411778,0.363072318,-0.0114412308,150.09763,-147.154539,2.94309079,0,17.9588163,-3.21612149,0.150615935,-0.0330780898,0.738538455,-0.336474465,8.08812758,16.3529374,0.220993426,-0.718139125,0.175067092,-0.336713507,-0.639996523,-0.0164802448,148.182663,-0.353910056,0.122429281,-0.689152453,0.0777587067,0.176655952,0.0114412308,-0.00305937026,0.0272965207,-0.0783411778,0,0,0,0,0,0,8.0881278,16.3529378,0.220993428,-0.178446779,-0.0725373178,-0.32232354,-6.65736316,-14.9701213,-0.974403242,0.124155877,0.85633651,0.621026634,-6.65736316,-14.9701213,-0.974403242,0.124155877,0.85633651,0.621026634,-0.00131726557,0.000683532425,147.155036,-0.000342147303,0.621452498,2.83072885e-05,0.0689107628,0.136358256,0.0139259713,0.0149279999,1.04879725,-0.44064686,1434,1222,1392,1265,1615,1424,1552,1408,-0.19,-0.19,-0.194751351,-0.728180494,0.2,0.23,0.23,0.247545207,1.23911024,0.2,-0.2875,-0.2875,-0.284874328,-1.26262309,0.2,0.13,0.13,0.155704805,0.60107741,0.2,0.695,0.695,0.312562835,8.52001447,1,-0.5875,-0.5875,-0.245052908,-5.07238059,1,0.165,0.165,0.222905143,5.35227891,1,-0.27,-0.27,-0.290096718,-6.45292766,1
298219.585,34.15,0.194914904,-0.0256387497,0.0119610474,-0.00233591366,0.0738655761,-0.105678957,0.362486581,-0.0118930254,150.09763,-147.154539,2.94309079,0,18.6613322,-3.40272955,0.290192752,-0.0333985163,0.814309433,-0.562061127,8.54052202,16.9371952,0.314648159,-0.790170034,0.19886165,-0.562328538,-0.649223733,0.00594497097,147.995689,-0.0854751053,0.060798067,-0.997105799,0.0809898478,0.18279771,0.0118930254,-0.00233591366,0.0738655761,-0.105678957,0,0,0,0,0,0,8.54052226,16.9371956,0.31464816,-0.187201889,-0.02790592,-0.547089132,-7.0553926,-15.7244079,-1.02596417,0.120798275,0.767556013,0.928116507,-7.0553926,-15.7244079,-1.02596417,0.120798275,0.767556013,0.928116507,-0.0048268656,0.00238750924,147.158226,0.000634215404,0.6389354,2.34289068e-05,0.0704212679,0.113885789,0.00511829465,0.0314873977,0.773447894,-0.694701748,1441,1215,1399,1257,1616,1424,1548,1411,-0.19,-0.19,-0.192806991,-0.717801772,0.2,0.2225,0.2225,0.239642358,1.18957703,0.2,-0.29,-0.29,-0.287001179,-1.27397592,0.2,0.12,0.12,0.143190032,0.51200791,0.2,0.7125,0.7125,0.330222543,9.17223832,1,-0.6075,-0.6075,-0.260985082,-5.50198113,1,0.1475,0.1475,0.221084228,5.2874803,1,-0.2525,-0.2525,-0.289231651,-6.42940938,1
298219.639,34.2,0.199466216,-0.02590215,0.0130047202,-0.000938146098,0.101856201,-0.144432127,0.361889924,-0.0119024724,150.09763,-147.154539,2.94309079,0,19.4746948,-3.55540732,0.426582834,-0.0238216991,0.899097915,-0.815382228,9.02774618,17.6196918,0.364543035,-0.868155932,0.234193412,-0.815629472,-0.659992852,0.0111825084,147.820093,0.370145675,-0.0676839625,-1.37684974,0.0843015888,0.187765415,0.0119024724,-0.000938146098,0.101856201,-0.144432127,0,0,0,0,0,0,9.02774643,17.6196923,0.364543034,-0.184526107,0.0207186899,-0.799738457,-7.48990501,-16.474668,-1.0454778,0.107648472,0.66369753,1.3964311,-7.48990501,-16.474668,-1.0454778,0.107648472,0.66369753,1.3964311,-0.00898265793,0.00479040135,147.161555,0.00224424096,0.668959805,0.000119573168,0.0689653272,0.0894917271,-0.00287518034,0.0418912792,0.324879124,-0.876786017,1435,1220,1393,1263,1614,1423,1546,1415,-0.1925,-0.1925,-0.192424077,-0.715757829,0.2,0.2125,0.2125,0.230348043,1.12342801,0.2,-0.285,-0.285,-0.286856595,-1.27320416,0.2,0.115,0.115,0.132925139,0.438951142,0.2,0.7,0.7,0.34702929,9.87634681,1,-0.5925,-0.5925,-0.27616655,-6.02955481,1,0.1625,0.1625,0.219386949,5.22708133,1,-0.2675,-0.2675,-0.288444265,-6.40839459,1
298219.692,34.25,0.20383182,-0.0258886665,0.0137956277,0.000869969559,0.106318173,-0.189040435,0.361302668,-0.0115532601,150.09763,-147.154539,2.94309079,0,20.2212833,-3.76700353,0.549382972,-0.00151638384,0.971918618,-1.04424804,9.59935903,18.1962063,0.377909572,-0.930817076,0.278323782,-1.044604,-0.670400411,0.0230755221,147.679667,0.901325861,-0.237612176,-1.77307345,0.0874981557,0.191399781,0.0115532601,0.000869969559,0.106318173,-0.189040435,0,0,0,0,0,0,9.5993593,18.1962068,0.377909568,-0.171784941,0.0603339157,-1.02767325,-7.95011343,-17.2204978,-1.03599525,0.0861807881,0.626221992,1.97013698,-7.95011343,-17.2204978,-1.03599525,0.0861807881,0.626221992,1.97013698,-0.012036375,0.00717702301,147.162181,0.00359730692,0.704315587,0.000282593911,0.0706514905,0.0581756128,-0.00866426607,0.0553524339,-0.149307627,-0.936199608,1435,1220,1392,1263,1615,1422,1544,1417,-0.195,-0.195,-0.19470349,-0.72792502,0.2,0.2075,0.2075,0.221518886,1.06058958,0.2,-0.2875,-0.2875,-0.28679088,-1.27285338,0.2,0.11,0.11,0.125611943,0.390805842,0.2,0.7,0.7,0.362753865,10.5680774,1,-0.5925,-0.5925,-0.290307875,-6.45950255,1,0.1625,0.1625,0.217935494,5.17543025,1,-0.27,-0.27,-0.287912528,-6.3942029,1
298219.744,34.3,0.207990299,-0.0259963121,0.0142271309,0.00263424405,0.0896332132,-0.236344668,0.360739338,-0.0109789931,150.09763,-147.154539,2.94309079,0,21.0241628,-4.06510841,0.643740501,0.0117735831,1.04148712,-1.28599484,10.3240804,18.767995,0.361463881,-0.99238693,0.314174741,-1.2864988,-0.697940735,0.0344657164,147.594699,1.39147488,-0.417685372,-2.21231633,0.0909765316,0.193631553,0.0109789931,0.00263424405,0.0896332132,-0.236344668,0,0,0,0,0,0,10.3240807,18.7679956,0.361463874,-0.171969314,0.0940274392,-1.26810839,-8.48205429,-17.9375672,-1.00444704,0.0650351731,0.690439037,2.62385049,-8.48205429,-17.9375672,-1.00444704,0.0650351731,0.690439037,2.62385049,-0.012210741,0.00889004845,147.159963,0.00376578402,0.737374192,0.000405967199,0.0757439325,0.0336366013,-0.0114129253,0.0342321959,-0.510323735,-0.966465978,1435,1221,1392,1263,1619,1422,1542,1414,-0.195,-0.195,-0.194862606,-0.728774361,0.2,0.215,0.215,0.21774664,1.03374194,0.2,-0.2975,-0.2975,-0.290388731,-1.29240404,0.2,0.105,0.105,0.118047134,0.343695954,0.2,0.6975,0.6975,0.377615172,11.3597118,1,-0.5925,-0.5925,-0.303825162,-6.86338228,1,0.1625,0.1625,0.216616141,5.1284801,1,-0.27,-0.27,-0.287420912,-6.381082,1
298219.797,34.35,0.211795691,-0.0261068713,0.014316125,0.00286588117,0.0590347271,-0.281629307,0.3602064,-0.010373456,150.09763,-147.154539,2.94309079,0,21.7477642,-4.30105942,0.721048307,0.00927624112,1.0985202,-1.49810937,11.0227718,19.2447748,0.348446919,-1.04558237,0.334850658,-1.49859831,-0.718020314,0.0577184958,147.564839,1.7537737,-0.572116311,-2.63231733,0.0945781892,0.194665559,0.010373456,0.00286588117,0.0590347271,-0.281629307,0,0,0,0,0,0,11.0227722,19.2447753,0.348446909,-0.185131641,0.118693888,-1.47918474,-9.02802122,-18.6148632,-0.950233146,0.0532550738,0.848172405,3.31282472,-9.02802122,-18.6148632,-0.950233146,0.0532550738,0.848172405,3.31282472,-0.00874033133,0.00933227228,147.156852,0.0019278556,0.762086044,0.000405641311,0.080095221,0.0148182461,-0.00929541531,0.00663673478,-0.692495651,-0.902924665,1430,1225,1387,1268,1621,1423,1540,1414,-0.1925,-0.1925,-0.193548838,-0.72176165,0.2,0.215,0.215,0.217396408,1.03124929,0.2,-0.3025,-0.3025,-0.296663965,-1.33148309,0.2,0.1,0.1,0.111182617,0.30094714,0.2,0.6875,0.6875,0.391303381,12.0410768,1,-0.58,-0.58,-0.316073266,-7.24430611,1,0.175,0.175,0.215601608,5.09237717,1,-0.2825,-0.2825,-0.287313793,-6.37822309,1
298219.849,34.4,0.215435451,-0.026236473,0.014159088,0.00313742029,0.0244033269,-0.323699628,0.359700987,-0.00989486547,150.09763,-147.154539,2.94309079,0,22.4200859,-4.5263555,0.784492535,0.0160336304,1.15270275,-1.69637194,11.751223,19.6353282,0.355271235,-1.09118162,0.368559707,-1.69709896,-0.734028111,0.0850179407,147.577591,1.94734184,-0.674950705,-3.04410154,0.0985317964,0.195071586,0.00989486547,0.00313742029,0.0244033269,-0.323699628,0,0,0,0,0,0,11.7512233,19.6353287,0.355271224,-0.188557635,0.142766651,-1.67645603,-9.64724466,-19.2223476,-0.923923923,0.0443633541,1.06395654,4.02993488,-9.64724466,-19.2223476,-0.923923923,0.0443633541,1.06395654,4.02993488,-0.0024913402,0.00899829561,147.154866,-0.00172407854,0.775642715,0.000447285855,0.08553089,0.00309100488,-0.00610227921,0.0219128472,-0.677732331,-0.782954347,1428,1228,1389,1266,1622,1422,1540,1414,-0.195,-0.195,-0.193505979,-0.721532872,0.2,0.215,0.215,0.215960269,1.02102808,0.2,-0.305,-0.305,-0.3002172,-1.35341765,0.2,0.1,0.1,0.106606439,0.269429906,0.2,0.68,0.68,0.404384086,12.6804843,1,-0.585,-0.585,-0.327904584,-7.59500973,1,0.18,0.18,0.214629061,5.05776836,1,-0.2775,-0.2775,-0.287137845,-6.37352713,1
298219.902,34.45,0.218764486,-0.0261207496,0.0138956596,0.00355634321,-0.00562329651,-0.359088134,0.359213744,-0.00964485945,150.09763,-147.154539,2.94309079,0,23.1825407,-4.63733043,0.841590619,0.015877629,1.2130936,-1.91433864,12.4563841,20.1079615,0.389458813,-1.14264583,0.403354028,-1.91525629,-0.737484542,0.0953873961,147.611863,1.97697924,-0.720826706,-3.44387869,0.102598646,0.195185274,0.00964485945,0.00355634321,-0.00562329651,-0.359088134,0,0,0,0,0,0,12.4563845,20.1079621,0.389458801,-0.193729703,0.168945784,-1.89393444,-10.2579903,-19.7146335,-0.899566035,0.0332678794,1.28523646,4.69063974,-10.2579903,-19.7146335,-0.899566035,0.0332678794,1.28523646,4.69063974,0.00456157792,0.00830796218,147.15447,-0.005992275,0.77827001,0.000511572748,0.0936878235,0.00959389654,-0.000887527668,0.0269629014,-0.50224826,-0.733248113,1424,1231,1382,1273,1623,1423,1538,1415,-0.1925,-0.1925,-0.194134227,-0.724886376,0.2,0.2125,0.2125,0.214968736,1.01397119,0.2,-0.3075,-0.3075,-0.303369892,-1.37024628,0.2,0.095,0.095,0.102411071,0.23957085,0.2,0.6725,0.6725,0.416600364,13.2957478,1,-0.5675,-0.5675,-0.338843191,-8.08363578,1,0.19,0.19,0.213843347,5.02980815,1,-0.295,-0.295,-0.287225691,-6.37587169,1
298219.956,34.5,0.222437456,-0.0260210121,0.0136481065,0.00454332186,-0.0245291286,-0.393324669,0.358733115,-0.0096161683,150.09763,-147.154539,2.94309079,0,23.9753534,-4.81335636,0.884475895,0.0231307628,1.27653295,-2.13185151,13.2883428,20.5425532,0.437859592,-1.19160308,0.452379796,-2.13314249,-0.750255976,0.112558733,147.648744,1.88554313,-0.71947844,-3.86308657,0.107379624,0.195791672,0.0096161683,0.00454332186,-0.0245291286,-0.393324669,0,0,0,0,0,0,13.2883432,20.5425537,0.437859581,-0.194432941,0.19673869,-2.1106728,-10.9351187,-20.2069543,-0.911717577,0.016989425,1.4669808,5.38632194,-10.9351187,-20.2069543,-0.911717577,0.016989425,1.4669808,5.38632194,0.0102902282,0.00826785271,147.15487,-0.00950178146,0.772839225,0.000568780589,0.107069499,0.0175757581,0.00268468393,0.0363875204,-0.250441899,-0.66940287,1419,1236,1381,1274,1622,1423,1537,1416,-0.1925,-0.1925,-0.193895607,-0.723612655,0.2,0.21,0.21,0.213570969,1.00402307,0.2,-0.305,-0.305,-0.305555018,-1.38191018,0.2,0.0925,0.0925,0.098990789,0.217023871,0.2,0.66,0.66,0.427711284,13.9685018,1,-0.565,-0.565,-0.348887924,-8.53559315,1,0.2025,0.2025,0.213398695,5.01398488,1,-0.2975,-0.2975,-0.287687238,-6.38819008,1
298220.009,34.55,0.226132986,-0.0260936732,0.0134749802,0.00652736795,-0.0307267539,-0.424926809,0.358249591,-0.00973790461,150.09763,-147.154539,2.94309079,0,24.812014,-5.22532526,0.914750337,0.0581799805,1.34966326,-2.36123441,14.4094207,20.8783557,0.489580639,-1.235912,0.536297386,-2.36332613,-0.790179443,0.152959138,147.678394,1.73288723,-0.693901015,-4.32296826,0.112957972,0.196568996,0.00973790461,0.00652736795,-0.0307267539,-0.424926809,0,0,0,0,0,0,14.4094211,20.8783563,0.489580628,-0.178004717,0.232185148,-2.33824304,-11.7073002,-20.7658322,-0.937129618,-0.0142413115,1.57881534,6.08672042,-11.7073002,-20.7658322,-0.937129618,-0.0142413115,1.57881534,6.08672042,0.0135117724,0.00938109594,147.15516,-0.0112382425,0.763509376,0.000574808716,0.132517901,0.0160598508,0.00509253421,0.0656164891,0.0014451075,-0.658896449,1420,1235,1378,1277,1619,1425,1534,1419,-0.1875,-0.1875,-0.193118338,-0.719463697,0.2,0.2025,0.2025,0.209591996,0.976067109,0.2,-0.2975,-0.2975,-0.303305732,-1.36990381,0.2,0.085,0.085,0.095529887,0.198550055,0.2,0.6625,0.6625,0.438322509,14.8412577,1,-0.5575,-0.5575,-0.358546717,-8.85118433,1,0.2,0.2,0.212969064,4.99869613,1,-0.305,-0.305,-0.28806786,-6.39834859,1
298220.063,34.6,0.229545265,-0.0265683243,0.0134097728,0.00824345897,-0.0260423251,-0.453352255,0.357757987,-0.00992635409,150.09763,-147.154539,2.94309079,0,25.4525699,-5.44738711,0.93234686,0.0711704298,1.40930009,-2.53026039,15.3286386,21.0505242,0.533744735,-1.27255522,0.60015905,-2.53255245,-0.79538298,0.207373183,147.694122,1.57647403,-0.669688541,-4.69772753,0.119343781,0.197055129,0.00992635409,0.00824345897,-0.0260423251,-0.453352255,0,0,0,0,0,0,15.3286391,21.0505247,0.533744725,-0.175051463,0.262946272,-2.50629195,-12.6331083,-21.244728,-0.971760601,-0.0353152535,1.61113074,6.75277903,-12.6331083,-21.244728,-0.971760601,-0.0353152535,1.61113074,6.75277903,0.0138670853,0.0115101257,147.155044,-0.0107456001,0.754093218,0.000550918558,0.132358548,0.00628351622,0.00580915641,0.0271553778,0.176333241,-0.517511146,1417,1237,1375,1279,1620,1427,1533,1419,-0.1825,-0.1825,-0.189923959,-0.702277249,0.2,0.2025,0.2025,0.206689792,0.957993618,0.2,-0.3,-0.3,-0.301528465,-1.360417,0.2,0.0825,0.0825,0.090622251,0.172353773,0.2,0.6575,0.6575,0.448198754,15.4281327,1,-0.5525,-0.5525,-0.367302074,-9.15628571,1,0.2075,0.2075,0.212711056,4.98951474,1,-0.3125,-0.3125,-0.28893292,-6.42143645,1
298220.116,34.65,0.232428276,-0.0269197618,0.0134725958,0.00829194055,-0.0151373863,-0.475912203,0.357256184,-0.0101317613,150.09763,-147.154539,2.94309079,0,26.079371,-5.60241688,0.941993064,0.0753104058,1.46246452,-2.68894527,16.2223151,21.1879667,0.560870962,-1.30439288,0.656383851,-2.69121167,-0.801095676,0.249118717,147.690392,1.45832789,-0.661816599,-5.01823704,0.125745726,0.197072753,0.0101317613,0.00829194055,-0.0151373863,-0.475912203,0,0,0,0,0,0,16.2223156,21.1879672,0.560870952,-0.177918833,0.287821739,-2.66429471,-13.4874172,-21.5879037,-1.00602821,-0.0448072427,1.57103505,7.2973326,-13.4874172,-21.5879037,-1.00602821,-0.0448072427,1.57103505,7.2973326,0.0119536171,0.0138636892,147.154745,-0.00887238366,0.747089308,0.000565321348,0.135143872,-0.00108181608,0.00474984801,-0.00333309107,0.253316936,-0.444156911,1414,1240,1373,1282,1621,1427,1532,1418,-0.1825,-0.1825,-0.187659663,-0.686161916,0.2,0.205,0.205,0.205902002,0.953087651,0.2,-0.3025,-0.3025,-0.301958747,-1.36271379,0.2,0.08,0.08,0.0871454313,0.153794991,0.2,0.65,0.65,0.457333885,15.9483761,1,-0.545,-0.545,-0.375366127,-9.49099044,1,0.215,0.215,0.212679806,4.98840267,1,-0.3175,-0.3175,-0.29013215,-6.45403091,1
298220.169,34.7,0.235227965,-0.0272918435,0.0136219995,0.00802363737,-0.00210374384,-0.496808449,0.356745472,-0.0102770305,150.09763,-147.154539,2.94309079,0,26.811838,-5.91007942,0.953746205,0.089231181,1.52717273,-2.87024775,17.3371966,21.3027187,0.573685502,-1.34017962,0.728180133,-2.87266657,-0.824347022,0.285805944,147.67295,1.39789875,-0.679904776,-5.37179781,0.132430353,0.19677479,0.0102770305,0.00802363737,-0.00210374384,-0.496808449,0,0,0,0,0,0,17.3371971,21.3027193,0.573685492,-0.177904404,0.31947416,-2.84424348,-14.4053381,-21.8664464,-1.02927432,-0.045204864,1.50554799,7.83052545,-14.4053381,-21.8664464,-1.02927432,-0.045204864,1.50554799,7.83052545,0.00917160254,0.0166497859,147.154577,-0.00657869269,0.744098794,0.000597962382,0.148148076,-0.00926123933,0.00291816486,0.013771964,0.264855336,-0.45075881,1413,1242,1371,1283,1621,1429,1529,1420,-0.1775,-0.1775,-0.184372162,-0.662764282,0.2,0.2,0.2,0.204356831,0.943465095,0.2,-0.3025,-0.3025,-0.30185256,-1.36214698,0.2,0.0725,0.0725,0.0822567633,0.127699958,0.2,0.645,0.645,0.465778788,16.6423606,1,-0.5425,-0.5425,-0.382868041,-9.78641891,1,0.2175,0.2175,0.212819009,4.99335631,1,-0.3225,-0.3225,-0.291464889,-6.49552909,1
298220.222,34.75,0.237863921,-0.0279990001,0.01383736,0.00823712602,0.0100791339,-0.516627403,0.35622973,-0.0103452676,150.09763,-147.154539,2.94309079,0,27.4439659,-6.20939784,0.997894495,0.098331156,1.58894264,-3.0162223,18.4347081,21.2725458,0.603331153,-1.37269547,0.796749929,-3.01875826,-0.840771613,0.342555663,147.643834,1.39537413,-0.730484774,-5.69942707,0.139595615,0.195784458,0.0103452676,0.00823712602,0.0100791339,-0.516627403,0,0,0,0,0,0,18.4347086,21.2725464,0.603331143,-0.182333622,0.352866139,-2.98890103,-15.462101,-22.1625753,-1.03773159,-0.0510075743,1.44647242,8.37347124,-15.462101,-22.1625753,-1.03773159,-0.0510075743,1.44647242,8.37347124,0.00657548448,0.0197461765,147.154633,-0.00431064198,0.745478916,0.000628751382,0.148269427,-0.0290957725,0.00247745307,-0.000144097836,0.217785351,-0.370952893,1409,1245,1367,1287,1621,1430,1526,1421,-0.175,-0.175,-0.181406907,-0.64166012,0.2,0.1975,0.1975,0.202015803,0.928886329,0.2,-0.3025,-0.3025,-0.301779115,-1.36175494,0.2,0.065,0.065,0.0766261826,0.076634232,0.2,0.6375,0.6375,0.473489111,17.2539595,1,-0.5325,-0.5325,-0.389786137,-10.0018313,1,0.2275,0.2275,0.213378768,5.01327575,1,-0.3325,-0.3325,-0.292975387,-6.54256226,1
298220.275,34.8,0.240022868,-0.0287043986,0.0141357172,0.00756872805,0.0190557152,-0.532119966,0.355711071,-0.0103911589,150.09763,-147.154539,2.94309079,0,28.0064065,-6.34449171,1.05467771,0.0909569223,1.64660168,-3.13688474,19.3831073,21.2042458,0.631533859,-1.40698456,0.851078503,-3.1393751,-0.842721255,0.382637942,147.598052,1.4394865,-0.809464245,-5.95086029,0.146607349,0.193923056,0.0103911589,0.00756872805,0.0190557152,-0.532119966,0,0,0,0,0,0,19.3831079,21.2042464,0.631533848,-0.195814098,0.385352715,-3.10896907,-16.4599343,-22.2643041,-1.05708697,-0.0455131478,1.40068655,8.81206334,-16.4599343,-22.2643041,-1.05708697,-0.0455131478,1.40068655,8.81206334,0.00465316697,0.0220349622,147.154756,-0.00270570739,0.75017884,0.0006575973,0.142582043,-0.0408903938,0.000711410324,-0.0126827862,0.138842221,-0.294535853,1407,1247,1365,1288,1621,1431,1525,1421,-0.1725,-0.1725,-0.178032923,-0.62114697,0.2,0.1975,0.1975,0.200167835,0.917378098,0.2,-0.3025,-0.3025,-0.302165964,-1.36381988,0.2,0.0625,0.0625,0.0711163539,0.0129110425,0.2,0.6325,0.6325,0.480665066,17.689009,1,-0.53,-0.53,-0.396051817,-10.2776885,1,0.2325,0.2325,0.214118464,5.03959838,1,-0.3375,-0.3375,-0.294843932,-6.60074412,1
298220.327,34.85,0.241895676,-0.0290708569,0.0143910091,0.00706899611,0.0236240206,-0.543671928,0.355192292,-0.0103374725,150.09763,-147.154539,2.94309079,0,28.4595513,-6.39604781,1.07339659,0.0875798699,1.68226699,-3.22154799,20.2263398,21.0363161,0.613393502,-1.418026,0.900051903,-3.22415457,-0.828868439,0.416236559,147.556681,1.51279204,-0.906928671,-6.13811871,0.153197265,0.191492135,0.0103374725,0.00706899611,0.0236240206,-0.543671928,0,0,0,0,0,0,20.2263404,21.0363167,0.61339349,-0.201521486,0.400618236,-3.19340547,-17.418392,-22.2664892,-1.04035952,-0.0417255693,1.38774458,9.15769294,-17.418392,-22.2664892,-1.04035952,-0.0417255693,1.38774458,9.15769294,0.00404616594,0.0234583455,147.154834,-0.00227208569,0.757139274,0.000708358418,0.133714071,-0.0538780962,-0.00190662154,-0.000782120147,0.0413140032,-0.213362159,1404,1250,1362,1291,1623,1430,1525,1420,-0.175,-0.175,-0.176695493,-0.614007956,0.2,0.2,0.2,0.200002864,0.916350739,0.2,-0.3075,-0.3075,-0.304398972,-1.37573937,0.2,0.0625,0.0625,0.0680359057,0,0.2,0.625,0.625,0.487242125,17.9815709,1,-0.5225,-0.5225,-0.401789245,-10.5249428,1,0.24,0.24,0.215150106,5.07631013,1,-0.345,-0.345,-0.296909461,-6.66505961,1
298220.379,34.9,0.243635957,-0.0293563303,0.014512811,0.00748244823,0.0238544624,-0.552818931,0.354679907,-0.0101456907,150.09763,-147.154539,2.94309079,0,28.9392219,-6.5169044,1.0802323,0.0974709301,1.72011566,-3.3099635,21.1572882,20.8122371,0.579182125,-1.42179747,0.962682502,-3.31298826,-0.829467112,0.441507937,147.537737,1.59266532,-1.01416621,-6.30552022,0.159634724,0.188516778,0.0101456907,0.00748244823,0.0238544624,-0.552818931,0,0,0,0,0,0,21.1572888,20.8122376,0.579182112,-0.197093144,0.416815875,-3.28128921,-18.3200265,-22.1336456,-1.02700417,-0.04683233,1.41129293,9.4210126,-18.3200265,-22.1336456,-1.02700417,-0.04683233,1.41129293,9.4210126,0.00495940103,0.0241892219,147.154823,-0.00288116824,0.765036856,0.000785241967,0.135198335,-0.0625614499,-0.00432361753,0.0312919591,-0.0283931058,-0.203296888,1403,1251,1361,1292,1621,1430,1525,1422,-0.175,-0.175,-0.176001659,-0.610304365,0.2,0.195,0.195,0.198899241,0.907519354,0.2,-0.3025,-0.3025,-0.304718935,-1.37744729,0.2,0.0625,0.0625,0.0657704886,0,0.2,0.6225,0.6225,0.493291988,18.3385429,1,-0.52,-0.52,-0.407081585,-10.7368162,1,0.2425,0.2425,0.216326039,5.1181566,1,-0.3475,-0.3475,-0.299082559,-6.73272451,1
298220.434,34.95,0.245460457,-0.029680917,0.0145329679,0.00870408159,0.0213726359,-0.562577185,0.354179454,-0.00987763432,150.09763,-147.154539,2.94309079,0,29.4905474,-6.65003595,1.09154206,0.106316823,1.75959053,-3.42716668,22.1510976,20.5945216,0.548984373,-1.42490141,1.02646597,-3.43059137,-0.832883063,0.467756683,147.536771,1.66011732,-1.1254942,-6.51521286,0.166151721,0.185175652,0.00987763432,0.00870408159,0.0213726359,-0.562577185,0,0,0,0,0,0,22.1510982,20.5945222,0.548984359,-0.194264797,0.431420599,-3.39790662,-19.2894206,-22.0026281,-1.01621656,-0.0660853568,1.46310312,9.7274688,-19.2894206,-22.0026281,-1.01621656,-0.0660853568,1.46310312,9.7274688,0.00697590517,0.0246078268,147.154762,-0.0039070714,0.772688628,0.000857831396,0.135834151,-0.0675295075,-0.00518385627,0.0229669207,-0.0702349285,-0.227269185,1402,1251,1361,1293,1623,1429,1525,1420,-0.1775,-0.1775,-0.176741296,-0.614252443,0.2,0.2,0.2,0.19899677,0.90830025,0.2,-0.3075,-0.3075,-0.306244374,-1.38558987,0.2,0.0625,0.0625,0.0648776887,0,0.2,0.6225,0.6225,0.499344769,18.7693283,1,-0.5175,-0.5175,-0.412352109,-11.0001296,1,0.245,0.245,0.217236359,5.15055099,1,-0.3475,-0.3475,-0.300922913,-6.78592326,1
298220.488,35,0.247380414,-0.0298613785,0.0145002566,0.00954960821,0.0175669312,-0.573196737,0.353692991,-0.00959922645,150.09763,-147.154539,2.94309079,0,30.0352102,-6.69993321,1.1065771,0.114054011,1.80093153,-3.55066027,23.0880646,20.3688915,0.526309831,-1.42701333,1.09226151,-3.55445478,-0.824186068,0.49113197,147.545734,1.70693768,-1.23263473,-6.72529205,0.172590896,0.181647024,0.00959922645,0.00954960821,0.0175669312,-0.573196737,0,0,0,0,0,0,23.0880652,20.368892,0.526309816,-0.188782965,0.448208998,-3.52118066,-20.2304671,-21.8561559,-0.990593981,-0.0822568717,1.52887708,10.0442271,-20.2304671,-21.8561559,-0.990593981,-0.0822568717,1.52887708,10.0442271,0.0094347515,0.0245730162,147.154665,-0.00510455001,0.779141638,0.000905752824,0.135265571,-0.0709359383,-0.00439215571,0.0212078986,-0.0835448263,-0.248189694,1412,1241,1371,1283,1622,1428,1527,1422,-0.18,-0.18,-0.178166705,-0.621861077,0.2,0.195,0.195,0.197947374,0.899897951,0.2,-0.305,-0.305,-0.306061549,-1.38461398,0.2,0.0675,0.0675,0.0652545666,0,0.2,0.6475,0.6475,0.505338379,19.1484099,1,-0.5425,-0.5425,-0.417585517,-11.3260404,1,0.22,0.22,0.217909135,5.17449223,1,-0.3225,-0.3225,-0.302471692,-6.82725909,1
298220.542,35.05,0.249566792,-0.0299384339,0.014469461,0.010748349,0.013771256,-0.587488377,0.353219438,-0.00936337486,150.09763,-147.154539,2.94309079,0,30.765695,-6.86907587,1.14077827,0.140996248,1.85647055,-3.78142436,24.2498151,20.166439,0.52418462,-1.4262519,1.18229756,-3.78596237,-0.829301818,0.504443846,147.556461,1.73012333,-1.33401236,-7.07260899,0.179173744,0.178047696,0.00936337486,0.010748349,0.013771256,-0.587488377,0,0,0,0,0,0,24.2498158,20.1664396,0.524184604,-0.169485976,0.470880585,-3.75120053,-21.2578327,-21.6510372,-0.983638826,-0.100557797,1.59868953,10.4623059,-21.2578327,-21.6510372,-0.983638826,-0.100557797,1.59868953,10.4623059,0.0122167008,0.0247808829,147.154605,-0.00624110183,0.784373957,0.000946361069,0.145184364,-0.0714529202,-0.0033613583,0.0522277826,-0.0647522825,-0.422397534,1469,1185,1428,1226,1621,1426,1529,1422,-0.185,-0.185,-0.182701158,-0.650871496,0.2,0.195,0.195,0.195648266,0.881489474,0.2,-0.3025,-0.3025,-0.303607396,-1.37151405,0.2,0.0725,0.0725,0.0700101857,0.000117801036,0.2,0.7875,0.7875,0.514435076,19.8135481,1,-0.685,-0.685,-0.426118487,-11.7757824,1,0.0775,0.0775,0.216425023,5.12167902,1,-0.18,-0.18,-0.301384907,-6.79825356,1
298220.595,35.1,0.252149315,-0.030172696,0.0144000093,0.0124334709,0.0113443712,-0.611455566,0.352757623,-0.00910928157,150.09763,-147.154539,2.94309079,0,31.6246967,-7.05185103,1.12509511,0.16907242,1.91198097,-4.11236037,25.5296732,19.9781829,0.473158746,-1.42060146,1.27403101,-4.11758436,-0.83693454,0.541040914,147.576046,1.73011918,-1.43453393,-7.59725174,0.186322982,0.174247112,0.00910928157,0.0124334709,0.0113443712,-0.611455566,0,0,0,0,0,0,25.5296739,19.9781834,0.473158729,-0.149671241,0.487495118,-4.08133233,-22.4366534,-21.6302705,-0.953830126,-0.135304784,1.67160044,11.186147,-22.4366534,-21.6302705,-0.953830126,-0.135304784,1.67160044,11.186147,0.0153140356,0.026045002,147.154603,-0.00681309354,0.788709592,0.000965526004,0.152142481,-0.0799184825,-0.0038972598,0.0396961853,-0.0404132376,-0.569912821,1505,1149,1463,1190,1620,1422,1533,1423,-0.195,-0.195,-0.185776093,-0.672756267,0.2,0.1925,0.1925,0.195544039,0.880654953,0.2,-0.3,-0.3,-0.303297448,-1.36985959,0.2,0.0825,0.0825,0.0731876022,0.036865789,0.2,0.8775,0.8775,0.52763437,20.6574268,1,-0.775,-0.775,-0.438812835,-12.3969219,1,-0.0125,-0.0125,0.21240726,4.97870393,1,-0.0925,-0.0925,-0.297743272,-6.69102242,1
298220.648,35.15,0.25519549,-0.030282099,0.0142800187,0.0138007436,0.0105502097,-0.646005196,0.352310064,-0.00880456207,150.09763,-147.154539,2.94309079,0,32.830591,-7.27906499,1.12537978,0.199577894,2.00372099,-4.61828478,27.109692,19.9242715,0.432411634,-1.4367682,1.39124937,-4.62421949,-0.846606072,0.555195985,147.610165,1.71144075,-1.53845731,-8.38241297,0.193930373,0.170362524,0.00880456207,0.0138007436,0.0105502097,-0.646005196,0,0,0,0,0,0,27.1096927,19.9242721,0.432411616,-0.129435838,0.524729976,-4.58625703,-23.8258886,-21.5763684,-0.93582881,-0.16449107,1.73755202,12.2280257,-23.8258886,-21.5763684,-0.93582881,-0.16449107,1.73755202,12.2280257,0.0186613928,0.0283246436,147.154607,-0.00688025495,0.79244417,0.00097253195,0.166795283,-0.0774353615,-0.00314103118,0.0339958613,0.0100890723,-0.854742517,1564,1100,1524,1139,1618,1424,1531,1426,-0.19,-0.19,-0.187104042,-0.682207479,0.2,0.185,0.185,0.193133215,0.861351983,0.2,-0.295,-0.295,-0.300935935,-1.35725416,0.2,0.0775,0.0775,0.074559291,0.0527298732,0.2,1,1,0.546415594,21.8877748,1,-0.9025,-0.9025,-0.456973073,-13.3299917,1,-0.16,-0.16,0.205010067,4.73766561,1,0.06,0.06,-0.290774592,-6.47403497,1
298220.702,35.2,0.25857905,-0.0304740771,0.0142309034,0.0151524317,0.0118730769,-0.68990494,0.351876523,-0.00854490479,150.09763,-147.154539,2.94309079,0,34.2332549,-7.83666038,1.13739663,0.258420837,2.10901774,-5.22417618,29.1256116,19.6510347,0.397798337,-1.43624014,1.54136456,-5.23145902,-0.883719217,0.615279528,147.636262,1.68303911,-1.65067956,-9.38116687,0.202191611,0.166002383,0.00854490479,0.0151524317,0.0118730769,-0.68990494,0,0,0,0,0,0,29.1256124,19.6510352,0.397798318,-0.095796206,0.566679191,-5.18969502,-25.4022493,-21.6450722,-0.918378454,-0.20850873,1.79331532,13.6168873,-25.4022493,-21.6450722,-0.918378454,-0.20850873,1.79331532,13.6168873,0.0222786213,0.0319122752,147.154629,-0.00647193131,0.796351872,0.000998432024,0.196044821,-0.096473534,-0.00276613606,0.0691257841,0.0526892648,-1.09641397,1574,1100,1535,1138,1618,1423,1531,1426,-0.1925,-0.1925,-0.189721264,-0.700834638,0.2,0.185,0.185,0.190205961,0.837914071,0.2,-0.295,-0.295,-0.298907858,-1.34545695,0.2,0.0775,0.0775,0.0761373655,0.0709808835,0.2,1,1,0.566571508,23.5209143,1,-0.905,-0.905,-0.47685143,-14.2606311,1,-0.185,-0.185,0.195576639,4.40457987,1,0.0875,0.0875,-0.281648042,-6.22700811,1
298220.754,35.25,0.262218026,-0.0312604506,0.0142269763,0.0171659905,0.0153078291,-0.743096072,0.351456424,-0.00827815293,150.09763,-147.154539,2.94309079,0,35.6815962,-8.34080692,1.16013353,0.313996181,2.22759998,-5.8751404,31.194716,19.2573714,0.366898611,-1.43640007,1.70193425,-5.88372711,-0.889485711,0.701188904,147.659958,1.64867384,-1.78133578,-10.5654862,0.211494687,0.160530723,0.00827815293,0.0171659905,0.0153078291,-0.743096072,0,0,0,0,0,0,31.1947169,19.2573719,0.36689859,-0.0630082849,0.619896455,-5.83844101,-27.4398189,-21.7354546,-0.893284423,-0.261681107,1.84864616,15.4242257,-27.4398189,-21.7354546,-0.893284423,-0.261681107,1.84864616,15.4242257,0.0265719235,0.0372744872,147.154713,-0.00536673436,0.801332576,0.00104258462,0.197146483,-0.12327552,-0.00182020128,0.0546324127,0.0807212916,-1.12022227,1559,1100,1518,1140,1615,1422,1531,1430,-0.195,-0.195,-0.191432858,-0.710466837,0.2,0.175,0.175,0.184696695,0.79852057,0.2,-0.2875,-0.2875,-0.294411014,-1.31745283,0.2,0.0775,0.0775,0.0759890506,0.0692655673,0.2,1,1,0.585831754,25.2249694,1,-0.9,-0.9,-0.495899824,-15.2689421,1,-0.1475,-0.1475,0.186700659,4.06391542,1,0.045,0.045,-0.273019611,-5.90357039,1
298220.808,35.3,0.265254433,-0.0317048095,0.0142969613,0.0179528834,0.0188762475,-0.791283526,0.351048831,-0.00804508908,150.09763,-147.154539,2.94309079,0,36.8646038,-8.61120277,1.17893242,0.354424017,2.31943475,-6.40461828,32.9658843,18.6462769,0.329460962,-1.41448637,1.83870556,-6.41427466,-0.859546437,0.772646368,147.669966,1.61630233,-1.92787756,-11.5837676,0.220337221,0.153941375,0.00804508908,0.0179528834,0.0188762475,-0.791283526,0,0,0,0,0,0,32.9658852,18.6462774,0.32946094,-0.0348023411,0.65834199,-6.36672916,-29.3580507,-21.5555556,-0.861136418,-0.298340907,1.88334694,17.1186453,-29.3580507,-21.5555556,-0.861136418,-0.298340907,1.88334694,17.1186453,0.0306746682,0.0419770073,147.154733,-0.00424746477,0.807154886,0.00109070562,0.188813456,-0.148225199,-0.00157190539,0.0559096682,0.0602193653,-0.95732472,1551,1103,1509,1145,1614,1420,1532,1432,-0.2,-0.2,-0.194910855,-0.729031909,0.2,0.17,0.17,0.179953579,0.764845706,0.2,-0.285,-0.285,-0.291559995,-1.29969809,0.2,0.08,0.08,0.0773453675,0.0849518692,0.2,0.9925,0.9925,0.604127832,26.5149925,1,-0.8875,-0.8875,-0.513636316,-16.1874679,1,-0.1275,-0.1275,0.17869746,3.79070357,1,0.0225,0.0225,-0.265458064,-5.64125874,1
298220.86,35.35,0.267805108,-0.0323524807,0.0143527367,0.0199239625,0.0213116989,-0.83237068,0.350653316,-0.0077723767,150.09763,-147.154539,2.94309079,0,38.0198528,-8.97495623,1.17977102,0.41206244,2.40733259,-6.87535475,34.8132556,17.7599702,0.26756919,-1.36436262,1.98705621,-6.88662986,-0.8381367,0.857070179,147.68015,1.580713,-2.09022617,-12.5258182,0.229044223,0.145879592,0.0077723767,0.0199239625,0.0213116989,-0.83237068,0,0,0,0,0,0,34.8132566,17.7599707,0.267569166,0.00639442604,0.694026266,-6.83586513,-31.3402139,-21.1261649,-0.837346167,-0.355619455,1.92796406,18.6687468,-31.3402139,-21.1261649,-0.837346167,-0.355619455,1.92796406,18.6687468,0.0357270873,0.0460385929,147.154809,-0.0034873598,0.814385145,0.00116051343,0.180008565,-0.17309471,-0.00303586144,0.0526630924,0.0328089612,-0.810652478,1545,1109,1502,1151,1610,1417,1534,1437,-0.2075,-0.2075,-0.199876341,-0.755536983,0.2,0.1575,0.1575,0.17274361,0.726359887,0.2,-0.275,-0.275,-0.286337326,-1.27043237,0.2,0.085,0.085,0.0807839807,0.119838448,0.2,0.9775,0.9775,0.621054607,27.7968383,1,-0.8725,-0.8725,-0.529918378,-16.9433537,1,-0.1125,-0.1125,0.17134568,3.59448967,1,0.005,0.005,-0.258583769,-5.43350989,1
298220.911,35.4,0.270236398,-0.0327645274,0.0144075556,0.0213072221,0.0227654705,-0.869366086,0.350272364,-0.00747755711,150.09763,-147.154539,2.94309079,0,39.2974943,-9.26825798,1.20976649,0.458434365,2.5093452,-7.38850028,36.7270573,16.8145591,0.225962125,-1.31995448,2.13922628,-7.40123928,-0.825868012,0.91446721,147.692149,1.53437605,-2.26410338,-13.4281543,0.237417012,0.137029488,0.00747755711,0.0213072221,0.0227654705,-0.869366086,0,0,0,0,0,0,36.7270583,16.8145596,0.225962099,0.0395091121,0.738421468,-7.34772015,-33.2404601,-20.4703479,-0.803659808,-0.400597957,1.97964715,20.0922219,-33.2404601,-20.4703479,-0.803659808,-0.400597957,1.97964715,20.0922219,0.041127678,0.0489336071,147.154818,-0.00300392614,0.822014459,0.0012166888,0.18027636,-0.189043097,-0.00284524354,0.0560904129,0.0206683994,-0.799109396,1538,1115,1495,1158,1610,1417,1534,1438,-0.2075,-0.2075,-0.20396743,-0.77737465,0.2,0.155,0.155,0.166208923,0.681360513,0.2,-0.275,-0.275,-0.281697837,-1.24566742,0.2,0.085,0.085,0.0830464258,0.131915067,0.2,0.9625,0.9625,0.636682245,29.0778349,1,-0.855,-0.855,-0.544853861,-17.8956266,1,-0.095,-0.095,0.164496563,3.33824999,1,-0.0125,-0.0125,-0.252207734,-5.26333793,1
298220.963,35.45,0.27243006,-0.0331042348,0.0145011798,0.0228515697,0.0233144105,-0.902464644,0.34990546,-0.00721517687,150.09763,-147.154539,2.94309079,0,40.2697639,-9.47079416,1.24783378,0.504222584,2.59220647,-7.81083744,38.3478977,15.5662217,0.195948652,-1.24950887,2.27784314,-7.82515907,-0.776031159,0.975674046,147.696298,1.47617012,-2.44359603,-14.2238495,0.24540062,0.127198434,0.00721517687,0.0228515697,0.0233144105,-0.902464644,0,0,0,0,0,0,38.3478988,15.5662221,0.195948624,0.0761426953,0.77750364,-7.76916616,-35.1385147,-19.5617349,-0.784428155,-0.449550551,2.04169519,21.4323821,-35.1385147,-19.5617349,-0.784428155,-0.449550551,2.04169519,21.4323821,0.0470943108,0.0508125926,147.15481,-0.00288555532,0.830052345,0.00127805734,0.162037032,-0.208716388,-0.00320404134,0.0479816905,-0.000209728312,-0.657688636,1537,1117,1493,1160,1605,1416,1533,1444,-0.21,-0.21,-0.208705547,-0.802666062,0.2,0.14,0.14,0.158710841,0.622471817,0.2,-0.2625,-0.2625,-0.276644362,-1.2097367,0.2,0.0825,0.0825,0.0849539504,0.142097169,0.2,0.9575,0.9575,0.651133398,30.0666965,1,-0.85,-0.85,-0.558563816,-18.68843,1,-0.0925,-0.0925,0.158074949,3.08973039,1,-0.0175,-0.0175,-0.246282196,-5.10518944,1
298221.016,35.5,0.274275727,-0.0334558382,0.0145758583,0.0244118126,0.0232453965,-0.931186592,0.349551562,-0.00694198294,150.09763,-147.154539,2.94309079,0,41.2506106,-9.76509446,1.27205853,0.551792513,2.69131859,-8.21649428,40.0064849,14.072909,0.149919245,-1.17326828,2.43030772,-8.23258738,-0.751311399,1.04963844,147.70143,1.40187246,-2.62423084,-14.9611082,0.252832089,0.116345122,0.00694198294,0.0244118126,0.0232453965,-0.931186592,0,0,0,0,0,0,40.006486,14.0729094,0.149919215,0.110410251,0.832388083,-8.17352809,-36.8777683,-18.4613024,-0.746118161,-0.500580628,2.1034494,22.6139638,-36.8777683,-18.4613024,-0.746118161,-0.500580628,2.1034494,22.6139638,0.0532870264,0.0515926964,147.154786,-0.00305913509,0.838118453,0.00133980514,0.158592161,-0.230542669,-0.00342748963,0.051451296,-0.00293626521,-0.617579453,1529,1124,1485,1168,1602,1419,1529,1448,-0.2025,-0.2025,-0.207400688,-0.795700904,0.2,0.13,0.13,0.148410039,0.549159477,0.2,-0.255,-0.255,-0.268964399,-1.15008747,0.2,0.0725,0.0725,0.0816704619,0.124570362,0.2,0.94,0.94,0.664454706,31.1136809,1,-0.83,-0.83,-0.571145571,-19.3867981,1,-0.0725,-0.0725,0.152092034,2.87682392,1,-0.0375,-0.0375,-0.240837347,-4.95987017,1
298221.068,35.55,0.276121292,-0.0336071711,0.0146683838,0.0254440951,0.0231785393,-0.958320373,0.349211501,-0.00668532092,150.09763,-147.154539,2.94309079,0,42.1836493,-9.8323164,1.33189185,0.571396082,2.78776587,-8.60701083,41.4701158,12.5745316,0.138920451,-1.10510991,2.56525524,-8.62420809,-0.690289305,1.07783852,147.705723,1.31111819,-2.80327424,-15.6578003,0.25981239,0.104912359,0.00668532092,0.0254440951,0.0231785393,-0.958320373,0,0,0,0,0,0,41.470117,12.5745319,0.13892042,0.126975389,0.886925283,-8.56374888,-38.6440795,-17.0806278,-0.70989737,-0.53255731,2.16382609,23.7594947,-38.6440795,-17.0806278,-0.70989737,-0.53255731,2.16382609,23.7594947,0.0593788271,0.0515996915,147.154717,-0.00338771665,0.845941685,0.00140417555,0.142916049,-0.235012787,-0.00145647858,0.0273404005,-0.00716261973,-0.563565765,1525,1127,1480,1172,1600,1419,1527,1452,-0.2025,-0.2025,-0.205756188,-0.786922792,0.2,0.12,0.12,0.138616479,0.479457253,0.2,-0.25,-0.25,-0.262187234,-1.10788264,0.2,0.0675,0.0675,0.0772160554,0.0834563268,0.2,0.9325,0.9325,0.676765195,31.9735575,1,-0.82,-0.82,-0.582705294,-20.197487,1,-0.0625,-0.0625,0.146514968,2.67835988,1,-0.05,-0.05,-0.235817351,-4.80728461,1
298221.119,35.6,0.277785283,-0.0335010548,0.0148676873,0.0259456993,0.0227012368,-0.981830911,0.348880984,-0.00654638558,150.09763,-147.154539,2.94309079,0,42.937905,-10.0138897,1.40330836,0.596544882,2.86839728,-8.93988137,42.7870166,10.7313238,0.144398777,-1.01001695,2.68879931,-8.95853067,-0.649118868,1.13457431,147.69002,1.20863223,-2.97617506,-16.2618157,0.266078163,0.092919052,0.00654638558,0.0259456993,0.0227012368,-0.981830911,0,0,0,0,0,0,42.7870177,10.7313241,0.144398744,0.143917077,0.933778567,-8.8958205,-40.1140726,-15.608014,-0.696197535,-0.570945511,2.21728466,24.7495537,-40.1140726,-15.608014,-0.696197535,-0.570945511,2.21728466,24.7495537,0.0651242548,0.0504171268,147.154596,-0.0042583484,0.853390287,0.00149033399,0.133130133,-0.25485477,-0.00120505263,0.037552827,-0.0202736339,-0.502221131,1526,1126,1481,1171,1599,1418,1526,1455,-0.205,-0.205,-0.205022252,-0.783005144,0.2,0.1125,0.1125,0.129551277,0.415338068,0.2,-0.2475,-0.2475,-0.256252586,-1.07425845,0.2,0.065,0.065,0.0733390346,0.0386171599,0.2,0.935,0.935,0.688187671,32.7797653,1,-0.8225,-0.8225,-0.593308348,-20.7872274,1,-0.065,-0.065,0.141322081,2.49356711,1,-0.0475,-0.0475,-0.231177393,-4.66280782,1
298221.171,35.65,0.279122731,-0.0338683567,0.015076364,0.0273318397,0.0217205159,-1.0025051,0.348556347,-0.0064420107,150.09763,-147.154539,2.94309079,0,43.6400734,-10.3839633,1.46153194,0.62741878,2.94055862,-9.24666955,44.0606257,8.54754779,0.139523188,-0.893024411,2.80452733,-9.26706917,-0.591441181,1.21295123,147.667506,1.09010134,-3.14198609,-16.8540709,0.271765863,0.0796629642,0.0064420107,0.0273318397,0.0217205159,-1.0025051,0,0,0,0,0,0,44.0606269,8.54754802,0.139523153,0.158063649,0.974458081,-9.20098037,-41.687334,-13.866119,-0.666492347,-0.611996474,2.29187292,25.6841251,-41.687334,-13.866119,-0.666492347,-0.611996474,2.29187292,25.6841251,0.0713468457,0.0484600675,147.154536,-0.00553666022,0.86091336,0.00160423649,0.11536944,-0.280050233,-0.000678706784,0.0464950287,-0.0218520171,-0.457431224,1522,1129,1477,1175,1598,1423,1518,1459,-0.1925,-0.1925,-0.202362417,-0.768807313,0.2,0.1025,0.1025,0.12155636,0.365549682,0.2,-0.245,-0.245,-0.253258102,-1.05827431,0.2,0.045,0.045,0.0660065433,0,0.2,0.9275,0.9275,0.69883394,33.6634237,1,-0.8125,-0.8125,-0.603478233,-21.1967241,1,-0.055,-0.055,0.136413649,2.31889691,1,-0.0575,-0.0575,-0.226672537,-4.53733903,1
298221.224,35.7,0.280219414,-0.0345686695,0.0151406539,0.0290385741,0.0210244783,-1.0234456,0.348239423,-0.00621322753,150.09763,-147.154539,2.94309079,0,44.5217741,-10.7343686,1.46070598,0.667555559,3.02692359,-9.59003766,45.385553,6.3004142,0.0710834621,-0.761651096,2.93181804,-9.61254648,-0.542883561,1.28292625,147.668443,0.951965071,-3.29947191,-17.4857505,0.276769124,0.0653758691,0.00621322753,0.0290385741,0.0210244783,-1.0234456,0,0,0,0,0,0,45.3855543,6.30041437,0.0710834252,0.182362105,1.02096655,-9.5428067,-43.2279433,-11.9426629,-0.650818097,-0.659945618,2.3634065,26.6440963,-43.2279433,-11.9426629,-0.650818097,-0.659945618,2.3634065,26.6440963,0.0778456787,0.0462193973,147.154511,-0.0067727323,0.868236145,0.0017302055,0.104573523,-0.298300083,-0.00437748361,0.0552892623,-0.0106064149,-0.475136048,1516,1135,1474,1176,1594,1427,1513,1463,-0.1825,-0.1825,-0.196121592,-0.735494652,0.2,0.0925,0.0925,0.111553167,0.303254742,0.2,-0.235,-0.235,-0.247673799,-1.02846607,0.2,0.0325,0.0325,0.0548177861,0,0.2,0.9125,0.9125,0.708600667,34.6419003,1,-0.81,-0.81,-0.612552529,-21.7328161,1,-0.04,-0.04,0.131905958,2.15848737,1,-0.065,-0.065,-0.222654221,-4.43009294,1
298221.277,35.75,0.281173717,-0.035258484,0.0150506813,0.0305251924,0.0208386507,-1.04347481,0.347937824,-0.00583888406,150.09763,-147.154539,2.94309079,0,45.3289787,-11.0122792,1.41580656,0.690179643,3.11252529,-9.90492857,46.5025591,3.93720236,-0.0393247889,-0.632281292,3.04732081,-9.92903962,-0.473050389,1.34038507,147.696523,0.796167526,-3.44821548,-18.0849727,0.280945957,0.0504791638,0.00583888406,0.0305251924,0.0208386507,-1.04347481,0,0,0,0,0,0,46.5025604,3.93720247,-0.0393248277,0.192424631,1.06988504,-9.85647481,-44.7329827,-9.83833334,-0.624406424,-0.704930047,2.42746047,27.5992164,-44.7329827,-9.83833334,-0.624406424,-0.704930047,2.42746047,27.5992164,0.0840491398,0.0436035358,147.154484,-0.00782280455,0.875271196,0.00185859584,0.0836798892,-0.310020871,-0.00807616283,0.0297476765,-0.00430122341,-0.430603186,1515,1135,1470,1180,1593,1436,1504,1465,-0.16,-0.16,-0.184046212,-0.660444448,0.2,0.0875,0.0875,0.103450159,0.246966193,0.2,-0.2325,-0.2325,-0.242777125,-1.0023283,0.2,0.01,0.01,0.0396264696,0,0.2,0.9125,0.9125,0.717803011,35.5139641,1,-0.8,-0.8,-0.621058614,-22.2484061,1,-0.0375,-0.0375,0.127639579,2.01716477,1,-0.075,-0.075,-0.21891025,-4.3253215,1
298221.327,35.8,0.281768766,-0.0361005469,0.0148541305,0.0317863108,0.0206934602,-1.06056227,0.347657837,-0.00537401062,150.09763,-147.154539,2.94309079,0,45.9044845,-11.2445226,1.35518203,0.711942695,3.18254224,-10.1439889,47.2596686,1.41286228,-0.158256694,-0.484588399,3.14276663,-10.169766,-0.391292468,1.40574409,147.738581,0.627874886,-3.58713337,-18.5790565,0.284038844,0.0348392771,0.00537401062,0.0317863108,0.0206934602,-1.06056227,0,0,0,0,0,0,47.2596699,1.41286232,-0.158256734,0.203690282,1.11362238,-10.0945133,-45.9271223,-7.58889852,-0.568262903,-0.739256983,2.48201502,28.4119373,-45.9271223,-7.58889852,-0.568262903,-0.739256983,2.48201502,28.4119373,0.0896967889,0.0402207078,147.154445,-0.00899363767,0.882092669,0.00199412746,0.0583227798,-0.32346907,-0.0091779264,0.0389786868,-0.0106763814,-0.337474513,1496,1153,1451,1198,1589,1442,1498,1469,-0.145,-0.145,-0.171226049,-0.584812818,0.2,0.0775,0.0775,0.0943906519,0.192468975,0.2,-0.2225,-0.2225,-0.236039151,-0.962838185,0.2,-0.005,-0.005,0.0245227396,0,0.2,0.8675,0.8675,0.725804946,36.1839804,1,-0.755,-0.755,-0.628360417,-22.6056863,1,0.01,0.01,0.123960513,1.90260779,1,-0.1225,-0.1225,-0.215735577,-4.22647005,1
298221.38,35.85,0.281922114,-0.0367709332,0.0145771331,0.03309218,0.019980809,-1.07118641,0.347402408,-0.00485552895,150.09763,-147.154539,2.94309079,0,46.2488347,-11.3165542,1.27302877,0.722441355,3.23828063,-10.2684739,47.6164879,-1.10696065,-0.290560956,-0.330514408,3.21577462,-10.2956055,-0.301305126,1.43609353,147.788982,0.450450583,-3.71273754,-18.8645225,0.285773054,0.018908098,0.00485552895,0.03309218,0.019980809,-1.07118641,0,0,0,0,0,0,47.6164892,-1.10696068,-0.290560997,0.210933113,1.15343466,-10.2186814,-46.7692389,-5.11079958,-0.506157781,-0.766837412,2.53029504,28.9516762,-46.7692389,-5.11079958,-0.506157781,-0.766837412,2.53029504,28.9516762,0.0944035212,0.0355945057,147.154417,-0.0104294941,0.888666627,0.00212095345,0.0299978876,-0.323426543,-0.0104799994,0.0308703822,-0.021138008,-0.191415399,1466,1181,1422,1225,1582,1448,1492,1476,-0.13,-0.13,-0.157137064,-0.500711328,0.2,0.06,0.06,0.0842971063,0.138591026,0.2,-0.205,-0.205,-0.227317115,-0.910908472,0.2,-0.02,-0.02,0.00712567994,0,0.2,0.7975,0.7975,0.729887385,36.5108528,1,-0.6875,-0.6875,-0.631787436,-22.8449298,1,0.085,0.085,0.122461191,1.85592259,1,-0.195,-0.195,-0.214693556,-4.19402407,1
298221.433,35.9,0.281969385,-0.0373170801,0.0142785294,0.0346519767,0.0190654566,-1.07853444,0.347173654,-0.00433557916,150.09763,-147.154539,2.94309079,0,46.6342975,-11.4272893,1.23790682,0.749453405,3.30507592,-10.3904728,47.8847767,-3.71219391,-0.375271412,-0.153683553,3.29490366,-10.4195549,-0.227078132,1.47154239,147.843199,0.260317383,-3.82338325,-19.0963339,0.28648096,0.00287872302,0.00433557916,0.0346519767,0.0190654566,-1.07853444,0,0,0,0,0,0,47.8847781,-3.71219402,-0.375271456,0.232939937,1.2026525,-10.3401931,-47.3565164,-2.61518441,-0.452173411,-0.806904247,2.57228829,29.3194437,-47.3565164,-2.61518441,-0.452173411,-0.806904247,2.57228829,29.3194437,0.0985918144,0.0302869462,147.154425,-0.0119076929,0.894986968,0.0022415691,0.0135251503,-0.328641154,-0.00904122021,0.0418268919,-0.0184504527,-0.176018864,1466,1180,1422,1224,1580,1453,1488,1478,-0.1175,-0.1175,-0.143427195,-0.421682494,0.2,0.055,0.055,0.0732230781,0.0372760807,0.2,-0.2,-0.2,-0.217053344,-0.853500408,0.2,-0.03,-0.03,-0.0105259592,0,0.2,0.8,0.8,0.732972378,36.8768579,1,-0.69,-0.69,-0.63429475,-23.0679914,1,0.085,0.085,0.121536271,1.82712286,1,-0.195,-0.195,-0.21420732,-4.1788839,1
298221.486,35.95,0.28216826,-0.0378926039,0.0139805984,0.0359277066,0.0182978238,-1.0859227,0.346969722,-0.00382351722,150.09763,-147.154539,2.94309079,0,47.0194578,-11.5299316,1.14596068,0.753724068,3.36007286,-10.5065199,48.0039031,-6.35938234,-0.515272981,0.0111287764,3.35020764,-10.5366568,-0.155222681,1.49738787,147.898598,0.0561323791,-3.91839697,-19.3149208,0.286444974,-0.0132752757,0.00382351722,0.0359277066,0.0182978238,-1.0859227,0,0,0,0,0,0,48.0039045,-6.35938252,-0.515273025,0.232571167,1.23983563,-10.4557885,-47.784467,-0.0041445311,-0.410049745,-0.835317339,2.61170489,29.6865102,-47.784467,-0.0041445311,-0.410049745,-0.835317339,2.61170489,29.6865102,0.102296148,0.0246758713,147.154416,-0.0131854624,0.900854557,0.00234402569,-0.00257993908,-0.328117574,-0.0118735105,0.0143378252,-0.0226966207,-0.142514291,1428,1217,1387,1257,1580,1464,1478,1475,-0.09,-0.09,-0.128695448,-0.331101048,0.2,0.0625,0.0625,0.0677723304,0,0.2,-0.2,-0.2,-0.210848487,-0.814859631,0.2,-0.055,-0.055,-0.0258027053,0,0.2,0.7075,0.7075,0.735905024,37.2290742,1,-0.6075,-0.6075,-0.636780808,-23.289162,1,0.18,0.18,0.120848992,1.80572272,1,-0.2825,-0.2825,-0.213973271,-4.17159619,1
298221.539,36,0.282120757,-0.0382649518,0.0135951879,0.0364784426,0.0164731761,-1.07954201,0.346793452,-0.00325784991,150.09763,-147.154539,2.94309079,0,46.6757832,-11.4191644,1.02205298,0.733648109,3.35323597,-10.1236946,47.2342479,-8.86357642,-0.658397312,0.179821808,3.33654456,-10.1541498,-0.0467091279,1.49810237,147.965267,-0.134707212,-3.99132974,-18.9015965,0.285181859,-0.0291755361,0.00325784991,0.0364784426,0.0164731761,-1.07954201,0,0,0,0,0,0,47.2342492,-8.86357667,-0.658397358,0.217501889,1.24798764,-10.0734506,-47.6111764,2.67989393,-0.341430822,-0.833682652,2.6377135,29.4247925,-47.6111764,2.67989393,-0.341430822,-0.833682652,2.6377135,29.4247925,0.102893941,0.0176436995,147.154377,-0.014952578,0.905775228,0.00241424219,-0.0369682181,-0.313048574,-0.0121949118,-0.000282314807,-0.0661995702,0.451230496,1273,1371,1225,1419,1575,1466,1478,1479,-0.085,-0.085,-0.110882268,-0.244128291,0.2,0.0525,0.0525,0.0636637131,0,0.2,-0.1875,-0.1875,-0.204070476,-0.777924695,0.2,-0.055,-0.055,-0.0425062025,0,0.2,0.3225,0.3225,0.730161812,36.5393036,1,-0.2025,-0.2025,-0.630659193,-22.7445564,1,0.5675,0.5675,0.132668917,2.18563784,1,-0.6875,-0.6875,-0.226773281,-4.5400278,1
298221.59,36.05,0.282550122,-0.0382659793,0.0131869362,0.0373087221,0.0132578858,-1.04956552,0.346644592,-0.00269685538,150.09763,-147.154539,2.94309079,0,46.5706201,-11.1020487,0.88719272,0.708591008,3.36601527,-9.51595709,46.5842444,-11.0502661,-0.81550299,0.349089822,3.33566411,-9.54657428,-0.025556325,1.45932579,148.043695,-0.311510511,-4.03759297,-17.953619,0.283493997,-0.0442304617,0.00269685538,0.0373087221,0.0132578858,-1.04956552,0,0,0,0,0,0,46.5842457,-11.0502664,-0.815503036,0.206778415,1.26492693,-9.46710833,-46.7437551,5.19070872,-0.299955501,-0.822337053,2.64862995,28.1105101,-46.7437551,5.19070872,-0.299955501,-0.822337053,2.64862995,28.1105101,0.0993236878,0.00951734354,147.15445,-0.0170256806,0.909659861,0.00242691022,-0.0208730384,-0.292040298,-0.0144244649,0.000197493513,-0.0720441748,0.719975529,1241,1401,1186,1456,1573,1471,1476,1478,-0.0725,-0.0725,-0.0989372786,-0.174146946,0.2,0.055,0.055,0.0553319964,0,0.2,-0.1825,-0.1825,-0.191915998,-0.713045774,0.2,-0.06,-0.06,-0.0489184104,0,0.2,0.2475,0.2475,0.718226628,35.5535351,1,-0.11,-0.11,-0.61814609,-22.0811554,1,0.6475,0.6475,0.155522846,2.99891192,1,-0.785,-0.785,-0.250853714,-5.22720009,1
298221.645,36.1,0.284340172,-0.0378605896,0.0128357354,0.0378280657,0.00950313028,-1.01154479,0.346523837,-0.00218857894,150.09763,-147.154539,2.94309079,0,46.3175912,-10.8481662,0.84029253,0.678220086,3.35418198,-8.89755226,45.7112143,-13.1694006,-0.871681639,0.50913397,3.30349393,-8.92774697,-0.000823713958,1.42309895,148.134494,-0.485331186,-4.05678222,-16.8885483,0.2824719,-0.0583110425,0.00218857894,0.0378280657,0.00950313028,-1.01154479,0,0,0,0,0,0,45.7112156,-13.169401,-0.871681685,0.187882981,1.26432419,-8.84982057,-45.7435741,7.51755351,-0.268816181,-0.802363201,2.65735826,26.4897671,-45.7435741,7.51755351,-0.268816181,-0.802363201,2.65735826,26.4897671,0.0937597578,0.00177494873,147.154547,-0.0187467519,0.912131726,0.00237024204,-0.0107057175,-0.278627794,-0.0103103161,-0.0135799232,-0.0844179198,0.790288465,1274,1368,1216,1426,1580,1478,1472,1468,-0.055,-0.055,-0.0855923146,-0.126657899,0.2,0.08,0.08,0.0608624114,0,0.2,-0.2,-0.2,-0.192026315,-0.713634632,0.2,-0.07,-0.07,-0.057239073,0,0.2,0.33,0.33,0.707208965,34.4995166,1,-0.185,-0.185,-0.606201932,-21.354227,1,0.565,0.565,0.176289769,3.72644396,1,-0.71,-0.71,-0.273499399,-5.92277818,1
298221.696,36.15,0.286985748,-0.0374510743,0.012679058,0.0377315695,0.00571655365,-0.974349312,0.346422985,-0.00189194512,150.09763,-147.154539,2.94309079,0,46.1867753,-10.5645314,0.819847519,0.636753904,3.356734,-8.39858588,44.8988808,-15.1255973,-0.898051916,0.648552801,3.28092695,-8.42758929,0.0359514182,1.38594915,148.205364,-0.660173811,-4.04836694,-15.9399596,0.281744295,-0.071925244,0.00189194512,0.0377315695,0.00571655365,-0.974349312,0,0,0,0,0,0,44.8988821,-15.1255977,-0.898051963,0.159237094,1.27269913,-8.35210218,-44.8945779,9.69109679,-0.250201771,-0.767529755,2.67658482,24.9579207,-44.8945779,9.69109679,-0.250201771,-0.767529755,2.67658482,24.9579207,0.0875910812,-0.00500731107,147.154617,-0.0199105343,0.913070184,0.00225971879,-0.00408359551,-0.26599079,-0.00602042169,-0.0310455518,-0.0669985127,0.696270444,1274,1367,1221,1420,1575,1481,1474,1469,-0.0475,-0.0475,-0.0708167529,-0.0740779637,0.2,0.0775,0.0775,0.070049623,0.000573908092,0.2,-0.1875,-0.1875,-0.192629357,-0.716853588,0.2,-0.065,-0.065,-0.0641434959,-0.0294898767,0.2,0.3325,0.3325,0.698049035,33.5970865,1,-0.2,-0.2,-0.595993256,-20.8708288,1,0.565,0.565,0.193411518,4.31790147,1,-0.6975,-0.6975,-0.292640906,-6.53214737,1
298221.748,36.2,0.290474512,-0.0365742364,0.0125474226,0.0371563694,0.00287600993,-0.941564238,0.346334978,-0.00162420969,150.09763,-147.154539,2.94309079,0,46.1130236,-10.3203107,0.681510778,0.614709287,3.3574166,-7.93530611,44.0809896,-17.0051352,-1.0372788,0.80043377,3.24936781,-7.96367449,0.0718517247,1.34161958,148.290386,-0.829219661,-4.01695511,-15.0922964,0.281448594,-0.0847916381,0.00162420969,0.0371563694,0.00287600993,-0.941564238,0,0,0,0,0,0,44.0809909,-17.0051356,-1.03727885,0.14823125,1.27610661,-7.88989696,-44.1123136,11.7217407,-0.217970615,-0.729194558,2.67864369,23.6263448,-44.1123136,11.7217407,-0.217970615,-0.729194558,2.67864369,23.6263448,0.0816688002,-0.0103182535,147.154659,-0.0205092698,0.912813537,0.00215461451,-0.00314083353,-0.260082452,-0.00754027994,0.000573027124,-0.0571431335,0.672595213,1255,1385,1203,1438,1569,1479,1480,1471,-0.0525,-0.0525,-0.06277928,-0.0197805491,0.2,0.0725,0.0725,0.0720111938,0.0232601943,0.2,-0.1725,-0.1725,-0.186746766,-0.679664688,0.2,-0.05,-0.05,-0.0607482963,-0.00532573619,0.2,0.2875,0.2875,0.688709474,32.8192239,1,-0.155,-0.155,-0.585679819,-20.395957,1,0.6125,0.6125,0.2105697,4.91331298,1,-0.7425,-0.7425,-0.311601345,-7.08516949,1
298221.802,36.25,0.294009137,-0.0359931084,0.0123777069,0.0381281584,0.000435258747,-0.905501914,0.346261524,-0.00134757382,150.09763,-147.154539,2.94309079,0,45.9700817,-10.32393,0.602825382,0.623063724,3.35069638,-7.3694987,43.1048687,-18.9983275,-1.10868677,0.978651552,3.19919925,-7.39812483,0.137638839,1.33021971,148.391812,-0.990302642,-3.96666247,-14.1519392,0.280717894,-0.0976765029,0.00134757382,0.0381281584,0.000435258747,-0.905501914,0,0,0,0,0,0,43.1048699,-18.9983281,-1.10868681,0.156422096,1.27550116,-7.32407361,-43.4090594,13.6813921,-0.21750178,-0.718673782,2.68575469,22.2245907,-43.4090594,13.6813921,-0.21750178,-0.718673782,2.68575469,22.2245907,0.0761866373,-0.0147047094,147.154861,-0.020386701,0.912350197,0.00200930399,-0.0161506278,-0.262979168,-0.00566206815,0.0153317008,-0.0461233331,0.79070903,1241,1400,1185,1456,1567,1473,1489,1469,-0.0675,-0.0675,-0.0624575854,-0.0174910006,0.2,0.0775,0.0775,0.0737234953,0.0430635887,0.2,-0.1675,-0.1675,-0.179391332,-0.628397971,0.2,-0.0275,-0.0275,-0.0513148071,0,0.2,0.25,0.25,0.677984895,32.0440889,1,-0.11,-0.11,-0.574227258,-19.6061263,1,0.6475,0.6475,0.229852601,5.59950935,1,-0.7875,-0.7875,-0.332265538,-7.76178859,1
298221.854,36.3,0.297518503,-0.0362324833,0.0123695054,0.039979715,-0.00117146612,-0.865564997,0.346197674,-0.00125145298,150.09763,-147.154539,2.94309079,0,46.0935095,-10.5442589,0.618244789,0.661320559,3.35404726,-6.84314644,42.2902241,-21.1309612,-1.09300818,1.17851942,3.14542191,-6.87263007,0.205539271,1.35686333,148.474317,-1.1533422,-3.89849937,-13.2429964,0.27942067,-0.11096247,0.00125145298,0.039979715,-0.00117146612,-0.865564997,0,0,0,0,0,0,42.2902253,-21.1309618,-1.09300823,0.184720066,1.27334094,-6.79675189,-42.8842727,15.6987424,-0.247956832,-0.721202395,2.6982878,20.7821402,-42.8842727,15.6987424,-0.247956832,-0.721202395,2.6982878,20.7821402,0.0707613274,-0.0178976906,147.155155,-0.0190028235,0.91157946,0.00178542387,-0.0296848093,-0.268902345,-0.00119615809,0.0226978842,-0.0242768531,0.784781337,1276,1365,1219,1422,1563,1463,1503,1470,-0.0925,-0.0925,-0.0732067873,-0.0825830791,0.2,0.075,0.075,0.074686921,0.0542059602,0.2,-0.1575,-0.1575,-0.17217303,-0.589867671,0.2,0.0075,0.0075,-0.0337379366,0,0.2,0.3375,0.3375,0.668115118,31.4230447,1,-0.195,-0.195,-0.563418056,-18.953931,1,0.56,0.56,0.247148067,6.18318524,1,-0.7025,-0.7025,-0.351311753,-8.62590545,1
298221.908,36.35,0.300239835,-0.0366965872,0.0124448059,0.0400035533,-0.00245863922,-0.83587559,0.34613466,-0.00127598538,150.09763,-147.154539,2.94309079,0,45.989542,-10.5583246,0.598425568,0.663106405,3.3207001,-6.66839271,41.2508241,-22.8915964,-1.10391617,1.31200993,3.0609272,-6.69653456,0.30564596,1.33165476,148.528449,-1.33268066,-3.81237938,-12.7707728,0.276924389,-0.123786139,0.00127598538,0.0400035533,-0.00245863922,-0.83587559,0,0,0,0,0,0,41.2508253,-22.891597,-1.10391622,0.185870141,1.24460591,-6.62193626,-42.3937472,17.6723297,-0.272206003,-0.69560749,2.71540027,19.7471248,-42.3937472,17.6723297,-0.272206003,-0.69560749,2.71540027,19.7471248,0.0657787624,-0.0204177295,147.155253,-0.0165935107,0.909857432,0.00148290094,-0.0591548601,-0.255650596,-0.000183670086,-0.0297811796,-0.0292494945,0.352976163,1432,1210,1374,1268,1569,1447,1525,1457,-0.1325,-0.1325,-0.0959477578,-0.163508514,0.2,0.1075,0.1075,0.0852138207,0.143484321,0.2,-0.1725,-0.1725,-0.170024923,-0.578401375,0.2,0.0625,0.0625,0.00184338262,0,0.2,0.725,0.725,0.664696639,31.1341281,1,-0.58,-0.58,-0.559061193,-18.7171917,1,0.17,0.17,0.252898919,6.33646247,1,-0.315,-0.315,-0.358548888,-8.85125195,1
298221.958,36.4,0.30233182,-0.0372252842,0.0125860961,0.0385109939,-0.00320982332,-0.831138317,0.346067953,-0.00139903429,150.09763,-147.154539,2.94309079,0,46.4507911,-10.7497986,0.615946828,0.661904057,3.31041157,-6.88676281,40.6407055,-24.9147367,-1.09658949,1.42828913,2.99861972,-6.91322744,0.373019436,1.33055476,148.559325,-1.52481714,-3.70972328,-12.9365418,0.27335295,-0.136266341,0.00139903429,0.0385109939,-0.00320982332,-0.831138317,0,0,0,0,0,0,40.6407066,-24.9147373,-1.09658954,0.176013169,1.21354602,-6.83946388,-42.0482351,19.6733634,-0.277869401,-0.659538584,2.75181985,19.6278437,-42.0482351,19.6733634,-0.277869401,-0.659538584,2.75181985,19.6278437,0.0633236394,-0.0230540541,147.155155,-0.0140587661,0.907663433,0.00119853491,-0.0709621505,-0.258742576,0.00200967016,-0.0605296728,-0.00294152892,-0.20887486,1518,1125,1459,1184,1578,1445,1533,1443,-0.1375,-0.1375,-0.116956215,-0.271146532,0.2,0.1425,0.1425,0.107477622,0.275630246,0.2,-0.195,-0.195,-0.177898707,-0.620430542,0.2,0.0825,0.0825,0.0394166744,0,0.2,0.9375,0.9375,0.672266116,31.71339,1,-0.79,-0.79,-0.564854304,-19.0305959,1,-0.045,-0.045,0.248131856,6.21381797,1,-0.1025,-0.1025,-0.354768336,-8.73353491,1
298222.012,36.45,0.304484077,-0.0375250111,0.012742519,0.0354110208,-0.00247371021,-0.848988353,0.345994967,-0.00152756686,150.09763,-147.154539,2.94309079,0,47.2571743,-10.820707,0.584918617,0.658095277,3.31567359,-7.33170424,40.28618,-26.9512829,-1.14995645,1.53765129,2.94875203,-7.35670835,0.423825396,1.31235818,148.593517,-1.71525381,-3.59945021,-13.546211,0.269354135,-0.148621057,0.00152756686,0.0354110208,-0.00247371021,-0.848988353,0,0,0,0,0,0,40.2861811,-26.9512837,-1.1499565,0.168999328,1.182223,-7.28409333,-41.8391421,21.7843413,-0.240102803,-0.607368802,2.7861457,20.3261733,-41.8391421,21.7843413,-0.240102803,-0.607368802,2.7861457,20.3261733,0.0630425479,-0.0255667083,147.154858,-0.0119897924,0.905195336,0.00104242536,-0.077099431,-0.25776241,0.00303647228,-0.0268263079,0.0241940325,-0.605863207,1564,1100,1512,1152,1579,1437,1546,1436,-0.1575,-0.1575,-0.135986198,-0.375343649,0.2,0.16,0.16,0.129468963,0.414825456,0.2,-0.1975,-0.1975,-0.185829388,-0.673135578,0.2,0.115,0.115,0.0742138873,0.0487351521,0.2,1,1,0.686238534,32.6323722,1,-0.87,-0.87,-0.577423008,-19.8335726,1,-0.16,-0.16,0.239165069,5.93090047,1,0.03,0.03,-0.346624061,-8.43489158,1
298222.065,36.5,0.306769911,-0.0373072656,0.0126309643,0.0341139032,-0.00106423375,-0.88137376,0.345921746,-0.00136575926,150.09763,-147.154539,2.94309079,0,48.1466512,-10.9734009,0.39914532,0.678293186,3.31010856,-7.86536343,39.8313226,-29.1596505,-1.36212844,1.66318896,2.87381891,-7.89023508,0.48709521,1.29446195,148.682206,-1.90230254,-3.48885298,-14.4179193,0.264874043,-0.160945398,0.00136575926,0.0341139032,-0.00106423375,-0.88137376,0,0,0,0,0,0,39.8313237,-29.1596513,-1.36212849,0.182295476,1.13563621,-7.81708069,-41.6846417,23.9562888,-0.20268373,-0.605604576,2.82460404,21.584855,-41.6846417,23.9562888,-0.20268373,-0.605604576,2.82460404,21.584855,0.0655807565,-0.0290161335,147.154666,-0.0107339826,0.903970685,0.000991349888,-0.0935945421,-0.262475896,-0.00258326296,-0.00681963782,0.0310913885,-0.770113092,1556,1100,1503,1153,1582,1436,1550,1430,-0.16,-0.16,-0.148015585,-0.450256717,0.2,0.175,0.175,0.150495605,0.564002763,0.2,-0.205,-0.205,-0.194702943,-0.727922099,0.2,0.125,0.125,0.0986173924,0.215030731,0.2,1,1,0.700181141,33.7805069,1,-0.8675,-0.8675,-0.590392625,-20.696439,1,-0.14,-0.14,0.229557794,5.58901843,1,0.0075,0.0075,-0.337617922,-8.0236829,1
298222.118,36.55,0.308619726,-0.037587022,0.012394837,0.0347290501,0.000586537974,-0.916529264,0.345860514,-0.00107467484,150.09763,-147.154539,2.94309079,0,48.8863416,-11.5634383,0.249063213,0.743744847,3.3060829,-8.34325221,38.8804064,-31.7743096,-1.53517889,1.83246667,2.77095648,-8.3700098,0.618201932,1.32086554,148.783905,-2.08792931,-3.37734564,-15.350012,0.258881749,-0.173955416,0.00107467484,0.0347290501,0.000586537974,-0.916529264,0,0,0,0,0,0,38.8804075,-31.7743105,-1.53517894,0.221077446,1.09751618,-8.29237332,-41.4982097,26.3106312,-0.152424824,-0.640794873,2.87246079,23.0094453,-41.4982097,26.3106312,-0.152424824,-0.640794873,2.87246079,23.0094453,0.0694716273,-0.033390268,147.154617,-0.00993066402,0.904045217,0.000998539281,-0.137954245,-0.279684471,-0.00431256936,0.0491960915,0.0334858156,-0.751533746,1557,1100,1499,1158,1582,1430,1558,1429,-0.175,-0.175,-0.162093753,-0.529032146,0.2,0.1775,0.1775,0.165144606,0.672838745,0.2,-0.205,-0.205,-0.200228659,-0.757417608,0.2,0.145,0.145,0.12139548,0.364547796,0.2,1,1,0.713504181,35.1123992,1,-0.855,-0.855,-0.602305255,-21.1288945,1,-0.1425,-0.1425,0.22037898,5.26238351,1,-0.0025,-0.0025,-0.329292418,-7.63205007,1
298222.171,36.6,0.309759645,-0.0383460198,0.0121566945,0.0359180831,0.00287427734,-0.948608378,0.34581468,-0.000775525075,150.09763,-147.154539,2.94309079,0,49.7482008,-11.9414593,0.170092203,0.790962145,3.34085138,-8.779003,37.9265942,-34.2982949,-1.64659666,2.00360842,2.69782306,-8.80710547,0.726938496,1.31947594,148.867106,-2.27532364,-3.26249635,-16.1900192,0.251101579,-0.187283351,0.000775525075,0.0359180831,0.00287427734,-0.948608378,0,0,0,0,0,0,37.9265953,-34.2982958,-1.64659671,0.251208196,1.09298115,-8.72646083,-41.0917411,28.8584821,-0.11828608,-0.684085554,2.91164106,24.3834773,-41.0917411,28.8584821,-0.11828608,-0.684085554,2.91164106,24.3834773,0.0733496513,-0.0379217456,147.154622,-0.00891678411,0.904980517,0.00102503997,-0.167133586,-0.277958256,-0.00365671663,0.0311657824,0.0521514136,-0.641575138,1541,1109,1485,1165,1581,1430,1558,1429,-0.175,-0.175,-0.169522418,-0.575294192,0.2,0.1775,0.1775,0.171272112,0.718505234,0.2,-0.2025,-0.2025,-0.201448078,-0.763926697,0.2,0.145,0.145,0.134565165,0.450623452,0.2,0.9775,0.9775,0.725991065,36.1988825,1,-0.8375,-0.8375,-0.613344371,-21.7821281,1,-0.1025,-0.1025,0.211636483,4.95127523,1,-0.0375,-0.0375,-0.321433256,-7.42229447,1
298222.224,36.65,0.31033628,-0.03906321,0.0120237957,0.0360279131,0.00533965223,-0.971855519,0.345782207,-0.000562568235,150.09763,-147.154539,2.94309079,0,50.1500002,-12.1544064,0.150771718,0.792911768,3.35576208,-8.99388249,36.4638619,-36.4734544,-1.68782427,2.13261341,2.61476472,-9.02190312,0.835840989,1.2901987,148.914187,-2.45699155,-3.1508057,-16.704338,0.241954608,-0.200205471,0.000562568235,0.0360279131,0.00533965223,-0.971855519,0,0,0,0,0,0,36.4638629,-36.4734554,-1.68782432,0.243532607,1.08964551,-8.94040334,-40.2230434,31.3152583,-0.0914157397,-0.69883965,2.92498943,25.4121746,-40.2230434,31.3152583,-0.0914157397,-0.69883965,2.92498943,25.4121746,0.0753698045,-0.041852802,147.154557,-0.00795606391,0.90621091,0.00106773684,-0.197690599,-0.258263758,-0.00170008708,-0.0222595,0.033057512,-0.312385226,1408,1242,1348,1303,1591,1436,1549,1422,-0.16,-0.16,-0.170325307,-0.580004782,0.2,0.195,0.195,0.179581419,0.762859164,0.2,-0.2275,-0.2275,-0.207641119,-0.796984292,0.2,0.1225,0.1225,0.136354469,0.463358191,0.2,0.645,0.645,0.73194658,36.7536575,1,-0.4925,-0.4925,-0.617952276,-22.0690857,1,0.23,0.23,0.206943128,4.79785636,1,-0.38,-0.38,-0.317700457,-7.30221092,1
298222.278,36.7,0.309681598,-0.0395688054,0.0120997791,0.0345029346,0.00586430366,-0.969792959,0.345754046,-0.000594088673,150.09763,-147.154539,2.94309079,0,49.8154079,-12.0432833,0.192605253,0.754175952,3.32245294,-8.65124113,34.4314462,-37.9265715,-1.64417808,2.21562513,2.49602647,-8.67826624,0.933890687,1.22655916,148.87872,-2.60919002,-3.0533778,-16.3933131,0.231160247,-0.211749966,0.000594088673,0.0345029346,0.00586430366,-0.969792959,0,0,0,0,0,0,34.4314471,-37.9265725,-1.64417813,0.209819559,1.071644,-8.59825092,-38.6453249,33.26796,-0.0675421753,-0.665981343,2.92077909,25.349172,-38.6453249,33.26796,-0.0675421753,-0.665981343,2.92077909,25.349172,0.0723370126,-0.0444510543,147.154415,-0.00811478745,0.906969306,0.00110430198,-0.219908165,-0.225031349,0.000809876749,-0.0234442478,-0.0172888989,0.344449796,1268,1383,1212,1440,1587,1430,1552,1428,-0.175,-0.175,-0.169254082,-0.573623132,0.2,0.18,0.18,0.184952954,0.800344406,0.2,-0.2175,-0.2175,-0.216588792,-0.850607409,0.2,0.13,0.13,0.131847424,0.431280881,0.2,0.2925,0.2925,0.724969038,36.117051,1,-0.15,-0.15,-0.610125928,-21.5816994,1,0.58,0.58,0.216580903,5.1272261,1,-0.72,-0.72,-0.328977645,-7.623649,1
298222.332,36.75,0.309303877,-0.0401185714,0.0122479034,0.0353658531,0.00462630927,-0.940137912,0.345721467,-0.000706829457,150.09763,-147.154539,2.94309079,0,49.7043446,-11.9703366,0.27036493,0.755966339,3.3084642,-8.03702227,32.5355653,-39.4062359,-1.57146282,2.3428487,2.36259371,-8.06476028,0.954756137,1.19994374,148.839073,-2.73523169,-2.9622309,-15.454861,0.220153018,-0.222671314,0.000706829457,0.0353658531,0.00462630927,-0.940137912,0,0,0,0,0,0,32.5355662,-39.406237,-1.57146287,0.214907135,1.06301747,-7.98435301,-36.5548802,34.9108031,-0.111500685,-0.657706645,2.90710697,24.1622855,-36.5548802,34.9108031,-0.111500685,-0.657706645,2.90710697,24.1622855,0.0664837594,-0.0462524614,147.154563,-0.00885225307,0.908317191,0.00110833362,-0.20685897,-0.212655874,0.000325223043,-0.00408339579,-0.0389126636,0.7638956,1256,1396,1195,1457,1594,1428,1550,1425,-0.18,-0.18,-0.175868409,-0.609593094,0.2,0.1875,0.1875,0.182366651,0.781937299,0.2,-0.235,-0.235,-0.220165852,-0.872736018,0.2,0.125,0.125,0.13167123,0.430026882,0.2,0.26,0.26,0.713413347,35.1039142,1,-0.1075,-0.1075,-0.597768946,-20.9261194,1,0.61,0.61,0.234246052,5.7558536,1,-0.7625,-0.7625,-0.348237732,-8.5066712,1
298222.385,36.8,0.309755983,-0.0401293237,0.0124454063,0.0341497142,0.00230941374,-0.903312414,0.345682409,-0.000866805951,150.09763,-147.154539,2.94309079,0,49.3945386,-11.6265461,0.33278515,0.67650074,3.26721231,-7.53791032,30.6678732,-40.4020856,-1.50359406,2.37609038,2.26029542,-7.56291482,0.961684582,1.14058055,148.818209,-2.8517518,-2.8577157,-14.5230122,0.210068111,-0.232642239,0.000866805951,0.0341497142,0.00230941374,-0.903312414,0,0,0,0,0,0,30.667874,-40.4020867,-1.50359411,0.150980867,1.03604346,-7.48675372,-34.5537088,36.1772516,-0.124893645,-0.607017527,2.90228715,22.7077337,-34.5537088,36.1772516,-0.124893645,-0.607017527,2.90228715,22.7077337,0.058595596,-0.0465528691,147.15456,-0.00938826485,0.908148909,0.00103233889,-0.196776206,-0.195982756,0.00301363211,-0.0754397357,-0.0651850364,0.739912079,1280,1373,1219,1433,1605,1434,1543,1417,-0.165,-0.165,-0.173958153,-0.59939641,0.2,0.2075,0.2075,0.192321943,0.854856293,0.2,-0.2625,-0.2625,-0.237436144,-0.971537969,0.2,0.1075,0.1075,0.124405536,0.383292936,0.2,0.3175,0.3175,0.702987784,34.0676518,1,-0.1675,-0.1675,-0.586475557,-20.4490513,1,0.55,0.55,0.249517142,6.25695237,1,-0.7025,-0.7025,-0.365180025,-9.080771,1
298222.44,36.85,0.310392344,-0.0404099036,0.0126742625,0.032299928,-0.00106070799,-0.867516625,0.345632773,-0.00110471549,150.09763,-147.154539,2.94309079,0,48.9628484,-11.7170311,0.369088308,0.62825591,3.22698557,-7.0397609,28.4701002,-41.4986684,-1.44896212,2.42558616,2.14317405,-7.06326495,1.01402875,1.10532679,148.796731,-2.9462693,-2.74585053,-13.6240614,0.199906148,-0.242070257,0.00110471549,0.032299928,-0.00106070799,-0.867516625,0,0,0,0,0,0,28.470101,-41.4986695,-1.44896217,0.0986461148,1.01548885,-6.98820616,-32.5197819,37.4600055,-0.148767323,-0.535755213,2.91457589,21.321574,-32.5197819,37.4600055,-0.148767323,-0.535755213,2.91457589,21.321574,0.0505838491,-0.0465147515,147.154522,-0.01040826,0.906792749,0.000961059353,-0.203736633,-0.188693487,0.00348963277,-0.0349607216,-0.0668843349,0.746521465,1272,1381,1212,1441,1605,1439,1537,1417,-0.1525,-0.1525,-0.168348358,-0.567982727,0.2,0.2075,0.2075,0.20101835,0.922674684,0.2,-0.2625,-0.2625,-0.250979855,-1.04611334,0.2,0.0925,0.0925,0.114616726,0.322333072,0.2,0.2975,0.2975,0.69329624,33.1953986,1,-0.1475,-0.1475,-0.575932618,-19.7274993,1,0.57,0.57,0.263228047,6.60927073,1,-0.72,-0.72,-0.380470188,-9.71175571,1
298222.494,36.9,0.310893137,-0.0409558135,0.0128549093,0.0311980949,-0.00362724063,-0.830787469,0.345571262,-0.00134203809,150.09763,-147.154539,2.94309079,0,48.7016768,-11.6624811,0.403907329,0.582467511,3.22242092,-6.54425772,26.5365104,-42.4487585,-1.39515144,2.49319773,2.05375472,-6.56632551,1.05582307,1.06022168,148.780136,-3.02105264,-2.62533013,-12.7722918,0.189497133,-0.250849146,0.00134203809,0.0311980949,-0.00362724063,-0.830787469,0,0,0,0,0,0,26.5365111,-42.4487597,-1.39515149,0.0553233765,1.02288236,-6.49294298,-30.630616,38.6837073,-0.185328018,-0.483053858,2.92291724,19.9875503,-30.630616,38.6837073,-0.185328018,-0.483053858,2.92291724,19.9875503,0.0436187963,-0.0457415456,147.154566,-0.011066966,0.904758376,0.000907546441,-0.201950361,-0.174316278,0.00314541097,-0.0306999805,-0.0348683043,0.75965333,1265,1387,1206,1446,1603,1443,1533,1419,-0.1425,-0.1425,-0.159218948,-0.51182414,0.2,0.2025,0.2025,0.203478816,0.937997247,0.2,-0.2575,-0.2575,-0.256070927,-1.07328878,0.2,0.0825,0.0825,0.102922159,0.243208342,0.2,0.2825,0.2825,0.683293372,32.4096599,1,-0.135,-0.135,-0.565143875,-19.0460528,1,0.5875,0.5875,0.277352706,7.14461367,1,-0.735,-0.735,-0.395974416,-10.2742455,1
298222.547,36.95,0.311699483,-0.0416073258,0.013007502,0.0307033756,-0.00437370726,-0.793720858,0.345498398,-0.00155194282,150.09763,-147.154539,2.94309079,0,48.6870805,-11.7082761,0.412642161,0.562554101,3.23713575,-6.06613958,24.7486869,-43.5120999,-1.37312483,2.58563565,1.96187849,-6.08761738,1.09685916,1.0338638,148.780569,-3.08226548,-2.50130725,-11.9426,0.179350362,-0.259220347,0.00155194282,0.0307033756,-0.00437370726,-0.793720858,0,0,0,0,0,0,24.7486876,-43.5121011,-1.37312488,0.0333400326,1.03829537,-6.01462333,-28.889835,39.8222275,-0.226222882,-0.448052095,2.9127627,18.6799554,-28.889835,39.8222275,-0.226222882,-0.448052095,2.9127627,18.6799554,0.0380640511,-0.0440196312,147.15465,-0.0109943049,0.902455119,0.000869622579,-0.201749394,-0.173002392,0.0016654616,-0.0101394182,0.000780636479,0.765602287,1258,1394,1200,1452,1602,1445,1534,1417,-0.1375,-0.1375,-0.150734482,-0.466535235,0.2,0.2075,0.2075,0.203502527,0.938144908,0.2,-0.255,-0.255,-0.256150085,-1.07371131,0.2,0.085,0.085,0.0938268493,0.189459476,0.2,0.265,0.265,0.673177103,31.7660695,1,-0.12,-0.12,-0.554310428,-18.44247,1,0.605,0.605,0.291533156,7.70549343,1,-0.75,-0.75,-0.411384902,-10.9398967,1
298222.601,37,0.312788123,-0.0427665382,0.0130420763,0.0313265565,-0.00395253429,-0.753482759,0.3454182,-0.00162221286,150.09763,-147.154539,2.94309079,0,48.6926237,-11.8217857,0.344312424,0.561422266,3.23799379,-5.52972664,22.9633123,-44.5138875,-1.42999072,2.6745982,1.8466434,-5.55104568,1.14543845,1.00591742,148.814306,-3.13772563,-2.37795117,-11.0338397,0.169150012,-0.267463856,0.00162221286,0.0313265565,-0.00395253429,-0.753482759,0,0,0,0,0,0,22.9633129,-44.5138887,-1.42999077,0.0270775632,1.03860222,-5.47771093,-27.1215061,41.0934352,-0.277250537,-0.420746093,2.89155635,17.3334936,-27.1215061,41.0934352,-0.277250537,-0.420746093,2.89155635,17.3334936,0.033553189,-0.0417462262,147.154808,-0.0100257734,0.900545001,0.000797793519,-0.198397277,-0.157120241,-0.00334919178,-0.00819465406,0.00751846712,0.879044854,1258,1394,1200,1452,1600,1444,1540,1415,-0.14,-0.14,-0.14610718,-0.438372116,0.2,0.2125,0.2125,0.207774018,0.964745643,0.2,-0.25,-0.25,-0.254503393,-1.0649215,0.2,0.1,0.1,0.094721603,0.194235547,0.2,0.265,0.265,0.663123852,31.0012022,1,-0.12,-0.12,-0.543611943,-17.8238105,1,0.605,0.605,0.305418277,8.24780916,1,-0.75,-0.75,-0.426387535,-11.788947,1
298222.655,37.05,0.313590659,-0.0439184787,0.0129350253,0.0326824449,-0.00373748368,-0.709392892,0.345338717,-0.0015472629,150.09763,-147.154539,2.94309079,0,48.4871538,-11.9531579,0.264731352,0.599671244,3.21259612,-4.99246213,21.0877958,-45.2440797,-1.49340967,2.75920394,1.68685896,-5.01461444,1.20836925,0.961835767,148.863627,-3.19370276,-2.2516344,-10.1009949,0.158969224,-0.274738447,0.0015472629,0.0326824449,-0.00373748368,-0.709392892,0,0,0,0,0,0,21.0877964,-45.2440809,-1.49340972,0.0593885148,1.02214162,-4.93986837,-25.4043336,42.1341989,-0.274949896,-0.399887793,2.87204335,15.9086274,-25.4043336,42.1341989,-0.274949896,-0.399887793,2.87204335,15.9086274,0.029331634,-0.0392727688,147.155016,-0.00825890426,0.899006048,0.000635506436,-0.207179205,-0.139635945,-0.00387073601,0.0493470083,-0.00658450855,0.933273424,1238,1414,1181,1471,1594,1435,1552,1417,-0.1625,-0.1625,-0.149522472,-0.459640863,0.2,0.2075,0.2075,0.207862717,0.965298015,0.2,-0.235,-0.235,-0.248579986,-1.03330317,0.2,0.13,0.13,0.10569101,0.262914666,0.2,0.215,0.215,0.652580646,30.1761369,1,-0.0725,-0.0725,-0.532493834,-17.1141073,1,0.655,0.655,0.320018472,8.71932895,1,-0.7975,-0.7975,-0.441997186,-12.5616174,1
298222.709,37.1,0.314150611,-0.0453888321,0.0127146172,0.0353264083,-0.00401024577,-0.662570142,0.345265958,-0.00135775069,150.09763,-147.154539,2.94309079,0,48.5620009,-12.0258506,0.182336967,0.658118622,3.19380658,-4.44788433,19.5095592,-46.0415592,-1.5729547,2.85010821,1.51812089,-4.47094932,1.25722742,0.936023923,148.925027,-3.25321892,-2.11393573,-9.17141365,0.148670406,-0.281290292,0.00135775069,0.0353264083,-0.00401024577,-0.662570142,0,0,0,0,0,0,19.5095598,-46.0415605,-1.57295475,0.114550183,0.99960646,-4.39497071,-23.7948201,43.1020691,-0.29974981,-0.403958361,2.86464908,14.4634086,-23.7948201,43.1020691,-0.29974981,-0.403958361,2.86464908,14.4634086,0.0255160087,-0.0369922247,147.155313,-0.00523149837,0.897814006,0.000325346867,-0.20187674,-0.129722502,-0.00686942407,0.0416993917,-0.00880249534,0.970722577,1235,1417,1177,1475,1592,1426,1562,1418,-0.185,-0.185,-0.161771748,-0.527026859,0.2,0.205,0.205,0.20715617,0.960897991,0.2,-0.23,-0.23,-0.242214855,-0.99932698,0.2,0.155,0.155,0.124377586,0.383118881,0.2,0.2075,0.2075,0.641704631,29.4643947,1,-0.0625,-0.0625,-0.521051966,-16.4700769,1,0.6625,0.6625,0.335034568,9.36488276,1,-0.8075,-0.8075,-0.457947809,-13.377686,1
298222.761,37.15,0.314860074,-0.0465347589,0.0124577121,0.0375419619,-0.00489716577,-0.616606116,0.345204084,-0.0011195669,150.09763,-147.154539,2.94309079,0,48.5592258,-11.7482758,0.0917512886,0.721777014,3.15360231,-3.95459139,18.2524296,-46.4771029,-1.66027925,2.91406768,1.33736246,-3.97801883,1.25045518,0.879829087,148.999402,-3.31508169,-1.96157758,-8.27579764,0.139124694,-0.287039524,0.0011195669,0.0375419619,-0.00489716577,-0.616606116,0,0,0,0,0,0,18.2524301,-46.4771042,-1.6602793,0.190754958,0.959129046,-3.90289909,-22.155795,43.9246863,-0.280511479,-0.385152716,2.85566649,13.0725042,-22.155795,43.9246863,-0.280511479,-0.385152716,2.85566649,13.0725042,0.0217956473,-0.0346140173,147.155566,-0.000888469104,0.896340949,-0.000140495929,-0.176625879,-0.109106126,-0.00648209133,0.0426553256,-0.0271286728,0.964676776,1239,1413,1181,1472,1588,1417,1574,1419,-0.2075,-0.2075,-0.182421582,-0.648881716,0.2,0.2025,0.2025,0.205050918,0.947787521,0.2,-0.22,-0.22,-0.234828227,-0.955297152,0.2,0.185,0.185,0.150585149,0.564640058,0.2,0.2175,0.2175,0.631095772,28.6056877,1,-0.07,-0.07,-0.509814619,-16.0481716,1,0.6525,0.6525,0.349384256,9.98110082,1,-0.7975,-0.7975,-0.473278965,-14.0381557,1
298222.813,37.2,0.315737143,-0.0473962802,0.0121999445,0.0394471048,-0.00644930918,-0.567832547,0.345154312,-0.000880101076,150.09763,-147.154539,2.94309079,0,48.513074,-11.7066508,-0.00572152296,0.78720933,3.11632049,-3.42533871,16.8769222,-46.932507,-1.7530925,2.97071755,1.16027007,-3.44858055,1.27652282,0.846539161,149.081332,-3.37331794,-1.79606349,-7.34792709,0.130387689,-0.292103314,0.000880101076,0.0394471048,-0.00644930918,-0.567832547,0,0,0,0,0,0,16.8769227,-46.9325083,-1.75309255,0.258068723,0.923504414,-3.37382954,-20.6876274,44.560274,-0.266588031,-0.368448323,2.85094226,11.6575983,-20.6876274,44.560274,-0.266588031,-0.368448323,2.85094226,11.6575983,0.0180275272,-0.0318775973,147.155791,0.00469672612,0.894379507,-0.000755844678,-0.166453713,-0.0972591673,-0.0060358489,0.0050239727,-0.0351508411,1.01284957,1242,1411,1183,1470,1587,1415,1578,1418,-0.2125,-0.2125,-0.197443189,-0.742549157,0.2,0.205,0.205,0.204439812,0.943981858,0.2,-0.2175,-0.2175,-0.228372678,-0.916542923,0.2,0.195,0.195,0.171707962,0.720831745,0.2,0.2225,0.2225,0.620946117,27.7881516,1,-0.075,-0.075,-0.499017619,-15.4631029,1,0.645,0.645,0.362665517,10.5629685,1,-0.7925,-0.7925,-0.487574173,-14.7936242,1
298222.866,37.25,0.316792555,-0.0484254128,0.0119825529,0.0389168128,-0.00805954118,-0.517895518,0.345115502,-0.000685575913,150.09763,-147.154539,2.94309079,0,48.6518623,-11.8057994,-0.100594434,0.824169303,3.08786495,-2.91072756,15.5853066,-47.5402029,-1.8487939,3.00872573,1.01761694,-2.9323242,1.30518512,0.832974485,149.16482,-3.42351158,-1.62075875,-6.47311223,0.122253385,-0.296778209,0.000685575913,0.0389168128,-0.00805954118,-0.517895518,0,0,0,0,0,0,15.5853071,-47.5402043,-1.84879395,0.290547182,0.888358199,-2.85878212,-19.3028944,45.193606,-0.246251343,-0.310661438,2.8449161,10.278663,-19.3028944,45.193606,-0.246251343,-0.310661438,2.8449161,10.278663,0.0141743702,-0.0282007396,147.155821,0.011178604,0.891343578,-0.00144639559,-0.156925639,-0.0953070987,-0.00537355908,-0.0385249348,-0.03215999,1.0321247,1250,1404,1189,1464,1592,1409,1586,1410,-0.2275,-0.2275,-0.210148512,-0.810500532,0.2,0.225,0.225,0.212505664,0.996441138,0.2,-0.23,-0.23,-0.22915843,-0.920737156,0.2,0.215,0.215,0.189877198,0.835390985,0.2,0.24,0.24,0.611407643,27.1773086,1,-0.09,-0.09,-0.488643614,-14.8411953,1,0.625,0.625,0.374614867,11.2129057,1,-0.7775,-0.7775,-0.500907351,-15.5727139,1
298222.918,37.3,0.317822133,-0.049420624,0.0117801241,0.0369433691,-0.00977345237,-0.467889798,0.345085894,-0.000523918937,150.09763,-147.154539,2.94309079,0,48.5343905,-11.5771858,-0.201269808,0.848678188,3.03838996,-2.44679004,14.5470758,-47.6894716,-1.93796047,3.01285476,0.882817594,-2.46620945,1.31239551,0.773260434,149.245136,-3.46085984,-1.44646637,-5.62006335,0.114786974,-0.30086309,0.000523918937,0.0369433691,-0.00977345237,-0.467889798,0,0,0,0,0,0,14.5470762,-47.6894729,-1.93796052,0.325389399,0.843749964,-2.39585049,-18.0452367,45.7864309,-0.205962536,-0.227990897,2.84355506,8.95729459,-18.0452367,45.7864309,-0.205962536,-0.227990897,2.84355506,8.95729459,0.0106113265,-0.0241883956,147.155742,0.0179146087,0.887627059,-0.00214877729,-0.140503812,-0.0703991511,-0.00338877109,-0.0648111324,-0.0399240681,1.02602877,1255,1399,1194,1460,1589,1404,1593,1412,-0.24,-0.24,-0.223222662,-0.88905285,0.2,0.22,0.22,0.218119517,1.03639577,0.2,-0.2225,-0.2225,-0.228416005,-0.916774196,0.2,0.2325,0.2325,0.208730331,0.970701088,0.2,0.2525,0.2525,0.602386511,26.3445855,1,-0.1,-0.1,-0.478905426,-14.3885438,1,0.6125,0.6125,0.385471933,11.7441463,1,-0.765,-0.765,-0.512884607,-16.1607178,1
298222.972,37.35,0.318414191,-0.0501700821,0.0116221078,0.0342518451,-0.0115490704,-0.420097431,0.345061759,-0.000448040515,150.09763,-147.154539,2.94309079,0,48.4350744,-11.5393649,-0.285690142,0.87601272,3.01326183,-2.03707832,13.4712985,-47.8924563,-2.00791929,3.03125744,0.76670561,-2.05437923,1.32426919,0.73938803,149.298812,-3.48380565,-1.27494604,-4.90047022,0.107965943,-0.303980651,0.000448040515,0.0342518451,-0.0115490704,-0.420097431,0,0,0,0,0,0,13.4712989,-47.8924576,-2.00791934,0.354433435,0.822739467,-1.98630517,-16.8326071,46.1357893,-0.1756567,-0.142645418,2.83211766,7.75493224,-16.8326071,46.1357893,-0.1756567,-0.142645418,2.83211766,7.75493224,0.00758771545,-0.0203416298,147.15562,0.0244984554,0.883382069,-0.00282486441,-0.130449404,-0.0636643814,-0.00240633177,-0.0652744586,-0.0228064603,0.942218893,1263,1392,1195,1461,1587,1405,1595,1410,-0.2375,-0.2375,-0.229306473,-0.921527392,0.2,0.225,0.225,0.219569519,1.04671565,0.2,-0.2175,-0.2175,-0.224436932,-0.895534455,0.2,0.2375,0.2375,0.22087913,1.05603634,0.2,0.27,0.27,0.59387436,25.7840614,1,-0.0975,-0.0975,-0.46956753,-13.8185682,1,0.5925,0.5925,0.395273189,12.2706382,1,-0.7625,-0.7625,-0.523940661,-16.6242714,1
298223.024,37.4,0.31916187,-0.0511554784,0.0114510576,0.031351991,-0.012012259,-0.375170422,0.345041516,-0.000361143033,150.09763,-147.154539,2.94309079,0,48.5519174,-11.5703456,-0.395825355,0.901338899,2.99667017,-1.67488338,12.5447743,-48.2649005,-2.1086203,3.0495852,0.664413358,-1.69004829,1.34945398,0.726875218,149.363207,-3.49384704,-1.11310148,-4.21787301,0.101659404,-0.307011008,0.000361143033,0.031351991,-0.012012259,-0.375170422,0,0,0,0,0,0,12.5447746,-48.2649018,-2.10862035,0.378359286,0.80038191,-1.6239739,-15.8160497,46.5671012,-0.145242567,-0.060655119,2.82071724,6.69325472,-15.8160497,46.5671012,-0.145242567,-0.060655119,2.82071724,6.69325472,0.00544207327,-0.0167173593,147.155475,0.0309639667,0.878943325,-0.00342999253,-0.121889258,-0.0610831805,-0.00302834836,-0.0622945556,-0.000696942949,0.930388554,1270,1381,1192,1459,1588,1404,1600,1407,-0.24,-0.24,-0.234721636,-0.954633351,0.2,0.2325,0.2325,0.225065706,1.08583283,0.2,-0.22,-0.22,-0.222350317,-0.884396391,0.2,0.25,0.25,0.233944183,1.14902227,0.2,0.2975,0.2975,0.586185878,25.2548986,1,-0.1025,-0.1025,-0.460420991,-13.4930818,1,0.575,0.575,0.403624685,12.6568385,1,-0.77,-0.77,-0.534649815,-17.2579614,1
298223.077,37.45,0.319558632,-0.0524685925,0.0112400618,0.0285946488,-0.011771917,-0.328968422,0.345026273,-0.000241230105,150.09763,-147.154539,2.94309079,0,48.4670797,-11.7196478,-0.518289909,0.920823429,2.96931153,-1.30848957,11.5223892,-48.4665312,-2.21505809,3.05070547,0.568850228,-1.32154352,1.39944165,0.693446695,149.419828,-3.49620697,-0.964546032,-3.54167788,0.0955419878,-0.309556284,0.000241230105,0.0285946488,-0.011771917,-0.328968422,0,0,0,0,0,0,11.5223895,-48.4665325,-2.21505814,0.391095357,0.776319088,-1.25692316,-14.8627544,47.0429852,-0.123019321,0.0155268195,2.8109437,5.67804051,-14.8627544,47.0429852,-0.123019321,0.0155268195,2.8109437,5.67804051,0.00382634532,-0.0132725914,147.155338,0.0371607668,0.874639334,-0.0039856803,-0.121793472,-0.0457118098,-0.00488110699,-0.0847417366,0.0095115218,0.962228635,1277,1376,1198,1454,1589,1405,1603,1401,-0.2375,-0.2375,-0.236324613,-0.964615902,0.2,0.2475,0.2475,0.232594446,1.13941599,0.2,-0.2225,-0.2225,-0.220817537,-0.876214623,0.2,0.2575,0.2575,0.244429064,1.21970444,0.2,0.31,0.31,0.579239065,24.6677807,1,-0.115,-0.115,-0.451717846,-13.0728514,1,0.5575,0.5575,0.410841639,12.9115069,1,-0.755,-0.755,-0.544768015,-17.8906624,1
298223.13,37.5,0.319531069,-0.0538719215,0.0109781622,0.0244008249,-0.0111015884,-0.28134251,0.345018583,-7.73681353e-05,150.09763,-147.154539,2.94309079,0,48.4312196,-11.7076925,-0.617559788,0.909186721,2.94271356,-0.937440993,10.7777323,-48.5961693,-2.29941219,3.03448514,0.508771227,-0.947644961,1.41066324,0.665133371,149.467054,-3.49262208,-0.832560053,-2.89731017,0.0899043875,-0.311413459,7.73681353e-05,0.0244008249,-0.0111015884,-0.28134251,0,0,0,0,0,0,10.7777326,-48.5961706,-2.29941223,0.379999031,0.75090521,-0.88592717,-13.8956141,47.4057157,-0.0778949713,0.114329067,2.79464044,4.69350534,-13.8956141,47.4057157,-0.0778949713,0.114329067,2.79464044,4.69350534,0.00247005443,-0.0098276928,147.155138,0.0428433007,0.870392402,-0.00446576188,-0.105040951,-0.032356504,-0.00433442402,-0.111613996,0.0176063238,0.996108119,1283,1374,1205,1452,1592,1405,1604,1397,-0.2375,-0.2375,-0.236955362,-0.968543892,0.2,0.2575,0.2575,0.243810538,1.21585257,0.2,-0.23,-0.23,-0.224392218,-0.895295777,0.2,0.26,0.26,0.252506491,1.26554689,0.2,0.315,0.315,0.572680724,24.113495,1,-0.12,-0.12,-0.443493448,-12.6414858,1,0.5425,0.5425,0.417053301,13.3259693,1,-0.7375,-0.7375,-0.553768596,-18.4111376,1
298223.184,37.55,0.319146775,-0.0552240725,0.0107444552,0.0195766206,-0.0102605694,-0.2325691,0.345018222,5.13890215e-05,150.09763,-147.154539,2.94309079,0,48.2730495,-11.6428581,-0.69251352,0.898614138,2.90715112,-0.590235221,10.1451696,-48.5577206,-2.35506529,3.00744114,0.452651131,-0.5981784,1.42608964,0.63575822,149.49343,-3.48265211,-0.724120249,-2.27221706,0.0849185132,-0.312615106,-5.13890215e-05,0.0195766206,-0.0102605694,-0.2325691,0,0,0,0,0,0,10.1451699,-48.557722,-2.35506533,0.37235696,0.722162263,-0.53900666,-13.0658286,47.641469,-0.0145201399,0.210807392,2.77526167,3.73502932,-13.0658286,47.641469,-0.0145201399,0.210807392,2.77526167,3.73502932,0.00140810151,-0.0067256394,147.154941,0.0475431225,0.866465902,-0.00484823638,-0.0908742024,-0.0162474031,-0.00221169001,-0.101376894,0.0132147976,1.01409194,1287,1370,1209,1448,1594,1404,1609,1391,-0.24,-0.24,-0.239152178,-0.982224575,0.2,0.2725,0.2725,0.255562647,1.27914134,0.2,-0.235,-0.235,-0.228374934,-0.916554961,0.2,0.2725,0.2725,0.261864801,1.31215172,0.2,0.325,0.325,0.566415243,23.5042319,1,-0.13,-0.13,-0.435603045,-12.2398656,1,0.5325,0.5325,0.422403875,13.6615912,1,-0.7275,-0.7275,-0.561709165,-18.8627128,1
298223.236,37.6,0.318321083,-0.0563741188,0.0104904511,0.0150740287,-0.00977067261,-0.182708408,0.345023912,0.00018306979,150.09763,-147.154539,2.94309079,0,48.0181002,-11.531881,-0.778180715,0.87829839,2.86583368,-0.271619018,9.63649962,-48.3799723,-2.41742447,2.96838908,0.412124739,-0.277501543,1.43454507,0.608653868,149.503239,-3.46652758,-0.638263651,-1.68323282,0.0806765558,-0.313045149,-0.00018306979,0.0150740287,-0.00977067261,-0.182708408,0,0,0,0,0,0,9.63649988,-48.3799736,-2.41742452,0.357057379,0.6919916,-0.220878748,-12.3673589,47.7084314,0.000535229299,0.290493564,2.75325009,2.83412516,-12.3673589,47.7084314,0.000535229299,0.290493564,2.75325009,2.83412516,0.000619992221,-0.00421561325,147.154799,0.0512297624,0.862935493,-0.00514981837,-0.0776520354,-0.000570000002,-0.00448001744,-0.108807031,0.00463454489,1.0264785,1293,1369,1215,1447,1595,1405,1610,1388,-0.2375,-0.2375,-0.238955681,-0.981000894,0.2,0.28,0.28,0.26665664,1.34625595,0.2,-0.2375,-0.2375,-0.232754347,-0.942382052,0.2,0.275,0.275,0.267928465,1.35530771,0.2,0.3275,0.3275,0.560447328,22.8671137,1,-0.1325,-0.1325,-0.428070148,-11.871278,1,0.5175,0.5175,0.427017372,13.9283751,1,-0.7125,-0.7125,-0.568797566,-19.2410818,1
298223.288,37.65,0.317278988,-0.0576202983,0.0101323838,0.011276726,-0.00951834367,-0.133402259,0.345038554,0.00040557181,150.09763,-147.154539,2.94309079,0,47.925501,-11.5790577,-0.876708332,0.873799533,2.83563424,0.00732263109,9.1749766,-48.3867537,-2.49774205,2.94389552,0.371312201,0.00267938393,1.44993325,0.609423014,149.523182,-3.44355948,-0.571687951,-1.16887297,0.0770020313,-0.313073247,-0.00040557181,0.011276726,-0.00951834367,-0.133402259,0,0,0,0,0,0,9.17497685,-48.3867551,-2.4977421,0.350426134,0.665544113,0.0582704867,-11.7332588,47.7600043,0.0516201344,0.364337786,2.73482156,2.0265434,-11.7332588,47.7600043,0.0516201344,0.364337786,2.73482156,2.0265434,0.000129296423,-0.00236361081,147.154709,0.0540081804,0.859635206,-0.00537566354,-0.0668716923,-0.000295021534,-0.00510006053,-0.0668751271,0.00699253344,1.00863708,1294,1368,1223,1439,1596,1403,1613,1386,-0.2425,-0.2425,-0.239611545,-0.985085289,0.2,0.285,0.285,0.275831152,1.41673996,0.2,-0.24,-0.24,-0.235521448,-0.95961419,0.2,0.2825,0.2825,0.274323418,1.40466785,0.2,0.33,0.33,0.554817055,22.4274255,1,-0.1525,-0.1525,-0.420970935,-11.5239106,1,0.515,0.515,0.430854892,14.176906,1,-0.6925,-0.6925,-0.574824762,-19.6486516,1
298223.341,37.7,0.316178451,-0.0590793427,0.0097927797,0.00879224756,-0.00897020969,-0.0832742995,0.345064612,0.000609617152,150.09763,-147.154539,2.94309079,0,47.8424576,-11.6432452,-0.918299958,0.875807814,2.80912528,0.29377765,8.82249336,-48.3850958,-2.52097079,2.92389349,0.333601062,0.289977012,1.47289733,0.609033343,149.540321,-3.41661283,-0.519817203,-0.682848906,0.0738449881,-0.312948891,-0.000609617152,0.00879224756,-0.00897020969,-0.0832742995,0,0,0,0,0,0,8.8224936,-48.3850971,-2.52097084,0.349533143,0.642605714,0.345007939,-11.2476362,47.8410467,0.0814179486,0.416417908,2.72143587,1.27657432,-11.2476362,47.8410467,0.0814179486,0.416417908,2.72143587,1.27657432,-6.68161185e-05,-0.00108481421,147.15466,0.0563387676,0.856551703,-0.0055645659,-0.0570188657,0.00606593248,-0.00344245101,-0.0404655808,0.014670326,1.03682676,1299,1364,1222,1441,1598,1401,1614,1385,-0.2475,-0.2475,-0.242725339,-1.00205187,0.2,0.2875,0.2875,0.281296932,1.46050333,0.2,-0.245,-0.245,-0.239488536,-0.984319251,0.2,0.285,0.285,0.279256718,1.44416776,0.2,0.34,0.34,0.549412645,22.0344217,1,-0.1475,-0.1475,-0.414235861,-11.1174404,1,0.5025,0.5025,0.434253582,14.4792682,1,-0.695,-0.695,-0.580169973,-20.0283221,1
298223.392,37.75,0.314898884,-0.0608166885,0.00957912697,0.00790228009,-0.00789993135,-0.0331630826,0.345097884,0.000695712973,150.09763,-147.154539,2.94309079,0,47.8181668,-11.7734701,-0.907194652,0.894029733,2.79439304,0.517546682,8.55595612,-48.44157,-2.49491129,2.91959818,0.295520004,0.51418929,1.50688301,0.618303821,149.529704,-3.3907455,-0.475028886,-0.280210402,0.0710981721,-0.312623828,-0.000695712973,0.00790228009,-0.00789993135,-0.0331630826,0,0,0,0,0,0,8.55595635,-48.4415714,-2.49491134,0.361868893,0.629020288,0.569349966,-10.8929025,47.9492788,0.112686654,0.452097374,2.71293181,0.61134625,-10.8929025,47.9492788,0.112686654,0.452097374,2.71293181,0.61134625,-5.54189608e-05,-0.000305926509,147.154632,0.0586295188,0.853699614,-0.00576141382,-0.0494893766,0.00761176212,-0.000755094873,-0.0192357741,0.0311303318,0.996032192,1304,1359,1227,1436,1598,1399,1614,1387,-0.2525,-0.2525,-0.248321064,-1.03192108,0.2,0.2825,0.2825,0.282089588,1.46684996,0.2,-0.245,-0.245,-0.242446157,-1.00056164,0.2,0.285,0.285,0.282836135,1.47282741,0.2,0.3525,0.3525,0.544418103,21.7900368,1,-0.16,-0.16,-0.407826004,-10.7666182,1,0.49,0.49,0.43696886,14.7208312,1,-0.6825,-0.6825,-0.584955286,-20.3476138,1
298223.444,37.8,0.31349918,-0.0626083857,0.00944968047,0.00690282148,-0.00571589449,0.0147334814,0.345133419,0.000724002926,150.09763,-147.154539,2.94309079,0,47.818339,-11.816147,-0.891117447,0.897074051,2.79078879,0.70675661,8.4978003,-48.4634819,-2.46724202,2.91816942,0.284120035,0.70449404,1.52282539,0.630695448,149.501331,-3.37167076,-0.435318991,0.0684581275,0.0690358286,-0.312080017,-0.000724002926,0.00690282148,-0.00571589449,0.0147334814,0,0,0,0,0,0,8.49780054,-48.4634832,-2.46724206,0.362984218,0.625478985,0.758747678,-10.5994209,48.0746639,0.118300138,0.489754223,2.71192958,0.0463134398,-10.5994209,48.0746639,0.118300138,0.489754223,2.71192958,0.0463134398,3.36178901e-05,7.05632458e-05,147.154589,0.0611317996,0.851283243,-0.00597940067,-0.0319560913,0.015185449,-0.00050289193,-0.0433271398,0.058330913,0.9639922,1302,1362,1231,1433,1599,1399,1613,1387,-0.2525,-0.2525,-0.250090839,-1.0413679,0.2,0.2825,0.2825,0.282309828,1.46861338,0.2,-0.2475,-0.2475,-0.244362122,-1.0107888,0.2,0.2825,0.2825,0.28306511,1.47466077,0.2,0.345,0.345,0.539619868,21.5434208,1,-0.1675,-0.1675,-0.401766919,-10.524049,1,0.495,0.495,0.439357614,14.9333451,1,-0.6725,-0.6725,-0.589105485,-20.6245287,1
298223.499,37.85,0.311746779,-0.0642006846,0.00935120964,0.00344773164,-0.00260847114,0.0605250299,0.345170257,0.000749108302,150.09763,-147.154539,2.94309079,0,47.5800466,-11.7351431,-0.864376271,0.876713071,2.76727046,0.881727907,8.56994811,-48.1974462,-2.42564155,2.88822729,0.293327958,0.880884529,1.52930328,0.621790441,149.456362,-3.36177538,-0.411682616,0.416844415,0.0678567544,-0.310970531,-0.000749108302,0.00344773164,-0.00260847114,0.0605250299,0,0,0,0,0,0,8.56994834,-48.1974475,-2.4256416,0.346284614,0.612849134,0.933362563,-10.4398925,48.0457806,0.131871942,0.535761783,2.70965962,-0.548364944,-10.4398925,48.0457806,0.131871942,0.535761783,2.70965962,-0.548364944,0.000139245322,-4.83428939e-05,147.154536,0.0633121268,0.849723998,-0.00616700286,-0.0140253718,0.0308236014,0.000159221201,-0.089168095,0.0611898054,0.889814335,1307,1357,1231,1433,1602,1399,1611,1386,-0.2525,-0.2525,-0.2504058,-1.04304912,0.2,0.285,0.285,0.28465055,1.48735505,0.2,-0.255,-0.255,-0.249933074,-1.04052577,0.2,0.2775,0.2775,0.281308518,1.4605961,0.2,0.3575,0.3575,0.53496537,21.1707448,1,-0.1675,-0.1675,-0.395988231,-10.27486,1,0.4825,0.4825,0.441514085,15.0713144,1,-0.6725,-0.6725,-0.592800943,-20.7714281,1
298223.551,37.9,0.309549834,-0.0655644679,0.00927199227,-0.000217301595,0.000227244814,0.100978543,0.345208144,0.000770845364,150.09763,-147.154539,2.94309079,0,47.298687,-11.6783974,-0.822351423,0.874466745,2.74809992,1.03497315,8.70470014,-47.8834759,-2.3723299,2.86894983,0.294515595,1.03455404,1.53965834,0.628976551,149.391984,-3.35832788,-0.41289669,0.749790641,0.0673530475,-0.309217948,-0.000770845364,-0.000217301595,0.000227244814,0.100978543,0,0,0,0,0,0,8.70470038,-47.8834772,-2.37232994,0.346603191,0.606580959,1.08635812,-10.398098,47.8669657,0.120210936,0.583217425,2.69850029,-1.14475655,-10.398098,47.8669657,0.120210936,0.583217425,2.69850029,-1.14475655,0.000267402765,-0.000633646033,147.15452,0.0645544152,0.849187888,-0.00628486012,-0.00415912555,0.0398143919,-0.00117431297,-0.0501112992,0.052179587,0.767469034,1309,1355,1233,1432,1600,1398,1611,1389,-0.255,-0.255,-0.252547877,-1.05448322,0.2,0.2775,0.2775,0.282917221,1.47347665,0.2,-0.25,-0.25,-0.250726181,-1.04475926,0.2,0.2775,0.2775,0.279749987,1.44811726,0.2,0.3625,0.3625,0.530645795,20.8248855,1,-0.17,-0.17,-0.390366756,-10.0248046,1,0.4775,0.4775,0.443223184,15.1625437,1,-0.6675,-0.6675,-0.596230336,-20.8782109,1
298223.604,37.95,0.30732316,-0.0667799809,0.00906650884,-0.00219038113,0.00253760485,0.1343741,0.345250475,0.000943820331,150.09763,-147.154539,2.94309079,0,47.1398831,-11.6600327,-0.760410031,0.869315378,2.74192986,1.14231151,8.94088711,-47.6805954,-2.30749322,2.85968631,0.310243996,1.14223775,1.54384198,0.659292467,149.246914,-3.36147462,-0.430507372,1.01663085,0.067420391,-0.307280799,-0.000943820331,-0.00219038113,0.00253760485,0.1343741,0,0,0,0,0,0,8.94088735,-47.6805967,-2.30749327,0.342281907,0.607861383,1.19361569,-10.4598176,47.6150664,0.160529328,0.612241917,2.6811138,-1.67179616,-10.4598176,47.6150664,0.160529328,0.612241917,2.6811138,-1.67179616,0.00036732945,-0.00136224109,147.154522,0.0652385868,0.849404985,-0.00636313904,0.00653063026,0.038337838,-0.00379838287,-0.0345356269,0.0404682131,0.59467215,1312,1353,1235,1429,1602,1397,1608,1391,-0.2575,-0.2575,-0.253057119,-1.05720149,0.2,0.2725,0.2725,0.280394349,1.45327653,0.2,-0.255,-0.255,-0.252879193,-1.05625174,0.2,0.27,0.27,0.27631159,1.42058673,0.2,0.3675,0.3675,0.526583394,20.6060021,1,-0.1775,-0.1775,-0.385022504,-9.85350356,1,0.47,0.47,0.444571954,15.2345392,1,-0.6625,-0.6625,-0.599236556,-20.9718171,1
298223.656,38,0.30531453,-0.0679319632,0.00885266349,-0.00270335992,0.00416972568,0.160679906,0.345303216,0.00115244634,150.09763,-147.154539,2.94309079,0,47.031405,-11.6818572,-0.670906258,0.883099991,2.73984301,1.24926267,9.22951463,-47.5263454,-2.22070118,2.86158698,0.314538736,1.24885863,1.54485704,0.696021503,149.145187,-3.37083725,-0.458360761,1.25839001,0.067964505,-0.305438062,-0.00115244634,-0.00270335992,0.00416972568,0.160679906,0,0,0,0,0,0,9.22951488,-47.5263467,-2.22070122,0.355080056,0.611071554,1.30066288,-10.5698968,47.3832566,0.186506968,0.634667053,2.66490528,-2.10967856,-10.5698968,47.3832566,0.186506968,0.634667053,2.66490528,-2.10967856,0.000431831859,-0.00200487139,147.154519,0.0657514498,0.850091686,-0.00642715402,0.0157011015,0.0361194523,-0.00326785383,0.0119738201,0.0260730516,0.497932688,1309,1356,1239,1426,1601,1394,1608,1395,-0.265,-0.265,-0.25802333,-1.08371043,0.2,0.2625,0.2625,0.274884527,1.40916053,0.2,-0.2525,-0.2525,-0.253088646,-1.05736977,0.2,0.27,0.27,0.274093373,1.40282593,0.2,0.36,0.36,0.52259585,20.41089,1,-0.185,-0.185,-0.379958516,-9.6952699,1,0.4775,0.4775,0.445810201,15.3006351,1,-0.6525,-0.6525,-0.601903389,-21.1056559,1
298223.709,38.05,0.303446555,-0.0690529775,0.0087435235,-0.00242238705,0.00499535127,0.183438642,0.345364315,0.00127378685,150.09763,-147.154539,2.94309079,0,46.8512619,-11.7025569,-0.572360336,0.889311796,2.73642696,1.37432171,9.54409106,-47.2938794,-2.12543354,2.85877905,0.327924032,1.37386911,1.55074584,0.722848915,149.047212,-3.38599012,-0.488724539,1.50236404,0.0688797952,-0.303627193,-0.00127378685,-0.00242238705,0.00499535127,0.183438642,0,0,0,0,0,0,9.54409132,-47.2938807,-2.12543358,0.360356233,0.616231574,1.425813,-10.7556109,47.1838621,0.195050607,0.645810541,2.65201589,-2.51530068,-10.7556109,47.1838621,0.195050607,0.645810541,2.65201589,-2.51530068,0.000523450769,-0.0025459863,147.154506,0.0665743461,0.851048847,-0.00651709417,0.0247983733,0.0395489279,-0.0024662412,-0.00183938453,0.00590701991,0.459320138,1311,1354,1240,1424,1603,1394,1604,1397,-0.265,-0.265,-0.260574927,-1.09784198,0.2,0.2575,0.2575,0.269165849,1.36411436,0.2,-0.2575,-0.2575,-0.254121914,-1.06288522,0.2,0.26,0.26,0.269848539,1.36897317,0.2,0.365,0.365,0.518670478,20.1715079,1,-0.19,-0.19,-0.375204315,-9.48379271,1,0.4725,0.4725,0.447111468,15.370095,1,-0.65,-0.65,-0.604093351,-21.2322944,1
298223.763,38.1,0.301487598,-0.0699992244,0.00867632399,-0.00303323882,0.00474007974,0.205426829,0.345430115,0.00134424836,150.09763,-147.154539,2.94309079,0,46.6036909,-11.6607658,-0.473462564,0.885858147,2.72453007,1.50786663,9.93439103,-46.9606097,-2.02747194,2.84369639,0.349089316,1.50764651,1.55324325,0.743174167,148.94772,-3.4019205,-0.521268613,1.76353969,0.0702341508,-0.301528638,-0.00134424836,-0.00303323882,0.00474007974,0.205426829,0,0,0,0,0,0,9.9343913,-46.960611,-2.02747198,0.358791542,0.615960041,1.55917405,-11.0404879,46.9042276,0.217172801,0.661070787,2.6420989,-2.92664939,-11.0404879,46.9042276,0.217172801,0.661070787,2.6420989,-2.92664939,0.000813688546,-0.00317387096,147.154496,0.0676849037,0.85208952,-0.00662689539,0.0321966495,0.0477158428,-0.000960078406,-0.0220607926,-0.0163295096,0.438536127,1312,1353,1242,1423,1605,1394,1602,1397,-0.265,-0.265,-0.262949557,-1.11263,0.2,0.2575,0.2575,0.264391921,1.33013761,0.2,-0.2625,-0.2625,-0.257063024,-1.07858445,0.2,0.255,0.255,0.2650104,1.33453941,0.2,0.3675,0.3675,0.514906161,19.8533624,1,-0.1925,-0.1925,-0.370644073,-9.2809432,1,0.47,0.47,0.448185703,15.4274361,1,-0.645,-0.645,-0.606056724,-21.3458301,1
298223.814,38.15,0.2995064,-0.0707712284,0.00861848582,-0.00423491098,0.00365260966,0.226177282,0.34549851,0.00138124233,150.09763,-147.154539,2.94309079,0,46.3838433,-11.6089778,-0.378528505,0.882056135,2.72159018,1.62633663,10.3903724,-46.6334815,-1.93161241,2.83582432,0.377859914,1.62645912,1.54971404,0.772870244,148.855692,-3.41164897,-0.556675847,2.00984102,0.0720230315,-0.299215314,-0.00138124233,-0.00423491098,0.00365260966,0.226177282,0,0,0,0,0,0,10.3903727,-46.6334828,-1.93161246,0.357330348,0.623374975,1.67741618,-11.3833062,46.5726484,0.222509646,0.679834518,2.63410757,-3.32144719,-11.3833062,46.5726484,0.222509646,0.679834518,2.63410757,-3.32144719,0.00130367377,-0.00385117577,147.154494,0.0687414865,0.852859729,-0.00672612273,0.0398783629,0.0480822916,-0.000413378524,-0.029954889,-0.024804576,0.409685,1313,1352,1242,1422,1604,1394,1597,1402,-0.265,-0.265,-0.263619749,-1.11680363,0.2,0.245,0.245,0.25725456,1.28666734,0.2,-0.26,-0.26,-0.257582778,-1.08135883,0.2,0.2425,0.2425,0.258009085,1.29002363,0.2,0.37,0.37,0.511375775,19.5549878,1,-0.195,-0.195,-0.366193588,-9.1168394,1,0.4675,0.4675,0.449033753,15.4727038,1,-0.645,-0.645,-0.607894957,-21.4521293,1
298223.868,38.2,0.297603521,-0.0714496699,0.00854876093,-0.0054790632,0.00227550012,0.244873234,0.345568252,0.00140555681,150.09763,-147.154539,2.94309079,0,46.2000517,-11.5900917,-0.29792286,0.874367292,2.71267962,1.72801545,10.8733604,-46.3381028,-1.84770797,2.82005859,0.410653405,1.72853106,1.5420307,0.806205642,148.780025,-3.41223675,-0.594093723,2.22618499,0.0741700184,-0.296843871,-0.00140555681,-0.0054790632,0.00227550012,0.244873234,0,0,0,0,0,0,10.8733607,-46.338104,-1.84770802,0.350495155,0.623126466,1.7790119,-11.7569018,46.2183168,0.229552017,0.703862967,2.62851656,-3.68401108,-11.7569018,46.2183168,0.229552017,0.703862967,2.62851656,-3.68401108,0.00189650267,-0.00449992028,147.154497,0.0696309014,0.853169766,-0.00680260367,0.0455737963,0.0477269864,0.000668333206,-0.0294706661,-0.0294642012,0.355250749,1314,1351,1243,1421,1607,1394,1595,1402,-0.265,-0.265,-0.264360434,-1.12141625,0.2,0.245,0.245,0.252239718,1.26436023,0.2,-0.2675,-0.2675,-0.261461958,-1.10336598,0.2,0.2375,0.2375,0.250887409,1.25834486,0.2,0.3725,0.3725,0.507993997,19.3137887,1,-0.1975,-0.1975,-0.361920061,-8.96476279,1,0.465,0.465,0.449698265,15.5081746,1,-0.6425,-0.6425,-0.609587673,-21.5500137,1
298223.921,38.25,0.295842366,-0.0721501859,0.00851723105,-0.0067926328,0.00098604472,0.260790001,0.34563786,0.00137058381,150.09763,-147.154539,2.94309079,0,46.0469761,-11.6044127,-0.201882984,0.863697287,2.71120566,1.81546708,11.3757302,-46.0713902,-1.74554452,2.80859856,0.452273137,1.81652221,1.53659203,0.842222519,148.713754,-3.40279421,-0.633183006,2.41553592,0.0765664154,-0.294542243,-0.00137058381,-0.0067926328,0.00098604472,0.260790001,0,0,0,0,0,0,11.3757305,-46.0713915,-1.74554457,0.339177842,0.628994089,1.86652654,-12.1571497,45.891664,0.212930651,0.728478162,2.62473836,-4.00629752,-12.1571497,45.891664,0.212930651,0.728478162,2.62473836,-4.00629752,0.00251907006,-0.00510704746,147.154511,0.0702647583,0.852992831,-0.00685261358,0.052466977,0.045410526,0.00170733782,-0.0248591807,-0.0200656466,0.308650382,1315,1350,1245,1420,1608,1394,1591,1406,-0.265,-0.265,-0.263892031,-1.11849927,0.2,0.235,0.235,0.247445703,1.23849057,0.2,-0.27,-0.27,-0.264922595,-1.12491711,0.2,0.2275,0.2275,0.242358307,1.20680879,0.2,0.375,0.375,0.50484377,19.1176081,1,-0.2,-0.2,-0.357752073,-8.8264411,1,0.4625,0.4625,0.450066548,15.5281291,1,-0.6375,-0.6375,-0.611191853,-21.6480799,1
298223.976,38.3,0.294207822,-0.0728152092,0.00857907,-0.00765752596,0.000299751211,0.274585973,0.345703146,0.00123029924,150.09763,-147.154539,2.94309079,0,45.9002285,-11.608757,-0.0860036328,0.860013795,2.71074244,1.8964498,11.9188816,-45.7920908,-1.62058539,2.80037225,0.490442286,1.89780182,1.53187268,0.877763036,148.643305,-3.38541777,-0.674187782,2.58996192,0.0792126638,-0.292304209,-0.00123029924,-0.00765752596,0.000299751211,0.274585973,0,0,0,0,0,0,11.9188819,-45.792092,-1.62058543,0.335297986,0.635673729,1.94752839,-12.6130349,45.5705706,0.185186679,0.746954472,2.61987024,-4.29597814,-12.6130349,45.5705706,0.185186679,0.746954472,2.61987024,-4.29597814,0.00303387478,-0.00564046693,147.154521,0.0706290917,0.85236004,-0.00688038557,0.0569314959,0.0438474663,0.00365573651,-0.00982772812,-0.00688304871,0.270553319,1318,1346,1242,1422,1608,1393,1589,1408,-0.2675,-0.2675,-0.265549764,-1.12882281,0.2,0.23,0.23,0.24117659,1.19944964,0.2,-0.27,-0.27,-0.267647286,-1.14188514,0.2,0.2225,0.2225,0.235101903,1.15726194,0.2,0.385,0.385,0.501816305,18.9290726,1,-0.195,-0.195,-0.353743289,-8.70161746,1,0.455,0.455,0.450377572,15.5461146,1,-0.645,-0.645,-0.612602388,-21.7359211,1
298224.03,38.35,0.292678058,-0.0734477348,0.00872497635,-0.00832806431,0.000247551164,0.287037591,0.345759177,0.00100491384,150.09763,-147.154539,2.94309079,0,45.7503416,-11.617986,0.0431438759,0.845576034,2.70598818,1.97664144,12.4805649,-45.4985182,-1.48106892,2.78222055,0.537616652,1.97855992,1.52851281,0.912658584,148.566786,-3.36424871,-0.716602044,2.7580164,0.0820840355,-0.290104706,-0.00100491384,-0.00832806431,0.000247551164,0.287037591,0,0,0,0,0,0,12.4805652,-45.4985194,-1.48106897,0.320443074,0.638262612,2.02776063,-13.1148725,45.253541,0.143366726,0.762543886,2.6141581,-4.56453974,-13.1148725,45.253541,0.143366726,0.762543886,2.6141581,-4.56453974,0.00344371962,-0.00616502292,147.154528,0.0708660639,0.851540729,-0.00690159951,0.0613670443,0.0453597985,0.00477535235,-0.0194179187,0.0036887502,0.245605015,1318,1346,1242,1422,1613,1393,1584,1408,-0.2675,-0.2675,-0.26659632,-1.13534024,0.2,0.23,0.23,0.237409408,1.17368479,0.2,-0.2825,-0.2825,-0.273210033,-1.18223875,0.2,0.21,0.21,0.227161699,1.10075032,0.2,0.385,0.385,0.498932101,18.7399581,1,-0.195,-0.195,-0.349823903,-8.57722753,1,0.455,0.455,0.450582978,15.5579926,1,-0.645,-0.645,-0.61404204,-21.8255755,1
298224.085,38.4,0.291147522,-0.0740611891,0.00894164463,-0.00926393844,0.000544600606,0.299240568,0.345801994,0.000709109477,150.09763,-147.154539,2.94309079,0,45.5555384,-11.6463242,0.17857612,0.831121431,2.69908264,2.06803526,13.0247501,-45.1614056,-1.33385346,2.76117866,0.584679236,2.07041599,1.52853356,0.943841092,148.481475,-3.34077305,-0.763032325,2.92890543,0.0851192305,-0.287830435,-0.000709109477,-0.00926393844,0.000544600606,0.299240568,0,0,0,0,0,0,13.0247505,-45.1614068,-1.33385351,0.304707586,0.640758078,2.11927915,-13.6517256,44.9318861,0.0910041002,0.782262579,2.60695287,-4.8268353,-13.6517256,44.9318861,0.0910041002,0.782262579,2.60695287,-4.8268353,0.00385058658,-0.00677637127,147.154542,0.0708822694,0.850776485,-0.00690801964,0.0624019414,0.0469205133,0.00563823917,-0.0160058223,0.00993179139,0.251110016,1317,1347,1242,1423,1614,1393,1581,1410,-0.2675,-0.2675,-0.267081262,-1.13836022,0.2,0.225,0.225,0.233292107,1.14438135,0.2,-0.285,-0.285,-0.278616754,-1.22552924,0.2,0.2025,0.2025,0.218756883,1.04093199,0.2,0.3825,0.3825,0.49607451,18.5365791,1,-0.1925,-0.1925,-0.345986332,-8.40652402,1,0.4575,0.4575,0.450806382,15.5709113,1,-0.645,-0.645,-0.615417717,-21.9112459,1
298224.139,38.45,0.289583765,-0.0746681071,0.00917858219,-0.00951309173,0.00106990944,0.311369882,0.345829455,0.000397397762,150.09763,-147.154539,2.94309079,0,45.3666112,-11.6648741,0.296015027,0.829586196,2.69020934,2.15793571,13.600251,-44.809227,-1.2052698,2.74402534,0.620906449,2.16030697,1.52382516,0.97842582,148.395436,-3.31660498,-0.812994788,3.09599571,0.0882461682,-0.285470037,-0.000397397762,-0.00951309173,0.00106990944,0.311369882,0,0,0,0,0,0,13.6002513,-44.8092282,-1.20526984,0.302333898,0.64094102,2.20926121,-14.1962581,44.5709777,0.0554434024,0.793185514,2.59651635,-5.0827296,-14.1962581,44.5709777,0.0554434024,0.793185514,2.59651635,-5.0827296,0.00417638334,-0.00730461046,147.154539,0.0707729423,0.850046876,-0.00690564336,0.0624445641,0.0492082492,0.00589814012,0.00465179516,0.0121993067,0.246788142,1314,1350,1245,1419,1615,1391,1580,1411,-0.2725,-0.2725,-0.270440071,-1.16006023,0.2,0.2225,0.2225,0.228972023,1.11363467,0.2,-0.2875,-0.2875,-0.282191407,-1.24830203,0.2,0.2,0.2,0.212824812,0.998712563,0.2,0.375,0.375,0.49325536,18.335936,1,-0.2025,-0.2025,-0.342266125,-8.24104112,1,0.465,0.465,0.451131049,15.5896858,1,-0.6375,-0.6375,-0.616705041,-21.991414,1
298224.191,38.5,0.287993322,-0.0752254127,0.00938477136,-0.00968471234,0.00169264482,0.323146382,0.345842007,0.000123562975,150.09763,-147.154539,2.94309079,0,45.1755717,-11.6609621,0.388091925,0.81605936,2.6849423,2.24631956,14.2123615,-44.4269423,-1.10295431,2.72265791,0.670449641,2.2491,1.50873656,1.01198552,148.318406,-3.29392982,-0.864416922,3.26299955,0.0915162403,-0.282983157,-0.000123562975,-0.00968471234,0.00169264482,0.323146382,0,0,0,0,0,0,14.2123618,-44.4269435,-1.10295435,0.288983883,0.644714101,2.29762786,-14.7097768,44.1872768,0.0204431378,0.805208465,2.58174739,-5.34072958,-14.7097768,44.1872768,0.0204431378,0.805208465,2.58174739,-5.34072958,0.00449311783,-0.00782796069,147.154535,0.0707280028,0.849437799,-0.00691304199,0.0691980297,0.0510940859,0.00526080921,-0.00718802194,0.0133869394,0.247101868,1317,1347,1242,1422,1617,1393,1576,1412,-0.2675,-0.2675,-0.26995505,-1.15625675,0.2,0.22,0.22,0.225936021,1.09202699,0.2,-0.2925,-0.2925,-0.28655762,-1.27160827,0.2,0.19,0.19,0.205044267,0.947746105,0.2,0.3825,0.3825,0.490415147,18.1337938,1,-0.195,-0.195,-0.338755527,-8.07934635,1,0.4575,0.4575,0.451639042,15.6190614,1,-0.645,-0.645,-0.617737407,-22.0557047,1
298224.243,38.55,0.286422929,-0.0758742475,0.00956302511,-0.00972294151,0.00232312076,0.334240927,0.345842052,-0.000112703702,150.09763,-147.154539,2.94309079,0,45.0265205,-11.7335624,0.474436386,0.818029332,2.67656872,2.3235664,14.8000822,-44.1047302,-1.00968319,2.70580081,0.706672331,2.32624356,1.50617052,1.05268849,148.252192,-3.27243404,-0.917972124,3.41346034,0.0948187983,-0.280480989,0.000112703702,-0.00972294151,0.00232312076,0.334240927,0,0,0,0,0,0,14.8000826,-44.1047314,-1.00968323,0.287672321,0.643457549,2.37519414,-15.2780284,43.8216402,-0.0219654554,0.81295734,2.57021507,-5.59702583,-15.2780284,43.8216402,-0.0219654554,0.81295734,2.57021507,-5.59702583,0.00479937078,-0.00830909392,147.154527,0.0706972182,0.8489709,-0.00692207194,0.0693068034,0.0503407552,0.00444573789,0.00512807016,0.00975324459,0.216920203,1314,1350,1244,1420,1618,1391,1576,1413,-0.2725,-0.2725,-0.271734114,-1.17042137,0.2,0.2175,0.2175,0.222908298,1.07047824,0.2,-0.295,-0.295,-0.290570683,-1.29353715,0.2,0.19,0.19,0.200435325,0.919043891,0.2,0.375,0.375,0.487728246,18.0031946,1,-0.2,-0.2,-0.335196367,-7.90519524,1,0.465,0.465,0.451940283,15.6364812,1,-0.64,-0.64,-0.618966474,-22.1322449,1
298224.296,38.6,0.284945922,-0.0765506092,0.00973434134,-0.00985272844,0.00286387369,0.344183827,0.345830704,-0.000331316956,150.09763,-147.154539,2.94309079,0,44.8873807,-11.7867483,0.553065177,0.806119609,2.67421976,2.39575549,15.425458,-43.7642433,-0.925479212,2.68524718,0.758880525,2.39884816,1.50283778,1.0954293,148.192855,-3.25287203,-0.971806324,3.54414098,0.098235444,-0.277985542,0.000331316956,-0.00985272844,0.00286387369,0.344183827,0,0,0,0,0,0,15.4254584,-43.7642446,-0.925479252,0.273358594,0.647743677,2.44761725,-15.8871667,43.4348764,-0.0394852438,0.822253698,2.56107899,-5.81695728,-15.8871667,43.4348764,-0.0394852438,0.822253698,2.56107899,-5.81695728,0.00512628473,-0.00875398695,147.154523,0.0708212651,0.848675846,-0.00694343301,0.0706146362,0.0513878789,0.00491064602,-0.0130980976,0.0114941151,0.196820944,1317,1346,1242,1422,1620,1393,1573,1413,-0.2675,-0.2675,-0.270735493,-1.16242561,0.2,0.2175,0.2175,0.221029509,1.05710661,0.2,-0.3,-0.3,-0.294356229,-1.31711166,0.2,0.1825,0.1825,0.194134052,0.86936548,0.2,0.385,0.385,0.485014731,17.8824916,1,-0.195,-0.195,-0.33184326,-7.74112639,1,0.4575,0.4575,0.452425767,15.6645552,1,-0.645,-0.645,-0.61992873,-22.1921694,1
298224.348,38.65,0.283489969,-0.0772311934,0.0099096384,-0.0101821072,0.00337406883,0.352855524,0.345808632,-0.000547600226,150.09763,-147.154539,2.94309079,0,44.7580744,-11.8337604,0.636013104,0.802141499,2.67047875,2.45226739,16.0745966,-43.4123549,-0.838097599,2.66664919,0.805005602,2.45549408,1.49070373,1.13413939,148.138496,-3.23356442,-1.02814725,3.65866887,0.101734575,-0.275424301,0.000547600226,-0.0101821072,0.00337406883,0.352855524,0,0,0,0,0,0,16.074597,-43.4123561,-0.838097639,0.267255537,0.650212283,2.50433601,-16.4671315,43.0624395,-0.0780076928,0.835342795,2.55018837,-6.0167871,-16.4671315,43.0624395,-0.0780076928,0.835342795,2.55018837,-6.0167871,0.00547338693,-0.00918160563,147.154525,0.0709049638,0.848554781,-0.00696135471,0.0742200504,0.0523227867,0.00438176776,-0.00777635116,0.00787555284,0.163722379,1319,1345,1244,1420,1620,1391,1572,1414,-0.2725,-0.2725,-0.271438357,-1.16805331,0.2,0.215,0.215,0.218246302,1.03729811,0.2,-0.3,-0.3,-0.297384849,-1.3359724,0.2,0.18,0.18,0.189220125,0.830714492,0.2,0.3875,0.3875,0.482577648,17.7740848,1,-0.2,-0.2,-0.32854883,-7.61220422,1,0.4525,0.4525,0.452499198,15.6688015,1,-0.64,-0.64,-0.620935566,-22.2423854,1
298224.399,38.7,0.282197137,-0.077823391,0.0100653598,-0.0105839263,0.00374714724,0.360078099,0.345776178,-0.000736306879,150.09763,-147.154539,2.94309079,0,44.6592416,-11.8250586,0.696429127,0.7907431,2.66799292,2.49918985,16.7959602,-43.0355789,-0.774307091,2.64349968,0.858751745,2.50277159,1.47441479,1.1731027,148.092465,-3.21427,-1.08621311,3.75769663,0.105443812,-0.272859967,0.000736306879,-0.0105839263,0.00374714724,0.360078099,0,0,0,0,0,0,16.7959607,-43.0355801,-0.774307131,0.256250463,0.652459522,2.55122018,-17.104577,42.6854538,-0.108112688,0.847745131,2.54206894,-6.18508655,-17.104577,42.6854538,-0.108112688,0.847745131,2.54206894,-6.18508655,0.00583772484,-0.00954030978,147.154531,0.070989081,0.848559116,-0.00697753142,0.0790037774,0.0546620597,0.00362346491,-0.0144811721,0.00572111835,0.140470904,1315,1348,1246,1417,1622,1392,1570,1414,-0.27,-0.27,-0.271167579,-1.16588524,0.2,0.215,0.215,0.216917842,1.02784327,0.2,-0.305,-0.305,-0.300351979,-1.35413708,0.2,0.175,0.175,0.184307404,0.795749928,0.2,0.38,0.38,0.480103751,17.6640405,1,-0.2075,-0.2075,-0.325501371,-7.53086964,1,0.4625,0.4625,0.452803596,15.6864039,1,-0.635,-0.635,-0.62163055,-22.2763912,1
298224.451,38.75,0.281007296,-0.0782313372,0.010187067,-0.0113926917,0.00394725509,0.366814498,0.345735206,-0.000889608004,150.09763,-147.154539,2.94309079,0,44.5359535,-11.8067098,0.741784687,0.774848444,2.66338098,2.55266244,17.5164064,-42.6151351,-0.724961182,2.61468167,0.914932869,2.55664066,1.4502819,1.20856265,148.055266,-3.19298454,-1.14773911,3.86112203,0.109404114,-0.270167267,0.000889608004,-0.0113926917,0.00394725509,0.366814498,0,0,0,0,0,0,17.5164069,-42.6151362,-0.724961222,0.241185169,0.653619767,2.60461203,-17.7313731,42.2452748,-0.125840633,0.864781499,2.5335401,-6.33965667,-17.7313731,42.2452748,-0.125840633,0.864781499,2.5335401,-6.33965667,0.00630380818,-0.00992985449,147.154551,0.0709366935,0.848696986,-0.00697988575,0.0832837507,0.0561753257,0.00328653662,-0.018719509,0.000962313203,0.145015717,1318,1346,1243,1420,1623,1393,1568,1414,-0.2675,-0.2675,-0.269763013,-1.15506084,0.2,0.215,0.215,0.21656039,1.02529923,0.2,-0.3075,-0.3075,-0.304075804,-1.37401435,0.2,0.17,0.17,0.179418826,0.761991268,0.2,0.385,0.385,0.477768029,17.5204293,1,-0.2,-0.2,-0.322424708,-7.44875564,1,0.455,0.455,0.452940396,15.6943145,1,-0.6425,-0.6425,-0.622518727,-22.3198501,1
298224.504,38.8,0.279869403,-0.0785944547,0.0102671632,-0.0120330464,0.0039266976,0.37362924,0.345687658,-0.0010033897,150.09763,-147.154539,2.94309079,0,44.4087501,-11.7936342,0.777779553,0.762657843,2.65827834,2.60620315,18.2348656,-42.1764487,-0.684608529,2.58633268,0.968060735,2.61038834,1.43293013,1.24070536,148.026919,-3.16817559,-1.21228212,3.96752173,0.113448089,-0.267390749,0.0010033897,-0.0120330464,0.0039266976,0.37362924,0,0,0,0,0,0,18.2348661,-42.1764498,-0.684608568,0.229585589,0.654425099,2.65809522,-18.4261202,41.8118035,-0.148742168,0.877781821,2.52913685,-6.5022684,-18.4261202,41.8118035,-0.148742168,0.877781821,2.52913685,-6.5022684,0.00681611631,-0.0102500262,147.154565,0.0707179861,0.848807899,-0.00696251796,0.0832929694,0.0589107195,0.00252100649,-0.00896362153,-0.00164635028,0.137743066,1318,1346,1243,1420,1624,1394,1566,1414,-0.265,-0.265,-0.268084804,-1.14460978,0.2,0.215,0.215,0.215921843,1.0207546,0.2,-0.31,-0.31,-0.306931597,-1.38925818,0.2,0.165,0.165,0.174424792,0.735333807,0.2,0.385,0.385,0.475477578,17.3777914,1,-0.2,-0.2,-0.319402031,-7.3627627,1,0.455,0.455,0.453031918,15.699607,1,-0.6425,-0.6425,-0.623406634,-22.3632957,1
298224.558,38.85,0.27876235,-0.0788541589,0.0103336478,-0.0125465256,0.00374066396,0.380509927,0.345634748,-0.00110823692,150.09763,-147.154539,2.94309079,0,44.2688018,-11.7592794,0.816525046,0.745315182,2.65354892,2.66470754,18.9657276,-41.6961069,-0.640335469,2.55366894,1.02543881,2.66921956,1.4074953,1.27204777,148.002083,-3.139782,-1.27808907,4.07297798,0.117607627,-0.264472923,0.00110823692,-0.0125465256,0.00374066396,0.380509927,0,0,0,0,0,0,18.9657281,-41.696108,-0.640335508,0.213795763,0.656191821,2.71644844,-19.0919139,41.3264944,-0.167746852,0.888080901,2.52214575,-6.65855151,-19.0919139,41.3264944,-0.167746852,0.888080901,2.52214575,-6.65855151,0.00736801322,-0.0105120031,147.154576,0.0704213464,0.848854158,-0.00693226821,0.0866117191,0.0611067914,0.00281660855,-0.0154790144,-0.00461258656,0.150535828,1314,1349,1246,1418,1626,1396,1562,1414,-0.26,-0.26,-0.265709879,-1.12981993,0.2,0.215,0.215,0.215544604,1.01806973,0.2,-0.315,-0.315,-0.310066685,-1.40611149,0.2,0.155,0.155,0.168703821,0.70133664,0.2,0.3775,0.3775,0.473073148,17.2280553,1,-0.205,-0.205,-0.316567672,-7.26189993,1,0.465,0.465,0.453484941,15.7258039,1,-0.635,-0.635,-0.623947917,-22.3897809,1
298224.613,38.9,0.277661758,-0.0791017759,0.0104285384,-0.0134917548,0.00359083742,0.387512285,0.345575968,-0.00124684295,150.09763,-147.154539,2.94309079,0,44.1313238,-11.7229219,0.879591669,0.71828276,2.6534458,2.72109483,19.7028548,-41.1976435,-0.570962474,2.51663445,1.09332059,2.7262177,1.38551407,1.30150174,147.973432,-3.10683256,-1.34560556,4.18209684,0.121819694,-0.261436933,0.00124684295,-0.0134917548,0.00359083742,0.387512285,0,0,0,0,0,0,19.7028554,-41.1976446,-0.570962514,0.188406699,0.662580204,2.77267576,-19.7996745,40.8521386,-0.191839576,0.903610369,2.51832041,-6.82959596,-19.7996745,40.8521386,-0.191839576,0.903610369,2.51832041,-6.82959596,0.00801541016,-0.0108600874,147.154602,0.0699639253,0.848903406,-0.00688636932,0.0870188981,0.064249183,0.00365681815,-0.0249596534,-0.00115110912,0.144769178,1315,1349,1246,1417,1627,1398,1559,1414,-0.255,-0.255,-0.262197217,-1.10794481,0.2,0.215,0.215,0.21532174,1.01648357,0.2,-0.3175,-0.3175,-0.313259548,-1.42883557,0.2,0.1475,0.1475,0.161131312,0.640705137,0.2,0.3775,0.3775,0.470713438,17.0811043,1,-0.2075,-0.2075,-0.313857654,-7.16546191,1,0.4625,0.4625,0.453916141,15.7507388,1,-0.635,-0.635,-0.624439038,-22.4138116,1
298224.666,38.95,0.27653982,-0.0792344846,0.0105346039,-0.0142191677,0.00355648038,0.394545688,0.345509588,-0.00140197338,150.09763,-147.154539,2.94309079,0,43.939725,-11.6498611,0.929051074,0.698053099,2.65031094,2.78155278,20.4333713,-40.6139937,-0.512528443,2.47989951,1.15387819,2.78695633,1.35434182,1.32586632,147.943882,-3.06885154,-1.41577282,4.29387482,0.126116659,-0.258211713,0.00140197338,-0.0142191677,0.00355648038,0.394545688,0,0,0,0,0,0,20.4333719,-40.6139948,-0.512528481,0.171479387,0.668323226,2.83281225,-20.4742796,40.31152,-0.22408546,0.917948455,2.50950618,-6.9903859,-20.4742796,40.31152,-0.22408546,0.917948455,2.50950618,-6.9903859,0.00863342934,-0.011172686,147.154623,0.0692441552,0.848881307,-0.00681747459,0.0882861751,0.0684148675,0.00360973631,-0.0112479451,-0.00219579944,0.157292617,1318,1351,1250,1419,1627,1399,1556,1416,-0.2525,-0.2525,-0.259098942,-1.0894519,0.2,0.21,0.21,0.21366474,1.00469046,0.2,-0.3175,-0.3175,-0.314525989,-1.43784902,0.2,0.14,0.14,0.154648479,0.593559386,0.2,0.3725,0.3725,0.468369521,16.8843676,1,-0.2025,-0.2025,-0.311167095,-7.06971636,1,0.455,0.455,0.454122388,15.7626654,1,-0.625,-0.625,-0.624635114,-22.4234057,1
298224.719,39,0.275340508,-0.0792979565,0.0106712812,-0.0149055944,0.00343567608,0.402139641,0.345434773,-0.0015941679,150.09763,-147.154539,2.94309079,0,43.743897,-11.55311,1.00179546,0.668369381,2.64325866,2.84144823,21.1782424,-39.9912941,-0.430016099,2.43205837,1.21867903,2.84732779,1.32652195,1.34964201,147.909558,-3.02680381,-1.4873609,4.41275586,0.130425173,-0.25476437,0.0015941679,-0.0149055944,0.00343567608,0.402139641,0,0,0,0,0,0,21.178243,-39.9912952,-0.430016138,0.146168816,0.670442452,2.892282,-21.1962826,39.7319907,-0.257053116,0.928710115,2.5039715,-7.16539949,-21.1962826,39.7319907,-0.257053116,0.928710115,2.5039715,-7.16539949,0.00931304803,-0.0114739366,147.154642,0.0683897339,0.848824549,-0.00673517261,0.0875840112,0.0739542906,0.00446112606,-0.0190391589,-0.00312389807,0.1589832,1318,1351,1250,1419,1630,1400,1553,1415,-0.25,-0.25,-0.256011002,-1.0729689,0.2,0.2125,0.2125,0.212953592,0.999629112,0.2,-0.325,-0.325,-0.318793754,-1.46822334,0.2,0.1325,0.1325,0.147090436,0.539767668,0.2,0.3725,0.3725,0.466076525,16.670173,1,-0.2025,-0.2025,-0.308558126,-6.98970181,1,0.455,0.455,0.454294566,15.7726219,1,-0.625,-0.625,-0.624784509,-22.4307157,1
298224.77,39.05,0.274076207,-0.0792684213,0.0108321847,-0.0157301231,0.00323770087,0.409513614,0.345349302,-0.0018187261,150.09763,-147.154539,2.94309079,0,43.5434827,-11.4489691,1.06641185,0.638096847,2.63631447,2.8967815,21.9233267,-39.3381869,-0.354707368,2.38180729,1.28364724,2.90308602,1.28924933,1.37071025,147.872447,-2.97960176,-1.56047598,4.53142707,0.134765287,-0.251080587,0.0018187261,-0.0157301231,0.00323770087,0.409513614,0,0,0,0,0,0,21.9233273,-39.3381879,-0.354707406,0.120603454,0.672841299,2.94715705,-21.864742,39.1245929,-0.289505422,0.944109347,2.49621246,-7.34413267,-21.864742,39.1245929,-0.289505422,0.944109347,2.49621246,-7.34413267,0.010055981,-0.0117607214,147.154668,0.067346567,0.848736716,-0.00663264931,0.0903588154,0.0780130086,0.00487236774,-0.0130193958,-0.00441512674,0.154461303,1318,1351,1250,1419,1632,1402,1549,1415,-0.245,-0.245,-0.252849517,-1.05609334,0.2,0.2125,0.2125,0.212767972,0.998308026,0.2,-0.33,-0.33,-0.323097624,-1.49334306,0.2,0.1225,0.1225,0.139355435,0.484716514,0.2,0.3725,0.3725,0.463766113,16.4543514,1,-0.2025,-0.2025,-0.305939542,-6.91981361,1,0.455,0.455,0.454325914,15.7744347,1,-0.625,-0.625,-0.624794085,-22.4311842,1
298224.824,39.1,0.272870519,-0.0791589465,0.0109842676,-0.0163150008,0.00301778539,0.416851982,0.345252626,-0.00203825818,150.09763,-147.154539,2.94309079,0,43.3479849,-11.3474181,1.12117472,0.609948237,2.62951989,2.95073992,22.6663617,-38.668093,-0.288718451,2.33106415,1.34666174,2.95735014,1.25196362,1.39730534,147.838531,-2.92739164,-1.6340609,4.6434382,0.139190131,-0.247266494,0.00203825818,-0.0163150008,0.00301778539,0.416851982,0,0,0,0,0,0,22.6663623,-38.668094,-0.288718489,0.0970449472,0.67512418,3.00066865,-22.5609884,38.4472885,-0.33139839,0.95197347,2.48651816,-7.51038005,-22.5609884,38.4472885,-0.33139839,0.95197347,2.48651816,-7.51038005,0.010785302,-0.0119732297,147.154685,0.0661514805,0.848527987,-0.00651236134,0.0909045832,0.0793281052,0.00430701692,-0.00593693977,-0.00463082867,0.152096201,1318,1351,1250,1419,1633,1402,1548,1415,-0.245,-0.245,-0.249637318,-1.03894706,0.2,0.2125,0.2125,0.212658312,0.997527558,0.2,-0.3325,-0.3325,-0.327022089,-1.51429131,0.2,0.12,0.12,0.1323048,0.434536096,0.2,0.3725,0.3725,0.461512744,16.2438585,1,-0.2025,-0.2025,-0.303385611,-6.85165094,1,0.455,0.455,0.454355868,15.7761668,1,-0.625,-0.625,-0.624803235,-22.4316319,1
298224.876,39.15,0.271695765,-0.0790777839,0.0111320924,-0.016674578,0.00281167438,0.423965286,0.345145178,-0.00225587741,150.09763,-147.154539,2.94309079,0,43.1747258,-11.2639663,1.18029499,0.582346529,2.62336737,2.99824195,23.4085057,-38.0042238,-0.21866171,2.27898827,1.40928188,3.0051249,1.21801777,1.42367686,147.807173,-2.87110386,-1.70690073,4.74643906,0.143599059,-0.243375137,0.00225587741,-0.016674578,0.00281167438,0.423965286,0,0,0,0,0,0,23.4085064,-38.0042249,-0.218661748,0.0732152615,0.677063093,3.04780349,-23.2834553,37.7733094,-0.374578619,0.956454188,2.47971447,-7.67418473,-23.2834553,37.7733094,-0.374578619,0.956454188,2.47971447,-7.67418473,0.0114823467,-0.0121105988,147.154695,0.0648713391,0.848202899,-0.00638321583,0.0899713861,0.0801274711,0.00397828353,-0.00468199019,-0.00337931879,0.139378116,1318,1351,1250,1418,1634,1404,1544,1416,-0.24,-0.24,-0.246363712,-1.02147301,0.2,0.21,0.21,0.212440515,0.995977467,0.2,-0.335,-0.335,-0.331110621,-1.54105562,0.2,0.11,0.11,0.124881365,0.386256166,0.2,0.3725,0.3725,0.459315012,16.0629384,1,-0.205,-0.205,-0.300944239,-6.78649243,1,0.455,0.455,0.454384491,15.777822,1,-0.625,-0.625,-0.624790932,-22.43103,1
298224.926,39.2,0.270599781,-0.0790652595,0.0113016945,-0.016477943,0.00282894231,0.429824548,0.345026368,-0.00249171074,150.09763,-147.154539,2.94309079,0,43.0420056,-11.2220374,1.23056004,0.570190757,2.62349462,3.03687669,24.1465773,-37.3761983,-0.158920681,2.24032827,1.46548625,3.04363941,1.18170408,1.45276249,147.774814,-2.81238543,-1.7779401,4.82967915,0.147982654,-0.239493757,0.00249171074,-0.016477943,0.00282894231,0.429824548,0,0,0,0,0,0,24.146578,-37.3761993,-0.158920719,0.0629546738,0.683410461,3.08625374,-23.973183,37.1161915,-0.400063242,0.956351716,2.47271831,-7.81691949,-23.973183,37.1161915,-0.400063242,0.956351716,2.47271831,-7.81691949,0.0119774576,-0.0121034025,147.154682,0.0635547869,0.847750628,-0.00625578019,0.0902586966,0.0785521133,0.00425894514,0.0197447085,0.00401316119,0.116373728,1317,1351,1250,1419,1632,1403,1544,1418,-0.2425,-0.2425,-0.244147043,-1.00964074,0.2,0.205,0.205,0.209937535,0.978218955,0.2,-0.33,-0.33,-0.331766105,-1.54747023,0.2,0.11,0.11,0.118791576,0.348331972,0.2,0.3725,0.3725,0.457171542,15.9389883,1,-0.2025,-0.2025,-0.298555447,-6.71631155,1,0.4575,0.4575,0.454487933,15.7838037,1,-0.625,-0.625,-0.624800222,-22.4314845,1
298224.978,39.25,0.269616741,-0.0790626732,0.0114744676,-0.0156663452,0.0030399767,0.435042448,0.34489599,-0.0027203954,150.09763,-147.154539,2.94309079,0,42.9080686,-11.1838616,1.27941906,0.559698392,2.61934076,3.07457317,24.8751555,-36.7292033,-0.101425235,2.19825318,1.51689858,3.08121894,1.14382248,1.48249729,147.743488,-2.75517168,-1.84580872,4.90598933,0.152395288,-0.235605734,0.0027203954,-0.0156663452,0.0030399767,0.435042448,0,0,0,0,0,0,24.8751562,-36.7292043,-0.101425272,0.0541878575,0.685525535,3.12378224,-24.6494108,36.4437937,-0.415909987,0.947911886,2.46220162,-7.94118953,-24.6494108,36.4437937,-0.415909987,0.947911886,2.46220162,-7.94118953,0.0122764097,-0.0119718358,147.154645,0.0624677008,0.84723952,-0.00615411324,0.0907761512,0.0789271336,0.00462839614,0.0171124304,0.00414595523,0.104577567,1318,1350,1251,1418,1634,1404,1542,1418,-0.24,-0.24,-0.243320024,-1.00522622,0.2,0.205,0.205,0.207916985,0.965635968,0.2,-0.335,-0.335,-0.332926668,-1.55882759,0.2,0.105,0.105,0.114081312,0.31899878,0.2,0.375,0.375,0.455088482,15.8185316,1,-0.205,-0.205,-0.296240674,-6.64423522,1,0.455,0.455,0.454563382,15.7881667,1,-0.6225,-0.6225,-0.624774769,-22.4302391,1
298225.03,39.3,0.268723862,-0.0790851147,0.0116401262,-0.0152482177,0.00322361037,0.439946069,0.344754259,-0.00293359322,150.09763,-147.154539,2.94309079,0,42.7794244,-11.1466077,1.31464541,0.546842071,2.61565665,3.11155278,25.5993101,-36.0655819,-0.0586126155,2.15305068,1.56951202,3.11824653,1.10991078,1.51298721,147.713492,-2.69979915,-1.91110592,4.97716816,0.156829462,-0.231663708,0.00293359322,-0.0152482177,0.00322361037,0.439946069,0,0,0,0,0,0,25.5993108,-36.0655829,-0.058612652,0.0430154112,0.687811139,3.16059794,-25.3616322,35.759986,-0.452028206,0.941740453,2.45269917,-8.05191836,-25.3616322,35.759986,-0.452028206,0.941740453,2.45269917,-8.05191836,0.0126548298,-0.0118847354,147.154624,0.0616330877,0.846853161,-0.00607686653,0.0895712974,0.0803890278,0.00330947184,0.00685686397,0.00326244458,0.102812073,1317,1351,1250,1418,1634,1405,1541,1418,-0.2375,-0.2375,-0.241209262,-0.993959268,0.2,0.205,0.205,0.206723289,0.958202222,0.2,-0.335,-0.335,-0.334039281,-1.56971572,0.2,0.1025,0.1025,0.109612902,0.290827351,0.2,0.3725,0.3725,0.45306895,15.7017484,1,-0.205,-0.205,-0.293987933,-6.57409046,1,0.4575,0.4575,0.454658875,15.7936888,1,-0.625,-0.625,-0.62476405,-22.4297146,1
298225.083,39.35,0.267860007,-0.0791578518,0.0117644557,-0.0147539088,0.00333689237,0.444442171,0.344603085,-0.00310042624,150.09763,-147.154539,2.94309079,0,42.6497515,-11.1201663,1.32507948,0.553545998,2.6065819,3.13341339,26.3067829,-35.3887935,-0.0412836021,2.11780599,1.60525541,3.13958831,1.07762523,1.539123,147.691742,-2.64529117,-1.97411089,5.02441079,0.16120319,-0.227660835,0.00310042624,-0.0147539088,0.00333689237,0.444442171,0,0,0,0,0,0,26.3067837,-35.3887945,-0.0412836385,0.0509144898,0.684643521,3.18234221,-26.0700244,35.0776238,-0.463946526,0.936371672,2.4475826,-8.1593865,-26.0700244,35.0776238,-0.463946526,0.936371672,2.4475826,-8.1593865,0.0130114869,-0.0117353396,147.1546,0.060956082,0.84649074,-0.00601384183,0.0857894813,0.080483798,0.00207428247,0.0408813961,5.99746836e-05,0.0553659322,1361,1311,1294,1378,1626,1394,1553,1425,-0.265,-0.265,-0.243415717,-1.00573702,0.2,0.1875,0.1875,0.204801044,0.946231429,0.2,-0.315,-0.315,-0.33317478,-1.56125564,0.2,0.1325,0.1325,0.110337111,0.295681749,0.2,0.4725,0.4725,0.451477692,15.609731,1,-0.305,-0.305,-0.292175385,-6.51765217,1,0.3475,0.3475,0.454372547,15.7771313,1,-0.515,-0.515,-0.624388576,-22.4113425,1
298225.135,39.4,0.267100442,-0.0793875478,0.0118202265,-0.0122580341,0.0031722421,0.441230089,0.344445622,-0.00318848957,150.09763,-147.154539,2.94309079,0,42.5791938,-11.2422703,1.29374359,0.591953903,2.60092319,2.95133017,26.9555389,-34.8488769,-0.0697170514,2.10531882,1.62877528,2.9563972,1.04571829,1.5897917,147.693058,-2.59998137,-2.02434276,4.8351338,0.165395902,-0.22384162,0.00318848957,-0.0122580341,0.0031722421,0.441230089,0,0,0,0,0,0,26.9555397,-34.8488779,-0.0697170877,0.0838032945,0.68203614,3.00079624,-26.6745095,34.3819088,-0.449130012,0.899824618,2.43711616,-8.0723256,-26.6745095,34.3819088,-0.449130012,0.899824618,2.43711616,-8.0723256,0.0125340514,-0.0108080245,147.154508,0.0608889524,0.845702242,-0.00599767857,0.0864280367,0.0723840755,0.00136388634,0.0459493541,-0.00164286689,-0.25904207,1434,1238,1367,1305,1629,1401,1548,1421,-0.2475,-0.2475,-0.247937223,-1.02987219,0.2,0.1975,0.1975,0.201185075,0.923712969,0.2,-0.3225,-0.3225,-0.328449126,-1.52190864,0.2,0.12,0.12,0.116542247,0.334324265,0.2,0.655,0.655,0.456350597,15.8915157,1,-0.4875,-0.4875,-0.296684009,-6.65803959,1,0.165,0.165,0.449554705,15.5005116,1,-0.3325,-0.3325,-0.619508613,-22.1660066,1
298225.188,39.45,0.267230062,-0.0798493893,0.0118823341,-0.0108758026,0.003258866,0.416720813,0.344284552,-0.0032466721,150.09763,-147.154539,2.94309079,0,42.7822974,-11.6465095,1.27335837,0.622688883,2.62273672,2.50773447,27.624255,-34.7055957,-0.0987782118,2.09908816,1.68416614,2.51249574,0.997636829,1.67793433,147.715753,-2.57006102,-2.05641528,4.19461507,0.169914015,-0.220817112,0.0032466721,-0.0108758026,0.003258866,0.416720813,0,0,0,0,0,0,27.6242558,-34.7055966,-0.0987782484,0.0962666648,0.694579691,2.55897918,-27.1185619,33.7546783,-0.457637142,0.875947432,2.41351641,-7.4493205,-27.1185619,33.7546783,-0.457637142,0.875947432,2.41351641,-7.4493205,0.0111812039,-0.00933994723,147.154488,0.0613272392,0.845101431,-0.00603470376,0.0969757559,0.0446901997,0.000245681348,0.0321519289,0.0116037936,-0.777212347,1473,1198,1407,1265,1627,1404,1545,1421,-0.24,-0.24,-0.245306198,-1.01582814,0.2,0.1975,0.1975,0.200450815,0.919140356,0.2,-0.3175,-0.3175,-0.325263029,-1.50490169,0.2,0.1125,0.1125,0.115563821,0.32823111,0.2,0.755,0.755,0.468166895,16.8654399,1,-0.5875,-0.5875,-0.308152214,-6.9788683,1,0.0675,0.0675,0.440879826,15.0374585,1,-0.2325,-0.2325,-0.610765657,-21.6215386,1
298225.239,39.5,0.268577849,-0.0806029104,0.0119846643,-0.00930127429,0.00373266725,0.372806078,0.344121278,-0.00329274067,150.09763,-147.154539,2.94309079,0,42.7324221,-12.0984652,1.26994036,0.667097886,2.6301215,2.02815586,28.0031488,-34.4943187,-0.105561643,2.09686316,1.71745226,2.03211652,0.977362393,1.74552654,147.750448,-2.54944935,-2.08235133,3.42711315,0.174775904,-0.219041926,0.00329274067,-0.00930127429,0.00373266725,0.372806078,0,0,0,0,0,0,28.0031496,-34.4943197,-0.10556168,0.120247268,0.704203796,2.08138916,-27.4915043,33.3106232,-0.472814226,0.853271487,2.38971385,-6.38808187,-27.4915043,33.3106232,-0.472814226,0.853271487,2.38971385,-6.38808187,0.00888743939,-0.00740325054,147.154487,0.061846966,0.844668559,-0.00608524435,0.0962693372,0.0319498725,0.00101193553,0.0406814488,0.00616206451,-0.983411531,1462,1209,1395,1276,1624,1403,1546,1425,-0.2425,-0.2425,-0.243522288,-1.00630588,0.2,0.1875,0.1875,0.19659937,0.889104766,0.2,-0.31,-0.31,-0.320194451,-1.47784632,0.2,0.115,0.115,0.11506217,0.325107076,0.2,0.7275,0.7275,0.480275841,17.6716954,1,-0.56,-0.56,-0.319928535,-7.38149873,1,0.095,0.095,0.432013491,14.2799799,1,-0.2625,-0.2625,-0.601798611,-21.0995969,1
298225.292,39.55,0.270169175,-0.0811377046,0.0121340238,-0.00805765302,0.00369243398,0.328583094,0.343954489,-0.00337477743,150.09763,-147.154539,2.94309079,0,42.6723725,-12.3980036,1.25638148,0.700610126,2.62998119,1.73130059,28.3832801,-34.2139568,-0.122209167,2.08845842,1.74197798,1.73462142,0.962434938,1.78175642,147.781061,-2.53244431,-2.10937533,2.84075232,0.179452035,-0.217501495,0.00337477743,-0.00805765302,0.00369243398,0.328583094,0,0,0,0,0,0,28.3832808,-34.2139577,-0.122209203,0.140220374,0.706718065,1.78585186,-27.8997983,32.9402736,-0.475129988,0.832245262,2.37737362,-5.38173071,-27.8997983,32.9402736,-0.475129988,0.832245262,2.37737362,-5.38173071,0.00692752228,-0.00568619821,147.154496,0.0624732388,0.84455149,-0.00613813869,0.093557038,0.0301269734,0.00192204803,0.0272043116,-0.00307210178,-0.845649037,1450,1222,1383,1289,1625,1402,1547,1424,-0.245,-0.245,-0.243856478,-1.00808974,0.2,0.19,0.19,0.194742704,0.87423883,0.2,-0.3125,-0.3125,-0.316982194,-1.4553302,0.2,0.1175,0.1175,0.116297423,0.33279962,0.2,0.695,0.695,0.49044417,18.1358594,1,-0.5275,-0.5275,-0.32977902,-7.64503713,1,0.125,0.125,0.424143263,13.7621745,1,-0.2925,-0.2925,-0.593871963,-20.804777,1
298225.345,39.6,0.272180768,-0.0814012325,0.0123053195,-0.00713014071,0.00380549013,0.286456082,0.343783424,-0.00346424444,150.09763,-147.154539,2.94309079,0,42.8558635,-12.6256618,1.25872584,0.728547032,2.64884128,1.36822988,28.9340776,-34.0649231,-0.13012157,2.08805073,1.78294922,1.37125131,0.936834584,1.81179969,147.812808,-2.52052072,-2.13243923,2.22564735,0.184191861,-0.216239221,0.00346424444,-0.00713014071,0.00380549013,0.286456082,0,0,0,0,0,0,28.9340784,-34.064924,-0.130121607,0.157867131,0.717294682,1.42378283,-28.4072077,32.6812108,-0.503615005,0.81397521,2.37652796,-4.47887026,-28.4072077,32.6812108,-0.503615005,0.81397521,2.37652796,-4.47887026,0.00528603649,-0.00434674832,147.15451,0.0630225074,0.844618774,-0.00618663225,0.0958963242,0.0240470335,0.00166650247,0.0144616779,0.00493124959,-0.92452562,1449,1222,1382,1290,1624,1402,1547,1425,-0.245,-0.245,-0.244470127,-1.01136531,0.2,0.1875,0.1875,0.192124915,0.853278738,0.2,-0.31,-0.31,-0.314471012,-1.43745774,0.2,0.1175,0.1175,0.116942763,0.336818477,0.2,0.695,0.695,0.49953401,18.7827968,1,-0.525,-0.525,-0.338542515,-8.06892362,1,0.1275,0.1275,0.416769858,13.3070571,1,-0.295,-0.295,-0.586468283,-20.4485659,1
298225.396,39.65,0.274261927,-0.0811604437,0.0125033361,-0.00729344556,0.00380488863,0.239720714,0.3436075,-0.00357966299,150.09763,-147.154539,2.94309079,0,42.8395755,-12.7291458,1.26328333,0.731796161,2.64615042,1.00712357,29.3095396,-33.760782,-0.129409207,2.05863338,1.81476773,1.01023871,0.918725582,1.80651428,147.856467,-2.51143126,-2.15455447,1.59552517,0.188796483,-0.21488874,0.00357966299,-0.00729344556,0.00380488863,0.239720714,0,0,0,0,0,0,29.3095404,-33.760783,-0.129409244,0.156438779,0.715360093,1.06313184,-28.8404435,32.4338195,-0.526813741,0.804858734,2.37455062,-3.54142615,-28.8404435,32.4338195,-0.526813741,0.804858734,2.37455062,-3.54142615,0.00387051759,-0.00319648642,147.154547,0.0633007118,0.845010493,-0.00621069777,0.0909344923,0.0281499414,0.00286065081,-0.0178594672,-0.00681374538,-0.987064329,1449,1222,1382,1290,1628,1402,1546,1422,-0.245,-0.245,-0.244296662,-1.01043938,0.2,0.195,0.195,0.192931889,0.859740006,0.2,-0.32,-0.32,-0.315578187,-1.44533767,0.2,0.115,0.115,0.116290051,0.332753713,0.2,0.695,0.695,0.508219925,19.3278583,1,-0.525,-0.525,-0.346908176,-8.44752964,1,0.1275,0.1275,0.40962776,12.8437593,1,-0.295,-0.295,-0.579271906,-19.9651614,1
298225.448,39.7,0.276518008,-0.080379071,0.0127384426,-0.0084482889,0.00340228118,0.190959219,0.343424493,-0.00374042957,150.09763,-147.154539,2.94309079,0,43.0026484,-12.7928321,1.26873676,0.730809826,2.65029147,0.687970753,29.7752066,-33.5844267,-0.131781987,2.03402933,1.84840725,0.691047731,0.885059943,1.79998072,147.908907,-2.49803414,-2.17796428,0.966210826,0.193324552,-0.213510239,0.00374042957,-0.0084482889,0.00340228118,0.190959219,0,0,0,0,0,0,29.7752074,-33.5844276,-0.131782024,0.152573827,0.712154241,0.744259235,-29.2776632,32.1752947,-0.566542772,0.799967512,2.3803614,-2.62243352,-29.2776632,32.1752947,-0.566542772,0.799967512,2.3803614,-2.62243352,0.00274399403,-0.00222387994,147.154594,0.0628883037,0.845525957,-0.0061619557,0.0905988952,0.0221805977,0.00377810037,-0.0135101409,-0.0099490183,-1.01940992,1448,1223,1380,1291,1629,1401,1548,1421,-0.2475,-0.2475,-0.245692359,-1.01788942,0.2,0.1975,0.1975,0.195059965,0.876779074,0.2,-0.3225,-0.3225,-0.318496562,-1.46610818,0.2,0.12,0.12,0.11720985,0.338481766,0.2,0.6925,0.6925,0.516443773,19.9833155,1,-0.5225,-0.5225,-0.354785935,-8.7340829,1,0.13,0.13,0.402681921,12.6274831,1,-0.3,-0.3,-0.572315268,-19.4700471,1
298225.501,39.75,0.278884114,-0.0794434054,0.0129989024,-0.00862712079,0.00276080268,0.141236572,0.343232587,-0.00393389238,150.09763,-147.154539,2.94309079,0,43.0233725,-12.9209758,1.25042774,0.73955368,2.64505012,0.406664607,30.0021403,-33.4570468,-0.152851327,2.01773787,1.86280536,0.409018351,0.884041424,1.78957396,147.972058,-2.47837228,-2.20295298,0.418232651,0.197459715,-0.212509742,0.00393389238,-0.00862712079,0.00276080268,0.141236572,0,0,0,0,0,0,30.0021411,-33.4570477,-0.152851364,0.155525584,0.705895605,0.463516913,-29.7323922,32.0009513,-0.615773155,0.779149052,2.39099536,-1.77031895,-29.7323922,32.0009513,-0.615773155,0.779149052,2.39099536,-1.77031895,0.00169452765,-0.00134333488,147.154609,0.0617257129,0.845908389,-0.00603842116,0.073608857,0.0180266596,0.00321345534,0.0111578626,-0.0189852011,-0.997676108,1446,1225,1379,1293,1628,1401,1549,1420,-0.2475,-0.2475,-0.246662395,-1.02306733,0.2,0.2,0.2,0.197087197,0.893010698,0.2,-0.32,-0.32,-0.319415375,-1.47264751,0.2,0.1225,0.1225,0.119424965,0.352276403,0.2,0.6875,0.6875,0.524155552,20.4872068,1,-0.5175,-0.5175,-0.362175537,-8.97385406,1,0.135,0.135,0.395984218,12.3117548,1,-0.3025,-0.3025,-0.56561913,-19.0714213,1
298225.553,39.8,0.280743829,-0.0784582226,0.0132489104,-0.00794172151,0.00152447487,0.093455786,0.343030453,-0.004145792,150.09763,-147.154539,2.94309079,0,42.9666329,-13.0393088,1.22146904,0.746845876,2.6344765,0.146921439,30.0863451,-33.3530569,-0.180401824,2.00227276,1.8678089,0.148407725,0.896348383,1.77456155,148.026238,-2.45629564,-2.22446891,-0.0595863783,0.200629516,-0.211653469,0.004145792,-0.00794172151,0.00152447487,0.093455786,0,0,0,0,0,0,30.0863459,-33.3530578,-0.180401861,0.157469127,0.697759196,0.204294403,-30.10322,31.8376237,-0.624969411,0.747247962,2.40189814,-1.02229257,-30.10322,31.8376237,-0.624969411,0.747247962,2.40189814,-1.02229257,0.000877112125,-0.000641056387,147.1546,0.0602067028,0.846095346,-0.00587311968,0.0553964495,0.0125172799,0.00442329072,0.0244658707,-0.0297655395,-0.985189901,1444,1227,1377,1295,1628,1401,1550,1419,-0.2475,-0.2475,-0.247111879,-1.02546662,0.2,0.2025,0.2025,0.199622261,0.913308425,0.2,-0.32,-0.32,-0.319729103,-1.47488036,0.2,0.125,0.125,0.121559545,0.365569511,0.2,0.6825,0.6825,0.531310787,20.87813,1,-0.5125,-0.5125,-0.368974388,-9.21579625,1,0.14,0.14,0.389597616,11.9460176,1,-0.3075,-0.3075,-0.559179816,-18.7240512,1
298225.606,39.85,0.282431863,-0.0774936071,0.0133715737,-0.00606964939,0.000171332852,0.0432654796,0.342819825,-0.00424856346,150.09763,-147.154539,2.94309079,0,43.0635336,-13.1817789,1.18776432,0.766486995,2.63837733,-0.128941998,30.2086511,-33.4219842,-0.215345937,2.00896962,1.87421443,-0.128547999,0.897575294,1.76631958,148.025956,-2.43654418,-2.23612164,-0.555351601,0.203084101,-0.211241943,0.00424856346,-0.00606964939,0.000171332852,0.0432654796,0,0,0,0,0,0,30.2086519,-33.4219852,-0.215345974,0.170670601,0.697131806,-0.0709421727,-30.3994807,31.7766963,-0.650911105,0.710005517,2.41488277,-0.316329906,-30.3994807,31.7766963,-0.650911105,0.710005517,2.41488277,-0.316329906,0.000257122778,-0.000159877171,147.154573,0.0585624816,0.845970221,-0.0057012718,0.0429996478,0.00173909115,0.000572616818,0.0536984978,-0.0227000779,-1.0624703,1440,1231,1372,1299,1625,1401,1552,1420,-0.2475,-0.2475,-0.247936457,-1.0298681,0.2,0.2,0.2,0.199898494,0.915520167,0.2,-0.3125,-0.3125,-0.318131917,-1.46351295,0.2,0.13,0.13,0.125498048,0.390096562,0.2,0.6725,0.6725,0.537796392,21.3974189,1,-0.5025,-0.5025,-0.375119445,-9.48001751,1,0.15,0.15,0.38353914,11.6495739,1,-0.32,-0.32,-0.553126774,-18.374023,1
298225.658,39.9,0.283982212,-0.0764451823,0.0133902578,-0.00377341283,-0.000856331281,-0.00952865004,0.342607042,-0.00425709241,150.09763,-147.154539,2.94309079,0,43.0516328,-13.2297011,1.152427,0.774869096,2.63997839,-0.361552762,30.1998707,-33.432067,-0.246737391,2.01053338,1.87815294,-0.361836234,0.905877805,1.74285008,148.044222,-2.42254,-2.23804396,-0.981436184,0.204910195,-0.211237354,0.00425709241,-0.00377341283,-0.000856331281,-0.00952865004,0,0,0,0,0,0,30.1998715,-33.4320679,-0.246737429,0.176886615,0.699115298,-0.303342085,-30.6098301,31.7594703,-0.642973564,0.672956069,2.42404019,0.332485912,-30.6098301,31.7594703,-0.642973564,0.672956069,2.42404019,0.332485912,-1.85205347e-05,4.28072171e-06,147.154548,0.057115776,0.84566923,-0.0055574739,0.0297016029,-0.00185858543,8.66227075e-06,0.0492351592,-0.0177009996,-1.07307824,1438,1233,1370,1301,1624,1403,1551,1420,-0.2425,-0.2425,-0.246618211,-1.02283149,0.2,0.2,0.2,0.199952965,0.915956307,0.2,-0.31,-0.31,-0.315439705,-1.44435207,0.2,0.1275,0.1275,0.126895669,0.39880025,0.2,0.6675,0.6675,0.54367002,21.7534328,1,-0.4975,-0.4975,-0.380667659,-9.71790447,1,0.155,0.155,0.377812878,11.3693857,1,-0.325,-0.325,-0.547410694,-18.0434802,1
298225.71,39.95,0.28504408,-0.075247916,0.0133706073,-0.00194731061,-0.00162255695,-0.0602595881,0.342394346,-0.00424620234,150.09763,-147.154539,2.94309079,0,42.9361906,-13.2693434,1.11706801,0.778582966,2.63767192,-0.552418279,30.0192782,-33.4605357,-0.274333936,2.01184675,1.87486026,-0.553210802,0.930971942,1.71874358,148.062836,-2.41479164,-2.23124891,-1.37240781,0.205867206,-0.211369077,0.00424620234,-0.00194731061,-0.00162255695,-0.0602595881,0,0,0,0,0,0,30.0192791,-33.4605366,-0.274333973,0.178808655,0.701871239,-0.494033182,-30.7551219,31.7183233,-0.630558098,0.634999556,2.4338272,0.987595748,-30.7551219,31.7183233,-0.630558098,0.634999556,2.4338272,0.987595748,0.000103175488,-0.000139287554,147.154531,0.0558076942,0.845296335,-0.00543292734,0.0101284596,-0.00693587719,0.000219594048,0.0371809693,-0.0117242805,-0.991466695,1434,1237,1366,1305,1622,1405,1550,1421,-0.2375,-0.2375,-0.24340761,-1.00569374,0.2,0.1975,0.1975,0.199824549,0.914928105,0.2,-0.305,-0.305,-0.312462074,-1.42315983,0.2,0.125,0.125,0.126583699,0.396857457,0.2,0.6575,0.6575,0.548944226,22.0115018,1,-0.4875,-0.4875,-0.385630912,-9.87244788,1,0.165,0.165,0.372413275,11.1051809,1,-0.335,-0.335,-0.542021021,-17.7318125,1
298225.765,40,0.285706072,-0.0741029932,0.0133374768,-0.000102716724,-0.00191485113,-0.106960037,0.342182397,-0.00423159978,150.09763,-147.154539,2.94309079,0,42.8463548,-13.36996,1.09532931,0.793181148,2.64005067,-0.754920801,29.7478947,-33.6265472,-0.289437552,2.02917012,1.86524725,-0.756459269,0.957872725,1.69798747,148.078747,-2.41380611,-2.21688622,-1.78501394,0.205967748,-0.211840827,0.00423159978,-0.000102716724,-0.00191485113,-0.106960037,0,0,0,0,0,0,29.7478956,-33.6265482,-0.289437589,0.188858968,0.708214916,-0.696092996,-30.786183,31.7686772,-0.624208121,0.598746493,2.4450933,1.66144695,-30.786183,31.7686772,-0.624208121,0.598746493,2.4450933,1.66144695,0.000567788852,-0.000505709056,147.154518,0.0545871463,0.844945375,-0.00531961015,-0.00755904769,-0.0172050281,0.000415663412,0.0474516795,0.000560470797,-0.925912827,1432,1240,1363,1308,1620,1405,1550,1423,-0.2375,-0.2375,-0.240990083,-0.99278932,0.2,0.1925,0.1925,0.19769724,0.897895186,0.2,-0.3,-0.3,-0.308232375,-1.39620154,0.2,0.125,0.125,0.126408493,0.395766363,0.2,0.65,0.65,0.553615421,22.3365583,1,-0.48,-0.48,-0.39000497,-10.0087116,1,0.17,0.17,0.367356741,10.8342471,1,-0.3425,-0.3425,-0.536994091,-17.4143792,1
298225.817,40.05,0.28605749,-0.0731279674,0.0133370528,0.0016424178,-0.00169879401,-0.150413392,0.341970449,-0.00424730099,150.09763,-147.154539,2.94309079,0,42.7663503,-13.4421295,1.09094854,0.800770381,2.63919383,-0.958120238,29.4229134,-33.8385983,-0.288380882,2.04293442,1.85177862,-0.96015965,0.981095495,1.68120153,148.084868,-2.42135051,-2.19726897,-2.1972868,0.205264704,-0.212761124,0.00424730099,0.0016424178,-0.00169879401,-0.150413392,0,0,0,0,0,0,29.4229142,-33.8385992,-0.288380919,0.193186137,0.710955008,-0.898974893,-30.688043,31.8866315,-0.632323887,0.56453606,2.45272141,2.35094262,-30.688043,31.8866315,-0.632323887,0.56453606,2.45272141,2.35094262,0.00132480641,-0.00101629287,147.154509,0.0535856083,0.844773159,-0.00522504429,-0.0208947594,-0.0234376942,0.000560140098,0.035152521,0.00742578075,-0.848012545,1426,1245,1358,1313,1621,1405,1550,1423,-0.2375,-0.2375,-0.239561863,-0.98477589,0.2,0.1925,0.1925,0.196394102,0.887461226,0.2,-0.3025,-0.3025,-0.30628576,-1.38581079,0.2,0.125,0.125,0.125832106,0.392176909,0.2,0.6375,0.6375,0.557665487,22.6428231,1,-0.4675,-0.4675,-0.393682153,-10.1722807,1,0.185,0.185,0.362667354,10.5630747,1,-0.355,-0.355,-0.532320984,-17.1025742,1
298225.869,40.1,0.286169981,-0.0722474573,0.0133602319,0.00288800962,-0.0012114297,-0.188888644,0.341757242,-0.00428118104,150.09763,-147.154539,2.94309079,0,42.7349364,-13.5236848,1.09534941,0.811487316,2.64284571,-1.13623606,29.0629307,-34.1413441,-0.281622686,2.06589778,1.83556034,-1.13884243,1.00784184,1.66932013,148.082623,-2.43554914,-2.17571582,-2.5813084,0.20390169,-0.214023141,0.00428118104,0.00288800962,-0.0012114297,-0.188888644,0,0,0,0,0,0,29.0629315,-34.141345,-0.281622722,0.200216775,0.716046156,-1.07673188,-30.5375109,32.0221171,-0.635270942,0.529553918,2.45859747,3.0138346,-30.5375109,32.0221171,-0.635270942,0.529553918,2.45859747,3.0138346,0.00222771062,-0.00157668127,147.1545,0.0526815234,0.844834485,-0.00513601233,-0.032572085,-0.0347678587,0.000603603089,0.0304162916,0.0143095938,-0.732741921,1424,1247,1356,1316,1620,1405,1549,1424,-0.2375,-0.2375,-0.238718102,-0.979521367,0.2,0.19,0.19,0.194242433,0.870233259,0.2,-0.3,-0.3,-0.304178427,-1.37456213,0.2,0.1225,0.1225,0.125241809,0.388500829,0.2,0.6325,0.6325,0.561136512,22.9406891,1,-0.46,-0.46,-0.396863191,-10.3137802,1,0.19,0.19,0.358323021,10.341694,1,-0.36,-0.36,-0.527985203,-16.8401634,1
298225.921,40.15,0.286285575,-0.0715874046,0.0134144659,0.00417602129,-0.000355671363,-0.221818436,0.34154209,-0.00432800106,150.09763,-147.154539,2.94309079,0,42.7722163,-13.6257171,1.11495502,0.822612503,2.64932578,-1.29077538,28.6856828,-34.5460228,-0.26398592,2.09425652,1.8169943,-1.29396323,1.03414573,1.66024238,148.07537,-2.45623361,-2.15425735,-2.92736842,0.202059223,-0.215815736,0.00432800106,0.00417602129,-0.000355671363,-0.221818436,0,0,0,0,0,0,28.6856836,-34.5460238,-0.263985957,0.206730099,0.720927446,-1.23082226,-30.3378885,32.3036004,-0.640669391,0.496073167,2.46472804,3.6137702,-30.3378885,32.3036004,-0.640669391,0.496073167,2.46472804,3.6137702,0.00323547598,-0.00213480106,147.154497,0.0518673929,0.845244148,-0.0050516578,-0.0425329219,-0.0433352117,0.000927585397,0.0234307769,0.0180329998,-0.625102113,1419,1252,1351,1320,1621,1404,1549,1424,-0.24,-0.24,-0.239241447,-0.982780503,0.2,0.19,0.19,0.192506334,0.856332676,0.2,-0.3025,-0.3025,-0.303327632,-1.37002071,0.2,0.1225,0.1225,0.124119799,0.381513508,0.2,0.62,0.62,0.564052435,23.251985,1,-0.45,-0.45,-0.399466917,-10.4295996,1,0.2025,0.2025,0.35428629,10.1800876,1,-0.3725,-0.3725,-0.523998827,-16.6273762,1
298225.972,40.2,0.286286026,-0.0710798932,0.0134859328,0.0052301878,0.000481000114,-0.24924868,0.341324346,-0.00437805307,150.09763,-147.154539,2.94309079,0,42.7675932,-13.7088016,1.13365129,0.829961718,2.65348491,-1.42095965,28.2259113,-34.950246,-0.248343089,2.12114304,1.79445101,-1.4246553,1.06464498,1.64821492,148.062584,-2.48353457,-2.13377849,-3.22931839,0.199712581,-0.217929598,0.00437805307,0.0052301878,0.000481000114,-0.24924868,0,0,0,0,0,0,28.2259121,-34.950247,-0.248343126,0.210323896,0.725377794,-1.36064096,-30.0663933,32.6465136,-0.633432566,0.471774482,2.47029912,4.14743274,-30.0663933,32.6465136,-0.633432566,0.471774482,2.47029912,4.14743274,0.00421078422,-0.00266956134,147.154496,0.0511549304,0.846018615,-0.00497472671,-0.0519894446,-0.0470554157,0.00162662362,0.0169393107,0.013034522,-0.514408239,1416,1255,1348,1323,1621,1405,1548,1425,-0.2375,-0.2375,-0.238833246,-0.980238428,0.2,0.1875,0.1875,0.190728552,0.842098349,0.2,-0.3025,-0.3025,-0.302988946,-1.36821285,0.2,0.12,0.12,0.122704807,0.372701641,0.2,0.6125,0.6125,0.566390283,23.5015672,1,-0.4425,-0.4425,-0.401524172,-10.5143309,1,0.21,0.21,0.350620654,10.0333377,1,-0.38,-0.38,-0.52036251,-16.4332746,1
298226.024,40.25,0.286172521,-0.0707310328,0.0135528174,0.00611925699,0.000953121314,-0.271314643,0.341104332,-0.00441525655,150.09763,-147.154539,2.94309079,0,42.7577195,-13.8178631,1.14636717,0.836925128,2.65346795,-1.52226191,27.6980063,-35.4010257,-0.240624276,2.1478217,1.76500571,-1.52651036,1.09626066,1.63779966,148.049023,-2.5154372,-2.11437954,-3.46523871,0.196893575,-0.220293906,0.00441525655,0.00611925699,0.000953121314,-0.271314643,0,0,0,0,0,0,27.6980071,-35.4010267,-0.240624313,0.212357728,0.725863073,-1.46146335,-29.6905985,33.0157274,-0.641184704,0.4511271,2.47503011,4.58457677,-29.6905985,33.0157274,-0.641184704,0.4511271,2.47503011,4.58457677,0.00505695526,-0.00320692245,147.154497,0.0504926547,0.847069068,-0.00490370514,-0.060974316,-0.0522528018,0.00066443825,0.0173679423,0.00366246365,-0.39944903,1411,1259,1343,1328,1621,1405,1548,1423,-0.2375,-0.2375,-0.239193837,-0.982484009,0.2,0.1925,0.1925,0.190544963,0.840628384,0.2,-0.3025,-0.3025,-0.303383732,-1.37032016,0.2,0.12,0.12,0.121597939,0.365808615,0.2,0.6025,0.6025,0.568210837,23.6959245,1,-0.43,-0.43,-0.403063364,-10.5759509,1,0.2225,0.2225,0.347282674,9.88761789,1,-0.3925,-0.3925,-0.517053013,-16.3090536,1
298226.075,40.3,0.285929714,-0.0705726336,0.0135619582,0.00676165338,0.000841811049,-0.288223023,0.340883742,-0.00439598675,150.09763,-147.154539,2.94309079,0,42.7169054,-13.9063292,1.12869509,0.838427386,2.65172467,-1.60299184,27.1143151,-35.8348816,-0.262915305,2.1706741,1.73431679,-1.60763998,1.1341896,1.63070687,148.042288,-2.55014588,-2.09369395,-3.65384941,0.193613598,-0.222847364,0.00439598675,0.00676165338,0.000841811049,-0.288223023,0,0,0,0,0,0,27.1143159,-35.8348826,-0.262915342,0.209861316,0.725886846,-1.54180404,-29.2826343,33.3922265,-0.647303135,0.432451292,2.47873642,4.93467024,-29.2826343,33.3922265,-0.647303135,0.432451292,2.47873642,4.93467024,0.00567846808,-0.00375537949,147.154496,0.0498417757,0.848181334,-0.00484067693,-0.0703499569,-0.0559268299,-0.0012464437,0.00828579009,-0.00956006004,-0.309267291,1408,1263,1339,1331,1621,1407,1548,1423,-0.2325,-0.2325,-0.237361042,-0.971070271,0.2,0.1925,0.1925,0.191594096,0.849028574,0.2,-0.3025,-0.3025,-0.303022089,-1.36838976,0.2,0.12,0.12,0.120944027,0.36173637,0.2,0.5925,0.5925,0.569510161,23.8346367,1,-0.4225,-0.4225,-0.404112055,-10.6179341,1,0.23,0.23,0.34428376,9.75421966,1,-0.4025,-0.4025,-0.51410191,-16.2040365,1
298226.127,40.35,0.285564381,-0.0704883882,0.0135008838,0.00734133352,0.000177153912,-0.301261235,0.340665791,-0.00431755514,150.09763,-147.154539,2.94309079,0,42.6453219,-13.9678775,1.09986914,0.841349299,2.6482124,-1.66826255,26.487482,-36.2389477,-0.294539622,2.19478264,1.69906422,-1.67335215,1.16859579,1.61352816,148.046394,-2.58488637,-2.06974832,-3.80479603,0.189980419,-0.225449888,0.00431755514,0.00734133352,0.000177153912,-0.301261235,0,0,0,0,0,0,26.4874828,-36.2389487,-0.294539659,0.21000125,0.72548331,-1.60680393,-28.7956959,33.8212272,-0.623251384,0.42363954,2.4881757,5.21796163,-28.7956959,33.8212272,-0.623251384,0.42363954,2.4881757,5.21796163,0.00610445807,-0.00434294825,147.154495,0.0491476949,0.849173771,-0.00478265177,-0.0768886506,-0.0555928652,-0.00174860153,0.0183751595,-0.0176277665,-0.239803798,1405,1266,1340,1330,1620,1407,1549,1422,-0.2325,-0.2325,-0.235371795,-0.95868222,0.2,0.195,0.195,0.19230067,0.854685971,0.2,-0.3,-0.3,-0.301436114,-1.35992405,0.2,0.1225,0.1225,0.12131573,0.364051153,0.2,0.585,0.585,0.570451334,23.9250756,1,-0.425,-0.425,-0.404818703,-10.646224,1,0.2375,0.2375,0.341531461,9.63179139,1,-0.4,-0.4,-0.51136107,-16.1065016,1
298226.179,40.4,0.285114868,-0.0704740992,0.0133905701,0.00800694556,-0.000983496637,-0.312490801,0.340452713,-0.00420636287,150.09763,-147.154539,2.94309079,0,42.590333,-14.0026413,1.06593497,0.846190916,2.63884881,-1.75913541,25.8624088,-36.635688,-0.329880642,2.21688632,1.65692486,-1.76469107,1.19484532,1.59789134,148.058218,-2.61907285,-2.03920428,-3.96375338,0.186053338,-0.228090882,0.00420636287,0.00800694556,-0.000983496637,-0.312490801,0,0,0,0,0,0,25.8624095,-36.635689,-0.32988068,0.21327154,0.718455906,-1.69752383,-28.2139095,34.2328529,-0.620656995,0.409249835,2.49144336,5.44887256,-28.2139095,34.2328529,-0.620656995,0.409249835,2.49144336,5.44887256,0.00641549018,-0.00502094838,147.1545,0.0484797084,0.849912427,-0.00473496807,-0.0789560897,-0.0543749357,-0.00292110246,0.0148144452,-0.0287941731,-0.254695495,1421,1250,1352,1318,1620,1405,1551,1421,-0.2375,-0.2375,-0.235974797,-0.96243742,0.2,0.1975,0.1975,0.194294708,0.87065182,0.2,-0.3,-0.3,-0.300483796,-1.3548407,0.2,0.1275,0.1275,0.123987775,0.380691329,0.2,0.625,0.625,0.571995362,24.0555708,1,-0.455,-0.455,-0.406468626,-10.712277,1,0.1975,0.1975,0.338466427,9.50227367,1,-0.37,-0.37,-0.508194748,-15.9617051,1
298226.232,40.45,0.284674618,-0.0704071486,0.0132600869,0.00857738307,-0.00226138288,-0.325909415,0.340245444,-0.00409219734,150.09763,-147.154539,2.94309079,0,42.5672573,-14.0335645,1.03832717,0.84875428,2.63808286,-1.88102379,25.236368,-37.0538584,-0.357433124,2.2421104,1.62203926,-1.88680816,1.22826699,1.5835096,148.073639,-2.65246372,-1.99911487,-4.17793427,0.181979112,-0.230741001,0.00409219734,0.00857738307,-0.00226138288,-0.325909415,0,0,0,0,0,0,25.2363687,-37.0538594,-0.357433161,0.214437177,0.718611499,-1.81927615,-27.6913248,34.6152828,-0.587617193,0.394587973,2.50206252,5.7467188,-27.6913248,34.6152828,-0.587617193,0.394587973,2.50206252,5.7467188,0.00676456781,-0.00581919143,147.154503,0.0479005664,0.850245188,-0.0046987144,-0.0841044124,-0.0583103192,-0.00171287746,0.0089234675,-0.0229224621,-0.298593171,1421,1249,1357,1314,1618,1406,1552,1422,-0.235,-0.235,-0.234421761,-0.952765881,0.2,0.195,0.195,0.194746716,0.874270953,0.2,-0.295,-0.295,-0.299173262,-1.34710975,0.2,0.13,0.13,0.12504537,0.387277507,0.2,0.6275,0.6275,0.574364326,24.2557866,1,-0.465,-0.465,-0.408945981,-10.8114553,1,0.1975,0.1975,0.335035309,9.3649124,1,-0.3575,-0.3575,-0.504547844,-15.7670384,1
298226.285,40.5,0.28429261,-0.0702859822,0.0131359917,0.00944606476,-0.00326217151,-0.340835396,0.340043472,-0.00399569384,150.09763,-147.154539,2.94309079,0,42.5605023,-14.0400835,1.01323619,0.865551473,2.63264346,-2.00472121,24.6047297,-37.4701124,-0.380660331,2.27619991,1.57262214,-2.0111369,1.25383013,1.5568561,148.089427,-2.68392213,-1.95164718,-4.40417141,0.177776986,-0.233464009,0.00399569384,0.00944606476,-0.00326217151,-0.340835396,0,0,0,0,0,0,24.6047304,-37.4701134,-0.380660368,0.23093971,0.713367033,-1.9429449,-27.1258227,35.0978011,-0.589773576,0.378195301,2.51317748,6.08250663,-27.1258227,35.0978011,-0.589773576,0.378195301,2.51317748,6.08250663,0.00724926364,-0.0067178737,147.154515,0.0473866844,0.850271573,-0.0046676582,-0.0862200803,-0.0569648136,-0.00217749258,0.0261635576,-0.0178238938,-0.320063425,1419,1251,1355,1316,1617,1403,1555,1423,-0.2425,-0.2425,-0.237221486,-0.97020118,0.2,0.1925,0.1925,0.194147949,0.869476749,0.2,-0.2925,-0.2925,-0.296750523,-1.33202214,0.2,0.1375,0.1375,0.1301936,0.419510371,0.2,0.6225,0.6225,0.576617734,24.4462359,1,-0.46,-0.46,-0.411329071,-10.9364199,1,0.2025,0.2025,0.33167939,9.23056169,1,-0.3625,-0.3625,-0.500976822,-15.5764222,1
298226.337,40.55,0.283883671,-0.0701028094,0.0130182524,0.0107083733,-0.00392900527,-0.355744386,0.339845899,-0.00391272342,150.09763,-147.154539,2.94309079,0,42.51811,-14.0145777,0.988567021,0.885926865,2.6280691,-2.11673697,23.9306251,-37.8462634,-0.401070383,2.31404106,1.51888466,-2.12376843,1.28102592,1.5304452,148.103919,-2.71575511,-1.89690883,-4.61191082,0.173376123,-0.236199919,0.00391272342,0.0107083733,-0.00392900527,-0.355744386,0,0,0,0,0,0,23.9306258,-37.8462644,-0.40107042,0.252467965,0.710600254,-2.05507289,-26.5153578,35.4937779,-0.571976776,0.353519871,2.51976866,6.41392491,-26.5153578,35.4937779,-0.571976776,0.353519871,2.51976866,6.41392491,0.0078474188,-0.0076833577,147.154541,0.047137025,0.85012994,-0.00465923555,-0.0887994551,-0.056626769,-0.00156166924,0.0296690267,-0.00969969821,-0.304031149,1414,1257,1349,1322,1614,1403,1556,1425,-0.2425,-0.2425,-0.240054098,-0.987793161,0.2,0.1875,0.1875,0.191948235,0.851864095,0.2,-0.285,-0.285,-0.292559011,-1.30591947,0.2,0.14,0.14,0.134938638,0.453281512,0.2,0.6075,0.6075,0.578334671,24.5913448,1,-0.445,-0.445,-0.413169928,-11.0510593,1,0.215,0.215,0.328665817,9.10398166,1,-0.3775,-0.3775,-0.497736192,-15.383302,1
298226.389,40.6,0.283407732,-0.0697816306,0.0129091785,0.0116734181,-0.00421336114,-0.369700279,0.339652108,-0.00384183016,150.09763,-147.154539,2.94309079,0,42.47267,-13.9920749,0.966311298,0.907782864,2.62512241,-2.23640422,23.2191057,-38.227443,-0.418744567,2.35388805,1.46310683,-2.24396317,1.31132009,1.50396791,148.116313,-2.74939793,-1.83541485,-4.82506683,0.168824864,-0.238824925,0.00384183016,0.0116734181,-0.00421336114,-0.369700279,0,0,0,0,0,0,23.2191063,-38.2274441,-0.418744604,0.275341089,0.709609527,-2.17483915,-25.9105272,35.8894008,-0.551780712,0.331087681,2.52474312,6.73368228,-25.9105272,35.8894008,-0.551780712,0.331087681,2.52474312,6.73368228,0.00840640481,-0.00856439479,147.15456,0.047169963,0.849825183,-0.00467278325,-0.0945862543,-0.0577973478,-0.000507983819,0.034311736,-0.00107130278,-0.318094582,1440,1231,1375,1296,1608,1398,1562,1431,-0.255,-0.255,-0.242626515,-1.00152437,0.2,0.1725,0.1725,0.188629232,0.826509019,0.2,-0.27,-0.27,-0.287967008,-1.27913139,0.2,0.155,0.155,0.139793661,0.487835434,0.2,0.6725,0.6725,0.580174285,24.7468219,1,-0.51,-0.51,-0.415127955,-11.1729955,1,0.15,0.15,0.32555996,8.96582639,1,-0.3125,-0.3125,-0.494468113,-15.1797822,1
298226.442,40.65,0.283309928,-0.0694811085,0.0128210915,0.0134123884,-0.00363372616,-0.392786345,0.339461795,-0.00376900886,150.09763,-147.154539,2.94309079,0,42.8392756,-14.0776626,0.953572466,0.95099891,2.65290447,-2.59041206,22.705022,-38.9689724,-0.441118909,2.42593846,1.41918191,-2.59870755,1.32688864,1.49722108,148.131965,-2.79228638,-1.76150281,-5.33723838,0.16427678,-0.241852609,0.00376900886,0.0134123884,-0.00363372616,-0.392786345,0,0,0,0,0,0,22.7050227,-38.9689735,-0.441118947,0.314688572,0.720764962,-2.52847041,-25.3590068,36.4366091,-0.55506668,0.295591649,2.5371374,7.28151733,-25.3590068,36.4366091,-0.55506668,0.295591649,2.5371374,7.28151733,0.00965370091,-0.00985776189,147.154596,0.0475675383,0.849772761,-0.00470749816,-0.0903526472,-0.0746310189,-0.00129599855,0.0434680906,0.0317132987,-0.676702092,1509,1162,1443,1227,1609,1399,1560,1430,-0.2525,-0.2525,-0.248314755,-1.0318874,0.2,0.175,0.175,0.18277125,0.784816896,0.2,-0.2725,-0.2725,-0.28091141,-1.24146958,0.2,0.15,0.15,0.146416002,0.53496762,0.2,0.845,0.845,0.588471072,25.4480343,1,-0.6825,-0.6825,-0.423502636,-11.6477878,1,-0.0225,-0.0225,0.318922287,8.68974383,1,-0.1425,-0.1425,-0.48767971,-14.7983187,1
298226.496,40.7,0.283852123,-0.0690465128,0.0127697161,0.0148267302,-0.0012071595,-0.430719162,0.339275667,-0.00367567257,150.09763,-147.154539,2.94309079,0,43.4731265,-14.106832,0.939452082,0.995903066,2.70057423,-3.07555555,22.3434307,-39.8790888,-0.476851328,2.51171497,1.38624028,-3.0844111,1.33739837,1.47604521,148.151584,-2.84908615,-1.680215,-6.09646425,0.159880415,-0.245473532,0.00367567257,0.0148267302,-0.0012071595,-0.430719162,0,0,0,0,0,0,22.3434313,-39.8790899,-0.476851366,0.35827427,0.73972254,-3.01348557,-24.9763425,37.2204924,-0.553662896,0.252290052,2.55499405,8.23527785,-24.9763425,37.2204924,-0.553662896,0.252290052,2.55499405,8.23527785,0.0119355561,-0.0115195023,147.154608,0.0484418246,0.850343621,-0.0047431667,-0.0881380172,-0.0855405325,-0.00243943703,0.034761051,0.0673876212,-1.00104183,1564,1106,1499,1172,1606,1394,1564,1434,-0.265,-0.265,-0.256394165,-1.07501418,0.2,0.165,0.165,0.176035856,0.74393344,0.2,-0.265,-0.265,-0.274301552,-1.19097831,0.2,0.16,0.16,0.153109602,0.582606967,0.2,0.985,0.985,0.603223865,26.4265296,1,-0.82,-0.82,-0.438329019,-12.3732486,1,-0.16,-0.16,0.308656612,8.39185737,1,-0.0025,-0.0025,-0.477301345,-14.2886496,1
298226.55,40.75,0.284872528,-0.0685832467,0.0127562496,0.0164816646,0.00283245106,-0.48839543,0.339095366,-0.00354285172,150.09763,-147.154539,2.94309079,0,44.2628978,-14.3348407,0.939221973,1.06337041,2.75549052,-3.73124761,21.8288362,-41.0951639,-0.513163726,2.61836209,1.33864578,-3.74137686,1.38542301,1.45600986,148.173016,-2.92735321,-1.59513213,-7.19237731,0.155150004,-0.249825197,0.00354285172,0.0164816646,0.00283245106,-0.48839543,0,0,0,0,0,0,21.8288368,-41.095165,-0.513163765,0.415435619,0.758940149,-3.66817441,-24.7141697,38.3050339,-0.526563881,0.194370928,2.58310639,9.76402925,-24.7141697,38.3050339,-0.526563881,0.194370928,2.58310639,9.76402925,0.0158874392,-0.0140878033,147.154622,0.0496281006,0.852320348,-0.00475627499,-0.102981085,-0.0968604086,-0.0021387024,0.0396942955,0.0867607755,-1.25092389,1573,1100,1503,1169,1602,1387,1570,1439,-0.2825,-0.2825,-0.266801017,-1.13661499,0.2,0.1525,0.1525,0.168331411,0.69835483,0.2,-0.255,-0.255,-0.267864938,-1.14324057,0.2,0.175,0.175,0.161327848,0.642278759,0.2,1,1,0.620803175,27.7767066,1,-0.8275,-0.8275,-0.455951649,-13.2800131,1,-0.1825,-0.1825,0.296502158,7.88231908,1,0.0075,0.0075,-0.465059643,-13.6581517,1
298226.603,40.8,0.285735441,-0.0682842851,0.0128295712,0.019348842,0.00706641392,-0.546907372,0.338921274,-0.0034298079,150.09763,-147.154539,2.94309079,0,45.0486692,-14.7523789,0.979570605,1.16528823,2.80362428,-4.30162443,21.0070223,-42.5018588,-0.521392126,2.74773728,1.24819169,-4.31441025,1.47546844,1.44298482,148.177251,-3.02739737,-1.51449254,-8.27741668,0.149289636,-0.254585151,0.0034298079,0.019348842,0.00706641392,-0.546907372,0,0,0,0,0,0,21.0070229,-42.5018599,-0.521392166,0.498480709,0.771734586,-4.23671408,-24.4198921,39.5696983,-0.512567805,0.115514305,2.61581207,11.4460382,-24.4198921,39.5696983,-0.512567805,0.115514305,2.61581207,11.4460382,0.0207195214,-0.0174095653,147.154714,0.0510397197,0.856247967,-0.004756142,-0.134120301,-0.107641353,-0.00148354197,0.0808131201,0.0767297102,-1.22180368,1563,1108,1496,1175,1599,1381,1575,1443,-0.2975,-0.2975,-0.280051545,-1.23687974,0.2,0.1425,0.1425,0.15950074,0.628093643,0.2,-0.2475,-0.2475,-0.260635719,-1.09822057,0.2,0.1875,0.1875,0.172945221,0.727436061,0.2,0.98,0.98,0.637187154,29.1205078,1,-0.8125,-0.8125,-0.472201133,-13.9710336,1,-0.1575,-0.1575,0.285022818,7.45167863,1,-0.01,-0.01,-0.453605577,-13.1652189,1
298226.655,40.85,0.286193497,-0.0679435645,0.0129398215,0.0216817979,0.0101292575,-0.60315737,0.338752717,-0.00330935948,150.09763,-147.154539,2.94309079,0,45.6528519,-14.8351526,1.00590002,1.24369483,2.83855891,-4.87506564,20.1224649,-43.5897271,-0.546417867,2.85089077,1.15336876,-4.89005326,1.53793328,1.37982889,148.166683,-3.14974147,-1.43078569,-9.34107164,0.142285541,-0.259234423,0.00330935948,0.0216817979,0.0101292575,-0.60315737,0,0,0,0,0,0,20.1224654,-43.5897283,-0.546417909,0.573145941,0.779476003,-4.8097911,-23.8989343,40.8596778,-0.505524097,0.0372843974,2.64679182,13.1484708,-23.8989343,40.8596778,-0.505524097,0.0372843974,2.64679182,13.1484708,0.0253760851,-0.0213528999,147.154785,0.0526489742,0.861547279,-0.0047856698,-0.155281879,-0.0961669009,-0.00298251476,0.0563604381,0.038851734,-1.15025526,1585,1100,1516,1168,1594,1374,1582,1448,-0.315,-0.315,-0.296515869,-1.33056083,0.2,0.13,0.13,0.149189835,0.554709405,0.2,-0.235,-0.235,-0.251906469,-1.05105947,0.2,0.205,0.205,0.18785671,0.82101087,0.2,1,1,0.652931892,30.202698,1,-0.83,-0.83,-0.487730961,-14.8005985,1,-0.2125,-0.2125,0.27351077,6.99080572,1,0.04,0.04,-0.442131375,-12.5687802,1
298226.709,40.9,0.28619984,-0.0673849371,0.0129556445,0.0239473225,0.0113911933,-0.658341832,0.338592492,-0.0030838366,150.09763,-147.154539,2.94309079,0,46.3061352,-15.0002464,0.999187007,1.33987714,2.88373819,-5.52875516,19.0387365,-44.8041755,-0.613428813,2.97100748,1.04238481,-5.54661147,1.60536456,1.32469897,148.163908,-3.28682366,-1.33604807,-10.4919481,0.134230305,-0.263509826,0.0030838366,0.0239473225,0.0113911933,-0.658341832,0,0,0,0,0,0,19.0387371,-44.8041768,-0.613428856,0.66186601,0.795097335,-5.46275423,-23.2104521,42.1598729,-0.456099143,-0.0436299157,2.69168697,14.9073576,-23.2104521,42.1598729,-0.456099143,-0.0436299157,2.69168697,14.9073576,0.0296092774,-0.0263806589,147.154826,0.0539838226,0.867790064,-0.00483493572,-0.177798763,-0.0937544546,-0.00422385718,0.0721782077,0.0102766923,-1.20726399,1622,1100,1563,1158,1583,1368,1589,1458,-0.33,-0.33,-0.310743325,-1.41092724,0.2,0.105,0.105,0.135857709,0.459822679,0.2,-0.2075,-0.2075,-0.238720202,-0.979534442,0.2,0.2225,0.2225,0.202427793,0.931451996,0.2,1,1,0.668354545,31.4432802,1,-0.855,-0.855,-0.503567723,-15.7147209,1,-0.305,-0.305,0.256739691,6.42188544,1,0.1575,0.1575,-0.428797715,-11.9068781,1
298226.762,40.95,0.285203584,-0.0668950119,0.0128872618,0.026372252,0.0109290342,-0.713368943,0.33844556,-0.00280185731,150.09763,-147.154539,2.94309079,0,46.2714537,-15.1648423,0.995097968,1.42661012,2.88541973,-6.16753481,17.3375711,-45.5080762,-0.658576041,3.04922946,0.897086985,-6.18843952,1.71543427,1.22557301,148.158559,-3.43090541,-1.22463864,-11.6487293,0.124562358,-0.267090699,0.00280185731,0.026372252,0.0109290342,-0.713368943,0,0,0,0,0,0,17.3375716,-45.5080774,-0.658576085,0.74115926,0.798328486,-6.10080967,-22.2682576,43.3334535,-0.428899606,-0.132391171,2.75195324,16.7383725,-22.2682576,43.3334535,-0.428899606,-0.132391171,2.75195324,16.7383725,0.0332787645,-0.0327389109,147.154838,0.0550152782,0.87450217,-0.00491508783,-0.222782563,-0.0655723506,-0.00555765142,0.0496630421,-0.0388933901,-1.16945646,1643,1100,1589,1154,1578,1368,1590,1461,-0.33,-0.33,-0.320633197,-1.48018829,0.2,0.0975,0.0975,0.122686419,0.372587129,0.2,-0.195,-0.195,-0.224288018,-0.894739574,0.2,0.225,0.225,0.214023354,1.00724276,0.2,1,1,0.683091862,32.3944217,1,-0.865,-0.865,-0.519417898,-16.3932098,1,-0.3575,-0.3575,0.22993625,5.60248609,1,0.2225,0.2225,-0.413114376,-11.0475998,1
298226.814,41,0.282827237,-0.0668741489,0.0126954517,0.0281550275,0.00889336282,-0.768559509,0.338313805,-0.00246648158,150.09763,-147.154539,2.94309079,0,46.5480926,-15.4870907,0.972113385,1.50693628,2.92315166,-6.86277014,15.5440988,-46.5334863,-0.731812339,3.14676788,0.768277566,-6.8862826,1.81921845,1.1677513,148.154046,-3.57048401,-1.09015108,-12.8573126,0.112839019,-0.269734237,0.00246648158,0.0281550275,0.00889336282,-0.768559509,0,0,0,0,0,0,15.5440993,-46.5334876,-0.731812385,0.806919793,0.823455209,-6.79462713,-21.0010206,44.4729175,-0.362952537,-0.206642455,2.82730794,18.6402302,-21.0010206,44.4729175,-0.362952537,-0.206642455,2.82730794,18.6402302,0.035910016,-0.0401931414,147.154774,0.0555069905,0.880756886,-0.00501929587,-0.250026785,-0.0610364287,-0.00636080333,0.0433721093,-0.0344902958,-1.17339711,1643,1100,1587,1155,1572,1368,1590,1467,-0.33,-0.33,-0.325186941,-1.50449554,0.2,0.0825,0.0825,0.109325283,0.288780328,0.2,-0.18,-0.18,-0.209248416,-0.805563821,0.2,0.225,0.225,0.219913758,1.04916565,0.2,1,1,0.697174297,33.523157,1,-0.8625,-0.8625,-0.534698427,-17.2612049,1,-0.3575,-0.3575,0.203872357,4.70224016,1,0.2175,0.2175,-0.397505283,-10.3423418,1
298226.868,41.05,0.280240019,-0.0673367323,0.0124727245,0.0303307443,0.00779404906,-0.823249823,0.338199532,-0.00211937187,150.09763,-147.154539,2.94309079,0,47.0735914,-16.0277695,0.978470018,1.6047406,2.982688,-7.57054885,13.5296357,-47.8550391,-0.783579105,3.2678622,0.623517692,-7.59717923,1.93476155,1.12632909,148.157689,-3.70201783,-0.934190283,-14.1073774,0.0998384224,-0.272297967,0.00211937187,0.0303307443,0.00779404906,-0.823249823,0,0,0,0,0,0,13.5296361,-47.8550404,-0.783579152,0.880285431,0.859266972,-7.50002687,-19.5471842,45.8161946,-0.326469491,-0.286618658,2.90438743,20.6356076,-19.5471842,45.8161946,-0.326469491,-0.286618658,2.90438743,20.6356076,0.0385912028,-0.0483466311,147.154749,0.0559817742,0.886849822,-0.00508770764,-0.281120334,-0.0623545334,-0.00736532,0.0607502351,-0.0108777912,-1.13124843,1637,1100,1579,1157,1564,1365,1592,1477,-0.3375,-0.3375,-0.329958869,-1.52996744,0.2,0.0575,0.0575,0.09378392,0.189230325,0.2,-0.16,-0.16,-0.193376645,-0.720842506,0.2,0.23,0.23,0.224683077,1.0831096,0.2,1,1,0.710630952,34.8440035,1,-0.8575,-0.8575,-0.549201904,-18.1470602,1,-0.3425,-0.3425,0.179257512,3.80565097,1,0.1975,0.1975,-0.382514057,-9.77539673,1
298226.921,41.1,0.277330699,-0.0683369641,0.0122442085,0.0327204499,0.00772842985,-0.873119676,0.338102836,-0.00177115387,150.09763,-147.154539,2.94309079,0,47.4890835,-16.4336131,1.00296323,1.68760906,3.04140634,-8.20058986,11.3617887,-48.9543795,-0.813084664,3.37534601,0.471965835,-8.22995374,2.05308182,1.04786596,148.161987,-3.82830583,-0.761036007,-15.2718073,0.0855043566,-0.274529785,0.00177115387,0.0327204499,0.00772842985,-0.873119676,0,0,0,0,0,0,11.361789,-48.9543809,-0.813084713,0.944809765,0.89931284,-8.12828219,-17.8505177,47.2819544,-0.282507355,-0.362821004,2.97537419,22.5434582,-17.8505177,47.2819544,-0.282507355,-0.362821004,2.97537419,22.5434582,0.0409636776,-0.0566232834,147.154761,0.0567075664,0.893069984,-0.00513567241,-0.302723877,-0.0423337653,-0.00571314251,0.0434906686,0.00360790941,-1.00349631,1608,1100,1544,1164,1567,1372,1583,1476,-0.32,-0.32,-0.332319121,-1.55288209,0.2,0.06,0.06,0.0776335843,0.0882852025,0.2,-0.1675,-0.1675,-0.178722056,-0.624825463,0.2,0.2075,0.2075,0.225153703,1.08645912,0.2,1,1,0.723489634,35.9985982,1,-0.84,-0.84,-0.562770637,-18.9193727,1,-0.27,-0.27,0.156681995,3.04016108,1,0.11,0.11,-0.368574729,-9.20157408,1
298226.973,41.15,0.273944886,-0.0693922861,0.0121959481,0.0328809346,0.00815348316,-0.907786956,0.338019801,-0.00161582294,150.09763,-147.154539,2.94309079,0,47.6501773,-16.5710396,1.10416551,1.69208695,3.09308078,-8.36644593,9.12298888,-49.6241595,-0.756178127,3.43570052,0.35382457,-8.39633816,2.13427403,0.958551235,148.134321,-3.94269297,-0.59428542,-15.8427337,0.0704289139,-0.275751355,0.00161582294,0.0328809346,0.00815348316,-0.907786956,0,0,0,0,0,0,9.12298913,-49.6241609,-0.756178177,0.943075972,0.944151128,-8.29353358,-15.7449893,48.3770736,-0.222756291,-0.382533394,3.00969431,23.8951965,-15.7449893,48.3770736,-0.222756291,-0.382533394,3.00969431,23.8951965,0.0412185246,-0.0624775091,147.154629,0.0572432997,0.898543181,-0.00516004555,-0.3023333,-0.0161943907,-7.77206301e-06,-0.0258443234,-0.00504630706,-0.31845118,1349,1321,1275,1394,1567,1376,1575,1481,-0.31,-0.31,-0.324848511,-1.50268905,0.2,0.0475,0.0475,0.0688422594,0,0.2,-0.1675,-0.1675,-0.174835837,-0.604081368,0.2,0.1875,0.1875,0.213371709,1.00260491,0.2,0.4475,0.4475,0.727885349,36.350554,1,-0.265,-0.265,-0.566370101,-19.1115071,1,0.3775,0.3775,0.151753079,2.86476196,1,-0.5625,-0.5625,-0.364616122,-9.0607041,1
298227.026,41.2,0.271073231,-0.070043237,0.0122468615,0.0320429778,0.00690010925,-0.900428171,0.33793942,-0.00157056759,150.09763,-147.154539,2.94309079,0,47.4813598,-16.3645253,1.07717807,1.67240703,3.10658381,-7.79986428,6.96770075,-49.7416479,-0.810642454,3.45346146,0.205901556,-7.8305108,2.14094302,0.912232132,148.095645,-4.03465628,-0.465217527,-15.248726,0.0559932664,-0.276323428,0.00157056759,0.0320429778,0.00690010925,-0.900428171,0,0,0,0,0,0,6.96770095,-49.7416493,-0.810642505,0.932730499,0.965165967,-7.72786058,-13.1956469,48.4427551,-0.193815099,-0.353801709,2.99405314,23.5518009,-13.1956469,48.4427551,-0.193815099,-0.353801709,2.99405314,23.5518009,0.0369185316,-0.0632598724,147.154507,0.0565744496,0.903160477,-0.00516509417,-0.273322107,-0.0192024865,-0.00395986536,0.00434030531,-0.0472795383,0.597831576,1230,1439,1156,1513,1550,1373,1575,1500,-0.3175,-0.3175,-0.320663938,-1.48035238,0.2,-0,-0,0.0494642762,0,0.2,-0.125,-0.125,-0.162329235,-0.530498612,0.2,0.1875,0.1875,0.202784424,0.933672919,0.2,0.1525,0.1525,0.716723276,35.4131032,1,0.0325,0.0325,-0.554647772,-18.4619775,1,0.675,0.675,0.169559694,3.5409472,1,-0.86,-0.86,-0.381144598,-9.73275515,1
298227.081,41.25,0.26999264,-0.0703622071,0.0121044509,0.0322184387,0.00363047017,-0.862828394,0.337866839,-0.00131965051,150.09763,-147.154539,2.94309079,0,47.0316119,-16.1010854,1.01342714,1.63980161,3.11901874,-7.12008473,4.81915889,-49.4796708,-0.884530833,3.46023651,0.0669641902,-7.15088196,2.12363573,0.876537191,148.11094,-4.10535977,-0.348130321,-14.1432113,0.0430910866,-0.277470409,0.00131965051,0.0322184387,0.00363047017,-0.862828394,0,0,0,0,0,0,4.81915902,-49.4796721,-0.884530885,0.912032568,0.997649,-7.04924015,-10.5826492,47.9937543,-0.190522951,-0.330151737,2.96166492,22.0474152,-10.5826492,47.9937543,-0.190522951,-0.330151737,2.96166492,22.0474152,0.0300869565,-0.0610548391,147.15455,0.0553853746,0.907039057,-0.00521335009,-0.241954247,-0.0324181346,-0.00744873329,-0.0140096559,-0.0774381956,0.907909336,1261,1405,1182,1484,1545,1383,1562,1508,-0.2925,-0.2925,-0.312188059,-1.42120963,0.2,-0.02,-0.02,0.0226754794,0,0.2,-0.1125,-0.1125,-0.141856521,-0.411901113,0.2,0.155,0.155,0.187670222,0.819683603,0.2,0.2375,0.2375,0.703628938,34.1332475,1,-0.04,-0.04,-0.540825977,-17.6627069,1,0.5975,0.5975,0.190678257,4.20847823,1,-0.795,-0.795,-0.401373798,-10.5083109,1
298227.135,41.3,0.270710925,-0.0706113248,0.0119617025,0.0322754496,-0.000325322655,-0.81860266,0.337808102,-0.00105729855,150.09763,-147.154539,2.94309079,0,46.8073487,-16.0917148,1.00256217,1.61573365,3.13570407,-6.53042068,2.66081468,-49.4264464,-0.90706528,3.46935959,-0.0695884648,-6.56112269,2.13002714,0.852749605,148.143667,-4.15333726,-0.222675862,-13.0738523,0.0315467621,-0.27955232,0.00105729855,0.0322754496,-0.000325322655,-0.81860266,0,0,0,0,0,0,2.66081476,-49.4264478,-0.907065331,0.888388155,1.02442322,-6.45961731,-8.20059093,47.6365965,-0.168682229,-0.292300428,2.94546091,20.3784696,-8.20059093,47.6365965,-0.168682229,-0.292300428,2.94546091,20.3784696,0.0231737582,-0.0577113691,147.154627,0.0544546863,0.909442887,-0.00531545971,-0.226197552,-0.0542700157,-0.00518480294,0.0071675569,-0.0811918731,0.903150621,1291,1374,1212,1453,1550,1386,1557,1505,-0.285,-0.285,-0.302567707,-1.36596433,0.2,-0.0125,-0.0125,0.00357705293,0,0.2,-0.125,-0.125,-0.13298382,-0.356646323,0.2,0.1425,0.1425,0.171561225,0.720048483,0.2,0.315,0.315,0.693206567,33.1878197,1,-0.1175,-0.1175,-0.529546933,-16.9235265,1,0.5225,0.5225,0.206874086,4.79570656,1,-0.72,-0.72,-0.416983257,-11.2885346,1
298227.189,41.35,0.272637735,-0.0711877703,0.0119678338,0.0320488044,-0.00390737601,-0.777552343,0.337759239,-0.000942725197,150.09763,-147.154539,2.94309079,0,46.7480462,-16.0858337,1.05919199,1.57754074,3.1544521,-6.05856102,0.674059316,-49.4374562,-0.859837228,3.47108541,-0.182318714,-6.0879956,2.15195833,0.804646848,148.161935,-4.1788024,-0.08463574,-12.1736767,0.0206110768,-0.282378749,0.000942725197,0.0320488044,-0.00390737601,-0.777552343,0,0,0,0,0,0,0.674059335,-49.4374576,-0.85983728,0.850461071,1.04610089,-5.98778352,-6.04555202,47.6196445,-0.161648661,-0.251514874,2.9490051,18.9238136,-6.04555202,47.6196445,-0.161648661,-0.251514874,2.9490051,18.9238136,0.0172866386,-0.0541952664,147.154704,0.0542167568,0.910383197,-0.0054583083,-0.212284455,-0.0604648486,-0.000765294297,-0.030605985,-0.0659282326,0.810337224,1285,1379,1210,1453,1556,1388,1557,1497,-0.28,-0.28,-0.293820495,-1.31377537,0.2,0.0075,0.0075,0.00110451707,0,0.2,-0.14,-0.14,-0.134452817,-0.365794508,0.2,0.1425,0.1425,0.158416632,0.620377885,0.2,0.3025,0.3025,0.683855477,32.4521661,1,-0.1175,-0.1175,-0.519496969,-16.3960236,1,0.5375,0.5375,0.221026745,5.2854347,1,-0.725,-0.725,-0.43025322,-11.9780966,1
298227.242,41.4,0.275196604,-0.071536887,0.0120867268,0.0310485416,-0.00662011222,-0.739855313,0.337711884,-0.000956945041,150.09763,-147.154539,2.94309079,0,46.8999584,-16.0273002,1.08922222,1.54737647,3.17352263,-5.61507115,-1.09901186,-49.5555703,-0.839336531,3.47294957,-0.29609405,-5.64319,2.15415976,0.748002897,148.166786,-4.18288706,0.055471332,-11.3456678,0.0104945571,-0.285324527,0.000956945041,0.0310485416,-0.00662011222,-0.739855313,0,0,0,0,0,0,-1.09901189,-49.5555716,-0.839336583,0.822942518,1.05843712,-5.54455118,-4.07929264,47.7424195,-0.174617488,-0.199831244,2.95426967,17.6387028,-4.07929264,47.7424195,-0.174617488,-0.199831244,2.95426967,17.6387028,0.0124825231,-0.0503325915,147.154733,0.0544578546,0.909973204,-0.00559648531,-0.198116098,-0.0656501544,0.000182232698,-0.0234700919,-0.0431416868,0.79785513,1257,1406,1183,1480,1561,1392,1558,1487,-0.27,-0.27,-0.286978203,-1.27385328,0.2,0.0325,0.0325,0.00985197774,0,0.2,-0.1525,-0.1525,-0.139536805,-0.397455071,0.2,0.145,0.145,0.153036421,0.582086129,0.2,0.235,0.235,0.673838176,31.8042973,1,-0.05,-0.05,-0.508970028,-16.0030885,1,0.6075,0.6075,0.236250337,5.82717757,1,-0.7925,-0.7925,-0.444439675,-12.6919941,1
298227.294,41.45,0.278111943,-0.071982124,0.0121705859,0.0308464761,-0.00850073575,-0.694868005,0.337663638,-0.00094670347,150.09763,-147.154539,2.94309079,0,46.7192349,-16.0908516,1.03047024,1.53878862,3.17472299,-4.96888278,-2.98760745,-49.3248901,-0.890898163,3.46123039,-0.437429545,-4.99650599,2.18624176,0.667616555,148.184009,-4.17065617,0.184239913,-10.2787996,0.000769421616,-0.288309476,0.00094670347,0.0308464761,-0.00850073575,-0.694868005,0,0,0,0,0,0,-2.98760753,-49.3248915,-0.890898215,0.81148214,1.06754768,-4.89808316,-2.17412362,47.8045299,-0.188250198,-0.156972893,2.93967971,16.1562051,-2.17412362,47.8045299,-0.188250198,-0.156972893,2.93967971,16.1562051,0.00859152734,-0.0458243273,147.154842,0.0552755696,0.908968887,-0.00574795327,-0.194857538,-0.0512586872,-0.00307775207,-0.0062740596,-0.0423235366,1.0571528,1205,1458,1132,1531,1547,1396,1560,1494,-0.26,-0.26,-0.277425225,-1.21598891,0.2,0.015,0.015,0.0152250082,0,0.2,-0.1175,-0.1175,-0.136494727,-0.378510513,0.2,0.15,0.15,0.150499318,0.56402919,0.2,0.105,0.105,0.660533592,30.7822834,1,0.0775,0.0775,-0.495200677,-15.2254027,1,0.7375,0.7375,0.257200523,6.43213485,1,-0.92,-0.92,-0.464300999,-13.6311547,1
298227.347,41.5,0.280868469,-0.0725386516,0.0119944469,0.0315996155,-0.0102767993,-0.640346996,0.337621464,-0.000703272337,150.09763,-147.154539,2.94309079,0,46.766717,-16.0832558,0.876177683,1.54392554,3.19520789,-4.29523797,-4.61434538,-49.2360137,-1.04278028,3.4676302,-0.579764934,-4.32221495,2.19588399,0.618044538,148.249686,-4.146153,0.311220401,-9.10637093,-0.00856989875,-0.290849191,0.000703272337,0.0315996155,-0.0102767993,-0.640346996,0,0,0,0,0,0,-4.6143455,-49.2360151,-1.04278034,0.816962393,1.0852075,-4.22447176,-0.351298396,47.6757914,-0.167764519,-0.115003144,2.91372482,14.4187973,-0.351298396,47.6757914,-0.167764519,-0.115003144,2.91372482,14.4187973,0.00529307549,-0.0407382267,147.155034,0.0569802097,0.907426316,-0.00597921013,-0.180572549,-0.0592519205,-0.00749107296,0.0143756632,-0.0216846576,1.17686781,1208,1454,1135,1527,1541,1398,1564,1495,-0.255,-0.255,-0.26911838,-1.15104639,0.2,0.0125,0.0125,0.0139433431,0,0.2,-0.1025,-0.1025,-0.124792464,-0.31026746,0.2,0.16,0.16,0.153464968,0.585136162,0.2,0.115,0.115,0.646921777,29.7892927,1,0.0675,0.0675,-0.481165005,-14.5085304,1,0.73,0.73,0.278435272,7.18795307,1,-0.9125,-0.9125,-0.484398184,-14.6523493,1
298227.402,41.55,0.284191428,-0.0732439615,0.0117191519,0.0326056266,-0.0112129694,-0.581903431,0.337595797,-0.000342935412,150.09763,-147.154539,2.94309079,0,46.8334278,-16.1489151,0.759984397,1.55642178,3.20230441,-3.62457466,-6.16694332,-49.1463647,-1.15699889,3.45901747,-0.722982728,-3.65064896,2.21311527,0.561434554,148.349011,-4.11384132,0.442918702,-7.93234736,-0.0172636668,-0.293750243,0.000342935412,0.0326056266,-0.0112129694,-0.581903431,0,0,0,0,0,0,-6.16694349,-49.146366,-1.15699894,0.82649083,1.08877744,-3.55351953,1.36158496,47.6946343,-0.141703729,-0.0703558894,2.88286919,12.6502639,1.36158496,47.6946343,-0.141703729,-0.0703558894,2.88286919,12.6502639,0.00293949003,-0.0354261315,147.155227,0.0599728819,0.905333018,-0.00630203679,-0.167933526,-0.0556267916,-0.00687835639,0.00942100599,-0.0160261299,1.26990351,1215,1447,1142,1520,1549,1399,1570,1481,-0.2525,-0.2525,-0.26238128,-1.10909106,0.2,0.0475,0.0475,0.0235650139,0,0.2,-0.1225,-0.1225,-0.120101941,-0.285230096,0.2,0.175,0.175,0.16033594,0.634336758,0.2,0.1325,0.1325,0.634009128,28.8519133,1,0.05,0.05,-0.467863518,-13.7579296,1,0.7125,0.7125,0.298103316,7.93929745,1,-0.895,-0.895,-0.502979615,-15.6833285,1
298227.458,41.6,0.287445939,-0.0736308977,0.0115252234,0.0319656842,-0.0121945888,-0.522177305,0.337586314,-7.76069592e-05,150.09763,-147.154539,2.94309079,0,46.7667217,-15.845419,0.687733345,1.54185529,3.17978066,-3.05577915,-7.2318842,-48.8353587,-1.21824826,3.41357414,-0.830460801,-3.07960313,2.17671829,0.48423322,148.438678,-4.07508662,0.579686668,-6.84382077,-0.0248749996,-0.296328406,7.76069592e-05,0.0319656842,-0.0121945888,-0.522177305,0,0,0,0,0,0,-7.2318844,-48.8353601,-1.21824831,0.825642369,1.0689509,-2.98605938,2.8472977,47.6454591,-0.110862905,-0.00513610811,2.852326,10.9202671,2.8472977,47.6454591,-0.110862905,-0.00513610811,2.852326,10.9202671,0.00101390752,-0.0296696779,147.155295,0.0639290191,0.902389071,-0.00670169438,-0.141124376,-0.0436194626,-0.00305699268,-0.0371863299,-0.0299156042,1.187821,1217,1445,1145,1517,1557,1397,1576,1468,-0.2575,-0.2575,-0.259311265,-1.09058525,0.2,0.08,0.08,0.0454074198,0,0.2,-0.1425,-0.1425,-0.126771441,-0.320830965,0.2,0.19,0.19,0.172242095,0.723682871,0.2,0.1375,0.1375,0.621678999,27.846832,1,0.0425,0.0425,-0.455166818,-13.241611,1,0.7075,0.7075,0.316423461,8.6230519,1,-0.8875,-0.8875,-0.520238165,-16.4266373,1
298227.512,41.65,0.290340443,-0.0739664936,0.0115307206,0.0297052615,-0.0137344922,-0.464093789,0.337583321,-5.04395321e-05,150.09763,-147.154539,2.94309079,0,46.9252125,-15.921578,0.596570201,1.50161042,3.14361209,-2.46759997,-8.48328499,-48.8072987,-1.30750754,3.34945735,-0.903577145,-2.48814474,2.19285774,0.441214333,148.490403,-4.02729038,0.711033474,-5.79695424,-0.0317156748,-0.298411035,5.04395321e-05,0.0297052615,-0.0137344922,-0.464093789,0,0,0,0,0,0,-8.48328523,-48.8073001,-1.30750759,0.781955107,1.02521744,-2.3975451,4.14393937,47.6233018,-0.103727271,0.0807044457,2.83216954,9.33563345,4.14393937,47.6233018,-0.103727271,0.0807044457,2.83216954,9.33563345,-0.000608503908,-0.0240005135,147.155257,0.0681550479,0.898607937,-0.00712705966,-0.133278761,-0.0453926371,-0.00448110988,-0.101195146,-0.041119986,1.24791678,1220,1443,1149,1514,1571,1400,1581,1446,-0.25,-0.25,-0.25569143,-1.07126308,0.2,0.135,0.135,0.081612571,0.124261348,0.2,-0.1775,-0.1775,-0.146844444,-0.442963432,0.2,0.2025,0.2025,0.183976517,0.793394959,0.2,0.1425,0.1425,0.609761886,27.0663455,1,0.035,0.035,-0.442951201,-12.6125414,1,0.7,0.7,0.333672127,9.31033884,1,-0.8775,-0.8775,-0.536374623,-17.3730462,1
298227.565,41.7,0.293008846,-0.0744490117,0.0112571452,0.024371969,-0.0165459135,-0.400068098,0.3375865,0.000195649886,150.09763,-147.154539,2.94309079,0,46.8826909,-15.7408558,0.363811172,1.42678796,3.06497471,-1.85348586,-9.36006796,-48.538325,-1.52109951,3.23902414,-0.936267798,-1.87011467,2.17694373,0.372985974,148.588865,-3.96553384,0.820499254,-4.69769415,-0.0377754541,-0.300157956,-0.000195649886,0.024371969,-0.0165459135,-0.400068098,0,0,0,0,0,0,-9.36006822,-48.5383263,-1.52109956,0.715301289,0.947477888,-1.78422614,5.32411188,47.6234669,-0.0191715668,0.210700413,2.82084881,7.70076321,5.32411188,47.6234669,-0.0191715668,0.210700413,2.82084881,7.70076321,-0.00214011866,-0.0176670606,147.155094,0.071814518,0.893495346,-0.00748473028,-0.11269357,-0.030729568,-0.00662776413,-0.132072229,-0.0708170613,1.33855554,1227,1437,1157,1508,1578,1400,1587,1433,-0.25,-0.25,-0.253362369,-1.05883087,0.2,0.1675,0.1675,0.120459341,0.358717989,0.2,-0.195,-0.195,-0.168666622,-0.569964723,0.2,0.2175,0.2175,0.198742758,0.906266431,0.2,0.1575,0.1575,0.598418702,26.0266321,1,0.02,0.02,-0.431344097,-12.0314736,1,0.6825,0.6825,0.349564742,9.98912925,1,-0.8575,-0.8575,-0.551066822,-18.2549025,1
298227.618,41.75,0.295418155,-0.0751606761,0.0108000945,0.0187205162,-0.0200732682,-0.337901594,0.337605251,0.000543132392,150.09763,-147.154539,2.94309079,0,47.0375013,-15.7314621,0.129394692,1.34539677,2.99831748,-1.3571677,-10.2225152,-48.5027418,-1.73389523,3.14294018,-0.94209686,-1.36977548,2.18320298,0.33046491,148.720743,-3.88281448,0.908571257,-3.77997401,-0.0432147223,-0.301649874,-0.000543132392,0.0187205162,-0.0200732682,-0.337901594,0,0,0,0,0,0,-10.2225155,-48.5027432,-1.73389528,0.634334694,0.872791799,-1.2879493,6.38051525,47.6944565,0.0489234765,0.338394424,2.81637547,6.23203781,6.38051525,47.6944565,0.0489234765,0.338394424,2.81637547,6.23203781,-0.00318860162,-0.0123233377,147.154991,0.0744830374,0.887363248,-0.00772798655,-0.0992423327,-0.0281537744,-0.00757528898,-0.147970647,-0.0713662378,1.27647405,1234,1431,1165,1500,1592,1401,1593,1412,-0.2475,-0.2475,-0.250216665,-1.04203953,0.2,0.22,0.22,0.159926058,0.6311207,0.2,-0.23,-0.23,-0.191232481,-0.709397253,0.2,0.2325,0.2325,0.211730108,0.990921396,0.2,0.1725,0.1725,0.587720687,25.3846147,1,0,0,-0.420453011,-11.4985684,1,0.665,0.665,0.363965532,10.6381443,1,-0.8375,-0.8375,-0.564276341,-18.9997451,1
298227.673,41.8,0.297328388,-0.0757646522,0.0102271249,0.0118647818,-0.0241003226,-0.273154492,0.337641517,0.00090225194,150.09763,-147.154539,2.94309079,0,46.9945756,-15.6127104,-0.149116455,1.24849691,2.89137921,-0.793429115,-10.8451489,-48.2780908,-1.96921209,3.00791723,-0.925673836,-0.802439972,2.16984906,0.275423627,148.862698,-3.77875389,0.962711753,-2.81094438,-0.0476471985,-0.302654867,-0.00090225194,0.0118647818,-0.0241003226,-0.273154492,0,0,0,0,0,0,-10.8451492,-48.2780921,-1.96921214,0.542802416,0.766568319,-0.724733209,7.2662528,47.7084169,0.146088125,0.467407573,2.80288932,4.8058496,7.2662528,47.7084169,0.146088125,0.467407573,2.80288932,4.8058496,-0.00371375428,-0.00758707245,147.154941,0.0759906485,0.879941584,-0.00780065646,-0.0819755653,-0.0150186769,-0.00719773803,-0.143687516,-0.0920044808,1.39841941,1240,1428,1172,1495,1605,1399,1601,1393,-0.2525,-0.2525,-0.250897104,-1.04567163,0.2,0.2675,0.2675,0.20725568,0.961517692,0.2,-0.2625,-0.2625,-0.222437144,-0.884859862,0.2,0.2525,0.2525,0.229603678,1.11813025,0.2,0.18,0.18,0.577595274,24.5288538,1,-0.0125,-0.0125,-0.41017159,-10.8643377,1,0.65,0.65,0.376926036,11.3259921,1,-0.82,-0.82,-0.576124877,-19.7411827,1
298227.725,41.85,0.29869337,-0.0764456821,0.00953556204,0.00499451969,-0.0288145669,-0.204700188,0.33769623,0.00126101459,150.09763,-147.154539,2.94309079,0,47.0160075,-15.3814816,-0.395415312,1.1500961,2.78778471,-0.309537767,-11.1846136,-48.140418,-2.1577441,2.88069902,-0.890192771,-0.31529077,2.14856703,0.235027879,149.015767,-3.64895127,0.985119348,-1.90761004,-0.0512091308,-0.303196647,-0.00126101459,0.00499451969,-0.0288145669,-0.204700188,0,0,0,0,0,0,-11.1846139,-48.1404194,-2.15774415,0.454853146,0.660921388,-0.241859254,7.9720226,47.7122589,0.200568499,0.578258193,2.78269072,3.44115496,7.9720226,47.7122589,0.200568499,0.578258193,2.78269072,3.44115496,-0.00367079273,-0.00386961896,147.155021,0.0762511607,0.871174144,-0.00769872801,-0.0590353959,-0.0083189838,-0.00568523317,-0.131631951,-0.0920756681,1.42636034,1251,1419,1181,1489,1609,1394,1612,1383,-0.265,-0.265,-0.254510833,-1.06496121,0.2,0.2925,0.2925,0.254999993,1.27663853,0.2,-0.2725,-0.2725,-0.254726089,-1.06611022,0.2,0.28,0.28,0.249269488,1.24984821,0.2,0.2025,0.2025,0.568043677,23.678079,1,-0.0275,-0.0275,-0.400571089,-10.4761752,1,0.6225,0.6225,0.388510254,11.8928125,1,-0.7975,-0.7975,-0.586393988,-20.4436087,1
298227.779,41.9,0.299333173,-0.07676735,0.00896208665,0.00231305546,-0.0322290116,-0.134107178,0.337763612,0.00139451416,150.09763,-147.154539,2.94309079,0,46.7683652,-14.8998813,-0.546243392,1.1517584,2.73202099,0.124133157,-11.1278145,-47.7577745,-2.225208,2.81373157,-0.935263436,0.118710326,2.09277068,0.180716076,149.131518,-3.49510371,0.984532922,-1.10217313,-0.0536064873,-0.303212798,-0.00139451416,0.00231305546,-0.0322290116,-0.134107178,0,0,0,0,0,0,-11.1278148,-47.7577758,-2.22520805,0.478283781,0.615687452,0.18969264,8.42604668,47.6361005,0.216074044,0.631523245,2.74778728,2.18837167,8.42604668,47.6361005,0.216074044,0.631523245,2.74778728,2.18837167,-0.00280614026,-0.0017162071,147.155186,0.0759028194,0.861382687,-0.00756731958,-0.0360450331,0.00472703815,-0.00186748799,0.0247986523,-0.0410780683,1.41189242,1266,1405,1197,1474,1592,1389,1621,1396,-0.2775,-0.2775,-0.263812656,-1.11800496,0.2,0.26,0.26,0.263571628,1.32429946,0.2,-0.23,-0.23,-0.251821757,-1.0506073,0.2,0.3025,0.3025,0.272560957,1.39055619,0.2,0.2375,0.2375,0.559297255,22.7662169,1,-0.065,-0.065,-0.391769837,-10.0872167,1,0.585,0.585,0.398326551,12.4472045,1,-0.7575,-0.7575,-0.594997339,-20.8398184,1
298227.831,41.95,0.299219853,-0.0769777103,0.00844914444,0.00606175628,-0.0327200524,-0.0739536272,0.337834795,0.00143412029,150.09763,-147.154539,2.94309079,0,46.5293566,-14.717928,-0.688223508,1.21370255,2.68587264,0.250620346,-11.2047919,-47.4479335,-2.28436514,2.76634339,-1.01848295,0.244607841,2.08098393,0.152449135,149.221735,-3.32844571,1.00189091,-0.681489516,-0.0552648296,-0.302796032,-0.00143412029,0.00606175628,-0.0327200524,-0.0739536272,0,0,0,0,0,0,-11.2047922,-47.4479348,-2.28436519,0.548452212,0.579717574,0.315379238,8.66782941,47.4818363,0.217456126,0.614008214,2.70407855,1.2467321,8.66782941,47.4818363,0.217456126,0.614008214,2.70407855,1.2467321,-0.00157546297,-0.000878370901,147.155278,0.0767378527,0.851010959,-0.00768888033,-0.0317248037,0.0105582932,-0.000203270745,0.129016105,0.0279609349,0.970198326,1400,1272,1335,1338,1588,1385,1628,1397,-0.2875,-0.2875,-0.274614415,-1.19348334,0.2,0.2575,0.2575,0.261490248,1.30948597,0.2,-0.22,-0.22,-0.240328355,-0.989257104,0.2,0.32,0.32,0.294396564,1.56147799,0.2,0.57,0.57,0.554834448,22.4287407,1,-0.405,-0.405,-0.387385607,-9.92708473,1,0.25,0.25,0.400739218,12.5669921,1,-0.4125,-0.4125,-0.596275899,-20.8796296,1
298227.884,42,0.298730813,-0.0776925204,0.00808301249,0.0117294129,-0.0292119545,-0.0424142964,0.337905423,0.0013888092,150.09763,-147.154539,2.94309079,0,46.4834288,-14.892728,-0.790391257,1.27390991,2.66346979,0.0732786946,-11.5113933,-47.3838093,-2.32156537,2.74713216,-1.08208116,0.0682114851,2.11616885,0.151341973,149.280624,-3.16733642,1.06015126,-0.68640832,-0.0569506924,-0.302362539,-0.0013888092,0.0117294129,-0.0292119545,-0.0424142964,0,0,0,0,0,0,-11.5113936,-47.3838106,-2.32156541,0.600758622,0.55894112,0.138806702,8.88226236,47.3796815,0.213645726,0.579812615,2.67252789,0.805764182,8.88226236,47.3796815,0.213645726,0.579812615,2.67252789,0.805764182,-0.000785531464,-0.000590251458,147.155219,0.0796088799,0.840878841,-0.00804697044,-0.0370659863,0.00289021279,0.00039216294,0.0870254534,0.121160253,0.27604005,1455,1218,1390,1283,1589,1385,1628,1396,-0.2875,-0.2875,-0.281102745,-1.2424909,0.2,0.26,0.26,0.261451378,1.30920933,0.2,-0.2225,-0.2225,-0.233379363,-0.946274341,0.2,0.32,0.32,0.307709683,1.66994717,0.2,0.705,0.705,0.558631895,22.7159026,1,-0.5425,-0.5425,-0.391327974,-10.0675616,1,0.1125,0.1125,0.395269713,12.2704372,1,-0.275,-0.275,-0.589990715,-20.6835941,1
298227.938,42.05,0.298292884,-0.078632945,0.00788366319,0.0139466115,-0.0205559972,-0.0480216486,0.337973219,0.00131915697,150.09763,-147.154539,2.94309079,0,46.493221,-15.0416517,-0.839652476,1.3165163,2.66709237,-0.272923182,-11.7590636,-47.3803333,-2.32472358,2.75502118,-1.12021345,-0.275797182,2.14147756,0.150718687,149.313604,-3.03588975,1.14797024,-1.04182482,-0.0586635019,-0.30226124,-0.00131915697,0.0139466115,-0.0205559972,-0.0480216486,0,0,0,0,0,0,-11.7590639,-47.3803346,-2.32472362,0.636633662,0.561904353,-0.20673992,9.14512059,47.3496224,0.210541451,0.571115527,2.66115171,0.885983693,9.14512059,47.3496224,0.210541451,0.571115527,2.66115171,0.885983693,-0.000609538766,-0.000690714412,147.154976,0.0836832562,0.832786162,-0.0083944209,-0.0326623083,-0.00367209244,0.00172105327,0.00042916976,0.22489709,-0.418124902,1435,1239,1369,1304,1585,1385,1628,1400,-0.2875,-0.2875,-0.284091858,-1.25844637,0.2,0.25,0.25,0.256389265,1.28281832,0.2,-0.2125,-0.2125,-0.224459106,-0.895652818,0.2,0.32,0.32,0.313861194,1.71093335,0.2,0.6525,0.6525,0.564841508,23.3362242,1,-0.49,-0.49,-0.397707066,-10.3513176,1,0.1625,0.1625,0.388418039,11.8883004,1,-0.3275,-0.3275,-0.582375792,-20.1755015,1
298227.992,42.1,0.297886717,-0.0790778227,0.00786666596,0.0112151435,-0.00805459947,-0.0733242217,0.338037221,0.00124673611,150.09763,-147.154539,2.94309079,0,46.289739,-15.0005564,-0.853163903,1.30704968,2.65047504,-0.389544166,-11.8757962,-47.1393265,-2.30951837,2.73584414,-1.11725202,-0.389931034,2.13778734,0.125249092,149.315895,-2.96228452,1.2272618,-1.28009012,-0.0600130523,-0.302265178,-0.00124673611,0.0112151435,-0.00805459947,-0.0733242217,0,0,0,0,0,0,-11.8757966,-47.1393278,-2.30951842,0.629024541,0.554424957,-0.323541727,9.36496856,47.2718907,0.204334534,0.587151264,2.64621056,1.23649631,9.36496856,47.2718907,0.204334534,0.587151264,2.64621056,1.23649631,-0.000334643078,-0.000945573054,147.154693,0.0875888921,0.828394725,-0.00861239352,-0.0200346509,0.00540721921,0.00244368526,-0.136678934,0.26024383,-0.42392882,1330,1344,1260,1414,1596,1393,1619,1390,-0.2675,-0.2675,-0.28280222,-1.25156246,0.2,0.275,0.275,0.259416177,1.29628268,0.2,-0.24,-0.24,-0.225201054,-0.899613233,0.2,0.2975,0.2975,0.31332232,1.70805692,0.2,0.39,0.39,0.565854975,23.4444192,1,-0.215,-0.215,-0.398820436,-10.4008427,1,0.425,0.425,0.385059188,11.7239505,1,-0.6,-0.6,-0.578277166,-19.8943643,1
298228.044,42.15,0.297264746,-0.0787750851,0.00797855538,0.00385733349,0.00433355485,-0.0738754665,0.338097971,0.00119340527,150.09763,-147.154539,2.94309079,0,46.1267758,-14.7603958,-0.838617614,1.27486624,2.63624197,-0.00281399544,-11.8285439,-46.9158026,-2.29020237,2.71083553,-1.10744321,-0.00196667392,2.10437567,0.120567149,149.288011,-2.96009762,1.25569022,-0.901847788,-0.0605569398,-0.301930543,-0.00119340527,0.00385733349,0.00433355485,-0.0738754665,0,0,0,0,0,0,-11.8285442,-46.9158039,-2.29020241,0.607696356,0.547621827,0.0621317479,9.50487824,46.9905122,0.184246287,0.645683681,2.61305493,1.23718671,9.50487824,46.9905122,0.184246287,0.645683681,2.61305493,1.23718671,0.000249804455,-0.000541050565,147.154569,0.0896283701,0.827994097,-0.0087032078,-0.00576757854,0.00157058927,0.000468940776,-0.133126705,0.231690468,0.432456411,1248,1427,1177,1497,1592,1385,1624,1396,-0.2875,-0.2875,-0.281602143,-1.24515662,0.2,0.26,0.26,0.26194473,1.31272058,0.2,-0.23,-0.23,-0.228978035,-0.919774232,0.2,0.31,0.31,0.310094616,1.69082788,0.2,0.1825,0.1825,0.558146094,22.6791665,1,-0.0075,-0.0075,-0.390892734,-10.0482012,1,0.63,0.63,0.392861516,12.1311788,1,-0.8075,-0.8075,-0.585359218,-20.3745655,1
298228.096,42.2,0.297112469,-0.0783364014,0.00818280366,-0.000590172972,0.0147234542,-0.0394107075,0.338157318,0.00119181317,150.09763,-147.154539,2.94309079,0,46.1285364,-14.4629983,-0.807526888,1.26085383,2.63347187,0.36489668,-11.6671504,-46.8652618,-2.27971905,2.69970415,-1.11189335,0.365194113,2.06541693,0.13101412,149.253038,-3.01794927,1.24581682,-0.405794249,-0.0606193848,-0.302028299,-0.00119181317,-0.000590172972,0.0147234542,-0.0394107075,0,0,0,0,0,0,-11.6671508,-46.8652631,-2.27971909,0.607126318,0.544908947,0.428533884,9.54961878,46.8265208,0.191754842,0.68420518,2.59358839,0.751144051,9.54961878,46.8265208,0.191754842,0.68420518,2.59358839,0.751144051,0.000397595072,-8.15451039e-05,147.154688,0.0896035596,0.831426899,-0.00871338329,0.00290451671,-0.00193819673,-0.000264133742,-0.0575556289,0.171893411,0.855492333,1256,1418,1189,1485,1592,1384,1625,1397,-0.29,-0.29,-0.285785379,-1.26748615,0.2,0.2575,0.2575,0.260396769,1.30170352,0.2,-0.23,-0.23,-0.229526453,-0.922701611,0.2,0.3125,0.3125,0.311065651,1.69601113,0.2,0.205,0.205,0.549139523,22.0210578,1,-0.0375,-0.0375,-0.38182132,-9.7538266,1,0.61,0.61,0.402990456,12.6370901,1,-0.7775,-0.7775,-0.594477352,-20.8236273,1
298228.149,42.25,0.296746203,-0.0782558046,0.00837765807,-0.00253246633,0.0211405468,0.00362910397,0.338218948,0.00128809138,150.09763,-147.154539,2.94309079,0,45.9381823,-14.4231205,-0.783944462,1.23967981,2.6204748,0.579444838,-11.6787742,-46.6616773,-2.2916524,2.68210694,-1.10044528,0.578595763,2.07443044,0.122181207,149.212372,-3.11830757,1.22133101,-0.0300819354,-0.0605238316,-0.30188367,-0.00128809138,-0.00253246633,0.0211405468,0.00362910397,0,0,0,0,0,0,-11.6787745,-46.6616786,-2.29165244,0.587754778,0.54061964,0.642906586,9.52420592,46.734088,0.204367909,0.701181805,2.5889453,0.198241813,9.52420592,46.734088,0.204367909,0.701181805,2.5889453,0.198241813,-4.98195223e-05,-4.84081741e-05,147.154846,0.0886777872,0.83765767,-0.00867571763,-8.92255095e-05,0.00846523759,-0.00230918781,-0.0354356544,0.0768054726,0.894053301,1286,1394,1219,1461,1595,1391,1619,1394,-0.2725,-0.2725,-0.283176229,-1.25355887,0.2,0.265,0.265,0.262228914,1.31474316,0.2,-0.2375,-0.2375,-0.233140872,-0.944789139,0.2,0.2975,0.2975,0.307440152,1.66754931,0.2,0.265,0.265,0.541588779,21.6515968,1,-0.0975,-0.0975,-0.374068666,-9.43327657,1,0.535,0.535,0.409867921,12.8512374,1,-0.7025,-0.7025,-0.600600083,-21.0302898,1
298228.203,42.3,0.295992131,-0.0785810393,0.00848582018,-0.00423943809,0.022452467,0.0504096794,0.338288033,0.00148182352,150.09763,-147.154539,2.94309079,0,45.8310009,-14.205923,-0.76824315,1.19516808,2.62572653,0.848882299,-11.4042331,-46.555858,-2.31832709,2.68322999,-1.06083039,0.847575022,2.05957412,0.123852047,149.175144,-3.23898186,1.18439291,0.409850204,-0.0601898455,-0.301278364,-0.00148182352,-0.00423943809,0.022452467,0.0504096794,0,0,0,0,0,0,-11.4042334,-46.5558593,-2.31832713,0.553060372,0.550785057,0.911388386,9.46670465,46.6678429,0.224247884,0.724756428,2.57134638,-0.410174565,9.46670465,46.6678429,0.224247884,0.724756428,2.57134638,-0.410174565,-0.000742990174,-0.00040197523,147.154887,0.0875044498,0.845001793,-0.00862181168,0.015203393,0.0165148187,-0.00488327089,-0.0549016774,-0.027807743,1.01125089,1287,1394,1220,1461,1594,1394,1615,1394,-0.265,-0.265,-0.276915504,-1.21190769,0.2,0.265,0.265,0.263715963,1.32532672,0.2,-0.235,-0.235,-0.234461849,-0.953015528,0.2,0.2875,0.2875,0.300728513,1.60783965,0.2,0.265,0.265,0.534804219,21.1578418,1,-0.0975,-0.0975,-0.367195721,-9.15250104,1,0.5325,0.5325,0.415312329,13.209806,1,-0.7,-0.7,-0.605172086,-21.2946742,1
298228.256,42.35,0.294898871,-0.0789106958,0.00844910148,-0.00548388722,0.0187003193,0.10012322,0.338368873,0.00174820329,150.09763,-147.154539,2.94309079,0,45.7383545,-13.9832408,-0.763917975,1.18699816,2.62964053,1.09452749,-11.0099627,-46.4904469,-2.35175103,2.68811179,-1.05070984,1.09180045,2.04406342,0.132984352,149.153063,-3.35192843,1.13634887,0.869401483,-0.059170291,-0.300248459,-0.00174820329,-0.00548388722,0.0187003193,0.10012322,0,0,0,0,0,0,-11.009963,-46.4904482,-2.35175107,0.554955688,0.558905708,1.15605378,9.30110834,46.6375498,0.255885966,0.751668602,2.55941411,-1.13787657,9.30110834,46.6375498,0.255885966,0.751668602,2.55941411,-1.13787657,-0.00119543831,-0.00114410154,147.154784,0.0863138442,0.851705381,-0.00853328082,0.0247642283,0.02318346,-0.00580179302,0.0231254549,-0.120929559,0.982629012,1299,1381,1233,1447,1583,1384,1626,1406,-0.29,-0.29,-0.275977371,-1.20439625,0.2,0.235,0.235,0.259660248,1.29736836,0.2,-0.2075,-0.2075,-0.23056945,-0.928775595,0.2,0.315,0.315,0.29976999,1.59972146,0.2,0.2975,0.2975,0.528333904,20.6916553,1,-0.1325,-0.1325,-0.360547931,-8.9159345,1,0.5025,0.5025,0.420272175,13.5383217,1,-0.6675,-0.6675,-0.609378014,-21.5378898,1
298228.308,42.4,0.293518723,-0.0794835563,0.00817084577,-0.00216148881,0.010878028,0.139891955,0.338465787,0.00214109111,150.09763,-147.154539,2.94309079,0,45.5277219,-13.9145689,-0.78304616,1.22727151,2.61096778,1.13326421,-10.6705683,-46.340167,-2.39368716,2.67835622,-1.07761953,1.12817552,2.05622418,0.138335055,149.064418,-3.43107922,1.10135855,1.11959946,-0.0579918779,-0.298906719,-0.00214109111,-0.00216148881,0.010878028,0.139891955,0,0,0,0,0,0,-10.6705686,-46.3401683,-2.3936872,0.598333006,0.549669388,1.19448834,9.02045451,46.5858496,0.347832548,0.728960203,2.56505486,-1.7829445,9.02045451,46.5858496,0.347832548,0.728960203,2.56505486,-1.7829445,-0.00092297746,-0.00157532164,147.154582,0.0863838858,0.855987181,-0.00846889263,0.0261555766,0.0333965362,-0.00795213372,0.0679759287,-0.186921236,0.589078869,1373,1307,1307,1373,1585,1386,1623,1403,-0.285,-0.285,-0.282884123,-1.25199965,0.2,0.2425,0.2425,0.250731235,1.25765017,0.2,-0.2125,-0.2125,-0.221539294,-0.880067265,0.2,0.3075,0.3075,0.306306394,1.65746291,0.2,0.4825,0.4825,0.525219719,20.539277,1,-0.3175,-0.3175,-0.357502532,-8.818671,1,0.3175,0.3175,0.420218258,13.5352039,1,-0.4825,-0.4825,-0.608597757,-21.49277,1
298228.361,42.45,0.291736732,-0.0801758343,0.00776922268,-1.82583565e-05,0.00106353643,0.158261604,0.338582946,0.00251051934,150.09763,-147.154539,2.94309079,0,45.2041212,-13.9045047,-0.79474374,1.24172581,2.59057193,1.05702403,-10.3348455,-46.0953265,-2.40650877,2.66782771,-1.07109602,1.05152001,2.06729969,0.15172713,149.052807,-3.46147864,1.09217202,1.154222,-0.0566076592,-0.297161214,-0.00251051934,-1.82583565e-05,0.00106353643,0.158261604,0,0,0,0,0,0,-10.3348458,-46.0953277,-2.40650882,0.613242207,0.543848815,1.11820388,8.75812219,46.3667427,0.40975997,0.71743901,2.57789779,-2.09441571,8.75812219,46.3667427,0.40975997,0.71743901,2.57789779,-2.09441571,1.50613815e-05,-0.0016581509,147.154487,0.0881058274,0.857114328,-0.0085825138,0.0315740572,0.0363439393,-0.00531950739,0.0186938094,-0.199216526,0.192796114,1386,1294,1320,1360,1586,1387,1623,1402,-0.2825,-0.2825,-0.283837555,-1.25708894,0.2,0.245,0.245,0.247070283,1.23615264,0.2,-0.215,-0.215,-0.217547666,-0.856578804,0.2,0.3075,0.3075,0.307969524,1.67225884,0.2,0.515,0.515,0.52480852,20.5191568,1,-0.35,-0.35,-0.357133619,-8.80718397,1,0.285,0.285,0.417038581,13.3249871,1,-0.45,-0.45,-0.604865639,-21.2769534,1
298228.412,42.5,0.289928392,-0.0807745128,0.00741624926,-0.000735658253,-0.00827926564,0.162600139,0.338713914,0.00269057341,150.09763,-147.154539,2.94309079,0,44.901438,-13.8889374,-0.79804547,1.23633392,2.56998218,1.00008853,-9.97304898,-45.8748919,-2.38980685,2.65572075,-1.04382781,0.995528924,2.07204702,0.173455953,149.070814,-3.44077991,1.09277554,1.13097771,-0.0549450684,-0.29542358,-0.00269057341,-0.000735658253,-0.00827926564,0.162600139,0,0,0,0,0,0,-9.97304925,-45.8748932,-2.38980689,0.608553962,0.536925822,1.06119988,8.46668907,46.0770745,0.428684399,0.729129463,2.58756968,-2.16990667,8.46668907,46.0770745,0.428684399,0.729129463,2.58756968,-2.16990667,0.00106550349,-0.00174672255,147.154549,0.0902297719,0.855140607,-0.00874106686,0.038425926,0.0313235812,-0.00203581983,-0.0316219548,-0.167851215,0.0221556245,1367,1313,1300,1380,1587,1388,1622,1400,-0.28,-0.28,-0.282501652,-1.24995807,0.2,0.25,0.25,0.247635482,1.23967242,0.2,-0.2175,-0.2175,-0.21732676,-0.855203112,0.2,0.305,0.305,0.306988839,1.66353423,0.2,0.4675,0.4675,0.523965768,20.4779206,1,-0.3,-0.3,-0.356312313,-8.78161053,1,0.3325,0.3325,0.414379116,13.1475389,1,-0.5,-0.5,-0.601687169,-21.0931525,1
298228.466,42.55,0.288377555,-0.0811264199,0.00710897851,-0.00268310864,-0.0153830636,0.163058637,0.338849715,0.00271717091,150.09763,-147.154539,2.94309079,0,44.6485943,-13.852993,-0.815311411,1.23562441,2.54316378,0.995138556,-9.58679215,-45.7006495,-2.36879091,2.63718142,-1.02313756,0.991571558,2.07263322,0.201812999,149.096944,-3.37638087,1.08902175,1.13290558,-0.052973167,-0.294015559,-0.00271717091,-0.00268310864,-0.0153830636,0.163058637,0,0,0,0,0,0,-9.58679242,-45.7006507,-2.36879096,0.609469138,0.521459988,1.05609175,8.12045158,45.7796471,0.419543878,0.745784755,2.58964603,-2.17408294,8.12045158,45.7796471,0.419543878,0.745784755,2.58964603,-2.17408294,0.00188249322,-0.00190421261,147.154694,0.0916946429,0.850503352,-0.00882417731,0.040996068,0.0234408062,0.000458758682,-0.0342440863,-0.11125442,0.0103023008,1350,1334,1283,1401,1587,1386,1625,1400,-0.285,-0.285,-0.283949177,-1.25768476,0.2,0.25,0.25,0.249579347,1.25177785,0.2,-0.2175,-0.2175,-0.218558948,-0.862876566,0.2,0.3125,0.3125,0.309299951,1.68409489,0.2,0.415,0.415,0.52188817,20.3762629,1,-0.2475,-0.2475,-0.354238504,-8.71703724,1,0.375,0.375,0.413048281,13.0587413,1,-0.5425,-0.5425,-0.599839977,-20.9906062,1
298228.519,42.6,0.287067764,-0.0813321282,0.00685983093,-0.00397306539,-0.0190315999,0.164615149,0.338983945,0.00262888273,150.09763,-147.154539,2.94309079,0,44.4029027,-13.8041177,-0.824884119,1.23415909,2.52428016,1.02678729,-9.18904342,-45.5301826,-2.32719202,2.62600622,-1.00202432,1.02443632,2.06895287,0.224683635,149.117221,-3.28304581,1.07943493,1.17140948,-0.0508566977,-0.292981832,-0.00262888273,-0.00397306539,-0.0190315999,0.164615149,0,0,0,0,0,0,-9.18904367,-45.5301838,-2.32719206,0.610212988,0.513639507,1.08752544,7.7823156,45.5435158,0.405892801,0.756609727,2.58447926,-2.19371128,7.7823156,45.5435158,0.405892801,0.756609727,2.58447926,-2.19371128,0.00233507165,-0.00203674001,147.154801,0.0924000106,0.844032121,-0.00884923517,0.045241965,0.0165180487,0.00299011734,-0.0291864908,-0.0318906381,0.0668631927,1344,1340,1277,1407,1587,1387,1624,1400,-0.2825,-0.2825,-0.283759713,-1.25667343,0.2,0.25,0.25,0.249428498,1.25083844,0.2,-0.2175,-0.2175,-0.218125603,-0.860177906,0.2,0.31,0.31,0.310107567,1.69089701,0.2,0.4,0.4,0.519092566,20.2071812,1,-0.2325,-0.2325,-0.351446595,-8.63010411,1,0.39,0.39,0.412265392,13.0065043,1,-0.5575,-0.5575,-0.598580774,-20.9513977,1
298228.571,42.65,0.285853523,-0.0814169998,0.0067047232,-0.00436601416,-0.0188749706,0.168528754,0.339110985,0.00244413496,150.09763,-147.154539,2.94309079,0,44.1517201,-13.778608,-0.824968987,1.25981986,2.49783763,1.02539669,-8.81171547,-45.3552146,-2.27226098,2.61068497,-1.0073928,1.0233577,2.07091877,0.242591685,149.120437,-3.1801699,1.06692148,1.19285186,-0.0485965323,-0.292199281,-0.00244413496,-0.00436601416,-0.0188749706,0.168528754,0,0,0,0,0,0,-8.81171572,-45.3552159,-2.27226103,0.637026792,0.498550058,1.08602259,7.38089263,45.3367862,0.377945229,0.757875273,2.57128915,-2.26097914,7.38089263,45.3367862,0.377945229,0.757875273,2.57128915,-2.26097914,0.00239938848,-0.00215365365,147.154804,0.0925429925,0.836910761,-0.00885564465,0.0412763403,0.0119132838,0.00467648893,0.036100609,0.0395897035,0.0170280464,1413,1267,1347,1334,1583,1380,1631,1404,-0.3,-0.3,-0.291087015,-1.29675261,0.2,0.24,0.24,0.24642851,1.232156,0.2,-0.2075,-0.2075,-0.215473115,-0.843659524,0.2,0.3275,0.3275,0.318037355,1.73322512,0.2,0.5825,0.5825,0.517582985,20.0795972,1,-0.415,-0.415,-0.349963023,-8.58341591,1,0.2175,0.2175,0.410573528,12.8936176,1,-0.3825,-0.3825,-0.596394758,-20.8833306,1
298228.624,42.7,0.28517339,-0.0817170362,0.00665672633,-0.00164639161,-0.0151053742,0.160989228,0.339227571,0.00222928217,150.09763,-147.154539,2.94309079,0,44.247837,-13.9012379,-0.852121205,1.29922578,2.49889529,0.797405785,-8.54468476,-45.5380522,-2.26180686,2.62686963,-1.01709579,0.795860171,2.08478053,0.297299914,149.140899,-3.08534392,1.06983392,0.934636024,-0.0466824037,-0.292140818,-0.00222928217,-0.00164639161,-0.0151053742,0.160989228,0,0,0,0,0,0,-8.54468499,-45.5380535,-2.2618069,0.670889842,0.495143763,0.858571255,7.0855712,45.1943526,0.350408229,0.732549077,2.541555,-2.12095953,7.0855712,45.1943526,0.350408229,0.732549077,2.541555,-2.12095953,0.00185960495,-0.00170136121,147.154684,0.0928330131,0.830233015,-0.00894947187,0.0379703285,-0.00967212431,0.00425968364,0.0457057288,0.11124778,-0.37526495,1483,1197,1416,1264,1583,1381,1631,1403,-0.2975,-0.2975,-0.29627004,-1.32902992,0.2,0.2425,0.2425,0.243456068,1.2136451,0.2,-0.2075,-0.2075,-0.211116452,-0.816528385,0.2,0.3275,0.3275,0.324533609,1.78403441,0.2,0.7575,0.7575,0.524714313,20.5145472,1,-0.59,-0.59,-0.357139673,-8.80737246,1,0.0425,0.0425,0.403434405,12.6509136,1,-0.21,-0.21,-0.588783698,-20.603058,1
298228.677,42.75,0.285221308,-0.081745638,0.00676734641,-0.00141091393,-0.00848981157,0.130069076,0.3393327,0.00197293951,150.09763,-147.154539,2.94309079,0,44.2376059,-13.9928327,-0.865841711,1.29903879,2.50460783,0.376448869,-8.30129212,-45.6020962,-2.24771043,2.64415666,-0.98438228,0.376434582,2.07948587,0.328017013,149.194447,-3.01671004,1.08787684,0.363871206,-0.0446647224,-0.292845822,-0.00197293951,-0.00141091393,-0.00848981157,0.130069076,0,0,0,0,0,0,-8.30129235,-45.6020974,-2.24771047,0.666562764,0.501258371,0.438017345,6.83781271,45.0900649,0.30263319,0.731580519,2.50577014,-1.60105742,6.83781271,45.0900649,0.30263319,0.731580519,2.50577014,-1.60105742,0.000898133117,-0.00114325357,147.154579,0.0933082502,0.825624024,-0.00904334807,0.0375207518,-0.0204125633,0.00551231139,-0.00260142132,0.153626505,-0.897425455,1488,1197,1417,1268,1581,1384,1629,1404,-0.29,-0.29,-0.293181152,-1.30979386,0.2,0.24,0.24,0.243890653,1.21635148,0.2,-0.2025,-0.2025,-0.209773236,-0.80836524,0.2,0.3225,0.3225,0.32269185,1.76764933,0.2,0.7575,0.7575,0.535627249,21.2237401,1,-0.58,-0.58,-0.368001528,-9.18117631,1,0.03,0.03,0.394139974,12.205108,1,-0.2075,-0.2075,-0.579078521,-19.9513979,1
298228.73,42.8,0.285751907,-0.0814895159,0.00704476489,-0.00305156767,-0.000715292663,0.0826217203,0.339423493,0.00167084139,150.09763,-147.154539,2.94309079,0,44.0754477,-14.0516551,-0.865438,1.26995777,2.49471852,0.146900214,-8.14083331,-45.4927565,-2.23137222,2.63804034,-0.936374419,0.148118261,2.07094098,0.33453695,149.223371,-2.98745049,1.09435486,-0.101479855,-0.0428908149,-0.29394217,-0.00167084139,-0.00305156767,-0.000715292663,0.0826217203,0,0,0,0,0,0,-8.14083354,-45.4927578,-2.23137226,0.634822967,0.498700395,0.208727502,6.62806584,44.9839005,0.253022107,0.734359191,2.47297069,-0.859401822,6.62806584,44.9839005,0.253022107,0.734359191,2.47297069,-0.859401822,0.000120834059,-0.000611363039,147.154547,0.0932733086,0.823720324,-0.00907583857,0.0379520049,-0.0193931938,0.00512155369,-0.0789219218,0.148980809,-0.848613953,1368,1316,1297,1387,1590,1391,1621,1397,-0.2725,-0.2725,-0.286760573,-1.2726916,0.2,0.2575,0.2575,0.249371833,1.25048556,0.2,-0.225,-0.225,-0.214640525,-0.838474569,0.2,0.3025,0.3025,0.316706015,1.72611861,0.2,0.46,0.46,0.539757684,21.5544555,1,-0.2825,-0.2825,-0.371755142,-9.33036596,1,0.33,0.33,0.388650226,11.8996614,1,-0.5075,-0.5075,-0.573405115,-19.5476132,1
298228.784,42.85,0.286095647,-0.0807231247,0.00729354848,-0.00528425527,0.00615474634,0.0579560897,0.339501623,0.00147722227,150.09763,-147.154539,2.94309079,0,43.9076681,-13.9024345,-0.823961338,1.27196148,2.48391011,0.347173824,-7.86384373,-45.3345519,-2.18592726,2.62870547,-0.936637045,0.347625824,2.04409661,0.328584221,149.186983,-3.0005664,1.06662007,-0.0203358788,-0.0410685324,-0.294636569,-0.00147722227,-0.00528425527,0.00615474634,0.0579560897,0,0,0,0,0,0,-7.86384395,-45.3345532,-2.1859273,0.643571451,0.49565812,0.408344548,6.3925897,44.9108453,0.211618117,0.743286785,2.4597247,-0.507778777,6.3925897,44.9108453,0.211618117,0.743286785,2.4597247,-0.507778777,-0.000180115618,-0.000461739845,147.154589,0.0922240542,0.824441013,-0.00901251985,0.0385303404,-0.0124854591,0.00308517926,-0.00672324984,0.123189242,-0.139522261,1292,1393,1224,1461,1585,1381,1626,1406,-0.2975,-0.2975,-0.29103038,-1.29639991,0.2,0.235,0.235,0.245322107,1.22526587,0.2,-0.2125,-0.2125,-0.213393405,-0.830708121,0.2,0.315,0.315,0.316646981,1.7258035,0.2,0.2675,0.2675,0.534395627,21.1251267,1,-0.0975,-0.0975,-0.366329124,-9.12166254,1,0.52,0.52,0.392240053,12.0952416,1,-0.69,-0.69,-0.576287951,-19.7527889,1
298228.836,42.9,0.286406059,-0.0798620974,0.00757146312,-0.00512273165,0.0113034585,0.0646271769,0.339571386,0.00132736119,150.09763,-147.154539,2.94309079,0,43.8851793,-13.7621325,-0.760778595,1.26216935,2.48454188,0.603478448,-7.59385372,-45.3172848,-2.13567883,2.62832374,-0.926489083,0.603107251,2.02441993,0.330756487,149.144962,-3.0463603,1.0252484,0.251978982,-0.0392431001,-0.295181236,-0.00132736119,-0.00512273165,0.0113034585,0.0646271769,0,0,0,0,0,0,-7.59385393,-45.317286,-2.13567887,0.640120973,0.497584384,0.664031849,6.0716052,44.8880169,0.2055836,0.731575398,2.44973968,-0.606143662,6.0716052,44.8880169,0.2055836,0.731575398,2.44973968,-0.606143662,-0.000418156838,-0.000574534848,147.154645,0.090884387,0.827164437,-0.00891240837,0.0346935062,-0.0111476349,0.00346006014,0.00877627452,0.0799153012,0.339855456,1297,1388,1229,1456,1588,1383,1622,1405,-0.2925,-0.2925,-0.292925328,-1.30820071,0.2,0.2375,0.2375,0.241886615,1.20387132,0.2,-0.22,-0.22,-0.215614933,-0.8445427,0.2,0.305,0.305,0.313620898,1.70965068,0.2,0.28,0.28,0.527979583,20.6743182,1,-0.11,-0.11,-0.359865342,-8.89224304,1,0.5075,0.5075,0.397648028,12.4079677,1,-0.6775,-0.6775,-0.58107168,-20.088487,1
298228.889,42.95,0.286540329,-0.0793986385,0.00787172083,-0.00542072798,0.0139855159,0.0847406622,0.339634402,0.00119734894,150.09763,-147.154539,2.94309079,0,43.8348765,-13.708704,-0.670160624,1.22251587,2.48760357,0.752074606,-7.37957444,-45.2895505,-2.06702033,2.62794004,-0.881654083,0.75163154,2.01880755,0.329687332,149.094942,-3.11209556,0.982772467,0.481776204,-0.0375440959,-0.295507097,-0.00119734894,-0.00542072798,0.0139855159,0.0847406622,0,0,0,0,0,0,-7.37957464,-45.2895517,-2.06702037,0.602882457,0.503318478,0.812392926,5.81251978,44.9344761,0.169874701,0.735829652,2.44536949,-0.894486596,5.81251978,44.9344761,0.169874701,0.735829652,2.44536949,-0.894486596,-0.000679612619,-0.000907777337,147.154689,0.0897319528,0.831173241,-0.00882615577,0.0337636397,-0.00292522541,0.00300835353,-0.029103322,0.0244525294,0.438653821,1319,1365,1251,1433,1594,1389,1613,1402,-0.2775,-0.2775,-0.288883471,-1.28402334,0.2,0.245,0.245,0.242932809,1.2103865,0.2,-0.235,-0.235,-0.224244844,-0.894509113,0.2,0.2825,0.2825,0.304153135,1.63830657,0.2,0.3375,0.3375,0.522745945,20.4182342,1,-0.1675,-0.1675,-0.354585144,-8.72783076,1,0.4525,0.4525,0.400983232,12.5745901,1,-0.6225,-0.6225,-0.583810377,-20.2712218,1
298228.943,43,0.286185669,-0.0793367365,0.00815588417,-0.00702713372,0.013762448,0.106407928,0.339690836,0.00106904442,150.09763,-147.154539,2.94309079,0,43.6578367,-13.6341643,-0.577318573,1.18222651,2.48747134,0.873059957,-7.11503492,-45.1401291,-1.99385517,2.62524587,-0.833251838,0.872457672,2.01835744,0.322011716,149.0226,-3.18292231,0.932724003,0.71224525,-0.0359503874,-0.295297955,-0.00106904442,-0.00702713372,0.013762448,0.106407928,0,0,0,0,0,0,-7.11503512,-45.1401304,-1.99385521,0.565962296,0.511596956,0.933050306,5.55551155,44.9651582,0.138245836,0.754971318,2.44283466,-1.22562985,5.55551155,44.9651582,0.138245836,0.754971318,2.44283466,-1.22562985,-0.000793094533,-0.00140259114,147.154702,0.0884592087,0.83552641,-0.00872600209,0.0334114939,0.0106766267,0.00110012016,-0.0312739087,-0.0351511661,0.464717888,1318,1366,1251,1434,1595,1390,1609,1403,-0.275,-0.275,-0.283882539,-1.25732906,0.2,0.2425,0.2425,0.243070507,1.21124402,0.2,-0.2375,-0.2375,-0.230500812,-0.928348149,0.2,0.2725,0.2725,0.293029973,1.55175176,0.2,0.335,0.335,0.518127609,20.1256268,1,-0.165,-0.165,-0.349921398,-8.58156433,1,0.455,0.455,0.403352974,12.648378,1,-0.6225,-0.6225,-0.585529626,-20.3859357,1
298228.999,43.05,0.285238072,-0.0794199838,0.00828617629,-0.00794450936,0.0105849979,0.130838707,0.339743151,0.00103032316,150.09763,-147.154539,2.94309079,0,43.384328,-13.5483506,-0.486713108,1.15697099,2.47477941,1.03474095,-6.80404269,-44.9002543,-1.91488152,2.61264348,-0.799930232,1.03344545,2.01798763,0.320325503,148.927432,-3.24349243,0.874317357,0.998232657,-0.0342927675,-0.294422637,-0.00103032316,-0.00794450936,0.0105849979,0.130838707,0,0,0,0,0,0,-6.80404288,-44.9002556,-1.91488156,0.544585549,0.511666288,1.09435372,5.26361514,44.874486,0.133206003,0.768838458,2.44169326,-1.61293386,5.26361514,44.874486,0.133206003,0.768838458,2.44169326,-1.61293386,-0.00064473763,-0.00196692698,147.154661,0.0870785861,0.839213647,-0.00857967463,0.0333822823,0.0231511231,0.000203962469,-0.000912734131,-0.0901980198,0.527513174,1313,1371,1246,1439,1596,1387,1610,1405,-0.2825,-0.2825,-0.282765256,-1.25136516,0.2,0.2375,0.2375,0.241278932,1.20008698,0.2,-0.24,-0.24,-0.23508099,-0.956871235,0.2,0.275,0.275,0.285588188,1.49486252,0.2,0.3225,0.3225,0.51342017,19.7277722,1,-0.1525,-0.1525,-0.345096008,-8.36692045,1,0.4675,0.4675,0.405983993,12.7303015,1,-0.635,-0.635,-0.587684426,-20.529711,1
298229.05,43.1,0.283827106,-0.0796823856,0.00827477952,-0.00758389251,0.00522516152,0.157407144,0.339794831,0.0010439468,150.09763,-147.154539,2.94309079,0,43.1327831,-13.4755697,-0.426292673,1.14169181,2.46085432,1.19035082,-6.44775227,-44.6899136,-1.85682325,2.60115398,-0.773190151,1.1884335,2.01779241,0.330750752,148.848943,-3.28033354,0.817308244,1.29243511,-0.0325824845,-0.293057475,-0.0010439468,-0.00758389251,0.00522516152,0.157407144,0,0,0,0,0,0,-6.44775245,-44.6899149,-1.85682329,0.532596073,0.50937687,1.24964336,4.96876577,44.7277829,0.142885325,0.774824835,2.44609576,-2.05067617,4.96876577,44.7277829,0.142885325,0.774824835,2.44609576,-2.05067617,-0.000160395449,-0.00250654566,147.154597,0.0860400297,0.841263434,-0.00842907549,0.0364191914,0.0295836856,-0.000551995605,0.0215857644,-0.118376065,0.546404421,1313,1371,1246,1439,1596,1387,1610,1405,-0.2825,-0.2825,-0.282656707,-1.25078574,0.2,0.2375,0.2375,0.239732508,1.19021864,0.2,-0.24,-0.24,-0.237720682,-0.973309926,0.2,0.275,0.275,0.281255263,1.4601697,0.2,0.3225,0.3225,0.508706334,19.3581495,1,-0.1525,-0.1525,-0.340340795,-8.15539823,1,0.4675,0.4675,0.408717577,12.8154185,1,-0.635,-0.635,-0.589786986,-20.6700007,1
298229.102,43.15,0.282199165,-0.0801355807,0.00815717681,-0.00669302912,-0.000713478447,0.182607387,0.339847812,0.00107544896,150.09763,-147.154539,2.94309079,0,42.9115096,-13.391137,-0.392019879,1.1301979,2.44759644,1.3274321,-6.01997994,-44.5123045,-1.81341531,2.59172227,-0.746030886,1.32535475,2.02033541,0.348774312,148.79506,-3.28684771,0.769695137,1.55641186,-0.0307715946,-0.291517386,-0.00107544896,-0.00669302912,-0.000713478447,0.182607387,0,0,0,0,0,0,-6.0199801,-44.5123058,-1.81341535,0.524918525,0.506271352,1.38635314,4.62538524,44.5811091,0.145092047,0.77254879,2.45562071,-2.49264098,4.62538524,44.5811091,0.145092047,0.77254879,2.45562071,-2.49264098,0.00059274031,-0.00297428012,147.154564,0.0856362896,0.841234411,-0.00832908493,0.042186362,0.0319400616,-0.00114431394,0.0138543667,-0.114285265,0.498684755,1313,1371,1246,1439,1596,1387,1610,1405,-0.2825,-0.2825,-0.282592579,-1.25044343,0.2,0.2375,0.2375,0.238818916,1.18371647,0.2,-0.24,-0.24,-0.238943834,-0.980927112,0.2,0.275,0.275,0.278695469,1.43967395,0.2,0.3225,0.3225,0.504108883,19.071843,1,-0.1525,-0.1525,-0.33570299,-7.92998448,1,0.4675,0.4675,0.41132969,12.9440712,1,-0.635,-0.635,-0.591796115,-20.7401402,1
298229.154,43.2,0.280511678,-0.0805429139,0.00798014364,-0.00630217465,-0.00568839138,0.206102134,0.339902198,0.00109254584,150.09763,-147.154539,2.94309079,0,42.7152325,-13.2723346,-0.372742774,1.11845216,2.43498321,1.46824283,-5.50362059,-44.3559358,-1.77369927,2.58330208,-0.715314435,1.46652348,2.01590846,0.373348015,148.761136,-3.26471764,0.731061103,1.81279197,-0.028581524,-0.289974515,-0.00109254584,-0.00630217465,-0.00568839138,0.206102134,0,0,0,0,0,0,-5.50362074,-44.355937,-1.77369931,0.518542644,0.502614673,1.52664114,4.20570608,44.387709,0.160071415,0.775269274,2.46624585,-2.91838578,4.20570608,44.387709,0.160071415,0.775269274,2.46624585,-2.91838578,0.00143111278,-0.00349083645,147.154578,0.0857024038,0.839261533,-0.00828272681,0.0484630732,0.0303053915,-0.000205738305,0.00751238525,-0.0805955266,0.467121589,1313,1371,1246,1439,1596,1387,1610,1405,-0.2825,-0.2825,-0.282554694,-1.2502412,0.2,0.2375,0.2375,0.238279186,1.17987513,0.2,-0.24,-0.24,-0.239510605,-0.984456682,0.2,0.275,0.275,0.2771832,1.42756553,0.2,0.3225,0.3225,0.499624944,18.7892688,1,-0.1525,-0.1525,-0.331179692,-7.70865772,1,0.4675,0.4675,0.413825728,13.1106151,1,-0.635,-0.635,-0.593715965,-20.7999196,1
298229.208,43.25,0.278818995,-0.080829449,0.00779835784,-0.00658632732,-0.00861199197,0.228063006,0.33995638,0.00106839049,150.09763,-147.154539,2.94309079,0,42.5462595,-13.0819186,-0.36180399,1.10257713,2.42361372,1.59747585,-4.86522922,-44.2128447,-1.7336668,2.57571652,-0.676871513,1.59657078,1.99729539,0.400567756,148.736983,-3.22172957,0.697652488,2.06205864,-0.0259394024,-0.288505242,-0.00106839049,-0.00658632732,-0.00861199197,0.228063006,0,0,0,0,0,0,-4.86522936,-44.2128459,-1.73366684,0.511274419,0.498930887,1.65503634,3.74713051,44.1915811,0.157656055,0.77986023,2.46893952,-3.32516185,3.74713051,44.1915811,0.157656055,0.77986023,2.46893952,-3.32516185,0.00213894899,-0.00413192166,147.154609,0.0859078965,0.835939244,-0.00826385505,0.0606792217,0.0268125248,0.000862188112,-0.0155931372,-0.0336180178,0.433858901,1313,1371,1246,1439,1596,1387,1610,1405,-0.2825,-0.2825,-0.282532312,-1.25012173,0.2,0.2375,0.2375,0.237960325,1.17760575,0.2,-0.24,-0.24,-0.239773229,-0.986092177,0.2,0.275,0.275,0.276289785,1.42041215,0.2,0.3225,0.3225,0.495251714,18.4780195,1,-0.1525,-0.1525,-0.326768074,-7.56467708,1,0.4675,0.4675,0.41621085,13.2697582,1,-0.635,-0.635,-0.595550502,-20.8570425,1
298229.262,43.3,0.277257838,-0.0809292474,0.00762622537,-0.00738504864,-0.00903818866,0.248132211,0.340008802,0.00102477484,150.09763,-147.154539,2.94309079,0,42.3965334,-12.8795338,-0.355549978,1.08648754,2.41317632,1.71769362,-4.16881157,-44.0820106,-1.69475769,2.56915942,-0.635030576,1.71770269,1.97512186,0.429068223,148.722011,-3.16923611,0.66425693,2.30114683,-0.0227852838,-0.2872367,-0.00102477484,-0.00738504864,-0.00903818866,0.248132211,0,0,0,0,0,0,-4.16881169,-44.0820119,-1.69475773,0.504332619,0.495288619,1.77436362,3.2226241,44.0268186,0.151407845,0.790896717,2.46481134,-3.71577924,3.2226241,44.0268186,0.151407845,0.790896717,2.46481134,-3.71577924,0.0025427442,-0.00490743863,147.154625,0.0858968827,0.832057888,-0.00824746925,0.0708842366,0.0234439007,0.00152449323,-0.0202941198,0.0149522439,0.402642039,1313,1371,1246,1439,1596,1387,1610,1405,-0.2825,-0.2825,-0.282519089,-1.25005115,0.2,0.2375,0.2375,0.23777195,1.17626506,0.2,-0.24,-0.24,-0.239894921,-0.986850016,0.2,0.275,0.275,0.275761976,1.41618609,0.2,0.3225,0.3225,0.490986459,18.1744549,1,-0.1525,-0.1525,-0.32246538,-7.44984115,1,0.4675,0.4675,0.418489984,13.4218295,1,-0.635,-0.635,-0.597303518,-20.9116271,1
298229.315,43.35,0.275883611,-0.0809451413,0.00750421258,-0.00802659642,-0.00721583549,0.266156482,0.340058222,0.000955606798,150.09763,-147.154539,2.94309079,0,42.2924183,-12.7584888,-0.351951803,1.07689345,2.40584728,1.81984867,-3.50399111,-44.0058164,-1.66184176,2.56709514,-0.59604616,1.82054974,1.96395551,0.464636415,148.707848,-3.1190915,0.62812025,2.50729578,-0.0192640296,-0.286221649,-0.000955606798,-0.00802659642,-0.00721583549,0.266156482,0,0,0,0,0,0,-3.50399121,-44.0058176,-1.66184179,0.500209771,0.492681424,1.87598607,2.61190806,43.8526362,0.135392892,0.800063685,2.45295901,-4.07668574,2.61190806,43.8526362,0.135392892,0.800063685,2.45295901,-4.07668574,0.00256575218,-0.00571752051,147.15461,0.085559896,0.828331643,-0.00823060474,0.0731193217,0.0184729871,0.00129718495,-0.00138263862,0.0580024002,0.33872725,1313,1371,1246,1439,1596,1387,1610,1405,-0.2825,-0.2825,-0.282511277,-1.25000945,0.2,0.2375,0.2375,0.237660662,1.175473,0.2,-0.24,-0.24,-0.23995131,-0.987201175,0.2,0.275,0.275,0.275450158,1.41368943,0.2,0.3225,0.3225,0.486826513,17.9630836,1,-0.1525,-0.1525,-0.31826892,-7.32244009,1,0.4675,0.4675,0.42066784,13.5612018,1,-0.635,-0.635,-0.598978635,-20.9637861,1
298229.365,43.4,0.274650873,-0.0810554548,0.00743699549,-0.00812591023,-0.00382433829,0.281757696,0.3401041,0.000881987791,150.09763,-147.154539,2.94309079,0,42.1930861,-12.6949431,-0.349870823,1.07183494,2.39868001,1.91858267,-2.86022055,-43.9395119,-1.63674742,2.56615556,-0.559485254,1.91970761,1.95454008,0.499616707,148.692345,-3.08172036,0.588596495,2.69313429,-0.0156137448,-0.285414129,-0.000881987791,-0.00812591023,-0.00382433829,0.281757696,0,0,0,0,0,0,-2.86022063,-43.9395131,-1.63674745,0.498023525,0.490013122,1.97444047,2.0177407,43.7086616,0.137519235,0.802168353,2.42851613,-4.38999963,2.0177407,43.7086616,0.137519235,0.802168353,2.42851613,-4.38999963,0.00223884439,-0.00645776108,147.154573,0.0850567912,0.825375788,-0.00822550149,0.076107317,0.0140767128,0.00214800427,0.00162798621,0.0772279099,0.311074992,1313,1371,1246,1439,1596,1387,1610,1405,-0.2825,-0.2825,-0.282506662,-1.24998482,0.2,0.2375,0.2375,0.237594915,1.17500508,0.2,-0.24,-0.24,-0.239977438,-0.987363891,0.2,0.275,0.275,0.275265943,1.41221446,0.2,0.3225,0.3225,0.482769277,17.7826089,1,-0.1525,-0.1525,-0.314176071,-7.17679301,1,0.4675,0.4675,0.422748919,13.681544,1,-0.635,-0.635,-0.600579315,-21.0290889,1
298229.415,43.45,0.273503545,-0.0812855653,0.00741295103,-0.0080276414,0.000172702742,0.296310649,0.340146468,0.000823918096,150.09763,-147.154539,2.94309079,0,42.0970891,-12.6372098,-0.348662158,1.06733291,2.39164293,2.02328536,-2.19091768,-43.8697992,-1.62053833,2.56535517,-0.522089912,2.0246516,1.94750475,0.532301144,148.673503,-3.06296351,0.544663367,2.88492323,-0.0118784552,-0.284711785,-0.000823918096,-0.0080276414,0.000172702742,0.296310649,0,0,0,0,0,0,-2.19091774,-43.8698004,-1.62053836,0.496131038,0.487320423,2.07888914,1.40819254,43.6068598,0.120873438,0.805884347,2.40369291,-4.69343433,1.40819254,43.6068598,0.120873438,0.805884347,2.40369291,-4.69343433,0.0017384024,-0.00720358637,147.154544,0.0845501261,0.82358666,-0.0082342341,0.0793860534,0.0142723974,0.000954245388,0.00343664465,0.0796454331,0.301107976,1313,1371,1246,1439,1596,1387,1610,1405,-0.2825,-0.2825,-0.282503936,-1.24997026,0.2,0.2375,0.2375,0.237556074,1.17472863,0.2,-0.24,-0.24,-0.239989546,-0.987439289,0.2,0.275,0.275,0.275157113,1.41134308,0.2,0.3225,0.3225,0.478812215,17.585456,1,-0.1525,-0.1525,-0.310184274,-7.03474196,1,0.4675,0.4675,0.424737521,13.7965385,1,-0.635,-0.635,-0.602108866,-21.1175379,1
298229.465,43.5,0.272359314,-0.0814726558,0.00739398819,-0.00818249749,0.00380424563,0.310791268,0.340187165,0.000810477027,150.09763,-147.154539,2.94309079,0,41.9899724,-12.5239591,-0.347957712,1.0587239,2.38369668,2.12735815,-1.44155316,-43.7658792,-1.61187539,2.56249717,-0.479545483,2.12889719,1.93723834,0.564094498,148.655844,-3.06322642,0.495412077,3.08437053,-0.00791117539,-0.283940474,-0.000810477027,-0.00818249749,0.00380424563,0.310791268,0,0,0,0,0,0,-1.4415532,-43.7658805,-1.61187543,0.492640957,0.484218951,2.18246363,0.740117408,43.5068715,0.111110608,0.809808804,2.37970593,-5.00429848,0.740117408,43.5068715,0.111110608,0.809808804,2.37970593,-5.00429848,0.00128364759,-0.00804088307,147.154539,0.0841827566,0.823064372,-0.0082520125,0.0840408131,0.0172082523,-0.000209484042,-0.00307640921,0.0646567632,0.29484517,1313,1371,1246,1439,1596,1387,1610,1405,-0.2825,-0.2825,-0.282502325,-1.24996167,0.2,0.2375,0.2375,0.237533127,1.17456532,0.2,-0.24,-0.24,-0.239995156,-0.987474226,0.2,0.275,0.275,0.275092819,1.41082828,0.2,0.3225,0.3225,0.474952852,17.345114,1,-0.1525,-0.1525,-0.306291036,-6.92919473,1,0.4675,0.4675,0.426637756,13.9064231,1,-0.635,-0.635,-0.603570448,-21.2020566,1
298229.515,43.55,0.271214802,-0.0815650479,0.00737635347,-0.00857621624,0.00641291535,0.324926628,0.340228079,0.000829311142,150.09763,-147.154539,2.94309079,0,41.8839164,-12.4127282,-0.347545993,1.05030569,2.37578631,2.22780785,-0.666329796,-43.6511576,-1.60981585,2.5594354,-0.435748967,2.22935949,1.92075389,0.597633623,148.639544,-3.07798997,0.439876287,3.27649571,-0.00367971219,-0.283044608,-0.000829311142,-0.00857621624,0.00641291535,0.324926628,0,0,0,0,0,0,-0.666329814,-43.6511588,-1.60981588,0.489250391,0.481104122,2.28242392,0.0438032044,43.3688629,0.115709599,0.813357277,2.35771828,-5.30301991,0.0438032044,43.3688629,0.115709599,0.813357277,2.35771828,-5.30301991,0.0010288302,-0.00891624477,147.154549,0.0839175861,0.823544529,-0.00826776347,0.0887216543,0.0193677703,-0.000679314854,-0.0098411199,0.0395852793,0.285610688,1313,1371,1246,1439,1596,1387,1610,1405,-0.2825,-0.2825,-0.282501374,-1.24995659,0.2,0.2375,0.2375,0.237519571,1.17446884,0.2,-0.24,-0.24,-0.239997755,-0.987490414,0.2,0.275,0.275,0.275054835,1.41052416,0.2,0.3225,0.3225,0.471188778,17.1107061,1,-0.1525,-0.1525,-0.302493922,-6.82785238,1,0.4675,0.4675,0.42845355,14.0114247,1,-0.635,-0.635,-0.604967082,-21.2828195,1
298229.565,43.6,0.270018624,-0.0815906224,0.00735315666,-0.00911201933,0.00766965602,0.339017046,0.340270485,0.000867052016,150.09763,-147.154539,2.94309079,0,41.7235792,-12.2495769,-0.347304821,1.03800551,2.3637677,2.3420136,0.169539421,-43.4558495,-1.60941548,2.55086589,-0.388439788,2.34351843,1.89644308,0.62179747,148.62541,-3.10071743,0.37769995,3.48939816,0.000756509709,-0.281956863,-0.000867052016,-0.00911201933,0.00766965602,0.339017046,0,0,0,0,0,0,0.169539426,-43.4558507,-1.60941551,0.484324646,0.476333807,2.3959118,-0.676175601,43.2189576,0.126178994,0.820991014,2.34329938,-5.60704124,-0.676175601,43.2189576,0.126178994,0.820991014,2.34329938,-5.60704124,0.00107709829,-0.00978767778,147.15456,0.0837333867,0.824630274,-0.00827584142,0.0943511022,0.0248828927,-0.00104058222,-0.0173407283,0.00882483716,0.313211471,1313,1371,1246,1439,1596,1387,1610,1405,-0.2825,-0.2825,-0.282500812,-1.24995359,0.2,0.2375,0.2375,0.237511562,1.17441184,0.2,-0.24,-0.24,-0.23999896,-0.987497916,0.2,0.275,0.275,0.275032396,1.41034449,0.2,0.3225,0.3225,0.467517639,16.8047911,1,-0.1525,-0.1525,-0.298790558,-6.72363232,1,0.4675,0.4675,0.430188656,14.1176346,1,-0.635,-0.635,-0.606301654,-21.3599936,1
298229.615,43.65,0.268716884,-0.0814574257,0.00730693052,-0.00991249148,0.00753749235,0.354466557,0.340315101,0.000918053093,150.09763,-147.154539,2.94309079,0,41.5639978,-12.0404461,-0.347163297,1.02226066,2.35179021,2.47052935,1.07489643,-43.2309424,-1.60903485,2.54067933,-0.336832308,2.47203193,1.86777039,0.647509656,148.615158,-3.12375381,0.3098338,3.72547641,0.00548212293,-0.280581987,-0.000918053093,-0.00991249148,0.00753749235,0.354466557,0,0,0,0,0,0,1.07489646,-43.2309436,-1.60903488,0.478032511,0.47157002,2.52350739,-1.46832342,43.0422934,0.139436717,0.831885959,2.33986531,-5.95612806,-1.46832342,43.0422934,0.139436717,0.831885959,2.33986531,-5.95612806,0.00150132965,-0.0107311426,147.154568,0.083596765,0.825884846,-0.00827060478,0.0999668391,0.0319488976,-0.000509193433,-0.0163343494,-0.0135904285,0.327048624,1313,1371,1246,1439,1596,1387,1610,1405,-0.2825,-0.2825,-0.282500479,-1.24995181,0.2,0.2375,0.2375,0.237506831,1.17437816,0.2,-0.24,-0.24,-0.239999518,-0.987501392,0.2,0.275,0.275,0.275019139,1.41023834,0.2,0.3225,0.3225,0.463937141,16.4703276,1,-0.1525,-0.1525,-0.295178632,-6.61116586,1,0.4675,0.4675,0.431846658,14.2651378,1,-0.635,-0.635,-0.607576921,-21.4337383,1
298229.665,43.7,0.267365395,-0.0812084138,0.00723680092,-0.0106726998,0.00643141658,0.370431529,0.340362358,0.000971424079,150.09763,-147.154539,2.94309079,0,41.4052672,-11.8375086,-0.347080131,1.00698911,2.33986734,2.59503021,2.00081668,-42.9890472,-1.60679187,2.52993636,-0.28393098,2.59653485,1.83831841,0.68001756,148.610971,-3.14065958,0.238494882,3.96363795,0.0104611311,-0.278993841,-0.000971424079,-0.0106726998,0.00643141658,0.370431529,0,0,0,0,0,0,2.00081673,-42.9890484,-1.60679191,0.471933733,0.466822141,2.64711532,-2.30069583,42.8068042,0.134986456,0.838440779,2.33868716,-6.31933358,-2.30069583,42.8068042,0.134986456,0.838440779,2.33868716,-6.31933358,0.00222015913,-0.011645642,147.15457,0.0834785935,0.826856027,-0.00824761014,0.104062235,0.0341770586,-0.000947351224,-0.0158858945,-0.0293158651,0.332518372,1313,1371,1246,1439,1596,1387,1610,1405,-0.2825,-0.2825,-0.282500283,-1.24995077,0.2,0.2375,0.2375,0.237504035,1.17435827,0.2,-0.24,-0.24,-0.239999777,-0.987503002,0.2,0.275,0.275,0.275011307,1.41017563,0.2,0.3225,0.3225,0.460445045,16.1441219,1,-0.1525,-0.1525,-0.291655884,-6.5014762,1,0.4675,0.4675,0.433430985,14.4060864,1,-0.635,-0.635,-0.608795519,-21.5042059,1
298229.715,43.75,0.266050315,-0.08098608,0.0071629052,-0.0111183111,0.00495922986,0.385277842,0.340411925,0.00100640288,150.09763,-147.154539,2.94309079,0,41.3276051,-11.7094706,-0.347031204,0.997354409,2.33403526,2.69397554,2.90834673,-42.8272174,-1.60438214,2.52597306,-0.231890788,2.69548277,1.81072747,0.720062568,148.612063,-3.14798488,0.167308185,4.16149049,0.0155636639,-0.277339948,-0.00100640288,-0.0111183111,0.00495922986,0.385277842,0,0,0,0,0,0,2.90834681,-42.8272186,-1.60438218,0.468086346,0.464500604,2.74549729,-3.13699657,42.5636119,0.140419175,0.846226188,2.34311838,-6.6560264,-3.13699657,42.5636119,0.140419175,0.846226188,2.34311838,-6.6560264,0.00306487944,-0.0124011494,147.154565,0.0833797103,0.827262706,-0.00821243925,0.105778344,0.0318329727,-0.000300294086,-0.00317515676,-0.0282938036,0.282370216,1313,1371,1246,1439,1596,1387,1610,1405,-0.2825,-0.2825,-0.282500167,-1.24995015,0.2,0.2375,0.2375,0.237502384,1.17434652,0.2,-0.24,-0.24,-0.239999897,-0.987503749,0.2,0.275,0.275,0.27500668,1.41013858,0.2,0.3225,0.3225,0.45703917,15.9313337,1,-0.1525,-0.1525,-0.288220113,-6.40241212,1,0.4675,0.4675,0.434944908,14.5407716,1,-0.635,-0.635,-0.609959967,-21.5715423,1
298229.765,43.8,0.264907839,-0.080863614,0.00709644715,-0.0113228338,0.00371473633,0.398144222,0.340462707,0.00102117947,150.09763,-147.154539,2.94309079,0,41.2684155,-11.5947506,-0.347002394,0.988723795,2.32958901,2.78628358,3.83389576,-42.6659526,-1.59953142,2.52265998,-0.1784304,2.78788183,1.78908536,0.76038431,148.615321,-3.14643432,0.0979050724,4.34462843,0.0207500513,-0.275792728,-0.00102117947,-0.0113228338,0.00371473633,0.398144222,0,0,0,0,0,0,3.83389586,-42.6659538,-1.59953146,0.464641077,0.462729849,2.83730056,-4.00686283,42.363756,0.127668623,0.848362127,2.34783885,-6.95755231,-4.00686283,42.363756,0.127668623,0.848362127,2.34783885,-6.95755231,0.00387032141,-0.0129984561,147.154558,0.0833033876,0.827110297,-0.00818072085,0.108090007,0.0315815621,-0.00056325573,-0.00070864714,-0.0210664982,0.254428738,1313,1371,1246,1439,1596,1387,1610,1405,-0.2825,-0.2825,-0.282500099,-1.24994978,0.2,0.2375,0.2375,0.237501408,1.17433957,0.2,-0.24,-0.24,-0.239999952,-0.987504094,0.2,0.275,0.275,0.275003946,1.4101167,0.2,0.3225,0.3225,0.453717386,15.7392454,1,-0.1525,-0.1525,-0.284869171,-6.31297781,1,0.4675,0.4675,0.436391558,14.6694719,1,-0.635,-0.635,-0.61107267,-21.6406578,1
298229.815,43.85,0.262425515,-0.0806123348,0.0072287373,-0.0132741348,0.00762825315,0.40223108,0.340511053,0.000831733216,150.09763,-147.154539,2.94309079,0,39.7045225,-11.35635,-0.196768847,0.929739612,2.60487458,2.65296901,4.32600928,-41.0459633,-1.40323,2.75931133,0.0339595198,2.65952621,1.79579476,0.689481639,148.606684,-3.14449134,0.0318294467,4.28440128,0.0257561828,-0.273052793,-0.000831733216,-0.0132741348,0.00762825315,0.40223108,0,0,0,0,0,0,4.3260094,-41.0459644,-1.40323003,0.416432602,0.809364415,2.70293703,-4.78900047,41.6660148,0.0909305984,0.867440692,2.28932938,-7.02176158,-4.78900047,41.6660148,0.0909305984,0.867440692,2.28932938,-7.02176158,0.00342773317,-0.0140482832,147.154641,0.0823786098,0.827398933,-0.00818144054,0.0945885445,0.0808181527,0.00850514101,-0.0652435068,0.185520287,-0.0351412103,1313,1371,1246,1439,1596,1387,1610,1405,-0.2825,0,-0.177775405,-0.619772374,0.2,0.2375,0,0.149457982,0.556617843,0.2,-0.24,0,-0.151030356,-0.468114566,0.2,0.275,0,0.173057979,0.728037944,0.2,0.3225,0,0.443460093,15.1751896,1,-0.1525,0,-0.278282601,-6.1142687,1,0.4675,0,0.427061318,13.9309164,1,-0.635,0,-0.597903198,-20.9302997,1
298229.865,43.9,0.257916216,-0.0800967136,0.00773564673,-0.016700048,0.0178640583,0.401364802,0.340540383,0.000339819903,150.09763,-147.154539,2.94309079,0,37.9576284,-10.9045755,-0.0494706373,0.854735873,2.7345518,2.609425,4.87904481,-39.1715368,-1.21630174,2.848818,0.20981651,2.61871319,1.76569703,0.650153381,148.558865,-3.17441431,-0.0658912713,4.2655474,0.0302629987,-0.26851186,-0.000339819903,-0.016700048,0.0178640583,0.401364802,0,0,0,0,0,0,4.87904494,-39.1715379,-1.21630177,0.361849069,1.01864936,2.6574052,-5.36050477,40.3922214,0.00582131317,0.900966902,2.1493848,-6.95093568,-5.36050477,40.3922214,0.00582131317,0.900966902,2.1493848,-6.95093568,0.00151561012,-0.0158966269,147.154914,0.0797001466,0.830651997,-0.00818770728,0.0928001021,0.118759564,0.0118300117,-0.0906786878,0.186392416,-0.025938103,1313,1371,1246,1439,1596,1387,1610,1405,-0.2825,0,-0.105025712,-0.209226366,0.2,0.2375,0,0.088296415,0.159938783,0.2,-0.24,0,-0.0892253379,-0.139586283,0.2,0.275,0,0.102238762,0.238344504,0.2,0.3225,0,0.432511024,14.3242427,1,-0.1525,0,-0.271411779,-5.83920248,1,0.4675,0,0.416517137,13.2901947,1,-0.635,0,-0.583140915,-20.2265531,1
298229.915,43.95,0.252104715,-0.0787310324,0.00838698801,-0.0202644749,0.0240832283,0.396973736,0.340541305,-0.000269251327,150.09763,-147.154539,2.94309079,0,36.2199623,-10.2605895,0.0145675861,0.775013889,2.72150649,2.48721049,5.53394698,-37.2193309,-1.12357281,2.80111474,0.336193523,2.49683605,1.69146314,0.637473096,148.502334,-3.23504436,-0.198263095,4.1114904,0.03473126,-0.262212659,0.000269251327,-0.0202644749,0.0240832283,0.396973736,0,0,0,0,0,0,5.53394713,-37.2193319,-1.12357285,0.31123525,1.08442833,2.53235715,-5.8698649,38.6412728,-0.110141481,0.925687204,2.01576535,-6.76417345,-5.8698649,38.6412728,-0.110141481,0.925687204,2.01576535,-6.76417345,0.000653591714,-0.0171686701,147.155219,0.0764347561,0.83683271,-0.00808157921,0.0947820915,0.137237975,0.00743573755,-0.088703881,0.0484209866,-0.128096527,1313,1371,1246,1439,1596,1387,1610,1405,-0.2825,0,-0.0620468289,-0.0145675861,0.2,0.2375,0,0.0521635365,0,0.2,-0.24,0,-0.0527123233,0,0.2,0.275,0,0.0604003618,0,0.2,0.3225,0,0.421832289,13.6285382,1,-0.1525,0,-0.264710598,-5.61798449,1,0.4675,0,0.406233292,12.738064,1,-0.635,0,-0.568743114,-19.2381753,1
298229.965,44,0.246634246,-0.0768044876,0.0086584642,-0.0227357509,0.0221649795,0.392095846,0.340520864,-0.000530203729,150.09763,-147.154539,2.94309079,0,34.7627682,-9.6646869,0,0.726784455,2.61416017,2.4251599,6.18010586,-35.5304329,-1.11841792,2.67836324,0.389292681,2.43274971,1.60669435,0.65411345,148.511639,-3.29482077,-0.355396696,4.00357114,0.039341635,-0.255602279,0.000530203729,-0.0227357509,0.0221649795,0.392095846,0,0,0,0,0,0,6.18010603,-35.5304339,-1.11841795,0.289940615,1.04288308,2.46768459,-6.3999148,36.8944237,-0.161382488,0.927703555,1.94499955,-6.56390116,-6.3999148,36.8944237,-0.161382488,0.927703555,1.94499955,-6.56390116,0.00166837822,-0.0171997213,147.155273,0.0731867379,0.843609454,-0.00775330219,0.0902359137,0.140256925,0.00574229293,-0.0114651518,-0.128485283,-0.0966195205,1313,1371,1246,1439,1596,1387,1610,1405,-0.2825,0,-0.0366558713,0,0.2,0.2375,0,0.0308170444,0,0.2,-0.24,0,-0.0311412553,0,0.2,0.275,0,0.0356831756,0,0.2,0.3225,0,0.411417213,12.949911,1,-0.1525,0,-0.25817487,-5.42259667,1,0.4675,0,0.396203356,12.3244268,1,-0.635,0,-0.554700797,-18.4650438,1
298230.015,44.05,0.241475009,-0.0749451349,0.00885847295,-0.022203764,0.013015393,0.384311216,0.340486877,-0.000829595864,150.09763,-147.154539,2.94309079,0,33.4456646,-9.34314248,0,0.702604314,2.51511398,2.27188036,6.56935027,-34.0815765,-1.09387928,2.57226745,0.422725314,2.27719893,1.55280518,0.686426836,148.532002,-3.32113482,-0.500440207,3.78567908,0.0434342437,-0.249008084,0.000829595864,-0.022203764,0.013015393,0.384311216,0,0,0,0,0,0,6.56935045,-34.0815775,-1.09387931,0.280294282,1.00336997,2.31299025,-6.85085283,35.2373332,-0.201412101,0.890300911,1.92647359,-6.30222781,-6.85085283,35.2373332,-0.201412101,0.890300911,1.92647359,-6.30222781,0.00392493159,-0.0154392064,147.155053,0.0706190662,0.84793708,-0.0072357431,0.0779398491,0.131262703,0.00679891306,0.0324488289,-0.231295286,-0.221171496,1313,1371,1246,1439,1596,1387,1610,1405,-0.2825,0,-0.0216554645,0,0.2,0.2375,0,0.0182060169,0,0.2,-0.24,0,-0.0183975534,0,0.2,0.275,0,0.0210808178,0,0.2,0.3225,0,0.401259286,12.5831858,1,-0.1525,0,-0.25180051,-5.2524694,1,0.4675,0,0.386421061,11.7905875,1,-0.635,0,-0.541005185,-17.6730699,1
298230.065,44.1,0.236674931,-0.0730758028,0.00898009426,-0.0213016446,0.00031701778,0.373127356,0.340435982,-0.00119162505,150.09763,-147.154539,2.94309079,0,32.015209,-8.80754536,0,0.662327411,2.40754372,2.15210039,7.02545727,-32.4360442,-1.04520531,2.45043012,0.461269055,2.15617799,1.47976138,0.684468063,148.517019,-3.29566224,-0.613718986,3.58155667,0.0472338164,-0.242561664,0.00119162505,-0.0213016446,0.00031701778,0.373127356,0,0,0,0,0,0,7.02545747,-32.4360451,-1.04520534,0.264226368,0.960456298,2.19085365,-7.24054468,33.6364012,-0.241281639,0.847809001,1.93285078,-5.97434979,-7.24054468,33.6364012,-0.241281639,0.847809001,1.93285078,-5.97434979,0.00668626449,-0.012975022,147.154936,0.0687253605,0.848558648,-0.00669795836,0.0770049505,0.135898374,0.00661283675,0.0144884097,-0.273908361,-0.219309391,1313,1371,1246,1439,1596,1387,1610,1405,-0.2825,0,-0.0127935615,0,0.2,0.2375,0,0.0107557054,0,0.2,-0.24,0,-0.0108688609,0,0.2,0.275,0,0.0124540731,0,0.2,0.3225,0,0.391352158,12.0438974,1,-0.1525,0,-0.245583533,-5.0865426,1,0.4675,0,0.376880291,11.3237538,1,-0.635,0,-0.52764772,-16.8221491,1
298230.115,44.15,0.232086035,-0.0711128578,0.00895640956,-0.0204555097,-0.0128550568,0.363648675,0.340367144,-0.00155423943,150.09763,-147.154539,2.94309079,0,30.7952094,-8.49383822,0,0.638736634,2.31579975,2.06856048,7.31178345,-31.0814576,-0.985406289,2.3496611,0.487068577,2.07164483,1.42377666,0.701613727,148.508774,-3.20963721,-0.690571783,3.44042129,0.0508602372,-0.236201093,0.00155423943,-0.0204555097,-0.0128550568,0.363648675,0,0,0,0,0,0,7.31178365,-31.0814585,-0.985406316,0.254815154,0.923856307,2.10593343,-7.59489631,32.1196827,-0.261277894,0.804739218,1.94197721,-5.69552819,-7.59489631,32.1196827,-0.261277894,0.804739218,1.94197721,-5.69552819,0.00937912794,-0.0106038884,147.155053,0.0669093698,0.844917656,-0.00617967168,0.0683651263,0.124527845,0.00845804301,0.0330818388,-0.246770831,-0.161558869,1313,1371,1246,1439,1596,1387,1610,1405,-0.2825,0,-0.00755814846,0,0.2,0.2375,0,0.0063542289,0,0.2,-0.24,0,-0.0064210786,0,0.2,0.275,0,0.00735758635,0,0.2,0.3225,0,0.381689639,11.5590771,1,-0.1525,0,-0.239520054,-4.92257763,1,0.4675,0,0.367575083,10.8468732,1,-0.635,0,-0.514620051,-16.2224749,1
298230.165,44.2,0.227723498,-0.0695758771,0.00891379782,-0.0187087641,-0.0236095573,0.356267561,0.340278339,-0.00199715032,150.09763,-147.154539,2.94309079,0,29.5652732,-8.22874828,0,0.618801871,2.22330854,1.98107976,7.49155635,-29.7466921,-0.910257103,2.24946743,0.505817927,1.98361744,1.38925809,0.708648914,148.508028,-3.07175148,-0.72686915,3.3124051,0.0539415966,-0.230329235,0.00199715032,-0.0187087641,-0.0236095573,0.356267561,0,0,0,0,0,0,7.49155656,-29.7466929,-0.910257128,0.246862455,0.886958219,2.01728631,-7.88776212,30.7568634,-0.312863612,0.759670645,1.94081866,-5.47596843,-7.88776212,30.7568634,-0.312863612,0.759670645,1.94081866,-5.47596843,0.0113396743,-0.00845171294,147.155283,0.0650425776,0.837240066,-0.00575631276,0.0597325429,0.120612955,0.0096179018,0.035447036,-0.181467203,-0.159231233,1313,1371,1246,1439,1596,1387,1610,1405,-0.2825,0,-0.00446518416,0,0.2,0.2375,0,0.00375393555,0,0.2,-0.24,0,-0.00379342885,0,0.2,0.275,0,0.00434669657,0,0.2,0.3225,0,0.372265688,11.0979595,1,-0.1525,0,-0.233606283,-4.73843743,1,0.4675,0,0.358499622,10.348764,1,-0.635,0,-0.501914037,-15.6264494,1
298230.215,44.25,0.223285346,-0.0678733714,0.00889064045,-0.0179700746,-0.0307464407,0.348390494,0.340165095,-0.00252555193,150.09763,-147.154539,2.94309079,0,28.3041914,-7.71140125,0,0.579897374,2.12847519,1.89841081,7.81592257,-28.2635299,-0.822916692,2.13748004,0.535736122,1.90126724,1.32221211,0.691789756,148.50605,-2.89775383,-0.729068338,3.16969832,0.0569649415,-0.224414105,0.00252555193,-0.0179700746,-0.0307464407,0.348390494,0,0,0,0,0,0,7.81592278,-28.2635307,-0.822916715,0.231342044,0.849125765,1.93234103,-8.12979661,29.3789426,-0.371679851,0.723193066,1.91189479,-5.24837765,-8.12979661,29.3789426,-0.371679851,0.723193066,1.91189479,-5.24837765,0.012508789,-0.00693444913,147.155549,0.0629312884,0.826845783,-0.00540215926,0.0635535028,0.123934531,0.0110482072,0.00340465851,-0.102776503,-0.158804967,1313,1371,1246,1439,1596,1387,1610,1405,-0.2825,0,-0.0026379304,0,0.2,0.2375,0,0.00221774071,0,0.2,-0.24,0,-0.00224107247,0,0.2,0.275,0,0.0025679306,0,0.2,0.3225,0,0.363074416,10.5866138,1,-0.1525,0,-0.227838523,-4.56845838,1,0.4675,0,0.349648235,9.99284319,1,-0.635,0,-0.489521735,-14.880256,1
298230.265,44.3,0.218997246,-0.0660397964,0.00890705443,-0.0174190395,-0.0336707509,0.341452536,0.340023914,-0.00310472868,150.09763,-147.154539,2.94309079,0,27.2216227,-7.38422702,0,0.555293872,2.04706602,1.81955097,8.01236712,-27.0332916,-0.739370946,2.04420693,0.556033117,1.82253712,1.26958841,0.699194234,148.500927,-2.70317749,-0.71204577,3.04111341,0.0600159081,-0.218700794,0.00310472868,-0.0174190395,-0.0336707509,0.341452536,0,0,0,0,0,0,8.01236734,-27.0332923,-0.739370967,0.221526817,0.816648703,1.85204162,-8.34210252,28.0398497,-0.433931445,0.690470437,1.85868667,-5.04125168,-8.34210252,28.0398497,-0.433931445,0.690470437,1.85868667,-5.04125168,0.0128067398,-0.00600140425,147.155679,0.0602342248,0.81489217,-0.00509093974,0.0603601615,0.113213948,0.0115624869,0.0212531748,-0.0133171048,-0.161642387,1313,1371,1246,1439,1596,1387,1610,1405,-0.2825,0,-0.00155842996,0,0.2,0.2375,0,0.00131019134,0,0.2,-0.24,0,-0.00132397522,0,0.2,0.275,0,0.00151707565,0,0.2,0.3225,0,0.354110077,10.1730331,1,-0.1525,0,-0.22221317,-4.4183216,1,0.4675,0,0.341015389,9.60883539,1,-0.635,0,-0.4774354,-14.2969979,1
298230.315,44.35,0.214938819,-0.0642365337,0.00898091275,-0.0166181147,-0.0326289203,0.332696407,0.339853129,-0.00370290014,150.09763,-147.154539,2.94309079,0,26.1672316,-7.04059263,0,0.529452566,1.96777582,1.73597848,8.187597,-25.8228961,-0.659732764,1.95228195,0.574573134,1.73912158,1.21433589,0.697990094,148.487698,-2.50801957,-0.685254446,2.89040442,0.0629814077,-0.213345806,0.00370290014,-0.0166181147,-0.0326289203,0.332696407,0,0,0,0,0,0,8.18759723,-25.8228968,-0.659732782,0.211217785,0.785016971,1.76695714,-8.50955904,26.7528389,-0.485495229,0.653688021,1.78040408,-4.80114036,-8.50955904,26.7528389,-0.485495229,0.653688021,1.78040408,-4.80114036,0.0121752187,-0.00544280672,147.155616,0.0570614909,0.802718126,-0.00483366455,0.0589061523,0.105239724,0.012077556,0.0222663216,0.0573180921,-0.156805716,1313,1371,1246,1439,1596,1387,1610,1405,-0.2825,0,-0.000920685378,0,0.2,0.2375,0,0.000774031585,0,0.2,-0.24,0,-0.000782174789,0,0.2,0.275,0,0.000896254183,0,0.2,0.3225,0,0.345367068,9.80240754,1,-0.1525,0,-0.216726707,-4.25733139,1,0.4675,0,0.332595689,9.26724477,1,-0.635,0,-0.465647478,-13.6790702,1
298230.365,44.4,0.211187281,-0.0626652221,0.00911427105,-0.0151745873,-0.0284126016,0.32631766,0.339652709,-0.00428667049,150.09763,-147.154539,2.94309079,0,25.1965278,-6.80577515,0,0.511794291,1.89477889,1.67562738,8.27060684,-24.747358,-0.590696659,1.87067351,0.585112806,1.67871116,1.17645432,0.703313426,148.465754,-2.32841235,-0.659631633,2.78596099,0.0657453192,-0.208493031,0.00428667049,-0.0151745873,-0.0284126016,0.32631766,0,0,0,0,0,0,8.27060706,-24.7473586,-0.590696675,0.20417326,0.755895853,1.70557284,-8.65823715,25.5977694,-0.547133302,0.61708284,1.69328938,-4.61419251,-8.65823715,25.5977694,-0.547133302,0.61708284,1.69328938,-4.61419251,0.0109933506,-0.00525349136,147.155394,0.0537040117,0.791440883,-0.00463643232,0.0530629665,0.0980090473,0.0109953644,0.0343208326,0.108425374,-0.133934699,1313,1371,1246,1439,1596,1387,1610,1405,-0.2825,0,-0.000543920219,0,0.2,0.2375,0,0.000457280455,0,0.2,-0.24,0,-0.000462091277,0,0.2,0.275,0,0.000529486818,0,0.2,0.3225,0,0.336839924,9.43715832,1,-0.1525,0,-0.211375706,-4.09071444,1,0.4675,0,0.324383872,8.91351145,1,-0.635,0,-0.454150601,-13.1918871,1
298230.415,44.45,0.207479135,-0.0611759414,0.00929084631,-0.0138965933,-0.0224849675,0.319186116,0.339424015,-0.00483165985,150.09763,-147.154539,2.94309079,0,24.2371578,-6.46465129,0,0.486141777,1.82263427,1.59998924,8.40659303,-23.6279151,-0.531374998,1.78581832,0.599324821,1.60310877,1.12854101,0.696263799,148.436374,-2.17633639,-0.640248453,2.65189494,0.0683040638,-0.203774907,0.00483165985,-0.0138965933,-0.0224849675,0.319186116,0,0,0,0,0,0,8.40659327,-23.6279157,-0.531375012,0.193939544,0.727114755,1.62843375,-8.7632135,24.4797625,-0.591122858,0.582958333,1.59842662,-4.41782766,-8.7632135,24.4797625,-0.591122858,0.582958333,1.59842662,-4.41782766,0.00952947727,-0.00531406652,147.155146,0.0504484177,0.781994743,-0.00447011643,0.0531777148,0.097450791,0.00998953795,0.0184022773,0.128290635,-0.150353947,1313,1371,1246,1439,1596,1387,1610,1405,-0.2825,0,-0.000321335835,0,0.2,0.2375,0,0.000270151011,0,0.2,-0.24,0,-0.000272993136,0,0.2,0.275,0,0.000312808906,0,0.2,0.3225,0,0.328523317,9.09764297,1,-0.1525,0,-0.206156821,-3.94530658,1,0.4675,0,0.316374806,8.62175333,1,-0.635,0,-0.442937583,-12.6118145,1
298230.465,44.5,0.203940937,-0.0594512221,0.00947945911,-0.0134114947,-0.0161628374,0.312390001,0.339169749,-0.0053087091,150.09763,-147.154539,2.94309079,0,23.3328581,-6.08345206,0,0.457475595,1.75463093,1.54382411,8.56513311,-22.5352076,-0.483293972,1.70329977,0.614211272,1.54690689,1.06958376,0.684186835,148.404778,-2.05352145,-0.635104613,2.53898498,0.0709888992,-0.199050053,0.0053087091,-0.0134114947,-0.0161628374,0.312390001,0,0,0,0,0,0,8.56513334,-22.5352082,-0.483293986,0.182503567,0.699985763,1.57059135,-8.86231557,23.3881434,-0.626369137,0.556624344,1.50495095,-4.23265664,-8.86231557,23.3881434,-0.626369137,0.556624344,1.50495095,-4.23265664,0.00817019387,-0.00561134616,147.154962,0.0472972572,0.774798787,-0.00429528818,0.0534751971,0.0971051422,0.00878998349,0.0146649984,0.123168978,-0.133987933,1313,1371,1246,1439,1596,1387,1610,1405,-0.2825,0,-0.000189837985,0,0.2,0.2375,0,0.000159599142,0,0.2,-0.24,0,-0.000161278206,0,0.2,0.275,0,0.000184800468,0,0.2,0.3225,0,0.320412047,8.73683602,1,-0.1525,0,-0.201066791,-3.8094572,1,0.4675,0,0.308563484,8.38771482,1,-0.635,0,-0.432001415,-12.0636364,1
298230.515,44.55,0.20055,-0.0578325894,0.00966563934,-0.0125003755,-0.010615474,0.30432121,0.338893553,-0.00571339658,150.09763,-147.154539,2.94309079,0,22.476021,-5.89324823,0,0.443172267,1.69019678,1.44484145,8.55782148,-21.597829,-0.446506352,1.63243794,0.616903963,1.44751839,1.03406946,0.686642539,148.373492,-1.9579254,-0.644092474,2.38253742,0.0734346586,-0.194486808,0.00571339658,-0.0125003755,-0.010615474,0.30432121,0,0,0,0,0,0,8.55782172,-21.5978296,-0.446506365,0.176797452,0.674280649,1.47077178,-8.92258999,22.3584257,-0.653287003,0.525618107,1.41867777,-4.03029046,-8.92258999,22.3584257,-0.653287003,0.525618107,1.41867777,-4.03029046,0.00691084332,-0.00572524313,147.154829,0.0442879098,0.769585086,-0.00411900723,0.0453401691,0.0914350308,0.00740506003,0.0277155146,0.0979201455,-0.194914488,1313,1371,1246,1439,1596,1387,1610,1405,-0.2825,0,-0.000112152013,0,0.2,0.2375,0,9.42875846e-05,0,0.2,-0.24,0,-9.52795377e-05,0,0.2,0.275,0,0.000109175961,0,0.2,0.3225,0,0.312501046,8.51836536,1,-0.1525,0,-0.196102434,-3.67696196,1,0.4675,0,0.300945025,8.04882913,1,-0.635,0,-0.421335262,-11.5417373,1
298230.565,44.6,0.197220123,-0.0562509596,0.00984208421,-0.0117019726,-0.00672989141,0.29388415,0.338598651,-0.00605939695,150.09763,-147.154539,2.94309079,0,21.535023,-5.52082933,0,0.415166366,1.61943373,1.35214042,8.60827758,-20.4929958,-0.414065879,1.5491192,0.623352724,1.35457503,0.98519715,0.664534089,148.342608,-1.88514159,-0.663138012,2.2133547,0.0756254819,-0.189947136,0.00605939695,-0.0117019726,-0.00672989141,0.29388415,0,0,0,0,0,0,8.60827782,-20.4929964,-0.41406589,0.165624885,0.646050708,1.37643211,-8.94191113,21.3396949,-0.671350431,0.497273258,1.3432417,-3.79163554,-8.94191113,21.3396949,-0.671350431,0.497273258,1.3432417,-3.79163554,0.00591997,-0.00560133643,147.154756,0.0416873374,0.766009785,-0.00394192101,0.0438463615,0.0979960073,0.00641368473,0.00602375541,0.0546305287,-0.222387294,1313,1371,1246,1439,1596,1387,1610,1405,-0.2825,0,-6.62568875e-05,0,0.2,0.2375,0,5.57029848e-05,0,0.2,-0.24,0,-5.62890084e-05,0,0.2,0.275,0,6.44987028e-05,0,0.2,0.3225,0,0.304785367,8.21965595,1,-0.1525,0,-0.191260648,-3.54773803,1,0.4675,0,0.293514665,7.77600692,1,-0.635,0,-0.410932457,-10.9117207,1
298230.615,44.65,0.193894701,-0.0545352475,0.00999119961,-0.0112952911,-0.0049759467,0.284783998,0.33828775,-0.00635716035,150.09763,-147.154539,2.94309079,0,20.7086973,-5.30447864,0,0.398896794,1.55729404,1.30631526,8.5653791,-19.58241,-0.388765081,1.48072666,0.621698703,1.30831274,0.945265073,0.659124091,148.316077,-1.82431993,-0.690134666,2.10921516,0.0776712687,-0.185256192,0.00635716035,-0.0112952911,-0.0049759467,0.284783998,0,0,0,0,0,0,8.56537934,-19.5824105,-0.388765092,0.159134364,0.621260936,1.32965501,-8.9413916,20.3588694,-0.689767031,0.472578738,1.28184535,-3.58349646,-8.9413916,20.3588694,-0.689767031,0.472578738,1.28184535,-3.58349646,0.00539411382,-0.0053539998,147.15473,0.0393495068,0.763481413,-0.00374671608,0.0371480206,0.0942727795,0.00547199499,0.0190012177,0.0158743922,-0.158900356,1313,1371,1246,1439,1596,1387,1610,1405,-0.2825,0,-3.91430793e-05,0,0.2,0.2375,0,3.29080709e-05,0,0.2,-0.24,0,-3.32542804e-05,0,0.2,0.275,0,3.81043833e-05,0,0.2,0.3225,0,0.29726019,7.9092942,1,-0.1525,0,-0.186538406,-3.3909088,1,0.4675,0,0.286267763,7.50151869,1,-0.635,0,-0.400786499,-10.4847989,1
298230.665,44.7,0.190645505,-0.0530739313,0.0101171872,-0.0102550613,-0.00496761955,0.27726145,0.337962875,-0.00662394192,150.09763,-147.154539,2.94309079,0,19.8990198,-5.12674888,0,0.385531516,1.49640629,1.2490192,8.47087572,-18.7180392,-0.365808613,1.41569718,0.616235434,1.25058812,0.915875951,0.653458107,148.293166,-1.76892658,-0.716111236,2.00176532,0.0793081795,-0.180749163,0.00662394192,-0.0102550613,-0.00496761955,0.27726145,0,0,0,0,0,0,8.47087595,-18.7180397,-0.365808623,0.153802471,0.596970609,1.27157693,-8.9253062,19.4557456,-0.697376478,0.44639191,1.2352894,-3.41143025,-8.9253062,19.4557456,-0.697376478,0.44639191,1.2352894,-3.41143025,0.00511436799,-0.0048787901,147.154702,0.0373495772,0.761179131,-0.00355770765,0.0287762601,0.0920174158,0.00513047263,0.0268738103,-0.015843366,-0.151938805,1313,1371,1246,1439,1596,1387,1610,1405,-0.2825,0,-2.31248511e-05,0,0.2,0.2375,0,1.94413483e-05,0,0.2,-0.24,0,-1.96458811e-05,0,0.2,0.275,0,2.25112128e-05,0,0.2,0.3225,0,0.28992081,7.64776464,1,-0.1525,0,-0.181932756,-3.22701333,1,0.4675,0,0.279199786,7.21855959,1,-0.635,0,-0.390891045,-10.0481261,1
298230.715,44.75,0.187424646,-0.0518302159,0.0102221587,-0.00906111172,-0.00623797224,0.271197294,0.337625121,-0.00687512931,150.09763,-147.154539,2.94309079,0,19.1834085,-4.99528433,0,0.375645382,1.44259232,1.21681729,8.37190427,-17.965196,-0.344935036,1.35910077,0.609963715,1.21803765,0.890660431,0.654799967,148.273636,-1.71374559,-0.735374546,1.94013153,0.0805850705,-0.176377465,0.00687512931,-0.00906111172,-0.00623797224,0.271197294,0,0,0,0,0,0,8.3719045,-17.9651965,-0.344935046,0.149858534,0.575502271,1.23879657,-8.887461,18.6231511,-0.705233883,0.419673449,1.19740848,-3.27103895,-8.887461,18.6231511,-0.705233883,0.419673449,1.19740848,-3.27103895,0.00503853029,-0.00430204635,147.154681,0.0357742187,0.758680553,-0.0033910813,0.0227510266,0.0876481317,0.00480925729,0.026702733,-0.0335371871,-0.101184434,1313,1371,1246,1439,1596,1387,1610,1405,-0.2825,0,-1.3661642e-05,0,0.2,0.2375,0,1.14855114e-05,0,0.2,-0.24,0,-1.16063448e-05,0,0.2,0.275,0,1.32991183e-05,0,0.2,0.3225,0,0.282762639,7.36119472,1,-0.1525,0,-0.17744082,-3.08993203,1,0.4675,0,0.272306319,6.94258679,1,-0.635,0,-0.381239911,-9.73572296,1
298230.765,44.8,0.18421773,-0.0506934871,0.0103077022,-0.00822008808,-0.00814156436,0.26607923,0.337275051,-0.00711858334,150.09763,-147.154539,2.94309079,0,18.4422967,-4.77239428,0,0.35888405,1.38686071,1.1669053,8.30258088,-17.1422627,-0.322546175,1.29698442,0.606196911,1.16799191,0.861521606,0.643034008,148.257176,-1.65571749,-0.743847735,1.86034368,0.081635153,-0.172071437,0.00711858334,-0.00822008808,-0.00814156436,0.26607923,0,0,0,0,0,0,8.30258111,-17.1422631,-0.322546183,0.143171832,0.553268916,1.18790387,-8.83287906,17.8361729,-0.710430081,0.397928037,1.16540948,-3.15019537,-8.83287906,17.8361729,-0.710430081,0.397928037,1.16540948,-3.15019537,0.00510562832,-0.00374939045,147.154682,0.0345376387,0.755719937,-0.00325022388,0.0200748203,0.0898335708,0.00483970425,0.00956647647,-0.0425157757,-0.112099493,1313,1371,1246,1439,1596,1387,1610,1405,-0.2825,0,-8.0709909e-06,0,0.2,0.2375,0,6.78538188e-06,0,0.2,-0.24,0,-6.85676753e-06,0,0.2,0.275,0,7.85682007e-06,0,0.2,0.3225,0,0.275781205,7.08170024,1,-0.1525,0,-0.173059791,-2.97300539,1,0.4675,0,0.265583052,6.69307532,1,-0.635,0,-0.371827064,-9.33356519,1
298230.815,44.85,0.180996257,-0.049510408,0.0103740893,-0.00789848379,-0.0102056996,0.26097144,0.336912902,-0.00735802461,150.09763,-147.154539,2.94309079,0,17.7700154,-4.5806351,0,0.34446376,1.33630516,1.13241743,8.23020567,-16.3990583,-0.300445208,1.24085223,0.601982044,1.13341932,0.830498794,0.6354169,148.244115,-1.59130434,-0.742812615,1.79684149,0.0825775298,-0.167728143,0.00735802461,-0.00789848379,-0.0102056996,0.26097144,0,0,0,0,0,0,8.2302059,-16.3990588,-0.300445217,0.137419057,0.533100478,1.15257225,-8.76319784,17.0618316,-0.724995822,0.382617531,1.13465401,-3.03164975,-8.76319784,17.0618316,-0.724995822,0.382617531,1.13465401,-3.03164975,0.00523658958,-0.00326474758,147.154705,0.0334205655,0.752173198,-0.00311615157,0.0180034428,0.0871780837,0.00458144311,0.00854579296,-0.0380327198,-0.0902486623,1313,1371,1246,1439,1596,1387,1610,1405,-0.2825,0,-4.76815994e-06,0,0.2,0.2375,0,4.00865104e-06,0,0.2,-0.24,0,-4.05082408e-06,0,0.2,0.275,0,4.64163263e-06,0,0.2,0.3225,0,0.268972143,6.81367863,1,-0.1525,0,-0.168786929,-2.85356967,1,0.4675,0,0.259025783,6.47273062,1,-0.635,0,-0.362646621,-8.99061795,1
298230.865,44.9,0.1779549,-0.0483660776,0.0104342436,-0.00761381259,-0.0117067107,0.257433747,0.336538815,-0.00759697615,150.09763,-147.154539,2.94309079,0,17.2051109,-4.40039867,0,0.33090998,1.29382434,1.11906272,8.19938651,-15.7502824,-0.279311208,1.19187242,0.600610351,1.12004087,0.797033468,0.634015818,148.232861,-1.52077153,-0.733630365,1.75488036,0.0834982953,-0.163581081,0.00759697615,-0.00761381259,-0.0117067107,0.257433747,0,0,0,0,0,0,8.19938673,-15.7502829,-0.279311216,0.132011964,0.516153343,1.1384245,-8.69957159,16.34947,-0.726840632,0.366905356,1.10433998,-2.94325748,-8.69957159,16.34947,-0.726840632,0.366905356,1.10433998,-2.94325748,0.00532993678,-0.00289899189,147.154725,0.0322680905,0.748050295,-0.00298829737,0.0186709478,0.0825041901,0.00495777547,0.00645988564,-0.0208455219,-0.0543755421,1313,1371,1246,1439,1596,1387,1610,1405,-0.2825,0,-2.81692168e-06,0,0.2,0.2375,0,2.36822089e-06,0,0.2,-0.24,0,-2.39313578e-06,0,0.2,0.275,0,2.74217218e-06,0,0.2,0.3225,0,0.262331197,6.57735564,1,-0.1525,0,-0.164619565,-2.72380826,1,0.4675,0,0.252630414,6.33049063,1,-0.635,0,-0.353692844,-8.70004674,1
298230.915,44.95,0.175080129,-0.0472935279,0.0104963465,-0.00721951515,-0.0122695977,0.254475988,0.336152805,-0.00783419492,150.09763,-147.154539,2.94309079,0,16.6311454,-4.24698571,0,0.319373325,1.25066214,1.07845241,8.12510733,-15.1177997,-0.25816423,1.14388562,0.596352058,1.07940012,0.770928046,0.628672287,148.221435,-1.44788691,-0.718166642,1.68616604,0.0843888923,-0.159654657,0.00783419492,-0.00721951515,-0.0122695977,0.254475988,0,0,0,0,0,0,8.12510756,-15.1178001,-0.258164237,0.127409575,0.498934376,1.09713918,-8.63894813,15.6827675,-0.73987624,0.353329173,1.07320104,-2.8653222,-8.63894813,15.6827675,-0.73987624,0.353329173,1.07320104,-2.8653222,0.00529735681,-0.00264628858,147.154728,0.0310971071,0.74359491,-0.00287044152,0.0162887969,0.078971715,0.00462275736,0.011991414,-0.00222141035,-0.0903628455,1313,1371,1246,1439,1596,1387,1610,1405,-0.2825,0,-1.66417398e-06,0,0.2,0.2375,0,1.39909165e-06,0,0.2,-0.24,0,-1.4138108e-06,0,0.2,0.275,0,1.62001367e-06,0,0.2,0.3225,0,0.255854217,6.40219152,1,-0.1525,0,-0.160555094,-2.59725067,1,0.4675,0,0.246392947,6.15967264,1,-0.635,0,-0.344960136,-8.3608766,1
298230.965,45,0.172243213,-0.046269438,0.0105673457,-0.00684586912,-0.0120585853,0.248615766,0.335754904,-0.00807166873,150.09763,-147.154539,2.94309079,0,16.0393041,-4.0761456,0,0.306526149,1.20615567,1.01404955,8.03323944,-14.4666825,-0.237488769,1.0943315,0.591011629,1.01499266,0.744892725,0.620072493,148.208689,-1.37643922,-0.699176415,1.58089425,0.0851643769,-0.155845745,0.00807166873,-0.00684586912,-0.0120585853,0.248615766,0,0,0,0,0,0,8.03323966,-14.4666829,-0.237488775,0.122284371,0.481179137,1.03198462,-8.54736181,15.0291887,-0.745900023,0.339018914,1.03616971,-2.74455602,-8.54736181,15.0291887,-0.745900023,0.339018914,1.03616971,-2.74455602,0.00507249514,-0.00242805805,147.154719,0.0298923213,0.739114521,-0.00276227553,0.0148738665,0.0777244974,0.00462957672,0.00838723993,0.010717999,-0.145817295,1313,1371,1246,1439,1596,1387,1610,1405,-0.2825,0,-9.83156569e-07,0,0.2,0.2375,0,8.26551888e-07,0,0.2,-0.24,0,-8.35247632e-07,0,0.2,0.275,0,9.57067646e-07,0,0.2,0.3225,0,0.249537153,6.25757546,1,-0.1525,0,-0.156590974,-2.48898189,1,0.4675,0,0.240309483,5.97024864,1,-0.635,0,-0.33644304,-7.96619546,1
298231.015,45.05,0.169388045,-0.0451668526,0.0106434815,-0.00674817446,-0.0113936965,0.24085367,0.335345243,-0.00830387871,150.09763,-147.154539,2.94309079,0,15.4242664,-3.90368641,0,0.293557218,1.15990483,0.959561206,7.90649536,-13.805313,-0.217772919,1.04408857,0.582812937,0.960479518,0.718594671,0.607024936,148.195096,-1.3078622,-0.680352167,1.48183408,0.085865182,-0.152017428,0.00830387871,-0.00674817446,-0.0113936965,0.24085367,0,0,0,0,0,0,7.90649558,-13.8053134,-0.217772925,0.117110595,0.462728004,0.976737453,-8.4297838,14.3713954,-0.753324655,0.324686998,0.995644082,-2.59640932,-8.4297838,14.3713954,-0.753324655,0.324686998,0.995644082,-2.59640932,0.00476713314,-0.00226632777,147.154709,0.0286538681,0.734848886,-0.00265225996,0.0128692757,0.0769403186,0.00447459404,0.00499901371,0.0172900649,-0.152666479,1313,1371,1246,1439,1596,1387,1610,1405,-0.2825,0,-5.80826794e-07,0,0.2,0.2375,0,4.8830827e-07,0,0.2,-0.24,0,-4.9344552e-07,0,0.2,0.275,0,5.65414045e-07,0,0.2,0.3225,0,0.243376059,6.06573423,1,-0.1525,0,-0.152724729,-2.38579449,1,0.4675,0,0.234376221,5.76048574,1,-0.635,0,-0.328136232,-7.60119226,1
298231.065,45.1,0.166664449,-0.0441920876,0.0107270676,-0.00622003347,-0.0102958369,0.234622416,0.334924193,-0.00852727656,150.09763,-147.154539,2.94309079,0,14.9107196,-3.83027015,0,0.288036316,1.12128611,0.936540272,7.76098784,-13.293874,-0.201271364,1.0053389,0.572726989,0.937354066,0.699414166,0.609603595,148.180581,-1.24338684,-0.663602695,1.43093192,0.0864381987,-0.148433403,0.00852727656,-0.00622003347,-0.0102958369,0.234622416,0,0,0,0,0,0,7.76098805,-13.2938744,-0.20127137,0.114908108,0.4473216,0.953393487,-8.31562915,13.7687062,-0.759737517,0.31017484,0.957552692,-2.47627854,-8.31562915,13.7687062,-0.759737517,0.31017484,0.957552692,-2.47627854,0.00441793427,-0.00214499307,147.154683,0.0273859136,0.730848942,-0.00254822152,0.00956932519,0.0705018276,0.00415070901,0.0170168226,0.0263329661,-0.101885848,1313,1371,1246,1439,1596,1387,1610,1405,-0.2825,0,-3.43139409e-07,0,0.2,0.2375,0,2.88481546e-07,0,0.2,-0.24,0,-2.91516517e-07,0,0.2,0.275,0,3.34033904e-07,0,0.2,0.3225,0,0.237367083,5.86691779,1,-0.1525,0,-0.148953942,-2.2805017,1,0.4675,0,0.228589451,5.55455924,1,-0.635,0,-0.32003452,-7.38496316,1
298231.115,45.15,0.163935507,-0.0433322142,0.0108154055,-0.00556495334,-0.00898968221,0.229864152,0.33449229,-0.00873889346,150.09763,-147.154539,2.94309079,0,14.3416467,-3.70717828,0,0.278779807,1.07849183,0.905559547,7.59650752,-12.7155274,-0.185573874,0.961532501,0.561211596,0.906309937,0.683299367,0.599779525,148.165098,-1.18615342,-0.648341198,1.37562975,0.0868228573,-0.144965058,0.00873889346,-0.00556495334,-0.00898968221,0.229864152,0,0,0,0,0,0,7.59650773,-12.7155278,-0.18557388,0.111215352,0.430249413,0.921871157,-8.19688058,13.2091917,-0.76375327,0.296330809,0.920930307,-2.38119681,-8.19688058,13.2091917,-0.76375327,0.296330809,0.920930307,-2.38119681,0.00408471781,-0.00207139741,147.154653,0.0262664177,0.727285022,-0.0024599552,0.0055785791,0.0712125933,0.00390261679,0.0142308169,0.0259615873,-0.0928663899,1313,1371,1246,1439,1596,1387,1610,1405,-0.2825,0,-2.02719047e-07,0,0.2,0.2375,0,1.7042841e-07,0,0.2,-0.24,0,-1.72221403e-07,0,0.2,0.275,0,1.97339719e-07,0,0.2,0.3225,0,0.231506469,5.65836347,1,-0.1525,0,-0.145276256,-2.16598766,1,0.4675,0,0.222945558,5.35371708,1,-0.635,0,-0.312132839,-7.10408309,1
298231.165,45.2,0.161144608,-0.0425360749,0.0109071608,-0.00501845309,-0.00777019381,0.225847254,0.334050057,-0.00894034976,150.09763,-147.154539,2.94309079,0,13.8214754,-3.62197671,0,0.272372649,1.03937495,0.884947149,7.42582765,-12.205709,-0.172195826,0.92296511,0.549028317,0.885619514,0.668499855,0.597135463,148.149102,-1.13577056,-0.635419232,1.33756414,0.0870215488,-0.141522157,0.00894034976,-0.00501845309,-0.00777019381,0.225847254,0,0,0,0,0,0,7.42582785,-12.2057093,-0.17219583,0.108659304,0.414644275,0.900883871,-8.06661868,12.6668027,-0.764704721,0.282611765,0.885001635,-2.29891965,-8.06661868,12.6668027,-0.764704721,0.282611765,0.885001635,-2.29891965,0.00380265492,-0.00202234166,147.154629,0.0252979774,0.724168609,-0.00238266878,0.00197454871,0.0691487442,0.003785487,0.0125985439,0.0231835752,-0.0671266748,1313,1371,1246,1439,1596,1387,1610,1405,-0.2825,0,-1.19761855e-07,0,0.2,0.2375,0,1.00685273e-07,0,0.2,-0.24,0,-1.01744533e-07,0,0.2,0.275,0,1.16583869e-07,0,0.2,0.3225,0,0.225790554,5.45495838,1,-0.1525,0,-0.141689373,-2.05430098,1,0.4675,0,0.217441012,5.15783374,1,-0.635,0,-0.304426252,-6.87942494,1
298231.215,45.25,0.158349923,-0.0418680431,0.0109945389,-0.00445483286,-0.00672032862,0.223038717,0.33359818,-0.00912490411,150.09763,-147.154539,2.94309079,0,13.3175137,-3.54224526,0,0.266376844,1.00147703,0.865771323,7.25063786,-11.7177729,-0.160381665,0.886071568,0.536418781,0.866374585,0.656038681,0.594560836,148.133622,-1.09174824,-0.624412898,1.30658072,0.0870372953,-0.138190669,0.00912490411,-0.00445483286,-0.00672032862,0.223038717,0,0,0,0,0,0,7.25063806,-11.7177732,-0.16038167,0.106267361,0.399525423,0.881357227,-7.93415655,12.1578069,-0.763145861,0.271089898,0.852401467,-2.23527011,-7.93415655,12.1578069,-0.763145861,0.271089898,0.852401467,-2.23527011,0.00357604023,-0.00198212961,147.154609,0.0244869142,0.721436476,-0.00231804064,-0.00170901333,0.0678829761,0.00365525959,0.0101469975,0.0177654537,-0.0525439339,1313,1371,1246,1439,1596,1387,1610,1405,-0.2825,0,-7.07526108e-08,0,0.2,0.2375,0,5.9482595e-08,0,0.2,-0.24,0,-6.0108382e-08,0,0.2,0.275,0,6.88751281e-08,0,0.2,0.3225,0,0.220215765,5.25657538,1,-0.1525,0,-0.13819105,-1.94537186,1,0.4675,0,0.212072374,4.96678677,1,-0.635,0,-0.296909941,-6.66507455,1
298231.265,45.3,0.155499085,-0.0412505636,0.011079613,-0.00410810025,-0.00600232423,0.220556302,0.333137347,-0.0092990429,150.09763,-147.154539,2.94309079,0,12.823691,-3.44227647,0,0.25885919,0.964341564,0.846388482,7.08518248,-11.2282726,-0.149677182,0.849074027,0.524486324,0.846949579,0.64219588,0.589940202,148.118611,-1.05280672,-0.61476754,1.27554214,0.08689306,-0.134869176,0.0092990429,-0.00410810025,-0.00600232423,0.220556302,0,0,0,0,0,0,7.08518268,-11.2282729,-0.149677186,0.103268297,0.384710741,0.861534522,-7.79016553,11.6677758,-0.763653954,0.26219524,0.821995345,-2.17827421,-7.79016553,11.6677758,-0.763653954,0.26219524,0.821995345,-2.17827421,0.00341998333,-0.00193916907,147.154597,0.0238249292,0.719040558,-0.0022622808,-0.00415354583,0.0677983798,0.00331621886,0.00567429043,0.0105628759,-0.0457800833,1313,1371,1246,1439,1596,1387,1610,1405,-0.2825,0,-4.17990515e-08,0,0.2,0.2375,0,3.51409796e-08,0,0.2,-0.24,0,-3.55106805e-08,0,0.2,0.275,0,4.06898769e-08,0,0.2,0.3225,0,0.214778618,5.06309047,1,-0.1525,0,-0.134779101,-1.8391322,1,0.4675,0,0.206836289,4.79452965,1,-0.635,0,-0.289579208,-6.43868544,1
298231.315,45.35,0.152654645,-0.0406667064,0.0111575674,-0.00392423428,-0.00561008227,0.218740391,0.332668163,-0.00946077452,150.09763,-147.154539,2.94309079,0,12.371265,-3.3612652,0,0.252767143,0.930319127,0.834602454,6.92663366,-10.786491,-0.140211701,0.815716794,0.51296369,0.835117075,0.628267595,0.588755276,148.104585,-1.01674,-0.606147291,1.25459993,0.0866499897,-0.13158942,0.00946077452,-0.00392423428,-0.00561008227,0.218740391,0,0,0,0,0,0,6.92663385,-10.7864913,-0.140211705,0.100837959,0.37113796,0.849392045,-7.64615651,11.1949019,-0.765570753,0.254717391,0.794417205,-2.13144986,-7.64615651,11.1949019,-0.765570753,0.254717391,0.794417205,-2.13144986,0.00333391557,-0.00189277275,147.154592,0.0232286889,0.716850426,-0.00220933574,-0.00618095779,0.0659890562,0.00295134099,0.00582129226,0.00515030673,-0.0306702086,1313,1371,1246,1439,1596,1387,1610,1405,-0.2825,0,-2.46939397e-08,0,0.2,0.2375,0,2.07605006e-08,0,0.2,-0.24,0,-2.09789115e-08,0,0.2,0.275,0,2.40386643e-08,0,0.2,0.3225,0,0.209475715,4.87671486,1,-0.1525,0,-0.131451393,-1.73551561,1,0.4675,0,0.201729483,4.63551634,1,-0.635,0,-0.282429472,-6.24786394,1
298231.365,45.4,0.149803505,-0.0401334516,0.0112283112,-0.00377114784,-0.00552605185,0.216699378,0.332191171,-0.0096125894,150.09763,-147.154539,2.94309079,0,11.8869843,-3.26884776,0,0.245817352,0.893901219,0.800230044,6.74207131,-10.3205188,-0.130868684,0.780421464,0.499671613,0.800702379,0.617171569,0.584307124,148.091793,-0.982408934,-0.597300728,1.21055404,0.0862859166,-0.128362846,0.0096125894,-0.00377114784,-0.00552605185,0.216699378,0,0,0,0,0,0,6.7420715,-10.3205191,-0.130868688,0.0980654356,0.356609539,0.814612996,-7.49311936,10.7409778,-0.7650788,0.2473576,0.768213524,-2.08236077,-7.49311936,10.7409778,-0.7650788,0.2473576,0.768213524,-2.08236077,0.00327613493,-0.00181390628,147.15459,0.0226809984,0.714750032,-0.00215844053,-0.00925134766,0.0667680967,0.00282812287,0.00115807503,-0.00287804859,-0.0638311843,1313,1371,1246,1439,1596,1387,1610,1405,-0.2825,0,-1.45886243e-08,0,0.2,0.2375,0,1.22648369e-08,0,0.2,-0.24,0,-1.23938692e-08,0,0.2,0.275,0,1.42015024e-08,0,0.2,0.3225,0,0.204303742,4.71567239,1,-0.1525,0,-0.128205846,-1.64243811,1,0.4675,0,0.196748764,4.45150467,1,-0.635,0,-0.275456264,-6.00111924,1
298231.415,45.45,0.146848163,-0.0395674955,0.011293844,-0.00381071144,-0.00586532333,0.212701681,0.331706649,-0.00976139889,150.09763,-147.154539,2.94309079,0,11.3899443,-3.16631315,0,0.238106749,0.856523809,0.760028738,6.54365329,-9.84490633,-0.121616088,0.744368301,0.485368098,0.760463796,0.604297277,0.577594191,148.079816,-0.947955542,-0.58733108,1.15419895,0.0857707406,-0.125067754,0.00976139889,-0.00381071144,-0.00586532333,0.212701681,0,0,0,0,0,0,6.54365347,-9.8449066,-0.121616091,0.0949893972,0.341698338,0.773960538,-7.31524157,10.2788248,-0.762970089,0.241214217,0.742005196,-2.00736735,-7.31524157,10.2788248,-0.762970089,0.241214217,0.742005196,-2.00736735,0.00322865471,-0.0016761688,147.154594,0.0221537046,0.712637242,-0.00210403453,-0.0117466788,0.067345588,0.00277874202,-1.67560546e-05,-0.0102328251,-0.0885326421,1313,1371,1246,1439,1596,1387,1610,1405,-0.2825,0,-8.61863121e-09,0,0.2,0.2375,0,7.24578986e-09,0,0.2,-0.24,0,-7.32201923e-09,0,0.2,0.275,0,8.38992826e-09,0,0.2,0.3225,0,0.199259464,4.55201794,1,-0.1525,0,-0.125040433,-1.55795541,1,0.4675,0,0.19189102,4.25702992,1,-0.635,0,-0.268655224,-5.7408104,1
298231.465,45.5,0.143869707,-0.0389808999,0.0113552072,-0.00385819457,-0.00646474983,0.208838122,0.331214706,-0.0099092233,150.09763,-147.154539,2.94309079,0,10.9212016,-3.06442714,0,0.230444921,0.82127436,0.739605135,6.35507331,-9.39487638,-0.112689734,0.710333251,0.471621809,0.740007928,0.589790457,0.572081885,148.068559,-0.911584827,-0.575443648,1.12105183,0.0851569449,-0.121777092,0.0099092233,-0.00385819457,-0.00646474983,0.208838122,0,0,0,0,0,0,6.35507349,-9.39487664,-0.112689737,0.0919328168,0.327636057,0.753088635,-7.13128772,9.82568418,-0.760850184,0.235211753,0.717109883,-1.93540639,-7.13128772,9.82568418,-0.760850184,0.235211753,0.717109883,-1.93540639,0.00320677023,-0.00151796472,147.154602,0.0215906152,0.710366454,-0.00204362852,-0.0130822252,0.0669461455,0.00282109908,0.000157079157,-0.0130407972,-0.0684074861,1313,1371,1246,1439,1596,1387,1610,1405,-0.2825,0,-5.09169352e-09,0,0.2,0.2375,0,4.28064972e-09,0,0.2,-0.24,0,-4.32568432e-09,0,0.2,0.275,0,4.95658096e-09,0,0.2,0.3225,0,0.19433973,4.35506151,1,-0.1525,0,-0.121953173,-1.4755586,1,0.4675,0,0.187153214,4.0800199,1,-0.635,0,-0.262022103,-5.53427142,1
