t_s,forward_m,lateral_m,relative_z_m,relative_yaw_rad
0.0,0.0,0.0,0.0,0.0
0.02,0.00022306716318479825,-0.00027376997568770423,-0.0020670295149914364,-2.2054505495569532e-05
0.024,0.00026379916366018095,-0.00032498602295864864,-0.0024560407647919447,-2.564545647232297e-05
0.04,0.00040730187593884717,-0.0005174365577279974,-0.0040011189698026806,-3.7848004225474186e-05
0.060000000000000005,0.0005354081417497023,-0.000728682493364839,-0.006114104921603858,-5.118278184200464e-05
0.08,0.0006021102494840966,-0.0008939094821868832,-0.008743300363606238,-6.59270041277471e-05
0.1,0.000616430655409639,-0.0010093029480764588,-0.012078949437809516,-8.232947796499301e-05
0.12000000000000001,0.0006048693481970396,-0.001089958372365766,-0.01604593747439964,-9.831628547987692e-05
0.14,0.0005913590347657432,-0.00115422633018766,-0.02030483589633128,-0.00011271810489443812
0.16,0.0005846192882870986,-0.0012075295166602525,-0.024443958237728824,-0.0001253380377681107
0.18000000000000002,0.0005806378756412733,-0.001248342425220572,-0.028143293741979825,-0.00013645286236944887
0.2,0.0005773921439455442,-0.0012798350319132093,-0.03120732213549149,-0.00014638161504131053
0.22,0.000573148317812068,-0.001299899505751358,-0.033591263418429385,-0.00015548376381264994
0.24000000000000002,0.0005697956981220866,-0.0013186244702580235,-0.035342385463083076,-0.00016390066259736047
0.24800000000000003,0.0005691710926778736,-0.001326619113657984,-0.03585056245629045,-0.00016710880160501762
0.26,0.0005691896717801869,-0.0013391683942856221,-0.036408445324401795,-0.00017178395302956673
0.28,0.0005716662339129621,-0.001361518800243137,-0.03683066681067396,-0.00017930278656524967
0.30000000000000004,0.0005763950895776689,-0.0013849928127064712,-0.03670985991847728,-0.00018662259631620215
0.32,0.0005818567310875715,-0.0014076446477619404,-0.03620415816399716,-0.0001937971661054999
0.34,0.000586365239367936,-0.0014265488281150428,-0.03554685059202875,-0.00020085848752235402
0.36000000000000004,0.0005894250244141539,-0.0014349440784942888,-0.03491846069528898,-0.0002078228209720645
0.38,0.0005901643444083575,-0.0014386147720215688,-0.03440189600608312,-0.00021474684325024918
0.4,0.0005873308945152671,-0.001447560818143907,-0.03423766649627172,-0.0002217462854217228
0.42000000000000004,0.0005811355720670094,-0.001462990385694942,-0.03462560690964431,-0.0002288422333591722
0.44,0.0005728575423721299,-0.00147938617795875,-0.03561817197067174,-0.00023588994930562324
0.46,0.0005640681168633059,-0.0014926169949799246,-0.037104253116421765,-0.0002427004098027874
0.47600000000000003,0.0005579622806670654,-0.0015003070383721193,-0.038503666338038145,-0.0002478479527095595
0.48000000000000004,0.0005566815455949686,-0.0015018103286463973,-0.03886419158326468,-0.00024908329786933747
0.5,0.0005524417105121415,-0.001507704687764149,-0.04061552411922603,-0.0002549149615564128
0.52,0.0005509711844415221,-0.001506727141613343,-0.042141527301606835,-0.00026025904224763474
0.54,0.0005523634348352061,-0.0015025282294433325,-0.04338259001739139,-0.00026519102067017186
0.56,0.0005573289073496007,-0.0015015328318686736,-0.044137601786649855,-0.00026977837176696273
0.5800000000000001,0.0005652312431016499,-0.0015053433549895522,-0.04423464121811735,-0.00027415054807836126
0.6000000000000001,0.0005745659005219057,-0.0015138535683465542,-0.04358326033293275,-0.00027837842202750596
0.62,0.0005837256014659534,-0.001524768011755338,-0.04226282510308127,-0.00028245338373107665
0.64,0.0005915024467129053,-0.001534301344474796,-0.04049758334822229,-0.00028636806092849354
0.66,0.0005966519086088478,-0.001540887880130351,-0.03856949538132953,-0.0002901522977011989
0.68,0.0005978986342938839,-0.0015449434579734888,-0.036764830097217066,-0.0002938742950627793
0.6980000000000001,0.0005963350098290654,-0.0015429435553990878,-0.03537182734086436,-0.00029716124273322653
0.6980000000000001,0.0005963350098290654,-0.0015429435553990878,-0.03537182734086436,-0.00029716124273322653
0.7180000000000001,0.0005906693694399205,-0.0015428036443281444,-0.03420216006840221,-0.0003008174044347445
0.7380000000000001,0.0005808057169255428,-0.001546655624740214,-0.03368082803300179,-0.00030453349981744704
0.758,0.0005682380407038229,-0.001554026834175596,-0.03397550568302912,-0.0003083239304243618
0.778,0.00055512055491254,-0.0015610587600756649,-0.0351069765442131,-0.00031210240080276064
0.798,0.0005435693746940395,-0.0015634125730321301,-0.03685240921693056,-0.0003156714830607199
0.8200000000000001,0.000534479952447962,-0.0015597248528639595,-0.03906098888992868,-0.0003191674976504716
0.8400000000000001,0.000531342675755779,-0.00155368919372078,-0.04091742334951229,-0.00032186386341456763
0.8600000000000001,0.0005315010986152073,-0.0015435618468144369,-0.042456833838568825,-0.0003242449647710144
0.88,0.0005360630782777256,-0.0015357231920308954,-0.043487128851328605,-0.0003263401802050536
0.9,0.0005445479636580632,-0.0015328700171861776,-0.04374504583042482,-0.00032823900782558146
0.92,0.0005553500686380704,-0.0015368992817604054,-0.04302415178825894,-0.00033000270555647027
0.924,0.0005575837202685932,-0.001538417119673428,-0.04275955447218624,-0.0003303439243814016
0.9400000000000001,0.0005662976455709098,-0.0015453751391552844,-0.041361523042476395,-0.00033168098241055655
0.9600000000000001,0.0005757600367849812,-0.0015529942367023019,-0.03907954346214523,-0.0003333103748292543
0.9800000000000001,0.0005824120792088745,-0.0015570244974491576,-0.03659136557174458,-0.0003349229064281145
1.0,0.0005849700545127865,-0.0015579144064122303,-0.034262803678770354,-0.0003365664404426094
1.02,0.0005835149850133581,-0.0015545493913066482,-0.03233142444324688,-0.00033824506165813784
1.04,0.0005770392745850611,-0.001552178504172389,-0.030953998201055127,-0.0003400139123711371
1.06,0.0005652336055888736,-0.0015521487151752764,-0.03044678450285171,-0.0003419108928467973
1.08,0.0005502194003842929,-0.001555784875876094,-0.031053243858602003,-0.0003439019921588765
1.1,0.0005350364663291263,-0.0015593004883691242,-0.032760163452810326,-0.00034587946804359726
1.12,0.0005221216462873867,-0.0015586639900097578,-0.035165710309189385,-0.0003476795129322835
1.1400000000000001,0.0005123895432018715,-0.0015528977273724543,-0.037753915828766665,-0.00034920437829388806
1.1480000000000001,0.000509842962471876,-0.0015497667379978162,-0.038740784147690555,-0.00034971694976956846
1.1600000000000001,0.000507520044394723,-0.001544328077980627,-0.040085205704837895,-0.0003503890327196668
1.1800000000000002,0.0005063559717926711,-0.0015334173150990864,-0.0419647392217829,-0.00035133989392024945
1.2000000000000002,0.0005100347338291402,-0.0015246803642220074,-0.043221820349058804,-0.0003520794007914746
1.22,0.0005182436229101584,-0.001520698887158216,-0.04358747168136631,-0.0003526639032446627
1.24,0.0005288112692412496,-0.0015242154239825693,-0.042834890063093295,-0.0003531538612966123
1.26,0.0005388804126159847,-0.001532923480625905,-0.041022869848339444,-0.0003536484825737568
1.28,0.0005471854749350456,-0.0015398565335476512,-0.03856544189545705,-0.00035418640561513115
1.3,0.0005529439673496998,-0.001542141761273136,-0.03595135184571793,-0.0003547711085706007
1.32,0.0005544218542951755,-0.001540460514538518,-0.033570039169634164,-0.0003554477693342162
1.34,0.0005519090423310109,-0.00153531612606125,-0.03163160525154732,-0.00035619779269403795
1.36,0.0005439016610936019,-0.0015317255595522499,-0.03032932794252982,-0.0003570715284421516
1.372,0.0005365123712920009,-0.0015308573144515248,-0.02998963198807944,-0.00035765599316439634
1.3800000000000001,0.0005307541221509936,-0.0015312024394461504,-0.029986551688422958,-0.00035806492068374274
1.4000000000000001,0.0005148470908907072,-0.0015348661020394261,-0.03085760080894226,-0.00035914070837261836
1.4200000000000002,0.0004994194107969498,-0.001538699613730157,-0.032833150175166886,-0.0003602235044713187
1.4400000000000002,0.0004870426077954971,-0.0015381083933104418,-0.03542492554561891,-0.00036117197820065283
1.4600000000000002,0.0004786402364558031,-0.0015328767693916754,-0.03811481083632137,-0.00036190369478170115
1.48,0.0004752558774407553,-0.0015261773588086359,-0.04048647715540046,-0.0003623903956749275
1.5,0.00047567646126809476,-0.0015179827714987327,-0.042379190488368024,-0.0003627162523267835
1.52,0.00048085065017660364,-0.0015118167442820262,-0.043611666404381744,-0.0003628908960560395
1.54,0.0004901937641218306,-0.0015090885695334807,-0.04391524901695407,-0.00036295259046757733
1.56,0.0005013608552550483,-0.0015125210797652339,-0.043068680008517074,-0.00036295302656921824
1.58,0.000511759107808855,-0.0015198124832168228,-0.04116834054661406,-0.00036298173461936367
1.596,0.0005187603523603532,-0.0015243635799312388,-0.03919262594355158,-0.00036305070257043603
1.6,0.0005202621434154988,-0.0015251227516329096,-0.03867025149899969,-0.0003630751714124303
1.62,0.0005259200836391185,-0.0015264269280241029,-0.03606410753871994,-0.00036324285941861933
1.6400000000000001,0.0005275155732606769,-0.0015251595906102102,-0.03373856796862476,-0.0003635057944696707
1.6620000000000001,0.0005249110721230609,-0.001521142521527648,-0.031706907777927285,-0.0003638821817376764
1.6780000000000002,0.0005188394900655759,-0.001519116648419282,-0.030747290744819328,-0.00036424630370791855
1.6980000000000002,0.00050634169391921,-0.001518560798479007,-0.03043592256319108,-0.00036480607165095824
1.7180000000000002,0.0004905709217025379,-0.0015205971760753332,-0.03134607465503533,-0.00036544353126077844
1.7380000000000002,0.00047460889841962305,-0.0015228269732716336,-0.033387538372613795,-0.00036610081335086697
1.758,0.0004613828820600551,-0.0015216548335149867,-0.03607091040207561,-0.00036666509336466535
1.778,0.00045192195955072803,-0.0015169986716595642,-0.03885396831050081,-0.00036707124665075197
1.798,0.00044758415500492757,-0.0015107320908731032,-0.04132106130533472,-0.00036728740748691313
1.818,0.00044724991453120585,-0.0015032940101723739,-0.043288542159418686,-0.0003673799636453312
1.822,0.0004477607419799589,-0.0015019662433322768,-0.043610440731863875,-0.0003673843591890519
1.84,0.00045246507400325956,-0.0014971988344614049,-0.04466475554900787,-0.00036735477085174384
1.86,0.00046161703148306566,-0.0014956033377843123,-0.04490201301490221,-0.0003672415985183919
1.8800000000000001,0.0004725078494095026,-0.001498953515098324,-0.0439338168750302,-0.0003670862042648021
1.9000000000000001,0.00048261864011920285,-0.0015045930186079878,-0.041884477956628086,-0.0003669647617901006
1.9200000000000002,0.0004904795120244302,-0.0015084953651483314,-0.03923879241489314,-0.00036691703032533385
1.9400000000000002,0.0004954824249003251,-0.0015094048010268176,-0.03651314506153053,-0.0003669420882185248
1.9600000000000002,0.0004966742834045007,-0.0015080296014644073,-0.03407204368214986,-0.0003670485771068571
1.9800000000000002,0.0004942800611471459,-0.0015044766906158586,-0.032096921208196016,-0.00036721946661766314
2.0,0.00048671246476610867,-0.001502015633311281,-0.03079132681225491,-0.00036748240096698415
2.02,0.0004739641674650259,-0.0015013657515185828,-0.030474952836036573,-0.00036783291074858615
2.04,0.000458294264968614,-0.001502564355812395,-0.0313834776075356,-0.00036823670204839953
2.048,0.000451861638645326,-0.001503333084536736,-0.03207873347028306,-0.0003684058911617022
2.06,0.0004426939503429303,-0.0015038455967464799,-0.03339276289152243,-0.00036865221949652915
2.08,0.0004297816589812065,-0.0015028596201274761,-0.03599959332120256,-0.00036900079653363893
2.1,0.0004208209467578087,-0.0014997274526294974,-0.03867447689170597,-0.0003692310184629233
2.12,0.0004173247706138243,-0.001495335583091927,-0.04099742953486801,-0.00036931537765926004
2.14,0.0004177057342058239,-0.0014900353031972297,-0.04283246296267554,-0.0003693132570459362
2.16,0.0004232101179795778,-0.0014862655198742475,-0.04397563846726399,-0.0003692234357391272
2.18,0.00043307910113564224,-0.0014855116332653203,-0.0441544217170631,-0.000369063044432294
2.2,0.0004447276511241517,-0.001488754871300555,-0.04315020393467109,-0.0003688713651491954
2.22,0.000455474142642573,-0.0014934264564496643,-0.041124932931960845,-0.00036871469103996746
2.24,0.00046408655207351955,-0.0014961656924413313,-0.03855962643489971,-0.0003686175463116087
2.2600000000000002,0.0004695140903155548,-0.0014965158247618301,-0.0359269276317101,-0.00036858716392484947
2.2720000000000002,0.0004707604601710375,-0.0014958912734204684,-0.03447017267243771,-0.0003686052459819372
2.2800000000000002,0.00047083931776602033,-0.0014950497120268713,-0.03359143384019489,-0.0003686292054798507
2.3000000000000003,0.00046830027777777317,-0.0014921341456729032,-0.031715417929828044,-0.0003687283854680451
2.3200000000000003,0.0004601842045066581,-0.0014898463763678457,-0.030534337415069807,-0.0003689073377501212
2.3400000000000003,0.0004466182568053778,-0.001488890991191529,-0.03036637571194195,-0.00036915844569697376
2.3600000000000003,0.0004299967986724719,-0.0014906448091371715,-0.03143288582396708,-0.0003694561229418275
2.3800000000000003,0.00041354923568808996,-0.001493279879935944,-0.0335602123150435,-0.0003697792265568295
2.4000000000000004,0.0003999215037621563,-0.0014935956856318325,-0.03622823336557196,-0.00037005781999029097
2.42,0.0003903476931641374,-0.0014915161581121965,-0.03892477042635453,-0.0003702392342560812
2.44,0.00038532584217861363,-0.0014880455885406033,-0.04124568683019167,-0.0003703142272590415
2.46,0.00038396404644609,-0.0014838066119369025,-0.043071621985338954,-0.00037031767213885347
2.48,0.00038774406773395156,-0.001480648614914498,-0.04418974834944958,-0.00037024526049193873
2.496,0.00039421138405921563,-0.0014797575419581118,-0.044390236307752295,-0.0003701424750356258
2.5,0.0003961616955521961,-0.0014798652348243684,-0.04432583470767973,-0.000370111249314492
2.52,0.0004068399385989607,-0.001482247581366228,-0.04328111761358161,-0.0003699419413929067
2.54,0.00041707724014027194,-0.0014860187863722722,-0.0412348034536513,-0.00036979325568264887
2.56,0.0004255782073674897,-0.0014885107263488302,-0.038656920792894206,-0.000369689788710742
2.58,0.00043117679816456734,-0.001488888050150769,-0.0360249661866347,-0.00036963954445790037
2.6,0.0004326958330463347,-0.0014882769160120908,-0.03370401941680076,-0.00036965128275601167
2.62,0.0004303512263419536,-0.0014865764983869527,-0.03184715077151401,-0.0003697130940838178
2.64,0.0004220750751248632,-0.0014856176073094487,-0.030703539189542023,-0.00036984905799854195
2.66,0.0004082497352481219,-0.0014855744641287618,-0.030590064767004016,-0.00037004986687762254
2.68,0.0003913115516304619,-0.0014866880487055692,-0.031724131084808344,-0.00037029558697769527
2.7,0.00037460809346070257,-0.0014874795437172996,-0.03391959608693551,-0.0003705505216110988
2.72,0.00036087402723343216,-0.0014863464024547726,-0.036630356330199065,-0.00037075258024216184
2.72,0.00036087402723343216,-0.0014863464024547726,-0.036630356330199065,-0.00037075258024216184
2.74,0.00035126778283583164,-0.0014836560029360066,-0.039335418695353896,-0.0003708683944303598
2.7600000000000002,0.0003461297967491765,-0.0014801315044235608,-0.041642867392535615,-0.0003708996871524123
2.7800000000000002,0.0003448647446519763,-0.0014762359337989657,-0.04344209830060192,-0.0003708736273840829
2.8000000000000003,0.0003488515042479053,-0.0014734802048706468,-0.044501331770366526,-0.00037078981076793527
2.8200000000000003,0.00035746792395979066,-0.001472688510289658,-0.04454693472758994,-0.00037065920989325096
2.8400000000000003,0.00036811366677653946,-0.001474317966912166,-0.04338990241453283,-0.00037050366846080873
2.8600000000000003,0.0003780962878387529,-0.0014771337756744427,-0.041223566236627096,-0.0003703693083941112
2.8800000000000003,0.0003861609943104689,-0.0014790831336887976,-0.03855668169587334,-0.00037027693848080967
2.9000000000000004,0.000391331775477645,-0.0014793050405793407,-0.03587248873913451,-0.0003702308193421072
2.9200000000000004,0.0003920990423558661,-0.0014775133484355323,-0.03352924877785032,-0.0003702375325732449
2.9400000000000004,0.000388834292942867,-0.0014746124969217,-0.0316677101021568,-0.0003702823108725495
2.9480000000000004,0.00038588349432914414,-0.00147358447097218,-0.03110954339225344,-0.00037031493517383773
2.96,0.0003796539980982001,-0.001472383104626424,-0.03054068923534381,-0.0003703788330453872
2.98,0.00036529133219187027,-0.0014720341099339273,-0.03046354593981282,-0.0003705160056618889
3.0,0.00034839933302237047,-0.0014739877157696384,-0.03164512924575655,-0.00037068566337092324
3.02,0.00033240338773908725,-0.0014763708605690742,-0.0338525972342221,-0.0003708748208728907
3.04,0.000319786816801257,-0.0014769646207956398,-0.036546234689103924,-0.0003710316125683094
3.06,0.00031163312088238674,-0.0014754545688595406,-0.03922651441808281,-0.0003711199815130406
3.08,0.0003083798854105963,-0.001472028204573014,-0.04150342348307898,-0.0003711373439116705
3.1,0.0003091457035164735,-0.001468123527486655,-0.043277228791019445,-0.00037111496336292293
3.12,0.0003149294108615409,-0.0014651974685758002,-0.044313915315205704,-0.0003710645244513755
3.14,0.0003248408648850202,-0.0014645500196902414,-0.04433992384715388,-0.00037099655360464667
3.16,0.0003362391539418017,-0.0014671095972183736,-0.04316968683439862,-0.00037092223480056363
3.172,0.0003426986958675835,-0.0014694280616965962,-0.0419651471551008,-0.0003708899000373356
3.18,0.0003465934059635994,-0.0014709156663060168,-0.04101729840227222,-0.00037087665929676217
3.2,0.000354732675377187,-0.0014733154701601974,-0.03839476843781983,-0.0003708711045286861
3.22,0.00035956021916877355,-0.0014737124991241661,-0.03577991961796689,-0.0003709059472707249
3.24,0.00035951009993569124,-0.0014724795723156667,-0.033520140402848814,-0.0003709869215039602
3.2600000000000002,0.000355015692704181,-0.0014702420570995621,-0.03174060531312145,-0.0003711025782593136
3.2800000000000002,0.0003446037958020711,-0.0014686282741401624,-0.030716470412287755,-0.00037126215059749
3.3000000000000003,0.00032957948739443523,-0.0014685564740766369,-0.030753914276081595,-0.0003714534833897526
3.3200000000000003,0.0003129379600774779,-0.0014697016153905806,-0.032024554014035145,-0.0003716664067103387
3.3400000000000003,0.0002979310877776069,-0.0014705215602557342,-0.03426490051533526,-0.0003718751760432709
3.358,0.0002873730891177055,-0.0014700833687753324,-0.03666686948644016,-0.00037202693307357426
3.378,0.0002796883865541233,-0.001468930622076536,-0.03931182242455494,-0.0003721358765857996
3.394,0.00027713380344056304,-0.001469053605159242,-0.041150672704806546,-0.0003721751408538726
3.398,0.0002767892173201035,-0.0014689412251674377,-0.04156394965822752,-0.0003721806591746868
3.418,0.00027792652791185036,-0.0014687439196415044,-0.043323565176550144,-0.00037217357059292355
3.438,0.0002840574335349998,-0.0014688286194915483,-0.04435850159659413,-0.0003721076099145876
3.458,0.0002942182066779877,-0.0014689859088555836,-0.044402256967128684,-0.0003719954439626999
3.478,0.00030568246952929147,-0.0014692931299714323,-0.04327167295157466,-0.000371861814232724
3.498,0.0003160000599831095,-0.001469653143208899,-0.04116331754046537,-0.0003717356661489396
3.5180000000000002,0.0003240860401918442,-0.0014695847395812946,-0.03857257133709108,-0.0003716321871324174
3.5380000000000003,0.00032900926343013156,-0.001469152883547641,-0.035968116872977435,-0.0003715592057032535
3.5580000000000003,0.00032986012463681884,-0.0014681387462405545,-0.03369566048602707,-0.00037152040701092515
3.58,0.0003261995135149879,-0.0014666964795586664,-0.031751396707638935,-0.00037150932204464693
3.6,0.00031695215588161383,-0.0014661794970007563,-0.030783168039454023,-0.0003715341831446728
3.62,0.00030275889112000643,-0.0014667353113810568,-0.030891142969940888,-0.00037158553326480104
3.62,0.00030275889112000643,-0.0014667353113810568,-0.030891142969940888,-0.00037158553326480104
3.64,0.00028629892102427615,-0.0014682970224288157,-0.03225183711551671,-0.0003716625369741544
3.66,0.00027076926766460795,-0.00146959897115351,-0.03459358336544535,-0.0003717490660833933
3.68,0.000258397724022715,-0.0014698157537027048,-0.037368404052748994,-0.00037181087353985176
3.7,0.00025018047233130863,-0.0014691956852935309,-0.040082675429206044,-0.00037182835288335214
3.72,0.00024597286167135515,-0.0014682013319891258,-0.04234911068004668,-0.0003718047101218952
3.74,0.0002457799361396052,-0.0014670554579930104,-0.04407230177741303,-0.0003717484314307712
3.7600000000000002,0.0002506826603150169,-0.0014660865391409503,-0.045008496734443515,-0.0003716612046097689
3.7800000000000002,0.00025985192018151894,-0.001465826886582672,-0.044886595262756124,-0.0003715522084364181
3.8000000000000003,0.0002708515106765706,-0.001466602007846788,-0.04354324166545548,-0.00037142948703790257
3.8200000000000003,0.0002810786599962441,-0.0014679662412093477,-0.04125598701808747,-0.0003713193513438795
3.838,0.000288482293731193,-0.0014687606965130622,-0.03883136493733344,-0.00037124278984546066
3.846,0.0002910175548381585,-0.001468899990119184,-0.037739963373397634,-0.000371216405444727
3.858,0.000293720896263207,-0.001468845871821298,-0.03615525419220447,-0.0003711860505856146
3.878,0.0002948176722984788,-0.0014681514822375257,-0.03382645532010453,-0.0003711593683042025
3.898,0.00029187315931729373,-0.0014669849322808102,-0.03197842022344616,-0.00037115630005710165
3.918,0.00028316932186068605,-0.0014661312186937997,-0.030865739780782248,-0.0003711813364256772
3.938,0.0002692169084424162,-0.0014661550386849596,-0.03079619709007972,-0.00037122868321409763
3.958,0.00025248280783478333,-0.0014669654433859909,-0.03196165882017615,-0.0003712960322607428
3.978,0.0002363269366800738,-0.0014677505110455497,-0.03412290814641458,-0.00037137080332390326
3.998,0.00022309514863093604,-0.0014680726938711276,-0.0367493361797758,-0.000371428871800597
4.018000000000001,0.00021412216105889817,-0.0014676947637257975,-0.03935514967426132,-0.0003714511553542521
4.038,0.0002101300837745931,-0.0014668475001525863,-0.041554790680653736,-0.0003714334154237692
4.058,0.00021037658362174584,-0.0014658552620528645,-0.043249950202743,-0.0003713881599168578
4.0680000000000005,0.0002124449338618749,-0.0014655329625239933,-0.04383119113480233,-0.00037135557271222863
4.08,0.00021657424481058934,-0.0014653699728178714,-0.04423091706924703,-0.0003713089471160669
4.1000000000000005,0.00022640822910865142,-0.001466077893560416,-0.04401968035808654,-0.0003712161965304245
4.12,0.00023740405386357336,-0.0014675400906543712,-0.04259936917329454,-0.0003711206787197635
4.140000000000001,0.00024759203645444925,-0.0014688386175120075,-0.04026342439587757,-0.00036825102421815525
4.16,0.0002702841873467734,-0.0014687526685849843,-0.03753203857925699,-0.00033986145712790183
4.180000000000001,0.00032805857316092724,-0.001467265470411676,-0.0348663155457975,-0.0002914754141010306
4.2,0.00042915454511107873,-0.0014665678347997376,-0.03260341981445908,-0.00023864925532642023
4.218,0.0005617228864145715,-0.0014663294680809934,-0.030996921240864894,-0.0001981990587442417
4.238,0.0007591657777614197,-0.001466811076780589,-0.029960060898362367,-0.00017036122483099492
4.258,0.0010213093185391876,-0.0014675450977082376,-0.029994332460788198,-0.0001617011808392882
4.2780000000000005,0.0013666809830971476,-0.0014680559426034974,-0.03127288664737923,-0.00015585266809153842
4.2940000000000005,0.0017096394029488292,-0.0014678685843012957,-0.03303172624303674,-0.0001437314181160776
4.298,0.0018079240216594098,-0.0014677642741951933,-0.03353904082169071,-0.0001391963690386827
4.3180000000000005,0.0023983654130439033,-0.0014667603796253955,-0.036247357568289174,-0.00010627694741409399
4.338,0.003218376664418164,-0.001465437085516164,-0.0388960619935603,-6.53090164542125e-05
4.3580000000000005,0.004394332480041439,-0.0014644905529708641,-0.04109761302689424,-3.256153590000532e-05
4.378,0.006051073470505056,-0.0014632593971165993,-0.042748566036354796,-1.9370315655076187e-05
4.398000000000001,0.00828118263564944,-0.0014620567177212277,-0.04359059710771809,-2.292884080713764e-05
4.418,0.011171301783986712,-0.0014615902778438688,-0.04338485334251513,-2.890820624545931e-05
4.438000000000001,0.014564716267725196,-0.0014614459672494355,-0.04212527342770897,-1.526525454487171e-05
4.458,0.018227142178870677,-0.0014614657272129558,-0.04015887543277527,1.9740141049703896e-05
4.478000000000001,0.022043297976154657,-0.0014619567158072125,-0.03797359919302626,5.260737237704205e-05
4.498,0.02598687469036275,-0.0014634194495808362,-0.03600606177221463,6.035839114887365e-05
4.518000000000001,0.030080473844409993,-0.0014660070204305879,-0.0344873072104179,4.7876564898061136e-05
4.518000000000001,0.030080473844409993,-0.0014660070204305879,-0.0344873072104179,4.7876564898061136e-05
4.54,0.034803640297624706,-0.0014681188129461913,-0.03359349423121305,3.291725808532431e-05
4.5600000000000005,0.03945396201975408,-0.0014705759165266948,-0.033648912008971354,3.56106110480231e-05
4.58,0.04434009350271796,-0.001472104734844988,-0.03463597056213072,7.801723257117033e-05
4.6000000000000005,0.04912263662720214,-0.0014722511959695192,-0.03628403509713857,0.00012815671525145955
4.62,0.053774437121458823,-0.0014731276288688158,-0.038195617885360605,0.00013869932280739794
4.640000000000001,0.05835362784440541,-0.0014759539586393002,-0.040016683008696846,0.00010279267638826917
4.66,0.06294585884155494,-0.0014789801222748868,-0.04145609599886624,5.557485190019196e-05
4.680000000000001,0.06765044729003684,-0.0014799262630104714,-0.042424420355566456,5.255209740934186e-05
4.7,0.07260228852656811,-0.0014769098867001224,-0.04284025388612664,0.00011203773469246892
4.720000000000001,0.07796908603148628,-0.001472156217095101,-0.04261222748101903,0.000182338953458136
4.74,0.08336845621217859,-0.0014692219458862371,-0.04181987332033263,0.00018091770916534022
4.744000000000001,0.08442956740421088,-0.0014687936060007387,-0.041613958247021215,0.00016959125543720976
4.760000000000001,0.08860684489443632,-0.0014675436018706956,-0.04069876915695059,9.281907208094631e-05
4.782,0.09421823633725597,-0.0014660287290659425,-0.0393885517165708,-9.810391169012833e-07
4.798,0.09825709503396156,-0.001464147319059108,-0.03854282552536395,8.191215278050001e-06
4.8180000000000005,0.10332646256855366,-0.0014606359386498107,-0.0377071271541172,0.00012251632266339907
4.838,0.10851050336356309,-0.0014563084525195374,-0.03727540329478832,0.0002622877895813308
4.8580000000000005,0.1139980791063325,-0.0014522549616390028,-0.03729860367016763,0.0003043299667686711
4.878,0.11973808662905769,-0.0014499037718701778,-0.03775656717141995,0.00022427251444438745
4.898000000000001,0.1253591069100389,-0.0014494149005540458,-0.03855202193948756,7.673689890171087e-05
4.918,0.1307509354025223,-0.0014483323647598474,-0.03951038090500511,-1.6734251496453023e-05
4.938000000000001,0.13597183112748032,-0.0014424226011153507,-0.04045161087982441,3.8607537655430124e-05
4.958,0.14113097285171494,-0.0014321802704067698,-0.04123684438127195,0.00021612035151608033
4.970000000000001,0.14424882095553707,-0.001426763233451615,-0.04161395102135654,0.00031495762728354915
4.978000000000001,0.14635112218804006,-0.0014246562244212366,-0.041826653524950214,0.0003508792092778157
4.998,0.1517402015924982,-0.0014260474946426772,-0.04220503949624094,0.0002754915289446269
5.018000000000001,0.15741665610352962,-0.0014339492160886542,-0.04233941809677269,9.107325147944545e-06
5.038,0.16334530979402037,-0.0014369572043836723,-0.04222489757672157,-0.0001585234674669339
5.058000000000001,0.16927621158298414,-0.0014287257255449146,-0.041915300972586694,-5.009513991677261e-05
5.078,0.1750778675014424,-0.001415117818570729,-0.04150239008672865,0.00023590696832088975
5.098000000000001,0.18075398909453538,-0.0014065270358860939,-0.041068650915009774,0.0004428651071638062
5.118,0.1863601909136361,-0.0014087836702086388,-0.0406648394849026,0.00037206414724831605
5.138,0.19195595305025245,-0.0014176932527418737,-0.04033703256810281,8.010354661748542e-05
5.158,0.19761887228985034,-0.0014229577014999162,-0.040156427932153044,-0.00018756954989777863
5.178,0.20345170521810904,-0.0014194685854296875,-0.04016648563527908,-0.00019637169014506684
5.194,0.20825345077372429,-0.001410585353975126,-0.040313482895671826,2.5809238889826225e-05
5.198,0.20946357432112697,-0.0014079549647357283,-0.040366376300791595,0.00010528459660520684
5.218,0.21550996676001966,-0.001395530546326438,-0.040697611317075444,0.0005124634227745423
5.238,0.2214959549500205,-0.001390324828174229,-0.04108707656827604,0.0006694212614849204
5.258,0.22741752080560812,-0.0013922905531722832,-0.04147565961901012,0.0004071183535219042
5.28,0.23390644438234667,-0.001398995719919121,-0.04185184304853082,-0.0001255389137986701
5.300000000000001,0.23985489811921104,-0.0014043228403694784,-0.04211352609849406,-0.00042219835505453995
5.32,0.2459088444148332,-0.00140363348785974,-0.042289098300726746,-0.000270870887130889
5.340000000000001,0.25207826980945536,-0.0013993291424881996,-0.04237382363494807,0.00021220527868671957
5.36,0.2583247101357094,-0.0013974307553114816,-0.04237592486085853,0.000626744887180064
5.38,0.26459187027751574,-0.001405870689886582,-0.04231694922607748,0.0005906369184010551
5.4,0.2708401873150899,-0.0014236319848252195,-0.042221334519764536,9.632323774499962e-05
5.416,0.2758149067321682,-0.0014382212643642943,-0.04213249296379917,-0.00034932268662503374
5.42,0.2770556424141925,-0.0014411151311694362,-0.04210974125974787,-0.00042939626649228513
5.44,0.2832512811853824,-0.001447364631964019,-0.04199933294633851,-0.0004886549063277817
5.46,0.2894448642786492,-0.001440017553561053,-0.04190239494786055,1.9288524815766483e-05
5.48,0.29565106163827815,-0.0014272672299212238,-0.04184591554834424,0.0006767367305433591
5.5,0.3019029954944502,-0.0014248544070244937,-0.041846934190287594,0.0008670049837062321
5.5200000000000005,0.30821711096914695,-0.001435284620093763,-0.04190682353872274,0.0003911266969217342
5.54,0.3145775803367134,-0.001454370014008624,-0.04201424079309521,-0.00035835916580664873
5.5600000000000005,0.3209689820464451,-0.0014635628395706646,-0.04215153257465831,-0.0007032318729983944
5.58,0.3273807553564076,-0.0014545001982977923,-0.04230131250177893,-0.00024175019399552689
5.6000000000000005,0.33380004395484214,-0.0014345256379609886,-0.042443351854320244,0.0007108435087229137
5.62,0.34023426732048656,-0.0014224406832646017,-0.042557445015445505,0.0012923016231127377
5.640000000000001,0.3466915593581519,-0.001428229307429349,-0.04264313916135132,0.000900974767174198
5.644,0.3479843228579379,-0.0014312485777190145,-0.04265696751291803,0.000715830109677712
5.66,0.35315586734828375,-0.0014466334835843697,-0.042702167948610065,-0.00014557659995141636
5.680000000000001,0.3596199578607109,-0.001459542892878675,-0.042738011931813896,-0.0008666611344019248
5.7,0.3660884447530775,-0.0014534113344486371,-0.04275519416652199,-0.0005190820746727165
5.720000000000001,0.3725482780736896,-0.0014307016286601928,-0.042757745477308096,0.0006594678423854916
5.74,0.37899493340416784,-0.0014109710763219804,-0.04274925151918535,0.0016086035988968905
5.760000000000001,0.3854368620212138,-0.00141328168077242,-0.042733377023326996,0.0014003998457722128
5.78,0.39186559148233835,-0.0014362878825065761,-0.0427190834990725,9.44253599893391e-05
5.800000000000001,0.3982889194247752,-0.0014602945403321063,-0.04272176582243953,-0.0011948249798253152
5.82,0.4047301969710023,-0.0014601876544380818,-0.042746401540114914,-0.0012862630161614708
5.840000000000001,0.4111850809693976,-0.0014345147159465638,-0.0427911553915869,-5.7718868825079594e-05
5.86,0.4176532657709331,-0.001401891213329086,-0.04285278775102777,0.0014611877488136388
5.868,0.4202472501530921,-0.0013948134435456463,-0.04288098852838476,0.001809442845084025
5.880000000000001,0.42414595958117485,-0.0013942322513604832,-0.04292525085780449,0.0018592525428033496
5.9,0.4306541399381938,-0.0014185480733399855,-0.04299920894869577,0.0007077635428415913
5.92,0.43716435271108156,-0.0014561080615903624,-0.043065328439625156,-0.0010903809918640095
5.94,0.44368638636486835,-0.0014735757422530138,-0.04312024497364805,-0.0019413460503574093
5.96,0.45021427866882124,-0.0014668401622954727,-0.043162378582515426,-0.001597453509574867
5.98,0.4567470245410334,-0.0014730511221730733,-0.043192314984092595,-0.001890461004102409
6.0,0.4633143994994983,-0.0015564621746257182,-0.043212585665864806,-0.005897259251097325
6.0200000000000005,0.46991075229465834,-0.0017680953456445589,-0.04322796839556259,-0.015833758878419313
6.04,0.47641095824233015,-0.002100870397383582,-0.04325340151481405,-0.031094412694869192
6.0600000000000005,0.4826938047266416,-0.0025155476363090956,-0.04329356125525999,-0.04933920885291761
6.08,0.4887454324843427,-0.0029876221786565432,-0.04334429540082002,-0.06898568508107882
6.0920000000000005,0.4922856448733525,-0.0033067016418155543,-0.04337861833694609,-0.0815751331160406
6.1000000000000005,0.49461616958801097,-0.0035421643477941134,-0.04340271458279374,-0.09053003581980347
6.12,0.5003414105786185,-0.004228776094940427,-0.043467599938912194,-0.11546520697962821
6.140000000000001,0.5058652110828201,-0.005057530892853872,-0.043538660717292066,-0.14370595504375244
6.16,0.5111008207814316,-0.005983597395974705,-0.043613033125504214,-0.17329594914075636
6.180000000000001,0.5160438629164679,-0.006965135542489294,-0.04368764105921974,-0.20149258140409626
6.2,0.5208187667887194,-0.007972898544027822,-0.04376016855709794,-0.22646719492719208
6.220000000000001,0.5255503625365521,-0.009026959869454551,-0.04383071020178708,-0.24797991933464558
6.24,0.5303125853528478,-0.010139101288613207,-0.0438992496715476,-0.2664824171718549
6.260000000000001,0.5351455689858307,-0.011313104514363119,-0.04397070269007897,-0.28201024108718337
6.28,0.5400958214906697,-0.0125492633438243,-0.044044998958709475,-0.29380293481083075
6.300000000000001,0.5452143040671388,-0.013840756706793335,-0.0441174772596368,-0.3010022188327547
6.316000000000001,0.5494283909930523,-0.01490642495115168,-0.04417678891132326,-0.30337201452980234
6.32,0.5504955245644365,-0.01517684580882609,-0.044192193070267644,-0.30354932509719584
6.340000000000001,0.5558978582715582,-0.016555828919118304,-0.044272888055362225,-0.30249340296259963
6.36,0.5613957807835189,-0.017990776369525986,-0.044358773957726666,-0.2995419708911912
6.380000000000001,0.5669835732205155,-0.019500774020231523,-0.04444392821572282,-0.29636393421374896
6.4,0.5726573772434804,-0.021083101785062473,-0.04451801450431839,-0.29374604096311363
6.420000000000001,0.578409839953333,-0.022715110142192275,-0.04456829219248226,-0.29123757634620645
6.44,0.5842410638287454,-0.02436580238445707,-0.04458418777685841,-0.28776890359434376
6.46,0.5901154064610534,-0.026008246614666164,-0.04455449932075187,-0.28292835259960913
6.48,0.5959852052555282,-0.027633534345650204,-0.04447169324943251,-0.2774225260132957
6.5,0.6018094833500091,-0.029254950928121082,-0.04433089231353321,-0.272660317621904
6.5200000000000005,0.6075713216170628,-0.030875352434894573,-0.044134078157509415,-0.26950121671044847
6.54,0.6132500692879338,-0.03247747509113809,-0.04388779218009309,-0.26757290246071813
6.54,0.6132500692879338,-0.03247747509113809,-0.04388779218009309,-0.26757290246071813
6.5600000000000005,0.618845900398334,-0.034040660444558474,-0.043599784500476274,-0.26569552116922
6.58,0.6243746912371865,-0.03555230090711281,-0.043278711475470494,-0.26297581857213875
6.6000000000000005,0.629830771023399,-0.037029404238136804,-0.042932390149373,-0.26024453531247205
6.62,0.6352368894478769,-0.038512729569497486,-0.04256693070504447,-0.25925874110436853
6.640000000000001,0.6406035411392913,-0.04002013229932948,-0.04218869136611336,-0.260799122826995
6.66,0.6459239301529868,-0.04153284394242157,-0.041803051583475054,-0.26392721931159546
6.680000000000001,0.6512224302807041,-0.04301995644435,-0.04141678892324352,-0.2665640058954103
6.7,0.6565364292697806,-0.04446401663317044,-0.04103913738852816,-0.26707516959714395
6.718000000000001,0.6613274543524585,-0.04573312357711187,-0.040714429809418196,-0.26585928842425594
6.738,0.6666579191361909,-0.047146791238794075,-0.04039376363815694,-0.2643031577608986
6.758,0.6720355090720649,-0.04861415763938244,-0.04014216680403601,-0.26454874147320845
6.766,0.674206290999495,-0.049220823608831524,-0.040063745705519654,-0.26534297505456655
6.7780000000000005,0.6774857996667283,-0.05014867618218026,-0.039971618157640165,-0.26712504582672597
6.798,0.6830370436135914,-0.05172644360615346,-0.03988729796386839,-0.2705414801470374
6.8180000000000005,0.6887507994569496,-0.053314066355372045,-0.03988211104944106,-0.2723496174484777
6.838,0.6946317441748379,-0.05489415060165925,-0.039945566606386845,-0.27136353195470997
6.8580000000000005,0.7006152865655872,-0.05647639286000064,-0.04006035461514962,-0.2687136593886961
6.878,0.7066694571212285,-0.058106638622953344,-0.04019781039118564,-0.2670626513755483
6.898000000000001,0.712787861928992,-0.05981410822900812,-0.040332171303822106,-0.26827972129117067
6.918,0.7189292677014482,-0.061571562161742144,-0.04045952995430105,-0.2717250721213138
6.938000000000001,0.7250952063403319,-0.06332653327903146,-0.04057574956565063,-0.2746211720759703
6.958,0.7313237839585249,-0.0650407992047873,-0.040667884957406863,-0.27447248371338984
6.978000000000001,0.7375811554355832,-0.06670993463665509,-0.04072892703852671,-0.27139527045236855
6.99,0.7413325694771911,-0.0677057528252614,-0.040748950803981,-0.2692265135868568
6.998,0.743832911248998,-0.06837769475600937,-0.04075490318155095,-0.2681312919300496
7.018000000000001,0.7500854697194181,-0.07010573480580025,-0.04074333006063177,-0.26766761578729453
7.038,0.7562994283157561,-0.07188731406569623,-0.04069684928885725,-0.27048544891044624
7.058000000000001,0.7624495918755206,-0.0736689262297068,-0.04062132475955535,-0.2742261188976378
7.078,0.7685838312980453,-0.07539384774946994,-0.04052438476528869,-0.27550276422633796
7.098000000000001,0.7747067799206285,-0.07703830878248977,-0.040418419194355404,-0.27305583696619046
7.118,0.7807864910127967,-0.07863733077190756,-0.0403288967204804,-0.26885392840045613
7.138000000000001,0.7868597404442378,-0.08027943928413345,-0.04027313403905167,-0.2665430866387468
7.158,0.7929596629701581,-0.08200841856368699,-0.04026009329659677,-0.26797149053871383
7.178000000000001,0.7990698908051249,-0.08378643141488251,-0.04029342413943782,-0.27189840520210984
7.198,0.8052239081290241,-0.08555369134213768,-0.04037014752769602,-0.27505464307057736
7.214,0.8102027897853087,-0.08693617852860042,-0.040457037964227366,-0.27541001520414143
7.218000000000001,0.8114518506087938,-0.08727744764135817,-0.04048170297524564,-0.275208443814565
7.238,0.8177042344130467,-0.08897940022112079,-0.04061965190412356,-0.2737427789394425
7.258000000000001,0.8239922643956944,-0.09076510609925638,-0.04077080770536887,-0.2755031247998387
7.2780000000000005,0.8303369601608624,-0.09273408697407408,-0.040915661867276326,-0.2850310556965987
7.298,0.8366052848677674,-0.09486476664153867,-0.04104500788449453,-0.30257903823055515
7.3180000000000005,0.8425821946566705,-0.09702809685270988,-0.04115497706100077,-0.3242021376272784
7.338,0.8482412846506822,-0.09913084568571962,-0.041238700651212545,-0.3455814922959089
7.3580000000000005,0.8536919437341843,-0.10118872552085906,-0.04128056103461866,-0.36542866445242983
7.378,0.8589883929973694,-0.10326879851090237,-0.041276939648008465,-0.38514880710638605
7.398000000000001,0.8641402549171054,-0.10542720716888976,-0.041236279665732206,-0.4066205344655004
7.418,0.8690899175261585,-0.1076319933799349,-0.04116821885997607,-0.42932752833317944
7.438000000000001,0.8738631134446542,-0.10982710700698103,-0.041093153508566904,-0.45036262106281166
7.442,0.8748135315525661,-0.11026485962936838,-0.04107943659576424,-0.4540524069775802
7.458,0.8786563421422782,-0.1120200066352815,-0.041035138325071774,-0.4662389519829262
7.478000000000001,0.8836125613166084,-0.11424853125241714,-0.04101730283097996,-0.4751693355976577
7.498,0.8887207420259088,-0.11653200226767546,-0.041054167045726814,-0.47823144921725447
7.518000000000001,0.8939252018045317,-0.11891242566419565,-0.04114653319365069,-0.47897035241814245
7.538,0.8992046511415424,-0.12144718800754244,-0.041288768144980975,-0.48103187104664114
7.558000000000001,0.9045365511275308,-0.12411339310296193,-0.04146643521856164,-0.48504657459661626
7.578,0.909936529459648,-0.1268371857607266,-0.04166252814643032,-0.48806293325720684
7.598000000000001,0.9154598035644629,-0.1295592918059259,-0.04185206783451895,-0.48645106704923435
7.618,0.9210642809658675,-0.13224645930518425,-0.042019835394779576,-0.479764866937879
7.638000000000001,0.9266824999945772,-0.13493503915796068,-0.04215459999933269,-0.47164190507425796
7.658,0.9323547537921932,-0.1377396681666891,-0.04224909927065118,-0.46689019562896683
7.666,0.9346456505919152,-0.13890726403787026,-0.04227410614087196,-0.4664696383369392
7.678000000000001,0.9380894164743552,-0.1406909139402007,-0.04229703912597932,-0.46718414252498064
7.698,0.943831730837901,-0.14368967922217715,-0.04229885567366373,-0.4698414631444351
7.718000000000001,0.9496254155803572,-0.14664909557293254,-0.04226216660481846,-0.47001406500565557
7.738,0.9554893049677985,-0.1495198416200333,-0.04219728944035131,-0.4650035985958545
7.758000000000001,0.961311721860359,-0.15229269942609608,-0.04211363552873773,-0.45687301090689214
7.7780000000000005,0.967067423889602,-0.15506554228435043,-0.042019489919582015,-0.4506686332191986
7.798,0.9728134453674392,-0.1579492918321215,-0.04193918269601618,-0.4503013477386697
7.8180000000000005,0.9785160266682889,-0.16091130533761772,-0.04189428563806391,-0.4552847384418375
7.838,0.9841902108721954,-0.16386287026959576,-0.04189427251501099,-0.46128823282265385
7.8580000000000005,0.9899668028494889,-0.1667693188439116,-0.04193998449327921,-0.4636879749232108
7.878,0.995840101374424,-0.16961793792589927,-0.042024388921589134,-0.46154280332386877
7.890000000000001,0.9993717254144181,-0.171313489282389,-0.0420891140259253,-0.45934517170227196
7.898000000000001,1.0017283324465227,-0.17245323471685894,-0.04213663019472111,-0.45821083925830774
7.918,1.0076410670425229,-0.1753896262591114,-0.042265187415358285,-0.4585672627792543
7.938000000000001,1.013540203123875,-0.17844721584887183,-0.04239556999664729,-0.46426800989192485
7.958,1.0193834260114654,-0.1815109100375043,-0.0425094788025209,-0.4714098363733179
7.98,1.0259082034907914,-0.18481722776840254,-0.04260976239071235,-0.4740153857267543
8.0,1.0319820142818201,-0.1877335932484476,-0.042676824499053134,-0.46873298505012406
8.020000000000001,1.0380083076003404,-0.19057500712433065,-0.042717790966448066,-0.46066070600150044
8.040000000000001,1.0439904290758684,-0.19349348042513692,-0.0427321642221844,-0.45649879765674606
8.06,1.049963165253389,-0.1965729263524077,-0.042727654400236764,-0.4595914041064664
8.08,1.055830238502813,-0.19967485853711947,-0.04271483902515438,-0.46668443065296594
8.1,1.0616910193422027,-0.20269892732548073,-0.042698573752115554,-0.47108605446340723
8.116,1.0664673989562468,-0.20504260399577853,-0.04268859986299853,-0.4695062423902234
8.120000000000001,1.067669223298147,-0.20561648082632608,-0.042687716091764055,-0.46839172009829355
8.14,1.0736368939606598,-0.20841486639642443,-0.04269589226198414,-0.46043944894066036
8.16,1.0795420903640143,-0.21121404513305536,-0.0427270079905821,-0.45354410266551315
8.178,1.0848863239922686,-0.2138772545243965,-0.04277441564050835,-0.45289516241157235
8.198,1.0908455093231022,-0.2169975556988311,-0.04285055496816695,-0.4592909674867688
8.218,1.0967637981913134,-0.22012252644401137,-0.04294895285824832,-0.467319056214747
8.238000000000001,1.1028015900677213,-0.22318178449881454,-0.043064242721053914,-0.47017801439296547
8.258000000000001,1.1090314217822048,-0.22615923620707118,-0.043189618065188035,-0.46491619070905854
8.278,1.115254394956417,-0.22906653728877163,-0.04331704740731915,-0.4561340272714537
8.298,1.1214365755388196,-0.2320508597493991,-0.04343508806829996,-0.45129725279649
8.318000000000001,1.1276292106333123,-0.2352181505619798,-0.04353458421654349,-0.4546717097664168
8.338000000000001,1.1337354332271823,-0.23844788154248422,-0.0436101116515204,-0.4634768621111799
8.338000000000001,1.1337354332271823,-0.23844788154248422,-0.0436101116515204,-0.4634768621111799
8.358,1.1398138998225789,-0.24159527114371876,-0.04365649448736694,-0.4699991714079296
8.378,1.1460112884897387,-0.2446277259168137,-0.043676377637777236,-0.46892666807891203
8.398,1.152245463323269,-0.24752963186747656,-0.04368162145666479,-0.46085584086715115
8.418000000000001,1.1583703052129968,-0.25039555061043905,-0.04368110793129373,-0.4530287161549863
8.438,1.164454168799445,-0.253396444561138,-0.043682107387275654,-0.4516962072853701
8.458,1.1705113547447379,-0.2565544277682962,-0.04370133567664908,-0.4582475582389862
8.478,1.1764820198180088,-0.25969586669602723,-0.04374675875708417,-0.4665397096386995
8.498000000000001,1.1825324952074496,-0.2627517052569095,-0.04381732761833071,-0.4695445723587979
8.518,1.1887429615926473,-0.2657082212646647,-0.04391031978773713,-0.46433497478078
8.538,1.1949211260216606,-0.2685824540682299,-0.04402121018792568,-0.4556784205110488
8.558,1.201058538174399,-0.2715401838141124,-0.04414181888280966,-0.45109717989297426
8.566,1.203522505376479,-0.27277823441092364,-0.044190106180266364,-0.45152010819602384
8.578000000000001,1.2072180827692027,-0.27468727186216035,-0.04426059202414451,-0.4546147402483035
8.598,1.2133031483311725,-0.27789785592477084,-0.04436637879560151,-0.463060458027978
8.618,1.219380653225732,-0.2810398129540482,-0.04444575813006585,-0.46911529174991606
8.638,1.2256007867306355,-0.28408209731419687,-0.04448622978736616,-0.46759916530826207
8.658000000000001,1.2318568044766858,-0.2870088196487133,-0.04448053975685512,-0.4596917893518091
8.678,1.2380021386010183,-0.28990861072323526,-0.04442130086678475,-0.4526791685953204
8.698,1.2440606435758106,-0.29291872438487,-0.04430300076124849,-0.4524405670492888
8.718,1.250014224847186,-0.296029740272746,-0.04413533910011813,-0.45936534362287207
8.738000000000001,1.255809172897751,-0.29907249680283426,-0.04392496003604007,-0.46717651029868745
8.758000000000001,1.2615785992869997,-0.30197455948110086,-0.04367654295531018,-0.4694912826692804
8.778,1.2674018980453532,-0.30474270341009213,-0.04340555921786832,-0.4641981471115255
8.790000000000001,1.2708580223148003,-0.3063508917590861,-0.043237320944348234,-0.45924029011023826
8.798,1.273140453653753,-0.3074194731939818,-0.04312344543640889,-0.45618924192575905
8.818000000000001,1.2787967041307546,-0.31015232772079376,-0.04283657003670252,-0.45224002554697884
8.838000000000001,1.2844421932713503,-0.3130471394463977,-0.04256018745636597,-0.45600448468029
8.858,1.2900305531775123,-0.3159998009639087,-0.04232433858098575,-0.46419888968078593
8.878,1.2956481835583082,-0.3188946733848451,-0.04214931510025102,-0.4697140921378262
8.898,1.301462156356088,-0.32172045968036567,-0.042047191705473996,-0.46778779534277315
8.918000000000001,1.3074126038620673,-0.32448401898538776,-0.04202111196366873,-0.4597122421325526
8.938,1.3133904736608455,-0.32729788423625367,-0.042059520937819644,-0.4525855494901909
8.958,1.3194461127177495,-0.3303104528123266,-0.04214652019567128,-0.4522501279945479
8.978,1.3255490431506587,-0.33350620812632736,-0.042266694522269554,-0.4594347121429281
8.998000000000001,1.3316710910571248,-0.33671838461446646,-0.042399592492037785,-0.4676538657584065
9.014000000000001,1.3366795032224428,-0.33924940574319334,-0.042499585859319594,-0.4704358093030534
9.018,1.3379560861469277,-0.33987586774047385,-0.042522862149635826,-0.4702999227400828
9.038,1.3444521006157164,-0.3429603076339658,-0.0426236946768139,-0.4646986249780791
9.06,1.351630800377684,-0.34630881838948047,-0.042690420452915046,-0.4549122420957924
9.08,1.3581223140184715,-0.3494582469776614,-0.04270375611633884,-0.4507521077602962
9.100000000000001,1.3645860141076587,-0.352779498623119,-0.0426760466360451,-0.4546740050761525
9.120000000000001,1.3709696224239003,-0.3561376971913538,-0.042622252724117515,-0.46265402827836677
9.14,1.377359335215359,-0.35940388241409854,-0.04254962083620473,-0.4674559137478568
9.16,1.3838712429722262,-0.36255591020589273,-0.042477528153294836,-0.46489755116586995
9.18,1.3904343809538862,-0.36561611128830795,-0.042428624156065686,-0.4568486763156284
9.200000000000001,1.3969611640101764,-0.3687078318058852,-0.04241609897219603,-0.45041664249935265
9.22,1.4035077300103656,-0.37196794289340207,-0.04245022134221843,-0.45084056336943346
9.24,1.4100614671016356,-0.3753743439312076,-0.04253695027178822,-0.4580064605510674
9.24,1.4100614671016356,-0.3753743439312076,-0.04253695027178822,-0.4580064605510674
9.26,1.4166049294159102,-0.3787703968245007,-0.04267085938949511,-0.46542877477932165
9.280000000000001,1.4232701346786596,-0.38208272296230517,-0.04284061265501371,-0.46680556489764624
9.3,1.4300519963054739,-0.38528441180467005,-0.043031807779044945,-0.460523072550749
9.32,1.4367957632451909,-0.38844415800411825,-0.043226424913329925,-0.4525328512848932
9.34,1.4435009922318818,-0.39171694837144205,-0.0434072642148243,-0.4498445101875138
9.360000000000001,1.4501801940143992,-0.39515484499319936,-0.04356111312298902,-0.4552396276191649
9.38,1.456779536526801,-0.39860566170938627,-0.0436743692460084,-0.4637576741657028
9.4,1.4634004872777646,-0.40195442162652356,-0.043742721201836754,-0.46794358116378365
9.42,1.4701285146581202,-0.4051796526753776,-0.04376840669623694,-0.46437789183165823
9.440000000000001,1.4768283421303428,-0.4083037037775443,-0.043757089540399446,-0.4564737413048201
9.46,1.4834321230053278,-0.41146152268951436,-0.043721238060274364,-0.4514493811433128
9.464,1.4847471321148518,-0.412109688292713,-0.04371287373475652,-0.4512460570213874
9.48,1.48999699145791,-0.4147674517279731,-0.04368239380805006,-0.45346253678651527
9.498000000000001,1.4958513206699635,-0.4177957255963527,-0.04366037225936009,-0.4590463455458871
9.518,1.502315584145647,-0.42105590919004915,-0.0436578149491742,-0.46231594472856075
9.538,1.5087860876024564,-0.42411426567913346,-0.04368403180716507,-0.4570332273628648
9.558,1.5151901856410637,-0.4269107809902221,-0.04374638897014124,-0.44196800454260377
9.578000000000001,1.521415504257429,-0.42944233410050003,-0.04384596145333755,-0.4199995537516148
9.598,1.5274372955792175,-0.43178888368442986,-0.0439756276174961,-0.39624272140900685
9.618,1.5333713211717024,-0.4340451646613,-0.04412366474301879,-0.37357771191284733
9.638,1.5393606650682914,-0.43620332684604257,-0.04428094530124177,-0.3498001971882547
9.658000000000001,1.5453155674373888,-0.4381423257718332,-0.04443233962669743,-0.32206982476985574
9.678,1.5510703944426227,-0.43978543528504144,-0.044560232846415,-0.28989559858808883
9.686,1.5533077643324187,-0.44035974503667796,-0.04460148648356216,-0.2760201784726069
9.698,1.5565884820625906,-0.4411400547334914,-0.04465067840749695,-0.25462801028975063
9.72,1.5623740445674112,-0.44236080759151075,-0.04469759024017464,-0.21609245272589778
9.74,1.5674986790099836,-0.44334964388020703,-0.04469387483405948,-0.18548123167840114
9.76,1.5726986986718898,-0.44433704146300945,-0.04465578440012838,-0.16115632624198079
9.780000000000001,1.5781053259309055,-0.44533299044539665,-0.04459804345809343,-0.14208796938552815
9.8,1.5837566344306782,-0.4462933313945553,-0.0445457733680803,-0.12599283657756105
9.82,1.589618549129425,-0.4471905208251705,-0.04452739904770281,-0.11177523174192412
9.84,1.5956899427883227,-0.44805335777511074,-0.044562402623515546,-0.10055690724663134
9.860000000000001,1.602051836073812,-0.4489566704730562,-0.04466068867856984,-0.09508216983265029
9.88,1.608719610878429,-0.44995530211210155,-0.0448214763113913,-0.09735937056158993
9.9,1.6155492862682899,-0.45099607217512383,-0.04503383915784165,-0.10483001166940846
9.912,1.6196999986515328,-0.4515941790140039,-0.045178284057192514,-0.10912516371830759
9.92,1.6225081004295456,-0.45197020608818705,-0.04527865161807473,-0.1111116052350871
9.940000000000001,1.629717402608537,-0.45282489536150133,-0.04553062461294535,-0.1118507434056792
9.96,1.637086379024971,-0.45361301217693945,-0.045748804597392695,-0.10910122079339389
9.978,1.6438072331498386,-0.4543772732459148,-0.04587813795353529,-0.10891586621832823
9.998000000000001,1.6513468292965976,-0.45537071637532966,-0.045921928516285515,-0.11529345199764053
10.018,1.6587655916845143,-0.4564597304566422,-0.04586594348397255,-0.12678287304868197
10.038,1.6659763768189724,-0.45749386643658374,-0.04571341151089009,-0.13631975364857357
10.058,1.673078613030533,-0.4583839664598235,-0.04547503888031115,-0.13865483326726558
10.078000000000001,1.680097154228199,-0.45912955175390247,-0.04517803253831856,-0.1330051609055547
10.098,1.6869397901173357,-0.4598359644152962,-0.04484159205171617,-0.1251510488267794
10.118,1.6936606747203533,-0.46063672707716063,-0.04447680341521709,-0.12183825689919998
10.138,1.7003523332785335,-0.46157545859078064,-0.04410060569785579,-0.1254325318002113
10.138,1.7003523332785335,-0.46157545859078064,-0.04410060569785579,-0.1254325318002113
10.158000000000001,1.7069654959036957,-0.46254393384119874,-0.04372475906808995,-0.13146858469233685
10.178,1.713548552705955,-0.46341233324860487,-0.043362926325299145,-0.13342726624775653
10.198,1.7201841363481298,-0.4641418871171058,-0.043041848378804815,-0.12825622875667447
10.218,1.7268209585184346,-0.464814114268855,-0.04277921565615472,-0.11963864015898705
10.238000000000001,1.7334940982045774,-0.46556793855582707,-0.04257950973622665,-0.11436930152342141
10.258000000000001,1.7403251869163643,-0.4664767206492963,-0.04245104129700247,-0.11614911395653028
10.278,1.747269656319176,-0.4674809381700596,-0.042394952146941695,-0.12261754265000728
10.298,1.7543444323155661,-0.46844713985810127,-0.04239959515531355,-0.12738450768849569
10.318000000000001,1.7616475706166028,-0.46933449696971963,-0.042452929841108655,-0.1273712894468445
10.338000000000001,1.7690637557658,-0.470229664831345,-0.04254005407372086,-0.12660480068317215
10.358,1.7765013451586538,-0.47126045536693284,-0.04264259624440955,-0.13157983098589754
10.362,1.7779753925925201,-0.47148851778737905,-0.04266294910044505,-0.133631873304823
10.378,1.7837667851783798,-0.47247123694403614,-0.04274067007787763,-0.14550612200258117
10.398000000000001,1.7906959047942244,-0.47383533327524263,-0.042826173896346825,-0.16751107651484698
10.418000000000001,1.7972263241752542,-0.47528118751127535,-0.0428913214577655,-0.1933760049903212
10.438,1.8035056740276114,-0.4766995837246222,-0.042917930216972294,-0.21664943555038857
10.458,1.8098295271615985,-0.4780782804523731,-0.042897562190244876,-0.23359846419937758
10.478000000000002,1.816282284272133,-0.47946891878646003,-0.04283485432983425,-0.2450335861077887
10.498000000000001,1.8228205624809495,-0.48094685796949793,-0.04274274380667173,-0.25477488782735885
10.518,1.8294145961683295,-0.4825749089134618,-0.04263854161727745,-0.2659243961731392
10.538,1.8360040093311516,-0.4842895912783643,-0.042540495050720856,-0.27660576852809443
10.558,1.8426914345824439,-0.4860065925210305,-0.042468496267561245,-0.28211688106881416
10.578000000000001,1.8495566886136485,-0.48768210283490576,-0.042444111927507466,-0.27984149990353
10.586,1.852330061715168,-0.4883436673226732,-0.04245124169420489,-0.27729124935596244
10.598,1.8564989390298405,-0.4893516789772767,-0.042480551921430854,-0.2731861538342461
10.618,1.8635079771433187,-0.49114695273646414,-0.042578089472458225,-0.26904168125470446
10.638,1.8706586547574795,-0.49315412556652694,-0.04273139456704861,-0.27135078135475876
10.658000000000001,1.8778446203457575,-0.49526508955912524,-0.042924659472742654,-0.2774933086883246
10.678,1.885075832190206,-0.4973274313805328,-0.04313499677933155,-0.28075229117109785
10.698,1.892424290980379,-0.49927541059445046,-0.043339127271811856,-0.2767962810066735
10.718,1.899758090238422,-0.5011339109834113,-0.04351733696907459,-0.2683356709277288
10.738000000000001,1.9070266132094211,-0.503045925500472,-0.043645125387438116,-0.26286033467129494
10.758000000000001,1.9142959675893896,-0.5051201522118671,-0.04371365619154338,-0.2651173190493588
10.778,1.9214845196416162,-0.5072871585566086,-0.04373038059787529,-0.27325672932316375
10.798,1.9285731605969598,-0.5093856438709857,-0.04370239496629061,-0.27993825615733214
10.81,1.9328308711710949,-0.5105787053239955,-0.04366809800878452,-0.2808652984092861
10.818000000000001,1.9356836524270375,-0.5113446720747299,-0.04364113075701356,-0.2798960923188874
10.838000000000001,1.942801078391358,-0.5131781269466962,-0.043570004148822616,-0.2734148215710904
10.858,1.9498322249258815,-0.5150039138900195,-0.04350965421769315,-0.2669498299171756
10.878,1.9568526498012329,-0.5169649245992514,-0.04347463953415917,-0.266367646606292
10.898000000000001,1.9638964921412658,-0.5190662096589878,-0.04348122512634181,-0.272273101967167
10.918000000000001,1.9709405072890207,-0.5211560240958101,-0.04353294383275,-0.2782051803632092
10.938,1.9780546001030577,-0.5231204193500363,-0.04362248010967934,-0.2776976706956481
10.96,1.9858938806609383,-0.52505779609699,-0.04375761857326235,-0.2665229465117246
10.98,1.9928826624179488,-0.5266251631774637,-0.04390448047354664,-0.2493520152218755
11.0,1.9997232281343984,-0.5281167765093056,-0.0440583866411805,-0.23151459944197822
11.020000000000001,2.0065494031338083,-0.5296183324008746,-0.0442023546498147,-0.21630894965090913
11.036000000000001,2.0120619316340633,-0.5307938042893192,-0.044300599840752325,-0.2042669955897662
11.040000000000001,2.0134456041158106,-0.5310742367610569,-0.04432217378445616,-0.20091703429629726
11.06,2.020298806947011,-0.5323355448735153,-0.04441083409556634,-0.18082405407145397
11.08,2.026865461989028,-0.5333104493011239,-0.044467814922018206,-0.15459736621502052
11.100000000000001,2.033011119740731,-0.5339891017821088,-0.04449570084479809,-0.12308942646009428
11.120000000000001,2.038752792549271,-0.5344237682179155,-0.044496969304678086,-0.0890101983469649
11.14,2.0441977765459383,-0.5347093582327512,-0.044480920495392845,-0.05644950760475338
11.16,2.049564121512778,-0.5349392276346964,-0.044460785469913555,-0.028754754701953697
11.180000000000001,2.055028517063321,-0.5351415547754256,-0.04444972979385792,-0.00641338134853503
11.200000000000001,2.060694409579994,-0.5352779311456115,-0.04445863516833476,0.012467584849612037
11.22,2.0665755947425457,-0.5353111641480239,-0.04450140036569869,0.029741742740618998
11.24,2.0726358605977424,-0.5352480886288897,-0.044584605161169855,0.04506630242423221
11.260000000000002,2.0789211121641187,-0.5351533647233967,-0.04471034135873034,0.055968450614473336
11.260000000000002,2.0789211121641187,-0.5351533647233967,-0.04471034135873034,0.055968450614473336
11.280000000000001,2.0855247841836206,-0.5350946194123699,-0.04487444658746764,0.059314775175499095
11.3,2.0923723701478423,-0.5350825637215075,-0.04506535497685418,0.055046465348922616
11.32,2.0993277219593227,-0.5350425745421523,-0.04526985266822897,0.048082170346155854
11.34,2.106456871865465,-0.5348652911228766,-0.0454695825331414,0.04466456383933675
11.360000000000001,2.113816796416837,-0.5345291769039964,-0.045638512068548326,0.04689349045347197
11.38,2.121264977480139,-0.5341416746290474,-0.04574298890471268,0.05052727669220287
11.4,2.128773843713346,-0.5338459207963344,-0.045758706316342684,0.04926703530209739
11.42,2.1362490982298405,-0.5336912186203838,-0.045692817378772316,0.04104170276761468
11.440000000000001,2.14352862420313,-0.5335907161999949,-0.0455557771239872,0.030585736667129146
11.46,2.1506110543836927,-0.5334014474629669,-0.045350889593755606,0.025039328910573616
11.48,2.157574649517949,-0.5330541295808162,-0.04509191028419596,0.028197938085132948
11.484,2.1589520465214456,-0.5329676511787442,-0.0450357399165299,0.029815865501480368
11.5,2.164395860948394,-0.5326012629494331,-0.044800789102038524,0.03781600920899701
11.520000000000001,2.171062781291453,-0.5321904674353244,-0.04448717859858092,0.04638069152696907
11.540000000000001,2.1777050674122633,-0.5319174806762921,-0.04415604213186439,0.048299927409307296
11.56,2.1843910859229037,-0.5317704092250382,-0.043821061985343274,0.04314429898797437
11.58,2.1910429803283185,-0.5316251417104196,-0.04348647123756255,0.037053384491835345
11.600000000000001,2.197683166952673,-0.531353831497463,-0.0431591479328374,0.036449541426754925
11.620000000000001,2.2043503912347364,-0.5309339338618846,-0.042860677844547806,0.04314256391160186
11.638,2.210337445880945,-0.530516720862072,-0.04263120213709787,0.051564902871299306
11.658000000000001,2.2170344709275738,-0.5301294471274915,-0.042423214284367045,0.0573045965656005
11.678,2.2238995836971838,-0.5298727883686556,-0.042275271639451495,0.05568992138478688
11.698,2.230898359451632,-0.5296871634177207,-0.04219543885575694,0.04914924475965004
11.71,2.2351421425550746,-0.5295508990325326,-0.042177471520124105,0.045769085293285286
11.718,2.2380012339642916,-0.5294327380518173,-0.0421766248666649,0.04455720871546391
11.738000000000001,2.2452796208110786,-0.5290184018103627,-0.04221111299111541,0.04666587356836559
11.758000000000001,2.2526535105389236,-0.5284785315314682,-0.04229136121902646,0.05463734104822951
11.778,2.2600618202562712,-0.5279572026423035,-0.04240081383598382,0.061864027471313025
11.798,2.267587702545165,-0.5275618091835439,-0.042520526633241545,0.06261980521857474
11.818000000000001,2.2751728081434734,-0.5272966349624508,-0.04263776195107388,0.056382180172657025
11.838000000000001,2.2827109002006716,-0.527039520383782,-0.04273560131419574,0.049356603764057864
11.860000000000001,2.2910386912607037,-0.5266059138381415,-0.04280519314749523,0.048245452345904875
11.88,2.2986280900153386,-0.5260452263528288,-0.042832316975088436,0.055045669368879266
11.9,2.306126987291298,-0.5254643848367896,-0.042821606840965226,0.06329904792726346
11.92,2.313573923975264,-0.5250047177751447,-0.04277835046819006,0.06622949875774219
11.936,2.319532745437576,-0.5247503604980613,-0.04273379538803579,0.06283881329459776
11.940000000000001,2.3210211215747454,-0.5246984074933789,-0.042722808998774675,0.061364905863288785
11.96,2.328462114242362,-0.5244444622122462,-0.04267406385124409,0.05322711399208126
11.98,2.3359504747181075,-0.5240984564002398,-0.042641208404685965,0.048648952865252365
12.0,2.343586744078142,-0.5235955285329592,-0.04263879694568129,0.050929860993366
12.020000000000001,2.351422037898303,-0.5229883497059981,-0.042681615868732536,0.05798353819407279
12.040000000000001,2.359482953252249,-0.5224176751139045,-0.04276917172388944,0.06341555697549422
12.06,2.367749589795763,-0.5219709128690755,-0.04289569312677491,0.06307361986866214
12.08,2.376211913443622,-0.5216239866543327,-0.043057143613106724,0.05741309062096396
12.100000000000001,2.384901316970582,-0.5212591995015446,-0.043239770439967185,0.05142706473730389
12.120000000000001,2.393738819084105,-0.520777525861419,-0.04342298494564578,0.04985988724268703
12.14,2.4026559037904898,-0.5201768944214159,-0.04359354301498097,0.05351482662181859
12.16,2.411709317030812,-0.5195497979546637,-0.04374747103186674,0.05837935027136474
12.16,2.411709317030812,-0.5195497979546637,-0.04374747103186674,0.05837935027136474
12.180000000000001,2.42086246855056,-0.5190063173442204,-0.043878414901817514,0.060079879838539234
12.200000000000001,2.4300261407114996,-0.5185731855721444,-0.043988403447517976,0.05712494925078525
12.22,2.4392532730858743,-0.5181744445462665,-0.04409213985107788,0.0525038350345164
12.24,2.4485387224824073,-0.517709359014827,-0.044199668861846425,0.05021866842450947
12.260000000000002,2.457838011823556,-0.5171473298532723,-0.04432366713215366,0.05201774676901792
12.280000000000001,2.4672140345743516,-0.5165347600336188,-0.04447948253628525,0.05609983137097052
12.3,2.4766890569481586,-0.5159593553684221,-0.04467037633444265,0.058658421624451555
12.32,2.486207640551642,-0.51547519948849,-0.0448923419902163,0.05748150003507067
12.340000000000002,2.495776454709911,-0.5150504505711582,-0.04514055157877278,0.053393722596400614
12.360000000000001,2.5054177498785006,-0.5145977691365886,-0.04540431166813133,0.050023626414204055
12.38,2.5150747931390285,-0.5140602205685498,-0.045666841753739584,0.05008048880520242
12.384,2.5170033847311166,-0.5139426638507695,-0.04571787184211737,0.0505775825965474
12.4,2.524722204505389,-0.5134486526266662,-0.04591409161539334,0.05359637624084564
12.42,2.534388875859478,-0.5128449161995928,-0.046136450275752444,0.057044279867636064
12.440000000000001,2.544034809866507,-0.5123259540682803,-0.04632383097307835,0.05732366524574599
12.46,2.5536365514200847,-0.5118883946625779,-0.046473625063601004,0.05409611155538755
12.48,2.5632275773569555,-0.511458213164983,-0.0465894843767804,0.05044137785689355
12.5,2.5727675503611196,-0.5109590449539179,-0.04666921755341075,0.049461304686605874
12.520000000000001,2.58222694613888,-0.5103950984499183,-0.04671459062351235,0.05176208401171976
12.540000000000001,2.591648590409679,-0.5098249990447064,-0.04672724280938534,0.054621460845057285
12.56,2.6010113391383642,-0.5093224412262187,-0.04670324775719323,0.05520758507853819
12.58,2.6102893862689203,-0.5088945624432801,-0.046641614020405286,0.05271096493714292
12.600000000000001,2.619496282552513,-0.5084845143846579,-0.04654557676953097,0.04931352630856598
12.608,2.623156612613987,-0.5083101274237687,-0.04649794300338833,0.048429270469471423
12.620000000000001,2.628613106964791,-0.5080287880377611,-0.04641696266921347,0.04802577445113977
12.64,2.637620718645458,-0.5075095502863008,-0.04625989213290668,0.050007161336815556
12.66,2.646552256444651,-0.5069678368791743,-0.04608532326862402,0.053458681042529335
12.680000000000001,2.655427577322048,-0.5064813655181097,-0.04590840567035956,0.05511016539159096
12.700000000000001,2.6642607166433536,-0.5060680840863727,-0.04574736688621614,0.05349185483362732
12.72,2.6731211211235713,-0.5056821858391208,-0.0456208779101179,0.050328730405455324
12.74,2.682052316995577,-0.5052467673425132,-0.04554386087528034,0.048705642047237076
12.758000000000001,2.690160066054065,-0.5047920067784878,-0.045524123251179466,0.04990976602760995
12.778,2.699285304421622,-0.504241295116183,-0.04556197232093773,0.05320913992082312
12.798,2.7085563128502925,-0.5037129186734459,-0.04565926844731896,0.05547106050725372
12.818000000000001,2.7179409428631867,-0.5032508587534016,-0.045805327028602016,0.05460343550263155
12.834000000000001,2.7255215017544816,-0.502916087777735,-0.04594853425347406,0.05206712510662944
12.838000000000001,2.727427945857168,-0.5028323712394067,-0.04598677794149661,0.05140002259325596
12.858,2.7370112032473735,-0.5023806930948096,-0.04618485097529798,0.04908128221122738
12.878,2.7466333792660875,-0.5018511389035343,-0.04637900534866926,0.04986769332870574
12.898000000000001,2.7562693625612926,-0.501266167787344,-0.04654986457309765,0.053096184318780965
12.918000000000001,2.7659112993727875,-0.5007118011936571,-0.04668005525123753,0.05543279595745153
12.938,2.7755022777997143,-0.5002361044660327,-0.04675460840141005,0.05468399065949206
12.958,2.7850075740795734,-0.49981804000857877,-0.046765948330979135,0.051372981649891326
12.978000000000002,2.7944013573545394,-0.4993861338003378,-0.04671019616882166,0.048610254188636855
12.998000000000001,2.803630092716282,-0.4988932422578957,-0.046586053739590044,0.04878663932154717
13.018,2.81270207502114,-0.498356843451656,-0.04640514605360721,0.05162611206427448
13.038,2.8216560583006047,-0.4978386298617464,-0.04618276985935338,0.05413989779955777
13.058000000000002,2.8304920079276013,-0.49739421532916034,-0.04593475877775119,0.053942735627152245
13.058000000000002,2.8304920079276013,-0.49739421532916034,-0.04593475877775119,0.053942735627152245
13.078000000000001,2.839250723091404,-0.4970069930846074,-0.045685903415057544,0.051129753998752456
13.098,2.8479982077427435,-0.49661023211368416,-0.04546164869504113,0.048441395914929825
13.118,2.856756445049056,-0.49615212840451717,-0.04528415079605755,0.04829401035777081
13.138000000000002,2.8655740379562893,-0.4956398746727609,-0.04517086970645959,0.05084136360283418
13.158000000000001,2.8745203410411984,-0.49512218263653784,-0.045131321581710404,0.05358567576583345
13.178,2.8836130031855722,-0.49465589747430044,-0.04516496082102467,0.05402466014736236
13.198,2.892855073176281,-0.49424316758161774,-0.045266737464943974,0.051524886170477374
13.218,2.902263766454244,-0.49383404299292455,-0.045427346875600294,0.04830725173621434
13.238000000000001,2.9117936862755167,-0.49335850252629854,-0.045627576586683455,0.04730930211166453
13.258000000000001,2.9213884790277347,-0.49281298100058446,-0.045844890922385306,0.04958175179763648
13.278,2.931033835322828,-0.49224036197817783,-0.046060382918149484,0.0530432239526736
13.282,2.932968414680814,-0.4921303586240116,-0.04610129035938487,0.05356606208909185
13.298,2.94070873111082,-0.49172161158351685,-0.046251714784693615,0.05442832984969297
13.318000000000001,2.950361567131182,-0.4912827632355827,-0.046400174581004955,0.052418353162172894
13.338000000000001,2.9599763827032306,-0.4908709723665117,-0.04649428792441215,0.04899616072471915
13.358,2.9695151810565923,-0.4904089579599379,-0.04652570103778614,0.04749315654459704
13.378,2.9789391618164087,-0.4898816832765378,-0.04649289278223781,0.049216382996080416
13.398000000000001,2.9882534498418285,-0.48933262172536585,-0.04640101251438819,0.052417265012618036
13.418000000000001,2.9974438823083607,-0.4888347764077142,-0.046257300269211654,0.05401262506374165
13.438,3.006500318082477,-0.4884139964619021,-0.04607306312195347,0.0525012224833033
13.458,3.0154610881018695,-0.48803363999248234,-0.0458645822358503,0.04910385962591121
13.478000000000002,3.0243405352031503,-0.48762068564588323,-0.045650562039367154,0.04697097343903655
13.498000000000001,3.0331516158360583,-0.4871418607328411,-0.0454529210492399,0.04797644773752032
13.506,3.0366692761940235,-0.4869364874189325,-0.04538380383052404,0.04915182577350929
13.518,3.0419584454927446,-0.4866241851680524,-0.045295256799170514,0.051097813830177696
13.538,3.0508310397302196,-0.48613596697820993,-0.04519266767236138,0.053216713627371626
13.558000000000002,3.059788492370287,-0.48571179811553017,-0.045155451431260124,0.05238595233460616
13.578000000000001,3.068878188343858,-0.48532432331306535,-0.045190108829263276,0.04934174408504286
13.598,3.0781320228772864,-0.4849038922906152,-0.045294806992257214,0.04708053905382618
13.618,3.0875207603449986,-0.48440736062806866,-0.045459261790777916,0.04773431116652433
13.638000000000002,3.0970277468668392,-0.48385574541771187,-0.04566693547513331,0.0507845125734085
13.658000000000001,3.106647716895163,-0.4833232252708236,-0.04589903883461402,0.05317869108364433
13.678,3.1163281087012296,-0.4828543075917503,-0.04613063974643375,0.05262305400739984
13.698,3.1260353712143574,-0.4824351663382458,-0.046338690145539485,0.04965423562347254
13.718,3.1357541472866375,-0.48199599751364935,-0.04650265853749683,0.04740744677453619
13.734,3.143496573619746,-0.4815918699285633,-0.046590358673316096,0.047717030254696945
13.738000000000001,3.1454239699905413,-0.4814839385399706,-0.04660550682058032,0.048124197502065195
13.758000000000001,3.154999295510285,-0.48092252042590017,-0.04663991457283789,0.051382020343609294
13.778,3.1644603242944918,-0.4803862410177319,-0.04660296591698171,0.054137045625944534
13.798,3.1737554658294487,-0.4799333253237942,-0.04649545681585987,0.05392419122341802
13.818000000000001,3.1828824557851445,-0.47954323380824043,-0.046328236665168554,0.050872636073145246
13.838000000000001,3.1918815306434873,-0.4791423941407504,-0.04611673952163722,0.0480784092981128
13.858,3.2007473054033535,-0.47868008135837403,-0.045878839542241284,0.048058462493896247
13.878,3.2095134553506344,-0.47816224418266584,-0.045637981304989944,0.050990552878104056
13.898000000000001,3.2182572937991036,-0.47764796886444305,-0.04541922678899407,0.05412124135118009
13.918000000000001,3.227005423568629,-0.47719682252300283,-0.045244709183991094,0.05470130643380777
13.938,3.235804185083842,-0.47680547282390695,-0.045133152456366565,0.05215113838820355
13.958,3.2447248853701143,-0.47641591693174234,-0.04509612490834872,0.04895113166110047
13.958,3.2447248853701143,-0.47641591693174234,-0.04509612490834872,0.04895113166110047
13.978000000000002,3.2537789342957875,-0.47595944693490466,-0.045132620767026094,0.048007335752519815
13.998000000000001,3.26297256703929,-0.475427660909541,-0.045239548946315544,0.050252215573522246
14.018,3.27233133028795,-0.474871426078051,-0.04540807134774155,0.053463599848206866
14.040000000000001,3.282782739977113,-0.47431892064679537,-0.04564085928085118,0.05446993393689566
14.06,3.2923560952255593,-0.47389306995674485,-0.045872995293388036,0.05186497189167267
14.08,3.301980888163363,-0.4734852738453511,-0.04610164533445549,0.04819801389411566
14.100000000000001,3.311627725872874,-0.4730136630456241,-0.04630104069785154,0.04684116974249553
14.120000000000001,3.3212432403514804,-0.4724784804625754,-0.04645224709586426,0.04843254911123169
14.14,3.3307949573554763,-0.47196781848859387,-0.04654113964652565,0.04964011167510972
14.16,3.34014355022019,-0.4715714247924151,-0.04655484869267429,0.04689524274867106
14.180000000000001,3.349170879821388,-0.47131497155582874,-0.046490171150856685,0.038916540220616636
14.184000000000001,3.350937499803864,-0.4712796345000546,-0.04646795398729209,0.036767555932892396
14.200000000000001,3.357899785207502,-0.4711751940540318,-0.04634899896994035,0.027070635609483668
14.22,3.3664771254167025,-0.47107745655921635,-0.04614229299790243,0.015088251702035205
14.24,3.375052007351572,-0.47096776904762483,-0.045896011962826416,0.005891070235378146
14.260000000000002,3.383653118501502,-0.4708852369636519,-0.04563741546471012,-0.0015357403414767573
14.280000000000001,3.3921865175705244,-0.47090964312619155,-0.04538498346559558,-0.010139401151736172
14.3,3.4005393501532106,-0.4710731409503787,-0.045155596383540914,-0.02165254549972158
14.32,3.408763635733445,-0.47136627470718634,-0.04496316040787779,-0.03538112590785909
14.340000000000002,3.4170367231061696,-0.47173184516060723,-0.044819753264591256,-0.048483009988121425
14.360000000000001,3.4254946183184933,-0.47213259616242487,-0.04473690257549148,-0.05874466780533798
14.38,3.4341587672279084,-0.4725939018477396,-0.044724133556102524,-0.06699066503875391
14.4,3.4429560989924846,-0.47317244164144656,-0.04478399183374665,-0.07596936661717944
14.408000000000001,3.4464813755629176,-0.4734433824344533,-0.04482661306584887,-0.08023591733875397
14.420000000000002,3.451757723681352,-0.47389424849146855,-0.044908144479369805,-0.08747267910363347
14.440000000000001,3.460537338875988,-0.4747532160906865,-0.04508348935574427,-0.10111015928458265
14.46,3.469398634748921,-0.4756859433282624,-0.045291441623420636,-0.11369895883792673
14.48,3.47839571918485,-0.4766226942965603,-0.04550741003915296,-0.12214820380068643
14.500000000000002,3.487473213011697,-0.4775274307421908,-0.045707289255130734,-0.12521122839859694
14.520000000000001,3.4966124553721323,-0.4784210287924206,-0.04587523946227173,-0.12396449914132919
14.540000000000001,3.5058253789854414,-0.4793756132162804,-0.045998790519977656,-0.12205359156100153
14.558000000000002,3.5141708519711403,-0.4803318488280552,-0.04606539135275345,-0.12209864394508281
14.578000000000001,3.5234719190928723,-0.48147770273244783,-0.046095291789810144,-0.12409836692469002
14.598,3.5327604878340986,-0.4826208253044122,-0.04608907807350171,-0.12532157580342462
14.618,3.541972190897611,-0.48368744755014653,-0.04606148146612732,-0.12337412874390015
14.63,3.5474618958060393,-0.48428780444623604,-0.046043077645859104,-0.12059353113883058
14.638000000000002,3.551114543711032,-0.484680892831781,-0.04603303431119593,-0.11841905101112211
14.658000000000001,3.5602481947514235,-0.4856799201884219,-0.046023535728030834,-0.11367098863625073
14.678,3.5693978633025254,-0.4867481759393161,-0.04604601763758212,-0.11185042115419612
14.700000000000001,3.5795112094875043,-0.4879953639618231,-0.04611891570806795,-0.11340196501065565
14.72,3.58879109014524,-0.48912876776040254,-0.04623141968956443,-0.11514640023579222
14.74,3.5981537296464428,-0.490233724565396,-0.04638141539411819,-0.11464427760372058
14.760000000000002,3.6074637824518114,-0.491552479666214,-0.046557854627262585,-0.11224333535651983
14.780000000000001,3.6162538492567253,-0.4932643448392123,-0.046739278850305266,-0.11015528290516598
14.8,3.6241574274912027,-0.4953983010711054,-0.046902514301544546,-0.11002563649189169
14.82,3.6312844827906194,-0.4978919558140714,-0.04704054375650371,-0.11197137402612896
14.838000000000001,3.637228910982106,-0.500381716709795,-0.047137171988146154,-0.1147125936222287
14.858,3.643469943690776,-0.5033709501636299,-0.047204413862685535,-0.11785198684144878
14.858,3.643469943690776,-0.5033709501636299,-0.047204413862685535,-0.11785198684144878
14.878,3.649452987157,-0.5065422816518191,-0.04722460160831285,-0.1204299554182932
14.898000000000001,3.655266705955267,-0.5098462984626825,-0.04719925175185086,-0.12228803283151117
14.918000000000001,3.6609836197523675,-0.5132317429834117,-0.04713390344353563,-0.12362736899112538
14.938,3.666661859857718,-0.5166532865769571,-0.047037615073514005,-0.1247805187610317
14.96,3.6729026038017665,-0.5204246175512923,-0.04690101270906055,-0.1261159809482817
14.98,3.678590455250922,-0.5238445807603804,-0.04675619605755757,-0.12745262009336394
15.000000000000002,3.684295622871159,-0.5272532113638629,-0.046599231097767424,-0.12882524476213325
15.020000000000001,3.690014931690072,-0.5306537014353729,-0.04643431549426316,-0.13013966973744928
15.040000000000001,3.695739401336977,-0.5340523987267461,-0.04626192435423776,-0.13133767649174294
15.06,3.701464062363603,-0.5374538531948305,-0.046081177925769046,-0.1324008148838679
15.08,3.707185138064246,-0.5408619387551062,-0.04589083595649762,-0.13334996420822437
15.08,3.707185138064246,-0.5408619387551062,-0.04589083595649762,-0.13334996420822437
15.100000000000001,3.7129011428433714,-0.5442760646143934,-0.045688881125839964,-0.13421745424677434
15.122000000000002,3.7191821718401274,-0.5480387375917354,-0.0454526952665579,-0.1351052134010346
15.138000000000002,3.7237455736836726,-0.5507793977614132,-0.0452732367038951,-0.1357168414200997
15.158000000000001,3.729445181960854,-0.5542098099951496,-0.04504314025601455,-0.13644993246173748
15.178,3.73514029103748,-0.5576457965806152,-0.04481350799539757,-0.1371484627989305
15.198,3.7408314821431556,-0.5610852468116403,-0.044596331718325055,-0.1377994964493603
15.218000000000002,3.7465189825916174,-0.5645284422862741,-0.04440802450077053,-0.138406366819391
15.238000000000001,3.7522023424676134,-0.5679740187861185,-0.04426139310283053,-0.13897386625374242
15.258000000000001,3.75788082552972,-0.5714246564527828,-0.044164805784091904,-0.1395156746174584
15.278,3.7635454638213375,-0.5748876253322608,-0.04411936562329874,-0.14004763110068974
15.298000000000002,3.7691879475496632,-0.5783682931336949,-0.044120547887047,-0.14057102201208194
15.306000000000001,3.7714379526746886,-0.5797663521100473,-0.04413252325345629,-0.1407794161837525
15.318000000000001,3.7748050101429675,-0.5818698089125707,-0.044160657986616614,-0.14109381607065963
15.338000000000001,3.780396987337139,-0.5853931460030406,-0.044230239142201866,-0.14161724227919448
15.358,3.78596661940543,-0.5889372491505007,-0.044320039894546304,-0.14213695352551142
15.378,3.7915187044700542,-0.5924991082325404,-0.044422273250665084,-0.14264282035113945
15.4,3.797613109156498,-0.596430343049082,-0.04454107851826786,-0.14314462967462366
15.420000000000002,3.8031737976701936,-0.5999892977045206,-0.044650030436464316,-0.1434793886404655
15.440000000000001,3.808868741960502,-0.6034414915637851,-0.044758848318113637,-0.14348595368531775
15.46,3.8148423996477865,-0.6066582523709643,-0.044868116852746304,-0.14286666143411525
15.48,3.8212824753935637,-0.6094772245294604,-0.04498106002800817,-0.14145495289578214
15.500000000000002,3.828260928847764,-0.6118711082783235,-0.04509058077214842,-0.13974572604371155
15.520000000000001,3.8357444732334924,-0.6139145380011148,-0.045193785720701596,-0.13814057512617556
15.532000000000002,3.840448466837475,-0.6150115470824,-0.045257146807914095,-0.13728709995220423
15.540000000000001,3.843663465037464,-0.6157010315858436,-0.04530099079588018,-0.1367401194897922
15.56,3.8519329551701067,-0.6173082655723306,-0.04541763331259327,-0.13517257773540337
15.580000000000002,3.8604348478878334,-0.6187674560787624,-0.045544735425659455,-0.13256377526154417
15.604000000000001,3.870720882071008,-0.620299716387295,-0.04571166815994576,-0.12614503873111427
15.620000000000001,3.8774786333546913,-0.6211617904037632,-0.04583385331653486,-0.11859796787880074
15.64,3.885745269296003,-0.6220501357886163,-0.04599810059990006,-0.10513319646181428
15.66,3.893856336543178,-0.6227495333632664,-0.04618218806180305,-0.08782899475905497
15.680000000000001,3.9018529649316798,-0.6232744210909036,-0.04639874361618551,-0.06746111894296251
15.700000000000001,3.909712984067423,-0.6236181075418372,-0.046654316233023546,-0.04433973522407132
15.72,3.917346889224399,-0.6237587567164781,-0.0469592002493851,-0.0183643552361846
15.74,3.9246717149396964,-0.6236684959788038,-0.047316245281964014,0.010543277285603059
15.756,3.930290514167174,-0.6234371595677124,-0.04762303050598507,0.03551770219689876
15.760000000000002,3.931663110715784,-0.6233590543025398,-0.04769969718442263,0.04196039467404296
15.780000000000001,3.938382129083644,-0.6228510494502628,-0.04805877925558197,0.07483996952645429
15.8,3.945012679358202,-0.6221579863415294,-0.04833116815083929,0.10763752737236634
15.82,3.951774433360274,-0.6212943946746119,-0.04845706368071584,0.138491477006642
15.840000000000002,3.9588834499572934,-0.6202689844828986,-0.04839907646340261,0.1655741646064807
15.860000000000001,3.966483892639537,-0.6190668659127483,-0.04814109950360343,0.18778699437895752
15.88,3.974463541771942,-0.6176882540830537,-0.047702366694708065,0.20534438568535485
15.9,3.9826147813176247,-0.6161446165512368,-0.047137892435843154,0.21915418831598726
15.920000000000002,3.990851427353683,-0.6144520851063264,-0.04653565571458529,0.22979673511155596
15.940000000000001,3.9991839417577535,-0.6126346739566528,-0.04598109965980893,0.23758341681349726
15.96,4.0076043280847085,-0.6107340456918555,-0.04553985291675261,0.24253296513432893
15.98,4.016121220805003,-0.608775247865449,-0.04525558963963461,0.24453341700148645
15.98,4.016121220805003,-0.608775247865449,-0.04525558963963461,0.24453341700148645
16.0,4.024813082559135,-0.6067601534054277,-0.045147633793260894,0.2438659825663519
16.02,4.033813111392481,-0.60465670914214,-0.04521516609909937,0.24140917298340747
16.040000000000003,4.043219535860975,-0.60244138371939,-0.04544160021885077,0.23832226424473318
16.060000000000002,4.052993275193995,-0.6001225907444041,-0.045795090647665376,0.23544694193924026
16.080000000000002,4.06301576621627,-0.5977387464080172,-0.04622993415769955,0.2331600088145001
16.1,4.073159722661593,-0.5953422728490017,-0.04669191022809316,0.23107562606802073
16.12,4.083316164260048,-0.592979641952935,-0.04712356733842757,0.2284049821350711
16.14,4.093425931927439,-0.5906558855617077,-0.0474761702691944,0.2251561940536842
16.16,4.103434565280441,-0.588349093536128,-0.04770939749376127,0.22324940901501084
16.18,4.113208560324245,-0.5860399941774037,-0.047806050612131,0.22441643697413255
16.2,4.12261546812466,-0.5837755677661735,-0.04776818359516713,0.22805001952028067
16.204,4.12444533150703,-0.5833340549213486,-0.04774608487798612,0.22884899572762135
16.220000000000002,4.131599615491504,-0.5816290169874092,-0.04761654722435521,0.23129356390871136
16.240000000000002,4.1401795319127235,-0.5796600114067338,-0.047378112316389054,0.23143098066588608
16.26,4.148355044261238,-0.5778381957248033,-0.04707847622846725,0.228887400080535
16.28,4.156188637523987,-0.5760539520882748,-0.0467430005713817,0.227581126876841
16.3,4.163761469038887,-0.5742318367014736,-0.0463948982740264,0.23046040590948008
16.32,4.171119149276453,-0.5724063630893896,-0.046050651240812535,0.2357311917517419
16.34,4.178375368327728,-0.5706539267159145,-0.04571916106055135,0.23844599166190922
16.36,4.185630042181136,-0.569000163855037,-0.04540860348379466,0.23606045408180754
16.380000000000003,4.192843991594736,-0.5673938671931276,-0.04511770936725648,0.23110435922914646
16.400000000000002,4.200031149364628,-0.5657156398405683,-0.0448440171523769,0.2291870694176531
16.42,4.207226916443533,-0.5639184879932746,-0.04458445005293468,0.23272631406494793
16.428,4.210099869881565,-0.5631815611460629,-0.04448325453097016,0.23513631823813158
16.44,4.214402518868532,-0.5620831004928405,-0.04433265078706056,0.23867012593941556
16.46,4.22160402423665,-0.5603168061810561,-0.04408434988372539,0.2412902692721029
16.48,4.228881204968506,-0.5586540348216982,-0.04384666658159489,0.23792658350669788
16.5,4.236171158722364,-0.5570358028975835,-0.04362387362200601,0.23167795767101484
16.52,4.243454839938514,-0.5553358905317969,-0.04342068744517394,0.22871378276094068
16.540000000000003,4.250765547550792,-0.5534969020680747,-0.04325241816332759,0.23193507303181288
16.560000000000002,4.2580812303323965,-0.55158916164687,-0.04312474871640354,0.23891868113767117
16.580000000000002,4.265432275960475,-0.5497344360592953,-0.043034905903777176,0.24347740159598713
16.6,4.27291207509917,-0.5479885866579937,-0.04298596583540237,0.24164011868970808
16.618000000000002,4.279710441798506,-0.5464939861034102,-0.042979017075982534,0.23549982380331924
16.638,4.287249207645495,-0.5448069713976114,-0.04300460147546989,0.22949322259888183
16.654,4.293285970749005,-0.5433551565322778,-0.04304384384277529,0.22906643513177383
16.658,4.294793847033082,-0.5429744061077181,-0.04305593744545752,0.22977587477411335
16.678,4.302269491408825,-0.540992148740858,-0.043126661484172685,0.23759340510359767
16.698,4.309591192738366,-0.5389926997159811,-0.0432043564652638,0.24819538631190335
16.718,4.316744825294434,-0.5371043711656662,-0.043270661915810193,0.25561476205937933
16.738,4.323658244447724,-0.535365574412376,-0.043310750789152475,0.25823811185005485
16.758000000000003,4.330211206064549,-0.5337424366112686,-0.04332580869112093,0.2588570780707235
16.778000000000002,4.3362415896141115,-0.5321927628611562,-0.04332975192551913,0.2620959706790281
16.798000000000002,4.341629372950284,-0.530724000741988,-0.043335958821058534,0.26981442476040507
16.818,4.346407729743597,-0.5293622930006505,-0.04334355033966933,0.2808564880316784
16.838,4.350568388713834,-0.5281395503218624,-0.043330870738926885,0.2937898496746149
16.858,4.354141377526065,-0.5270604983452837,-0.04329075310294375,0.30793915330530014
16.878,4.357160706097783,-0.5261264381113118,-0.04322997192412145,0.3234476413482256
16.878,4.357160706097783,-0.5261264381113118,-0.04322997192412145,0.3234476413482256
16.898,4.359674371105845,-0.5253322947701128,-0.04313812359509708,0.34119596592988566
16.918000000000003,4.361728357713721,-0.52466428373647,-0.04299433002310221,0.3625301687002815
16.938000000000002,4.363369806814958,-0.524107754044394,-0.04280451520474601,0.38842568481493417
16.958000000000002,4.36466024893137,-0.5236449115853704,-0.04259118683898974,0.4184716857589177
16.978,4.365664288892219,-0.5232602441505735,-0.042371727585399754,0.4514796636024494
16.998,4.3664323063921495,-0.5229316080166757,-0.04215693300132578,0.4868944441440202
17.018,4.3670091473817,-0.5226411669913226,-0.04196555390714063,0.5254324627412792
17.038,4.367435790544618,-0.5223696463854516,-0.041810436305315585,0.5677663371240679
17.058,4.367744336226079,-0.5221150043835112,-0.04169207000621597,0.6129755917141969
17.078,4.367956009034893,-0.5218805898810293,-0.04160824799545973,0.6588765614444431
17.098000000000003,4.368079617971481,-0.5216703564985271,-0.04156731706718081,0.704138312499378
17.102,4.368095479615768,-0.5216313165478675,-0.04156532354799253,0.71308689127135
17.118000000000002,4.368137289766253,-0.5214858659002561,-0.04158063747884799,0.7487040936042231
17.138,4.368153401253173,-0.5213189692582454,-0.04166844933108296,0.7932059237159896
17.158,4.368145773920529,-0.5211655941137525,-0.041862047017360016,0.8379217923205494
17.178,4.368119856090548,-0.5210073032088044,-0.042174417328076,0.882412154164379
17.198,4.3681108404295195,-0.5207808173122568,-0.042599185360110065,0.9261865448158716
17.218,4.368214237016275,-0.5202903174712208,-0.043120124162217416,0.9693550703900091
17.238,4.368586878276162,-0.5192082282526996,-0.043717764730760056,1.0126797972843786
17.258000000000003,4.369238546878103,-0.5174155320298841,-0.04437529913831453,1.056225802182214
17.278000000000002,4.370086340999065,-0.5149917583281132,-0.04507787804900906,1.0995146697685498
17.298000000000002,4.371024572743458,-0.5120810455806372,-0.04582463434413778,1.1421590886848823
17.318,4.371985405919029,-0.5087956164333111,-0.046626867678332795,1.1840205474652283
17.330000000000002,4.372544432930372,-0.5066759960213463,-0.04713632856535399,1.2087800993410542
17.338,4.372902084913489,-0.5052120920015938,-0.0474874974904978,1.225168028159614
17.358,4.373727343865062,-0.5014225218149269,-0.048404257424989716,1.2658573934951043
17.378,4.3744190193043275,-0.4975292696317886,-0.04937328378445607,1.306267699525645
17.398,4.374962955442299,-0.49357646833389485,-0.05038906963909262,1.3463928268968677
17.418000000000003,4.375351344588387,-0.4895931326594019,-0.05144457371744432,1.3861655186566741
17.438000000000002,4.3755838613026246,-0.48559865515752865,-0.05253547427584668,1.4256027169029954
17.458000000000002,4.375655748953485,-0.48160234530931856,-0.05366070288648181,1.464664999789
17.478,4.375571336711721,-0.4776006287965052,-0.05482023236356609,1.5032996509771122
17.498,4.375340150445199,-0.4735859713390884,-0.05603662226277045,1.541360225163962
17.518,4.3749712146114375,-0.46950770863832014,-0.05734576273158948,1.5781042259474722
17.538,4.3744761624142985,-0.46524489373231775,-0.05875544484518197,1.6124090056643483
17.554000000000002,4.37399710533175,-0.4616089853329351,-0.0599415461957723,1.6376454747010405
17.558,4.3738653818679305,-0.4606620867259299,-0.06024295538194277,1.6436322301269892
17.578,4.373127664032144,-0.4556552219630006,-0.06175311207132553,1.671674189536689
17.598000000000003,4.372260050396816,-0.4500808001588907,-0.0632495491556394,1.6961896012538507
17.618000000000002,4.371272616133916,-0.4437948281871713,-0.06461810434071652,1.7164680217364838
17.638,4.370194488701233,-0.43673150844810965,-0.06567012419956933,1.7322700471704107
17.658,4.3690154119763704,-0.4288791168757831,-0.06628876032872069,1.7439544933999833
17.678,4.367694902479581,-0.4202389773427362,-0.06645369234723333,1.7520880774323973
17.698,4.366280519913173,-0.411252170679775,-0.06624603343136837,1.7573285847946951
17.718,4.364855064917924,-0.40240341786213135,-0.06582376598033504,1.759231092394878
17.738,4.3634752659056275,-0.39384000138455444,-0.06536376332566043,1.7573264255554577
17.758000000000003,4.362138158651362,-0.38542754428518533,-0.06502970127194127,1.751975073002493
17.778000000000002,4.36077679083514,-0.37684232893002645,-0.06495862430485433,1.7448895841680239
17.778000000000002,4.36077679083514,-0.37684232893002645,-0.06495862430485433,1.7448895841680239
17.798000000000002,4.359307882294241,-0.3677795124961843,-0.06524077334943357,1.7383660407476755
17.818,4.357746712418529,-0.3584076825688964,-0.06588714773745627,1.7343647471247605
17.838,4.356160714258146,-0.3492602959187196,-0.06677135165180481,1.7340947369312474
17.858,4.354570875191261,-0.34050594701709885,-0.06774395842773517,1.7378665230523587
17.878,4.352956659816981,-0.33206825382853716,-0.06871463638078953,1.7454719256818991
17.898,4.351292916046628,-0.3238338205921845,-0.0696365678862107,1.7565876552576647
17.918000000000003,4.3495470707253325,-0.31574020577858763,-0.070479551979439,1.7711517932326628
17.938000000000002,4.347685057731357,-0.3077631655083244,-0.07122725078036457,1.7891181328606518
17.958000000000002,4.345694298600103,-0.299882791874868,-0.07188571843619795,1.810042973934586
17.978,4.343569563059147,-0.2920829945715342,-0.07247552181199204,1.833061693565768
17.998,4.341304999940748,-0.2843345573787389,-0.07302331686004437,1.857109191486501
18.002000000000002,4.340833374514135,-0.28278792593696983,-0.07313068069971862,1.8619632337962073
18.018,4.338885097527085,-0.27660597821943356,-0.07356135022299218,1.8813438458140548
18.038,4.3363031920150386,-0.26889750094214926,-0.07411978302359978,1.9053573467494562
18.058,4.333563033308238,-0.26124411112133505,-0.07472467860373849,1.9291191751584293
18.078,4.330671645870941,-0.25368772382695753,-0.07538906258992803,1.9525254902703957
18.098000000000003,4.327619950909709,-0.24622328956822515,-0.07611168008850089,1.9754582470420636
18.118000000000002,4.3244043631748506,-0.23875217590758252,-0.0768672350230698,1.9968894721749617
18.138,4.321006577829023,-0.23113948405812557,-0.07759410712923695,2.0150482436318584
18.158,4.3174371988291425,-0.22330111889830323,-0.0782049514090418,2.028765054336221
18.178,4.313680349751094,-0.2151809284488551,-0.0786255608141144,2.037789790364597
18.198,4.309748984040764,-0.20680037656284472,-0.0788095184556917,2.0426035006929606
18.218,4.305740339475087,-0.1983428055131205,-0.07875481227629255,2.0439676824135025
18.226000000000003,4.304141982692579,-0.1949879406395667,-0.07867439982546254,2.043677665827554
18.238,4.301765776107931,-0.1900112286454051,-0.07850696352984732,2.0424669040291423
18.258000000000003,4.297861983282164,-0.18186255179326472,-0.07814322871960466,2.038806989066122
18.278000000000002,4.293996665103408,-0.17384029328785205,-0.07773737140866796,2.0338892738276564
18.298000000000002,4.2901300734267895,-0.1658449897105716,-0.07736937987134004,2.028661229661965
18.318,4.286228325645974,-0.1577785405645502,-0.07710486665537294,2.023664059109046
18.338,4.282272622654965,-0.14956291721976422,-0.07698593299548948,2.018842935301182
18.358,4.278242613736882,-0.14111797114682478,-0.07702567780144681,2.013825468783573
18.378,4.274122035366469,-0.1323990202948564,-0.07720765257971662,2.008917209390677
18.398,4.269897927581944,-0.12344828024750759,-0.07750017082227745,2.005502234026548
18.418000000000003,4.265606269982648,-0.11441677731891281,-0.07785705993823941,2.0048204736143376
18.438000000000002,4.261271279440875,-0.10539624401194758,-0.07822739456139466,2.0071089719396413
18.450000000000003,4.258659291554556,-0.09997211744543466,-0.07843906701156206,2.0093270752398955
18.458000000000002,4.2569149753559135,-0.09634010708824792,-0.07857120366762582,2.01083053451482
18.478,4.252559963297045,-0.08721102948543569,-0.07885470237314038,2.013649933086518
18.498,4.248231165110179,-0.07804874476976265,-0.0790424970844088,2.014430741710285
18.518,4.2439362785216925,-0.06891947798700965,-0.07911481882324053,2.014088421196066
18.538,4.23968191196453,-0.059936199706902615,-0.07906778526264185,2.0146544831532163
18.558,4.235487584749495,-0.051192787090059644,-0.07890829217585674,2.017021018544049
18.578,4.231362460669881,-0.04266996608909046,-0.07865766347643383,2.0203060575807763
18.598000000000003,4.2273193403328255,-0.034304983672586165,-0.07835220668551099,2.0227202257981745
18.618000000000002,4.223360661676761,-0.026060043788669773,-0.07802716822892625,2.023300691814183
18.638,4.219448053763428,-0.017883264072369898,-0.07771600588241254,2.022579588745059
18.658,4.215523408649952,-0.009732202553115799,-0.0774433356026652,2.0221492265477488
18.678,4.211557291648038,-0.0015928833941626364,-0.07722456540728315,2.0230991854197935
18.678,4.211557291648038,-0.0015928833941626364,-0.07722456540728315,2.0230991854197935
18.698,4.207535753418095,0.0065845265325644164,-0.07706936479417936,2.0251700486011925
18.718,4.20346652279522,0.014872179910657202,-0.07698722942221742,2.026894578760376
18.738,4.199364490787803,0.02329101387640653,-0.07697967769183922,2.027082386631075
18.758000000000003,4.195218820411143,0.03186241306262094,-0.07704641394329287,2.0258616218069516
18.778000000000002,4.190981277684897,0.040599356881061976,-0.07718212403987673,2.0246921624747425
18.798000000000002,4.186642045416243,0.049467894292827,-0.07737675262196017,2.0248552145120597
18.818,4.18221600484513,0.05844170853482816,-0.07761406136722473,2.0263245360772846
18.838,4.177741304213411,0.0675197128675663,-0.0778734512696792,2.0276241071559307
18.858,4.173271866428866,0.07666552343810273,-0.07813159009940157,2.027444860022528
18.878,4.168824378956924,0.08584367531223774,-0.0783625746564241,2.0257739582540837
18.898,4.164374136820521,0.09501953426174908,-0.07854009321512306,2.0241023432990066
18.902,4.163484434239506,0.09684899239409361,-0.07856693932210895,2.0239261152108368
18.918000000000003,4.159928713210169,0.10412693241399268,-0.07863997089690503,2.0239464692559332
18.938000000000002,4.155508182927279,0.11310363953638469,-0.07864815905426326,2.025321823828079
18.958000000000002,4.151159603817368,0.12192864716122714,-0.07856315894050411,2.0267741599304494
18.98,4.146516145887582,0.13143091539861163,-0.0783681846111137,2.0266865909722287
19.0,4.142425564278562,0.1398853942098437,-0.07812025783248505,2.024888079917409
19.02,4.13839824901508,0.1482074372854515,-0.07783721170411015,2.02290074646201
19.040000000000003,4.134397529470664,0.15644929859912227,-0.0775496193878682,2.021748981345701
19.060000000000002,4.130446229096558,0.16463420623258035,-0.07728332274343128,2.020156990319675
19.080000000000002,4.126656477991014,0.17268129136246835,-0.07705268800172074,2.015740504561972
19.1,4.123134537258577,0.18047227855917808,-0.0768630751057365,2.006537844522922
19.12,4.119892354616964,0.188005437307706,-0.07672271585186458,1.992400112371264
19.124000000000002,4.119273130349208,0.1894888134443134,-0.07670095488942111,1.9890715170673876
19.14,4.11686246382112,0.19539184230983245,-0.07663884175673205,1.9745907929437674
19.16,4.113924417696586,0.20283822884858668,-0.07662651715055208,1.9552483142340102
19.178,4.1112470938471475,0.20980148709985053,-0.07669072532345164,1.9387222273794238
19.198,4.108159032358244,0.2179566635561741,-0.0768556333669898,1.9229000242325094
19.218,4.10497404608143,0.22649597936558316,-0.07711015201683458,1.9099651576385765
19.238,4.101760728680479,0.23530374270226573,-0.07742243294649978,1.899394626517186
19.258000000000003,4.09855765274358,0.24428667194755221,-0.07774461369544386,1.8908625629392612
19.278000000000002,4.095382203070162,0.25339697187680976,-0.07802688212069067,1.88426468815295
19.298000000000002,4.092238034118868,0.26260226907563156,-0.07822653537778551,1.8796299477839018
19.318,4.089141688617933,0.2718417876378595,-0.07831532317698467,1.8767754903603266
19.338,4.086106801211541,0.28103169438436304,-0.07828352117410992,1.8753940548134511
19.35,4.084323632061746,0.2864893150609618,-0.07820979259541536,1.8750672440741076
19.358,4.083152056175098,0.29009908462518297,-0.07814147144018133,1.8749791103655709
19.378,4.08027940903967,0.29902668312643266,-0.0779197673415356,1.8748958560749795
19.398,4.077472316275009,0.30783125193059185,-0.07765786169469985,1.8747480648673178
19.418000000000003,4.074699801243221,0.3165597282129555,-0.0773995496585489,1.874978434150781
19.438000000000002,4.071927582797208,0.3252667278167878,-0.07718103131323398,1.8761720521875547
19.46,4.068857594668489,0.3348958752316843,-0.07702160783523695,1.8780753406069441
19.48,4.066046582263441,0.34376439347995674,-0.07696887331065494,1.8788824753418365
19.5,4.063257310401465,0.3527288948313096,-0.0770002209654432,1.8774438541773624
19.52,4.0605408143611,0.36173035177055995,-0.07710345734001264,1.8728195441393265
19.540000000000003,4.057940377626426,0.3706840149355222,-0.07725943321082307,1.8644232008467825
19.560000000000002,4.05549126879916,0.3795263591935183,-0.07745106669454008,1.8521087129807379
19.576,4.053657523739783,0.38649000791521704,-0.07761736636538089,1.8396631023512486
19.580000000000002,4.053218630702059,0.3882136147655414,-0.07765963058939188,1.8362218881019514
19.6,4.051143212662284,0.39672090141585264,-0.07786933816001557,1.8172942827889629
19.62,4.0492580722907645,0.40507942533383906,-0.07806684982200243,1.7962441361113703
19.64,4.0475055036778045,0.41342567977888833,-0.07823193581825538,1.7749247191250792
19.66,4.045791719409332,0.42195582855778613,-0.07834057970501479,1.7561309679927453
19.68,4.044084535175485,0.4307131686925397,-0.07836826351153572,1.7408904808358667
19.700000000000003,4.042474989550896,0.43956313676103653,-0.07829812838303526,1.7275214639914236
19.720000000000002,4.041056318011021,0.4482689153852259,-0.07812075454857595,1.7138430806738918
19.740000000000002,4.0398624886049,0.45665722957578714,-0.07784269946895259,1.698651760482961
19.76,4.03887554928787,0.46475571244792047,-0.07748722968058303,1.6822502340720804
19.78,4.038033951752521,0.472763613971276,-0.07708824426871713,1.6661049105966348
19.8,4.037284564025211,0.4808606773056339,-0.07669388307734892,1.6515618567244839
19.8,4.037284564025211,0.4808606773056339,-0.07669388307734892,1.6515618567244839
19.82,4.036625957708618,0.4890895654599588,-0.07635857237296592,1.638395879995817
19.842000000000002,4.036040704342149,0.4982469885320768,-0.07611265533271633,1.6242566129240894
19.858,4.035719599418009,0.5049464840237365,-0.07603317540929322,1.6134148126918164
19.878,4.035444249582683,0.5133777998509068,-0.07605321405075965,1.5987568597579598
19.898,4.035305051687313,0.5219049017062505,-0.07619646808613306,1.582866682611861
19.918000000000003,4.035310315080051,0.5304890139747077,-0.0764398778366728,1.5656348759639591
19.938000000000002,4.035473488668513,0.5390072830156587,-0.0767482456288929,1.5466214760119288
19.958000000000002,4.03580877051472,0.547374664748208,-0.07708220059903406,1.5256247203335056
19.98,4.036364590944006,0.556432458207747,-0.07743661925146705,1.5009803695358468
20.0,4.037030631822494,0.5647028168007167,-0.07771516980048365,1.478982881717297
20.02,4.037808792343179,0.5732144394646281,-0.0779247275497568,1.4601028947871963
20.024,4.037972894033075,0.5749491423479276,-0.07795579439121222,1.4568865658009515
20.040000000000003,4.038653075440093,0.5819793477220521,-0.07803827948540465,1.4461191963794768
20.060000000000002,4.0395725816702654,0.5909309087891366,-0.07804655225157123,1.4370708521510294
20.080000000000002,4.040576569363854,0.5999868118352347,-0.0779569255934685,1.431560430883516
20.1,4.041651545587015,0.6090592423948475,-0.07778517776820387,1.4284217871108251
20.12,4.042765032889661,0.6180939097173617,-0.07755946979769868,1.4277596429298849
20.14,4.043866305116451,0.6270520740537453,-0.07731023825793565,1.429875671265926
20.158,4.0448402145322815,0.6350578784866261,-0.07709093439801976,1.4337600598271012
20.178,4.045937246947919,0.6439657531511829,-0.07688121525679653,1.438739108847982
20.198,4.047076082381979,0.6529648034911152,-0.07673501404183028,1.4427329868515444
20.218,4.048244654357172,0.6621011939802239,-0.0766726566855932,1.445292597915433
20.238,4.049419288447634,0.671408858485463,-0.07670578586805879,1.4478534956260811
20.25,4.050111795711915,0.6770733277328409,-0.07677095349275989,1.4499561273775972
20.258000000000003,4.050564246841832,0.6808823870196143,-0.07683198175392214,1.451648618366567
20.278000000000002,4.05168225475001,0.6905209180801599,-0.07704005832547048,1.4563166536829975
20.298000000000002,4.052819712206314,0.7002877606458225,-0.07730997722152408,1.4596109519081608
20.318,4.054006280232526,0.7100717539890846,-0.07761174729151252,1.4596063689090524
20.338,4.055248883808284,0.7198258149871248,-0.07791691755742522,1.45624936845314
20.358,4.056490389921262,0.7296178536821227,-0.07819860671548837,1.4520753592411302
20.378,4.057681968865534,0.7394441969856655,-0.07842699289207919,1.4499773512331298
20.398,4.058810209381846,0.74926134873971,-0.07857527275623316,1.4507743491987262
20.418000000000003,4.059926679030946,0.7590259692592465,-0.07862026745782993,1.4523811962230084
20.438000000000002,4.061074043607558,0.7686241693177774,-0.07855135489509393,1.4521892541372712
20.458000000000002,4.062263265002392,0.7779821921157923,-0.0783774609221656,1.4493570512338128
20.474,4.0632165829941105,0.7853159104181426,-0.0781802935875226,1.446207671599988
20.478,4.0634506301568205,0.7871319636091603,-0.07812473681627499,1.4454968130454784
20.498,4.064582531068197,0.796112772302366,-0.07782112854483655,1.4431824203502235
20.518,4.065649522118979,0.80495735952345,-0.07750008751473209,1.443591008658425
20.538,4.066692602951821,0.8137499414455209,-0.0771927411602194,1.445578549013153
20.558,4.067767344481203,0.8225341383240188,-0.0769236951764993,1.4467278620613333
20.578000000000003,4.068900014082995,0.8313216049568464,-0.07670963741464928,1.445565041971843
20.598000000000003,4.070077499747894,0.8401857630794611,-0.07656668870356659,1.4428228215480998
20.618000000000002,4.071256246051789,0.8491923497225109,-0.07650377202550501,1.4407817626331987
20.638,4.072410037122441,0.858348220056294,-0.07652144958239554,1.4410215532394461
20.658,4.073545624294055,0.8676763645930958,-0.07661639186245545,1.4432502737826602
20.678,4.074722577972485,0.8771963116851629,-0.07678078102147881,1.4452254770148438
20.698,4.075963589300694,0.8868609941133563,-0.0769992128630069,1.445088455549247
20.698,4.075963589300694,0.8868609941133563,-0.0769992128630069,1.445088455549247
20.718,4.077268152757878,0.8966296319725306,-0.0772518184098481,1.4428436126831021
20.738,4.078577096869925,0.9065013663115877,-0.07751857788879984,1.4407489861136336
20.758000000000003,4.079849822535624,0.9164243715947595,-0.07777284553599734,1.4407864224618872
20.778000000000002,4.081066881208181,0.9263570610236395,-0.07798904923403527,1.4430607065645342
20.798000000000002,4.082293334844843,0.9362882148329752,-0.07814472310962373,1.4453504224354403
20.818,4.08355426525249,0.9461450729363685,-0.07821923742965586,1.445616798438079
20.838,4.0848453750026685,0.9558569309017972,-0.0782011752657775,1.4436381986433329
20.858,4.086107023175514,0.9654081044773721,-0.07809399133689218,1.4414403090233885
20.878,4.087307495290551,0.9747609531641501,-0.07790610349546553,1.4411197861858251
20.898,4.088432064272658,0.9839165316911221,-0.07765819707785207,1.443155188315827
20.918000000000003,4.089536272210841,0.9929357487717771,-0.07738228025013902,1.44565541420765
20.922,4.089758808883634,0.9947264127146428,-0.0773264389558411,1.4459983217243446
20.938000000000002,4.090662359370035,1.0018511235767988,-0.0771079703494624,1.4464379060368748
20.958000000000002,4.091831298641007,1.0107016699560727,-0.07686094417693207,1.4448282169427393
20.978,4.093010333210479,1.019583040670789,-0.0766644738308353,1.44243089134902
20.998,4.094168197470193,1.0285390039511604,-0.07653711202578362,1.4414542249797746
21.018,4.095284890672953,1.037594514310957,-0.07648878264250569,1.44285343963278
21.038,4.0964069383646615,1.046815054251217,-0.07652354202184192,1.445364160375803
21.058,4.097578360260576,1.0562153239300878,-0.07663780265006523,1.4467154153713282
21.078000000000003,4.098820473978787,1.065769704740529,-0.07682086091531262,1.4457113206769865
21.098000000000003,4.100108352198852,1.0754753243950863,-0.07705730488155496,1.4432900590947118
21.118000000000002,4.101386069398629,1.0853044785960857,-0.07732427450229373,1.4418300714845997
21.138,4.102618253991231,1.0951951164639828,-0.07759769153956098,1.4428530167463984
21.150000000000002,4.103334312591385,1.1011432786824176,-0.07775462972133809,1.4444797517368817
21.158,4.103813095288241,1.1051179715624038,-0.07785340446643499,1.4456619258507244
21.178,4.105032595236112,1.1150632658353903,-0.07806656118988367,1.4477023031278502
21.198,4.1063020470520435,1.1249592057662778,-0.07820976014732142,1.4472336389930291
21.218,4.107596316786355,1.1347596077792157,-0.07826586642101283,1.444853470062485
21.238000000000003,4.108851297368971,1.1444308950584359,-0.07822701502040791,1.4431181491662406
21.258000000000003,4.110011501060183,1.153868819620063,-0.07809448709709269,1.4441502419367431
21.278000000000002,4.111037070243765,1.1629771444872614,-0.07787837551096716,1.4489881620729321
21.298000000000002,4.111935708824623,1.1717526215855762,-0.07760036300011447,1.4574879023060252
21.318,4.112731440932506,1.1803011129688799,-0.07728986769489538,1.4685290624097087
21.338,4.1134272289380736,1.1887213268409615,-0.07697735876752465,1.4811160425960226
21.360000000000003,4.114058283964347,1.1978464987917092,-0.07666564713620716,1.4968664651803418
21.372,4.114329004784514,1.2027269951999662,-0.07651960840191177,1.5066223460959955
21.380000000000003,4.114474947768357,1.205931453456808,-0.07643399880287985,1.5136725563406157
21.400000000000002,4.114709313489331,1.2137522079750231,-0.07626431599964953,1.5333722496354276
21.42,4.1147564543442785,1.2212790093268293,-0.0761611483285202,1.5560435746004648
21.44,4.114611782553012,1.2285349247568076,-0.07612897442150895,1.581230183379998
21.46,4.114292637623352,1.2356227048256991,-0.07617270206072044,1.6080298654431584
21.48,4.113799074535826,1.2426925382405822,-0.07629343086724796,1.6354254766850913
21.5,4.113134616734639,1.249866689221325,-0.07648495263550525,1.6627095412754411
21.52,4.112292538989845,1.2571725216878327,-0.07672659165621948,1.6895722631535472
21.538,4.1113828487577315,1.2638352463349696,-0.07695842033530004,1.7134398926438512
21.558,4.110198947833181,1.271276274041084,-0.07719749383638658,1.7397298154761125
21.578000000000003,4.1088376908207795,1.2787096127418942,-0.07738831691617173,1.7658704304675281
21.598000000000003,4.1072992621594135,1.2861000121891353,-0.07751009882371337,1.7917945106345996
21.598000000000003,4.1072992621594135,1.2861000121891353,-0.07751009882371337,1.7917945106345996
21.618000000000002,4.105595501145398,1.2934201334079276,-0.07755166475503134,1.8173155896339253
21.638,4.103719776350407,1.3006572725724068,-0.07751363099170294,1.8423339513292558
21.658,4.101666511731145,1.3078036479478123,-0.07740607951957257,1.8668799989925635
21.678,4.099444494747784,1.314847709580721,-0.0772478076417463,1.891040479185751
21.698,4.097060748424617,1.321784817801841,-0.07706292732070011,1.9149591933406716
21.720000000000002,4.0942590927485565,1.329293057135796,-0.07686138014536417,1.9410583018601701
21.740000000000002,4.091533896067878,1.3360342046867193,-0.07670965168114058,1.9646218485252025
21.76,4.088628179248348,1.3427423855856908,-0.07661372541884676,1.988079156138628
21.78,4.085533966990522,1.3494444349613741,-0.07659137782923958,2.0113772372828898
21.8,4.082246263067088,1.356156767820527,-0.07665152958160579,2.034631491694302
21.82,4.078775106925343,1.3628520090435563,-0.07678970565560028,2.0579663226221854
21.824,4.07806328393956,1.3641808559083641,-0.07682539696781632,2.0626449039346277
21.84,4.0751641958117295,1.3694525234341182,-0.07699001601639355,2.0813701800713806
21.860000000000003,4.071448181039727,1.3759157946122968,-0.07723003217425736,2.104665483855563
21.880000000000003,4.067770668267231,1.3820286683122478,-0.07747213706056894,2.127271126068056
21.900000000000002,4.064485633284829,1.3873159001507418,-0.07766743751998442,2.1487104136976662
21.924000000000003,4.0611598611575594,1.3924765785588618,-0.07781492767108916,2.174679377063033
21.94,4.059282945954362,1.3952949372387162,-0.07788484866004966,2.1930883920860884
21.96,4.057286865874665,1.3981956063412173,-0.07793562916186578,2.218377400805453
21.98,4.055662463860889,1.4004585031862882,-0.07789328150963862,2.246499781654988
22.0,4.054406192190165,1.4021423159655289,-0.0777499075568368,2.277103664898643
22.020000000000003,4.05347601920061,1.403339951840377,-0.07752045422999923,2.3099556542388697
22.040000000000003,4.0527941854190095,1.404155651313849,-0.07722589414055567,2.345506188166365
22.048000000000002,4.05257603182289,1.4043964884703957,-0.07709653463943084,2.360548693106655
22.060000000000002,4.0522958314804916,1.4046811642625934,-0.07689552981483144,2.3838670701740026
22.080000000000002,4.051932868051884,1.4049899805223962,-0.07655190261194086,2.4240400795285346
22.1,4.051662607757566,1.4051476360240964,-0.07620387842663293,2.4647483314428036
22.12,4.051477970590608,1.405199185112079,-0.07583541124301946,2.505268363713917
22.14,4.05136360380242,1.4051815998024908,-0.07542379905859939,2.5455112368311146
22.16,4.0512990539013,1.4051184249566957,-0.07495324757227878,2.585781890763646
22.18,4.051259402872935,1.4050315302181275,-0.07442066393751659,2.6262591205628505
22.200000000000003,4.051216064461882,1.4049251968595964,-0.07383921889877318,2.6668120054433166
22.220000000000002,4.051164781565316,1.4048019451883393,-0.07323210049385587,2.70715727827676
22.240000000000002,4.0511020960942385,1.404663210254267,-0.0726270704691479,2.747266012152513
22.26,4.051045819801147,1.4045157196892726,-0.07205140800942261,2.7873310485143503
22.272000000000002,4.051015574881291,1.4044275136917155,-0.07172944584038832,2.811445736269026
22.28,4.050997359694659,1.4043679696572318,-0.07152722347433463,2.827563272567752
22.3,4.050956972869931,1.4042156814705815,-0.07106958248598017,2.8679936111995104
22.32,4.050916893912018,1.4040621148968897,-0.07068144431850731,2.9085522108929167
22.34,4.0508795374169955,1.4039072655719267,-0.0703650872765918,2.9491353416943253
22.360000000000003,4.0508421217118356,1.4037537978484758,-0.070119026181271,2.9896818938158347
22.380000000000003,4.050795931259141,1.403601405166386,-0.06992778387149859,3.030218720689172
22.400000000000002,4.050650468749497,1.4034434791520878,-0.06977821443987847,3.0707607191500728
22.42,4.0502599808128075,1.4032616938852334,-0.069661982461763,3.111404852353437
22.44,4.049541298428047,1.4030293114343806,-0.06957331792359703,3.152142170967597
22.46,4.048410477300053,1.4027081262883008,-0.06950423230537375,3.193038739546985
22.48,4.046798639151551,1.4022707255634348,-0.06943057773263267,3.233864754594765
22.496000000000002,4.045195252701335,1.401830329379672,-0.06935063473060196,3.265790755287568
22.5,4.044756580385901,1.4017067376442167,-0.06932752273356538,3.273561806477377
22.520000000000003,4.042392804946861,1.4010034001843243,-0.06919983140917657,3.3111393270392018
22.540000000000003,4.039752977680987,1.400185374275887,-0.06906419407050557,3.3460041502251716
22.560000000000002,4.036738164830257,1.399245084853633,-0.0689400337526408,3.3773436583804752
22.580000000000002,4.033104042401992,1.3981443949610184,-0.06885290901066118,3.4042627174335904
22.6,4.028493436501708,1.3967887827281207,-0.06884049487723329,3.426312886683471
22.62,4.0226107520464245,1.3950815287409148,-0.06895038203872961,3.443193958514512
22.638,4.016262507513278,1.393214783532302,-0.06918265540386698,3.4544412359819594
22.658,4.008320268029305,1.390808926954908,-0.06958585993739994,3.463637039394033
22.678,3.9997782161177047,1.388137699592681,-0.07011625989721756,3.47009343735474
22.698,3.990931929954238,1.3853235236979144,-0.07072421816725857,3.473665774867528
22.718,3.9820038815248746,1.3824835582747415,-0.07135204293962122,3.4735552351164376
22.722,3.9802211535690395,1.3819207182304964,-0.07147565315240834,3.4730180378230653
22.738000000000003,3.9731146083725783,1.3797009226816068,-0.07195389072331046,3.4690419143783986
22.758000000000003,3.964241206762601,1.3769776727222018,-0.07250237978580054,3.4606807617190194
22.778000000000002,3.955230134133772,1.3742225254552243,-0.07298695562504229,3.4510761067076845
22.798000000000002,3.9460317614416702,1.371368912664531,-0.07340824553783512,3.443309593654748
22.818,3.9367176429805486,1.368424750318293,-0.07377901084635968,3.4391997158289476
22.838,3.927324541804458,1.3654168394552813,-0.07412581787593792,3.4383843096142943
22.858,3.9178138479433295,1.3623996020224003,-0.0744792338960861,3.4384707648603223
22.878,3.9082262191651846,1.3594226575673787,-0.07486194477699065,3.4372340370526446
22.898,3.8985917947244086,1.35650403846487,-0.07528418631801387,3.4341612605183878
22.918000000000003,3.8889237741571416,1.353598801683638,-0.07573912121575568,3.430837232269538
22.938000000000002,3.879277233260082,1.3506841789696704,-0.07619811210773036,3.429358821729368
22.946,3.8754325838535455,1.3495100055989435,-0.07637541339388532,3.429525397544638
22.958000000000002,3.8696681892075473,1.347741667087055,-0.07662794959979208,3.430434722156527
22.978,3.860029377003094,1.3447941019111276,-0.07699800674153981,3.432405267353989
23.0,3.849369873281326,1.3415766205628659,-0.07730802037529444,3.433148186562951
23.020000000000003,3.8397114217153803,1.3386700175148658,-0.07749243903483694,3.4335497622287874
23.040000000000003,3.8303025328851388,1.335760233824263,-0.07759136998759938,3.43690134009173
23.060000000000002,3.8213916016476137,1.3328592852674301,-0.07762793962038123,3.445617872427735
23.080000000000002,3.813023493524077,1.3299725506509594,-0.07765270697563423,3.459857194364893
23.1,3.805085073190947,1.327065082348296,-0.07774751304703448,3.4786086973124957
23.12,3.7974511988786235,1.3240892662976256,-0.07801629678772551,3.5009649618063157
23.14,3.7901195628366873,1.3210302873638962,-0.07853021915888886,3.526367791522428
23.16,3.7832082317393567,1.3179224585731624,-0.0792952511200671,3.5541547966232803
23.172,3.7793187578232468,1.3160576933828783,-0.07987658441461662,3.571608634598239
23.18,3.7768399667486823,1.3148205382441114,-0.08031145448761001,3.5834239217622654
23.200000000000003,3.7709967543234,1.3117541512892559,-0.08151759997948849,3.612967852491431
23.220000000000002,3.765473259947559,1.3086718755133677,-0.0827916745090504,3.6413504951447906
23.240000000000002,3.759987444604597,1.30547204545678,-0.08404687097792077,3.667238189203105
23.26,3.7542582314603146,1.302073940021967,-0.08516355827432301,3.6886924682490703
23.28,3.7480699187013395,1.2983889202669407,-0.0859161590516759,3.7049231320867735
23.3,3.7412953880873934,1.2943290510603342,-0.08613544898464653,3.7170226199808325
23.32,3.7341694384877124,1.2899789541934226,-0.08580013535035397,3.726304423305648
23.34,3.727125862693154,1.2856122070767688,-0.085071553029716,3.732003551874986
23.360000000000003,3.7203061706965235,1.2813560129092019,-0.08415698982716971,3.7332856191929773
23.380000000000003,3.7136397267844115,1.2771924524231077,-0.08324491723084082,3.7305949561751115
23.396,3.7083135953724673,1.2738472258717233,-0.08259253430889679,3.726903602015764
23.400000000000002,3.7069743576780683,1.272999054489471,-0.08244703174141027,3.725946413727991
23.42,3.700184439880556,1.268656321650693,-0.08188762925500709,3.7217688801213282
23.44,3.693119508271972,1.2640841277263186,-0.0816850933406853,3.719076519972141
23.46,3.685602911544314,1.259209562357353,-0.08187504581777053,3.7169702621603324
23.48,3.6776986956802675,1.2541012882270288,-0.08241450635335498,3.7148596442906747
23.5,3.6698016896904804,1.2489891983847206,-0.08317184797732968,3.713606667700344
23.520000000000003,3.6620893554953278,1.2439557740848795,-0.08399276003983044,3.7146770178026203
23.540000000000003,3.65450663313536,1.2389513899578404,-0.08474752360729057,3.7181427848618718
23.560000000000002,3.646850161172353,1.2338988763973973,-0.0853289031868941,3.7218788522805086
23.580000000000002,3.638940909650753,1.228741080635737,-0.08565954371425588,3.7233728996100734
23.6,3.6308802215445546,1.2235225955546318,-0.08572621496258129,3.7230877841630496
23.62,3.623014372448729,1.2183672154961056,-0.08557843578775243,3.7244651236007558
23.62,3.623014372448729,1.2183672154961056,-0.08557843578775243,3.7244651236007558
23.64,3.615609983962738,1.213378555405342,-0.08528391429553295,3.7302975873718873
23.66,3.6086992138058993,1.208559227143183,-0.08490596756832391,3.741046431475797
23.68,3.602150547251207,1.2038396821360302,-0.08450138590102274,3.755513511403237
23.700000000000003,3.5958226932528623,1.1991316865809463,-0.08412257066545056,3.7723850730673005
23.720000000000002,3.58966467069005,1.194382162297277,-0.08384823254746368,3.7911466446240167
23.742,3.5830671797455094,1.1890649714135941,-0.08373647129718645,3.8140840003654892
23.758000000000003,3.5783710740921473,1.1851160856436083,-0.08379409188374523,3.8323221517218053
23.778000000000002,3.5726160579138386,1.180070249637014,-0.08402095812335716,3.8567583239421817
23.798000000000002,3.5669208935698538,1.1748633338903423,-0.08438434114837118,3.8819819806041056
23.818,3.561146792063606,1.1694431494908977,-0.08482516191299083,3.905236665018707
23.838,3.555179767267081,1.1637871665492012,-0.08526164557963908,3.9234604718053183
23.846,3.5527343172062977,1.1614603175589102,-0.08541604999445962,3.9291077073271223
23.858,3.5490079054305577,1.1578995875261686,-0.08561290218120635,3.936099008666057
23.878,3.5426864438107,1.151761448202468,-0.08582527142231408,3.945420800331621
23.898000000000003,3.5363208752682316,1.1454034684703658,-0.08587753982617272,3.9536090850397914
23.92,3.529358988620879,1.1383135982080015,-0.08575993622594694,3.9604002901595887
23.94,3.523134700440638,1.1319627392070015,-0.08553170351889391,3.9623888885714935
23.96,3.5170347932696253,1.1257858988235605,-0.08524725536513597,3.9596582779514247
23.98,3.510992129159998,1.119676430051597,-0.08497544867804188,3.954174910059802
24.0,3.504940761076562,1.113481330183942,-0.08477515496443522,3.9493367013833236
24.020000000000003,3.498827233575653,1.1071166708782005,-0.08469033673184204,3.9469465506655723
24.040000000000003,3.4925534652961177,1.1005458999398146,-0.08474380703792919,3.9460305533445625
24.062,3.4854028026659667,1.09313223667247,-0.08495448158749883,3.9436984507431623
24.07,3.4827447630197903,1.0904114522085018,-0.08506463463632863,3.942065578956916
24.078000000000003,3.4800619721134654,1.0876863511765276,-0.08518974925510642,3.939974333529898
24.098000000000003,3.473286336556327,1.080860380100344,-0.08554729992021079,3.9336248048931832
24.118000000000002,3.4665078478720677,1.074007057294582,-0.0859257124329364,3.9288305325607507
24.138,3.459854380714724,1.0671595292539218,-0.0862682427194427,3.9287866827124165
24.158,3.4533234073545076,1.06032686444815,-0.08653295110310014,3.9336193657342005
24.178,3.4467890602572715,1.0534946815190696,-0.08669251552232354,3.9392492851317176
24.198,3.440224484086723,1.0467619432021031,-0.08673920286353176,3.941782775318083
24.218,3.4336893149457297,1.0401879085309416,-0.08667979831814249,3.9403613777834066
24.238000000000003,3.4272281222516088,1.0337045787999768,-0.08653403757642503,3.9380637814130806
24.26,3.4203099466858897,1.0266349212497776,-0.08631069217563689,3.9383689219548463
24.28,3.4141966493890106,1.0202519245082347,-0.08609445131083282,3.9423323218669757
24.296000000000003,3.4093422038836816,1.015144603635457,-0.08594202015054708,3.9464097477126434
24.3,3.408125740169685,1.013869937323193,-0.08590899793195772,3.9472795681227506
24.32,3.4020250600429507,1.007548802208214,-0.085779930692154,3.949386666205619
24.34,3.3959133770941157,1.0013701570808937,-0.08571869799426604,3.94612309707765
24.360000000000003,3.3897816421446296,0.9953357444765044,-0.08572353152352169,3.9373103933015505
24.380000000000003,3.3835827311986395,0.9893782521477216,-0.08578748371755357,3.924377278103913
24.400000000000002,3.3772546820176332,0.9834207764761107,-0.08590085932920394,3.909054162390834
24.42,3.370805643067401,0.977485482440722,-0.08605089459429696,3.891979710337073
24.44,3.364327862746958,0.9717152015588418,-0.08621969731404494,3.8727206027394847
24.46,3.357959961705432,0.9662770541146031,-0.08638421138523869,3.85051790768826
24.48,3.351837183711315,0.9613249833855052,-0.08652331636524216,3.824776188131518
24.5,3.3460224625286035,0.9569288909147353,-0.08661937311219839,3.7954296150294953
24.520000000000003,3.340532204596035,0.953071689010339,-0.08665837009635033,3.7631386377230838
24.520000000000003,3.340532204596035,0.953071689010339,-0.08665837009635033,3.7631386377230838
24.540000000000003,3.3353112230134636,0.9496731801776088,-0.08663237837476165,3.729049395221459
24.560000000000002,3.33024070284462,0.946624575962036,-0.08654631770090751,3.694421781619149
24.580000000000002,3.325192170272211,0.9438195657252427,-0.08641978200281525,3.6600143116892547
24.6,3.3200999040526993,0.9412173995150404,-0.08627655670221565,3.6260574136331427
24.62,3.3149559303279417,0.9388063308561811,-0.08614351021923619,3.592434023273428
24.64,3.3097427788388547,0.9365702683832409,-0.086042567278762,3.55904607530888
24.66,3.3043993868252524,0.9344759594301058,-0.08598948096980977,3.5262277360939205
24.680000000000003,3.2987944858781684,0.9324548817995575,-0.08599581553129798,3.4948883993286652
24.700000000000003,3.292768441000227,0.9304205117095997,-0.08606757652719957,3.466357592156084
24.720000000000002,3.2861466595637507,0.9282512443721236,-0.0862040354530755,3.442865216638631
24.740000000000002,3.278884570152081,0.9259046751061357,-0.08638640386336865,3.425594770786644
24.744,3.277364648034536,0.9254191587653617,-0.08642610548395971,3.422820635052424
24.76,3.271105685846891,0.923450634067535,-0.08658778143385479,3.413413204528219
24.78,3.262951449344171,0.9209820032208034,-0.0867833296210701,3.404186298029724
24.8,3.2545294225771624,0.9185320108441997,-0.08695241985776933,3.3971922406290824
24.82,3.245940741364319,0.9160654509397093,-0.08707982107579063,3.3938062713291597
24.84,3.2373220618878715,0.913571062114592,-0.08715920847899866,3.3954522140825723
24.858,3.229591781095726,0.9113018071436488,-0.08719233548302693,3.4007800845263447
24.878,3.2209587430482247,0.908781459030744,-0.08720000042731707,3.4078231725764754
24.898000000000003,3.2122264397655407,0.906312330634863,-0.08719425914689596,3.412732673282555
24.918000000000003,3.2033901956096082,0.9038884626234394,-0.08719558995548926,3.414715275542324
24.938000000000002,3.1944591443145645,0.9014360580749579,-0.08722355960941,3.4159932833820292
24.958000000000002,3.185450980266067,0.8988978538270983,-0.08728610895803501,3.418571719555216
24.970000000000002,3.1800112551570923,0.897341737717976,-0.0873386799935224,3.4204558068765487
24.978,3.176365903074693,0.8963015864173919,-0.08737880176491389,3.421492232505036
24.998,3.1672145555897204,0.8937249075567848,-0.08748965223074714,3.4222037047628073
25.018,3.1580450897750296,0.8912103569280647,-0.08760156764887062,3.4195094707241744
25.038,3.1488826940060606,0.8887274575088819,-0.08769691470862706,3.4149229809664208
25.058,3.1397427918428495,0.886214708447102,-0.0877569457186552,3.4116626470394884
25.078000000000003,3.130679944811569,0.8836480854505523,-0.08776109997967399,3.411549931484948
25.098000000000003,3.121720452869132,0.8810718973077485,-0.08769774751127982,3.4133762334751743
25.118000000000002,3.112875020646023,0.8785777005937287,-0.08755901401540234,3.413931430811859
25.138,3.1041859482685807,0.8762147235614008,-0.08734414918977398,3.4114099988454414
25.158,3.0956505121655242,0.873948358531319,-0.08706842236032197,3.4069613566514767
25.178,3.0872499050689677,0.8716940170783749,-0.08675417464668456,3.4038538567313155
25.194000000000003,3.080628603039056,0.8698657124717855,-0.08649114310845954,3.403801596803849
25.198,3.0789840367301253,0.8694047213017021,-0.08642563913851722,3.404152796755095
25.218,3.0707867302561596,0.8670879994131042,-0.08611395302483926,3.407106406773996
25.238000000000003,3.0625670660814315,0.8648005119416885,-0.08584878044210051,3.4092845649535914
25.258000000000003,3.0542970702095142,0.8625805573407217,-0.08564871594635601,3.4083581304273665
25.278000000000002,3.045919168366271,0.8603882712985484,-0.08552516221315618,3.404891085900474
25.298000000000002,3.037395734830185,0.8581346721280403,-0.08547795278533882,3.402177311014605
25.318,3.028754927526868,0.8557708806175672,-0.08549902470771972,3.4026034227907163
25.338,3.0199886254781942,0.8533147449815734,-0.08557792099308772,3.4058025403457224
25.358,3.011062387897689,0.8508360890646847,-0.08569546875885276,3.4084887834247315
25.378,3.0020147938892134,0.84840362717354,-0.08582836784546838,3.408172015866444
25.398000000000003,2.9928908906820233,0.8460160090848425,-0.08595634289762816,3.4049563612073572
25.418000000000003,2.983727978175091,0.8436098756548522,-0.08606056976292431,3.4019899226277945
25.418000000000003,2.983727978175091,0.8436098756548522,-0.08606056976292431,3.4019899226277945
25.438000000000002,2.9746141151341234,0.8411358049234681,-0.08612063146571561,3.4021109292123737
25.458000000000002,2.965593431462337,0.8386140517311625,-0.08612672912735203,3.4053155345449277
25.478,2.9566380433266204,0.8361188876083183,-0.08608044094714287,3.4083862109261065
25.498,2.947755958844378,0.8337210883013808,-0.08599029670764438,3.4086229181808516
25.518,2.9389452932268747,0.8314103734640215,-0.08587195056956895,3.4058657278338798
25.538,2.930190113063042,0.8291046405269745,-0.08574691596401254,3.4031066650610016
25.558,2.921502091518316,0.8267418283629111,-0.08563264050434904,3.403116718967855
25.578000000000003,2.9128490545071206,0.8243216118582585,-0.08554722493603334,3.406146003995269
25.598000000000003,2.9041462002233898,0.8218884489868836,-0.085503216986337,3.4093642107535747
25.618000000000002,2.8953633588217467,0.8195010694902995,-0.08550088688580668,3.4100389332832846
25.638,2.886493844453137,0.817156431266232,-0.0855407758139256,3.407653330630864
25.642000000000003,2.884708214461973,0.8166878144171846,-0.08555360470397305,3.407005702615263
25.658,2.877527117872505,0.8147894022164868,-0.0856183924677576,3.404833874875541
25.678,2.8685022695298295,0.8123365383129584,-0.08572456562813296,3.4044888778538405
25.698,2.8594584207792564,0.809797564030515,-0.08585068566070195,3.4075152289341575
25.718,2.850368345172687,0.80722475206083,-0.08598606692121938,3.411352671760144
25.738000000000003,2.841238063440292,0.8047087523561322,-0.08611495032977318,3.412664286878172
25.758000000000003,2.8320985703287445,0.8022698251769406,-0.08622528941226923,3.4104253114734764
25.778000000000002,2.822958197134242,0.7998464831329193,-0.08631040462003067,3.4072716904513665
25.798000000000002,2.81386565558179,0.7973673135027142,-0.08636397316760414,3.4064908338921054
25.818,2.8048556996055427,0.7948267043621748,-0.08638277715705325,3.4090428790422624
25.838,2.795896423962448,0.79227435585947,-0.0863717942670646,3.4126602657586584
25.858,2.7869730156364025,0.7897933859011184,-0.08633737240684786,3.4142008271864968
25.866000000000003,2.7834162057147,0.7888279244302254,-0.08631979460921932,3.413837882556107
25.878,2.7780917384534995,0.7874036404833991,-0.08629188527353288,3.412300176557179
25.898000000000003,2.769233711294433,0.7850490760484685,-0.0862475015290679,3.408849518695612
25.918000000000003,2.760409601146143,0.7826438708819374,-0.08621280617467597,3.40730150613421
25.94,2.7507848810752593,0.7799184943573583,-0.08619439542458573,3.4096859044326533
25.96,2.7420903787424797,0.7774176929177914,-0.08620035368933335,3.413480618152572
25.98,2.7334036694498764,0.7749870091583564,-0.08622617269520191,3.4149288253788703
26.0,2.724741228564549,0.7726657962511226,-0.08626790108545468,3.412244386159968
26.020000000000003,2.716097411908064,0.770383312546722,-0.08632664513334767,3.4080424230418918
26.040000000000003,2.7074643323876413,0.7680244555456729,-0.08639665846395,3.406747409401737
26.060000000000002,2.6988899846954384,0.765572038412589,-0.08647144887320904,3.4101058964589
26.080000000000002,2.6903321825481834,0.7630920576228737,-0.0865486102906437,3.4148391027644305
26.092000000000002,2.6851849606764766,0.7616364654687234,-0.08659331087989294,3.416222346606494
26.1,2.6817542285874865,0.7606908141409664,-0.08662068045304142,3.4161032308460793
26.12,2.6731970624820063,0.7584143019246123,-0.08667884459978586,3.4123816485184424
26.14,2.6646693598443068,0.7561733012679748,-0.08671875307974705,3.407536363202696
26.16,2.656218677410273,0.753854484649728,-0.0867287252176516,3.40665480359097
26.180000000000003,2.6479239095644673,0.7514532998610304,-0.08670021923335222,3.411021051121197
26.200000000000003,2.6398165839641203,0.7490756511984873,-0.08662421077614946,3.4168139753465967
26.220000000000002,2.6318583346488835,0.7468380246744739,-0.08648548985284202,3.4183804430294167
26.240000000000002,2.6240377646498962,0.7447679480068854,-0.08628784357381677,3.414038850595497
26.26,2.61640776529249,0.7427756702372632,-0.08604306437275469,3.407884846545581
26.28,2.6089651057325214,0.740734171494539,-0.08575930303644572,3.4059835557138176
26.3,2.601657541692254,0.7385937228913741,-0.08545305559046337,3.4102332437020935
26.316000000000003,2.595895093399777,0.736868489414181,-0.08520331178904636,3.4156700643516897
26.32,2.5944620559983025,0.7364450318336881,-0.08514219640987317,3.4168317427588386
26.340000000000003,2.5872971194307994,0.7344005607555966,-0.08485583802031116,3.4194826141791457
26.360000000000003,2.5800724202961867,0.7324836706204598,-0.08461840812810717,3.4156903265796035
26.380000000000003,2.5727953191846105,0.7306208709990661,-0.08444598027520803,3.408351734233718
26.400000000000002,2.565484974726821,0.728670440107877,-0.08433905869101294,3.4041405896816226
26.42,2.558095993677412,0.726554685308763,-0.08429445146005596,3.4064553456563047
26.44,2.550631314324577,0.7243316975908508,-0.08430597222335559,3.4130667518450704
26.46,2.5430543806934187,0.7221380049840034,-0.08435507155603733,3.4176152914886093
26.48,2.5353186828527496,0.7200444891395725,-0.08442225246952259,3.415931325088221
26.5,2.527500815586404,0.7180396950796974,-0.08449301705962939,3.4091034056665097
26.518,2.520473855138477,0.7162105887651793,-0.08453862509052468,3.4037614760266237
26.538,2.5126856928562677,0.7140533903124334,-0.08455050278719797,3.4034947956867003
26.542,2.5111335268827166,0.7136041417167507,-0.08454708336965616,3.4042927157743423
26.558000000000003,2.504962873405801,0.7117723747070355,-0.08451364873964659,3.4096253859216894
26.578000000000003,2.497346026796799,0.7095090089968153,-0.08442782748168817,3.4167825555554745
26.598000000000003,2.489785369641915,0.7073808538526702,-0.08429509684739606,3.41884794345777
26.618000000000002,2.482247920955908,0.7054053919068977,-0.08413523020223648,3.4144468348038592
26.638,2.474774751631444,0.7034773018187787,-0.0839702889941201,3.4080465006000833
26.658,2.4673522147585847,0.7014614112018077,-0.08381417854013765,3.4057172040536723
26.678,2.4599341136550943,0.699306418614741,-0.08368828458820701,3.4096054582822375
26.698,2.452499469528205,0.6970973796181723,-0.08360664893939809,3.4162195835990827
26.718,2.444978494901346,0.694951339034199,-0.08357143334868389,3.419373506070988
26.740000000000002,2.4365371351168794,0.6927080977807498,-0.08358747655408721,3.4155528255440526
26.76,2.428768601561883,0.690708926405486,-0.08364810134952458,3.4086515141918277
26.768,2.425645772275264,0.6898888398089791,-0.08368138377157461,3.4065193743084805
26.78,2.4209430917603316,0.6886145631677384,-0.08373777717578174,3.4050311689577244
26.8,2.4130773793497404,0.6863568205012816,-0.08384247119294608,3.408007748070737
26.82,2.405226436635892,0.6840164945005358,-0.08394941357976354,3.4151067980602727
26.840000000000003,2.397358026802815,0.6817360787757285,-0.0840404269847396,3.4194532337538024
26.860000000000003,2.3894190520875638,0.6795864435998513,-0.08410157404644097,3.417291871532213
26.880000000000003,2.3814847071315963,0.6775415764640027,-0.08412749997677488,3.410421506166952
26.900000000000002,2.3736294115448797,0.6754631142917877,-0.08411213890009794,3.405418562947967
26.92,2.3658447969152023,0.673264869396629,-0.0840585478494136,3.4065698542149105
26.94,2.3581389335255105,0.6709764219423842,-0.08398438492422888,3.4129964678180027
26.96,2.3504907920127027,0.668737200018074,-0.08390070374733008,3.4186314662614548
26.98,2.342831676211486,0.6666266213184961,-0.08381694822976049,3.4185293583032554
26.992,2.3382217159981917,0.6654254029545346,-0.08377367140405731,3.415448974844179
27.0,2.3351501485914383,0.6646387455143812,-0.08374955334475387,3.4127066896498155
27.020000000000003,2.327489513615588,0.6626449498738336,-0.08370693013242725,3.40679534213873
27.040000000000003,2.3198250882351164,0.6605207562746345,-0.08368937528252798,3.406219548475029
27.060000000000002,2.3121334851288813,0.6582614918132368,-0.08370078129196556,3.4113150912547603
27.080000000000002,2.3044175010178503,0.6560112069783304,-0.08373716353681074,3.4162246612105047
27.1,2.296682983728151,0.6539068439113702,-0.0837877743051744,3.414881534759756
27.12,2.2890320183012474,0.652019596633101,-0.08384749889980894,3.4050962207044133
27.14,2.2815276624165204,0.6503310414700649,-0.08391534913438739,3.388327279219228
27.16,2.2741450677563626,0.6487583126206735,-0.08398107996022583,3.368987141374109
27.180000000000003,2.2667729440756816,0.6472264151160323,-0.08402973766426258,3.3504073153578995
27.200000000000003,2.2593550494755257,0.6457562881333894,-0.08405056731499705,3.3322396943482895
27.216,2.253390189925025,0.6446676373395566,-0.08404616089546207,3.3169216847855005
27.220000000000002,2.25189976314701,0.6444100081390012,-0.0840420618451132,3.3129626978458373
27.240000000000002,2.244483290432838,0.6432022411191094,-0.08400404045488491,3.2931982295052453
27.26,2.2371046517044673,0.642060757849398,-0.08394049196406811,3.2761773774317113
27.28,2.229663349998611,0.6408801065771527,-0.08386135567753772,3.2659053820473307
27.3,2.222114451779793,0.6396266452141688,-0.08378227256422294,3.263260369475225
27.32,2.2145052456551504,0.6383690868721419,-0.08371729870840752,3.265251410563393
27.340000000000003,2.2067865914599727,0.6372154524760346,-0.08367801332717639,3.2660206451791476
27.362000000000002,2.1981109535461894,0.6360991540719538,-0.08367736293244901,3.262017285892981
27.378,2.191713799395504,0.635331679587484,-0.08370863172042106,3.2579751230136194
27.398000000000003,2.183637053769527,0.6343086875492646,-0.08378276355499428,3.256556010109084
27.418000000000003,2.175507342621597,0.6331616246127376,-0.08388943162851936,3.261400411112171
27.438000000000002,2.1673903153692984,0.6319502715849012,-0.08401914984239445,3.2699638209586985
27.442,2.165766474501362,0.6317110560849882,-0.08404662470823399,3.2715697943295945
27.458000000000002,2.1592427800844574,0.6307944784977682,-0.08415721978853197,3.275936834990261
27.478,2.1510029303994527,0.6297690806666019,-0.08428861871664117,3.2754785527325962
27.498,2.1427449880903966,0.6288361042655817,-0.08439977673729657,3.2704175121947
27.518,2.13451339238474,0.6278500040347327,-0.0844717399601432,3.2672260021631496
27.538,2.126303079477572,0.6267292259396938,-0.08449000277426186,3.2697990836577207
27.558000000000003,2.118183208948287,0.6255426440054543,-0.0844516725296007,3.2758628904901608
27.578000000000003,2.1102131520334653,0.6244525032334148,-0.08436134358004954,3.2785703104118227
27.598000000000003,2.1024409502882477,0.6235549299826971,-0.08423273798440678,3.2736278108456367
27.618000000000002,2.094901912046424,0.6228468214487048,-0.08408976602501528,3.261235651208023
27.638,2.087531367846259,0.6222133237709293,-0.08394893379046134,3.2465726503543033
27.658,2.0801760420442634,0.6215179531416897,-0.08382281522632296,3.2358609142915298
27.666,2.0771891477276863,0.6212076217077948,-0.08378136978309605,3.2333751824340045
27.678,2.072651430841084,0.6207172451406638,-0.08373287660513518,3.2312031020130014
27.698,2.0649640507510316,0.6199157418725277,-0.08369098016655219,3.228261233278836
27.720000000000002,2.0564024752819816,0.619197042834141,-0.08369727669630678,3.2202330551364136
27.740000000000002,2.0486341568484296,0.6187405867467012,-0.08374793789908963,3.2066344345615336
27.76,2.0409343516641254,0.6184105420177697,-0.08383217831780243,3.1903216000676506
27.78,2.0332292294995007,0.6180627357001721,-0.08392884889949995,3.1775717983790708
27.8,2.0253994854973834,0.6176381483266004,-0.08401884541577881,3.171226542753363
27.82,2.0174855336349853,0.617244583206629,-0.08408823231428977,3.1668756005216436
27.840000000000003,2.009608942212632,0.6170237265480716,-0.08412716325068392,3.1581811019340784
27.860000000000003,2.0019325834368833,0.6170292314140183,-0.08413352064448201,3.142790277149407
27.880000000000003,1.9945083583809269,0.617221321739168,-0.08411016693195272,3.122574683252822
27.888,1.9915939162414138,0.6173224143319824,-0.08409230085988573,3.114419850979182
27.900000000000002,1.9872477400299986,0.6174734416815724,-0.08405737217505888,3.10333842485852
27.92,1.9799610565293269,0.6176810575278697,-0.08398712601459885,3.090305813281703
27.94,1.9724993986932138,0.6178392098683978,-0.08391761549095408,3.084614786449769
27.96,1.9649007346725773,0.6180240939241111,-0.0838647646812028,3.082747183667734
27.98,1.9571570315649107,0.6183282331760528,-0.08383751577871004,3.079760223869237
28.0,1.949278761034262,0.6187594729997336,-0.08383683067593042,3.0745312468110693
28.020000000000003,1.9412960296799646,0.6192123379556999,-0.08386218116170319,3.0710415826274886
28.040000000000003,1.9332083799129338,0.6195910319829998,-0.0839076096581981,3.073211430361881
28.058000000000003,1.9258984719603705,0.6198544565898152,-0.08396041630427006,3.079819588038814
28.078000000000003,1.9177817841427314,0.6201553144217211,-0.0840246757176957,3.087582689771826
28.098000000000003,1.9096170454990131,0.6205782587719317,-0.08408460302976803,3.09036037309413
28.114,1.9030401506610783,0.6210138061255072,-0.0841272078283,3.088236410516232
28.118000000000002,1.9013952517732915,0.6211289965729401,-0.08413684781421932,3.0873585912075368
28.138,1.8931742954904658,0.6216810400239967,-0.08417707560990076,3.0836598043723344
28.158,1.8849551714637498,0.6221159529735805,-0.08420106992912482,3.084890825322873
28.180000000000003,1.8759525453131798,0.6224434341586395,-0.08421080056637911,3.0924292592467357
28.200000000000003,1.867838559029955,0.6227391653893366,-0.08420697473395863,3.099099152029565
28.220000000000002,1.8597735692876278,0.6231525271420603,-0.08418923861392413,3.0999373063189015
28.240000000000002,1.8517671971604797,0.6237013324789629,-0.08416630557662286,3.0939879665704395
28.26,1.843836566912879,0.624275945109657,-0.08414181235291576,3.0858710610348457
28.28,1.8359323763064428,0.6247475873284072,-0.08411358940715127,3.082019720654728
28.3,1.827984805074922,0.6250793408013353,-0.08408758293034743,3.084735306691875
28.32,1.8200351227859386,0.6253662835612043,-0.08406713288353074,3.0901900218461207
28.340000000000003,1.81207528872333,0.6257484497625595,-0.08404983929310963,3.0919563567484376
28.340000000000003,1.81207528872333,0.6257484497625595,-0.08404983929310963,3.0919563567484376
28.358,1.8048737910319936,0.6262122365682266,-0.08403837676834325,3.0883988425792337
28.378,1.796884449058768,0.6267701473301154,-0.08403017598223758,3.082323292511487
28.398000000000003,1.7889709618875604,0.6272203140170041,-0.08402181137071388,3.080973579013263
28.418000000000003,1.7812248323186992,0.6274748340797647,-0.08401427562901376,3.0882656655364404
28.438000000000002,1.7737336245359432,0.6275365518534912,-0.08402372038722555,3.104097605424738
28.458000000000002,1.7664566989935628,0.6274518151172052,-0.08408174220191855,3.1251303636252925
28.478,1.7592393822241452,0.6272896492489997,-0.08425004467521494,3.1470667593460115
28.498,1.7519556038816624,0.627055430952375,-0.08462081222716547,3.168922226516292
28.518,1.7447526900059418,0.6266650445305866,-0.08524379674632751,3.1928168521829123
28.540000000000003,1.7373213156958665,0.6260099752376104,-0.08621449589139846,3.223393733400061
28.560000000000002,1.7312782843379435,0.6252190399820834,-0.08729586494313751,3.2551477205511117
28.564,1.730158119788357,0.6250426850803372,-0.08752726331192037,3.2618686333121465
28.580000000000002,1.725964172706048,0.6242802726724281,-0.08847226112532722,3.2896976298555245
28.6,1.721277128469892,0.6232058392892866,-0.0896315866209734,3.326189350976524
28.62,1.7170106046512787,0.6219913448609772,-0.09070506094578087,3.3640750833454613
28.64,1.7129567773171945,0.6206142304321628,-0.09166331437768463,3.4028471450149675
28.66,1.7089125458702255,0.619062183869234,-0.0924405067426263,3.4418131615016674
28.680000000000003,1.704732566969242,0.6173282591297823,-0.09293460267745937,3.479951635203527
28.700000000000003,1.7003793532394722,0.6154186523375168,-0.09308418675232796,3.516211756251941
28.720000000000002,1.6959504766938782,0.6133958584967327,-0.0929030423606668,3.549327058396636
28.740000000000002,1.6915137746987277,0.6113142891632548,-0.09245697785755139,3.5783571964754413
28.76,1.6871000020458553,0.6091804687743981,-0.09182915222560148,3.6036651649207285
28.78,1.682674751357909,0.606968047926924,-0.0911049075733388,3.6258751203704427
28.788,1.680885921320461,0.6060533105733253,-0.0908057107551393,3.6338985636178163
28.8,1.6781618679058476,0.604644359714555,-0.09036156375044654,3.6448371207039516
28.82,1.6734621932706881,0.6021762300330491,-0.08968885139714913,3.6594443033235176
28.840000000000003,1.6684866515874892,0.5995279068431515,-0.08920729523586404,3.6685924197439155
28.860000000000003,1.663169294697542,0.5966799400099013,-0.08899003319901003,3.6720010364017526
28.880000000000003,1.6575252322335536,0.5936475397800096,-0.08903668075252155,3.670662135214682
28.900000000000002,1.651676676683424,0.5904840889006546,-0.08929185733002395,3.6669252530288694
28.92,1.6457346026446342,0.5872286430303904,-0.08966950332112897,3.6632435155278675
28.94,1.6397368723848342,0.583904832563924,-0.0900761452214505,3.660302917996584
28.96,1.6336435278748878,0.5805291090762402,-0.0904227614491416,3.6569480583012224
28.98,1.6273649280494857,0.5771037346393038,-0.09064689916273025,3.6513658689076642
29.000000000000004,1.6209197605740202,0.5736502343461123,-0.09072811490640295,3.6435294167513637
29.012,1.6170335371420985,0.5715737126348169,-0.09070498443432892,3.6388404637049327
29.020000000000003,1.614450973860498,0.570185419238004,-0.09066122638990756,3.6362045415944975
29.040000000000003,1.6080251782264272,0.5666664811868749,-0.09046623929874917,3.6329530339366722
29.060000000000002,1.6016745133191874,0.5630809856205959,-0.09018125917074352,3.6354317221500008
29.080000000000002,1.595456775645204,0.5595418564831472,-0.0898434445877361,3.6405844810693733
29.1,1.589300125609482,0.5561142890562534,-0.08947175014713224,3.6435665024600112
29.12,1.5831111231349995,0.5527770055449138,-0.08908606188822302,3.6421286997281963
29.14,1.5769675941444392,0.5494981479872687,-0.08871006260709888,3.6390460216472706
29.16,1.5708455995682737,0.5461443910184209,-0.08839088470373052,3.639380961391248
29.180000000000003,1.564701582861046,0.5426474734116007,-0.08815488052774306,3.6452363062317463
29.200000000000003,1.5585508796111542,0.5390994723392011,-0.08800332725802751,3.6531030607663166
29.220000000000002,1.552275579320354,0.5355666109715403,-0.08792449155767415,3.6571973044376374
29.240000000000002,1.545779853222215,0.5320547004482803,-0.08790230552198497,3.654721914323985
29.240000000000002,1.545779853222215,0.5320547004482803,-0.08790230552198497,3.654721914323985
29.26,1.5391919147401156,0.5285414701496338,-0.08791620726772623,3.6491252294196097
29.28,1.532581821727028,0.524914941973099,-0.08794530145883242,3.6468593870931776
29.3,1.5259642706399836,0.5211115564931139,-0.08797332822358178,3.6513530528005425
29.32,1.519407057541515,0.5172598705751061,-0.0879859835327125,3.6591440639478168
29.340000000000003,1.5128359296282028,0.5134816422545427,-0.08797464932776253,3.6635276743820846
29.360000000000003,1.5061689968093848,0.5098114218911026,-0.08793720818175926,3.6608832046233646
29.380000000000003,1.4995145746453806,0.5062343468589829,-0.08787435769317489,3.6538806473650185
29.400000000000002,1.4929870132474148,0.5026485097519421,-0.08777813432966525,3.6496570445230283
29.42,1.4865844269979225,0.49895137686304486,-0.08764664506964087,3.6529124587409734
29.44,1.480347889754797,0.49516832059252625,-0.08748805530044204,3.663626043865214
29.46,1.4742977848632925,0.4914232113420376,-0.08730464808628871,3.677090748418691
29.464000000000002,1.4731021386863976,0.49068504894342835,-0.08726420334874693,3.6796080585209388
29.48,1.4683325906348885,0.48776392692054593,-0.08708948759473897,3.6881697505617694
29.500000000000004,1.462379509248326,0.48414884663660784,-0.08685693576170758,3.6959384055281173
29.520000000000003,1.4564488789371697,0.48048562573104503,-0.08662481656525042,3.70392701074652
29.540000000000003,1.450575440358544,0.47668829400068224,-0.08640762714394642,3.716136421869133
29.560000000000002,1.444838644929286,0.4727990334933398,-0.08621649457565134,3.732372780690874
29.580000000000002,1.4392017776426858,0.4689137442045732,-0.0860542504102001,3.7477684798278497
29.6,1.4334766225743536,0.4650254856678545,-0.08592368559206215,3.757396853409801
29.62,1.4276066475092133,0.46108614089678623,-0.08582766059372504,3.7614390624212093
29.64,1.4216967163683027,0.4570396627383746,-0.08576421351803659,3.7649725045073685
29.66,1.4157620319904227,0.4527882631928828,-0.08573683384671962,3.772468111899773
29.680000000000003,1.4098460964063382,0.4484216799646148,-0.0857507912507621,3.782313254849704
29.688000000000002,1.4074769223484702,0.44667564038771157,-0.08576769411609964,3.785510639047116
29.700000000000003,1.4038926390909277,0.444066176500828,-0.08580537172470915,3.788358891800528
29.720000000000002,1.3978087303138373,0.4397626637126612,-0.08590146677131666,3.786470638145819
29.740000000000002,1.391668510599799,0.4355366826628714,-0.08604017775665984,3.777993091267515
29.76,1.3855851851186227,0.43129488707118446,-0.08621682160048486,3.770038553601053
29.78,1.3795166569565862,0.4268727252155663,-0.08642331890726515,3.76853782856995
29.8,1.3734758213717218,0.4222894595975283,-0.08664351850989921,3.7742268597651334
29.82,1.3674740400574212,0.4177448755206693,-0.08685448776120877,3.7802511005931523
29.840000000000003,1.361401409348514,0.4133297481768518,-0.08702880358701809,3.7796261093958408
29.858,1.3558807630497913,0.40950917522230146,-0.08713418093882405,3.771336057242448
29.878,1.3498217800353838,0.40544092145278054,-0.08719407829423678,3.757138943518349
29.898000000000003,1.3438791782096609,0.4014156582979285,-0.08718589182914221,3.7448085027735036
29.914,1.3391423469482624,0.3981424780608523,-0.08712239345937872,3.7382800120460096
29.918000000000003,1.3379589845423914,0.3973224811486912,-0.08709875252961397,3.7368858667490223
29.938000000000002,1.3320321498155117,0.3932759029215681,-0.08693881626339,3.728864903521803
29.958000000000002,1.326161112615783,0.3894703215535802,-0.08671976992511538,3.7152068567492615
29.978,1.3204976333099756,0.3860563126807945,-0.08645781340878272,3.694158622405318
29.998,1.3151458132317795,0.38308375099868364,-0.08617099467533251,3.666647311069161
30.018,1.3101044231322279,0.3805337670661664,-0.08590052618768224,3.634788355626179
30.038,1.3052962768715832,0.3783168554281875,-0.0856774003524339,3.601641391668896
30.060000000000002,1.3001315469009578,0.376077374425567,-0.08550621828355406,3.5677676342108904
30.080000000000002,1.2953726922942652,0.3740542836102314,-0.08542624023119064,3.5417743606515346
30.1,1.2904058935711917,0.37196706230882665,-0.08541786971725257,3.520333285087996
30.12,1.2851623179187919,0.36982494317956194,-0.08548065384220968,3.5019813366380776
30.136000000000003,1.2807745895171814,0.3680934725536843,-0.08557937212239447,3.4889539604907656
30.14,1.2796526773140373,0.3676577386676726,-0.08561021609948358,3.4859668082515207
30.16,1.2738993856207048,0.36544685256241427,-0.08579697681465481,3.4733086679472756
30.180000000000003,1.2678788646684829,0.36312884671304857,-0.08602691496701953,3.46621279050016
30.200000000000003,1.2616127833396777,0.3606686780239894,-0.0862827357446952,3.466081939988167
30.220000000000002,1.2551976258838264,0.35815153158954305,-0.08655080663247444,3.4703772924638527
30.240000000000002,1.2486296804001333,0.3556704720627939,-0.0868200418670716,3.4740375936430747
30.26,1.2418230398066172,0.35323962438139156,-0.08707651001999556,3.4738143533044354
30.28,1.2348565354181436,0.35082891611071787,-0.08729830220473397,3.4712551795711684
30.3,1.2277674835684613,0.3483368772662613,-0.08746060491563379,3.471150828766308
30.32,1.2205742559228197,0.3456981820966949,-0.0875439910389266,3.4765305783722105
30.340000000000003,1.2134243207728346,0.34303731263621373,-0.08754403238247863,3.4839650005891385
30.360000000000003,1.2063257949092705,0.34049435715122417,-0.08746244035730416,3.4870065885704316
30.360000000000003,1.2063257949092705,0.34049435715122417,-0.08746244035730416,3.4870065885704316
30.380000000000003,1.1992760303770902,0.33814722226200433,-0.087314993229994,3.4817544793767112
30.400000000000002,1.1923761061765141,0.3360266814481251,-0.08712488764135176,3.468513914454609
30.42,1.1857197008429912,0.3340714554740022,-0.08690445114778314,3.4518212423040096
30.44,1.1792411958818696,0.33218293836751045,-0.08667058612933465,3.4360436814168525
30.46,1.1728203107223625,0.3303448370054194,-0.08645090183939355,3.421009135969808
30.48,1.166381589407495,0.32863239592521687,-0.08626707158831223,3.40329074027993
30.500000000000004,1.1600074923342756,0.3271378403197213,-0.08613064063512538,3.3810068195051626
30.520000000000003,1.1538009618670164,0.32587494280452967,-0.08604547090130588,3.355204052735416
30.540000000000003,1.147761044736422,0.3247702208353655,-0.08600782429616177,3.329289684798265
30.560000000000002,1.1417550118583937,0.32373142318542225,-0.08600613589757128,3.3063288572383884
30.580000000000002,1.135670135907203,0.3227344100164031,-0.0860304281730932,3.286173967427923
30.588,1.1331949174762244,0.32235955581869497,-0.08604655637133193,3.2782599000104975
30.6,1.1294342024336717,0.32183864944597296,-0.08607799132871258,3.2659221666367793
30.62,1.1230967946470563,0.32108700876974866,-0.08615024085954931,3.244061114369959
30.64,1.1167353231391066,0.3204474310351078,-0.08624637363262483,3.2228615545656503
30.66,1.1102726821046058,0.31981128823341193,-0.08636781355459372,3.206987352287294
30.680000000000003,1.1035527939846062,0.3190926989332538,-0.08651752969024704,3.1996843761571165
30.700000000000003,1.0966124469408016,0.3183091351081458,-0.08669302692207587,3.2001745097702066
30.720000000000002,1.0895513854928762,0.3175560280998061,-0.0868855195960993,3.20359058506419
30.740000000000002,1.082322408106815,0.3169166749505231,-0.08708199936461006,3.2047457313116854
30.76,1.0748751425496585,0.31638289932453545,-0.08726578310830915,3.2024823208991977
30.78,1.0672534431286522,0.31584602198415906,-0.08741874607264893,3.20118846697586
30.8,1.0594594778209014,0.3152007567254421,-0.0875190014450831,3.2054344104344494
30.812,1.0547545856169207,0.31475446617560404,-0.08754877569829383,3.2108334403187713
30.82,1.0516270773454865,0.3144454129914459,-0.08755541510498363,3.2150680398846436
30.840000000000003,1.0438597139792576,0.3136938736259658,-0.08752225204679318,3.2248962619697554
30.860000000000003,1.036117418185365,0.3130494000408325,-0.08741514060669858,3.2293679361975203
30.880000000000003,1.0284112306102353,0.31252273694728216,-0.08724498265317931,3.2274717309749046
30.900000000000002,1.0208890085644144,0.312022593994698,-0.08703454536468935,3.2236053247166043
30.92,1.0135351062285016,0.31144597638371757,-0.08680612677285723,3.2230305501596224
30.94,1.0063559891676548,0.31078490094320366,-0.08658063119756759,3.2268252213877844
30.96,0.9994004829734248,0.3101287605210634,-0.086371501886191,3.231190346820096
30.98,0.9925424163883522,0.3095615110657527,-0.08619119439089543,3.2315236084236414
31.000000000000004,0.9857182396400771,0.3090968739483896,-0.08605092703929793,3.226463987391666
31.020000000000003,0.9789760579280201,0.3086650075368662,-0.08594629080275554,3.219791318486826
31.036,0.9735646204365352,0.3082632689943411,-0.08588559269607396,3.217027234522193
31.040000000000003,0.9721977714819882,0.30814905580524077,-0.08587343969781663,3.2169629870460295
31.060000000000002,0.9652929636736417,0.30750350088862666,-0.08582963614839662,3.2202660851019616
31.080000000000002,0.9582960880677398,0.3068020600963207,-0.0858107373640438,3.2262419145203234
31.1,0.95111807329843,0.3061583299119171,-0.08580189060285501,3.229049571570369
31.12,0.9436909993559304,0.30563371619244106,-0.08578320062220113,3.225436190033758
31.14,0.9361227919147406,0.3051758090625706,-0.0857305848940021,3.2179414893831595
31.160000000000004,0.9285448072364804,0.30465367516352426,-0.08561357828519628,3.213272339787335
31.180000000000003,0.921000467483078,0.30399277064858865,-0.08542060883842478,3.2153434948070863
31.200000000000003,0.913616946626783,0.30326005700733766,-0.08515789029136817,3.2219555434618643
31.220000000000002,0.9064254004435707,0.30259932762869596,-0.0848429493768523,3.2266740835539576
31.240000000000002,0.8993221829478871,0.3020823986623944,-0.08450872365351189,3.225015053285606
31.26,0.8923105234108165,0.3016734072074162,-0.08419681344764793,3.218021483468102
31.26,0.8923105234108165,0.3016734072074162,-0.08419681344764793,3.218021483468102
31.28,0.885386344488342,0.30124101829208444,-0.08394709512415646,3.211958971951982
31.3,0.8784084938354737,0.3006762948915256,-0.08380298105988418,3.21208878464449
31.32,0.8713044108434469,0.2999828827284779,-0.083800032182755,3.218419104946816
31.340000000000003,0.8640808769031658,0.29928334237630355,-0.08394738826709666,3.225234741555601
31.360000000000003,0.8566931209844107,0.2986924799883377,-0.0842297153184016,3.226421608789468
31.380000000000003,0.8492354751601655,0.29823899871733056,-0.0846009133055231,3.22020967002763
31.400000000000002,0.841868516355053,0.29781382625385566,-0.0850092845235619,3.212313537569117
31.42,0.8346023110958216,0.2972819389368429,-0.08542236098441361,3.209837058450503
31.44,0.8273584921523679,0.2965897260196027,-0.08581749223988325,3.2158070954131843
31.458000000000002,0.8208722817242994,0.2959190294362421,-0.08614410921311949,3.2243465252708203
31.478,0.8136805346754382,0.29526486256701934,-0.08645037265203595,3.230058827479642
31.486,0.810779759752182,0.2950476292081695,-0.08655008706525025,3.230047992492544
31.498,0.8063954007385482,0.29477388293457996,-0.0866693061551903,3.227228674244875
31.518,0.7990924637741863,0.2943976862450408,-0.08677836213593781,3.218089987931914
31.538,0.7918732845729404,0.29397720856547305,-0.08677457404054961,3.2108691475840225
31.558000000000003,0.7847112563155335,0.29340201480883976,-0.08666568023744156,3.211207694110285
31.578000000000003,0.7776571213528861,0.2926899958928729,-0.08648526548795138,3.2189062616002158
31.598000000000003,0.7707788738759385,0.29199117376677186,-0.0862622136601914,3.2270416254897403
31.618000000000002,0.7639789344485824,0.29142170589596517,-0.08601724806404729,3.2292768573441757
31.638,0.757162739285167,0.29100012873387,-0.08579491036939149,3.22376571286131
31.658,0.7504059077362522,0.2906205170132445,-0.08562471606981947,3.215645475049226
31.678,0.7436577955634435,0.2901353520062915,-0.08551967906802302,3.212063745159533
31.698,0.7368149080278303,0.2894860325238006,-0.08548678737778942,3.216303747756625
31.71,0.7327068321697735,0.2890534902738553,-0.08549977540437309,3.2213186982796533
31.718000000000004,0.7299718339183974,0.28876852959725896,-0.08552026555950057,3.22465254724371
31.738000000000003,0.7230772896390113,0.2881220063314598,-0.08560338400760098,3.2298935690277046
31.758000000000003,0.7160283189220419,0.2876207743247652,-0.08572320235044062,3.227427713067245
31.778000000000002,0.708961429661153,0.287228846465371,-0.08586691646840625,3.2191971215624218
31.798000000000002,0.7019343622280995,0.2867955325394443,-0.08601567585348446,3.212578001922292
31.818,0.6948333990835867,0.28620525818856185,-0.08615213203508396,3.2132304914094223
31.838,0.6877156803597363,0.28547456253431736,-0.08626173155045097,3.2210807817254894
31.858,0.6806628749509632,0.2847562120132988,-0.08633301212360647,3.2290463117697374
31.878000000000004,0.6735748825518143,0.2841674599977603,-0.08635026582948557,3.2306884135531977
31.898000000000003,0.6664625135845199,0.28373601568068024,-0.086308725673445,3.2242972111626917
31.918000000000003,0.6594862921563779,0.28334843124836334,-0.08621099048525402,3.215818362111862
31.934,0.6539899565535763,0.2829719079809252,-0.08609266508735205,3.2123623210018994
31.938000000000002,0.6526197894842252,0.2828621744917055,-0.08605795565039784,3.21228967113277
31.958000000000002,0.6457811404765942,0.28221748619142295,-0.08586157115404014,3.216871221869648
31.978,0.6390519580711552,0.2815030738078398,-0.08563763341215516,3.225892094486174
31.998,0.6324378105430608,0.28086981070646544,-0.08539491697105198,3.231873981163851
32.02,0.6251322043580446,0.2803429245940736,-0.0851397353624607,3.22966384561486
32.04,0.6184767910524172,0.2799691970676668,-0.08494496483169603,3.2214808088254125
32.06,0.6118484216507254,0.2795458117126154,-0.08479347366531484,3.2149842820442323
32.080000000000005,0.6051287537090271,0.2789690249609586,-0.08469765720425673,3.215493506092282
32.1,0.5983147545913158,0.2782523072740921,-0.08467462673687731,3.2228209190403594
32.120000000000005,0.5914612758744358,0.2775450678823371,-0.08472417224053963,3.230348808679879
32.14,0.584460559424621,0.27695603847667305,-0.0848403549425022,3.231834232881859
32.160000000000004,0.577329187554772,0.27650662168054146,-0.08501481088392074,3.225626958636579
32.160000000000004,0.577329187554772,0.27650662168054146,-0.08501481088392074,3.225626958636579
32.18,0.5702275238940437,0.27608500750261133,-0.08523636413762148,3.2175595344446783
32.2,0.5631184683696114,0.27554494701900933,-0.08549166116395815,3.2147114902298326
32.218,0.556676206194406,0.2749124225844106,-0.08573740790990189,3.2194067947721177
32.238,0.5495792823059394,0.27413530637643224,-0.08601152655849634,3.2291481629117245
32.258,0.5425490034763847,0.27342963012292804,-0.08626912760751379,3.2359366760346595
32.278,0.5354623540937181,0.27288329196981637,-0.08649056074743836,3.234333187341801
32.298,0.5283564027530275,0.27246875633878626,-0.08665372401446642,3.2254211552832683
32.318000000000005,0.5213228194784875,0.272033462068792,-0.08673991827391056,3.21733356261876
32.338,0.5142828169794036,0.2714484642327487,-0.08674097963308072,3.2164534624430288
32.358000000000004,0.5072690067865809,0.27070853028671304,-0.08666931271503353,3.2237587466012103
32.378,0.5004488426997151,0.2699612654175412,-0.0865418352817213,3.232715261071716
32.386,0.49776655411967435,0.26969400364769514,-0.0864776106682125,3.235038026669086
32.398,0.4937628837308226,0.26934304222198585,-0.0863703827196223,3.236131401181998
32.418,0.4871172790556588,0.2688880861754313,-0.08617630703659096,3.231232372613332
32.438,0.4806312320216055,0.26850544574518836,-0.08597949170320321,3.22284659184379
32.458000000000006,0.47424584218291677,0.2680428586595199,-0.0857981511634861,3.218280707424776
32.478,0.4678380785170674,0.26742535082514657,-0.0856520623678812,3.221435868924147
32.498000000000005,0.46150017117212716,0.2667280857266469,-0.08555131857113679,3.2294442243868335
32.518,0.4551961208587482,0.2660891908516451,-0.08548876273696704,3.2352259494609545
32.538000000000004,0.4487795713924678,0.26558833041016205,-0.08545227116304377,3.2337525591542335
32.558,0.4423368155920907,0.2652033348919114,-0.0854290926657108,3.225819370054022
32.578,0.435969662656622,0.26481062012197093,-0.08540894046629452,3.217962252784727
32.598,0.4295595928648194,0.26428188527493524,-0.08538089150346018,3.216405699239388
32.61,0.4256809352246556,0.2638894852866344,-0.08535802953817964,3.219267010329809
32.618,0.4231110855795652,0.26361034209310236,-0.08534001808771716,3.2222356821978524
32.638000000000005,0.4167643433461696,0.2629170252358583,-0.08528200500225774,3.2301108519765456
32.658,0.4104213415142533,0.2623209582888985,-0.0851997787798236,3.233426735599737
32.678000000000004,0.4040485004499784,0.2618692375627686,-0.08509285217503748,3.2293083830579596
32.698,0.39796699388097895,0.2615019650529667,-0.08495960535234129,3.2214353903505897
32.718,0.3923672887344325,0.2611253457653757,-0.08479697912121381,3.215841302677005
32.738,0.3872569581364769,0.26069378431572,-0.0846157606269686,3.215799412794765
32.758,0.38262517698494924,0.2602381232217243,-0.08444165491043021,3.220141096160728
32.778,0.3785081651371614,0.25981951378793117,-0.08429325695025525,3.2255723315909015
32.798,0.37485778477019516,0.25947192544140907,-0.0841480278789328,3.229277391364621
32.818000000000005,0.3715537893891142,0.25918618080395417,-0.08397695354002577,3.2306548644824504
32.834,0.36913588471289455,0.2589914977242022,-0.08380639043698601,3.230325589768268
32.838,0.368561618272606,0.2589465978288573,-0.08375834430495782,3.230112054603441
32.858000000000004,0.36586576313544555,0.25874150936144474,-0.0834903681271322,3.2286892251660224
32.878,0.3634677193513525,0.25855860514939255,-0.0831777209014998,3.2272433663680657
32.898,0.36133465045374724,0.25839177897606225,-0.08282260622953327,3.2259495594782037
32.918,0.3594141223712292,0.25823940413313196,-0.08244109842766714,3.2247879721400174
32.938,0.35766351648671435,0.25810019844268056,-0.08205029159021424,3.2237451992075803
32.958000000000006,0.35605218187070486,0.25797175883528867,-0.08166862436026323,3.2227940436595532
32.978,0.35455749617007953,0.25785351325852757,-0.08130647688817683,3.221919239757183
32.998000000000005,0.3531668638914912,0.25774583269661056,-0.08095247681416329,3.22111296510313
33.018,0.35187360991663746,0.2576478998052698,-0.08057667323094925,3.2203688127918237
33.038000000000004,0.35067428664233036,0.25755866093497903,-0.0801574489828023,3.219681155274971
33.058,0.3495656732776989,0.25747714365529895,-0.07969181102418957,3.219045678413359
33.058,0.3495656732776989,0.25747714365529895,-0.07969181102418957,3.219045678413359
33.078,0.3485410305653902,0.2574022288801857,-0.079193931468654,3.218531003514765
33.098,0.3475932216873772,0.2573296311297319,-0.07868841398720941,3.218367943987749
33.118,0.3467159064197236,0.25725969676856786,-0.07820530164796963,3.218741221042148
33.138000000000005,0.3459024184993395,0.2571924773878312,-0.07776397204329774,3.219671973058692
33.158,0.34514954621728183,0.2571272799626457,-0.07736828508958535,3.22103006176411
33.178000000000004,0.34445388740233573,0.25706272752281256,-0.07705291687837984,3.222630630334984
33.198,0.3438037841959783,0.25699960808122935,-0.07688807204797504,3.2242819033543313
33.218,0.3431811552915595,0.25693934217880404,-0.07693795800448883,3.2259127582397245
33.238,0.3425824537961636,0.25688124868990736,-0.07723769987583742,3.2274943849664615
33.258,0.34201170645283896,0.25682606169449934,-0.07777572688903273,3.2290203608021053
33.278,0.3414696341418156,0.256775282499077,-0.07849643817610197,3.230518737713495
33.282000000000004,0.34136473984131377,0.2567657569423426,-0.0786549492125376,3.2308182817249094
33.298,0.3409567906683596,0.2567297540758216,-0.07931036154072277,3.232025114682419
33.318000000000005,0.3404712015875781,0.2566871858819441,-0.08011223918675953,3.233597662538369
33.338,0.3400135468839819,0.2566439345610163,-0.08084403197049991,3.2354243224648918
33.36,0.3395416255755923,0.25659491073839896,-0.08157069632009001,3.2380274193152587
33.38,0.3391423214697483,0.2565488268479361,-0.08215136338746293,3.241509157541591
33.4,0.33877778288570753,0.25649999988748484,-0.08260644923259552,3.246853111114266
33.42,0.33845468446727756,0.2564459499785747,-0.0829090500034034,3.2548834509586024
33.440000000000005,0.3381773608507342,0.2563835961197414,-0.0830610180435887,3.2661444682753906
33.46,0.3379437557749531,0.2563108860181704,-0.08308544345562008,3.2806019279484646
33.480000000000004,0.33773679123410155,0.2562258406104783,-0.08301484080448701,3.29765987462168
33.5,0.3375482790462049,0.256130374204678,-0.08288787107150669,3.3166185946820708
33.508,0.3374800217145649,0.25609008847695164,-0.08283080028736983,3.3246485111504955
33.52,0.33738618341231136,0.25602725808367094,-0.08274803386905766,3.3371995875672704
33.54,0.33725153156984744,0.255917745626724,-0.08262513853149925,3.359694645286446
33.56,0.33714552893074334,0.2558006311612061,-0.08251972349760528,3.384232994067262
33.580000000000005,0.3370672197546891,0.2556790655970431,-0.08242974347081314,3.410260770284383
33.6,0.3370119342451,0.25555701229672684,-0.082353173262709,3.4368374319051505
33.620000000000005,0.3369764623189826,0.2554374985168508,-0.08228791505532135,3.4632397402944504
33.64,0.3369569067132757,0.25532271437307785,-0.08223215362627948,3.4891392869396602
33.660000000000004,0.33694962186455835,0.2552104480701511,-0.08218434105082098,3.514538333559742
33.68,0.33695402200236285,0.25510061541133555,-0.08214324709089035,3.539586205156926
33.7,0.33696625194596513,0.2549929783374785,-0.0821078643503976,3.5644116907576366
33.72,0.33698611872938444,0.25488634599657184,-0.08207735654683912,3.5888887537321374
33.732,0.3370002160683488,0.25482492848898686,-0.0820610988936323,3.603226033339464
33.74,0.3370094925776501,0.2547854527477714,-0.08205101156903913,3.612559739635415
33.760000000000005,0.33703329309753705,0.2546892067572318,-0.0820281268444164,3.6348508112315288
33.778,0.33705661167540346,0.2546075444457941,-0.08200998175706342,3.6532944496636315
33.798,0.3370826970981421,0.25452621488430505,-0.08199199398570994,3.671626963473357
33.818000000000005,0.3371073784948863,0.25445581315103727,-0.08197580772801652,3.687643585504238
33.838,0.3371314759375952,0.2543949510291847,-0.0819610910445508,3.701757317310726
33.858000000000004,0.3371547597439921,0.254341444930811,-0.08194705687960202,3.714371537548026
33.878,0.3371771519358766,0.25429353222771905,-0.0819303053593948,3.7257716771595772
33.898,0.33719628007559305,0.25424932854872573,-0.0819057471055813,3.736051130940932
33.918,0.3372104065953314,0.254209434531453,-0.08186910518020513,3.745109887782489
33.938,0.3372201348800138,0.25417313856827817,-0.08181816728531996,3.7530378671055318
33.958000000000006,0.3372254549526389,0.2541395196928971,-0.081752321380685,3.7600692706152117
33.958000000000006,0.3372254549526389,0.2541395196928971,-0.081752321380685,3.7600692706152117
33.978,0.33722754975190283,0.25410682470030704,-0.08167493313036442,3.766533501984719
33.998000000000005,0.3372300135827279,0.2540756412560408,-0.0815952397246767,3.7726105043075804
34.018,0.33723299738065493,0.25404667662711317,-0.08152001033079448,3.778348944882282
34.038000000000004,0.3372364672488837,0.2540197377326351,-0.08144947628442387,3.783784897352748
34.058,0.3372403728756033,0.2539946351190466,-0.0813831884405741,3.7889491077292363
34.078,0.3372446501222232,0.2539711873006182,-0.08132076005402786,3.7938678730690745
34.098,0.33724922365264515,0.25394921840690354,-0.08126185635533878,3.798563866686634
34.118,0.33725383357624544,0.2539285048339035,-0.0812061868456288,3.8030638457286803
34.138000000000005,0.3372572038095426,0.2539050689768477,-0.08115353654735896,3.8077311195995405
34.158,0.3372214032519865,0.25383731324453895,-0.08110408674608022,3.8135059313876014
34.178000000000004,0.33705992310876753,0.25363770096895555,-0.08105862493312208,3.821203805840208
34.182,0.33700273925646657,0.2535718844821266,-0.08105012383462695,3.8230369839127722
34.198,0.33666868283724993,0.25319896883416804,-0.08101850534601623,3.831554111889104
34.218,0.3359632266208357,0.2524465533946032,-0.08099127877972867,3.8443634779133746
34.238,0.33485392537827374,0.2513150926327186,-0.08101615114182129,3.858297487462268
34.258,0.33330466264302616,0.24977664722856135,-0.08113455361330485,3.8725158162871836
34.278,0.3313467689477441,0.2478396018949358,-0.08137785750713855,3.887166931921105
34.298,0.3290675846682186,0.24554142695388395,-0.08175728203446503,3.90301930426853
34.318000000000005,0.32657823238729405,0.2429536676103676,-0.08224743087389844,3.9204487061404496
34.338,0.3239842641436988,0.24017300065845423,-0.08280225595612478,3.938945549437568
34.358000000000004,0.3213553606342933,0.23727883968446728,-0.08337564922194532,3.957729770575085
34.378,0.3187220002432441,0.23429869121297597,-0.08392315168662018,3.9767347296835087
34.398,0.31608648266545064,0.23121804533200901,-0.08441213704187439,3.996480954680869
34.406,0.3150322750246398,0.22995459061796691,-0.08458710666715041,4.00469242604358
34.418,0.31345377783272915,0.2280271968597336,-0.08482608306600545,4.017350411180072
34.438,0.31084044787336984,0.22473191878576956,-0.08516466345296611,4.039134345495076
34.458000000000006,0.3082541351084579,0.22133875416716042,-0.08544348339221167,4.0612166977821
34.480000000000004,0.3054363753324204,0.21750784268954138,-0.08571062882029931,4.085123585605683
34.5,0.30290605775845864,0.21395104999755854,-0.08594555310636104,4.106198685467797
34.52,0.30042893693024797,0.21033791002029514,-0.08619757152471094,4.1267960661322896
34.54,0.29802823674214685,0.20668267100873297,-0.08647271131436562,4.147245161940345
34.56,0.29571680126434685,0.20302075265073333,-0.08676348657508912,4.167382092444157
34.580000000000005,0.29348582344766827,0.199386283682939,-0.08705843386237622,4.186304806660585
34.6,0.29129355946033464,0.19576216577641778,-0.08733916091322233,4.202526283260598
34.620000000000005,0.289080446478971,0.19210888050188948,-0.0875834939036273,4.2145990332067935
34.632000000000005,0.28773233324958647,0.18989902693969068,-0.08770929540472633,4.219603072694845
34.64,0.28682827930013893,0.18842334436654895,-0.08778353438098133,4.2220349591847235
34.660000000000004,0.28456543641575055,0.18474369012345715,-0.08793251162381499,4.225242787803775
34.68,0.28239186276381245,0.18121602562786612,-0.0880306620190757,4.2252121271093985
34.7,0.28038960963513326,0.17797707104115232,-0.08808795543323722,4.222851288732728
34.72,0.2785737627602811,0.17505277534840677,-0.08811278424348748,4.218882494283623
34.74,0.2769290194294059,0.17240962256842643,-0.08808295669159652,4.214020115043855
34.760000000000005,0.275441217900921,0.17001909741856785,-0.0879711269870462,4.20879389538459
34.78,0.2741011566231058,0.1678620555425299,-0.08776841279863609,4.2035542993175845
34.800000000000004,0.2728972021797928,0.1659200965958135,-0.08748400275902318,4.198509081227968
34.82,0.2718154209708479,0.1641702679266338,-0.08713821756754633,4.193753416854388
34.84,0.27083874421429294,0.162586575816875,-0.08675677433082088,4.189296410188135
34.856,0.270121651884522,0.1614223886909728,-0.08644182241977921,4.185930715735077
34.86,0.26995026032709907,0.16114415540265214,-0.08636334317314903,4.18511507283967
34.88,0.2691361553390314,0.15982257040192138,-0.08597919717196367,4.181185326696769
34.900000000000006,0.26838986056564534,0.15861000822649687,-0.08561996320370918,4.1775549922056365
34.922000000000004,0.2676355814433187,0.1573907985532082,-0.08526125136856036,4.173909372567556
34.938,0.26712336533901304,0.15656821593156964,-0.08501380237142514,4.17159128168654
34.958000000000006,0.2665226582103987,0.15560103196686012,-0.08470442897164002,4.169745792270886
34.978,0.26596169711736956,0.15469115696514937,-0.08438331918823475,4.169601627773375
34.998000000000005,0.26543771390038684,0.1538359262864363,-0.08404381935780064,4.171081653831962
35.018,0.2649513248540046,0.15303959764720892,-0.08368710249627889,4.173567690880683
35.038000000000004,0.26450327759634645,0.1523049455751479,-0.08332052404850612,4.176295327003459
35.058,0.26409269885179265,0.15163059932003722,-0.08295570767310326,4.178879561807962
35.078,0.26371780321709065,0.15100975205230086,-0.08261038780167021,4.181318864036381
35.082,0.2636467245576585,0.15089146670162726,-0.08254451793519171,4.181790643053716
35.098,0.26337465704401647,0.15043638661032196,-0.08229095708097797,4.18362757610329
35.118,0.2630598447906504,0.14990350028342808,-0.08199478069454647,4.1858006039046005
35.138000000000005,0.2627533540354285,0.149384100751058,-0.08171990324889716,4.187596046366096
35.160000000000004,0.2623840861214356,0.14877269947673313,-0.08144092295663671,4.188804920760289
35.18,0.26198618933116097,0.14811573316384194,-0.08120835807779817,4.189323768680701
35.2,0.26147776666459954,0.14725742269697473,-0.08099657113477876,4.189820219548982
35.22,0.26081322329111545,0.14610226703098086,-0.08080696371097018,4.1910674450860075
35.24,0.2599445052029053,0.14453588283886365,-0.08064134914535115,4.1942378089759185
35.260000000000005,0.25885338727702034,0.14247317043219873,-0.0805135496997682,4.200740548322377
35.28,0.2575582249571212,0.1399171289115912,-0.08047089976917607,4.211142887977728
35.300000000000004,0.25609746213837326,0.1369526284862656,-0.08055785635975335,4.224392162281942
35.304,0.255788869867725,0.13632176733824164,-0.08059303034185952,4.227204612716305
35.32,0.2545128259788268,0.13370449066718798,-0.08078929924588887,4.238444284314417
35.34,0.2528545311898134,0.13028152570735174,-0.08113616855346387,4.252110695390357
35.36,0.2511724054123294,0.12671949328844215,-0.08155798995378433,4.266301478585149
35.382000000000005,0.24934279262918757,0.12261380437041561,-0.08206112303569627,4.2848061864473355
35.398,0.24805382748851162,0.1195337059251625,-0.08242381747706687,4.300625761329639
35.418,0.2465200225039362,0.11566727164330684,-0.08284329890956896,4.32213251774846
35.438,0.24506896710770903,0.11186064970846882,-0.08320889339554255,4.343608283591111
35.458000000000006,0.243680156966983,0.10813703111237676,-0.08351920138385646,4.363497303180192
35.478,0.2423458801275706,0.10445065825087238,-0.08378602695893933,4.381760608321185
35.498000000000005,0.24106410792968858,0.10074054894853532,-0.08402837707298783,4.3995378563850895
35.518,0.23984386059631788,0.09696114500645202,-0.08426770776175013,4.418092373714965
35.53,0.23914984527311067,0.09466911943291582,-0.08441339656746844,4.4297634497848914
35.538000000000004,0.23870636088006564,0.09315050835194745,-0.08451194937878329,4.437672867360944
35.558,0.23767318111017902,0.08945914637448764,-0.0847666736915145,4.457327144644157
35.578,0.23675807539918517,0.08603944466508084,-0.08503370587107181,4.4759735477208205
35.598,0.23596638822388985,0.08299474711551513,-0.08530269728076603,4.493207987135538
35.618,0.23530273464400428,0.08036197144250212,-0.08554757588344289,4.509256352374608
35.638000000000005,0.23474794709456154,0.07810760206427342,-0.08575457974092943,4.524117302078372
35.658,0.23427859832694203,0.07620586823991987,-0.08593978258529097,4.537419587861434
35.678000000000004,0.2338652883035175,0.07460642458942628,-0.0861159634130553,4.548597849914965
35.698,0.23347962654730342,0.07319745734765946,-0.08628149910981062,4.5568473306106005
35.718,0.2331091862466746,0.071912160422975,-0.0864076690036904,4.561086523877049
35.738,0.23274533323499857,0.07069230004255064,-0.0864698996077963,4.560942913803059
35.754000000000005,0.23245890476676165,0.06975102129615489,-0.08646711811711497,4.558064601459886
35.758,0.23238838780352414,0.06952118304982664,-0.0864588790535103,4.557040985095286
35.78,0.23201285009726333,0.06830264923275618,-0.08636117828520495,4.550093877879706
35.800000000000004,0.23168560016139753,0.06722901682076121,-0.08620525088971703,4.543210434841023
35.82,0.23136722444679547,0.0661343918681797,-0.08599814345237666,4.536766778693649
35.84,0.2310448938921615,0.06489198900018806,-0.0857303783142511,4.531511302852569
35.86,0.23069612811265006,0.06340379607721383,-0.08538692356312,4.527392605664505
35.88,0.23030205781625046,0.06162336550841253,-0.08495881676386782,4.523799702178828
35.900000000000006,0.2298505058265076,0.05954946469505113,-0.08444016475310612,4.519999382759067
35.92,0.22933441078647748,0.05718550020990815,-0.08384514103027915,4.515587107176303
35.940000000000005,0.2287442737901117,0.054487876864262576,-0.08320421328729441,4.510722348741566
35.96,0.22808770750341448,0.05142395676893229,-0.08256623122583101,4.506617649639217
35.980000000000004,0.22738248863551283,0.04793282480711386,-0.08201519564479462,4.505286755322835
35.980000000000004,0.22738248863551283,0.04793282480711386,-0.08201519564479462,4.505286755322835
36.0,0.2266369687988293,0.04400594262062336,-0.0816273597677489,4.507519788615173
36.02,0.22583017042837658,0.03966315578092417,-0.08145466316561467,4.511735384943009
36.04,0.22490675147661254,0.034875309241089024,-0.08152086071720022,4.51502870261022
36.06,0.22385060852133767,0.02971784940706719,-0.08181492792646147,4.5152265239740235
36.080000000000005,0.22272944926984933,0.024416927465201983,-0.08226976050615503,4.513024922191903
36.1,0.22162523773376452,0.019090732009826118,-0.08280546362144861,4.511484604137515
36.120000000000005,0.22058425785995284,0.013743856386556981,-0.0833549507934343,4.513168957073431
36.14,0.21959651068427644,0.008377106421300563,-0.083870917826354,4.517787361099117
36.160000000000004,0.2185976495487777,0.002966843173326718,-0.08432945444272852,4.522361268204765
36.18,0.2175164400748149,-0.0025415153612916956,-0.08472043720056885,4.523658159195871
36.2,0.2163395318646663,-0.008167882433299155,-0.08503698656295566,4.521022782915177
36.204,0.21609645126246949,-0.009307829819553508,-0.08509107653737077,4.5201933415401845
36.22,0.21511953489041144,-0.01392867689183393,-0.08527706346905534,4.517071075693648
36.24,0.2139234955168753,-0.019884193861371923,-0.08544618983974403,4.515888744630525
36.260000000000005,0.21278380102551125,-0.02602016361028991,-0.08554973308696473,4.519135302617176
36.28,0.2116747919116586,-0.032232205670425146,-0.0855949072384947,4.5245701559880676
36.300000000000004,0.21051048185341295,-0.03849146010493451,-0.08559402874950026,4.527660420945926
36.32,0.2092475672393731,-0.04477971922343608,-0.08556213570252108,4.525903967862689
36.34,0.20793811967522094,-0.051017621621064865,-0.0855139958552267,4.520892260215874
36.36,0.20666837936502674,-0.05722518390537357,-0.08546487235270972,4.516995692864928
36.38,0.20548823677310316,-0.06345972099390779,-0.08542324059300496,4.517565502254385
36.400000000000006,0.2043931891094061,-0.06966016496981521,-0.08539502035267482,4.522214446775478
36.42,0.203305533064225,-0.07579581430104182,-0.08537495268253834,4.527053140471949
36.428000000000004,0.20284885333877817,-0.07824651506685759,-0.08536682550166436,4.527994250988087
36.440000000000005,0.20213070117866808,-0.08192344765845902,-0.08535362264480703,4.527822326907127
36.46,0.20086622345062097,-0.08801401786828518,-0.0853299089102339,4.523691345082379
36.480000000000004,0.19958747492976503,-0.09402615639429746,-0.085304862972893,4.517993760364863
36.5,0.1983740390315663,-0.10004913806744126,-0.08527675514940347,4.515562427697754
36.52,0.19725121073306845,-0.10611513226518915,-0.08524386270068407,4.518267708829297
36.54,0.19618401646981853,-0.11214519852248524,-0.08520472697287232,4.523739268852165
36.56,0.1950749830481572,-0.11815080996590753,-0.08515687482283787,4.527133526909773
36.580000000000005,0.19386356074338043,-0.12416729861120922,-0.08509758950316643,4.525383959739142
36.6,0.19259420838185093,-0.13012513277056104,-0.08502521503467825,4.5197869498572745
36.620000000000005,0.19135457244947696,-0.13603812216346897,-0.0849353335782527,4.515111260588819
36.64,0.19020421203736732,-0.14199054345139528,-0.0848257338574964,4.515318693029728
36.652,0.18955998149731115,-0.14556229542360466,-0.08475056594300542,4.517920137908755
36.660000000000004,0.18914365108163736,-0.14792939462985766,-0.0846966136473202,4.520249098112047
36.68,0.18809888547232534,-0.15379364096664389,-0.08454730146220649,4.5256062383197655
36.7,0.18697281377069438,-0.1596344145928608,-0.08437809110190589,4.526719726124425
36.72,0.1857573947127351,-0.16543373087850638,-0.08419274259687312,4.522677014765409
36.74,0.18453359923011564,-0.17114171009395,-0.08399387263408145,4.516933858263406
36.760000000000005,0.1833796991182014,-0.17683702084966693,-0.0837861278841511,4.514419936029811
36.78,0.18232143854258567,-0.18255799694346703,-0.08357862983959741,4.517193251274114
36.800000000000004,0.18131640922559875,-0.18824110000666333,-0.08338274523062991,4.522735467590509
36.82,0.1802648137306208,-0.19391424459681394,-0.08322553019651713,4.526162829017398
36.84,0.17910025696425233,-0.1996558831777276,-0.08313344609836401,4.524351912249396
36.86,0.17785715577755068,-0.20543933148668453,-0.08312122211562428,4.518496804217489
36.882000000000005,0.17649669288514655,-0.21188626978763714,-0.08320995482978849,4.512936103325381
36.882000000000005,0.17649669288514655,-0.21188626978763714,-0.08320995482978849,4.512936103325381
36.898,0.17556366380957017,-0.21669106363615462,-0.08333550136172493,4.512793268811533
36.918,0.17448038811995698,-0.22275400715215982,-0.08354327094198252,4.517733566297775
36.938,0.17342656799942469,-0.22877556118690362,-0.08378472923305869,4.524354398676563
36.958000000000006,0.17228529865759923,-0.23479658547111923,-0.0840417410108012,4.526784579879327
36.978,0.17100906317324405,-0.2408395604139516,-0.08430137249612576,4.5224807078270475
36.998000000000005,0.16968215650049276,-0.24682451267070749,-0.08455571551601959,4.514712219749352
37.018,0.1684172124620665,-0.2528242957766517,-0.08480395901664639,4.5100299534453425
37.038000000000004,0.16727293174972133,-0.25895736157563476,-0.08504292147557804,4.512731001255384
37.058,0.16622387251343165,-0.2651067125865333,-0.08525699610904144,4.520823754344807
37.078,0.1651491114748667,-0.2712217212673541,-0.08543471796628188,4.527728477085624
37.098,0.16391459664755678,-0.2774148551259408,-0.08555908343258523,4.527579127900843
37.102000000000004,0.16364616710937294,-0.2786627301690342,-0.08557626517854244,4.526538040037167
37.118,0.162541093191324,-0.28361337660435637,-0.08561771509283342,4.520198786819603
37.138000000000005,0.16118380564516957,-0.2896906279240571,-0.08561083881601478,4.511917264488201
37.158,0.1599439147864837,-0.29578171290340566,-0.08554367163560578,4.509410494014453
37.178000000000004,0.15884231679252112,-0.3019292439149459,-0.08543496750998994,4.514544216792275
37.198,0.1578163017447493,-0.3079478146749484,-0.0853034611786799,4.522663579715509
37.218,0.15671799506105624,-0.31388519461018716,-0.0851597360165996,4.526751200011654
37.238,0.1554666559895143,-0.3198390844860108,-0.08501666482516768,4.523277497493902
37.258,0.15415067511110903,-0.3256932864248174,-0.08488682535326694,4.515108838972047
37.278000000000006,0.15289943640916143,-0.3314779909057091,-0.08478217623564649,4.508947028131008
37.298,0.15176800183890168,-0.33735435446545897,-0.08470676336219857,4.509685450480152
37.318000000000005,0.15074552745802983,-0.343233305426511,-0.08465861614576975,4.51647744567731
37.330000000000005,0.15014956643329494,-0.3467038543887468,-0.08463903518608556,4.52117622849811
37.338,0.1497389371322222,-0.349005395495716,-0.08462899407231753,4.523614654475662
37.358000000000004,0.14861215378925247,-0.35479197698469683,-0.08461469559996393,4.5251258072132465
37.378,0.14736519805171228,-0.36058229907571065,-0.0846180138793722,4.52016737521136
37.398,0.14611483875205541,-0.36625579440632594,-0.08464208944166601,4.513304471928697
37.418,0.14495701717899775,-0.3719480345866251,-0.08468259896822261,4.51122006438581
37.438,0.14392713234734217,-0.37780654765024957,-0.08473626267463236,4.5176847077749525
37.458000000000006,0.1430344571110146,-0.38363405750716334,-0.08480083896732257,4.531126648070193
37.478,0.14222803905244555,-0.38921574841409345,-0.08487028183081516,4.546464768566647
37.498000000000005,0.1414147957708819,-0.3946118583556176,-0.08492432190403224,4.558917344742045
37.518,0.14057267304994542,-0.3999125788393122,-0.08494874425107374,4.56787955870993
37.538000000000004,0.13977421693596218,-0.40516684392700986,-0.08494228084352468,4.577106172114416
37.554,0.1392203312269369,-0.40940722062257123,-0.0849198266021918,4.58774667787346
37.558,0.13909764882565887,-0.4104752621925568,-0.08491245825449198,4.591045766361024
37.578,0.1385849395344418,-0.41578076740984965,-0.08486544003015548,4.610930269740522
37.6,0.13817850553364322,-0.4212733941622251,-0.08477922178297065,4.63588571151654
37.620000000000005,0.1378882700840589,-0.42584340555882544,-0.08464780620990953,4.657340993121179
37.64,0.1376238403660894,-0.4300778746042351,-0.08445644163332178,4.675588844763469
37.660000000000004,0.13738773740850013,-0.4340789623820937,-0.08421698557048102,4.691285491291786
37.68,0.13721195967822186,-0.4379452451687502,-0.08395490409863546,4.706618754918648
37.7,0.13713135400934742,-0.44174024410282736,-0.08369838657486708,4.723590700625522
37.72,0.13715728414332048,-0.4454457601938417,-0.08347002839710058,4.742559160841269
37.74,0.1372643669702224,-0.4490152703116628,-0.08328205153077672,4.762282091424975
37.760000000000005,0.1374207212059693,-0.4524485327466347,-0.08313561183050441,4.781212271804582
37.776,0.13756712647558994,-0.4551262050088357,-0.08304693050644227,4.795204042577908
37.78,0.13760672861994594,-0.45578912850485537,-0.0830290177414246,4.798543461142369
37.800000000000004,0.13782873081875874,-0.45908063318381037,-0.08296576957434057,4.814590514653744
37.82,0.13810700264320613,-0.4623637159265067,-0.08294379041212005,4.830369748015576
37.844,0.13852910216461264,-0.46632077731518695,-0.08296361217219667,4.850031370038236
37.86,0.13886187362962768,-0.46896066919580054,-0.08299937228883833,4.863645481770914
37.88,0.13932639656679469,-0.47224843117288606,-0.08306474163621694,4.880852067394967
37.900000000000006,0.13983258418131783,-0.4755175202912082,-0.08314732550300113,4.8976409620075465
37.92,0.1403710654170798,-0.47877214380210187,-0.0832407414253345,4.913555621548085
37.940000000000005,0.1409419842312774,-0.482018547348054,-0.08333876030296405,4.928623211764696
37.96,0.14155848184317837,-0.48527095925276964,-0.08343660304071984,4.943300904417455
37.980000000000004,0.14223313835207307,-0.48854021180309487,-0.08353155786086758,4.958125488713701
38.0,0.14297222026413517,-0.4918237250940912,-0.0836251169768035,4.9733135867981275
38.004000000000005,0.14312721264687966,-0.492480736949276,-0.08364422253267126,4.976381818281655
38.02,0.14376522440880357,-0.4951041039597714,-0.08372503828466973,4.988608478385654
38.04,0.14459840747534333,-0.4983701451322039,-0.08383975321897671,5.00346463227076
38.06,0.1454628863779063,-0.5016222143446532,-0.08396773940532895,5.017470075926047
38.082,0.14645349175219202,-0.5051934402145957,-0.08410967071000297,5.03196313799337
38.098,0.1472090507855549,-0.5077983963570519,-0.08420428833608704,5.042219081489225
38.118,0.1482083944873783,-0.511074670186069,-0.0843123232514259,5.055186573811916
38.138000000000005,0.14927029308981649,-0.5143687197791449,-0.08441086260461655,5.0685804379155295
38.158,0.15038749368007256,-0.5176639375636168,-0.08450111325104562,5.082310345625292
38.178000000000004,0.15154956505037498,-0.5209463640432165,-0.08457550423301549,5.096048115994311
38.198,0.15274857135506986,-0.5242118098550842,-0.08462291675081643,5.109449130225839
38.218,0.15398131542452836,-0.5274610338570044,-0.08463995636706334,5.122418781227198
38.226,0.15448522240594442,-0.5287568445723199,-0.08463835684729407,5.127521024234727
38.238,0.15525561470897112,-0.530698121604464,-0.08462742481947474,5.135152663048355
38.258,0.15658255137667607,-0.5339284805070161,-0.08458884241704312,5.147990022726291
38.278000000000006,0.15796129493883113,-0.5371483286009706,-0.08452910003781863,5.161119634594773
38.298,0.15938416773234515,-0.5403465038831743,-0.0844527680530193,5.174498105873907
38.318000000000005,0.16084394566561622,-0.5435127351492048,-0.08436360885422287,5.187926489650986
38.338,0.1623378292946719,-0.5466441586789254,-0.08426462326069242,5.201199142388042
38.36,0.1640191479131484,-0.5500519648961836,-0.0841475926534197,5.215520377367131
38.38,0.16558604283402145,-0.553121571658234,-0.08403603564323614,5.228402006016048
38.400000000000006,0.16719348402433193,-0.5561671539240233,-0.08392106771731456,5.241335789103894
38.42,0.16883955176789164,-0.5591855180264892,-0.08380265464820397,5.254409922054162
38.440000000000005,0.17051877291284123,-0.5621664442949065,-0.08367996564587679,5.267594190374032
38.452000000000005,0.1715396212843272,-0.5639327027792704,-0.08360377167538977,5.2755155125639135
38.46,0.1722239293346361,-0.5650995961546841,-0.08355170055085323,5.280781748409033
38.480000000000004,0.17394207794254596,-0.5679769430028092,-0.08341676481434201,5.293844318763667
38.5,0.17566932533895932,-0.5707984817919332,-0.08327518066286069,5.306750553933307
38.52,0.17740998482264772,-0.5735704015802913,-0.083128785480688,5.319578178265806
38.54,0.17916741987575896,-0.5762935102322165,-0.08298079260853203,5.3324288981642285
38.56,0.18094399068073622,-0.5789670011841479,-0.08283598478870555,5.345372298778566
38.580000000000005,0.18274019033451128,-0.5815918505588742,-0.08270208920835279,5.358357438548177
38.6,0.184553095221173,-0.5841705441948727,-0.08258802520889988,5.371140105727643
38.618,0.18619955389343779,-0.5864638936541172,-0.08250492746568394,5.382005080066763
38.638000000000005,0.18804566896059471,-0.5890011985980131,-0.08243115392991804,5.392695897458148
38.658,0.18992263587869326,-0.5915588208643164,-0.08237410514562277,5.401128574820318
38.678000000000004,0.1918474227600828,-0.5941771110386331,-0.08233244466989273,5.406415754116628
38.678000000000004,0.1918474227600828,-0.5941771110386331,-0.08233244466989273,5.406415754116628
38.698,0.1938312230306171,-0.5968824456562118,-0.08230946794003863,5.407948088653555
38.718,0.19585776041949718,-0.5996458365691889,-0.08230734303264586,5.406164884846817
38.738,0.1979035001175477,-0.6024165775586112,-0.08232385013949453,5.402388599170765
38.758,0.19995992579991861,-0.6051691666633184,-0.0823536084068123,5.39785687111631
38.778000000000006,0.20202307986360973,-0.6079024509588029,-0.08238894800573207,5.393333015983444
38.800000000000004,0.2043030295663141,-0.6109005440195692,-0.08242667640857806,5.388629633490099
38.82,0.20638770947331866,-0.6136312234187805,-0.08245842833548306,5.384455007700827
38.84,0.20848464801715533,-0.6163772881996374,-0.08248843087203547,5.380162287580617
38.86,0.2105914813364072,-0.6191401056108903,-0.08251727784401591,5.37565494988971
38.88,0.21270370199016175,-0.6219155528531043,-0.08254518396378621,5.371001938594763
38.900000000000006,0.21482036155030498,-0.6246981150974603,-0.08257226535583836,5.3664086432330595
38.900000000000006,0.21482036155030498,-0.6246981150974603,-0.08257226535583836,5.3664086432330595
38.92,0.21694237702081662,-0.6274852530573192,-0.08260104321303607,5.362126587782026
38.940000000000005,0.2190726471002751,-0.6302768478031453,-0.08263646764493965,5.3583621334104885
38.96,0.22121477069701667,-0.6330781984269468,-0.08267929534621068,5.355178299720217
38.980000000000004,0.22337024220926777,-0.6358946073808337,-0.08272531134646893,5.352620587489959
39.0,0.22554476055107398,-0.6387330480357338,-0.08276893067394142,5.350948085052101
39.02,0.22774717014855286,-0.6416037799939787,-0.08280874867102905,5.350479724525415
39.04,0.22998188144004406,-0.6445124453802336,-0.08284550996127588,5.351248055253437
39.06,0.23224902705132414,-0.6474629848001748,-0.08287985403786025,5.352890369385862
39.080000000000005,0.23454650645840092,-0.6504595786651373,-0.08291073700944973,5.354760079728263
39.1,0.23687017507645652,-0.6535055774230504,-0.0829252724780763,5.356291520430698
39.120000000000005,0.23921530580271483,-0.656596304596331,-0.08291637729060466,5.357214212549034
39.124,0.2396860908830282,-0.6572184456698937,-0.08291190009627619,5.3573306465527235
39.14,0.24157323553992371,-0.6597157213550161,-0.08288657828303686,5.357652701453354
39.160000000000004,0.24393786135934847,-0.6628488991398326,-0.08284376602432872,5.357953501932434
39.18,0.24631070657959087,-0.6659899952202212,-0.08280206405326995,5.358436577285705
39.2,0.24869296793011564,-0.6691414050829679,-0.08277131890448308,5.359237545575982
39.220000000000006,0.2510839097913545,-0.6723021959818958,-0.08275039146917085,5.360244365720261
39.24,0.2534832501188444,-0.6754733158795012,-0.08273764500980457,5.361203237039644
39.260000000000005,0.25589224617471223,-0.6786613362214089,-0.08273189153091248,5.3618777424859765
39.278000000000006,0.25807109112445964,-0.6815450764378892,-0.08273410149491839,5.362159974605824
39.298,0.2605041482675097,-0.6847615656879805,-0.08274917837974477,5.3621829132074454
39.318000000000005,0.2629505127166428,-0.687989515745564,-0.08277946889742924,5.3620942012425346
39.338,0.26540816679581647,-0.6912297261783652,-0.08282752538816332,5.362137937441375
39.35,0.2668870964725094,-0.6931803888349188,-0.08286547920864806,5.362282540665417
39.358000000000004,0.2678743390244833,-0.6944835162017516,-0.08289477030347028,5.362424965942626
39.378,0.2703445353542634,-0.6977493275722695,-0.08298149025169668,5.362857625358459
39.398,0.2728169113941594,-0.7010224360157341,-0.08308314767650116,5.363193416063694
39.418,0.2752916647422279,-0.7042997873599052,-0.08318957540115976,5.363236487087071
39.438,0.2777678541626418,-0.707579975922735,-0.08328791665763971,5.362968928015952
39.458000000000006,0.28024553274860553,-0.7108623477510821,-0.08337376894460666,5.362531342418878
39.478,0.28272932209264034,-0.714152174257523,-0.08344932297049731,5.362159602953835
39.498000000000005,0.28522141803390133,-0.717451931721949,-0.08351648006816484,5.361964944569154
39.518,0.2877205166033021,-0.7207627970217729,-0.08357309352943729,5.361489032930062
39.538000000000004,0.2902262507726922,-0.7241097449643672,-0.08360432178007798,5.359690715975649
39.558,0.2927437225238225,-0.7275392408912282,-0.08360444363403305,5.355084082655376
39.574000000000005,0.2947574454431544,-0.7303600122805173,-0.08358276193035058,5.348459896808542
39.578,0.29525829142422255,-0.7310750216317075,-0.08357449265232228,5.346332792750427
39.598,0.2977186779492798,-0.73467919139992,-0.08351669810886292,5.332942556036281
39.618,0.3000514693707355,-0.738254185703728,-0.0834297571683239,5.315559252565718
39.638000000000005,0.30220791257075247,-0.7416973003171525,-0.0833109494988501,5.295490703099585
39.658,0.3041775064544131,-0.7449551729438759,-0.08316183340172617,5.274232663411607
39.678000000000004,0.30597914741031107,-0.7480328017131599,-0.08299025248465969,5.252880678504262
39.698,0.3076450539588136,-0.7509599665853922,-0.08281154258788459,5.231919380493374
39.720000000000006,0.3093434283547389,-0.7540441488512388,-0.08262487698039342,5.209419158180164
39.74,0.3107824200597171,-0.7567584129514338,-0.08249477558703472,5.189631289915947
39.760000000000005,0.3121572545498996,-0.7594106900528289,-0.08242744849863146,5.1711998727058575
39.78,0.3135126258888729,-0.7620372051927856,-0.08242215756910962,5.155389347317936
39.800000000000004,0.3149172633802281,-0.7647250334646976,-0.0824736773554475,5.143736665386058
39.800000000000004,0.3149172633802281,-0.7647250334646976,-0.0824736773554475,5.143736665386058
39.82,0.3164395245023408,-0.7675770226207869,-0.08257157504366497,5.137353146584346
39.84,0.31807650727230197,-0.770594691618071,-0.08270109339613896,5.136068258433744
39.86,0.31977347517194726,-0.7737229912514269,-0.08284740423608913,5.138348193447058
39.88,0.3214728099592761,-0.7769151074141208,-0.08299293986371672,5.1419318160269505
39.900000000000006,0.323155820806274,-0.7801718897047445,-0.08312095086808924,5.1449546470967125
39.92,0.3248285853048428,-0.7835055233538837,-0.08323161589435443,5.146747473453486
39.940000000000005,0.32650166250069823,-0.786905707563091,-0.08332784104929622,5.147755361968649
39.96,0.32819159887371074,-0.7903665777551658,-0.0834120308996619,5.149040187692958
39.980000000000004,0.3299165872260111,-0.793884565566953,-0.08348611258303332,5.151459785685632
40.0,0.3316735961973021,-0.7974432355219173,-0.08355170925121197,5.15514411537374
40.02,0.33345066210335167,-0.8010334994309808,-0.08361024710853929,5.15943816222313
40.024,0.3338070851661342,-0.8017555460978235,-0.08362123277816966,5.160286348372031
40.04,0.3352354123216342,-0.8046582362222173,-0.08366309438117514,5.163380531122922
40.06,0.3370250383095204,-0.8083214366794815,-0.08370769378641396,5.16627283052966
40.080000000000005,0.33881399613290897,-0.8120209431510872,-0.08372749584830658,5.167830863860597
40.1,0.3405946163791109,-0.8157395102508634,-0.08371365642670683,5.168046814128415
40.120000000000005,0.3423614790287972,-0.8194503669083143,-0.08366463411994485,5.167254268174475
40.14,0.3441160671288067,-0.8231302248486045,-0.08358441580535933,5.166026514987109
40.160000000000004,0.34585692011412505,-0.8267666042545513,-0.08348090068100766,5.16489513733014
40.18,0.3475848169434761,-0.8303621122897631,-0.0833636972939373,5.164161137135732
40.198,0.3491290252304675,-0.8335681359228149,-0.08325472194559647,5.16382658199641
40.218,0.3508351641063031,-0.8371057011142641,-0.08313822051505987,5.163599109948284
40.238,0.3525374254264396,-0.8406371083266329,-0.08303808110893174,5.163223835016734
40.25,0.3535608475637178,-0.842763068658702,-0.08298855028024354,5.162842672388901
40.258,0.3542446778472012,-0.8441849097186677,-0.08295946586577901,5.162519412748938
40.278000000000006,0.3559600352869166,-0.8477551156200662,-0.08289867676337193,5.161546934204241
40.298,0.35768564730012603,-0.8513480250391328,-0.08285264129869518,5.160566309257797
40.318000000000005,0.3594256927803988,-0.8549715173628132,-0.08281881734001637,5.159880386767561
40.338,0.36118705177728133,-0.8586367336734264,-0.08279518954272522,5.1596300513912565
40.358000000000004,0.362975659907305,-0.8623550732094957,-0.0827802482828395,5.159713398505853
40.378,0.3648026773103048,-0.8661532202854049,-0.08277295815999905,5.159853092470132
40.398,0.36667379702930997,-0.8700561614744771,-0.08277262589991252,5.159774235307682
40.42,0.36878491956625414,-0.8744744836047397,-0.08277942242606628,5.159384020913684
40.440000000000005,0.3707523838573836,-0.87859186978772,-0.08279411207684448,5.158966266144814
40.46,0.37276113762509433,-0.8827895948764777,-0.0828354613275693,5.15872416388417
40.476,0.37439246321068165,-0.8861940937032986,-0.08289916110674833,5.158781576390503
40.480000000000004,0.3748029017476029,-0.887049946039813,-0.08291967222261998,5.158831302111076
40.5,0.3768637881363491,-0.891345131318554,-0.08304947521147349,5.159220599066849
40.52,0.37892593997901797,-0.895644844527715,-0.08321988040687245,5.159633445373115
40.54,0.38098009472996786,-0.8999319416647287,-0.08342100665057381,5.159789135500919
40.56,0.38302166693217354,-0.90419398610873,-0.08364198880034399,5.159620979207758
40.580000000000005,0.385047019204066,-0.9084250936901516,-0.08387309599148798,5.1592972981861935
40.6,0.38705914733513863,-0.9126292455439746,-0.08410592142754045,5.159125070361027
40.620000000000005,0.3890657425650901,-0.9168175010205462,-0.08433149724910935,5.159288332033712
40.64,0.39107355039582126,-0.9210013799658111,-0.08453589096208103,5.159732541235955
40.660000000000004,0.3930881867478283,-0.9251983227463411,-0.08471065917827758,5.160201404988164
40.68,0.39511562863523986,-0.9294242707463714,-0.08486085568585944,5.1603976855497535
40.7,0.39715936697298065,-0.9336855748956187,-0.08499132921035493,5.1602486951190265
40.7,0.39715936697298065,-0.9336855748956187,-0.08499132921035493,5.1602486951190265
40.720000000000006,0.39921891388688235,-0.9379797358106917,-0.08510590069889801,5.159922855471857
40.74,0.4012954109580333,-0.9423052403637306,-0.08520730435615537,5.159746947070883
40.760000000000005,0.4033898170188235,-0.9466622448013681,-0.08529759856050168,5.159909629500448
40.78,0.4054988679089219,-0.9510447054858618,-0.08536962874985252,5.160361510218274
40.800000000000004,0.4076190326496236,-0.955447043247373,-0.08541422451093358,5.160862290759916
40.82,0.40974716948381606,-0.9598658158001202,-0.08542877176514227,5.161106165379623
40.84,0.41187793078282375,-0.9642909893553535,-0.08541309704766062,5.160996404269188
40.86,0.41400344673628137,-0.9687057221748646,-0.08536953632102137,5.160683627257069
40.88,0.41612009961537544,-0.9730988980265999,-0.08530198111636239,5.160482012360557
40.900000000000006,0.4182278495296764,-0.9774689833816385,-0.0852157768705877,5.1605990673943145
40.92,0.4203237221102677,-0.9818116828699186,-0.08511588215863186,5.1609837537318946
40.924,0.4207412047988925,-0.9826765625795879,-0.08509465581500761,5.161075122668494
40.940000000000005,0.42240516264141104,-0.9861243256725645,-0.08500656958272462,5.161401669802397
40.96,0.4244737448019635,-0.9904129880938646,-0.08489096261650067,5.161573064414206
40.980000000000004,0.4265329303041953,-0.994683469403727,-0.08477211075964314,5.161425705827973
41.0,0.4285838959794197,-0.99893575054972,-0.0846518729161316,5.161096352323874
41.02,0.4306259684688116,-1.0031677395163094,-0.08453091903223828,5.160853593810657
41.04,0.43265861373699244,-1.0073790933489726,-0.08440942196656442,5.160877927999087
41.058,0.4344771936703169,-1.0111450581019943,-0.08429956081006959,5.161124139399401
41.078,0.4364839976996976,-1.01529660148122,-0.08417705563633868,5.161600729313034
41.098000000000006,0.4384804827671289,-1.0194145795861098,-0.08405514975584896,5.162452049286896
41.118,0.440473526876718,-1.0235003722188871,-0.08393525101145119,5.164025864362063
41.138000000000005,0.44246868651070376,-1.0275547850195539,-0.08381867402334803,5.166545912991874
41.150000000000006,0.4436659600866255,-1.0299714682902075,-0.0837508594573401,5.168496924113535
41.158,0.44446352121328137,-1.0315757563132548,-0.08370661481733782,5.169940955615499
41.178000000000004,0.44645460754263433,-1.035564060246177,-0.08359987608019281,5.1738569476047
41.198,0.4484411795493177,-1.0395233491242302,-0.08349887917174784,5.17791146800186
41.218,0.45042858735530145,-1.0434610143932834,-0.08340384153381908,5.1820681458409945
41.238,0.4524309497754643,-1.0473909869858866,-0.08331430705461093,5.186812645344058
41.258,0.45448050846263954,-1.0513326953486142,-0.08322990574454617,5.193224791599043
41.278000000000006,0.4566085885453549,-1.0552938381493115,-0.08314846379245916,5.202649058151202
41.300000000000004,0.4590584474267723,-1.059640770910483,-0.0830572837501852,5.217793657109795
41.32,0.4613399721399895,-1.0634851933633587,-0.08296593805925662,5.2357764017313855
41.34,0.463595495053858,-1.0671260497111534,-0.08285784476152389,5.256276573946739
41.36,0.4657735973995097,-1.0705380922283203,-0.08273398519170366,5.277503335115533
41.372,0.46703959076147683,-1.0724817496453651,-0.08266913070710286,5.290058722891857
41.38,0.4678710390950614,-1.073739927275478,-0.08263906436976318,5.298305648021419
41.400000000000006,0.4699257399597744,-1.076780036759609,-0.08264167582833587,5.318647400153916
41.42,0.4719755999844746,-1.0797033581829198,-0.08278860176722155,5.3389959197841375
41.440000000000005,0.4740356428570669,-1.082518191317371,-0.08308485339515426,5.359721245039767
41.46,0.4760846505476275,-1.085192512804999,-0.08351448722192362,5.380741904156037
41.480000000000004,0.4780856605068407,-1.0876933435794505,-0.08408101730980538,5.401704862688212
41.5,0.48001668648326445,-1.0900021736536354,-0.08477414218042018,5.422265283047585
41.52,0.48187780686676035,-1.092120536655786,-0.08555865184226166,5.442304656225297
41.54,0.4836884268909623,-1.0940778005689658,-0.08638481003781995,5.461987993079973
41.56,0.4854713442941856,-1.0959105409320868,-0.08719202403490406,5.48154486642728
41.580000000000005,0.48725228126703884,-1.097656054794801,-0.08792374203781761,5.501060550200322
41.596000000000004,0.4886966024625243,-1.0990179619226548,-0.08844032284441367,5.516606612868248
41.6,0.48906226418946563,-1.099356036934469,-0.08855943757130874,5.520476330467446
41.620000000000005,0.4909214721251469,-1.1010432624752062,-0.0890926111839063,5.539597192528584
41.64,0.49283759721904236,-1.1027384228667763,-0.08952194395193311,5.557884832219771
41.660000000000004,0.49481232858146373,-1.1044707714286952,-0.08984386885957155,5.574271971918974
41.68,0.49688225459539326,-1.1063064372252949,-0.09005073955102791,5.587336953387734
41.7,0.4991370847583887,-1.10835758251027,-0.09014242562377969,5.5956320445286405
41.720000000000006,0.5016261209440762,-1.1106719230847526,-0.09013458283938316,5.598490644379934
41.74,0.5043012140762833,-1.1131882417430088,-0.09005762653278696,5.596435022410695
41.760000000000005,0.5070805951408509,-1.1157983496384523,-0.0899436009873785,5.591376291698412
41.78,0.5099264443976542,-1.1184271729662585,-0.08981870017632301,5.585720511866041
41.800000000000004,0.5128521509418856,-1.1210630319815609,-0.08970233200898795,5.581145259747077
41.82,0.5158629525925081,-1.1237199291893734,-0.08960942161044563,5.57783196516216
41.824000000000005,0.5164740175725339,-1.124255234600734,-0.08959377667101079,5.577251926290183
41.84,0.5189428262706798,-1.1264155779272915,-0.08953978486767752,5.574872384967396
41.86,0.5220774658688103,-1.1291664770076104,-0.089489021261318,5.571159485035852
41.88,0.5252540368435091,-1.1319753417702378,-0.0894535614432265,5.5662156729682915
41.900000000000006,0.5284508276190099,-1.1348171756869883,-0.08943023503284328,5.560551988031534
41.918,0.5313403190611823,-1.1373901117753165,-0.08941768274879056,5.555658784616794
41.938,0.5345788018309462,-1.1402605221589215,-0.08941159517150851,5.551384929042809
41.958000000000006,0.5378680956599637,-1.1431507639577267,-0.08941268200818939,5.549227597995543
41.978,0.541215560519823,-1.146058742414765,-0.08942004664104494,5.549600555251651
41.998000000000005,0.5445913658918835,-1.1489707644644065,-0.08943254846047258,5.551919098749956
42.018,0.5479648298656185,-1.1518839680615225,-0.08944893476323626,5.554848579120834
42.038000000000004,0.5513321827017316,-1.1548177939273867,-0.08946860692568145,5.557086235464671
42.046,0.5526778891202299,-1.1559988311098566,-0.08947728668541019,5.557637032808463
42.058,0.5546940532605975,-1.1577761486774512,-0.08949085170862389,5.558104469500553
42.080000000000005,0.558382296063936,-1.1610457100307627,-0.08951667052050774,5.558244806908981
42.1,0.5617363844671686,-1.1640187065778023,-0.0895416715846162,5.5584088254529656
42.120000000000005,0.5651049662490495,-1.1669862835196163,-0.08956870773703254,5.559338568423922
42.14,0.5684834926779091,-1.1699452521402394,-0.08959731608614671,5.561138251131519
42.160000000000004,0.5718678281849102,-1.1728969045951403,-0.08962733215952681,5.563301174231139
42.18,0.5752522544829357,-1.175854545617696,-0.08965864021633044,5.565036227413862
42.2,0.5786337546902227,-1.1788261922530041,-0.08969106011189412,5.565839853983395
42.220000000000006,0.5820091252724153,-1.1818053210783805,-0.08972426954469012,5.56578478918397
42.24,0.5853819238680569,-1.184784657983172,-0.08975809003767735,5.565400550909565
42.260000000000005,0.5887623681070778,-1.1877572386755344,-0.089792357536333,5.565278527270857
42.272000000000006,0.5907961317665145,-1.1895359828186143,-0.08981298789786499,5.565470099449347
42.28,0.5921534926320212,-1.1907194577812752,-0.08982677617447929,5.565710781707147
42.300000000000004,0.5955492698559943,-1.1936700967478877,-0.08986134178453034,5.566621986329135
42.32,0.5989454258433269,-1.1966118364489406,-0.08989589709993942,5.5677778502871895
42.34,0.602342558331369,-1.1995455489460356,-0.08993032464985709,5.569200939906496
42.36,0.6057664553193867,-1.202477511095412,-0.0899650425165284,5.571836830279556
42.38,0.6092843088974319,-1.2054225023897869,-0.09000106329115301,5.577558046140388
42.400000000000006,0.6129367440146407,-1.2083700956322982,-0.09003990432311018,5.58805109081657
42.42,0.6166761481186139,-1.2112569413637073,-0.09008230343631299,5.603732645111539
42.440000000000005,0.6203916288593038,-1.2139988167642524,-0.0901138060296334,5.623651722951259
42.46,0.6239936142022464,-1.2165457709059464,-0.09012220852448857,5.646468475612647
42.480000000000004,0.6274619198598078,-1.2188919313250453,-0.0901136579587116,5.671062495666785
42.496,0.6301520929591071,-1.2206364105015257,-0.09009429770196212,5.691513217745195
42.5,0.6308141264128497,-1.2210559021222513,-0.09008789840367756,5.696700887158469
42.52,0.634067563377479,-1.22305758959603,-0.09004903150649049,5.722979137045247
42.54,0.6372443557150202,-1.224904707665481,-0.09000544541084596,5.749689111285774
42.56,0.6403695313222891,-1.2266133018775385,-0.0899692912355429,5.776625163237694
42.580000000000005,0.6434592534354546,-1.2282001289522526,-0.08995662861400658,5.803500122656166
42.6,0.6465347412549775,-1.2296813789833378,-0.08997954502812641,5.830156156993514
42.620000000000005,0.6496213591569961,-1.231073595129781,-0.09005029191040811,5.856586191969986
42.64,0.6527463107858731,-1.232390191249047,-0.09017308392790194,5.882804073326941
42.660000000000004,0.6559227836199961,-1.2336375641273927,-0.09033593693504152,5.90879537362577
42.68,0.6591443297238647,-1.2348162212045213,-0.0905247816815237,5.934508202460032
42.7,0.6623988939583615,-1.235925360630363,-0.0907245981120626,5.959872609190846
42.722,0.6660130179677173,-1.2370643702939412,-0.09093695333921956,5.987365374837543
42.722,0.6660130179677173,-1.2370643702939412,-0.09093695333921956,5.987365374837543
42.738,0.6686642225122562,-1.2378390623473257,-0.09107677068666228,6.007141615126765
42.758,0.6720024797662387,-1.2387434453422381,-0.09123199540878232,6.031661396006136
42.778000000000006,0.6753621909375055,-1.2395766184888506,-0.09136135313445462,6.055965537262562
42.798,0.6787353061558952,-1.240337446073561,-0.0914560496496413,6.080008646187985
42.818000000000005,0.6821148901871557,-1.2410264256213945,-0.09151525928368318,6.103732987363393
42.838,0.6854910692820115,-1.2416440480916484,-0.0915413517376337,6.127132276234226
42.858000000000004,0.6888578625362716,-1.2421867554881183,-0.09153960597823871,6.150272261240128
42.878,0.6922188914186826,-1.2426494225455027,-0.09151621847796368,6.173255581355679
42.898,0.6955767770470693,-1.2430313699052085,-0.091477708155043,6.196158580383986
42.918,0.6989317345895696,-1.2433358674634714,-0.0914302447064125,6.218972502785213
42.938,0.702282313111956,-1.243565290606133,-0.09137939489443167,6.241634718592412
42.946000000000005,0.7036206318594966,-1.2436358499121463,-0.09136010056451996,6.250650921964102
42.958000000000006,0.7056251659751073,-1.2437178569055136,-0.09133506586269421,6.264121720806869
42.978,0.7089587773587319,-1.243790430147166,-0.09130936215239957,6.286444998794333
42.998000000000005,0.712287876600119,-1.2437807601527826,-0.09130810564657135,6.308665567365936
43.018,0.7156230917841853,-1.2436906401590588,-0.09133363946694836,6.330859096082266
43.038000000000004,0.7189754937640359,-1.2435216255417347,-0.09138607285761832,6.35305857760573
43.058,0.7223502011970085,-1.2432736363777463,-0.0914607447251006,6.375232677302511
43.078,0.7257448585620496,-1.2429498954679783,-0.09154733107686105,6.397307359548912
43.098000000000006,0.7291527526935695,-1.2425529733592784,-0.09163384693991208,6.41924451269202
43.118,0.7325692085068458,-1.2420846648313926,-0.09170952038179517,6.441067358200211
43.138000000000005,0.7359892292161165,-1.241542805434234,-0.09176878800889907,6.462844951631149
43.158,0.7394074001303175,-1.240926245113757,-0.09181067845937249,6.484619488150229
43.17,0.7414546013642099,-1.2405215105793523,-0.09182777948511298,6.497679848318076
43.178000000000004,0.7428164307805865,-1.2402375039686495,-0.0918362250243713,6.506380989432451
43.198,0.7462076163243812,-1.239479751255782,-0.0918481491368476,6.528095060835412
43.218,0.7495751579001951,-1.2386545765809096,-0.09184990559000919,6.549728055849775
43.238,0.7529161869001176,-1.2377604425149258,-0.09184550453295995,6.571286520340632
43.258,0.7562313669942642,-1.2367952200706402,-0.09183843629333296,6.592806063181757
43.278000000000006,0.7595223599183325,-1.2357571177718123,-0.0918318083513017,6.6143160455250225
43.298,0.7627883895299172,-1.2346463907861143,-0.09182877369759548,6.63582578058088
43.318000000000005,0.7660278220483414,-1.2334659254706262,-0.09183339153221046,6.6573214351442225
43.338,0.7692373632771852,-1.2322181871316447,-0.09184739663323624,6.6787699526323765
43.358000000000004,0.7724171887686792,-1.2309058215278885,-0.09187040102695035,6.700164169556617
43.378,0.7755676888461087,-1.2295292401178763,-0.09189953971232043,6.721529302854133
43.394000000000005,0.7780680751277879,-1.2283799760948462,-0.0919251439573904,6.7386168162258056
43.398,0.7786904251270765,-1.2280859371692392,-0.09193155051445337,6.742889380864117
43.418,0.7817852001226441,-1.2265749464125852,-0.09196172423982032,6.764268727903493
43.438,0.7848513002730163,-1.2249967696410404,-0.09198669335477835,6.785666841585009
43.458000000000006,0.7878868711090079,-1.2233537828129117,-0.09200462655315231,6.8069987206070115
43.478,0.7908874547231796,-1.2216519130091914,-0.09201653674573504,6.82811969590251
43.498000000000005,0.7938539671951119,-1.219896677539325,-0.0920240899412085,6.848588422295241
43.518,0.7968017769856105,-1.2181003931370513,-0.0920291882088227,6.867374014237524
43.538000000000004,0.7997873954568995,-1.2162654481268618,-0.09203523230374619,6.88289321231192
43.558,0.802915439296803,-1.214356619283512,-0.09204627217121045,6.893752051861212
43.578,0.806241632618804,-1.2123373005621243,-0.0920648290166737,6.899512986013734
43.598000000000006,0.809742337508907,-1.2102102962805443,-0.09209143122285143,6.900656203614837
43.618,0.8133655113758055,-1.2080022592100654,-0.09212477130697608,6.897982087951874
43.622,0.8141003341435883,-1.20755351552586,-0.09213213347468044,6.897074578869485
43.638000000000005,0.817061900176496,-1.2057395982146335,-0.09216359649784964,6.892532619023867
43.658,0.8207985630147665,-1.2034341673973448,-0.09220652190289305,6.885567924951838
43.678000000000004,0.8245656405225951,-1.2010844848202933,-0.09225218981632402,6.87825763009783
43.698,0.8283665093410062,-1.198683271978773,-0.09229957357965315,6.871268047543568
43.718,0.8322190991539008,-1.196236871907055,-0.09234773733257498,6.864296372350124
43.738,0.8361641210887882,-1.193760792419116,-0.09239683576260496,6.855868011092259
43.758,0.840250089889105,-1.1912744321083157,-0.092448296092802,6.844024660661965
43.778000000000006,0.8444555003593602,-1.1888290346648134,-0.0925037093281331,6.827697028667993
43.798,0.8486720840272607,-1.1864974417780392,-0.09255859095329647,6.807220554937146
43.818000000000005,0.8527857402843533,-1.184339067732703,-0.09259222574319517,6.783730759578542
43.838,0.8567444374349023,-1.1823762925130414,-0.09259131722702205,6.758045188235584
43.846000000000004,0.8582910062988788,-1.1816448646478288,-0.09257957555357069,6.747155734449785
43.858000000000004,0.860589473667545,-1.1806033118474633,-0.09255032301144042,6.730001786974438
43.878,0.8644036416738502,-1.1790168233240903,-0.09247809566171963,6.698875130593349
43.898,0.8681921352884634,-1.1776201795729395,-0.09238859493351834,6.665104637831303
43.918,0.8718583080567599,-1.1764355148931307,-0.09229688521493998,6.630172724798784
43.938,0.8753407406348972,-1.1754467449898602,-0.09222272382257393,6.595600656684397
43.958000000000006,0.8786412423021275,-1.1746107941277302,-0.09218261798562674,6.562815194114543
43.978,0.8818339799511428,-1.1738657900940244,-0.09218812562282977,6.532665210329916
43.998000000000005,0.8849772576244612,-1.1731687522931866,-0.09224594832652852,6.505913825317669
44.018,0.8881436335073309,-1.1724824190859282,-0.09235574988017117,6.48324634386909
44.038000000000004,0.8913967883131241,-1.1717670785266676,-0.09250392501552887,6.4653236477558425
44.058,0.8948049188971943,-1.170999131132361,-0.09266792938636406,6.452495024637246
44.07,0.896950626502283,-1.1705090315907722,-0.09276159350663979,6.447257579028905
44.078,0.8984260528347929,-1.170171065606699,-0.09282080334142986,6.444756387461944
44.098000000000006,0.9022591713314794,-1.1692933862716157,-0.0929575124370339,6.441724329349864
44.118,0.906258503497458,-1.1683828176528679,-0.09307878539634365,6.4424972096296536
44.138000000000005,0.9103772449851479,-1.1674633230190572,-0.09318633586817679,6.445539836437666
44.158,0.914597273819362,-1.166558580136221,-0.09328222804432437,6.449083954526041
44.178000000000004,0.9189213927767566,-1.1656781515407606,-0.09336821994941927,6.4519178706832685
44.198,0.9233456107089941,-1.1648137090984358,-0.09344557889506913,6.45397504804478
44.218,0.9278646691325583,-1.1639471439056823,-0.09351554352930588,6.456163882920973
44.238,0.93247727468754,-1.163053502274072,-0.09357911012592476,6.459430345762802
44.258,0.9371640005673001,-1.1621342998059163,-0.09362323159935285,6.4635305889431685
44.278000000000006,0.9419355991597114,-1.161220449938262,-0.09362643135160578,6.4665647689875625
44.294000000000004,0.945833391687296,-1.1605120371034747,-0.09358557765840317,6.466907448269375
44.298,0.9468162893355286,-1.1603390318547357,-0.09356812711364035,6.466647889673246
44.318000000000005,0.9517321413416008,-1.1595008043183408,-0.09343180867605103,6.463655343084885
44.338,0.9565690761959471,-1.1586962200652187,-0.09321088728974977,6.459309109573526
44.36,0.9617482584367545,-1.1578089707129768,-0.09288001610030663,6.45584869423966
44.38,0.9663417640914772,-1.1569784359413997,-0.09252339734098511,6.4553376081758636
44.400000000000006,0.9708218676568816,-1.156142922467076,-0.09214217803647065,6.45663591334177
44.42,0.9752360953278668,-1.1553335301890053,-0.09176383143057651,6.4576890555520805
44.440000000000005,0.9796851301180232,-1.1545612499637934,-0.09141512382393865,6.456643404529586
44.46,0.9842632550576895,-1.15380808160085,-0.09111438214287218,6.453329450490558
44.480000000000004,0.9890202894835067,-1.153031478794951,-0.09087882600777633,6.449675948886078
44.5,0.9940194610833104,-1.152176959222301,-0.09074326253632051,6.448088348044005
44.52,0.9992820221247914,-1.1512233689831572,-0.09072508692885392,6.449436030059642
44.52,0.9992820221247914,-1.1512233689831572,-0.09072508692885392,6.449436030059642
44.540000000000006,1.0047637452497051,-1.1502165867708527,-0.09082056436285554,6.452173253882859
44.56,1.010415205787723,-1.149214572786521,-0.09100674528986527,6.453648216075511
44.580000000000005,1.0161786165125846,-1.1482593141907977,-0.09124826352401047,6.45209303749449
44.6,1.0219809117935472,-1.1473400048240416,-0.0915034665119204,6.44831156235168
44.620000000000005,1.0278156241745766,-1.1463969712813495,-0.09173473978998034,6.445299770644792
44.64,1.0337292033444538,-1.1453756969616946,-0.09191524724611697,6.445730539377226
44.660000000000004,1.0396996276894495,-1.1442864692469563,-0.09204094724588405,6.449555181073491
44.68,1.0457137560588525,-1.143193005694499,-0.09211704192027395,6.453563111635149
44.7,1.051822758905929,-1.1421517850144782,-0.09215146485126982,6.454271672426338
44.720000000000006,1.0579897496129316,-1.1411752635866974,-0.09215670676200868,6.451207014303329
44.74,1.06416166662158,-1.1402145103030157,-0.09214510364468323,6.447098659575797
44.744,1.0653985090635134,-1.1400174745452039,-0.09214156291378003,6.446488349439454
44.760000000000005,1.070367474983749,-1.1391945199115532,-0.09212495548220681,6.445608337339507
44.78,1.0766035359595023,-1.1380874060871164,-0.09210352702617211,6.448138737738443
44.800000000000004,1.0828296457345346,-1.136938958908325,-0.09209633903835854,6.45277144506202
44.82,1.089095724785653,-1.1358214895406549,-0.09211923681683845,6.4556955723877625
44.84,1.0954570976598066,-1.1347742281717255,-0.09217570319103838,6.454408198065776
44.86,1.1018531320225033,-1.1337782996057297,-0.09226119644065908,6.450029001972681
44.88,1.1082696665550622,-1.1327562098089516,-0.09236806471171069,6.446481612796206
44.900000000000006,1.1147604550333046,-1.1316330295396935,-0.09248663570314333,6.447273815015868
44.92,1.1212922440525754,-1.130428541571105,-0.09260647568733046,6.45202886803644
44.940000000000005,1.1278777300917546,-1.129224520252827,-0.09271781519032982,6.456663265205042
44.96,1.134600822632792,-1.1280888465343573,-0.09281166343918398,6.456887311529165
44.968,1.1373207255377018,-1.1276574635950485,-0.09284322742901349,6.45549135011993
44.980000000000004,1.1414007805431245,-1.1270281136933251,-0.09288401165882357,6.452386911474906
45.0,1.148201168334726,-1.125967551207526,-0.09293581830989409,6.44738782973761
45.02,1.1550610955579685,-1.1247997516864032,-0.09296994127434458,6.446755893638195
45.042,1.1626294327372801,-1.1233854348731516,-0.09299990403582334,6.452361563415307
45.058,1.1680884890035996,-1.1223490893364536,-0.09302354228131746,6.457485997906944
45.078,1.1749593097843456,-1.1211255071776798,-0.09305951353569644,6.460315753407865
45.098000000000006,1.1819377217346394,-1.1200149970396684,-0.09311058667145375,6.456495309952078
45.118,1.1888790752250045,-1.118970743107612,-0.09318302059386027,6.449396981972015
45.138000000000005,1.1958176639107605,-1.117848572447167,-0.09328071479222264,6.445621396997131
45.158,1.2028287537329432,-1.116566049690691,-0.09340203809650535,6.449149570849145
45.178000000000004,1.2097696676997811,-1.115197824833447,-0.09354085692030825,6.457651420181281
45.194,1.215272339026248,-1.1141409725205702,-0.09365870526912104,6.463209245802525
45.198,1.2166515357041225,-1.113889118464213,-0.09368845934326123,6.46398124677632
45.218,1.2236159207801358,-1.1127211516392814,-0.09383746833495735,6.462771251748701
45.238,1.2305711333625688,-1.1116881990095533,-0.09398033897810412,6.454667175255473
45.258,1.237415786471923,-1.11066222788341,-0.09410464563871654,6.4468055460748745
45.278000000000006,1.2442630243657948,-1.1094917876899308,-0.09420267571055643,6.445627629600699
45.298,1.2511108065088723,-1.1081559592084589,-0.09427639082502223,6.452738545743648
45.318000000000005,1.2578276581100893,-1.1068084506952043,-0.09432169156236528,6.462019711364454
45.338,1.2645227026982744,-1.1055780549274465,-0.09434113170908939,6.466007175381913
45.358000000000004,1.2712842902030326,-1.1045060577592873,-0.09434574991032466,6.461398913657965
45.378,1.2779637832094686,-1.103524567325728,-0.09434698023239316,6.452340294563466
45.398,1.2845900916841744,-1.1024678675474395,-0.09434900222131873,6.446650676312562
45.418000000000006,1.2912683176462476,-1.101235490444862,-0.09436162082067165,6.448919595434563
45.418000000000006,1.2912683176462476,-1.101235490444862,-0.09436162082067165,6.448919595434563
45.438,1.2979177070703107,-1.0998868576097847,-0.09439846297524276,6.45774252960567
45.458000000000006,1.3045110831132498,-1.0985812794675447,-0.09445637479592775,6.465665068772625
45.478,1.31119980535064,-1.0974073722760924,-0.09452970360067567,6.46658146546018
45.498000000000005,1.3179670226790865,-1.0963700436605421,-0.09461948948772733,6.459687662089441
45.518,1.324663048470902,-1.0953629487619903,-0.09471899714664836,6.451428025820039
45.538000000000004,1.331381861700042,-1.0942277706107044,-0.09481461975761443,6.448707406223522
45.558,1.3381560495999432,-1.092919082431894,-0.09489851374345878,6.454085896263685
45.578,1.3448484102135643,-1.0915773123653512,-0.09496899293240077,6.462372073046141
45.598000000000006,1.3515649700227346,-1.0903327518304078,-0.09501968895056292,6.466438239034117
45.618,1.3583869218205473,-1.0892320784130078,-0.09505132543498054,6.462583432136226
45.638000000000005,1.3651543568327114,-1.0882205489103578,-0.09506845428837904,6.454227839243198
45.642,1.3664987004253781,-1.0880156849247489,-0.0950706660297134,6.452683351475829
45.658,1.3718774633114572,-1.0871475160297888,-0.0950758683103283,6.448662382097037
45.678000000000004,1.3786553207339847,-1.0859065550882323,-0.0950805116913028,6.45044581295909
45.698,1.3853932597902419,-1.084562671430402,-0.09509675166410211,6.457933569204219
45.718,1.392095741339504,-1.0832634577620925,-0.09512835968008362,6.464187539224118
45.738,1.398910204540025,-1.0820908598415484,-0.09517590044531751,6.463721106102182
45.758,1.405772362061445,-1.0810474961525505,-0.09524191419487674,6.456253169903728
45.778000000000006,1.4125548754359656,-1.0800185075056943,-0.09532553986580247,6.448330563646624
45.800000000000004,1.4200475682993177,-1.0787291955439708,-0.09542888365273064,6.4468137024092735
45.82,1.426887737328751,-1.0773870709127258,-0.09552794893441932,6.4537189201753264
45.84,1.4336277627712672,-1.0760346211822844,-0.09562547926146722,6.462389487733301
45.86,1.4403928051346273,-1.0747974045028315,-0.09570564516177946,6.465748477260869
45.868,1.4431342597340293,-1.0743453948487547,-0.09572867983978603,6.464692593682757
45.88,1.4472529761705877,-1.073708296298656,-0.09575133666313759,6.460825590997483
45.900000000000006,1.454028136743271,-1.072699218166952,-0.09575821833610113,6.4520642262868115
45.92,1.460725164881592,-1.0716212092567579,-0.09571734173861993,6.446927378900123
45.940000000000005,1.467410470754985,-1.0703861878406993,-0.09562306109580396,6.449662478426172
45.96,1.473978774324061,-1.0690792775969722,-0.09548151126010704,6.457619170576791
45.978,1.4797837916041285,-1.0679641695492448,-0.09531521094989828,6.463199507345711
45.998000000000005,1.4862283165962047,-1.0668630235594228,-0.09509206314902044,6.4627500302006355
46.018,1.492648170604932,-1.0658934868157648,-0.0948420305672443,6.455470793565601
46.038000000000004,1.498935722056514,-1.0649402084827295,-0.0945706524258492,6.447922497681007
46.058,1.5051705059987368,-1.06387258778714,-0.09428290543133286,6.446277339504851
46.078,1.5113959016261878,-1.0626698318231262,-0.09399468531376406,6.451946053520358
46.094,1.5163144731874023,-1.0616964396896593,-0.09377070879259677,6.458123860579537
46.098000000000006,1.517541520116063,-1.0614602736557595,-0.09371637368261174,6.459399505948236
46.118,1.5237181577815484,-1.0603504738625142,-0.093469687115767,6.462145828234522
46.138000000000005,1.5300326229603434,-1.0593619190462278,-0.09328275948219336,6.45732415971385
46.158,1.536380678412013,-1.058427258321818,-0.09316671483753361,6.449053802495207
46.178000000000004,1.5427894033407512,-1.0573978071990473,-0.0931193476019748,6.444305893330085
46.198,1.5493455405221637,-1.0561838377762651,-0.09313815175684645,6.4473746190154495
46.218,1.5559326124074284,-1.0548678562878169,-0.09321359157507933,6.455877232164036
46.238,1.562555993879457,-1.0536079733988293,-0.0933242083657159,6.462225566965115
46.258,1.5693384652334927,-1.052481380305795,-0.09345138308189524,6.460978320911896
46.278000000000006,1.5761654125592872,-1.0514831072414779,-0.09357561484275848,6.452711487933508
46.298,1.582906935017975,-1.050490100026351,-0.09367819708137229,6.444644085156256
46.318000000000005,1.5896715682799512,-1.049357367470536,-0.0937509918007284,6.443271268619576
46.318000000000005,1.5896715682799512,-1.049357367470536,-0.0937509918007284,6.443271268619576
46.338,1.5964691580191486,-1.0480593398231945,-0.09379105934454393,6.450056815487307
46.358000000000004,1.6031613310199782,-1.0467436055367418,-0.09379853341648972,6.458764844781642
46.378,1.6098403627559335,-1.045539395711124,-0.09377308957052474,6.462198227947778
46.398,1.616598185240223,-1.0444834340098181,-0.09372313503822635,6.457388413549451
46.418000000000006,1.6232825028927889,-1.0435128660683357,-0.09365997518573363,6.448654254271349
46.438,1.6298990585058715,-1.0424717210113812,-0.09359482306009584,6.443510262312243
46.458000000000006,1.636546856343926,-1.0412602638646151,-0.0935448487826738,6.446279292714135
46.478,1.6431490302102552,-1.039950968669252,-0.09352622496741383,6.454828937815261
46.498000000000005,1.649718785591298,-1.0386950966834272,-0.09354097211398235,6.461840468265472
46.518,1.65640660706656,-1.0375655929664966,-0.09358861745391758,6.46176638235448
46.540000000000006,1.6638375282057725,-1.036458490122252,-0.09367897350141471,6.453670427731975
46.540000000000006,1.6638375282057725,-1.036458490122252,-0.09367897350141471,6.453670427731975
46.56,1.670547450878669,-1.035451123609916,-0.0937870554184019,6.446180566738495
46.580000000000005,1.6773180642496652,-1.0342970937532363,-0.09390799805001512,6.4450901086969274
46.6,1.6841312344593684,-1.0329775839694015,-0.09403058944981155,6.4518675253831645
46.620000000000005,1.6908605618199137,-1.0316482605690658,-0.09414535438913277,6.460162441386587
46.64,1.697637495346389,-1.0304328869318702,-0.09423999717080303,6.462918489168955
46.660000000000004,1.704512467655709,-1.0293635634960023,-0.09430622409016845,6.457585009387398
46.678000000000004,1.710627872123002,-1.0284634034506939,-0.09434187332546393,6.450023514951841
46.698,1.717382010314471,-1.027386331791844,-0.09436172907898108,6.445330704169145
46.718,1.7241780520101717,-1.0261418639383173,-0.09436616086954105,6.448441741272043
46.738,1.7308969098150848,-1.0248062974808665,-0.0943625405305373,6.456901841951114
46.758,1.7375603743883024,-1.0235304442648991,-0.09435964806506511,6.463407606918355
46.766000000000005,1.740247146504636,-1.0230572167609324,-0.0943603066453684,6.4641522399533065
46.778000000000006,1.7443210079817981,-1.022391247997024,-0.09436603822551684,6.462687077273916
46.798,1.751117197770733,-1.0213753223368922,-0.09439331194619757,6.455157726135423
46.818000000000005,1.7578491522186828,-1.0203559556704969,-0.09444400380015291,6.447851719593455
46.838,1.7646312540581588,-1.0191890636519618,-0.09451535457182877,6.4469598624273825
46.86,1.7721248152938545,-1.0177251607987814,-0.09461640613311287,6.454819891185703
46.88,1.77885654186084,-1.016390994451684,-0.09472236888820604,6.463284480532463
46.900000000000006,1.7856576215786573,-1.0151626649107401,-0.09483134703201138,6.466126104658379
46.92,1.792552579747603,-1.0140491168766386,-0.09493677334442,6.462137325832989
46.940000000000005,1.7994104450946937,-1.0129308236907966,-0.09503027685290108,6.4578771807590405
46.96,1.8062234296023236,-1.0116656838919353,-0.0951029384156851,6.460421621144441
46.980000000000004,1.8129288047148646,-1.0102140363907588,-0.09516011770460123,6.472858902703515
46.992000000000004,1.8168349872891139,-1.009272250303616,-0.09518887279340324,6.484512895611334
47.0,1.819365743309477,-1.0086302178839595,-0.09520530026491983,6.493421313363884
47.02,1.8254078474041884,-1.0070257586240554,-0.09523543369487261,6.517135967569232
47.040000000000006,1.8311363086875452,-1.005455652858703,-0.09525510915690824,6.53990534557797
47.06,1.8367022422955905,-1.0038578171949841,-0.09526552765756921,6.562497672971878
47.080000000000005,1.8421347294653847,-1.0021181518303437,-0.09527574608222175,6.5885672202791445
47.1,1.847305029079219,-1.0002197631674652,-0.0952965007331156,6.619463676305975
47.120000000000005,1.8521553771426629,-0.9981946010140119,-0.09533471441090621,6.6544843697307074
47.14,1.8566914476555432,-0.9960823042486721,-0.09539345953327752,6.691286799121119
47.160000000000004,1.860957103089789,-0.9939259289822839,-0.0954713750400428,6.727372776614029
47.18,1.8650340149394524,-0.9917319179666474,-0.0955674869562467,6.761678127620449
47.2,1.8689929361191968,-0.9894761862335926,-0.09567724913835443,6.794271935247017
47.218,1.8724897697756373,-0.9873623067216903,-0.09578358287639813,6.822573012874388
47.218,1.8724897697756373,-0.9873623067216903,-0.09578358287639813,6.822573012874388
47.238,1.876319168158333,-0.9849009282287812,-0.09590752316295256,6.853057605133389
47.258,1.8800989144894344,-0.9823372401972595,-0.09603492352948648,6.88210523703065
47.278000000000006,1.8838469657976686,-0.9796839087550934,-0.09616480693918891,6.908902605126381
47.298,1.8876224518309868,-0.9769244598157896,-0.09629816447453879,6.9327411174252935
47.318000000000005,1.8914955206197186,-0.9740339620242798,-0.09643205850455397,6.95291477154223
47.338,1.895536291265068,-0.9709921980929916,-0.09655469967187155,6.968600097059644
47.358000000000004,1.8997648707653205,-0.967799183683503,-0.09664891959652314,6.979474698685363
47.378,1.9041508278532555,-0.9644578047063668,-0.09670474992964581,6.986167903403249
47.398,1.9086484741578698,-0.9609849904537728,-0.09671705613225343,6.990099865236719
47.418000000000006,1.9132173880498478,-0.9573971609474068,-0.09668605764595176,6.992511494712822
47.438,1.917835551785822,-0.9537235646556764,-0.09661380806847489,6.993394490328289
47.442,1.9187655437452913,-0.9529808894772114,-0.0965947648194724,6.993312209362935
47.458000000000006,1.9225060588440699,-0.9499926418308662,-0.09650457438560575,6.991930376582624
47.478,1.9272102605224075,-0.9462389369716578,-0.09636117147197906,6.9880154006826025
47.498000000000005,1.9319201951928915,-0.942472069881239,-0.0961852239855597,6.982771034465428
47.518,1.9366246326296561,-0.9386696964997547,-0.09597557168270124,6.978131693289484
47.538000000000004,1.9413102047499773,-0.9348181542077795,-0.09573060778509498,6.975371179763448
47.558,1.945966191704674,-0.9309533865603632,-0.09544906564814917,6.974004016323877
47.578,1.950612436045014,-0.9271221027192194,-0.0951307833610002,6.972155758682531
47.598000000000006,1.9552529176512776,-0.9233582462599629,-0.09477771989986647,6.96838767322047
47.618,1.9598571979166381,-0.9196767499664915,-0.09439043009331047,6.963051630889637
47.638000000000005,1.9644071633924909,-0.9160558417160873,-0.09397187539536153,6.95776751105508
47.658,1.9689033305925798,-0.9124550356664661,-0.09353077211205327,6.954054475893268
47.666000000000004,1.9706862016148083,-0.9110179327143217,-0.09335060147199695,6.953102806245167
47.678000000000004,1.9733482903357562,-0.9088691659625219,-0.09307918595570683,6.952062280052076
47.698,1.9777807453781835,-0.9053137341660376,-0.0926330798497623,6.950432584718183
47.718,1.982237064919294,-0.9018009724459736,-0.0922084360146028,6.947547914801261
47.738,1.9867218031005454,-0.8983241901518348,-0.09183012611532668,6.943092520651433
47.758,1.9912464539860655,-0.8948492452636493,-0.09153357847683544,6.938230270683672
47.778000000000006,1.9958427520434574,-0.8912985811939488,-0.09133865710088288,6.934756773161571
47.798,2.000544795386856,-0.8876304421597008,-0.09125118645640143,6.933529247899605
47.818000000000005,2.0053812979961307,-0.8838504419084274,-0.09126236620619346,6.933598556544071
47.838,2.0103874481155417,-0.8799901142976336,-0.09135616171434194,6.932902088327393
47.858000000000004,2.0155370843600986,-0.8760926176411225,-0.09150674044030524,6.9301234973676
47.878,2.0207608203284004,-0.8721848935412799,-0.09168093941559038,6.926023627231779
47.888000000000005,2.0233884736886893,-0.8702163167921184,-0.09176680999661127,6.924278041427559
47.900000000000006,2.026551513466495,-0.8678296528912216,-0.09186524062671605,6.923082878630449
47.92,2.0318323830872327,-0.8637914186557288,-0.09201568461027523,6.923820519981016
47.940000000000005,2.037108771774547,-0.8597120265649584,-0.09213484182703782,6.927106951131715
47.96,2.0424103183130073,-0.8556237007113024,-0.09221465132672527,6.930477885074832
47.980000000000004,2.047758600502902,-0.8515548073412995,-0.0922481913674468,6.932152104497277
48.0,2.0531095635113026,-0.8475024736805364,-0.09223322120695562,6.93332370038916
48.02,2.058408913682327,-0.8433924676226915,-0.09217583784620934,6.938024454579986
48.040000000000006,2.0636198008563986,-0.8391588339881276,-0.0920907091138535,6.949856674344822
48.06,2.0686134673739343,-0.8348959980834201,-0.09198750909685507,6.968487579705315
48.080000000000005,2.073267283137158,-0.830763158768384,-0.091881109738739,6.990680414111352
48.1,2.0775838333500687,-0.8268096377645877,-0.09178968434273113,7.013477713454257
48.116,2.080849269260375,-0.8237233158185493,-0.09173819720858303,7.032212156724939
48.120000000000005,2.0816452392093563,-0.8229516104847208,-0.09172965298776273,7.037159727267305
48.14,2.0854876432418936,-0.8190685230006686,-0.09171825256132735,7.064316619973448
48.160000000000004,2.0890461828613645,-0.8151564511134154,-0.09176549101934614,7.096063264151459
48.18,2.0923013119210387,-0.8112455721452079,-0.09187391323835034,7.132028530684362
48.2,2.0952666075089823,-0.8073125407770514,-0.09204009651860687,7.170963262244979
48.220000000000006,2.09798866536282,-0.8033560406981571,-0.09225070354122164,7.211200640154142
48.24,2.1004963945468558,-0.7993881924521337,-0.09248414871699215,7.251315457773252
48.260000000000005,2.1028184768523217,-0.7953892703854949,-0.09271950168708373,7.290900284264897
48.28,2.1049678692469693,-0.7913357822166545,-0.09293953486860165,7.330312314560423
48.300000000000004,2.106938241611736,-0.7872052151153349,-0.09313121353505535,7.37003169779879
48.32,2.1087311098389927,-0.7830031672005987,-0.09328846321302589,7.410327690174537
48.34,2.1103214925202747,-0.7787760316770471,-0.09341081517823188,7.450966431673497
48.34,2.1103214925202747,-0.7787760316770471,-0.09341081517823188,7.450966431673497
48.36000000000001,2.1116966053701276,-0.7745657513954867,-0.0935037589040488,7.491452724231778
48.38,2.1128654170833516,-0.7703887394561568,-0.09357915289074867,7.531405742211012
48.400000000000006,2.113859066600455,-0.7662437113734729,-0.09364943338491907,7.570826664568199
48.42,2.1146933082762693,-0.762120927380678,-0.09372509961704725,7.609801101772486
48.440000000000005,2.11536548893568,-0.757987222511629,-0.09381432731908787,7.648229661217382
48.46,2.1158823184345064,-0.7538324933755458,-0.09392222445521062,7.685831609759439
48.480000000000004,2.1162811153482757,-0.7496679202597702,-0.09404932696331855,7.721939210088099
48.5,2.1165777094093676,-0.7455125227112258,-0.09419262239637308,7.755393387888233
48.52,2.116816511152934,-0.7413349668204317,-0.09434613198575983,7.7849881476722285
48.540000000000006,2.117032335929542,-0.7370579691935393,-0.0944990366286523,7.810176200080553
48.56,2.117235252458888,-0.7326303629782047,-0.09464196567984498,7.831097692856336
48.564,2.117274041554562,-0.7317242585138047,-0.09466934547486369,7.834845048728485
48.580000000000005,2.1174175753559603,-0.7280225566355101,-0.09477257917537615,7.8487646826568795
48.6,2.117550301810929,-0.7232183855480462,-0.09488692212795732,7.864545466879195
48.620000000000005,2.117618823394227,-0.7182308062662048,-0.09498823983982266,7.878972417292258
48.64,2.1176405863495145,-0.7130563237749104,-0.0950777054675516,7.891241047798857
48.660000000000004,2.1176530192667156,-0.7076592423280124,-0.09515255404487646,7.899421071714191
48.68,2.117686255385548,-0.7020184512046583,-0.0952093217975156,7.90194411472918
48.7,2.1177505467726987,-0.6961893603018592,-0.09524243219078785,7.89865302608337
48.720000000000006,2.1178254610451006,-0.6902677554240164,-0.09523991630978804,7.891421904313808
48.74,2.117872964566442,-0.6842846032195304,-0.0951861027651961,7.8831201968718
48.760000000000005,2.1178680292292658,-0.678232100207405,-0.09506701639836942,7.875934370393436
48.78,2.1178252215997224,-0.6721460738172543,-0.09487899901633609,7.870060449109394
48.788000000000004,2.1178084288978725,-0.6697168350380375,-0.09478559091880953,7.8677635295281645
48.800000000000004,2.1177922080003473,-0.6660862977948638,-0.09462868424608203,7.864011375356272
48.82,2.1178068531254244,-0.6600915030812147,-0.09433182619315936,7.856363687289372
48.84,2.117874758938548,-0.6541985097094839,-0.09400576871975722,7.847169601046885
48.86000000000001,2.1179690625738843,-0.6483967242330747,-0.09366828815767322,7.8380135787142695
48.88,2.1180568837007256,-0.6426263685087055,-0.09333606085998772,7.830767072303879
48.900000000000006,2.1181256691370787,-0.6368545465196046,-0.09302440182567692,7.8260328052119155
48.92,2.1181893426995693,-0.6310680433793945,-0.09275330588056033,7.8233347670958535
48.940000000000005,2.118257226595529,-0.6252476690224007,-0.09255279754066756,7.822148699867648
48.96,2.118333612426848,-0.6193561760351123,-0.09243535487381074,7.82219450532182
48.980000000000004,2.118420338532146,-0.6133530276061187,-0.09239884510498317,7.823305669066503
49.0,2.1185144069572583,-0.6072217806879086,-0.09243037127114548,7.825275436722654
49.012,2.118572998743593,-0.6034839633771197,-0.09247616279576157,7.826729741594095
49.02,2.118613243784443,-0.6009695234730579,-0.092516201077424,7.827739098361558
49.038000000000004,2.118709795292415,-0.5952541504282243,-0.09262491331492287,7.829906342065892
49.058,2.1188304790416117,-0.5888247553454747,-0.09275499673380957,7.83183540422497
49.078,2.118963923708121,-0.5823361584075302,-0.09287962780058215,7.833257526063991
49.098000000000006,2.119093372235141,-0.5758042852596242,-0.09298693627607843,7.834665251337086
49.118,2.119204159589856,-0.5692386508969862,-0.09306874120020561,7.836529897514762
49.138000000000005,2.119297818690733,-0.5626530304194823,-0.09312153018339239,7.8387217283997295
49.158,2.119393283673904,-0.5560570176263615,-0.09314323010498252,7.840536197261455
49.178000000000004,2.119503456788608,-0.5494666783587395,-0.09313402013293035,7.84139845741186
49.198,2.119620890984513,-0.5429015444917058,-0.09309630487656209,7.841471046674988
49.218,2.1197290471154333,-0.5363670073843675,-0.09303508694254944,7.841544320571767
49.238,2.11981281313102,-0.5298681823783833,-0.09295649897579619,7.842297810370633
49.238,2.11981281313102,-0.5298681823783833,-0.09295649897579619,7.842297810370633
49.258,2.1198705523801293,-0.5234086539118784,-0.09287180444009427,7.843654534426131
49.278000000000006,2.1199230319798854,-0.5169718245439988,-0.09279776996882169,7.844772849957393
49.298,2.1199959313887904,-0.5105367156221939,-0.0927520018282866,7.844839858677924
49.318000000000005,2.120091852620701,-0.5040838848074802,-0.09274273776869271,7.843932071511332
49.338,2.1201883632034835,-0.49758785009313944,-0.09277180414403738,7.842936131385267
49.358000000000004,2.120259586525785,-0.49104500358896325,-0.09283489291384686,7.842867179821014
49.378,2.1203056815924577,-0.4844751305259837,-0.09292525426880996,7.843865579980304
49.398,2.120348568133216,-0.4778855087230256,-0.0930340934974975,7.845071961615152
49.418000000000006,2.120415850325644,-0.4712764228910223,-0.09314949513948054,7.845248696546493
49.438,2.1205132131704,-0.4646578328077362,-0.09325947906973944,7.84401232666741
49.458000000000006,2.1206229891499477,-0.45803803981580077,-0.0933568633913329,7.842220450842951
49.462,2.120643243962345,-0.4567126382971166,-0.09337440297155139,7.841937016272817
49.478,2.120711067572949,-0.45140529884863506,-0.09343757363806346,7.841392537718203
49.498000000000005,2.1207667260115137,-0.44476439378307564,-0.0934995026949926,7.842172690049855
49.518,2.120808554017363,-0.43812905635073734,-0.09354150239024553,7.843697617469706
49.538000000000004,2.120873014244966,-0.4314947728005015,-0.09356471728009211,7.844286460796193
49.558,2.1209730150452417,-0.4248715117612226,-0.09357041536884211,7.843109582547539
49.578,2.121092223839111,-0.41827811850254715,-0.09356185923583635,7.840900961368742
49.598000000000006,2.121192344051203,-0.41171184035687985,-0.09354724129684941,7.839322501015231
49.618,2.1212520461754885,-0.4051716322263512,-0.0935324496332631,7.839500647643176
49.638000000000005,2.1212888132148557,-0.39866561146840374,-0.0935249472120259,7.8409998179763285
49.658,2.1213417456608954,-0.3921603241975531,-0.09353294877040416,7.842208434035312
49.678000000000004,2.1214374532244555,-0.3856324317946027,-0.09355839511653732,7.841761220821326
49.686,2.1214854246707033,-0.38301901307596975,-0.09357345558465222,7.841097763212938
49.698,2.1215632835293716,-0.37909938591104064,-0.09360108804516257,7.839814980590667
49.718,2.1216860322341606,-0.3725538959689628,-0.09365786557353592,7.837924837347564
49.738,2.1217702899365807,-0.36597630094347383,-0.09372265721749354,7.837722485897832
49.758,2.1218200575581516,-0.3593806054342553,-0.09379021137917018,7.839314096301138
49.778000000000006,2.1218668055631547,-0.35278011113516716,-0.09385604446612925,7.841211735516364
49.798,2.1219537100087917,-0.3461654700502905,-0.09391452669051811,7.841484377064192
49.818000000000005,2.1220869876134225,-0.33955252748287473,-0.09396211245872474,7.839668657794904
49.838,2.1222341836185388,-0.3329559825722511,-0.09400032607184547,7.837225681826896
49.858000000000004,2.122346603040265,-0.3263483409948317,-0.09403199025831602,7.836343108536496
49.878,2.1224125696011886,-0.31972400900647563,-0.09405826159886163,7.8378427338617715
49.898,2.122458036281906,-0.3131022606068421,-0.09407953751540346,7.840312006273442
49.914,2.1225159487263934,-0.3077954963936301,-0.09409490046905031,7.8413161644801015
49.918000000000006,2.12253544386815,-0.3064665077183401,-0.09409890548499986,7.841311231018259
49.938,2.1226633081786366,-0.2998182450005276,-0.0941214497484972,7.839747518333172
49.958000000000006,2.122818032451379,-0.2931806618595538,-0.09414998992971477,7.836771377744753
49.978,2.1229503641813996,-0.286538654970656,-0.09418512272819399,7.834962535006026
49.998000000000005,2.123031550086047,-0.2798807868715725,-0.09422534615485753,7.8359041095439
50.018,2.1230796336663404,-0.27323017325618504,-0.09427069809419655,7.8387256619982075
50.038000000000004,2.123147524474296,-0.2665785305495856,-0.09432016129239887,7.840797309171415
50.058,2.1232725441677056,-0.2599116793721167,-0.09437109008347358,7.84008597983442
50.078,2.1234440959848695,-0.25325434619598175,-0.094421979875803,7.836916023400576
50.1,2.1236222932502513,-0.2459272280211113,-0.09447857445560434,7.8337481558827475
50.120000000000005,2.1237217097362953,-0.23922669398961086,-0.09453021765324685,7.833912152938651
50.136,2.123759288912566,-0.2338641462957341,-0.09457088019470342,7.836216842591613
50.14,2.1237660057536263,-0.23252553153129718,-0.09458101651119907,7.836943989925279
50.160000000000004,2.123810981002808,-0.22582910967767428,-0.09463152062295913,7.8401060513413245
50.18,2.12391618157949,-0.21909958171693417,-0.09468130313654319,7.840483049307988
50.2,2.1240849056020377,-0.21236835375239252,-0.0947299898347155,7.837700300154888
50.222,2.1242823519059817,-0.20498359557517426,-0.09478282134828267,7.833758012186863
50.23800000000001,2.124384848154423,-0.19959376162796236,-0.09481878116879736,7.832748925954515
50.258,2.124447294450244,-0.1928434797856783,-0.0948599411637818,7.834807232134651
50.278000000000006,2.1244721437284237,-0.18611902124594723,-0.094900385960038,7.838784761775246
50.298,2.1245394447202193,-0.17937965348124507,-0.09494176613899305,7.841057781685227
50.318000000000005,2.1246881745647594,-0.17261129749146775,-0.09498441937162552,7.839535591240515
50.338,2.1248833402914045,-0.16586771339000372,-0.09503052063905529,7.835503682179014
50.358000000000004,2.125051049202514,-0.1591240075299195,-0.09507930064520512,7.832554438884412
50.362,2.1250757310213664,-0.15777038978209704,-0.09508914764633655,7.832386443225092
50.378,2.125139696577319,-0.1523427396576341,-0.09512890843884494,7.8334631106072035
50.398,2.125168020915739,-0.14557424112546136,-0.09517995062435211,7.8376331583800605
50.418000000000006,2.125208676203928,-0.13881798920906724,-0.09523390727102657,7.8415200620939
50.438,2.125329814480917,-0.13202028392447232,-0.09527978718797828,7.841558199210915
50.458000000000006,2.125529009270611,-0.1252309065623327,-0.0953032072529503,7.8374794760806274
50.478,2.125736739340467,-0.11849472818039161,-0.09529614955298757,7.832735881827373
50.498000000000005,2.1258678951671595,-0.11176115565117639,-0.0952515709799259,7.8316009894963825
50.518,2.125908176970364,-0.10505538212881485,-0.0951640644884609,7.835158919705293
50.538000000000004,2.1259200333154786,-0.09845506317665781,-0.09503112581563958,7.840253615006807
50.558,2.1259930827619247,-0.09192407330311278,-0.09485510569428598,7.84237523578732
50.578,2.126156052154274,-0.0854509227162566,-0.09464472029289325,7.839656752450006
50.586000000000006,2.126235892358634,-0.08289353704940047,-0.09455329569828444,7.837681450834462
50.598000000000006,2.1263547860983127,-0.07908975949982033,-0.09441064972843302,7.834666705743905
50.618,2.126502529426982,-0.07279461828138165,-0.09416376845209137,7.831901820635177
50.638000000000005,2.126558882571323,-0.06652332321376342,-0.09391801918621409,7.833864204293515
50.658,2.126560447179402,-0.06031663811677693,-0.09368441143229769,7.838941714445264
50.678000000000004,2.1265907017705588,-0.054133287960008186,-0.09348029706904618,7.842658159785724
50.698,2.126715219213842,-0.04788382238467076,-0.0933313654221665,7.841670763784373
50.718,2.1269103059547176,-0.041584054754645466,-0.09324680209268824,7.8368586067147294
50.73800000000001,2.1270918972577313,-0.035211140418701575,-0.09322704971921839,7.832483734999571
50.758,2.1271856919010936,-0.028693629491416572,-0.09326316573332125,7.832509997503005
50.778000000000006,2.1271994397027143,-0.02209816278276719,-0.09334073945278079,7.837011970364513
50.798,2.127216996278884,-0.015469150319767033,-0.09344441579288773,7.841915360396586
50.81,2.1272688404843727,-0.011443423226685762,-0.09351066523435628,7.843024886948093
50.818000000000005,2.1273267249640586,-0.008734847305169463,-0.09355311176038708,7.842626477283544
50.838,2.1275402244983534,-0.001939027531961568,-0.0936467579696256,7.838089009816521
50.858000000000004,2.1277758203588686,0.00482977846342475,-0.09371989621939411,7.832205186808158
50.878,2.1279290183923956,0.011660880413037589,-0.09376743322106743,7.830378369277719
50.898,2.127965065727655,0.01856225076680673,-0.09378435337083693,7.834541875464623
50.918000000000006,2.127961279178427,0.02539771874930344,-0.09376781796286157,7.840878165092853
50.938,2.1280370118654854,0.0322225173669729,-0.09371830799897071,7.843506693084367
50.958000000000006,2.1282428728950307,0.03906969173484581,-0.09364971584390444,7.839691337319919
50.978,2.128501302196298,0.04581025920653414,-0.09358343301947572,7.83267188078414
50.998000000000005,2.128687580391651,0.052517629643516944,-0.09353336634079859,7.82873859943875
51.018,2.128736132323518,0.05929903230957459,-0.09351089114831354,7.831536325700466
51.034000000000006,2.1287130066419158,0.06469894583878805,-0.09351837896222534,7.837087182916617
51.038000000000004,2.128707712217818,0.06604184910650956,-0.09352395418304624,7.8385170959849955
51.058,2.128732945952206,0.07277375240023196,-0.09357423974910803,7.843506822924652
51.078,2.1288963548306383,0.07960781416914034,-0.09365903648447352,7.841918972608454
51.098000000000006,2.1291680975265908,0.08643092161310531,-0.0937722061465994,7.834704124763942
51.118,2.1294166751818375,0.0931960793437017,-0.09390431535762975,7.828131751399535
51.138000000000005,2.1295333313678033,0.10004095353943515,-0.09404190362974732,7.828071277042621
51.160000000000004,2.1295091331485825,0.107608452927932,-0.09418448382321018,7.836384483465271
51.18,2.129479656983284,0.11438723010792859,-0.09429615681582068,7.844781789848415
51.2,2.1295782972440596,0.12118970827455974,-0.09438136704894015,7.847007409323171
51.220000000000006,2.129826511713014,0.128035051057361,-0.09443591936306181,7.841326608688048
51.24,2.130100833573147,0.1347793486129643,-0.09446091754045502,7.833500988959022
51.260000000000005,2.13026278582846,0.14152456198960675,-0.09446429091274397,7.830471332436161
51.260000000000005,2.13026278582846,0.14152456198960675,-0.09446429091274397,7.830471332436161
51.28,2.1302713744964574,0.14832700433443402,-0.0944518966513421,7.835018188213589
51.300000000000004,2.13023406511522,0.15504897438654117,-0.09443278238193528,7.842165221253785
51.32,2.1302976646399476,0.16174405349185172,-0.09441585251461501,7.844775606017798
51.34,2.1305323531696603,0.16849242024118416,-0.09441453878043496,7.839027618550093
51.36000000000001,2.1308739167182766,0.17514064524385892,-0.09444086391365644,7.82762887979717
51.38,2.131176640910604,0.1816956396687047,-0.09449491261868473,7.817873190318528
51.400000000000006,2.1313549295520717,0.18834274941478496,-0.0945726354834732,7.814656822019812
51.42,2.1314543399486126,0.19504068664797336,-0.09466800108693121,7.816451865691233
51.440000000000005,2.131613211026158,0.20177350862289217,-0.09477428279556191,7.816798975675471
51.46,2.131943775479169,0.20860063259949307,-0.09488332506377392,7.810116183158781
51.480000000000004,2.132435103809422,0.21538884022622032,-0.09498574213223868,7.796532891607509
51.484,2.1325401679603933,0.21672040232390433,-0.09500453182138077,7.793555273132321
51.5,2.1329424418611005,0.22199598872817097,-0.09507345222017818,7.782975073076783
51.52,2.1333537196986736,0.22860618337235925,-0.09514070128857591,7.775607637518884
51.540000000000006,2.133665880690161,0.23526649817972412,-0.09518476616798402,7.775243221447382
51.56,2.1339937951151615,0.24189181759250303,-0.0952097045625889,7.776539887174035
51.580000000000005,2.1344723049857635,0.24854606514706967,-0.09521615206263953,7.772971413605573
51.6,2.135144105148432,0.2552185262515875,-0.09521403931824271,7.762033076742162
51.620000000000005,2.1358952249847576,0.2617389296722668,-0.0952151534187898,7.748363367262126
51.64,2.1365861934439394,0.2682302966415091,-0.09522446341645188,7.739024032862737
51.658,2.137112964655485,0.2741701038563513,-0.0952462968571817,7.737122954518089
51.678000000000004,2.137653631797067,0.28078601115425017,-0.09529092637239664,7.739451368484189
51.698,2.138288578100935,0.28742886432668596,-0.09535671556017258,7.73963665817023
51.71,2.1387604519114536,0.2914625062528239,-0.09540529247889659,7.736388061278634
51.718,2.1391154527847727,0.29416616766060777,-0.09544170198518417,7.732624544394593
51.73800000000001,2.1400798386727984,0.3008436797884978,-0.09554511016175785,7.719934904069348
51.758,2.1410356196889464,0.3074017665675249,-0.09565831793889892,7.708505287092277
51.778000000000006,2.141899945278534,0.3140251836812013,-0.09576326731040555,7.7036499864826515
51.800000000000004,2.1427570579796362,0.32135596490553087,-0.09584297781190351,7.705298758941802
51.82,2.1435789752181034,0.32798567795395656,-0.09586557313771246,7.706861027592243
51.84,2.144567623003334,0.33464050187280325,-0.09583699896652034,7.702338006983354
51.86000000000001,2.1457193423178897,0.34124927122787857,-0.09576082997316301,7.69098597416029
51.88,2.1468871395835523,0.3476428572022344,-0.09563515109244017,7.678626239176089
51.900000000000006,2.1479617390475916,0.35394896087795463,-0.09545647295596918,7.671621389388829
51.92,2.148933297329153,0.3602462519694405,-0.09523251488541049,7.671449741514705
51.934000000000005,2.1495963917105643,0.3645967973399915,-0.09505453466450178,7.673027355260036
51.938,2.1497919049260203,0.3658317927200927,-0.09500102120879958,7.673319745121889
51.958000000000006,2.1508496470265763,0.3719749708157948,-0.09471945283506425,7.671736199187366
51.978,2.1520773704838585,0.37810031283464685,-0.09442736832975498,7.6630360510430995
51.998000000000005,2.1533778681384987,0.3840842010034421,-0.0941337180306849,7.6506003406568945
52.018,2.1546244332903424,0.38998653130316824,-0.09383816086823818,7.6413692502901736
52.038000000000004,2.155781514860848,0.3959717190098564,-0.09354959794800385,7.638995057657994
52.058,2.1568973372041595,0.401986945662127,-0.09329713557675953,7.641060357797656
52.078,2.158099928319097,0.40802941051321584,-0.09310047915791023,7.641314937958107
52.098000000000006,2.159494248150402,0.41417126843441,-0.0929699833810427,7.63494928987863
52.118,2.1610277423271063,0.42032875031966066,-0.09290990568428628,7.623148132329384
52.138000000000005,2.1625619262149534,0.42648143189099347,-0.09291450962281675,7.612419097914152
52.158,2.1640329862677206,0.43280368683509135,-0.09297195036417968,7.607938380372553
52.158,2.1640329862677206,0.43280368683509135,-0.09297195036417968,7.607938380372553
52.178000000000004,2.165445419441952,0.43925529414682096,-0.0930644570949544,7.609376341247201
52.198,2.1668993523412996,0.44574506876166475,-0.09317501258269043,7.611185836888267
52.218,2.168527097064827,0.45232556222510467,-0.09328409935883383,7.607414116193075
52.23800000000001,2.1703288765689552,0.45893178877312824,-0.0933793540989801,7.5967335994537954
52.258,2.1721566009168636,0.4654161681521122,-0.09345489447092906,7.584513486494906
52.278000000000006,2.1739094121960614,0.47190704554159724,-0.09350077525755787,7.577295278411012
52.300000000000004,2.1757259287865125,0.47913214738120957,-0.09350740626460743,7.577677596157174
52.32,2.1773486492456002,0.4856402147438981,-0.09347411692738086,7.580729306464799
52.34,2.17908994440867,0.49210245549476583,-0.09341051526637109,7.57934966489147
52.36000000000001,2.1810137228623923,0.49854749938563137,-0.09333341521493396,7.570571451598324
52.38,2.182983949795877,0.5048539457148202,-0.09326246276029784,7.5587840858076385
52.384,2.1833712359965647,0.5061042903514708,-0.09325014339046697,7.556724894933609
52.400000000000006,2.184880699307415,0.5111179261598973,-0.09321027462611373,7.551098157986436
52.42,2.186674685913044,0.5174777681394785,-0.09318890306976443,7.551274514567672
52.442,2.188561764349766,0.524467202823625,-0.0932097657761837,7.557607116531809
52.458000000000006,2.1899803904096986,0.5295382412251788,-0.09325410169269241,7.561267293267921
52.478,2.1919288730713435,0.535962056047003,-0.09334034652969911,7.5599507869073115
52.498000000000005,2.1940361629097707,0.54241630369184,-0.09345506210542812,7.551965777302316
52.518,2.1961401972386008,0.5488122628633282,-0.09358660685000988,7.543450334119727
52.538000000000004,2.198151716208755,0.5552892442696693,-0.09372054157546247,7.540858786440116
52.558,2.200053471514642,0.5618670751032997,-0.09384309463982024,7.545916995758897
52.578,2.2019195979308153,0.5683878348673558,-0.09394182779071045,7.55297083930361
52.598000000000006,2.2039101550820837,0.5749082079588425,-0.09401033160486719,7.555108182681359
52.61000000000001,2.205199584589211,0.5788437780650579,-0.09403710002158053,7.552442164074419
52.618,2.206085642779362,0.5814545389102241,-0.09404876955469202,7.549230963243588
52.638000000000005,2.208311290583795,0.5878665910993156,-0.09405626770921885,7.539170750629361
52.658,2.2104687297168217,0.5942305113709196,-0.09403984709806582,7.531686858506842
52.678000000000004,2.2125407778933237,0.6006581369808113,-0.09400723272992581,7.529563481016728
52.698,2.2145964857170615,0.6070874922058568,-0.09397290800354682,7.529143823417033
52.718,2.2167690648899314,0.6134781827080654,-0.09394709224030615,7.524111243550428
52.73800000000001,2.2191165266076083,0.6197951989169448,-0.0939433081353496,7.511127035858605
52.758,2.221527927658112,0.625885828044457,-0.09397475234538796,7.492919690356382
52.778000000000006,2.2238856852691455,0.6317767274166859,-0.09404098003598624,7.476102430718403
52.798,2.226191453992462,0.6377058845957086,-0.09413868046805765,7.4649141033445625
52.818000000000005,2.228490081069245,0.6437018873730853,-0.09425888335423274,7.458351923409144
52.834,2.2303981236291905,0.648523512453243,-0.09436286119752177,7.4527420258934045
52.838,2.230892792662447,0.649729677756354,-0.09438925713484228,7.45086098828816
52.858000000000004,2.233493469796945,0.6557438913366016,-0.09452111009118616,7.437225614631659
52.878,2.2362529328376564,0.6616193343969258,-0.09464806507827286,7.417020028357602
52.898,2.2390070730088136,0.6672182725361964,-0.09476161325324398,7.395107696086604
52.918000000000006,2.24169177440028,0.6726728296627292,-0.09484961389870447,7.3772745921050715
52.938,2.244353826183633,0.678141658780101,-0.09490541760442353,7.3650135378040575
52.958000000000006,2.2470765924997353,0.6836245552531418,-0.09493018966734054,7.354788314862841
52.978,2.2499700044392013,0.6890768161901403,-0.09493049736772127,7.341030942719344
52.998000000000005,2.253042166785548,0.69441110972036,-0.09491762889951313,7.321225224667429
53.018,2.256156030004846,0.6994797628790044,-0.09491059498945967,7.297820212366432
53.038000000000004,2.2592069303624824,0.7043038663645933,-0.09492075689069093,7.275817241968195
53.058,2.2622506479819147,0.7090739812515704,-0.09495663575306948,7.257814160408435
53.058,2.2622506479819147,0.7090739812515704,-0.09495663575306948,7.257814160408435
53.080000000000005,2.2656916769226685,0.714325892107768,-0.0950306295700992,7.240274996707837
53.1,2.2690217341804035,0.7190902745254149,-0.09513031651893325,7.221495080321291
53.120000000000005,2.27255109619701,0.7237659050446227,-0.09526063869596371,7.197814750759183
53.14,2.2761301062439236,0.7282366533011415,-0.09541321759970764,7.1715573604774905
53.160000000000004,2.279647261150576,0.7325029496254287,-0.09557213306111281,7.1470672084494105
53.18000000000001,2.2831475847847584,0.7366843032147472,-0.09572455799611154,7.126454507847634
53.2,2.2867069583078936,0.7408393786700801,-0.09585520711091858,7.108320270566857
53.220000000000006,2.2904221695944673,0.7449581174137778,-0.09595631910790778,7.0890479391577355
53.24,2.294337472023601,0.7489965655334989,-0.09602186079092292,7.065981937966983
53.260000000000005,2.298316706980672,0.7528462903790487,-0.09604407027000236,7.040359072529215
53.278000000000006,2.301850242442661,0.756139801058636,-0.09601571446452487,7.018239108664414
53.282000000000004,2.3026284814481723,0.7568585297428194,-0.09600213856448639,7.013713158952296
53.298,2.305741696053582,0.7597163121683577,-0.09591990462013614,6.997304514020438
53.318000000000005,2.309675864426613,0.7632681153281606,-0.09575444168486383,6.979718958964572
53.338,2.3137201112838044,0.7667693797870788,-0.09553215862566325,6.962331140902873
53.358000000000004,2.31791899623563,0.7701649208549665,-0.09527636400216552,6.94183475475487
53.378,2.3221713817511054,0.7733683211358987,-0.0950055230007413,6.918207802572988
53.398,2.3263423990733556,0.7763594702958047,-0.09473237815324595,6.894695325971732
53.418000000000006,2.3304463766859227,0.7792391308339468,-0.09447637882208162,6.874378005382034
53.438,2.3345981456030005,0.7820959721097889,-0.09426510822149728,6.857161140636917
53.458000000000006,2.3388859137489484,0.7849317675719183,-0.0941187441216155,6.840455807883243
53.478,2.343365586891874,0.7877072986966333,-0.09404955799018214,6.821210038819299
53.498000000000005,2.347945105438129,0.7903735832684102,-0.09405595252663254,6.799909021518228
53.506,2.349786214918259,0.7914178050468712,-0.09407787612961613,6.791702684461327
53.518,2.352578330398152,0.7930006432855865,-0.0941287162875519,6.7807985691105035
53.538000000000004,2.3573851436731568,0.795779996462763,-0.09424920547993179,6.768576241103454
53.558,2.3624337097969885,0.7987872253863485,-0.09439205561775396,6.765074031734266
53.578,2.367621361222746,0.8019069838642048,-0.09453079068553535,6.767570588385841
53.598000000000006,2.3729225612540765,0.8050284315615595,-0.0946401258305328,6.771281819656713
53.618,2.378379012961175,0.8081286385192068,-0.09470463461093984,6.773231319830421
53.638000000000005,2.3839527488226273,0.8112222507120863,-0.09472740523013798,6.774110424769384
53.658,2.3895935002695743,0.8143746734552122,-0.09471911281713133,6.777092927767398
53.678000000000004,2.39524882682672,0.8176234552854269,-0.09469410824778621,6.784406877221739
53.698,2.4008444419806096,0.8209088067489467,-0.09466353796385266,6.794671150449948
53.718,2.4064214073328354,0.8241766333327429,-0.09463113506305385,6.804105221576879
53.734,2.41093797858671,0.8267708718443225,-0.09460441594040328,6.808845897895285
53.73800000000001,2.412075618094389,0.8274167527175808,-0.09459751625649884,6.809583744472425
53.758,2.4177903525503273,0.8306369657772597,-0.09456242784086435,6.811372598373067
53.778000000000006,2.4235214160423086,0.8338934927422913,-0.09453243313948059,6.8127628139214025
53.798,2.4292448713525516,0.8372422359779739,-0.09451743501527435,6.8168830135508625
53.818000000000005,2.434936725492974,0.8406426715612527,-0.09451897689718716,6.822976812808852
53.838,2.4406664160735403,0.844035643871963,-0.09453194005222079,6.826798647097527
53.858000000000004,2.446520023286466,0.8473884097923012,-0.09455128379490788,6.824655066596086
53.878,2.452403199643514,0.8506679166525624,-0.09457488473654277,6.817587416483326
53.898,2.4582405894307136,0.853953603413538,-0.09459969916606217,6.8109177532906315
53.918000000000006,2.464093936608463,0.8573827873791362,-0.09462284840983168,6.809389274788924
53.938,2.469929041323097,0.8609229497669597,-0.09464717821974847,6.813145217497954
53.958000000000006,2.4757413551806566,0.8644489716323712,-0.09467637432618356,6.817505528171351
53.958000000000006,2.4757413551806566,0.8644489716323712,-0.09467637432618356,6.817505528171351
53.978,2.481675434553243,0.8679223053867676,-0.09470920635232713,6.817081435802578
53.998000000000005,2.48771055091546,0.8713122103930495,-0.09474932802560618,6.810719477261467
54.018,2.4936929221972677,0.8746492503531247,-0.09480306660408974,6.803256089157031
54.038000000000004,2.4996702925116643,0.8780940265638498,-0.09487067212861158,6.800603627137636
54.058,2.5056475761232284,0.8816838059904755,-0.0949504372877942,6.804790296205992
54.078,2.51154614256334,0.8852710177619675,-0.09504067982328243,6.811474580880554
54.098000000000006,2.5175067726262994,0.8887918668422385,-0.09513600621459159,6.814240644060661
54.118,2.5236184408265285,0.8922289633319787,-0.09523051837470334,6.8097794592533765
54.14,2.5302986847511413,0.8958960423356664,-0.095328993734313,6.800790910968043
54.160000000000004,2.536302929039597,0.89927375967192,-0.09540598513319912,6.7958392373059056
54.18000000000001,2.542291859237801,0.9028175606743897,-0.09546552081628121,6.798689502745836
54.184000000000005,2.543479952051921,0.9035402364152156,-0.0954751244323834,6.800217343060624
54.2,2.548161125817625,0.9064169343407571,-0.09550169235574016,6.807772881383043
54.220000000000006,2.5539449420279086,0.9099327005793822,-0.09550250251064776,6.815905207393755
54.24,2.5598090570745393,0.9133613564039924,-0.09545870826873418,6.818535879599294
54.260000000000005,2.56567303842746,0.9167289145770695,-0.09536714189522169,6.818246650106116
54.28,2.5714130976834455,0.9201338793860545,-0.09523052126663203,6.821852665223828
54.300000000000004,2.5769433448383,0.9236274870655607,-0.09505934792309736,6.8338656419270745
54.32,2.5821653374770306,0.927167206648948,-0.09486794888869274,6.8543139400993836
54.34,2.586963141923304,0.9306187829889293,-0.09465605950056646,6.879863295015047
54.36000000000001,2.591327710251765,0.9338935600389027,-0.0944138190975782,6.906462336619123
54.378,2.5949554660857115,0.9367254379283797,-0.09418139355793168,6.930157087129124
54.398,2.5987528791434475,0.9398689617716107,-0.0939402348728898,6.958199597304115
54.406000000000006,2.6002038291470773,0.9411422950617788,-0.09385531607349537,6.970352321566489
54.418000000000006,2.6022908340310145,0.9430610746028765,-0.09374468325451293,6.98975214800834
54.438,2.6055029159249377,0.9462674307494363,-0.09361442882175394,7.025262509417859
54.458000000000006,2.6084131678059133,0.9494895879651563,-0.09356517343807422,7.063921477543894
54.478,2.611102931327488,0.9527725662732422,-0.09360118657856023,7.104266865138071
54.498000000000005,2.6136378856910363,0.9561444070811931,-0.09371197389904543,7.144668860882323
54.518,2.616057744808061,0.9596124090228861,-0.09387650911873666,7.184231783822904
54.538000000000004,2.618378706713529,0.9632028777081909,-0.09407089050492615,7.22302072557404
54.55800000000001,2.6206049815082366,0.9669226075280692,-0.09427210936147387,7.261620643817857
54.578,2.622716405408113,0.9707586302608544,-0.09445993933957345,7.30010288667777
54.598000000000006,2.6246950240662117,0.9746478141035737,-0.09461941696206991,7.337357833449456
54.618,2.6265542483845867,0.9785146847782417,-0.09473961193053834,7.371561739374879
54.63,2.6276360700950607,0.9808161524994607,-0.09479023556451868,7.389889091876124
54.638000000000005,2.628354667604134,0.982354885937353,-0.09481524238268144,7.4010820228843714
54.658,2.6301735972127527,0.9862584345371321,-0.09485097823954683,7.425431950955984
54.678000000000004,2.6320491959008208,0.9902939734202547,-0.09485674563264482,7.44498719412517
54.698,2.6339930570642394,0.9945082847512048,-0.0948441686952515,7.460464324920252
54.718,2.635992239108522,0.9989206336294145,-0.09482961462821196,7.472909019326089
54.73800000000001,2.6380148969637474,1.0035324069850902,-0.09482743110645278,7.4838162849100875
54.758,2.6400279335044985,1.0083282599918029,-0.09484756121671425,7.494455886522137
54.778000000000006,2.642015677574114,1.013273114359563,-0.0948899352330432,7.505183485476342
54.800000000000004,2.6441820997601746,1.0188493360126736,-0.09495527903217124,7.5163089418207605
54.82,2.646154616716998,1.0240261806519808,-0.09502555960580547,7.524563395004167
54.84,2.648137141664879,1.0293013875260932,-0.09509368958914846,7.530517447888119
54.856,2.649720701769422,1.0335807269345663,-0.09513364518045678,7.533991163021449
54.86000000000001,2.6501149574371725,1.0346579230546147,-0.09514051147100336,7.534738248805919
54.88,2.652074830258456,1.040083627541372,-0.0951487559702743,7.5378373390213005
54.900000000000006,2.654035724741987,1.0455712864617412,-0.09510200503796576,7.539238328418838
54.918000000000006,2.655831240578209,1.0505475843058678,-0.09500429717898942,7.537766529047997
54.938,2.657863718782461,1.0560598842240385,-0.09483277889533534,7.532438660841866
54.958000000000006,2.659891772878311,1.0614965518456885,-0.09460022309302765,7.524688946550649
54.978,2.6618732013977313,1.0668696225082968,-0.09431493150448192,7.51730861433505
54.998000000000005,2.663796072088099,1.072220087231333,-0.09398893563157265,7.512282380713153
55.018,2.66567780399372,1.077544333494515,-0.09363763092436525,7.509273361721377
55.038000000000004,2.6675668143519995,1.0828320369760744,-0.09327805555942673,7.506101937506132
55.05800000000001,2.669504802290509,1.088089760879162,-0.0929263492480554,7.5008730735436275
55.078,2.6714844037848278,1.093302862413411,-0.0925951116961258,7.493695001891313
55.082,2.6718829647841997,1.0943409332790424,-0.09253217190527421,7.492180423103052
55.098000000000006,2.6734765685179527,1.0984936898338775,-0.09229507780963683,7.4865558473363825
55.120000000000005,2.675660522244014,1.1042635168190336,-0.09203327495721367,7.481415823379565
55.14,2.6776487061450553,1.1096100583931867,-0.09187679514180505,7.479880616961344
55.160000000000004,2.679659929195444,1.115056688595451,-0.09180360480097624,7.480534557020791
55.18000000000001,2.681725492729201,1.1206016996887935,-0.09180425911905762,7.481811986466422
55.2,2.683867072344329,1.1262434747727372,-0.09186131573201492,7.4822968719786465
55.220000000000006,2.6860707689825585,1.1319597378308848,-0.09195985636378354,7.481840831681846
55.24,2.68830184593928,1.1377328022049416,-0.09207590419275294,7.481516370491946
55.260000000000005,2.690538119668303,1.1435681888246931,-0.09219029887994698,7.482531743117636
55.28,2.6927649408197034,1.1494451124981122,-0.09230117809201335,7.485031991600443
55.298,2.694772530398727,1.1547501231341735,-0.09239465001293398,7.487575245457234
55.306000000000004,2.6956708209164475,1.1571122683905966,-0.09243206832124543,7.488468090749905
55.318000000000005,2.6970309281379437,1.1606633347080355,-0.09248203362013038,7.4892783451416305
55.338,2.6993287185066537,1.166594374111434,-0.09254690395680495,7.489210819422998
55.358000000000004,2.7016293249578727,1.1725412329999914,-0.09258746985596647,7.488919503234381
55.378,2.7038858660888465,1.1785636468415013,-0.09260422893301914,7.4917959005450765
55.398,2.7060499210937152,1.184697268223102,-0.09259903274966294,7.500799675095498
55.418000000000006,2.7080745520052805,1.1908300582918288,-0.09256972835270208,7.515918074919163
55.438,2.709933176607168,1.196769710056445,-0.09250991693591235,7.534436489386685
55.458000000000006,2.711637392042687,1.2024477662735897,-0.09243087993248919,7.554075490393853
55.478,2.7131876774804797,1.2079310060381916,-0.09234431480022101,7.5752019864571745
55.498000000000005,2.7145436388686965,1.2133319088232033,-0.09226930656268986,7.600212890639891
55.518,2.7156439061873296,1.2186088903689487,-0.09222647153233723,7.63020189293849
55.53,2.716169416302279,1.2216832160328805,-0.09222523863222917,7.650453852958878
55.538000000000004,2.7164649198613198,1.223692452958439,-0.09223679407456162,7.6647615420117905
55.55800000000001,2.7170116084875056,1.2285995646620265,-0.09231384519580224,7.7028017011091015
55.578,2.717319215976442,1.2333800230487268,-0.09246031933289581,7.743193489712534
55.598000000000006,2.717409522350848,1.238082518720292,-0.09266517784480574,7.784993669066503
55.620000000000005,2.717266190964642,1.243192882577886,-0.09293507854167629,7.8317823599222445
55.64,2.7169112165892777,1.2477921791847575,-0.0931985347234133,7.874832741620515
55.660000000000004,2.7163415551558296,1.2523200937083523,-0.09345753110472824,7.918382563741714
55.68000000000001,2.715563963679687,1.2567789625996506,-0.09369716312561269,7.962333849177419
55.7,2.7145918857055453,1.2611491584875951,-0.09390679250208664,8.006469800258735
55.720000000000006,2.7134371274128233,1.265426571978121,-0.09408387086157624,8.050618829894967
55.74,2.7121184498398607,1.2695933318541734,-0.09423240074138942,8.094678016094825
55.756,2.7109532875042994,1.2728508532193594,-0.09433615793371244,8.129833084880643
55.760000000000005,2.710644296269017,1.2736544152341116,-0.09436073971912926,8.138608251921099
55.78,2.7089885083642358,1.2776180392489753,-0.09447998897063051,8.182400840602499
55.800000000000004,2.7071612482828464,1.2815017005328415,-0.09460032090103929,8.226079934615024
55.818000000000005,2.705383442944024,1.284905667331297,-0.09471547278457168,8.265066373355168
55.838,2.7032945337320444,1.2885564987120315,-0.094851751757659,8.307070110799287
55.858000000000004,2.7011367556273274,1.2920761800366436,-0.09499509165400064,8.34606860524555
55.878,2.6989617599340585,1.295501500633205,-0.09514020129126846,8.380627093555072
55.898,2.696738414997539,1.298926508740458,-0.09528479810846804,8.410269454224595
55.918000000000006,2.6944139263322167,1.3024562631234158,-0.09542379282474181,8.435522488227594
55.938,2.6919656021049674,1.306123617076124,-0.09555543063915475,8.456978471080467
55.958000000000006,2.689374466645948,1.3099659620399342,-0.09568069540807014,8.474699159973067
55.978,2.6866237018912202,1.3140338758732686,-0.09579998396478331,8.487990680232492
55.978,2.6866237018912202,1.3140338758732686,-0.09579998396478331,8.487990680232492
55.998000000000005,2.6837131904015536,1.3183445533856595,-0.09591362214795082,8.496218851018565
56.018,2.680668440417032,1.322867871625908,-0.09601868706397079,8.499327349715411
56.038000000000004,2.6775297755617067,1.3275457514836668,-0.09610723398342721,8.497824830876011
56.05800000000001,2.674329301263481,1.3323301156477483,-0.09617039827314008,8.4924403695674
56.078,2.6710953753214497,1.337191253760161,-0.0961982780780555,8.483678892279856
56.098000000000006,2.6678645037719564,1.3421152166622468,-0.09617559886083402,8.47140528414324
56.118,2.6646867649475032,1.3470884788753001,-0.09608453036424022,8.455052226911226
56.138000000000005,2.6616312865457417,1.3520606598261131,-0.09590915145358583,8.434342581902918
56.158,2.658783041123658,1.3569382142093276,-0.09563412042775413,8.409747762848033
56.178000000000004,2.6562009416800545,1.3616289095415368,-0.09525671159151919,8.382185071795709
56.198,2.6539087486391173,1.3661097169006342,-0.09478644423000629,8.35223660680135
56.206,2.6530756356460636,1.3678533902024999,-0.09457712890200073,8.339569023514565
56.218,2.6519149166614278,1.3704238190847844,-0.09424647345730389,8.319801857444592
56.23800000000001,2.650206748520023,1.374586340282578,-0.09366638631126198,8.285033789765993
56.260000000000005,2.6486575762057294,1.3789899017657206,-0.09303769078088406,8.244716805578548
56.28,2.6475317392193682,1.382870953799448,-0.09253731105211768,8.206580465991465
56.300000000000004,2.6466400548090467,1.386662171314348,-0.09214885448372842,8.16728164466732
56.32,2.6459771023308107,1.3903838837092186,-0.09190291715017804,8.126773396947817
56.34,2.645519955809272,1.3941120265459221,-0.09181751991897322,8.085146930592149
56.36000000000001,2.6452243012146597,1.3979437446605167,-0.09189297526025778,8.042704787563652
56.38,2.6450622205383625,1.4019378970899832,-0.09210691404363949,7.999676627379958
56.400000000000006,2.6450323774516598,1.4061104249460838,-0.09241869785102033,7.9562722096730045
56.42,2.6451644547558444,1.4104147887534797,-0.09278127488670959,7.912571236614801
56.428000000000004,2.6452626823323255,1.4121603526743922,-0.09292901470958101,7.894981053801127
56.440000000000005,2.6454594783220275,1.4147903700689168,-0.09314399974001694,7.868493675866863
56.46,2.6459247262424457,1.419177433276227,-0.09346408952026111,7.824091056948013
56.480000000000004,2.646568180795422,1.423518179893104,-0.09370832799627118,7.779426731064335
56.5,2.6473839552021388,1.4277570312845538,-0.09385467367247638,7.734660064070206
56.52,2.648357775742667,1.4318382680637975,-0.09390270378680507,7.689998879400999
56.540000000000006,2.6494791049708613,1.435715177012171,-0.09386154252126952,7.645608327050317
56.56,2.6507479281867594,1.4393656513347532,-0.0937516882343746,7.601482166856233
56.580000000000005,2.6521641726033263,1.4428112019452586,-0.09360607910402982,7.557560166566685
56.6,2.653723970126566,1.446095975698328,-0.09346862513916818,7.513841057911794
56.620000000000005,2.6554275553403484,1.449266263291417,-0.0933738463278844,7.470285120363538
56.64,2.6572932246547643,1.452388804625587,-0.093351184501368,7.426873034911552
56.652,2.6585075001010257,1.454271048348045,-0.09337812921154429,7.40088597116585
56.660000000000004,2.6593632110725522,1.4555349314513042,-0.09341325514775453,7.3835904345236525
56.68000000000001,2.6616596902366525,1.4587371049428048,-0.09355668213331245,7.340410331728134
56.7,2.6641786265677787,1.4619870308534009,-0.0937650087885257,7.297277965416748
56.720000000000006,2.666900941900195,1.4652738416574695,-0.09401440981844242,7.254136440284108
56.74,2.66981634333301,1.4685506026274406,-0.09427668138026149,7.210967345343755
56.760000000000005,2.6729074479654096,1.4717748495908138,-0.0945213945748494,7.16776684324412
56.78,2.676139893479837,1.4748786330861496,-0.09472236103941892,7.124511173837885
56.800000000000004,2.6794789160063948,1.4778141878012692,-0.09486314204756549,7.081218928990717
56.82,2.682876965002058,1.4805336267654057,-0.09493264745846111,7.037940681468251
56.84,2.686278888148185,1.4830117024492524,-0.0949314145110369,6.994768665434693
56.86000000000001,2.6896784928293593,1.4852504338456116,-0.09487787280672597,6.951761348357143
56.88,2.6930959475570746,1.487280070353309,-0.09479928817261066,6.908834290377074
56.88,2.6930959475570746,1.487280070353309,-0.09479928817261066,6.908834290377074
56.900000000000006,2.6965450448067685,1.4891232773066816,-0.09472360972548818,6.866022549251006
56.918000000000006,2.6996949589252965,1.4906345561835237,-0.09467935463256352,6.827629459640257
56.938,2.7032939939701595,1.4921624113344176,-0.0946778234343015,6.7851191800917245
56.958000000000006,2.7070382090816834,1.4935655590849324,-0.09473765700630019,6.742699898530965
56.978,2.71094539175823,1.4948546370506761,-0.0948601800304438,6.700426588526846
56.998000000000005,2.7150198455813963,1.496047750381278,-0.09503717147186228,6.658354149755258
57.018,2.71925577152459,1.497135647587208,-0.09525181811903635,6.6164907808937246
57.038000000000004,2.723629896454035,1.498106082310931,-0.09548330556417692,6.574784733587702
57.05800000000001,2.728101645559235,1.498929776164612,-0.09570639237490072,6.533159533797136
57.078,2.732633273806398,1.4995935917642793,-0.09590007550834165,6.49162483469153
57.098000000000006,2.737178671970519,1.5000815317404959,-0.09604910244605022,6.450226006686539
57.102000000000004,2.738083905425821,1.5001571148857282,-0.09607243994869116,6.441967024938988
57.118,2.7416696766494884,1.5003869046855849,-0.09614217566110897,6.409045360597894
57.138000000000005,2.746056665147469,1.5005074550101005,-0.09617598017117371,6.368084557050605
57.158,2.7503226300993187,1.5004354196319603,-0.09615873892847668,6.327217334650753
57.178000000000004,2.754470330168044,1.5001829124960477,-0.09611045054868664,6.286380455081057
57.2,2.7589177504337856,1.4996960389595126,-0.09604840132581924,6.24157064359612
57.220000000000006,2.7628837476691928,1.4990645480151292,-0.09600851867782109,6.2009834071327585
57.24,2.766824591966077,1.4982648967702228,-0.09600474006203283,6.160477941214683
57.260000000000005,2.770778295572264,1.4972942360618609,-0.09604844700720824,6.120011459279863
57.28,2.7747715788990392,1.496140447039236,-0.09614202037429989,6.079662484768429
57.300000000000004,2.7788086244947006,1.4948159734035373,-0.09628049685190185,6.039487059639176
57.32,2.7828871954938887,1.493324075107695,-0.09645225478105615,5.999416562020485
57.328,2.7845277583746393,1.4926786207007618,-0.09652657718215704,5.983384829516865
57.34,2.7869946566368826,1.4916577739944599,-0.09664058442819992,5.959320832807764
57.36000000000001,2.79110063827054,1.489825786868314,-0.09682749580661201,5.919208496100384
57.38,2.7951672155244434,1.4878339974672845,-0.09699492632105197,5.879206713519586
57.400000000000006,2.7991537015761656,1.4856957567115898,-0.09712507692090203,5.839387335997923
57.42,2.8030054384377077,1.4834313349993802,-0.09719790005043064,5.799712939855716
57.440000000000005,2.806671272850538,1.4810647300588013,-0.09719918099720185,5.760036363374421
57.46,2.810126690650953,1.4786162594704813,-0.0971238964075141,5.720250887332943
57.480000000000004,2.8133559981402714,1.476112036024421,-0.09697081757112344,5.680506978558029
57.50000000000001,2.816359860598451,1.4735615500117096,-0.09674693327824832,5.641004004488584
57.52,2.819172176165618,1.4709512683954942,-0.09646774332335437,5.6017392592666475
57.540000000000006,2.821823371158217,1.4682723221605092,-0.0961538141992305,5.56262013247785
57.55200000000001,2.8233362147009284,1.4666265889703995,-0.09595803617522156,5.539147813687567
57.56,2.824310459833993,1.4655114808997896,-0.09582768129321859,5.523474141404392
57.580000000000005,2.826630724041374,1.4626648189514515,-0.09551360052257049,5.484179909669272
57.6,2.8287938807163244,1.4597443612065897,-0.09523258270174792,5.444799478683187
57.620000000000005,2.830817068629636,1.4567567209303702,-0.09501053682133778,5.405400653985228
57.64,2.832727175025488,1.453670338700384,-0.0948668506845157,5.365922018464081
57.660000000000004,2.8345524878613877,1.4504567047371888,-0.09480727649869894,5.326518205925846
57.68000000000001,2.8363217669798573,1.447095267400172,-0.09482544208187207,5.2879774674575915
57.7,2.838057542244065,1.4436054599266588,-0.09490328150875335,5.251502893333081
57.720000000000006,2.8397859727473014,1.4400122000769815,-0.09501763368211416,5.218452551889828
57.74,2.841546273931344,1.4362841189202675,-0.09514568370537993,5.189633038899642
57.760000000000005,2.8433731686324877,1.4323736515635617,-0.0952658556846255,5.1648308225187565
57.778000000000006,2.845085347128626,1.428678747880491,-0.09535983358333025,5.145519207618163
57.778000000000006,2.845085347128626,1.428678747880491,-0.09535983358333025,5.145519207618163
57.798,2.8470724789303974,1.4243591752530826,-0.09544250971936283,5.127325945236047
57.818000000000005,2.8491653474553162,1.4197875430943343,-0.09550509276105071,5.112875752070275
57.838,2.8513712983244606,1.4149696592541883,-0.095553059606196,5.102652391645449
57.858000000000004,2.8536858445030258,1.4099280847257039,-0.09559271732627347,5.097022594096549
57.878,2.8560880568768807,1.4047123580774148,-0.09562771790669686,5.095980413769849
57.898,2.8585529979023976,1.3993873961311636,-0.09565548979241731,5.099198090475811
57.918000000000006,2.8610616758293297,1.3940005966012705,-0.09566647662838937,5.106086538475606
57.938,2.8635981258115812,1.3885862150807031,-0.09564840344369543,5.115612702340521
57.958000000000006,2.8661415851527714,1.3831601364185124,-0.09558272832232342,5.1262870308560835
57.978,2.8686777017459044,1.377726004020396,-0.09545143737485604,5.136415258420843
57.998000000000005,2.8711817950686482,1.3722751967813829,-0.09524464148161146,5.144172815271734
58.002,2.871677709464305,1.3711845355131016,-0.09519415800893696,5.145355577201546
58.018,2.873643468034502,1.3668361782243728,-0.09496376577241464,5.148981273656529
58.038000000000004,2.8760677431141133,1.3614659346670825,-0.09461927897856151,5.151904866049925
58.05800000000001,2.8784874431283227,1.356192273707132,-0.09422662409888757,5.154888195190214
58.078,2.8809203547402102,1.3510221993910083,-0.09380172191289246,5.159114679911633
58.098000000000006,2.883351884734323,1.3459490298675645,-0.09336005693641622,5.164004171148713
58.118,2.885762193854696,1.3409201590934505,-0.09291644218511189,5.167665655725776
58.138000000000005,2.8881453722457615,1.3358824501092998,-0.09248713519484555,5.1686232504488165
58.158,2.8905102231016584,1.3308316165169285,-0.09208513904011764,5.167169032838502
58.178000000000004,2.892888780396811,1.3257684333352544,-0.09172977671176633,5.165161067156718
58.198,2.895335149361193,1.3206675072353145,-0.09145369480670043,5.164663802868563
58.220000000000006,2.8981162541320176,1.314969825303403,-0.09126171006909686,5.16592625052754
58.228,2.899146267980753,1.3128597529859638,-0.0912217461201317,5.166349209977293
58.24,2.900703716889674,1.3096377596625324,-0.09119023725520067,5.16627177382338
58.260000000000005,2.9033159102485864,1.3040775629058583,-0.09120691790546157,5.162582214371366
58.28,2.905899432139375,1.2982914858514747,-0.09129801801815826,5.1527117077103695
58.300000000000004,2.908392175232781,1.2924338760272538,-0.09144202813199451,5.137350404422908
58.32,2.910769519655869,1.286663866199239,-0.091613712380992,5.11959357122246
58.34,2.91306712132976,1.2810019199498384,-0.09178620879716567,5.102050334033829
58.36000000000001,2.91528838551084,1.2754076847538351,-0.09193483452510867,5.084877332579696
58.38,2.917401756660529,1.2698367111377307,-0.09203642927993053,5.066374626850727
58.400000000000006,2.9193678566135555,1.2642768468653787,-0.09208140677886748,5.044972428830238
58.42,2.9211570370448174,1.25882807923848,-0.09206799506263932,5.021353939624973
58.440000000000005,2.9227765542826996,1.2535860315334628,-0.09199502672285245,4.997857971625742
58.452000000000005,2.9236896797503764,1.2505270544907954,-0.0919281319926328,4.984679340845557
58.46,2.9242795902955048,1.248511833110472,-0.09187736704992824,4.976369233851649
58.478,2.9255564694594107,1.2440117343264099,-0.09175585028751562,4.958770352627184
58.498000000000005,2.9268808076361688,1.2390190837099864,-0.09162979312282402,4.939956306704843
58.518,2.9280962315492225,1.2340103396667041,-0.0915381948485611,4.92115573029608
58.538000000000004,2.9292328641020924,1.2289695450608904,-0.09150165644773697,4.903402481907342
58.55800000000001,2.9303667918245733,1.2238105337583647,-0.0915323629985553,4.889351574349421
58.578,2.9315704620816736,1.2184382751662142,-0.09163392541909995,4.881625482940649
58.598000000000006,2.932862688052449,1.2128615211418126,-0.09179506775641252,4.88084546617741
58.618,2.934192049393658,1.2071776643057708,-0.0919950512915633,4.885019536189269
58.638000000000005,2.935497444076382,1.2014053559859978,-0.09221278964084625,4.890535058025172
58.658,2.936742527518885,1.1954881033171723,-0.0924249825885318,4.894139054171191
58.678000000000004,2.93793915961972,1.1894102030312443,-0.09261069950439646,4.895268431397042
58.678000000000004,2.93793915961972,1.1894102030312443,-0.09261069950439646,4.895268431397042
58.698,2.939158801771856,1.1831667016482448,-0.09275251671113002,4.896551233018812
58.718,2.9404769219462903,1.1767490735727157,-0.09284892356446936,4.901238608153131
58.73800000000001,2.94189501164557,1.1702233006280502,-0.0929022630773437,4.909827425055431
58.758,2.943348772977994,1.1636388453554236,-0.09291274631128374,4.918997226513084
58.778000000000006,2.944775154496732,1.1568970927698712,-0.09287901009243119,4.924414384324143
58.798,2.9461323370106385,1.149944882987723,-0.09281052580719765,4.923496435351963
58.818000000000005,2.9474403205924427,1.1429052869780298,-0.09273103384140527,4.918309854465528
58.838,2.9488078584316044,1.1358115478134665,-0.09266475829244433,4.914197408293669
58.858000000000004,2.950332408362682,1.1285328082711783,-0.09263150914963,4.914980782949529
58.87800000000001,2.951974518816778,1.121087287644883,-0.09264541039710791,4.919454618713016
58.898,2.9536026635553307,1.1134859884441155,-0.09271218523018868,4.922013230217452
58.902,2.953919430028232,1.1119409320743996,-0.0927317650732887,4.921873122049476
58.92,2.955290034635647,1.1048944314308575,-0.09284483926253315,4.918014311358307
58.940000000000005,2.956739379354879,1.0969871629940318,-0.09301390609836438,4.909579211542962
58.96,2.958231574184229,1.0890616025206579,-0.09321691011569386,4.902827246435989
58.980000000000004,2.959868488033986,1.081086931783759,-0.09343879358702292,4.902608117464361
59.00000000000001,2.9616269148718226,1.0731171872102725,-0.09366756546414692,4.908559456173773
59.02,2.9633506764805495,1.0651847496479518,-0.0938905629570608,4.914461109800869
59.040000000000006,2.964944624856839,1.0572023119201421,-0.09409623649696422,4.914348390575095
59.06,2.9663867178138914,1.0491862683230573,-0.09428117166765485,4.90732385269534
59.080000000000005,2.967798145148628,1.0412080091534393,-0.0944450808149617,4.898982248979099
59.1,2.9693195992497055,1.0332381610346555,-0.09458453827229171,4.895905898489297
59.120000000000005,2.9709894385343123,1.0252580248264314,-0.09470294178543978,4.899914481217532
59.124,2.971333463364053,1.0236631959363978,-0.09472480897872668,4.901286823658621
59.14,2.972703299012935,1.0172741907666016,-0.09480692110597835,4.906744775402311
59.160000000000004,2.9743304364431538,1.0092285059962074,-0.09489872551715253,4.909787505142193
59.18000000000001,2.9758185861293294,1.001104101978826,-0.09498282830271668,4.906235323669234
59.2,2.977232749622112,0.9929643599501887,-0.09506587662787844,4.899119949335394
59.220000000000006,2.978723511367601,0.9848251302240454,-0.09514732845756294,4.895086812382943
59.24,2.980358502148763,0.9766906142755449,-0.09522773061761095,4.897571804214971
59.260000000000005,2.9820831999606234,0.9685918201431718,-0.09531300263220469,4.904589231173161
59.28,2.9837537568175163,0.9604925820908339,-0.09540147187903422,4.909564144524248
59.300000000000004,2.9852927338732878,0.952330138151359,-0.09549082976762749,4.908296346496848
59.32,2.9867277851651335,0.9441408987736086,-0.0955866612755992,4.90190369138654
59.34,2.988196464358074,0.9359429856343893,-0.0956898436603427,4.896569834505682
59.354000000000006,2.989304652695306,0.9301758299180309,-0.09576480524591766,4.896027920067515
59.358000000000004,2.9896340071054293,0.9285231009868024,-0.0957868222864903,4.8963869610822615
59.37800000000001,2.9913060492287005,0.9202461464149809,-0.09590169045271221,4.899676799345373
59.398,2.992899933264955,0.9119705663323003,-0.0960199254770879,4.900055149155693
59.418000000000006,2.9942926420378186,0.9038011554162546,-0.09613603769745047,4.893045457954925
59.438,2.9954711391263595,0.8958420806359253,-0.09625231940878967,4.878731897575776
59.458000000000006,2.996534936852106,0.8880367408912586,-0.09636949941655645,4.861854616248816
59.478,2.9976297257975686,0.880198060032547,-0.09648174624707731,4.848160280687861
59.498000000000005,2.9987708186978312,0.8722070793708572,-0.0965838711217906,4.8382343027862
59.518,2.999806244948685,0.8641480107684709,-0.09666836597178927,4.826781842753266
59.538000000000004,3.0006141942430626,0.8562433597351619,-0.09672438814182202,4.810321022860549
59.55800000000001,3.0011782079453657,0.8486537563175048,-0.09673987364708733,4.7885143132673935
59.576,3.0015219438779748,0.8420925505398758,-0.0967088722311801,4.766511373233294
59.580000000000005,3.001583740956783,0.8406604264927088,-0.09669499749374413,4.761664286852763
59.6,3.001856755945439,0.8335582306679823,-0.09658170336046448,4.739332820687705
59.620000000000005,3.002088415456245,0.82643230224941,-0.09639572005975097,4.72108268791243
59.64,3.0022161040552606,0.8192462628106636,-0.09615077542073183,4.704670914777731
59.660000000000004,3.0021571864742196,0.812100257994854,-0.09587079341834906,4.68678653046421
59.68000000000001,3.0018883020080476,0.8051106348942271,-0.09558504857041214,4.665903411320632
59.7,3.0014381696023222,0.7982791613779594,-0.09532054690988115,4.642930543746054
59.720000000000006,3.0008644397174087,0.7915088649056383,-0.09510704072848633,4.620770082530774
59.74,3.0002080494737733,0.7846347872246224,-0.09497790809914394,4.601596616206887
59.760000000000005,2.9994456990069787,0.7775630620153257,-0.09495509143383626,4.584688839289916
59.78,2.9985048220888224,0.7703122001264258,-0.0950440737690558,4.567205519103689
59.800000000000004,2.997361309571925,0.7629807679962213,-0.09523488133368904,4.547332219430137
59.800000000000004,2.997361309571925,0.7629807679962213,-0.09523488133368904,4.547332219430137
59.82,2.9960316071823003,0.755643822114652,-0.09550148920059495,4.525443458242414
59.84,2.994569409511663,0.7482995898280143,-0.09580837609197082,4.504042726188047
59.86000000000001,2.9930214560418484,0.7408912141527164,-0.09611391083810819,4.485468662521881
59.88,2.991385958540942,0.7334020653045259,-0.0963755265623504,4.469612570332769
59.900000000000006,2.9895918825971237,0.7258649585900143,-0.09656529574185638,4.453660666304289
59.92,2.9876091781047935,0.7183562817379423,-0.09666951746606614,4.435452198261801
59.940000000000005,2.9854713703477014,0.7109699186599014,-0.09668671366409584,4.415122470879529
59.96,2.9832382697903816,0.7037386585463627,-0.09662798880038545,4.395196288677375
59.980000000000004,2.9809496995929914,0.6965797556853328,-0.09652084406319836,4.377973042801619
60.00000000000001,2.978572188752152,0.6894359286795504,-0.09640167104047767,4.363093728639097
60.02,2.97603364449764,0.6823091087543367,-0.09630859431718583,4.347811795354696
60.024,2.97550320228493,0.6808888311048256,-0.09629593808002648,4.3445084076490765
60.040000000000006,2.973311407577302,0.6752349748156501,-0.09627164686310166,4.330192329146877
60.06,2.970427599767703,0.6682446954792722,-0.0963089204429787,4.310462862129306
60.080000000000005,2.967425088394878,0.6613101656460774,-0.09642651209581768,4.291047376680936
60.1,2.9643287080694964,0.654336741030489,-0.09661644308753967,4.274215530931887
60.120000000000005,2.961129038274014,0.6473017869638417,-0.09685824344378388,4.259754587698789
60.14,2.9577727610443127,0.6402584850568376,-0.09712512912605517,4.244859206076203
60.160000000000004,2.9542301381014027,0.6332657839477225,-0.09739041689269909,4.227411266454618
60.18000000000001,2.9505507786764613,0.6263880648868488,-0.09762564187460623,4.207958148182298
60.2,2.9467944784388767,0.6196210726216725,-0.09780068901237446,4.189164712664719
60.220000000000006,2.9429827914736175,0.6128773064359481,-0.09789078091719569,4.173422327053598
60.24,2.93911410793681,0.6061527745267763,-0.09787659416604536,4.160488065376958
60.248000000000005,2.937540166517654,0.6034837318713869,-0.09784126597479101,4.155455180525183
60.260000000000005,2.935143266434419,0.5995145788219778,-0.09775989147910372,4.147506855240421
60.28,2.9310647866864628,0.5930245707065143,-0.09755878026360368,4.132977085376209
60.300000000000004,2.9269502860536796,0.5866975006906703,-0.09729209680298653,4.118598318927583
60.32,2.9228484229871237,0.5804181858724506,-0.0969827299142825,4.10868980543424
60.34,2.9187776359420146,0.5741036559503968,-0.0966598407035266,4.1057713602272194
60.36000000000001,2.914731860156065,0.5677676833324322,-0.09635268581122111,4.108541109937555
60.38,2.91064293834304,0.5614418438892668,-0.09607914695051448,4.11292951894734
60.400000000000006,2.906425060092546,0.5550968129258429,-0.09584960831078301,4.115106288346453
60.42,2.902101577471252,0.5486976953165763,-0.09567339827041113,4.115626104729138
60.440000000000005,2.897750547994638,0.5421686250613672,-0.0955555772256643,4.118701726727366
60.46,2.893431222023711,0.5354858739492229,-0.09549535862006456,4.12645090567082
60.476000000000006,2.8899947676224653,0.5300703354755083,-0.09548540937575054,4.134534989614211
60.480000000000004,2.8891302321323584,0.5287097861207715,-0.0954876214490922,4.136453522297101
60.50000000000001,2.8847251095416833,0.52186068889533,-0.09552283368360556,4.14340149736231
60.52,2.8801696761597384,0.5149436134364493,-0.09559056225713888,4.144925867626946
60.540000000000006,2.8755612636951215,0.5079509066959508,-0.09567660460299485,4.144415647330739
60.56,2.8710179473510573,0.5008465914191583,-0.09576452011958594,4.147371826576332
60.580000000000005,2.8666017349340285,0.49366333145894015,-0.09584221908643495,4.155357980405847
60.6,2.8622689164543247,0.48649652434013024,-0.09589964128285092,4.16462852389893
60.620000000000005,2.8579038174232014,0.47941641483240127,-0.09592114149996248,4.169164986864118
60.64,2.853466149856186,0.47246718652803577,-0.0959070122708787,4.166518366401326
60.660000000000004,2.849026490352763,0.46564347251197724,-0.09587103304525671,4.159092689156084
60.68000000000001,2.844684330125327,0.45884803300694943,-0.09582001141577781,4.153417773178711
60.7,2.8404625245591513,0.45198015911384704,-0.09576523544368507,4.153691680299138
60.7,2.8404625245591513,0.45198015911384704,-0.09576523544368507,4.153691680299138
60.720000000000006,2.8363204862617586,0.44505000239143566,-0.09572480821865123,4.158664114384051
60.74,2.8321352395538653,0.4381390826572946,-0.09570793706315742,4.16207913589996
60.760000000000005,2.8278133572333255,0.43127113950584556,-0.09572088924672364,4.159604403718964
60.78,2.823383076442064,0.42444739916968444,-0.09577195284199938,4.152007579604705
60.800000000000004,2.818962445966951,0.41760428772713354,-0.09585920411754537,4.145222222507361
60.82,2.814611415528754,0.41064270879799286,-0.09597341697220099,4.144312672093045
60.838,2.810769721192066,0.40429156540362976,-0.09609257642558491,4.148748012792985
60.858000000000004,2.8065030645969404,0.3972360959930584,-0.0962342619282168,4.154683890240971
60.87800000000001,2.8021206559380016,0.39022197208728604,-0.0963710461090381,4.1556029315338066
60.898,2.797606957663708,0.38329454822743697,-0.09649224563153794,4.14946090448901
60.918000000000006,2.793059466968368,0.37646403637195924,-0.09659503647275505,4.139708798891808
60.922000000000004,2.7921535993972606,0.37509899072429265,-0.09661290154666971,4.137877268674909
60.938,2.7885384366024097,0.36959312662638133,-0.09667023427829649,4.1323093542276155
60.958000000000006,2.7840233200113977,0.36262829427695903,-0.09670361868756808,4.128343684410006
60.978,2.779462262798576,0.35573749667241916,-0.09668575675710242,4.122257887899083
60.998000000000005,2.7749082621541628,0.34919665150985946,-0.09660305383634096,4.109764498621962
61.018,2.7704774947309048,0.3431999293671908,-0.0964580191220771,4.0899882687158025
61.038000000000004,2.7662081352764663,0.33777059001107457,-0.09625127699491479,4.064296648367901
61.05800000000001,2.7620649896545304,0.3328248341253043,-0.09598508503754213,4.035041566107247
61.078,2.757995781805563,0.32821200440465625,-0.0956756938395675,4.005184964080849
61.098000000000006,2.753933775694292,0.3238083898825957,-0.09535237750134926,3.9764919026576853
61.118,2.7497950792775643,0.3195365017541113,-0.09505266141964694,3.9483170582291716
61.138000000000005,2.745549427565782,0.3154134680682712,-0.09481280914325782,3.919381203865766
61.150000000000006,2.742962696147696,0.31303237677884527,-0.09470828082918623,3.9014435445081435
61.158,2.7412207346197754,0.3114864915434416,-0.09465729138394555,3.889232259856623
61.178000000000004,2.736785760264831,0.30773769497235653,-0.09459994482633552,3.8580410536539325
61.198,2.732207166604229,0.3041004395932136,-0.09464444206942293,3.8267619714072567
61.218,2.727434655298586,0.30048887091776244,-0.09478254231065322,3.796501780891171
61.23800000000001,2.7224359686558857,0.2968865578570756,-0.09499923257516105,3.767528329874823
61.258,2.717206812056983,0.29331562933283534,-0.0952752939056323,3.739125155609571
61.278000000000006,2.7117764967604683,0.28982150793336453,-0.09558073106701939,3.7103457821244943
61.300000000000004,2.705653386884141,0.286123064806818,-0.09591073803629199,3.6781605204965735
61.32,2.6999837448513575,0.2829047400748059,-0.09617130918257141,3.64930994207923
61.34,2.694211984545481,0.27979471365968567,-0.09637045961288218,3.6218329735809167
61.36000000000001,2.6883343278694167,0.27679336059717424,-0.096495131610249,3.595776868867978
61.37200000000001,2.684755619037934,0.2750524098034516,-0.09653307748239823,3.5804706194302804
61.38,2.6823487610637193,0.273920474251099,-0.09654414299118938,3.5702873912320925
61.400000000000006,2.6762738194223124,0.2712022267267615,-0.09652972675282936,3.544853191700835
61.42,2.670135599469697,0.26862977518352915,-0.09647397398656524,3.5200783759539327
61.440000000000005,2.6639103013386882,0.26614208740231465,-0.09640520426935131,3.497752972192216
61.46,2.6575352535726613,0.2636649861315432,-0.09635352362849212,3.4797393945088126
61.480000000000004,2.6509532356396313,0.2611699605161808,-0.09634620880483671,3.4661600066181935
61.50000000000001,2.6441330785150803,0.2587122053520389,-0.09639933274066412,3.4540237723939624
61.52,2.637061172761039,0.25636422170244494,-0.09651893118108915,3.4400004295031987
61.540000000000006,2.6298186454862464,0.2541536322491641,-0.09669854240133982,3.4235298693426968
61.56,2.622480142885126,0.252038734650065,-0.09692279062910711,3.4070662477839533
61.580000000000005,2.615041068791553,0.24992221274588655,-0.09716512213453135,3.3941435993876756
61.596000000000004,2.6090101831818693,0.248222492359508,-0.09734991334348278,3.386859070583845
61.6,2.607490421691455,0.24780078614071221,-0.09739282281968739,3.3852074400424446
61.620000000000005,2.599815457092238,0.24575963537719334,-0.09757618475581833,3.3759531142459336
61.64,2.5920606182159296,0.24389323838987875,-0.09768845142531216,3.3630290476399254
61.660000000000004,2.5843418255455166,0.2422180923513183,-0.09770865731592118,3.346741541777659
61.68000000000001,2.5767448288968837,0.2406608007899756,-0.09762848079240136,3.330704122118645
61.7,2.5692365989820565,0.23913597011598753,-0.09745269863523506,3.3185970155351554
61.720000000000006,2.561784991228025,0.23765529564125226,-0.09719609809550608,3.309890503239938
61.74,2.5543875878355,0.23631366204579995,-0.0968825008787427,3.3000925429811994
61.760000000000005,2.5470966693024164,0.23518214271170954,-0.09653757270703747,3.2864820376330997
61.78,2.5399494506542566,0.23424934878402148,-0.09618567345979714,3.26971952401416
61.800000000000004,2.532923408462203,0.23342785562396,-0.09584275893695285,3.2532990492318397
61.82000000000001,2.5258914394610774,0.23262543507063582,-0.09553612240238521,3.2404824838962205
61.824000000000005,2.524473723567173,0.23246574081568736,-0.09548120801490931,3.2383857325268526
61.84,2.518749914326657,0.23184564848032277,-0.09528854841998272,3.2305488281195753
61.86000000000001,2.5114755110091123,0.2311768807967782,-0.09511514078509967,3.219451944243494
61.88,2.5041199140081263,0.23068368530369668,-0.09502030321871571,3.20478898634282
61.900000000000006,2.496744346405394,0.23035556710534505,-0.09500197015144732,3.186987832552742
61.92,2.4893629824663486,0.2301492045839489,-0.0950501172997549,3.168311872184553
61.940000000000005,2.4819447267413315,0.23002857264843907,-0.09514831951353617,3.1501126210300474
61.96,2.4744768060772837,0.23003565069316775,-0.09527778356851604,3.1311666053983136
61.980000000000004,2.467014842336988,0.23022271072304468,-0.095419800626349,3.1097207184033886
62.00000000000001,2.4596683855070567,0.2306035589661449,-0.09555373356863309,3.0852872700191196
62.02,2.4524957932835836,0.23115093472234075,-0.09565943418098835,3.0593051336062316
62.040000000000006,2.4454519026933443,0.231823901993033,-0.09572001151507373,3.0342027416768533
62.048,2.4426537016593928,0.232122517320171,-0.09572943613955578,3.024722927279308
62.06,2.438470007323973,0.23260251420046188,-0.0957277826505393,3.01103262043931
62.080000000000005,2.431523210047487,0.233521297135711,-0.09568926097403205,2.9886542863343624
62.1,2.4246381321645454,0.23462543961910665,-0.09562160772390635,2.965219437314697
62.120000000000005,2.4178885924579343,0.23592177966162184,-0.0955457130691357,2.9400349483947408
62.14,2.4112995770564196,0.23737385769121228,-0.09548499819877362,2.914074028224076
62.160000000000004,2.4047940229979115,0.23896044114661102,-0.09546343181888242,2.8890722518983907
62.18000000000001,2.398264383228351,0.2406906913890133,-0.09550176153701254,2.865786139981561
62.2,2.391677392180315,0.24258934936624088,-0.09561079212868259,2.843383951681917
62.220000000000006,2.385037194960822,0.24468895417994857,-0.0957889094181307,2.8202318794165664
62.24,2.3783880638055996,0.24699244641712617,-0.09602442900997119,2.7955814897062528
62.260000000000005,2.3717976944704207,0.24945948033820078,-0.09629618148207705,2.7704180495791335
62.272000000000006,2.3678679275459626,0.2510051600976504,-0.09646520666972627,2.755748224145917
62.28,2.365254303093383,0.25205883680072594,-0.09657602145770108,2.746314910569404
62.300000000000004,2.3587387952868073,0.25477187008607255,-0.09683116937847439,2.7239866619858235
62.32000000000001,2.3522280850974315,0.25764374747672614,-0.09703724366022196,2.702322571586471
62.34,2.3457415611850396,0.26070970588293263,-0.09718077326406496,2.679589980334057
62.36000000000001,2.33936073051695,0.2639385124875977,-0.09725645561491655,2.65537635521073
62.38,2.333140623284114,0.2672764657940833,-0.09726307205281284,2.6310465069319355
62.400000000000006,2.327038937307112,0.2706947418531764,-0.09720515616379002,2.6085104708679894
62.42,2.3210109989236924,0.27420220243929294,-0.09709203977509787,2.588071608839564
62.440000000000005,2.3150529917254548,0.2778413738855532,-0.09694023989712638,2.5682130963315783
62.46,2.309206248898924,0.2816313562568454,-0.09676502316290128,2.5471444517390616
62.480000000000004,2.303524319354526,0.28553754179973634,-0.09658229068100935,2.5246304022940915
62.496,2.2990961862681014,0.28871940816490677,-0.09644189831822683,2.506627778199749
62.50000000000001,2.298000764892231,0.2895226173373547,-0.09640868883653755,2.502259944061099
62.522000000000006,2.292016502090121,0.29400102602135547,-0.09624620640905188,2.4797244376414236
62.538000000000004,2.2876786776617957,0.2973469607873327,-0.09615799724484245,2.4647428275396757
62.55800000000001,2.282260204346343,0.3016809477436063,-0.09609251765329455,2.4464535197100883
62.578,2.2768693810330003,0.3062201605128207,-0.09608217566010593,2.4269845836773944
62.598000000000006,2.2715574502920415,0.3109280838840395,-0.0961270983004062,2.4057985193521936
62.618,2.266338950177277,0.3157583012764486,-0.09621972409743709,2.384121914097526
62.638000000000005,2.261171300236548,0.32070542183870476,-0.09634511204967092,2.363583857161868
62.658,2.2560244050571594,0.3257681371090665,-0.09648415547741987,2.3446322409107982
62.678000000000004,2.2509089529600534,0.3309715652921665,-0.09661959492868119,2.3262857311017697
62.698,2.2458612386030548,0.3363380003156596,-0.09673918123401368,2.306983448089908
62.718,2.2409393046642703,0.3418160537165989,-0.09683275099621216,2.286193101608521
62.722,2.239973488134815,0.34292001671971883,-0.09684750321372851,2.2819226078647694
62.73800000000001,2.2361670158425833,0.34735976079262765,-0.0968916852237047,2.26493411922597
62.758,2.2315110405675407,0.3529563632691127,-0.09691338725387957,2.244750903773219
62.778000000000006,2.2269504834418163,0.3586072355149894,-0.09690353138834465,2.2259491077480766
62.798,2.222502435837104,0.3643389345800871,-0.09687562893153165,2.2073857525371032
62.818000000000005,2.218199632139479,0.3701728323018306,-0.09684677176268805,2.1875843847113896
62.838,2.2140739899450614,0.3760845555619443,-0.09683289594404956,2.1662855211025005
62.858000000000004,2.2100991426936614,0.3820495526817873,-0.09684853662134993,2.144637188729306
62.87800000000001,2.20622200520352,0.38808006400801315,-0.09690304946307213,2.1241393898251837
62.898,2.202416394009791,0.3942102866889502,-0.09699770017317519,2.105027632157404
62.918000000000006,2.198695214934862,0.400473526421258,-0.09712847550649109,2.0860857599060445
62.938,2.1950909310142146,0.40688958591153446,-0.09728930024374552,2.065803727732359
62.946000000000005,2.1936908969541595,0.40948374155996814,-0.09735885440265193,2.057237861382583
62.958000000000006,2.191638825802049,0.4133871117518534,-0.09746421757649473,2.0441027373191
62.978,2.1883373719403156,0.41991168677755264,-0.09762689112851894,2.022401093875081
62.998000000000005,2.1851460474015645,0.4264504617962973,-0.09774635372505872,2.002148744877134
63.018,2.182060215401415,0.4330142096546328,-0.09779451344140952,1.9833068291437155
63.038000000000004,2.1791160142397343,0.43961925376460553,-0.0977514531092932,1.9645725599654427
63.05800000000001,2.1763560676564784,0.4462396048776295,-0.097616861833792,1.9446866045077782
63.078,2.173796449801197,0.45282022755179385,-0.09739413786825249,1.9236987862029
63.098000000000006,2.171418439292466,0.4593419794782647,-0.09709651647820797,1.9027803699147245
63.118,2.1691948062393105,0.4658025594054369,-0.09674962989577499,1.8829808318577608
63.138000000000005,2.167116495099835,0.4722252364400279,-0.09638021085669216,1.8641542899234502
63.158,2.165201341130907,0.4786631362246245,-0.09601719570573361,1.8450303407595676
63.17,2.164138192246885,0.48253233680220997,-0.09581416333139833,1.8329969113916218
63.178000000000004,2.1634651472871633,0.48511150441058437,-0.09568934374130131,1.824770911028176
63.198,2.1618795676268308,0.49157277016110196,-0.0954251567834851,1.804455479056287
63.218,2.1603334452008034,0.49812925980793277,-0.0952430821401519,1.7872315667173087
63.23800000000001,2.158709068016274,0.5049433547645914,-0.09515391994458902,1.776572102453009
63.258,2.156987952496749,0.5120635816632024,-0.095152390657437,1.7725357495374103
63.278000000000006,2.155244777261752,0.5194371635111343,-0.09522398918890743,1.7718255796166813
63.298,2.153537585217123,0.5270287211838336,-0.09534605644903213,1.770849581923043
63.318000000000005,2.1518408831108555,0.5347911960519156,-0.09549418794393852,1.7703600865261935
63.34,2.14987315124109,0.5435041150301384,-0.09565938549235706,1.7747438636738062
63.36000000000001,2.1479559487629847,0.5514912785967869,-0.09578784235848473,1.7843845620360912
63.38,2.146000355347647,0.5594480750032202,-0.09587615833971966,1.7958818367457525
63.396,2.144472116158938,0.5658423988932271,-0.09591300239860698,1.8026179481565299
63.400000000000006,2.144098322112052,0.5674515237794189,-0.09591707531409358,1.803712788997328
63.42,2.142270517839757,0.5755346781879365,-0.09590554735148701,1.8062598656400608
63.440000000000005,2.1404262003792316,0.5836116444011985,-0.09585073372786038,1.8078846810745741
63.46,2.1384687736421206,0.5916010316719537,-0.09576598147061896,1.8134751542564933
63.480000000000004,2.136399090402844,0.599454181382033,-0.09566786502178318,1.8236030790522186
63.50000000000001,2.13431993768125,0.6071752772528158,-0.09557220627177634,1.8338530651245126
63.518,2.132535495381623,0.6140704548791168,-0.09549986010557257,1.8382583053003219
63.538000000000004,2.130687975798879,0.6217107998313316,-0.095451566601408,1.8355883520584952
63.55800000000001,2.1289261989341277,0.629328113460048,-0.095447847087165,1.827523008559828
63.578,2.1270982143286643,0.6369402991971657,-0.09548847154930493,1.8208798308569512
63.598000000000006,2.1251004577351758,0.6446282966086174,-0.09557270442519875,1.8202964449740133
63.618,2.1229756644265465,0.6523853776915038,-0.09570050611780714,1.8246965359415637
63.62200000000001,2.1225492603329026,0.6539435837766454,-0.09573036340955024,1.8256318175028827
63.638000000000005,2.120875838900825,0.6602148223729559,-0.09585993774927618,1.8276578741483067
63.658,2.1188938389363794,0.6681565323388455,-0.09603459217544061,1.824372729122168
63.678000000000004,2.117041552927657,0.6761215815277924,-0.09621107553676136,1.8152415226275986
63.69800000000001,2.1151988371387636,0.6840330513528705,-0.09637326145669137,1.8064600634896404
63.718,2.113235913764229,0.6919305965779097,-0.09650388134193436,1.8038483338676023
63.73800000000001,2.1111448528329717,0.6997859334957381,-0.096588450404715,1.8082449470231952
63.758,2.109057419545895,0.7075727068559454,-0.09661161907972096,1.8143770452227426
63.778000000000006,2.1071003375028203,0.7153302810010614,-0.09656383277733341,1.8157875494581355
63.798,2.1053184930524838,0.7230539451111891,-0.09644226828810579,1.8103446623912791
63.818000000000005,2.103627988812718,0.7306479029373204,-0.0962546366605698,1.8022313924077504
63.838,2.1018940751178046,0.7380660464999477,-0.09600714996056883,1.7981559864806758
63.846000000000004,2.101170688050709,0.7409964957594938,-0.09589402931700955,1.7984441766482853
63.858000000000004,2.100050889947891,0.7453616817932585,-0.09571397716550842,1.8009182304395657
63.87800000000001,2.0981614340822192,0.7525637214167831,-0.09540205698951779,1.807827741331222
63.898,2.09635971344243,0.7597043999183419,-0.09509732093403403,1.812282445773992
63.918000000000006,2.094690888829604,0.7668793135124847,-0.09482983473985498,1.8103509688440573
63.938,2.093109346020961,0.7741297497976716,-0.09462522656429082,1.8033591211379676
63.958000000000006,2.091476220129435,0.7814511805358793,-0.0944944042602526,1.7973851776688163
63.978,2.0896882214157797,0.78887557548898,-0.09444490934443564,1.7973613274722278
63.998000000000005,2.0877455049301537,0.7964046605736951,-0.09447932327078604,1.8033389423236683
64.018,2.0857859852321465,0.8040461511007505,-0.09458578035736645,1.8097429543314185
64.04,2.0837294478453363,0.8126474446684172,-0.09476241228205293,1.8105015484871827
64.06,2.081987973037446,0.8205864138943124,-0.09495321666543735,1.804229217032266
64.068,2.081306297866097,0.8237629670825422,-0.09503246577542804,1.8008604197186533
64.08,2.0802704151185063,0.8285155330961973,-0.09514935584956183,1.7964803404065885
64.10000000000001,2.078440444740188,0.8364322520167429,-0.09532505437187552,1.793996775299165
64.12,2.0764520850523165,0.8443226528470209,-0.09545626638781526,1.7988189065345417
64.14,2.0744230105448755,0.8521478419345535,-0.09553081435029745,1.8067816268100274
64.16000000000001,2.0724940462264962,0.8599508682433697,-0.09554500734524193,1.8108692454257838
64.18,2.0707194289025193,0.8677741059914883,-0.0955026564604333,1.8079557933691528
64.2,2.069043083344393,0.87555309526881,-0.09541931018514291,1.8007801234670349
64.22,2.067321189299754,0.8832320716155689,-0.09531608897639246,1.796148407378958
64.24000000000001,2.0654643443543836,0.8908423861297121,-0.09521639460310063,1.7981413971340858
64.26,2.063506195762347,0.8984084649995795,-0.09514737271407994,1.8053268918053689
64.28,2.061585530252701,0.9059890561196122,-0.09512046894183532,1.8114005006187375
64.296,2.060124826848196,0.9121327411914598,-0.09513541402832129,1.812031566398708
64.3,2.059772115382823,0.9136825909746105,-0.0951448461392754,1.8114690012033277
64.32000000000001,2.058064132032485,0.9214884433119006,-0.09522698173252273,1.8054697347412145
64.34,2.056336796866418,0.9293431336884534,-0.09536092557261425,1.7990524488168544
64.36,2.0544679474314043,0.9372546132950106,-0.09553237252562588,1.7981473670193
64.38000000000001,2.0524454865376773,0.9451645262982393,-0.09572675119263588,1.804067097699405
64.4,2.0504016232415045,0.9530350285116843,-0.09592696353382776,1.8116790432101095
64.42,2.0484572971383597,0.9609623049508985,-0.09611327546550838,1.8143993345686606
64.44,2.046654888458327,0.9689512204164964,-0.09627130953041843,1.8099624599148472
64.46000000000001,2.044902079579081,0.9769148646491138,-0.0963940728061776,1.8026986402149088
64.48,2.0430546071744096,0.9848572914337081,-0.09647205280920576,1.7993808524605814
64.5,2.041058992900473,0.9927634923577932,-0.09649767780183557,1.80290382457673
64.52000000000001,2.0390070319349936,1.0005817637250245,-0.0964716795696419,1.8101458260106142
64.52000000000001,2.0390070319349936,1.0005817637250245,-0.0964716795696419,1.8101458260106142
64.54,2.037047971302491,1.00833618278888,-0.09639212924218918,1.8144832552132413
64.56,2.0352471931573843,1.016064995028309,-0.0962601139602485,1.8123621009759474
64.58,2.0335594571110334,1.023713051824893,-0.09608571339036173,1.805713343086482
64.60000000000001,2.0318449454864944,1.031230702967882,-0.09587525051358028,1.8007941320657044
64.62,2.030015026935837,1.0386515145559405,-0.09564407599693972,1.8019011067408262
64.64,2.0280900753931643,1.0459951838897172,-0.09541526160117583,1.808379097842112
64.66000000000001,2.026205760912479,1.053299558504344,-0.09520668195890794,1.8142489304473375
64.68,2.0244369148589407,1.0606594823653528,-0.09503711483289565,1.814480216071658
64.7,2.022766535314429,1.0681257353924039,-0.09492883129116789,1.80887199244974
64.72,2.0210770565545295,1.0756688569092563,-0.09488911908001083,1.8026166475710093
64.74000000000001,2.01924373890751,1.083303710229238,-0.09491618249582387,1.801457042883304
64.744,2.018855275236723,1.0848435585907574,-0.09492964109842286,1.8020456020906122
64.76,2.0172485692736917,1.0910267434812055,-0.09500882413844994,1.8065512704208402
64.78,2.0152173298806852,1.0988094041628127,-0.09515270616501884,1.8132326847740605
64.8,2.0132649065857797,1.1067136310408385,-0.09532851302866638,1.8153047708340824
64.82000000000001,2.0114292411543366,1.1147191313424232,-0.09551497610794843,1.8108128642058614
64.84,2.009642965859774,1.1227150984695886,-0.09569232030153105,1.8036675338579766
64.86,2.0077708097244797,1.13070130147037,-0.09583817366647521,1.800448390027195
64.88000000000001,2.005745418812312,1.1386858071583181,-0.09593251823490376,1.8041010881163222
64.9,2.003653152369881,1.1466014575698156,-0.09596724193714504,1.8119020952900702
64.92,2.0016508962515527,1.154457273925888,-0.09594610418782776,1.8169010919061763
64.94,1.9998082306197942,1.1622841893564981,-0.09588124267379769,1.8151684335835732
64.96000000000001,1.9980859691268555,1.170059337945922,-0.09579834664932682,1.8081998986520875
64.968,1.997397245894363,1.17314195739073,-0.09576373295477222,1.805424811583225
64.98,1.9963363199636728,1.1777379185468577,-0.09571322602980634,1.8026237012848487
65.0,1.9944572270118335,1.185368130944282,-0.09564427398498607,1.8032147934280842
65.02000000000001,1.9924525779660816,1.1929935491965729,-0.09561510095687523,1.809583435308535
65.04,1.9904608083769382,1.2006598975253393,-0.09563557115040325,1.815587933123386
65.06,1.9885714060919624,1.2084463869600648,-0.09570732775029858,1.815905699495221
65.08,1.9867952403810731,1.2163365778913364,-0.09583116554038987,1.810095328996272
65.10000000000001,1.9850211765411871,1.224246471939206,-0.09599818492530818,1.8032678687672101
65.12,1.983123533630715,1.2321797159652843,-0.09618952695677394,1.8016261127863926
65.14,1.9810654169918294,1.2401181287180358,-0.09638918958999274,1.806946481458778
65.16000000000001,1.9789738234957173,1.2480149249670014,-0.09658175086861401,1.8149109122333822
65.18,1.976978898268971,1.25593534199624,-0.09674817422616591,1.8185625866430413
65.19200000000001,1.9758511813842228,1.2607204058683157,-0.09682671082669622,1.8172067655891115
65.2,1.9751308494943964,1.2639131883707346,-0.0968680923411114,1.8149094345475096
65.22,1.9733723516692017,1.2718501440587946,-0.09692454895156319,1.8072860534129422
65.24000000000001,1.9715554715494408,1.2796759838436387,-0.09690108674344602,1.8029669536698072
65.26,1.969606684413889,1.2873833859573156,-0.09679700889102741,1.8055967945954983
65.28,1.9675897837689922,1.294936723793775,-0.09662504367295924,1.8130498715657068
65.3,1.9656569681859068,1.302347613863666,-0.09639647244534963,1.8186356866717213
65.32000000000001,1.9638779752183162,1.309690855641545,-0.09611851635029575,1.8178440325979726
65.34,1.962226426232467,1.3169781497814583,-0.09580696356211163,1.8114384661776497
65.36,1.9605718454169632,1.3241712233159852,-0.0954828849821154,1.8054323148738962
65.38000000000001,1.9588075226812096,1.3313008854918946,-0.09517412298277098,1.8050558633618894
65.4,1.9569239482731104,1.3384156992925524,-0.09490675341363461,1.8107022704643887
65.41600000000001,1.9554091651617609,1.344119964906518,-0.0947337618178791,1.8159818524034463
65.42,1.9550377182914305,1.3455529785130396,-0.09469698890460246,1.816944737373748
65.44,1.953240671965097,1.3528067031260345,-0.09455549444926611,1.818171753828812
65.46000000000001,1.951533961863355,1.3602423947011502,-0.09449203337178977,1.8132833327166225
65.48,1.9498179797492834,1.367821067554022,-0.09450464699569935,1.8065664230205503
65.5,1.9479677899837269,1.3755323368650647,-0.09458359939556296,1.8041212898954717
65.52000000000001,1.9459481362868516,1.3833493274261974,-0.09471494527211852,1.80816157114243
65.54,1.9438691691010117,1.3912182198458078,-0.09487918975391882,1.8148190531059563
65.56,1.9418630504083925,1.3991832525253323,-0.09505113856154554,1.817575791824783
65.58,1.9399835058580237,1.4072513693568445,-0.09520947571180768,1.8136893505196074
65.60000000000001,1.9381723828896418,1.4153154359595677,-0.09533680409706743,1.8065771501827144
65.62,1.9362856929188665,1.4233569275340938,-0.09541431928484231,1.802836281919231
65.64,1.934257352883455,1.4313531075769186,-0.09543358317353076,1.8056808870797596
65.644,1.933838099483223,1.4329399124244522,-0.09543086494666828,1.80695894347925
65.66000000000001,1.9321630424307008,1.4392352916370934,-0.09540166825804694,1.8128700275803034
65.68,1.9301472086506013,1.4470267650021658,-0.09533190274872297,1.8180846393330705
65.702,1.9280670500525192,1.4556148956833046,-0.09523491226579092,1.8174289391048453
65.718,1.9266004911528207,1.4618572257512878,-0.09516844485891265,1.8145084020686786
65.738,1.9247023448503515,1.4695960341765482,-0.09510359753320116,1.813697732116796
65.75800000000001,1.9226641445522408,1.477199813719051,-0.09507267079936807,1.8199032502269865
65.778,1.9204991902761361,1.4846145075713326,-0.09508973061935813,1.8334537875894426
65.798,1.9182656852461972,1.4919031112286385,-0.09515991644942581,1.8503124241651236
65.818,1.9160257612413552,1.499268364780527,-0.09527926869445227,1.864660868812873
65.83800000000001,1.9137584140902792,1.5068438325414995,-0.09544103614931934,1.8746377837623167
65.858,1.9113796561274352,1.5145245967094783,-0.09563313594759529,1.884940780656531
65.866,1.9103806294601866,1.5175742047494678,-0.0957139926941459,1.8902598097903012
65.878,1.908838970488637,1.5220714331832674,-0.09583582278025113,1.9000430787884606
65.89800000000001,1.9061851521132152,1.529281971345904,-0.09603151613211033,1.9210994846527152
65.918,1.9034671587244585,1.5361542147867828,-0.09620541692870119,1.9455754373864815
65.938,1.9007156965599543,1.5428467006087283,-0.09634191192147337,1.9686764861626038
65.958,1.8979324037692387,1.549552695082577,-0.09642747298751644,1.9873366581826928
65.97800000000001,1.895041407503966,1.5563280103301342,-0.09646335557710908,2.0033187138555344
65.998,1.8919658940860886,1.5630905761528933,-0.09646427317931114,2.020599325294555
66.018,1.8887287865074103,1.5696945536385398,-0.09644848146674687,2.041080476701518
66.03800000000001,1.8853864062221495,1.5761067170969425,-0.09643679870753033,2.063313722024968
66.058,1.8819853822308592,1.5824672128194637,-0.09644561019494483,2.082575962320359
66.078,1.8785397147833782,1.5889651716977813,-0.09648970749671446,2.094471843202412
66.09400000000001,1.8757405989574163,1.5943226162246853,-0.09655998045121053,2.0981398298662874
66.098,1.8750335154793478,1.5956783854181906,-0.09658251326886128,2.098421113378846
66.11800000000001,1.871413806403609,1.6025236507333973,-0.09672306349591334,2.098415342538996
66.138,1.8675790155699392,1.6094424452989171,-0.09690493494123256,2.1008102568050298
66.158,1.863507430348902,1.6163914205876042,-0.09711904562992771,2.1080948510239876
66.178,1.859338890299758,1.6233384219195375,-0.09735007814321642,2.116957240530169
66.19800000000001,1.855173553177507,1.6303658932402203,-0.09757279896095664,2.1214579321630036
66.218,1.8510328486712098,1.6375072723578783,-0.09776163512136996,2.1203170144953334
66.238,1.8468427390995668,1.6446483623025654,-0.09789061696808224,2.1190004038963477
66.25800000000001,1.8425455090567753,1.6516596761732787,-0.09793375622511027,2.123357893948782
66.278,1.8381885575052963,1.6584079484726948,-0.09789237836019124,2.135008903470954
66.298,1.8338440316645575,1.6648507251479714,-0.0977809300810911,2.1518949923836357
66.318,1.829561763306097,1.6710645357805016,-0.09760252252211052,2.1695422545097878
66.318,1.829561763306097,1.6710645357805016,-0.09760252252211052,2.1695422545097878
66.33800000000001,1.8253314471383124,1.6771824420341406,-0.09735738537289865,2.1847786182015323
66.36,1.820659088402342,1.683830479563441,-0.09703875028702816,2.199935805378128
66.38000000000001,1.8163180208939387,1.6897325162527,-0.09676967437536174,2.2156474401188295
66.4,1.8118817868006685,1.6954347643810908,-0.0965796773404329,2.2348157436639418
66.42,1.8073581941694874,1.7009668470192223,-0.09650963057721693,2.25636748485431
66.44,1.8027310864118424,1.7064571579994012,-0.0965796597604445,2.277069899503319
66.46000000000001,1.797978107773856,1.7120355511703547,-0.09678773428298917,2.294354603647038
66.48,1.7930975232221926,1.7177133890485738,-0.09710582119801717,2.3075262694074103
66.5,1.788110286589865,1.7234224447092945,-0.09747321414035057,2.3180121592811154
66.52000000000001,1.7830269230133118,1.729122987696812,-0.09781539097526329,2.3269834141168326
66.54,1.7778626932674846,1.7348566692244414,-0.09806746063296248,2.3332007888860304
66.54,1.7778626932674846,1.7348566692244414,-0.09806746063296248,2.3332007888860304
66.56,1.7726212153967094,1.7407213634004313,-0.09818827020521512,2.3340121193434684
66.58,1.7673684202986257,1.7466836263901135,-0.09818283768646238,2.3290634175015548
66.60000000000001,1.76212518006541,1.7526078152219773,-0.09806579895454684,2.3221407379235743
66.62,1.756812231200046,1.7584496726214107,-0.09785509106620413,2.318485919233262
66.64,1.7514371559898503,1.7641906054212848,-0.0975749943272011,2.319355362748631
66.66000000000001,1.7461177197059028,1.7698688040371113,-0.09724949401741348,2.320322309437689
66.68,1.7409484415783723,1.7755412159236414,-0.09689462271428664,2.3166346886418703
66.7,1.7359457387231492,1.781203909220929,-0.09653062350295824,2.3078119823547256
66.72,1.7310300972835675,1.7867965071235474,-0.09619009169584328,2.298668249737847
66.74000000000001,1.7260615670603359,1.792314041594907,-0.09589196619390963,2.2947756968197583
66.76,1.7209693932624068,1.797790532492211,-0.0956504340593953,2.297749350181514
66.768,1.718907250724624,1.799979167184039,-0.09557092735702247,2.300274106467323
66.78,1.7158068204996653,1.8032805036069577,-0.09546939117339939,2.304262556594599
66.8,1.7106449862168778,1.8088942347835737,-0.09534748033484483,2.308085382484791
66.82000000000001,1.705482536811234,1.8147075441013556,-0.09528734123552687,2.3062001985510783
66.84,1.7002823334265178,1.8206519576741447,-0.09529093064044711,2.301283343127712
66.86,1.6949439197570368,1.8266407691770319,-0.09535171150412966,2.2993693594676863
66.88000000000001,1.6894187200099486,1.8326279321452952,-0.09545953926791964,2.3036079972315244
66.9,1.6837977847598284,1.8385904746405817,-0.09560488138582054,2.3118916974520403
66.92,1.6781960495008106,1.8446114401931049,-0.09577214439919987,2.3176776344831116
66.94,1.6726581376372396,1.8507675426903138,-0.0959458403244274,2.3167520885842112
66.96000000000001,1.667203242167757,1.8569942218591617,-0.09611273376954746,2.3103699743072155
66.98,1.6617273654286513,1.8631822582172701,-0.09626074256893316,2.3050574947035867
66.992,1.65838191369078,1.8668584815156468,-0.09633353074797382,2.3047219660198217
67.0,1.6561240080193822,1.8692890309241676,-0.09637436170982924,2.3059356138217093
67.02000000000001,1.6504499171653964,1.8752927925015668,-0.09645040066260799,2.312271473268867
67.04,1.6448336149354859,1.881271860642733,-0.09648658762720139,2.31783910332051
67.06,1.6393222477213776,1.8873252763596986,-0.09647901220995883,2.317720001042185
67.08,1.6339260097621426,1.893416038668866,-0.09643129951367704,2.3123713014177634
67.10000000000001,1.62856953572398,1.8994076914540556,-0.09634341226551377,2.307943360156452
67.12,1.6231711633213783,1.9052428153831704,-0.09621674158620105,2.3093214195300003
67.14,1.617738583024844,1.9109170836456317,-0.0960662283716652,2.316744145641107
67.16000000000001,1.6123601550527913,1.916502408039512,-0.09590358970845633,2.325268285256629
67.18,1.6070492566060772,1.9221454935676208,-0.0957431649984771,2.329425756693634
67.2,1.6017533751631512,1.9278806832691453,-0.09560772763895817,2.329274269393707
67.21600000000001,1.5974754618090004,1.9324519138558125,-0.0955298905048533,2.3300941291288586
67.22,1.5963968917632652,1.9335834154304257,-0.09551557875178349,2.330821066042257
67.24000000000001,1.5909534528012643,1.9391350548801176,-0.09547969457793112,2.3385887874152864
67.26,1.5854530164012073,1.9444970144079219,-0.09551025998199089,2.3527134597446864
67.28,1.5799268859389093,1.9497734308815164,-0.09560948206778411,2.3684550721425017
67.3,1.5743504542124946,1.9551585940372196,-0.0957675578088781,2.3800709665395177
67.32000000000001,1.5686661092118377,1.960716414354525,-0.09597141862687111,2.386621249529525
67.342,1.5622505857679638,1.9668698762518648,-0.09623034785409582,2.3940128793449063
67.358,1.5574832850967941,1.9712596828555462,-0.09642813821109983,2.4029192529601935
67.378,1.551475946461006,1.9765541003083735,-0.09666998972936428,2.4188817424560782
67.39800000000001,1.5454900264763591,1.9816787296080307,-0.09688896978942177,2.436379422185172
67.418,1.5395319703353587,1.986788679081199,-0.09706266841928982,2.449561276003899
67.438,1.5335491447514782,1.9920004498129242,-0.0971692500927974,2.4558479704375826
67.44200000000001,1.5323499176108977,1.9930494480682974,-0.09718144069177001,2.45647272673376
67.458,1.5275329015623438,1.997235204674972,-0.09719920869726947,2.4583266783360673
67.47800000000001,1.5214143955739912,2.002401814823194,-0.09715098261301089,2.4623531532506022
67.498,1.5152179374634567,2.007462197244481,-0.09703021896435851,2.4689000937143932
67.518,1.5090629820824193,2.0124670164018816,-0.0968536121794881,2.473373969226371
67.53800000000001,1.503014678462586,2.017485716993961,-0.0966464085407994,2.4719519865614084
67.558,1.4970849961540256,2.0225111696439635,-0.09643164031310672,2.465078247887014
67.578,1.4911997032400404,2.0274656493134224,-0.09622487602690835,2.458123928635682
67.598,1.4852420208993653,2.0323092819026023,-0.09604179246500169,2.4564861961489775
67.61800000000001,1.479171044925742,2.0370607265059966,-0.09590237031399154,2.461355810292962
67.638,1.4730404137325397,2.0417798307534443,-0.09581921164443782,2.469595229514569
67.658,1.4668394119107726,2.0465989633333748,-0.09579735077946491,2.4763496985260303
67.66600000000001,1.4643261310126527,2.0485733436768645,-0.09580713212054934,2.478124886692118
67.678,1.4605093686589252,2.051570382007761,-0.0958429821428605,2.480533650265507
67.69800000000001,1.4540150203348845,2.0565721223673226,-0.09596934949477667,2.4868995288966813
67.718,1.447472924118184,2.061387888435679,-0.09620530919739742,2.499426140569404
67.738,1.441032942177003,2.0658821870372917,-0.0965914566119466,2.518951165955556
67.75800000000001,1.4347251081444976,2.070072455880449,-0.09715186348697666,2.542855446717369
67.778,1.4285933203083718,2.074023639332923,-0.09792064097521155,2.565930550810854
67.798,1.422682322924541,2.077794164803448,-0.09893854848212078,2.58467281685167
67.818,1.4169485319138955,2.0813535311173004,-0.10017634589797977,2.600742665200006
67.83800000000001,1.4113457205146054,2.0846229426504372,-0.10156941176869297,2.618115432315466
67.858,1.4059173689521471,2.087544003211128,-0.10304560300929197,2.638949754322879
67.878,1.4006631083435128,2.0901374162730235,-0.10453030892094331,2.6629339906753806
67.89,1.397575662510134,2.0915778285623516,-0.10539911316907066,2.677706609223832
67.89800000000001,1.3955306351625625,2.0925125936475752,-0.10596502562789725,2.687110741940239
67.918,1.3903930124610895,2.0948658451196103,-0.10731636341544934,2.7069912691003135
67.938,1.3850766939352837,2.097389268780786,-0.10851308423514291,2.7195007731119376
67.958,1.379496252863455,2.1000962126404787,-0.10946025535780593,2.7265672975031334
67.97800000000001,1.373543612350134,2.10289149231697,-0.11009918007889866,2.733702438499334
67.998,1.3670960575653388,2.105723598603879,-0.11039491264018311,2.7446754266706113
68.018,1.360227065416572,2.1085778023751396,-0.1103573321926746,2.758835551729145
68.03800000000001,1.3532807899477122,2.1114393285788235,-0.11006806221418677,2.770490335922136
68.058,1.346426983830016,2.1143259826164993,-0.10963245071311736,2.7755220294442693
68.078,1.3396598035267098,2.117191628001522,-0.10914603829468114,2.7758171148716713
68.098,1.3329209639812512,2.1199236768724217,-0.10866978201383062,2.7777385879565437
68.114,1.327528662943206,2.12197209842677,-0.10831915213380208,2.7831979711919126
68.11800000000001,1.3261777052312538,2.1224658628413797,-0.10823847728944205,2.7851497308362814
68.138,1.3194019598987239,2.124864427334,-0.10790567219136124,2.796814105925773
68.158,1.312539162661749,2.1272723536543414,-0.10771950584272053,2.80709496284317
68.178,1.3054713469900163,2.129833301895151,-0.10768714286373424,2.811478865015145
68.19800000000001,1.2981640363531,2.1325338760923302,-0.10778032843007349,2.8108480469810133
68.218,1.2906536188431215,2.1352276430229993,-0.10794153991242997,2.811282837972651
68.238,1.2830088125553025,2.137786776392144,-0.10810466548560724,2.817549649333946
68.25800000000001,1.2753465539358813,2.1401797101339,-0.10821048655634138,2.829530194801929
68.278,1.2677421052811162,2.142499600002521,-0.10822743263844306,2.842155279554998
68.3,1.259411068101523,2.1451041906655663,-0.10813693969115026,2.850845802053489
68.32000000000001,1.251855231054572,2.147467354966964,-0.10797489134254626,2.8560879558577725
68.34,1.2444023692975728,2.1496488460866066,-0.10778407331589099,2.8650393156877056
68.34,1.2444023692975728,2.1496488460866066,-0.10778407331589099,2.8650393156877056
68.36,1.2371859529326805,2.151536116893025,-0.10767187768599121,2.880691764534241
68.38000000000001,1.2302051765198287,2.15313420476215,-0.10778354067171794,2.903128401814813
68.4,1.2233765482573635,2.1544855841399193,-0.1082194534631106,2.930468533647578
68.42,1.2167420195011012,2.155646884343731,-0.10903625033351858,2.9583707095098597
68.44,1.2104571840435443,2.156645105034979,-0.11032336051327055,2.982932319605661
68.46000000000001,1.2045664100637115,2.1574547374324435,-0.11209043781777264,3.004613347690551
68.48,1.1990762126056782,2.1580229031279416,-0.11427172565410823,3.0262816751464356
68.5,1.1940541420161266,2.1583394158364384,-0.11672542776971415,3.0497998143050027
68.52000000000001,1.18946278293175,2.1584502275834856,-0.11927580111848538,3.0747781855558896
68.54,1.1851212574416874,2.158459552269261,-0.12178514836814738,3.098313246066246
68.56,1.180726666512849,2.158490283932604,-0.12417479511730381,3.116511480942676
68.56400000000001,1.1798069151633168,2.1585082249564778,-0.12463225924409313,3.119226298261458
68.58,1.1759219158420118,2.158626337827645,-0.1263648270167904,3.1271357026855746
68.60000000000001,1.170616536184611,2.1588191874401477,-0.12826072025053406,3.133311162881225
68.62,1.164935126969875,2.1589267113780353,-0.12982714982474594,3.1409016586358582
68.64,1.1590072552959694,2.1588757584599367,-0.13108990972949428,3.1526379885458407
68.66000000000001,1.152882202183557,2.158703631495487,-0.132070653774198,3.1669941971952196
68.68,1.146501037063156,2.1585103775504,-0.13277962901500948,3.1795655061873096
68.7,1.1397027864066676,2.1583412863662326,-0.13324855596232296,3.1876086910327555
68.72,1.1324850168572969,2.158110308319737,-0.13354452478294307,3.1947975505295823
68.74000000000001,1.1250410998213716,2.15768965432655,-0.13377008100762086,3.2068143123751054
68.76,1.1176260962769966,2.157034592949441,-0.13405249760858787,3.225977784543774
68.78,1.1104894867315807,2.156169122100528,-0.13451585860604878,3.251489128095996
68.78800000000001,1.1077390712929573,2.1557693352224123,-0.13476791975381755,3.262965769603591
68.80000000000001,1.1037408667739084,2.15512352745212,-0.1352484757070049,3.2810129088117215
68.82000000000001,1.0975298630090151,2.1539504961889677,-0.13642411691878017,3.311995762770517
68.84400000000001,1.0911180510025145,2.1524392756198196,-0.13860272606057553,3.349080951719877
68.86,1.0875474686936364,2.151405073366412,-0.14054213475798125,3.3736794658139386
68.88000000000001,1.0837808427783269,2.1501039488553917,-0.1434150720809864,3.4046461249989743
68.9,1.0806066579623126,2.148802153535129,-0.1465746024167426,3.4360978305151297
68.92,1.0777865272359588,2.14747074884726,-0.14975337288908666,3.467873034821101
68.94,1.0750847369743326,2.1460664556199807,-0.15273848576398966,3.4992392969293085
68.96000000000001,1.0722987563901414,2.1445746500238196,-0.15541189199681696,3.5283199166481145
68.98,1.0692504786542711,2.1429864829498806,-0.1577412313266877,3.552926761339039
69.0,1.0657825194443264,2.1412625241590204,-0.15974772771740467,3.5717802720032865
69.012,1.0634317152334116,2.140133543859655,-0.1608133761699511,3.580350214995655
69.02000000000001,1.0617430626939428,2.1393384322488336,-0.16146237220070667,3.585103443267431
69.04,1.0571268739847735,2.1372008201416586,-0.16283904288632264,3.594540457789601
69.06,1.052037102506091,2.134859362337473,-0.16384390859557926,3.6014692911418713
69.08,1.0464557421385288,2.132305320518981,-0.16451433629572473,3.6048742773906026
69.10000000000001,1.0403101973110516,2.1295434808094345,-0.16491643797307357,3.6026492680124194
69.12,1.0337786810274845,2.1266592366311725,-0.16512946583120028,3.595390460962769
69.138,1.0277086125491504,2.123951960096071,-0.16522134669013447,3.587829647664065
69.158,1.0207285639861636,2.1207252821743277,-0.16525741502302463,3.5827365809145904
69.178,1.0135518834954298,2.1172890163580833,-0.1652520176047986,3.5821888332193907
69.19800000000001,1.0062774827910752,2.1137843292453957,-0.16522397502187605,3.582895670359799
69.218,0.9989038541319001,2.1103185011731176,-0.16518511426681934,3.5806810053101175
69.238,0.9914874461032968,2.106920460801826,-0.16514078653434347,3.5755501136784953
69.238,0.9914874461032968,2.106920460801826,-0.16514078653434347,3.5755501136784953
69.25800000000001,0.9840941002713804,2.1035154944137373,-0.1650945334495111,3.571868865700011
69.278,0.97674227850747,2.100013570905927,-0.1650483985077749,3.5736797661239272
69.298,0.9694670471843492,2.0964375300923583,-0.1650057914905134,3.580529415328351
69.318,0.9622324803894917,2.0929016300676944,-0.16496478783031196,3.5870756490227356
69.33800000000001,0.9549349764886048,2.0894633843779515,-0.16492257693216308,3.588364518425551
69.358,0.9475819671460125,2.0861117540487597,-0.16488325635639264,3.584589217072477
69.378,0.9402597671304878,2.08274555129412,-0.1648468889991134,3.5811961919636
69.39800000000001,0.9329917474065627,2.0792612348478587,-0.16481209416366185,3.5831227447978993
69.418,0.9257984071871883,2.075669390656534,-0.1647841696159957,3.59041508066741
69.438,0.9186495160316425,2.07209728316238,-0.16476413417256905,3.5976625268320594
69.458,0.9114437540020703,2.068621697931465,-0.16475165163448388,3.599422402507739
69.462,0.909990923619603,2.06793974453104,-0.16475054756327231,3.5989415228779937
69.47800000000001,0.9041625026666826,2.065247298968549,-0.16475200554062855,3.594872339477124
69.498,0.8968918149029854,2.061888277245901,-0.16476592764953055,3.5890333411552957
69.518,0.8896555198587699,2.0584175079453337,-0.16478866470427142,3.5880198771476812
69.53800000000001,0.8824599703747192,2.054795320834474,-0.1648212801460555,3.593486227049291
69.558,0.8753064287867542,2.051139500721773,-0.1648623963908409,3.601197687562213
69.578,0.8681066102296594,2.0475661162298593,-0.16490509213408863,3.6046526725346215
69.598,0.8608150753048163,2.0441047139850075,-0.16494655563733138,3.601343440142371
69.61800000000001,0.853518741699737,2.040697702457605,-0.16498604596039637,3.59480665305871
69.638,0.8462574240885414,2.037208607973889,-0.16501692233591939,3.5916374481468685
69.658,0.8390228820649964,2.033574489797722,-0.16503942451280315,3.594883696821053
69.678,0.8318413979693702,2.029879251072994,-0.16505609467051532,3.6019870059625525
69.686,0.8289771023615582,2.028417531481789,-0.16506090224842543,3.604408946842494
69.69800000000001,0.8246661401130346,2.0262549058514985,-0.16506623802579798,3.6064291796126775
69.718,0.817416460494278,2.0227493657169986,-0.16507178467602276,3.604413621852069
69.738,0.8101464105729878,2.0193482720662512,-0.16507859751177287,3.5974536760411806
69.75800000000001,0.802935112141399,2.015930584009627,-0.16508693356450457,3.5918740907209306
69.778,0.7957592613342521,2.0123784259626696,-0.1650985456150779,3.5923581036766508
69.798,0.7886268214457014,2.0087168688757506,-0.16511918002077366,3.5984329686287846
69.818,0.7815083147470541,2.005086184959929,-0.16515005507522193,3.60421157412007
69.83800000000001,0.7743071861002827,2.0015536048652436,-0.1651895484071713,3.604278734536564
69.858,0.7670270098729424,1.998133693073189,-0.16524060103743374,3.5981266561629033
69.878,0.7597625745436645,1.9947356075527665,-0.16530211791950292,3.59098466474044
69.89800000000001,0.752524702649386,1.9912283734784753,-0.16536652781845743,3.5888995367203695
69.914,0.746755659469778,1.9883155587899342,-0.16541858714951643,3.592122504187198
69.918,0.7453192835288003,1.9875798828748912,-0.1654316832128396,3.5934205345409835
69.938,0.7381580690510006,1.9839194318138627,-0.16549580823750817,3.6000546135640414
69.958,0.7309524424442975,1.9803479764933554,-0.1655505971600942,3.6023115385871294
69.97800000000001,0.7236541096348218,1.976900970367862,-0.16559598334036715,3.597750442500102
69.998,0.7163549997141617,1.9735255060431094,-0.1656342979887193,3.5899310568079943
70.018,0.7091077937022636,1.9700835262023217,-0.16566237458741315,3.585602895159447
70.03800000000001,0.7019109391119108,1.966502535055827,-0.1656812074289807,3.5881154700138924
70.058,0.6947752012527508,1.9628469787824052,-0.16569806657120803,3.5953145960421034
70.078,0.6876435683411766,1.959257074590243,-0.16571364103581468,3.600612804494383
70.10000000000001,0.6796960423289822,1.955441810373928,-0.16573037286294182,3.5990160357821672
70.12,0.6724005306530749,1.9520812594608659,-0.16575377164138186,3.591677756179548
70.13600000000001,0.6665848389891458,1.949379152589731,-0.16577868525913428,3.5862934243624722
70.14,0.6651353430334378,1.948692768097683,-0.1657853775995988,3.585459556311771
70.16000000000001,0.6579103206476712,1.945170927107621,-0.16582210165013475,3.5854715070184247
70.18,0.6507424300823852,1.9415320769129707,-0.1658689306957453,3.591596449572004
70.2,0.6435827302792471,1.9379078873569178,-0.16592489584664274,3.5979741563537773
70.22,0.6363288581151704,1.9343784885222894,-0.1659832709501168,3.5988881946705575
70.24000000000001,0.6289756160589852,1.93096422287234,-0.16604531130895575,3.5933597578163425
70.26,0.6216211795768178,1.9275795993409295,-0.16610960058052784,3.5861043521999503
70.28,0.6143002238879451,1.924092274611629,-0.1661707400984043,3.583505486074623
70.30000000000001,0.6070055647258843,1.9204575937904007,-0.16622679281256927,3.5875468974384273
70.32000000000001,0.599748994177221,1.916788471654328,-0.16627933273432463,3.5943686559502983
70.34,0.5924468364502441,1.9131995795488594,-0.1663245281749088,3.5974499184838025
70.36,0.5850480880478827,1.9097263298710274,-0.16636294295507528,3.5939932856708667
70.36,0.5850480880478827,1.9097263298710274,-0.16636294295507528,3.5939932856708667
70.38000000000001,0.5776342647174751,1.9063379482367273,-0.1663979711493447,3.5866663784093333
70.4,0.5702766904997488,1.902897681977492,-0.1664271455509049,3.5821473145341973
70.42,0.5629799602452448,1.8993220792386067,-0.1664532900119501,3.5842408297846498
70.44,0.5557639734675633,1.8956655392918806,-0.16648283670882832,3.5914609854786717
70.46000000000001,0.5485709146535764,1.8920687171068007,-0.16651664657539858,3.5973127445905613
70.48,0.5412996003570016,1.8885871025047853,-0.16655527882334123,3.596954091561569
70.5,0.5339506758187039,1.8852164390391568,-0.16660380118670368,3.5906217017415694
70.52000000000001,0.5266259374896399,1.8818482255055837,-0.16666211953099305,3.584086373109239
70.54,0.5193299846609245,1.878353672700479,-0.16672431097562093,3.583107806327815
70.56,0.5120732099928267,1.8747164946964414,-0.1667905476774406,3.5886618082953605
70.578,0.5055710663382933,1.8714305858304137,-0.16685133001629157,3.5952447893707484
70.586,0.5026740265740952,1.8699902679286118,-0.1668774034801074,3.5972312716515864
70.598,0.4982994336266305,1.8678624463965694,-0.16691462343998273,3.598286630960041
70.61800000000001,0.4909360429228612,1.864419252982343,-0.1669714254990857,3.5944886011155255
70.638,0.4835700828687306,1.861060914322558,-0.1670227559684256,3.5868741960125345
70.658,0.4762719027743181,1.857653871562607,-0.16706306306740723,3.5821556583222764
70.67800000000001,0.4690326571190908,1.854107180089512,-0.16709134037057102,3.5841996832738294
70.69800000000001,0.46186877358440837,1.8504796570703297,-0.1671129023121403,3.591329728560166
70.718,0.4547313300132507,1.846917046226752,-0.16712876486743886,3.596871480978012
70.738,0.4475264203636297,1.8434762999184904,-0.1671410095195827,3.5960240123086025
70.75800000000001,0.44026806028949544,1.8401474563630735,-0.1671579768855316,3.5893684410949374
70.778,0.4330404017426386,1.8368176447175866,-0.16718226003334077,3.5830152099491634
70.80000000000001,0.42512105719253446,1.8330073733276,-0.1672174285700723,3.582746449239531
70.812,0.4208244976964672,1.830852595263836,-0.1672424651323742,3.586087819059265
70.82000000000001,0.4179671145864994,1.8294037766254045,-0.16726198464901812,3.589093145102982
70.84,0.4108162817337867,1.8258015875084288,-0.16731751743893883,3.595984580054453
70.86,0.403576360819338,1.822292218530893,-0.16737717333145555,3.5974906945547507
70.88000000000001,0.39623728456007995,1.8188927915489916,-0.16743991116916743,3.592443321566325
70.9,0.38888856245957504,1.8155232765630926,-0.1675035449755267,3.5854192783625205
70.92,0.3815671520553435,1.8120553374638548,-0.16755949256044958,3.582795300272467
70.94,0.37429069982883006,1.8084405226509574,-0.16760540172679575,3.5868786883196955
70.96000000000001,0.36708084429104304,1.8047899622137555,-0.1676429475051753,3.594072463790892
70.98,0.359855985068139,1.8012304724557495,-0.16767133114805835,3.5976275282774424
71.0,0.3525509012588511,1.7977942058411982,-0.1676920696142111,3.5945455708683633
71.022,0.3445065201990858,1.7940886141553345,-0.16771467348531663,3.58737289053061
71.034,0.34013756438645126,1.7920385962417684,-0.16772727449644184,3.5848958636845225
71.03800000000001,0.3386821590783642,1.7913446434088778,-0.16773171578886484,3.5845415402951093
71.058,0.3314130865018186,1.7877802439591397,-0.16775790077143646,3.586718602981101
71.078,0.3241756741554349,1.7841274311020205,-0.16779499970039038,3.593254436587205
71.098,0.31690828801218696,1.7805177495930429,-0.16784282961755578,3.59772574208623
71.11800000000001,0.3095374368848086,1.7770150422515998,-0.16789995221610646,3.5959896549074366
71.138,0.30212799184062705,1.7736047580826855,-0.16796703410961386,3.5893910653880643
71.158,0.29474860818748894,1.7701614986608258,-0.1680375939468933,3.584292954469377
71.17800000000001,0.2873963697816435,1.766583512446149,-0.1681065718099468,3.5852822474023487
71.19800000000001,0.2801068234952968,1.762900449154643,-0.16817292524859137,3.591722730395932
71.218,0.272842606411691,1.7592582619162154,-0.16822966681922155,3.5974607315261315
71.238,0.2655083022637363,1.7557282111426575,-0.16826610591377425,3.5973536043125844
71.25800000000001,0.25814007490621904,1.7523187628625845,-0.1682735473454189,3.591546328211785
71.262,0.25667338483330204,1.7516428883848858,-0.16827050441637856,3.590166093368963
71.278,0.25085566829534794,1.748924879630255,-0.1682365322070656,3.585979962871439
71.298,0.24372941036410992,1.7454550243151463,-0.16813944510837822,3.5864165610196954
71.318,0.23682364639758766,1.741912488498328,-0.1679819463607022,3.594504197605512
71.33800000000001,0.23014046665258728,1.7383668171051807,-0.16777494810602775,3.607383845255099
71.358,0.22358584908124662,1.7348805025717753,-0.16752194339691032,3.6201226524911774
71.378,0.21707875645155042,1.7314226015159355,-0.16722624945008793,3.631261324415534
71.39800000000001,0.2106617955272665,1.7279036056294772,-0.16691376876978561,3.644116781988992
71.418,0.20453740796092737,1.7243397074075613,-0.16662484106788414,3.6617684985008414
71.438,0.19884410957788184,1.7207835374576697,-0.16641270982147002,3.685174761788334
71.458,0.19356192093125588,1.717227057820334,-0.1663441398374466,3.71330417599041
71.47800000000001,0.1885080002566821,1.7136043781024972,-0.16648509628031108,3.7434754319993426
71.486,0.18649669301753827,1.7121193607110432,-0.1666086578406558,3.755312226797474
71.498,0.18345355965172014,1.7098438024349758,-0.1668692378514258,3.772190759657399
71.518,0.1783111512076412,1.705937587033701,-0.16749531740512566,3.797351641708634
71.53800000000001,0.17314982202331866,1.7019047533293057,-0.16830082093828067,3.8196486823814997
71.558,0.16803040551001547,1.6977050127162077,-0.1692092204918145,3.841625147500086
71.578,0.1630074863159714,1.6933421380259834,-0.17015659526733448,3.864755469897604
71.598,0.15810180882359104,1.6888781723577586,-0.17107166097723767,3.8878010585787552
71.61800000000001,0.15320886103129477,1.6843491454435497,-0.1718534010897396,3.907162158599626
71.638,0.1481274503816419,1.6797050490363579,-0.17238182004284272,3.9191214108667913
71.658,0.14276247228286448,1.6748543467104087,-0.17259382886057142,3.9238968003511134
71.67800000000001,0.13724854356072247,1.6698207897576935,-0.1725125033154257,3.925208945516811
71.69800000000001,0.13178199048578518,1.6646849941589976,-0.17221288148229427,3.9271998870619806
71.71000000000001,0.12856716448499197,1.6616004028359026,-0.1719628208504114,3.928860791700736
71.718,0.1264457134043558,1.6595527184239622,-0.17177869866533882,3.929696467002253
71.738,0.12115640048705864,1.6544775357412045,-0.17129806987736865,3.9289596793118555
71.75800000000001,0.11582989348630218,1.649467547847245,-0.17083091813636966,3.9231243219020837
71.778,0.11049225711983257,1.6444937820352326,-0.1704045463547175,3.9145476324047372
71.798,0.10515789861889516,1.6394309747557088,-0.17005167617236996,3.908432535148326
71.818,0.09978552303054664,1.6341825689601983,-0.1698255503195278,3.9075033252111484
71.83800000000001,0.0943060000537545,1.628778071125108,-0.16973510309349518,3.90926838647016
71.858,0.08862344976088213,1.6232938591996813,-0.16974961173679,3.9081503232086416
71.878,0.08274130940390895,1.6178048353761707,-0.16981953362866906,3.901921777817023
71.89800000000001,0.0768098310662774,1.6123193934993738,-0.16989044470889056,3.894456752163604
71.918,0.07094349988333143,1.6067698988753545,-0.16990919221130976,3.8919183965690944
