t,nu_u,nu_v,nu_w,nu_p,nu_q,nu_r,nudot_udot,nudot_vdot,nudot_wdot,nudot_pdot,nudot_qdot,nudot_rdot,thr_fx,thr_fy,thr_fz,thr_tx,thr_ty,thr_tz,mujoco_fluid_fx,mujoco_fluid_fy,mujoco_fluid_fz,mujoco_fluid_tx,mujoco_fluid_ty,mujoco_fluid_tz,target_fx,target_fy,target_fz,target_tx,target_ty,target_tz
0.315382089,nan,nan,nan,-0.00214987939098,-0.000566913903759,0.00393283784354,0,0,0,0.00541611444091,-0.00943463098514,-0.00296214157646,0,0,0,0,0,0,nan,nan,nan,nan,nan,nan,0,0,0,0.00256385858958,-0.00349298342963,-0.00218998828316
0.365382089,nan,nan,nan,-0.00187907366894,-0.00103864545302,0.00378473076472,0,0,0,0.00362718723239,-0.00768162735633,-0.00294519374746,12.4798951942,1.54396946299,-8.52919016976,-0.0756325607372,-1.40399345311,3.4030422838,nan,nan,nan,nan,nan,nan,-12.4798951942,-1.54396946299,8.52919016976,0.0773495841205,1.40114948421,-3.40521974211
0.415382089,nan,nan,nan,-0.00178716066774,-0.00133507663939,0.0036383184688,0,0,0,0.00159364319178,-0.00645105515263,-0.00316507341145,18.3775046401,2.2072023943,-13.2888810331,-0.104814246051,-2.19068838067,5.02968310169,nan,nan,nan,nan,nan,nan,-18.3775046401,-2.2072023943,13.2888810331,0.10556863849,2.18830000652,-5.03202312276
0.465382089,nan,nan,nan,-0.00171970934976,-0.00168375096828,0.00346822342357,0,0,0,0.00501293033748,-0.00520677478406,-0.00254541543649,20.2977379932,2.56113132916,-14.6935049855,-0.127254321611,-2.42230912857,5.63316215938,nan,nan,nan,nan,nan,nan,-20.2977379932,-2.56113132916,14.6935049855,0.129627322522,2.42038142434,-5.63504405119
0.515382089,nan,nan,nan,-0.001285867634,-0.0018557541178,0.00338377692515,0,0,0,0.00471304508479,-0.00239162037724,-0.00146385901231,20.8399840339,2.65746231277,-15.1540097885,-0.145064662451,-2.49850770215,5.80540819885,nan,nan,nan,nan,nan,nan,-20.8399840339,-2.65746231277,15.1540097885,0.147295704881,2.49762225254,-5.80649046788
0.565382089,nan,nan,nan,-0.00124840484128,-0.001922913006,0.00332183752234,0,0,0,0.000391724830476,-0.00103613046526,-0.00014908745476,21.0084300503,2.68149567945,-15.2867694697,-0.150349752485,-2.52017543944,5.85835123404,nan,nan,nan,nan,nan,nan,-21.0084300503,-2.68149567945,15.2867694697,0.150535185618,2.51979183286,-5.85846145827
0.615382089,nan,nan,nan,-0.00124669515095,-0.00195936716432,0.00336886817967,0,0,0,0.00157982736118,0.00195827548331,0.0013801980625,21.056690642,2.68838135429,-15.3286480719,-0.152765363643,-2.52580316028,5.87351966758,nan,nan,nan,nan,nan,nan,-21.056690642,-2.68838135429,15.3286480719,0.153513216,2.52652817262,-5.87249925127
0.665382089,nan,nan,nan,-0.00109042210516,-0.00172708545767,0.00345985732859,0,0,0,0.000723461607839,0.00331430883175,0.00221747992986,21.070517533,2.69035413316,-15.3400326409,-0.153313438269,-2.5273117884,5.87786549655,nan,nan,nan,nan,nan,nan,-21.070517533,-2.69035413316,15.3400326409,0.153655907631,2.52853884496,-5.87622605598
0.715382089,nan,nan,nan,-0.00117434899016,-0.00162793628115,0.00359061617266,0,0,0,-0.00208376761178,0.00701666119899,0.00397914902014,21.0744790037,2.69091934377,-15.3430196235,-0.153406007698,-2.52769758468,5.8791105974,nan,nan,nan,nan,nan,nan,-21.0744790037,-2.69091934377,15.3430196235,0.152419602121,2.53029536315,-5.87616870907
0.765382089,nan,nan,nan,-0.00129879886634,-0.00102541933777,0.00385777223061,0,0,0,-0.000688006365642,0.0116500904942,0.00634476471942,21.075613984,2.69108127932,-15.3438754084,-0.153432529283,-2.52780811716,5.87946732476,nan,nan,nan,nan,nan,nan,-21.075613984,-2.69108127932,15.3438754084,0.153106843582,2.53212133016,-5.87477647524
0.815382089,nan,nan,nan,-0.00124314962673,-0.000462927231726,0.0042250926446,0,0,0,-0.00241489286667,0.00887325952836,0.00610722877847,21.0759391613,2.69112767464,-15.3441205948,-0.153440127844,-2.52783978525,5.87956952886,nan,nan,nan,nan,nan,nan,-21.0759391613,-2.69112767464,15.3441205948,0.152296975519,2.53112493212,-5.87505429584
0.865382089,nan,nan,nan,-0.00154028815301,-0.000138093384935,0.00446849510845,0,0,0,-0.00307563117898,0.00725120409551,0.00152517522722,21.0760323261,2.69114096712,-15.3441908419,-0.153442304869,-2.52784885831,5.87959881083,nan,nan,nan,nan,nan,nan,-21.0760323261,-2.69114096712,15.3441908419,0.151986374884,2.5305334716,-5.87847120913
0.915382089,nan,nan,nan,-0.00155071274463,0.000262193177825,0.00437761016732,0,0,0,0.00113615000748,0.00579353926569,-0.00501763648829,21.0760590183,2.69114477547,-15.3442109681,-0.153442928597,-2.52785145778,5.87960720025,nan,nan,nan,nan,nan,nan,-21.0760590183,-2.69114477547,15.3442109681,0.153980754742,2.52999639982,-5.88331686937
0.965382089,nan,nan,nan,-0.00142667315226,0.000441260541634,0.00396673145962,0,0,0,0.00152401324117,0.00573569056831,-0.0126928882368,21.0760666658,2.69114586659,-15.3442167343,-0.153443107298,-2.52785220254,5.87960960386,nan,nan,nan,nan,nan,nan,-21.0760666658,-2.69114586659,15.3442167343,0.15416453859,2.52997572726,-5.88899378615
1.015382089,nan,nan,nan,-0.00139831142051,0.000835762234656,0.00310832134364,0,0,0,-5.17747781288e-05,0.00452405678445,-0.0223243130761,21.0760688568,2.6911461792,-15.3442183863,-0.153443158496,-2.52785241592,5.87961029251,nan,nan,nan,nan,nan,nan,-21.0760688568,-2.6911461792,15.3442183863,0.153418649559,2.52952735746,-5.8961152376
1.065382089,nan,nan,nan,-0.00143185063007,0.000893666220078,0.00173430015201,0,0,0,0.00172922623575,0.000314009245647,-0.0315686301438,21.0760694845,2.69114626876,-15.3442188597,-0.153443173165,-2.52785247705,5.87961048981,nan,nan,nan,nan,nan,nan,-21.0760694845,-2.69114626876,15.3442188597,0.154261747364,2.5279687327,-5.90294999886
1.115382089,nan,nan,nan,-0.00122538879694,0.000867163159221,-4.85416707434e-05,0,0,0,0.005627000494,-0.0006940364786,-0.0389583920079,21.0760696644,2.69114629442,-15.3442189953,-0.153443177368,-2.52785249457,5.87961054633,nan,nan,nan,nan,nan,nan,-21.0760696644,-2.69114629442,15.3442189953,0.156106864353,2.52759554144,-5.90841349846
1.165382089,nan,nan,nan,-0.000869150580673,0.000824262572218,-0.00216153904878,0,0,0,0.0052061528085,-0.0018993556275,-0.0443554746243,21.0760697159,2.69114630177,-15.3442190341,-0.153443178572,-2.52785249959,5.87961056253,nan,nan,nan,nan,nan,nan,-21.0760697159,-2.69114630177,15.3442190341,0.155907646364,2.52714930115,-5.91240371816
1.215382089,nan,nan,nan,-0.000704773516085,0.00067722759647,-0.00448408913317,0,0,0,0.00492456444755,0.000775239489815,-0.0512063364634,21.0760697307,2.69114630388,-15.3442190453,-0.153443178917,-2.52785250102,5.87961056717,nan,nan,nan,nan,nan,nan,-21.0760697307,-2.69114630388,15.3442190453,0.155774349537,2.52813951794,-5.91746874308
1.265382089,nan,nan,nan,-0.000376694135918,0.0009017865212,-0.00728217269512,0,0,0,0.00709944332985,0.000575490844688,-0.0764707553782,21.0760697349,2.69114630448,-15.3442190484,-0.153443179015,-2.52785250144,5.8796105685,nan,nan,nan,nan,nan,nan,-21.0760697349,-2.69114630448,15.3442190484,0.156803885101,2.52806556541,-5.93614738619
1.315382089,nan,nan,nan,5.17081690057e-06,0.000734776680939,-0.012131164671,0,0,0,0.00314576122705,0.00341593770323,-0.086878824797,21.0760697361,2.69114630466,-15.3442190494,-0.153443179044,-2.52785250155,5.87961056888,nan,nan,nan,nan,nan,nan,-21.0760697361,-2.69114630466,15.3442190494,0.15493230691,2.52911718417,-5.9438423429
1.365382089,nan,nan,nan,-6.21180132136e-05,0.00124338029152,-0.0159700551748,0,0,0,0.0107299703866,0.0315820091433,0.0175238835866,21.0760697365,2.69114630471,-15.3442190496,-0.153443179052,-2.52785250159,5.87961056899,nan,nan,nan,nan,nan,nan,-21.0760697365,-2.69114630471,15.3442190496,0.158522489514,2.53954510883,-5.86665470623
1.415382089,nan,nan,nan,0.00107816785556,0.00389297759527,-0.0103787763123,0,0,0,0.0132897294692,0.0537359207971,0.180263544958,21.0760697366,2.69114630472,-15.3442190497,-0.153443179054,-2.5278525016,5.87961056902,nan,nan,nan,nan,nan,nan,-21.0760697366,-2.69114630472,15.3442190497,0.159734218031,2.54774715156,-5.74633704338
1.465382089,nan,nan,nan,0.00126685493371,0.00661697237123,0.00205629932102,0,0,0,0.00391970657495,0.0623917407819,0.308895046125,21.0760697366,2.69114630472,-15.3442190497,-0.153443179055,-2.5278525016,5.87961056903,nan,nan,nan,nan,nan,nan,-21.0760697366,-2.69114630472,15.3442190497,0.155298674075,2.55095179579,-5.65123643016
1.515382089,nan,nan,nan,0.00147013851306,0.0101321516735,0.0205107283002,0,0,0,0.00523143279551,0.076038070687,0.459551732955,21.0760697366,2.69114630473,-15.3442190497,-0.153443179055,-2.5278525016,5.87961056903,nan,nan,nan,nan,nan,nan,-21.0760697366,-2.69114630473,15.3442190497,0.155919613786,2.55600407651,-5.53985202451
1.565382089,nan,nan,nan,0.00178999821326,0.0142207794399,0.0480114726165,0,0,0,-0.0112856958891,0.0761462859587,0.620709348663,21.0760697366,2.69114630473,-15.3442190497,-0.153443179055,-2.5278525016,5.87961056903,nan,nan,nan,nan,nan,nan,-21.0760697366,-2.69114630473,15.3442190497,0.148100801478,2.55604414105,-5.42070400912
1.615382089,nan,nan,nan,0.000341568924146,0.0177467802693,0.0825816631665,0,0,0,-0.0280363963756,0.0642969288522,0.746434946693,21.0760697366,2.69114630473,-15.3442190497,-0.153443179055,-2.5278525016,5.87961056903,nan,nan,nan,nan,nan,nan,-21.0760697366,-2.69114630473,15.3442190497,0.140171421884,2.55165715357,-5.32775180563
1.665382089,nan,nan,nan,-0.00101364142431,0.0206504723252,0.122654967286,0,0,0,-0.0248202564586,0.0531391875846,0.852613798044,21.0760697366,2.69114630473,-15.3442190497,-0.153443179055,-2.5278525016,5.87961056903,nan,nan,nan,nan,nan,nan,-21.0760697366,-2.69114630473,15.3442190497,0.141693865334,2.54752622302,-5.24925102018
1.715382089,nan,nan,nan,-0.00214045672171,0.0230606990278,0.167843042971,0,0,0,-0.0242360150148,0.0473914680652,0.953453723409,21.0760697366,2.69114630473,-15.3442190497,-0.153443179055,-2.5278525016,5.87961056903,nan,nan,nan,nan,nan,nan,-21.0760697366,-2.69114630473,15.3442190497,0.141970431211,2.54539824482,-5.17469744152
1.765382089,nan,nan,nan,-0.00343724292579,0.0253896191317,0.218000339627,0,0,0,-0.0169207620406,0.0518277443988,1.07608682693,21.0760697366,2.69114630473,-15.3442190497,-0.153443179055,-2.5278525016,5.87961056903,nan,nan,nan,nan,nan,nan,-21.0760697366,-2.69114630473,15.3442190497,0.145433296403,2.54704068741,-5.08403159962
1.815382089,nan,nan,nan,-0.00383253292577,0.0282434734677,0.275451725664,0,0,0,-0.00612056195953,0.0595283765517,1.23615552524,21.0760697366,2.69114630473,-15.3442190497,-0.153443179055,-2.5278525016,5.87961056903,nan,nan,nan,nan,nan,nan,-21.0760697366,-2.69114630473,15.3442190497,0.150545851917,2.54989169245,-4.96568864918
1.865382089,nan,nan,nan,-0.00404929912174,0.0313424567869,0.341615892151,0,0,0,-0.00101026162792,0.0555423307133,1.36816008527,21.0760697366,2.69114630473,-15.3442190497,-0.153443179055,-2.5278525016,5.87961056903,nan,nan,nan,nan,nan,nan,-21.0760697366,-2.69114630473,15.3442190497,0.152964945447,2.5484159387,-4.86809424583
1.915382089,nan,nan,nan,-0.00393355908856,0.033797706539,0.412267734192,0,0,0,-0.0116693117375,0.0322423191936,1.36810439054,21.0760697366,2.69114630473,-15.3442190497,-0.153443179055,-2.5278525016,5.87961056903,nan,nan,nan,nan,nan,nan,-21.0760697366,-2.69114630473,15.3442190497,0.147919206942,2.53978957544,-4.86813542239
1.965382089,nan,nan,nan,-0.0052162302955,0.0345666887062,0.478426331205,0,0,0,-0.0290993557137,0.00987407440781,1.30383328619,21.0760697366,2.69114630473,-15.3442190497,-0.153443179055,-2.5278525016,5.87961056903,nan,nan,nan,nan,nan,nan,-21.0760697366,-2.69114630473,15.3442190497,0.139668242445,2.53150818017,-4.91565272088
2.015382089,nan,nan,nan,-0.00684349465993,0.0347851139798,0.542651062811,0,0,0,-0.0329509921906,-0.00210363870469,1.26119040465,21.0760697366,2.69114630473,-15.3442190497,-0.153443179055,-2.5278525016,5.87961056903,nan,nan,nan,nan,nan,nan,-21.0760697366,-2.69114630473,15.3442190497,0.137844970176,2.52707367144,-4.94717971192
2.065382089,nan,nan,nan,-0.00851132951456,0.0343563248357,0.60454537167,0,0,0,-0.0417446375663,-0.023094193126,1.17655307417,21.0760697366,2.69114630473,-15.3442190497,-0.153443179055,-2.5278525016,5.87961056903,nan,nan,nan,nan,nan,nan,-21.0760697366,-2.69114630473,15.3442190497,0.133682269503,2.51930233848,-5.00975429092
2.115382089,nan,nan,nan,-0.0110179584166,0.0324756946672,0.660306370228,0,0,0,-0.0385679226803,-0.0320244175737,1.06733279528,21.0760697366,2.69114630473,-15.3442190497,-0.153443179055,-2.5278525016,5.87961056903,nan,nan,nan,nan,nan,nan,-21.0760697366,-2.69114630473,15.3442190497,0.135186050088,2.51599610148,-5.09050368283
2.165382089,nan,nan,nan,-0.0123681217826,0.0311538830784,0.711278651198,0,0,0,-0.0354217800244,-0.0238157776132,0.982355965829,21.0760697366,2.69114630473,-15.3442190497,-0.153443179055,-2.5278525016,5.87961056903,nan,nan,nan,nan,nan,nan,-21.0760697366,-2.69114630473,15.3442190497,0.136675358514,2.51903518626,-5.15332926224
2.215382089,nan,nan,nan,-0.014560136419,0.0300941169059,0.758541966811,0,0,0,-0.0393750236373,-0.0117847391372,0.907206589881,21.0760697366,2.69114630473,-15.3442190497,-0.153443179055,-2.5278525016,5.87961056903,nan,nan,nan,nan,nan,nan,-21.0760697366,-2.69114630473,15.3442190497,0.134803987866,2.52348943763,-5.20888914976
2.265382089,nan,nan,nan,-0.0163056241463,0.0299754091647,0.801999310186,0,0,0,-0.0346055444661,-0.00415913581767,0.823536822946,21.0760697366,2.69114630473,-15.3442190497,-0.153443179055,-2.5278525016,5.87961056903,nan,nan,nan,nan,nan,nan,-21.0760697366,-2.69114630473,15.3442190497,0.137061744838,2.52631266475,-5.27074838387
2.315382089,nan,nan,nan,-0.0180206908656,0.0296782033241,0.840895649106,0,0,0,-0.0387354210168,-0.0186261962225,0.710240650013,21.0760697366,2.69114630473,-15.3442190497,-0.153443179055,-2.5278525016,5.87961056903,nan,nan,nan,nan,nan,nan,-21.0760697366,-2.69114630473,15.3442190497,0.135106760396,2.52095652497,-5.35451119022
2.365382089,nan,nan,nan,-0.020179166248,0.0281127895424,0.873023375187,0,0,0,-0.0358876930103,-0.0332375785572,0.576507097545,21.0760697366,2.69114630473,-15.3442190497,-0.153443179055,-2.5278525016,5.87961056903,nan,nan,nan,nan,nan,nan,-21.0760697366,-2.69114630473,15.3442190497,0.136454806489,2.51554695289,-5.45338388263
2.415382089,nan,nan,nan,-0.0216094601667,0.0263544454684,0.898546358861,0,0,0,-0.0324977933806,-0.0429377109242,0.437327851816,21.0760697366,2.69114630473,-15.3442190497,-0.153443179055,-2.5278525016,5.87961056903,nan,nan,nan,nan,nan,nan,-21.0760697366,-2.69114630473,15.3442190497,0.138059503616,2.51195567289,-5.55628271766
2.465382089,nan,nan,nan,-0.0234289455861,0.02381901845,0.916756160369,0,0,0,-0.0343329606554,-0.0762476526382,0.238397175104,20.8451565667,2.61376924157,-15.333870826,-0.150783354577,-2.52128322001,5.69372203488,nan,nan,nan,nan,nan,nan,-20.8451565667,-2.61376924157,15.333870826,0.134530954994,2.49305405158,-5.517468805
2.515382089,nan,nan,nan,-0.0250427562322,0.0187296802046,0.922386076371,0,0,0,-0.0338310189178,-0.11361217734,-0.014409627446,18.2116519989,2.1262754712,-15.3474921305,-0.11102617864,-2.4696157023,4.96658400669,nan,nan,nan,nan,nan,nan,-18.2116519989,-2.1262754712,15.3474921305,0.0950113862283,2.42755306588,-4.97723741892
2.565382089,nan,nan,nan,-0.0268120474778,0.012457800716,0.915315197624,0,0,0,-0.0335586817281,-0.136591696197,-0.240546153714,15.2358086278,1.83475962895,-15.5647358267,-0.00514794482326,-2.36724230827,4.15476554559,nan,nan,nan,nan,nan,nan,-15.2358086278,-1.83475962895,15.5647358267,-0.0107379296985,2.31667196459,-4.33260757123
2.615382089,nan,nan,nan,-0.028398624405,0.00507051058489,0.898331461,0,0,0,-0.020866692929,-0.141462095336,-0.420878024392,13.1898450816,1.40838203896,-15.5871173671,0.0462842966447,-2.29546119637,2.9318111104,nan,nan,nan,nan,nan,nan,-13.1898450816,-1.40838203896,15.5871173671,-0.0561620882766,2.24308768481,-3.24297717666
2.665382089,nan,nan,nan,-0.0288987167707,-0.0016884088176,0.873227395185,0,0,0,-0.0256371291577,-0.112533750804,-0.634641159549,12.484125117,0.770957540421,-15.6210897727,0.127687799313,-2.22376255379,1.56916755155,nan,nan,nan,nan,nan,nan,-12.484125117,-0.770957540421,15.6210897727,-0.139823800965,2.18209918323,-2.03837426147
2.715382089,nan,nan,nan,-0.0309623373208,-0.00618286449552,0.834867345045,0,0,0,-0.0136521261725,-0.074239250128,-0.881249512228,12.1797792834,0.142085473548,-15.6497134429,0.216984002379,-2.15037547649,0.133101368918,nan,nan,nan,nan,nan,nan,-12.1797792834,-0.142085473548,15.6497134429,-0.223446591258,2.12288987892,-0.784632045796
2.765382089,nan,nan,nan,-0.030263929388,-0.0091123338304,0.785102443962,0,0,0,0.0147262953943,-0.0578526003136,-1.08291448696,12.3645026282,-0.56471199975,-15.6972968865,0.311754631851,-2.07209677742,-1.3334744287,nan,nan,nan,nan,nan,nan,-12.3645026282,0.56471199975,15.6972968865,-0.304783557043,2.0506780092,0.532847592716
2.815382089,nan,nan,nan,-0.0294897077813,-0.0119681245269,0.726575896349,0,0,0,0.0291668381522,-0.0562111189164,-1.24514157859,13.0352709809,-1.25540999705,-15.8074476406,0.401110825157,-1.9883135925,-2.74322191147,nan,nan,nan,nan,nan,nan,-13.0352709809,1.25540999705,15.8074476406,-0.38730394398,1.96750254994,1.82265636873
2.865382089,nan,nan,nan,-0.0273472455728,-0.014733445722,0.660588286103,0,0,0,0.058118105986,-0.0561836368715,-1.38448683881,14.9917665162,-1.73059198908,-15.9295779629,0.48702128231,-1.90098953621,-4.08801201987,nan,nan,nan,nan,nan,nan,-14.9917665162,1.73059198908,15.9295779629,-0.459509565771,1.88018866833,3.06442490328
2.915382089,nan,nan,nan,-0.0236778971827,-0.017586488214,0.588127212468,0,0,0,0.0681113467953,-0.0548762204308,-1.50481194431,18.5905164496,-2.15994555623,-16.013472488,0.582919964047,-1.80148769606,-5.06925568451,nan,nan,nan,nan,nan,nan,-18.5905164496,2.15994555623,16.013472488,-0.550677687146,1.78117087297,3.95670908898
2.965382089,nan,nan,nan,-0.0205361108932,-0.0202210677651,0.510107091673,0,0,0,0.073728808721,-0.0449028354284,-1.59554484535,21.4618134925,-2.54576454509,-16.1647720454,0.670591791935,-1.70394160937,-6.19090083996,nan,nan,nan,nan,nan,nan,-21.4618134925,2.54576454509,16.1647720454,-0.635690343377,1.6873172326,5.01127305162
3.015382089,nan,nan,nan,-0.0163050163106,-0.0220767717569,0.428572727933,0,0,0,0.0922089282343,-0.0133857907905,-1.59771573412,21.4712392508,-2.55587155628,-16.3326676642,0.603214937641,-1.68675007494,-6.17715874555,nan,nan,nan,nan,nan,nan,-21.4712392508,2.55587155628,16.3326676642,-0.559565444029,1.68179425362,4.9959259627
3.065382089,nan,nan,nan,-0.0113152180698,-0.0215596468442,0.350335518261,0,0,0,0.102415550386,0.0308947196653,-1.51516294713,21.0181612063,-2.55569990254,-16.5839711984,0.475287777295,-1.69317467998,-5.89311216169,nan,nan,nan,nan,nan,nan,-21.0181612063,2.55569990254,16.5839711984,-0.426806713716,1.70461283205,4.77291280065
3.115382089,nan,nan,nan,-0.00606346127205,-0.0189872997903,0.27705643322,0,0,0,0.102021424118,0.0652656489377,-1.42721287286,20.1641434491,-2.40343187273,-16.8084238059,0.336488621213,-1.70085054194,-5.49801564429,nan,nan,nan,nan,nan,nan,-20.1641434491,2.40343187273,16.8084238059,-0.28819412755,1.72501384315,4.44284005984
3.165382089,nan,nan,nan,-0.00111307565803,-0.0150330819504,0.207614230975,0,0,0,0.0964291119304,0.0799317652053,-1.35145786862,18.7393139066,-2.2011393923,-17.0148103098,0.194513419313,-1.71017125958,-5.10969725062,nan,nan,nan,nan,nan,nan,-18.7393139066,2.2011393923,17.0148103098,-0.148866192024,1.73976439701,4.11052931044
3.215382089,nan,nan,nan,0.00357944992099,-0.0109941232698,0.141910646358,0,0,0,0.102311177937,0.061169207398,-1.21488872571,17.4286767555,-2.10117514223,-17.2462679811,0.044706097218,-1.72412994701,-4.75202326913,nan,nan,nan,nan,nan,nan,-17.4286767555,2.10117514223,17.2462679811,0.00372555894889,1.74677662267,3.8538244471
3.265382089,nan,nan,nan,0.00911804213562,-0.0089161612106,0.0861253584035,0,0,0,0.0876217111062,0.0332635997221,-1.0257391196,16.1388369874,-1.9162993895,-17.5012967147,-0.10238951543,-1.73443253099,-4.40050423827,nan,nan,nan,nan,nan,nan,-16.1388369874,1.9162993895,17.5012967147,0.143867530547,1.74674771351,3.64214863793
3.315382089,nan,nan,nan,0.0123416210316,-0.00766776329761,0.0393367343977,0,0,0,0.0612111616731,0.0223008549526,-0.866114212376,15.078164143,-1.66968316783,-17.8106526259,-0.26290985093,-1.73579050104,-4.08400574685,nan,nan,nan,nan,nan,nan,-15.078164143,1.66968316783,17.8106526259,0.291885745798,1.74404694657,3.44366499067
3.365382089,nan,nan,nan,0.0152391583029,-0.00668607571534,-0.000486062834051,0,0,0,0.035596266723,0.0277466504466,-0.72837584723,14.4510543372,-1.44470018472,-18.178476401,-0.43369742906,-1.75071875916,-3.55680268726,nan,nan,nan,nan,nan,nan,-14.4510543372,1.44470018472,18.178476401,0.450547847416,1.76099140156,3.01829548563
3.415382089,nan,nan,nan,0.0159012477039,-0.00489309825295,-0.0335008503253,0,0,0,-0.000654181085349,0.0434015680865,-0.596423273171,13.9221536763,-1.28145744353,-18.5437143445,-0.60130649013,-1.76959583541,-3.06175947887,nan,nan,nan,nan,nan,nan,-13.9221536763,1.28145744353,18.5437143445,0.600996816505,1.78566439796,2.62080824601
3.465382089,nan,nan,nan,0.0151737401944,-0.00234591890669,-0.0601283901511,0,0,0,-0.0216031912705,0.0536334895865,-0.474536805783,13.6811795737,-1.13518015776,-18.8069995228,-0.743388426944,-1.77366213478,-2.55661606473,nan,nan,nan,nan,nan,nan,-13.6811795737,1.13518015776,18.8069995228,0.733161994673,1.79351886163,2.20577866625
3.515382089,nan,nan,nan,0.0137409285769,0.000470250705707,-0.0809545309036,0,0,0,-0.0427433321574,0.0574803860893,-0.357114721084,13.6934167393,-0.870142081451,-18.6440512629,-0.777157138937,-1.81071845993,-2.25009076652,nan,nan,nan,nan,nan,nan,-13.6934167393,0.870142081451,18.6440512629,0.756923471333,1.83199942327,1.98606656824
3.565382089,nan,nan,nan,0.0108994069787,0.00340211970224,-0.0958398622595,0,0,0,-0.0596112842937,0.0562058331261,-0.244035203808,13.7679678657,-0.755186868524,-18.3736225352,-0.78149048317,-1.85781679319,-1.95799077313,nan,nan,nan,nan,nan,nan,-13.7679678657,0.755186868524,18.3736225352,0.753271931857,1.87862587879,1.77756920204
3.615382089,nan,nan,nan,0.00777980014749,0.00609083401832,-0.105358051284,0,0,0,-0.0600909580074,0.0505216803581,-0.150022010682,13.9615462871,-0.679526485776,-18.0907500473,-0.780914778793,-1.90608079233,-1.71763965025,nan,nan,nan,nan,nan,nan,-13.9615462871,0.679526485776,18.0907500473,0.752469161456,1.92478543405,1.60672447718
3.665382089,nan,nan,nan,0.00489031117792,0.00845428773805,-0.110842063328,0,0,0,-0.0556010356913,0.046303909204,-0.0726684923925,14.1772988482,-0.54323642809,-17.7973679913,-0.772074078258,-1.95652919427,-1.46547536305,nan,nan,nan,nan,nan,nan,-14.1772988482,0.54323642809,17.7973679913,0.745753882386,1.97367229057,1.41174965724
3.715382089,nan,nan,nan,0.00221969657836,0.0107212249387,-0.112624900524,0,0,0,-0.0553593344133,0.0425556754181,-0.00432356722875,14.4357090353,-0.427306007518,-17.4938210074,-0.754054949073,-2.00857476102,-1.21590832959,nan,nan,nan,nan,nan,nan,-14.4357090353,0.427306007518,17.4938210074,0.727849168785,2.02433014873,1.21271180392
3.765382089,nan,nan,nan,-0.000645622263414,0.0127098552799,-0.111274420051,0,0,0,-0.0469438528261,0.0439624483098,0.0541310681429,14.6536206871,-0.341048580327,-17.2113831941,-0.740921674658,-2.0578133527,-0.984597505387,nan,nan,nan,nan,nan,nan,-14.6536206871,0.341048580327,17.2113831941,0.718699581382,2.07408956994,1.02461801147
3.815382089,nan,nan,nan,-0.00247468870425,0.0151174697697,-0.107211793709,0,0,0,-0.0288914907903,0.0431458783543,0.104531672447,15.0331788218,-0.208203579029,-16.9590896467,-0.735042349474,-2.10307613881,-0.718153355539,nan,nan,nan,nan,nan,nan,-15.0331788218,0.208203579029,16.9590896467,0.72136581113,2.11905003735,0.795436338803
3.865382089,nan,nan,nan,-0.00353477134244,0.0170244431153,-0.100821252806,0,0,0,-0.0282359334016,0.034897880304,0.14695905943,15.2351111779,-0.0323068961511,-16.7372812429,-0.721953760233,-2.14427041461,-0.43958348048,nan,nan,nan,nan,nan,nan,-15.2351111779,0.0323068961511,16.7372812429,0.708587547023,2.15719065683,0.548234134052
3.915382089,nan,nan,nan,-0.00529828204441,0.0186072578001,-0.0925158877663,0,0,0,-0.0276269040999,0.0268877187485,0.180604063003,15.4914202024,0.0207147511798,-16.5336268887,-0.70415975046,-2.18256083441,-0.195448559528,nan,nan,nan,nan,nan,nan,-15.4914202024,-0.0207147511798,16.5336268887,0.691081837105,2.19251547452,0.328973839012
3.965382089,nan,nan,nan,-0.00629746175243,0.0197132149901,-0.0827608465055,0,0,0,-0.0206887883042,0.0212479542313,0.202633698277,15.8015258207,0.10882495171,-16.2226550528,-0.70357965384,-2.24076952694,0.0212126873884,nan,nan,nan,nan,nan,nan,-15.8015258207,-0.10882495171,16.2226550528,0.693786077988,2.24863615703,0.128599674224
4.015382089,nan,nan,nan,-0.00736716087483,0.0207320532232,-0.0722525179385,0,0,0,-0.0186161271534,0.0146676076976,0.215817730893,16.2200398137,0.102819836031,-15.9004712653,-0.672814948297,-2.32134414744,0.0778260889176,nan,nan,nan,nan,nan,nan,-16.2200398137,-0.102819836031,15.9004712653,0.66400252049,2.32677453584,0.0817335707923
4.065382089,nan,nan,nan,-0.00815907446776,0.0211799757599,-0.0611790734163,0,0,0,-0.0116950711222,0.0092142415487,0.219449384175,16.7957332831,0.120408962632,-15.7753793933,-0.59221173189,-2.37924489828,0.0964166372724,nan,nan,nan,nan,nan,nan,-16.7957332831,-0.120408962632,15.7753793933,0.586675565903,2.38265628693,0.0658279981319
4.115382089,nan,nan,nan,-0.00853666798705,0.0216534773781,-0.0503075795211,0,0,0,-0.00825999526488,0.0104428486981,0.213227529497,17.4806919374,0.10631894175,-15.7173800598,-0.498094505915,-2.43253505204,0.0738609110124,nan,nan,nan,nan,nan,nan,-17.4806919374,-0.10631894175,15.7173800598,0.494184422397,2.43640130791,0.0837837454603
4.165382089,nan,nan,nan,-0.00898507399425,0.0222242606297,-0.0398563204666,0,0,0,-0.00118014926782,0.0116105358454,0.202400798294,18.0711186639,0.0590861044739,-15.6980107751,-0.411813676038,-2.48220719898,0.0287435520562,nan,nan,nan,nan,nan,nan,-18.0711186639,-0.0590861044739,15.6980107751,0.411255021698,2.48650576766,0.120896620543
4.215382089,nan,nan,nan,-0.00865468291383,0.0228145309626,-0.0300674996917,0,0,0,0.00521729177973,0.00606660714766,0.189949118637,18.6122193905,0.0290628076961,-15.4855740148,-0.279968015754,-2.56122535032,-0.000161388569548,nan,nan,nan,nan,nan,nan,-18.6122193905,-0.0290628076961,15.4855740148,0.282437756467,2.56347139029,0.140595710655
4.265382089,nan,nan,nan,-0.00846334481628,0.0228309213445,-0.0208614086028,0,0,0,0.00875206305175,0.00327736183137,0.170544752737,19.1728189989,-0.00510128222652,-15.6372939176,-0.23344859414,-2.58518421509,-0.0306436746944,nan,nan,nan,nan,nan,nan,-19.1728189989,0.00510128222652,15.6372939176,0.237591610739,2.58639759276,0.156731844556
4.315382089,nan,nan,nan,-0.00777947660865,0.0231422671458,-0.0130130244181,0,0,0,0.0148987540905,0.00108955897855,0.144376750855,19.782180816,-0.0376629306322,-15.8188946382,-0.179881353593,-2.61404665141,-0.0637885823995,nan,nan,nan,nan,nan,nan,-19.782180816,0.0376629306322,15.8188946382,0.18693406621,2.61445003883,0.170530068102
4.365382089,nan,nan,nan,-0.00697346940723,0.0229398772423,-0.00642373351732,0,0,0,0.0135543514994,-0.00204514388114,0.122337246163,20.3557076016,-0.0223505874883,-16.028850349,-0.119790220091,-2.64780858618,-0.0866202967241,nan,nan,nan,nan,nan,nan,-20.3557076016,0.0223505874883,16.028850349,0.126206524786,2.64705141256,0.17706740358
4.415382089,nan,nan,nan,-0.00642404145871,0.0229377527577,-0.000779299801796,0,0,0,0.0133763558656,-0.000659960152366,0.100947463806,20.9118264513,-0.111169636014,-16.2320385484,-0.0609638248083,-2.68047903533,-0.115680755509,nan,nan,nan,nan,nan,nan,-20.9118264513,0.111169636014,16.2320385484,0.0672958706425,2.68023469828,0.190313840135
4.465382089,nan,nan,nan,-0.00563583382067,0.0228738812271,0.0036710128633,0,0,0,0.0148679711164,-0.00524917086032,0.0767768635191,21.4519452585,-0.132414381636,-16.3707662517,-0.0189424206739,-2.70230366077,-0.170825214598,nan,nan,nan,nan,nan,nan,-21.4519452585,0.132414381636,16.3707662517,0.0259805613691,2.70036026024,0.227588345996
4.515382089,nan,nan,nan,-0.00493724434707,0.0224128356716,0.00689838655011,0,0,0,0.0153040676233,-0.0118790366804,0.0547268139687,21.4003122983,-0.147507368852,-16.4391675175,-0.00186159947474,-2.71401837357,-0.185092949416,nan,nan,nan,nan,nan,nan,-21.4003122983,0.147507368852,16.4391675175,0.00910617778999,2.70962039782,0.22555390588
4.565382089,nan,nan,nan,-0.00410542705834,0.0216859775591,0.00914369426016,0,0,0,0.0164245595643,-0.0141703857804,0.0325599914827,21.2118363231,-0.154250875844,-16.4915723838,0.00707969654128,-2.7234402239,-0.190286135433,nan,nan,nan,nan,nan,nan,-21.2118363231,0.154250875844,16.4915723838,0.00069529576701,2.71819392197,0.214358583696
4.615382089,nan,nan,nan,-0.00329478839064,0.0209957970936,0.0101543856984,0,0,0,0.0177721796803,-0.0207290115912,0.0124601584328,20.9481497334,-0.144725103694,-16.5399539589,0.0135160299299,-2.73240776985,-0.196009088569,nan,nan,nan,nan,nan,nan,-20.9481497334,0.144725103694,16.5399539589,-0.00510310660156,2.72473326789,0.205221207662
4.665382089,nan,nan,nan,-0.00232820909031,0.0196130763999,0.0103897101034,0,0,0,0.0192349522558,-0.0326449546519,-0.00362277001493,20.649900338,-0.140178138041,-16.5871828417,0.0192635996089,-2.74128419923,-0.202418487533,nan,nan,nan,nan,nan,nan,-20.649900338,0.140178138041,16.5871828417,-0.0101582348498,2.72919805767,0.199740079469
4.715382089,nan,nan,nan,-0.00137129316507,0.0177313016284,0.00979210869689,0,0,0,0.0159985756175,-0.0408971102184,-0.0102303483452,20.3569673484,-0.149598710582,-16.6340814726,0.0248514584398,-2.75008886683,-0.220989260106,nan,nan,nan,nan,nan,nan,-20.3569673484,0.149598710582,16.6340814726,-0.0172781167083,2.73494752971,0.213425697585
4.765382089,nan,nan,nan,-0.00072835152856,0.0155233653781,0.00936667526892,0,0,0,0.0171495514469,-0.0418518806855,-0.00485060422919,20.0668506424,-0.160991179405,-16.6875008158,0.0319381033281,-2.75998708595,-0.23980911184,nan,nan,nan,nan,nan,nan,-20.0668506424,0.160991179405,16.6875008158,-0.0238199172624,2.74449226416,0.236222934018
4.815382089,nan,nan,nan,0.000343661979623,0.0135461135598,0.00930704827397,0,0,0,0.0252293046638,-0.0326564836443,0.0963487416974,19.7978096191,-0.143053299841,-16.745975762,0.0401115953344,-2.77067647492,-0.252469208346,nan,nan,nan,nan,nan,nan,-19.7978096191,0.143053299841,16.745975762,-0.0281686480099,2.75858606498,0.32370233815
4.865382089,nan,nan,nan,0.00179457893782,0.0122577170137,0.0190015494387,0,0,0,0.0326704038165,-0.0162541700003,0.321646705351,19.5228380529,-0.132344227818,-16.8044382764,0.0483009388056,-2.78138155455,-0.26647028422,nan,nan,nan,nan,nan,nan,-19.5228380529,0.132344227818,16.8044382764,-0.0328355537285,2.77536377319,0.5042720563
4.915382089,nan,nan,nan,0.00361070236128,0.0119206965598,0.0414717188091,0,0,0,0.0283531507236,-0.000259533031033,0.548393986974,19.2426874615,-0.140580043343,-16.862897229,0.056545445196,-2.79210156932,-0.281686550889,nan,nan,nan,nan,nan,nan,-19.2426874615,0.140580043343,16.862897229,-0.0431237441191,2.79200548241,0.687128483703
4.965382089,nan,nan,nan,0.00462989401018,0.0122317637106,0.0738409481361,0,0,0,0.00229504143418,0.00615361400945,0.731679246141,18.9875933931,-0.159966406888,-16.9518628082,0.0685669631791,-2.8079020344,-0.26193771541,nan,nan,nan,nan,nan,nan,-18.9875933931,0.159966406888,16.9518628082,-0.0674805456452,2.81018028692,0.802887205742
5.015382089,nan,nan,nan,0.00384020650469,0.0125360579608,0.114639643423,0,0,0,-0.0235851546914,0.00340138085355,0.882565579676,18.8329904687,-0.0818643934295,-17.193795611,0.0990687567257,-2.84925248685,-0.0483436912433,nan,nan,nan,nan,nan,nan,-18.8329904687,0.0818643934295,17.193795611,-0.110233402913,2.85051178008,0.700847371003
5.065382089,nan,nan,nan,0.00227137854104,0.0125719017959,0.162097506104,0,0,0,-0.049690592144,-0.00148432988189,1.00554643218,18.7600114001,-0.0387145856956,-17.4716585686,0.123757366352,-2.8964302639,0.221949219035,nan,nan,nan,nan,nan,nan,-18.7600114001,0.0387145856956,17.4716585686,-0.147279700098,2.89588072045,0.521477402484
5.115382089,nan,nan,nan,-0.0011288527097,0.0123876249726,0.215194286641,0,0,0,-0.0785657702866,-0.00442605572207,1.11927605528,18.55681903,0.0749457825602,-17.7164051258,0.137758996252,-2.93840200917,0.560995754882,nan,nan,nan,nan,nan,nan,-18.55681903,-0.0749457825602,17.7164051258,-0.174950146327,2.93676335056,0.266514133967
5.165382089,nan,nan,nan,-0.00558519848762,0.0121292962237,0.274025111632,0,0,0,-0.0948374069296,-0.00396090124334,1.20645172115,18.5013268471,0.0962105040815,-17.96412105,0.152198168216,-2.98043247691,0.882680642634,nan,nan,nan,nan,nan,nan,-18.5013268471,-0.0962105040815,17.96412105,-0.197091920559,2.97896603245,0.0092804825575
5.215382089,nan,nan,nan,-0.0106125934027,0.0119915348482,0.335839458756,0,0,0,-0.112973320335,-0.0176979912787,1.17762115681,18.4676356841,0.316356077659,-18.2309969283,0.170378320388,-3.02563557383,1.16867141555,nan,nan,nan,nan,nan,nan,-18.4676356841,-0.316356077659,18.2309969283,-0.223857178876,3.01908324652,-0.298025476163
5.265382089,nan,nan,nan,-0.0168825305212,0.0103594970958,0.391787227313,0,0,0,-0.133732812408,-0.0469179685758,1.02292759043,18.4046725568,0.437263846525,-18.4992457616,0.189134036621,-3.07115851605,1.48950842593,nan,nan,nan,nan,nan,nan,-18.4046725568,-0.437263846525,18.4992457616,-0.252439940427,3.05378807654,-0.733231462203
5.315382089,nan,nan,nan,-0.0239858746435,0.00729973799066,0.4381322178,0,0,0,-0.148365137415,-0.0590451630768,0.788706485633,18.4063624956,0.50201455345,-18.7781617167,0.210545999737,-3.11829024263,1.84073091855,nan,nan,nan,nan,nan,nan,-18.4063624956,-0.50201455345,18.7781617167,-0.280778495026,3.0964299519,-1.25761970735
5.365382089,nan,nan,nan,-0.0317190442627,0.00445498078817,0.470657875877,0,0,0,-0.144131110779,-0.0676247112755,0.481158680762,18.4305863897,0.546054521436,-19.0395633507,0.240287706527,-3.1623944471,2.16719552987,nan,nan,nan,nan,nan,nan,-18.4305863897,-0.546054521436,19.0395633507,-0.308515915222,3.13735775025,-1.81146240706
5.415382089,nan,nan,nan,-0.0383989857213,0.000537266863108,0.486248085876,0,0,0,-0.107196684091,-0.0960254747086,0.118796708116,18.5208059657,0.611441019304,-19.2933641416,0.270398233769,-3.20501612204,2.49469769166,nan,nan,nan,nan,nan,nan,-18.5208059657,-0.611441019304,19.2933641416,-0.321142571297,3.16946461053,-2.40686819664
5.465382089,nan,nan,nan,-0.0424387126718,-0.0051475666827,0.482537546688,0,0,0,-0.0398514398836,-0.128932268445,-0.232744313514,18.4848278857,0.695426285204,-19.4474756567,0.284649063959,-3.23116890232,2.73519395122,nan,nan,nan,nan,nan,nan,-18.4848278857,-0.695426285204,19.4474756567,-0.303513779165,3.18343430857,-2.90726787355
5.515382089,nan,nan,nan,-0.0423841297097,-0.0123559599814,0.462973654525,0,0,0,0.0508765909369,-0.14573950849,-0.519742696276,18.3637443476,0.615509842239,-19.2167567599,0.245176868407,-3.19254065938,2.5396460214,nan,nan,nan,nan,nan,nan,-18.3637443476,-0.615509842239,19.2167567599,-0.221093111296,3.13858352115,-2.92390531007
5.565382089,nan,nan,nan,-0.0373510535781,-0.0197215175317,0.430563277061,0,0,0,0.124584407703,-0.144030778626,-0.748408489606,18.2536771028,0.524624084723,-18.8267003037,0.179542181204,-3.12695132002,2.1628872613,nan,nan,nan,nan,nan,nan,-18.2536771028,-0.524624084723,18.8267003037,-0.120566912623,3.07362680485,-2.71620511629
5.615382089,nan,nan,nan,-0.0299256889394,-0.0267590378441,0.388132805564,0,0,0,0.171361796624,-0.130941655356,-0.928783889743,18.1624459119,0.436353572037,-18.4062494539,0.111622417183,-3.05616881998,1.72991361518,nan,nan,nan,nan,nan,nan,-18.1624459119,-0.436353572037,18.4062494539,-0.0305038553444,3.00769029091,-2.41658769325
5.665382089,nan,nan,nan,-0.0202148739157,-0.0328156830673,0.337684888086,0,0,0,0.200339676063,-0.118342393171,-1.08342390628,18.1494529019,0.304967107519,-17.9651170853,0.0546793061519,-2.9816564287,1.27144251935,nan,nan,nan,nan,nan,nan,-18.1494529019,-0.304967107519,17.9651170853,0.040156688344,2.93784252448,-2.07244598229
5.715382089,nan,nan,nan,-0.00989172133308,-0.0385932771612,0.279790414936,0,0,0,0.20529333796,-0.103020447402,-1.20182878699,18.1106385554,0.0436284443069,-17.4322948011,-0.0193433986037,-2.89172590572,0.844999889821,nan,nan,nan,nan,nan,nan,-18.1106385554,-0.0436284443069,17.4322948011,0.116524337754,2.85358464548,-1.73354315959
5.765382089,nan,nan,nan,0.000314459880328,-0.0431177278075,0.217502009388,0,0,0,0.189446671877,-0.0485413294915,-1.20151350401,18.1398459917,-0.0706794965943,-16.8689052291,-0.100375342367,-2.79642544575,0.398996086952,nan,nan,nan,nan,nan,nan,-18.1398459917,0.0706794965943,16.8689052291,0.190054850113,2.77845398933,-1.28730625982
5.815382089,nan,nan,nan,0.0090529458546,-0.0434474101104,0.159639064535,0,0,0,0.166459749535,0.0296683412994,-1.07404683714,18.3104627703,-0.197074697837,-16.3329572696,-0.17467933112,-2.70533839026,-0.0738674156946,nan,nan,nan,nan,nan,nan,-18.3104627703,0.197074697837,16.3329572696,0.253477381516,2.71632250026,-0.720203336224
5.865382089,nan,nan,nan,0.0169604348338,-0.0401508936776,0.110097325673,0,0,0,0.155269534971,0.0744435987542,-0.868737003154,18.3168472981,-0.353176392639,-16.2249035559,-0.374789623865,-2.53264856558,-0.553528868361,nan,nan,nan,nan,nan,nan,-18.3168472981,0.353176392639,16.2249035559,0.448290495251,2.56020981914,-0.0887509852328
5.915382089,nan,nan,nan,0.0245798993517,-0.036003050235,0.0727653642195,0,0,0,0.131140870908,0.0930045066716,-0.68069713758,18.5214559192,-0.512653337799,-16.3655229448,-0.490859214753,-2.35815595421,-1.01979268088,nan,nan,nan,nan,nan,nan,-18.5214559192,0.512653337799,16.3655229448,0.55293815566,2.39258901272,0.516535588946
5.965382089,nan,nan,nan,0.0300745219246,-0.0308504430104,0.0420276119152,0,0,0,0.0742308598454,0.112222462503,-0.550981642638,18.5742624811,-0.711074543265,-16.6511469609,-0.589028099684,-2.1841173221,-1.36850271786,nan,nan,nan,nan,nan,nan,-18.5742624811,0.711074543265,16.6511469609,0.624167207194,2.22566544439,0.961147663933
6.015382089,nan,nan,nan,0.0320029853363,-0.0247808039847,0.0176671999558,0,0,0,0.00511186953523,0.132383523126,-0.435583679884,18.4311410981,-0.716416259423,-16.4494205549,-0.606122489091,-2.18430567997,-1.4047849431,nan,nan,nan,nan,nan,nan,-18.4311410981,0.716416259423,16.4494205549,0.608542325444,2.23331803174,1.08274660338
6.065382089,nan,nan,nan,0.0305857088782,-0.0176120906979,-0.00153075607319,0,0,0,-0.0641185845149,0.152790213582,-0.338240610835,18.3881999899,-0.640454620367,-16.039916615,-0.628383028838,-2.25701311235,-1.32055301152,nan,nan,nan,nan,nan,nan,-18.3881999899,0.640454620367,16.039916615,0.598030829774,2.31358063313,1.07048293368
6.115382089,nan,nan,nan,0.0255911268848,-0.00950178262645,-0.0161568611278,0,0,0,-0.114368630255,0.167693018286,-0.256871644638,18.3963843344,-0.516558136503,-15.7442177103,-0.619056247595,-2.3319238846,-1.19703832208,nan,nan,nan,nan,nan,nan,-18.3963843344,0.516558136503,15.7442177103,0.56491688288,2.39400887076,1.00712643654
6.165382089,nan,nan,nan,0.0191488458526,-0.000842788869261,-0.027217920537,0,0,0,-0.140603482552,0.17009675426,-0.189161239133,18.4003943242,-0.39101703315,-15.6383112441,-0.560432029326,-2.38572510618,-1.07142773217,nan,nan,nan,nan,nan,nan,-18.4003943242,0.39101703315,15.6383112441,0.493873715169,2.44870002751,0.931575909884
6.215382089,nan,nan,nan,0.0115307786295,0.0075078927996,-0.0350729850411,0,0,0,-0.150022101971,0.162918990055,-0.131362764645,18.2625489254,-0.297098224265,-15.6093504512,-0.516520616577,-2.43515833615,-0.904662982074,nan,nan,nan,nan,nan,nan,-18.2625489254,0.297098224265,15.6093504512,0.445503754034,2.49547583384,0.80754307474
6.265382089,nan,nan,nan,0.00414663565557,0.0154491101363,-0.0403541970014,0,0,0,-0.140441985774,0.151711513162,-0.0861474117378,18.1951138068,-0.179917922412,-15.4128374529,-0.432749619137,-2.51082620966,-0.749548833881,nan,nan,nan,nan,nan,nan,-18.1951138068,0.179917922412,15.4128374529,0.366267753679,2.56699436318,0.685857812551
6.315382089,nan,nan,nan,-0.00251341994783,0.0226790441158,-0.0436877262149,0,0,0,-0.106249196403,0.120551234496,-0.0402297860768,18.1986221735,-0.107998989764,-15.4334223946,-0.399595916688,-2.55365251816,-0.595307732792,nan,nan,nan,nan,nan,nan,-18.1986221735,0.107998989764,15.4334223946,0.349300097091,2.59828420171,0.565564805971
6.365382089,nan,nan,nan,-0.00647828398472,0.0275042335858,-0.0443771756091,0,0,0,-0.0603906768201,0.0763959672766,0.000278080538663,18.1590044233,-0.0456699929215,-15.5771380527,-0.395248884692,-2.57805931764,-0.4383707992,nan,nan,nan,nan,nan,nan,-18.1590044233,0.0456699929215,15.5771380527,0.366661387662,2.60634339661,0.438576391372
6.415382089,nan,nan,nan,-0.00855248762984,0.0303186408434,-0.043659918161,0,0,0,-0.0383621743508,0.0487532454377,0.0271442513948,18.2014742034,0.109557585649,-15.7208929718,-0.391175139892,-2.60222648962,-0.253711665547,nan,nan,nan,nan,nan,nan,-18.2014742034,-0.109557585649,15.7208929718,0.373015407247,2.62027640368,0.273780116354
6.465382089,nan,nan,nan,-0.0103145014198,0.0323795581296,-0.0416627504696,0,0,0,-0.0289350510266,0.0329581057375,0.0527780626662,18.1504408161,0.114244482268,-15.8387976203,-0.386129794909,-2.62230547539,-0.110679439095,nan,nan,nan,nan,nan,nan,-18.1504408161,-0.114244482268,15.8387976203,0.372432636194,2.63450755488,0.149699633053
6.515382089,nan,nan,nan,-0.0114459927325,0.0336144514172,-0.0383821118944,0,0,0,-0.0156885779214,0.024757322224,0.0673265544677,17.5280807236,-0.036461010526,-15.8178112192,-0.379199216438,-2.62062585388,-0.107693402828,nan,nan,nan,nan,nan,nan,-17.5280807236,0.036461010526,15.8178112192,0.371772620176,2.62979175728,0.157469675036
6.565382089,nan,nan,nan,-0.0118833592119,0.034855290352,-0.0349300950228,0,0,0,-0.00823555407762,0.0184387620894,0.0754824973611,16.7265536786,-0.140097385887,-15.7595589561,-0.371065623051,-2.61318580255,-0.121734668732,nan,nan,nan,nan,nan,nan,-16.7265536786,0.140097385887,15.7595589561,0.367167109403,2.62001238543,0.177540841576
6.615382089,nan,nan,nan,-0.0122695481403,0.0354583276261,-0.0308338621583,0,0,0,0.000376413697632,-0.00552165172486,0.0810818116159,15.9024637787,-0.363303207881,-15.6857992196,-0.361827809849,-2.60319267677,-0.135012778374,nan,nan,nan,nan,nan,nan,-15.9024637787,0.363303207881,15.6857992196,0.362005995059,2.60114839565,0.194958669828
6.665382089,nan,nan,nan,-0.0118457178422,0.0343031251795,-0.0268219138613,0,0,0,0.00990527938287,-0.0504944657336,0.0812485077032,15.1270818279,-0.572884835101,-15.6052999628,-0.35230687128,-2.59191444824,-0.173413006642,nan,nan,nan,nan,nan,nan,-15.1270818279,0.572884835101,15.6052999628,0.356995792813,2.57321988219,0.233482140849
6.715382089,nan,nan,nan,-0.011279020202,0.0304088810528,-0.0227090113879,0,0,0,0.018584768871,-0.108546537655,0.0729546151786,14.2726300086,-0.827452226591,-15.5218717227,-0.342510166489,-2.58037843111,-0.22091162032,nan,nan,nan,nan,nan,nan,-14.2726300086,0.827452226591,15.5218717227,0.351307750038,2.54019124648,0.274848864141
6.765382089,nan,nan,nan,-0.00998724095509,0.023448471414,-0.0195264523434,0,0,0,0.0238887547441,-0.15409733346,0.0550972886107,13.5363993045,-1.07076810823,-15.4371705517,-0.33268602092,-2.56827262532,-0.273229604345,nan,nan,nan,nan,nan,nan,-13.5363993045,1.07076810823,15.4371705517,0.343994384085,2.51122116955,0.313964462344
6.815382089,nan,nan,nan,-0.00889014472756,0.0149991477068,-0.0171992825269,0,0,0,0.0204402292416,-0.185768715539,0.0395069918512,12.8250069216,-1.29381644466,-15.3565354521,-0.323979766875,-2.55677947064,-0.310844060918,nan,nan,nan,nan,nan,nan,-12.8250069216,1.29381644466,15.3565354521,0.333655680832,2.48800231909,0.340052607176
6.865382089,nan,nan,nan,-0.00794321803092,0.00487159986018,-0.0155757531583,0,0,0,0.016645451412,-0.207514455064,0.0200469143151,11.984989761,-1.48240723913,-15.1365920772,-0.353089470246,-2.57012872376,-0.350819301949,nan,nan,nan,nan,nan,nan,-11.984989761,1.48240723913,15.1365920772,0.360969027453,2.49330064706,0.365640506922
6.915382089,nan,nan,nan,-0.00722559958636,-0.00575229779966,-0.0151945910954,0,0,0,0.0121290682492,-0.216833026219,0.00112923161308,11.2597619786,-1.66765888135,-14.7948949042,-0.410726144857,-2.60149003053,-0.385370153127,nan,nan,nan,nan,nan,nan,-11.2597619786,1.66765888135,14.7948949042,0.416467754668,2.52121193923,0.386205023418
6.965382089,nan,nan,nan,-0.00673031120601,-0.0168117027617,-0.015462829997,0,0,0,0.0131946756114,-0.230586860904,-0.0124987677515,10.3954013376,-1.78169863596,-14.5786504312,-0.420309819723,-2.59206493012,-0.388481666415,nan,nan,nan,nan,nan,nan,-10.3954013376,1.78169863596,14.5786504312,0.426555862485,2.5066947566,0.379241002448
7.015382089,nan,nan,nan,-0.00590613202522,-0.0288109838901,-0.0164444678705,0,0,0,0.0396999839402,-0.239704085695,-0.0270077153947,9.03800073898,-1.66995096133,-14.2889549113,-0.33093008805,-2.46376097929,-0.32783324357,nan,nan,nan,nan,nan,nan,-9.03800073898,1.66995096133,14.2889549113,0.349723107648,2.37501533564,0.307865737378
7.065382089,nan,nan,nan,-0.00276031281198,-0.0407821113312,-0.0181636015364,0,0,0,0.049720984616,-0.231073199858,-0.0315732347139,7.51780093273,-1.47384903309,-13.7460148096,-0.216440655368,-2.30052310003,-0.224548243452,nan,nan,nan,nan,nan,nan,-7.51780093273,1.47384903309,13.7460148096,0.239977376181,2.21497286925,0.201205330124
7.115382089,nan,nan,nan,-0.000934033563621,-0.0519183038759,-0.0196017913419,0,0,0,0.0211661205026,-0.189776846042,-0.0274472876069,5.98791258549,-1.27337315091,-13.00131249,-0.182213889532,-2.17925807306,-0.11837683136,nan,nan,nan,nan,nan,nan,-5.98791258549,1.27337315091,13.00131249,0.192233422991,2.10899699135,0.0980843380032
7.165382089,nan,nan,nan,-0.000643700761727,-0.0597597959354,-0.0209083302971,0,0,0,0.0012473739715,-0.133102962171,-0.0259697661948,4.49823889147,-1.01619694463,-12.1874958943,-0.163159627668,-2.04619208947,-0.0186013856812,nan,nan,nan,nan,nan,nan,-4.49823889147,1.01619694463,12.1874958943,0.16375010457,1.99691337978,-0.000598737680562
7.215382089,nan,nan,nan,-0.000809296166471,-0.0652286000929,-0.0221987679614,0,0,0,-0.00711186124437,-0.0767557343708,-0.026834067448,3.05969372695,-0.748687761669,-11.3531946933,-0.142335114726,-1.90951082198,0.0825080966535,nan,nan,nan,nan,nan,nan,-3.05969372695,0.748687761669,11.3531946933,0.138968530298,1.88109354645,-0.102347220403
7.265382089,nan,nan,nan,-0.00135488688616,-0.0674353693725,-0.0235917370419,0,0,0,-0.0139677847166,-0.00841803442671,-0.0231508296067,1.92811936496,-0.535947368196,-10.4772447391,-0.100264938929,-1.76487000282,0.142366072433,nan,nan,nan,nan,nan,nan,-1.92811936496,0.535947368196,10.4772447391,0.0936529248706,1.76175339393,-0.159482082683
7.315382089,nan,nan,nan,-0.00220607463813,-0.0660704035356,-0.0245138509221,0,0,0,-0.0106858362279,0.0504946505798,-0.0157142432623,0.79808188883,-0.324198018114,-9.66113465562,-0.0594582271128,-1.63033751113,0.20791181813,nan,nan,nan,nan,nan,nan,-0.79808188883,0.324198018114,9.66113465562,0.0543998087025,1.64903214562,-0.219529766744
7.365382089,nan,nan,nan,-0.00242347050896,-0.0623859043145,-0.0251631613682,0,0,0,-0.00238347087159,0.0942999461624,-0.00799145218313,0.371698901352,-0.283289052058,-10.0278625808,-0.0197016872375,-1.34011088077,0.102900704908,nan,nan,nan,nan,nan,nan,-0.371698901352,0.283289052058,10.0278625808,0.0185734093302,1.37502354983,-0.108808993284
7.415382089,nan,nan,nan,-0.00244442172529,-0.0566404089194,-0.0253129961404,0,0,0,0.00509764715344,0.122716168247,0.000200250300792,0.120838228179,-0.120838228179,-10.3869974757,0.0334177243792,-1.05407434495,0.0335875897136,nan,nan,nan,nan,nan,nan,-0.120838228179,0.120838228179,10.3869974757,-0.0310046205603,1.09950755192,-0.0334395394597
7.465382089,nan,nan,nan,-0.00191370579361,-0.0501142874899,-0.0251431363381,0,0,0,0.0115029680199,0.138744863897,0.00534085625534,0,0,-10.807926882,0.0795993993755,-0.75499175529,0,nan,nan,nan,nan,nan,nan,0,0,10.807926882,-0.0741541703862,0.806359266251,0.00394863389184
7.515382089,nan,nan,nan,-0.0012941249233,-0.0427659225297,-0.0247789105148,0,0,0,0.0156814908351,0.15483997619,0.00993252067064,0,0,-10.9960434579,0.111182136124,-0.63476803381,0,nan,nan,nan,nan,nan,nan,0,0,10.9960434579,-0.103758894719,0.692094438194,0.00734337077734
7.565382089,nan,nan,nan,-0.000345556710102,-0.0346302898709,-0.024149884271,0,0,0,-0.00595500358837,0.166312673278,0.0148144783041,0,0,-11.1459565403,0.136150968931,-0.577778475866,0,nan,nan,nan,nan,nan,nan,0,0,11.1459565403,-0.13896992471,0.639352416893,0.0109527289867
7.615382089,nan,nan,nan,-0.00188962528214,-0.0261346552019,-0.0232974626844,0,0,0,-0.0196698627281,0.160540374401,0.0159007783397,0,0,-11.3049686015,0.147757843535,-0.54259622571,0,nan,nan,nan,nan,nan,nan,0,0,11.3049686015,-0.157069084474,0.602033088524,0.0117558588468
7.665382089,nan,nan,nan,-0.00231254298291,-0.0185762524308,-0.022559806437,0,0,0,0.00587790090029,0.121979803095,0.015301519487,0,0,-11.4764404411,0.158257658243,-0.516474750384,0,nan,nan,nan,nan,nan,nan,0,0,11.4764404411,-0.155475201026,0.561635332884,0.0113128111963
7.715382089,nan,nan,nan,-0.00130183519211,-0.0139366748924,-0.0217673107357,0,0,0,0.0228640147582,0.0813839895605,0.0210011591071,0,0,-11.6550589479,0.168247878878,-0.493527207212,0,nan,nan,nan,nan,nan,nan,0,0,11.6550589479,-0.157424603028,0.523658001667,0.015526702958
7.765382089,nan,nan,nan,-2.61415070929e-05,-0.0104378534748,-0.0204596905263,0,0,0,0.0285343717907,0.0612445174932,0.0308552290083,0,0,-11.8510228628,0.181136774523,-0.469994268467,0,nan,nan,nan,nan,nan,nan,0,0,11.8510228628,-0.167629287742,0.492668826178,0.0228120730418
7.815382089,nan,nan,nan,0.00155160198696,-0.00781222314309,-0.0186817878349,0,0,0,0.0257289621835,0.0442652772404,0.0375497569617,0,0,-12.0621074292,0.197338399576,-0.445171075505,0,nan,nan,nan,nan,nan,nan,0,0,12.0621074292,-0.185158926373,0.461559409097,0.0277615116155
7.865382089,nan,nan,nan,0.00254675471126,-0.00601132575073,-0.0167047148302,0,0,0,0.0205919258941,0.030853004543,0.04273155434,0,0,-12.2654417032,0.215383781277,-0.421769391191,0,nan,nan,nan,nan,nan,nan,0,0,12.2654417032,-0.205636057765,0.433192099063,0.031592549144
7.915382089,nan,nan,nan,0.00361079457637,-0.00472692268879,-0.0144086324009,0,0,0,0.0170600584443,0.0191676678276,0.0474070620359,0,0,-12.4690510495,0.233371947792,-0.398428452692,0,nan,nan,nan,nan,nan,nan,0,0,12.4690510495,-0.225296125566,0.405524898351,0.0350492735468
7.965382089,nan,nan,nan,0.00425276055569,-0.00409455896797,-0.0119640086266,0,0,0,0.00787857232152,0.0113147440038,0.0509033449011,0,0,-12.6118678958,0.242996377797,-0.378650599938,0,nan,nan,nan,nan,nan,nan,0,0,12.6118678958,-0.239266850745,0.382839657611,0.0376341663723
8.015382089,nan,nan,nan,0.00439865180852,-0.00359544828841,-0.00931829791078,0,0,0,0.00640466733913,0.00835575843202,0.0534550129879,0,0,-12.5686299097,0.240143628265,-0.361066464967,0,nan,nan,nan,nan,nan,nan,0,0,12.5686299097,-0.237111812458,0.364160017411,0.0395206809323
8.065382089,nan,nan,nan,0.00489322728961,-0.00325898312477,-0.00661850732777,0,0,0,0.00274134922946,0.00684609617185,0.0548910575934,0,0,-12.468083746,0.233265905288,-0.343079483392,0,nan,nan,nan,nan,nan,nan,0,0,12.468083746,-0.231968216355,0.345614113578,0.0405823860463
8.115382089,nan,nan,nan,0.00467278673147,-0.00291083867122,-0.00382919215145,0,0,0,-0.00544426499452,0.00425189460396,0.0537990519928,0,0,-12.355268795,0.225928236684,-0.325442475226,0,nan,nan,nan,nan,nan,nan,0,0,12.355268795,-0.22850542107,0.327016654166,0.0397750379136
8.165382089,nan,nan,nan,0.00434880079015,-0.00283379366438,-0.0012386021285,0,0,0,-0.00653839615265,0.00184500324885,0.0470582565975,0,0,-12.2341433368,0.217974781186,-0.307298981146,0,nan,nan,nan,nan,nan,nan,0,0,12.2341433368,-0.221069901003,0.307982056699,0.0347913926172
8.215382089,nan,nan,nan,0.0040189471162,-0.00272633834634,0.000876633508299,0,0,0,-0.00764670922589,0.00227407001184,0.0339465299158,0,0,-12.1095451153,0.209721103887,-0.288914385008,0,nan,nan,nan,nan,nan,nan,0,0,12.1095451153,-0.213340872513,0.289756313949,0.0250975521765
8.265382089,nan,nan,nan,0.00358412986756,-0.00260638666319,0.00215605086308,0,0,0,-0.0109974351549,0.00108038670665,0.0168968252167,0,0,-11.9834774521,0.201327610124,-0.270418994279,0,nan,nan,nan,nan,nan,nan,0,0,11.9834774521,-0.206533531988,0.270818985849,0.0124922622001
8.315382089,nan,nan,nan,0.00291920360071,-0.00261829967567,0.00256631602997,0,0,0,-0.016634594643,0.00211267120354,0.00128298721961,0,0,-11.8567825794,0.192870676249,-0.251873729931,0,nan,nan,nan,nan,nan,nan,0,0,11.8567825794,-0.200745094122,0.252655904191,0.000948545809123
8.365382089,nan,nan,nan,0.00192067040326,-0.00239511954284,0.00228434958504,0,0,0,-0.0124297447635,0.00537651747067,-0.0104344278023,0,0,-11.7381032007,0.186327364153,-0.234706429987,0,nan,nan,nan,nan,nan,nan,0,0,11.7381032007,-0.19221130701,0.23669697805,-0.00771444376933
8.415382089,nan,nan,nan,0.00167622912436,-0.00208064792861,0.00152287324974,0,0,0,-0.0114842388845,0.00697750614339,-0.017748059715,0,0,-11.6183973589,0.180357151142,-0.217375504229,0,nan,nan,nan,nan,nan,nan,0,0,11.6183973589,-0.185793514208,0.219958786329,-0.0131216019969
8.465382089,nan,nan,nan,0.000772246514815,-0.0016973689285,0.000509543613541,0,0,0,-0.012130572498,0.00848459446676,-0.0216171177879,0,0,-11.5128094499,0.177689523568,-0.199949952694,0,nan,nan,nan,nan,nan,nan,0,0,11.5128094499,-0.183431845455,0.203091204103,-0.0159820972256
8.515382089,nan,nan,nan,0.000463171874563,-0.00123218848193,-0.000638838529047,0,0,0,-0.00356559117458,0.0117047426442,-0.0219278688383,0,0,-11.5450588096,0.179756508248,-0.191384264714,0,nan,nan,nan,nan,nan,nan,0,0,11.5450588096,-0.181444373535,0.195717711583,-0.0162118435568
8.565382089,nan,nan,nan,0.000415687397356,-0.000526894664076,-0.00168324327029,0,0,0,-0.00480813857928,0.0118524164217,-0.0190018987159,0,0,-11.6392813568,0.184392942183,-0.188766283715,0,nan,nan,nan,nan,nan,nan,0,0,11.6392813568,-0.186668999591,0.193154403847,-0.01404859777
8.615382089,nan,nan,nan,-1.76419833652e-05,-4.69468397633e-05,-0.00253902840064,0,0,0,-0.00419403514966,0.00756147085706,-0.0141778021423,0,0,-11.7542847927,0.189405604933,-0.188363620486,0,nan,nan,nan,nan,nan,nan,0,0,11.7542847927,-0.191390960516,0.191163103841,-0.0104820177467
8.665382089,nan,nan,nan,-3.71611760931e-06,0.00022925242163,-0.00310102348452,0,0,0,0.000336179422294,0.00452891936166,-0.0085484341061,0,0,-11.875242053,0.194526059043,-0.188595656424,0,nan,nan,nan,nan,nan,nan,0,0,11.875242053,-0.194366919772,0.190272398239,-0.00632007959393
8.715382089,nan,nan,nan,1.59759588641e-05,0.000405945096402,-0.00339387181125,0,0,0,0.000333181882706,0.00385676477299,0.000201027780366,0,0,-11.9996881502,0.19925909526,-0.187977974247,0,nan,nan,nan,nan,nan,nan,0,0,11.9996881502,-0.199101374953,0.189405864269,0.000148625064747
8.765382089,nan,nan,nan,2.96020706613e-05,0.000614928898929,-0.00308092070649,0,0,0,0.00231440283379,0.00319217084354,0.0111681409991,0,0,-12.1254501223,0.203806928898,-0.186393357509,0,nan,nan,nan,nan,nan,nan,0,0,12.1254501223,-0.202711346142,0.187575194921,0.00825689701233
8.815382089,nan,nan,nan,0.000247416242244,0.000725162180756,-0.00227705771133,0,0,0,0.00217098047604,0.00110798109505,0.0193933235538,0,0,-12.2546448334,0.209133592245,-0.185379273847,0,nan,nan,nan,nan,nan,nan,0,0,12.2546448334,-0.208105902191,0.185789481688,0.0143379883298
8.865382089,nan,nan,nan,0.000246700118265,0.000725727008434,-0.0011415883511,0,0,0,0.00437421752545,-0.00175783705329,0.0252400073905,0,0,-12.3857673042,0.214904729405,-0.184688231182,0,nan,nan,nan,nan,nan,nan,0,0,12.3857673042,-0.21283407981,0.184037427169,0.018660593704
8.915382089,nan,nan,nan,0.000684837994789,0.000549378475427,0.000246943027711,0,0,0,0.00379455705274,-0.00500229030396,0.028761763803,0,0,-12.5176161992,0.22084402227,-0.183890353478,0,nan,nan,nan,nan,nan,nan,0,0,12.5176161992,-0.21904777003,0.182038355539,0.0212643197854
8.965382089,nan,nan,nan,0.000626155823539,0.000225497978038,0.00173458802919,0,0,0,0.000661983951431,-0.00604634013104,0.0274415499038,0,0,-12.6604064773,0.227556847481,-0.18260885079,0,nan,nan,nan,nan,nan,nan,0,0,12.6604064773,-0.227243480166,0.180370314284,0.0202882513242
9.015382089,nan,nan,nan,0.000751036389932,-5.52555376769e-05,0.00299109801809,0,0,0,0.00201824778119,-0.00300511494892,0.020950478538,0,0,-12.8344039481,0.232934460763,-0.182256481609,0,nan,nan,nan,nan,nan,nan,0,0,12.8344039481,-0.231979070702,0.181143897901,0.0154892334956
9.065382089,nan,nan,nan,0.000827980601658,-7.50135168537e-05,0.00382963588299,0,0,0,-0.00098194218593,-0.00278381851033,0.0114723308743,0,0,-13.0173424295,0.237929529423,-0.182170313634,0,nan,nan,nan,nan,nan,nan,0,0,13.0173424295,-0.238394357287,0.181139660507,0.00848179249595
9.115382089,nan,nan,nan,0.000652842171339,-0.00033363738871,0.00413833110552,0,0,0,-0.00303171647356,-0.000185495777361,0.00146212086038,0,0,-13.2028425532,0.242814997213,-0.182160413581,0,nan,nan,nan,nan,nan,nan,0,0,13.2028425532,-0.244250139031,0.18209173748,0.00108098396722
9.165382089,nan,nan,nan,0.000524808954301,-9.35630945898e-05,0.00397584796903,0,0,0,-0.00205989119236,0.00561707702904,-0.00936750753901,0,0,-13.3890765997,0.247669063829,-0.182172364654,0,nan,nan,nan,nan,nan,nan,0,0,13.3890765997,-0.248644166882,0.184251975083,-0.00692564187878
9.215382089,nan,nan,nan,0.000446853052103,0.000228070314195,0.00320158035161,0,0,0,-0.00351892259576,0.00787292623593,-0.0179594127869,0,0,-13.5787444061,0.253813408902,-0.183106306471,0,nan,nan,nan,nan,nan,nan,0,0,13.5787444061,-0.255479182405,0.186021099951,-0.0132778608181
9.265382089,nan,nan,nan,0.000172916694726,0.000693729529003,0.00217990669034,0,0,0,-0.00423808600953,0.00879763186623,-0.0246013591747,0,0,-13.7613635746,0.26260469383,-0.185785350039,0,nan,nan,nan,nan,nan,nan,0,0,13.7613635746,-0.264610902033,0.189042497285,-0.0181884244732
9.315382089,nan,nan,nan,2.30444511497e-05,0.00110783350082,0.000741444434145,0,0,0,-0.00236729245256,0.00727850588223,-0.0304090436126,0,0,-13.9516232556,0.271652897888,-0.188357620344,0,nan,nan,nan,nan,nan,nan,0,0,13.9516232556,-0.27277351732,0.191052341577,-0.0224821965779
9.365382089,nan,nan,nan,-6.38125505301e-05,0.00142158011723,-0.000860997670924,0,0,0,-0.00172971132057,0.00745814905089,-0.0310330330456,0,0,-14.1459219534,0.280746235927,-0.190935251419,0,nan,nan,nan,nan,nan,nan,0,0,14.1459219534,-0.281565039753,0.193696481942,-0.0229435281895
9.415382089,nan,nan,nan,-0.000149926680907,0.00185364840591,-0.00236185887042,0,0,0,-0.000685736986333,0.00651142118876,-0.0278552317182,0,0,-14.3402221407,0.289839530244,-0.19351294862,0,nan,nan,nan,nan,nan,nan,0,0,14.3402221407,-0.290164141675,0.195923672087,-0.0205940970453
9.465382089,nan,nan,nan,-0.000132386249163,0.0020727222361,-0.00364652084274,0,0,0,0.00279039912457,0.00453543760866,-0.0220084398179,0,0,-14.5033696433,0.295924517511,-0.195712626612,0,nan,nan,nan,nan,nan,nan,0,0,14.5033696433,-0.294603609535,0.197391781678,-0.0162714117768
9.515382089,nan,nan,nan,0.00012911323155,0.00230719216677,-0.00456270285221,0,0,0,0.00356967238711,0.00396019315952,-0.0136463255502,0,0,-14.5048238387,0.287052307066,-0.195935249787,0,nan,nan,nan,nan,nan,nan,0,0,14.5048238387,-0.28536250983,0.1974014321,-0.0100890832838
9.565382089,nan,nan,nan,0.000224580989547,0.00246874155205,-0.00501115339777,0,0,0,0.000342847189376,-0.00150767320661,-0.0040636668019,0,0,-14.4628828935,0.274581759671,-0.195617814182,0,nan,nan,nan,nan,nan,nan,0,0,14.4628828935,-0.27441946404,0.195059628331,-0.00300437452198
9.615382089,nan,nan,nan,0.000163397950488,0.00215642484611,-0.0049690695324,0,0,0,0.00094202273201,-0.00589132387502,0.00592438106884,0,0,-14.4041581689,0.260060429082,-0.195106491376,0,nan,nan,nan,nan,nan,nan,0,0,14.4041581689,-0.259614498129,0.192925346537,0.0043800489581
9.665382089,nan,nan,nan,0.000318783262748,0.00187960916455,-0.00441871529089,0,0,0,0.00153377885547,-0.00891307170952,0.0143629827205,0,0,-14.3387339336,0.244508317592,-0.194522601058,0,nan,nan,nan,nan,nan,nan,0,0,14.3387339336,-0.243782263492,0.191222714519,0.0106189265628
9.715382089,nan,nan,nan,0.000316775836034,0.00126511767516,-0.00353277126035,0,0,0,-0.00208059063358,-0.0115169368358,0.0226313268071,0.0459417197874,0.00270245410514,-14.2705684843,0.228460151719,-0.193772698694,0.0285318966567,nan,nan,nan,nan,nan,nan,-0.0459417197874,-0.00270245410514,14.2705684843,-0.229445053391,0.18950878317,-0.0117999683338
9.765382089,nan,nan,nan,0.00011072419939,0.000727915480972,-0.00215558261018,0,0,0,-0.000588325539723,-0.00923585192941,0.0308867837244,0.0555739792074,0.00326905760044,-14.2012605235,0.212194880475,-0.193120434767,0.0891108741485,nan,nan,nan,nan,nan,nan,-0.0555739792074,-0.00326905760044,14.2012605235,-0.212473379666,0.189701045307,-0.0662754718847
9.815382089,nan,nan,nan,0.000257943282062,0.000341532482218,-0.000444092887909,0,0,0,0.000810769693794,-0.00776822124375,0.0366046341736,0.0652129420844,0.00383605541673,-14.131470015,0.195829188672,-0.192463519192,0.149710035303,nan,nan,nan,nan,nan,nan,-0.0652129420844,-0.00383605541673,14.131470015,-0.195445389757,0.189587490641,-0.122647277538
9.865382089,nan,nan,nan,0.000191801168769,-4.89066434035e-05,0.00150488080718,0,0,0,-0.0013781990192,-0.00553726721981,0.0414560378314,0.0264189972473,2.77555756156e-17,-14.0649829503,0.180254668954,-0.191420086453,0.196565791211,nan,nan,nan,nan,nan,nan,-0.0264189972473,-2.77555756156e-17,14.0649829503,-0.180907075293,0.18937002401,-0.165916264585
9.915382089,nan,nan,nan,0.000120123380142,-0.000212194239763,0.00370151089523,0,0,0,-0.00131347356289,-0.00204028409436,0.0449089162282,0.0298218562012,2.77555756156e-17,-13.9987921134,0.164739118519,-0.190191188881,0.21795542604,nan,nan,nan,nan,nan,nan,-0.0298218562012,-2.77555756156e-17,13.9987921134,-0.165360885381,0.189435814501,-0.184753096641
9.965382089,nan,nan,nan,6.04538124805e-05,-0.00025293505284,0.00599577243001,0,0,0,-0.00149390180822,-0.000248914805101,0.0441266040539,0.0327904931165,0,-13.9378226865,0.152231833289,-0.189723911723,0.235904502876,nan,nan,nan,nan,nan,nan,-0.0327904931165,0,13.9378226865,-0.152939010552,0.189631755995,-0.203280557207
10.015382089,nan,nan,nan,-2.92668006802e-05,-0.000237085720273,0.00811417130061,0,0,0,-0.00286775765118,0.00207596615934,0.0370831150773,0.0336410218329,5.55111512313e-17,-13.9033975537,0.154912193087,-0.193110453092,0.237072005868,nan,nan,nan,nan,nan,nan,-0.0336410218329,-5.55111512313e-17,13.9033975537,-0.156269720733,0.193879038044,-0.20965549473
10.065382089,nan,nan,nan,-0.000226321952637,-4.53384369058e-05,0.00970408393773,0,0,0,-0.00186106894118,0.00276162765751,0.0273962105469,0.0338341239349,0,-13.8837279672,0.164947713759,-0.198715153742,0.234187131077,nan,nan,nan,nan,nan,nan,-0.0338341239349,0,13.8837279672,-0.165828699131,0.19973759115,-0.213932400318
10.115382089,nan,nan,nan,-0.000215373694798,3.90770454775e-05,0.0108537923553,0,0,0,0.00074747890647,0.00398571796321,0.0177697025188,0.0339180457625,2.77555756156e-17,-13.868074928,0.177618108028,-0.204878377294,0.22978342765,nan,nan,nan,nan,nan,nan,-0.0339180457625,-2.77555756156e-17,13.868074928,-0.177264269453,0.206354009656,-0.216645824566
10.165382089,nan,nan,nan,-0.00015157406199,0.000353233359415,0.0114810541896,0,0,0,-0.000238050626667,0.00621428759957,0.00812167492348,0.0339545180385,-5.55111512313e-17,-13.8534809541,0.191272693597,-0.211168312195,0.22471964402,nan,nan,nan,nan,nan,nan,-0.0339545180385,5.55111512313e-17,13.8534809541,-0.19138538105,0.213469027893,-0.218715078586
10.215382089,nan,nan,nan,-0.000239178757465,0.000660505805435,0.0116659598477,0,0,0,0.00102917243827,0.00624621996826,0.000575885927825,0.0339703688243,5.55111512313e-17,-13.8391505571,0.205308902576,-0.217480074845,0.219368990716,nan,nan,nan,nan,nan,nan,-0.0339703688243,-5.55111512313e-17,13.8391505571,-0.204821717044,0.219792612864,-0.218943223277
10.265382089,nan,nan,nan,-4.86568181639e-05,0.000977855356241,0.0115386427824,0,0,0,0.00336711352942,0.00490883790368,-0.00583804526564,0.0339772575474,-5.55111512313e-17,-13.8248783573,0.219497755285,-0.223791800155,0.213893664365,nan,nan,nan,nan,nan,nan,-0.0339772575474,5.55111512313e-17,13.8248783573,-0.217903844551,0.225609199212,-0.21820988302
10.315382089,nan,nan,nan,9.7532595477e-05,0.0011513895958,0.0110821553211,0,0,0,0.00024308467225,0.00170551572249,-0.0128663288004,0.0339802513741,-5.55111512313e-17,-13.8106153044,0.233749162209,-0.230100780668,0.208364155332,nan,nan,nan,nan,nan,nan,-0.0339802513741,5.55111512313e-17,13.8106153044,-0.233634091759,0.230732213754,-0.217876566739
10.365382089,nan,nan,nan,-2.43483509389e-05,0.00114840692849,0.0102520099024,0,0,0,-0.000769901968429,-0.00160148772103,-0.0202401082413,0.0339815524858,5.55111512313e-17,-13.7940977981,0.248555412998,-0.236748110805,0.202811098602,nan,nan,nan,nan,nan,nan,-0.0339815524858,-5.55111512313e-17,13.7940977981,-0.248919866112,0.236155192006,-0.217775136868
10.415382089,nan,nan,nan,2.05423986341e-05,0.000991240823701,0.00905814449695,0,0,0,-0.000556660692338,-0.00263915343736,-0.028146688089,0.0376489979823,0.000333352730517,-13.7720540893,0.264667766684,-0.244217571919,0.196243716326,nan,nan,nan,nan,nan,nan,-0.0376489979823,-0.000333352730517,13.7720540893,-0.264931276496,0.243240478142,-0.217053294644
10.465382089,nan,nan,nan,-8.00144201727e-05,0.000884491584754,0.00743734109346,0,0,0,-0.00147568365844,-0.00370644798568,-0.0377472078697,0.0697107722931,0.00327896793027,-13.7465712159,0.278818714295,-0.249900856186,0.177618129299,nan,nan,nan,nan,nan,nan,-0.0697107722931,-0.00327896793027,13.7465712159,-0.279517267523,0.248528617948,-0.205525621504
10.515382089,nan,nan,nan,-0.00012702596721,0.000620596025133,0.00528342370998,0,0,0,-0.000561442130707,-0.00411327639325,-0.0467632894901,0.0894476212612,0.00526162478007,-13.7068930642,0.283775444793,-0.24751942821,0.0965846670645,nan,nan,nan,nan,nan,nan,-0.0894476212612,-0.00526162478007,13.7068930642,-0.284041218023,0.245996569891,-0.13115798283
10.565382089,nan,nan,nan,-0.000136158633243,0.000473163945429,0.00276101214444,0,0,0,-0.00211863776474,-0.00272782990837,-0.0504404927062,0.00842986851303,0.000495874618413,-13.6646678706,0.285604418546,-0.242531437276,0.00230124005289,nan,nan,nan,nan,nan,nan,-0.00842986851303,-0.000495874618413,13.6646678706,-0.286607330816,0.241521512809,-0.0395932077634
10.615382089,nan,nan,nan,-0.000338889743684,0.000347813034296,0.000239374439358,0,0,0,-0.00248233771838,-0.0022442960265,-0.0513499119912,0,0,-13.6213357371,0.286052466656,-0.236061511789,0,nan,nan,nan,nan,nan,nan,0,0,13.6213357371,-0.287227545756,0.235230606071,-0.0379643250328
10.665382089,nan,nan,nan,-0.000384392405081,0.000248734342778,-0.00237397905468,0,0,0,0.000548745958519,-0.00189863114521,-0.0491729989703,0,0,-13.5793550038,0.285474547907,-0.229326578441,0,nan,nan,nan,nan,nan,nan,0,0,13.5793550038,-0.28521478474,0.228623648232,-0.0363548766367
10.715382089,nan,nan,nan,-0.000284015147832,0.000157949919775,-0.00467792545767,0,0,0,0.00300964236196,-0.00112231560175,-0.0450589298958,0,0,-13.5379135495,0.284462661836,-0.222479345689,0,nan,nan,nan,nan,nan,nan,0,0,13.5379135495,-0.283037969374,0.222063830784,-0.0333132384041
10.765382089,nan,nan,nan,-8.34281688855e-05,0.000136502782603,-0.00687987204426,0,0,0,0.00170753761116,-0.000855535533929,-0.0432709847405,0,0,-13.4963915065,0.283336063561,-0.215530079864,0,nan,nan,nan,nan,nan,nan,0,0,13.4963915065,-0.282527756237,0.215213334944,-0.0319913640642
10.815382089,nan,nan,nan,-0.000113261386716,7.23963663818e-05,-0.00900502393172,0,0,0,0.000405497376883,-0.00123980524434,-0.0427964367699,0,0,-13.4548344398,0.282159611567,-0.20853647065,0,nan,nan,nan,nan,nan,nan,0,0,13.4548344398,-0.28196765884,0.208077457554,-0.0316405184114
10.865382089,nan,nan,nan,-4.28784311971e-05,1.2522258169e-05,-0.0111595157213,0,0,0,0.00511259200968,-0.000661172778784,-0.042637374389,0,0,-13.4132621519,0.280961493236,-0.201523589877,0,nan,nan,nan,nan,nan,nan,0,0,13.4132621519,-0.278541314881,0.201278803879,-0.0315229194575
10.915382089,nan,nan,nan,0.000397997814252,6.27908850334e-06,-0.0132687613706,0,0,0,0.00492720750842,-9.40676488437e-05,-0.0398708839969,0,0,-13.3716832489,0.279753958754,-0.194502333719,0,nan,nan,nan,nan,nan,nan,0,0,13.3716832489,-0.277421536972,0.194467507054,-0.0294775811819
10.965382089,nan,nan,nan,0.000449842319645,3.11549328465e-06,-0.0151466041209,0,0,0,0.00248370555937,-0.00201877462801,-0.0347653849235,0,0,-13.3260137445,0.279577487985,-0.186736887861,0,nan,nan,nan,nan,nan,nan,0,0,13.3260137445,-0.278401761382,0.185989476931,-0.0257029529739
11.015382089,nan,nan,nan,0.000646368370189,-0.000195598374298,-0.016745299863,0,0,0,0.00394264840982,-0.00438566570908,-0.0303678659651,0,0,-13.2639861968,0.28473431453,-0.176044700596,0,nan,nan,nan,nan,nan,nan,0,0,13.2639861968,-0.282867959396,0.17442099558,-0.0224517528725
11.065382089,nan,nan,nan,0.000844107160627,-0.000435451077624,-0.0181833907175,0,0,0,-0.000214616900652,-0.00387694938082,-0.0261921222214,0,0,-13.193762298,0.291954148709,-0.164198950985,0,nan,nan,nan,nan,nan,nan,0,0,13.193762298,-0.292055743199,0.162763588016,-0.0193645169535
11.115382089,nan,nan,nan,0.000624906680124,-0.00058329331238,-0.0193645120851,0,0,0,-0.0011226364157,-0.0042002714707,-0.0223128056466,0,0,-13.1193884697,0.299932779679,-0.151839086157,0,nan,nan,nan,nan,nan,nan,0,0,13.1193884697,-0.300464208815,0.150284019651,-0.0164964373475
11.165382089,nan,nan,nan,0.000731843519056,-0.000855478224694,-0.0204146712821,0,0,0,0.00139381741824,-0.00271362079724,-0.018754706988,0,0,-13.0431335892,0.308223016317,-0.139267490314,0,nan,nan,nan,nan,nan,nan,0,0,13.0431335892,-0.307563216603,0.138262826487,-0.0138658424986
11.215382089,nan,nan,nan,0.000764288421949,-0.000854655392104,-0.0212399827839,0,0,0,-0.00143627751189,0.000597137718947,-0.0156606058442,0,0,-12.9640337078,0.317113913746,-0.126268334543,0,nan,nan,nan,nan,nan,nan,0,0,12.9640337078,-0.31779381305,0.126489412841,-0.0115782930764
11.265382089,nan,nan,nan,0.000588215767868,-0.000795764452799,-0.0219807318665,0,0,0,-0.00529702746728,0.00128779080221,-0.0136116387522,0,0,-12.8736550997,0.328618795916,-0.11138824998,0,nan,nan,nan,nan,nan,nan,0,0,12.8736550997,-0.33112628159,0.111865028768,-0.0100634384321
11.315382089,nan,nan,nan,0.00023458567522,-0.000725876311884,-0.0226011466591,0,0,0,-0.00528238997921,0.00229874005234,-0.012429491056,0,0,-12.7830869709,0.340153375748,-0.0964876610859,0,nan,nan,nan,nan,nan,nan,0,0,12.7830869709,-0.342653932387,0.0973387236155,-0.00918944590447
11.365382089,nan,nan,nan,5.99767699465e-05,-0.000565890447565,-0.0232236809721,0,0,0,-0.00330802627697,0.00174691411329,-0.0120026471833,0,0,-12.6924359544,0.351700739728,-0.0815782398983,0,nan,nan,nan,nan,nan,nan,0,0,12.6924359544,-0.353266679975,0.0822249999104,-0.00887386913142
11.415382089,nan,nan,nan,-9.62169524771e-05,-0.000551184900554,-0.0238014113775,0,0,0,-0.00480271251895,0.00139566537574,-0.00992664308701,0,0,-12.6017487656,0.363253624608,-0.0666650028027,0,nan,nan,nan,nan,nan,nan,0,0,12.6017487656,-0.365527113449,0.0671817199948,-0.00733902532695
11.465382089,nan,nan,nan,-0.000420294481949,-0.000426323909991,-0.0242163452808,0,0,0,-0.00476766548195,0.00381929799405,-0.00756876490736,0,0,-12.5197315315,0.374016800695,-0.0544712353288,0,nan,nan,nan,nan,nan,nan,0,0,12.5197315315,-0.37627369911,0.0558852540252,-0.0055957846839
11.515382089,nan,nan,nan,-0.000572983500672,-0.000169255101149,-0.0245582878682,0,0,0,-0.00565148320157,0.00479487208964,-0.00779364065943,0,0,-12.4819078925,0.381279788641,-0.0554150761401,0,nan,nan,nan,nan,nan,nan,0,0,12.4819078925,-0.383955065153,0.0571902816339,-0.00576204117417
11.565382089,nan,nan,nan,-0.000985442802106,5.31632989729e-05,-0.0249957093468,0,0,0,-0.00162770923122,0.00535753575495,-0.00181851505127,0,0,-12.4677073257,0.388056855615,-0.0623061431176,0,nan,nan,nan,nan,nan,nan,0,0,12.4677073257,-0.3888273741,0.0642896635802,-0.00134447545879
11.615382089,nan,nan,nan,-0.000735754423795,0.000366498474346,-0.0247401393733,0,0,0,0.00426096308257,0.00461981131325,0.00904395714439,0,0,-12.4633626283,0.393724896236,-0.0717124597768,0,nan,nan,nan,nan,nan,nan,0,0,12.4633626283,-0.391707858576,0.0734228525193,0.00668643265973
11.665382089,nan,nan,nan,-0.000559346493849,0.000515144430297,-0.0240913136323,0,0,0,0.00205968640482,0.00340439315537,0.0172482159672,0,0,-12.4614944549,0.399049995433,-0.0819065470069,0,nan,nan,nan,nan,nan,nan,0,0,12.4614944549,-0.398074989322,0.0831669554848,0.0127520545182
11.715382089,nan,nan,nan,-0.000529785783313,0.000706937789883,-0.0230153177766,0,0,0,0.00366791216657,-4.24627084566e-05,0.0231409758177,0,0,-12.4601649372,0.404270574482,-0.0923521372194,0,nan,nan,nan,nan,nan,nan,0,0,12.4601649372,-0.402534272892,0.0923364162508,0.0171087250874
11.765382089,nan,nan,nan,-0.000192555277193,0.000510898159452,-0.0217772160506,0,0,0,0.00486447954695,-0.00144839278843,0.0271951659381,0,0,-12.4589154826,0.409458484908,-0.102880998152,0,nan,nan,nan,nan,nan,nan,0,0,12.4589154826,-0.407155757038,0.10234475969,0.0201060932523
11.815382089,nan,nan,nan,-4.33378286183e-05,0.000562098511039,-0.0202958011828,0,0,0,0.00332385499762,-0.000576083427139,0.0306570829247,0,0,-12.4576566913,0.414635852162,-0.113438590091,0,nan,nan,nan,nan,nan,nan,0,0,12.4576566913,-0.413062418979,0.113225306723,0.0226655784904
11.865382089,nan,nan,nan,0.00013983022257,0.000453289816738,-0.0187115077581,0,0,0,0.0043049204052,-0.00257399197781,0.0327960098752,0,0,-12.4563811983,0.419809684421,-0.124006531634,0,nan,nan,nan,nan,nan,nan,0,0,12.4563811983,-0.417771838419,0.123053562584,0.024246942797
11.915382089,nan,nan,nan,0.000387154211902,0.000304699313258,-0.0170162001953,0,0,0,0.00337245811063,0.000976698109192,0.035878476406,0,0,-12.4550948242,0.42498228036,-0.134578358882,0,nan,nan,nan,nan,nan,nan,0,0,12.4550948242,-0.423385839629,0.134939961823,0.0265258904474
11.965382089,nan,nan,nan,0.000477076033633,0.000550959627657,-0.0151236601175,0,0,0,0.000900008197156,0.00263629692022,0.0382324330291,0,0,-12.454599027,0.426421788184,-0.14378545207,0,nan,nan,nan,nan,nan,nan,0,0,12.454599027,-0.425995745904,0.144761488279,0.0282662317817
12.015382089,nan,nan,nan,0.000477155031617,0.000568329005281,-0.0131929568924,0,0,0,-0.000238680908024,9.5308779165e-05,0.0364742324112,0,0,-12.4422133567,0.41465594652,-0.149555418709,0,nan,nan,nan,nan,nan,nan,0,0,12.4422133567,-0.414768932334,0.149590704879,0.0269663483517
12.065382089,nan,nan,nan,0.000453207942831,0.000560490505574,-0.0114762368764,0,0,0,0.000982715363178,0.00209961402068,0.0325931477394,0,0,-12.4274334315,0.397993906833,-0.154088897706,0,nan,nan,nan,nan,nan,nan,0,0,12.4274334315,-0.397528712965,0.154866237805,0.0240969615456
12.115382089,nan,nan,nan,0.000575426567935,0.000778290407349,-0.00993364211841,0,0,0,-0.00225128600506,0.00325325608463,0.0225952957784,0.01585363796,0.000932566938822,-12.4109150804,0.379364914822,-0.158044571459,0.00432782867268,nan,nan,nan,nan,nan,nan,-0.01585363796,-0.000932566938822,12.4109150804,-0.380430619586,0.159249024459,0.012377460974
12.165382089,nan,nan,nan,0.000228079342325,0.000885816114037,-0.00921670729853,0,0,0,-0.00675365349817,0.00255408902569,0.00957403740777,0.0545724182057,0.00321014224739,-12.3953167726,0.359485183328,-0.161420047908,0.0148975318374,nan,nan,nan,nan,nan,nan,-0.0545724182057,-0.00321014224739,12.3953167726,-0.362682200806,0.162365648288,-0.0078191970569
12.215382089,nan,nan,nan,-9.99387818821e-05,0.00103369930992,-0.00897623837763,0,0,0,-0.00495578053959,0.00229065553009,-0.000346816119703,0.0931301197336,0.00547824233727,-12.3790712456,0.339309306979,-0.164723708816,0.0254232626915,nan,nan,nan,nan,nan,nan,-0.0931301197336,-0.00547824233727,12.3790712456,-0.341655254548,0.165571778212,-0.025679672866
12.265382089,nan,nan,nan,-0.000267498711635,0.00111488166705,-0.0092513889105,0,0,0,-0.00511517512487,0.00192054545902,-0.00812659178476,0.0962838989987,0.00566375876463,-12.3624988213,0.319021663731,-0.168106738106,0.0456120309764,nan,nan,nan,nan,nan,nan,-0.0962838989987,-0.00566375876463,12.3624988213,-0.321443064871,0.168817781651,-0.0516202315742
12.315382089,nan,nan,nan,-0.00061145629437,0.00122575385582,-0.00978889755611,0,0,0,-0.00600894394395,0.000281492177291,-0.0116480021277,0.0962838990037,0.00566375876492,-12.3457712586,0.298686354171,-0.171488874134,0.0666566015857,nan,nan,nan,nan,nan,nan,-0.0962838990037,-0.00566375876492,12.3457712586,-0.30153084402,0.171593090982,-0.0752682724068
12.365382089,nan,nan,nan,-0.00086839310603,0.00114303088477,-0.0104161891233,0,0,0,-0.00299820622038,-0.00182590662299,-0.00934605273502,0.0962838990051,0.00566375876501,-12.3289725286,0.278330965495,-0.174866885817,0.0876991014252,nan,nan,nan,nan,nan,nan,-0.0962838990051,-0.00566375876501,12.3289725286,-0.279750244362,0.174190880408,-0.0946088812096
12.415382089,nan,nan,nan,-0.000911276916408,0.00104316319352,-0.0107235028296,0,0,0,-0.000864761405069,-0.00306672302816,-0.00350660484104,0.0962838990055,0.00566375876503,-12.3121417965,0.25796710215,-0.178243212722,0.108741007979,nan,nan,nan,nan,nan,nan,-0.0962838990055,-0.00566375876503,12.3121417965,-0.258376459445,0.177107819855,-0.11133353211
12.465382089,nan,nan,nan,-0.000954869246537,0.000836358581959,-0.0107668496074,0,0,0,0.00148807170239,-0.00515075630079,-0.00133550007544,0.0962838990056,0.00566375876504,-12.3039552537,0.239889989111,-0.179519309213,0.128450877333,nan,nan,nan,nan,nan,nan,-0.0962838990056,-0.00566375876504,12.3039552537,-0.239185571681,0.177612344708,-0.129438247262
12.515382089,nan,nan,nan,-0.000762469746168,0.000528087563443,-0.0108570528372,0,0,0,0.00433219951271,-0.00594694179357,-0.00112353032989,0.0962838990057,0.00566375876504,-12.3305941043,0.227121029344,-0.174511943184,0.141609699962,nan,nan,nan,nan,nan,nan,-0.0962838990057,-0.00566375876504,12.3305941043,-0.225070270068,0.172310206924,-0.142440355147
12.565382089,nan,nan,nan,-0.000521649295266,0.000241664402602,-0.0108792026404,0,0,0,0.00344277299808,-0.00364259528709,0.00224768966043,0.0962838990057,0.00566375876504,-12.3746579496,0.217239674997,-0.167087959814,0.15289161628,nan,nan,nan,nan,nan,nan,-0.0962838990057,-0.00566375876504,12.3746579496,-0.215609948886,0.16573936176,-0.151229840874
12.615382089,nan,nan,nan,-0.00041819244636,0.000163828034733,-0.0106322838711,0,0,0,0.00543653186303,-0.00433607156952,0.00775596807027,0.0951844415797,0.00556380808995,-12.4254244382,0.208586827354,-0.158825155163,0.163335818471,nan,nan,nan,nan,nan,nan,-0.0951844415797,-0.00556380808995,12.4254244382,-0.206013303647,0.157219811386,-0.157601629621
12.665382089,nan,nan,nan,2.20038910373e-05,-0.00019194275435,-0.0101036058333,0,0,0,0.00783281811992,-0.00575924804827,0.0137554891396,0.0826488174448,0.00442420589587,-12.4790303813,0.200504426376,-0.150263758683,0.170505757869,nan,nan,nan,nan,nan,nan,-0.0826488174448,-0.00442420589587,12.4790303813,-0.196796558266,0.148131512278,-0.160335967105
12.715382089,nan,nan,nan,0.000365089365632,-0.000412096770093,-0.00925673495715,0,0,0,0.00859723878523,-0.00303072198823,0.0184737632045,0.0701654430181,0.00328935367526,-12.533222498,0.192531263882,-0.141661651322,0.177645812257,nan,nan,nan,nan,nan,nan,-0.0701654430181,-0.00328935367526,12.533222498,-0.188461537375,0.14053958712,-0.163987678802
12.765382089,nan,nan,nan,0.00088172776956,-0.000495014953173,-0.00825622951288,0,0,0,0.0077892446398,-0.00196729279933,0.0208820142957,0.0576970383833,0.00215586234482,-12.5876103902,0.184595923022,-0.13305258404,0.184777304448,nan,nan,nan,nan,nan,nan,-0.0576970383833,-0.00215586234482,12.5876103902,-0.180908681551,0.132324233227,-0.169338688347
12.815382089,nan,nan,nan,0.00114401382961,-0.000608826050026,-0.00716853352758,0,0,0,0.00197402407189,0.00165234969594,0.0239023059564,0.0452329226657,0.00102276091595,-12.643322231,0.17696860414,-0.124655790697,0.191906343527,nan,nan,nan,nan,nan,nan,-0.0452329226657,-0.00102276091595,12.643322231,-0.176034148521,0.125267540125,-0.174234747274
12.865382089,nan,nan,nan,0.00107913017675,-0.000329779983579,-0.00586599891723,0,0,0,-0.000435976009761,0.00402300698015,0.0251474115475,0.0339825525902,0,-12.6991021213,0.169356243134,-0.116263573019,0.198702659598,nan,nan,nan,nan,nan,nan,-0.0339825525902,0,12.6991021213,-0.169562623713,0.117753010893,-0.180110524408
12.915382089,nan,nan,nan,0.00110041622864,-0.000206525352011,-0.00465379237283,0,0,0,-0.000723205070752,0.00377426473147,0.0200496439138,0.0339825525902,2.77555756156e-17,-12.7548905617,0.161742628314,-0.107838108444,0.202418212552,nan,nan,nan,nan,nan,nan,-0.0339825525902,-2.77555756156e-17,12.7548905617,-0.162084976238,0.109235454476,-0.187594989515
12.965382089,nan,nan,nan,0.00100680966967,4.76464895684e-05,-0.00386103452586,0,0,0,-0.000749050345882,0.00614073548061,0.0129742161128,0.0339825525902,0,-12.8034224957,0.155450634358,-0.100726298147,0.205895896678,nan,nan,nan,nan,nan,nan,-0.0339825525902,0,12.8034224957,-0.155805216814,0.102999782644,-0.196303721376
13.015382089,nan,nan,nan,0.00102551119405,0.00040754819605,-0.00335637076154,0,0,0,-0.00498816636037,0.00694742605608,0.00892284265207,0.0339825525902,-2.77555756156e-17,-12.8201883753,0.155123116199,-0.0997211882507,0.208216462278,nan,nan,nan,nan,nan,nan,-0.0339825525902,2.77555756156e-17,12.8201883753,-0.157484394438,0.102293333799,-0.201619572712
13.065382089,nan,nan,nan,0.000507993033637,0.000742389095176,-0.00296875026065,0,0,0,-0.00767448968219,0.00591070016319,0.00800434756233,0.0339825525902,0,-12.831465987,0.156546811306,-0.100527343491,0.21020550787,nan,nan,nan,nan,nan,nan,-0.0339825525902,0,12.831465987,-0.160179730534,0.102715662012,-0.204287685604
13.115382089,nan,nan,nan,0.000258062225828,0.000998618212369,-0.00255593600531,0,0,0,-0.00221505585365,0.00299921831594,0.00738394668529,0.0339825525902,0,-12.8411711837,0.158472237414,-0.101852434881,0.212099571389,nan,nan,nan,nan,nan,nan,-0.0339825525902,0,12.8411711837,-0.159520791694,0.102962835478,-0.206640427622
13.165382089,nan,nan,nan,0.000286487448273,0.00104231092677,-0.00223035559212,0,0,0,-0.00571706482844,0.00160450529854,0.00634877791001,0.0339825525902,-2.77555756156e-17,-12.8504258758,0.160541411861,-0.103326203967,0.213966422089,nan,nan,nan,nan,nan,nan,-0.0339825525902,2.77555756156e-17,12.8504258758,-0.163247733141,0.103920239964,-0.209272605512
13.215382089,nan,nan,nan,-0.000313644257015,0.00115906874222,-0.00192105821431,0,0,0,-0.00928800231643,0.00103785052207,0.00492540415687,0.0339825525902,2.77555756156e-17,-12.8598314124,0.162717383224,-0.104889875743,0.215825476185,nan,nan,nan,nan,nan,nan,-0.0339825525902,-2.77555756156e-17,12.8598314124,-0.167114100608,0.105274119142,-0.212183996831
13.265382089,nan,nan,nan,-0.00064231278337,0.00114609597898,-0.00173781517643,0,0,0,-0.00548298287553,-0.00107524046223,0.00359361243714,0.0339825525902,0,-12.8702144965,0.165142959351,-0.106637206829,0.217682296517,nan,nan,nan,nan,nan,nan,-0.0339825525902,0,12.8702144965,-0.167738471853,0.106239120553,-0.215025445409
13.315382089,nan,nan,nan,-0.000861942544568,0.001051544696,-0.00156169697059,0,0,0,-0.00388007816771,-0.00310836384776,0.00373382135783,0.0339825525902,5.55111512313e-17,-12.8805882791,0.167572219267,-0.108388253049,0.219538476865,nan,nan,nan,nan,nan,nan,-0.0339825525902,-5.55111512313e-17,12.8805882791,-0.16940895515,0.107237443502,-0.216777965656
13.365382089,nan,nan,nan,-0.00103032060014,0.000835259594201,-0.00136443304065,0,0,0,-0.000604408305899,-0.00576208759706,0.00368458969967,0.0339825525902,-5.55111512313e-17,-12.8909593968,0.170002534607,-0.110140363673,0.221394473855,nan,nan,nan,nan,nan,nan,-0.0339825525902,5.55111512313e-17,12.8909593968,-0.170288646993,0.108007065982,-0.21867036089
13.415382089,nan,nan,nan,-0.000922383375158,0.000475335936293,-0.00119323800063,0,0,0,0.00171652213619,-0.00652969792262,0.00311688581651,0.0339825525902,5.55111512313e-17,-12.9013297509,0.17243315233,-0.111892779253,0.223250418311,nan,nan,nan,nan,nan,nan,-0.0339825525902,-5.55111512313e-17,12.9013297509,-0.171620591948,0.109475289191,-0.220946023588
13.465382089,nan,nan,nan,-0.000858668386522,0.000182289801939,-0.001052744459,0,0,0,0.00449165881476,-0.00612230799659,0.00204823077428,0.0339825525902,5.55111512313e-17,-12.9118868572,0.177792911569,-0.112898222475,0.224879789809,nan,nan,nan,nan,nan,nan,-0.0339825525902,-5.55111512313e-17,12.9118868572,-0.175666668086,0.110631560385,-0.223365479543
13.515382089,nan,nan,nan,-0.000473217493682,-0.000136894863366,-0.000988414923199,0,0,0,0.000390638825846,-0.00753319413377,0.00136251718379,0.0339825525902,5.55111512313e-17,-12.9205376043,0.198854951083,-0.110336419817,0.225346612558,nan,nan,nan,nan,nan,nan,-0.0339825525902,-5.55111512313e-17,12.9205376043,-0.198670032038,0.107547405353,-0.224339268179
13.565382089,nan,nan,nan,-0.000819604503938,-0.000571029611438,-0.000916492740622,0,0,0,0.00108558589918,-0.00705003707431,0.000791470471759,0.0339825525902,5.55111512313e-17,-12.9198886493,0.22646934524,-0.107194856234,0.225480359516,nan,nan,nan,nan,nan,nan,-0.0339825525902,-5.55111512313e-17,12.9198886493,-0.22595545493,0.104584721008,-0.224895204818
13.615382089,nan,nan,nan,-0.000364658903763,-0.000841898570797,-0.000909267876023,0,0,0,0.0084783332247,-0.00284261343647,-0.000822705262967,0.0339825525902,2.77555756156e-17,-12.9150241478,0.256324917252,-0.103739176831,0.22551867866,nan,nan,nan,nan,nan,nan,-0.0339825525902,-2.77555756156e-17,12.9150241478,-0.252311477783,0.102686756058,-0.226126926052
13.665382089,nan,nan,nan,2.8228818532e-05,-0.000855290955085,-0.000998763266918,0,0,0,0.00291776225598,-0.000978955244147,-0.0015210426916,0.0339825525902,2.77555756156e-17,-12.901823177,0.288494989328,-0.0991489377308,0.225529657279,nan,nan,nan,nan,nan,nan,-0.0339825525902,-2.77555756156e-17,12.901823177,-0.287113790702,0.0987864991308,-0.226654203688
13.715382089,nan,nan,nan,-7.28826781649e-05,-0.000939794095212,-0.00106137214518,0,0,0,0.00406996065169,0.000737863279835,-0.00155143884436,0.0339825525902,2.77555756156e-17,-12.8834124689,0.321990053456,-0.0938264586617,0.225532802706,nan,nan,nan,nan,nan,nan,-0.0339825525902,-2.77555756156e-17,12.8834124689,-0.320063431762,0.0940996377838,-0.226679821781
13.765382089,nan,nan,nan,0.000435224883701,-0.000781504627102,-0.00115390715135,0,0,0,0.00777150500299,0.00358819704994,-0.000802887176233,0.0339825525902,-5.55111512313e-17,-12.8678011378,0.356444925437,-0.08796691342,0.225533703886,nan,nan,nan,nan,nan,nan,-0.0339825525902,5.55111512313e-17,12.8678011378,-0.352766081485,0.0892953716138,-0.22612729925
13.815382089,nan,nan,nan,0.000704267822134,-0.000580974390218,-0.00114166086281,0,0,0,0.00273635893245,0.00470480089591,0.000304172416657,0.0339825525902,5.55111512313e-17,-12.8537331178,0.391393508283,-0.0818240317173,0.225533962078,nan,nan,nan,nan,nan,nan,-0.0339825525902,-5.55111512313e-17,12.8537331178,-0.390098181637,0.083565890153,-0.225309079502
13.865382089,nan,nan,nan,0.000708860776945,-0.00031102453751,-0.00112348990969,0,0,0,-9.59042118743e-05,0.00637616464239,0.00120432877636,0.0339825525902,5.55111512313e-17,-12.8395484878,0.426372106812,-0.0756767286625,0.225534036052,nan,nan,nan,nan,nan,nan,-0.0339825525902,-5.55111512313e-17,12.8395484878,-0.426417505564,0.078037376098,-0.224643644475
13.915382089,nan,nan,nan,0.000694677400946,5.66420740206e-05,-0.00102122798517,0,0,0,0.00170304027499,0.00628566143935,0.00215065819418,0.0339825525902,5.55111512313e-17,-12.8253123399,0.461363553297,-0.0695275819783,0.225534057245,nan,nan,nan,nan,nan,nan,-0.0339825525902,-5.55111512313e-17,12.8253123399,-0.460557374904,0.071854722413,-0.223944019725
13.965382089,nan,nan,nan,0.000879164804445,0.000317541606424,-0.000908424090271,0,0,0,0.00171044697927,0.00666340807143,0.00288484837186,0.0339825525902,2.77555756156e-17,-12.8079056458,0.489112490824,-0.0655683253442,0.225350134449,nan,nan,nan,nan,nan,nan,-0.0339825525902,-2.77555756156e-17,12.8079056458,-0.488302806275,0.0680353189145,-0.223217291042
14.015382089,nan,nan,nan,0.000865722098873,0.000722982881163,-0.000732743147985,0,0,0,-0.00343919103627,0.00709970831833,0.00543330142387,0.0339825525902,0,-12.7866512936,0.481247125621,-0.0722111039719,0.224220472017,nan,nan,nan,nan,nan,nan,-0.0339825525902,0,12.7866512936,-0.482875156117,0.0748396289826,-0.220203491008
14.065382089,nan,nan,nan,0.000535245700818,0.00102751243826,-0.000365093947883,0,0,0,-0.00165295027875,0.00754733402777,0.00670641788455,0.0339825525902,0,-12.7775470985,0.459573113565,-0.0832546256998,0.222679792833,nan,nan,nan,nan,nan,nan,-0.0339825525902,0,12.7775470985,-0.460355580556,0.0860488751769,-0.217721563724
14.115382089,nan,nan,nan,0.000700427070999,0.00147771628394,-6.21013595294e-05,0,0,0,-0.00149906706889,0.00361888887299,0.00745328201972,0.0339825525902,5.55111512313e-17,-12.7701966974,0.432725238606,-0.0955963580223,0.220960486505,nan,nan,nan,nan,nan,nan,-0.0339825525902,-5.55111512313e-17,12.7701966974,-0.433434860979,0.0969361792498,-0.215450081323
14.165382089,nan,nan,nan,0.000385338993929,0.00138940132556,0.000380234254089,0,0,0,-0.00863579697226,-0.00225338153055,0.00831419267087,0.0339825525902,0,-12.7618449642,0.404042535768,-0.108440000043,0.219163549141,nan,nan,nan,nan,nan,nan,-0.0339825525902,0,12.7618449642,-0.408130514796,0.107605730599,-0.21301665033
14.215382089,nan,nan,nan,-0.000163152626227,0.00125237813088,0.000769317907558,0,0,0,-0.00681744610062,-0.00136859516117,0.00744954227538,0.0339825525902,5.55111512313e-17,-12.755900416,0.375465636292,-0.12097843382,0.217332873467,nan,nan,nan,nan,nan,nan,-0.0339825525902,-5.55111512313e-17,12.755900416,-0.378692851657,0.120471738834,-0.211825233175
14.265382089,nan,nan,nan,-0.000296405616133,0.00125254180944,0.00112518848163,0,0,0,-0.00431474684331,-0.004424480005,0.00722775694374,0.0339825525902,0,-12.7524816259,0.347349429038,-0.133133833323,0.215487535184,nan,nan,nan,nan,nan,nan,-0.0339825525902,0,12.7524816259,-0.34939192664,0.13149575809,-0.210143866554
14.315382089,nan,nan,nan,-0.000594627310558,0.000809930130385,0.00149209360193,0,0,0,-0.0039358476219,-0.00987093691141,0.00577162067741,0.0339825525902,2.77555756156e-17,-12.7488129515,0.31913701781,-0.145318522987,0.213635824558,nan,nan,nan,nan,nan,nan,-0.0339825525902,-2.77555756156e-17,12.7488129515,-0.321000153614,0.141664006014,-0.209368715329
14.365382089,nan,nan,nan,-0.000689990378323,0.000265448118299,0.00170235054937,0,0,0,-0.00215898533971,-0.0102220047025,0.00306184932065,0.0339825525902,0,-12.7386904557,0.292371385661,-0.156445187976,0.211781344522,nan,nan,nan,nan,nan,nan,-0.0339825525902,0,12.7386904557,-0.293393397505,0.152660695175,-0.209517639712
14.415382089,nan,nan,nan,-0.000810525844529,-0.000212270339868,0.001798278534,0,0,0,0.00137951730821,-0.00843778088349,0.00122957765504,0.0339825525902,-2.77555756156e-17,-12.724471999,0.266537422915,-0.166894289512,0.209925660907,nan,nan,nan,nan,nan,nan,-0.0339825525902,2.77555756156e-17,12.724471999,-0.26588439253,0.163770369895,-0.209016602177
14.465382089,nan,nan,nan,-0.000552038647502,-0.00057832997005,0.00182530831487,0,0,0,-5.30031453104e-06,-0.00657062835127,0.000588707186979,0.0339825525902,-2.77555756156e-17,-12.7039607455,0.244045100676,-0.174818283208,0.208248689008,nan,nan,nan,nan,nan,nan,-0.0339825525902,2.77555756156e-17,12.7039607455,-0.244047609717,0.172385639473,-0.207813442478
14.515382089,nan,nan,nan,-0.000811055875982,-0.000869333174994,0.00185714925269,0,0,0,-0.00175547274501,-0.00688675080398,-0.00128872578586,0.0339825525902,8.32667268469e-17,-12.6555451163,0.23803105158,-0.17019359379,0.207519880025,nan,nan,nan,nan,nan,nan,-0.0339825525902,-8.32667268469e-17,12.6555451163,-0.238862050246,0.16764391204,-0.208472668505
14.565382089,nan,nan,nan,-0.000727585922003,-0.00126700505045,0.00169643573629,0,0,0,0.00273030437853,-0.00414360892519,-0.00343418623255,0.0339825525902,2.77555756156e-17,-12.6017844457,0.237587338004,-0.16091492473,0.207203140947,nan,nan,nan,nan,nan,nan,-0.0339825525902,-2.77555756156e-17,12.6017844457,-0.236294877439,0.159380836398,-0.209742124117
14.615382089,nan,nan,nan,-0.000538025438129,-0.00128369406751,0.00151373062944,0,0,0,0.00104406768334,-0.0013752044231,-0.00250131024218,0.0339825525902,-2.77555756156e-17,-12.5475215012,0.23984573767,-0.149338723042,0.207065486711,nan,nan,nan,nan,nan,nan,-0.0339825525902,2.77555756156e-17,12.5475215012,-0.239351501086,0.148829581109,-0.208914770407
14.665382089,nan,nan,nan,-0.000623179153669,-0.00140452549276,0.00144630471207,0,0,0,0.00270048742193,0.00182526870906,-0.00238337087322,0.0339825525902,-2.77555756156e-17,-12.4858365437,0.244475729284,-0.135854338325,0.207005662426,nan,nan,nan,nan,nan,nan,-0.0339825525902,2.77555756156e-17,12.4858365437,-0.24319738335,0.136530107559,-0.208767750481
14.715382089,nan,nan,nan,-0.000267976695936,-0.00110116719661,0.00127539354212,0,0,0,0.00549316931922,0.00633548966434,-0.00297130440162,0.0339825525902,0,-12.4194208289,0.250335657199,-0.121383120785,0.2069796629,nan,nan,nan,nan,nan,nan,-0.0339825525902,0,12.4194208289,-0.24773532268,0.123728709123,-0.209176425498
14.765382089,nan,nan,nan,-7.38622217464e-05,-0.000770976526324,0.00114917427191,0,0,0,0.00190634766387,0.00555480229081,-0.00158064036396,0.0339825525902,-2.77555756156e-17,-12.3534500648,0.256574392847,-0.106933427579,0.206968363552,nan,nan,nan,nan,nan,nan,-0.0339825525902,2.77555756156e-17,12.3534500648,-0.255671973616,0.108989982031,-0.20813697207
14.815382089,nan,nan,nan,-7.73419295497e-05,-0.000545686967526,0.00111732950572,0,0,0,0.00242576105497,0.00729208154504,-0.000479521722815,0.0339825525902,0,-12.2900809546,0.263541277846,-0.0929080365006,0.206963452875,nan,nan,nan,nan,nan,nan,-0.0339825525902,0,12.2900809546,-0.262392980781,0.0956077838511,-0.207317975753
14.865382089,nan,nan,nan,0.000168713883751,-4.17683718197e-05,0.00110122209963,0,0,0,0.000983374734585,0.0108566397932,0.000858611191783,0.0339825525902,-2.77555756156e-17,-12.2265905335,0.270530869078,-0.0788577382006,0.206961318704,nan,nan,nan,nan,nan,nan,-0.0339825525902,2.77555756156e-17,12.2265905335,-0.270065363079,0.0828771919513,-0.206326525126
14.915382089,nan,nan,nan,2.09955439088e-05,0.000539977011792,0.0012031906249,0,0,0,-0.00302050334606,0.00962082899766,0.00330790746888,0.0339825525902,2.77555756156e-17,-12.1630453521,0.277529769995,-0.0647969231433,0.206960391197,nan,nan,nan,nan,nan,nan,-0.0339825525902,-2.77555756156e-17,12.1630453521,-0.278959603787,0.0683588426631,-0.2045147692
14.965382089,nan,nan,nan,-0.000133336450856,0.000920314527946,0.00143201284651,0,0,0,-0.00213240560525,0.00764704259593,0.00525907998637,0.0339825525902,0,-12.1165027337,0.28407395755,-0.0527336338577,0.206777342691,nan,nan,nan,nan,nan,nan,-0.0339825525902,0,12.1165027337,-0.285083387186,0.055564798438,-0.202889168121
15.015382089,nan,nan,nan,-0.000192245016616,0.00130468127138,0.00172909862354,0,0,0,-0.000699438290417,0.00533117810432,0.00506334148633,0.0339825525902,5.55111512313e-17,-12.1615815572,0.288764456892,-0.0517453232443,0.205647735249,nan,nan,nan,nan,nan,nan,-0.0339825525902,-5.55111512313e-17,12.1615815572,-0.289095554192,0.0537190853139,-0.201904275241
15.065382089,nan,nan,nan,-0.000203280279897,0.00145343233838,0.00193834699515,0,0,0,0.000282407871931,0.00374252032427,0.00490944575459,0.0339825525902,5.55111512313e-17,-12.2485368868,0.291837142162,-0.0565709296079,0.204106754989,nan,nan,nan,nan,nan,nan,-0.0339825525902,-5.55111512313e-17,12.2485368868,-0.291703457054,0.0579565229076,-0.200477074097
15.115382089,nan,nan,nan,-0.000164004229423,0.00167893330381,0.002220043199,0,0,0,5.68700387928e-05,0.0011777320259,0.00439794768168,0.0339825525902,0,-12.3474900361,0.294446315941,-0.063062251074,0.202386992839,nan,nan,nan,nan,nan,nan,-0.0339825525902,0,12.3474900361,-0.294419395029,0.0634982828019,-0.199135475772
15.165382089,nan,nan,nan,-0.000197593276018,0.00157120554097,0.00237814176332,0,0,0,0.0014931209515,-0.00200938814254,0.00274246131046,0.0339825525902,5.55111512313e-17,-12.450594496,0.297090024337,-0.0701514532033,0.200589532401,nan,nan,nan,nan,nan,nan,-0.0339825525902,-5.55111512313e-17,12.450594496,-0.296383216713,0.0694075174312,-0.19856195945
15.215382089,nan,nan,nan,-1.46921342724e-05,0.00147799448956,0.00249428933004,0,0,0,0.00167246164996,-0.00202233935251,0.00219120072581,0.0339825525902,0,-12.5591373635,0.300739601421,-0.0781300383218,0.198758304425,nan,nan,nan,nan,nan,nan,-0.0339825525902,0,12.5591373635,-0.299947898215,0.0773813076233,-0.197138292757
15.265382089,nan,nan,nan,-3.0347111022e-05,0.00136897160572,0.0025972618359,0,0,0,0.000884993920809,-0.00327764755419,0.00127807252887,0.0387748373842,0.000435662254,-12.6679774476,0.30438049964,-0.0861359647278,0.195600142862,nan,nan,nan,nan,nan,nan,-0.0387748373842,-0.000435662254,12.6679774476,-0.303961564758,0.0849224812738,-0.194655230612
15.315382089,nan,nan,nan,7.38072578085e-05,0.00115022973414,0.00262209658293,0,0,0,0.000837967011701,-0.00427876760654,-0.00104972555305,0.0449876726503,0.00100046546,-12.7769026856,0.308018898358,-0.09414958193,0.192046617975,nan,nan,nan,nan,nan,nan,-0.0449876726503,-0.00100046546,12.7769026856,-0.307622224886,0.0925654537991,-0.192822707369
15.365382089,nan,nan,nan,5.34495901482e-05,0.000941094845063,0.00249228928059,0,0,0,0.00256459329718,-0.00329927003816,-0.00309521590008,0.0512098049866,0.00156611385421,-12.8858523207,0.31165668942,-0.102166595675,0.188487775487,nan,nan,nan,nan,nan,nan,-0.0512098049866,-0.00156611385421,12.8858523207,-0.310442672503,0.100945106928,-0.190776149078
15.415382089,nan,nan,nan,0.000330266587527,0.000820302730324,0.00231257499292,0,0,0,0.000228204653135,-0.0036909585608,-0.00443307292385,0.057435977813,0.0021321295657,-12.9948089457,0.31529430601,-0.110184578415,0.184926621981,nan,nan,nan,nan,nan,nan,-0.057435977813,-0.0021321295657,12.9948089457,-0.315186279404,0.108818074827,-0.188204108053
15.465382089,nan,nan,nan,7.62700554617e-05,0.000571998988983,0.00204898198821,0,0,0,-0.00178824542864,-0.00260100631497,-0.00496114650511,0.0630561261568,0.00264305214241,-13.0711587913,0.319386042691,-0.117042366284,0.181712093322,nan,nan,nan,nan,nan,nan,-0.0630561261568,-0.00264305214241,13.0711587913,-0.320232555159,0.116079395716,-0.185379997923
15.515382089,nan,nan,nan,0.000151442044663,0.000560202098827,0.00181646034241,0,0,0,0.00202324174905,-0.00126832784845,-0.00548501531019,0.0654986325585,0.00286509817894,-13.0003551304,0.32445718705,-0.117802601653,0.180315064926,nan,nan,nan,nan,nan,nan,-0.0654986325585,-0.00286509817894,13.0003551304,-0.323499432964,0.117333028634,-0.184370279355
15.565382089,nan,nan,nan,0.000278594230367,0.000445166204138,0.00150048045719,0,0,0,-0.00212886711234,-0.00116406414242,-0.0055102518768,0.066560141465,0.00296159898861,-12.8814460303,0.330803581232,-0.117339756979,0.179707918888,nan,nan,nan,nan,nan,nan,-0.066560141465,-0.00296159898861,12.8814460303,-0.33181133583,0.116908785512,-0.183781791367
15.615382089,nan,nan,nan,-6.14446665715e-05,0.000443795684585,0.00126543515473,0,0,0,-0.00530111331098,-0.00207386438891,-0.00568042549804,0.0670214713341,0.00300353806762,-12.7416303925,0.337704196701,-0.11634536391,0.179444054307,nan,nan,nan,nan,nan,nan,-0.0670214713341,-0.00300353806762,12.7416303925,-0.340213616516,0.115577557097,-0.183643740569
15.665382089,nan,nan,nan,-0.000251517100731,0.000237779765248,0.000932437907384,0,0,0,-0.00232019188749,-0.00240309279284,-0.0052965100289,0.0672219644687,0.00302176471622,-12.5927288109,0.344845675749,-0.115119960861,0.179329379233,nan,nan,nan,nan,nan,nan,-0.0672219644687,-0.00302176471622,12.5927288109,-0.345943998904,0.114230263816,-0.183245226807
15.715382089,nan,nan,nan,-0.00029346385532,0.000203486405301,0.000735784151841,0,0,0,-0.00491419709024,0.000259558264793,-0.00438359371591,0.0673090984258,0.00302968598505,-12.4398784944,0.352091833677,-0.113794161287,0.179279541652,nan,nan,nan,nan,nan,nan,-0.0673090984258,-0.00302968598505,12.4398784944,-0.354418096639,0.113890257544,-0.182520446459
15.765382089,nan,nan,nan,-0.000742936809755,0.000263735591727,0.000494078535793,0,0,0,-0.0058491686801,-0.000603588883426,-0.00452980258573,0.0673469666875,0.0030331285543,-12.2853120648,0.359383484858,-0.112424729565,0.179257882328,nan,nan,nan,nan,nan,nan,-0.0673469666875,-0.0030331285543,12.2853120648,-0.362152340932,0.112201262853,-0.182606883155
15.815382089,nan,nan,nan,-0.000878380723331,0.000143127516958,0.000282803893268,0,0,0,-0.00265042050567,-0.0017868494657,-0.0032727783873,0.0673634241662,0.00303462468872,-12.1299998154,0.366694907327,-0.111036335388,0.179248469225,nan,nan,nan,nan,nan,nan,-0.0673634241662,-0.00303462468872,12.1299998154,-0.367949552784,0.110374790111,-0.181668119379
15.865382089,nan,nan,nan,-0.00100797886032,8.50506451566e-05,0.000166800697063,0,0,0,0.0004886640667,-0.00194312926606,-0.00156633985816,0.0673705765569,0.00303527490606,-11.9805368074,0.372566649022,-0.10870752082,0.179244378307,nan,nan,nan,nan,nan,nan,-0.0673705765569,-0.00303527490606,11.9805368074,-0.372335327181,0.107988116071,-0.180402414089
15.915382089,nan,nan,nan,-0.000829514316661,-5.11854096479e-05,0.000126169907452,0,0,0,0.00158987133817,-0.00323486619201,-0.000926557155947,0.0673736849731,0.00303555748935,-11.835145892,0.377453764649,-0.105738967768,0.179242600401,nan,nan,nan,nan,nan,nan,-0.0673736849731,-0.00303555748935,11.835145892,-0.376701157714,0.104541323257,-0.179927628197
15.965382089,nan,nan,nan,-0.000848991726505,-0.000238435974044,7.41449814679e-05,0,0,0,0.0031029403565,-0.0029542512843,0.000535133765327,0.0683832704336,0.00309498821415,-11.7123480557,0.38314821009,-0.10266943385,0.178965924876,nan,nan,nan,nan,nan,nan,-0.0683832704336,-0.00309498821415,11.7123480557,-0.381679352596,0.101575681397,-0.17857028657
16.015382089,nan,nan,nan,-0.000519220281011,-0.000346610538078,0.000179683283985,0,0,0,0.0083050098119,-0.00316416595018,0.000252866736193,0.074245706819,0.00343985625086,-11.6876120622,0.388021155194,-0.096698837956,0.177361497121,nan,nan,nan,nan,nan,nan,-0.074245706819,-0.00343985625086,11.6876120622,-0.384089762869,0.0955273687963,-0.177174546168
16.065382089,nan,nan,nan,-1.84907453147e-05,-0.000554852569062,9.94316550872e-05,0,0,0,0.00471434856791,-0.00224664660502,-0.000563569061349,0.0822171835227,0.00390877483196,-11.7051611371,0.393280082103,-0.0881776223792,0.175180030625,nan,nan,nan,nan,nan,nan,-0.0822171835227,-0.00390877483196,11.7051611371,-0.391048422635,0.0873458464066,-0.175596691884
16.115382089,nan,nan,nan,-4.77854242197e-05,-0.000571275198581,0.00012332637785,0,0,0,0.00515735550352,-0.00134990314853,7.61824463377e-05,0.0911052453702,0.00443160555742,-11.7374105621,0.398459462213,-0.0791030884758,0.172747784125,nan,nan,nan,nan,nan,nan,-0.0911052453702,-0.00443160555742,11.7374105621,-0.396018093894,0.0786033138332,-0.172691460462
16.165382089,nan,nan,nan,0.000497244805038,-0.000689842883915,0.000107049899721,0,0,0,0.00957237063415,7.89785083951e-05,0.00102577217862,0.100391653479,0.00497786640424,-11.7746441928,0.403615802194,-0.0700001689591,0.170206549086,nan,nan,nan,nan,nan,nan,-0.100391653479,-0.00497786640424,11.7746441928,-0.399084471673,0.0700294091723,-0.169448169044
16.215382089,nan,nan,nan,0.000909451639195,-0.000563377347741,0.000225903595711,0,0,0,0.00615642827729,0.000606779367311,0.00153652405442,0.10985118216,0.00553430993982,-11.813641543,0.408765432598,-0.0609456766303,0.167617947823,nan,nan,nan,nan,nan,nan,-0.10985118216,-0.00553430993982,11.813641543,-0.405851127206,0.0611703245554,-0.16648195564
16.265382089,nan,nan,nan,0.00111288763277,-0.000629164947184,0.000260702305163,0,0,0,0.00795915649373,-0.000522608641144,0.000889329762425,0.119385948731,0.0060951788537,-11.8532901108,0.413913093534,-0.0519296397117,0.165008761283,nan,nan,nan,nan,nan,nan,-0.119385948731,-0.0060951788537,11.8532901108,-0.41014541987,0.0517361543145,-0.164351256667
16.315382089,nan,nan,nan,0.00170536728857,-0.000615638211855,0.000314836571954,0,0,0,0.00491798010078,0.00038818352552,0.000550748770143,0.128953413554,0.00665797102905,-11.895261349,0.418573918071,-0.0426223279463,0.162390628419,nan,nan,nan,nan,nan,nan,-0.128953413554,-0.00665797102905,11.895261349,-0.416245864323,0.0427660451329,-0.161983445534
16.365382089,nan,nan,nan,0.00160468564284,-0.000590346594632,0.000315777182178,0,0,0,0.000327820572174,0.0017116054731,-0.000124023277097,0.13853508898,0.0072215990504,-11.940427964,0.422508198363,-0.0328583504264,0.159768607499,nan,nan,nan,nan,nan,nan,-0.13853508898,-0.0072215990504,11.940427964,-0.422353015972,0.0334920381207,-0.159860301132
16.415382089,nan,nan,nan,0.00173814934579,-0.000444477664546,0.000302434244244,0,0,0,0.00297603744923,0.00394583744239,-0.00111451383769,0.148122940307,0.00778559032892,-11.9856357464,0.426442242355,-0.0230993849923,0.157144896836,nan,nan,nan,nan,nan,nan,-0.148122940307,-0.00778559032892,11.9856357464,-0.425033457651,0.0245602523886,-0.157968885894
16.465382089,nan,nan,nan,0.00190228938777,-0.000195762850393,0.000204325798409,0,0,0,-0.0056197441041,0.00470183440874,-0.00134744831131,0.156095751251,0.00825457921841,-12.0438482984,0.429153045486,-0.0143361757739,0.154963141245,nan,nan,nan,nan,nan,nan,-0.156095751251,-0.00825457921841,12.0438482984,-0.431813297471,0.016076935927,-0.155959344815
16.515382089,nan,nan,nan,0.00117617493538,2.57057763284e-05,0.000167689413114,0,0,0,-0.00779577726836,0.00603810810667,-0.00327042331759,0.153573171744,0.0081061921931,-12.1909921446,0.423058597611,-0.0126399760657,0.15565344375,nan,nan,nan,nan,nan,nan,-0.153573171744,-0.0081061921931,12.1909921446,-0.426748931471,0.01487546483,-0.158071352739
16.565382089,nan,nan,nan,0.00112271166093,0.000408047960274,-0.000122716533351,0,0,0,-0.00479852928755,0.00685616233482,-0.00408268806282,0.14595532627,0.0076580836378,-12.3688683283,0.415218706457,-0.0135594122841,0.157738063112,nan,nan,nan,nan,nan,nan,-0.14595532627,-0.0076580836378,12.3688683283,-0.417490215057,0.0160977692654,-0.160756500547
16.615382089,nan,nan,nan,0.00069632200662,0.000711322009811,-0.000240579393168,0,0,0,-0.00790525070185,0.00372645700448,-0.00292162071566,0.136877662662,0.00712410342643,-12.5659824408,0.404594039479,-0.0171381500334,0.160222160945,nan,nan,nan,nan,nan,nan,-0.136877662662,-0.00712410342643,12.5659824408,-0.408336195436,0.0185177962102,-0.162382191102
16.665382089,nan,nan,nan,0.000332186590746,0.000780693660722,-0.000414878604917,0,0,0,-0.00522954513695,0.00298609974904,-0.00355063495886,0.127381754159,0.00656552057368,-12.7707125926,0.392477761331,-0.0218344138376,0.162820711276,nan,nan,nan,nan,nan,nan,-0.127381754159,-0.00656552057368,12.7707125926,-0.394953302489,0.0229399575477,-0.165445788018
16.715382089,nan,nan,nan,0.000173367492925,0.00100993198471,-0.000595642889054,0,0,0,-0.00450520753492,0.00413806680825,-0.00327761392819,0.117766016489,0.00599988894617,-12.9761566147,0.380278560134,-0.0266027349093,0.165452052797,nan,nan,nan,nan,nan,nan,-0.117766016489,-0.00599988894617,12.9761566147,-0.382411217256,0.0281347713837,-0.167875277992
16.765382089,nan,nan,nan,-0.000118334162746,0.00119450034155,-0.000742639997736,0,0,0,-0.00567492710836,0.00559731516853,-0.00298032590168,0.108115947188,0.00543223781087,-13.181282069,0.368178319165,-0.0314706880731,0.168092789152,nan,nan,nan,nan,nan,nan,-0.108115947188,-0.00543223781087,13.181282069,-0.37086469346,0.0335429820679,-0.17029622158
16.815382089,nan,nan,nan,-0.000394125217911,0.00156966350157,-0.000893675479223,0,0,0,-0.00472487376364,0.00319110819539,-0.00324563499646,0.0984560417095,0.0048640080769,-13.3739693996,0.35900300239,-0.038231561048,0.170736217172,nan,nan,nan,nan,nan,nan,-0.0984560417095,-0.0048640080769,13.3739693996,-0.361239644233,0.0394130050352,-0.173135799511
16.865382089,nan,nan,nan,-0.00059082153911,0.00151361116109,-0.00106720349738,0,0,0,-0.000554287108563,0.00198178898634,-0.00172673617463,0.0887933181198,0.00429561257164,-13.5666727252,0.349825921618,-0.0449942484733,0.173380416366,nan,nan,nan,nan,nan,nan,-0.0887933181198,-0.00429561257164,13.5666727252,-0.350088307833,0.0457279662097,-0.174657037315
16.915382089,nan,nan,nan,-0.000449553928767,0.0017678424002,-0.00106634909669,0,0,0,0.000973504152735,0.00296772730124,-0.000659058418017,0.0791297871277,0.0037271695721,-13.7489098947,0.343104770787,-0.0499879008816,0.176024836506,nan,nan,nan,nan,nan,nan,-0.0791297871277,-0.0037271695721,13.7489098947,-0.342643937285,0.0510866425603,-0.17651209553
16.965382089,nan,nan,nan,-0.000493471123836,0.00181038389121,-0.00113310933918,0,0,0,-0.00157037310567,0.000643789781912,-2.68597174511e-05,0.0707435693839,0.003233862646,-13.8945290938,0.338683866778,-0.0552205840197,0.178319720552,nan,nan,nan,nan,nan,nan,-0.0707435693839,-0.003233862646,13.8945290938,-0.339427243718,0.0554589343107,-0.17833957864
17.015382089,nan,nan,nan,-0.000606591239334,0.00183222137839,-0.00106903506843,0,0,0,0.00127733141827,-0.00194197240154,0.00200670429039,0.0683408777728,0.00309252784535,-13.8997333612,0.339452294966,-0.0646024748084,0.17897721584,nan,nan,nan,nan,nan,nan,-0.0683408777728,-0.00309252784535,13.8997333612,-0.338847636928,0.0638834983661,-0.177493607183
17.065382089,nan,nan,nan,-0.000365737982009,0.00161618665106,-0.000932438910144,0,0,0,0.00339292945103,-0.00452527773163,0.00348103323873,0.0676524951008,0.00305203474699,-13.8659536907,0.341907753915,-0.0754879322989,0.179165591393,nan,nan,nan,nan,nan,nan,-0.0676524951008,-0.00305203474699,13.8659536907,-0.340301622543,0.0738125387243,-0.176591973013
17.115382089,nan,nan,nan,-0.000267298294231,0.00137969360523,-0.000720931744559,0,0,0,0.00119298698707,-0.00291376203778,0.00337919675538,0.0674552701632,0.00304043328008,-13.8166084134,0.344745330871,-0.0872602683458,0.179219561893,nan,nan,nan,nan,nan,nan,-0.0674552701632,-0.00304043328008,13.8166084134,-0.344180599463,0.0861815062266,-0.176721233873
17.165382089,nan,nan,nan,-0.000246439283302,0.00132481044728,-0.000594519234606,0,0,0,0.00281782584277,-0.00253785228931,0.00296047915208,0.0673987642725,0.00303710940416,-13.7611749783,0.347714538372,-0.0995326084063,0.1792350247,nan,nan,nan,nan,nan,nan,-0.0673987642725,-0.00303710940416,13.7611749783,-0.346380647246,0.0985930193532,-0.177046265491
17.215382089,nan,nan,nan,1.44842900459e-05,0.0011259083763,-0.000424883829351,0,0,0,0.00336734911271,-0.00284085478161,0.00253764273782,0.0673825750638,0.00303615709776,-13.7032894976,0.350731085832,-0.112055073649,0.179239454869,nan,nan,nan,nan,nan,nan,-0.0673825750638,-0.00303615709776,13.7032894976,-0.349137063578,0.111003303983,-0.177363309614
17.265382089,nan,nan,nan,9.02956279687e-05,0.00104072496912,-0.000340754960824,0,0,0,-0.00117406556561,-0.00353085423411,0.00125548541904,0.0673779367778,0.00303588425741,-13.6435593739,0.35396116094,-0.124821661099,0.179240724133,nan,nan,nan,nan,nan,nan,-0.0673779367778,-0.00303588425741,13.6435593739,-0.354516935402,0.123514432935,-0.17831251112
17.315382089,nan,nan,nan,-0.000102922266515,0.000772822952888,-0.000299335287447,0,0,0,-0.00098723562604,-0.00753743345129,0.00108544268326,0.0673766078866,0.00303580608734,-13.5739153733,0.359424679794,-0.139075382805,0.179241087783,nan,nan,nan,nan,nan,nan,-0.0673766078866,-0.00303580608734,13.5739153733,-0.359892013446,0.136284798819,-0.178438591786
17.365382089,nan,nan,nan,-8.42793463532e-06,0.000286981623988,-0.000232210692498,0,0,0,0.00120156919757,-0.00540593579713,0.00121207450348,0.067376227153,0.00303578369124,-13.5040663032,0.364897009513,-0.153357244711,0.179241191971,nan,nan,nan,nan,nan,nan,-0.067376227153,-0.00303578369124,13.5040663032,-0.364328215492,0.151355805101,-0.178345073777
17.415382089,nan,nan,nan,1.72346532424e-05,0.000232229373175,-0.000178127837099,0,0,0,-0.000722929081287,-0.00264600648131,0.000834758417975,0.0673761180709,0.00303577727465,-13.4341294166,0.370373101937,-0.167651557465,0.179241221821,nan,nan,nan,nan,nan,nan,-0.0673761180709,-0.00303577727465,13.4341294166,-0.370715319214,0.166671926485,-0.178624063219
17.465382089,nan,nan,nan,-8.0720842764e-05,2.23809758569e-05,-0.0001487348507,0,0,0,-0.000310661435309,-0.00500767192135,0.000697038666637,0.0673760868184,0.00303577543627,-13.3518027636,0.374428803416,-0.178739300589,0.179241230373,nan,nan,nan,nan,nan,nan,-0.0673760868184,-0.00303577543627,13.3518027636,-0.374575863083,0.176885310214,-0.178725891564
17.515382089,nan,nan,nan,-1.38314902886e-05,-0.00026853781896,-0.000108423970435,0,0,0,0.00232539023019,-0.00442491542804,0.000361640929845,0.0673760778644,0.00303577490956,-13.2201614329,0.374377052239,-0.175398189412,0.179241232824,nan,nan,nan,nan,nan,nan,-0.0673760778644,-0.00303577490956,13.2201614329,-0.373276268313,0.173759952974,-0.178973862282
17.565382089,nan,nan,nan,0.000151818180255,-0.000420110566947,-0.000112570757716,0,0,0,0.00343173750322,5.1964697989e-06,-0.00146898217544,0.067376075299,0.00303577475866,-13.0683095521,0.372826533897,-0.165687320561,0.179241233526,nan,nan,nan,nan,nan,nan,-0.067376075299,-0.00303577475866,13.0683095521,-0.371202031725,0.165689244451,-0.180327290242
17.615382089,nan,nan,nan,0.000329342260034,-0.000268018171981,-0.000255322187979,0,0,0,0.00359759865138,0.002527246515,-0.00168195404894,0.067376074564,0.00303577471542,-12.9048598824,0.374159372866,-0.152983392383,0.179241233727,nan,nan,nan,nan,nan,nan,-0.067376074564,-0.00303577471542,12.9048598824,-0.372456356006,0.15391905486,-0.180484746086
17.665382089,nan,nan,nan,0.000511578045394,-0.000167385915447,-0.00028076616261,0,0,0,0.0031178338212,0.000321664129489,-0.000295395880163,0.0673760743535,0.00303577470303,-12.7317124583,0.376708501127,-0.138191589448,0.179241233784,nan,nan,nan,nan,nan,nan,-0.0673760743535,-0.00303577470303,12.7317124583,-0.375232593424,0.138310679159,-0.179459627639
17.715382089,nan,nan,nan,0.000641125642153,-0.000235851759032,-0.000284861775996,0,0,0,0.00218345847539,0.00174375780489,0.000140530368056,0.0673760742931,0.00303577469949,-12.5566339935,0.379203382247,-0.122878325886,0.179241233801,nan,nan,nan,nan,nan,nan,-0.0673760742931,-0.00303577469949,12.5566339935,-0.378169785408,0.123523917338,-0.179137336046
17.765382089,nan,nan,nan,0.000729923892933,6.98986504242e-06,-0.000266713125804,0,0,0,0.0010057988598,0.00355589097263,0.000788887916798,0.0673760742758,0.00303577469847,-12.3807163017,0.381674687657,-0.107338436469,0.179241233806,nan,nan,nan,nan,nan,nan,-0.0673760742758,-0.00303577469847,12.3807163017,-0.381198566616,0.108654933984,-0.178657988458
17.815382089,nan,nan,nan,0.000741705528133,0.000119737338231,-0.000205972984316,0,0,0,0.000673782444262,0.00136496906408,0.000930090024844,0.0673760742709,0.00303577469818,-12.2044338835,0.384135747105,-0.0917000558614,0.179241233807,nan,nan,nan,nan,nan,nan,-0.0673760742709,-0.00303577469818,12.2044338835,-0.383816794667,0.092205408358,-0.178553594069
17.865382089,nan,nan,nan,0.000797302137359,0.000143486771451,-0.00017370412332,0,0,0,-0.00117085050311,0.00244223389154,0.000328053380946,0.0673760742695,0.00303577469809,-12.0279929558,0.386592353677,-0.076018871159,0.179241233807,nan,nan,nan,nan,nan,nan,-0.0673760742695,-0.00303577469809,12.0279929558,-0.387146606205,0.0769230594127,-0.178998695414
17.915382089,nan,nan,nan,0.000624620477822,0.000363960727385,-0.000173167646221,0,0,0,-0.00337765233196,0.00315661543313,0.000354039577315,0.0673760742691,0.00303577469807,-11.8663813054,0.388627462984,-0.0628368738026,0.179241233808,nan,nan,nan,nan,nan,nan,-0.0673760742691,-0.00303577469807,11.8663813054,-0.390226362535,0.0640055475344,-0.178979483143
17.965382089,nan,nan,nan,0.000459536904163,0.000459148314764,-0.000138300165588,0,0,0,-0.00315668961303,0.00179404229058,-0.000350288338112,0.0826425305092,0.00445591016228,-11.6809515051,0.38423929922,-0.0522690271482,0.170209269357,nan,nan,nan,nan,nan,nan,-0.0826425305092,-0.00445591016228,11.6809515051,-0.385733600322,0.0529332354255,-0.170468246633
18.015382089,nan,nan,nan,0.000308951516519,0.000543364956443,-0.000208196480032,0,0,0,-0.00435000431276,0.00165939788437,-0.00217472434932,0.0894084460412,0.00525932035537,-11.3212680324,0.359927183289,-0.0504699344363,0.0950505479571,nan,nan,nan,nan,nan,nan,-0.0894084460412,-0.00525932035537,11.3212680324,-0.36198637093,0.051084293315,-0.0966583782114
18.065382089,nan,nan,nan,2.45364728872e-05,0.000625088103201,-0.000355772600521,0,0,0,-0.00494413613309,0.00125426993497,-0.00300107919717,0.0190603431004,0.00112119665297,-10.8943958829,0.329210333327,-0.0492939627115,0.00520321579118,nan,nan,nan,nan,nan,nan,-0.0190603431004,-0.00112119665297,10.8943958829,-0.331550768713,0.0497583310696,-0.00742199166971
18.115382089,nan,nan,nan,-0.00018546209679,0.00066879194994,-0.000508304399749,0,0,0,-0.00478961274081,0.00117171723231,-0.00208364858054,0,0,-10.4075961568,0.28849197838,-0.0431647116097,0,nan,nan,nan,nan,nan,nan,0,0,10.4075961568,-0.2907592661,0.0435985164806,-0.00154049557046
18.165382089,nan,nan,nan,-0.000454424801193,0.000742259826432,-0.000564137458575,0,0,0,-0.0281809933144,-0.00257774466367,-0.00389393204042,0,0,-9.87244208444,0.241368823706,-0.0407823852985,0,nan,nan,nan,nan,nan,nan,0,0,9.87244208444,-0.254709029597,0.0398280268917,-0.00287888519972
18.215382089,nan,nan,nan,-0.00300356142823,0.000411017483573,-0.000897697603791,0,0,0,-0.0637062357377,-0.0106828715113,-0.00936493271266,0,0,-9.3301398911,0.201009824207,-0.0481885558373,0,nan,nan,nan,nan,nan,nan,0,0,9.3301398911,-0.231166827256,0.0442334363176,-0.00692373824272
18.265382089,nan,nan,nan,-0.00682504837496,-0.000326027324701,-0.00150063072984,0,0,0,-0.0909645150996,-0.0179443443943,-0.0147511189784,0,0,-8.81747246419,0.167977578935,-0.0529060787137,0,nan,nan,nan,nan,nan,nan,0,0,8.81747246419,-0.211037997235,0.0462625440886,-0.0109058857898
18.315382089,nan,nan,nan,-0.0121000129382,-0.00138341695585,-0.00237280950163,0,0,0,-0.114379340926,-0.023254794203,-0.0182545331504,0,0,-8.31181743974,0.136754346732,-0.0525966910214,0,nan,nan,nan,nan,nan,nan,0,0,8.31181743974,-0.190898781623,0.0439870685636,-0.013496050976
18.365382089,nan,nan,nan,-0.0182629824675,-0.002651506745,-0.00332608404488,0,0,0,-0.130875662399,-0.0248225391185,-0.0195770319128,0,0,-7.79690218095,0.0973691290677,-0.050929339121,0,nan,nan,nan,nan,nan,nan,0,0,7.79690218095,-0.159322526631,0.0417392904631,-0.0144738086959
18.415382089,nan,nan,nan,-0.0251875791781,-0.00386567086771,-0.0043305126929,0,0,0,-0.145981492982,-0.0286154665147,-0.0201831038143,0,0,-7.31879451465,0.0508547191758,-0.0546019000866,0,nan,nan,nan,nan,nan,nan,0,0,7.31879451465,-0.119958854398,0.0440075959189,-0.0149218934106
18.465382089,nan,nan,nan,-0.0328611317658,-0.00551305339646,-0.00534439442631,0,0,0,-0.159916959818,-0.0345068025053,-0.020211758347,0,0,-6.79283172205,0.019641066022,-0.0576709763551,0,nan,nan,nan,nan,nan,nan,0,0,6.79283172205,-0.0953419167927,0.0448955228635,-0.0149430784517
18.515382089,nan,nan,nan,-0.0411792751598,-0.00731635111824,-0.00635168852761,0,0,0,-0.17148597912,-0.0381506125797,-0.0198511226529,0,0,-5.72538537308,0.00825864881875,-0.0500227988906,0,nan,nan,nan,nan,nan,nan,0,0,5.72538537308,-0.0894359956704,0.0358982975952,-0.0146764511065
18.565382089,nan,nan,nan,-0.0500097296777,-0.00932811465443,-0.00732950669161,0,0,0,-0.183298816972,-0.0408711569227,-0.0182185939241,0,0,-4.41365987958,0.00339665221598,-0.0390685776632,0,nan,nan,nan,nan,nan,nan,0,0,4.41365987958,-0.0901659129989,0.0239368492357,-0.0134694801715
18.615382089,nan,nan,nan,-0.059509156857,-0.0114034668105,-0.00817354792001,0,0,0,-0.195735014627,-0.0444095359623,-0.0167507582678,0,0,-3.17993572015,0.00107200295769,-0.0283824346244,0,nan,nan,nan,nan,nan,nan,0,0,3.17993572015,-0.0937282612417,0.0119406921251,-0.0123842711071
18.665382089,nan,nan,nan,-0.0695832311404,-0.0137690682507,-0.00900458251839,0,0,0,-0.205604327106,-0.050550909892,-0.0170683637967,0,0,-2.07065886799,0.000155388114185,-0.0185741333739,0,nan,nan,nan,nan,nan,nan,0,0,2.07065886799,-0.0974835420622,-0.000141329995442,-0.0126190851323
18.715382089,nan,nan,nan,-0.0800695895676,-0.0164585577997,-0.00988038429968,0,0,0,-0.194025078177,-0.0515166406201,-0.0148735651467,0,0,-0.630692132631,0.000409496365218,-0.00559565932985,0,nan,nan,nan,nan,nan,nan,0,0,0.630692132631,-0.0922563117725,-0.0134773465269,-0.0109964134256
18.765382089,nan,nan,nan,-0.0889857389581,-0.0189207323127,-0.0104919390331,0,0,0,-0.167555650056,-0.0483299464539,-0.0100908851462,0,0,0,0,0,0,nan,nan,nan,nan,nan,nan,0,0,0,-0.0793168234008,-0.0178931960756,-0.00746045375156
18.815382089,nan,nan,nan,-0.0968251545732,-0.0212915524451,-0.0108894728143,0,0,0,-0.147889854346,-0.0467235311623,-0.00487871556339,0,0,0,0,0,0,nan,nan,nan,nan,nan,nan,0,0,0,-0.0700075076907,-0.0172984529422,-0.00360696126262
18.865382089,nan,nan,nan,-0.103774724393,-0.0235930854289,-0.0109798105894,0,0,0,-0.133676877195,-0.0450346088648,-0.00204862837754,0,0,0,0,0,0,nan,nan,nan,nan,nan,nan,0,0,0,-0.0632794254191,-0.01667316324,-0.00151460422385
18.915382089,nan,nan,nan,-0.110192842293,-0.0257950133316,-0.0110943356521,0,0,0,-0.123758583245,-0.0444108484252,-0.00127306924728,0,0,0,0,0,0,nan,nan,nan,nan,nan,nan,0,0,0,-0.0585843431022,-0.0164422284125,-0.000941213194313
18.965382089,nan,nan,nan,-0.116150582717,-0.0280341702714,-0.0111071175141,0,0,0,-0.114666479777,-0.0429717989505,-0.000471375032453,0,0,0,0,0,0,nan,nan,nan,nan,nan,nan,0,0,0,-0.0542803595309,-0.0159094491255,-0.000348499817243
19.015382089,nan,nan,nan,-0.12165949027,-0.0300921932266,-0.0111414731553,0,0,0,-0.106176227778,-0.0398355022529,-9.27900947103e-05,0,0,0,0,0,0,nan,nan,nan,nan,nan,nan,0,0,0,-0.0502612780007,-0.0147482979991,-6.86021295618e-05
19.065382089,nan,nan,nan,-0.126768205495,-0.0320177204967,-0.0111163965236,0,0,0,-0.100119542532,-0.0378438657173,0.000777767194587,0,0,0,0,0,0,nan,nan,nan,nan,nan,nan,0,0,0,-0.0473941885658,-0.0140109344045,0.000575023508905
19.115382089,nan,nan,nan,-0.131671444524,-0.0338765797984,-0.0110636964358,0,0,0,-0.09261537952,-0.0351621625904,-0.00045246489677,0,0,0,0,0,0,nan,nan,nan,nan,nan,nan,0,0,0,-0.0438418978957,-0.0130180874558,-0.00033451906227
19.165382089,nan,nan,nan,-0.136029743447,-0.0355339367558,-0.0111616430133,0,0,0,-0.0820475293022,-0.030491933992,-0.00142471048815,0,0,0,0,0,0,nan,nan,nan,nan,nan,nan,0,0,0,-0.038839331231,-0.0112890287218,-0.00105332550636
19.215382089,nan,nan,nan,-0.139876197454,-0.0369257731976,-0.0112061674847,0,0,0,-0.0735983511972,-0.0250111849174,-0.00167772243872,0,0,0,0,0,0,nan,nan,nan,nan,nan,nan,0,0,0,-0.0348396930963,-0.00925989099198,-0.00124038381973
19.265382089,nan,nan,nan,-0.143389578567,-0.0380350552475,-0.0113294152571,0,0,0,-0.0657386603748,-0.0183837381067,-0.00301804138568,0,0,0,0,0,0,nan,nan,nan,nan,nan,nan,0,0,0,-0.0311191040936,-0.00680621135924,-0.00223131646551
19.315382089,nan,nan,nan,-0.146450063491,-0.0387641470082,-0.0115079716232,0,0,0,-0.058272957229,-0.0103207648234,-0.00334436296906,0,0,0,0,0,0,nan,nan,nan,nan,nan,nan,0,0,0,-0.0275850194012,-0.00382105676057,-0.00247257449646
19.365382089,nan,nan,nan,-0.14921687429,-0.0390671317298,-0.011663851554,0,0,0,-0.0534267401364,-0.0015783355478,-0.00449483634328,0,0,0,0,0,0,nan,nan,nan,nan,nan,nan,0,0,0,-0.0252909365388,-0.00058434716986,-0.00332314937433
19.415382089,nan,nan,nan,-0.151792737505,-0.038921980563,-0.0119574552575,0,0,0,-0.0454775522673,0.00379010360559,-0.00556307151314,0,0,0,0,0,0,nan,nan,nan,nan,nan,nan,0,0,0,-0.0215279817821,0.0014032100579,-0.00411292340952
19.465382089,nan,nan,nan,-0.153764629516,-0.0386881213693,-0.0122201587054,0,0,0,-0.0325149403455,0.00761581504343,-0.00569080663712,0,0,0,0,0,0,nan,nan,nan,nan,nan,nan,0,0,0,-0.015391792401,0.00281960320353,-0.0042073613078
19.515382089,nan,nan,nan,-0.15504423154,-0.0381603990587,-0.0125265359213,0,0,0,-0.0212226861555,0.011338153894,-0.00635306360398,0,0,0,0,0,0,nan,nan,nan,nan,nan,nan,0,0,0,-0.0100463102816,0.00419772471618,-0.00469698510207
19.565382089,nan,nan,nan,-0.155886898132,-0.0375543059799,-0.0128554650658,0,0,0,-0.0105099306701,0.0110862327274,-0.00781128152376,0,0,0,0,0,0,nan,nan,nan,nan,nan,nan,0,0,0,-0.00497514894087,0.00410445594266,-0.00577508352383
19.615382089,nan,nan,nan,-0.156095224607,-0.0370517757859,-0.0133076640736,0,0,0,0.00715090116469,0.00968427373187,-0.00924891194342,0,0,0,0,0,0,nan,nan,nan,nan,nan,nan,0,0,0,0.00338506498974,0.00358540866375,-0.00683796107148
19.665382089,nan,nan,nan,-0.155171808015,-0.0365858786067,-0.0137803562601,0,0,0,0.031125315742,0.00874151636383,-0.00867260563696,0,0,0,0,0,0,nan,nan,nan,nan,nan,nan,0,0,0,0.0147339774647,0.00323637160338,-0.00641188283515
19.715382089,nan,nan,nan,-0.152982693032,-0.0361776241495,-0.0141749246373,0,0,0,0.0565672151476,0.00713139306317,-0.00954315300743,0,0,0,0,0,0,nan,nan,nan,nan,nan,nan,0,0,0,0.0267775620377,0.00264025565378,-0.00705550114037
19.765382089,nan,nan,nan,-0.149515086501,-0.0358727393004,-0.0147346715608,0,0,0,0.0859855821536,0.00556228057912,-0.00927531158488,0,0,0,0,0,0,nan,nan,nan,nan,nan,nan,0,0,0,0.0407035109376,0.00205932313881,-0.0068574790128
19.815382089,nan,nan,nan,-0.144384134817,-0.0356213960916,-0.0151024557958,0,0,0,0.117964835515,0.00486063504496,-0.00688676823885,0,0,0,0,0,0,nan,nan,nan,nan,nan,nan,0,0,0,0.0558417219766,0.00179955291269,-0.00509156681496
19.865382089,nan,nan,nan,-0.137718602949,-0.0353866757959,-0.0154233483847,0,0,0,0.151642420493,0.00801208105817,-0.00439232886241,0,0,0,0,0,0,nan,nan,nan,nan,nan,nan,0,0,0,0.0717838824433,0.00296631277017,-0.00324736292853
19.915382089,nan,nan,nan,-0.129219892768,-0.0348201879858,-0.0155416886821,0,0,0,0.185976875914,0.0138036923309,-0.000978882834688,0,0,0,0,0,0,nan,nan,nan,nan,nan,nan,0,0,0,0.0880369896129,0.00511054101167,-0.000723713530639
19.965382089,nan,nan,nan,-0.119120915358,-0.0340063065628,-0.0155212366682,0,0,0,0.213638130171,0.0234716948292,0.00223429044504,0,0,0,0,0,0,nan,nan,nan,nan,nan,nan,0,0,0,0.101131163508,0.0086899255766,0.00165186901757
20.015382089,nan,nan,nan,-0.107856079751,-0.0324730185029,-0.0153182596376,0,0,0,0.234078534916,0.0390654569852,0.00496583095139,0,0,0,0,0,0,nan,nan,nan,nan,nan,nan,0,0,0,0.110807160544,0.0144632041396,0.00367136793396
20.065382089,nan,nan,nan,-0.0957130618662,-0.0300997608643,-0.0150246535731,0,0,0,0.250821463868,0.0593999554734,0.00726307590637,0,0,0,0,0,0,nan,nan,nan,nan,nan,nan,0,0,0,0.11873286128,0.0219916455149,0.00536978085755
20.115382089,nan,nan,nan,-0.0827739333638,-0.0265330229556,-0.0145919520469,0,0,0,0.260181872874,0.0841840756637,0.00872981235036,0,0,0,0,0,0,nan,nan,nan,nan,nan,nan,0,0,0,0.123163854253,0.031167470333,0.00645417724574
20.165382089,nan,nan,nan,-0.0696948745788,-0.0216813532979,-0.014151672338,0,0,0,0.256870007364,0.110921019926,0.00889965095484,0,0,0,0,0,0,nan,nan,nan,nan,nan,nan,0,0,0,0.121596096606,0.0410662892073,0.00657974334183
20.215382089,nan,nan,nan,-0.0570869326274,-0.0154409209629,-0.0137019869514,0,0,0,0.241827845727,0.139369152004,0.00995527408381,0,0,0,0,0,0,nan,nan,nan,nan,nan,nan,0,0,0,0.114475498299,0.0515986411463,0.00736019296729
20.265382089,nan,nan,nan,-0.0455120900061,-0.00774443809755,-0.0131561449296,0,0,0,0.217558568304,0.16831397511,0.0133943551986,0,0,0,0,0,0,nan,nan,nan,nan,nan,nan,0,0,0,0.10298700483,0.0623148830049,0.00990279505157
20.315382089,nan,nan,nan,-0.035331075797,0.00139047654806,-0.0123625514316,0,0,0,0.187372848925,0.20461201101,0.0174168034841,0,0,0,0,0,0,nan,nan,nan,nan,nan,nan,0,0,0,0.0886978097329,0.0757535048361,0.0128766956527
20.365382089,nan,nan,nan,-0.0267748051136,0.0127167630034,-0.0114144645812,0,0,0,0.159262946984,0.250755968708,0.0208580906023,0,0,0,0,0,0,nan,nan,nan,nan,nan,nan,0,0,0,0.0753912567914,0.0928373822946,0.0154209286926
20.415382089,nan,nan,nan,-0.0194047810986,0.0264660734188,-0.0102767423713,0,0,0,0.132331147308,0.314489406664,0.0252135953922,0,0,-1.24714410017,-0.000124714410017,-0.0112242969015,0,nan,nan,nan,nan,nan,nan,0,0,1.24714410017,0.0627671035981,0.127657709931,0.0186410666269
20.465382089,nan,nan,nan,-0.0135416903828,0.0441657036698,-0.00889310504201,0,0,0,0.107443165149,0.367133538456,0.0197668978767,0,0,-2.55810012217,-0.000255810012217,-0.0230229010995,0,nan,nan,nan,nan,nan,nan,0,0,2.55810012217,0.0511168257576,0.158946751042,0.0146141815396
20.515382089,nan,nan,nan,-0.00866046458377,0.0631794272645,-0.00830005258368,0,0,0,0.114539287053,0.396482373825,0.00325410152523,0,0,-7.81001273344,-0.000781001273344,-0.070290114601,0,nan,nan,nan,nan,nan,nan,0,0,7.81001273344,0.0550011508214,0.217079783862,0.00240584186424
20.565382089,nan,nan,nan,-0.00208776167745,0.0838139410523,-0.00856769488949,0,0,0,0.142065851704,0.423806356636,-0.00408588829988,0,0,-16.5059114795,-0.00165059114795,-0.148553203315,0,nan,nan,nan,nan,nan,nan,0,0,16.5059114795,0.068901155764,0.305459030733,-0.0030208034532
20.615382089,nan,nan,nan,0.0055461205866,0.105560062928,-0.00870864141367,0,0,0,0.146806577242,0.434384814571,1.37899081448e-05,0,0,-26.5823462796,-0.00265823462796,-0.239241116516,0,nan,nan,nan,nan,nan,nan,0,0,26.5823462796,0.0721529449365,0.400063406415,1.0195237629e-05
20.665382089,nan,nan,nan,0.0125928960468,0.127252422509,-0.00856631589868,0,0,0,0.121285813156,0.418944986437,0.0036403889374,0,0,-37.887234801,-0.00378872348009,-0.340985113209,0,nan,nan,nan,nan,nan,nan,0,0,37.887234801,0.0612025165689,0.496091115537,0.00269143419153
20.715382089,nan,nan,nan,0.0176747019022,0.147454561572,-0.00834460251993,0,0,0,0.0985684251675,0.378641888531,-0.0017595750584,0,0,-49.9195270198,-0.00499195270198,-0.449275743178,0,nan,nan,nan,nan,nan,nan,0,0,49.9195270198,0.0516518795341,0.589460329569,-0.00130089958963
20.765382089,nan,nan,nan,0.0224497385635,0.165116611362,-0.00874227340452,0,0,0,0.102981904259,0.306046010779,-0.0139133129677,0,0,-62.695485326,-0.0062695485326,-0.564259367934,0,nan,nan,nan,nan,nan,nan,0,0,62.695485326,0.055018710443,0.677566782504,-0.0102864740232
20.815382089,nan,nan,nan,0.0279728923281,0.17805916265,-0.0097359338167,0,0,0,0.117652524037,0.209866822088,-0.0261414588748,0,0,-77.1530985638,-0.00771530985638,-0.694377887074,0,nan,nan,nan,nan,nan,nan,0,0,77.1530985638,0.0634091910751,0.772076880616,-0.0193270602241
20.865382089,nan,nan,nan,0.0342149909672,0.186103293571,-0.011356419292,0,0,0,0.13337417082,0.116353777962,-0.0386537626119,0,0,-91.6504779334,-0.00916504779333,-0.8248543014,0,nan,nan,nan,nan,nan,nan,0,0,91.6504779334,0.0723011792796,0.867931960615,-0.0285777316968
20.915382089,nan,nan,nan,0.0413103094102,0.189694540446,-0.0136013100779,0,0,0,0.140886012474,0.0385881560398,-0.0459524700532,0,0,-110.378040228,-0.0110378040228,-0.99340236205,0,nan,nan,nan,nan,nan,nan,0,0,110.378040228,0.0777298610634,1.00768885506,-0.0339738558746
20.965382089,nan,nan,nan,0.0483035922146,0.189962109175,-0.0159516662973,0,0,0,0.132082780704,-0.0440307939789,-0.0514505945729,0,0,-121.466656331,-0.0121466656331,-1.09319990698,0,nan,nan,nan,nan,nan,nan,0,0,121.466656331,0.0746714840318,1.07689838612,-0.0380387622832
21.015382089,nan,nan,nan,0.0545185874806,0.185291461048,-0.0187463695352,0,0,0,0.111352327321,-0.11802455387,-0.0497003755992,0,0,-113.069971491,-0.0113069971491,-1.01762974342,0,nan,nan,nan,nan,nan,nan,0,0,113.069971491,0.0640185164472,0.973933512838,-0.0367447798903
21.065382089,nan,nan,nan,0.0594388249467,0.178159653788,-0.0209217038572,0,0,0,0.0625841397434,-0.178646977798,-0.0366222371199,0,0,-98.8242780896,-0.00988242780897,-0.889418502807,0,nan,nan,nan,nan,nan,nan,0,0,98.8242780896,0.0395082575441,0.823278032217,-0.0270757720809
21.115382089,nan,nan,nan,0.0607770014549,0.167426763268,-0.0224085932472,0,0,0,-0.00556140862869,-0.248720045357,-0.0319107184782,0,0,-82.2259858461,-0.00822259858461,-0.740033872615,0,nan,nan,nan,nan,nan,nan,0,0,82.2259858461,0.0055899612136,0.647950250223,-0.0235924238496
21.165382089,nan,nan,nan,0.0588826840839,0.153287649253,-0.0241127757051,0,0,0,-0.0526989387982,-0.306977073655,-0.03679583045,0,0,-66.4170519589,-0.00664170519589,-0.59775346763,0,nan,nan,nan,nan,nan,nan,0,0,66.4170519589,-0.0183047076567,0.484101345651,-0.0272041141432
21.215382089,nan,nan,nan,0.0555071075751,0.136729055903,-0.0260881762922,0,0,0,-0.0631101047531,-0.343998403061,-0.0398373394462,0,0,-51.7872256717,-0.00517872256717,-0.466085031045,0,nan,nan,nan,nan,nan,nan,0,0,51.7872256717,-0.0246960863805,0.33872650228,-0.0294527808234
21.265382089,nan,nan,nan,0.0525716736085,0.118887808946,-0.0280965096497,0,0,0,-0.0682201415778,-0.359776946197,-0.0342246908438,0,0,-38.186376424,-0.0038186376424,-0.343677387816,0,nan,nan,nan,nan,nan,nan,0,0,38.186376424,-0.0284751400971,0.210477169026,-0.0253032037828
21.315382089,nan,nan,nan,0.0486850934173,0.100751361283,-0.0295106453765,0,0,0,-0.0901811684212,-0.345125185616,-0.0217679141765,0,0,-25.5494639085,-0.00255494639085,-0.229945175177,0,nan,nan,nan,nan,nan,nan,0,0,25.5494639085,-0.0401346543917,0.102169477706,-0.0160935849165
21.365382089,nan,nan,nan,0.0435535567664,0.0843752903849,-0.0302733010673,0,0,0,-0.109031446705,-0.309814138352,-0.0101131091226,0,0,-13.9222534648,-0.00139222534648,-0.125300281183,0,nan,nan,nan,nan,nan,nan,0,0,13.9222534648,-0.0502206447688,0.0105977927415,-0.00747688451517
21.415382089,nan,nan,nan,0.0377819487469,0.0697699474478,-0.0305219562888,0,0,0,-0.1179633614,-0.285198230482,-0.000450047364408,0,0,-4.55634426674,-0.000455634426674,-0.0410070984007,0,nan,nan,nan,nan,nan,nan,0,0,4.55634426674,-0.0553853897394,-0.0645818424708,-0.000332731717738
21.465382089,nan,nan,nan,0.0317572206264,0.0558554673367,-0.0303183058038,0,0,0,-0.117039122752,-0.285421593424,0.0030868787365,0,0,0,0,0,0,nan,nan,nan,nan,nan,nan,0,0,0,-0.0554035117717,-0.105671636533,0.00228220970874
21.515382089,nan,nan,nan,0.0260780364717,0.0412277881053,-0.0302132684151,0,0,0,-0.100211693048,-0.298468633107,0.00228441129097,0,0,0,0,0,0,nan,nan,nan,nan,nan,nan,0,0,0,-0.0474378104081,-0.110502042035,0.00168892466211
21.565382089,nan,nan,nan,0.0217360513217,0.0260086040259,-0.0300898646747,0,0,0,-0.0720616678954,-0.30554548944,0.00128794091791,0,0,0,0,0,0,nan,nan,nan,nan,nan,nan,0,0,0,-0.0341122641017,-0.113122106555,0.000952208207073
21.615382089,nan,nan,nan,0.0188718696821,0.0106732391614,-0.0300844743234,0,0,0,-0.0492591729631,-0.297859377659,-0.00213899004994,0,0,0,0,0,0,nan,nan,nan,nan,nan,nan,0,0,0,-0.0233181102606,-0.110276477391,-0.00158141095766
21.665382089,nan,nan,nan,0.0168101340254,-0.00377733373994,-0.0303037636797,0,0,0,-0.0316815035054,-0.280126555367,-0.00775740945362,0,0,-0.0103543336915,-1.03543336915e-06,-9.31890032238e-05,0,nan,nan,nan,nan,nan,nan,0,0,0.0103543336915,-0.01499622797,-0.10361806559,-0.00573525450171
21.715382089,nan,nan,nan,0.0157037193316,-0.0173394163753,-0.0308602152687,0,0,0,0.010054202863,-0.261145379968,-0.0162679683007,0,0,-2.01014725593,-0.000201014725593,-0.0180913253034,0,nan,nan,nan,nan,nan,nan,0,0,2.01014725593,0.00496043306006,-0.0785925287221,-0.0120273319319
21.765382089,nan,nan,nan,0.0178155543116,-0.0298918717367,-0.0319305605097,0,0,0,0.0901251966836,-0.236928249869,-0.0267158597465,0,0,-3.48586935131,-0.000348586935131,-0.0313728241618,0,nan,nan,nan,nan,nan,nan,0,0,3.48586935131,0.0430116920404,-0.0563451217873,-0.019751729723
21.815382089,nan,nan,nan,0.024716239,-0.0410322413622,-0.0335318012434,0,0,0,0.135273170309,-0.188782036795,-0.0321092821339,0,0,-5.32273529942,-0.000532273529942,-0.0479046176948,0,nan,nan,nan,nan,nan,nan,0,0,5.32273529942,0.0645673457983,-0.0219881557877,-0.023739227123
21.865382089,nan,nan,nan,0.0313428713426,-0.0487700754162,-0.0351414887231,0,0,0,0.106674669311,-0.126715328265,-0.0323612163501,0,0,-7.28477751684,-0.000728477751684,-0.0655629976516,0,nan,nan,nan,nan,nan,nan,0,0,7.28477751684,0.0512257060115,0.0186491816681,-0.0239254886393
21.915382089,nan,nan,nan,0.0353837059311,-0.0537037741887,-0.0367679228784,0,0,0,0.0681635561781,-0.0735725491758,-0.0329954726254,0,0,-9.73243512816,-0.000973243512816,-0.0875919161534,0,nan,nan,nan,nan,nan,nan,0,0,9.73243512816,0.0332402350822,0.0603531512721,-0.0243944107942
21.965382089,nan,nan,nan,0.0381592269604,-0.0561273303337,-0.0384410359857,0,0,0,0.0412542120726,-0.0251897585473,-0.0354428567606,0,0,-12.5251771195,-0.00125251771195,-0.112726594075,0,nan,nan,nan,nan,nan,nan,0,0,12.5251771195,0.020781271606,0.103400589768,-0.0262038255174
22.015382089,nan,nan,nan,0.0395091271383,-0.0562227500434,-0.0403122085544,0,0,0,0.0154429931346,0.022880898887,-0.0367242554952,0,0,-16.0228668651,-0.00160228668651,-0.144205801786,0,nan,nan,nan,nan,nan,nan,0,0,16.0228668651,0.00891262900457,0.152676996981,-0.0271511969183
22.065382089,nan,nan,nan,0.0397035262738,-0.053839240445,-0.0421134615352,0,0,0,-0.00257774937291,0.0675767245122,-0.0343629197346,0,0,-19.7588902547,-0.00197588902547,-0.177830012293,0,nan,nan,nan,nan,nan,nan,0,0,19.7588902547,0.000755644338322,0.202848943009,-0.0254053999957
22.115382089,nan,nan,nan,0.039251352201,-0.0494650775922,-0.0437485005279,0,0,0,-0.00851519274474,0.101929978374,-0.027913421033,0,0,-24.2500596837,-0.00242500596837,-0.218250537154,0,nan,nan,nan,nan,nan,nan,0,0,24.2500596837,-0.00160588191236,0.255988073047,-0.0206371179186
22.165382089,nan,nan,nan,0.0388520069994,-0.0436462426076,-0.0449048036385,0,0,0,-0.0127346688932,0.134594945617,-0.0169885195107,0,0,-28.3084468856,-0.00283084468856,-0.254776021971,0,nan,nan,nan,nan,nan,nan,0,0,28.3084468856,-0.00319744193341,0.304607108686,-0.0125600541757
22.215382089,nan,nan,nan,0.0379778853117,-0.0360055830305,-0.045447352479,0,0,0,-0.00512158353711,0.163801504169,-0.00805527315087,0,0,-33.0635615859,-0.00330635615859,-0.297572054273,0,nan,nan,nan,nan,nan,nan,0,0,33.0635615859,0.00088192143013,0.358216285162,-0.00595547287754
22.265382089,nan,nan,nan,0.0383398486457,-0.0272660921907,-0.0457103309536,0,0,0,-0.0137772130615,0.183642947381,-0.000549570931223,0,0,-37.6337748913,-0.00376337748913,-0.338703974022,0,nan,nan,nan,nan,nan,nan,0,0,37.6337748913,-0.00275842452108,0.40669410243,-0.000406312078297
22.315382089,nan,nan,nan,0.0366001640056,-0.0176412882924,-0.0455023095721,0,0,0,-0.0636618265791,0.204136156802,0.0095891801889,0,0,-42.0180188909,-0.00420180188909,-0.378162170018,0,nan,nan,nan,nan,nan,nan,0,0,42.0180188909,-0.0259341789296,0.453739499351,0.00708953023234
22.365382089,nan,nan,nan,0.0319736659877,-0.00685247651052,-0.0447514129347,0,0,0,-0.0777924449714,0.206430604305,0.0147847677347,0,0,-47.3343763824,-0.00473343763824,-0.426009387441,0,nan,nan,nan,nan,nan,nan,0,0,47.3343763824,-0.0320916387926,0.502436190073,0.0109307631902
22.415382089,nan,nan,nan,0.0288209195084,0.00300177213808,-0.0440238327986,0,0,0,-0.0369178656936,0.196015602039,0.0142143039655,0,0,-52.091574694,-0.0052091574694,-0.468824172246,0,nan,nan,nan,nan,nan,nan,0,0,52.091574694,-0.0122668741212,0.541395028589,0.0105090044936
22.465382089,nan,nan,nan,0.0282818794184,0.0127490836934,-0.0433299825381,0,0,0,0.00771002144332,0.201091879386,0.0148367242108,0,0,-57.0573775662,-0.00570573775662,-0.513516398096,0,nan,nan,nan,nan,nan,nan,0,0,57.0573775662,0.00935547686737,0.587966644601,0.0109691759639
22.515382089,nan,nan,nan,0.0295919216527,0.0231109600767,-0.0425401603775,0,0,0,0.0295006909627,0.209350915207,0.0189490745393,0,0,-59.6765200542,-0.00596765200542,-0.537088680487,0,nan,nan,nan,nan,nan,nan,0,0,59.6765200542,0.0199325710906,0.614596669825,0.0140095434828
22.565382089,nan,nan,nan,0.0312319485147,0.0336841752141,-0.0414350750842,0,0,0,0.0434593960734,0.215447710311,0.021621368737,0,0,-61.6734183727,-0.00616734183727,-0.555060765354,0,nan,nan,nan,nan,nan,nan,0,0,61.6734183727,0.0267399769129,0.634825971143,0.0159852400629
22.615382089,nan,nan,nan,0.0339378612601,0.0446557311078,-0.0403780235038,0,0,0,0.0527388434183,0.218427135401,0.0212866663141,0,0,-63.6946212419,-0.00636946212419,-0.573251591177,0,nan,nan,nan,nan,nan,nan,0,0,63.6946212419,0.0313347648662,0.654119869517,0.0157377858593
22.665382089,nan,nan,nan,0.0365058328565,0.0555268887542,-0.0393064084528,0,0,0,0.0394385890322,0.215061102132,0.0219966882361,0,0,-65.6232428325,-0.00656232428325,-0.590609185493,0,nan,nan,nan,nan,nan,nan,0,0,65.6232428325,0.0252316058049,0.670231257335,0.0162627235268
22.715382089,nan,nan,nan,0.0378817201633,0.066161841321,-0.0381783546802,0,0,0,0.0311156571269,0.203908587513,0.0212986464048,0,0,-67.8715600948,-0.00678715600948,-0.610844040853,0,nan,nan,nan,nan,nan,nan,0,0,67.8715600948,0.0215165613176,0.686337117208,0.0157466430519
22.765382089,nan,nan,nan,0.0396173985692,0.0759177475055,-0.0371765438123,0,0,0,0.0171524193838,0.190348760503,0.025195488349,0,0,-69.4535615477,-0.00694535615477,-0.625082053929,0,nan,nan,nan,nan,nan,nan,0,0,69.4535615477,0.015064899833,0.69555487553,0.0186276796191
22.815382089,nan,nan,nan,0.0395969621017,0.0851967173713,-0.0356588058453,0,0,0,0.000262364249984,0.180140199063,0.0313945419714,0,0,-71.829829298,-0.0071829829298,-0.646468463682,0,nan,nan,nan,nan,nan,nan,0,0,71.829829298,0.007307179869,0.713161769581,0.0232108011376
22.865382089,nan,nan,nan,0.0396436349942,0.0939317674118,-0.0340370896152,0,0,0,-0.0114184593763,0.163680790456,0.0384738290253,0,0,-74.1879370313,-0.00741879370313,-0.667691433282,0,nan,nan,nan,nan,nan,nan,0,0,74.1879370313,0.0020135690774,0.728290972333,0.0284447021179
22.915382089,nan,nan,nan,0.038455116164,0.101564796417,-0.0318114229428,0,0,0,-0.0246157380333,0.144638192448,0.046101663944,0,0,-76.2872203185,-0.00762872203185,-0.686584982867,0,nan,nan,nan,nan,nan,nan,0,0,76.2872203185,-0.00402377757541,0.740134380856,0.0340841587971
22.965382089,nan,nan,nan,0.0371820611908,0.108395586657,-0.0294269232208,0,0,0,-0.019437004963,0.118286602746,0.0513811327317,0,0,-76.7052001637,-0.00767052001637,-0.690346801473,0,nan,nan,nan,nan,nan,nan,0,0,76.7052001637,-0.00153049164499,0.734140050408,0.037987407338
23.015382089,nan,nan,nan,0.0365114156677,0.113393456691,-0.0266733096696,0,0,0,-0.0169989298322,0.0691196051894,0.0553296447739,0,0,-69.9751937526,-0.00699751937526,-0.629776743773,0,nan,nan,nan,nan,nan,nan,0,0,69.9751937526,-0.00104936603298,0.655366895202,0.0409066449521
23.065382089,nan,nan,nan,0.0354821682076,0.115307547176,-0.0238939587434,0,0,0,-0.0186987586099,0.0128060024553,0.0554572420551,0,0,-61.716792544,-0.0061716792544,-0.555451132896,0,nan,nan,nan,nan,nan,nan,0,0,61.716792544,-0.00267986430131,0.560192299185,0.0410009809396
23.115382089,nan,nan,nan,0.0346415398068,0.114674056937,-0.0211275854641,0,0,0,-0.0232044362583,-0.0413644121876,0.0570957209575,0,0,-52.6043521365,-0.00526043521365,-0.473439169228,0,nan,nan,nan,nan,nan,nan,0,0,52.6043521365,-0.00572398800455,0.458124822904,0.0422123509926
23.165382089,nan,nan,nan,0.0331617245818,0.111171105957,-0.0181843866476,0,0,0,-0.0322610988126,-0.0932135969266,0.0573937489855,0,0,-43.6711261838,-0.00436711261838,-0.393040135654,0,nan,nan,nan,nan,nan,nan,0,0,43.6711261838,-0.0109045172932,0.358529665664,0.0424326908624
23.215382089,nan,nan,nan,0.0314154299255,0.105352697244,-0.0153882105656,0,0,0,-0.030680398305,-0.134808625482,0.0523833380884,0,0,-35.3266210034,-0.00353266210034,-0.317939589031,0,nan,nan,nan,nan,nan,nan,0,0,35.3266210034,-0.0109907021277,0.268029391619,0.0387283638155
23.265382089,nan,nan,nan,0.0300936847513,0.0976902434086,-0.0129460528388,0,0,0,-0.0280683081286,-0.171345809742,0.0472081898765,0,0,-26.44640644,-0.002644640644,-0.23801765796,0,nan,nan,nan,nan,nan,nan,0,0,26.44640644,-0.0106422227847,0.174580298819,0.0349022421886
23.315382089,nan,nan,nan,0.0286085991126,0.0882181162701,-0.0106673915779,0,0,0,-0.0253541806309,-0.202796857323,0.0411126297358,0,0,-18.4594664526,-0.00184594664526,-0.166135198073,0,nan,nan,nan,nan,nan,nan,0,0,18.4594664526,-0.0101561139651,0.0910537175864,0.0303956360921
23.365382089,nan,nan,nan,0.0275582666882,0.0774105576763,-0.0088347898652,0,0,0,-0.0232845393425,-0.226905302931,0.0357901865461,0,0,-11.35009345,-0.001135009345,-0.10215084105,0,nan,nan,nan,nan,nan,nan,0,0,11.35009345,-0.00988733275077,0.0181436907462,0.0264606154584
23.415382089,nan,nan,nan,0.0262801451784,0.065527585977,-0.00708837292332,0,0,0,-0.0233642114726,-0.246196707048,0.0282909304856,0,0,-5.13720062075,-0.000513720062075,-0.0462348055868,0,nan,nan,nan,nan,nan,nan,0,0,5.13720062075,-0.010546336908,-0.0449146012635,0.0209162204722
23.465382089,nan,nan,nan,0.0252218455409,0.0527908869715,-0.00600569681665,0,0,0,-0.0241518172949,-0.265392841083,0.0204288503251,0,0,-1.02587603239,-0.000102587603239,-0.00923288429147,0,nan,nan,nan,nan,nan,nan,0,0,1.02587603239,-0.0113303030606,-0.0890235072628,0.0151035801955
23.515382089,nan,nan,nan,0.0238649634489,0.0389883018687,-0.00504548789081,0,0,0,-0.0306113639994,-0.277411468478,0.0151869305853,0,0,0,0,0,0,nan,nan,nan,nan,nan,nan,0,0,0,-0.0144906850446,-0.102706047975,0.0112280926419
23.565382089,nan,nan,nan,0.022160709141,0.0250497401237,-0.00448700375812,0,0,0,-0.0367526490046,-0.271104049225,0.00938980418562,0,0,0,0,0,0,nan,nan,nan,nan,nan,nan,0,0,0,-0.0173978219752,-0.100370852144,0.00694212636934
23.615382089,nan,nan,nan,0.0201896985484,0.0118778969462,-0.00410650747225,0,0,0,-0.0362459146167,-0.256925352497,0.00492378832004,0,0,0,0,0,0,nan,nan,nan,nan,nan,nan,0,0,0,-0.0171579460776,-0.095121473255,0.0036402847235
23.665382089,nan,nan,nan,0.0185361176793,-0.000642795125973,-0.00399462492611,0,0,0,-0.0332210349076,-0.244168716983,0.000469902492948,0,0,0,0,0,0,nan,nan,nan,nan,nan,nan,0,0,0,-0.0157260406204,-0.0903985840888,0.000347411130501
23.715382089,nan,nan,nan,0.0168675950577,-0.0125389747521,-0.00405951722295,0,0,0,-0.0310045292688,-0.230561833446,-0.00166038759041,0,0,0,0,0,0,nan,nan,nan,nan,nan,nan,0,0,0,-0.0146768000472,-0.0853609075966,-0.00122756771567
23.765382089,nan,nan,nan,0.0154356647525,-0.0236989784705,-0.00416066368515,0,0,0,-0.0288239469453,-0.215356420458,-0.00301300740495,0,0,0,0,0,0,nan,nan,nan,nan,nan,nan,0,0,0,-0.0136445647092,-0.0797314075463,-0.00222759471267
23.815382089,nan,nan,nan,0.0139852003631,-0.034074616798,-0.00436081796345,0,0,0,-0.0288497542124,-0.201463329242,-0.00486323205489,0,0,0,0,0,0,nan,nan,nan,nan,nan,nan,0,0,0,-0.0136567812501,-0.0745877683854,-0.00359551390221
23.865382089,nan,nan,nan,0.0125506893312,-0.0438453113948,-0.00464698689064,0,0,0,-0.0284989838803,-0.190014677688,-0.00600944928894,0,0,0,0,0,0,nan,nan,nan,nan,nan,nan,0,0,0,-0.0134907349933,-0.0703491341205,-0.004442942105
23.915382089,nan,nan,nan,0.0111353019751,-0.0530760845668,-0.00496176289234,0,0,0,-0.0399011565511,-0.18838662369,-0.00619147285298,0,0,0,0,0,0,nan,nan,nan,nan,nan,nan,0,0,0,-0.0188882498835,-0.0697463796887,-0.0045775168585
23.965382089,nan,nan,nan,0.00856057367611,-0.0626839737638,-0.00526613417594,0,0,0,-0.0219130443237,-0.197215946483,-0.010155358282,0,0,0,0,0,0,nan,nan,nan,nan,nan,nan,0,0,0,-0.0103731092698,-0.0730152598665,-0.00750812041721
24.015382089,nan,nan,nan,0.00894399754275,-0.0727976792151,-0.00597729872054,0,0,0,0.0886746510186,-0.233936666616,-0.0209673009337,0,0,0,0,0,0,nan,nan,nan,nan,nan,nan,0,0,0,0.0419764516006,-0.0866103720813,-0.0155016707301
24.065382089,nan,nan,nan,0.017428038778,-0.0860776404254,-0.00736286426931,0,0,0,0.503103930358,-0.392335332827,-0.0544570891075,0,0,-4.43232234872,-0.280641908311,0.286451547743,0,nan,nan,nan,nan,nan,nan,0,0,4.43232234872,0.518799234448,-0.431705858015,-0.0402615418615
24.115382089,nan,nan,nan,0.0592543905785,-0.112031212498,-0.0114230076313,0,0,0,0.982282352856,-0.661603313395,-0.110745472256,0,0,-12.2078209237,-0.608712056276,0.600089745047,0,nan,nan,nan,nan,nan,nan,0,0,12.2078209237,1.07370094734,-0.845035139766,-0.0818770070209
24.165382089,nan,nan,nan,0.115656274064,-0.152237971765,-0.0184374114949,0,0,0,1.01889760502,-0.714907169237,-0.142927453175,0,0,-22.028787754,-0.966335441163,0.935596692071,0,nan,nan,nan,nan,nan,nan,0,0,22.028787754,1.44865711384,-1.20027677334,-0.105669982246
24.215382089,nan,nan,nan,0.161144151081,-0.183521929422,-0.0257157529488,0,0,0,0.726161734847,-0.465376566242,-0.145582707874,0,0,-32.8575048787,-1.32943282428,1.25914921998,0,nan,nan,nan,nan,nan,nan,0,0,32.8575048787,1.67318036168,-1.4314455861,-0.107633081082
24.265382089,nan,nan,nan,0.188272447548,-0.198775628389,-0.0329956822823,0,0,0,0.317013178048,-0.302353537994,-0.0952157732315,0,0,-44.6150171919,-1.74004141161,1.58925062467,0,nan,nan,nan,nan,nan,nan,0,0,44.6150171919,1.89010784178,-1.70119097504,-0.0703954967601
24.315382089,nan,nan,nan,0.192845468886,-0.213757283221,-0.0352373302719,0,0,0,-0.188398803203,-0.53042735995,0.0904003485829,0,0,-57.5079370706,-2.2460368141,2.00152039534,0,nan,nan,nan,nan,nan,nan,0,0,57.5079370706,2.15685334224,-2.19790051682,0.0668353281164
24.365382089,nan,nan,nan,0.169432567228,-0.251818364384,-0.023955647424,0,0,0,-0.499368413828,-0.760418245149,0.221205743495,0,0,-71.6774209761,-2.83715347819,2.56994182146,0,nan,nan,nan,nan,nan,nan,0,0,71.6774209761,2.60076445593,-2.85147146836,0.163543157515
24.415382089,nan,nan,nan,0.142908627503,-0.289799107736,-0.0131167559225,0,0,0,-0.512466360468,-0.655984465648,0.212986665173,0,0,-86.6370544717,-3.45383019311,3.06124122068,0,nan,nan,nan,nan,nan,nan,0,0,86.6370544717,3.21124091726,-3.30410634939,0.157466579215
24.465382089,nan,nan,nan,0.118185931181,-0.317416810949,-0.00265698090674,0,0,0,-0.349598901617,-0.303461260011,0.221605010446,-0.0239628279048,-0.0239628279048,-100.04817977,-3.5735639724,3.71913758,0.00668239400367,nan,nan,nan,nan,nan,nan,0.0239628279048,0.0239628279048,100.04817977,3.40807224275,-3.8314880423,0.157155951949
24.515382089,nan,nan,nan,0.107948737341,-0.320145233737,0.00904374512212,0,0,0,-0.00371305390079,-0.037269445858,0.0617363929275,0,0,-100.459145917,-2.39111656593,4.49770545054,0,nan,nan,nan,nan,nan,nan,0,0,100.459145917,2.38935889533,-4.51150371748,0.0456433204375
24.565382089,nan,nan,nan,0.117814625791,-0.321143755535,0.00351665838602,0,0,0,0.00694065306905,0.187722994075,0.00239906425759,0,0,-97.1036201183,-0.907260223554,5.31745995119,0,nan,nan,nan,nan,nan,nan,0,0,97.1036201183,0.910545762141,-5.24795926709,0.00177369058131
24.615382089,nan,nan,nan,0.108642802648,-0.301372934329,0.00928365154787,0,0,0,-0.565782150008,0.515147418471,0.109670145582,0,0,-93.3728117274,0.791359772607,6.14004549209,0,nan,nan,nan,nan,nan,nan,0,0,93.3728117274,-1.05918746365,-5.94932246335,0.0810819900524
24.665382089,nan,nan,nan,0.0612364107904,-0.269629013688,0.0144836729442,0,0,0,-1.11165347164,0.798106752281,0.13242765511,0,0,-90.1425994903,2.44650422315,7.06653191657,0,nan,nan,nan,nan,nan,nan,0,0,90.1425994903,-2.97273429694,-6.77104885367,0.0979072085419
24.715382089,nan,nan,nan,-0.00252254451559,-0.221562259101,0.0225264170589,0,0,0,-1.14410561907,0.865402852944,0.127362774923,0,0,-86.2179724387,4.1456498994,7.81918617087,0,nan,nan,nan,nan,nan,nan,0,0,86.2179724387,-4.68724204094,-7.49878807263,0.0941626109325
24.765382089,nan,nan,nan,-0.0531741511166,-0.183088728393,0.0272199504365,0,0,0,-0.784788697954,0.585354337351,0.123893832055,0,0,-83.7827224062,5.78126902092,8.70098932644,0,nan,nan,nan,nan,nan,nan,0,0,83.7827224062,-6.1527691556,-8.48427359012,0.0915979312778
24.815382089,nan,nan,nan,-0.081001414311,-0.163026825366,0.0349158002644,0,0,0,-0.324197639561,0.446588347384,0.122473179993,0,0,-81.4288721109,7.17842349584,9.22062078374,0,nan,nan,nan,nan,nan,nan,0,0,81.4288721109,-7.33189087767,-9.05528037989,0.0905476062713
24.865382089,nan,nan,nan,-0.0855939150727,-0.138429893655,0.0394672684357,0,0,0,0.135662179411,0.74404225798,-0.0661267878984,0,0,-81.0898063418,8.17160264311,9.38703582349,0,nan,nan,nan,nan,nan,nan,0,0,81.0898063418,-8.10738342326,-9.11156905832,-0.0488892535898
24.915382089,nan,nan,nan,-0.0674351963699,-0.0886225995682,0.0283031214745,0,0,0,0.378929903759,1.00274674807,-0.230984709844,0,0,-80.0982696892,9.19070244482,9.8435901265,0,nan,nan,nan,nan,nan,nan,0,0,80.0982696892,-9.0113261227,-9.47234319796,-0.17077300159
24.965382089,nan,nan,nan,-0.0477009246968,-0.0381552188475,0.0163687974513,0,0,0,0.443850731758,0.858572255602,-0.230289512211,0,0,-77.080340838,10.2324319931,10.2760438241,0,nan,nan,nan,nan,nan,nan,0,0,77.080340838,-10.0223237091,-9.95817461791,-0.170259023905
25.015382089,nan,nan,nan,-0.0230501231941,-0.00276537400805,0.00527417025345,0,0,0,0.395720232377,0.47561196025,-0.205351260038,0.275857101201,-0.275857101201,-74.6937830302,10.5750047445,10.2477122704,0.0766758605642,nan,nan,nan,nan,nan,nan,-0.275857101201,0.275857101201,74.6937830302,-10.3876802837,-10.0716264544,-0.228497386243
25.065382089,nan,nan,nan,-0.00812890145909,0.00940597717751,-0.00416632855245,0,0,0,0.037441620728,0.259060514393,-0.0220617500643,1.41652284404,-0.739074324254,-72.4137062601,10.7304735826,10.0622765951,1.05652891247,nan,nan,nan,nan,nan,nan,-1.41652284404,0.739074324254,72.4137062601,-10.712749618,-9.96636462088,-1.0728397379
25.115382089,nan,nan,nan,-0.0193059611213,0.0231406774312,0.00306799524702,0,0,0,-0.137584191479,0.10816161517,0.01844912865,1.70734866796,-0.957917277343,-70.210188559,10.7279637466,9.82381984151,2.88612024758,nan,nan,nan,nan,nan,nan,-1.70734866796,0.957917277343,70.210188559,-10.7930928008,-9.78377516673,-2.87248032709
25.165382089,nan,nan,nan,-0.021887320607,0.0202221386945,-0.00232141568745,0,0,0,0.0366736851124,-0.0386061341233,-0.0428195813794,2.02360406282,-1.17878921861,-67.7043218769,10.6062834278,9.51605099555,5.07570862526,nan,nan,nan,nan,nan,nan,-2.02360406282,1.17878921861,67.7043218769,-10.5889229854,-9.53034414459,-5.10736625509
25.215382089,nan,nan,nan,-0.01563859261,0.0192800640189,-0.00121396289092,0,0,0,0.160612929032,-0.0192373073723,0.0857039410984,2.34046889015,-1.26266342808,-65.6114481088,10.5402613243,9.2640597035,7.54166069941,nan,nan,nan,nan,nan,nan,-2.34046889015,1.26266342808,65.6114481088,-10.4642310184,-9.27118193181,-7.47829754745
25.265382089,nan,nan,nan,-0.00582602770384,0.0182984079573,0.0062489784224,0,0,0,0.114729913676,-0.00350682064098,0.274336739787,2.78235116136,-1.40033721177,-63.3537614066,10.4848905867,8.98199744298,10.4940061373,nan,nan,nan,nan,nan,nan,-2.78235116136,1.40033721177,63.3537614066,-10.4305801991,-8.98329577318,-10.2911818528
25.315382089,nan,nan,nan,-0.00416560124238,0.0189293819548,0.0262197110878,0,0,0,-0.0118637822541,-0.000640155193797,0.526034519762,2.72370890811,-1.68390997362,-60.9352510831,10.3203199912,8.68098255704,13.7553080875,nan,nan,nan,nan,nan,nan,-2.72370890811,1.68390997362,60.9352510831,-10.325936021,-8.68121956169,-13.3663970902
25.365382089,nan,nan,nan,-0.00701240592924,0.0182343924379,0.0588524303986,0,0,0,-0.00696439442752,-0.0163948343086,0.776687422587,3.39884651058,-2.00237455405,-58.3547833991,10.1377964172,8.3574817842,17.2817297529,nan,nan,nan,nan,nan,nan,-3.39884651058,2.00237455405,58.3547833991,-10.1410931943,-8.3635516437,-16.7075045475
25.415382089,nan,nan,nan,-0.00486204068514,0.0172898985239,0.103888453347,0,0,0,0.148034004316,0.0228307416147,1.06676529967,2.7734589992,-1.55057938987,-56.3471416041,10.0413624328,8.11641668589,21.0231970713,nan,nan,nan,nan,nan,nan,-2.7734589992,1.55057938987,56.3471416041,-9.97128668797,-8.10796406042,-20.2345097493
25.465382089,nan,nan,nan,0.0077909945024,0.0205174665994,0.165528960365,0,0,0,0.295284695525,0.0961360982551,1.35403935769,0.592528146127,-0.592528146127,-53.5383570666,9.79437316277,7.72022357363,22.6804541715,nan,nan,nan,nan,nan,nan,-0.592528146127,0.592528146127,53.5383570666,-9.65459247474,-7.68463110597,-21.6793776693
25.515382089,nan,nan,nan,0.0246664288674,0.0269035083494,0.239292389116,0,0,0,0.264045710706,0.18697429958,1.54053534886,1.34840068612,-0.776987376915,-51.0035050484,9.26673182625,7.23679384394,22.4625416956,nan,nan,nan,nan,nan,nan,-1.34840068612,0.776987376915,51.0035050484,-9.1417389239,-7.167570349,-21.3235838583
25.565382089,nan,nan,nan,0.034195565573,0.0392148965573,0.319582495251,0,0,0,0.166113197379,0.264760337693,1.47588789857,2.55652457677,-1.41647477445,-48.917707513,8.69962697984,6.74344857015,21.2689133049,nan,nan,nan,nan,nan,nan,-2.55652457677,1.41647477445,48.917707513,-8.62099297892,-6.64542635033,-20.1777510084
25.615382089,nan,nan,nan,0.0412777486053,0.0533795421187,0.386881178973,0,0,0,0.178442890424,0.218524708628,1.22774786337,3.08925473889,-2.1890916359,-46.5159589601,7.9964501337,6.17950529088,19.014010056,nan,nan,nan,nan,nan,nan,-3.08925473889,2.1890916359,46.5159589601,-7.91197955201,-6.098600888,-18.1063041391
25.665382089,nan,nan,nan,0.0520398546154,0.0610673674202,0.442357281587,0,0,0,0.235353773649,0.12663074649,1.10889787885,2.60984656232,-1.96327252274,-44.3753282219,7.41896112388,5.66562566724,16.4172963534,nan,nan,nan,nan,nan,nan,-2.60984656232,1.96327252274,44.3753282219,-7.30755029592,-5.61874316597,-15.5974593202
25.715382089,nan,nan,nan,0.0648131259701,0.0660426167677,0.497770966858,0,0,0,0.24472350355,0.0345048572681,1.03477188506,2.07982695441,-1.69846656737,-42.2535066045,6.80372419056,5.13600846817,13.9408320116,nan,nan,nan,nan,nan,nan,-2.07982695441,1.69846656737,42.2535066045,-6.68787795734,-5.12323373487,-13.175798253
25.765382089,nan,nan,nan,0.0765122049704,0.064517853147,0.545834470093,0,0,0,0.22265769438,-0.0305808396239,0.882308469655,1.8848031783,-1.47582390524,-40.191486033,6.28909294677,4.66894862986,11.7108618158,nan,nan,nan,nan,nan,nan,-1.8848031783,1.47582390524,40.191486033,-6.18369213804,-4.68027057412,-11.0585482241
25.815382089,nan,nan,nan,0.0870788954081,0.0629845328053,0.586001813824,0,0,0,0.22066460018,-0.0283590802634,0.650434089933,1.63305006503,-1.46670011075,-37.7433326911,5.72473419465,4.1716323724,9.39919124332,nan,nan,nan,nan,nan,nan,-1.63305006503,1.46670011075,37.7433326911,-5.62027686887,-4.18213175469,-8.91830840935
25.865382089,nan,nan,nan,0.0985786649884,0.0616819451206,0.610877879086,0,0,0,0.191438784627,-0.0159529622111,0.270080179535,1.40881178697,-1.37594032968,-35.2260941921,5.05202226139,3.62342301795,7.34957759945,nan,nan,nan,nan,nan,nan,-1.40881178697,1.37594032968,35.2260941921,-4.96139973528,-3.62932928315,-7.14990030064
25.915382089,nan,nan,nan,0.106222773871,0.0613892365842,0.613009831777,0,0,0,0.0900058567383,-0.053784133177,-0.155985780042,0.999309249988,-1.05838748728,-32.8315829903,4.66508001169,3.2731249034,5.54888692766,nan,nan,nan,nan,nan,nan,-0.999309249988,1.05838748728,32.8315829903,-4.62247339925,-3.29303740302,-5.66421127047
25.965382089,nan,nan,nan,0.107579250662,0.0563035318029,0.595279301082,0,0,0,-0.0620929845044,-0.16209169384,-0.53462822751,0.91693470746,-0.946994433312,-30.8290289236,4.31903685066,2.96330897671,3.97937178709,nan,nan,nan,nan,nan,nan,-0.91693470746,0.946994433312,30.8290289236,-4.3484301793,-3.02332018452,-4.37463633603
26.015382089,nan,nan,nan,0.10001347542,0.0451800672002,0.559547009026,0,0,0,-0.175697604569,-0.228862777935,-0.838591931306,1.32746905533,-0.838345991254,-30.4748445503,4.17533687538,2.79967157148,2.79440584275,nan,nan,nan,nan,nan,nan,-1.32746905533,0.838345991254,30.4748445503,-4.25850790464,-2.88440343776,-3.41439866096
26.065382089,nan,nan,nan,0.0900094902053,0.0334172540094,0.511420107952,0,0,0,-0.170853857982,-0.223964373227,-1.05325003266,1.83181070082,-0.612565903589,-30.7553909677,4.09064203189,2.70230498338,1.80125829072,nan,nan,nan,nan,nan,nan,-1.83181070082,0.612565903589,30.7553909677,-4.17152014777,-2.78522331328,-2.57995342436
26.115382089,nan,nan,nan,0.0829280896222,0.0227836298774,0.454222005761,0,0,0,-0.130697028503,-0.22660744671,-1.06287849674,2.13740470099,-0.378264497567,-31.2614026561,4.01744548187,2.65258864637,1.01006924527,nan,nan,nan,nan,nan,nan,-2.13740470099,0.378264497567,31.2614026561,-4.07931431844,-2.73648552137,-1.79588295276
26.165382089,nan,nan,nan,0.0769397873551,0.0107565093384,0.405132258277,0,0,0,-0.136861721626,-0.170871128712,-0.880938053291,1.76167644124,-0.170126498994,-32.0389726105,3.93317742912,2.59775273619,0.482198427121,nan,nan,nan,nan,nan,nan,-1.76167644124,0.170126498994,32.0389726105,-3.99796448345,-2.66101435418,-1.13349883431
26.215382089,nan,nan,nan,0.0692419174596,0.00569651700622,0.366128200432,0,0,0,-0.161636871046,-0.0701984418842,-0.805466681097,0.831963032616,-0.142496522443,-33.4355399216,3.73583031262,2.4842277563,0.228012963132,nan,nan,nan,nan,nan,nan,-0.831963032616,0.142496522443,33.4355399216,-3.81234532809,-2.51021732544,-0.823515422601
26.265382089,nan,nan,nan,0.0607761002504,0.00373666515003,0.324585590167,0,0,0,-0.216436662652,0.0340817263019,-0.898968729346,0.919631188507,-0.390430077815,-34.9274617085,3.60144577499,2.3516766467,-0.154851143302,nan,nan,nan,nan,nan,nan,-0.919631188507,0.390430077815,34.9274617085,-3.70390169661,-2.33905856917,-0.50977981149
26.315382089,nan,nan,nan,0.0475982511944,0.00910468963641,0.276231327497,0,0,0,-0.256714354593,0.0826797958383,-1.12557114233,2.34693455173,-0.447549380961,-36.4722044556,3.41214820924,2.2362225081,-0.638992271055,nan,nan,nan,nan,nan,nan,-2.34693455173,0.447549380961,36.4722044556,-3.53367062356,-2.20561196729,-0.193171739318
26.365382089,nan,nan,nan,0.0351046647911,0.0120046447339,0.212028475935,0,0,0,-0.213683782269,0.0732821711199,-1.25453256114,4.31172610297,-0.675228858615,-38.1625996986,3.2378875846,2.05666642534,-1.17475428879,nan,nan,nan,nan,nan,nan,-4.31172610297,0.675228858615,38.1625996986,-3.33904035872,-2.02953516712,0.24724574849
26.415382089,nan,nan,nan,0.0262298729676,0.0164329067484,0.150778071383,0,0,0,-0.167925795785,0.123359831027,-1.13180744084,6.49690180286,-0.932681711612,-39.7590527361,3.0147198348,1.9096638561,-1.77058748421,nan,nan,nan,nan,nan,nan,-6.49690180286,0.932681711612,39.7590527361,-3.0942118763,-1.86399234586,0.933812816205
26.465382089,nan,nan,nan,0.0183120852127,0.0243406278365,0.0988477318509,0,0,0,-0.169572181149,0.145997189051,-0.979285493661,8.28869533545,-1.32361938057,-41.4033453807,2.81591252476,1.75500707914,-2.44104169348,nan,nan,nan,nan,nan,nan,-8.28869533545,1.32361938057,41.4033453807,-2.89618392558,-1.70095453984,1.71703046659
26.515382089,nan,nan,nan,0.0092726548526,0.0310326256535,0.0528495220171,0,0,0,-0.127739711755,0.122310444821,-0.883253971158,9.92336690703,-1.31012296352,-42.750244716,2.85087544598,1.63104768704,-2.70502932841,nan,nan,nan,nan,nan,nan,-9.92336690703,1.31012296352,42.750244716,-2.91134435977,-1.58576469105,2.05201670293
26.565382089,nan,nan,nan,0.00553811403719,0.0365716723186,0.0105223347351,0,0,0,-0.0699008999617,0.0900554469901,-0.841029011997,10.9643732363,-1.48080686691,-44.1717261619,2.95984749862,1.49421625009,-2.98861497701,nan,nan,nan,nan,nan,nan,-10.9643732363,1.48080686691,44.1717261619,-2.99293690704,-1.46087502195,2.36682036168
26.615382089,nan,nan,nan,0.00228256485644,0.0400381703525,-0.0312533791826,0,0,0,-0.0832136223247,0.0400750151545,-0.812334174785,11.8797194938,-1.63848889804,-45.7766667282,3.11637021046,1.38075021284,-3.23792682483,nan,nan,nan,nan,nan,nan,-11.8797194938,1.63848889804,45.7766667282,-3.15576154214,-1.36591323998,2.63734704872
26.665382089,nan,nan,nan,-0.00278324819527,0.040579173834,-0.0707110827434,0,0,0,-0.109477962313,-0.00426606061698,-0.76104971163,13.4117357422,-1.79585873452,-47.2826180487,3.25641026488,1.2848448588,-3.41057825999,nan,nan,nan,nan,nan,nan,-13.4117357422,1.79585873452,47.2826180487,-3.30823450477,-1.28642428243,2.84791442088
26.715382089,nan,nan,nan,-0.0086652313749,0.0396115642908,-0.107358350346,0,0,0,-0.110017705625,-0.0484955734211,-0.688200737428,15.5570998478,-1.84511097202,-48.7844731715,3.41203020539,1.19395086145,-3.41491611026,nan,nan,nan,nan,nan,nan,-15.5570998478,1.84511097202,48.7844731715,-3.46410994681,-1.2119053776,2.90611141186
26.765382089,nan,nan,nan,-0.0137850187578,0.0357296164919,-0.139531156486,0,0,0,-0.0955055604418,-0.0877544651444,-0.602087054157,18.1345928895,-1.82258723502,-50.2456480907,3.5589520991,1.09615606504,-3.3084906453,nan,nan,nan,nan,nan,nan,-18.1345928895,1.82258723502,50.2456480907,-3.60416213928,-1.12864540067,2.8633520319
26.815382089,nan,nan,nan,-0.0182157874191,0.0308361177764,-0.167567055761,0,0,0,-0.0504657897362,-0.117504874326,-0.444059754953,20.7915266128,-1.83681518214,-51.8258540005,3.72548078861,0.974907027902,-3.11944806502,nan,nan,nan,nan,nan,nan,-20.7915266128,1.83681518214,51.8258540005,-3.74937008229,-1.01841085752,2.79114314263
26.865382089,nan,nan,nan,-0.0188315977314,0.0239791290593,-0.183937131982,0,0,0,-0.0244055112652,-0.112703937554,-0.148375602438,23.813901816,-1.70163218972,-53.3088942882,3.85594225153,0.871173706345,-2.96180731991,nan,nan,nan,nan,nan,nan,-23.813901816,1.70163218972,53.3088942882,-3.86749523483,-0.912900085146,2.85210937926
26.915382089,nan,nan,nan,-0.0206563385456,0.0195657240209,-0.182404616005,0,0,0,-0.00218425784738,-0.108295216422,0.0975820465908,26.8969090518,-1.69908737376,-54.9701795258,3.98883033747,0.744074084887,-2.79046889984,nan,nan,nan,nan,nan,nan,-26.8969090518,1.69908737376,54.9701795258,-3.98986431271,-0.784168222863,2.86261384402
26.965382089,nan,nan,nan,-0.0190500235162,0.0131496074172,-0.174178927322,0,0,0,0.0712306996197,-0.129803402663,0.137872956451,29.7617362669,-1.60414235515,-56.4885681796,4.14374132621,0.642819844132,-2.55895783219,nan,nan,nan,nan,nan,nan,-29.7617362669,1.60414235515,56.4885681796,-4.11002242255,-0.6908769579,2.66089089359
27.015382089,nan,nan,nan,-0.0135332685836,0.00658538375469,-0.16861732036,0,0,0,0.101762373696,-0.090997460593,0.116063446207,30.0316908611,-1.52778787965,-57.7277637397,4.22010369502,0.575672370042,-2.22780836118,nan,nan,nan,nan,nan,nan,-30.0316908611,1.52778787965,57.7277637397,-4.17193182961,-0.609362359877,2.31361708461
27.065382089,nan,nan,nan,-0.00887378614656,0.00404986135786,-0.162572582702,0,0,0,0.0694612078808,-0.0449712243342,0.133355959337,29.5531258723,-1.14815185475,-58.7542307851,4.26311025492,0.53647743733,-1.89257768369,nan,nan,nan,nan,nan,nan,-29.5531258723,1.14815185475,58.7542307851,-4.23022898618,-0.553127133715,1.99117121168
27.115382089,nan,nan,nan,-0.00658714779555,0.00208826132126,-0.155281724426,0,0,0,0.0331074323735,-0.0393048717185,0.149436615967,29.0090836865,-1.05260154845,-59.944406151,4.39309048832,0.495423575354,-1.55433183429,nan,nan,nan,nan,nan,nan,-29.0090836865,1.05260154845,59.944406151,-4.37741822442,-0.50997541801,1.66481420982
27.165382089,nan,nan,nan,-0.00556304290922,0.00011937418601,-0.147628921105,0,0,0,0.0221549488154,-0.0111893822,0.160499654642,28.3178961829,-0.997422469317,-61.0916088975,4.51816929399,0.460100244211,-1.19867477096,nan,nan,nan,nan,nan,nan,-28.3178961829,0.997422469317,61.0916088975,-4.50768167294,-0.464242889182,1.31733633863
27.215382089,nan,nan,nan,-0.00437165291401,0.000969323101267,-0.139231758962,0,0,0,0.0240011052019,0.0182841228681,0.172993349559,27.7743205731,-0.78998737857,-62.1201928651,4.60724831447,0.410490880909,-0.85821653597,nan,nan,nan,nan,nan,nan,-27.7743205731,0.78998737857,62.1201928651,-4.59588676729,-0.4037215501,0.986115017126
27.265382089,nan,nan,nan,-0.00316293238903,0.00194778647281,-0.130329586149,0,0,0,0.0238699733109,0.0295111649899,0.182949637948,27.2145970096,-0.682676467461,-63.0887494959,4.68620724835,0.367078651448,-0.511400548849,nan,nan,nan,nan,nan,nan,-27.2145970096,0.682676467461,63.0887494959,-4.67490777586,-0.356152732834,0.646659972875
27.315382089,nan,nan,nan,-0.00198465558292,0.00392043960026,-0.120936795167,0,0,0,0.0262809290978,0.043796378539,0.214721388793,26.5105252564,-0.512941260563,-64.0120375291,4.74731835569,0.311637110847,-0.139159285596,nan,nan,nan,nan,nan,nan,-26.5105252564,0.512941260563,64.0120375291,-4.7348775946,-0.29542237762,0.297908391087
27.365382089,nan,nan,nan,-0.000534839479255,0.00632742432672,-0.10885744727,0,0,0,0.0101950411009,0.0403522410013,0.255151717691,25.923757048,-0.425018319634,-64.9469297591,4.80812893324,0.252674876263,0.224354471887,nan,nan,nan,nan,nan,nan,-25.923757048,0.425018319634,64.9469297591,-4.80330284547,-0.237735266077,-0.0357141730537
27.415382089,nan,nan,nan,-0.000965151472831,0.00795566370038,-0.0954216233983,0,0,0,-0.000739885261128,0.00147538820468,0.274982696601,25.3807371304,-0.322945757531,-65.9792047734,4.88910982,0.205606131557,0.551459797516,nan,nan,nan,nan,nan,nan,-25.3807371304,0.322945757531,65.9792047734,-4.88946006393,-0.205059898582,-0.348157940369
27.465382089,nan,nan,nan,-0.000608828005368,0.00647496314719,-0.0813591776099,0,0,0,-0.00341724284728,-0.0351797472994,0.236530482394,24.9899062264,-0.197075942054,-67.0556986717,4.96018647635,0.187380234936,0.818200634908,nan,nan,nan,nan,nan,nan,-24.9899062264,0.197075942054,67.0556986717,-4.9618041171,-0.200404832779,-0.643327499482
27.515382089,nan,nan,nan,-0.00130687575756,0.00443768897045,-0.0717685751589,0,0,0,-0.0314496767754,-0.0397852145632,0.206512628948,24.83586542,-0.0907593413075,-68.7024877351,5.08989866109,0.301103047397,0.923774308699,nan,nan,nan,nan,nan,nan,-24.83586542,0.0907593413075,68.7024877351,-5.10478618328,-0.315832727384,-0.771094152789
27.565382089,nan,nan,nan,-0.00375379568291,0.00249644169086,-0.0607079147151,0,0,0,-0.0233870936621,-0.0501907314953,0.205702521167,24.8305278934,-0.0472474168775,-70.1988841824,5.1727398735,0.362132983405,0.955332340032,nan,nan,nan,nan,nan,nan,-24.8305278934,0.0472474168775,70.1988841824,-5.18381076235,-0.380715097926,-0.803251117867
27.615382089,nan,nan,nan,-0.00364558512377,-0.000581384179079,-0.0511983230422,0,0,0,0.00816874768449,-0.0482525442389,0.183920933132,24.9080049762,-0.0373055484473,-71.8485691645,5.25234169774,0.452707710578,0.954780401336,nan,nan,nan,nan,nan,nan,-24.9080049762,0.0373055484473,71.8485691645,-5.24847480864,-0.470572250031,-0.818802873528
27.665382089,nan,nan,nan,-0.00293692091446,-0.00232881273303,-0.0423158214019,0,0,0,0.030117926944,-0.0349740280587,0.187373004059,25.0251357692,-0.0417597121497,-73.5253745246,5.30117716743,0.561220182314,0.940702076255,nan,nan,nan,nan,nan,nan,-25.0251357692,0.0417597121497,73.5253745246,-5.28692006364,-0.574168616722,-0.802172342657
27.715382089,nan,nan,nan,-0.000633792429365,-0.00407878698495,-0.0324610226364,0,0,0,0.046328574308,-0.0461835680109,0.180164227098,25.1536275403,-0.050338408114,-75.0109703033,5.36037583658,0.674924845679,0.922748376591,nan,nan,nan,nan,nan,nan,-25.1536275403,0.050338408114,75.0109703033,-5.33844500139,-0.692023388063,-0.789548279228
27.765382089,nan,nan,nan,0.00169593651634,-0.00694716953412,-0.0242993986921,0,0,0,0.0276545373389,-0.0432142513078,0.153861356457,25.2823154249,-0.0507888778421,-76.5392647667,5.45014883783,0.795180043373,0.904468831221,nan,nan,nan,nan,nan,nan,-25.2823154249,0.0507888778421,76.5392647667,-5.43705784356,-0.811179255635,-0.790715129997
27.815382089,nan,nan,nan,0.00213166130452,-0.00840021211573,-0.0170748869906,0,0,0,0.0122080205833,-0.0278626772569,0.123134686577,25.423896312,-0.0316009018507,-77.8718115972,5.47703331726,0.896793063837,0.881784609802,nan,nan,nan,nan,nan,nan,-25.423896312,0.0316009018507,77.8718115972,-5.47125433331,-0.907108662838,-0.790747934514
27.865382089,nan,nan,nan,0.00291673857467,-0.00973343725981,-0.0119859300344,0,0,0,0.0124280483897,-0.019110232235,0.0811663492406,25.5653592535,-0.012834796913,-79.0909345279,5.47533216467,0.990289382077,0.85888898596,nan,nan,nan,nan,nan,nan,-25.5653592535,0.012834796913,79.0909345279,-5.46944902483,-0.997364563357,-0.798880593641
27.915382089,nan,nan,nan,0.00337446614349,-0.0103112353392,-0.00895825206655,0,0,0,0.0155997761592,0.0126589711722,0.0342152711591,25.7069077658,0.0059298027821,-80.5774650317,5.52794368006,1.12515593044,0.835964851586,nan,nan,nan,nan,nan,nan,-25.7069077658,-0.0059298027821,80.5774650317,-5.52055912042,-1.12046919955,-0.810668612021
27.965382089,nan,nan,nan,0.00447671619059,-0.00846754014258,-0.00856440291848,0,0,0,0.00813313004334,0.0613762655886,-0.00120267030645,26.0624294399,-0.0674487071155,-81.8412903109,5.5417636486,1.19918415807,0.833165440082,nan,nan,nan,nan,nan,nan,-26.0624294399,0.0674487071155,81.8412903109,-5.53791362003,-1.17646082326,-0.834054605509
28.015382089,nan,nan,nan,0.00418777914783,-0.00417360878038,-0.00907851909719,0,0,0,-0.0107591314101,0.0996964773003,0.00330840445819,27.2851468895,-0.512857732798,-82.4426088962,5.58245183485,1.12695420816,0.862130911499,nan,nan,nan,nan,nan,nan,-27.2851468895,0.512857732798,82.4426088962,-5.58754494944,-1.09004358137,-0.859684922065
28.065382089,nan,nan,nan,0.00340080304958,0.00150210758745,-0.00823356247266,0,0,0,-0.00890608685998,0.117016118766,0.00572063904745,29.0236292628,-1.16875920841,-83.0359977004,5.65185176876,0.977232304041,0.913853176969,nan,nan,nan,nan,nan,nan,-29.0236292628,1.16875920841,83.0359977004,-5.65606769653,-0.93390942639,-0.909623759784
28.115382089,nan,nan,nan,0.00329717046183,0.00752800309623,-0.00850645519245,0,0,0,0.00504263219686,0.10641938898,0.00241362746701,30.9983753488,-1.904588086,-83.6036262599,5.75065812819,0.807629832205,0.921767149973,nan,nan,nan,nan,nan,nan,-30.9983753488,1.904588086,83.6036262599,-5.74827106713,-0.768230181823,-0.919982692432
28.165382089,nan,nan,nan,0.00390506626927,0.0121440464855,-0.00799219972596,0,0,0,0.0120850863951,0.0788155736195,0.00458819027211,33.0682684313,-2.56899596086,-83.8384655633,5.79831067464,0.692226303195,0.986676812639,nan,nan,nan,nan,nan,nan,-33.0682684313,2.56899596086,83.8384655633,-5.79258988478,-0.663046413374,-0.983284644278
28.215382089,nan,nan,nan,0.00450567910134,0.0154095604582,-0.00804763616523,0,0,0,0.0030595848375,0.0549153946371,-0.00427965080346,35.0214607987,-3.31884853466,-84.0728630661,5.84767839198,0.571978547449,0.984464814393,nan,nan,nan,nan,nan,nan,-35.0214607987,3.31884853466,84.0728630661,-5.84623005795,-0.551647220892,-0.987628871503
28.265382089,nan,nan,nan,0.00421102475302,0.0176355859492,-0.00842016480631,0,0,0,-0.0141379799139,0.0362142698126,0.00358848179157,36.9781507092,-4.09817198318,-84.5352817074,5.92658334648,0.417096043079,1.00622246449,nan,nan,nan,nan,nan,nan,-36.9781507092,4.09817198318,84.5352817074,-5.93327592686,-0.403688433966,-1.00356940661
28.315382089,nan,nan,nan,0.00309188110995,0.0190309874394,-0.00768878798608,0,0,0,-0.0010081803916,0.0156437639757,0.0101345053064,39.4080275372,-4.88784040618,-84.9627853045,5.98858340641,0.275152762951,1.05142491913,nan,nan,nan,nan,nan,nan,-39.4080275372,4.88784040618,84.9627853045,-5.98906065481,-0.269360972214,-1.04393221586
28.365382089,nan,nan,nan,0.00411020671386,0.0191999623467,-0.00740671427567,0,0,0,0.0114630657941,-0.00714852646708,0.00612361366715,41.4989885572,-5.71419386772,-85.3159926137,6.01654307953,0.142327430358,1.06296096831,nan,nan,nan,nan,nan,nan,-41.4989885572,5.71419386772,85.3159926137,-6.0111167393,-0.144974029312,-1.05843362151
28.415382089,nan,nan,nan,0.00423818768936,0.0183161347927,-0.00707642661936,0,0,0,0.0104087545174,-0.0177751557607,0.00523441310105,43.5559936815,-6.49788109161,-85.6731667229,6.04295504031,-0.00960964628063,1.14996190625,nan,nan,nan,nan,nan,nan,-43.5559936815,6.49788109161,85.6731667229,-6.03802778573,0.00302875036333,-1.14609196855
28.465382089,nan,nan,nan,0.0051510821656,0.0174224467707,-0.00688327296556,0,0,0,0.00603726834294,-0.0264714234857,0.0114719995945,45.5338494004,-7.11662903233,-85.9660160458,6.07149394367,-0.152144525762,1.1604891878,nan,nan,nan,nan,nan,nan,-45.5338494004,7.11662903233,85.9660160458,-6.06863604573,0.142344010645,-1.15200764023
28.515382089,nan,nan,nan,0.00484191452365,0.0156689924442,-0.00592922665991,0,0,0,0.000283227533777,-0.0378667935062,0.0148804995898,46.2283164005,-7.42626107902,-85.9081771001,6.02486430851,-0.228556678711,1.19480114497,nan,nan,nan,nan,nan,nan,-46.2283164005,7.42626107902,85.9081771001,-6.0247302354,0.214537255752,-1.18379960473
28.565382089,nan,nan,nan,0.00517940491898,0.01363576742,-0.00539522300658,0,0,0,0.00138794403371,-0.0515466468518,0.00818968600387,46.4610752265,-7.56544456052,-85.762031796,5.95209329164,-0.28653540998,1.22273361314,nan,nan,nan,nan,nan,nan,-46.4610752265,7.56544456052,85.762031796,-5.95143627224,0.267451294916,-1.21667876534
28.615382089,nan,nan,nan,0.00498070892702,0.010514327759,-0.00511025805953,0,0,0,0.000998620881762,-0.0569444945813,0.00439264750735,46.5625127854,-7.65158569752,-85.7079394113,5.8971996424,-0.322586371038,1.23942746147,nan,nan,nan,nan,nan,nan,-46.5625127854,7.65158569752,85.7079394113,-5.89672691924,0.301503810809,-1.23617986296
28.665382089,nan,nan,nan,0.00527926700715,0.00794131796192,-0.00495595825585,0,0,0,0.000600643498733,-0.05139455185,0.00568389938072,46.6326324286,-7.73207965234,-85.678434324,5.85080512247,-0.34843036267,1.25555725504,nan,nan,nan,nan,nan,nan,-46.6326324286,7.73207965234,85.678434324,-5.85052079225,0.329402557739,-1.25135500045
28.715382089,nan,nan,nan,0.0050407732769,0.00537487257399,-0.00454186812145,0,0,0,0.0019985680997,-0.0359106511282,0.00653669487125,46.6935733607,-7.81116164047,-85.6462900039,5.80300807009,-0.37318542473,1.2715828843,nan,nan,nan,nan,nan,nan,-46.6935733607,7.81116164047,85.6462900039,-5.80206199591,0.359890224363,-1.26675013583
28.765382089,nan,nan,nan,0.00547912381712,0.0043502528491,-0.00430228876872,0,0,0,0.00879299731955,-0.0190758549495,0.00336541125889,46.7523215435,-7.88940209792,-85.5980276801,5.75097564631,-0.399801583175,1.28745680725,nan,nan,nan,nan,nan,nan,-46.7523215435,7.88940209792,85.5980276801,-5.74681325241,0.392739129397,-1.2849686712
28.815382089,nan,nan,nan,0.00592007300885,0.00346728707904,-0.00420532699556,0,0,0,0.0105284609998,-0.0134548835229,-0.00217080552643,46.8033799564,-7.96115557736,-85.4221858965,5.66881292525,-0.445459387946,1.30155156443,nan,nan,nan,nan,nan,nan,-46.8033799564,7.96115557736,85.4221858965,-5.6638290045,0.440477986419,-1.30315649739
28.865382089,nan,nan,nan,0.0065319699171,0.00300476449681,-0.00451936932136,0,0,0,-0.00226146242819,-0.00688878750017,-0.00176850160876,46.8482632672,-8.03843106887,-85.2559122946,5.58422684497,-0.492717922347,1.31353791774,nan,nan,nan,nan,nan,nan,-46.8482632672,8.03843106887,85.2559122946,-5.58529736701,0.490167486551,-1.31484541696
28.915382089,nan,nan,nan,0.00569392676603,0.00277840832902,-0.00438217715644,0,0,0,-0.00785667306849,-0.0309857407026,0.00803076791256,46.8947306797,-8.11871103204,-85.1004892967,5.49701937986,-0.541790324518,1.32475570643,nan,nan,nan,nan,nan,nan,-46.8947306797,8.11871103204,85.1004892967,-5.50073854033,0.530318473738,-1.31881835091
28.965382089,nan,nan,nan,0.00574630261025,-9.3809573459e-05,-0.00371629253011,0,0,0,-0.0140126220998,-0.148253667787,0.027555213662,46.2389775386,-8.16300816341,-84.9321039449,5.36620882247,-0.511419859083,1.32906590288,nan,nan,nan,nan,nan,nan,-46.2389775386,8.16300816341,84.9321039449,-5.37284206146,0.456531903658,-1.30869361699
29.015382089,nan,nan,nan,0.00429266455605,-0.0120469584496,-0.00162665579023,0,0,0,-0.000677099467682,-0.243678529152,0.0189237171882,41.8466800842,-7.40232820069,-85.0045651776,5.05814005372,-0.119306049695,1.25245170526,nan,nan,nan,nan,nan,nan,-41.8466800842,7.40232820069,85.0045651776,-5.05846057636,0.0290889478468,-1.23846090913
29.065382089,nan,nan,nan,0.00567859266348,-0.0244616624886,-0.00182392081129,0,0,0,0.00728663767303,-0.225101706222,0.0120279137375,36.1872343885,-6.50584667512,-84.95728737,4.64194668682,0.401314280827,1.22703254145,nan,nan,nan,nan,nan,nan,-36.1872343885,6.50584667512,84.95728737,-4.63849736742,-0.484653685522,-1.2181399921
29.115382089,nan,nan,nan,0.00502132832335,-0.0345571290718,-0.000423864416483,0,0,0,-0.0247998530788,-0.163401835723,0.0313911860791,30.3025439915,-5.32145905845,-84.5821892491,4.06132001998,0.969133808827,1.15107536763,nan,nan,nan,nan,nan,nan,-30.3025439915,5.32145905845,84.5821892491,-4.07305967523,-1.02963007047,-1.12786704759
29.165382089,nan,nan,nan,0.0031986073556,-0.0408018460609,0.00131519779662,0,0,0,-0.0204561249794,-0.111432982749,0.013998480313,24.4258637245,-4.27423562574,-84.7125976138,3.67774591918,1.53465437933,1.06546587358,nan,nan,nan,nan,nan,nan,-24.4258637245,4.27423562574,84.7125976138,-3.6874293578,-1.57591021253,-1.05511643313
29.215382089,nan,nan,nan,0.00297571582541,-0.0457004273467,0.000975983614816,0,0,0,0.0103471031546,-0.0765755987232,-0.0122699413855,19.1161728352,-3.28572596492,-84.8263895145,3.22248058234,2.14732909832,0.971001373246,nan,nan,nan,nan,nan,nan,-19.1161728352,3.28572596492,84.8263895145,-3.21758251204,-2.17567968223,-0.980072859931
29.265382089,nan,nan,nan,0.00423331767106,-0.0484594059332,8.82036580738e-05,0,0,0,0.027111459174,-0.0484369658936,-0.0153910707562,14.1854029388,-2.46202968322,-84.7093301028,2.84744960519,2.67590349089,0.90278280904,nan,nan,nan,nan,nan,nan,-14.1854029388,2.46202968322,84.7093301028,-2.83461569109,-2.69383630877,-0.914161827818
29.315382089,nan,nan,nan,0.00568686174281,-0.0505441239361,-0.000563123460807,0,0,0,0.0187000827384,-0.00967173271304,0.000597853244804,9.49519880595,-1.6599373149,-85.3867039464,2.33859358698,3.33613244641,0.825979701199,nan,nan,nan,nan,nan,nan,-9.49519880595,1.6599373149,85.3867039464,-2.32974141661,-3.33971321201,-0.825537692751
29.365382089,nan,nan,nan,0.0061033259449,-0.0494265792045,0.000147988982554,0,0,0,-0.00799197040244,0.034476947965,0.0189549967925,5.46291289849,-1.01279365837,-85.9349386985,1.88897041138,3.96141064964,0.734521829626,nan,nan,nan,nan,nan,nan,-5.46291289849,1.01279365837,85.9349386985,-1.89275361836,-3.9486462492,-0.720507907668
29.415382089,nan,nan,nan,0.00488766470256,-0.0470964291396,0.00133237621844,0,0,0,-0.0299809341865,0.0507185826573,0.0103116285314,2.24309418511,-0.406364574757,-86.4388030538,1.43721631522,4.54164049391,0.511159729998,nan,nan,nan,nan,nan,nan,-2.24309418511,0.406364574757,86.4388030538,-1.45140856992,-4.52286295306,-0.503536074923
29.465382089,nan,nan,nan,0.00310523252625,-0.0443547209388,0.00117915183569,0,0,0,-0.0362742581906,0.0795902411968,-0.0146185131518,0.678264669254,-0.107320262406,-86.4645874205,1.11908529504,5.00538785726,0.185847899513,nan,nan,nan,nan,nan,nan,-0.678264669254,0.107320262406,86.4645874205,-1.13625665828,-4.97592116226,-0.196655746368
29.515382089,nan,nan,nan,0.00126023888351,-0.0391374050199,-0.000129475096733,0,0,0,-0.0306863899618,0.181932981602,-0.0441915690671,0.225217357668,-0.136964899366,-85.6656325493,1.42820861486,5.02270391056,0.06218616599,nan,nan,nan,nan,nan,nan,-0.225217357668,0.136964899366,85.6656325493,-1.44273481539,-4.95534686279,-0.0948581419822
29.565382089,nan,nan,nan,3.65935300718e-05,-0.0261614227785,-0.00324000507102,0,0,0,-0.0453871154414,0.261688214551,-0.0435294489661,0.0357781240057,-0.0357781240057,-85.22422692,1.91647756333,4.94071853908,0.00994470845802,nan,nan,nan,nan,nan,nan,-0.0357781240057,0.0357781240057,85.22422692,-1.93796273449,-4.84383371141,-0.0421271618443
29.615382089,nan,nan,nan,-0.00327847266063,-0.0129685835648,-0.00448241999334,0,0,0,-0.0419855900764,0.238822575367,-0.0354707249072,0,0,-84.254978784,2.53765378032,4.68924849034,0,nan,nan,nan,nan,nan,nan,0,0,84.254978784,-2.557528751,-4.60082920826,-0.0262244291628
29.665382089,nan,nan,nan,-0.00416196547756,-0.00227916524185,-0.00678707756175,0,0,0,0.0110615805506,0.169902775916,-0.0501697479706,0,0,-83.248503785,3.17791742337,4.43481111846,0,nan,nan,nan,nan,nan,nan,0,0,83.248503785,-3.17268113662,-4.37190801373,-0.0370917990881
29.715382089,nan,nan,nan,-0.00217231460558,0.00402169402685,-0.0094993947904,0,0,0,0.02706100662,0.103342728166,-0.0264107603194,0,0,-82.181936302,3.85618677411,4.14584958079,0,nan,nan,nan,nan,nan,nan,0,0,82.181936302,-3.84337674304,-4.10758900254,-0.0195261617839
29.765382089,nan,nan,nan,-0.00145586481557,0.00805510757476,-0.00942815359369,0,0,0,0.000279789778391,0.0681680297471,-0.000191056060466,0.0325283285809,-0.0325283285809,-81.7831174221,4.41895514088,3.93169820785,0.00904141157071,nan,nan,nan,nan,nan,nan,-0.0325283285809,0.0325283285809,81.7831174221,-4.41882269511,-3.9064603582,-0.00918266428367
29.815382089,nan,nan,nan,-0.00214433562774,0.0108384970016,-0.00951850039645,0,0,0,-0.0115316561233,0.0485572902935,0.00831321435,0.0677704764631,-0.0677704764631,-81.1380947288,5.11261919177,3.67790685287,0.0188371427853,nan,nan,nan,nan,nan,nan,-0.0677704764631,0.0677704764631,81.1380947288,-5.11807800102,-3.65992948728,-0.0126909672728
29.865382089,nan,nan,nan,-0.00260903042789,0.0129108366041,-0.00859683215869,0,0,0,-0.00875873365185,0.0192162527645,0.0106405244097,0.103743289061,-0.103743289061,-80.6543294908,5.77061643925,3.4556239282,0.0288359659111,nan,nan,nan,nan,nan,nan,-0.103743289061,0.103743289061,80.6543294908,-5.77476261356,-3.44850949494,-0.0209691495613
29.915382089,nan,nan,nan,-0.00302020899292,0.012760122278,-0.00845444795548,0,0,0,-0.00017093233057,-0.0162728309102,-0.00408279414956,0.150581018291,-0.12926986292,-80.1463159668,6.392681121,3.24596046891,0.0417547443425,nan,nan,nan,nan,nan,nan,-0.150581018291,0.12926986292,80.1463159668,-6.39276203627,-3.2519851591,-0.04477326021
29.965382089,nan,nan,nan,-0.00262612366095,0.0112835535131,-0.00900511157365,0,0,0,0.00400683405749,-0.0341023859715,-0.0120803963821,0.225273768572,-0.1158714244,-79.0977594,6.94829199296,3.02212791827,0.0621025998433,nan,nan,nan,nan,nan,nan,-0.225273768572,0.1158714244,79.0977594,-6.94639525388,-3.03475364463,-0.0710339509789
30.015382089,nan,nan,nan,-0.00261952558717,0.00934988368086,-0.00966248759369,0,0,0,0.000276636377814,-0.0317853843101,-0.00492123218565,0.336024286016,-0.0630459442305,-77.1940745838,6.84713916222,2.90342809331,0.0921186795508,nan,nan,nan,nan,nan,nan,-0.336024286016,0.0630459442305,77.1940745838,-6.8470082092,-2.91519599615,-0.0957570744577
30.065382089,nan,nan,nan,-0.00259846002317,0.00810501508209,-0.00949723479221,0,0,0,0.0131779290463,-0.0201797633718,-0.00152360450633,0.433303691489,-0.0364460006091,-75.2190365385,6.69478002001,2.84169416727,0.118576672853,nan,nan,nan,nan,nan,nan,-0.433303691489,0.0364460006091,75.2190365385,-6.68854190467,-2.84916532107,-0.119703113279
30.115382089,nan,nan,nan,-0.00130173268255,0.00733190734367,-0.00981484804432,0,0,0,0.0222247186489,-0.0114843155529,-0.00128678074231,0.51000419248,-0.0493468589819,-73.1447699699,6.42251970089,2.78573338999,0.139596580783,nan,nan,nan,nan,nan,nan,-0.51000419248,0.0493468589819,73.1447699699,-6.41199905247,-2.78998522813,-0.140547931242
30.165382089,nan,nan,nan,-0.000375988158277,0.0069565835268,-0.00962591286644,0,0,0,0.0179361319197,-0.0110024463033,-0.000329342657512,0.599657601041,-0.0500839442855,-70.5364106168,6.01169440084,2.6931873995,0.164098954113,nan,nan,nan,nan,nan,nan,-0.599657601041,0.0500839442855,70.5364106168,-6.00320386646,-2.6972608352,-0.164342445703
30.215382089,nan,nan,nan,0.000491880509425,0.00623166271334,-0.00984778231007,0,0,0,0.00391063709429,0.00332080979099,0.000783080053409,0.698766663674,-0.041591466337,-68.1782664722,5.65620363966,2.6376761099,0.191141893388,nan,nan,nan,nan,nan,nan,-0.698766663674,0.041591466337,68.1782664722,-5.65435243792,-2.63644664649,-0.190562941944
30.265382089,nan,nan,nan,1.50755511519e-05,0.0072886645059,-0.0095476048611,0,0,0,-0.0116392497018,0.0300219409855,0.00609132232773,0.797948592126,-0.0330908986737,-66.1661012535,5.35726872894,2.60794589429,0.218204706198,nan,nan,nan,nan,nan,nan,-0.797948592126,0.0330908986737,66.1661012535,-5.36277847041,-2.59683087108,-0.213701233227
30.315382089,nan,nan,nan,-0.000672044460756,0.00923385681189,-0.0092386500773,0,0,0,-0.0029073858994,0.042548152844,0.0197852403811,0.897151396985,-0.0245880132682,-63.744935087,4.95519540396,2.51138600781,0.245273212871,nan,nan,nan,nan,nan,nan,-0.897151396985,0.0245880132682,63.744935087,-4.95657169066,-2.49563340518,-0.230645470241
30.365382089,nan,nan,nan,-0.000275663038788,0.0115434797903,-0.00756908082299,0,0,0,0.00418020601139,0.0459335597466,0.0275318600966,1.01444948775,-0.01714777375,-61.4585711341,4.59275549065,2.42541628201,0.277291469074,nan,nan,nan,nan,nan,nan,-1.01444948775,0.01714777375,61.4585711341,-4.59077668145,-2.40841030018,-0.256936449077
30.415382089,nan,nan,nan,-0.000254023859617,0.0138272127865,-0.00648546406763,0,0,0,-0.0163437152988,0.0659584906026,0.0348449786223,1.13576975638,-0.00921095510784,-59.2429673361,4.25296685886,2.33963722167,0.310406505459,nan,nan,nan,nan,nan,nan,-1.13576975638,0.00921095510784,59.2429673361,-4.26070358143,-2.3152174097,-0.284644706794
30.465382089,nan,nan,nan,-0.00191003456867,0.0181393288506,-0.00408458296076,0,0,0,-0.0322646305305,0.0868038664903,0.0169203578814,1.42255730233,-0.0324900599519,-56.684901496,3.85480857143,2.19656346668,0.388884024435,nan,nan,nan,nan,nan,nan,-1.42255730233,0.0324900599519,56.684901496,-3.87008187318,-2.16442607119,-0.376374363924
30.515382089,nan,nan,nan,-0.00348048691267,0.0225075994356,-0.0047934282795,0,0,0,-0.0278777391636,0.0681497067834,-0.0359975842528,2.5488760054,-0.146465181828,-55.5552154782,3.77474239421,2.04945279644,0.697199517291,nan,nan,nan,nan,nan,nan,-2.5488760054,0.146465181828,55.5552154782,-3.78793904686,-2.0242217305,-0.723813467266
30.565382089,nan,nan,nan,-0.00469780848503,0.0249542995289,-0.00768434138604,0,0,0,-0.0206229745597,0.0542210197779,-0.0662797709124,4.42181445723,-0.664614744675,-54.6716675469,3.71869782669,1.85356959602,1.00096812791,nan,nan,nan,nan,nan,nan,-4.42181445723,0.664614744675,54.6716675469,-3.7284602479,-1.83349534786,-1.04997048582
30.615382089,nan,nan,nan,-0.00554278436864,0.0279297014134,-0.0114214053707,0,0,0,-0.00188085360006,0.0631073195487,-0.0588701351453,7.06411913673,-1.21063350924,-53.6945846226,3.66256250315,1.60197111402,1.21146446387,nan,nan,nan,nan,nan,nan,-7.06411913673,1.21063350924,53.6945846226,-3.66345285411,-1.57860689111,-1.25498868541
30.665382089,nan,nan,nan,-0.00488589384503,0.0312650314838,-0.0135713549006,0,0,0,0.0197303034455,0.0685874388914,-0.0454889907748,10.1187749267,-1.97777767932,-53.0246560631,3.66196904074,1.37651545662,1.40152229605,nan,nan,nan,nan,nan,nan,-10.1187749267,1.97777767932,53.0246560631,-3.65262918862,-1.35112232912,-1.43515348964
30.715382089,nan,nan,nan,-0.00356975402409,0.0347884453025,-0.0159703044482,0,0,0,0.0137483424551,0.056965441171,-0.0406190742138,13.3878624153,-2.69161967811,-52.3631873239,3.65457967544,1.14954052812,1.52840362984,nan,nan,nan,nan,nan,nan,-13.3878624153,2.69161967811,52.3631873239,-3.64807154008,-1.12845021284,-1.5584343675
30.765382089,nan,nan,nan,-0.00351105959952,0.0369615756009,-0.017633262322,0,0,0,-0.000143134784034,0.0286670791388,-0.0408017165796,17.1346881499,-3.67601221552,-51.5438626562,3.6854936082,0.912272633909,1.71564606598,nan,nan,nan,nan,nan,nan,-17.1346881499,3.67601221552,51.5438626562,-3.68556136477,-0.901659221199,-1.74581183589
30.815382089,nan,nan,nan,-0.00358406750249,0.0376551532164,-0.0200504761062,0,0,0,-0.00678514100453,-0.00960428341398,-0.0499926522993,20.95958298,-4.53349563762,-50.8302855768,3.67811782906,0.690956412126,1.88523368709,nan,nan,nan,nan,nan,nan,-20.95958298,4.53349563762,50.8302855768,-3.68132975197,-0.694512205975,-1.92219455474
30.865382089,nan,nan,nan,-0.00418957369997,0.0360011472595,-0.0226325275519,0,0,0,-0.0164683742743,-0.0438492849073,-0.0667028171499,25.1255022284,-5.6856635264,-50.0553936416,3.64045264329,0.459800025475,2.11335206802,nan,nan,nan,nan,nan,nan,-25.1255022284,5.6856635264,50.0553936416,-3.64824837643,-0.476034346226,-2.16266719501
30.915382089,nan,nan,nan,-0.00523090492992,0.0332702247257,-0.0267207578212,0,0,0,-0.0282512943649,-0.0687447101027,-0.0824369924581,29.5431460692,-6.73488619587,-49.4179798413,3.60268623899,0.240896402334,2.34704635489,nan,nan,nan,nan,nan,nan,-29.5431460692,6.73488619587,49.4179798413,-3.61605972371,-0.266347756355,-2.40799416678
30.965382089,nan,nan,nan,-0.00701470313646,0.0291266762492,-0.0308762267977,0,0,0,-0.0198436583469,-0.102371585364,-0.101636044524,33.6815124994,-7.68737056843,-49.108590082,3.61338975268,0.0652355680501,2.52998908972,nan,nan,nan,nan,nan,nan,-33.6815124994,7.68737056843,49.108590082,-3.62278326429,-0.1031366001,-2.60513125998
31.015382089,nan,nan,nan,-0.00721527076461,0.0230330661892,-0.0368843622735,0,0,0,0.00922681541401,-0.118884769222,-0.0932934855889,35.7491288338,-8.07551304068,-49.4788797087,3.78358794287,-0.0146041609429,2.679467112,nan,nan,nan,nan,nan,nan,-35.7491288338,8.07551304068,49.4788797087,-3.77922018989,-0.0294105471661,-2.74844141153
31.065382089,nan,nan,nan,-0.00609202159506,0.017238199327,-0.0402055753566,0,0,0,0.0251043273045,-0.0858962908683,-0.0329750597294,37.5446857433,-7.98003331989,-50.0834376514,3.97691185297,-0.047260617553,2.88817438152,nan,nan,nan,nan,nan,nan,-37.5446857433,7.98003331989,50.0834376514,-3.96502806692,0.0154592337848,-2.91255370053
31.115382089,nan,nan,nan,-0.00470483803416,0.0144434371024,-0.0401818682465,0,0,0,0.030040391562,-0.0584896595216,0.00234530838142,38.9391686435,-7.82782801968,-51.0566512627,4.23541014926,-0.0542054781835,3.09888990966,nan,nan,nan,nan,nan,nan,-38.9391686435,7.82782801968,51.0566512627,-4.22118974887,0.0325508515388,-3.09715596219
31.165382089,nan,nan,nan,-0.00308798243887,0.0113892333749,-0.0399710445184,0,0,0,0.00797669797954,-0.0654123318915,-0.00149879270662,40.4960065161,-7.75970586353,-52.0512065326,4.49000692314,-0.0285825724557,3.36897257434,nan,nan,nan,nan,nan,nan,-40.4960065161,7.75970586353,52.0512065326,-4.48623094576,0.00436496481949,-3.37008067076
31.215382089,nan,nan,nan,-0.00390716823621,0.00790220391324,-0.0403317475171,0,0,0,-0.0293073690734,-0.0714615972206,-0.000804076324994,41.7688790848,-7.82629623461,-53.0157399764,4.7339914258,-0.0109523524297,3.55030513474,nan,nan,nan,nan,nan,nan,-41.7688790848,7.82629623461,53.0157399764,-4.74786483095,-0.0155048747092,-3.55089960927
31.265382089,nan,nan,nan,-0.00601871934621,0.0042430736528,-0.0400514521509,0,0,0,-0.0316147709464,-0.0516748692111,-0.00104168483147,43.3232437887,-7.90868351175,-54.0735675002,4.99816205805,-0.021641320444,3.77217030968,nan,nan,nan,nan,nan,nan,-43.3232437887,7.90868351175,54.0735675002,-5.01312773186,0.00250973361601,-3.77294045436
31.315382089,nan,nan,nan,-0.00706864533085,0.00273471699213,-0.0404359160003,0,0,0,-0.0129788755324,-0.0201791814682,0.0073364272993,44.9154470326,-7.96196642615,-55.113175309,5.25722308471,-0.0247848316355,3.96420072415,nan,nan,nan,nan,nan,nan,-44.9154470326,7.96196642615,55.113175309,-5.26336697289,0.0173138932806,-3.9587767127
31.365382089,nan,nan,nan,-0.00731660689945,0.00222515550598,-0.039317809421,0,0,0,0.00234373015013,0.0167176154924,0.0166960596033,46.2941175873,-8.04669590138,-56.1003059266,5.50375115721,-0.0115182833984,4.16239862042,nan,nan,nan,nan,nan,nan,-46.2941175873,8.04669590138,56.1003059266,-5.50264169161,0.0177076461822,-4.15005478945
31.415382089,nan,nan,nan,-0.00683427231583,0.00440647854137,-0.0387663100399,0,0,0,0.00336085471469,0.0457703608041,0.0234551371282,47.6854891025,-7.85211458269,-57.0704095375,5.74530820967,-0.000715974865892,4.35351440318,nan,nan,nan,nan,nan,nan,-47.6854891025,7.85211458269,57.0704095375,-5.74371726171,0.0176615355464,-4.33617341046
31.465382089,nan,nan,nan,-0.00698052142798,0.00680219158639,-0.0369722957082,0,0,0,-0.0056477506061,0.0505607891313,0.0382056120322,48.7286011316,-7.88695229887,-58.254592536,5.97993997877,0.0111168345942,4.47840287516,nan,nan,nan,nan,nan,nan,-48.7286011316,7.88695229887,58.254592536,-5.98261348836,0.00760228636584,-4.45015647284
31.515382089,nan,nan,nan,-0.00739904737644,0.0094625574545,-0.0349457488367,0,0,0,-0.000709351015767,0.0439024683227,0.0490293967279,49.2536592874,-7.77732815288,-59.3811247825,5.97580506472,-0.0743548958394,4.5385885202,nan,nan,nan,nan,nan,nan,-49.2536592874,7.77732815288,59.3811247825,-5.97614085447,0.0906089066865,-4.50233981243
31.565382089,nan,nan,nan,-0.00705145652955,0.0111924384187,-0.0320693560354,0,0,0,0.0120224861906,0.0255273566096,0.0576968698395,49.6284290655,-7.78073148717,-60.4540420899,5.90546173348,-0.188158322558,4.58963556681,nan,nan,nan,nan,nan,nan,-49.6284290655,7.78073148717,60.4540420899,-5.89977057706,0.197609315795,-4.54697877082
31.615382089,nan,nan,nan,-0.00619679875739,0.0120152931155,-0.0291760618528,0,0,0,0.0227000916571,0.00927237456989,0.0543871942127,49.9328564136,-7.79296792677,-61.5702431576,5.86121031754,-0.328403488244,4.62843351212,nan,nan,nan,nan,nan,nan,-49.9328564136,7.79296792677,61.5702431576,-5.85046463896,0.331836399481,-4.58822364537
31.665382089,nan,nan,nan,-0.00478144736385,0.0121196758756,-0.0266306366141,0,0,0,0.018769163549,-0.0105064431404,0.0658659803793,50.2018154203,-7.79429353965,-62.6407972192,5.83158247901,-0.462436808855,4.65947396942,nan,nan,nan,nan,nan,nan,-50.2018154203,7.79429353965,62.6407972192,-5.82269760744,0.458547008412,-4.61077753761
31.715382089,nan,nan,nan,-0.00431988240249,0.0109646488014,-0.0225894638148,0,0,0,0.0187651899758,-0.0205116894038,0.070650204495,50.4957593798,-7.84617206808,-63.6613363172,5.75375720766,-0.582624957484,4.68810518948,nan,nan,nan,nan,nan,nan,-50.4957593798,7.84617206808,63.6613363172,-5.74487421709,0.575030914716,-4.63587165639
31.765382089,nan,nan,nan,-0.00290492836627,0.0100685069353,-0.0195656161646,0,0,0,0.0383970565573,-0.0228322979487,0.0537961077173,50.8236512746,-7.96083392087,-64.6007937195,5.66937193337,-0.689165610211,4.72539882698,nan,nan,nan,nan,nan,nan,-50.8236512746,7.96083392087,64.6007937195,-5.65119568833,0.680712408541,-4.68562596584
31.815382089,nan,nan,nan,-0.000480176746765,0.00868141900655,-0.0172098530431,0,0,0,0.0396140755019,-0.0296360806907,0.0508504666641,51.1492874212,-8.07372588395,-65.7432790449,5.52211021087,-0.826732537914,4.76212071756,nan,nan,nan,nan,nan,nan,-51.1492874212,8.07372588395,65.7432790449,-5.50335785827,0.81576037176,-4.72452564545
31.865382089,nan,nan,nan,0.00105647918392,0.0071048988662,-0.0144805694982,0,0,0,0.0166398504794,-0.0326258388503,0.0491376463957,51.4670277561,-8.17886123607,-66.8148265814,5.44241400053,-0.951683541127,4.79666375706,nan,nan,nan,nan,nan,nan,-51.4670277561,8.17886123607,66.8148265814,-5.43453709467,0.939604476809,-4.76033501751
31.915382089,nan,nan,nan,0.00118380830118,0.00541883512152,-0.0122960884035,0,0,0,0.0111755283781,-0.0613064130944,0.0427179539072,51.7567151295,-8.30204608407,-68.0106684052,5.39921920258,-1.09883166785,4.82363001947,nan,nan,nan,nan,nan,nan,-51.7567151295,8.30204608407,68.0106684052,-5.39392897565,1.07613419453,-4.79204752548
31.965382089,nan,nan,nan,0.00217403202173,0.000974257556764,-0.0102087741075,0,0,0,0.0161735162942,-0.127919642326,0.0464640316375,51.1367763667,-8.18164097686,-69.236434117,5.34082688443,-1.17892829352,4.84271631182,nan,nan,nan,nan,nan,nan,-51.1367763667,8.18164097686,69.236434117,-5.33317072998,1.13156860434,-4.80836424517
32.015382089,nan,nan,nan,0.0028011599306,-0.00737312911106,-0.00764968523979,0,0,0,0.0198241959053,-0.193203617871,0.0521456208543,46.7501495217,-7.51908290944,-69.932762372,5.10836607547,-0.773602262716,4.82904526084,nan,nan,nan,nan,nan,nan,-46.7501495217,7.51908290944,69.932762372,-5.09898177691,0.702072487272,-4.79049264755
32.065382089,nan,nan,nan,0.00415645161226,-0.0183461042303,-0.00499421202209,0,0,0,0.0256026860362,-0.235480936095,0.0408282692666,40.9903697587,-6.46264371097,-70.7250872999,4.98991530844,-0.329295837757,4.65726215117,nan,nan,nan,nan,nan,nan,-40.9903697587,6.46264371097,70.7250872999,-4.97779561133,0.242113730786,-4.62707675017
32.115382089,nan,nan,nan,0.00536142853422,-0.0309212227206,-0.00356685831313,0,0,0,0.0324085116817,-0.229452826645,0.0305336250417,34.410172025,-4.95797554412,-72.1473132772,4.9787847,0.206960168049,4.33139530572,nan,nan,nan,nan,nan,nan,-34.410172025,4.95797554412,72.1473132772,-4.96344328837,-0.291910488057,-4.30882100286
32.165382089,nan,nan,nan,0.00739730278043,-0.0412913868948,-0.00194084951792,0,0,0,0.0162898921922,-0.185244573419,0.0544056281324,28.0584573671,-4.28494052928,-73.1518760159,4.82314410963,0.817544180463,3.9813238262,nan,nan,nan,nan,nan,nan,-28.0584573671,4.28494052928,73.1518760159,-4.81543286563,-0.88612727888,-3.94110033078
32.215382089,nan,nan,nan,0.00699041775345,-0.0494456800624,0.00187370450011,0,0,0,0.0019495827442,-0.139138495712,0.037747721075,22.1584500068,-3.10255550532,-74.0502012908,4.74071254043,1.40769048728,3.70558177586,nan,nan,nan,nan,nan,nan,-22.1584500068,3.10255550532,74.0502012908,-4.73978965475,-1.45920373255,-3.67767390423
32.265382089,nan,nan,nan,0.00759226105485,-0.055205236466,0.00183392258957,0,0,0,-0.0028741478404,-0.0867881467224,0.0140494163187,16.6343583401,-2.02555614425,-74.9800423618,4.59487212152,1.96007760184,3.34788420783,nan,nan,nan,nan,nan,nan,-16.6343583401,2.02555614425,74.9800423618,-4.59623267413,-1.9922091774,-3.33749710906
32.315382089,nan,nan,nan,0.00670300296941,-0.0581244947347,0.00327864613198,0,0,0,-0.00626953770363,-0.0429719870939,0.020345374586,12.0181041688,-0.88506052266,-76.1831963075,4.36758019071,2.57379109902,2.94945624161,nan,nan,nan,nan,nan,nan,-12.0181041688,0.88506052266,76.1831963075,-4.37054803939,-2.5897006178,-2.9344143772
32.365382089,nan,nan,nan,0.00696530728449,-0.0595024351754,0.00386846004818,0,0,0,0.0132776418714,-0.0166186510588,0.0128942037712,8.62097433436,-0.144262268316,-77.3217650625,4.21269066236,3.17428202275,2.35646594974,nan,nan,nan,nan,nan,nan,-8.62097433436,0.144262268316,77.3217650625,-4.20640534536,-3.18043474594,-2.34693292964
32.415382089,nan,nan,nan,0.00803076715654,-0.0597863598405,0.00456806650911,0,0,0,0.0216749282261,0.0112376095,0.0154866070305,5.78682266876,-0.285051856094,-78.7656890936,4.01895845146,3.7902279653,1.72514395379,nan,nan,nan,nan,nan,nan,-5.78682266876,0.285051856094,78.7656890936,-4.00869806063,-3.78606746514,-1.71369430256
32.465382089,nan,nan,nan,0.00913280010709,-0.0583786742254,0.00541712075122,0,0,0,0.00596706225371,0.0423326629851,0.0139343241803,2.51372552771,-0.334602101984,-79.5292639027,3.93224533635,4.2548841935,1.47672318583,nan,nan,nan,nan,nan,nan,-2.51372552771,0.334602101984,79.5292639027,-3.92942067229,-4.23921137169,-1.46642117767
32.515382089,nan,nan,nan,0.00862747338191,-0.055553093542,0.00596149892714,0,0,0,-0.0085114331869,0.103721870904,-0.00501175722931,1.1948136945,-0.297324386234,-79.3278379906,3.99541355859,4.34223609966,1.38555700875,nan,nan,nan,nan,nan,nan,-1.1948136945,0.297324386234,79.3278379906,-3.99944266679,-4.30383515139,-1.38926233118
32.565382089,nan,nan,nan,0.0082816567884,-0.048006487135,0.00491594502829,0,0,0,-0.0185294377182,0.184789334448,-0.0302883981137,0.698770107655,-0.288446574227,-79.2297457191,4.1062629994,4.31083472238,1.34208884245,nan,nan,nan,nan,nan,nan,-0.698770107655,0.288446574227,79.2297457191,-4.11503439051,-4.24242016709,-1.36448184268
32.615382089,nan,nan,nan,0.00677452961009,-0.0370741600972,0.00293265911577,0,0,0,-0.0233660726542,0.235977381571,-0.0369179809809,0.521774629794,-0.274897846795,-79.1427398132,4.25006181023,4.23051799238,1.32274392682,nan,nan,nan,nan,nan,nan,-0.521774629794,0.274897846795,79.1427398132,-4.26112274824,-4.1431520864,-1.35003835003
32.665382089,nan,nan,nan,0.00594504952298,-0.024408748978,0.0012241469302,0,0,0,-0.0384805542893,0.232758972525,-0.0316196357394,0.455298390413,-0.264902780192,-78.979504841,4.41413341522,4.12910559407,1.31617060692,nan,nan,nan,nan,nan,nan,-0.455298390413,0.264902780192,78.979504841,-4.43234918609,-4.04293123967,-1.33954782573
32.715382089,nan,nan,nan,0.00292647418116,-0.0137982628447,-0.000229304458178,0,0,0,-0.035333193165,0.191145583629,-0.0479549855369,0.437889217112,-0.262400732551,-78.6958669796,4.62684932303,3.99215305831,1.31804231938,nan,nan,nan,nan,nan,nan,-0.437889217112,0.262400732551,78.6958669796,-4.64357520868,-3.92138522888,-1.35349668702
32.765382089,nan,nan,nan,0.00241173020648,-0.00529419061504,-0.0035713516235,0,0,0,-0.0170334056865,0.153146812152,-0.0407612070016,0.44361646472,-0.262965328597,-78.5186690609,4.83480569628,3.85599197592,1.32481869628,nan,nan,nan,nan,nan,nan,-0.44361646472,0.262965328597,78.5186690609,-4.84286890173,-3.79929243165,-1.3549545164
32.815382089,nan,nan,nan,0.00122313361251,0.00151641837047,-0.00430542515834,0,0,0,-0.0157427910016,0.111366868268,-0.0218887911889,0.457350810576,-0.265545780461,-78.3122038527,5.00143973561,3.74763800814,1.33338228535,nan,nan,nan,nan,nan,nan,-0.457350810576,0.265545780461,78.3122038527,-5.00889199504,-3.7064066525,-1.34956523778
32.865382089,nan,nan,nan,0.000837451106324,0.00584249621179,-0.00576023074238,0,0,0,-0.0219422382201,0.0730446669998,-0.0198070222456,0.473379228491,-0.268703784687,-78.0497099487,5.16891787998,3.63892838561,1.34245791929,nan,nan,nan,nan,nan,nan,-0.473379228491,0.268703784687,78.0497099487,-5.17930480894,-3.61188505854,-1.35710176581
32.915382089,nan,nan,nan,-0.000971090209497,0.00882088507045,-0.0062861273829,0,0,0,-0.0350310819878,0.0456246879518,-0.0159289647188,0.49020110132,-0.271891068169,-77.9720167834,5.3662462701,3.50804989986,1.35164227728,nan,nan,nan,nan,nan,nan,-0.49020110132,0.271891068169,77.9720167834,-5.38282914357,-3.49115827164,-1.36341897504
32.965382089,nan,nan,nan,-0.00266565709246,0.010404965007,-0.00735312721426,0,0,0,-0.0281804300368,0.00839518322908,-0.0347772219836,0.506209911987,-0.274844864201,-77.7650080701,5.53708948596,3.39169385127,1.36168038878,nan,nan,nan,nan,nan,nan,-0.506209911987,0.274844864201,77.7650080701,-5.55042942521,-3.38858570258,-1.3873920932
33.015382089,nan,nan,nan,-0.00378913321317,0.00966040339336,-0.00976384958126,0,0,0,-0.0244703488391,-0.0135293809039,-0.0337733327193,0.508180697225,-0.278750082893,-76.7252858487,5.57336051903,3.33385914549,1.37693132292,nan,nan,nan,nan,nan,nan,-0.508180697225,0.278750082893,76.7252858487,-5.58494419488,-3.33886812818,-1.4019008259
33.065382089,nan,nan,nan,-0.00511269197637,0.00905202691658,-0.0107304604862,0,0,0,-0.0211725303177,-0.0162995576367,-0.0203543795686,0.506985981702,-0.280925012278,-75.3469937958,5.58054319035,3.28484517853,1.39390039588,nan,nan,nan,nan,nan,nan,-0.506985981702,0.280925012278,75.3469937958,-5.59056575806,-3.29087976376,-1.40894891791
33.115382089,nan,nan,nan,-0.00590638624495,0.00803044762969,-0.0117992875381,0,0,0,-0.00298861370806,-0.0200782105286,-0.0149478732965,0.505657006938,-0.282534823016,-73.898205871,5.583133594,3.24370331607,1.41157254053,nan,nan,nan,nan,nan,nan,-0.505657006938,0.282534823016,73.898205871,-5.584548332,-3.25113687196,-1.42262389191
33.165382089,nan,nan,nan,-0.00541155334717,0.00704420586372,-0.0122252478158,0,0,0,0.00644719992663,-0.0169103671845,-0.0048155116788,0.504060229771,-0.284212061037,-72.5317902946,5.55338171175,3.16821567368,1.4293845257,nan,nan,nan,nan,nan,nan,-0.504060229771,0.284212061037,72.5317902946,-5.55032976204,-3.17447639893,-1.43294475869
33.215382089,nan,nan,nan,-0.00526166625229,0.00633941091125,-0.012280838706,0,0,0,0.0152802951508,-0.00893398298981,0.00355011285133,0.50238672593,-0.285908617298,-71.1915657474,5.47667794333,3.09894097686,1.44723657585,nan,nan,nan,nan,nan,nan,-0.50238672593,0.285908617298,71.1915657474,-5.46944461833,-3.10224860538,-1.44461188512
33.265382089,nan,nan,nan,-0.00388352383209,0.00615080756474,-0.0118702365307,0,0,0,0.0192313003883,-0.0056738045091,0.00326930976724,0.50069123953,-0.287610708327,-69.5211072243,5.40022346876,3.01976806928,1.46510010481,nan,nan,nan,nan,nan,nan,-0.50069123953,0.287610708327,69.5211072243,-5.39111983271,-3.02186868192,-1.46268301909
33.315382089,nan,nan,nan,-0.00333853621346,0.00577203046034,-0.0119539077293,0,0,0,0.00559093153714,-0.00334907089003,0.00188602584173,0.498989455021,-0.289314385093,-68.1943938714,5.37300013649,2.99018895377,1.4829669225,nan,nan,nan,nan,nan,nan,-0.498989455021,0.289314385093,68.1943938714,-5.37035352368,-2.99142888028,-1.48157253456
33.365382089,nan,nan,nan,-0.00332443067837,0.00581590047574,-0.0116816339465,0,0,0,0.0107498251753,-0.00580819435147,0.00498134723935,0.494822441255,-0.293481941001,-66.8068669406,5.30960210641,2.92410598565,1.50152164539,nan,nan,nan,nan,nan,nan,-0.494822441255,0.293481941001,66.8068669406,-5.30451339717,-2.92625635344,-1.49783880586
33.415382089,nan,nan,nan,-0.00226355369593,0.00519121102519,-0.0114557730053,0,0,0,0.0227093381142,-0.0108847440333,0.00140062347078,0.490277839011,-0.29802669857,-65.4710981357,5.26989345522,2.86775587329,1.52018179028,nan,nan,nan,nan,nan,nan,-0.490277839011,0.29802669857,65.4710981357,-5.25914339958,-2.87178573207,-1.51914627293
33.465382089,nan,nan,nan,-0.00105349686695,0.0047274260724,-0.0115415715995,0,0,0,0.0127594380853,-0.00739320093199,0.00722231632051,0.488214972706,-0.302590167174,-64.4492522623,5.27917198303,2.87011335508,1.53648602664,nan,nan,nan,nan,nan,nan,-0.488214972706,0.302590167174,64.4492522623,-5.27313197127,-2.87285053986,-1.5311463804
33.515382089,nan,nan,nan,-0.000987609887396,0.00445189093199,-0.0107335413733,0,0,0,0.00473467422384,-0.00995128259984,0.0156183306398,0.491606217077,-0.301412991473,-63.3765470127,5.20236598715,2.82560458054,1.54016665887,nan,nan,nan,nan,nan,nan,-0.491606217077,0.301412991473,63.3765470127,-5.200124706,-2.82928884389,-1.52861962095
33.565382089,nan,nan,nan,-0.000580029444566,0.00373229781242,-0.00997973853548,0,0,0,0.0149659562943,-0.0111210933672,0.00938727447415,0.495277278251,-0.298386815873,-62.4567051413,5.13586014518,2.7775739495,1.54046845301,nan,nan,nan,nan,nan,nan,-0.495277278251,0.298386815873,62.4567051413,-5.12877562065,-2.78169131189,-1.53352819693
33.615382089,nan,nan,nan,0.000508985742037,0.00333978159527,-0.00979481392588,0,0,0,0.0149887477442,-0.00899899502435,0.010883870722,0.499196269779,-0.294652587156,-61.5962180744,5.06845903922,2.73174261819,1.5397553526,nan,nan,nan,nan,nan,nan,-0.499196269779,0.294652587156,61.5962180744,-5.06136372576,-2.73507431612,-1.531708624
33.665382089,nan,nan,nan,0.000918845329851,0.00283239830999,-0.00889135146328,0,0,0,0.00756065503403,-0.01226888124,0.0110931389915,0.503393363627,-0.290508428739,-60.7712446267,5.0119043737,2.68976868393,1.53869373571,nan,nan,nan,nan,nan,nan,-0.503393363627,0.290508428739,60.7712446267,-5.00832534106,-2.69431099183,-1.53049228964
33.715382089,nan,nan,nan,0.00126505124544,0.00211289347128,-0.00868550002673,0,0,0,0.0116079353363,-0.0115812307865,0.00368041390493,0.507760126976,-0.286156831645,-59.9944952055,4.96974072058,2.65738898497,1.5375071716,nan,nan,nan,nan,nan,nan,-0.507760126976,0.286156831645,59.9944952055,-4.96424580259,-2.66167670405,-1.53478614591
33.765382089,nan,nan,nan,0.00207963886348,0.00167427523134,-0.00852331007279,0,0,0,0.00405469954707,-0.0127644939469,0.00331007585306,0.51221461175,-0.281706692077,-59.1705832127,4.91517250503,2.61730988486,1.53627390302,nan,nan,nan,nan,nan,nan,-0.51221461175,0.281706692077,59.1705832127,-4.91325310757,-2.62203568346,-1.53382667788
33.815382089,nan,nan,nan,0.00167052120015,0.000836444076586,-0.00835449244142,0,0,0,-0.0021643742259,-0.0123366095422,0.00350444720708,0.516711226397,-0.277211322351,-58.2710365746,4.83284081775,2.56862950391,1.53502251344,nan,nan,nan,nan,nan,nan,-0.516711226397,0.277211322351,58.2710365746,-4.83386538056,-2.57319688686,-1.53243158451
33.865382089,nan,nan,nan,0.00186320144089,0.000440614277116,-0.00817286535208,0,0,0,0.00981419356627,-0.00503696790436,0.00562240868889,0.521227298437,-0.272695606987,-57.440529372,4.75754200092,2.53462900586,1.53376387214,nan,nan,nan,nan,nan,nan,-0.521227298437,0.272695606987,57.440529372,-4.75289619723,-2.53649384249,-1.52960707922
33.915382089,nan,nan,nan,0.00265194055677,0.00033274728615,-0.00779225157253,0,0,0,0.000454630588179,-0.00364934493404,0.0062761987955,0.525752155482,-0.268170852132,-56.7278926932,4.70922783454,2.51800431683,1.53250225793,nan,nan,nan,nan,nan,nan,-0.525752155482,0.268170852132,56.7278926932,-4.70901262334,-2.5193554138,-1.52786210098
33.965382089,nan,nan,nan,0.00190866449971,7.56797837123e-05,-0.00754524547253,0,0,0,-0.0116393837586,-0.00580358992868,0.00569332572185,0.532045508096,-0.264047663887,-56.0474987209,4.6475476562,2.49559396396,1.53535610367,nan,nan,nan,nan,nan,nan,-0.532045508096,0.264047663887,56.0474987209,-4.65305746113,-2.49774262706,-1.53114687994
34.015382089,nan,nan,nan,0.00148800218091,-0.000247611706718,-0.00722291900035,0,0,0,0.00154551540276,-0.00566685867766,0.000476561508605,0.542558987343,-0.265457374372,-55.7330473127,4.61417204532,2.48688385104,1.55856359036,nan,nan,nan,nan,nan,nan,-0.542558987343,0.265457374372,55.7330473127,-4.61344043542,-2.48898189213,-1.55821125605
34.065382089,nan,nan,nan,0.00206321603998,-0.000491006084053,-0.00749758932167,0,0,0,0.00797173338228,0.00111837333606,0.000811624402872,0.554047220001,-0.268686619995,-55.6388795563,4.60963510068,2.49633430244,1.58762519917,nan,nan,nan,nan,nan,nan,-0.554047220001,0.268686619995,55.6388795563,-4.60586147342,-2.49592024708,-1.58702514415
34.115382089,nan,nan,nan,0.00228517551914,-0.000135774373113,-0.00714175656006,0,0,0,8.83108873562e-06,0.00914986686775,0.00531211880604,0.565814724187,-0.272437171164,-55.654829779,4.61960648294,2.51584871738,1.61836404205,nan,nan,nan,nan,nan,nan,-0.565814724187,0.272437171164,55.654829779,-4.61960230251,-2.51246116216,-1.6144366545
34.165382089,nan,nan,nan,0.00206409914886,0.000423980602722,-0.00696637744107,0,0,0,-0.00548189662616,0.00932307743705,0.00121994767185,0.577662241006,-0.276337078872,-55.7106864481,4.6347905085,2.53853624363,1.64958342054,nan,nan,nan,nan,nan,nan,-0.577662241006,0.276337078872,55.7106864481,-4.6373855068,-2.53508456067,-1.64868148151
34.215382089,nan,nan,nan,0.00173698585653,0.000796533370593,-0.00701976179288,0,0,0,-0.00331855633078,0.00655208249731,-0.00166353048152,0.587822934415,-0.281989525358,-55.7792968519,4.65161464034,2.56190461374,1.6814172635,nan,nan,nan,nan,nan,nan,-0.587822934415,0.281989525358,55.7792968519,-4.65318556526,-2.55947883624,-1.68264715483
34.265382089,nan,nan,nan,0.00173224351578,0.00107918885245,-0.00713273048922,0,0,0,-0.00604128811129,0.00560940463031,0.00131343315539,0.583358884264,-0.282147176742,-55.8508661634,4.66865475383,2.58513704218,1.71599220666,nan,nan,nan,nan,nan,nan,-0.583358884264,0.282147176742,55.8508661634,-4.67151455463,-2.5830602723,-1.71502115138
34.315382089,nan,nan,nan,0.0011328570454,0.00135747383362,-0.00688841847734,0,0,0,-0.0101219293617,0.00786884422342,-0.00139090405112,0.575441180871,-0.28214619918,-55.8800156384,4.67494160938,2.60127893478,1.75062145824,nan,nan,nan,nan,nan,nan,-0.575441180871,0.28214619918,55.8800156384,-4.67973308781,-2.59836565258,-1.75164978977
34.365382089,nan,nan,nan,0.000720050579605,0.0018660732748,-0.00727182089433,0,0,0,-0.0049754983096,0.00151195121374,-0.00615358456187,0.567522007254,-0.282145919104,-55.9128070058,4.68051993353,2.61747791734,1.78525428362,nan,nan,nan,nan,nan,nan,-0.567522007254,0.282145919104,55.9128070058,-4.68287521502,-2.61691814764,-1.78980378868
34.415382089,nan,nan,nan,0.000635307214437,0.001508668955,-0.00750377693352,0,0,0,-0.00607047075766,-0.0119381724511,-0.00470082738412,0.559602412411,-0.282145838861,-55.9489700608,4.68536514742,2.63414312398,1.81988813291,nan,nan,nan,nan,nan,nan,-0.559602412411,0.282145838861,55.9489700608,-4.68823876259,-2.63856299356,-1.82336357681
34.465382089,nan,nan,nan,0.000113003503839,0.000672256029683,-0.00774190363274,0,0,0,-0.00259078049012,-0.00750360135884,-0.00657387552567,0.552625506153,-0.280765101843,-56.0239815828,4.68796438387,2.65129286508,1.85159806029,nan,nan,nan,nan,nan,nan,-0.552625506153,0.280765101843,56.0239815828,-4.68919079718,-2.65407092342,-1.85645829739
34.515382089,nan,nan,nan,0.000376229165425,0.000758308819113,-0.00816116448609,0,0,0,0.00277495680034,-0.0021453597223,-0.00348130904946,0.549035453207,-0.277175037187,-56.3063768176,4.67916323723,2.66750508065,1.86949815164,nan,nan,nan,nan,nan,nan,-0.549035453207,0.277175037187,56.3063768176,-4.67784963928,-2.66829935718,-1.87207197393
34.565382089,nan,nan,nan,0.000390499183873,0.000457720057453,-0.00809003453769,0,0,0,-0.00301123309085,-0.00891914145887,-0.00258096561744,0.547215065523,-0.275354646148,-56.6588226569,4.66547124897,2.68165391284,1.88323650131,nan,nan,nan,nan,nan,nan,-0.547215065523,0.275354646148,56.6588226569,-4.66689669445,-2.68495604658,-1.8851446763
34.615382089,nan,nan,nan,7.51058563408e-05,-0.000133605326774,-0.00841926104784,0,0,0,-0.00640389426281,-0.00658288104442,-0.002489291908,0.545076893124,-0.273216472789,-57.0326167131,4.65007562814,2.69499305471,1.89600335925,nan,nan,nan,nan,nan,nan,-0.545076893124,0.273216472789,57.0326167131,-4.65310707799,-2.69743023476,-1.89784375748
34.665382089,nan,nan,nan,-0.000249890242408,-0.000200568046989,-0.00833896372849,0,0,0,-0.0036978088208,-0.0037892998957,0.00123383165937,0.542847673881,-0.27098725327,-57.4641243899,4.63796512219,2.71609908495,1.90849188014,nan,nan,nan,nan,nan,nan,-0.542847673881,0.27098725327,57.4641243899,-4.63971557614,-2.71750199745,-1.90757967631
34.715382089,nan,nan,nan,-0.00029467502574,-0.000512535316344,-0.0082958778819,0,0,0,0.00233032144707,-0.00422698132185,-0.00361797629768,0.540592369279,-0.268731948589,-57.9434552483,4.63307264558,2.7441548468,1.92090065613,nan,nan,nan,nan,nan,nan,-0.540592369279,0.268731948589,57.9434552483,-4.63196952734,-2.74571980209,-1.92357552007
34.765382089,nan,nan,nan,-1.68580977007e-05,-0.000623266179173,-0.00870076135826,0,0,0,-0.00109361550847,0.00351316723088,-0.00153571891251,0.538329591098,-0.266469170385,-58.4295311855,4.62961676015,2.77116043998,1.93328658482,nan,nan,nan,nan,nan,nan,-0.538329591098,0.266469170385,58.4295311855,-4.63013445149,-2.76985976008,-1.93442198175
34.815382089,nan,nan,nan,-0.000404036576586,-0.000161218593256,-0.00844944977315,0,0,0,-0.010253489039,0.00333937481517,-0.00153764640952,0.5360646717,-0.26420425098,-58.921196125,4.62682795978,2.79628949164,1.94566596766,nan,nan,nan,nan,nan,nan,-0.5360646717,0.26420425098,58.921196125,-4.6316817154,-2.7950531549,-1.94680278963
34.865382089,nan,nan,nan,-0.0010422070016,-0.000289328697657,-0.00885452599921,0,0,0,-0.00400692141499,-0.00127276906628,-0.00540234749772,0.533799138833,-0.261938718112,-59.3947559356,4.62829560297,2.8171398317,1.95804347508,nan,nan,nan,nan,nan,nan,-0.533799138833,0.261938718112,59.3947559356,-4.6301923834,-2.81761104899,-1.96203757104
34.915382089,nan,nan,nan,-0.000804728718085,-0.000288495499883,-0.00898968452292,0,0,0,0.00227469043305,0.00253648942061,0.00196685664345,0.531533430204,-0.259673009482,-59.8501385106,4.625499201,2.83524332442,1.97042044517,nan,nan,nan,nan,nan,nan,-0.531533430204,0.259673009482,59.8501385106,-4.62442241715,-2.83430423994,-1.96896629692
34.965382089,nan,nan,nan,-0.000814737958295,-3.56797555952e-05,-0.00865784033486,0,0,0,0.000499007594123,0.000400339376781,-0.000296890003046,0.529193983486,-0.258506987853,-60.2400554408,4.6210519032,2.84033505164,1.98278428724,nan,nan,nan,nan,nan,nan,-0.529193983486,0.258506987853,60.2400554408,-4.62081568499,-2.840186834,-1.98300378573
35.015382089,nan,nan,nan,-0.000754827958673,-0.000248461562205,-0.00901937352323,0,0,0,0.00213166307554,-0.005541511314,-0.00217696112976,0.526500537909,-0.262623919378,-60.4913823451,4.64919817763,2.80948338762,1.99508575967,nan,nan,nan,nan,nan,nan,-0.526500537909,0.262623919378,60.4913823451,-4.64818909949,-2.81153502136,-1.99669524363
35.065382089,nan,nan,nan,-0.000601571650741,-0.000589830886995,-0.00887553644784,0,0,0,-0.000371112392355,-0.000443758851894,0.00398086715756,0.52370566996,-0.268254442323,-60.7055862567,4.68443026014,2.76984716322,2.0073693629,nan,nan,nan,nan,nan,nan,-0.52370566996,0.268254442323,60.7055862567,-4.68460593584,-2.77001145606,-2.0044262043
35.115382089,nan,nan,nan,-0.000791939197908,-0.000292837447395,-0.00862128680747,0,0,0,-0.00630804778057,0.00463847810892,0.00326501056426,0.51977727974,-0.273214152195,-60.8837074808,4.71774193893,2.73061475511,2.01994360217,nan,nan,nan,nan,nan,nan,-0.51977727974,0.273214152195,60.8837074808,-4.72072801736,-2.72889745136,-2.01752969497
35.165382089,nan,nan,nan,-0.0012323764288,-0.000125983076103,-0.00854903539141,0,0,0,-0.0318697795293,-0.0127262323061,-0.00862452205538,0.515243683825,-0.277701224777,-61.0557396773,4.75237530698,2.69018089894,2.03267620848,nan,nan,nan,nan,nan,nan,-0.515243683825,0.277701224777,61.0557396773,-4.76746169574,-2.69489253192,-2.03905254188
35.215382089,nan,nan,nan,-0.00397891715084,-0.001565460678,-0.00948373901301,0,0,0,-0.0699127550262,-0.0553561134272,-0.0112054540415,0.511349218906,-0.281357425249,-61.2252148449,4.7875758699,2.64928257322,2.04557963558,nan,nan,nan,nan,nan,nan,-0.511349218906,0.281357425249,61.2252148449,-4.82067089022,-2.6697770671,-2.05386411909
35.265382089,nan,nan,nan,-0.00822365193142,-0.00566159441883,-0.00966958079557,0,0,0,-0.077920249185,-0.0530560804061,-0.023168185287,0.506245970578,-0.283054689143,-61.3867104571,4.82140069582,2.60935873974,2.05814357499,nan,nan,nan,nan,nan,nan,-0.506245970578,0.283054689143,61.3867104571,-4.8582862717,-2.62900169239,-2.07527241675
35.315382089,nan,nan,nan,-0.0117709420693,-0.00687106871861,-0.0118005575417,0,0,0,-0.0686818466659,-0.0242115769057,-0.055473234034,0.501142136285,-0.284754873113,-61.5416463091,4.85390330481,2.57038826782,2.07070737366,nan,nan,nan,nan,nan,nan,-0.501142136285,0.284754873113,61.5416463091,-4.88641564266,-2.57935211994,-2.11172017788
35.365382089,nan,nan,nan,-0.015091836598,-0.0080827521094,-0.015216904199,0,0,0,-0.0694093148537,-0.0238092536222,-0.0730521521621,0.496038134111,-0.286455893698,-61.6963816121,4.88645189491,2.53138587034,2.083271132,nan,nan,nan,nan,nan,nan,-0.496038134111,0.286455893698,61.6963816121,-4.91930859874,-2.5402007703,-2.13728048745
35.415382089,nan,nan,nan,-0.0187118735547,-0.00925199408083,-0.0191057727579,0,0,0,-0.0815063147988,-0.0247330109501,-0.0778541017399,0.490934083838,-0.288157153977,-61.8501533943,4.91922622112,2.49223751056,2.09583487879,nan,nan,nan,nan,nan,nan,-0.490934083838,0.288157153977,61.8501533943,-4.95780935439,-2.50139441321,-2.15339444041
35.465382089,nan,nan,nan,-0.0232424680779,-0.0105560532044,-0.023002314373,0,0,0,-0.0960903029777,-0.0267888085347,-0.0801371653447,0.482354867148,-0.294165257349,-60.7121071835,4.88170202324,2.40989276522,2.07240004522,nan,nan,nan,nan,nan,nan,-0.482354867148,0.294165257349,60.7121071835,-4.9271888665,-2.4198107858,-2.13164753513
35.515382089,nan,nan,nan,-0.0283209038525,-0.0119308749343,-0.0271194892924,0,0,0,-0.100647110562,-0.0263492423993,-0.0792930606414,0.44221797041,-0.271992812434,-53.7467040146,4.34308225803,2.13960460941,1.90035012461,nan,nan,nan,nan,nan,nan,-0.44221797041,0.271992812434,53.7467040146,-4.39072618463,-2.14935988943,-1.95897354596
35.565382089,nan,nan,nan,-0.0333071791341,-0.0131909774443,-0.0309316204371,0,0,0,-0.105613096554,-0.0307016368893,-0.0748914742742,0.418651196115,-0.245399166081,-45.517200486,3.81412308388,1.83595929809,1.64911828468,nan,nan,nan,nan,nan,nan,-0.418651196115,0.245399166081,45.517200486,-3.86411778907,-1.84732596511,-1.70448749878
35.615382089,nan,nan,nan,-0.0388822135079,-0.0150010386232,-0.0346086367198,0,0,0,-0.113338364385,-0.0444244781858,-0.0764334737225,0.325452786553,-0.205823023541,-36.60369338,3.16231541051,1.55044660012,1.39502927545,nan,nan,nan,nan,nan,nan,-0.325452786553,0.205823023541,36.60369338,-3.21596707209,-1.56689387468,-1.45153852985
35.665382089,nan,nan,nan,-0.0446410155726,-0.0176334252629,-0.0385749678094,0,0,0,-0.113740983878,-0.05489642631,-0.0736469643498,0.282496183212,-0.163032714527,-27.8635026742,2.57964521631,1.30104322813,1.12703543702,nan,nan,nan,nan,nan,nan,-0.282496183212,0.163032714527,27.8635026742,-2.6334874683,-1.32136753204,-1.18148455259
35.715382089,nan,nan,nan,-0.0502563118957,-0.0204906812542,-0.0419733331548,0,0,0,-0.0929974981647,-0.0491917699855,-0.0583338775992,0.250077639758,-0.149042265166,-19.7168412168,2.01884035805,1.03388463783,0.864475753436,nan,nan,nan,nan,nan,nan,-0.250077639758,0.149042265166,19.7168412168,-2.06286314174,-1.05209690683,-0.907603505826
35.765382089,nan,nan,nan,-0.0539407653891,-0.0225526022615,-0.0444083555693,0,0,0,-0.0640646417028,-0.0218191158069,-0.0563133922274,0.158781619159,-0.0965268875814,-12.3602162352,1.46466788066,0.739956378929,0.634212065897,nan,nan,nan,nan,nan,nan,-0.158781619159,0.0965268875814,12.3602162352,-1.49499454449,-0.748034470174,-0.675846020919
35.815382089,nan,nan,nan,-0.056662776066,-0.0226725928349,-0.0476046723775,0,0,0,-0.0627621172169,-0.0367664133341,-0.0391931899768,0.101450502766,-0.0608633314461,-5.9517973002,0.879935936083,0.467154382346,0.43554241901,nan,nan,nan,nan,nan,nan,-0.101450502766,0.0608633314461,5.9517973002,-0.909646016082,-0.480766411555,-0.464518963383
35.865382089,nan,nan,nan,-0.0602169771108,-0.0262292435949,-0.048327674567,0,0,0,-0.0708099783973,-0.0783007285745,-0.000588349955915,0.0656268898406,-0.0386379065265,-1.32589471178,0.31090563416,0.17855398895,0.26241835913,nan,nan,nan,nan,nan,nan,-0.0656268898406,0.0386379065265,1.32589471178,-0.344425378494,-0.20754326769,-0.262853341549
35.915382089,nan,nan,nan,-0.0637437739057,-0.0305026656924,-0.0476635073731,0,0,0,-0.0658693946626,-0.0864114971921,0.0277447013596,0.0880888105993,-0.055727237618,0,0.000167181712854,0.000264266431798,0.055764830769,nan,nan,nan,nan,nan,nan,-0.0880888105993,0.055727237618,0,-0.0313481722806,-0.0322563950372,-0.0352524516917
35.965382089,nan,nan,nan,-0.066803916577,-0.0348703933141,-0.045553204431,0,0,0,-0.0627957981347,-0.115063124328,0.0478588694824,0,0,0,0,0,0,nan,nan,nan,nan,nan,nan,0,0,0,-0.0297260237378,-0.04259982052,0.0353833065389
36.015382089,nan,nan,nan,-0.0700233537192,-0.0420089781252,-0.0428776204249,0,0,0,-0.0625696396299,-0.161400908189,0.0570468337962,0,0,0.986781107345,0.0502287176668,0.0391922957108,0,nan,nan,nan,nan,nan,nan,0,0,-0.986781107345,-0.0798476833963,-0.0989477539497,0.0421762074432
36.065382089,nan,nan,nan,-0.07306088054,-0.051010484133,-0.0398485210514,0,0,0,-0.0529111115371,-0.196961001045,0.0589522838107,0,0,3.80842035375,0.00756209043518,0.0386179447012,0,nan,nan,nan,nan,nan,nan,0,0,-3.80842035375,-0.0326089407702,-0.111538816118,0.0435849561806
36.115382089,nan,nan,nan,-0.0753144648729,-0.0617050782297,-0.0369823920438,0,0,0,-0.0476362243941,-0.226489752887,0.0511190549201,0,0,7.34312698462,0.00430560250031,0.0682852007927,0,nan,nan,nan,nan,nan,nan,0,0,-7.34312698462,-0.0268554478591,-0.152138502004,0.0377936463978
36.165382089,nan,nan,nan,-0.0778245029794,-0.0736594594217,-0.0347366155594,0,0,0,-0.0498766040463,-0.251121987209,0.0404002459462,0,0,11.2777848503,0.00230672401506,0.102212916297,0,nan,nan,nan,nan,nan,nan,0,0,-11.2777848503,-0.0259171113321,-0.195185809621,0.0298689522344
36.215382089,nan,nan,nan,-0.0803021252775,-0.0868172769506,-0.0329423674492,0,0,0,-0.0418047514492,-0.267142274806,0.0267025818274,0,0,15.774975677,0.0018730494236,0.142153487332,0,nan,nan,nan,nan,nan,nan,0,0,-15.774975677,-0.0216624154456,-0.241057571734,0.0197419130122
36.265382089,nan,nan,nan,-0.0820049781244,-0.100373686902,-0.0320663573766,0,0,0,-0.0261122951627,-0.269810272378,0.00659926105932,0,0,20.3496120619,0.00211963823062,0.183197708752,0,nan,nan,nan,nan,nan,nan,0,0,-20.3496120619,-0.0144805720655,-0.283089565894,0.00487900528195
36.315382089,nan,nan,nan,-0.0829133547938,-0.113798304188,-0.0322824413433,0,0,0,-0.00811440150667,-0.260269239713,-0.0111647308987,0,0,25.2789930324,0.00255542823231,0.227527836538,0,nan,nan,nan,nan,nan,nan,0,0,-25.2789930324,-0.00639659115993,-0.323887317157,-0.00825437583642
36.365382089,nan,nan,nan,-0.082816418275,-0.126400610874,-0.0331828304665,0,0,0,0.010020970523,-0.240877873475,-0.0249698839409,3.91765277064e-06,-2.44843963479e-06,29.9689866648,0.00300286376617,0.269724494109,0.0200465538223,nan,nan,nan,nan,nan,nan,-3.91765277064e-06,2.44843963479e-06,-29.9689866648,0.00174082317611,-0.358904709206,-0.0385074382368
36.415382089,nan,nan,nan,-0.0819112577415,-0.137886091536,-0.0347794297373,0,0,0,0.0206014025668,-0.220444607584,-0.0407953084262,1.12242630931e-06,-7.01489702354e-07,35.6829020136,0.00357135691603,0.321148057848,0.0831392583412,nan,nan,nan,nan,nan,nan,-1.12242630931e-06,7.01489702354e-07,-35.6829020136,0.00618085262544,-0.402763264914,-0.113300290539
36.465382089,nan,nan,nan,-0.0807562780183,-0.148445071632,-0.0372623613091,0,0,0,0.0292445281098,-0.201482908722,-0.0608499446741,3.21580525237e-07,-2.0098017324e-07,39.6404684567,0.00396469950495,0.356764611342,0.125768987156,nan,nan,nan,nan,nan,nan,-3.21580525237e-07,2.0098017324e-07,-39.6404684567,0.00987895823353,-0.431359628639,-0.170756933352
36.515382089,nan,nan,nan,-0.0789868049305,-0.158034382408,-0.0408644242048,0,0,0,0.0443894838485,-0.155988850236,-0.076764058956,1.39758314976e-07,-8.73456115907e-08,37.1404423662,0.00371429648969,0.334264128894,0.075759147143,nan,nan,nan,nan,nan,nan,-1.39758314976e-07,8.73456115907e-08,-37.1404423662,0.0172986198166,-0.392015880917,-0.132512811795
36.565382089,nan,nan,nan,-0.0763173296335,-0.164043956656,-0.0449387672047,0,0,0,0.0587103192192,-0.0919112410673,-0.0867897289846,0,0,32.4999687745,0.00325012003499,0.292499793438,0,nan,nan,nan,nan,nan,nan,0,0,-32.4999687745,0.0245419360357,-0.326528092218,-0.0641659031713
36.615382089,nan,nan,nan,-0.0731157730086,-0.167225506515,-0.0495433971032,0,0,0,0.0661570630516,-0.0350957859257,-0.09039765573,0,0,27.6606815165,0.00276611498519,0.248946161967,0,nan,nan,nan,nan,nan,nan,0,0,-27.6606815165,0.0285510508939,-0.26193967479,-0.0668333372202
36.665382089,nan,nan,nan,-0.0697016233283,-0.167553535248,-0.0539785327777,0,0,0,0.0787052877168,0.0153531137806,-0.0857794103762,0,0,22.4033967117,0.00224035761363,0.201630580615,0,nan,nan,nan,nan,nan,nan,0,0,-22.4033967117,0.0350168366646,-0.1959463973,-0.0634189483558
36.715382089,nan,nan,nan,-0.0652452442369,-0.165690195137,-0.0581213381408,0,0,0,0.0975276449885,0.0620305804676,-0.0798688826191,0,0,17.5808019217,0.00175808777421,0.15822722188,0,nan,nan,nan,nan,nan,nan,0,0,-17.5808019217,0.0444091586999,-0.135261640073,-0.0590491415112
36.765382089,nan,nan,nan,-0.0599488588295,-0.161350477202,-0.0619654210396,0,0,0,0.106519346571,0.102646255758,-0.0680460702852,0,0,12.782853458,0.00127828864094,0.115045683114,0,nan,nan,nan,nan,nan,nan,0,0,-12.782853458,0.0491454135616,-0.0770429598447,-0.0503082289597
36.815382089,nan,nan,nan,-0.0545933095798,-0.155425569561,-0.0649259451694,0,0,0,0.105155681634,0.12922681435,-0.0504740057619,0,0,8.33558317645,0.000833559749711,0.0750202494539,0,nan,nan,nan,nan,nan,nan,0,0,-8.33558317645,0.0489446161995,-0.0271766059771,-0.0373167447839
36.865382089,nan,nan,nan,-0.0494332906661,-0.148427795767,-0.0670128216158,0,0,0,0.10100082561,0.143782791689,-0.0355682920897,0,0,4.27338487653,0.000427338908472,0.0384604641356,0,nan,nan,nan,nan,nan,nan,0,0,-4.27338487653,0.0473840279154,0.0147722388315,-0.0262965631175
36.915382089,nan,nan,nan,-0.0444932270188,-0.141047290392,-0.0684827743783,0,0,0,0.0947562585348,0.149890878999,-0.022085842354,0,0,1.57280131597,0.000157280266838,0.0141552119255,0,nan,nan,nan,nan,nan,nan,0,0,-1.57280131597,0.0446980583733,0.0413388882061,-0.0163286374842
36.965382089,nan,nan,nan,-0.0399576648126,-0.133438707867,-0.0692214058512,0,0,0,0.0875148535087,0.152035247697,-0.0106856805917,0,0,0,0,0,0,nan,nan,nan,nan,nan,nan,0,0,0,0.0414274312945,0.0562880097548,-0.00790020148916
37.015382089,nan,nan,nan,-0.0357417416679,-0.125843765622,-0.0695513424375,0,0,0,0.0826805522836,0.151814375641,-0.00372204721878,0,0,0,0,0,0,nan,nan,nan,nan,nan,nan,0,0,0,0.0391389891178,0.0562062362935,-0.00275180628207
37.065382089,nan,nan,nan,-0.0316896095842,-0.118257270303,-0.0695936105731,0,0,0,0.0781697116106,0.152069011225,0.00031495542146,0,0,0,0,0,0,nan,nan,nan,nan,nan,nan,0,0,0,0.0370036654034,0.0563005100257,0.000232854731926
37.115382089,nan,nan,nan,-0.0279247705069,-0.1106368645,-0.0695198468954,0,0,0,0.0717381304156,0.152958680719,0.00256126414976,0,0,0,0,0,0,nan,nan,nan,nan,nan,nan,0,0,0,0.0339591092236,0.0566298923625,0.00189360917879
37.165382089,nan,nan,nan,-0.0245157965427,-0.102961402231,-0.0693374841581,0,0,0,0.0634489581291,0.154155427009,0.00310559464665,0,0,0,0,0,0,nan,nan,nan,nan,nan,nan,0,0,0,0.0300352140033,0.0570729637415,0.00229604686773
37.215382089,nan,nan,nan,-0.021579874694,-0.095221321799,-0.0692092874307,0,0,0,0.0536942280727,0.156743120916,0.00416646584278,0,0,0,0,0,0,nan,nan,nan,nan,nan,nan,0,0,0,0.0254175589081,0.0580310056568,0.00308037652568
37.265382089,nan,nan,nan,-0.0191463737354,-0.0872870901391,-0.0689208375738,0,0,0,0.0452647853056,0.15835690589,0.00582019184706,0,0,0,0,0,0,nan,nan,nan,nan,nan,nan,0,0,0,0.0214272630088,0.0586284772677,0.00430301915752
37.315382089,nan,nan,nan,-0.0170533961634,-0.07938563121,-0.068627268246,0,0,0,0.0381218631609,0.159372351982,0.00554258071171,0,0,0,0,0,0,nan,nan,nan,nan,nan,nan,0,0,0,0.0180459750957,0.0590044258741,0.00409777402727
37.365382089,nan,nan,nan,-0.0153341874193,-0.0713498549409,-0.0683665795027,0,0,0,0.0338810031248,0.161460341895,0.0055737300395,0,0,0,0,0,0,nan,nan,nan,nan,nan,nan,0,0,0,0.0160384537352,0.0597774623798,0.00412080353519
37.415382089,nan,nan,nan,-0.0136652958509,-0.0632395970204,-0.068069895242,0,0,0,0.0319360190057,0.164242806897,0.00774304142974,0,0,0,0,0,0,nan,nan,nan,nan,nan,nan,0,0,0,0.0151177449329,0.0608076143974,0.00572463184808
37.465382089,nan,nan,nan,-0.0121405855187,-0.0549255742513,-0.0675922753597,0,0,0,0.0310057223075,0.166630146972,0.0080814860988,0,0,0,0,0,0,nan,nan,nan,nan,nan,nan,0,0,0,0.014677364803,0.0616914793134,0.00597485279148
37.515382089,nan,nan,nan,-0.0105647236202,-0.0465765823233,-0.0672617466322,0,0,0,0.0332867649709,0.169868056675,0.00835802517249,0,0,0,0,0,0,nan,nan,nan,nan,nan,nan,0,0,0,0.0157571556549,0.0628902506227,0.00617930531867
37.565382089,nan,nan,nan,-0.00881190902165,-0.0379387685838,-0.0667564728424,0,0,0,0.0363388294757,0.174117527433,0.011270025903,0,0,0,0,0,0,nan,nan,nan,nan,nan,nan,0,0,0,0.0172019297419,0.0644635321814,0.00833222317073
37.615382089,nan,nan,nan,-0.00693084067259,-0.02916482958,-0.0661347440419,0,0,0,0.040860885989,0.176164442191,0.0120146576795,0,0,0,0,0,0,nan,nan,nan,nan,nan,nan,0,0,0,0.0193425627659,0.0652213614323,0.00888274880353
37.665382089,nan,nan,nan,-0.00472582042275,-0.0203223243647,-0.0655550070745,0,0,0,0.0464500045161,0.177078462164,0.0123287484275,0,0,0,0,0,0,nan,nan,nan,nan,nan,nan,0,0,0,0.0219883173378,0.0655597590469,0.00911496425994
37.715382089,nan,nan,nan,-0.00228584022098,-0.0114569833636,-0.0649018691991,0,0,0,0.0504173905758,0.177044331015,0.0144047611704,0,0,0,0,0,0,nan,nan,nan,nan,nan,nan,0,0,0,0.0238663826812,0.0655471226716,0.0106498144571
37.765382089,nan,nan,nan,0.000315918634828,-0.00261789126325,-0.0641145309574,0,0,0,0.0540074782117,0.17516023725,0.0152661031569,0,0,0,0,0,0,nan,nan,nan,nan,nan,nan,0,0,0,0.025565844006,0.0648495746372,0.0112866269826
37.815382089,nan,nan,nan,0.0031149076002,0.00605904036143,-0.0633752588834,0,0,0,0.0585123457641,0.171518481508,0.0147214638791,0,0,0,0,0,0,nan,nan,nan,nan,nan,nan,0,0,0,0.0276983401884,0.0635012874088,0.0108839610039
37.865382089,nan,nan,nan,0.00616715321124,0.0145339568876,-0.0626423845695,0,0,0,0.0604909803687,0.165382103301,0.0152176512562,0,0,0,0,0,0,nan,nan,nan,nan,nan,nan,0,0,0,0.028634978323,0.061229416105,0.0112508052326
37.915382089,nan,nan,nan,0.00916400563707,0.0225972506915,-0.0618534937578,0,0,0,0.0593271272359,0.157403320552,0.0151393197919,0,0,0,0,0,0,nan,nan,nan,nan,nan,nan,0,0,0,0.0280840381824,0.0582754313678,0.0111928927445
37.965382089,nan,nan,nan,0.0120998659348,0.0302742889427,-0.0611284525903,0,0,0,0.0576157564148,0.147103312392,0.0133019464587,0,0,0,0,0,0,nan,nan,nan,nan,nan,nan,0,0,0,0.0272739163086,0.054462059347,0.00983447486751
38.015382089,nan,nan,nan,0.0149255812785,0.0373075819307,-0.0605232991119,0,0,0,0.0536572888251,0.134802808801,0.0125474844984,0,0,0,0,0,0,nan,nan,nan,nan,nan,nan,0,0,0,0.0254000727549,0.0499080439026,0.00927668152426
38.065382089,nan,nan,nan,0.0174655948173,0.0437545698229,-0.0598737041405,0,0,0,0.0476351934589,0.122582583643,0.0125618678398,0,0,0,0,0,0,nan,nan,nan,nan,nan,nan,0,0,0,0.0225493573388,0.0453837499421,0.00928731550249
38.115382089,nan,nan,nan,0.0196891006244,0.049565840295,-0.059267112328,0,0,0,0.0411910867708,0.108185123595,0.0114159429499,0,0,0,0,0,0,nan,nan,nan,nan,nan,nan,0,0,0,0.0194988718912,0.0400533783086,0.00844010343738
38.165382089,nan,nan,nan,0.0215847034944,0.0545730821824,-0.0587321098455,0,0,0,0.0316743675699,0.0949299498175,0.0113270954284,0,0,0,0,0,0,nan,nan,nan,nan,nan,nan,0,0,0,0.0149938854228,0.0351459153209,0.00837441615471
38.215382089,nan,nan,nan,0.0228565373814,0.0590588352768,-0.0581344027851,0,0,0,0.0208490027253,0.0841139206195,0.012375228095,0,0,0,0,0,0,nan,nan,nan,nan,nan,nan,0,0,0,0.00986941751409,0.0311414968309,0.00914932788655
38.265382089,nan,nan,nan,0.0236696037669,0.0629844742443,-0.057494587036,0,0,0,0.0133253232237,0.073524825205,0.0123146356737,0,0,0,0,0,0,nan,nan,nan,nan,nan,nan,0,0,0,0.00630788820634,0.0272210960357,0.00910453033412
38.315382089,nan,nan,nan,0.0241890697038,0.0664113177973,-0.0569029392177,0,0,0,0.00631518727382,0.0649312077009,0.014115493458,0,0,0,0,0,0,nan,nan,nan,nan,nan,nan,0,0,0,0.00298945809093,0.0240394810271,0.0104359513163
38.365382089,nan,nan,nan,0.0243011224943,0.0694775950144,-0.0560830376902,0,0,0,-0.00367904243554,0.0589042636084,0.0162439556442,0,0,0,0,0,0,nan,nan,nan,nan,nan,nan,0,0,0,-0.00174157039196,0.0218081255157,0.0120095787506
38.415382089,0.0195722860247,0.113429438605,0.177712405505,0.0238211654602,0.0723017441581,-0.0552785436533,0,0,0,-0.0116802750486,0.0536853295758,0.0170182805782,0,0,0,0,0,0,-0.700930015163,-2.83019332071,-4.30110213557,-0.266305386744,0.134820192465,0.238534578779,0,0,0,-0.00552916188139,0.0198759195688,0.0125820573068
38.465382089,0.0155577032656,0.111028919098,0.17881049745,0.0231330949895,0.074846127972,-0.0543812096324,-0.0828350356526,-0.0562020898199,0.0233083507801,-0.0167611652146,0.0486138456112,0.0195067601049,0,0,0,0,0,0,-0.586235131756,-2.78248257105,-4.29597143559,-0.242058107725,0.125517777435,0.219206197583,-1.2808563462,-0.869038117125,0.360410891128,-0.00793433334465,0.0179983040606,0.0144218549213
38.515382089,0.0112887824595,0.107809229623,0.180043240583,0.0221450489388,0.0771631287192,-0.0533278676428,-0.0677282803139,-0.0847873212603,0.0325937536851,-0.0217427144678,0.0451085940945,0.0213585845688,0,0,0,0,0,0,-0.464236547825,-2.71548317304,-4.29037530983,-0.215467552622,0.113950702123,0.198263052779,-1.04726456594,-1.31104402452,0.503988631441,-0.0102924792039,0.0167005547916,0.0157909568949
38.565382089,0.00878487523421,0.102550186972,0.182069872819,0.0209588235427,0.0793569873814,-0.0522453511755,-0.0296676333736,-0.138263690799,0.0500421903604,-0.0261250838467,0.0425997521996,0.0219117734368,0,0,0,0,0,0,-0.388492675704,-2.60419378411,-4.30573366357,-0.197090714949,0.0958359008439,0.180909843648,-0.458742803499,-2.13793504662,0.773789213657,-0.012366987691,0.0157717062569,0.0161999438079
38.615382089,0.0083220191221,0.0939828605429,0.185047459619,0.0195325405541,0.0814231039392,-0.0511366902992,-0.0107587184422,-0.221305455325,0.0694439508919,-0.0282341034892,0.039171861936,0.0206459536265,0,0,0,0,0,0,-0.364001161964,-2.41812517754,-4.33775223335,-0.188004871886,0.0669931154337,0.166082589749,-0.166359230549,-3.42198798694,1.07379352836,-0.0133653469733,0.0145025984446,0.0152640903109
38.665382089,0.00770900338999,0.0804196414391,0.189014267908,0.0181354131938,0.083274173575,-0.0501807558129,-0.0141322101664,-0.321864524321,0.0893813122096,-0.0293552946353,0.0382673643974,0.01753198055,0,0,0,0,0,0,-0.334067766668,-2.12369972688,-4.37441753097,-0.17808848034,0.0216148322785,0.146520887361,-0.218522644855,-4.97690639407,1.38207969699,-0.0138960919533,0.0141677263209,0.0129618490521
38.715382089,0.00690879810546,0.0617964081108,0.19398559084,0.0165970110906,0.0852498403789,-0.0493834922442,-0.0156560834551,-0.274900250114,0.0690271630022,-0.0291073041273,0.0384694374201,0.0135784125799,0,0,0,0,0,0,-0.298751492664,-1.73752885765,-4.43752085442,-0.166912846797,-0.0418151104278,0.123349925294,-0.242085896288,-4.25071018749,1.06734884696,-0.0137786991986,0.014242539816,0.010038873459
38.765382089,0.00614339504449,0.0529296164277,0.195916984208,0.015224682781,0.087121117317,-0.0488229145549,-0.0147150672956,-0.085452594892,0.00960314207214,-0.0249304871161,0.0390076378879,0.00799803176447,0,0,0,0,0,0,-0.270033549096,-1.56264619494,-4.46120583003,-0.156897320295,-0.072789017696,0.113114984899,-0.22753521118,-1.32133097553,0.148490857397,-0.0118014942691,0.0144417977752,0.0059131528323
38.815382089,0.0054372913759,0.0532511486216,0.194945905047,0.014103962379,0.0891506041677,-0.0485836890677,-0.0131535999809,0.0216591088729,-0.0286502490134,-0.0204634038641,0.0409618854299,0.00196168161355,0,0,0,0,0,0,-0.246357704064,-1.57177323765,-4.4179690784,-0.147942571188,-0.0731034241663,0.113640543606,-0.20339065322,0.334909097754,-0.443011257011,-0.00968688426758,0.0151653188427,0.00145032222062
38.865382089,0.0048280350464,0.055095527315,0.193051959307,0.0131783423946,0.09121730586,-0.0486267463935,-0.0112166531991,0.0521160388628,-0.0471075806008,-0.0156530333389,0.0440406729972,-0.00491380432813,0,0,0,0,0,0,-0.226139524642,-1.60673849293,-4.34472420238,-0.139691592029,-0.0685424271131,0.116294956442,-0.173440155123,0.805856587014,-0.728412115613,-0.00740977030983,0.0163051783638,-0.0036329032987
38.915382089,0.00431562605599,0.0584627525079,0.190235146987,0.0125386590451,0.0935546714674,-0.0490750695005,0.00281396525489,0.0567409617548,-0.0526112792,-0.00838447253614,0.0501236466343,-0.0116355231248,0,0,0,0,0,0,-0.209953140686,-1.66819134796,-4.24317874397,-0.132392647664,-0.0600511607113,0.121309348286,0.0435116038317,0.877370551971,-0.813514357953,-0.00396900807127,0.0185572776934,-0.00860244476977
38.965382089,0.00510943157189,0.0607696234905,0.187790831387,0.012339895141,0.0962296705234,-0.049790298706,0.0315463482236,0.0286093110938,-0.0418976967568,-0.00154593194853,0.0577848585395,-0.0172724233481,0,0,0,0,0,0,-0.227910329211,-1.70785634556,-4.1558828425,-0.132888424754,-0.056452733748,0.127706992203,0.487792876568,0.442378244739,-0.647853053473,-0.000731807082065,0.0213936881771,-0.0127699516642
39.015382089,0.00747026087835,0.0613236836173,0.186045377311,0.0123840658502,0.0993331573214,-0.0508023118353,0.0453718841112,0.00425188325052,-0.0356942417815,0.00407496618736,0.0670405896255,-0.021896645028,0,0,0,0,0,0,-0.284649150709,-1.71341930317,-4.09168923153,-0.14182429484,-0.060058448943,0.135912181717,0.701573497795,0.0657457512009,-0.551930662532,0.00192899119391,0.024820437497,-0.0161887589819
39.065382089,0.009646619983,0.0611948118155,0.184221407209,0.0127473917597,0.102933729486,-0.0519799632088,0.0232706467315,-0.000762050533585,-0.0441471587319,0.0048059375545,0.0776993264528,-0.0220977235539,0,0,0,0,0,0,-0.337480428522,-1.70540255011,-4.0202040205,-0.150527636231,-0.0675450011323,0.144291233279,0.359827883351,-0.0117833867563,-0.68263589172,0.0022750154958,0.0287666216326,-0.0163374215642
39.115382089,0.0097973255515,0.0612474785639,0.181630661438,0.0128646596057,0.107103089967,-0.0530120841907,-0.0146742818953,-0.000395457316196,-0.0611168827416,0.00153411918677,0.0888890758486,-0.020105388276,0,0,0,0,0,0,-0.339057011383,-1.70010570776,-3.91272836193,-0.148198802683,-0.0763319124646,0.149945115775,-0.226904557273,-0.00611485235818,-0.945034266028,0.000726215204157,0.0329094025514,-0.0148644362926
39.165382089,0.00817919179348,0.0611552660839,0.178109718935,0.0129008036784,0.111822637071,-0.0539905020364,-0.0353815123162,-0.00652532831365,-0.079639787891,-0.000956149574636,0.101906767043,-0.0178127544152,0,0,0,0,0,0,-0.297452652492,-1.6883581729,-3.76277427419,-0.136751318793,-0.0877937904991,0.152779879381,-0.54709500915,-0.100899433624,-1.23144907136,-0.000452618261043,0.0377289423625,-0.0131694324707
39.215382089,0.00625917431988,0.0605949457325,0.173666682649,0.0127690446482,0.117293766671,-0.0547933596322,-0.0402151234122,-0.0149224829832,-0.0980238438779,-0.00359144228847,0.115569469056,-0.0131553973461,0,0,0,0,0,0,-0.248380238661,-1.66230749362,-3.57613859099,-0.123002556656,-0.103456095324,0.154352908398,-0.621835864859,-0.230742425346,-1.51571688864,-0.00170010258474,0.0427872845285,-0.00972612729829
39.265382089,0.00415767945226,0.0596630177856,0.168307334547,0.0125416594496,0.123379583976,-0.055306041771,-0.0411234926953,-0.0196947329123,-0.116445178458,-0.00724633997253,0.129346917685,-0.00655656070204,0,0,0,0,0,0,-0.196122016748,-1.6236138671,-3.35737084509,-0.108022373593,-0.122799605888,0.154587586883,-0.635881739914,-0.304534469488,-1.80056113499,-0.00343024343083,0.0478881093345,-0.0048474357976
39.315382089,0.00214682505035,0.0586254724413,0.162022164803,0.012044410651,0.13022845844,-0.0554490157024,-0.039560945304,-0.0216977026024,-0.134149232388,-0.0112973990663,0.144545434266,0.00165015735045,0,0,0,0,0,0,-0.14693622665,-1.5779364534,-3.11198469463,-0.0927284696491,-0.145686067526,0.153967474418,-0.611720481014,-0.335505862433,-2.07431425952,-0.00534791758041,0.0535150561282,0.00122000423328
39.365382089,0.000201584921859,0.0574932475253,0.154892411308,0.0114119195429,0.137834127403,-0.055141026036,-0.0394758443392,-0.0272267080931,-0.147954496332,-0.0145623511415,0.164780682385,0.0101270590206,0,0,0,0,0,0,-0.101448048683,-1.52587099912,-2.84677905648,-0.0776775654331,-0.17238837269,0.152231618136,-0.610404587203,-0.420999418572,-2.28778142103,-0.00689346753397,0.0610067520396,0.00748719803748
39.415382089,-0.00180075938357,0.055902801632,0.14722671517,0.0105881755368,0.146706526678,-0.0544363098004,-0.0406179278779,-0.0363911276408,-0.15867334918,-0.01498190238,0.188487705842,0.0228055324221,0,0,0,0,0,0,-0.0576679631097,-1.46523024792,-2.57369374031,-0.0626005998483,-0.206092020959,0.149513955089,-0.628064324256,-0.562706425087,-2.45352422038,-0.00709207302105,0.0697838033339,0.0168607230635
39.465382089,-0.00386020786593,0.0538541347613,0.13902507639,0.00991372930494,0.156682897987,-0.0528604727938,-0.0435948670346,-0.043381150572,-0.176733045215,-0.0125814183864,0.209760789783,0.0372887146772,0,0,0,0,0,0,-0.0174308598005,-1.39555348435,-2.29609870841,-0.0486956516689,-0.246270151617,0.144476819076,-0.674095950621,-0.67079130923,-2.73277654513,-0.00595574151006,0.0776597372014,0.0275685162674
39.515382089,-0.00616024608703,0.0515646865748,0.129553410649,0.00933003369817,0.167682605656,-0.0507074383327,-0.0486834598135,-0.0461671861875,-0.203943801619,-0.0117134250718,0.230854094145,0.0473943355261,0,0,0,0,0,0,0.0220944106316,-1.31446737548,-1.99755124763,-0.0351640835213,-0.293363565427,0.137543570397,-0.752779520958,-0.713871044402,-3.15352930694,-0.00554485430677,0.0854691112752,0.0350398645072
39.565382089,-0.00872855384729,0.0492374161425,0.118630696228,0.00874238679776,0.179768307402,-0.0481210392411,-0.0516217040837,-0.0505792147154,-0.227066404431,-0.0127404311008,0.251156733174,0.0536587692342,0,0,0,0,0,0,0.0600480225279,-1.22386628859,-1.68313836796,-0.0221326724537,-0.348297841768,0.129052345198,-0.79821281848,-0.782093079862,-3.51106802614,-0.00603101431278,0.092985757323,0.0396713232229
39.615382089,-0.0113224164954,0.0465067651033,0.106846770206,0.00805599058809,0.192798278974,-0.0453415614092,-0.0511593233899,-0.0611288016085,-0.242702604416,-0.0116880016562,0.268103525433,0.0568842891632,0,0,0,0,0,0,0.091513945131,-1.12187908029,-1.37615451366,-0.0107002214183,-0.412132176333,0.120143936564,-0.791063147554,-0.94521856433,-3.75284646957,-0.00553281947198,0.0992599682212,0.0420560339699
39.665382089,-0.0138444861863,0.0431245359817,0.0943604357864,0.00757358663215,0.206578659945,-0.0424326103248,-0.0511028436414,-0.0680089098427,-0.256817135132,-0.010805277371,0.280540488641,0.0599839775653,0,0,0,0,0,0,0.113848020384,-1.00644644631,-1.08606753185,-0.00238943812081,-0.484964717936,0.111342231737,-0.790189816075,-1.05160386645,-3.97109574173,-0.00511495898078,0.10386450511,0.0443477141975
39.715382089,-0.0164327008595,0.039705874119,0.0811650566923,0.00697546285099,0.220852327838,-0.0393431636527,-0.0533879783257,-0.0610643857598,-0.269193387183,-0.0175475424853,0.284939470984,0.0640240645165,0,0,0,0,0,0,0.13023771365,-0.886938130176,-0.821446388419,0.00410194720405,-0.564828402711,0.102027947564,-0.825524252032,-0.944222519021,-4.16246646859,-0.0083065854715,0.105493140342,0.0473346555227
39.765382089,-0.0191832840188,0.0370180974057,0.0674410970681,0.00581883238362,0.235072607043,-0.0360302038732,-0.0517577767757,-0.0470754867805,-0.276809621061,-0.029287714,0.278786116392,0.0682932750869,0,0,0,0,0,0,0.143841102131,-0.773025843929,-0.592679106855,0.0103899467193,-0.64808960658,0.0912048358322,-0.80031687469,-0.727915857319,-4.28023428773,-0.0138641009025,0.103214983872,0.0504909938969
39.815382089,-0.0216084785371,0.0349983254409,0.0534840945862,0.00404669145099,0.248730939477,-0.032513836144,-0.042917758822,-0.0348116877029,-0.279562488973,-0.0441665477801,0.260086554874,0.0715726592549,0,0,0,0,0,0,0.151005797628,-0.662107403521,-0.402770729188,0.01588622322,-0.731999862074,0.0792580550007,-0.663626004609,-0.538283961187,-4.32280115943,-0.020907383722,0.0962918452112,0.0529155278763
39.865382089,-0.023475059901,0.0335369286354,0.0394848481707,0.00140217760561,0.261081262531,-0.0288729379477,-0.0321970156987,-0.0248279256392,-0.278479094665,-0.0640471221931,0.22460180564,0.0702204922637,0,0,0,0,0,0,0.152954856963,-0.55219511283,-0.249010304873,0.0217459010673,-0.811752344156,0.066403225638,-0.497853976418,-0.383907677077,-4.3060489185,-0.0303183705153,0.083154326502,0.0519158356634
39.915382089,-0.024828180107,0.032515532877,0.0256361851197,-0.00235802076832,0.271191120041,-0.0254917869176,-0.0222764886311,-0.0196935630541,-0.274647198345,-0.0868066602186,0.168501794818,0.0652981597135,0,0,0,0,0,0,0.153583727571,-0.44446806803,-0.125561167938,0.0297161863723,-0.880693196771,0.0537679227628,-0.344455478402,-0.304516380278,-4.24679731463,-0.0410921895877,0.0623844194955,0.0482766272283
39.965382089,-0.0257027087642,0.03156757233,0.0120201283362,-0.00727848841625,0.277931442013,-0.0223431219763,-0.0128246540273,-0.0210736263805,-0.267576373215,-0.112040381182,0.0963753059787,0.0550653855505,0,0,0,0,0,0,0.154854835055,-0.338127470959,-0.0225640477324,0.0406136341743,-0.929848994625,0.0415132162737,-0.19830424855,-0.32585593613,-4.13746300735,-0.0530372274824,0.0356810295325,0.0407112712375
40.015382089,-0.0261106455097,0.030408170239,-0.00112145220181,-0.0135620588865,0.280828650639,-0.0199852483626,-0.00157476974688,-0.0216597048423,-0.251848435792,-0.136006501217,0.013945832201,0.0408965528375,0,0,0,0,0,0,0.157342551386,-0.237352593149,0.0687584386437,0.0556064409847,-0.954348421097,0.0323140331371,-0.0243502499661,-0.334918313072,-3.89426605208,-0.06438221352,0.00516316545578,0.0302358848231
40.065382089,-0.0258601857388,0.0294016018458,-0.013164715243,-0.0208791385379,0.279326025233,-0.0182534666926,0.0119307249493,-0.0176925818841,-0.229072842923,-0.153145096987,-0.0785658713634,0.028922854242,0,0,0,0,0,0,0.159857540649,-0.15245815175,0.154292275728,0.073828174646,-0.948929632778,0.0257936267601,0.184481658584,-0.273575735295,-3.54209305626,-0.0724952134312,-0.0290874425549,0.0213834181353
40.115382089,-0.0249175730148,0.0286389120506,-0.0240287364941,-0.0288765685852,0.272972063503,-0.0170929629384,0.0289434451582,-0.013122491538,-0.202842034031,-0.161674952038,-0.17341513585,0.018101931692,0,0,0,0,0,0,0.159345411763,-0.0857998388845,0.240143542983,0.0937007525293,-0.910971000221,0.0217139962869,0.4475448718,-0.202909631558,-3.13649296481,-0.0765330420958,-0.0642034857456,0.0133832287501
40.165382089,-0.022965841223,0.028089352692,-0.0334489186461,-0.0370466337417,0.261984511648,-0.0164432735234,0.0493984812427,-0.00884694803143,-0.173676818011,-0.160665966597,-0.265417050205,0.00719524004138,0,0,0,0,0,0,0.148914315557,-0.0366155854416,0.323166609063,0.113035291556,-0.843909423803,0.0200766163434,0.763835709055,-0.136798028048,-2.68551890857,-0.0760554126037,-0.0982653544973,0.00531962803883
40.215382089,-0.0199777248905,0.0277542172474,-0.0413964182953,-0.0449431652448,0.246430358482,-0.0163734389343,0.0651288964547,-0.00415718705851,-0.141954001615,-0.148381509448,-0.351114857005,-0.00364687052496,0,0,0,0,0,0,0.12568551912,-0.0042435923363,0.397770436427,0.129558817476,-0.751923739738,0.0207413838089,1.00707097773,-0.0642814889168,-2.19499735112,-0.0702402454167,-0.129993253509,-0.00269622619774
40.265382089,-0.0164529515776,0.0276736339861,-0.0476443188077,-0.0518847846865,0.226873025947,-0.0168079605759,0.0768911450682,-0.000855764316858,-0.106175825268,-0.124992618006,-0.425691471328,-0.0145169260984,0,0,0,0,0,0,0.0935564535599,0.00988977298471,0.457383879247,0.140328704468,-0.643250878728,0.0225508069622,1.18894753109,-0.0132324583126,-1.64176883049,-0.0591685055412,-0.15760375343,-0.0107327409047
40.315382089,-0.0122886103837,0.0276686408157,-0.052014000822,-0.0574424270454,0.203861211349,-0.0178251315441,0.0860749147542,-0.00466880294132,-0.0715815497616,-0.0959799345024,-0.485784569021,-0.0255817805447,0,0,0,0,0,0,0.0527806036201,0.00949936774297,0.492857757668,0.14405449111,-0.526256292291,0.0255877439848,1.3309537437,-0.0721924706066,-1.10684665686,-0.045434597475,-0.179852020989,-0.018913275483
40.365382089,-0.00784546010214,0.027206753692,-0.0548024737838,-0.0614827781368,0.178294569045,-0.0193661386303,0.0895477718022,-0.0182958534189,-0.0419730722612,-0.0632136766579,-0.527228982046,-0.0349639383771,0,0,0,0,0,0,0.00872639045851,0.00187797835504,0.50404590252,0.140753931843,-0.41010815139,0.02923935189,1.38465361785,-0.282903964199,-0.649018565051,-0.0299238374016,-0.195195986023,-0.0258497487046
40.415382089,-0.00333383320347,0.0258390554738,-0.0562113080481,-0.0637637947112,0.151138313145,-0.0213215253818,0.0883062134486,-0.0340164779144,-0.0160215432697,-0.0274528299784,-0.549021873194,-0.0409941691358,0,0,0,0,0,0,-0.0339744997634,-0.00635020585934,0.492007084165,0.131044935915,-0.302552262028,0.0326381745324,1.36545572792,-0.525987841602,-0.247736905178,-0.0129955108439,-0.203264368112,-0.0303080550905
40.465382089,0.000985161242717,0.0238051059005,-0.0564046281108,-0.0642280611346,0.123392381726,-0.0234655555439,0.0809083463292,-0.0439732792348,0.0075298700177,0.00911413582243,-0.550309139123,-0.0375042377207,0,0,0,0,0,0,-0.0707918908089,-0.0147408650181,0.462751323297,0.11649614497,-0.209958996412,0.0344385906206,1.25106445648,-0.679947238839,0.116432397502,0.00431441315908,-0.203740952578,-0.0277278580571
40.515382089,0.00475700142945,0.0214417275504,-0.0554583210464,-0.062852381129,0.0961073992324,-0.0250719491539,0.0690483105702,-0.0462907519581,0.0272422709991,0.0486690216706,-0.539996429482,-0.0274998155082,0,0,0,0,0,0,-0.0978312736095,-0.0233972853122,0.42204762334,0.0987152212654,-0.136002023164,0.0331905051367,1.06767584623,-0.715781709378,0.421240063691,0.0230387468024,-0.199922878087,-0.0203313286004
40.565382089,0.00788999229974,0.0191760307047,-0.0536804010109,-0.0593611589676,0.0693927387776,-0.0262155370947,0.0546471179116,-0.0402829230038,0.0413261684907,0.101187001461,-0.532418762192,-0.00965676898395,-0.106669029601,-0.106669029601,0,0.000320007088804,-0.000320007088804,0.0297462589397,-0.114581606002,-0.0338450314809,0.376817375347,0.0791325139725,-0.0805359951233,0.0297554081539,0.951663025525,-0.516215202492,0.639015662374,0.0475794909147,-0.196797391238,-0.0368857593256
40.615382089,0.0102217132206,0.01741343525,-0.0513257041973,-0.0527336809829,0.0428655230132,-0.0260376260523,0.0355789082661,-0.0275811718837,0.0528659449206,0.149736367655,-0.523339149783,0.00327715549049,-0.344376245086,-0.344376245086,0,0.00103312873526,-0.00103312873526,0.0960344815858,-0.120020294404,-0.0478328260697,0.331836831955,0.0581303705577,-0.0418017993195,0.0240882619293,0.894523535836,-0.0821041537523,0.817452186939,0.0698484740396,-0.192722724689,-0.0936115953257
40.665382089,0.0114478831264,0.0164179135164,-0.0483938065188,-0.0443875222021,0.0170588237993,-0.0258878215457,0.00399216971242,-0.0085193389012,0.0587678180539,0.173728554705,-0.490850513577,0.00389820200825,-0.6213798076,-0.6213798076,0,0.0018641394228,-0.0018641394228,0.173281080046,-0.115086206654,-0.0654340137779,0.288295287049,0.0412682831837,-0.0194547574392,0.0196518703559,0.683109676743,0.489647513275,0.908711297261,0.0803747888894,-0.179863446219,-0.170399037948
40.715382089,0.0106209301919,0.0165615013598,-0.0454489223919,-0.0353608255124,-0.00621952834452,-0.0256478058514,-0.0373718054262,0.0141536149831,0.0585619592288,0.171606625303,-0.425905459498,0.00120059984608,-0.955761476351,-0.955761476351,0,0.00286728442905,-0.00286728442905,0.266528424103,-0.0972602772116,-0.0868375801733,0.252150727968,0.0305462588395,-0.00788149349005,0.0180450461931,0.377891088877,1.17461509825,0.905528156451,0.0783671734306,-0.154815693841,-0.265640789421
40.765382089,0.00771070258374,0.0178332750147,-0.0425376105959,-0.0272268596717,-0.0255317221505,-0.0257677615611,-0.0617385186177,0.022882530637,0.0598131876071,0.153373821859,-0.354804541726,-0.00756092481719,-1.29685278021,-1.39946158701,0,0.00419838476104,-0.00389055834062,0.390214168455,-0.0700108228414,-0.10990535061,0.222062382335,0.0234629024001,0.00257316295377,0.0190548664327,0.3422063223,1.75328813338,0.924875571422,0.0684051015353,-0.127468727143,-0.395804156757
40.815382089,0.00444707833009,0.0188497544235,-0.0394676036312,-0.0200234433265,-0.0416999825171,-0.0264038983332,-0.0677555885908,0.0167600913062,0.0631506613649,0.133288485616,-0.300552217455,-0.0143678254464,-1.58413380141,-1.91449591784,0,0.00574348775353,-0.00475240140423,0.533735589367,-0.0440355966003,-0.126215171765,0.193169557326,0.0171423191183,0.0168247909549,0.0212390811063,0.536446974776,2.17365279686,0.976482049396,0.0573520824136,-0.106521046064,-0.544358096283
40.865382089,0.000935143724659,0.0195092841453,-0.0362225444594,-0.0138980111101,-0.055586943896,-0.0272045441057,-0.073617485773,0.016382800911,0.0657255596122,0.112326683364,-0.263010188629,-0.0163465963568,-1.94827520897,-2.36708754485,0,0.00710126263455,-0.00584482562691,0.659907308582,-0.0202584598467,-0.136819346157,0.165692116453,0.0106507210447,0.0342089861383,0.0235633982057,0.80994740962,2.62041048182,1.01629702304,0.0460714934295,-0.0915294365093,-0.67199277228
40.915382089,-0.00291467024722,0.0204880345146,-0.03289504767,-0.00879077499009,-0.06800100138,-0.0280385579688,-0.0820503717766,0.0274920720225,0.0671443834074,0.0953196955201,-0.24096650906,-0.0172587048705,-2.37737343238,-2.90453584164,0,0.00871360752491,-0.00713212029713,0.809733528582,0.002038013083,-0.147414396648,0.142099332179,0.00419233139278,0.0535283953525,0.0256542437308,1.10865013709,3.32963851278,1.03823592181,0.0364084486616,-0.082080910352,-0.822493337819
40.965382089,-0.007269893453,0.0222584913475,-0.0295081061187,-0.00436604155809,-0.079683594802,-0.0289304145928,-0.0877908761405,0.0406534745762,0.0681346626747,0.0819445444502,-0.230566844442,-0.0148220307484,-2.63980312982,-3.25049544791,0,0.00975148634372,-0.00791940938945,0.906171548076,0.025437645747,-0.162595881789,0.123181630119,-0.00222140221218,0.0747544959769,0.0271987654616,1.282315927,3.8791094214,1.05354834938,0.0290390943299,-0.0774433534284,-0.917129860781
41.015382089,-0.0116937578613,0.0245533819723,-0.0260815814025,-0.000596320545071,-0.0910576858243,-0.0295207610437,-0.0834378356609,0.0478187090789,0.0687366801046,0.0688679519368,-0.226950312786,-0.0162655157871,-2.49400191263,-3.05710086884,0,0.00917130260651,-0.00748200573789,0.852262223763,0.0500589512652,-0.181034463481,0.106817290265,-0.00806360813481,0.0982774032429,0.0277252208837,1.20382462862,3.79650897687,1.06285718639,0.0234291330095,-0.0765418085649,-0.864287742487
41.065382089,-0.0156136770191,0.0270403622554,-0.0226344381082,0.0025207536356,-0.102378626081,-0.0305569661715,-0.0725658828201,0.0498992418737,0.0698082390233,0.0537177833458,-0.220068417127,-0.0234298524809,-2.18596540313,-2.66182256744,0,0.00798546770231,-0.00655789620938,0.742072635259,0.0739866359603,-0.200681155747,0.0904534322013,-0.0129404903346,0.125211260049,0.0288224774776,1.06389826336,3.43340140628,1.07942641982,0.0174432417068,-0.0749180338636,-0.759394934374
41.115382089,-0.0189503461433,0.0295433061596,-0.0191007575002,0.00477545778951,-0.113064527537,-0.0318637462918,-0.0599906339234,0.0467977153436,0.0726141443118,0.0207406331384,-0.194388422127,-0.0369448672637,-1.82973399355,-2.22016538853,0,0.00666049616559,-0.00548920198064,0.618948774788,0.0966356809576,-0.219695312226,0.0730835350526,-0.0163739132846,0.154004778447,0.0303790183238,0.902114616459,2.94378613926,1.12281339451,0.00315762178695,-0.0664792235435,-0.646263075723
41.165382089,-0.0216127404114,0.0317201337898,-0.015373023677,0.00459481694944,-0.121817468293,-0.0342514528979,-0.0439375068282,0.0371762344857,0.0762124311246,-0.0131347934195,-0.152112806823,-0.0461093043207,-1.49060947748,-1.76532419185,0,0.00529597257556,-0.00447182843243,0.492162135566,0.115450591802,-0.235754422824,0.0556711096879,-0.0152945404389,0.181228700366,0.0342483152966,0.811215377942,2.34017051737,1.17845275608,-0.0115136685453,-0.0518448960375,-0.526251943092
41.215382089,-0.0233440968261,0.0332609296082,-0.0114795143877,0.00346197844756,-0.128275808219,-0.0364746767238,-0.0206593284908,0.0182888273477,0.0788403749351,-0.0284473965254,-0.121518741569,-0.0447680405449,-1.22815080953,-1.27243334192,0,0.00381730002577,-0.00368445242859,0.354816975343,0.128101922945,-0.243268858226,0.037041271641,-0.0117555601038,0.20378688956,0.0385958587247,0.908701052586,1.55522866383,1.2190879593,-0.0172836148034,-0.0413054312624,-0.387915151687
41.265382089,-0.0236786732605,0.0335490165246,-0.00748898618354,0.0017500772969,-0.13396934245,-0.0387282569524,0.00726498124675,-0.00675140262023,0.0807631033955,-0.0258139726112,-0.118905486809,-0.0417613843149,-0.861291338953,-0.861291338953,0,0.00258387401686,-0.00258387401686,0.240184009237,0.128500606618,-0.235056267465,0.0173354111306,-0.006737325559,0.22571526863,0.0455903360063,0.973627831134,0.75689617785,1.24881860324,-0.0148035891157,-0.0414385043645,-0.271059286457
41.315382089,-0.0226175987014,0.0325857893462,-0.00340320404818,0.000880581186433,-0.1401663569,-0.0406508151553,0.0233186257203,-0.0194784447164,0.0792148027061,-0.0148461749274,-0.123333349524,-0.0335413071976,-0.551788257128,-0.551788257128,0,0.00165536477138,-0.00165536477138,0.153874432324,0.116946216327,-0.20983415404,-0.003542530559,-0.00342423943002,0.250384669082,0.0548887060379,0.912358026949,0.250598195065,1.22487763734,-0.00868318767382,-0.0440063412229,-0.178672392809
41.365382089,-0.0213468106885,0.0316011720529,0.000432494087071,0.000265459804163,-0.146302677403,-0.0420823876721,0.026553430621,-0.018929459514,0.0740508595062,-0.00846608642403,-0.114568339583,-0.0270998448652,-0.285835185181,-0.285835185181,0,0.000857505555544,-0.000857505555544,0.0797094289156,0.105947664183,-0.183908176854,-0.0215445787798,-0.000969163439162,0.275200698925,0.0633966038953,0.696423891473,-0.00686606324104,1.14502894328,-0.0048651476826,-0.0415591308081,-0.0997450488204
41.415382089,-0.0199622556393,0.0306928433948,0.00400188190244,3.39725440301e-05,-0.151623190858,-0.0433607996419,0.0279119924873,-0.0198363647098,0.0684258711618,-0.00221509039574,-0.0955025901379,-0.024160089089,0,0,0,0,0,0,0.0961474928471,-0.15910590001,-0.0372750819815,0.000332427615822,0.297618734512,0.0712630295277,0.431595790727,-0.30672448468,1.05805122955,-0.00104857063117,-0.0353579239468,-0.0178621820258
41.465382089,-0.0185556114397,0.0296175355819,0.00727508120325,4.39507645888e-05,-0.155852936416,-0.044498396581,0.028233692639,-0.0236949253477,0.0623457900733,-0.00136031717222,-0.0699011310278,-0.0210237440185,0,0,0,0,0,0,0.0872619083106,-0.134230256498,-0.0505880949406,0.000770817719343,0.316284444716,0.0784015746633,0.43657015547,-0.366388391883,0.964036536534,-0.000643941501716,-0.0258794957404,-0.0155434005702
41.515382089,-0.0171388863754,0.02832335086,0.0102364609098,-0.000102059173192,-0.158613303961,-0.0454631740437,0.0258834400557,-0.0271030443872,0.0545891068667,-0.00568322274699,-0.0376491816152,-0.0184542298414,0,0,0,0,0,0,0.0790863519902,-0.109487534559,-0.0611044970956,0.00126683795834,0.32932516232,0.0844475908892,0.400228818587,-0.419087239249,0.844096986411,-0.00269030125108,-0.0139388565094,-0.0136436919317
41.565382089,-0.0159672674342,0.0269072311432,0.0127339918899,-0.000524371510111,-0.159617854578,-0.0463438195652,0.0188014538434,-0.0296816225702,0.044507202521,-0.0139697272403,-0.00243509851236,-0.016820343834,0,0,0,0,0,0,0.0729092144862,-0.0875689846378,-0.0686468978234,0.00224602961074,0.335316431559,0.0891213496631,0.290721930442,-0.458959114763,0.688203154033,-0.00661293360209,-0.00090154652223,-0.0124357175254
41.615382089,-0.0152587409911,0.025355188603,0.0146871811619,-0.00149903189722,-0.158856813812,-0.0471452084271,0.00973414283197,-0.0317804185633,0.0332149006252,-0.0234975318486,0.0314214945634,-0.0147935294336,0,0,0,0,0,0,0.0695019455472,-0.0696621858908,-0.0731343910671,0.00450733354927,0.334036949775,0.0922678485087,0.150516487654,-0.491412244601,0.513593263031,-0.0111231676363,0.0116331799322,-0.010937240942
41.665382089,-0.014993853151,0.0237291892869,0.0160554819524,-0.00287412469497,-0.156475705122,-0.0478231725085,0.00155854608586,-0.0316572762205,0.0207850328153,-0.0336095469788,0.0615971579871,-0.0120797607977,0,0,0,0,0,0,0.0683308722222,-0.0561283912725,-0.074887245787,0.00773448624367,0.326081636522,0.0938655615792,0.0240993877674,-0.489508126978,0.321393489817,-0.0159099529107,0.0228051158016,-0.0089308812315
41.715382089,-0.0151028863825,0.0221894609809,0.0167656844434,-0.0048599865951,-0.152697098014,-0.0483531845069,-0.00544469466386,-0.0294724239432,0.00790160344356,-0.0448016230173,0.086958306365,-0.00780752914058,0,0,0,0,0,0,0.0688877142269,-0.0476467640598,-0.0736952413569,0.0122927718828,0.312563451517,0.0940058146307,-0.0841898800233,-0.455724331476,0.122180413591,-0.0212080130975,0.0321945737655,-0.00577230928939
41.765382089,-0.0155383226174,0.0207819468926,0.0168456422968,-0.0073542869967,-0.147779874485,-0.0486039254226,-0.0106607462857,-0.0255228311564,-0.00471653579194,-0.0547175097917,0.105828563425,-0.00106848628037,0,0,0,0,0,0,0.070722016072,-0.043643064375,-0.0697308353779,0.0178049646117,0.294723882886,0.0925809192288,-0.164844312888,-0.394652818124,-0.0729305511078,-0.0259019559151,0.0391809090369,-0.000789959687724
41.815382089,-0.0161689610111,0.0196371778653,0.0162940308642,-0.0103317375743,-0.142114241671,-0.0484600331349,-0.0145492460533,-0.02027674189,-0.0173495473327,-0.0634831560961,0.118947982895,0.00600412704288,0,0,0,0,0,0,0.0730976947655,-0.0437211634946,-0.0629999322419,0.0239564053539,0.2742777707,0.0895991681412,-0.22497116097,-0.313533921068,-0.268271482346,-0.0300514025001,0.0440381117073,0.00443900723011
41.865382089,-0.0169932472227,0.0187542727036,0.0151106875635,-0.0137026026063,-0.135885076195,-0.0480035127183,-0.0186777573691,-0.0143893963033,-0.0270303829389,-0.067607660308,0.129822463395,0.0108146230153,0,0,0,0,0,0,0.0758131501096,-0.0474624537624,-0.0534555915896,0.0303329564937,0.252281233149,0.0854353225768,-0.288809244427,-0.222499446373,-0.417963694405,-0.032003843806,0.0480641706226,0.00799553197543
41.915382089,-0.018036736748,0.018198238235,0.0135909925703,-0.0170925036051,-0.129131995332,-0.0473785708334,-0.0230715059126,-0.00783751867025,-0.0337474613422,-0.0697336310093,0.139792068766,0.014498569552,0,0,0,0,0,0,0.0794255036129,-0.0542379414014,-0.042770048042,0.036119547313,0.229399066919,0.0804775276147,-0.356748621302,-0.121189487614,-0.521828109177,-0.0330102273127,0.0517552176191,0.0107191694326
41.965382089,-0.019300397814,0.0179705208365,0.0117359414293,-0.0206759657072,-0.121905869319,-0.0465536557631,-0.0279275307198,-0.00223741813951,-0.0391325218793,-0.0730518682663,0.151529332642,0.0158752912285,0,0,0,0,0,0,0.0842052405659,-0.0637999094724,-0.0305156523807,0.0415373709624,0.206011606991,0.0747092355567,-0.431836054325,-0.034596607589,-0.605095882401,-0.0345810011924,0.0561007048239,0.0117370155628
42.015382089,-0.02082948982,0.017974496421,0.00967774038238,-0.0243976904317,-0.113979062068,-0.0457910417105,-0.0333590425544,0.00239522017791,-0.0428662593801,-0.0737067187817,0.165445723451,0.0133016747717,0,0,0,0,0,0,0.0908063484204,-0.0757317512475,-0.0168163003949,0.0464075238873,0.182003741429,0.0686632057676,-0.515822091731,0.0370366589602,-0.662829682298,-0.03489099171,0.0612529701932,0.00983427400229
42.065382089,-0.0226363020694,0.0182100428543,0.0074493154913,-0.0280466375854,-0.105361296974,-0.0452234882859,-0.0375721812907,0.00436755509821,-0.044460502987,-0.0724694370105,0.179590356347,0.00916616025175,0,0,0,0,0,0,0.0997684994701,-0.0901504015443,-0.00149699416606,0.0503271619989,0.15789659296,0.0625857047966,-0.580968746709,0.0675343545257,-0.687481051435,-0.0343052922143,0.0664897376303,0.00677678059429
42.115382089,-0.024586707949,0.0184112519308,0.00523169008368,-0.0316446341327,-0.0960200264328,-0.0448744256854,-0.0401458485655,0.00321397249255,-0.0438970228259,-0.0687145481701,0.193278655294,0.00549022538008,0,0,0,0,0,0,0.110608840799,-0.104891285881,0.0152447430269,0.0533297567855,0.134041356054,0.0567384264169,-0.620764686144,0.0496968104276,-0.678768106066,-0.0325278179546,0.0715575565494,0.00405906636935
42.165382089,-0.0266508869259,0.0185314401036,0.00305961320871,-0.0349180924024,-0.0860334314444,-0.0446744657479,-0.0418144083759,0.00238601006106,-0.0425769187723,-0.0637416022267,0.205963704398,0.00325386600242,0,0,0,0,0,0,0.123309624211,-0.119376937142,0.0331053593093,0.0550559560111,0.110982448668,0.0510848824472,-0.646565187169,0.0368942453483,-0.658355684663,-0.0301737446956,0.0762539422793,0.00240566773611
42.215382089,-0.0287681487866,0.0186498529369,0.000973998206446,-0.0380187943554,-0.0754236559931,-0.0445490390851,-0.0417440986673,0.00384799838386,-0.0401056729332,-0.0560199109407,0.21600118615,0.00185891140212,0,0,0,0,0,0,0.137882696226,-0.13364413986,0.052065205826,0.0558536664376,0.0891154555128,0.0454833452617,-0.645478006657,0.0595005858487,-0.62014346092,-0.0265184813615,0.0799701191483,0.00137434153128
42.265382089,-0.0308252967927,0.018916239942,-0.000950954084608,-0.0405200834965,-0.0644333128294,-0.0444885746077,-0.0401420235505,0.0061305164033,-0.0369298694285,-0.0461522136877,0.220157254011,0.00212599842641,0,0,0,0,0,0,0.153773852792,-0.148007736425,0.0708483135606,0.0554289513935,0.0692128835657,0.0399235445663,-0.620705540944,0.0947945610064,-0.571036847502,-0.0218473503066,0.0815088201525,0.0015718059126
42.315382089,-0.0327823511417,0.0192629045773,-0.00271898873641,-0.0426340157242,-0.053407930592,-0.0443364392425,-0.0376008953009,0.00637955907167,-0.0331636445282,-0.0368181233628,0.219088782092,0.00515910961999,0,0,0,0,0,0,0.170466693315,-0.161722370457,0.0894240030326,0.0543534104031,0.0518000574903,0.0344181537676,-0.581412743888,0.0986454422157,-0.512800703499,-0.017428815965,0.081113239794,0.00381426387891
42.365382089,-0.0345853863228,0.0195541958491,-0.00426731853743,-0.0442018958328,-0.0425244346202,-0.0439726636457,-0.0345730036119,0.00499792105795,-0.0287785116403,-0.0274825212498,0.216171576731,0.00954490104658,0,0,0,0,0,0,0.187008548161,-0.173419482977,0.10660650697,0.0526733537164,0.0369250952998,0.0291158346779,-0.534593251931,0.0772815373886,-0.44499454824,-0.0130095659791,0.0800332028533,0.00705679351116
42.415382089,-0.0362396515028,0.0197626966831,-0.00559683990044,-0.0453822678492,-0.0317907729188,-0.0433819491378,-0.030412901893,0.000799894533986,-0.0257967482393,-0.022711219908,0.211701183851,0.0161868419141,0,0,0,0,0,0,0.203116091715,-0.182917734284,0.122240373031,0.0508012306149,0.0243534468482,0.0241694117009,-0.470266694388,0.0123685585703,-0.398888325856,-0.0107509464352,0.0783781292973,0.011967353085
42.465382089,-0.0376266765121,0.0196341853025,-0.00684699336136,-0.0464730178236,-0.0213543162351,-0.0423539794543,-0.0250047088111,-0.00582925805898,-0.0241078005004,-0.01903713472,0.203301346259,0.0227039590244,0,0,0,0,0,0,0.216674936493,-0.187667319133,0.136807958453,0.04888517716,0.013857195233,0.0198035388082,-0.386641228717,-0.0901362825483,-0.37277257166,-0.0090117226852,0.0752682574256,0.0167856272097
42.515382089,-0.038740122384,0.0191797708772,-0.00800761995048,-0.0472859813212,-0.0114606382929,-0.0411115532354,-0.0194031112593,-0.0100983111323,-0.0222250940481,-0.0136169349201,0.191152820997,0.0272323574865,0,0,0,0,0,0,0.227247010601,-0.188000621673,0.149518069142,0.0470434315917,0.00536038288637,0.016553690774,-0.300025200649,-0.156147526198,-0.343660777496,-0.00644593018475,0.0707705089177,0.020133589931
42.565382089,-0.039566987638,0.0186243541893,-0.00906950276617,-0.0478347113156,-0.00223903413539,-0.0396307437056,-0.0136726648192,-0.01185932012,-0.0202765759608,-0.0108709485844,0.176370577963,0.0312355744214,0,0,0,0,0,0,0.234978086689,-0.185436057731,0.160186450064,0.0454051592448,-0.00155930362525,0.0140392623673,-0.211416816148,-0.183377544509,-0.313531355349,-0.00514604615711,0.0652976790792,0.0230932722946
42.615382089,-0.0401073888659,0.0179938388652,-0.0100352775466,-0.0483730761796,0.00617641950343,-0.0379879957933,-0.00660063689849,-0.0107880507304,-0.0187807057444,-0.0086836111537,0.158290774635,0.0321936551955,0,0,0,0,0,0,0.239725268016,-0.180429444563,0.169216606275,0.0442530772955,-0.00726928090437,0.0122481727909,-0.102063910443,-0.166812787998,-0.290401108049,-0.00411061311349,0.0586039934932,0.0238016063211
42.665382089,-0.0402270513278,0.0175455491163,-0.0109475733406,-0.048703072431,0.0135900433281,-0.0364113781861,0.0021688411347,-0.00667278739372,-0.0177322326453,-0.00537220752875,0.138013038796,0.0298064475366,0,0,0,0,0,0,0.240365189721,-0.174993909853,0.1761875142,0.0434372165675,-0.0121162397202,0.0108945984221,0.0335362194196,-0.103179554554,-0.274188844576,-0.00254307411113,0.0510965673535,0.0220366816315
42.715382089,-0.0398905047524,0.0173265601258,-0.0118085008111,-0.0489102969325,0.019977723383,-0.0350073510396,0.0101077959363,-0.00310368784556,-0.0160474101868,-0.00247693339784,0.116077892929,0.024959996793,0,0,0,0,0,0,0.236511058123,-0.169717365046,0.181158479386,0.0429342100486,-0.0163983820581,0.00980363153298,0.156294187226,-0.0479915079686,-0.248136878507,-0.00117252082414,0.042975518299,0.018453574589
42.765382089,-0.0392162717342,0.0172351803317,-0.0125523143593,-0.0489507657707,0.025197832621,-0.0339153785068,0.0146797431607,-0.00245594207329,-0.0125118441539,0.000343703626481,0.0936336737562,0.0189153839758,0,0,0,0,0,0,0.229252745984,-0.164697908028,0.183847808206,0.0426571495522,-0.0201332980973,0.00912320795035,0.226989003382,-0.0379755856406,-0.193467351839,0.000162701047889,0.0346659950348,0.0139846351733
42.815382089,-0.0384225304363,0.0170809659185,-0.0130596852265,-0.0488759265698,0.0293410907587,-0.033115812642,0.0167950290457,-0.00344237369363,-0.00749368147184,0.00427508996032,0.0757889507058,0.0122469703663,0,0,0,0,0,0,0.220590139964,-0.159389703397,0.184089926507,0.0425921218624,-0.0232852115009,0.00899943295121,0.259697112078,-0.0532285180629,-0.115872823546,0.00202372498506,0.0280593432198,0.009054503613
42.865382089,-0.0375367688296,0.0168909429624,-0.0133016825065,-0.0485232567747,0.0327767276916,-0.0326906814702,0.0182702028597,-0.00405085895781,-0.00146232356417,0.0104494858619,0.0636299744241,0.00383992703266,0,0,0,0,0,0,0.210889047012,-0.154324958068,0.1815436769,0.042650196864,-0.0261298275339,0.0094503406326,0.282507336356,-0.0626373654913,-0.0226115242494,0.00494653581936,0.023557725431,0.00283895789335
42.915382089,-0.0365955101504,0.0166758800227,-0.0132059175829,-0.0478309779836,0.0357040882011,-0.0327318199387,0.0191186455593,-0.00396242927777,0.00529267092819,0.018046019347,0.0563581792516,0.00069844037386,0,0,0,0,0,0,0.200546058008,-0.149923845087,0.175872070921,0.042862520642,-0.0288331489153,0.0105659672689,0.295626582428,-0.061270000632,0.0818391770257,0.00854255245439,0.0208654887043,0.000516375127844
42.965382089,-0.0356249042737,0.0164947000346,-0.0127724154137,-0.04671865484,0.0384125456167,-0.0326208374328,0.0190497290515,-0.00188456365184,0.0120409956098,0.0309467530576,0.0632125769025,0.0161137995352,0,0,0,0,0,0,0.190173274167,-0.145450714128,0.167153325829,0.0427723509342,-0.0313330129168,0.0114427265309,0.294560944615,-0.0291405115512,0.186186744773,0.0146494501754,0.0234031923466,0.0119133509552
43.015382089,-0.0346905372452,0.0164874236575,-0.0120018180219,-0.0447363026779,0.0420253458913,-0.0311204399852,0.0182712446934,0.00146795310201,0.0186713549153,0.0399550865289,0.0811807374561,0.0423493046166,0,0,0,0,0,0,0.181118667047,-0.139735770076,0.154995491449,0.0416483884057,-0.0341418722381,0.0104398413756,0.282523445957,0.0226985723108,0.288710244971,0.0189137790407,0.0300555444284,0.0313099419849
43.065382089,-0.0337977798044,0.0166414953448,-0.0109052799221,-0.0427231461871,0.0465306193623,-0.0283859069711,0.0224095602901,8.2980651222e-05,0.0240400597068,0.0341527406432,0.0874786226889,0.0320746529546,0.0843318537556,-0.0843318537556,0,0.000252995561267,0.000252995561267,0.0234404604106,0.173284279875,-0.133282035562,0.141465734472,0.0405711464592,-0.0374726376733,0.00793709712295,0.262181276673,0.085614961717,0.371725113605,0.0159140921934,0.0321342149168,0.000273164459691
43.115382089,-0.0324495812162,0.0164957217226,-0.00959781205123,-0.0413210286136,0.0507732081602,-0.0279129746898,0.0327017567619,-0.00690703743519,0.0280589810949,0.0287492429466,0.0834702543731,-0.0122327685116,0.454774760027,-0.137621165394,0,0.000412863496181,0.00136432428008,0.124918675181,0.1602295445,-0.128088062098,0.127071840099,0.0411712488821,-0.0420473481728,0.00883072023,0.0508838945543,0.0308194641256,0.433868636865,0.0131963381329,0.0295388679965,-0.133962678993
43.165382089,-0.0305276041282,0.0159507916013,-0.00809938181263,-0.0398482218925,0.0548776447997,-0.0296091838223,0.0400454912348,-0.0114876834328,0.0310036354026,0.0296205306584,0.0748566527772,-0.0376906561203,0.798528868018,-0.197645871804,0,0.000592937615413,0.00239558660405,0.21913544805,0.141494357185,-0.12275121003,0.110576011956,0.042397389144,-0.04802761559,0.0131455556867,-0.179315980854,0.0200148475388,0.479401051111,0.0134287107055,0.0253185919537,-0.247001130077
43.215382089,-0.0284450320927,0.0153469533793,-0.00649744851098,-0.0383589755477,0.0582588734379,-0.0316820403018,0.0428607738882,-0.0129200708007,0.0330059835619,0.0296108195313,0.0506204549464,-0.0348038502141,1.43569668753,-0.47997348746,0,0.00143992046238,0.00430709006259,0.293679748023,0.122591284887,-0.117346748572,0.0942325731963,0.0432767238682,-0.0536606277267,0.0180194965625,-0.772951825947,0.280193834465,0.510362833489,0.0125771308441,0.0144341209722,-0.319411139387
43.265382089,-0.0262415267393,0.0146587845212,-0.00479878345644,-0.0368871399393,0.0599396902943,-0.0330895688437,0.0103534476923,-0.0144111255403,0.0247313835597,0.0307420352773,0.0173894391907,-0.0237428330588,2.14810602028,-0.77819694849,0,0.00233459084547,0.00644431806083,0.37687777392,0.104361399013,-0.110112357687,0.0782063455883,0.0430372329636,-0.0566453011223,0.0217109848683,-1.98801338463,0.555361508646,0.382414872321,0.0122179508459,-6.22598924277e-06,-0.394431467714
43.315382089,-0.0274096873235,0.0139058408253,-0.004024310155,-0.03528477202,0.059997817357,-0.0340563236077,-0.0908054167929,-0.0155618147147,-0.00431371966708,0.0328401351413,-0.0104617819839,-0.0155663547254,3.14041873493,-0.991632663374,0,0.00297489799012,0.00942125620478,0.408369407738,0.111244139373,-0.112054377741,0.073903138182,0.042550442185,-0.0572024209594,0.024038993519,-4.54451898613,0.751004419798,-0.0667019114288,0.0125708338225,-0.0132945217487,-0.419878018512
43.365382089,-0.0353220684186,0.0131026030497,-0.00523015542315,-0.0336031264252,0.0588935120959,-0.0346462043162,-0.159917343812,-0.0165395423013,-0.0257106860848,0.031775375106,-0.0332266405403,-0.00801140240561,4.2021637964,-1.28552204786,0,0.00385656614357,0.0126064913892,0.446846690635,0.176511472627,-0.133801548216,0.0928160566549,0.0431977201854,-0.0561786148005,0.0261028713859,-6.67492357824,1.02977546004,-0.397557569419,0.0111851338226,-0.0249079905164,-0.45276972873
43.415382089,-0.0434014217047,0.0122518865952,-0.00659537876348,-0.0321072345094,0.056675153303,-0.0348574638482,-0.106272219193,-0.0167540953457,-0.0135014054714,0.0286212235545,-0.0512317152407,-0.000931554205431,5.32754898314,-1.59592057988,0,0.00478776173965,0.0159826469494,0.469854070673,0.260809070201,-0.155104953263,0.115024641205,0.0438739386987,-0.0532746451554,0.0292306776209,-6.97080832753,1.33685641483,-0.208768677944,0.00876083858168,-0.034950164883,-0.470542792918
43.465382089,-0.045949290338,0.0114271935151,-0.00658029597029,-0.0307410040698,0.0537703405718,-0.0347393597368,-0.0194175560008,-0.0167538290773,0.00715358441529,0.0259347516454,-0.0640840520205,-2.82751834593e-05,6.20568587794,-1.82916311091,0,0.00548748933274,0.0186170576338,0.488397761062,0.289965461472,-0.157641148135,0.116765097162,0.0428566866155,-0.0491156225568,0.0310205514541,-6.50593443383,1.5701030631,0.110613992307,0.00678939966215,-0.0423428962134,-0.48841866564
43.515382089,-0.0453431773048,0.0105765036875,-0.00588002032195,-0.0295137593449,0.0502667481009,-0.0348602913666,0.0203923619083,-0.0182642916096,0.0139626676562,0.022120976286,-0.0825790030565,-0.0207833836441,5.72015982615,-1.71101226924,0,0.00513303680773,0.0171604794785,0.483535091901,0.280756483275,-0.150205545934,0.107116471437,0.040871754652,-0.0444658182748,0.0319390455744,-5.40483810318,1.42859633699,0.21590105366,0.00533850246261,-0.04773370378,-0.498900787797
43.565382089,-0.0439100541471,0.00960076435419,-0.00518402920466,-0.0285289064412,0.0455124402662,-0.0368176981012,0.0355931940279,-0.0207887065938,0.0135490275982,0.0249097374088,-0.103984067804,-0.0544498278745,4.88616593287,-1.464080147,0,0.004392240441,0.0146584977986,0.461524597503,0.261443160541,-0.143036968682,0.09671143144,0.0391448895952,-0.0397166231805,0.0350779542036,-4.33579774514,1.14262985051,0.209505046352,0.00739943141462,-0.0531565192215,-0.501780770946
43.615382089,-0.041783857902,0.00849763302807,-0.00452511756213,-0.027022785604,0.0398683413206,-0.040305274154,0.0363909465857,-0.0191879309693,0.0117218333535,0.0436842920044,-0.110141158039,-0.0512297161495,3.86561909147,-1.19979699703,0,0.0035993909911,0.0115968572744,0.436622962304,0.234782688075,-0.135744056803,0.0846807147597,0.0370259062043,-0.0352176354663,0.0402831555826,-3.30291546599,0.903099072553,0.181251622839,0.0170797044208,-0.0523744182152,-0.474498423426
43.665382089,-0.0402709594886,0.00768197125725,-0.00401184586931,-0.0241604772407,0.0344983244623,-0.0419406697161,0.0228026299976,-0.0122432127859,0.00898200727944,0.0643904132275,-0.102214808369,-0.0147822955294,2.85684365586,-0.980263809604,0,0.00294079142881,0.00857053096757,0.407792743742,0.216883688593,-0.128425809379,0.0727784130217,0.0332802450594,-0.030282630777,0.0425325689695,-2.50425259204,0.790950233879,0.138886413639,0.0275400848232,-0.0464135194702,-0.418721679166
43.715382089,-0.0395035949023,0.00727331174948,-0.00362691683419,-0.0205837442812,0.0296468604836,-0.041783503707,0.00945670324944,-0.00709316030181,0.00683493348953,0.0752996069318,-0.0861257793087,0.0056169338512,1.98061400952,-0.704919058716,0,0.00211475717615,0.00594184202855,0.361275602531,0.208172771387,-0.122580094195,0.0622475690036,0.0288032935698,-0.025310027941,0.0417556604461,-1.83438749708,0.595239388567,0.105686776941,0.0335302695548,-0.037828189302,-0.357122857295
43.765382089,-0.0393252891636,0.00697265522707,-0.00332835252036,-0.0166305165475,0.0258857465314,-0.041378976331,-0.00229767697087,-0.00497925741776,0.00511398471273,0.0817037974449,-0.0538975300627,0.0026611475232,1.22277129277,-0.353327749377,0,0.00105998324813,0.00366831387831,0.286051252504,0.205907807973,-0.118916958574,0.0527515781523,0.0245400727283,-0.0216142851226,0.0410029849636,-1.2582996668,0.276334802943,0.0790761991235,0.0376166335712,-0.0236227964334,-0.28408379695
43.815382089,-0.0397333625993,0.0067753860077,-0.00311551836291,-0.0124133645367,0.0242571074773,-0.0415173889547,0.0229468255433,-0.00449949890829,0.0131905173095,0.0809001762265,-0.0143279681336,-0.00593884006175,0.71104193029,-0.186248150568,0,0.000558744451704,0.00213312579087,0.195175064922,0.209780092805,-0.11898710874,0.0441191520621,0.020787237682,-0.0202566610875,0.0416824642344,-0.356221208711,0.116673583647,0.203961496151,0.0377374573697,-0.00743776943298,-0.19956580379
43.865382089,-0.0370306066093,0.00652270533624,-0.00200930078941,-0.0085404989249,0.0244529497181,-0.0419728603372,0.120041108257,-0.00586676244954,0.0404257043177,0.0724070498245,0.0153813525304,-0.00939861992834,0.339750419038,-0.163395850498,0,0.000490187551495,0.00101925125711,0.0936077839108,0.181392409065,-0.110616573544,0.0287116676272,0.0167345745011,-0.020579136853,0.0414292550063,1.51641363165,0.0726796474338,0.625092021956,0.0337855720662,0.00467538689022,-0.100556427988
43.915382089,-0.0277292517736,0.00618870976275,0.000927052068859,-0.0051726595543,0.0257952427304,-0.0424572509475,0.185619579171,-0.0063303516464,0.0589013169896,0.0609483948324,0.0334844150781,-0.00957540924942,0,0,0,0,0,0,0.101058045766,-0.0837063714471,0.00574885495898,0.0114639197067,-0.0216651520394,0.0385168348686,2.8701866799,-0.0978845607548,0.910775556155,0.0288515073522,0.0123969349944,-0.00707934901874
43.965382089,-0.0184686486922,0.0058896701716,0.00388083090955,-0.00244565944165,0.0278013912259,-0.0429304012621,0.127359857831,-0.00509140604589,0.0432836880993,0.0485888649509,0.0389259377291,-0.00903317448165,0,0,0,0,0,0,0.0454170812953,-0.0588734428376,-0.00706596957412,0.00685075282055,-0.0232636632206,0.0371371358538,1.96933194836,-0.0787270711429,0.669284272676,0.023000802535,0.0144115499255,-0.00667846075682
44.015382089,-0.0149932659905,0.00567956915816,0.00525542087879,-0.000313773059209,0.0296878365033,-0.0433605683957,0.0382460692854,-0.00318154447412,0.0176486040582,0.0347737924964,0.0316577907314,-0.00784761881185,0,0,0,0,0,0,0.030353631934,-0.050336453454,-0.011305375144,0.00417522745267,-0.025082195666,0.037774576512,0.59138889934,-0.0491953845168,0.272895717753,0.0164610787968,0.0117206638625,-0.00580194862569
44.065382089,-0.0146440417637,0.00557151572419,0.00564569131537,0.00103171980799,0.030967170299,-0.0437151631433,0.000547891255947,-0.0009627326702,0.00460227710977,0.0187974836599,0.01614933896,-0.00390520045432,0,0,0,0,0,0,0.0287724764787,-0.0497901073587,-0.0131337507059,0.00293233516463,-0.0265191005268,0.0386763129257,0.00847189823337,-0.0148864817961,0.0711637991892,0.008898277625,0.00597896976316,-0.00288721623109
44.115382089,-0.0149384768649,0.00558329589114,0.00571564858976,0.00156597530678,0.0313027703993,-0.0437510884411,-0.011014984376,0.00177748161886,-0.0017533816583,0.00529620647723,-0.00608780247769,0.000988789365179,0,0,0,0,0,0,0.0297404149555,-0.0507127747192,-0.0139162489597,0.00255362476153,-0.0268999712796,0.0388784682522,-0.170321803209,0.0274847302694,-0.0271120789246,0.00250709703736,-0.00225388711131,0.000731037686201
44.165382089,-0.0157455402013,0.00574926388608,0.00547035314954,0.00156134045571,0.0303583900513,-0.0436162842068,-0.0133308968797,0.0051972279659,-0.0062813082798,-0.00599669479448,-0.0295050306877,0.00575243579154,0,0,0,0,0,0,0.0328649868093,-0.0529176126135,-0.0138083866745,0.00276008279213,-0.025931029282,0.0385118106815,-0.206132148485,0.0803633676296,-0.09712621609,-0.00283869139503,-0.0109236475115,0.00425292534402
44.215382089,-0.0162715665529,0.00610301868773,0.00508751776178,0.000966305827335,0.0283522673305,-0.0431758448619,-0.00752038715631,0.00845812095232,-0.00922954455688,-0.0138086137407,-0.0504871806434,0.0120057549417,0,0,0,0,0,0,0.0351425929339,-0.0545221458104,-0.0126890323591,0.00336252163556,-0.0237674685459,0.0372781408145,-0.116285766513,0.1307856973,-0.142714017385,-0.0065366663381,-0.0186918688896,0.00887616677804
44.265382089,-0.0164975789169,0.00659507598131,0.00454739869385,0.000180479081643,0.0253096719869,-0.0424157087126,-0.000165836280458,0.00816559857754,-0.0132786353137,-0.0119705203122,-0.0683169161636,0.0150633135588,0,0,0,0,0,0,0.0363204504507,-0.0553112114238,-0.0107922437668,0.00394021944592,-0.0205711854854,0.0352336662957,-0.00256428274076,0.126262500839,-0.20532404165,-0.00566655702331,-0.0252929718713,0.0111366993602
44.315382089,-0.0162881501809,0.00691957854548,0.00375965423041,-0.000230746203885,0.0215205757142,-0.0416695135061,0.00809259483678,0.00476069345836,-0.0180260792071,-0.00219753135329,-0.0809810492222,0.0124076891823,0,0,0,0,0,0,0.0355261445958,-0.0542104681758,-0.00834095014112,0.0039094485355,-0.016934310037,0.0331892950175,0.125133663217,0.0736133494771,-0.278732516592,-0.00104025860189,-0.0299816138535,0.00917332721242
44.365382089,-0.0156883194332,0.00707114532715,0.00274479077314,-3.92740536855e-05,0.0172115670647,-0.0411749397944,0.0123488569546,0.00238324739018,-0.0218378992761,0.0109296684564,-0.0840416768305,0.00761663412583,0,0,0,0,0,0,0.0329929988994,-0.0517203361194,-0.00576698581945,0.00316236361275,-0.013225519734,0.0316237464756,0.19094712369,0.0368515268959,-0.337673686684,0.00517384273519,-0.031114750013,0.00563117564171
44.415382089,-0.0150532644855,0.0071579032845,0.00157586430281,0.00086222064175,0.0131164080311,-0.0409078500935,0.0130405172211,0.00109915097497,-0.0249213363022,0.0249095045272,-0.0757825769741,0.00384839819063,0,0,0,0,0,0,0.0303809927076,-0.0493999398643,-0.00353465517447,0.00182868924503,-0.0100068699161,0.0306098873287,0.201642084279,0.0169958821243,-0.385352061563,0.0117915616151,-0.0280569834731,0.00284522084068
44.465382089,-0.0143842677111,0.00718106042464,0.000252657142928,0.00245167639904,0.00963330936729,-0.0407900999753,0.0127159613026,-0.00029456474944,-0.028534561929,0.0369002011562,-0.0592523826167,-0.00123029662719,0,0,0,0,0,0,0.0278348668414,-0.0473003426251,-0.00162254658865,-2.86456244803e-05,-0.00745244021876,0.0300331704142,0.196623561566,-0.004554777163,-0.441222418084,0.0174676696225,-0.0219370096162,-0.000909590284191
44.515382089,-0.0137816683552,0.00712844680955,-0.00127759189009,0.00455224075737,0.00719116976944,-0.0410308797562,0.0109715989247,-0.00177774891564,-0.0328360532169,0.0427359595696,-0.0336346535606,-0.00699201574358,0,0,0,0,0,0,0.0258898371277,-0.0458649818866,0.000263757201402,-0.00226780922487,-0.00580626256377,0.0301969066751,0.169650945399,-0.0274888634091,-0.507735245305,0.0202301775972,-0.0124525577878,-0.00516937903164
44.565382089,-0.0132871078187,0.00700328553308,-0.00303094817876,0.00672527235599,0.00626984401123,-0.0414893015497,0.00653260297383,-0.00310637528112,-0.0348641442666,0.0448741936592,-0.00269783612504,-0.0102305677223,0,0,0,0,0,0,0.0248444907124,-0.0450731365251,0.00260797641048,-0.0045832986405,-0.00531280242054,0.0308602990811,0.101011919779,-0.0480330630772,-0.539095083219,0.0212423662976,-0.000998819868573,-0.00756372471187
44.615382089,-0.0131284080578,0.00681780928144,-0.00476400631675,0.00903966012329,0.00692138615694,-0.0420539365284,-0.000886924238108,-0.00427032806788,-0.033591522429,0.0451960153723,0.026162095854,-0.0123403872282,0,0,0,0,0,0,0.0254521161864,-0.0451737945212,0.00503700260511,-0.00700923736036,-0.00597758361804,0.031862567008,-0.0137142759706,-0.0660309585552,-0.51941686682,0.0213947089729,0.00968599274804,-0.00912356912784
44.665382089,-0.0133758002425,0.00657625272629,-0.00639010042166,0.0112448738932,0.00888605359663,-0.0427233402725,-0.00887841955244,-0.00594691041297,-0.0308489404192,0.0402600801289,0.0502745096854,-0.0136192928642,0,0,0,0,0,0,0.0278133931808,-0.0461190234704,0.00768670669275,-0.00940778531723,-0.00764470314489,0.0332334778562,-0.137284663891,-0.0919555099206,-0.477009043313,0.0190581556911,0.0186131317208,-0.0100690973161
44.715382089,-0.0140162500131,0.00622311824014,-0.00784890035867,0.0130656681362,0.0119488371255,-0.0434158658148,-0.0165444851988,-0.00878626612047,-0.0267621732402,0.0333701048046,0.0676193011729,-0.0141614432914,0,0,0,0,0,0,0.031752472087,-0.0474683785275,0.0106073931013,-0.0115863025123,-0.0101975197895,0.034943973232,-0.255823018539,-0.135859719636,-0.413816438451,0.015796606732,0.0250346938733,-0.0104699232228
44.765382089,-0.0150302487624,0.00569762611424,-0.00906631774567,0.0145818843737,0.0156479837139,-0.0441394846016,-0.0232539023058,-0.0115282868096,-0.0216454930374,0.0258068464594,0.0725116916442,-0.0147256977814,0,0,0,0,0,0,0.0371787759327,-0.0488806421107,0.0134610769079,-0.0136111874655,-0.0133472614365,0.0371087130522,-0.359568968705,-0.178258863589,-0.334698559674,0.0122163417496,0.0268460035974,-0.0108870912379
44.815382089,-0.0163416402437,0.00507028955919,-0.0100134496624,0.0156463527821,0.0192000062899,-0.044888435593,-0.0266921862594,-0.0107067622926,-0.0149040814994,0.0151800607087,0.063328078862,-0.0127084014228,0,0,0,0,0,0,0.0438579228229,-0.0504608423778,0.0161521188361,-0.0153020473081,-0.0165128288099,0.0396548153934,-0.412734248195,-0.165555846287,-0.230457888046,0.00718587641803,0.0234459546371,-0.00939565159029
44.865382089,-0.0176994673883,0.00462694988499,-0.0105567258956,0.0160998904445,0.0219807916001,-0.0454103247439,-0.0270750199722,-0.00738065725553,-0.00712659942142,0.00354657254939,0.0442672210266,-0.00693001400709,0,0,0,0,0,0,0.0506134959571,-0.0525231167118,0.0181638266142,-0.016266136767,-0.0190889311144,0.0417875066342,-0.418653905097,-0.114125159848,-0.110196730451,0.00167886232714,0.0163890532407,-0.00512353953581
44.915382089,-0.0190491422409,0.00433222383364,-0.0107261096045,0.0160010100371,0.0236267283926,-0.0455814369937,-0.0244212474496,-0.00567906907566,-0.00097398756452,-0.00503417285627,0.015189447497,-0.000860947066258,0,0,0,0,0,0,0.0571322275599,-0.0548284042842,0.0193972979145,-0.0164220438672,-0.0205940338228,0.0431425295908,-0.377619319308,-0.0878139498432,-0.0150605132636,-0.00238305661001,0.00562358914682,-0.000636520550708
44.965382089,-0.0201415921333,0.00405904297742,-0.0106541246521,0.0155964731589,0.0234997363498,-0.0454964194505,-0.0192767482459,-0.0052481651729,0.00385338566402,-0.00836853802685,-0.0209376620225,0.0015856231123,0,0,0,0,0,0,0.0622843579482,-0.0564202201089,0.0199552697788,-0.0160164512633,-0.0203658566105,0.0436992290544,-0.298071282643,-0.0811509962499,0.0595838879434,-0.003961465057,-0.00775175061058,0.00117229239312
45.015382089,-0.0209768170655,0.00380740731635,-0.0103407710381,0.0151641562344,0.0215329621903,-0.0454228746825,-0.0107266295962,-0.00494293688561,0.00839032522374,-0.00565606105703,-0.0585029347716,0.00254342859219,0,0,0,0,0,0,0.0659351284648,-0.0575295995277,0.0195822826386,-0.0153790853923,-0.0184693551367,0.0438728864407,-0.165863049173,-0.0764313316088,0.129737389799,-0.00267744355893,-0.0216595415405,0.00188042288735
45.065382089,-0.0212142550929,0.00356474928886,-0.00981509212969,0.0150308670532,0.0176494428727,-0.0452420765913,0.00179794781775,-0.00500080908404,0.0127028672366,0.00257842972892,-0.0963223518558,0.00301821279234,0,0,0,0,0,0,0.0662241355215,-0.0570821766293,0.0178955716587,-0.0148443021621,-0.0149264884155,0.0433497953884,0.0278011937142,-0.0773261941757,0.19642109147,0.00122056675136,-0.0356614243276,0.00223144319091
45.115382089,-0.0207970222837,0.00330732640794,-0.00907048431449,0.0154219992073,0.0119007270047,-0.0451210534032,0.0137526883598,-0.00324277779524,0.0147733229717,0.0116335379133,-0.129382931663,0.000495761207855,0,0,0,0,0,0,0.0628354966835,-0.0549792381083,0.0147667599439,-0.0147211083034,-0.0100396416603,0.042537737726,0.212654199085,-0.0501422192388,0.228436003361,0.00550703764324,-0.0479014427896,0.000366529150759
45.165382089,-0.0198389862569,0.00324047150934,-0.00833775983252,0.0161942208445,0.00471114970636,-0.0451925004705,0.0244000402695,0.00073493085993,0.0139137665611,0.0143406758822,-0.153519720894,-0.00262401533013,0,0,-0.88371768554,-8.8371768554e-05,-0.00795345916986,0,0.056909151122,-0.0524849356979,0.0113976848979,-0.0151056921432,-0.00431010634669,0.0418183269614,0.377291398265,0.0113640423831,1.09886259444,0.00687690355497,-0.0488841470967,-0.00194000275797
45.215382089,-0.0183570182567,0.00338081949393,-0.00767910765838,0.0168560667955,-0.00345124508464,-0.0453834549362,0.0329551401826,0.0045012730591,0.0112586620004,0.0259246059875,-0.162235005912,-0.00613638763563,0,0,-2.88943778912,-0.000288943778912,-0.026004940102,0,0.0488934653826,-0.0496283235498,0.00853861427375,-0.0156646607306,0.00205033149212,0.0413542829203,0.509576655702,0.0696020001477,3.06352751527,0.0125610300628,-0.0340593261367,-0.0045367909251
45.265382089,-0.0165434722386,0.00369059881525,-0.00721189363248,0.0187866814433,-0.0115123508848,-0.0458061392341,0.0386464177348,0.00804431243375,0.00650460539133,0.0543507865426,-0.153545951067,-0.0109012100679,0,0,-5.08128802911,-0.000508128802911,-0.045731592262,0,0.040572726286,-0.0468395770592,0.00558682201183,-0.017726915446,0.00853230570195,0.0416198071002,0.597579382003,0.124387085131,5.18186702964,0.0262364867333,-0.0111157252015,-0.00805954803469
45.315382089,-0.0144923764832,0.00418525073731,-0.00702864711925,0.0222911454498,-0.0188058401913,-0.046473575943,0.0390348882191,0.00759877010071,-0.00887848268073,0.0647728853073,-0.125233109296,-0.0115262755767,0,0,-7.55236136576,-0.000755236136577,-0.0679712522919,0,0.0328414496523,-0.0444804999628,0.00285078308713,-0.0216307399963,0.0148872912644,0.0426116318476,0.603586198818,0.117497781345,7.41507572574,0.0314171654918,0.0216061982372,-0.00852167521703
45.365382089,-0.0126399834167,0.00445047582532,-0.00809974190056,0.025263969974,-0.0240356618144,-0.0469587667918,0.0296811535348,-0.0011428095162,-0.0412924691237,0.0546791468534,-0.082565106754,-0.00588949051319,0,0,-10.6403510662,-0.00106403510662,-0.0957631595961,0,0.0279416190858,-0.0429454546765,0.00447106022658,-0.0255255193387,0.0198384039972,0.0436852419856,0.458951862192,-0.0176709626523,10.0018564883,0.0269478309275,0.0651950801226,-0.00435425346315
45.415382089,-0.0115242611298,0.00407096978569,-0.0111578940316,0.0277590601351,-0.0270623508667,-0.0470625249944,0.0148522492729,-0.0136297889579,-0.0809390485427,0.0519219894414,-0.0414815246876,-0.001002270723,0,0,-13.8443953155,-0.00138443953155,-0.124599557839,0,0.0282291362603,-0.0432210937278,0.0127958265189,-0.0295119629081,0.0228502967271,0.0445579971958,0.229656419975,-0.210753837994,12.5928561188,0.0259630632054,0.109241852954,-0.000741004804555
45.465382089,-0.0111547584894,0.00308749692952,-0.0161936467548,0.0304561689182,-0.0281838142832,-0.0470589938641,0.00344993219481,-0.0117344949353,-0.12705266019,0.0564073752009,-0.00272322494529,-0.000990604364855,0,0,-17.0652219016,-0.00170652219016,-0.153586997114,0,0.0343528091172,-0.0457579256587,0.0303173892311,-0.0345924582402,0.0241976530714,0.0456503858415,0.0533453931765,-0.181447405544,15.1006400695,0.0284084198333,0.152578777543,-0.000732379562651
45.515382089,-0.0111792679103,0.00289752029216,-0.0238631600506,0.0333997976552,-0.0273346733613,-0.0471615854308,-0.0166630304597,-0.00922399823711,-0.172515425509,0.0648184074335,0.0345216803978,-0.0023746561504,0,0,-19.052782178,-0.0019052782178,-0.171475039602,0,0.0475701599668,-0.0554498277796,0.0666073795646,-0.0415129993039,0.0234913652679,0.0466349157745,-0.257656052696,-0.142628256103,16.3852215759,0.0325887566551,0.184256001336,-0.00175564503305
45.565382089,-0.0128210615354,0.00216509710581,-0.0334451893058,0.0369380096615,-0.0247316462434,-0.0472964594791,-0.0683292246944,-0.0398259198707,-0.199902796245,0.0762255692474,0.0630983048639,-0.00416101655702,0,0,-20.9142471299,-0.00209142471299,-0.188228224169,0,0.0750492624661,-0.0678996784271,0.130678976609,-0.0515858657182,0.0217210462758,0.0487053151959,-1.05655681067,-0.615817712973,17.8232028251,0.038174779781,0.211589109579,-0.00307634772704
45.615382089,-0.0180121903797,-0.00108507169491,-0.0438534396752,0.0410223545799,-0.0210248428749,-0.0475776870865,-0.121482010202,-0.074291094534,-0.21468500617,0.0866139732014,0.0839688244906,-0.00224210961318,0,0,-22.8948818903,-0.00228948818903,-0.206053937013,0,0.134919432237,-0.0718188796814,0.228421687603,-0.0667350407058,0.0223147174004,0.0557521863316,-1.87844433808,-1.14874363426,19.5752641655,0.0432904643672,0.237141714904,-0.00165764993188
45.665382089,-0.0249692625556,-0.00526401234758,-0.0549136899227,0.0455994069817,-0.0163347637943,-0.0475206704404,-0.120299358569,-0.063286034771,-0.223356587287,0.0970394225451,0.0973385342342,0.00583227069516,0,0,-24.8327522847,-0.00248327522847,-0.223494770562,0,0.232120494081,-0.0634750371618,0.367010238465,-0.0867657091866,0.0254866620356,0.0673744118936,-1.86015730726,-0.978575292732,21.3790481843,0.0484194089152,0.259532416092,0.00431194936397
45.715382089,-0.0300421262366,-0.00741367517201,-0.0661890984039,0.0507262968344,-0.0112909894514,-0.046994460017,-0.0825343373861,-0.0228874424304,-0.227579437264,0.112400916395,0.100719903483,0.011688917248,0,0,-26.4428568647,-0.00264428568647,-0.237985711782,0,0.336273209223,-0.0566043026182,0.535527732185,-0.109017397967,0.027998811998,0.0765963384431,-1.27620672808,-0.353902496139,22.9238559469,0.0558521818861,0.275275241649,0.0086419204333
45.765382089,-0.0332226962942,-0.00755275659062,-0.0776716336491,0.0568394986212,-0.00626277344602,-0.0463517787156,-0.0606744478959,-0.00143023135856,-0.230422452475,0.108134546271,0.0963993215834,0.0165683696773,0,0,-28.2025755534,-0.00282025755534,-0.25382317998,0,0.437357190243,-0.0602679220321,0.730075557142,-0.133931342036,0.0286976933537,0.0817421929659,-0.938193012501,-0.0221152909238,24.6396138399,0.054008556531,0.28951310081,0.0122494264801
45.815382089,-0.0361095710262,-0.00755669830787,-0.0892313436514,0.0615397514616,-0.0016510572931,-0.0453376230493,-0.0564438309833,-0.00108790813988,-0.231549920647,0.0737405652926,0.0787529932946,0.0217247651607,0,0,-30.0754658964,-0.00300754658964,-0.270679193068,0,0.54525898754,-0.0627919759319,0.957611782639,-0.159091136364,0.0301165080948,0.0860635271252,-0.872776097085,-0.0168220371255,26.4950704395,0.0379145604256,0.299835913775,0.0160616837272
45.865382089,-0.0388670793926,-0.00766154740461,-0.100826625714,0.0642135551505,0.00161252588344,-0.0441793021996,-0.0503993113978,0.00065694864049,-0.219086945576,0.0503730830361,0.0457283247376,0.0213119665164,0,0,-32.288282105,-0.0032288282105,-0.290594538945,0,0.658084341118,-0.0635618470727,1.2200852285,-0.183563803831,0.0333790869967,0.0904429891035,-0.779311282229,0.0101582238562,28.9005983501,0.0270742367658,0.307524536612,0.0157564909567
45.915382089,-0.041149502166,-0.00749100344382,-0.111140038209,0.0665770597652,0.00292177518066,-0.0432064263977,-0.0383148666781,0.00892736571698,-0.185022262451,0.0426805680536,0.0125259378247,0.0162622743604,0,0,-34.2179676225,-0.00342179676225,-0.307961708602,0,0.762798078424,-0.0697590975314,1.47942561491,-0.206842631637,0.0373797170986,0.093892071161,-0.59245269531,0.138041505546,31.3570170937,0.0236257533452,0.312599186563,0.0120231222538
45.965382089,-0.0426985660604,-0.00676881083291,-0.119328851959,0.0684816119558,0.00286511966591,-0.0425530747635,-0.0210923140625,0.0200703108546,-0.138496485604,0.0299394732705,-0.0138110876419,0.010886898378,0,0,-35.8935290433,-0.00358935290433,-0.323041761389,0,0.845386382171,-0.0854393345908,1.70132308921,-0.226179320978,0.0401458814166,0.0952450402335,-0.326144898836,0.310341932321,33.7519943519,0.0177619810032,0.317928482412,0.00804896703021
46.015382089,-0.0432587335722,-0.00548397235836,-0.124989686769,0.0695710070922,0.00154066641647,-0.0421177365599,-0.00204238005718,0.0190097908169,-0.0760466719871,0.00532246917022,-0.0363631743192,0.00919470825402,0,0,-33.5445228118,-0.00335445228118,-0.301900705306,0,0.893339944157,-0.110640387626,1.86118734712,-0.238846032562,0.0408549096728,0.0936099820753,-0.0315807850746,0.293943390208,32.3686331456,0.0058739814471,0.288437967278,0.00679788687461
46.065382089,-0.0429028040661,-0.00486783175122,-0.126933519158,0.0690138588728,-0.000771197766013,-0.0416336039381,0.0241730834346,0.0200706938766,-0.00891273610383,-0.0308682191914,-0.0529610541892,0.00997952555858,0,0,-30.1042530631,-0.00301042530631,-0.270938277568,0,0.895027423767,-0.123816507994,1.91663429875,-0.239945485507,0.0417748853349,0.0910338442741,0.373782024484,0.310347854889,29.9664377715,-0.0116018488216,0.251330506476,0.00737812271312
46.115382089,-0.0408414252287,-0.00347690297071,-0.12588096038,0.0664841851731,-0.00375543900245,-0.041119784004,0.0692748982485,0.0563741927044,0.0406453869877,-0.0667541292669,-0.0622696770905,0.0113388623653,0,0,-26.5408859896,-0.00265408859896,-0.238867973907,0,0.840153581033,-0.143047915313,1.87961796025,-0.229449710358,0.0389968309116,0.0837242565313,1.07117951184,0.871699298713,27.1693749069,-0.0289457140969,0.215813871357,0.0083831157571
46.165382089,-0.0359753142412,0.000769587519216,-0.122868980459,0.0623384459461,-0.00699816547507,-0.0404997177016,0.108616686492,0.0975083990631,0.0769657173893,-0.100377943676,-0.0667718826108,0.00955442958764,0,0,-22.8805003003,-0.00228805003003,-0.205924502703,0,0.72270010871,-0.193833958858,1.77712299545,-0.209093851136,0.027164872554,0.0671699585918,1.67951122493,1.50774670118,24.0706009235,-0.0452284594356,0.181203548604,0.00706383820931
46.215382089,-0.0299797565796,0.0062739369356,-0.118184388641,0.0564463908055,-0.0104326272635,-0.0401643410452,0.0988229357774,0.0907396019229,0.103657827507,-0.131250449239,-0.0681615717346,0.0011110545745,0,0,-19.0002732439,-0.00190002732439,-0.171002459195,0,0.582748998008,-0.252017336692,1.63385134406,-0.18308462161,0.0122883442994,0.0497579420033,1.52807303629,1.4030825732,20.603106938,-0.0602307853344,0.145767000492,0.000821431534348
46.265382089,-0.0260930206635,0.0098435477115,-0.112503197708,0.0492134010223,-0.0138143226485,-0.0403886122441,0.0565285547388,0.051878725252,0.123342761005,-0.153581804467,-0.0656092044814,-0.00681542322224,0,0,-15.5388149935,-0.00155388149935,-0.139849334941,0,0.478481663737,-0.281657339662,1.48216463031,-0.158745380467,0.00438517376816,0.0408721205116,0.874086158209,0.802187069133,17.4460316313,-0.071148058772,0.115558839166,-0.00503881958921
46.315382089,-0.0243269011057,0.0114618094608,-0.10585011254,0.0410882103588,-0.0169935477117,-0.0408458833675,0.0313346633505,0.0313881154532,0.14109343291,-0.158548369461,-0.0639522190929,-0.0114940370547,0,0,-12.2135646086,-0.00122135646086,-0.109922081477,0,0.406196619445,-0.285600296427,1.32130424802,-0.136346579966,0.0029019508545,0.037927850103,0.484519649111,0.485346164902,14.3952552124,-0.0738316364809,0.0862450514025,-0.0084978404395
46.365382089,-0.0229595543285,0.0129823592568,-0.0983938544171,0.0333585640762,-0.0202095445578,-0.0415380159496,0.0257655653779,0.0320508622273,0.157095839615,-0.148706770028,-0.0571738453641,-0.0135296729424,0,0,-8.85887048142,-0.000885887048142,-0.0797298343328,0,0.342776873921,-0.286304579336,1.15311809995,-0.115419496177,0.00272904751185,0.0361751560187,0.398406153479,0.49559404377,11.2880020867,-0.0695083289208,0.0585623615636,-0.0100028389778
46.415382089,-0.0217503445679,0.0146668956835,-0.0901405285789,0.0262175333559,-0.0227109322481,-0.0421988506617,0.0226513022707,0.0354227205308,0.167901357463,-0.130972708012,-0.0457418644754,-0.0118632046552,0,0,-5.97144764057,-0.000597144764058,-0.0537430287652,0,0.285923042197,-0.284257433579,0.981056570922,-0.0956300450247,0.00259505389771,0.0344103493181,0.350251123024,0.547732200923,8.56766212334,-0.0614021918638,0.0368080182804,-0.00877077564491
46.465382089,-0.0206944241014,0.0165246313099,-0.0816037186708,0.020261293275,-0.0247837310053,-0.0427243364151,0.0195946207692,0.0389463375226,0.171328676835,-0.108751320948,-0.0414823767947,-0.00826193204816,0,0,-3.86313004416,-0.000386313004416,-0.0347681703974,0,0.23780205479,-0.281116928516,0.818567713598,-0.078326800366,0.00267450500373,0.0324651028887,0.302986461777,0.602216962715,6.51234026398,-0.0510939523008,0.0194101500367,-0.00610826117344
46.515382089,-0.019790882491,0.0185615294358,-0.0730076608955,0.0153424012611,-0.0268591699276,-0.0430250438665,0.0133418670265,0.0398143577205,0.16597711704,-0.0912052117446,-0.0386995910285,-0.00345617918653,0,0,-3.50482170432,-0.000350482170432,-0.0315433953389,0,0.197727339503,-0.277690533122,0.67130813713,-0.0634258515776,0.00331740706645,0.0302435884552,0.206301776976,0.615638930488,6.07128216407,-0.0428238761444,0.0172156457524,-0.00255524313326
46.565382089,-0.0193602373987,0.020506067082,-0.0650060069668,0.0111407721006,-0.0286536901082,-0.0430699543338,0.000501336026717,0.0369047297172,0.148224000209,-0.0693867020721,-0.0367036930143,0.00215570145476,0,0,-3.84143146756,-0.000384143146756,-0.034572883208,0,0.168871215857,-0.273576187695,0.550265468752,-0.0511794744444,0.00454352738748,0.0279834963374,0.00775202698157,0.570648118766,6.13338015606,-0.0324618563333,0.0209840749433,0.00159376613374
46.615382089,-0.0197407488883,0.0222520024075,-0.0581852608746,0.00840373105388,-0.030529539229,-0.042809473721,-0.0113825973122,0.0318572505748,0.124599509914,-0.0407672826918,-0.0407699649669,0.00701698446392,0,0,-4.5450348748,-0.00045450348748,-0.0409053138732,0,0.154482453105,-0.271969266071,0.459662699792,-0.0429225327986,0.00650223224692,0.0256336081821,-0.176006105252,0.492600277765,6.4716842901,-0.018843749724,0.0258110497435,0.00518783905578
46.665382089,-0.02049849713,0.0236917921394,-0.0525460559754,0.00706404383137,-0.0327306866049,-0.0423682558874,-0.0125057729072,0.0241428107909,0.100959313041,-0.0192092223842,-0.0461127711982,0.0102571140927,0,0,-5.40122082626,-0.000540122082626,-0.0486109874363,0,0.148283102354,-0.271625964208,0.392221381554,-0.0376933937798,0.00915857077121,0.0234887846596,-0.19337347375,0.373313926565,6.96232810167,-0.00855306277269,0.0315386561556,0.00758335113373
46.715382089,-0.020991326179,0.0246662834866,-0.0480893295705,0.00648280881547,-0.0351408163488,-0.0417837623118,-0.00757498820013,0.0160538676267,0.0785877877722,-0.00246766024147,-0.0508120010176,0.0118193787748,0,0,-6.28626270456,-0.000628626270457,-0.0565763643411,0,0.14301776518,-0.269235640759,0.342068981239,-0.034023673646,0.0121640575169,0.0218347283049,-0.117130048078,0.2482367282,7.50144497507,-0.000539504864011,0.0377642372043,0.00873837403204
46.765382089,-0.02125599595,0.0252971789021,-0.0446872771981,0.00681727780722,-0.0378118867066,-0.0411863180099,-0.00436018717133,0.0123015622316,0.0611648322171,0.0119316385476,-0.0539968429722,0.0135717294702,0,0,-7.17957194433,-0.000717957194433,-0.064616147499,0,0.138732350118,-0.266236775872,0.304677724348,-0.0320616164251,0.0154692113764,0.0207391644809,-0.0674204262123,0.19021581784,8.12534764047,0.00636610852356,0.0446248963254,0.0100339324623
46.815382089,-0.0214273448962,0.0258964397098,-0.0419728463488,0.00767597267023,-0.040540500646,-0.0404265893647,-0.00211333359445,0.0106341516656,0.0471248166817,0.0169566622442,-0.0554165927406,0.0156849733004,0,0,-8.28169141016,-0.000828169141016,-0.0745352226915,0,0.135795906958,-0.26434986525,0.275668838463,-0.0311664833847,0.0186510632106,0.0194730825355,-0.0326779209397,0.16443308728,9.01037004276,0.00885504608752,0.0540183375611,0.0115963085703
46.865382089,-0.0214673293094,0.0263605940687,-0.03997479553,0.00851294403164,-0.0433535459807,-0.0396178206799,0.00155486041434,0.00669898432783,0.0331138220356,0.0150028441866,-0.0559787564526,0.0167232977911,0,0,-9.41061799865,-0.000941061799865,-0.0846955619878,0,0.133151220585,-0.262825852099,0.25471640927,-0.0307323843719,0.0218497824585,0.0183856854987,0.0240423971991,0.103584630848,9.92264831006,0.00804304816955,0.0639705469864,0.0123639688627
46.915382089,-0.0212718588547,0.0265663381425,-0.0386614641452,0.00917625708889,-0.0461383762913,-0.0387542595856,0.00626395777263,0.0015307786269,0.0194194333554,0.010846979685,-0.0568805052389,0.0172983836025,0,0,-10.5150789833,-0.00105150789833,-0.0946357108501,0,0.129563338671,-0.260170101321,0.240425962449,-0.0305063888053,0.0249909537993,0.0176094031971,0.0968579297658,0.0236700268605,10.8153565683,0.0061862077537,0.0735768413955,0.0127891447553
46.965382089,-0.0208409335322,0.0265136719314,-0.0380328521944,0.00959764200014,-0.0490415965046,-0.0378879823196,0.0104950556157,-0.00227932328616,0.00552452208951,0.00287583422525,-0.0574835992982,0.0163228701232,0,0,-11.9043875638,-0.00119043875638,-0.107139488074,0,0.124882512431,-0.25671459088,0.232431663598,-0.0304371299293,0.0282696937257,0.0172620503869,0.162282281683,-0.0352445758381,11.9898117943,0.00255178965859,0.085857335106,0.0120679222767
47.015382089,-0.0202223532932,0.0263384058139,-0.0381090119362,0.00946384051142,-0.0518867362211,-0.0371219725733,0.0142664545077,-0.00478229520599,-0.00767459653715,-0.00279830645023,-0.0539985489448,0.0134950648602,0,0,-13.4427505881,-0.00134427505881,-0.120984755293,0,0.119448720392,-0.253993801654,0.231554216836,-0.0301877827469,0.0314365745854,0.0172532281854,0.220598429758,-0.0739473716131,13.3240803225,1.96239446237e-05,0.100992872517,0.00997725232282
47.065382089,-0.0194142880814,0.0260354424108,-0.0388003118481,0.00931781135512,-0.0544414513991,-0.0365384758336,0.0229393909221,-0.00545570675775,-0.0199094370662,-0.00360693660883,-0.0476633852756,0.011872631506,0,0,-15.3356301833,-0.00153356301833,-0.13802067165,0,0.113468950322,-0.251905451098,0.236102260643,-0.0302522332874,0.034251765275,0.017610814144,0.354705761989,-0.0843601571318,15.0277758,-0.000173874205809,0.120374256519,0.00877774516079
47.115382089,-0.017928414201,0.0257928351382,-0.0400999556429,0.00910314685054,-0.0566530747487,-0.0359347094227,0.0387133086779,-0.0036618740141,-0.032328532023,-0.00651369309134,-0.0368583810209,0.0123547882538,0,0,-17.3154888978,-0.00173154888978,-0.15583940008,0,0.103592430391,-0.2502621417,0.245632476185,-0.0302146588766,0.0362137215403,0.0178586156049,0.598613699043,-0.0566225937248,16.815601319,-0.00135187709103,0.142193321674,0.00913421618053
47.165382089,-0.0155429572136,0.0256692550094,-0.0420331650504,0.00866644204599,-0.0581272895012,-0.0353029970082,0.0471444065822,-0.00216882681138,-0.0495708075389,-0.00801092678501,-0.0222944799495,0.0137982794299,0,0,-19.1876915039,-0.00191876915039,-0.172689223535,0,0.0883258344756,-0.2488826431,0.260689417361,-0.0296206323012,0.0365365332774,0.0179230102159,0.728981546067,-0.0335359979419,18.4211911587,-0.00187341132739,0.164435138223,0.0102014267378
47.215382089,-0.0132139735427,0.025575952457,-0.0450570363968,0.00830205417204,-0.0588825227436,-0.0345548814797,0.0391062603037,-0.00220459972864,-0.0746871277465,-0.00561125949102,-0.00763486641964,0.0154588562666,0,0,-21.2957841415,-0.00212957841416,-0.191662057274,0,0.0751694947731,-0.251609849977,0.288298624012,-0.0295860887329,0.0351685036606,0.0175597568857,0.604689806571,-0.0340891451427,20.14091675,-0.000526657158667,0.188835400679,0.0114291343682
47.265382089,-0.0116323311832,0.0254487950365,-0.0495018778251,0.00810531609688,-0.0588907761431,-0.0337571113815,0.0276884400974,-0.00428899727363,-0.0982575587604,0.00241000556372,0.00970216981657,0.0193883832153,0,0,-23.6386844937,-0.00236386844937,-0.212748160444,0,0.0688520940028,-0.261053249337,0.335480919084,-0.0309068854121,0.032119254022,0.0166156049614,0.428139058982,-0.0663196355682,22.1193537334,0.0035047072431,0.216340194775,0.0143343358091
47.315382089,-0.010445129533,0.0251470527297,-0.0548827922728,0.00854305472841,-0.057912305762,-0.0326160431582,0.0209611988269,-0.0108544966797,-0.113811115138,0.0110095659864,0.0279691699427,0.0241842257546,0,0,-25.7448246172,-0.00257448246172,-0.231703421555,0,0.066748617766,-0.272554718412,0.398376288625,-0.03362421629,0.0271056302803,0.0148075488512,0.32411749847,-0.167840224217,23.9849933098,0.00778614677009,0.242058447343,0.0178800268903
47.365382089,-0.00953621130055,0.0243633453685,-0.0608829893389,0.00920627269552,-0.0560938591489,-0.0313386888061,0.0152021540611,-0.0192944189635,-0.126031964699,0.0193348007426,0.0481236197294,0.0272899511096,0,0,-27.7878869944,-0.00277878869944,-0.25009098295,0,0.0671844149603,-0.281585682714,0.475203244763,-0.0369807411158,0.0210382995938,0.0129383925848,0.235066905587,-0.298344520297,25.8390879079,0.0119314193357,0.267907790682,0.0201761703941
47.415382089,-0.0089249141269,0.0232176108333,-0.0674859887427,0.0104765348027,-0.053099943789,-0.0298870480472,0.0095579140898,-0.0244871611503,-0.141232131002,0.029015778154,0.0689183087705,0.0302619893104,0,0,-29.9850803396,-0.00299850803396,-0.269865723056,0,0.0716162296434,-0.287955720289,0.568280546055,-0.0414751886732,0.0136130267715,0.010730904545,0.147791509014,-0.378638525506,27.8012450837,0.0167338810334,0.295381348512,0.0223734755089
47.465382089,-0.00858041989157,0.0219146292535,-0.0750062024391,0.0121078505109,-0.0492020282718,-0.028312489875,0.00448528571175,-0.0270447159199,-0.158758804667,0.0343357667223,0.0877365206276,0.0344653285655,0,0,-32.0419226535,-0.00320419226535,-0.288377303881,0,0.0806297949419,-0.29369583531,0.686581224471,-0.0471270863869,0.00516559587303,0.00818114068094,0.069354792005,-0.418185321516,29.5870770574,0.0194579201733,0.320859995913,0.025481113507
47.515382089,-0.00847638555572,0.0205131392413,-0.0833618692095,0.0139101114749,-0.0443262917263,-0.0264405151907,0.0016667091047,-0.0272240905199,-0.169110475153,0.0356851558955,0.107241578413,0.0387846164657,0,0,-30.9714677521,-0.00309714677521,-0.278743209769,0,0.0946893660369,-0.297403263097,0.833485585489,-0.0537049774864,-0.00416143999823,0.00508278290871,0.0257718840488,-0.420958943726,28.3565570009,0.0199896431324,0.318447259345,0.0286744753531
47.565382089,-0.0084137489811,0.0191922202015,-0.0919172499544,0.0156763661005,-0.0384778704305,-0.0244340282285,0.000846085582495,-0.0256334765535,-0.173079486419,0.0311326102113,0.123076235578,0.0395421468133,0,0,-29.0506233729,-0.00290506233729,-0.261455610356,0,0.111427111702,-0.297453981725,1.00044948057,-0.0603618394274,-0.0139145627706,0.00169993223433,0.0130827985915,-0.396363698767,26.3743408455,0.0176424928287,0.307022125054,0.0292345372349
47.615382089,-0.00839177699747,0.017949791586,-0.100669817851,0.017023372496,-0.0320186681684,-0.0224863005093,-0.00416696095046,-0.0211187123653,-0.17208669658,0.0224866595625,0.129678562378,0.0365032289894,0,0,-27.1447081544,-0.00271447081544,-0.244302373389,0,0.130023487355,-0.293801642104,1.18891483421,-0.0667566394348,-0.0233221142952,-0.00155772435145,-0.0644326200346,-0.326553088841,24.4837768748,0.0133591157725,0.292313267539,0.0269877862758
47.665382089,-0.00883044507614,0.017080348965,-0.109125919612,0.0179250320567,-0.0255100141927,-0.0207837053295,-0.0153519745753,-0.0123715300265,-0.163947325085,0.0100781858473,0.128369662973,0.0309740737256,0,0,-25.2316369809,-0.00252316369809,-0.227084732828,0,0.155069865074,-0.290759530469,1.38949286233,-0.0736353215317,-0.0316943030952,-0.00480748817864,-0.237383540751,-0.19129771143,22.6965626597,0.00729393500176,0.27461103315,0.0228999380312
47.715382089,-0.009926974455,0.0167126385833,-0.11706455036,0.0180311910808,-0.0191817018711,-0.0193888931368,-0.0195073998231,-0.00283146411414,-0.144434489567,-0.00595813709839,0.122236299346,0.0259864277627,0,0,-23.003406729,-0.0023003406729,-0.207030660561,0,0.189180781401,-0.291150916916,1.59596255227,-0.0812650401929,-0.0389778010249,-0.0081864120779,-0.301637787252,-0.043782184085,20.7700542458,-0.000520098434186,0.252286205668,0.0192124416921
47.765382089,-0.0107811850585,0.0167972025536,-0.123569368569,0.0173292183469,-0.0132863842581,-0.0181850625533,-0.00884625582152,0.004149610082,-0.103464348146,-0.0206453846693,0.109180785508,0.022288363038,0,0,-20.6786499885,-0.00206786499885,-0.186107849897,0,0.21791132162,-0.292237881393,1.77739487886,-0.0871442926047,-0.0454787259091,-0.0114032367272,-0.136787324588,0.064164328124,19.0788080149,-0.00770516461438,0.226529852115,0.0164783662914
47.815382089,-0.0108116000372,0.0171275995915,-0.127410985174,0.0159666526138,-0.00826362332033,-0.017160056833,0.00378051718201,0.00936900603544,-0.054212635739,-0.038759333603,0.0903283626788,0.0172551488608,0,0,-18.6308840576,-0.00186308840576,-0.167677956519,0,0.22790253123,-0.289969719033,1.88909805592,-0.088700689147,-0.0507288731096,-0.0138649273372,0.058457141792,0.144870473508,17.7926083451,-0.0164846498979,0.201120226233,0.0127571801866
47.865382089,-0.0104031333403,0.0177341031571,-0.128990632143,0.0134532849866,-0.0042535479902,-0.0164595476672,0.0104803025431,0.0151539620331,-0.0102654061423,-0.0541817927535,0.0700830868302,0.0130632731203,0,0,-16.7224211366,-0.00167224211366,-0.15050179023,0,0.222985121524,-0.287589469627,1.93772099846,-0.0864733384226,-0.0549341542015,-0.0156403664421,0.162054158806,0.234321724947,16.5636898643,-0.0239761182128,0.176448651467,0.00965801746297
47.915382089,-0.00976356978285,0.0186429957948,-0.128437525789,0.0105484733385,-0.00125531463731,-0.015853729521,0.015499732546,0.021381530779,0.0302947936877,-0.0636699081054,0.0491222745533,0.0112819219087,0,0,-14.6323874624,-0.00146323874624,-0.131691487161,0,0.208744908251,-0.287192504631,1.92463898052,-0.0818272866341,-0.0582235828914,-0.0171541344096,0.239668283348,0.330616980773,15.1008278807,-0.0286765676731,0.149878026869,0.00834101819709
47.965382089,-0.00885316008565,0.019872256235,-0.125961152774,0.00708629417603,0.000658679465135,-0.0153313554763,0.021096040189,0.0281635160997,0.0678648407736,-0.0721437391974,0.027269691102,0.00868094378594,0,0,-12.7233712571,-0.00127233712571,-0.114510341314,0,0.185199142736,-0.289322658647,1.85694121859,-0.0748039936083,-0.0607882471661,-0.0184651555763,0.326202514949,0.435485034121,13.7727474215,-0.0328787775606,0.124606399051,0.00641804744548
48.015382089,-0.00765396576395,0.0214593474048,-0.121651041711,0.00333409941874,0.00147165447289,-0.0149856351424,0.0266083022907,0.0347327445695,0.103721989559,-0.0769144565586,0.00524046648229,0.00486590178215,0,0,-10.3835171851,-0.00103835171851,-0.0934516546662,0,0.154096447553,-0.294479117857,1.7403112729,-0.0659585276984,-0.0626793901742,-0.0195322293849,0.411437172473,0.537063284301,11.9873430001,-0.0353711060694,0.095391832572,0.00359748770099
48.065382089,-0.00619232985657,0.023345530692,-0.115588953818,-0.000605151479828,0.00118272611336,-0.0148447652981,0.0295014560186,0.0371972891948,0.133645706931,-0.0770935256059,-0.0164605186065,0.00259130284795,0,0,-8.11314729068,-0.000811314729068,-0.0730183256161,0.212502429102,0.117784810084,-0.301095157187,1.58224180697,-0.0557613249191,-0.0636007977265,-0.0202117362932,0.456173246814,0.575171888938,10.1796756686,-0.0356829100482,0.0669241478124,-0.210586611532
48.115382089,-0.00470382016208,0.0251790763243,-0.108286471018,-0.00437525314185,-0.000174397387767,-0.0147265048576,0.0258987852156,0.0350074898122,0.155845069156,-0.0736079901635,-0.0340879827245,0.0029083788322,0,0,-6.08074240656,-0.000608074240656,-0.0547266816591,0.688995081394,0.0824165274275,-0.304877774695,1.40168284358,-0.0454806523181,-0.0628047186188,-0.0203702027869,0.400466096754,0.54131159765,8.49053367761,-0.034236181711,0.042106287815,-0.686844841306
48.165382089,-0.00360245133501,0.0268462796732,-0.100004446903,-0.00796595049618,-0.00222607215908,-0.0145539274149,0.0181222872052,0.029460411935,0.172934114916,-0.070296372491,-0.0422644532851,0.00409382545611,-2.22044604925e-16,0,-4.19837211804,-0.000419837211804,-0.0377853490624,1.38474408724,0.0546327004836,-0.30426728686,1.21130411175,-0.0361511083144,-0.0600142533532,-0.0202837032487,0.280220155537,0.455538592955,6.87240680419,-0.0328567784125,0.0221377805226,-1.38171741565
48.215382089,-0.00289159144156,0.0281251175178,-0.0909930595267,-0.011404890391,-0.00440084271628,-0.014317122312,0.0103184531658,0.0202822687355,0.187335948303,-0.060240108004,-0.0436228342646,0.0095722557205,0,0,-2.5975835238,-0.00025975835238,-0.0233782517142,2.18068443616,0.0343796438137,-0.29591443397,1.02066552035,-0.0277464936541,-0.0553013969832,-0.0198129364841,0.1595515245,0.313619381226,5.49430996768,-0.0282564630141,0.00722776978441,-2.17360741863
48.265382089,-0.00257060601843,0.0288745065467,-0.0812708520724,-0.0139899612966,-0.00658835558554,-0.0135967018428,0.00309011365344,0.0108430066839,0.197402144396,-0.0437485007056,-0.0345118805301,0.0527843429863,0,0,-1.15486084174,-0.000115486084174,-0.0103937475757,3.02804985097,0.0221747629143,-0.278751198037,0.832911971023,-0.0208095315738,-0.0487950634549,-0.0192496337406,0.04778161381,0.167662557437,4.20723822543,-0.0205940041859,-0.00238358595296,-2.98902501381
48.315382089,-0.00258258007621,0.0292094181862,-0.0712528450871,-0.0157797404615,-0.00785203076929,-0.00903868801332,-0.000873070142327,0.00664643630607,0.193545682261,-0.012926655902,-0.00221628771701,0.208816808625,0,0,0,0,0,3.96772183684,0.0184364158001,-0.25172683283,0.65943238805,-0.0165131768392,-0.0419931131352,-0.0210937794756,-0.0135000537353,0.102772094624,2.99274592508,-0.00611916866426,-0.000820536201469,-3.81333814098
48.365382089,-0.00265791303267,0.0295391501773,-0.0619162838463,-0.0152826268868,-0.00680998435725,0.00728497901971,-0.00211499790776,0.00689133269158,0.178719239798,0.0361092459763,0.0382397725352,0.570939783494,0,0,0,0,-1.73472347598e-18,4.95221957914,0.0258682648464,-0.215731112161,0.515394522959,-0.0149794910281,-0.0358609951951,-0.027468588505,-0.0327036557781,0.106558862953,2.76348854901,0.0170932504233,0.0141575109857,-4.53010895277
48.415382089,-0.00279407986699,0.0298985514553,-0.0533809211073,-0.0121688158639,-0.00402805351576,0.0480552903361,-0.00495180873065,0.00886976911269,0.160849254937,0.0875399261018,0.0643985341528,0.986088472784,0,0,0,0,0,5.94681703901,0.0467710150863,-0.169828917607,0.399953675443,-0.00847170770804,-0.0274553534285,-0.0762576451592,-0.0765685146128,0.137150904419,2.4871696782,0.0414393000584,0.0238422692994,-5.21777619278
48.465382089,-0.00315309390573,0.0304261270886,-0.0458313583526,-0.00652863427659,-0.000370130941965,0.105893826298,-0.0108693163526,0.0141910260899,0.144190423119,0.127065907629,0.0654629580682,1.30945963908,-0.00618508869553,-0.00618508869553,0,1.85552660866e-05,-1.85552660866e-05,6.90927568362,0.073467164631,-0.135799731353,0.31666709389,-0.00966340391249,-0.0248747848521,-0.244221799189,-0.161884288222,0.22561718869,2.22957854798,0.0601313958236,0.0242549062317,-5.94115812649
48.515382089,-0.00388101150225,0.0313176540643,-0.0389618787954,0.000537774898983,0.00251824229106,0.179001254244,-0.0190661928652,0.0182605501574,0.13604437656,0.132622263716,0.0536634447824,1.58540187876,-0.0531942209921,-0.0531942209921,0,0.000159582662976,-0.000159582662976,7.56159446796,0.103009222403,-0.126135928106,0.263201696314,-0.0256760764568,-0.0288513980409,-0.623553455479,-0.241621299238,0.335552300154,2.10361837487,0.0626206140456,0.0200273998248,-6.38946563854
48.565382089,-0.00505971319225,0.0322521821044,-0.0322269206966,0.00673359209496,0.00499621353628,0.264434014174,-0.0279705457249,0.0164727718516,0.133815960887,0.129989711013,0.0338488374957,1.81793342505,-0.086689396237,-0.086689396237,0,0.000260068188711,-0.000260068188711,8.13271952406,0.139653167536,-0.131999290682,0.231615491617,-0.0537615954481,-0.0394794469287,-1.30515186485,-0.345811787787,0.341403530171,2.06916097004,0.0612739412517,0.0127919232948,-6.78867407665
48.615382089,-0.00667806607474,0.0329649312495,-0.0255802827067,0.0135367460003,0.00590312604064,0.360794596749,-0.0357136972268,0.0119068535831,0.132065383004,0.141169207294,0.00891596532482,2.02935154633,-0.144309596271,-0.144309596271,0,0.000432928788812,-0.000432928788812,8.57999359766,0.193337981725,-0.132318848784,0.206374341796,-0.103877412316,-0.0485196768786,-2.3852788432,-0.407921900689,0.328422138205,2.04209224516,0.0663931858833,0.00373388663102,-7.07964123632
48.665382089,-0.00863108291493,0.0334428674627,-0.0190203823961,0.0208505128244,0.00588781006876,0.467369168807,-0.0377704132748,0.00720345752871,0.131277199008,0.152968210623,-0.0111243333466,2.2213914188,-0.251085705873,-0.251085705873,0,0.00075325711762,-0.00075325711762,9.12866089841,0.264535469285,-0.112365556811,0.170709477077,-0.184364747679,-0.0536231258952,-3.96473533267,-0.332948249812,0.362470873001,2.02990476356,0.0716582225541,-0.00336530481731,-7.48632846631
48.715382089,-0.0104551074022,0.0336852770023,-0.0124525628059,0.0288335670625,0.00479069270597,0.582933738629,-0.0351905662169,0.00249292405823,0.131435584601,0.151624063594,-0.0420286859841,2.30791026417,-0.18510980834,-0.18510980834,0,0.000555329425021,-0.000555329425021,9.63846102257,0.339351103402,-0.079222567607,0.116868737838,-0.303945589437,-0.0482273635807,-6.12992049953,-0.359032651552,0.223657236677,2.03235383828,0.0712198633028,-0.0150049509869,-7.9321629586
48.765382089,-0.0121501395366,0.0336921598685,-0.00587682393603,0.0360129191838,0.00168494147035,0.698160195224,-0.0324275980233,-0.00360007774935,0.130364926354,0.118123988061,-0.0984486520394,2.14608565287,-0.440868371267,-0.440868371267,0,0.0013226051138,-0.0013226051138,10.1709633663,0.407123472971,-0.0404435479455,0.0450001932802,-0.445546236401,-0.0141955785256,-8.75503788746,-0.0605510389244,0.385201316913,2.0157985317,0.0545944558585,-0.0351260393308,-8.58430644496
48.815382089,-0.0136978672046,0.0333252692274,0.000583929829488,0.0406459658686,-0.00505417249797,0.797542303915,-0.0294602363285,-0.0111298851417,0.127569090041,0.0837944404496,-0.153093488522,1.8558276691,-0.410084932899,-0.410084932899,0,0.0012302547987,-0.0012302547987,10.8221617546,0.457478936808,0.000721182352723,-0.040809414986,-0.566805634836,0.0811725210553,-11.3920848954,-0.0454509446989,0.237986449402,1.97256725093,0.0384360222436,-0.0554495474567,-9.45010010729
48.865382089,-0.0150961631695,0.0325791713543,0.00688008506807,0.0443923632287,-0.0136244073818,0.883742962134,-0.0235080962333,-0.0214370922648,0.123947999344,0.0592891510722,-0.194174277521,1.53997752197,-0.458218715618,-0.458218715618,0,0.00137465614686,-0.00137465614686,11.3889420867,0.491033556419,0.0425265321271,-0.136785081085,-0.679224833356,0.224315074949,-13.9594644244,0.0947192131409,0.126742602218,1.91657527889,0.0266914050311,-0.0705144866198,-10.2503966652
48.915382089,-0.0160486768279,0.0311815600009,0.0129787297639,0.0465748809758,-0.0244716002501,0.951540056113,-0.0147689326971,-0.0349228724565,0.120147803061,0.0221877183159,-0.237874940098,1.05945598316,-0.434468641333,-0.434468641333,0,0.001303405924,-0.001303405924,11.9523730774,0.496849720524,0.0790424841578,-0.237633161601,-0.760372293028,0.422219804099,-16.1590648168,0.206100523632,-0.105534540424,1.85781384435,0.00919972742151,-0.0867650331485,-11.1690897231
48.965382089,-0.0165730564392,0.0290868841087,0.0188948653742,0.0466111350603,-0.0374119013916,0.98968856045,-0.00883741110922,-0.0474293441843,0.115540732999,-0.024568240549,-0.261060373863,0.545460748672,-0.147576045092,-0.343639778446,0,0.00103091933534,-0.000442728135277,12.2101876491,0.472390662973,0.107351580114,-0.337416447447,-0.783397835628,0.661743081047,-17.4650343629,0.0109254839616,-0.389747682739,1.78657593301,-0.0126609347735,-0.09620965408,-11.8069143357
49.015382089,-0.0169324179388,0.0264386255825,0.0245328030638,0.0441180569209,-0.0505776376364,1.00608613098,-0.00499361408331,-0.0602435682345,0.109308947135,-0.0632326095888,-0.249277430704,0.137373476153,1.01716456101,-0.255225916702,0,0.000765677750105,0.00305149368302,11.1799420333,0.433822746104,0.132875513393,-0.432507625063,-0.744201638034,0.902039360395,-18.0431910175,-1.09437950078,-0.676304517044,1.69021546899,-0.0306984775468,-0.0953414768524,-11.0783782507
49.065382089,-0.0170724178475,0.0230625272852,0.0298257600877,0.0402878741015,-0.062339644462,1.00342590807,0.00159563244315,-0.0699378266529,0.101811846042,-0.0656958010809,-0.22185183797,-0.21264492192,2.95451047069,-0.236273043209,0,0.000708819129626,0.00886353141208,9.67628411706,0.384507849206,0.160339393449,-0.519135274529,-0.667933484966,1.10338881058,-17.9510443898,-2.92983762635,-0.845157156006,1.57428976873,-0.0318076346621,-0.0909997373839,-9.8334980366
49.115382089,-0.0167728546945,0.0194448429172,0.034713987668,0.0375484768128,-0.0727628214334,0.984821638788,0.0125049809509,-0.0701900552009,0.09315916355,-0.0603850248206,-0.181486821897,-0.513767354757,4.4266820512,0.246296335904,0,-0.000738889007711,0.0132800461536,8.11023589682,0.32510232103,0.179428393366,-0.594190891266,-0.603608393124,1.25986259516,-17.3004103773,-4.23332082326,-1.33162667875,1.44049561758,-0.0278459325018,-0.0804719122244,-8.49007746014
49.165382089,-0.0158219197524,0.0160435217651,0.0391416764427,0.0342493716194,-0.0804883266516,0.952049172589,0.0225477751292,-0.0668126096621,0.0839817711176,-0.0713878621599,-0.133421447273,-0.790487484301,5.76952104194,0.459436573057,0,-0.00137830971917,0.0173085631258,6.66717995479,0.260823148711,0.170731340934,-0.652581941393,-0.526016111705,1.34395649734,-16.1798475783,-5.42087073184,-1.4925423648,1.29858801476,-0.0324149909186,-0.0667051855496,-7.25160790461
49.215382089,-0.0145180771816,0.012763581951,0.0431121647797,0.0304096905968,-0.0861049661607,0.905772890358,0.0267116190495,-0.0643656183323,0.0760664174292,-0.0828658477403,-0.0893245242869,-1.04152827834,6.96264702367,0.591180328176,0,-0.00177354098453,0.020887941071,5.28443317096,0.200184761833,0.152588782057,-0.694532932112,-0.438533257383,1.36511939602,-14.6604769863,-6.54961229136,-1.58644893727,1.17619498476,-0.0374531625554,-0.0539585596978,-6.05446210687
49.265382089,-0.0131507578475,0.00960695993189,0.0467483181856,0.0259627868454,-0.0894207790803,0.847896344755,0.0282830324918,-0.0615682434732,0.0694386466212,-0.0834004244761,-0.0305483437218,-1.16618892277,7.96922132453,0.872700580447,0,-0.00261810174134,0.0239076639736,3.98690191226,0.148991172962,0.139491196159,-0.722971333997,-0.344433790503,1.32494699875,-12.8648913422,-7.5318882399,-1.82471411863,1.07371150982,-0.0368616575955,-0.0352175772697,-4.84909570377
49.315382089,-0.0116897739324,0.00660675760367,0.0500560294419,0.0220696481492,-0.0891598005329,0.789153998081,0.0315140621356,-0.0548816097698,0.0635215893029,-0.0560983149747,0.063698230384,-1.01961656822,8.6536470144,0.873840855817,0,-0.00262152256745,0.0259609410432,2.88763833478,0.105732522158,0.131695506123,-0.743212916546,-0.268690550882,1.22777357572,-11.1602044829,-8.16635336911,-1.7224607376,0.982217610438,-0.023934073382,-0.00237794520815,-3.64146737369
49.365382089,-0.00999935163389,0.00411879895491,0.0531004771159,0.0203529553479,-0.0830509560419,0.745934687933,0.0360711710227,-0.0443500386465,0.0583102053707,-0.034852912806,0.168506423985,-0.790362561072,7.92473159665,0.8373219622,0,-0.0025119658866,0.0237741947899,2.16160283462,0.0697928448128,0.111474194994,-0.766805362457,-0.237178791823,1.07926319836,-9.97984557281,-7.3669725765,-1.52309493262,0.901635352828,-0.0139865665658,0.038611938562,-2.74593842545
49.415382089,-0.00808265683011,0.00217175373903,0.0558870499789,0.0185843568686,-0.0723091581344,0.710117741974,0.0507860931835,-0.0346996503725,0.0536082730256,-0.0399375266496,0.249614819055,-0.67319460601,6.58015773298,0.672026789366,0,-0.0020160803681,0.0197404731989,1.70430073132,0.043377793754,0.0741488112924,-0.789215083302,-0.211339189152,0.89245814012,-9.0485240774,-5.79486574584,-1.20857834681,0.828930610975,-0.0168893862472,0.0726744212599,-2.2020110066
49.465382089,-0.00492074231555,0.000648833917664,0.0584613044185,0.0163592026829,-0.0580894741364,0.678615227332,0.0795190140734,-0.026834670709,0.0492438647884,-0.0447813382528,0.310780822863,-0.59489143333,7.15246813254,0.337940651836,0,-0.00101382195551,0.0214574043976,0.793071926774,0.0178774824373,-0.00379311565022,-0.809092966219,-0.186128231878,0.681785976557,-8.26577140354,-5.92288655492,-0.752878099558,0.761444915531,-0.0201845888212,0.0936029796511,-1.23289063061
49.515382089,-0.000130755422772,-0.00051171333187,0.0608114364578,0.0141062230434,-0.0412310758481,0.650628598641,0.11130413148,-0.0187609362539,0.0447199766635,-0.0475107856101,0.347571262973,-0.533892671657,7.94176101641,0.130257298127,0,-0.000390771894382,0.0238252830492,0.416147071946,-0.00939740226302,-0.123383674469,-0.829863340841,-0.167282740154,0.458627948783,-7.60237897822,-6.22069453722,-0.420352715751,0.691493224577,-0.0220996937546,0.104856025641,-0.810867805312
49.565382089,0.00620967083247,-0.00122725970773,0.0629333020848,0.0116081241219,-0.0233323478391,0.625225960166,0.139269161235,-0.0114190615841,0.0395937425687,-0.046495254146,0.358831064597,-0.484253054449,8.81821237666,0.0388349615115,0,-0.000116504884535,0.02645463713,0.282262214891,-0.0381365763529,-0.274749584376,-0.856639273418,-0.151258307165,0.240893767628,-7.03072476757,-6.66473000544,-0.215404904198,0.612227616483,-0.0218932325421,0.106395387916,-0.640283088625
49.615382089,0.0137961607007,-0.00165361949028,0.0647708107146,0.00945669762877,-0.00534796938836,0.602203293196,0.157363108699,-0.010891819148,0.0331351492336,-0.0315902416529,0.355901635613,-0.434404690828,9.78017860934,-0.0983028377414,0,0.000294908513224,0.029340535828,0.214676217317,-0.0728592327939,-0.438153472201,-0.892022768161,-0.143871259715,0.0376924385989,-6.54064680255,-7.34691429254,-0.0701144939764,0.512360088261,-0.0152489707459,0.102424926725,-0.535842899768
49.665382089,0.0219459817024,-0.00231644162253,0.0662468170082,0.00844909995663,0.0122578157222,0.581785491084,0.165721178518,-0.0127086646391,0.0263365000522,-0.00693067321166,0.347622680057,-0.390684512587,10.8352162138,-0.204838794785,0,0.000614516384354,0.0325056486415,0.195835827081,-0.11967925413,-0.581625579819,-0.932190923199,-0.151593937098,-0.148228166424,-6.12954207546,-8.27271326405,0.00832805960492,0.407234366023,-0.0038953307466,0.0961946961962,-0.484679045033
49.715382089,0.0303682785526,-0.00292448595419,0.0674044607198,0.0087636303076,0.0294142986174,0.563134841938,0.173321570745,-0.00549985799431,0.0208107850874,0.0159950270908,0.338869743449,-0.356563704752,11.8947061408,-0.269286567062,0,0.000807859701185,0.0356841184225,0.196876303216,-0.176886558109,-0.709584358049,-0.973658395507,-0.174119443593,-0.31834835464,-5.77382858217,-9.21468032722,0.184243710984,0.321791690419,0.00676380224296,0.0897756266944,-0.460493120796
49.765382089,0.0392781387769,-0.00286642742196,0.0683278955169,0.0100486026657,0.046144790067,0.546129120608,0.185067542379,0.00658646301569,0.0166956106312,0.0368502827457,0.33045789962,-0.336945390246,13.0419985352,-0.354565986197,0,0.00106369795859,0.0391259956055,0.15924282653,-0.242509897575,-0.846625490987,-1.01805164316,-0.20709267731,-0.474954175242,-5.4680498722,-10.1803478548,0.456410729622,0.25815983131,0.0163803414865,0.0832194325709,-0.408355314119
49.815382089,0.0488750327904,-0.00226583965262,0.069074021783,0.0124486585822,0.0624600885794,0.529440302913,0.197320026484,0.0101604869828,0.0134897650351,0.0635298331165,0.317405554812,-0.340679477683,14.1619495769,-0.422851551883,0,0.00126855465565,0.0424858487307,0.132985909909,-0.322640752669,-0.993000005302,-1.06505892251,-0.25131915902,-0.618932836418,-5.1849513021,-11.1108419609,0.579960486886,0.208588684943,0.0288049436257,0.0750272098273,-0.384859105427
49.865382089,0.0590101414253,-0.00185037872368,0.0696768720205,0.0164015859774,0.0778853455482,0.51206117284,0.206522743501,0.0047456334004,0.010319418768,0.0987627348918,0.286226447802,-0.371992668886,15.2136912509,-0.544986684351,0,0.00163496005305,0.0456410737526,0.128916264276,-0.426690490637,-1.12466006758,-1.11162617985,-0.30925323576,-0.74567505245,-4.90606134451,-12.0202844446,0.618367164117,0.159566455353,0.0451169483391,0.0603285440171,-0.403940116193
49.915382089,0.0695273071405,-0.00179127631258,0.0701059636598,0.0223249320713,0.0910827333596,0.492241036024,0.213461140759,-0.00377508567186,0.0053250727275,0.133372342283,0.23693532831,-0.399598193457,16.353412144,-0.717903735858,0,0.00215371120757,0.0490602364321,0.138836198399,-0.559518050738,-1.230448923,-1.15296903127,-0.381603668928,-0.840974617861,-4.60112151333,-13.0527187278,0.659530580077,0.0823401975173,0.0609815546931,0.0386603301682,-0.434269532375
49.965382089,0.0803562555012,-0.00222788729087,0.0702093792932,0.0297388202057,0.101578878379,0.472101353494,0.204924564296,-0.0112196730471,-0.00057033694474,0.165884968061,0.190520065302,-0.396533088423,17.5008343332,-0.835669112678,0,0.00250700733803,0.0525025029997,0.0996257274945,-0.72418798073,-1.30941022749,-1.1881527244,-0.461943972402,-0.904984641781,-4.31135560621,-14.3321397513,0.662182262441,-0.00881897000933,0.076018955303,0.0180337407772,-0.392792949626
50.015382089,0.0900197635701,-0.00291324361729,0.0700489299653,0.0389134288775,0.11013473989,0.452587727182,0.17276533801,-0.0119857330121,-0.017770871297,0.183561474974,0.175131391424,-0.391047619507,17.7477803406,-0.850415159915,0,0.00255124547975,0.0532433410218,0.0926331380549,-0.893846596025,-1.35655021147,-1.21003184917,-0.549277814772,-0.946945621895,-4.04498140241,-15.0763554073,0.665082926139,-0.274786303874,0.0843423512974,0.0115955540252,-0.381744810395
50.065382089,0.0976327893022,-0.00342646059208,0.0684322921635,0.0480949677031,0.119092017522,0.432996591544,0.134432855418,-0.0112199315701,-0.0498782824655,0.185182230294,0.186249859681,-0.393225230214,17.7379568907,-0.864151483758,0,0.00259245445127,0.0532138706721,0.0806830081557,-1.03388951493,-1.36975163591,-1.19063185988,-0.622777042969,-0.983925176254,-3.78238200972,-15.6592570429,0.690660636049,-0.771254749033,0.0850683689965,0.0157414148775,-0.371404644709
50.115382089,0.103463049112,-0.0040352367743,0.0650611017187,0.0574316519069,0.128759725858,0.413265204161,0.102818636219,-0.0121444497734,-0.083225865819,0.182688852689,0.210010471189,-0.40138133473,17.6607088476,-0.878463923399,-1.58836411053,0.00247655535914,0.038686849548,0.0670532852023,-1.14247243355,-1.34655920363,-1.12426998949,-0.682933836073,-1.01761545063,-3.52278226506,-16.0708513474,0.690677494132,0.301464460368,0.0840039629715,0.0390653272004,-0.363804941883
50.165382089,0.107914652924,-0.00464090556943,0.0601097055816,0.066363852972,0.140093064641,0.392858458071,0.0810286794008,-0.00925338475436,-0.11137133459,0.164811364324,0.24721032611,-0.418401928705,17.5577028373,-0.894049620417,-3.6624076097,0.00231590810028,0.0197114400247,0.0517304489086,-1.22104446401,-1.29795265815,-1.02038607709,-0.726249241772,-1.05364551659,-3.26108128645,-16.3047777022,0.750966968335,1.94030198651,0.075701836298,0.0718132390108,-0.36106587325
50.215382089,0.111565917052,-0.00496057524973,0.0539239682597,0.0739127883393,0.153480758469,0.37142501129,0.0658250256978,-0.00980814869057,-0.132522940029,0.136453130544,0.277971737106,-0.43570709525,17.4435024607,-0.910188672809,-6.42730049267,0.00208783596916,-0.00551519705188,0.0356717885904,-1.27859401477,-1.24037345337,-0.894854197165,-0.747991677887,-1.09330686446,-2.99763651627,-16.4256674198,0.758527852049,4.37813316369,0.0625058011551,0.108428673281,-0.357801372493
50.265382089,0.114497155494,-0.00562172043848,0.0468574115787,0.0800091660263,0.167890238351,0.349287748546,0.0523556886151,-0.0244234051556,-0.142364245789,0.107763398906,0.293855291501,-0.446042522301,17.333189123,-0.917816121982,-9.77427529144,0.0017760208368,-0.035968910254,0.0216438894078,-1.32460040314,-1.16042858265,-0.758689697514,-0.750533708536,-1.12960318269,-2.73952298914,-16.523626895,0.540163438636,7.57293444267,0.0492365858837,0.144762954826,-0.351414723251
50.315382089,0.116801485913,-0.00740291576529,0.0396875436808,0.0846891282299,0.182866287619,0.32682075906,0.0396289242183,-0.0436629891029,-0.145055414544,0.0806464516909,0.302520524098,-0.444352491797,17.2339659668,-0.916695943879,-13.5153772672,0.00139855010491,-0.0699364975045,0.0110437736468,-1.36888351803,-1.04638878166,-0.63063636461,-0.738958845916,-1.16171160442,-2.49369842417,-16.6211943458,0.241546639651,11.2724235846,0.0367775446107,0.181938671141,-0.339565123997
50.365382089,0.118460047916,-0.00998801934878,0.0323518701243,0.0880738111954,0.198142290761,0.304852499366,0.026297037468,-0.0506265231779,-0.150095889054,0.0586844214846,0.306370747175,-0.436546829693,17.1397233441,-0.921281917978,-17.5114865143,0.0010126971025,-0.106184208597,0.00202191181315,-1.40875190315,-0.911082477017,-0.509289304271,-0.717363487892,-1.19077654869,-2.26852235122,-16.7330991776,0.138457319817,15.1905933015,0.0267670996022,0.219611850323,-0.324772333223
50.415382089,0.11943118966,-0.0124655680831,0.0246779547754,0.0905575703784,0.213503362336,0.283166076091,0.0133762590119,-0.0461416887642,-0.156594126824,0.0346831421021,0.307607154944,-0.419322124876,17.045156047,-0.925858570351,-21.6188828142,0.00061568742963,-0.143434477187,-0.00700593073657,-1.43852357537,-0.776850962939,-0.387824555216,-0.689479468171,-1.21551069852,-2.05853806955,-16.8383224758,0.212381785892,19.1975090617,0.0158024796461,0.257319874162,-0.303009818559
50.465382089,0.119797673817,-0.0146021882252,0.0166924574418,0.0915421254056,0.228903006255,0.262920286878,0.00345573056975,-0.0337848111876,-0.160833109763,0.0150549881124,0.29885779812,-0.391941893091,16.9568755957,-0.929910462112,-25.4378897406,0.000245942412275,-0.178070380878,-0.0149368175491,-1.45881336263,-0.651043197015,-0.267718634638,-0.655365005094,-1.24113399378,-1.87480385233,-16.9034405437,0.40750482211,22.950969711,0.00688072764041,0.288716503477,-0.274836014502
50.515382089,0.119776762717,-0.0158440492018,0.00859464379909,0.0920630691896,0.243389142149,0.243971886782,-0.00427501763942,-0.0158556055481,-0.163042346579,-0.00307567191666,0.274006628331,-0.369485090708,16.8967929066,-0.931671407012,-25.9662815948,0.000198386061554,-0.183006155634,-0.0180348786227,-1.47429486883,-0.547495542993,-0.146765742457,-0.62232464345,-1.26296916077,-1.71299139737,-16.9628963788,0.686500353133,23.445200718,-0.00165433533077,0.284451629641,-0.25513505555
50.565382089,0.119370172053,-0.01618774878,0.000388222783988,0.091234558214,0.256303669089,0.225971777808,-0.00539068362157,-0.00544688060025,-0.152139189018,-0.0115703671609,0.227670178092,-0.347253002403,16.8469863718,-0.93441525327,-25.7819422484,0.000225051534972,-0.18149652112,-0.0189420029723,-1.48562792986,-0.462581200039,-0.025338029406,-0.58458535417,-1.2768973084,-1.56676259227,-16.9303410933,0.850191572688,23.4294540262,-0.00570218566011,0.265786851155,-0.237791170283
50.615382089,0.119237694355,-0.0163887372619,-0.00661927510271,0.0909060324735,0.266156159958,0.209246586541,0.00159089918359,-0.00383398955924,-0.12453370737,-0.00424100447938,0.173323491945,-0.316835668934,16.8019743306,-0.937257771288,-25.3975244694,0.000272020866925,-0.178171797233,-0.0190594706108,-1.50940355343,-0.392870307304,0.0792899217196,-0.555211948463,-1.27712782197,-1.43826268232,-16.7773746754,0.877973800206,23.4718925415,-0.00227961060336,0.242341353656,-0.21518537716
50.665382089,0.119529261971,-0.0165711477359,-0.012065147953,0.090810457766,0.273636018283,0.194288210914,0.00748136197064,-0.00397517836848,-0.0934986022948,-0.00110413215679,0.123143347086,-0.285318838454,16.7594185937,-0.939770545883,-24.9171069419,0.000327600943462,-0.173975706696,-0.0187552581825,-1.54337657633,-0.338816748068,0.16097323641,-0.533657650803,-1.27106664477,-1.33054638957,-16.6437362633,0.878303409418,23.4713626724,-0.000850270607316,0.219567068088,-0.192188377376
50.715382089,0.119985830552,-0.0167862550987,-0.0159691353322,0.0907956192579,0.278470494666,0.180714702696,0.00911031139007,-0.00434629211615,-0.0650728998993,-0.00192156266719,0.0692769551987,-0.253280616243,16.7179303622,-0.942140014577,-24.3235016936,0.000394069874377,-0.168757724155,-0.0182677843528,-1.57765599072,-0.29665547011,0.21947613876,-0.516981803522,-1.2554997941,-1.2359481934,-16.5770600159,0.874934443945,23.3172965758,-0.00130369152352,0.194406131278,-0.168989160532
50.765382089,0.12044029311,-0.0170057769475,-0.018572437943,0.0906183014993,0.280563713803,0.16896014929,0.00657642150358,-0.00145010072794,-0.0452173456538,-0.00321813363072,0.0267633691215,-0.219121964045,16.6681061753,-0.935647311327,-23.6665205939,0.00044028987459,-0.162994366819,-0.017733987485,-1.60607925792,-0.264951111401,0.257127623098,-0.502889724741,-1.23058061834,-1.15481201344,-16.5664167011,0.913224785576,22.9673366836,-0.00196367710017,0.172902968969,-0.144268577705
50.815382089,0.120643472703,-0.0169312651715,-0.0204908698976,0.0904738058948,0.281146831578,0.158802506291,0.000583169812308,0.00789152426887,-0.0403104500502,-0.00465539008827,-0.00278100290805,-0.18854735645,16.618210488,-0.928854414971,-23.0006174984,0.000486501495069,-0.157150926022,-0.0171848722847,-1.62270018881,-0.244551662321,0.28417793159,-0.491156546854,-1.20277070775,-1.08477830014,-16.6091930867,1.05087897694,22.3773076229,-0.00269025143349,0.156121315315,-0.12221309057
50.865382089,0.120498610092,-0.0162166245207,-0.022603482948,0.0901527624905,0.280285613512,0.150105413645,-0.000633443075669,0.0189167963794,-0.0415770576002,-0.0209209817631,-0.0269347127745,-0.160875115682,16.5684226418,-0.922069970314,-22.3308369195,0.000533126218988,-0.15127226435,-0.0166169545639,-1.62884312619,-0.236189235393,0.316126413325,-0.478536520562,-1.17000493442,-1.02432210017,-16.5782174053,1.21457541202,21.6879418249,-0.0104366168821,0.14130022564,-0.102322201213
50.915382089,0.120580128395,-0.0150395855336,-0.0246485756576,0.0883817077185,0.278453360301,0.142714994723,0.0114322381343,0.0248708845427,-0.0364505163901,-0.0480323453862,-0.0433034525204,-0.135639032713,16.5186816633,-0.915289198751,-21.6593711933,0.000579930476922,-0.14537829575,-0.0160408653013,-1.6394276804,-0.239128085685,0.345743432798,-0.46032586966,-1.13541375929,-0.975257289795,-16.341907975,1.29986113804,21.0957464556,-0.0233172900065,0.129346058523,-0.0842405981983
50.965382089,0.121641833905,-0.0137295360664,-0.026248534587,0.0853495279519,0.27595526826,0.136541510374,0.0270375767001,0.0268083563978,-0.028546935628,-0.0705596189498,-0.0476287250928,-0.117188437296,16.4787713003,-0.909847784471,-21.0911823343,0.000620425119989,-0.140384327107,-0.0155761669069,-1.67417550626,-0.252391875422,0.367593848944,-0.439373361124,-1.10146271588,-0.940178776929,-16.0606963706,1.32437834093,20.6497685849,-0.0340216553,0.122750744216,-0.0710642916852
51.015382089,0.123283886065,-0.0123587498938,-0.0275032692204,0.0813257458235,0.273690487792,0.130996150994,0.033309424629,0.0258421556476,-0.0230088521017,-0.0983949472488,-0.0434081118254,-0.106798147451,16.4925026947,-0.911720745289,-20.9911631283,0.000636045923038,-0.13944296007,-0.0157386490953,-1.72364473784,-0.271468123978,0.382249877512,-0.416697414205,-1.07230360591,-0.913569426214,-15.9774478319,1.31131119394,20.6353833064,-0.0472138524719,0.123371974829,-0.0632199980672
51.065382089,0.124972776368,-0.0111453205016,-0.0285494197972,0.075510033227,0.271614457078,0.125861695628,0.0342461874887,0.0226950200387,-0.0188371709691,-0.128001124919,-0.0303792556105,-0.0969507174143,16.5320562704,-0.917114557361,-21.1124660706,0.000640097065024,-0.140416025824,-0.0162025381059,-1.7749784322,-0.2878271892,0.387606008033,-0.387687648695,-1.04662634798,-0.890498484433,-16.0025164901,1.26804167672,20.8211918556,-0.0612327575749,0.12916871402,-0.0554756479972
51.115382089,0.126708504814,-0.0100892478899,-0.0293869863173,0.0685256333315,0.270652562231,0.121301079252,0.0333456308496,0.0235875173998,-0.0156359512723,-0.152441116347,-0.00568910865273,-0.0856411593477,16.5790080248,-0.923517110206,-21.3234251989,0.000638208810724,-0.142173802716,-0.0167527816169,-1.82742977449,-0.302121284374,0.384162905535,-0.356153806808,-1.03087418272,-0.87264197639,-16.0633933147,1.28824468127,21.0816506013,-0.0728001747024,0.14006752402,-0.046563954159
51.165382089,0.128307339453,-0.00878656876165,-0.0301130149244,0.0602659215923,0.271045546212,0.117297579694,0.0305157590211,0.0287219145793,-0.013453784598,-0.16578956422,0.0147701558721,-0.0757070934996,16.628079393,-0.930208672122,-21.5724603578,0.000633379980584,-0.144267905042,-0.0173277661065,-1.87532837319,-0.320519838107,0.373533752883,-0.321157857568,-1.02606334362,-0.859508831174,-16.1562222459,1.37432807491,21.3644280289,-0.079114180733,0.14973625985,-0.0386444565022
51.215382089,0.129760080716,-0.00721705643199,-0.0307323647771,0.0519466769095,0.272129577818,0.113730369902,0.0275332449748,0.0361106126872,-0.0129946341812,-0.165710019199,0.0318809177159,-0.0673064021777,16.6777580407,-0.936983036523,-21.8292380749,0.000628025302084,-0.146429868552,-0.0179098390051,-1.91852966847,-0.344140864863,0.359358080109,-0.287199551175,-1.02735388077,-0.849428970174,-16.252018723,1.49535193274,21.6283054679,-0.0790711713503,0.158233140718,-0.0318515340913
51.265382089,0.13106066395,-0.00517550749294,-0.0314124783425,0.0436949196725,0.274233637984,0.110566939476,0.0235454646232,0.0465498860176,-0.0148711990713,-0.160116383745,0.0542655523001,-0.0613608500666,16.7255934683,-0.941763915666,-22.0882340719,0.000616468339803,-0.148617326243,-0.018504203524,-1.95766718149,-0.376535555975,0.345143876579,-0.254427416196,-1.03640268613,-0.842975118225,-16.3615161482,1.66155254678,21.8582846362,-0.0764117216114,0.168708061671,-0.0268614683123
51.315382089,0.132114627178,-0.00256206783023,-0.0322194846842,0.035935038535,0.277556133048,0.107594284896,0.0251055920371,0.0531848661002,-0.0151006259545,-0.152194134375,0.0692203125525,-0.0572149049024,16.7664227739,-0.939495621209,-22.3478656169,0.000583700301937,-0.15083152223,-0.0191350397019,-1.99057035341,-0.419278985942,0.333153192356,-0.224136921209,-1.05389463665,-0.83881216047,-16.3782216145,1.76187920238,22.1143686137,-0.0726287508559,0.176458958547,-0.02316542708
51.365382089,0.133571223154,0.000142979117089,-0.032922540938,0.0284755062349,0.281155669239,0.104845448986,0.0360871338955,0.0528030203584,-0.0123265022738,-0.142510341217,0.0732583087833,-0.054113511028,16.8072637648,-0.937226677362,-22.6076792494,0.000550912107149,-0.15304732195,-0.0197660559063,-2.036501317,-0.467100516156,0.319096476361,-0.196064389419,-1.07456248838,-0.838571702187,-16.2492579149,1.75370587836,22.4170777902,-0.0680118873913,0.180169745611,-0.020241469748
51.415382089,0.135723340568,0.00271823420561,-0.0334521349116,0.0216840044133,0.284881963926,0.102182933793,0.0697703422469,0.0496023985177,-0.00504146153038,-0.121546315621,0.0686104304995,-0.0556927811038,16.8481081034,-0.934957547462,-22.8675450508,0.000518118137305,-0.155263581147,-0.0203971236891,-2.10462488191,-0.517919796402,0.302746710454,-0.172189614282,-1.09750375182,-0.842428851311,-15.7692676715,1.70194637565,22.7895902585,-0.0580552268405,0.180665220831,-0.0207779973932
51.465382089,0.140548257379,0.00510321896886,-0.033426687091,0.0163208746729,0.288016712289,0.0992761708753,0.12778223598,0.0462942351726,0.00677808448544,-0.0935656590663,0.0568779022304,-0.057698098294,16.5691293595,-0.911631412888,-22.6206459756,0.000472829641101,-0.153878425702,-0.016442566401,-2.2570273156,-0.583907408218,0.28124642642,-0.159351015542,-1.11902259246,-0.858377793293,-14.593266289,1.62746698229,22.7254537114,-0.0447645670673,0.174936331445,-0.0262151378183
51.515382089,0.148501564166,0.00734765772287,-0.0327743264631,0.0123274385066,0.290569754149,0.0964131239634,0.122865747023,0.0466487319585,0.00837206243331,-0.0700532730857,0.0208312310192,-0.0633360247231,14.9574239713,-0.689528835811,-20.3608022436,3.25062830744e-05,-0.138374948278,-0.0162324668519,-2.51740767168,-0.671553880708,0.250736176951,-0.159237287823,-1.14090178327,-0.891416945228,-13.0575832751,1.41084589568,20.4902572407,-0.0331940444833,0.146087294938,-0.0305935029626
51.565382089,0.152834832081,0.00976809216471,-0.0325894808477,0.00931554736431,0.290099835391,0.092942568403,0.0556977966515,0.0481720273582,0.00248052425444,-0.0537483016611,-0.0630213890958,-0.0726440398025,12.920000013,-0.672353507952,-17.6551494369,0.000251545580163,-0.120136344893,-0.0302785393241,-2.67081981257,-0.740419278222,0.231743858718,-0.157168697847,-1.13775574023,-0.898560012793,-12.0587596484,1.41722488351,17.6935051304,-0.0256947016273,0.0968039360084,-0.0234290880469
51.615382089,0.154071343831,0.0121648604587,-0.0325262740376,0.00695260834053,0.28426761524,0.0891487199831,9.55419655926e-05,0.0475468392129,0.011929068302,-0.0476513808816,-0.16052719946,-0.079843476506,10.5711496693,-0.523638454052,-14.5578831124,0.000115127050914,-0.0993074990038,-0.0164350184124,-2.72323618526,-0.787264982552,0.221257489172,-0.152215643927,-1.09454719765,-0.880943325101,-10.569672329,1.25884270993,14.7423391547,-0.0226721471271,0.0398755139478,-0.0425953396988
51.665382089,0.152844386278,0.014522776086,-0.0313965740175,0.00455040927615,0.274047115445,0.0849582207524,-0.0345586449471,0.0245208870353,0.0282882884915,-0.0508989778809,-0.245827167108,-0.0896572729604,8.30461092384,-0.475039403664,-11.6616371565,0.000258954495343,-0.0800409016369,-0.0211684878957,-2.68377607517,-0.815427649598,0.190909017642,-0.144673783847,-1.0223450444,-0.841017925142,-8.83898215152,0.85419942365,12.0990515133,-0.0243533090487,-0.0109716904416,-0.0451174650931
51.715382089,0.150615479336,0.0146169491622,-0.0296974451885,0.00186271055244,0.259684898529,0.0801829926871,-0.0514062420105,-0.0256122576035,0.0385914694651,-0.0629057768841,-0.323285816019,-0.0991007594675,6.13452900729,-0.381622893303,-8.58119228531,0.000286749451377,-0.0588271435459,-0.0150710884824,-2.60676410162,-0.782779333644,0.152299680792,-0.13395313623,-0.926583730241,-0.78452937644,-6.92941019246,-0.0144127024268,9.17792201669,-0.0300648344897,-0.0608629641187,-0.0581966796117
51.765382089,0.147703762077,0.0119615503257,-0.027537427071,-0.00174016841226,0.241718533843,0.0750481448057,-0.0964315457014,-0.0312759612274,0.0559578663308,-0.083198677196,-0.391834667451,-0.103407336725,4.09687926084,-0.287626728141,-5.94777076852,0.000268103107571,-0.0412392991341,-0.00916210121146,-2.50358323777,-0.683416426878,0.106986864641,-0.117838018616,-0.815515110545,-0.715263935438,-5.58797486203,-0.195985225497,6.81303252213,-0.0396523601239,-0.103829649796,-0.0672896314203
51.815382089,0.140972324766,0.0114893530395,-0.0241016585554,-0.00645715716716,0.220501431784,0.0698422590146,-0.148459181445,-0.00152402873403,0.0798920448357,-0.107995636353,-0.458594499887,-0.106109413582,2.26041160757,-0.178138460275,-3.67280377201,0.000167135003624,-0.0262739991253,-0.00348971355463,-2.27434727142,-0.608825180183,0.0419258708154,-0.0956518652408,-0.691658395257,-0.628555837109,-4.5559968416,0.154572805231,4.90815342608,-0.0512896773577,-0.143511442568,-0.0749597347513
51.865382089,0.132857843932,0.0118091474522,-0.0195482225874,-0.0125397320475,0.195859083854,0.0644372034475,-0.160448308401,0.0047317799725,0.100224374432,-0.130593969842,-0.519306940227,-0.107954853196,0.91711689967,-0.0802596706696,-1.91627737916,4.91512740932e-05,-0.0144951457134,-0.000532954280088,-2.01404928255,-0.541976149143,-0.0352213901844,-0.0714493081553,-0.561194063525,-0.537462938484,-3.39808684714,0.153425938528,3.46602049237,-0.061869202342,-0.177767862767,-0.079280875514
51.915382089,0.124927493926,0.0119625310367,-0.0140792211122,-0.0195165541514,0.168570737761,0.059046773695,-0.154065345284,0.00121147053781,0.120151631556,-0.146765723692,-0.56599771068,-0.10663695987,0,0,0,0,0,0,-1.77635813287,-0.472977351198,-0.116667206359,-0.0500989298548,-0.43513086054,-0.451096645528,-2.3822718694,0.0187326499513,1.85787304335,-0.0694753712183,-0.209549332425,-0.0788394769931
51.965382089,0.117451309404,0.011930294506,-0.00753305943183,-0.0272163044167,0.139259312786,0.0537735074604,-0.17387989341,-0.000595915818581,0.133990612103,-0.157553941085,-0.603688027297,-0.102176570552,0,0,0,0,0,0,-1.56841295449,-0.403241921775,-0.202683971616,-0.0337011916947,-0.321035375357,-0.371449939253,-2.68865900999,-0.00921448940072,2.07186155581,-0.0745822544152,-0.223503418346,-0.0755417951999
52.015382089,0.107539504585,0.0119029394549,-0.000680159901867,-0.0352719482599,0.108201935031,0.0488291166398,-0.253237972433,0.00410707524498,0.128862949356,-0.170986042397,-0.637917357528,-0.0980710680749,0,0,0,0,0,0,-1.31818559587,-0.325223767076,-0.27106650489,-0.0189694100756,-0.219842587449,-0.290494855915,-3.91575209129,0.0635066231384,1.99257385685,-0.0809406888055,-0.236176143278,-0.0725064904756
52.065382089,0.0921275121604,0.0123410020305,0.00535323550381,-0.0443149086564,0.0754675770336,0.0439664006529,-0.290186472264,0.010247248649,0.125159413064,-0.185919896964,-0.649628071563,-0.0916502864568,0,0,0,0,0,0,-0.977957108716,-0.238164986021,-0.2951898341,-0.00170061130714,-0.131430938119,-0.20368099011,-4.4870770158,0.158450507804,1.93530705029,-0.0880100171451,-0.240511800935,-0.0677594396849
52.115382089,0.0785208573587,0.0129276643198,0.0118357814045,-0.0538639379562,0.043239127875,0.0396640879941,-0.252541780873,0.015198901782,0.132798965908,-0.185905381406,-0.613423705262,-0.0799709546477,0,0,0,0,0,0,-0.730391834479,-0.166835283503,-0.314465801217,0.00752659229102,-0.0706819615268,-0.137543876765,-3.9049870645,0.235016616451,2.05343544446,-0.0880031458286,-0.227107858399,-0.0591246060159
52.165382089,0.0668733340731,0.0138608922087,0.0186331320947,-0.062905446797,0.0141252065074,0.0359693051882,-0.215063033644,0.0133118413163,0.129173199872,-0.171560139723,-0.566845614145,-0.0709102636991,0,0,0,0,0,0,-0.560106151538,-0.112494283939,-0.332161896605,0.013393952887,-0.0347541673569,-0.0910778219582,-3.3254630641,0.205837497325,1.99737117889,-0.0812124527015,-0.209863251725,-0.0524258016196
52.215382089,0.0570145539943,0.0142588484514,0.0247531013917,-0.0710199519285,-0.0134454335395,0.0325730616242,-0.198725345789,0.0220990707672,0.118796783346,-0.151917496501,-0.538162579822,-0.0662295860752,0,0,0,0,0,0,-0.447207512759,-0.0633059796383,-0.338903652897,0.0244758053199,-0.0104680374015,-0.061605016827,-3.07283769844,0.341712112687,1.83692338221,-0.0719140968238,-0.199243931927,-0.0489652549546
52.265382089,0.0470007994942,0.0160707992854,0.0305128104292,-0.0780971964471,-0.0396910514748,0.0293463465807,-0.212518793411,0.0524459330593,0.109759097927,-0.130597870982,-0.514555830382,-0.0639244121144,0,0,0,0,0,0,-0.359953176457,-0.0322674908977,-0.342294145653,0.0453451926764,0.0176580728758,-0.0428478881139,-3.28612214727,0.810957654115,1.69717603216,-0.0618218977738,-0.190504005082,-0.0472609799109
52.315382089,0.0357626746532,0.0195034417573,0.0357290111844,-0.0840797390267,-0.0649010165777,0.0261806204127,-0.194644287091,0.0432331985741,0.0925278659853,-0.111742599284,-0.500080857168,-0.0649873096626,0,0,0,0,0,0,-0.285980265491,-0.0187628754108,-0.34425323006,0.073377584386,0.057869317142,-0.029122585768,-3.00973336231,0.668503566442,1.43073402955,-0.0528962646788,-0.185144935749,-0.0480468077036
52.365382089,0.0275363707851,0.0203941191429,0.0397655970277,-0.0892714563756,-0.0896991371916,0.0228476156144,-0.160605624664,0.00938404198181,0.0698684037116,-0.0931324010999,-0.485684311194,-0.0619996315676,0,0,0,0,0,0,-0.248446178966,0.00565665804918,-0.34125638526,0.105934996118,0.108575084524,-0.0225006779044,-2.48340248743,0.145102970388,1.08035673055,-0.0440866435031,-0.179814902533,-0.0458379396084
52.415382089,0.0197021121868,0.0204418459555,0.0427158515556,-0.0933929791367,-0.113469447697,0.019980657256,-0.175255628076,0.00871113214177,0.0491776541811,-0.0809066255218,-0.461207464249,-0.0579051746448,0,0,0,0,0,0,-0.215306573909,0.0286387475251,-0.330587644792,0.140223542322,0.170297073232,-0.018846713026,-2.70993163291,0.134697942706,0.760421118345,-0.038299254763,-0.170752839489,-0.0428108011494
52.465382089,0.0100108079775,0.021265232357,0.0446833624458,-0.0973621189277,-0.135819883617,0.0170570981499,-0.161160717217,-0.031303985604,0.027671484631,-0.0762515382265,-0.416463077785,-0.0523078498875,0,0,0,0,0,0,-0.171144761373,0.0374309955463,-0.318889716058,0.175105436924,0.240800358972,-0.0149014385738,-2.49198573743,-0.484045287194,0.42787688107,-0.0360956481595,-0.154187125289,-0.038672553426
52.515382089,0.00358604046505,0.0173114473951,0.0454830000187,-0.101018132959,-0.155115755476,0.0147498722672,-0.0706339426063,-0.148890700971,0.00598997625592,-0.0733204652887,-0.356697567338,-0.0430056357541,0,0,0,0,0,0,-0.137742599992,0.0756532415627,-0.280807297595,0.210048027169,0.309239844144,-0.0174479250853,-1.09219405692,-2.30225770685,0.0926214257111,-0.0347081485765,-0.132060140356,-0.0317951846596
52.565382089,0.00294741371691,0.00637616225995,0.0452823600714,-0.104694165457,-0.17148964035,0.0127565345745,0.0109441265417,-0.22020862508,-0.00877432023943,-0.0735111958715,-0.304239730063,-0.0370729184205,1.08280589644,-1.96487090487e-08,0,5.89461270593e-11,0.00324841768932,-8.8216663406e-06,-0.129587713643,0.154746015668,-0.208389710639,0.247625865713,0.37121591088,-0.0241693840484,-0.913579749267,-3.40502797001,-0.135675003623,-0.0347984359158,-0.115887092951,-0.0274001508178
52.615382089,0.00468045311922,-0.00470941511287,0.0446055679947,-0.108369252546,-0.185539728482,0.0110425804252,0.0594155149566,-0.235573461088,-0.0204085806181,-0.0717664449612,-0.261088011857,-0.0332310616988,2.04463412731,-6.25494922524e-09,0,1.87648477486e-11,0.00613390238193,2.14121176378e-05,-0.133548278132,0.225712749954,-0.156017772724,0.284586097478,0.427429726734,-0.024147194426,-1.12590766338,-3.64261039711,-0.315572508608,-0.0339725126687,-0.102796517012,-0.0245900000391
52.665382089,0.00888896521257,-0.0171811838489,0.0432415020096,-0.111870809953,-0.197598441536,0.00943342840462,0.117500865467,-0.289842308062,-0.0367074457669,-0.0672058240467,-0.221145622416,-0.0294473979915,3.2627042891,-2.68810440573e-09,0,8.06431353986e-12,0.00978811286731,2.96694692949e-05,-0.152190411636,0.314694494693,-0.114963162535,0.322150655799,0.476249591874,-0.0158140443704,-1.44581934385,-4.48175529268,-0.567597568986,-0.031813624172,-0.0916628566542,-0.0218008964368
52.715382089,0.0164305396659,-0.0336936459191,0.040934823418,-0.115089834951,-0.207654290724,0.00809784062601,0.14742193154,-0.23871964096,-0.0247671236494,-0.064842659321,-0.181699620362,-0.0218021469919,4.74032763344,-6.16120932051e-10,0,1.84836347616e-12,0.0142209829003,6.41350393754e-05,-0.201896078735,0.476251935081,-0.0791707998607,0.364070011979,0.51397729143,0.0058486455257,-2.46078112157,-3.69125895373,-0.382967511917,-0.0306949587006,-0.0814916333469,-0.0161830291663
52.765382089,0.0236311583666,-0.0410531479449,0.0407647896447,-0.118355075885,-0.215768403572,0.00725321370543,0.145596932071,-0.0563552966061,0.0191613984798,-0.0633229868968,-0.140955701463,-0.0122341616614,6.22970396598,-2.20648388449e-10,0,6.61944457581e-13,0.0186891118979,8.32666730272e-05,-0.276634433973,0.593281088042,-0.0810842468948,0.395205926635,0.546808737888,0.0225440520512,-3.9783769404,-0.8714071131,0.296287659581,-0.0299755822459,-0.0708751412506,-0.0091283004775
52.815382089,0.030990232873,-0.0393291755797,0.042850963266,-0.121422133641,-0.22174986087,0.00687442445987,0.170833761177,0.0378710248329,0.0470621748486,-0.0590251846503,-0.0938981632116,-0.00288818814764,7.80281925476,-6.74247324639e-11,0,2.02273961469e-13,0.0234084577643,9.61669787923e-05,-0.365270424004,0.618384092148,-0.121593782947,0.41072461031,0.572605544014,0.0241862270447,-5.16126178545,0.585589685786,0.727710018422,-0.0279411058092,-0.0581723747301,-0.00223147956923
52.865382089,0.0407145344843,-0.0372660454616,0.0454710071296,-0.12425759435,-0.225158219893,0.00696439489067,0.189557287723,0.0451354808596,0.048515163478,-0.0487661832023,-0.0396005687844,0.00781041954443,9.5335886172,-2.17319495732e-11,0,6.51961123976e-14,0.0286007658516,0.000166569695978,-0.487483252396,0.651116159841,-0.185074944914,0.420673274966,0.582536974544,0.0219719210708,-6.60251418673,0.697918056582,0.750177199032,-0.0230847407396,-0.0432620844327,0.00560787654413
52.915382089,0.0499459616453,-0.0348156274937,0.0477024796138,-0.126298751961,-0.225709917748,0.00765546641431,0.167076685079,0.0553257433189,0.0357792000647,-0.0346527257037,0.0125658204397,0.013539762714,11.1689360163,-6.22435436526e-12,0,1.86742982189e-14,0.0335068080489,0.000194787016773,-0.611508968592,0.672213111718,-0.25646198161,0.421931287303,0.57692397618,0.0141081418595,-8.58547322546,0.855487401924,0.553244350095,-0.0164037686827,-0.0288545643475,0.0098155115915
52.965382089,0.0574222029922,-0.0317334711297,0.049048927136,-0.12772286692,-0.223901637849,0.00831837116206,0.149231027938,0.0390764020371,0.0320919033925,-0.0149595586983,0.0554719926853,0.0183666399842,12.8512803016,-1.59117163889e-12,0,4.77395900589e-15,0.0385538409047,0.000231663188123,-0.717874927777,0.670807351041,-0.323862328439,0.415221980735,0.560296151585,0.00267704099974,-10.5437602084,0.604228116058,0.496228652502,-0.00708149605838,-0.0180164450528,0.0133472712849
53.015382089,0.0648690644391,-0.03090798729,0.0509116699531,-0.127794707831,-0.22016271848,0.00949213041273,0.0986992497946,0.0536857549566,0.0416683300857,0.00930821778053,0.0772690886508,0.0206650257721,13.4481257981,-5.49782441794e-13,0,1.64798730218e-15,0.0403443773943,0.000263061660072,-0.842011109709,0.695996179387,-0.399036756622,0.404475806738,0.531743554175,-0.00961258378876,-11.9219652856,0.830128693674,0.644306417028,0.00440628690007,-0.0117370427031,0.0150151291839
53.065382089,0.0672921279717,-0.0263648956341,0.0532157601446,-0.126792045142,-0.216174728984,0.0103848737393,0.00745397544385,0.160898647652,0.0458076380634,0.0311823655096,0.0860093024589,0.0191011080171,13.7884126443,-1.53654866608e-13,0,4.6143644461e-16,0.0413652379329,0.000290696533976,-0.893813827737,0.657886043515,-0.468106580545,0.385642324127,0.510113221584,-0.0244988804923,-13.6731537846,2.48793342475,0.708311446426,0.0147609834555,-0.00952201388356,0.0138312492519
53.115382089,0.0656144619835,-0.0148181225248,0.0554924337594,-0.12467647128,-0.211561788234,0.0114022412144,-0.0164887263277,0.227815106445,0.0543877003626,0.0554159851136,0.100846844013,0.0206350905691,14.0199608692,-3.68594044176e-14,0,1.11022302463e-16,0.0420598826077,0.000297825443165,-0.885594332459,0.526827347193,-0.545797326945,0.353068936894,0.495317698618,-0.0448551946345,-14.274921703,3.52264500826,0.840982690667,0.0262325973691,-0.00472335554875,0.014958233527
53.165382089,0.0656432553389,-0.00358338498951,0.0586545301809,-0.121250446631,-0.206090044583,0.0124483827962,0.0155041731945,0.231934426545,0.0754272390634,0.0792500894707,0.12231126202,0.0237596291469,14.2099438316,-1.90958360236e-14,0,5.72458747072e-17,0.0426298314948,0.000292030962813,-0.921417291833,0.40724204197,-0.653824769078,0.31616309425,0.474436362784,-0.0617112268681,-13.9702068837,3.58634097035,1.16631153798,0.0375150903533,0.00265346704268,0.0172740806159
53.215382089,0.0671648793029,0.00837532012966,0.0630351576657,-0.116751462333,-0.199330662032,0.0137782041291,0.0207108452544,0.238841051217,0.103627625478,0.0940808559004,0.156997536087,0.0306951204246,14.3937648986,-1.82076576039e-14,0,5.55111512313e-17,0.0431812946957,0.00028642442027,-1.00035479439,0.272128653337,-0.803519683673,0.272396371268,0.446981777241,-0.0769521225032,-14.0735185515,3.69313628918,1.60236668808,0.0445356192427,0.0149439030896,0.0224072761828
53.265382089,0.0677143398643,0.0203007201322,0.0690172927287,-0.111842361041,-0.190390290974,0.0155178948386,0.00599624567688,0.138017651279,0.0923967665659,0.108816659087,0.210985185499,0.039752255849,14.5752356798,0,0,0,0.0437257070394,0.000281634397399,-1.07692051339,0.117583145288,-0.984398990184,0.224538331422,0.411956677453,-0.0848478152291,-14.4825173117,2.1341306023,1.42870687375,0.0515111948122,0.0343873381878,0.0291082419104
53.315382089,0.0677645038706,0.0221770852576,0.0722748343223,-0.105869796424,-0.178232143482,0.017753429714,-0.0635483543219,-0.0100443756522,0.015717099326,0.131752520563,0.269963824853,0.0465101583464,14.745438669,0,0,0,0.0442363160071,0.000290893440014,-1.08406835314,0.0688165541143,-1.05358836604,0.186571778766,0.359116998772,-0.0896538947403,-15.7280701399,-0.15531353607,0.243029368636,0.062368481174,0.0557123908681,0.0340952758896
53.365382089,0.0613595044322,0.019296282567,0.0705890026613,-0.0986671089845,-0.163393908489,0.0201689106733,-0.0877669776425,-0.0948621837352,-0.0452820970982,0.15465466519,0.316796021005,0.0486804790394,14.9155058015,0,0,0,0.0447465174046,0.000300145092021,-0.915318024734,0.0781267461167,-0.953423759674,0.161760076919,0.303056740685,-0.0822344552157,-16.2726234682,-1.46682897031,-0.700185144855,0.0732098067892,0.0725408734521,0.0356905987542
53.415382089,0.0589878061064,0.0126908668841,0.0677466246125,-0.0904043299051,-0.146552541382,0.022621477618,-0.00154793219461,-0.1621901196,-0.0525485470945,0.174944001194,0.360059875052,0.049651175004,15.0855340104,0,0,0,0.0452566020311,0.000309394626582,-0.807520590983,0.118719476536,-0.84532578063,0.136027256174,0.238588352589,-0.0821258987964,-15.1094692783,-2.50790311544,-0.812544347923,0.082814291509,0.0880483655092,0.0363990099844
53.465382089,0.0612047112127,0.00307727060693,0.0653341479519,-0.0811727088651,-0.127387920984,0.0251340281737,0.0535547405124,-0.181979176329,-0.0299269012114,0.19134321556,0.403721679798,0.0492733126198,15.3291147707,-0.00536996015498,0,1.61098804649e-05,0.0459873443122,0.0364962446218,-0.777489871751,0.182254391422,-0.77105194155,0.108489523378,0.167297734327,-0.0859972906558,-14.5010119189,-2.80852612911,-0.462751793811,0.0905611761283,0.1034825332,-6.72034958911e-05
53.515382089,0.0643432801576,-0.0055070507488,0.0647539344914,-0.0712700083491,-0.106180373402,0.02754880888,0.173281323591,-0.191599722305,-0.00939474400435,0.20254699677,0.433128255511,0.0510437721304,15.8240446927,-0.0101075522301,0,3.03226566903e-05,0.0474721340782,0.205727897171,-0.78118209937,0.235316162002,-0.749281612685,0.0795085385822,0.0989226202865,-0.0865675053317,-13.1446412103,-2.95254850642,-0.145268452945,0.0958505644865,0.11288493996,-0.167989909296
53.565382089,0.0785328435718,-0.0160827016236,0.0643946735514,-0.0609180091881,-0.0840750954329,0.0302384053867,0.322413650619,-0.199911700261,-0.0032190975387,0.215627708446,0.449954811146,0.0534247584861,16.5101558083,0.0556881070874,0,-0.000167064321262,0.049530467425,0.447272608606,-0.993366027662,0.32319335132,-0.820842998991,0.0459418818088,0.0244133898865,-0.103535764261,-11.5247584189,-3.14687009236,-0.0497760576668,0.102240046435,0.117056302306,-0.407774295613
53.615382089,0.0965846452195,-0.0254982207749,0.0644320247375,-0.0497072375045,-0.0611848922872,0.0328912847286,0.249541988828,-0.126376045325,0.0109505715748,0.231531299049,0.458936628197,0.0732188888012,17.095490406,0.0526481907565,0,-0.00015794457227,0.051286471218,0.675492583972,-1.34010580186,0.423319360946,-0.949241250835,0.00934377311848,-0.0464228922412,-0.131017621876,-13.236888336,-2.00676770536,0.169325805025,0.109759304791,0.118625636639,-0.62135995579
53.665382089,0.103487042455,-0.0287203061561,0.0654897307089,-0.0377648792832,-0.0381814326132,0.0375602942668,0.100044033864,-0.0443643098025,0.0164456217305,0.251757115441,0.466380612782,0.162559450172,17.6673469456,0.0709967245116,0,-0.000212990173535,0.0530020408367,0.911132278858,-1.47228892548,0.429421837848,-1.0279176436,-0.0203487911693,-0.0872735800285,-0.147523081807,-16.1203923911,-0.756990366061,0.25429431876,0.119388766452,0.119666053434,-0.790947850799
53.715382089,0.106589048606,-0.0299346517552,0.0660765869106,-0.0245315259604,-0.0145468310089,0.0491472297458,0.0381285743181,-0.0112351364528,0.00425972846104,0.286030935749,0.483038011432,0.362895271374,18.2969311305,0.178270515566,0,-0.000534811546699,0.0548907933914,1.15754619796,-1.50804569241,0.38763923235,-1.07431262914,-0.0442229425704,-0.112347842639,-0.175927186123,-17.7073590249,-0.351996472374,0.0658670596255,0.135934991788,0.123944369581,-0.889248288558
53.765382089,0.107299899886,-0.0298438198014,0.065915703555,-0.0091617857083,0.01012236853,0.0738498214043,0.0486125468399,0.0414252772391,0.0026067793562,0.327472795735,0.493352628071,0.609316675302,18.944132371,0.161652785885,0,-0.000484958357655,0.0568323971129,1.40700761006,-1.47226048738,0.303194915568,-1.09290073157,-0.0724173727656,-0.140200964119,-0.247661197363,-18.1924493586,0.478895368971,0.0403079428314,0.155502720512,0.125821546378,-0.956523949777
53.815382089,0.11145030329,-0.0257921240313,0.0663372648462,0.0082157536131,0.0347884317982,0.110078897276,0.144786116428,0.0978335550322,0.024764650187,0.356200164655,0.484187227147,0.836867711565,19.6937890819,0.111115118475,0,-0.000333345355425,0.0590813672456,1.68496229889,-1.51782422376,0.138779029149,-1.15874633843,-0.136906428515,-0.199396581019,-0.415035841425,-17.4549994851,1.40165938385,0.382929265418,0.168949954499,0.120179269861,-1.06624424117
53.865382089,0.121778511529,-0.0200604642981,0.0683921685737,0.0264582307572,0.0585410912447,0.157536592561,0.296722133649,0.0813738815261,0.0681722804216,0.369700320177,0.459182294433,1.05434430989,20.4212897144,0.127381022743,0,-0.00038214306823,0.0612638691433,1.97002174078,-1.72254857456,-0.0895083932521,-1.32080455918,-0.253593652527,-0.310974414198,-0.728686851204,-15.8331534874,1.13088188191,1.0541300227,0.175389401832,0.108739191725,-1.19051757953
53.915382089,0.141122516655,-0.0176547358786,0.0731544928883,0.0451857856308,0.0807066612415,0.215513328265,0.348229679661,0.0945857041395,0.100956418436,0.383455502915,0.418962510271,1.24126681578,21.1439616683,0.216474372801,0,-0.000649423118402,0.0634318850048,2.26070932756,-2.22261505441,-0.322778975906,-1.64328512605,-0.437397677596,-0.495365731397,-1.25235912313,-15.759377819,1.24607946631,1.5610625169,0.182168055266,0.0916806051727,-1.34300849771
53.965382089,0.156601479495,-0.0106018938842,0.0784878104173,0.0648037810486,0.100437342272,0.281663274139,0.275707561181,0.170818653673,0.104861669315,0.393796455282,0.372077400374,1.39620086648,21.6115281149,0.327712381034,0,-0.000983137143103,0.0648345843447,2.47341068881,-2.6349715715,-0.714462813036,-1.98302163907,-0.689444751197,-0.721389944214,-1.98899179043,-17.3483346889,2.31361148492,1.621448383,0.187396927959,0.0729196315957,-1.441163087
54.015382089,0.168693272773,-0.000572870511299,0.0836406598198,0.0845654311591,0.117914401279,0.355133414913,0.252091033706,0.183578525421,0.0934595027165,0.404064926899,0.331877449144,1.53364063819,21.4230657383,0.292008334324,0,-0.000876025002972,0.0642691972148,2.46863312713,-2.93472205254,-1.23582471929,-2.32499339657,-1.00795163109,-0.988019299326,-2.97323499827,-17.5250484585,2.54661806884,1.44513968303,0.192150663839,0.0586017907819,-1.33477272866
54.065382089,0.181810582866,0.00775595865788,0.087833760689,0.105210273739,0.133625087186,0.435027337958,0.149034966816,0.193435617381,0.0757628605367,0.406477465003,0.299022207005,1.62297615625,21.0698733596,0.232176042791,0,-0.000696528128372,0.0632096200788,2.40118500998,-3.29511951346,-1.77214733402,-2.67833910452,-1.40308064623,-1.30680502445,-4.26111370749,-18.765384908,2.75886797803,1.17150116445,0.193113204602,0.0474973716206,-1.20127654028
54.115382089,0.183596769454,0.0187706912268,0.0912169458735,0.125213177659,0.147816621979,0.517431030538,-0.0204792888711,0.200169990316,0.05704162288,0.379013701142,0.253243477273,1.62044381763,20.6678674572,0.0854005152253,0,-0.000256201545676,0.0620036023715,2.3139680285,-3.21600004573,-2.31794584283,-2.91109462998,-1.82670093853,-1.63510216606,-5.74149927246,-20.9845333089,3.00977534116,0.882019595788,0.179672191338,0.0317547302191,-1.11593178259
54.165382089,0.179762653979,0.0277729576895,0.093537922977,0.143111643853,0.158949434913,0.597071719721,-0.013222989375,0.0984464101397,0.0343323820984,0.336208620544,0.191708907501,1.51041643006,20.1427600139,-0.008406665187,0,2.5219995561e-05,0.0604282800416,2.1898917018,-2.96643112581,-2.708106668,-3.04949118293,-2.24358856077,-1.95078422405,-7.34057366836,-20.347223617,1.53065758467,0.530872584824,0.159127871963,0.0105481087826,-1.07320156423
54.215382089,0.182274470517,0.0286153322408,0.0946501840833,0.158834039714,0.166987512729,0.668472673544,0.0766040169373,0.0308754476358,0.0262105478378,0.282921038214,0.127275053923,1.26388737371,19.733272291,-0.00390879457793,0,1.17263837338e-05,0.0591998168729,2.09565709246,-3.11770372043,-2.79867067153,-3.15270835205,-2.64683870789,-2.25483352967,-8.97806096654,-18.5487645466,0.481327712002,0.405286800094,0.133916303002,-0.012078773659,-1.161232296
54.265382089,0.187423055672,0.030860502453,0.0961589777608,0.171403747674,0.171676940306,0.723460457092,0.115716893975,0.0686810867031,0.0350076210996,0.205330368073,0.0610939431088,0.87176388155,19.1958114486,-0.0717867965632,0,0.00021536038969,0.0575874343458,1.96623056004,-3.41015416885,-2.91069192091,-3.26688930225,-2.99933719293,-2.49352570323,-10.37441839,-17.4065115848,1.13378435683,0.541313627712,0.096983107927,-0.0349686237886,-1.32171285655
54.315382089,0.193846159914,0.0354834409111,0.0981509461933,0.179367076521,0.17309690704,0.755649061699,0.0210882755489,0.0787015787822,0.00710147467746,0.0938768666443,-0.00324694240126,0.341164167813,18.7227143761,-0.0904046931111,0,0.000271214079333,0.0561681431283,1.85391714264,-3.75255930546,-3.06958522216,-3.38417802467,-3.23705692419,-2.63371965183,-11.2535300632,-18.3966319237,1.30734648404,0.109808233151,0.0441678415453,-0.0573702586135,-1.6016856031
54.365382089,0.189531883227,0.0387306603313,0.0968691252285,0.180791434339,0.171352246066,0.757576873873,-0.164549568794,0.0485111851177,-0.050843874826,-0.0177851682011,-0.048447575306,-0.28996275335,18.2367039621,-0.128263333566,0,0.000384790000697,0.0547101118864,1.73796015343,-3.69816250924,-2.9693515746,-3.22317146898,-3.22011877735,-2.60691540511,-11.227550372,-20.7810906192,0.878379016261,-0.786185449468,-0.00880386178306,-0.0726468576919,-1.95233715601
54.415382089,0.177391203035,0.0403345594228,0.0930665587107,0.177588559701,0.16825214951,0.726652786364,-0.263855812723,0.0165342283585,-0.0822979454747,-0.0788203167251,-0.0844940675294,-0.943528121843,17.754328251,-0.0892899936187,0,0.000267869980856,0.0532629847531,1.61989494905,-3.33733881784,-2.67958556903,-2.86988177455,-2.98777035394,-2.44100157137,-10.2659656849,-21.8342612111,0.344954413337,-1.27255146219,-0.0375795162309,-0.0845452233745,-2.31746982126
54.465382089,0.163146301955,0.0403840831671,0.0886393306811,0.172909402666,0.162902839313,0.663224061689,-0.291222660611,-0.011107037236,-0.0846303750703,-0.113116788995,-0.118325049307,-1.5272888985,17.353078083,-0.199363617367,0,0.0005980908521,0.052059234249,1.34013257713,-2.89763056896,-2.32037989842,-2.47197656943,-2.62917106116,-2.15501339853,-8.54064574161,-21.8561774064,0.0276184250204,-1.30861720691,-0.0541448639592,-0.0958667172539,-2.4692969693
54.515382089,0.148268936974,0.0392238556992,0.0846035212037,0.166276880801,0.156419644579,0.573923896514,-0.296909525183,-0.0372814414036,-0.0745545730882,-0.158628885213,-0.133566849262,-2.01114959646,17.4858125816,-0.75862315654,0,0.00227586946962,0.0524574377447,0.375901328925,-2.46657727444,-1.92392885674,-2.09144161634,-2.17786056549,-1.80179192276,-6.41669323493,-22.0768463945,0.182150044154,-1.15281773377,-0.0773669766363,-0.101907892347,-1.86279651548
54.565382089,0.133455349437,0.0366559390267,0.0811838733722,0.157046514145,0.149546154387,0.462109102043,-0.294669579975,-0.0710089854261,-0.0602494588638,-0.232886346805,-0.13494896394,-2.4292503147,17.8431867418,-1.31798608591,0,0.00395395825772,0.0535295602254,-0.943545430474,-1.99491974094,-1.56076183885,-1.7774665715,-1.67745236247,-1.41182638775,-4.2224892112,-22.3995848718,0.219992840614,-0.931621518995,-0.114196765563,-0.103491715145,-0.852462487695
54.615382089,0.118801978976,0.0321229571566,0.0785785753173,0.142988246121,0.142924748185,0.330998865043,-0.303217758598,-0.10259483005,-0.0510128913826,-0.324176840451,-0.135855877168,-2.75654392746,18.4409957207,-2.10161008535,0,0.00630483025605,0.0553229871622,-2.33378821309,-1.55047728747,-1.19407058091,-1.52065246827,-1.13887466107,-1.00985632669,-2.25056158578,-23.129572086,0.515213241051,-0.788798907981,-0.159762366281,-0.105620908566,0.295803617381
54.665382089,0.103133573577,0.0263964560217,0.076082584234,0.1246288301,0.13596056667,0.186454709297,-0.313805551083,-0.112235324031,-0.0473428675206,-0.400721910436,-0.131638900531,-2.94879652486,19.5635954654,-2.94069714759,0,0.00882209144278,0.0586907863962,-3.77566992973,-1.12204551688,-0.85189480461,-1.29846513618,-0.632974739077,-0.616329079395,-0.807674415396,-24.4158880782,1.20523188317,-0.732050295304,-0.198514226517,-0.10742745654,1.59554799019
54.715382089,0.0874214238681,0.0208994247536,0.0738442885652,0.102916055077,0.129760858132,0.0361192125577,-0.249566626754,-0.0684245986286,-0.0378614154038,-0.461871847908,-0.10101955138,-3.03245819811,21.5869836502,-3.54669222784,0,0.0106400766835,0.0647609509507,-5.31394786965,-0.765678459117,-0.577025266185,-1.12258721243,-0.269212605775,-0.31419889926,-0.0909299038871,-25.4459666899,2.48866067514,-0.585441097646,-0.229279124559,-0.102161419458,3.07197267987
54.765382089,0.0781769109016,0.0195539961589,0.0722964426936,0.0784416453088,0.125858611532,-0.116791110514,-0.1763993846,-0.0527784484523,-0.0331079286075,-0.50962547175,-0.0538788877812,-3.05346430372,24.1391191144,-3.83917708518,0,0.0115175312555,0.0724173573433,-6.57467940272,-0.627313583492,-0.430663773079,-1.04020654653,-0.235037522457,-0.396272475123,0.333474952987,-26.8667363533,3.02307783309,-0.511939182887,-0.252761998571,-0.0923649379666,4.31717385291
54.815382089,0.0697814854081,0.0156215799084,0.0705334957045,0.0519535079024,0.124372969354,-0.269227217814,-0.172709973233,-0.117270609311,-0.0389155389199,-0.546790427073,-0.00446611409298,-3.02657678831,28.0352712374,-4.50845452661,0,0.0135253635798,0.0841058137121,-7.63771485728,-0.579076768714,-0.282736423939,-1.01320329698,-0.241063152428,-0.669250596373,1.41733933489,-30.7058400797,2.69512997166,-0.60174073203,-0.272362828786,-0.0857593031327,5.40008794669
54.865382089,0.0609059135783,0.00782693522779,0.0684048888016,0.0237626026015,0.125412000122,-0.419448789346,-0.107332486223,-0.151366283658,-0.0244597011747,-0.55945129534,0.0364252626962,-2.885033064,31.6858388519,-5.62762370832,0,0.016882871125,0.0950575165557,-8.96577394875,-0.479930624756,-0.106698164034,-1.06969925206,-0.120258637405,-0.973344279208,3.27825995909,-33.3454928262,3.28708671818,-0.378213919134,-0.281713687508,-0.0815717915476,6.83279399367
54.915382089,0.0590482367858,0.000484951542544,0.068087525587,-0.00399162163164,0.128015495623,-0.557730524214,0.00689960539858,-0.136841581679,0.00775445853422,-0.558209544232,0.0482227584392,-2.60951045325,34.5498071476,-6.10206865493,0,0.0183062059648,0.103649421443,-10.6774490009,-0.438002468453,0.0630229073638,-1.2407816881,0.135576831743,-1.28928388254,5.70742113525,-34.443120366,3.98612330721,0.1199051506,-0.282549207175,-0.085795909586,8.74817007558
54.965382089,0.0615958741182,-0.00585722294012,0.069180334655,-0.0320583518217,0.130234275966,-0.680399834671,0.0730293028532,-0.113172593803,0.0340475479112,-0.589982291575,0.0570641239601,-2.28324646448,36.115760645,-6.3660335668,0,0.0190981007004,0.108347281935,-12.0076018953,-0.469279956841,0.242945961728,-1.45348471628,0.521162330781,-1.58507597492,8.43989044053,-34.9865277632,4.61607554667,0.526468268782,-0.298381557957,-0.0872204313211,10.3195384197
55.015382089,0.0663511670711,-0.0108323078378,0.0714922803781,-0.0629898507892,0.133721908019,-0.786055170662,0.111823447053,-0.0890985510454,0.0519067323856,-0.645579853476,0.0813353641927,-1.98252477882,36.0982057446,-6.37805956187,0,0.0191341786856,0.108294617234,-11.9269921537,-0.598471016163,0.433020290101,-1.66498344712,1.05133999813,-1.87078571627,11.228581773,-34.3691092255,5.00035212631,0.802620136066,-0.324736187405,-0.0781818253488,10.4612600391
55.065382089,0.0727782188235,-0.0147670780447,0.0743710078936,-0.0966163371693,0.138367812386,-0.878652312553,0.147656928577,-0.0663116982696,0.0608465583099,-0.67889721219,0.0784158810303,-1.71889615909,35.807682403,-6.28331595445,0,0.0188499478633,0.107423047209,-11.5359821321,-0.906160356038,0.640937790388,-1.82487761352,1.71541962544,-2.15523179313,13.9984618467,-33.5245021938,5.25795562368,0.940854310517,-0.340223594581,-0.0783911355751,10.2651575104
55.115382089,0.0811168599288,-0.0174634776647,0.0775769362091,-0.130879572008,0.141563496122,-0.957944786571,0.193258932025,-0.0359694768123,0.0652765790751,-0.668614444283,0.0280629911892,-1.4415643691,34.9772398435,-6.14405558733,0,0.018432166762,0.104931719531,-10.9019343314,-1.39971937862,0.898575762837,-1.94159345601,2.46814033975,-2.39728393733,16.6128271725,-31.9889278618,5.58786903798,1.0093545552,-0.334938197939,-0.0945419583026,9.83614831262
55.165382089,0.092104112026,-0.0183640257259,0.0808986658011,-0.163477781598,0.141174111504,-1.02280874946,0.255699577314,0.00569407243058,0.0676318819005,-0.619339289127,-0.0270657412702,-1.16273727973,34.2073505361,-6.19375631424,0,0.0185812689427,0.102622051608,-10.2810936336,-2.21419319123,1.22681287062,-1.97449969959,3.23164123466,-2.54704451077,18.9140473363,-30.2535352966,6.28180225701,1.04577398265,-0.311761624273,-0.112642600999,9.42145173157
55.215382089,0.10668681766,-0.0168940704217,0.0843401243992,-0.192813500921,0.138856921995,-1.07421851454,0.321063016571,0.0529271609205,0.0656487186371,-0.531034211218,-0.0719819029223,-0.858128383232,33.0775532323,-5.92217150636,0,0.0177665145191,0.0992326596968,-9.60099564783,-3.45436750759,1.672277626,-1.94333282937,3.93934985784,-2.62609156059,20.8515686744,-28.1130403415,6.74057026018,1.01510885127,-0.269145365289,-0.125882519616,8.96655902276
55.265382089,0.124210413683,-0.0130713096338,0.0874635376648,-0.216581202719,0.133975921212,-1.10862158779,0.310742549415,0.0629014525745,0.05814454974,-0.417324921654,-0.108324680797,-0.509221385044,31.8548691335,-5.82763303181,0,0.0174828990954,0.0955646074005,-8.92071817312,-5.12849657644,2.27324273357,-1.85672055196,4.49240831602,-2.60780180065,22.2139939738,-27.049938909,6.80026163129,0.899073863427,-0.215034501208,-0.135669653972,8.5442375634
55.315382089,0.137761072602,-0.0106039251642,0.0901545793732,-0.234545993086,0.128024453916,-1.12514065305,0.244470157144,0.0517806275354,0.0533728547972,-0.313423451734,-0.125667904803,-0.140941214999,30.1579657427,-5.15302313096,0,0.0154590693929,0.0904738972282,-8.32424151337,-6.63991455674,2.98417646582,-1.74738477262,4.86612636405,-2.51400287454,22.8868576471,-26.3777880707,5.95369334093,0.825290400893,-0.163826209281,-0.136999925623,8.22004000865
55.365382089,0.148657429397,-0.0078932468803,0.0928008231445,-0.247923547893,0.121409130732,-1.12271570929,0.201775828358,0.061364919216,0.0535734725981,-0.232304611709,-0.153666086147,0.190038450261,28.7573163826,-4.71761109095,0,0.0141528332728,0.0862719491477,-7.83390772243,-7.96794374457,3.75096352873,-1.63100682252,5.06142881754,-2.35567980489,22.7929732873,-25.6373098753,5.66648067967,0.828392501126,-0.124120261145,-0.143163744222,7.97440808971
55.415382089,0.157938655438,-0.00446743324263,0.095511926633,-0.257776454257,0.112657845301,-1.10613680802,0.165846873949,0.0573539762035,0.0546077128789,-0.156442496071,-0.183895058516,0.451331767478,27.1326167832,-4.41052388229,0,0.0132315716469,0.0813978503497,-7.39154086526,-9.09401285754,4.53043149636,-1.53873445822,5.11268816197,-2.12283510418,22.1272410074,-24.5681702381,5.29737331527,0.844384686277,-0.0872876946671,-0.149481317864,7.72522217558
55.465382089,0.165242116792,-0.00215784925995,0.0982615944324,-0.2635677975,0.10301962488,-1.07758253254,0.123307615135,0.0322339139388,0.0518592747132,-0.0791393003595,-0.202742723426,0.677962906796,25.1915261573,-4.05828468581,0,0.0121748540574,0.0755745784719,-6.86294711507,-9.84860484148,5.26154215397,-1.50948047548,5.02801317238,-1.85797838195,21.0019465766,-23.2848529708,4.55670921,0.801886310573,-0.0496374995044,-0.150636016966,7.3641827191
55.515382089,0.170269416951,-0.00124404184875,0.100697854104,-0.265690384293,0.0923835729584,-1.03834051734,0.0692226771655,0.00529497573869,0.0324113490426,-0.00335441109886,-0.222650205878,0.904055513731,22.5066490911,-4.10232291708,0,0.0123069687512,0.0675199472734,-5.6395037003,-10.1830711922,5.87271941194,-1.54186559512,4.82942649887,-1.57201232726,19.5032974433,-21.4362770601,4.18419773278,0.501168156481,-0.0138948664596,-0.149951732996,6.30789544704
55.565382089,0.172164384509,-0.00162835168608,0.101502729337,-0.26390323861,0.0807546042926,-0.987176981165,0.00495971398292,-0.0188176119933,-0.00327471061223,0.0746131857672,-0.23691273684,1.17018603832,20.3742139522,-3.44818966691,0,0.0103445690007,0.0611226418566,-3.80852071504,-10.0352575224,6.26166610997,-1.58371616534,4.52021458162,-1.27380704615,17.6311260907,-20.2975232007,3.15721788725,-0.0506359879801,0.024975522425,-0.148834844417,4.67366967801
55.615382089,0.170765388349,-0.00312580304808,0.100370383043,-0.258229065716,0.0686922992744,-0.921321913512,-0.0105143349758,-0.00712752197144,-0.023461341653,0.1544870215,-0.211016841338,1.51848192112,19.3112331722,-2.67125842874,0,0.00801377528622,0.0579336995167,-1.9377140541,-9.42539767112,6.35385503575,-1.61722567539,4.10159394198,-0.981384360039,15.3574493985,-19.4738135656,2.56104743314,-0.362776548714,0.0651166730034,-0.136058464685,3.06036721891
55.665382089,0.171112951011,-0.00234110388322,0.0991565951714,-0.24845453646,0.0596529201588,-0.835328789053,0.0381961637143,0.0477972292922,-0.0200170107118,0.234477044631,-0.141960485842,1.88708887907,19.0418135079,-1.69053933723,0,0.00507161801169,0.0571254405237,-0.0301986634943,-8.79673085386,6.17283739882,-1.71340705423,3.5485555222,-0.746606585231,12.6249240429,-18.4511962853,2.42961530898,-0.309517766247,0.105924187467,-0.109683471197,1.4253725361
55.715382089,0.174585004721,0.00165391988114,0.0983686819719,-0.234781361253,0.0544962506902,-0.732613025604,0.0636494235123,0.0893417610405,-0.0170266334688,0.29619397998,-0.0647081355995,2.17623041394,19.4268838574,-1.01118554711,0,0.00303355664133,0.0582806515721,1.87707576247,-8.28572966912,5.72706970215,-1.89377498208,2.90621032468,-0.577449057479,9.71321614897,-18.4426895802,2.39265367479,-0.263278350291,0.137177564825,-0.0822375446151,-0.26813203545
55.765382089,0.177477893363,0.00659307222083,0.0974539318245,-0.218835138462,0.0531821065989,-0.617705747659,0.0334349301598,0.0965986225381,-0.022136161116,0.329238099175,0.0191647552881,2.28962141169,20.5219355417,-0.0641949695945,0,0.000192584908783,0.0615658066251,3.8496693249,-7.66624561448,4.99254783336,-2.12407547264,2.25302966455,-0.464564861558,6.90970050389,-20.0049400199,1.55787403591,-0.342285630983,0.155660829526,-0.0544704392748,-2.15689268508
55.815382089,0.177928497737,0.0113137821349,0.0961550658603,-0.201857551336,0.056412726219,-0.503650884435,-0.0113862907862,0.0900902639778,-0.033002759029,0.344849162388,0.0648045029639,2.15340975157,22.9899741495,1.04565962569,0,-0.00313697887706,0.0689699224486,5.80877276595,-6.94093930655,4.09539138965,-2.33664797749,1.67130628562,-0.402802899306,4.60273385137,-23.166037366,0.347382405834,-0.510312973385,0.166380295972,-0.0449773513162,-4.21670094797
55.865382089,0.176339264284,0.0156020986186,0.0941536559216,-0.184350222223,0.0596625568953,-0.402364772502,-0.0493550099861,0.0799389370967,-0.0492912697365,0.362833780367,0.0615209593904,1.87740075256,26.8816173429,1.89560009401,0,-0.00568680028204,0.0806448520286,7.33684285572,-6.2379053408,3.20607067052,-2.46999914461,1.20310705898,-0.343004190811,2.94959545968,-27.6447808673,-0.659525357256,-0.762177925763,0.177443603897,-0.0578679472335,-5.94883166693
55.915382089,0.172992996738,0.0193076758446,0.0912259388866,-0.165574173299,0.0625648221581,-0.315910809179,-0.0795736485253,0.131068943455,-0.0761046993514,0.39841582094,0.0691497583239,1.63052671846,31.749939551,1.93234993532,0,-0.00579704980595,0.0952498186529,9.00110125274,-5.58632233191,2.39216326689,-2.49981190328,0.837119450106,-0.285835359492,1.8316940971,-32.9803659267,0.0943346274495,-1.17678692804,0.194397537459,-0.0696485036286,-7.79561045609
55.965382089,0.168381899431,0.0287089929641,0.0865431859864,-0.144508640129,0.0665775327276,-0.239312100656,-0.0760113992179,0.234780700981,-0.102843015981,0.444622498224,0.0803034264627,1.46170434634,34.456630424,2.33852648886,0,-0.00701557946657,0.103369891272,10.7768953117,-5.01903314071,1.49871410403,-2.42927927979,0.558285442156,-0.234812657073,1.0981460685,-35.6319746767,1.2918256737,-1.590234478,0.217489199186,-0.0736391536927,-9.69621928415
56.015382089,0.165391856816,0.0427857459427,0.0809416372885,-0.121111923477,0.0705951648043,-0.169740374546,-0.0258037360308,0.306854331619,-0.115301274649,0.49417869216,0.0849711268994,1.33431292991,33.9565820322,1.99702208177,0,-0.0059910662453,0.101869746097,10.3960406357,-4.65929352908,0.57570312143,-2.33469988315,0.356109479971,-0.18494701887,0.639249046665,-34.3555784084,2.74778565466,-1.78287325159,0.239923398825,-0.0704108857846,-9.4095483945
56.065382089,0.165801525828,0.0593944261259,0.0750130585215,-0.095090770913,0.0750746454176,-0.105880807665,0.0380132886393,0.300126471107,-0.0990024984786,0.537481623725,0.0983367271852,1.20073829526,32.4673174588,1.98142780391,0,-0.00594428341174,0.0974019523765,9.46199151783,-4.56450242424,-0.365527212188,-2.25842025858,0.224467226702,-0.141925008577,0.381882141435,-31.8795279853,2.65934879684,-1.53084956706,0.260375184524,-0.0609947458707,-8.57425447694
56.115382089,0.16919318568,0.0727983930534,0.0710413874407,-0.0673637611042,0.0804288375229,-0.0496665450196,0.0852471504097,0.244546757838,-0.0596587448034,0.566791108809,0.114060926563,1.02021687329,30.4209880983,2.12665876679,0,-0.00637997630037,0.091262964295,8.44283286619,-4.6688476538,-1.22606749726,-2.2349053334,0.147944233546,-0.113365631454,0.26068469133,-29.1028338567,1.65470336158,-0.922487463012,0.274685284224,-0.0490341874536,-7.68856000613
56.165382089,0.174326240869,0.0838491019097,0.0690471840412,-0.0384116600321,0.0864807380739,-0.0038591203368,0.0435994748967,0.21123516821,-0.0519102780557,0.579641742576,0.0981947026427,0.727950691085,27.5523729494,2.0745538857,0,-0.00622366165711,0.0826571188482,7.51929546898,-4.91404863977,-2.03169172197,-2.23566336717,0.116834183048,-0.118682126353,0.225415851786,-26.8782057486,1.19171990304,-0.802674961829,0.280612151191,-0.0463024940888,-6.98110259634
56.215382089,0.17355313317,0.0939219098744,0.0658503596351,-0.00939958684651,0.0902483077871,0.0231285240888,-0.0758034644541,0.168769851992,-0.0762400982125,0.576083234408,0.0547718524939,0.353551606967,24.7996503877,1.73457584602,0,-0.00520372753805,0.074398951163,6.73408869728,-4.94153654398,-2.65834755266,-2.06044878303,0.0975750176833,-0.151185156211,0.235356051286,-25.9717793998,0.875067938975,-1.17888056498,0.277907704709,-0.0541207682142,-6.47269880191
56.265382089,0.166745894424,0.100726087109,0.0614231742199,0.0191966634087,0.0919579233233,0.0314960403599,-0.139656390008,0.113791020109,-0.0829833245853,0.573958544817,0.00721297512572,0.0152348656668,22.908671591,1.00111475617,0,-0.0030033442685,0.0687260147729,5.72404194604,-4.70770749695,-2.97674413212,-1.71525931542,0.0616789662074,-0.173547963714,0.261594465659,-25.0681415788,0.758405827102,-1.28314929892,0.27470154438,-0.0660555549921,-5.71277841374
56.315382089,0.159587494169,0.105301011885,0.0575520271766,0.0479962676352,0.0909696052997,0.0246520106555,-0.122649356884,0.0799749038633,-0.0646559649942,0.566741946593,-0.0366957829901,-0.212036426734,21.4534834413,0.125932402938,0,-0.000377797208815,0.0643604503238,4.51891292523,-4.49571536451,-3.10965925078,-1.33353425317,0.0193055065791,-0.175370349172,0.306518647056,-23.3499781537,1.11069847846,-0.999758163077,0.268659832919,-0.0779463300602,-4.67567696846
56.365382089,0.154480958735,0.108723577495,0.0549575777205,0.075870858068,0.0882883450242,0.0102923976865,-0.0741372324888,0.0568696399943,-0.0383388257152,0.548281129105,-0.0557235507727,-0.25448000197,20.5948041077,-0.27073539554,0,0.000812206186619,0.061784412323,3.3048027041,-4.39809720796,-3.18312526348,-0.992877667974,-0.0200250985008,-0.169114563728,0.358000886094,-21.7411686136,1.15009566525,-0.592823167591,0.258730921585,-0.0824149425256,-3.49294638604
56.415382089,0.15217377092,0.110987975885,0.0537181446051,0.102824380546,0.0853972502224,-0.000795989541455,-0.00278189064605,0.0335868808822,-0.00962825033229,0.525771595698,-0.0597354353,-0.176196692369,20.1341308789,-0.920792335564,0,0.00276237700669,0.0604023926367,2.11229647987,-4.4060459177,-3.28506492704,-0.726634907055,-0.0627149215783,-0.165477678677,0.394940909661,-20.1771465215,1.44013743137,-0.148879099813,0.246125277878,-0.0825182428479,-2.24256327565
56.465382089,0.154202769671,0.112082265583,0.0539947526873,0.128448017638,0.0823148014942,-0.00732727155035,0.0801485919605,-0.0468994734964,0.0290617127594,0.500505270135,-0.0657061351207,-0.0987462291508,19.8033067168,-1.26115186484,0,0.00378345559452,0.0594099201504,1.08189078574,-4.58453006896,-3.44541437887,-0.53812191309,-0.108139434661,-0.161026264094,0.41737102945,-18.5639901421,0.535957654591,0.449373612578,0.233143727161,-0.0837363025562,-1.15489644036
56.515382089,0.160188630116,0.106298028535,0.056624315881,0.152874907559,0.0788266367104,-0.0106706124565,0.134053320626,-0.155953318009,0.0680213683751,0.470982956468,-0.070578842214,-0.0543315057556,19.4506702787,-1.41267834125,0,0.00423803502376,0.0583520108361,0.693119616487,-4.87293883213,-3.47108872264,-0.427804979981,-0.169394230064,-0.143261203629,0.395178051011,-17.3778390775,-0.998786753308,1.05179650946,0.218713992977,-0.084482415589,-0.733288311312
56.565382089,0.167608101733,0.0964869337825,0.0607968895248,0.175546313285,0.0752569172728,-0.0127604221259,0.144938974708,-0.215055385546,0.0929639200901,0.434209475361,-0.0730557950579,-0.0377950327232,19.3470030845,-1.4277203095,0,0.00428316092849,0.0580410092534,0.567418480155,-5.21508931303,-3.40579579067,-0.374830792554,-0.242289781096,-0.120086092007,0.346260571276,-17.1058498803,-1.89762449407,1.43747661937,0.20126118368,-0.0850884562577,-0.595361330518
56.615382089,0.174682527587,0.0847924899805,0.06592070789,0.196295855095,0.0715210572046,-0.0144501157289,0.131511246472,-0.200117114072,0.0932910166736,0.394549771305,-0.0769574896578,-0.027731899698,19.3353188364,-1.43744974076,0,0.00431234922229,0.0580059565092,0.514113759163,-5.5626446001,-3.28528834485,-0.367657276716,-0.323787136068,-0.0972917322014,0.284349448357,-17.3017950585,-1.65690850418,1.44253442771,0.182458043319,-0.0864979279052,-0.534616673639
56.665382089,0.180759226381,0.0764752223753,0.0701259911921,0.215001290415,0.0675611683071,-0.0155336120957,0.121080329489,-0.142882121001,0.0765640797592,0.357532175388,-0.0822624908525,-0.0204536181904,19.3937057137,-1.4490511635,0,0.00434715349051,0.0581811171412,0.490624269028,-5.90686526964,-3.24822068226,-0.355845782793,-0.39600615873,-0.0811624920035,0.238402421871,-17.5214724587,-0.760297453305,1.18389020633,0.164899997566,-0.0886371591295,-0.50574616075
56.715382089,0.186790560536,0.0705042778804,0.0735771158659,0.232049072634,0.0632948081193,-0.0164954775479,0.145423620704,-0.150109364775,0.0768121240408,0.325608151565,-0.084108910162,-0.0147051166587,19.4918993586,-1.45313182654,0,0.00435939547963,0.0584756980759,0.482841593106,-6.27636065417,-3.26961709636,-0.336111112135,-0.461100739454,-0.0685157548486,0.202478619993,-17.2432522011,-0.867969757836,1.18772564975,0.149775688875,-0.0896153398852,-0.493713468185
56.765382089,0.195301588451,0.0614642858978,0.0778072035962,0.247562105572,0.0591502772909,-0.0170041237616,0.181557775108,-0.205415435589,0.0900411434115,0.294249147868,-0.0782736446977,-0.00365627889272,19.6041534674,-1.45504723651,0,0.00436514170952,0.0588124604023,0.480413948735,-6.78744452975,-3.22613601684,-0.364883793832,-0.540276884035,-0.0548709883812,0.13683059167,-16.7967733943,-1.72123755903,1.39228249314,0.134925342912,-0.0877917118787,-0.483117130784
56.815382089,0.204946338047,0.0499627343215,0.0825812302071,0.261473987421,0.0554674436495,-0.0168611054372,0.195828633984,-0.236974727597,0.0956443227666,0.264893092081,-0.0666131747185,0.00911987311542,19.7104760311,-1.46630222654,0,0.00439890667963,0.0591314280933,0.478330818972,-7.38828029689,-3.11184099153,-0.442461181716,-0.634123232374,-0.0433119897945,0.0448214615578,-16.6824294246,-2.1979755919,1.47892298021,0.120995125677,-0.0837936237693,-0.471588259662
56.865382089,0.214884451849,0.0377668131381,0.0873716358729,0.27405141478,0.052488959819,-0.01609213645,0.209265532347,-0.212962659661,0.0877530089764,0.236399228333,-0.061173595216,0.013650835617,19.8176843098,-1.47764791988,0,0.00443294375964,0.0594530529294,0.476682707705,-8.04584645733,-2.96257952476,-0.551206314469,-0.737963397654,-0.0364724206857,-0.0617071033658,-16.5818664818,-1.81533761433,1.35690167282,0.107472777352,-0.0821013530862,-0.466590290012
56.915382089,0.225872891281,0.0286664683554,0.0913565311047,0.285113910254,0.0493500841279,-0.0154960218755,0.220835961865,-0.152775052686,0.0702548757533,0.204024606231,-0.0548931418204,0.0212678208903,19.9251848216,-1.48898112867,0,0.00446694338602,0.0597755544648,0.475148502977,-8.80997305082,-2.89214698535,-0.648498598677,-0.837019969649,-0.0330348598288,-0.15916857084,-16.5104564884,-0.873339286023,1.08633264598,0.0921134086134,-0.080098642361,-0.459424650029
56.965382089,0.236968048036,0.0224893078695,0.0943971234482,0.294453875403,0.046999645637,-0.013965354361,0.19235453551,-0.108045764936,0.0450571631473,0.175966585985,-0.0456783485878,0.0366472362549,20.0160344733,-1.49854922519,0,0.00449564767557,0.06004810342,0.473878389521,-9.60261699724,-2.8992231314,-0.728444127474,-0.927611354218,-0.0322847670308,-0.245808019163,-17.0417069368,-0.172133990044,0.696707050396,0.0788027109317,-0.0769595984176,-0.44678413493
57.015382089,0.245108344832,0.0178618918618,0.0958622474195,0.302710568853,0.0447822492692,-0.01183129825,0.133257336351,-0.0770508753705,0.0135477957029,0.154149040693,-0.0502464004313,0.0464949197124,20.0409858921,-1.50021308853,0,0.00450063926558,0.0601229576764,0.473803015554,-10.1901452143,-2.91089281753,-0.751621239114,-1.00127622092,-0.0327540445945,-0.317926408613,-17.9804627862,0.308795689826,0.20948599788,0.0684698170214,-0.078725682508,-0.439428112543
57.065382089,0.250293781671,0.0147842203324,0.0957519030185,0.309868779472,0.0419750055939,-0.00931586238979,0.077785246497,-0.0454052943824,-0.014349582607,0.133956153099,-0.0579320686157,0.0548860348782,20.0478542378,-1.50040943782,0,0.00450122831347,0.0601435627133,0.473856494715,-10.5494178855,-2.93019228328,-0.711212896258,-1.05286069715,-0.0328219859183,-0.372332920372,-18.8450814517,0.798319325802,-0.221883817671,0.0589103996158,-0.0815917524769,-0.433277822093
57.115382089,0.252886869482,0.0133213624236,0.0944272891588,0.316106184163,0.0389890424076,-0.00634269476215,0.0339480469652,-0.0116713009637,-0.0306541801521,0.113303126504,-0.0594124944814,0.0617246193376,20.0498220517,-1.50046569284,0,0.00450139707852,0.0601494661552,0.473871816752,-10.6983127628,-2.97073770178,-0.619693666101,-1.08471342439,-0.0325182751303,-0.406743781876,-19.5248923399,1.31999543904,-0.473997516582,0.0491335837333,-0.0821457539871,-0.428237200835
57.165382089,0.253688586368,0.013617090236,0.0926864850033,0.321199092122,0.0360337561457,-0.00314340045602,0.0131477321251,0.0233140938921,-0.0349394635329,0.0894488766528,-0.058197082325,0.0660021953941,20.0503858399,-1.50048181017,0,0.00450144543051,0.0601511575196,0.473876206589,-10.7029544194,-3.04724738974,-0.511258019522,-1.10301121497,-0.0318426589928,-0.419168856504,-19.8470859198,1.86098150553,-0.540259725203,0.0378415060039,-0.0816974633088,-0.425079067477
57.215382089,0.254201642695,0.0156527718128,0.0909333428055,0.325051071828,0.0331693341751,0.000257524777267,0.0118731629403,0.0580573909603,-0.0339772178138,0.0668443877403,-0.0601347050172,0.0677834825839,20.0505473679,-1.50048642786,0,0.00450145928359,0.0601516421037,0.473877464298,-10.6779308677,-3.17665131974,-0.405707074474,-1.11486099214,-0.0306807970022,-0.416080742176,-19.8669557755,2.39821257803,-0.525380773004,0.0271410696073,-0.0824153139422,-0.423763373253
57.265382089,0.254875902662,0.0194228293321,0.0892887632219,0.327883530897,0.030020285644,0.00363494780237,0.0159170086179,0.0991921234787,-0.0338940949773,0.0431499304111,-0.0628496990799,0.0690586954248,20.0505936464,-1.50048775086,0,0.00450146325257,0.0601517809393,0.473877824638,-10.6618163489,-3.36415395877,-0.304763756335,-1.12249238829,-0.0285818910853,-0.399218491048,-19.8044731331,3.03426943936,-0.524095466468,0.0159246782057,-0.0834206250297,-0.422820935584
57.315382089,0.255793343556,0.0255719841606,0.0875439333077,0.329366064869,0.0268843642671,0.00716339431975,0.0164189184829,0.144765265475,-0.0365446315183,0.0151325060302,-0.0654235836741,0.0696218341691,20.0506069055,-1.5004881299,0,0.0045014643897,0.0601518207164,0.473877927877,-10.6579551982,-3.63532039255,-0.201993331713,-1.12365296406,-0.0254790339439,-0.364626386407,-19.796725492,3.73895531389,-0.565080015128,0.00266190078485,-0.0843735941,-0.422404695708
57.365382089,0.25651779451,0.0338993558796,0.0856343000701,0.3293967815,0.0234779272766,0.0105971312193,0.00713114494365,0.174097450251,-0.0369612027979,-0.00991867969777,-0.0708114550389,0.0674501129205,20.0506107042,-1.5004882385,0,0.00450146471549,0.0601518321127,0.473877957455,-10.6406581766,-3.97598072336,-0.0965893070228,-1.11650902863,-0.021438913844,-0.31136518669,-19.9403436876,4.19251127264,-0.571521347144,-0.0091967296361,-0.0863683571118,-0.42401033527
57.415382089,0.256506458051,0.0429817291857,0.083847813028,0.328374196899,0.0198032187632,0.0139084056118,-0.0109438952488,0.156242939874,-0.028577247662,-0.0275732723319,-0.0739446907433,0.0664535020681,20.0506117926,-1.50048826961,0,0.00450146480883,0.0601518353778,0.47387796593,-10.579799329,-4.33007894804,-0.00449992479841,-1.10668692093,-0.0175296856503,-0.247373686703,-20.2198343634,3.91643171081,-0.441882456335,-0.0175539901722,-0.0875283782317,-0.42474716406
57.465382089,0.255423404985,0.049523649867,0.0827765753039,0.326639454266,0.0160834582023,0.0172424814261,-0.0269207554875,0.111322107929,-0.015575651271,-0.039559815621,-0.0790831336076,0.0622243851086,20.0276226357,-1.49977102957,0,0.00449931308872,0.060082867907,0.473712664513,-10.450751431,-4.57045500525,0.0387541818831,-1.10704118031,-0.015034100686,-0.197536421046,-20.4438911897,3.22111547386,-0.240842194603,-0.0232259803681,-0.0893618164625,-0.427708558768
57.515382089,0.253814382502,0.0541139399786,0.0822902479009,0.324418215337,0.0118949054024,0.0201308441227,-0.0221927605027,0.086143309422,0.000823961418277,-0.0562802747959,-0.0829110767605,0.0543296553648,19.8953799148,-1.48585074317,0,0.00445755222951,0.0596861397443,0.475541717048,-10.2910921364,-4.72017730198,0.0480373251211,-1.11480528535,-0.012650708841,-0.159828787661,-20.2385407272,2.81786205561,0.0127406984654,-0.0310992835913,-0.0903823076934,-0.435374390266
57.565382089,0.253204128935,0.0581379808092,0.0828589714457,0.321011426787,0.00779235052621,0.0226754469626,-0.00221738219132,0.074818323803,0.0219249803757,-0.0793898908333,-0.077032683879,0.0504705931217,19.7164828248,-1.46701947054,0,0.00440105841163,0.0591494484744,0.4780160474,-10.218193696,-4.85687155184,0.00398802075802,-1.13329550934,-0.0102408562715,-0.126491533061,-19.7507696218,2.62391551218,0.3390201988,-0.0419823273747,-0.0876692590269,-0.44070182567
57.615382089,0.253592644283,0.0615957723589,0.0844827459384,0.316479226254,0.00419163701455,0.0251779034348,0.013762032864,0.0626430770156,0.0378298170016,-0.100757832537,-0.0702966415167,0.0484708664046,19.5085933003,-1.45477042135,0,0.00436431126405,0.058525779901,0.479715765565,-10.2291646509,-4.98554479905,-0.0952784543558,-1.16364005154,-0.00799979168166,-0.0975202974722,-19.2957946096,2.4234038276,0.584952499872,-0.052060650999,-0.0845517054897,-0.44387999379
57.665382089,0.254580332221,0.0644022885108,0.0866419531459,0.310935643533,0.000762686374546,0.027522533603,0.017145608557,0.047862296825,0.038036944416,-0.122447841516,-0.0684930548716,0.0423840229982,19.2787152891,-1.45477042135,0,0.00436431126406,0.0578361458673,0.479708836383,-10.2876551246,-5.09284168137,-0.228544993141,-1.20014765858,-0.00556136378514,-0.074307598549,-19.0135972584,2.19485251523,0.588155256546,-0.0623281806895,-0.0831943295724,-0.448373226196
57.715382089,0.255307205139,0.0663820020414,0.08828644038,0.304234442102,-0.0026576684726,0.0294163057346,0.0119293081437,0.0313262443997,0.0277425449506,-0.13744522186,-0.0750911024936,0.0341143430397,19.0766969225,-1.48686280807,0,0.0044605884242,0.0572300907675,0.481822448693,-10.315286462,-5.14627889315,-0.353962334495,-1.23044186003,-0.00291246285486,-0.0598773565654,-18.8922371716,1.97125227716,0.428975668082,-0.0695238577673,-0.0850310696437,-0.456600827911
57.765382089,0.255773263035,0.0675349129507,0.0894162076409,0.297191121347,-0.00674642387481,0.030933967907,0.00671300773041,0.0147901919744,0.0174481454852,-0.14933622568,-0.0850874317345,0.0315153099102,18.8856895404,-1.53180572149,0,0.00459541716447,0.0566570686213,0.485109814949,-10.3144921923,-5.15059695936,-0.462040583708,-1.2560939783,0.000226609947935,-0.0547104652758,-18.7818880694,1.7605025658,0.269796079618,-0.0752876023321,-0.0881589884723,-0.461809726934
57.815382089,0.255978505912,0.0678610212388,0.0900312549286,0.289300819534,-0.0111664116461,0.0325678367257,0.00149670731712,-0.0017458604509,0.00715374601978,-0.160041265067,-0.0931823072826,0.0308570864738,18.7191969537,-1.55173893466,0,0.00465521680399,0.0561575908612,0.488092765995,-10.2813214215,-5.10701311264,-0.560238130867,-1.2774714665,0.00335040764362,-0.0598502736952,-18.6960537626,1.52474315419,0.110616491154,-0.0804149106965,-0.0906564764865,-0.465279319681
57.865382089,0.255922933767,0.0673603269056,0.0901315822429,0.28118699484,-0.0160646546031,0.0340196765544,-0.00414776439066,0.00724816631206,-0.00260574562635,-0.163678383447,-0.101720349792,0.0288664952105,18.5570471613,-1.55894428642,0,0.00467683285925,0.055671141484,0.490473165271,-10.2192761214,-5.01714872757,-0.639705626317,-1.29457904046,0.00647720752338,-0.074584560138,-18.62118295,1.67102077369,-0.040291958539,-0.0821582513019,-0.0933310665874,-0.469131414833
57.915382089,0.255563729473,0.06858583787,0.0897706803659,0.272932981189,-0.0213384466252,0.0354544862467,-0.00736339551367,0.0522782429044,-0.0127169478027,-0.170973140149,-0.106232279307,0.0289873046812,18.3536915608,-1.52505168632,0,0.00457515505897,0.0550610746823,0.484126069808,-10.1433551114,-4.98793072214,-0.69640754652,-1.30360191299,0.0112211697276,-0.0759933419676,-18.4675498069,2.33341639173,-0.196638815557,-0.0855097362502,-0.0943914514503,-0.462695001788
57.965382089,0.255186594216,0.0725881511961,0.0888598874626,0.264089680825,-0.0266878825338,0.0369184070225,-0.0172544110492,0.0623309692138,-0.0259973984836,-0.177969559154,-0.111199788935,0.0344071026292,18.1975314564,-1.4985536774,0,0.00449566103219,0.0545925943691,0.480966616172,-10.0804028912,-5.06614671494,-0.73119760751,-1.3026310212,0.0181654058977,-0.0566361263756,-18.4643318714,2.46236104288,-0.401990927753,-0.0887421790662,-0.0957620922265,-0.455528550614
58.015382089,0.253838288368,0.0748189347914,0.0871709405176,0.255136025274,-0.0324584255187,0.0388951965096,-0.0414471266911,0.0130970123016,-0.0407480468363,-0.186377102043,-0.112767316712,0.0363031186215,18.2919123435,-1.51078166245,0,0.00453234498735,0.0548757370304,0.496652578962,-9.92796302596,-5.05433975346,-0.741095344498,-1.29653764303,0.0250335078443,-0.0553774747296,-18.9327983506,1.71329731528,-0.630076319449,-0.0927587920441,-0.0966255806966,-0.469812739484
58.065382089,0.251041881547,0.0738978524262,0.084785082779,0.245451970621,-0.037964614205,0.0405487188846,-0.0704091461476,-0.049940306908,-0.0546862627054,-0.195985719074,-0.110419901549,0.0345276909878,18.494463127,-1.53653166127,0,0.00460959498382,0.0554833893811,0.51731078534,-9.64647474567,-4.87739023828,-0.73216011497,-1.2790546809,0.0301422095315,-0.0787010892503,-19.5831812155,0.764317844616,-0.845599281563,-0.097384530736,-0.0963641495318,-0.491783565672
58.115382089,0.246797373753,0.0698249041006,0.081702314247,0.235537453367,-0.0435004156737,0.0423479656084,-0.0710429459787,-0.0719499522235,-0.0598026924705,-0.200793750093,-0.112179496027,0.0368434266431,18.6768641487,-1.51501482574,0,0.00454504447723,0.0560305924461,0.525178678888,-9.24074002621,-4.54979274304,-0.702128400921,-1.25233001349,0.0336546077905,-0.125993491044,-19.7753825171,0.402471658616,-0.924713287888,-0.0995959867214,-0.0975628072603,-0.497939375641
58.165382089,0.243937586949,0.0667028572039,0.078804813532,0.225372595612,-0.0491825638077,0.044233061549,-0.027818363378,-0.0307771732201,-0.0497923316028,-0.206416159785,-0.109461144785,0.0404249893264,18.8863582395,-1.46512378558,0,0.00439537135673,0.0566590747185,0.540511647342,-8.94813327018,-4.29139990409,-0.683476449551,-1.23056081551,0.0380000851858,-0.169377558887,-19.316506268,0.989224459567,-0.769925713473,-0.102107827411,-0.0971848743522,-0.510624401683
58.215382089,0.244015537415,0.0667471867786,0.0767230810867,0.214895837388,-0.0544465301522,0.0463904645411,0.0210985952758,0.0159163399708,-0.0308014758442,-0.211633772335,-0.104759863994,0.0499513708086,19.1252547293,-1.43915430325,0,0.00431746290974,0.057375764188,0.563970244244,-8.88752734625,-4.21257934036,-0.700960119363,-1.22300408151,0.0440905180332,-0.196484374218,-18.7990127057,1.68526447751,-0.476275111087,-0.104499811523,-0.0961610086344,-0.52703989707
58.265382089,0.246047446476,0.068294491201,0.0757246659475,0.204209218378,-0.0596585502071,0.0492281986298,0.0374743806619,0.00906920584075,-0.00879819982846,-0.217199891543,-0.0966378295351,0.0611555805219,19.3818802923,-1.42772030949,0,0.00428316092847,0.058145640877,0.583948571087,-8.98217863116,-4.23278680263,-0.766768692156,-1.23017579068,0.0518867802151,-0.217824776648,-18.802423811,1.56795505152,-0.136044247421,-0.107100376787,-0.0939238645058,-0.538734660362
58.315382089,0.247762975481,0.0676541073627,0.0758432611039,0.193175848234,-0.0641103131057,0.0525060225933,0.035204297829,-0.0261697060123,0.0105241809793,-0.215641999754,-0.0828366179893,0.0704008995072,19.6272872351,-1.42772030949,0,0.00428316092847,0.0588818617052,0.600711864519,-9.05508383606,-4.16836688178,-0.883756838282,-1.24154132056,0.0577148299307,-0.2515683917,-19.0829324469,1.02306503579,0.162732639513,-0.106362908204,-0.0895504627834,-0.54866264909
58.365382089,0.249567876259,0.0656775205997,0.0767770840455,0.182645018403,-0.067942212006,0.0562682885805,0.0483610135434,-0.02903490618,0.0183727059649,-0.206874969795,-0.0776969106744,0.074718790221,19.8878048476,-1.43751672995,0,0.00431255018984,0.0596634145428,0.614855440531,-9.13535799858,-4.06319717605,-1.03203365582,-1.25850632418,0.0618984369787,-0.294570598778,-19.1400112284,0.988557620448,0.284092314883,-0.102242195892,-0.0884291417817,-0.559613896232
58.415382089,0.252599076836,0.0647506167447,0.0776805317004,0.172488351254,-0.0718800041731,0.0599779016154,0.0754547072115,-0.0282876253964,0.0168608773111,-0.201846341665,-0.0813371265169,0.072777341705,20.1656697903,-1.43582371627,0,0.0043074711488,0.0604970093708,0.632093989876,-9.30888810755,-4.01962022217,-1.17951225782,-1.27996542807,0.0667230541062,-0.336876620333,-18.9989335195,0.998419612767,0.260715306467,-0.099856684981,-0.0906104537211,-0.578287808942
58.465382089,0.25711334698,0.0628487580601,0.0784631717766,0.162460384236,-0.0760759246577,0.063546022751,0.0944335823026,-0.0669821587842,0.0192980961258,-0.200755481973,-0.0928129155539,0.0670406792025,19.9418627091,-1.40296259522,0,0.00420888778565,0.0598255881273,0.644622174209,-9.58086331431,-3.95787370854,-1.32911276865,-1.30810118031,0.0697292611859,-0.396660992359,-18.4816610899,0.367235110041,0.29840137929,-0.09924171482,-0.0941877138528,-0.595057257017
58.515382089,0.262042435066,0.0580524008662,0.079610341313,0.152412803057,-0.0811612957285,0.0666819695356,0.108052015126,-0.0843337260023,0.0311691791479,-0.206712857844,-0.112739481514,0.0539149401989,18.2184477349,-1.3239625683,0,0.0039718877049,0.0546553432046,0.641413417338,-9.87717294365,-3.77808261627,-1.49571725752,-1.33996630272,0.0698662422228,-0.480636961736,-16.5476678746,0.0199323678234,0.481960810457,-0.1018247935,-0.0963948814456,-0.601552700261
58.565382089,0.267918548493,0.0544153854599,0.0815800896914,0.141789098452,-0.0873498728092,0.0689375167709,0.122259327973,-0.0469796092014,0.0468131956382,-0.211744128544,-0.154158524098,0.0425491123312,15.7194861555,-1.14732146613,0,0.00344196439839,0.0471584584665,0.595934407041,-10.272659974,-3.63991012445,-1.70065225233,-1.37635945375,0.0721453445487,-0.556582799526,-13.8290223574,0.420888138573,0.723860118447,-0.103676552992,-0.104232568843,-0.564476742017
58.615382089,0.274268367863,0.0533544399461,0.0842916608768,0.131238390203,-0.0965771481382,0.0709368807687,0.128151306332,0.00720777470271,0.0605145523274,-0.218990005726,-0.211816749091,0.0280359604365,13.0536785804,-0.832042963534,0,0.0024961288906,0.0391610357412,0.575387739728,-10.744682533,-3.59730124352,-1.93378781017,-1.4193002813,0.0853509293586,-0.615946985947,-11.0721086722,0.943494885987,0.935720589425,-0.106160741841,-0.117581950757,-0.554660025242
58.665382089,0.280733679126,0.0551361629301,0.0876315449241,0.119890097879,-0.108531547718,0.0717411128146,0.0973170734936,0.0271876704352,0.0641606963818,-0.23573922481,-0.262510713408,0.00315042694126,10.3469577111,-0.74631213247,0,0.00223893639741,0.0310408731334,0.523334594597,-11.2728624106,-3.64633214989,-2.19637967915,-1.46172959531,0.110916074863,-0.651329271501,-8.84216942686,1.16670792202,0.992099954924,-0.113832227681,-0.128230214558,-0.521005402048
58.715382089,0.284000075213,0.0560732069896,0.090707730515,0.107664467722,-0.122828219479,0.0712519234629,0.0167407315545,-0.0104200267262,0.0541365408271,-0.248259140049,-0.3079878185,-0.0212519984421,7.74176044987,-0.570248300154,0,0.00171074490046,0.0232252813496,0.494595440634,-11.572084395,-3.58897034951,-2.43135676904,-1.47681459091,0.146762152232,-0.673287966922,-7.4829029256,0.409126170433,0.837099076899,-0.119230663581,-0.137251611393,-0.510307595634
58.765382089,0.282407752282,0.0540941602575,0.0930451990068,0.0950641838744,-0.139330329568,0.0696159129704,-0.0613566938008,-0.0527745944066,0.0385872383244,-0.254906751927,-0.344562729027,-0.0419471305572,5.31834921785,-0.404450985924,0,0.00121335295777,0.0159550476536,0.454002743755,-11.487293769,-3.32167627322,-2.59331877473,-1.45112777023,0.192834802638,-0.688789493124,-6.26709161915,-0.411588672068,0.596664306362,-0.121880091558,-0.143522506821,-0.485015348001
58.815382089,0.277864405832,0.050795747549,0.0945664543474,0.0821737925289,-0.157284492382,0.0670572104071,-0.0917135246872,-0.0429335973964,0.0214986491868,-0.26350714087,-0.373364997148,-0.0593846384918,3.15374895304,-0.22665039726,0,0.000679951191781,0.00946124685911,0.365724687001,-11.1727409046,-2.95232009884,-2.68929904053,-1.39598296048,0.249959447239,-0.696694182752,-4.57189103751,-0.437220515054,0.332427951876,-0.125417907508,-0.147692169753,-0.409629294238
58.865382089,0.273236399813,0.0498008005179,0.0951950639255,0.0687134697874,-0.176666829283,0.0636774491212,-0.097464234386,-0.00537913720741,0.00666355904043,-0.278979153998,-0.40034941434,-0.0760617463263,1.34794967279,-0.168737448514,0,0.000506212345543,0.00404384901836,0.282859916866,-10.8682471615,-2.67166709209,-2.74694911284,-1.33013562548,0.323987470977,-0.688718261918,-2.85501346719,0.0855612661793,0.103036858957,-0.132568248349,-0.152265212689,-0.339094343531
58.915382089,0.268117982394,0.0502578338282,0.0952328102514,0.0542758771291,-0.197319433816,0.0594510357745,-0.118641742632,-0.000198388703678,0.00330232471633,-0.298225351494,-0.416383436956,-0.086221215239,0.424374247467,-0.0219089892808,0,6.57269678424e-05,0.0012731227424,0.116068375731,-10.5421198238,-2.43602156528,-2.78234716729,-1.25083527295,0.415341905298,-0.667089157692,-2.25890027594,0.0188413569907,0.0510629776011,-0.141238450956,-0.155430762607,-0.179813961908
58.965382089,0.26137222555,0.0497809616475,0.0955252963971,0.038890934638,-0.218305172979,0.0550553275973,-0.148736002317,-0.0157474775221,0.00734925862993,-0.313126764226,-0.421165867591,-0.0902181336583,0,0,0,0,0,0,-10.1063547766,-2.14723411439,-2.82029394708,-1.15338213881,0.518889149471,-0.639673742393,-2.29986564229,-0.243499098683,0.113639651167,-0.148226695142,-0.155928239158,-0.0667006118851
59.015382089,0.253244382162,0.048683086076,0.0959677361144,0.0229632007065,-0.239436020575,0.0504292224087,-0.170505975436,-0.0216419112023,0.00815708510507,-0.317950993702,-0.41794299131,-0.0923866359029,0,0,0,0,0,0,-9.58557555171,-1.8285090905,-2.85315900907,-1.04040874236,0.634434092182,-0.605884705747,-2.63648900471,-0.334643174701,0.126130859255,-0.150510369595,-0.154735033673,-0.0683038419756
59.065382089,0.244321628006,0.0476167705273,0.0963410049076,0.00709583526784,-0.26009947211,0.045816664007,-0.186404190803,-0.0210107107467,0.00677366662309,-0.316143103378,-0.402802120162,-0.0898327346161,0,0,0,0,0,0,-9.02590376679,-1.52206932568,-2.8747922803,-0.917876429783,0.759169049553,-0.566641232569,-2.88231892299,-0.324883088249,0.104739423516,-0.149654557705,-0.149129428948,-0.0664156763528
59.115382089,0.234603963082,0.0465820150013,0.0966451027767,-0.00865110963129,-0.279716232591,0.0414459489471,-0.214267508861,-0.00835114092243,-0.00211751211112,-0.31372942114,-0.367974574027,-0.0837798105855,0,0,0,0,0,0,-8.42997345383,-1.23342401022,-2.88593604733,-0.786973134738,0.888629357746,-0.523013908263,-3.31316207383,-0.129131493265,-0.0327425322426,-0.148511978461,-0.136235226542,-0.0619405922409
59.165382089,0.22289487712,0.0467816564351,0.0961292536965,-0.0242771068461,-0.296896929512,0.0374386829484,-0.237222853422,0.0155004858092,-0.0169421997557,-0.304852723083,-0.317841620713,-0.0686361148756,0,0,0,0,0,0,-7.72554340935,-1.0041827464,-2.8542717896,-0.641808228813,1.01452807256,-0.464530980271,-3.66811452274,0.239679930859,-0.261972774017,-0.144309962642,-0.117674503236,-0.0507444642665
59.215382089,0.21088167774,0.0481320635823,0.0949508828012,-0.0391363819396,-0.311500394662,0.0345823374595,-0.214287307834,0.0249302790421,-0.0233631903527,-0.287992444013,-0.270361348986,-0.0497629487544,0,0,0,0,0,0,-7.02742624118,-0.848701058222,-2.80220500136,-0.497766504106,1.13089254099,-0.405732427625,-3.31346822013,0.385490340797,-0.361258860999,-0.136328711177,-0.100095882235,-0.0367910418508
59.265382089,0.201466146337,0.0492746843393,0.0937929346613,-0.0530763512474,-0.323933064411,0.032462388073,-0.167669158373,0.00516305647438,-0.0180618649311,-0.272563451254,-0.227937990979,-0.0351487232201,0,0,0,0,0,0,-6.50095837962,-0.730245975941,-2.77673961926,-0.371219262819,1.23259618084,-0.364711400146,-2.59262404937,0.0798349828535,-0.279285861821,-0.129024996301,-0.0843894824001,-0.0259863649434
59.315382089,0.194114761902,0.0486483692297,0.0931446963081,-0.066392727065,-0.33429419376,0.0310674651375,-0.133191384416,-0.0285896855669,-0.00642277267112,-0.259419808857,-0.190188926357,-0.0235729941618,0,0,0,0,0,0,-6.09370495752,-0.590717164502,-2.7811848161,-0.257403273159,1.31689233276,-0.344655044029,-2.05950330853,-0.442074780383,-0.099313642726,-0.122803111438,-0.070413646205,-0.0174281274816
59.365382089,0.188147007895,0.0464157157826,0.0931506573941,-0.0790183321332,-0.342951957047,0.0301050886568,-0.0932526475408,-0.0306071310334,7.03398384119e-05,-0.245757316376,-0.157729468927,-0.0157717252025,0,0,0,0,0,0,-5.76326671262,-0.428345848929,-2.80885622329,-0.153690107715,1.38626385914,-0.339004110832,-1.44194113591,-0.473270008447,0.0010876464012,-0.116335615397,-0.0583961812808,-0.011660446507
59.415382089,0.184789497148,0.0455876561264,0.0931517302919,-0.0909684587027,-0.350067140653,0.0294902926172,-0.0716296325721,-0.0162234473447,0.00148272594549,-0.231036281569,-0.128196717511,-0.00869787278702,0,0,0,0,0,0,-5.57942244616,-0.339006905323,-2.87136995109,-0.0656185492226,1.44448055384,-0.33847110584,-1.1075901487,-0.250858894729,0.0229270008999,-0.109367030824,-0.0474622707242,-0.00643056349614
59.465382089,0.180984044638,0.0447933710481,0.0932989299887,-0.10212196029,-0.355771628798,0.0292353013781,-0.0888135356404,-0.0194031660505,0.00486401846408,-0.217321143835,-0.0994693218751,-0.00288542685078,0,0,0,0,0,0,-5.37344284263,-0.261842067761,-2.92786884117,0.0189649874664,1.49252578792,-0.336806566998,-1.3733003174,-0.300026047871,0.0752110368356,-0.102874613784,-0.0368265270378,-0.00213327109188
59.515382089,0.175908143584,0.0436473395213,0.0936381321383,-0.112700573086,-0.36001407284,0.0292017499322,-0.0953964351549,-0.0178640967816,0.00764155774515,-0.20363806944,-0.0717988081409,0.001695981829,0,0,0,0,0,0,-5.10465117625,-0.179673110656,-2.96650071585,0.103571221351,1.52938220015,-0.331713307052,-1.47508995934,-0.276227824997,0.118159395425,-0.0963973747592,-0.026582072738,0.0012538834617
59.565382089,0.171444401122,0.04300696137,0.0940630857632,-0.122485767234,-0.362951509612,0.029404899561,-0.0835731194976,-0.000721246043569,0.00705835527447,-0.190700638301,-0.0472937345526,0.00380783015674,0,0,0,0,0,0,-4.87252378946,-0.12623435374,-3.01156552241,0.179059059204,1.55559127071,-0.327654181405,-1.29226914236,-0.0111524376708,0.109141489175,-0.0902731053565,-0.0175095593434,0.00281522783846
59.615382089,0.167550831634,0.043575214917,0.0943439676658,-0.131770636916,-0.364743446296,0.0295825329478,-0.0859320492921,0.0183452247734,0.00598382456828,-0.178806049484,-0.0233894778257,0.00560369616867,0,0,0,0,0,0,-4.67543812366,-0.116639560614,-3.06294234285,0.246939020811,1.57320982022,-0.320301842201,-1.32874465268,0.283667380454,0.0925263037848,-0.0846424924806,-0.00865948637542,0.0041429582736
59.665382089,0.162851196193,0.0448414838473,0.09466146822,-0.140366372182,-0.365290457395,0.0299652691779,-0.0734270379257,0.0181791372442,0.0141052037403,-0.165351709435,-0.000293831641085,0.00880296357663,0,0,0,0,0,0,-4.44717016761,-0.129354116696,-3.10243902234,0.310332128066,1.58168377107,-0.30748119267,-1.13538295443,0.281099212721,0.218105051599,-0.0782735308056,-0.000108785288479,0.00650825984925
59.715382089,0.160208127842,0.0453931286414,0.0957544880398,-0.14830580786,-0.36477282946,0.0304628293055,-0.0300444505148,0.00551713836633,0.0262269686479,-0.15076392549,0.018660823884,0.00910344148835,0,0,0,0,0,0,-4.31734634519,-0.135911109061,-3.18328526818,0.360188574024,1.57803845255,-0.305852127302,-0.46456942774,0.0853100579204,0.405540710758,-0.0713680239926,0.00690879682658,0.00673041098181
59.765382089,0.159846751142,0.0453931976839,0.0972841650848,-0.155442764731,-0.363424375006,0.0308756133267,-0.00865661455133,0.00387055060367,0.0282315299071,-0.135120569363,0.03673429445,0.0102253193353,0,0,0,0,0,0,-4.29043525118,-0.143441950562,-3.30086284217,0.396398912238,1.56432768248,-0.315012912444,-0.133854951559,0.0598493048857,0.436536713717,-0.0639628346426,0.0136001378342,0.00755984444292
59.815382089,0.159342466387,0.0457801837018,0.0985776410305,-0.161817864796,-0.361099400015,0.031485361239,-0.00843948541018,0.0220824512505,0.0188569718387,-0.120960358429,0.0544642525894,0.0122591574872,0,0,0,0,0,0,-4.25495883312,-0.169513352864,-3.40739609099,0.4269827239,1.54291184009,-0.323292780813,-0.130497540819,0.341455129475,0.291580390585,-0.0572597306319,0.0201643002362,0.0090635138684
59.865382089,0.159002802601,0.047601442809,0.0991698622687,-0.167538800574,-0.357977949747,0.0321015290755,-0.00741647006522,0.050299576235,0.00409940518817,-0.106789656547,0.0693917035312,0.0123544164457,0,0,0,0,0,0,-4.22703355369,-0.243792181198,-3.50213439057,0.451637401267,1.51674666125,-0.326576533715,-0.114678923895,0.777769103667,0.0633880230694,-0.0505516604578,0.0256908903984,0.0091339412931
59.915382089,0.15860081938,0.0508101413253,0.0989875815493,-0.172496830451,-0.354160229662,0.0327208028836,-0.0357166363839,0.0522130576324,-0.00245918326193,-0.0913826594907,0.0834144622412,0.0132216827189,0,0,0,0,0,0,-4.19665373048,-0.363999065667,-3.5780024868,0.47083947022,1.48697110495,-0.323758529828,-0.552276944372,0.807356762703,-0.0380257032872,-0.0432583578191,0.0308825363556,0.00977513379784
59.965382089,0.155431138962,0.0528227485722,0.0989239439425,-0.176677066523,-0.349636503523,0.0334236973473,-0.0604887300941,0.0419994243753,-0.00159647088416,-0.0771386678446,0.0969568312777,0.0140364812595,0,0,0,0,0,0,-4.03890459271,-0.437657137625,-3.59576646897,0.492612529638,1.45204281988,-0.314959781396,-0.935321307031,0.649426040854,-0.0246858089381,-0.0365155940296,0.0358963276439,0.0103775355437
60.015382089,0.152551946371,0.0550100837628,0.0988279344609,-0.180210697235,-0.344464546534,0.0341244510096,-0.0480088937854,0.0484238818855,-0.00200602978447,-0.0628798586752,0.108401424545,0.0153017408427,0,0,0,0,0,0,-3.89697116257,-0.519871024231,-3.61242076761,0.507876247882,1.41214395651,-0.306370948276,-0.742348884075,0.748765735801,-0.0310187103786,-0.0297658159802,0.0401334594094,0.0113129748502
60.065382089,0.150630249584,0.0576651367608,0.0987233409641,-0.182965052391,-0.338796361069,0.0349538714316,-0.048042108806,0.0497042923173,-0.00101102974978,-0.0495241921547,0.120348783416,0.0170116421653,0,0,0,0,0,0,-3.8005637267,-0.623910212024,-3.64140459705,0.514434865205,1.36873365653,-0.299913079564,-0.742862479193,0.768564385183,-0.0156332868211,-0.0234435639854,0.044556730084,0.0125771493555
60.115382089,0.14774773549,0.0599805129945,0.0987268314859,-0.185163116451,-0.332429668192,0.0358256152261,-0.0545708033331,0.0419746084754,-0.0012176645633,-0.036381456316,0.132298303517,0.0184869651772,0,0,0,0,0,0,-3.66431104969,-0.712465344166,-3.64924663866,0.518573253118,1.32067995752,-0.29096494851,-0.84381396369,0.649042319126,-0.0188284265366,-0.017222108265,0.0489808009112,0.0136678940166
60.165382089,0.14517316925,0.0618625976083,0.0986015745077,-0.186603198023,-0.325566530717,0.0368025679493,-0.0314579664803,0.0367319612838,-0.00637543754475,-0.0228385867272,0.141753644397,0.0198609145134,0,0,0,0,0,0,-3.53935836637,-0.794411215673,-3.64721935839,0.517372214371,1.26897270207,-0.285528488816,-0.486426252942,0.567976645969,-0.0985817121301,-0.0108112388306,0.052481451765,0.0146836904836
60.215382089,0.144601938842,0.0636537091229,0.0980892877314,-0.187446975123,-0.318254303753,0.0378117066774,-0.00241752300163,0.0326558113689,-0.0114331341721,-0.0119065302139,0.151047386507,0.0209846117035,0,0,0,0,0,0,-3.49285462189,-0.894530973505,-3.65958255099,0.508468213699,1.2135580292,-0.288117519082,-0.0373815216511,0.504948213066,-0.17678754341,-0.00563626564652,0.0559222739065,0.0155144690323
60.265382089,0.14493141695,0.0651281787452,0.0974582610905,-0.187793851044,-0.310461792066,0.0389010291197,-0.000837634177538,0.0231401185887,-0.00927069431809,-0.00251342546964,0.160063958287,0.0228533321595,0,0,0,0,0,0,-3.47971910889,-0.996977541928,-3.67447064473,0.494962700639,1.15503354976,-0.29563885965,-0.0129521167419,0.357809561046,-0.143350305308,-0.00118979529512,0.0592604792764,0.0168960626522
60.315382089,0.144518175424,0.0659677209818,0.0971622182996,-0.18769831767,-0.302247907924,0.0400970398934,-0.016120567572,0.0116778679177,-0.00311835372734,0.00565224857314,0.167399123266,0.0233163678496,0,0,0,0,0,0,-3.43577795653,-1.07549298203,-3.67596331232,0.48017727222,1.09477651273,-0.303310814647,-0.249268091892,0.18057179688,-0.0482182826371,0.00267563882056,0.0619761774068,0.0172383969768
60.365382089,0.143319360193,0.0662959655369,0.0971464257178,-0.187228626187,-0.29372187974,0.0412326659046,-0.0290149486634,0.00756846910161,0.00125740196001,0.0158319623081,0.172944030667,0.0237690844975,0,0,0,0,0,0,-3.36075839087,-1.13090297792,-3.66366742403,0.46455166542,1.03383777982,-0.30960053742,-0.448650511675,0.117029244974,0.0194428754392,0.00749447098956,0.0640290684737,0.0175731021652
60.415382089,0.141616680558,0.0667245678919,0.0972879584956,-0.18611512144,-0.284953504857,0.0424739483431,-0.0386667404321,0.00940230592411,0.00431169054008,0.0257140372013,0.178513159291,0.0260417783419,0,0,0,0,0,0,-3.26996192184,-1.18327638573,-3.64242735418,0.446129728595,0.973503331201,-0.313479158855,-0.59789362652,0.145385380919,0.0666705355722,0.0121724080742,0.0660909269642,0.0192533638144
60.465382089,0.13945268615,0.0672361961294,0.0975775947718,-0.184657222466,-0.275870563811,0.0438368437388,-0.0429844523908,0.00842694763836,0.00625761771486,0.033111077238,0.18345052236,0.0274353570085,0,0,0,0,0,0,-3.16475423854,-1.23223012279,-3.61508860583,0.426166864467,0.913394623273,-0.315138780514,-0.664657269703,0.130303672554,0.0967598951219,0.0156739892986,0.0679188868933,0.0202836727557
60.515382089,0.137318235319,0.0675672626558,0.0979137202671,-0.182804013716,-0.266608452621,0.045217484044,-0.0424050505076,0.00481852265164,0.0071900275608,0.04174963293,0.186515395201,0.0289301884655,0,0,0,0,0,0,-3.06264443391,-1.27538947436,-3.58385471075,0.404440473896,0.853964592425,-0.317430950352,-0.655698130938,0.0745075470666,0.11117750307,0.0197632742379,0.0690535947651,0.0213888405174
60.565382089,0.135212181099,0.0677180483945,0.0982965975279,-0.180482259173,-0.25721902429,0.0467298625854,-0.0389029133474,-8.35875493134e-05,0.00765732673491,0.0511394660745,0.191134658948,0.0306980027819,0,0,0,0,0,0,-2.96366579127,-1.31329278626,-3.54828070789,0.380994463507,0.795778381256,-0.320759912132,-0.601545506126,-0.0012924922668,0.118403227162,0.0242081958925,0.0707637847823,0.0226958316047
60.615382089,0.133427943984,0.0675589039008,0.0986794529406,-0.177690067108,-0.247494986726,0.0482872843222,-0.0304791024477,-0.00708639938215,0.00731948481735,0.0607431064856,0.195833932358,0.0321706740668,0,0,0,0,0,0,-2.87749251898,-1.3458644574,-3.51047876025,0.355332325382,0.737355512169,-0.326384747899,-0.471290336136,-0.109575127829,0.113179266543,0.0287543287757,0.0725035967771,0.0237846157751
60.665382089,0.132164270854,0.0670094084563,0.0990285460096,-0.174407948525,-0.237635631055,0.0499469299921,-0.0263499200926,-0.0115806617921,0.00817154945502,0.0690349691826,0.199549732111,0.0340772170518,0,0,0,0,0,0,-2.81044431285,-1.37335575869,-3.47165418766,0.327999029333,0.680002057097,-0.335771959061,-0.407441876575,-0.179068724155,0.12635451769,0.0326794975718,0.0738792973195,0.0251941725741
60.715382089,0.130792951975,0.0664008377216,0.0994966078861,-0.17078657019,-0.227540013515,0.0516950060274,-0.0316943255854,-0.0110791896527,0.0113268448448,0.0773605628928,0.202875740798,0.0356103730302,0,0,0,0,0,0,-2.7421801798,-1.39722714758,-3.43118533744,0.299761279155,0.623843377165,-0.344726921597,-0.490081011552,-0.171314592498,0.175144019527,0.0366206338199,0.0751106855157,0.0263276746509
60.765382089,0.128994838296,0.065901489491,0.100161230494,-0.166671892236,-0.217348056975,0.0535079672951,-0.0398588951692,-0.0090101635382,0.0145971691021,0.0871031572515,0.204386623783,0.0362711268516,0,0,0,0,0,0,-2.66386060779,-1.41794492858,-3.38748448225,0.270443028665,0.569999719792,-0.351200933127,-0.61632760133,-0.139321786455,0.225712182456,0.0412325441671,0.0756700597232,0.0268161871307
60.815382089,0.126807062458,0.0654998213678,0.100956324796,-0.162076254465,-0.207101351137,0.0553221187125,-0.0467600381357,-0.00733386389492,0.0156188343513,0.0984129597417,0.204805836778,0.0372313347629,0,0,0,0,0,0,-2.57698606357,-1.4353932765,-3.33960587635,0.240367838455,0.518643611892,-0.355132987699,-0.723038157981,-0.113401606433,0.241509923205,0.0465863332307,0.0758252649504,0.0275260938049
60.865382089,0.124318834482,0.0651681031015,0.101723113929,-0.156830596261,-0.196867473297,0.0572311007714,-0.052296506014,-0.00712476969972,0.0155975319953,0.110736051054,0.204274856034,0.0382049708612,0,0,0,0,0,0,-2.48416310837,-1.45059749081,-3.28300621714,0.209638417927,0.470237503293,-0.357263016976,-0.808647103056,-0.110168437946,0.241180530482,0.0524197889038,0.0756286799493,0.0282459282869
60.915382089,0.121577411857,0.0647873443978,0.102516077996,-0.15100264936,-0.186673865534,0.0591426157986,-0.0564788426254,-0.0103252616474,0.0171373200251,0.121231924819,0.203435641208,0.0377242767244,0,0,0,0,0,0,-2.38752171132,-1.4604743482,-3.22004894518,0.178544322212,0.424617974932,-0.358025793327,-0.873317472888,-0.159656802259,0.264989867368,0.0573882836431,0.0753179774443,0.0278905386135
60.965382089,0.11867095022,0.0641355769368,0.103436845932,-0.14470740378,-0.176523909176,0.0610035284438,-0.0585415228472,-0.0152878068093,0.0195156321676,0.13113700803,0.200431343619,0.0356972720645,0,0,0,0,0,0,-2.29004250968,-1.4603120536,-3.15446476209,0.147447642066,0.381390924413,-0.358648574458,-0.905212154063,-0.236391331481,0.301765081829,0.062077112313,0.074205696348,0.0263919213663
61.015382089,0.115723259572,0.0632585637169,0.104467641213,-0.137888948557,-0.166630731172,0.0627123430051,-0.0460790785416,-0.017289841424,0.0194740645701,0.139684256763,0.195305013439,0.0328506942628,0,0,0,0,0,0,-2.19696095887,-1.45215588206,-3.08816277394,0.116316011085,0.341227788402,-0.359244720739,-0.712508659072,-0.267348265601,0.301122333012,0.0661231747295,0.0723077751255,0.0242873723866
61.065382089,0.114063042366,0.0624065927944,0.105384252389,-0.130738978103,-0.156993407832,0.0642885978701,-0.0211967766063,-0.0171426061324,0.0172698348163,0.146536073575,0.18935070427,0.0288120273015,0,0,0,0,0,0,-2.14871819474,-1.45671755518,-3.03576918836,0.0844978073692,0.303695243534,-0.364378225711,-0.327760175646,-0.265071605053,0.267038908693,0.0693666603645,0.0701033112417,0.0213014808967
61.115382089,0.113603581911,0.0615443031037,0.106194624694,-0.123235341199,-0.147695660745,0.0655935457352,-0.00889122236283,-0.0192516411388,0.0158811689985,0.152866141596,0.181551255174,0.0236185588231,0,0,0,0,0,0,-2.14145684002,-1.47096468693,-2.99527612397,0.0521130607525,0.268771415375,-0.373594797921,-0.137482630377,-0.297683058058,0.245566334782,0.0723631626443,0.0672157212029,0.0174618146204
61.165382089,0.113173920129,0.0604814286805,0.106972369289,-0.115452363944,-0.138838282315,0.0666504537524,-0.00919592437052,-0.0218124210334,0.0150791359616,0.157050595412,0.172261929288,0.0180820219029,0,0,0,0,0,0,-2.13746354061,-1.47748768254,-2.95208604244,0.0210223666559,0.236931356806,-0.382807950781,-0.142194157295,-0.337279723326,0.233164709105,0.0743439826537,0.0637765340805,0.0133685089253
61.215382089,0.112683989474,0.0593630610003,0.10770253829,-0.107530281658,-0.130469467816,0.0674017479255,-0.00880303878843,-0.0202383896828,0.0134921542956,0.160066180467,0.163328774635,0.0118516542373,0,0,0,0,0,0,-2.13407872424,-1.47859024549,-2.90691135563,-0.00850773083281,0.208147581858,-0.390876064303,-0.136119070984,-0.312940890987,0.208625629449,0.0757714882446,0.0604692122333,0.00876223612068
61.265382089,0.11229361625,0.0584575897122,0.108321584718,-0.099445745897,-0.122505404851,0.0678356191761,-0.00567597632961,-0.0140729690876,0.0108180631646,0.163058227058,0.156201181371,0.006978490021,0,0,0,0,0,0,-2.13672449897,-1.48272203047,-2.86177979942,-0.037112988388,0.182065829763,-0.397380757899,-0.0877661275253,-0.217606615651,0.167276862366,0.0771878512919,0.0578303633789,0.00515937911327
61.315382089,0.112116391841,0.0579557640916,0.108784344607,-0.0912244589521,-0.114849349679,0.0680995969276,-0.00394491947476,-0.00949245877368,0.00868482696363,0.164783525736,0.15122540239,0.00415919671413,0,0,0,0,0,0,-2.14847051985,-1.49663361444,-2.81777959098,-0.0649810730452,0.158505679948,-0.402574479562,-0.0609992511583,-0.146779390695,0.134291192662,0.0780045662788,0.055988180727,0.00307500226987
61.365382089,0.111899124303,0.0575083438349,0.109190067415,-0.0829673933234,-0.107382864612,0.0682515388475,-0.00644602447981,-0.0107495808417,0.00821056838805,0.163775433307,0.149023570765,0.00114639244561,0,0,0,0,0,0,-2.16009062038,-1.50974921338,-2.77259623835,-0.0914941537312,0.136775292681,-0.40683290642,-0.0996731793216,-0.166217938239,0.126957857178,0.0775273595174,0.0551729966044,0.000847557741241
61.415382089,0.111471789393,0.0568808060074,0.109605401446,-0.0748469156214,-0.0999469926025,0.0682142361722,-0.00528438093384,-0.0094082842216,0.00698644052411,0.1628493195,0.14942039693,-0.000961934516064,0,0,0,0,0,0,-2.16526294364,-1.51455006861,-2.72580162708,-0.116164583316,0.116090545274,-0.409890409635,-0.081710991026,-0.145477821759,0.108029490325,0.0770889594677,0.0553199135555,-0.000711183198024
61.465382089,0.11137068621,0.0565675154127,0.109888711467,-0.0666824613733,-0.0924408249194,0.0681553453959,0.00422739193863,-0.000369771499688,0.00355706464928,0.163226090331,0.151018755848,-0.00138561061731,0,0,0,0,0,0,-2.18131859468,-1.52951942927,-2.68128598311,-0.14020232084,0.09668681554,-0.412874710173,0.0653670484935,-0.00571767934048,0.0550019541125,0.0772673137368,0.0559116739775,-0.00102441795525
61.515382089,0.111894528587,0.0568438288574,0.109961107911,-0.0585243065882,-0.0848451170177,0.0680756751105,0.0153096879744,0.01065971845,-0.000355217790112,0.163373387715,0.155442110454,-0.000180091915515,0,0,0,0,0,0,-2.21773999346,-1.56406496629,-2.64145216767,-0.163893675504,0.0787245460207,-0.416225890043,0.236729674176,0.164828419736,-0.00549263916123,0.0773370407828,0.0575493325535,-0.00013314663553
61.565382089,0.112901655007,0.0576334872577,0.109853189688,-0.0503451226019,-0.0768966138739,0.0681373362044,0.0107176937526,0.00911115063084,0.000895571207341,0.164280166031,0.162231106676,0.00202921568139,0,0,0,0,0,0,-2.2696501406,-1.61636785186,-2.603942264,-0.187132105467,0.0617721866648,-0.420027086226,0.165724876575,0.140883323279,0.0138479817792,0.0777662878749,0.0600628226246,0.00150025191286
61.615382089,0.112966297962,0.0577549439205,0.110050665031,-0.0420962899852,-0.0686220063501,0.0682785966786,-0.00804054907771,-0.00372034638055,0.00683594338674,0.163678361098,0.169529991308,0.00372117294536,0,0,0,0,0,0,-2.29196190632,-1.64434686209,-2.56093953118,-0.208767272807,0.0449866420921,-0.421988663712,-0.124328893348,-0.0575267365317,0.105702392716,0.0774814078629,0.0627650886821,0.002751159909
61.665382089,0.112097600099,0.0572614526196,0.110536784027,-0.0339772864921,-0.0599436147431,0.0685094534989,-0.0233933429516,-0.0102750385272,0.0108824521871,0.161627514346,0.178004808737,0.00523328032875,0,0,0,0,0,0,-2.28372914255,-1.64972325643,-2.5145255767,-0.22851467037,0.0283116373126,-0.421840796121,-0.361725102697,-0.158880215374,0.168272492868,0.0765105862309,0.0659027203388,0.00386910021234
61.715382089,0.110626963667,0.0567274400678,0.11113891025,-0.0259335385506,-0.0508215254764,0.0688019247115,-0.035432114324,-0.0110854635472,0.0132025967516,0.160729942642,0.186844691232,0.00577690273871,0,0,0,0,0,0,-2.25666896742,-1.65002040891,-2.46654683951,-0.24714337159,0.0121808756649,-0.418877996659,-0.547877454673,-0.171411604077,0.204148277385,0.076085697328,0.069175510035,0.0042710143942
61.765382089,0.108554388667,0.0561529062649,0.111857043702,-0.0179042922279,-0.0412591456198,0.0690871437728,-0.0420270220989,-0.0132416043384,0.0139469711843,0.159978910826,0.196755755913,0.00733528522608,0,0,0,0,0,0,-2.2116158359,-1.64544208247,-2.41722296527,-0.264891333993,-0.00341368417632,-0.413010039651,-0.649852777186,-0.204751441429,0.215658343246,0.0757301768913,0.0728448835116,0.00542316708506
61.815382089,0.106424261457,0.0554032796339,0.112533607368,-0.00993564746794,-0.0311459498851,0.0695354532341,-0.0414565356351,-0.0181079675213,0.0126699726235,0.156628250537,0.205665816248,0.0077877122477,0,0,0,0,0,0,-2.16286112297,-1.63821461317,-2.36678321264,-0.281454420813,-0.0186549133596,-0.407740423212,-0.641031495203,-0.279998734034,0.19591245073,0.0741440547263,0.0761436551495,0.00575765814525
61.865382089,0.104408735103,0.0543421095128,0.113124040964,-0.00224146717423,-0.020692563995,0.0698659149976,-0.0380973761252,-0.0203520712797,0.00934680227962,0.152578930051,0.212458110144,0.00511672704057,0,0,0,0,0,0,-2.11490611552,-1.62436357929,-2.3165676794,-0.29634433796,-0.0336128294787,-0.403589336893,-0.589089696154,-0.314698719588,0.144527142678,0.0722272035916,0.0786583661187,0.003782929336
61.915382089,0.102614523845,0.053368072506,0.113468287596,0.00532224553711,-0.00990013887066,0.0700471259381,-0.0326828222152,-0.0160238825091,0.00346101067829,0.150178933737,0.219504844991,0.00273090056485,0,0,0,0,0,0,-2.07158440441,-1.61372869729,-2.26370924924,-0.310211177387,-0.0480757352804,-0.399515076321,-0.505365874672,-0.24777307622,0.0535166968496,0.0710911029367,0.0812672787609,0.002019025791
61.965382089,0.101140452882,0.0527397212619,0.113470142032,0.0127764261995,0.00125792050404,0.070139005054,-0.0316430072789,-0.0140538152895,-0.00197048092416,0.14734617871,0.225108867975,-0.000868449408535,0,0,0,0,0,0,-2.03560208116,-1.61292067268,-2.2067861548,-0.323512777645,-0.0621076882935,-0.395362763103,-0.48928749009,-0.217310445514,-0.0304690277114,0.069750144693,0.0833420561906,-0.000642067227414
62.015382089,0.099450223117,0.051962690977,0.113271239504,0.0200568634081,0.0126107479269,0.0699602809973,-0.0389533216691,-0.0197809641717,-0.00519672451573,0.142441190159,0.230763887298,-0.00586351157743,0,0,0,0,0,0,-1.9907722225,-1.60476657382,-2.14383807235,-0.335544637574,-0.0762118502281,-0.389840012055,-0.602324956732,-0.305867840748,-0.0803555829122,0.0674282408329,0.0854357139945,-0.0043350465605
62.065382089,0.0972451207149,0.0507616248447,0.11295046958,0.0270205452154,0.0243343092339,0.0695526538963,-0.051846690174,-0.0286749828384,-0.00834245745299,0.137111358379,0.237420675779,-0.011003370192,0,0,0,0,0,0,-1.92735352519,-1.58140213159,-2.07468530633,-0.345818307408,-0.0912164931346,-0.382650579051,-0.801691719157,-0.443393709634,-0.128997223063,0.0649052263839,0.0879002567938,-0.00813507767058
62.115382089,0.0942655540996,0.0490951926932,0.112436993759,0.033767999246,0.0363528155048,0.0688599439781,-0.0649998324073,-0.0302905611691,-0.016242503588,0.131474036938,0.248063460104,-0.0157868200336,0,0,0,0,0,0,-1.83871911566,-1.53999013831,-1.99539127505,-0.354135291861,-0.107316252278,-0.372457822227,-1.00507529435,-0.468374971987,-0.251153556403,0.0622366537096,0.0918405348342,-0.0116716065082
62.165382089,0.0907451374741,0.0477325687278,0.111326219222,0.0401679489092,0.0491406552442,0.0679739718929,-0.0748878147723,-0.0245744216287,-0.0281035604953,0.125337569428,0.264829163628,-0.0190192504429,0,0,0,0,0,0,-1.73123984614,-1.49944296042,-1.89971464788,-0.360586607515,-0.124855111726,-0.358019220705,-1.15797056219,-0.379987811308,-0.434557956396,0.0593317972656,0.0980477012499,-0.014061426353
62.215382089,0.0867767726224,0.0466377505303,0.109626637709,0.0463017561888,0.0628357318676,0.0669580189338,-0.0758918307602,-0.0220181721023,-0.0391216818403,0.116008484626,0.282824233864,-0.0189165746546,0,0,0,0,0,0,-1.60900336014,-1.46007187892,-1.7891586926,-0.365875473792,-0.145023518054,-0.34057468281,-1.17349539706,-0.340461197931,-0.604928265731,0.0549156324183,0.104710016103,-0.0139855154731
62.265382089,0.0831559543981,0.0455307515176,0.107414051038,0.0517687973718,0.0774230786306,0.0660823144275,-0.0689408982107,-0.0222617884074,-0.0493817850268,0.103811111104,0.302827270601,-0.0156765027976,0,0,0,0,0,0,-1.49148179968,-1.42173512805,-1.67332119397,-0.370379639539,-0.169793962793,-0.325596777295,-1.0660149572,-0.344228172713,-0.763577539865,0.0491416885298,0.112115740395,-0.0115900461073
62.315382089,0.0798826828013,0.0444115716896,0.104688459207,0.0566828672992,0.0931184589277,0.065390368654,-0.0665190878393,-0.0237795180428,-0.0604637038503,0.0897130202211,0.323821610213,-0.0114816223016,0,0,0,0,0,0,-1.3785879104,-1.38437942381,-1.55216189218,-0.374803882106,-0.201025808967,-0.31326407975,-1.02856714108,-0.367696426454,-0.934934332813,0.0424679906602,0.119888474749,-0.00848866188974
62.365382089,0.0765040456142,0.0431527997133,0.101367680652,0.0607400993939,0.109805239652,0.0649341521973,-0.0700948184974,-0.0270789348503,-0.0731466719109,0.072382843552,0.345467475899,-0.00468717468845,0,0,0,0,0,0,-1.2577245375,-1.34088856128,-1.42247098976,-0.377637061753,-0.23984637111,-0.302031003195,-1.08385772277,-0.418714439826,-1.13104772856,0.0342643009493,0.127902423602,-0.00346535011372
62.415382089,0.0728732009516,0.0417036782045,0.0973737920154,0.0639211516544,0.127665206518,0.0649216511852,-0.0736741909694,-0.0313802885095,-0.0860007992287,0.0525766122271,0.36924517271,0.00531517760174,0,0,0,0,0,0,-1.12581732014,-1.28958057216,-1.28300377194,-0.378654228923,-0.288492210052,-0.292305416489,-1.13920461687,-0.485225138931,-1.32980771484,0.0248885063896,0.136705640292,0.00392964899559
62.465382089,0.0691366265172,0.0400147708623,0.0927676007296,0.0659977606166,0.146729756923,0.0654656699575,-0.0750767959816,-0.0364163023159,-0.0979512829145,0.0292659485492,0.391557882359,0.0165993286625,0,0,0,0,0,0,-0.987886911575,-1.23088664179,-1.13905772702,-0.377559495614,-0.349165965562,-0.285645915439,-1.16089272888,-0.563095694459,-1.51459489757,0.0138537976604,0.144966474786,0.0122723152628
62.515382089,0.0653655213534,0.038062047973,0.087578663724,0.0668477465093,0.166820994754,0.0665815840514,-0.076893321328,-0.0414090602897,-0.110016662954,0.00178635729717,0.412480669052,0.0279270227057,0,0,0,0,0,0,-0.847859307894,-1.16456873058,-0.994323009782,-0.373741524791,-0.42313075612,-0.282831246005,-1.18898118202,-0.640297396437,-1.70115869236,0.000845618671903,0.152712718103,0.0206471739889
62.565382089,0.0614472943844,0.0358738648334,0.0817659344342,0.0661763963463,0.187977823828,0.0682583722281,-0.0816351247763,-0.045665106861,-0.123148491779,-0.0258240235958,0.432062015813,0.0382435498079,0,0,0,0,0,0,-0.705343354219,-1.08993856101,-0.850582371204,-0.365656579826,-0.51215296549,-0.283918932311,-1.26230244025,-0.706107523972,-1.90421270392,-0.0122244729937,0.159962320115,0.0282744507053
62.615382089,0.0572020088758,0.0334955372869,0.0752638145461,0.0642653441497,0.210027196335,0.0704059390322,-0.0847459571023,-0.0486726661786,-0.13610584826,-0.0503541162167,0.446688727428,0.047292251588,0,0,0,0,0,0,-0.561700163549,-1.00627862012,-0.70771951768,-0.353148934247,-0.616900716659,-0.288499553868,-1.31040442144,-0.752612621822,-2.10456889557,-0.0238364301182,0.165377567556,0.0349643911976
62.665382089,0.0529726986742,0.0310065982155,0.0681553496082,0.0611409847247,0.232646696571,0.0729875973869,-0.0811708514093,-0.0501413617826,-0.147430834936,-0.069729113992,0.452754774393,0.0529994798492,0,0,0,0,0,0,-0.427770579856,-0.916881247346,-0.5717232079,-0.336222201564,-0.737283113351,-0.297901342365,-1.25512350342,-0.775322675245,-2.27968418272,-0.0330080890651,0.167623400123,0.039183893439
62.715382089,0.0490849237349,0.0284814011086,0.0605207310525,0.0572924327505,0.255302673774,0.0757058870171,-0.0746287253666,-0.0501928430081,-0.157652060392,-0.0818960071151,0.447984631984,0.0539598896629,0,0,0,0,0,0,-0.313193437653,-0.824028076343,-0.44634688908,-0.316233329358,-0.870739884318,-0.311746081464,-1.15396433093,-0.776118715882,-2.43773230076,-0.0387676042641,0.1658573503,0.0398939493849
62.765382089,0.0455098261376,0.0259873139147,0.052390143569,0.0529513840132,0.277445159769,0.0783835863532,-0.0697775635797,-0.0468252100621,-0.166615900607,-0.0850761716633,0.431732676553,0.0505290720293,0,0,0,0,0,0,-0.219379846015,-0.727929186464,-0.333107836638,-0.293568226134,-1.01342050498,-0.328691668779,-1.07895209351,-0.724045894319,-2.57633780186,-0.0402730178373,0.15984038884,0.0373574567071
62.815382089,0.0421071673769,0.0237988801024,0.0438591409919,0.0487848155842,0.298475941429,0.0807587942201,-0.066328786847,-0.0407121424301,-0.174624202479,-0.0824546541837,0.403477182792,0.0440005530551,0,0,0,0,0,0,-0.146944717931,-0.631873402914,-0.232870868701,-0.270804449124,-1.15966550275,-0.34618375214,-1.02562456694,-0.62952113907,-2.70016806516,-0.0390320543789,0.149379357385,0.032530752888
62.865382089,0.0388769474529,0.0219160996717,0.0349277233211,0.0447059185948,0.317792878049,0.0827836416587,-0.0645784852047,-0.035946619347,-0.179820334118,-0.0766069140083,0.362696606243,0.0343956525196,0,0,0,0,0,0,-0.0958053743705,-0.535059976805,-0.146447844271,-0.24756732573,-1.3031873995,-0.363239391707,-0.998560113491,-0.555833110378,-2.78051448057,-0.0362638745256,0.134281164529,0.0254296001947
62.915382089,0.0356493188564,0.0202042181677,0.0258771075801,0.0411241241833,0.334745602054,0.084198359472,-0.0658684277696,-0.0326385165372,-0.180540634507,-0.065793664104,0.309054166297,0.0222801504973,0,0,0,0,0,0,-0.0640451436516,-0.437725383167,-0.0752889925358,-0.225972389207,-1.43598735607,-0.377659752926,-1.01850615574,-0.504680787637,-2.79165229584,-0.0311451415389,0.114421123988,0.0164722945465
62.965382089,0.0322901046759,0.018652248018,0.0168736598704,0.0381265521844,0.348698294678,0.0850116567084,-0.066850555478,-0.0291200063813,-0.177490159586,-0.0517685471828,0.244640857385,0.00875758713516,0,0,0,0,0,0,-0.0491597319725,-0.341806396249,-0.0187210280975,-0.206930244046,-1.54986008424,-0.388349535326,-1.0336925379,-0.450274991505,-2.74448360531,-0.0245059877912,0.0905733846296,0.00647471186629
63.015382089,0.0289642633086,0.0172922175296,0.00812809162147,0.0359472694651,0.359209687792,0.0850741181855,-0.0660405222745,-0.0252535304302,-0.172150448144,-0.0366675271645,0.171742540799,-0.00592084843163,0,0,0,0,0,0,-0.0502153519603,-0.251146906337,0.025044285955,-0.192180665436,-1.63768245217,-0.393953232562,-1.02116720775,-0.390488691899,-2.66191705319,-0.017357527339,0.0635842408799,-0.00437743718757
63.065382089,0.0256860524485,0.016126894975,-0.000341384943993,0.0344597994679,0.365872548758,0.0844195718652,-0.0603640785077,-0.0211218369923,-0.161120310246,-0.0201271000317,0.0914264490935,-0.0201607292382,0,0,0,0,0,0,-0.0640742581952,-0.167100251404,0.0599879961355,-0.181343975194,-1.69327239353,-0.393878999951,-0.93339385237,-0.326601404127,-2.49136093507,-0.00952768610459,0.0338488142479,-0.0149053513048
63.115382089,0.0229278554579,0.0151800338303,-0.00798393940315,0.0339345594619,0.368352332702,0.0830580452617,-0.0479996541942,-0.0171819021739,-0.143692411468,-0.00379055307667,0.00562577832265,-0.0343170032576,0,0,0,0,0,0,-0.0868632812948,-0.0959161172867,0.0890694858968,-0.175730252138,-1.71178097322,-0.387792062427,-0.742206014708,-0.265679229397,-2.22187792495,-0.00179435685322,0.00208283190839,-0.0253714527504
63.165382089,0.020886087029,0.0144087047576,-0.0147106260908,0.0340807441603,0.36643512659,0.0809878715395,-0.0343269904831,-0.0137483269856,-0.12562535037,0.00886701222277,-0.0833061282514,-0.046352957514,0,0,0,0,0,0,-0.11361501867,-0.0379238018129,0.116188254615,-0.172939777097,-1.69038809802,-0.375151430323,-0.530789215697,-0.212586760305,-1.94251171617,0.00419743077797,-0.0308424278625,-0.034269946667
63.215382089,0.0194951564095,0.0138052011318,-0.0205464744402,0.0348212606842,0.360021719876,0.0784227495103,-0.0220125125095,-0.0104743326472,-0.108076572994,0.018445240568,-0.171956230346,-0.0562979140884,0,0,0,0,0,0,-0.139477126545,0.00733756922427,0.143752921085,-0.171698679403,-1.62915977507,-0.356769800743,-0.340373685138,-0.161961847878,-1.67115959212,0.00873153419913,-0.0636633551612,-0.0416225116313
63.265382089,0.0186848357781,0.0133612714929,-0.0255182833901,0.0359252682171,0.349239503556,0.0753580801306,-0.0102113402718,-0.00748852783858,-0.0890065262536,0.0251358580394,-0.255480600818,-0.0633093922169,0,0,0,0,0,0,-0.161474250126,0.040435318547,0.171749327787,-0.170247553154,-1.53120913302,-0.332942948774,-0.157895266022,-0.115793134272,-1.37628448044,0.0118987119352,-0.0945865828408,-0.0468062797101
63.315382089,0.0184740223824,0.0130563483479,-0.0294471270655,0.0373348464881,0.334473659795,0.0720918102886,0.00227297610422,-0.00606511017172,-0.0675937427394,0.0267801298651,-0.330752047176,-0.067819204306,0,0,0,0,0,0,-0.177356512656,0.0604462020896,0.197894429063,-0.168025210904,-1.40356691253,-0.305914336496,0.035146431035,-0.0937832016686,-1.04518424685,0.012677070755,-0.122454330426,-0.0501405010428
63.365382089,0.0189121333885,0.0127547604757,-0.0322776576641,0.0386032812036,0.316164298838,0.0685761597,0.0150029439933,-0.00588467515891,-0.0454392835455,0.0247927058768,-0.394197293022,-0.0705806000738,0,0,0,0,0,0,-0.187400044152,0.0686509188683,0.219051941342,-0.162778906906,-1.25366693954,-0.276458547793,0.23198657276,-0.0909931825733,-0.702615677501,0.0117362719371,-0.145943663796,-0.0521820727301
63.415382089,0.0199743167817,0.012467880832,-0.0339910554201,0.0398141170758,0.295053930492,0.0650337502813,0.0253164283792,-0.00368766533453,-0.0218508220025,0.0221206137517,-0.443038852063,-0.068708561714,0,0,0,0,0,0,-0.192350525654,0.0659791151328,0.233822331806,-0.155142863916,-1.09189203143,-0.246698450473,0.391461266324,-0.0570213981218,-0.337873507399,0.0104713676553,-0.164026274199,-0.0507980260977
63.465382089,0.0214437762264,0.0123859939422,-0.0344627398643,0.0408153425787,0.271860413632,0.0617053035286,0.0334146928988,0.000486653175451,0.00299625932686,0.0174906100849,-0.475060934843,-0.0651765257472,0,0,0,0,0,0,-0.192010054369,0.0524988734656,0.24046921413,-0.145043777628,-0.927863193798,-0.218363121976,0.516682598353,0.00752498991837,0.0463303690694,0.00827963503953,-0.175881809907,-0.0481867000746
63.515382089,0.0233157860716,0.0125165461496,-0.0336914294874,0.0415631780843,0.247547837008,0.0585160977065,0.038284976762,0.00479934397417,0.0251246038157,0.0117967702154,-0.493519763036,-0.0620284627495,0,0,0,0,0,0,-0.188358116764,0.0302870391216,0.238628466388,-0.133025053276,-0.770748839043,-0.191981925515,0.591990515406,0.0742109922266,0.388495133605,0.00558430789748,-0.182715821869,-0.0458592552507
63.565382089,0.0252722739026,0.0128659283396,-0.0319502794828,0.0419950196003,0.222508437328,0.0555024572537,0.0392548826941,0.00929306036088,0.0441039276271,0.00712998408079,-0.499563093796,-0.0587217603627,0,0,0,0,0,0,-0.182361671396,0.00299361497554,0.229830810135,-0.119641697735,-0.624804226522,-0.167785036302,0.606987915462,0.143696145539,0.681967420529,0.00337516334423,-0.184953244216,-0.0434145242019
63.615382089,0.027241274341,0.0134458521857,-0.0292810367247,0.0422761764924,0.197591527629,0.0526439216703,0.0362107819887,0.0115187145025,0.0567531345569,0.00379448511754,-0.492502856559,-0.0553088165922,0,0,0,0,0,0,-0.175162078494,-0.0273524288319,0.214973374861,-0.106277295114,-0.495368320295,-0.145999641887,0.559917787752,0.178110849526,0.877558776804,0.001796218187,-0.182339332584,-0.0408912461359
63.665382089,0.0288933521015,0.0140177997899,-0.0262749660271,0.042374468112,0.173258151672,0.0499715755944,0.029861753666,0.0103884200402,0.0628423200892,0.00210847705832,-0.477364176514,-0.0534565787215,0,0,0,0,0,0,-0.167633081007,-0.0551487034642,0.197384420144,-0.093429944671,-0.383978968025,-0.126606079322,0.461744434469,0.160633403857,0.971714249434,0.000998102435959,-0.176734539071,-0.0395218385199
63.715382089,0.0302274497076,0.0144846941897,-0.0229968047158,0.0424870241982,0.149855109977,0.0472982637981,0.0230287021621,0.00962284728921,0.0669104162152,0.00428346241643,-0.456612422624,-0.0539735143755,0,0,0,0,0,0,-0.160166378216,-0.0789001337906,0.177916321684,-0.0818038301818,-0.290513200536,-0.109046656501,0.356086758177,0.14879555398,1.03461814872,0.00202768830484,-0.169051617228,-0.0399040224892
63.765382089,0.0311962223177,0.0149800845188,-0.0195839244056,0.0428028143537,0.12759690941,0.0445742241569,0.0154686075153,0.0109080994821,0.0688689881061,0.00642669620066,-0.433914246758,-0.052569785851,0,0,0,0,0,0,-0.153086207237,-0.0989030911024,0.158471014016,-0.0717430177581,-0.213991415408,-0.0930169135757,0.239187005193,0.168669070238,1.06490303019,0.00304224374068,-0.160648071577,-0.0388662094941
63.815382089,0.0317743104591,0.0155755041379,-0.0161099059051,0.0431296938183,0.106463685301,0.042041285213,0.00813701213488,0.0110061772768,0.0677132620298,0.00643284743909,-0.410924211463,-0.0504212331181,0,0,0,0,0,0,-0.146287078946,-0.11581610662,0.139434377324,-0.0627733886617,-0.152695790437,-0.0788031060888,0.125820476202,0.170185621354,1.04703234217,0.00304515558933,-0.15213647081,-0.0372777285963
63.865382089,0.0320099235312,0.0160807022465,-0.0128125982026,0.0434460990976,0.0865044882636,0.0395321008451,0.00160910537109,0.00791033253709,0.0624800898607,0.00741496980799,-0.386067649561,-0.0494862096338,0,0,0,0,0,0,-0.140340840614,-0.128090719584,0.121882812936,-0.054684717518,-0.104609100688,-0.066111101442,0.0248811726828,0.122315389265,0.966113178786,0.00351006874783,-0.142933825897,-0.0365864414237
63.915382089,0.0319352209962,0.0163665373916,-0.00986189691907,0.0438711907991,0.0678569203453,0.0370926642496,-0.00331059411479,0.00525500962187,0.055147263919,0.00827857244901,-0.363603270802,-0.0481303844242,0,0,0,0,0,0,-0.135045061685,-0.135178676258,0.106632627681,-0.0475947736489,-0.0681647338695,-0.0551432414075,-0.0511908451323,0.0812568301622,0.85272762195,0.00391887751162,-0.134616838949,-0.0355840445948
63.965382089,0.0316788641197,0.0166062032087,-0.00729787181068,0.0442739563425,0.0501441611834,0.0347190624027,-0.00486684794128,0.00499841482198,0.0462407396486,0.00805782951978,-0.346169765248,-0.0472783000177,0,0,0,0,0,0,-0.130973217842,-0.139188336262,0.0940401567987,-0.0411247066017,-0.0410405202684,-0.0457497344196,-0.0752547882965,0.0772891723318,0.715008382204,0.00381438310675,-0.128162432188,-0.0349540764389
64.015382089,0.0314485362021,0.0168663788738,-0.00523782295421,0.044676973751,0.0332399438205,0.0323648342479,-0.00475891082221,0.0046164388126,0.0367751501767,0.00693273459265,-0.335123941122,-0.0467229911015,0,0,0,0,0,0,-0.129296854929,-0.14156670736,0.0849018768249,-0.0353733696223,-0.0216654804689,-0.0380961393432,-0.0735857850437,0.0713827778714,0.568644464448,0.00328179017053,-0.124072936722,-0.0345435221191
64.065382089,0.0312029730375,0.0170678470899,-0.00362035679301,0.0449672298018,0.0166317670713,0.0300467632925,-0.00429181212072,0.00160035538732,0.0296776871525,0.00555249796333,-0.328493082188,-0.0456936353268,0,0,0,0,0,0,-0.128813147571,-0.142065333859,0.0781883127123,-0.0306475651771,-0.00831615696536,-0.0322933618318,-0.0663631608075,0.0247458739876,0.458898262436,0.00262841927589,-0.121617993819,-0.0337824926316
64.115382089,0.03101935499,0.0170264144125,-0.00227005423896,0.0452322235474,0.000390635601683,0.0277954707152,-0.00247583293046,-0.00340246194119,0.0245697615253,0.00378145997762,-0.324520959812,-0.0448651854639,0,0,0,0,0,0,-0.129417807578,-0.140191352771,0.0727987040864,-0.0282156578725,0.000668869251449,-0.0289713692264,-0.0382831527279,-0.0526113731434,0.379915753357,0.00179005239836,-0.120147394951,-0.0331699981083
64.165382089,0.0309553897444,0.0167276008958,-0.00116338064047,0.0453453757995,-0.0158203289099,0.0255602447461,-0.000474156083796,-0.00455192164761,0.0210306855976,0.00161596645538,-0.324843264749,-0.0427731772663,0,0,0,0,0,0,-0.131306856127,-0.136167195994,0.068457370461,-0.0289997773523,0.0085002019469,-0.0283458231297,-0.00733175068055,-0.0703851659362,0.32519195411,0.000764959736781,-0.120266721908,-0.0316233220556
64.215382089,0.0309719393816,0.0165712222478,-0.000166985679201,0.0453938201929,-0.0320936908733,0.0235181529885,0.000978266564653,-0.000667121270479,0.0192606926516,-0.00214266160804,-0.326098229902,-0.0378168065829,0,0,0,0,0,0,-0.13448442054,-0.132977609354,0.065051060571,-0.0332561596584,0.0188832675235,-0.0296800431342,0.015126678316,-0.0103155205553,0.297823019217,-0.00101428458137,-0.120731347657,-0.0279589483437
64.265382089,0.0310532164009,0.0166608887688,0.000762688624686,0.0451311096387,-0.0484301519001,0.0217785640878,0.00537759077905,0.00246441733467,0.0185827550481,-0.00974132798971,-0.327263548063,-0.0310466533236,0,0,0,0,0,0,-0.138759347576,-0.131291888449,0.0619438260861,-0.039671093183,0.0344092661357,-0.0319836309553,0.0831522703207,0.0381066363759,0.287340248552,-0.00461131087845,-0.121162783399,-0.0229535980152
64.315382089,0.0315096984595,0.0168176639812,0.00169128982561,0.0444196873939,-0.0648200456795,0.0204134876562,0.0132519166897,0.00307114017379,0.0192653102645,-0.0183615523019,-0.327199817797,-0.0243794771453,0,0,0,0,0,0,-0.146512969164,-0.130974155732,0.0586921526259,-0.0470343010994,0.0561860602734,-0.0352380606416,0.204910898602,0.0474882318897,0.297894420149,-0.00869191818248,-0.121139188543,-0.0180243813199
64.365382089,0.0323784080699,0.0169680027862,0.00268921965113,0.0432949544085,-0.0811501336798,0.0193406163733,0.0192198462286,0.0053456474975,0.0202464173032,-0.0266383616213,-0.325308194247,-0.0182660636424,0,0,0,0,0,0,-0.158393944915,-0.131514379268,0.0548971712665,-0.0545284204251,0.0843055899153,-0.0392288986458,0.297191421732,0.0826583397686,0.313065019968,-0.0126099610709,-0.120438852756,-0.0135045757685
64.415382089,0.0334316830824,0.017352228731,0.00371593155593,0.0417558512318,-0.0973508651042,0.0185868812919,0.0223234389262,0.0112124791259,0.0209220627098,-0.035490432778,-0.319886759139,-0.0119683885919,0,0,0,0,0,0,-0.172853550345,-0.133836603371,0.0504548916599,-0.0614779061081,0.118605566901,-0.0434841477254,0.345181458454,0.173375612528,0.323512346995,-0.0168003191067,-0.118431674836,-0.0088485408641
64.465382089,0.0346107519625,0.0180892506988,0.00478142592211,0.0397459111307,-0.113138809594,0.0181437775141,0.0261002231044,0.0162191977737,0.0212361312534,-0.0446043121051,-0.307186096508,-0.00561876727791,0,0,0,0,0,0,-0.189646421267,-0.138681888914,0.0449298851536,-0.0672587561381,0.158176992451,-0.0478281427153,0.403580877791,0.250793184732,0.328368706192,-0.0211146108471,-0.11372950851,-0.00415410073651
64.515382089,0.0360417053928,0.0189741485084,0.00583954468127,0.0372954200213,-0.128069474755,0.0180250045641,0.0313672541503,0.0178062064943,0.0209573516546,-0.0516058163266,-0.28590220074,-0.00241182229051,0,0,0,0,0,0,-0.209687773983,-0.145402798698,0.0382588695903,-0.0714068461007,0.201216150587,-0.0526946256502,0.485023592067,0.275332682726,0.324058010657,-0.0244289549094,-0.10584957178,-0.00178312292675
64.565382089,0.0377474773775,0.0198698713482,0.00687716108757,0.0345853294981,-0.141729029668,0.0179025952851,0.0345417779654,0.0181404241995,0.019755155824,-0.055068111286,-0.254552331692,-0.00248676209487,0,0,0,0,0,0,-0.233566093696,-0.153001353408,0.0305966250499,-0.0738615560925,0.245265619041,-0.0577027358551,0.534110417981,0.280500603104,0.305468773062,-0.0260679222481,-0.0942429097622,-0.00183852787255
64.615382089,0.0394958831894,0.0207881909283,0.00781506026367,0.0317886088927,-0.153524707924,0.0177763283547,0.034230377016,0.0195756956238,0.0165057044889,-0.0567611986806,-0.216411517924,-0.0031819188267,0,0,0,0,0,0,-0.258694329675,-0.161224251191,0.022334967011,-0.0745562521067,0.286891983087,-0.0623728596615,0.529295307092,0.302693827238,0.255223362633,-0.0268693891866,-0.080122036281,-0.00235247531847
64.665382089,0.0411705150791,0.0218274409106,0.00852773153646,0.02890920963,-0.16337018146,0.0175844034024,0.0318715840398,0.022173521561,0.0120687477714,-0.0566304473691,-0.174893153166,-0.00585893837544,0,0,0,0,0,0,-0.28335535792,-0.170801711571,0.0141856510057,-0.0734003907766,0.324170463736,-0.0662599337502,0.492821912361,0.342863325708,0.186615869142,-0.0268074946538,-0.0647506920965,-0.00433166547336
64.715382089,0.0426830415934,0.0230055430844,0.00902193504081,0.0261255641558,-0.171014023241,0.0171904345171,0.0278560111215,0.0229912457126,0.00724661337268,-0.0564212051632,-0.130116649284,-0.00906021890419,0,0,0,0,0,0,-0.306470513124,-0.18171588418,0.00656622472263,-0.0708392809184,0.354638793048,-0.0687656686485,0.430730165607,0.35550757896,0.112052474581,-0.0267084444153,-0.0481730870645,-0.00669845540156
64.765382089,0.0439561161913,0.0241265654818,0.00925239287373,0.0232670891137,-0.176381846388,0.016678381512,0.0234179751522,0.0225286201625,0.00211783124813,-0.0583071849483,-0.0846507282501,-0.0103837648396,0,0,0,0,0,0,-0.326031260695,-0.192268999203,-0.000384306341668,-0.0665682108918,0.376812076524,-0.0700623039606,0.36210598393,0.348354121888,0.0327474669742,-0.0276012219821,-0.03134023912,-0.0076769873238
64.815382089,0.0450248391086,0.0252584051007,0.00923371816563,0.020294845661,-0.179479096066,0.0161520580332,0.0169356716182,0.0237209102707,-0.00203352891102,-0.0617911115947,-0.0388887746691,-0.012319408937,0,0,0,0,0,0,-0.342156824782,-0.203330652951,-0.00668132903362,-0.0607220248146,0.389875495268,-0.0703620477125,0.261871831146,0.366790189905,-0.0314439221319,-0.0292504292423,-0.0143977910457,-0.00910805933176
64.865382089,0.0456496833531,0.0264986565089,0.00904903998263,0.0170879779542,-0.180270723855,0.0154464406183,0.00816061495536,0.0255345601718,-0.00517967065833,-0.0672724150259,0.00458086791685,-0.0141081770974,0,0,0,0,0,0,-0.352324775271,-0.214242484465,-0.0130580077059,-0.0532484169871,0.393083617968,-0.0686474037743,0.126185440401,0.394834180799,-0.0800918836055,-0.0318451467353,0.00169597472886,-0.0104305421407
64.915382089,0.0458409006041,0.0278118611178,0.00871575109979,0.0135676041584,-0.179021009274,0.0147412403234,0.00241996557426,0.0241863323821,-0.00669347619364,-0.0750392903332,0.0432758469285,-0.0133661422853,0,0,0,0,0,0,-0.356292288927,-0.224857890976,-0.0197149160894,-0.0442876369,0.387491669642,-0.0654759073251,0.0374192905085,0.37398688947,-0.10349946002,-0.0355217991008,0.0160220168083,-0.0098819365112
64.965382089,0.0458916799105,0.0289172897471,0.00837969236326,0.0095840489209,-0.175943139162,0.0141098263897,1.83657038116e-05,0.0200392043322,-0.00671749489429,-0.0836159876982,0.0756701922992,-0.010248880817,0,0,0,0,0,0,-0.357542447521,-0.233399884641,-0.0277588807664,-0.0340525922835,0.374195963545,-0.06201215386,0.000283984042431,0.309860940355,-0.103870854864,-0.0395818017926,0.0280153752949,-0.00757726405889
65.015382089,0.0458427371745,0.0298157815511,0.00804400161036,0.00520600538855,-0.171453990044,0.0137163522417,-0.00262181077159,0.0172103828098,-0.00663294225141,-0.0905626440547,0.0960337369755,-0.00874515418416,0,0,0,0,0,0,-0.356392752196,-0.24024473262,-0.0369555754095,-0.0230476610509,0.355366623546,-0.0588683435675,-0.04054036965,0.26611961797,-0.102563439609,-0.042870182192,0.0355545704404,-0.00646551986236
65.065382089,0.0456294988334,0.0306383280281,0.00771639813812,0.000527784515434,-0.166339765465,0.0132353109713,-0.00686046193111,0.0157758245334,-0.00619184775188,-0.095687852978,0.103190128495,-0.00679940754855,0,0,0,0,0,0,-0.353057954498,-0.245622602605,-0.0470206399372,-0.0118040732806,0.334485428066,-0.0551841890708,-0.106081516512,0.243937421055,-0.0957429115012,-0.0452963330913,0.0382040812727,-0.00502697878524
65.115382089,0.0451566909814,0.0313933640044,0.00742481683518,-0.00436277990925,-0.161134977195,0.0130364114869,-0.009270684772,0.014223769938,-0.00535364648318,-0.0983582347254,0.0991925604094,-0.00123503723105,0,0,0,0,0,0,-0.346019932521,-0.249788962023,-0.0578256523877,-0.000639005481819,0.313938237647,-0.0517366495484,-0.143350157699,0.219938409496,-0.0827820259781,-0.0465604277214,0.0367240616404,-0.000913095135882
65.165382089,0.0447024303562,0.0320607050219,0.00718103348981,-0.00930803895711,-0.156420509424,0.0131118072482,-0.00694310130095,0.0123205357728,-0.00431536526715,-0.0993830107295,0.0898271493406,0.00429142793946,0,0,0,0,0,0,-0.338925492449,-0.25375074408,-0.0690263477278,0.0100457695318,0.295953318233,-0.0491566135065,-0.107359347329,0.190509200712,-0.0667273569095,-0.0470455320871,0.0332567055004,0.00317276425277
65.215382089,0.0444623808513,0.0326254175817,0.00699328030846,-0.0143010809822,-0.152152262261,0.0134655542808,-0.00395982361929,0.010169226569,-0.00321120433974,-0.0992236749276,0.0790078920427,0.0110279205928,0,0,0,0,0,0,-0.334070900447,-0.258246032214,-0.0807581754617,0.0202793547707,0.280225431489,-0.0477881899943,-0.0612297100211,0.157244072925,-0.0496540072096,-0.0469701063425,0.029251091871,0.00815322842021
65.265382089,0.0443064479942,0.0330776276788,0.00685991305583,-0.0192304064499,-0.14851972022,0.0142145993075,-0.0024598059922,0.00778288166438,-0.00216495774784,-0.0967369255507,0.0691274862446,0.0172451014616,0,0,0,0,0,0,-0.329576342264,-0.262831573821,-0.0926273995861,0.0300170629732,0.267327560418,-0.0476547167689,-0.0380353324013,0.120344649978,-0.0334761716311,-0.0457929388695,0.0255930692323,0.0127497518832
65.315382089,0.0442164002521,0.0334037057481,0.00677678453368,-0.0239747735373,-0.145239513636,0.015190064427,-0.00108923502104,0.00408935482818,-0.00174722392345,-0.0919835925456,0.064055315086,0.02232897244,0,0,0,0,0,0,-0.32535922054,-0.267021742527,-0.104245046611,0.0390633114197,0.256072733898,-0.0483200070211,-0.0168425543396,0.0632326169991,-0.027016863492,-0.0435428251049,0.0237151993043,0.0165083898781
65.365382089,0.0441975244921,0.0334865631616,0.00668519066349,-0.0284287657044,-0.142114188711,0.0164474965515,0.00178603299331,-0.00299563299664,-0.00379872252988,-0.0839159267398,0.065104215089,0.0262495666803,0,0,0,0,0,0,-0.320840228491,-0.269917911112,-0.114676180165,0.0473276958475,0.245754744933,-0.0500225342528,0.027616957921,-0.0463206842902,-0.0587386462927,-0.0397237857364,0.0241035335524,0.0194069871355
65.415382089,0.0443950035514,0.0331041424485,0.00639691228069,-0.0323663662112,-0.138729092127,0.017815021095,0.00559942453861,-0.0115172824477,-0.00774542513574,-0.0724209664571,0.0739484391788,0.0277995039627,0,0,0,0,0,0,-0.316942125868,-0.270132567095,-0.121652016801,0.0544880929992,0.234967711564,-0.052886218695,0.0865824273369,-0.178088706039,-0.119765469538,-0.0342823474176,0.0273779306372,0.0205528960667
65.465382089,0.044757466946,0.0323348349168,0.00591064814991,-0.0356708623501,-0.134719344793,0.0192274469478,0.00582759076302,-0.0146097989271,-0.0116408221592,-0.0614950268844,0.0893151375368,0.0274512968333,0,0,0,0,0,0,-0.313553562829,-0.26815422527,-0.124934673434,0.0601868053703,0.222578741031,-0.0564478909847,0.0901105015897,-0.225907474115,-0.179998968071,-0.0291102698464,0.0330671433703,0.0202954574825
65.515382089,0.0449777626277,0.0316431625557,0.00523283006477,-0.0385158688997,-0.129797578374,0.0205601507783,0.00281280443944,-0.0131718194116,-0.0154100081095,-0.0530150981216,0.108217173588,0.0244559393273,0,0,0,0,0,0,-0.308666597336,-0.26683566366,-0.125554699024,0.0645811966536,0.207757003062,-0.0591272606634,0.0434936544482,-0.203672375479,-0.238280898011,-0.0250960750884,0.0400652441773,0.0180809117991
65.565382089,0.0450387473899,0.0310176529757,0.00436964733896,-0.0409723721623,-0.123897627434,0.0216730408805,-0.00320747748729,-0.015154646905,-0.0199577131223,-0.0465286645577,0.132338645549,0.0215715908613,0,0,0,0,0,0,-0.302355483592,-0.265574041728,-0.123743293396,0.067695794832,0.190551554327,-0.060589022118,-0.0495963798713,-0.23433231494,-0.308600863233,-0.0220255531136,0.0489957367415,0.0159484379851
65.615382089,0.044657014879,0.0301276978652,0.00323705875254,-0.0431687353555,-0.116563713819,0.0227173098644,-0.0121459611929,-0.0206002980736,-0.0254482455581,-0.0449467743494,0.158827335634,0.0196709404605,0,0,0,0,0,0,-0.290112000379,-0.260210481654,-0.118203483595,0.0695975256143,0.170163635557,-0.0608188447069,-0.187809799948,-0.318536985144,-0.393499520655,-0.0212767242544,0.0588026444717,0.0145432377269
65.665382089,0.0438241512707,0.0289576231683,0.00182482278315,-0.0454670495972,-0.108014893871,0.0236401349265,-0.0190921237984,-0.0228333762661,-0.0303151158621,-0.0487093413073,0.184672142713,0.0171636934428,0,0,0,0,0,0,-0.272427825785,-0.250500662293,-0.10982002545,0.070868738014,0.147882514436,-0.0597339763007,-0.295216483422,-0.353066485276,-0.468754654741,-0.0230578331507,0.0683711673966,0.0126895648183
65.715382089,0.0427478024991,0.0278443602386,0.000205547166325,-0.0480396694862,-0.0980964995474,0.0244336792087,-0.0238279947849,-0.0208772394985,-0.0343605035036,-0.0537604363767,0.20629070272,0.0149130462613,0,0,0,0,0,0,-0.253327469452,-0.240455688101,-0.100629709327,0.0714607216924,0.124038406443,-0.0573047235416,-0.368446009554,-0.32281925748,-0.531307418708,-0.0254489003302,0.0763750068679,0.0110256028401
65.765382089,0.0414413517922,0.0268698992185,-0.00161122756721,-0.0508430932349,-0.0873858235991,0.0251314395527,-0.0242239848648,-0.0157162171827,-0.0375807609953,-0.0593273170198,0.219326777542,0.0125454490617,0,0,0,0,0,0,-0.23371241988,-0.230871262721,-0.0907726583518,0.0714681169698,0.10078211064,-0.0537843202663,-0.374569099897,-0.243015728286,-0.581101412422,-0.0280841280216,0.0812013528495,0.00927517667301
65.815382089,0.0403254040127,0.0262727385204,-0.0035525289332,-0.0539724011882,-0.0761638217932,0.0256882241149,-0.0188531520204,-0.00757798306992,-0.0398959820569,-0.0649616771832,0.224132376912,0.0102566449989,0,0,0,0,0,0,-0.219023909124,-0.225285114817,-0.0818324506364,0.0711175990016,0.0792009313726,-0.0498003451946,-0.29152132574,-0.117176356961,-0.616901066111,-0.0307512988983,0.0829805299041,0.00758300432043
65.865382089,0.0395560365901,0.0261121009115,-0.0056008257729,-0.0573392609532,-0.0649725859079,0.0261571040526,-0.0117937243662,-0.000442580665894,-0.0413377284491,-0.0689154119473,0.217617683514,0.0066543957507,0,0,0,0,0,0,-0.210772412233,-0.224719523276,-0.0737808901982,0.0707160195862,0.060556084747,-0.0458859328631,-0.18236325464,-0.0068435083072,-0.639194410968,-0.032622902046,0.0805685949673,0.00491976779278
65.915382089,0.039146031576,0.0262284804538,-0.00768630177811,-0.0608639423829,-0.0544020534418,0.02635366369,-0.00588168863546,0.00523490548289,-0.0400951700589,-0.07134143349,0.20061485815,0.00326323804557,0,0,0,0,0,0,-0.208646729267,-0.227443373793,-0.066405145439,0.0704891036431,0.0454946833404,-0.0422238904823,-0.0909470027476,0.0809459651545,-0.61998105774,-0.0337713224198,0.074273638933,0.00241259673128
65.965382089,0.0389678677266,0.0266355914598,-0.0096103427788,-0.0644734043022,-0.0449111000929,0.0264834278571,-0.00149848278307,0.0107149851549,-0.0366462090991,-0.0732461222154,0.175831092637,0.00217670493729,0,0,0,0,0,0,-0.210634012951,-0.233114360603,-0.0605882017331,0.0706981016085,0.0340602469863,-0.0390413302275,-0.0231706447307,0.165682994243,-0.566650682515,-0.0346729563498,0.0650979454269,0.00160929455446
66.015382089,0.0389961832977,0.0272999789693,-0.011350922688,-0.0681885546044,-0.0368189441781,0.0265713341837,0.0037279936392,0.0133404295083,-0.0332996143697,-0.0716411949672,0.148335211654,0.000509295690907,0,0,0,0,0,0,-0.215948892507,-0.241594876439,-0.0563530417089,0.0717306897575,0.0258039498133,-0.0364319742944,0.0576449840787,0.206279549011,-0.514903169358,-0.0339132223088,0.0549181454106,0.000376535545975
66.065382089,0.0393406670905,0.0279696344106,-0.0129403042158,-0.0716375237989,-0.0300775789275,0.0265343574262,0.0090719352196,0.0137965878805,-0.0298818553291,-0.0640876172037,0.121944684022,0.000494492630186,0,0,0,0,0,0,-0.224943886613,-0.251192105106,-0.0525416954662,0.0733034568797,0.019982568252,-0.0346916452008,0.1402769457,0.213333005815,-0.462055261194,-0.0303375398814,0.0451475803655,0.000365591258305
66.115382089,0.0399033768197,0.0286796377573,-0.0143391082209,-0.0745973163248,-0.0246244757759,0.0266207834467,0.013019352386,0.0173755701168,-0.0239905452262,-0.0525075628684,0.0992066464283,0.00311916963371,0,0,0,0,0,0,-0.236109393478,-0.262139953962,-0.049072451987,0.0754252256995,0.015997140406,-0.0338426014693,0.201314818008,0.268673865806,-0.370959484228,-0.0248558200804,0.0367292767071,0.00230608320861
66.165382089,0.0406426023291,0.0297071914223,-0.0153393587384,-0.0768882800858,-0.0201569142847,0.0268462743896,0.016517729875,0.022729406741,-0.0159386506716,-0.0336793721103,0.085293704571,0.00407182544121,0,0,0,0,0,0,-0.249029502341,-0.276422959868,-0.0477913712631,0.0776801517906,0.0130649752385,-0.0334163966534,0.255409308011,0.351458831884,-0.246455158758,-0.0159430064521,0.0315782882433,0.00301040641615
66.215382089,0.0415551498072,0.0309525784314,-0.0159329732881,-0.0779652535358,-0.0160951053188,0.0270279659908,0.0176243555671,0.0222402712089,-0.00851557558909,-0.0102101330502,0.0794556938221,0.00469717821156,0,0,0,0,0,0,-0.263574019827,-0.29276742872,-0.0478813063423,0.0791049649853,0.0105656105596,-0.0331632853562,0.272520769719,0.343895457939,-0.131674103221,-0.00483323194276,0.0294168815237,0.00347274597844
66.265382089,0.0424050378858,0.0319312185432,-0.0161909162973,-0.0779092933908,-0.0122113449025,0.0273159922107,0.0162041103881,0.016709172729,-0.0018545186607,0.0149794789504,0.079244373218,0.00647640747381,0,0,0,0,0,0,-0.276037402007,-0.305784565274,-0.0479836729537,0.0796025133892,0.00841159696006,-0.0333925613046,0.25055989246,0.258369538457,-0.0286759337639,0.00709092582764,0.0293386442965,0.00478817643198
66.315382089,0.043175560846,0.0326234957043,-0.0161184251542,-0.0764673056408,-0.00817066799697,0.0276756067382,0.00990425165789,0.00870064060925,0.004601357093,0.0403261781219,0.0836751868113,0.00857226497255,0,0,0,0,0,0,-0.286114219102,-0.314825333117,-0.0475723438293,0.0788181651935,0.00635647205029,-0.0340490029933,0.15314683564,0.134535714901,0.0711495732122,0.0190894448946,0.0309790644131,0.0063376983731
66.365382089,0.0433954630516,0.0328012826041,-0.015730780588,-0.0738766755786,-0.00384382622133,0.028173218708,-0.00186700202029,-0.00220330103511,0.0107610780684,0.0626212180601,0.0897508230205,0.0102522917355,0,0,0,0,0,0,-0.287897304727,-0.315428956115,-0.0462055003225,0.0766842100322,0.00418382059948,-0.0346874561961,-0.0288689606665,-0.0340690637865,0.166395716828,0.0296433817204,0.0332284472069,0.00757978583967
66.415382089,0.042988860644,0.0324031656008,-0.0150423173473,-0.0702051838348,0.000804414305081,0.0287008359118,-0.0108871941182,-0.0105040717992,0.0149527304722,0.0823921224434,0.0973161258673,0.01199119377,0,0,0,0,0,0,-0.28052258186,-0.306522171002,-0.043838410416,0.0731332278449,0.00179215308488,-0.0351425486012,-0.168345816099,-0.162421696555,0.231210134304,0.0390024533538,0.0360293492798,0.00886540132519
66.465382089,0.0423067436398,0.0317508754242,-0.0142355075408,-0.0656374633343,0.0058877863654,0.029372338085,-0.0156362441468,-0.0136716306686,0.0166522659428,0.0962678843779,0.10319953409,0.0149874433272,0,0,0,0,0,0,-0.269263539424,-0.293853455685,-0.0401481133567,0.0690647668192,-0.000956451707048,-0.0357872390406,-0.241779126288,-0.211400825349,0.257489603806,0.0455709060353,0.0382075635061,0.0110806065254
66.515382089,0.0414252362293,0.0310360025339,-0.013377090753,-0.060578395397,0.0111243677141,0.0301995802445,-0.0191420781913,-0.0137598310206,0.0175737585139,0.105604139713,0.105511364134,0.0178949254315,0,0,0,0,0,0,-0.255758321209,-0.280218954592,-0.0357345264565,0.0649343806751,-0.00410763328469,-0.0365707780738,-0.295988915048,-0.212764644169,0.271738400807,0.0499904652409,0.0390634723433,0.0132301836396
66.565382089,0.0403925358206,0.0303748923221,-0.0124781316894,-0.0550770493629,0.0164389227788,0.0311618306281,-0.021400478603,-0.0122391077782,0.0179846359655,0.110210865407,0.101455698314,0.0206455345731,0,0,0,0,0,0,-0.241010647806,-0.267119423372,-0.0308005662631,0.0606575041439,-0.00778026341027,-0.0374353840351,-0.330909965987,-0.189250101072,0.278091690659,0.052171178623,0.0375619431868,0.0152637804938
66.615382089,0.039285188369,0.0298120917561,-0.0115786271565,-0.0495573088563,0.0212699375455,0.0322641337018,-0.0219957973024,-0.0112911203729,0.0182306505406,0.110305038054,0.0909299353453,0.0205851018765,0,0,0,0,0,0,-0.225991852051,-0.255593823738,-0.0258988652362,0.0563642217425,-0.0116709491095,-0.0384152460259,-0.340115222291,-0.174591621425,0.28189574926,0.0522157576937,0.0336649899629,0.0152191010299
66.665382089,0.0381929560904,0.0292457802848,-0.0106550666353,-0.0440465455576,0.0255319163133,0.0332203408158,-0.020168579014,-0.0125291505617,0.0186304426901,0.108056965474,0.0731865902914,0.0168216254424,0,0,0,0,0,0,-0.211655803152,-0.24458511851,-0.0212267025546,0.0516718765564,-0.0154811857525,-0.0393385599147,-0.311861426996,-0.193734956266,0.288077630004,0.0511515740882,0.0270958713236,0.0124366650518
66.715382089,0.0372683304676,0.0285591766999,-0.00971558288748,-0.0387516123089,0.0285885965746,0.033946296246,-0.0158381060108,-0.0126456612758,0.0191982936333,0.10042342422,0.0464458796581,0.0126192147009,0,0,0,0,0,0,-0.199133100926,-0.233672732428,-0.0170651816207,0.0466049413326,-0.0184122196112,-0.0402705993174,-0.244900463142,-0.195536530762,0.296858159626,0.0475380388634,0.0171956580258,0.00932971352796
66.765382089,0.0366091454893,0.0279812141572,-0.00873523727199,-0.0340042031356,0.0301765042791,0.0344822622859,-0.00928993684851,-0.00679973067146,0.0203244449524,0.0915543774011,0.0138655823843,0.00745561911356,0,0,0,0,0,0,-0.189589035477,-0.225418371012,-0.0142909665116,0.0415948923851,-0.0200873243247,-0.0410327730328,-0.143647847489,-0.105142445034,0.314271540963,0.0433396449566,0.00513345456614,0.00551213305675
66.815382089,0.0363393367827,0.0278792036328,-0.00768313839224,-0.0295961745688,0.029975154813,0.0346918581574,-0.00170196198942,0.00219803781532,0.021888193877,0.0811034070619,-0.0214388435836,-6.0088782147e-05,0,0,0,0,0,0,-0.184917785792,-0.22334226438,-0.0127993856322,0.0365603458128,-0.0200820147762,-0.0411355846428,-0.0263169901234,0.0339876800047,0.338451378856,0.0383924064214,-0.00793730305994,-4.44251989496e-05
66.865382089,0.0364389492904,0.0282010179388,-0.00654641788429,-0.0258938624294,0.0280326199208,0.0344762534077,0.00810760114813,0.00978601500762,0.0231264242646,0.0722076075501,-0.0522564652204,-0.00729105055812,0,0,0,0,0,0,-0.184921445112,-0.226563312897,-0.0132084974111,0.0319124986382,-0.0183930707586,-0.0404922919926,0.125365701858,0.151318573448,0.357597809319,0.0341813484316,-0.0193469111185,-0.00539046324493
66.915382089,0.0371500968975,0.0288578051336,-0.00537049596577,-0.0223754138137,0.024749508291,0.0339627531016,0.0205799573416,0.0164689310269,0.0238540457572,0.0675632671158,-0.0756574304324,-0.0136899241079,0,0,0,0,0,0,-0.191925533608,-0.235449506367,-0.0142981591517,0.027502561003,-0.0154931461121,-0.0398904381785,0.318222461762,0.254654744273,0.368848828879,0.0319828291342,-0.028010650469,-0.010121316831
66.965382089,0.0384969450245,0.0298479110415,-0.00416101330857,-0.0191375357178,0.0204668768775,0.0331072609969,0.0257447479081,0.0211844246321,0.0261906983433,0.0645409530925,-0.0899545483844,-0.0176773602341,0,0,0,0,0,0,-0.206885560294,-0.250193067442,-0.0162984637123,0.0234956229136,-0.0118649550528,-0.0395116361667,0.398084258425,0.327569180321,0.404979872587,0.0305521382111,-0.0333038724484,-0.0130693320324
67.015382089,0.0397245716884,0.0309762475968,-0.00275142613145,-0.0159213185045,0.0157540534526,0.0321950170782,0.0220112674968,0.0235580143222,0.0306481523489,0.0650502890694,-0.0907294400737,-0.0198837468736,0,0,0,0,0,0,-0.222121905276,-0.266318650303,-0.0195504850425,0.0194013079762,-0.00838144332902,-0.0389113505594,0.340354433834,0.364271372743,0.473904310248,0.0307932456385,-0.0335907605985,-0.0147005710411
67.065382089,0.0406980717742,0.0322037124737,-0.00109619807368,-0.0126325068109,0.0113939328702,0.0311188863095,0.0160212092222,0.0214702640521,0.0337563162638,0.0696187757472,-0.0794965310865,-0.021628001924,0,0,0,0,0,0,-0.236452189135,-0.282660139718,-0.0242492652425,0.0150442340172,-0.00556485375098,-0.0378276936684,0.24773173989,0.331989040012,0.521965030499,0.0329558575881,-0.0294320007041,-0.0159901441505
67.115382089,0.0413266926106,0.033123274002,0.000624205494937,-0.00895944092978,0.00780440034391,0.0300322168858,0.00905382501158,0.0144693005177,0.0347931841342,0.0778299352782,-0.0579897846395,-0.0206225830241,0,0,0,0,0,0,-0.247663594305,-0.294888691876,-0.0283197841564,0.0103284196333,-0.00349932613315,-0.0367107789213,0.139996912322,0.223734984203,0.537997845375,0.0368428234423,-0.0214695579671,-0.0152468118169
67.165382089,0.0416034542754,0.0336506425255,0.00238312033974,-0.00484951328307,0.0055949544062,0.0290566280071,0.00178105619137,0.00699633686658,0.0333881478317,0.0850777402416,-0.0311214222475,-0.0170287743974,0,0,0,0,0,0,-0.254964071296,-0.30211476678,-0.0313365961031,0.00525752764271,-0.00237024768028,-0.0357314831817,0.027540002943,0.108182514863,0.51627213897,0.0402737603646,-0.0115220841587,-0.0125898156601
67.215382089,0.0415047982297,0.0338229076886,0.0039630202781,-0.000451666905616,0.00469225811915,0.028329339446,-0.00567166936108,0.000473545487421,0.029162146459,0.0916145886186,-0.00226133828154,-0.0108713868065,0,0,0,0,0,0,-0.257597012439,-0.304660047946,-0.0320643857809,0.000207170396953,-0.00200591725455,-0.0348438162691,-0.0876995300049,0.00732230918956,0.450926592432,0.0433681475019,-0.000837215271975,-0.00803749892209
67.265382089,0.0410362873393,0.0336979970742,0.00529933498564,0.00431194557879,0.00536882057805,0.0279694893265,-0.013664485932,-0.00684481779607,0.0236330079994,0.0969737871291,0.0279450648145,-0.00360177653398,0,0,0,0,0,0,-0.255317792175,-0.303342817235,-0.0299056781706,-0.00481434968898,-0.00247870755071,-0.034061094756,-0.211290348168,-0.105839615371,0.365430980228,0.045905063456,0.0103461013463,-0.00266288703776
67.315382089,0.0401383496365,0.033138425909,0.00632632107804,0.00924571180729,0.0074867646006,0.0279691617926,-0.0229483805198,-0.0171344048891,0.0166861770515,0.0969714660589,0.0535629118138,0.00269533098919,0,0,0,0,0,0,-0.24680241729,-0.296337764601,-0.0249127024532,-0.00964226713407,-0.00369732791394,-0.0334328195637,-0.35484476577,-0.264944791388,0.258013962351,0.0459039647171,0.0198305968408,0.00199272827891
67.365382089,0.0387414492873,0.0319845565853,0.00696795269079,0.0140090921847,0.0107251117594,0.0282390224254,-0.0318748421713,-0.0278749768368,0.00915643504147,0.0927325415379,0.0737964508969,0.0101089967035,0,0,0,0,0,0,-0.230922161168,-0.281461242491,-0.0176110017003,-0.0139976789174,-0.00555484136604,-0.0329676089066,-0.49287229199,-0.43102342747,0.141583544198,0.0438973595831,0.0273216600155,0.00747384409683
67.415382089,0.0369508654194,0.0303509282253,0.00724196458219,0.0185189659611,0.0148664096903,0.028980061463,-0.0386544673399,-0.0361627912664,0.00192585931479,0.0841640684497,0.0868834520959,0.0170797528932,0,0,0,0,0,0,-0.209345138668,-0.261100463162,-0.00887310896146,-0.0180137289764,-0.00815232633368,-0.0330311510044,-0.597703850928,-0.55917571985,0.0297790555143,0.0398412500665,0.0321668604695,0.0126275053875
67.465382089,0.0348760025533,0.0283682774587,0.00716053862227,0.0224254990297,0.019413456969,0.0299469977147,-0.0436734394393,-0.0420017717617,-0.0047682825953,0.0726369938379,0.0894516886751,0.0214186521126,0,0,0,0,0,0,-0.184484179833,-0.236918091941,-5.94954188134e-05,-0.0214916877531,-0.0113431343379,-0.033408931056,-0.675310895027,-0.649462337871,-0.0737306983034,0.034384609595,0.0331176986982,0.0158353663918
67.515382089,0.0325835214755,0.0261507510492,0.00676513632266,0.0257826653449,0.0238115785578,0.0311219266742,-0.0434892497027,-0.0442123349199,-0.0105297737807,0.0610760762072,0.083174960971,0.0223407147874,0,0,0,0,0,0,-0.158124969291,-0.210732028476,0.00832633034957,-0.0245169509649,-0.0148735287657,-0.034052084061,-0.672462817627,-0.683643693954,-0.162819119528,0.0289119486507,0.0307938658003,0.0165170713009
67.565382089,0.030527077583,0.0239470439667,0.0061075612442,0.0285331066504,0.0277309530661,0.0321810691934,-0.0385933709165,-0.0438994703787,-0.0157791972294,0.0490930062086,0.0687839640248,0.0199812347192,0,0,0,0,0,0,-0.135523488217,-0.18624579423,0.0157258051174,-0.026962057834,-0.0183286970057,-0.0349427803925,-0.596759133019,-0.67880595193,-0.243989572166,0.023239450907,0.0254658870009,0.01477264634
67.615382089,0.0287241843838,0.0217608040113,0.00518721659972,0.0306919659657,0.0306899749603,0.0331200501462,-0.0319777140915,-0.0401584498282,-0.0188583310596,0.0373465848394,0.0490536296296,0.015455507449,0,0,0,0,0,0,-0.116517415491,-0.16339197436,0.022237821939,-0.0286884468953,-0.0211658404637,-0.0359168774831,-0.494462973407,-0.620959536151,-0.29160140786,0.0176789769449,0.0181611252978,0.0114266585003
67.665382089,0.0273293061739,0.0199311989839,0.00422172813824,0.0322677651343,0.0326363160291,0.0337266199383,-0.0238903577601,-0.0326518278117,-0.0195781315316,0.0249221948886,0.028051128124,0.00875965498296,0,0,0,0,0,0,-0.10267771058,-0.145101226505,0.0273080312383,-0.0297418326754,-0.0230857426454,-0.0365507789817,-0.369410311819,-0.50488661637,-0.302731493037,0.0117975689276,0.0103853691653,0.00647624067993
67.715382089,0.0263351486078,0.0184956212301,0.00322940344656,0.0331841854546,0.0334950877727,0.0339960156445,-0.0170373074078,-0.0243101853437,-0.0188296421884,0.0137439975092,0.00752182667142,0.00188906887136,0,0,0,0,0,0,-0.0932338718059,-0.131060487325,0.031263447753,-0.0299572309504,-0.0238765696222,-0.0367436087859,-0.2634433986,-0.375901995206,-0.291157799398,0.0065060785649,0.00278480588856,0.00139663773238
67.765382089,0.0256255754331,0.0175001804495,0.0023387639194,0.0336421648852,0.0333884986962,0.0339155268255,-0.011337261333,-0.0155604092017,-0.0167755480441,0.0020105309961,-0.0111382929615,-0.00459117967952,0,0,0,0,0,0,-0.0870114628632,-0.121026674504,0.0342657758671,-0.029557433961,-0.0236108071071,-0.0363335820237,-0.175305086941,-0.240606510498,-0.259395882478,0.000951737120808,-0.00412373020312,-0.00339437850774
67.815382089,0.0252014224745,0.01693958031,0.00155184864216,0.0333852385542,0.0323812584765,0.0335368976765,-0.00601813158658,-0.00756758833375,-0.0151466668316,-0.00998877074752,-0.0246970255893,-0.00955629261351,0,0,0,0,0,0,-0.0835034817988,-0.114604783585,0.0362771591236,-0.0283303859233,-0.0223847718403,-0.0354364721346,-0.0930567841759,-0.117015625892,-0.234208921167,-0.00472844434138,-0.00914357978393,-0.00706521559277
67.865382089,0.0250237622744,0.0167434216161,0.000824097236236,0.0326432878105,0.0309187961373,0.0329598975641,-0.00139559805131,-2.70377542032e-06,-0.0134680224851,-0.0180774480089,-0.0287517974076,-0.0120787243466,0,0,0,0,0,0,-0.0821553460828,-0.111135733355,0.0378888821695,-0.0266013764103,-0.0207003119249,-0.0342935860229,-0.0215797652127,-4.18077674324e-05,-0.208252485617,-0.00855743002865,-0.0106447779542,-0.00893011495627
67.915382089,0.0250618626694,0.0169393099324,0.000205046393645,0.0315774937533,0.0295060787358,0.0323290252419,0.00106055876101,0.00726986556016,-0.0121963740237,-0.0229216443945,-0.0267829250522,-0.0131295821028,0,0,0,0,0,0,-0.0826825289528,-0.110853428671,0.0391983610095,-0.0247365657227,-0.0191192402823,-0.03315456478,0.0163991408811,0.112412017033,-0.188589320277,-0.0108505563369,-0.00991584234208,-0.00970704141774
67.965382089,0.0251298181505,0.0174704081721,-0.000395540166133,0.030351123371,0.0282405036321,0.0316469393539,0.000480848781691,0.0133905601847,-0.0123317106941,-0.025731551547,-0.0199504344041,-0.0131396935519,0,0,0,0,0,0,-0.0838980020615,-0.112783496036,0.0406200833507,-0.0228172754167,-0.0177315602237,-0.0318405759815,0.00743523810593,0.20705470646,-0.190681995578,-0.0121806989451,-0.00738624932943,-0.00971451707498
68.015382089,0.0251099475475,0.0182783659509,-0.00102812467576,0.0290043385986,0.0275110352954,0.0310150558867,-0.00033896726607,0.0170211141365,-0.012481775958,-0.0287958651631,-0.00603836310534,-0.0110131625001,0,0,0,0,0,0,-0.0849686432407,-0.116312241315,0.0422378009507,-0.0209569023112,-0.0168929498824,-0.0304182804529,-0.00524136158666,0.263193006309,-0.193002415242,-0.0136312714675,-0.00223558317249,-0.00814231737853
68.065382089,0.0250959214239,0.0191725195858,-0.00164371776193,0.0274715368547,0.0276366673215,0.0305456231038,-0.000661226824647,0.0167097172933,-0.0124489816563,-0.0318224218094,0.0089475659481,-0.00692344044991,0,0,0,0,0,0,-0.0861880031054,-0.120681625151,0.0435718272803,-0.0192267811857,-0.016848413812,-0.0292878195993,-0.0102243762914,0.258377958912,-0.19249532559,-0.0150639707464,0.00331265734097,-0.00511867953407
68.115382089,0.0250438248651,0.0199493376802,-0.00227302284139,0.0258220964177,0.0284057918902,0.0303227118417,-0.00142263553002,0.0143630064849,-0.0127232215223,-0.0338317183606,0.0206309766839,-0.00137041262871,0,0,0,0,0,0,-0.0869306644108,-0.124498637554,0.0445881492847,-0.0176235908109,-0.0174304622211,-0.0285868013742,-0.021997838627,0.222091387561,-0.196735824432,-0.0160151235107,0.0076382064977,-0.00101318168713
68.165382089,0.0249536578709,0.0206088202343,-0.00291603991416,0.0240883650186,0.0296997649899,0.030408581841,-0.00275495947207,0.0114568202422,-0.0136078035836,-0.0356375506793,0.0266744362287,0.00458574614685,0,0,0,0,0,0,-0.0871323324837,-0.127801596616,0.0453514584076,-0.0161429258795,-0.0185925132099,-0.0283818284403,-0.042599212948,0.177153794875,-0.210413883938,-0.0168699611904,0.00987567652495,0.00339036135576
68.215382089,0.0247683289179,0.0210950197044,-0.00363380319975,0.0222583413498,0.031073235513,0.0307812864564,-0.0044858470583,0.00790637546524,-0.0151259389743,-0.0353081052014,0.0246610017412,0.00962928506648,0,0,0,0,0,0,-0.0863515218815,-0.129942096454,0.0460258088346,-0.014619693819,-0.0199811924045,-0.0285614114739,-0.0693634719588,0.122254202105,-0.233888411766,-0.0167140096078,0.00913024267463,0.00711918081106
68.265382089,0.0245050731651,0.0213994577808,-0.00442863381159,0.0205575544985,0.032165865164,0.0313715103476,-0.00456563444748,0.00410655992597,-0.0164061342217,-0.0341739618797,0.0161679164974,0.012638285255,0,0,0,0,0,0,-0.0847866238478,-0.13089139981,0.0469891902991,-0.0131361510963,-0.0212542065508,-0.0290221994747,-0.0705972033501,0.0634986548963,-0.253683733808,-0.0161771333787,0.00598584772484,0.00934381288444
68.315382089,0.0243117654731,0.021505675697,-0.00527441662192,0.0188409451618,0.0326900271628,0.0320451149819,-0.00315767357056,0.000211336197961,-0.0173609980208,-0.0301947303892,0.00400589060186,0.0136008132519,0,0,0,0,0,0,-0.0834201320576,-0.130852781494,0.0480104964879,-0.0115037425319,-0.022038900967,-0.0297333607414,-0.0488262750202,0.00326783598518,-0.268448541322,-0.0142934606927,0.00148310087753,0.0100554348582
68.365382089,0.024189305808,0.0214205914006,-0.00616473361366,0.0175380814596,0.0325664542242,0.0327315916728,-0.00160179464737,-0.00267366861884,-0.0173268155103,-0.0230558728653,-0.0117353447384,0.0131102031481,0,0,0,0,0,0,-0.0823613521501,-0.129911404669,0.0497316729939,-0.0100751266689,-0.0221952964936,-0.0305762987129,-0.0247681288869,-0.0413422338881,-0.267919986162,-0.0109140968735,-0.00434477668251,0.00969271405266
68.415382089,0.0241515860084,0.0212383088352,-0.00700709817295,0.0165353578753,0.0315164926889,0.0333561352967,0.000595228370987,-0.00469144277814,-0.0148281564368,-0.0156156310281,-0.0302507733136,0.0105161446692,0,0,0,0,0,0,-0.0817374069152,-0.128772638908,0.0516951904574,-0.00878109272686,-0.0214431015285,-0.0313441412938,0.00920385957958,-0.0725425444423,-0.229283878794,-0.00739206495357,-0.0111997438039,0.00777485917374
68.465382089,0.0242488286451,0.0209514471228,-0.00764754925734,0.0159765183568,0.0295413768929,0.0337832061397,0.00430029148365,-0.00683877419416,-0.010193555356,-0.00912799117187,-0.0454154801826,0.00711347437761,0,0,0,0,0,0,-0.0817627165898,-0.127478199827,0.0534525820656,-0.00782320035122,-0.0197498121132,-0.0319194990963,0.066494274964,-0.105746164745,-0.157620262551,-0.00432097194897,-0.016814173228,0.0052591765577
68.515382089,0.0245816151567,0.0205544314157,-0.00802645370854,0.0156225587581,0.0269749446707,0.0340674827344,0.00894541839968,-0.00876039944491,-0.00471574174514,-0.00384920312743,-0.0580335933463,0.00436068734021,0,0,0,0,0,0,-0.0829328994552,-0.126261347498,0.0544564183862,-0.00709082152863,-0.0174840772592,-0.0325680936419,0.138320649425,-0.135459750042,-0.0729182729712,-0.00182212037965,-0.0214857772646,0.00322396952849
68.565382089,0.0251433704851,0.0200754071783,-0.00811912343186,0.015591598044,0.0237380175582,0.0342192748738,0.0116596725655,-0.00944694746868,0.000128206237715,0.00300328701063,-0.0699120731533,0.000129294071485,0,0,0,0,0,0,-0.0852465505329,-0.125321098867,0.0548112050716,-0.0066956821657,-0.014674303273,-0.0332996910339,0.180290446939,-0.146075661369,0.00198241929765,0.00142168399194,-0.0258835468435,9.55904686947e-05
68.615382089,0.0257475824133,0.0196097366689,-0.00801363308477,0.0159228874591,0.0199837373554,0.0340804121416,0.0119888580392,-0.00717011499711,0.00357931667823,0.00748320676584,-0.0779775840608,-0.00525827850243,0,0,0,0,0,0,-0.0879649841211,-0.124515996009,0.0549126415846,-0.00661406362466,-0.0115379034509,-0.0336986998001,0.185380555248,-0.110869600341,0.0553460313772,0.00354237048599,-0.0288696409468,-0.00388758201209
68.665382089,0.026342256289,0.0193583956786,-0.00776119176403,0.0163399187206,0.0159402591522,0.0336934470235,0.0119157055395,0.000191866631949,0.00619580292066,0.00733515501789,-0.0804399675515,-0.0109875197348,0,0,0,0,0,0,-0.0910872768026,-0.124992828968,0.05476130806,-0.00661420581166,-0.00840029085233,-0.0337174096324,0.184249417405,0.0029667832122,0.0958040692347,0.00347228634175,-0.0297812891866,-0.00812335901542
68.715382089,0.0269391529672,0.0196289233321,-0.00739405279271,0.0166564029609,0.0119397406002,0.0329816601681,0.0115008058178,0.00859899254659,0.00835546750996,0.00350938530776,-0.0778616519541,-0.0163846824958,0,0,0,0,0,0,-0.0952706662683,-0.128708400231,0.0545470140616,-0.00651599713294,-0.00556778272566,-0.0331604044016,0.17783393225,0.132963957671,0.129198394149,0.00166125877945,-0.028826719403,-0.0121136217709
68.765382089,0.0274923368708,0.0202182949332,-0.00692564501304,0.0166908572514,0.00815409395674,0.0320549787739,0.0100123358718,0.012261184741,0.010201283747,-0.003143710326,-0.0724568907619,-0.01937237015,0,0,0,0,0,0,-0.0999446755987,-0.134220573416,0.0537090539784,-0.00626061678934,-0.00314429347192,-0.0322490062979,0.154818113382,0.189591471334,0.157739764626,-0.00148815701928,-0.0268257146668,-0.0143224969336
68.815382089,0.0279403865544,0.0208550418062,-0.00637392441801,0.0163420319283,0.00469405152401,0.0310444231531,0.00866193082454,0.0139111459718,0.0114105715307,-0.0127563266532,-0.0651214508333,-0.0200350966585,0,0,0,0,0,0,-0.104231888066,-0.139561653529,0.0517493476862,-0.00586026914572,-0.0011418171875,-0.0312161243457,0.133937155692,0.215104387419,0.176438663227,-0.0060385388858,-0.024109914742,-0.0148124678721
68.865382089,0.0283585299533,0.0216094095304,-0.00578458785996,0.0154152245861,0.00164194887341,0.0300514691081,0.00964094711225,0.0177362506667,0.0112048633768,-0.0245216939703,-0.0569601402518,-0.0188589405936,0,0,0,0,0,0,-0.108677518504,-0.145545270598,0.0486568487065,-0.00518437209238,0.000448249358761,-0.0302067155747,0.149075426778,0.274250974184,0.173257852204,-0.0116079814049,-0.0210883527254,-0.0139429051133
68.915382089,0.0289044812656,0.0226286668728,-0.00525343808033,0.0138898625313,-0.00100196250117,0.0291585290937,0.0121809177176,0.0230364220241,0.00999150331234,-0.0347470844513,-0.0494846325945,-0.0169539550668,0,0,0,0,0,0,-0.11465513138,-0.153950929535,0.0450211933584,-0.00415954284186,0.00170364447843,-0.0293878593483,0.188350323486,0.356206128371,0.154495985,-0.0164484358492,-0.0183206955255,-0.0125344997837
68.965382089,0.029576621725,0.0239130517328,-0.00478543752873,0.0119405161409,-0.00330651438604,0.0283560736014,0.0130858031065,0.0270802118924,0.00805917462717,-0.0424905403273,-0.0443407074263,-0.0137729717851,0,0,0,0,0,0,-0.122288239224,-0.165019781284,0.0409862195706,-0.00288790768819,0.00270904252074,-0.0286992485549,0.202342328002,0.418734186393,0.124616895315,-0.020114002018,-0.0164162601104,-0.010182716138
69.015382089,0.0302130615763,0.0253366880621,-0.00444752061762,0.00964080849856,-0.0054360332438,0.0277812319152,0.012196197258,0.0296556982949,0.00559434888531,-0.0464518633534,-0.0431090417724,-0.0107118842454,0,0,-1.61280751986,0.378042082655,0.000644330385182,0,-0.130038893479,-0.17762283363,0.0366906415697,-0.00138530807538,0.00358041867631,-0.0281215397513,0.188586586995,0.458558254521,1.69931146371,-0.400031279922,-0.0166045909206,-0.00791957453159
69.065382089,0.0307962414508,0.0268786215623,-0.0042260026402,0.00729532980559,-0.00761741856327,0.0272848851769,0.0110195405562,0.030472429096,0.00357575053698,-0.0454563514681,-0.0456806347547,-0.009307314077,0,0,-7.52201670444,2.18528408182,-0.0373418137855,0,-0.137896150144,-0.191588015231,0.0325658251837,0.000203010265779,0.00444846665707,-0.0274620296574,0.170392254225,0.471187147856,7.57730759351,-2.20680202765,0.0204294723802,-0.00688113928729
69.115382089,0.0313150156319,0.0283839309717,-0.00408994556392,0.00509517335176,-0.0100040967193,0.0268505005075,0.00986418904466,0.0292473431153,0.00192740338547,-0.0425048492561,-0.0512322170256,-0.00713367100729,0,0,-15.1631821331,4.83606278057,-0.0870497945403,0,-0.145433755248,-0.205681594421,0.0287630909755,0.00174439707415,0.00542879776047,-0.0268189775009,0.152527358,0.452243965895,15.1929850642,-4.85618355609,0.0680820908309,-0.00527410845113
69.165382089,0.0317826603553,0.0298033558738,-0.00403326230165,0.00304484487999,-0.0127406402658,0.0265715180761,0.00879389958178,0.026433700395,0.000865165510243,-0.0368082735469,-0.0567068621787,-0.00475319243885,0,0,-23.1282361841,7.93040438791,-0.127464536111,0,-0.152438874121,-0.219624898392,0.0253406862037,0.00324997293134,0.00665125869163,-0.0263896979814,0.135977753838,0.408737349332,23.1416140106,-7.94782854121,0.106469954527,-0.00351415875304
69.215382089,0.0321944055901,0.0310273010112,-0.00400342901289,0.00141434599707,-0.0156747829371,0.0263751812636,0.00759315317847,0.0206458780441,0.00129979303597,-0.026433432075,-0.0622152812425,-0.00142712808992,0,0,-32.3838979501,11.5645993252,-0.189298253134,0,-0.158650346711,-0.232235980552,0.0225890993171,0.00450893593715,0.00809041141613,-0.0261948836819,0.117410928355,0.319241776228,32.4039963076,-11.5771122775,0.16626428956,-0.00105511290221
69.265382089,0.0325419756731,0.0318679436783,-0.00390328299805,0.00040150167249,-0.0189621683901,0.0264288052671,0.00815063298834,0.0135445216123,0.00225099186859,-0.0113033385812,-0.0683395887413,0.00183176097784,0,0,-44.1425827352,15.8041194063,-0.275482743176,0,-0.163191387955,-0.241771423595,0.0204147988864,0.00527407796366,0.00996184527906,-0.0266472119734,0.126031091873,0.209435371478,44.1773892298,-15.8094701355,0.250181377236,0.0013542685167
69.315382089,0.0330094688889,0.0323817531724,-0.00377832982604,0.000284012138944,-0.0225087418113,0.0265583573614,0.0127562051002,0.00803288952883,0.00224723280074,0.00602081396086,-0.0684568479371,0.00179597198681,0,0,-55.497649471,20.034541965,-0.345024839633,0,-0.168027082294,-0.249148812295,0.0198395261437,0.00538837627057,0.0122927001263,-0.0278249952674,0.197245840812,0.12421045576,55.5323978401,-20.0316918562,0.319680060821,0.00132780878512
69.365382089,0.0338175961832,0.0326712326311,-0.00367855971798,0.00100358306858,-0.0258078531838,0.0266084024658,0.0185087186683,0.00257740018237,-0.00047104256827,0.0973859027853,-0.087843497977,-0.00227840331038,0,0,-69.7783028662,25.1593970545,-0.449243455458,0,-0.175693433703,-0.255949064071,0.0212242057503,0.00490555589668,0.0147711252847,-0.0297419881611,0.286195443504,0.0398536604019,69.771019259,-25.1132969054,0.416721157202,-0.00168448280585
69.415382089,0.0348603407558,0.0326394931907,-0.00382543408286,0.0100226024175,-0.031293091609,0.0263305170304,0.0175337811249,-0.0088590877015,-0.0399364950498,0.443131480765,-0.0408844712466,-0.0185643861218,0,0,-82.7456189278,29.9865480246,-0.581050251989,0,-0.186717348883,-0.262863215973,0.042079398912,-0.00196930395132,0.0193128241556,-0.0327422070433,0.271120240967,-0.13698574057,82.1280914199,-29.7767802168,0.5659135942,-0.0137251333339
69.465382089,0.0355709742957,0.031785323861,-0.00767220922296,0.0453167311451,-0.0298963003084,0.0247519638536,0.0108634586379,-0.0252836579326,-0.11402638181,0.833515929075,0.0274949710238,-0.0500306208339,0,0,-83.4509603724,30.9661517498,-0.70870939523,0,-0.199931471903,-0.266638160866,0.145215439206,-0.0256521334019,0.0188611911525,-0.0333256490149,0.167978800618,-0.390954545536,81.6878004531,-30.5715853134,0.718888858352,-0.0369889387786
69.515382089,0.0359466866196,0.0301111273974,-0.0152280722639,0.093374195325,-0.0285435945066,0.021327454947,-0.0023369492353,-0.0338375493848,-0.213985516022,0.976931001267,0.0501412979988,-0.0803106435646,0,0,-87.6244543398,29.9870500651,-0.789515891252,0,-0.2110691487,-0.259091136094,0.311008096854,-0.0557368367828,0.0192399152562,-0.0322717590602,-0.036135630717,-0.52322111686,84.315652647,-29.5245943754,0.80807970401,-0.059375746864
69.565382089,0.0353372793721,0.0284015689225,-0.0290707608252,0.143009831272,-0.0248821705086,0.0167208994972,-0.021863746976,-0.0343352466276,-0.339858873498,0.921344395916,0.114717500833,-0.0840478106256,0,0,-94.1031257997,28.4671537406,-0.895029278491,0,-0.204041228006,-0.2308119259,0.549548082355,-0.0842365438849,0.0192350485436,-0.0275653568557,-0.338073362863,-0.530916878285,88.8479775222,-28.0310114158,0.937501138824,-0.0621387316386
69.615382089,0.0337603119219,0.0266776027346,-0.0492139596137,0.185508634917,-0.0170718444233,0.0129226738844,-0.0349845879121,-0.0318921694127,-0.436530283749,0.772862366889,0.148914982494,-0.0709160764401,0,0,-98.7417844393,26.477880072,-1.05806479529,0,-0.172552752287,-0.171558885119,0.870162753321,-0.112344170734,0.018349674342,-0.0211050125356,-0.540957471598,-0.493140218562,91.9918315981,-26.1120255762,1.11319758926,-0.0524300991302
69.665382089,0.0318388205809,0.0252123519812,-0.0727237892001,0.220296067961,-0.00999067225919,0.00962929185317,-0.0397269383283,-0.0258884628355,-0.493433375353,0.61576001427,0.125726517097,-0.0637383395166,0,0,-97.8441991947,23.6604731941,-1.22667452124,0,-0.127453886185,-0.0896367333323,1.29373107383,-0.152470319423,0.018762300855,-0.0151919273587,-0.614287187444,-0.400306484508,90.2143688304,-23.3689871816,1.27322224967,-0.0471234116015
69.715382089,0.0297876180891,0.0240887564511,-0.098557297149,0.247084636344,-0.00449919271358,0.00654883993278,-0.0359532516962,-0.0183244614578,-0.520562131525,0.471733630504,0.107941882625,-0.0648299355017,0,0,-91.7221878141,21.4996808236,-1.26999000446,0,-0.0712675902482,0.00769453768031,1.85565101402,-0.2049288159,0.0196006243915,-0.0100295985807,-0.555935664646,-0.283346322773,83.672872636,-21.2763734445,1.30995332766,-0.0479304568947
69.765382089,0.0282434954113,0.0233799058355,-0.124780002353,0.267469431011,0.000803516003283,0.003146298303,-0.0255956609337,-0.0111731128336,-0.528221833176,0.320231625031,0.104176662597,-0.0690772300385,0,0,-87.5250558332,18.7210475068,-1.74759155566,0,-0.0161164931152,0.112844388174,2.5634165592,-0.26347308392,0.0202439745501,-0.00524553453265,-0.395778965794,-0.172766901915,79.3573007053,-18.5694575411,1.78616088145,-0.0510705921754
69.815382089,0.0272280519957,0.0229714451677,-0.151379480467,0.279107798847,0.00591847354613,-0.000358883071072,-0.0301068798244,-0.0205956675959,-0.536961822815,0.141036885097,0.108487979888,-0.06461488994,0,0,-87.6656565503,14.7892789367,-1.9622583679,0,0.0272554823018,0.213869051031,3.41969219113,-0.318372314554,0.0210948882615,-0.000644482064518,-0.465534755717,-0.318465385287,79.3627572638,-14.7225154602,2.00242387269,-0.0477714681197
69.865382089,0.0252328074288,0.0213203390759,-0.178476184634,0.281573119521,0.0116523139921,-0.00331519069099,-0.0519454274119,-0.0445599087418,-0.546311924398,0.0411549298899,0.106276448031,-0.0546564344843,0,0,-90.795956284,10.8058547679,-2.17317432601,0,0.0811808632427,0.335402896849,4.39470128528,-0.369080441492,0.0215097449001,0.00405521231784,-0.80321846707,-0.689018136448,82.3484788385,-10.7863730118,2.21252105537,-0.0404089230816
69.915382089,0.0220335092546,0.0185154542935,-0.206010672906,0.283223291836,0.0165461183492,-0.00582452651951,-0.0704661549673,-0.0554160698246,-0.544893605219,-0.0188664972815,0.114141047845,-0.0474084434221,0,0,-95.0627701979,6.46433436075,-2.45747265753,0,0.174912476928,0.496795209844,5.52777843271,-0.427923799535,0.021386148933,0.00889680540417,-1.08959960083,-0.856884096892,86.6372238485,-6.47326530777,2.49973109768,-0.0350502948415
69.965382089,0.0181861919321,0.0157787320934,-0.232965545156,0.279686469793,0.0230664187766,-0.0080560350332,-0.072458603413,-0.0348616461958,-0.487986702265,-0.377339224109,0.0669207519265,-0.0294133594325,0,0,-99.0307236829,2.44162502077,-2.82243477314,0,0.276830037858,0.661511389601,6.78524102787,-0.480845381247,0.0173579437313,0.0138467639932,-1.12040830655,-0.539056456209,91.4851137905,-2.62024835332,2.84721084312,-0.0217460613758
70.015382089,0.0147876489133,0.015029289674,-0.254809343133,0.245489369425,0.0232381935419,-0.00876586246276,-0.0643514613094,0.00249454957602,-0.386432474528,-0.864319670986,0.00385774220801,0.00444233633369,0,0,-91.6449874109,1.04834516203,-2.77351493188,0,0.288629567575,0.618720547797,7.85238282887,-0.430740862169,0.0127104820571,0.0144877255029,-0.995049702773,0.0385725632901,85.6696838033,-1.4574933506,2.77494318378,0.00328433475224
70.065382089,0.0117510458012,0.016028187051,-0.271608792609,0.193254502694,0.0234521929974,-0.00761180139983,-0.0542493827242,0.0183996760465,-0.26466534512,-1.01778209586,-0.0283786209555,0.0310935829071,0,0,-81.1695436456,0.352315523963,-2.42774279316,0,0.207397912217,0.409322841413,8.70523880959,-0.317457679708,0.00226865261757,0.0123603555587,-0.838843921442,0.284509346154,77.0770930993,-0.834109141372,2.41723617632,0.0229882942764
70.115382089,0.00936271064084,0.0168692572786,-0.281275877645,0.143711159839,0.0204003314463,-0.00565650417205,-0.0417086958413,0.0166559991599,-0.120868090749,-0.955022519226,-0.100028379932,0.032320383127,0,0,-71.0871138649,0.0092336024614,-2.22395219167,0,0.114091232578,0.165195994812,9.19441042921,-0.19887449821,-0.0051536504911,0.00937273857909,-0.64493058208,0.257547329558,69.2181624016,-0.461318342523,2.18691868457,0.0238952995757
70.165382089,0.00758017621704,0.017693786967,-0.283695601684,0.0977522507714,0.0134493550042,-0.00437976308714,-0.0369428480683,0.0203296870022,-0.00114058607494,-0.841696207688,-0.130289712116,0.020852394054,0,0,-60.8120161551,-0.173531354849,-1.93372778843,0,0.0243157416457,-0.0936580131181,9.26223425735,-0.087383966566,-0.010387663589,0.00747088170146,-0.571237532792,0.314352597398,60.7943795729,-0.224907429162,1.88549062831,0.0154167170864
70.215382089,0.00566842583401,0.0189022259788,-0.281389936252,0.0595415390702,0.0073713602347,-0.00357126476665,-0.0415462483417,0.0274826263525,0.0828530458226,-0.688057683895,-0.104797850715,0.0154431448987,0,0,-51.1495432277,-0.344310532784,-1.69408947814,0,-0.0386706280341,-0.323270900711,9.0567512227,-0.00284437928708,-0.0202052329628,0.00724214484882,-0.642418699164,0.424956615235,52.4306780604,0.0186005386124,1.65529016987,0.0114175185453
70.265382089,0.00342555138287,0.0204420496023,-0.275410297101,0.0289464823819,0.00296956993272,-0.00283544859727,-0.0462953232943,0.0240856076582,0.135247597415,-0.548652294835,-0.0871694657493,0.0179112512157,0,0,-42.059923402,-0.434149265871,-1.46528962215,0,-0.0696942296885,-0.510217584352,8.64310285176,0.055819834136,-0.0341539425546,0.00816596410358,-0.715852394746,0.372429409585,44.1512213908,0.174430437152,1.43301687085,0.0132422537163
70.315382089,0.00103889350458,0.0213107867447,-0.267865176511,0.00467630958671,-0.00134558634024,-0.00178013964508,-0.0485503397463,0.00969656606278,0.16563656245,-0.401793408209,-0.0819683881785,0.022116237263,0,0,-33.0388109162,-0.477117636735,-1.25996824576,0,-0.0696245893746,-0.635965545583,8.15373636833,0.0917659611014,-0.0464926133172,0.00881375047991,-0.750721120408,0.149935447966,35.60000547,0.286918280331,1.22962108941,0.0163511092307
70.365382089,-0.00142948259175,0.0214117062085,-0.258846640856,-0.011232858439,-0.00522726888513,-0.000623824870972,-0.0378874207068,0.012118415155,0.19834203075,-0.234628108995,-0.0837796419732,0.0191798520673,0,0,-24.6591601701,-0.594919966861,-1.06086493423,0,-0.0370140070964,-0.690094160355,7.60160753281,0.106131309581,-0.0558589724179,0.00887584007166,-0.585843210799,0.187383862817,27.726070769,0.483852651138,1.02984719738,0.0141801633095
70.415382089,-0.0027498485661,0.0225226282602,-0.248030973436,-0.0187865013128,-0.00972355053755,0.000137845561647,-0.0154004979936,0.0338241577541,0.235522488226,-0.148272859317,-0.0853145236104,0.0120255632124,0,0,-16.8674891982,-0.646535992481,-0.862786565153,0,-0.00988109180883,-0.733995236733,6.97993349829,0.113280036461,-0.0626556417327,0.0096130659135,-0.238133845592,0.523014045601,20.5093114217,0.576347179429,0.831200569077,0.00889081154757
70.465382089,-0.00296953239111,0.0247941219839,-0.235294392034,-0.0260601443706,-0.0137587212462,0.000578731450269,0.000132880807797,0.0459756062074,0.263710673085,-0.169982827657,-0.0748128528701,0.0089714757046,0,0,-10.3580438002,-0.586684089702,-0.64565057055,0,-0.0171726053725,-0.796986554061,6.28667349197,0.125936817899,-0.067567375903,0.0115654767435,0.00205470094404,0.710908693612,14.4357325043,0.506218298677,0.617952608032,0.00663284524678
70.515382089,-0.00273656048532,0.0271201888809,-0.221659906127,-0.0357847840784,-0.0172048358246,0.00103499313211,0.0019072174862,0.031706959232,0.270953951238,-0.144537163678,-0.0714836445351,0.00500950668467,0,0,-6.62315649717,-0.348049511704,-0.442801274917,0,-0.0439343472755,-0.855701893321,5.58359719764,0.14197245767,-0.0698043918986,0.0138190096557,0.0294908018272,0.490276362302,10.8128461042,0.279629087311,0.416335885201,0.00370365853915
70.565382089,-0.00277881064249,0.0279648179071,-0.20819899691,-0.0405138607384,-0.0209070856997,0.00107968211874,-0.00269432715727,0.00455367541071,0.267693267259,-0.0373719280383,-0.0703402306364,0.000356715159931,0,0,-4.19719850881,-0.0713010520234,-0.277314328711,0,-0.0429616044088,-0.850357088776,4.92904522049,0.14352584985,-0.0676876157716,0.0148893354066,-0.0416616714285,0.0704122839133,8.33646901799,0.0536100782163,0.251272265123,0.000263728792331
70.615382089,-0.00300599320105,0.027575556422,-0.194890579402,-0.0395219768823,-0.0242388588882,0.0010706646481,-0.00161684746758,-0.00722234288187,0.266906526935,-0.0163927821718,-0.0511914396368,0.00104352995195,0,0,-2.39082343806,0.17188355679,-0.156864697798,0,-0.0213430449042,-0.792616348124,4.32189991029,0.131865765786,-0.0624425077324,0.0144775714864,-0.0250008866823,-0.111677186372,6.51792878875,-0.179643506443,0.137912091101,0.000771508825253
70.665382089,-0.00294049538925,0.027242583619,-0.181508344216,-0.0421531389556,-0.0260262296634,0.00118403511393,0.00460229865312,-0.00767163877482,0.267547901045,0.0101627271319,-0.018676089349,-0.00236173276254,0,0,-1.31647518303,0.308581782902,-0.0206874888211,0,-0.0216075973496,-0.743741264856,3.74994288367,0.126224154926,-0.0570004480573,0.0141548599346,0.0711641323083,-0.118624530467,5.45349793271,-0.303770991783,0.0137730402614,-0.0017460904364
70.715382089,-0.00254576333574,0.0268083925445,-0.168135789297,-0.0385057041691,-0.0261064678231,0.000834491371845,0.0125154017682,-0.0160639803937,0.264597691548,0.0796704108465,0.00381188907776,-0.010409745312,0,0,-1.1599991677,0.271903804909,0.0193320548965,0,-0.0181429804896,-0.672137928547,3.22213553757,0.111840257893,-0.0514351373338,0.013868870876,0.193522362292,-0.248393099253,5.25140360471,-0.234189744504,-0.0179207792032,-0.00769619536257
70.765382089,-0.00168895521243,0.0256361855796,-0.155048575062,-0.034186097871,-0.0256450407556,0.000143060582726,0.021841875396,-0.0307157978226,0.258383964962,0.100154164414,0.0120508504147,-0.0184246157682,0,0,-0.913517381009,0.214128474109,0.0767174083301,0,-0.0218100568131,-0.588912154115,2.74306235352,0.0967487623388,-0.0436773248764,0.0130054221412,0.33773516838,-0.474950294397,4.90884059986,-0.166717896375,-0.0722558219811,-0.0136217974774
70.815382089,-0.000361575796133,0.0237368127622,-0.142297392801,-0.0284902877276,-0.0249013827816,-0.00100797020497,0.0234927514765,-0.0359617835069,0.250080739388,0.115580550695,0.0157301697308,-0.0263888932419,0,0,-0.773278586196,0.181256500604,0.116765066516,0,-0.0292375096946,-0.496903928776,2.31262813635,0.0806894687425,-0.034223702064,0.0116931036461,0.363262230543,-0.556067589789,4.6402112142,-0.126543441838,-0.110941285776,-0.019509994885
70.865382089,0.000660319935213,0.0220400072289,-0.130040501123,-0.0226280428014,-0.0240720237825,-0.00249582874146,0.0165115792859,-0.0309967403782,0.240342254276,0.121067425757,0.0161716783232,-0.0332873212685,0,0,-0.566521992545,0.253979850894,0.16823111228,0,-0.0312673397371,-0.416340985689,1.93458698345,0.0661253435807,-0.0267515726772,0.0109053733147,0.255314203073,-0.479294435163,4.28287098937,-0.196669437159,-0.162243871814,-0.0246101820841
70.915382089,0.00128958213246,0.0206371387244,-0.118263167373,-0.0163835451519,-0.0232842149493,-0.00433670233182,0.00924508852973,-0.0262570631212,0.228720686445,0.129171749314,0.0163280857617,-0.0396509153023,0,0,0.0174627464231,0.415275197328,0.28349939145,0,-0.0275212688452,-0.34708025996,1.60453549243,0.0528289990057,-0.0211629858868,0.010674501724,0.142954369744,-0.406006053675,3.51918500694,-0.354128391325,-0.277454244258,-0.0293149526068
70.965382089,0.00158482878819,0.0194143009168,-0.107168432478,-0.00971086786998,-0.0224392152063,-0.0064609202717,0.0033309723487,-0.0234728898109,0.213660433939,0.137300974888,0.0165406152137,-0.0446864961982,0,0,0.736876882964,0.594751409984,0.37568152365,0,-0.0202120403091,-0.286813444811,1.32310515269,0.0406070973359,-0.0169140665116,0.0108040896501,0.0515059483977,-0.362955114838,2.56689815118,-0.529756423696,-0.36955769168,-0.0330378884882
71.015382089,0.00162267936733,0.0182898497433,-0.0968971239793,-0.00265344766313,-0.0216301534279,-0.00880535195164,-0.000464977833262,-0.0223195034332,0.198256203344,0.142862535907,0.0153032642296,-0.0477622910258,0,0,1.1026770291,0.636509025993,0.404636317581,0,-0.0111167812061,-0.234385768627,1.08792279136,0.0293882114827,-0.0134936788701,0.0111933562382,-0.00718982980912,-0.345120604962,1.96290644322,-0.568881330196,-0.398970590066,-0.0353119035749
71.065382089,0.00153833100486,0.0171823505734,-0.0873428121439,0.00457538572071,-0.0209088887834,-0.0112371493743,-0.00245123459019,-0.0222361634484,0.184046993,0.146098806596,0.0118856990245,-0.0488727510514,0,0,1.19639560488,0.592858620768,0.415195010308,0,-0.00234533028365,-0.188560989671,0.890835162099,0.0191498634095,-0.0104392179259,0.0117223309482,-0.0379027950689,-0.343831940719,1.64947458913,-0.523698952097,-0.410794567958,-0.0361328955438
71.115382089,0.00137755590831,0.0160662333985,-0.0784924246793,0.0119564329964,-0.0204415835255,-0.0136926270568,-0.00390403753992,-0.0224461429315,0.170957423223,0.144109589419,0.00883270487825,-0.0503933424436,0,0,1.35418173011,0.564897782844,0.397526562426,0,0.00571019886547,-0.148822624695,0.726884707029,0.00965545920281,-0.00755575372854,0.0123880494808,-0.060367104564,-0.34707879818,1.28928789285,-0.496679761844,-0.394256430099,-0.0372571082954
71.165382089,0.00114792725087,0.0149377362803,-0.0702470698216,0.0189863446626,-0.0200256182956,-0.0162764836186,-0.00511727700788,-0.0228851496147,0.161610315258,0.126717690566,0.0109742726941,-0.0489348801231,0,0,1.46079588892,0.5424555218,0.383166398624,0,0.0121168057166,-0.114825297083,0.589873392302,0.00106387154747,-0.0048853319616,0.0132986244518,-0.0791271070165,-0.353867042934,1.03814186463,-0.482470408311,-0.379103393645,-0.0361788291819
71.215382089,0.000865828207522,0.013777718437,-0.0623313931536,0.024628202053,-0.0193441562561,-0.0185861150691,-0.00621307807933,-0.0230335351845,0.154447336715,0.0795928235077,0.00265407822734,-0.0431172361161,0,0,1.75966086003,0.473131614808,0.338535897828,0,0.0158821727789,-0.0864513599696,0.471634342576,-0.00586272109335,-0.00262517269922,0.0141054358172,-0.0960711904648,-0.35616148993,0.628517642287,-0.435454282387,-0.337553278446,-0.0318776937088
71.265382089,0.000526619442935,0.0126343827618,-0.0548023361502,0.0269456270134,-0.0197602104728,-0.0205882072302,-0.00729538329009,-0.0210280942495,0.144375618872,0.0315328772997,-0.008157177824,-0.0375316019818,0,0,1.88871062048,0.443091511564,0.31919209486,0,0.0174780504718,-0.0663197122441,0.369762782919,-0.00990217711681,-0.000102090812822,0.0149572520193,-0.112806590973,-0.325151884776,0.343731560679,-0.428164604239,-0.322212126806,-0.0277480891668
71.315382089,0.000136289878513,0.0116749090121,-0.0478938312664,0.027781489783,-0.0201598740385,-0.0223392752673,-0.00840275151883,-0.0174593561219,0.132471489386,1.00159762866e-05,-0.00537154685215,-0.0314284714134,0,0,1.88883839343,0.443121487099,0.31921368849,0,0.0175763034433,-0.0517047849485,0.286841806278,-0.0122937750666,0.00199874402701,0.0158018694762,-0.129929534328,-0.269969426743,0.159533367793,-0.443116745776,-0.321202396281,-0.0232358860562
71.365382089,-0.000313655708948,0.0108884471497,-0.0415551872115,0.026946628611,-0.020297365158,-0.0237310543716,-0.010363211382,-0.0146134487849,0.124229123624,-0.0253932302721,0.0021159540571,-0.0228498609878,0,0,2.17537415097,0.37597467448,0.367638231514,0,0.0164475134676,-0.0413827930451,0.219420929019,-0.0129476753395,0.00356545250837,0.0164578718936,-0.160243609012,-0.225963910904,-0.254451921344,-0.387995220253,-0.366854841843,-0.0168934963247
71.415382089,-0.000900031259683,0.0102135641336,-0.035470918904,0.0252421667558,-0.0199482786328,-0.024624261366,-0.0131478218779,-0.0123770234745,0.119178257284,-0.0391198787097,0.00938219221979,-0.0145764042504,0,0,2.43688787243,0.314680777155,0.411834050441,0,0.0150429649791,-0.033291530934,0.162885421139,-0.0125608794307,0.00449519201809,0.016660956455,-0.203301307935,-0.191382655171,-0.594065859151,-0.333199188859,-0.408360481415,-0.0107767146489
71.465382089,-0.00162843789674,0.0096507448022,-0.0296373614831,0.02303464074,-0.0193591459361,-0.0251886947966,-0.0148248761239,-0.00881266115956,0.113750236125,-0.0473343449446,0.0146407832605,-0.0092695177849,0,0,2.66063398918,0.260674449018,0.449647144172,0,0.013693160226,-0.0269301486718,0.116497205379,-0.0115937518373,0.00504212946309,0.0165804482732,-0.229233156179,-0.136267859176,-0.901744037912,-0.283081391891,-0.444226686985,-0.00685319550584
71.515382089,-0.00238251887207,0.00933229801762,-0.0240958952914,0.0205087322613,-0.0184842003067,-0.0255512131445,-0.0148886155598,-0.00352496994413,0.107893099295,-0.055187121963,0.0202033381427,-0.00476070075884,0,0,2.69554274396,0.243559945282,0.455546723729,0,0.0118913755481,-0.0223237239148,0.0800326222462,-0.010203818923,0.00527597689762,0.016399125806,-0.230218742295,-0.0545056821372,-1.02722015734,-0.269684204329,-0.448066841849,-0.00351970984923
71.565382089,-0.00311729945272,0.00929824780779,-0.0188480515536,0.0175159285437,-0.0173388121218,-0.0256647648725,-0.0153449355966,0.00114506805561,0.102993339545,-0.0627762707708,0.0264595197528,-0.00160310777242,0,0,2.67013056238,0.235556353764,0.451252065042,0,0.00970142678065,-0.019228173841,0.0523098768334,-0.00840034389028,0.00525783104721,0.0161200609414,-0.237274698877,0.0177058858525,-1.07757167069,-0.265273133717,-0.441455957043,-0.00118521925695
71.615382089,-0.00391701243173,0.00944680482319,-0.013796561337,0.0142311051842,-0.0158382483314,-0.0257115239218,-0.0168999968738,0.00450012929226,0.0996343294231,-0.0705204033158,0.0324214683786,0.000127569794619,0,0,2.6286680913,0.229492578561,0.44424490743,0,0.00769440921319,-0.0169570489617,0.031604353824,-0.00653649523042,0.00506317918631,0.0158939072851,-0.261320201965,0.0695843143821,-1.08804868871,-0.262875245001,-0.432241507192,9.43156659765e-05
71.665382089,-0.0048072991401,0.00974826073702,-0.00888461861132,0.0104638882122,-0.0140966652839,-0.025652007893,-0.0178448256682,0.00761608270524,0.0958476203709,-0.0712118297773,0.0359796820816,0.00250163089688,0,0,2.58131732187,0.22410306799,0.436242627395,0,0.00620326022176,-0.0154869882619,0.0166610412538,-0.00464865954938,0.00481314773962,0.015714179559,-0.275929840844,0.11776548159,-1.09925080432,-0.257813039123,-0.422921869698,0.00184952076446
71.715382089,-0.00570149499855,0.0102084130937,-0.00421179929987,0.00710992220652,-0.0122402801233,-0.0254613608321,-0.0176431181631,0.0106910770609,0.0898037191723,-0.0568197808084,0.0340295859927,0.0033011071773,0,0,2.53140750851,0.219006591621,0.427807868938,0,0.00544169232767,-0.0149372500714,0.00667806255782,-0.00331824231113,0.00460276520893,0.015562615745,-0.272810890801,0.16531330968,-1.14279624387,-0.24590371218,-0.415209095316,0.00244059436497
71.765382089,-0.00657161095641,0.0108173684431,9.57533059062e-05,0.00478191013132,-0.0106937066847,-0.0253218971753,-0.0169130871725,0.0133920153187,0.082722953847,-0.0406463976792,0.0285250413632,0.00625611892538,0,0,2.48038553925,0.21403746739,0.419185156133,0,0.00563259938987,-0.0158312552681,-0.000368420967047,-0.00278421339943,0.0046597286944,0.0155465873221,-0.261522613808,0.207077206815,-1.2012622845,-0.233278496538,-0.408624330069,0.00462531138063
71.815382089,-0.0073928037158,0.0115476146256,0.00406049608483,0.0030452824386,-0.00938777598697,-0.0248357489396,-0.0149131626971,0.0152643628839,0.076337399758,-0.0277563170826,0.0207298345996,0.0121051405739,0,0,2.42888022902,0.20912369017,0.410480758705,0,0.00693074649822,-0.0183566843188,-0.00734345748407,-0.0025455768904,0.00486208393552,0.0152778737631,-0.230598308216,0.236028824235,-1.24849511586,-0.222262864526,-0.402805952041,0.00894964515996
71.865382089,-0.00806292722612,0.0123438047315,0.0077294932817,0.00200627842306,-0.00862072322469,-0.0241113831179,-0.0118801024774,0.0164450899299,0.0704933609099,-0.0173732034603,0.0122357326716,0.0168828561505,0,0,2.37716485968,0.204233966663,0.401740861286,0,0.00890380740292,-0.0221059469355,-0.015766760955,-0.0026126516424,0.00534607550627,0.014937829848,-0.183698896629,0.254286095666,-1.28714458052,-0.212458024224,-0.397210825979,0.0124819345063
71.915382089,-0.00858081396354,0.0131921236186,0.0111098321758,0.00130796209258,-0.00816420271981,-0.0231474633245,-0.00853239310528,0.0170613555143,0.0647510015829,-0.00865558071339,0.00479370351379,0.0191708039792,0,0,2.32535819902,0.199354696856,0.392985535635,0,0.0111759692541,-0.0267372481439,-0.0258656313819,-0.0028192830944,0.00597074127686,0.0145052667012,-0.131934148046,0.263815248138,-1.3241305102,-0.203452041032,-0.391210762783,0.0141734738227
71.965382089,-0.00891616653665,0.0140499402829,0.01420459344,0.00114072035172,-0.00814135287331,-0.02219430272,-0.00482569858873,0.0172464626766,0.0590028003788,-0.000227027480446,-0.00113856045641,0.0198724968873,0,0,2.16113930002,0.214973425973,0.395624301367,0,0.0131450752089,-0.0319181279149,-0.0372463574888,-0.00331772451662,0.00677949220331,0.0142113640106,-0.0746185066924,0.266677511451,-1.24879453293,-0.215080895334,-0.396045830604,0.0146922536337
72.015382089,-0.00906338382241,0.0149167698862,0.0170101122137,0.00128525934453,-0.00827805876545,-0.0211602136358,-0.000948344339221,0.0163141002841,0.0532832563732,0.00147930681815,-0.00202694349056,0.0215896402067,0,0,1.81086598997,0.260569508096,0.409463952438,0,0.0145595681233,-0.0375388255147,-0.0494136912483,-0.00402188661234,0.00759912053584,0.0139607780421,-0.0146639988225,0.252260637263,-0.986961025912,-0.259869239751,-0.410214387727,0.0159617823354
72.065382089,-0.00901100097057,0.0156813503113,0.0195329190773,0.00128865103354,-0.00834404722237,-0.0200353386993,0.00297911001814,0.0139777378411,0.0478417015291,-2.61572627076e-06,0.00189256160795,0.0234871089773,0,0,1.51573175141,0.28460806727,0.405788321825,0,0.0153794526264,-0.0429787013739,-0.0617854826256,-0.00467171835032,0.00828345455888,0.0136394433212,0.0460651938241,0.21613407996,-0.775968117169,-0.284609305492,-0.405087638741,0.0173646303317
72.115382089,-0.0087654728206,0.0163145436703,0.0217942823666,0.00128499777191,-0.00808880260465,-0.018811502738,0.00731520205215,0.0119833916651,0.043131091668,-0.00145949275343,0.00588890704208,0.0258578133226,0,0,1.27095731937,0.293050261605,0.390487305085,0,0.0155891950462,-0.0481352117873,-0.0739054564893,-0.0053242599146,0.00870954540043,0.0132073983379,0.113113043272,0.185296030144,-0.604032605135,-0.293741150447,-0.388307055031,0.0191173536925
72.165382089,-0.00827948076536,0.0168796894779,0.0238460282441,0.00114270175819,-0.00775515651816,-0.0174495573671,0.0120586833865,0.0105521489194,0.0389439277114,-0.000824488277856,0.0106094928411,0.0284526094998,0,0,0.976002216893,0.311606797305,0.382101509581,0,0.0149081454373,-0.0530796513517,-0.0858153215625,-0.00596950685845,0.00896746446056,0.0127048451784,0.186460246208,0.163165100406,-0.373822516454,-0.311997090268,-0.378173557046,0.0210357539711
72.215382089,-0.00755960448195,0.0173697585623,0.0256886751377,0.00120254894412,-0.00702785332054,-0.0159662417881,0.0157893222292,0.00922323885261,0.0352925857671,-0.00200636128486,0.0145963435539,0.0289790113272,0.0231308719384,0.0231308719384,0.689591230494,0.330091896807,0.377445939252,0.00621225827651,0.0133053380466,-0.0580576011377,-0.0971362843748,-0.00678337461889,0.00894227665292,0.0121398560881,0.221015260434,0.119485642001,-0.143871269159,-0.331041660087,-0.372041934978,0.015212678252
72.265382089,-0.00670054854243,0.0178020133631,0.0273752868208,0.000942065629709,-0.00629552216277,-0.0145516562344,0.0181100481496,0.00827645468753,0.0324215445607,-0.00696811399533,0.0156031643457,0.0281966529355,0.0729611248188,0.0244418631871,0.418408646978,0.352366417395,0.375459086131,0.0198228459278,0.0111249811719,-0.0627489181662,-0.108245708306,-0.00750797929875,0.00883903594706,0.0116334362266,0.207069781424,0.103534776492,0.0829171601156,-0.355664955325,-0.369682326595,0.00102367270044
72.315382089,-0.00574859966698,0.018197404031,0.0289308295938,0.000505737544586,-0.00546753688597,-0.0131465764945,0.0196840828789,0.00725223156904,0.0298798959917,-0.0100595676445,0.0173617343056,0.0244962594025,0.125774810166,0.0227415691875,-0.160378926127,0.316314269178,0.414458076212,0.0342628242496,0.00855059012051,-0.0673739098266,-0.119199626186,-0.00821663056224,0.00864582693759,0.0111431878045,0.178594980659,0.0893977780842,0.622403890603,-0.321076227071,-0.40803024132,-0.0161521027706
72.365382089,-0.00473214025454,0.01852723652,0.03036327642,-6.38911347368e-05,-0.00455934873221,-0.0121020302941,0.0199919706481,0.00532166218925,0.027655402822,-0.0135520950086,0.0224813330101,0.0198759197016,0.178582736598,0.0210390541477,-0.725340473524,0.319142404265,0.43173000711,0.0487012392981,0.00555554224934,-0.0716877097709,-0.129897629721,-0.00892463882391,0.00840377858144,0.0108329939844,0.130547841736,0.0612484071147,1.15296868582,-0.325557640792,-0.42340674319,-0.0340064550888
72.415382089,-0.00374940260218,0.01872957025,0.031696369876,-0.000849471956274,-0.00321940358496,-0.0111589845244,0.0192620698487,0.00314400500624,0.0255197199088,-0.0160380064758,0.0308068347577,0.0167203215408,0.231389013073,0.0193359027691,-1.19628042378,0.344056946503,0.434771404364,0.0631392064612,0.00294693497393,-0.07548850243,-0.14027200243,-0.00948618677237,0.00803073884181,0.0104611505115,0.0664553013801,0.0292790188399,1.5908851335,-0.351648953857,-0.423365789931,-0.0507774380178
72.465382089,-0.00280593326967,0.0188416370206,0.0329152484109,-0.00166769178232,-0.00147866525644,-0.01042999814,0.0183603028597,0.00218200781475,0.0228824808904,-0.0182235739285,0.039181052478,0.0142879110114,0.277682147556,0.017974422152,-1.6801973706,0.350361939162,0.447064179561,0.0757957728705,0.000628663415407,-0.0789559766772,-0.150116863125,-0.00999167391134,0.00757228705848,0.0101326055999,0.00621838137684,0.0157653901746,2.03402314775,-0.358988541694,-0.432558178502,-0.0652323487741
72.515382089,-0.00191337231621,0.0189477710314,0.0339846179651,-0.00267182934913,0.000698701662845,-0.00973019342321,0.0173404372149,0.00206545472645,0.0198913596213,-0.021896834358,0.0475211807599,0.0128057724407,0.297793433816,0.0179871797285,-1.97754905327,0.346115645455,0.456854716433,0.0812913733673,-0.00115310055449,-0.0824404847075,-0.159335226755,-0.0103864788746,0.00705038804542,0.00982702019562,-0.0296628188232,0.0139504028815,2.28512390978,-0.356481081316,-0.43926094968,-0.0718237328519
72.565382089,-0.00107188954818,0.0190481824933,0.034904384373,-0.00385737521811,0.00327345281955,-0.00914942089596,0.0152988043141,0.00269249364764,0.0175234970611,-0.0200299666994,0.0538711115078,0.0108152139659,0.310403494971,0.0183936631394,-2.22971926742,0.34986504061,0.464530656715,0.0847353227801,-0.00242010351176,-0.085862773371,-0.16782589803,-0.0106472515204,0.00646391515041,0.00961289060014,-0.073842111969,0.0232396572124,2.50068048862,-0.359346746127,-0.444585955102,-0.0767393538996
72.615382089,-0.000383491884801,0.0192170203962,0.0357369676712,-0.00467482601907,0.00608581281362,-0.00864867202662,0.0122086179202,0.00406389889797,0.0158379596641,-0.0142909351348,0.0570335148732,0.00955723037769,0.32086441915,0.0189129508906,-2.64404477102,0.335149849197,0.455875342101,0.0875914643159,-0.00312776977568,-0.0900142828921,-0.175818901279,-0.0109972832063,0.00587090424665,0.0095696881069,-0.132085774724,0.0439260477622,2.88894297124,-0.341914834908,-0.43475982389,-0.0805255554097
72.665382089,0.00014897224384,0.0194545723831,0.0364881803394,-0.00528646873159,0.00897680430687,-0.00819369785819,0.009371238429,0.00555776067912,0.0144934251861,-0.00748210786681,0.0611614977565,0.00947644850021,0.330709605276,0.0194645576264,-3.00786026596,0.332397635631,0.455179028976,0.0902791960752,-0.00323090938421,-0.0946995247891,-0.183353805123,-0.0113457488393,0.0052428429967,0.00967156434296,-0.185804612854,0.066473632421,3.23196828356,-0.335939485924,-0.432535207662,-0.0832730113113
72.715382089,0.000553631958099,0.0197727964641,0.0371863101898,-0.00542303680575,0.0122019625893,-0.0077010271766,0.00709170576599,0.00744578620059,0.0136523321674,-0.00200818989645,0.0635183842416,0.0102337281867,0.340378379497,0.0200254239062,-3.17789837226,0.366077664848,0.48088378935,0.0929186776257,-0.00280219430301,-0.100462277299,-0.190449330732,-0.0118479689365,0.00445389750147,0.00991219522668,-0.230721200453,0.095106807671,3.38900078997,-0.367028293749,-0.457367377952,-0.0853526163003
72.765382089,0.00085814282044,0.0201991510031,0.0378534135562,-0.00548728772124,0.015328642731,-0.00717032503952,0.00420401356881,0.00904919782298,0.0130116026424,0.00417381594516,0.0650425652083,0.0148296231548,0.347314633023,0.0203445427688,-3.3448073454,0.399103478219,0.506107853055,0.0948125981396,-0.0020218366543,-0.106982884716,-0.197626253909,-0.0123877160533,0.00358168055243,0.0102521265018,-0.282309078107,0.119580820554,3.54600233116,-0.397127693922,-0.482027144138,-0.083848672171
72.815382089,0.00097403331498,0.0206777162464,0.038487470454,-0.00500565521123,0.0187062191101,-0.00621806486112,4.1179117508e-05,0.00970726191944,0.0123530785512,0.0115005710877,0.0687314871063,0.0203082433597,0.35070420554,0.0203443135336,-3.54455207209,0.439849448834,0.536279475501,0.0957388422752,-0.000217519255219,-0.114629364199,-0.204248459977,-0.0131273835525,0.00253751370032,0.0105199785979,-0.350067463689,0.129756521648,3.73556447321,-0.434405354495,-0.51083301703,-0.080724429945
72.865382089,0.00086226073219,0.0211698771951,0.0390887214113,-0.00433723061247,0.0222017914417,-0.00513950070354,-0.00397980755602,0.0100633772415,0.011494426008,0.0280976256378,0.0604165281169,0.0219410000892,0.35409230415,0.0203442478567,-3.75535283596,0.483193400022,0.568120555142,0.0966646828798,0.00286926396294,-0.122648355206,-0.210404751526,-0.0138502282524,0.00128180428987,0.0107720976883,-0.415631020523,0.135263104787,3.93308811889,-0.469892658388,-0.545752543937,-0.0804431310479
72.915382089,0.000576052559378,0.0216840539706,0.0396369130548,-0.00219589264746,0.0247478719218,-0.0040239648522,-0.00643123604973,0.0105560050345,0.0100366414117,0.0447589773087,0.0490902207779,0.0231193021098,0.357479980479,0.0203442290399,-3.93851230501,0.520060078361,0.595787797999,0.0975904078709,0.00521947555746,-0.131301806217,-0.215092732603,-0.0154692199153,0.000397864143734,0.0110251842377,-0.4569244902,0.14288049746,4.09370624856,-0.498872252719,-0.57761312556,-0.0804977067193
72.965382089,0.000219137127217,0.0222254776985,0.0400923855524,0.0001386671184,0.0271108135195,-0.00282757049256,-0.00774534121789,0.0109304166794,0.00817321305421,0.052968362934,0.0398536986736,0.0236200501724,0.356715882028,0.0203442247678,-4.09909158186,0.544227474981,0.620032976506,0.097381608438,0.00774841413436,-0.140139274865,-0.218919409362,-0.0172706305027,-0.00050340906211,0.0112413765629,-0.476480053966,0.148669930415,4.22547182334,-0.519153523209,-0.605277941647,-0.0799186912242
73.015382089,-0.00019848156241,0.0227770956385,0.0404542343602,0.00310094364594,0.0287332417891,-0.00166195983496,-0.00860323593952,0.0110037949242,0.00602442537439,0.0549691742577,0.0260538354108,0.0240774404379,0.326693239769,0.0192172534277,-4.22933752124,0.525314230424,0.639610045426,0.0891828344707,0.00959837000413,-0.148916747097,-0.221540832651,-0.0195341701542,-0.00102328235631,0.0114612194422,-0.459722811908,0.150931530234,4.3224916246,-0.499293142591,-0.629964133942,-0.0713817567416
73.065382089,-0.000641186466734,0.023325857191,0.0406948280899,0.00563558454417,0.0297161970605,-0.000419826448775,-0.00905768285037,0.0108784061059,0.00344742163101,0.0462572425539,0.0114235347586,0.0281196647262,0.255990014066,0.0150582378728,-4.37126427471,0.489856607312,0.660828875523,0.0698818104375,0.0114642337809,-0.156709825621,-0.223407271175,-0.0214981334914,-0.00117949804488,0.0115757824533,-0.396046579134,0.153151691507,4.4245708477,-0.467959538861,-0.65659954025,-0.0490922111941
73.115382089,-0.00110424984745,0.0238649362491,0.0407989765233,0.00772666790133,0.029875595265,0.00115000663766,-0.00872489030635,0.00973062445241,0.000431707789806,0.0361317148475,-0.00631522675562,0.0336600377177,0.176263210361,0.0103684249,-4.51942123171,0.449351609552,0.682961395619,0.0481174716875,0.013341898109,-0.163342204963,-0.224350949338,-0.0230425719335,-0.000823589751645,0.0114512896703,-0.311173891943,0.140093658977,4.52609661559,-0.432247722904,-0.685299482021,-0.0232317306418
73.165382089,-0.00151367549737,0.0242989196362,0.0407379988689,0.00924875602892,0.029084674385,0.002946177323,-0.00765213569052,0.00762871103188,-0.00287081396908,0.0299006329992,-0.0205160403295,0.037626364772,0.0926147758226,0.00544792832033,-5.04921907664,0.497288698273,0.640213783302,0.0252825807746,0.0147840968091,-0.167753038907,-0.223924601783,-0.0239757306139,2.6295414846e-05,0.0110604417102,-0.210937735232,0.11251282176,5.00482843611,-0.483134456226,-0.647809436913,0.00253556898681
73.215382089,-0.0018694634165,0.0246278073523,0.0405118951264,0.0107167312012,0.0278239912321,0.00491264311486,-0.00608933950364,0.00500864309623,-0.00657393539207,0.0206079712743,-0.0314226740257,0.0395393735886,0.00726200754922,0.000427177058412,-5.35605865664,0.492673802279,0.634877160425,0.00198242980957,0.015748520296,-0.170646073066,-0.221745660192,-0.0246864343419,0.000966223819498,0.0104838855087,-0.101419860998,0.077020152385,5.25440762456,-0.482918483269,-0.64651077703,0.0272500571082
73.265382089,-0.00212260944773,0.0247997839458,0.0400806053297,0.0113095531563,0.0259424069824,0.00690011468185,-0.00387318628567,0.00169387368925,-0.0108075035619,0.00916855136886,-0.041858920151,0.0399900342811,0,0,-5.71836492785,0.500963182855,0.620256882099,0,0.0163500038481,-0.170652667993,-0.217872822887,-0.0245842040193,0.00200273728535,0.00971357903743,-0.0598900597425,0.0261919228674,5.55125134584,-0.496623010683,-0.635754310107,0.0295656720849
73.315382089,-0.00225678204507,0.0247971947212,0.0394311447702,0.0116335863381,0.023638099217,0.00891164654297,-0.000622190461571,-0.000963991715639,-0.014675251888,-0.000493580167789,-0.0493840567274,0.0368745068013,0,0,-6.58282889513,0.396228055224,0.530246455222,0,0.0162241351714,-0.168278247384,-0.211760549146,-0.0241286442629,0.00293068182013,0.00876518767864,-0.00962076728728,-0.0149059500842,6.35590933912,-0.39646170423,-0.548529914544,0.0272622816154
73.365382089,-0.00218482849389,0.0247033847743,0.0386130801409,0.0112601951396,0.0210040013097,0.010587565362,0.00388575336219,-0.00250359381276,-0.0178932784697,-0.0101863176353,-0.0556337533788,0.0323256391271,0,0,-7.3527776163,0.331333787094,0.464088829885,0,0.015093562637,-0.164010889306,-0.20445368843,-0.0232188191931,0.00374990138696,0.00789477707961,0.0600843811379,-0.0387124119416,7.07609856254,-0.336155745391,-0.484686114398,0.0238991854733
73.415382089,-0.00186820670885,0.0245468353399,0.0376418169233,0.0106149545746,0.0180747238791,0.0121442104557,0.00815616132823,-0.00335797883177,-0.020909987666,-0.0270000144649,-0.0530959387765,0.0294465510173,0,0,-8.1945116746,0.253146184532,0.378497779405,0,0.0127060383085,-0.158721879606,-0.195976364789,-0.0222238007062,0.00439132948753,0.00701983771694,0.126116575137,-0.0519235425347,7.87118604082,-0.265927343379,-0.398155488819,0.0217706007774
73.465382089,-0.00136921236107,0.0243675868911,0.0365220813743,0.00856019369308,0.015694407432,0.0135322204637,0.0102205269233,-0.00267925514114,-0.0239107968119,-0.0428524988187,-0.0463858944721,0.024712285062,0,0,-9.00554308047,0.176276917236,0.29257623498,0,0.0107907937453,-0.152455782924,-0.18735582248,-0.0205218786752,0.00455622775186,0.00606002012351,0.158037316796,-0.0414286168115,8.63581672498,-0.196562261717,-0.309749684691,0.0182704348657
73.515382089,-0.000846154016513,0.0242789098258,0.0352507372421,0.00632970469273,0.0134361344319,0.0146154389619,0.010689723028,-0.00107030772974,-0.0268900321982,-0.0476836786437,-0.042982738074,0.0196859856521,0,0,-9.48665725362,0.162961494289,0.249933427496,0,0.00890400562608,-0.146605558083,-0.178184424814,-0.0187831213517,0.00465599785574,0.00532578541862,0.165292372625,-0.0165498866176,9.07086376576,-0.185533803351,-0.265846926613,0.0145543610283
73.565382089,-0.000300240058269,0.0242605561181,0.0338330781544,0.00379182582871,0.0113961336246,0.0155008190289,0.0110261970696,-0.000455223358682,-0.0295112532854,-0.0462302491768,-0.0372150684597,0.0132776504269,0,0,-9.87562684373,0.174815508333,0.215816778079,0,0.00726363885386,-0.141072189381,-0.168685580776,-0.0169111200401,0.00465242805774,0.00472016747917,0.170495182138,-0.007038998937,9.41930210436,-0.196699798767,-0.229594912874,0.00981651217951
73.615382089,0.000256465690446,0.0242333874899,0.0322996119135,0.00170667977505,0.0097146275859,0.0159432040046,0.0111802186452,-0.000585137815451,-0.0316851953435,-0.0364333128058,-0.0301699579075,0.00266635302111,0,0,-10.2553085804,0.182966882733,0.181250983894,0,0.00536274998944,-0.135795347202,-0.158409814871,-0.0152972401662,0.00455125784236,0.00438836878303,0.172876777209,-0.00904783197613,9.76536874734,-0.200213538616,-0.19242080741,0.00197130411368
73.665382089,0.000817781806256,0.0242020423366,0.0306645586201,0.000148494548127,0.00837913783386,0.015767454331,0.0104898680754,-0.00114562857994,-0.0335147734963,-0.0236132271071,-0.0226294601233,-0.00957016656141,0,0,-10.6118841952,0.189468378481,0.150011730694,0,0.00304926638253,-0.130720347886,-0.147466941304,-0.0139942949966,0.00439857076416,0.00448084005599,0.162202068115,-0.0177145530927,10.0936540769,-0.200646313476,-0.158389835715,-0.00707547296318
73.715382089,0.00130545249799,0.024118824632,0.0289481345639,-0.000654642935661,0.00745168157357,0.0149861873484,0.00902286635032,-0.00224442636245,-0.0351819063304,-0.0159854950435,-0.0183474883683,-0.0216283005269,0,0,-10.9697169533,0.198083855705,0.120164690277,0,0.000581080194047,-0.125567121518,-0.135695626225,-0.0130606372325,0.00418789158168,0.00494918557382,0.139518206694,-0.0347049738951,10.4257083989,-0.205651005406,-0.126957480896,-0.0159903649153
73.765382089,0.00172006844129,0.0239775997003,0.027146367987,-0.00145005495622,0.00654438899703,0.0136046242784,0.00708978492933,-0.00326480083836,-0.0369641799814,-0.0122492823173,-0.0182946199624,-0.0296211527288,0,0,-11.3516359005,0.219587014527,0.086930779341,0,-0.00187096159822,-0.119580985119,-0.123739771936,-0.0120870130845,0.00402736085073,0.00572061161224,0.109627477653,-0.050482755756,10.7800685179,-0.225385530793,-0.0937039964897,-0.0218996883624
73.815382089,0.00201443099092,0.0237923445481,0.0252517165658,-0.00187957116739,0.00562221957733,0.0120240720755,0.00451031852548,-0.00391200617714,-0.0387257407646,-0.00456469584731,-0.0168688904653,-0.0349142397228,0,0,-11.7350818054,0.241547778949,0.0534265677819,0,-0.00403065509083,-0.113274964238,-0.111374398332,-0.0112147820247,0.0038742247501,0.00651644683872,0.0697418678126,-0.0604903215032,11.1362758723,-0.243708596411,-0.0596719370989,-0.0258130051973
73.865382089,0.00217110029384,0.0235863990826,0.0232737939106,-0.00190652454095,0.0048574999505,0.0101132003061,0.00200959795154,-0.00445168320723,-0.040020533716,0.000957768985664,-0.0152266677457,-0.0395769224142,0,0,-12.0989030027,0.257601141524,0.0232354236181,0,-0.00586475901694,-0.106866624449,-0.0987721719072,-0.0104491532802,0.00370125047607,0.00739099492546,0.0310738840064,-0.0688352053249,11.4800760271,-0.257147756673,-0.0288727928176,-0.0292602477408
73.915382089,0.00221539078608,0.0233471762274,0.0212496631942,-0.00178379426883,0.00409955280276,0.00806637983412,-0.000193227565122,-0.00521202871106,-0.0409385256402,0.00197734157184,-0.0164221508541,-0.0412821850881,0,0,-12.4744310162,0.263065551189,-0.00893517757362,0,-0.00731650118933,-0.10030520458,-0.0864548903307,-0.00966842104127,0.00351235039947,0.00817431558844,-0.00298782696352,-0.080592227655,11.8414093731,-0.262129525146,0.00285520466289,-0.0305209927724
73.965382089,0.00215177753732,0.0230651962115,0.0191799413466,-0.00170879038377,0.00321528486508,0.00598498179727,-0.00265737924525,-0.00672374456159,-0.041935059203,0.00446930974421,-0.0174951420261,-0.0401056381625,0,0,-12.7906979528,0.267260705235,-0.0350340186879,0,-0.00832711880924,-0.0935137821965,-0.0746528309762,-0.00879817488521,0.00330352778403,0.00878755965107,-0.0410903555932,-0.103967491824,12.1422671736,-0.265145041265,0.0285567922556,-0.0296511410401
74.015382089,0.00194965286155,0.0226748017712,0.0170561572739,-0.00133686329441,0.00235003860015,0.00405581601788,-0.00541522864567,-0.0102774150189,-0.0429339830693,0.00744905213629,-0.0174732299268,-0.0371897670194,0,0,-12.8971498697,0.266875215834,-0.0392104759356,0,-0.00871487546306,-0.0864353933024,-0.0629788242146,-0.00789698026919,0.0030240540603,0.00912880030876,-0.0837342547423,-0.158916962439,12.2332729939,-0.26334901333,0.0327413620198,-0.0274953616914
74.065382089,0.00161025467276,0.0220374547096,0.0148865430396,-0.000963885170138,0.0014679618724,0.00226600509533,-0.0079753384494,-0.0141802699756,-0.0427309374863,0.00478930754318,-0.0152631416269,-0.033542439396,0,0,-12.9421258799,0.264101245589,-0.035859496017,0,-0.00838312930249,-0.0782092715193,-0.0516099706868,-0.00685107091432,0.00266658891005,0.00910189287392,-0.123320558572,-0.21926578103,12.2813886444,-0.261834102341,0.0302086230925,-0.0247987975489
74.115382089,0.00115211901661,0.0212567747737,0.0127830635253,-0.000857932540089,0.00082372443746,0.000701572078274,-0.0104381548384,-0.0163107351015,-0.0409827451894,0.00348732883947,-0.0117317138156,-0.0277312400114,0,0,-12.9703664699,0.260848702171,-0.0306886534954,0,-0.00734872096614,-0.0698587984912,-0.0415341551967,-0.0057417344117,0.00226354718196,0.00880636167983,-0.161402439946,-0.25220860233,12.3366610716,-0.259197884394,0.0263452210895,-0.0205024267527
74.165382089,0.000566439188917,0.0204063811995,0.0107882685207,-0.000615152286191,0.000294790490849,-0.000507118905817,-0.0132114212652,-0.0175495550493,-0.0387316982916,0.00452702357685,-0.00799842224521,-0.0223045916765,0,0,-12.9929971042,0.257267967615,-0.0248749877139,0,-0.00579872649023,-0.0620992096505,-0.0326800993541,-0.00469821242266,0.00185370288293,0.00835762475197,-0.204284728515,-0.271364149007,12.3940990514,-0.255124983303,0.0219137318461,-0.0164903645458
74.215382089,-0.000169023109908,0.0195018192687,0.00890989369609,-0.000405230182404,2.38822129392e-05,-0.00152888708938,-0.0166007570328,-0.0173296435101,-0.0357282514653,0.00127290107614,-0.00277282923673,-0.0160665119677,0,0,-13.0136232563,0.253500100381,-0.018810022706,0,-0.0038057266246,-0.0549404449033,-0.0251138259037,-0.00372562783128,0.00147003607392,0.00787919246905,-0.256693135092,-0.267963714778,12.461166711,-0.252897539561,0.0177834381377,-0.011878390027
74.265382089,-0.00109363651436,0.0186734168485,0.00721544337415,-0.000487862178577,1.75075671756e-05,-0.00211377010259,-0.0203835340625,-0.0157993751624,-0.0319912233021,0.000100860297236,0.00142925777986,-0.00753979415946,0,0,-13.0335444097,0.249647981463,-0.0126509701042,0,-0.00124864536221,-0.049134175577,-0.0191850196819,-0.00285602264628,0.00112987522261,0.00741318500331,-0.315185220314,-0.244301578231,12.5388725469,-0.249600236619,0.0131801242121,-0.00557436585674
74.315382089,-0.00220737651616,0.0179218817525,0.00571077136588,-0.000395144152681,0.000166807990925,-0.00228286650533,-0.0241863090459,-0.0139984050911,-0.027725686067,0.00290286355213,0.00618043060951,-0.00247534255596,0,0,-13.0544063631,0.246039592974,-0.0066580917187,0,0.00169091867172,-0.0446275274616,-0.014377668508,-0.00215086187317,0.000818000230648,0.00692294260028,-0.373986528628,-0.216453652206,12.6256913795,-0.244665447037,0.00894627254326,-0.00183008511053
74.365382089,-0.00351226741895,0.0172735763393,0.00444287476746,-0.000197575823364,0.000635550628127,-0.00236130435818,-0.0277914383089,-0.0120854743192,-0.0231048255496,0.00263661736266,0.00954647969801,0.000186768123655,0,0,-13.0751648675,0.242413604916,-0.000649787264562,0,0.00491610774888,-0.0413310278389,-0.0106555749871,-0.00160819681057,0.000530593899501,0.00645110564545,-0.429731693209,-0.186874507346,12.7179010334,-0.241165493535,0.00418418044316,0.000138082529789
74.415382089,-0.00498652034705,0.0167133343206,0.00340028881092,-0.000131482416415,0.00112145596073,-0.00226418969296,-0.0308815609036,-0.0111507456781,-0.0197037616633,0.00261157662242,0.0101599959845,0.00264844052243,0,0,-13.0958813346,0.238779668269,0.00536503219307,0,0.00846133892866,-0.0389510409747,-0.00788843766266,-0.00117488557563,0.000272200417177,0.00592422721209,-0.477513445275,-0.172421044479,12.7912072559,-0.237543410574,-0.00160349687973,0.00195806093768
74.465382089,-0.00660042350931,0.0161585017715,0.00247249860113,6.35818388784e-05,0.00165155022658,-0.00209646030594,-0.0337159178691,-0.011119784562,-0.0175483937328,0.00437967634874,0.00970801791494,0.00231412479039,0,0,-13.105461926,0.233726408804,0.0103525370824,0,0.0122111421704,-0.036906915107,-0.00550634224089,-0.000838345351468,1.39308893223e-05,0.00527784153867,-0.521340360758,-0.171942300892,12.8341157341,-0.231653175133,-0.00675833760978,0.00171089262478
74.515382089,-0.00835811213396,0.0156013558644,0.00164544943764,0.000306485218459,0.00209225775222,-0.00203277721392,-0.0350245821304,-0.0107565345376,-0.0157756530485,0.00517760932315,0.00752210201746,0.0010457285569,0,0,-13.0709896518,0.223554923505,0.0116247438456,0,0.0160502924582,-0.0348604616417,-0.00345145142286,-0.000579255732401,-0.000240928848882,0.00450332475817,-0.541575891666,-0.166325461407,12.8270548823,-0.221103967514,-0.00883983601572,0.000773134311055
74.565382089,-0.0101028817224,0.0150828483178,0.000894933296274,0.000581342771194,0.00240376042832,-0.00199188745025,-0.033796058422,-0.00940282876436,-0.0140680718418,0.00600005271865,0.00215352340656,0.000477113209707,0,0,-13.0200716092,0.211020600011,0.0116899026278,0,0.0193799788721,-0.0325397383545,-0.0016450617121,-0.000393566450108,-0.000484208971241,0.00362673627313,-0.522579553027,-0.14539346546,12.8025407183,-0.208180319055,-0.010892603657,0.00035274220088
74.615382089,-0.0117377179762,0.0146610729879,0.000238642253452,0.000906490490324,0.00230761009288,-0.00198506589295,-0.0309475516401,-0.00849430093744,-0.013166204361,0.00504861617671,-0.00366992642331,0.000254947394065,0,0,-12.9624774011,0.197348862777,0.0113016178014,0,0.0215574124758,-0.0297289200393,-0.000172442337007,-0.000277717712363,-0.000674819699459,0.00272483666088,-0.478533842657,-0.131345138884,12.7588918496,-0.194958969046,-0.0126603346611,0.000188489237064
74.665382089,-0.0131976368864,0.014233418224,-0.000421687139824,0.00108620438887,0.00203676778599,-0.00196639271084,-0.027026059229,-0.00893799696576,-0.0134977705777,0.00388709550214,-0.00882138034548,-0.00108106468798,0,0,-12.9032481636,0.18341634957,0.0109074954269,0,0.0220254716056,-0.0259244464605,0.00111223523089,-0.000187924035378,-0.000840500898063,0.0017753774302,-0.417896838016,-0.138205893747,12.694535691,-0.18157629185,-0.0141734350723,-0.000799259231507
74.715382089,-0.0144403238991,0.0137672732914,-0.00111113480432,0.00129520004054,0.00142547205833,-0.00209317236175,-0.0219253572907,-0.00954379031434,-0.0136610894248,0.00366243924327,-0.0156644231801,-0.000833411494869,0,0,-12.8455582831,0.169879751298,0.0108505763316,0,0.0217798581963,-0.022106307829,0.00232593620592,-0.000145810412076,-0.00101091314223,0.000826543281398,-0.339026026937,-0.147573116793,12.6343204542,-0.168146040459,-0.0166500157256,-0.000616162786856
74.765382089,-0.0153901726154,0.0132790391926,-0.0017877960823,0.00145244831319,0.000470325467986,-0.00204973386033,-0.0148783064705,-0.010441496765,-0.0135036928316,0.000893703405334,-0.020640112397,0.000990617260152,0,0,-12.7874105406,0.156245883531,0.0107700486468,0,0.0241639965462,-0.0207502471307,0.00356281984532,-0.000130428218297,-0.00124495945224,-4.2155382376e-05,-0.230059335562,-0.161454115277,12.5786064938,-0.155822825787,-0.0184116374595,0.000732389096479
74.815382089,-0.0159281545461,0.0127231236149,-0.00246150408749,0.00138457038107,-0.000638539181371,-0.00199411063573,-0.00676410921426,-0.0115686161439,-0.0133681338563,-0.00232206196819,-0.0223596513746,0.000150216101778,0,0,-12.7290669867,0.14256899788,0.0106797400305,0,0.0277612771727,-0.0213010595703,0.00485494380828,-0.000134804341589,-0.00151674371967,-0.000663312338808,-0.10459163982,-0.178882465467,12.5223590526,-0.143668206286,-0.0189579537589,0.000111058669663
74.865382089,-0.0160665835369,0.0121221775782,-0.00312460946793,0.00122024211637,-0.00176563966947,-0.00203471225015,0.000884320900961,-0.011713978383,-0.0130091280569,-0.00221795873568,-0.0232758680795,-0.00105599497343,0,0,-12.6706392429,0.128873203365,0.0105853179661,0,0.0299922057249,-0.0214900098636,0.00622856641783,-0.000153990729926,-0.00173183587223,-0.0010442343866,0.0136740212538,-0.181130163498,12.469482521,-0.129923131799,-0.0192027426052,-0.000780724539727
74.915382089,-0.015839722456,0.0115517257766,-0.00376241689317,0.0011627745075,-0.00296612598932,-0.00209971013308,0.00797223357606,-0.0109524307985,-0.012388521273,-0.00409759756903,-0.0216195347087,-0.00111510019562,0,0,-12.6121751709,0.115169129958,0.0104891475495,0,0.0303360479165,-0.0209399152475,0.00747541560856,-0.000191350267664,-0.00184723519553,-0.00118403449516,0.123272548733,-0.169354553711,12.4206147283,-0.117108834305,-0.0184933478847,-0.00082442256723
74.965382089,-0.0152693601792,0.0110269344984,-0.00436346159523,0.00081048235947,-0.00392759314034,-0.00214622226972,0.0138525488272,-0.0100141355445,-0.010657176874,-0.00450610770901,-0.0182914702706,-0.000482426977529,0,0,-12.5434093711,0.104993089725,0.0107636598244,0,0.0289788432044,-0.0198570722745,0.00852274239448,-0.000181431249453,-0.00188097272686,-0.0011027169553,0.2141983152,-0.154845941248,12.3786202511,-0.107126172968,-0.0175357108627,-0.000356670807589
75.015382089,-0.0144544675733,0.0105503122221,-0.00482813458057,0.000712163736604,-0.00479527301638,-0.00214795283083,0.01862692722,-0.00914098185124,-0.00774604761986,-0.00347794193205,-0.0116847380801,0.00085698215074,0,0,-12.4327865084,0.109184544198,0.012549088079,0,0.0265095924046,-0.0184615478072,0.00907189602059,-0.000183565565033,-0.00181157570084,-0.000886630173251,0.288023271216,-0.141344595586,12.3130114136,-0.110830918438,-0.0168751286584,0.000633589185578
75.065382089,-0.0134066674572,0.0101128363132,-0.00513806635721,0.000462688166265,-0.00509606694835,-0.00206052405464,0.0212002474463,-0.00817174082148,-0.00450823087804,-0.00569501402318,-0.00147609267585,0.00162112333648,0,0,-12.3003189775,0.118763667357,0.0156086268779,0,0.0232054104008,-0.0168770976485,0.00917054620492,-0.000138517458546,-0.00171276791314,-0.000580988274428,0.327813844332,-0.126357476739,12.2306093904,-0.121459550316,-0.0161551206693,0.00119853863187
75.115382089,-0.0123344428287,0.00973313813997,-0.00527895766838,0.000142662334286,-0.00494288228397,-0.00198584049718,0.0211514052749,-0.00695969877867,-0.00112563894779,-0.00620709998255,0.00894776540011,0.00182592052798,0,0,-12.1582189893,0.130651726116,0.0192453496432,0,0.0199743802793,-0.0154180106388,0.00892124097112,-6.86587346739e-05,-0.00161376170115,-0.000274782370673,0.327058610694,-0.107615989757,12.1408135306,-0.133590018277,-0.0159326184591,0.00134995052027
75.165382089,-0.0112915269298,0.00941686643536,-0.00525063025199,-0.00015802183199,-0.00420129040834,-0.00187793200184,0.0189117527694,-0.00496275357764,0.00193363498837,-0.003412253325,0.0179805718536,0.00159581883212,0,0,-12.0127893153,0.143744022505,0.0229881563867,0,0.0170073376981,-0.0141190108278,0.00840792532987,2.71831553524e-06,-0.00154305744408,-4.18036780069e-06,0.292427453693,-0.0767377519,12.042688604,-0.145359301335,-0.0163312092693,0.00117983035388
75.215382089,-0.0104432675517,0.00923686278221,-0.00508559416954,-0.000198562998215,-0.0031448250986,-0.00182625861397,0.0142135118243,-0.00192046207531,0.00451968890514,-0.00143248910164,0.0246980769553,0.00189975680323,0,0,-11.8634674862,0.157933294127,0.0264078599911,0,0.0147482497509,-0.0132142561265,0.00780015255931,3.81912615384e-05,-0.00148724849226,0.000217246911622,0.219779790984,-0.0296955994214,11.9333542457,-0.158611400088,-0.0172638909599,0.00140453959831
75.265382089,-0.00987017574733,0.00922482022783,-0.00479866136148,-0.000301270742154,-0.0017314827128,-0.00168795632152,0.00831116486086,0.000634460489522,0.00598945138004,-0.00157933818473,0.0297567063249,0.00269284233866,0,0,-11.7030571415,0.1748038435,0.0282681977858,0,0.0132586630928,-0.0127694290662,0.0071891667904,6.9496384484e-05,-0.0014469205598,0.000378772349241,0.128513353951,0.00981049549885,11.7956704512,-0.175551464292,-0.0172513724032,0.00199088835487
75.315382089,-0.00961215106563,0.00930030883116,-0.00448664903153,-0.000356496816688,-0.000169154466118,-0.0015569743801,0.00184399235331,0.00216028811159,0.00620203319316,-4.52715883117e-05,0.032230621991,0.00198577093771,0,0,-11.5552677551,0.188748245674,0.0279442162035,0,0.0125257813335,-0.0126308575175,0.00669936130124,8.19029430729e-05,-0.00140799321968,0.000471452652297,0.0285131682441,0.0334039662753,11.6511681614,-0.188769676158,-0.0160114730238,0.00146813208429
75.365382089,-0.009685776512,0.00944084903899,-0.00417845804216,-0.000305797900985,0.0014915794863,-0.00148937922775,-0.00460660238146,0.00322385050013,0.00591369417876,0.00243146828821,0.0299434890439,0.00125258785707,0,0,-11.4073700089,0.202733162496,0.0276162188962,0,0.0124539951107,-0.0126921555245,0.00633380096313,7.74452398555e-05,-0.00139862004234,0.000504340097923,-0.0712306797265,0.0498495514579,11.498811905,-0.201582163763,-0.0165302409474,0.000926070770019
75.415382089,-0.0100728113038,0.00962269388117,-0.00389527961366,-0.000113349987867,0.00282519443827,-0.0014317155944,-0.0101793131902,0.00320989695153,0.00447240342037,0.00257548022704,0.0241684121109,0.00246635140369,0,0,-11.261320921,0.217182175574,0.0275741844012,0,0.0129733743455,-0.0128734817326,0.00606304979645,5.10264565838e-05,-0.00144076923347,0.000451306710837,-0.157400039692,0.0496337914099,11.3304765175,-0.215963005046,-0.0186263131854,0.00182343771788
75.465382089,-0.010703707831,0.00976183873415,-0.00373121770013,-4.82498782806e-05,0.00390842069739,-0.00124274408738,-0.0149325644645,0.00233380491384,0.00214309554255,0.00331668541716,0.0167459380693,0.00324357095044,0,0,-11.1316134798,0.229202728371,0.0285365953431,0,0.0140428001437,-0.0130636442112,0.00601883020758,2.66403975232e-05,-0.00153840382133,0.00026579012202,-0.230898312636,0.0360870109023,11.1647516019,-0.227632689095,-0.0223367466918,0.00239805633651
75.515382089,-0.0115660677502,0.00985607437255,-0.0036809700594,0.000218318553849,0.0044997882452,-0.00110735849935,-0.0187318910831,0.00171806180446,-0.000683626309606,0.00354307574387,0.00958241877412,0.00355783281747,0,0,-11.0635410477,0.230997916033,0.0330387893104,0,0.0159643913119,-0.0134638030248,0.00622470477791,-2.65306377002e-05,-0.00166053649564,-5.79969989658e-05,-0.289646299795,0.0265659373243,11.0529703141,-0.22932070901,-0.0294910904077,0.00263039830561
75.565382089,-0.0125768969393,0.00993364491459,-0.00379958033109,0.000306057696106,0.00486666257481,-0.000886960805634,-0.0214072360131,0.00153954401257,-0.0040812783032,0.00544192633651,0.000271578663404,0.0043466456538,0,0,-11.0222745556,0.228344609349,0.0390823074557,0,0.0189978781374,-0.0144105913791,0.00686208293538,-6.71858046477e-05,-0.00184042738352,-0.000492627508062,-0.331014454039,0.0238055637113,10.9591668238,-0.225768532028,-0.0389817608871,0.00321358814464
75.615382089,-0.0137067913515,0.0100100287738,-0.00408909788972,0.0007625111875,0.00452694611154,-0.000672693933971,-0.0221446803098,0.00154781094563,-0.00667017502201,0.00692762817563,-0.00987309073267,0.00470078208425,0,0,-10.9943485728,0.223361357786,0.046050977375,0,0.023182241468,-0.0158755594793,0.00792698253827,-0.000159584497636,-0.00202691223127,-0.00103669373196,-0.342417361034,0.0239333931206,10.8912094127,-0.220081984871,-0.049706291757,0.00347541041522
75.665382089,-0.0147913649703,0.0100884260092,-0.00446659783329,0.000998820513669,0.00387935350154,-0.000416882597209,-0.020915690595,0.0015325687983,-0.00834143641626,0.00439526101718,-0.0163306092529,0.00507396469046,0,0,-10.9710001524,0.21765177504,0.0532374665475,0,0.0277100676106,-0.0174499593443,0.0092617674929,-0.000230315028941,-0.00222822595295,-0.00160504480631,-0.323413816662,0.0236977078095,10.8420187174,-0.21557116396,-0.0592835480112,0.00375131401874
75.715382089,-0.015798360411,0.0101632856536,-0.00492324153135,0.00120203728922,0.00289388518626,-0.000165297464924,-0.0182950907901,0.000484230072502,-0.00906918174225,0.00382063833667,-0.0216023955269,0.00479400860374,0,0,-10.9492915395,0.211708544549,0.060465831054,0,0.0322791356732,-0.0189542669045,0.0108160883178,-0.000300957802045,-0.00244838703413,-0.00217455165135,-0.282892171871,0.00748752211546,10.8090571701,-0.209899946056,-0.0684636859499,0.00354433520497
75.765382089,-0.0166208740493,0.0101368490164,-0.00537351600751,0.00138088434734,0.00171911394884,6.25182631652e-05,-0.0141752953894,-0.00193234473856,-0.00860766690605,0.00313825538588,-0.0232527925334,0.00346185973737,0,0,-10.928195424,0.205687268712,0.0676972703404,0,0.0363227699721,-0.0200245465491,0.0123274384294,-0.000369649965725,-0.00266236035022,-0.00271214008408,-0.219188860314,-0.0298793379146,10.795097337,-0.204201693931,-0.0763061517201,0.00255944291219
75.815382089,-0.01721588995,0.00997005117979,-0.00578400822195,0.00151586282781,0.000568605932919,0.000180888508812,-0.0102604489602,-0.00436225750901,-0.00698433236582,0.001018488846,-0.0215135116295,0.00256492739666,0,0,-10.9073368025,0.199638806666,0.0749257127749,0,0.0395070111621,-0.0205051088563,0.0136673445539,-0.000434378686335,-0.00285821927947,-0.0031798031514,-0.158654620741,-0.0674524392987,10.7993399101,-0.19915667849,-0.0828906601855,0.00189631751246
75.865382089,-0.0176469189453,0.0097006232655,-0.00607194924409,0.00148273323194,-0.000432237214103,0.000319011002831,-0.00721391681342,-0.00635242068588,-0.00428688283402,0.00200820352477,-0.0190693423543,0.00198639069546,0,0,-10.8865731738,0.193580458338,0.0821516113158,0,0.0419393337371,-0.0204950559468,0.014659466766,-0.000496990879639,-0.0030000300924,-0.00360637458089,-0.111546896294,-0.0982258085016,10.8202862332,-0.192629822987,-0.0892116539356,0.00146859028731
75.915382089,-0.0179372816313,0.0093348091112,-0.00621269650536,0.00171668318028,-0.00133832830251,0.000379527578358,-0.00433576847287,-0.00806246332902,-0.00119598261054,0.0027988654811,-0.0133688918065,0.00177139212059,0,0,-10.8658484732,0.187518366059,0.0893760485988,0,0.0436756804674,-0.0200190441817,0.0151169412938,-0.000587025605347,-0.00304341871507,-0.0039791343673,-0.0670428463074,-0.124667747646,10.847355309,-0.186193450313,-0.0943256134123,0.00130963625094
75.965382089,-0.0180804957926,0.0088943769326,-0.00619154750515,0.00176261978005,-0.00176912639476,0.000496150214889,-0.00172559792948,-0.00910558392557,0.00274428592267,-0.000135601639642,-0.00542488676406,0.00021113183802,0,0,-10.8731793242,0.184949847036,0.0947764677525,0,0.0445845163905,-0.0191246567445,0.0151068367882,-0.000635525524503,-0.00299833994226,-0.00429342899735,-0.0266824664412,-0.140797246781,10.9156134948,-0.185014037597,-0.0967849235792,0.000156095257276
76.015382089,-0.0181098414243,0.00842425071864,-0.00593826791309,0.00170312301632,-0.00188081697891,0.00040064076216,0.000547229932977,-0.00956276099142,0.00723279714276,0.00264200023374,0.000834375215169,-0.000740295274881,0,0,-11.0189163444,0.198422009322,0.0901425852987,0,0.0448122825972,-0.0180339769063,0.014431889086,-0.000627579602521,-0.00286327155222,-0.00450180589101,0.00846167237041,-0.147866455378,11.1307551823,-0.197171349819,-0.0898336745628,-0.000547319544397
76.065382089,-0.0180257727993,0.00793810083346,-0.00546826779087,0.00202681980342,-0.00168568887324,0.000422120687401,0.00278997403428,-0.0094764320852,0.0111058926065,0.00110671897038,0.00466247002512,0.000420351622914,0,0,-11.2160405938,0.218734997352,0.0825469556999,0,0.044355689563,-0.0167124696313,0.0130258187526,-0.000620013947598,-0.00264741127007,-0.00464393978296,0.0431406339044,-0.146531574231,11.387768087,-0.218211103153,-0.0808207694225,0.000310776883963
76.115382089,-0.0178308440208,0.00747660751012,-0.00482767865244,0.00181379491336,-0.0014145699764,0.000442675924451,0.00482936482867,-0.00904785863774,0.0143544717563,-0.00656711309349,0.00921700125327,0.0012840312247,0,0,-11.4261415362,0.240598653627,0.0739537345278,0,0.0432755188684,-0.0154094772597,0.0112897688506,-0.000520803705804,-0.00236870308335,-0.00469592838754,0.0746751967954,-0.139904655854,11.6481009535,-0.243707367355,-0.0705413241538,0.00094931766923
76.165382089,-0.0175428363165,0.00703331496969,-0.00403282061524,0.00137010849407,-0.000763988747914,0.000550523809871,0.00553548253217,-0.00837447874814,0.0166497821347,-0.00501527969042,0.0126184635517,0.00197069564328,0,0,-11.6399603634,0.262906583792,0.0650746985847,0,0.0417125787968,-0.0140907570345,0.00928395340701,-0.00036906754026,-0.00204633996889,-0.00468643935281,0.0855937089269,-0.129492359919,11.8974115607,-0.26528069683,-0.0604029648239,0.00145698652716
76.215382089,-0.0172772957676,0.00663915963531,-0.00316270043897,0.00131226694431,-0.000152723621229,0.000639745488779,0.00498863277289,-0.00730180578771,0.0181120340918,-0.00531880165118,0.0124782450662,0.00242966647261,0,0,-11.8548443824,0.285341800557,0.0561137753386,0,0.04030086957,-0.0129383646441,0.00708197889709,-0.000243784591373,-0.00171360755791,-0.0046630163512,0.0771379150823,-0.112905900362,12.1349059968,-0.287859593608,-0.0514939546678,0.00179631559453
76.265382089,-0.0170439730392,0.00630313439092,-0.00222161720606,0.000838228328953,0.000483835758705,0.000793490457132,0.00486787337081,-0.00538695104206,0.0180141429169,-0.00868808630038,0.0118922966701,0.00378708221083,0,0,-12.0500957328,0.303140053226,0.0504988878383,0,0.0390906164517,-0.0119779672953,0.00494393034923,-7.20465392048e-05,-0.00138122741101,-0.00465544454176,0.0752706442433,-0.0832970056031,12.3286436817,-0.307252784767,-0.0460960028421,0.00279988834261
76.315382089,-0.0167905084305,0.0061004645311,-0.00136128614728,0.000443458314276,0.00103650604578,0.00101845370986,0.00534057787095,-0.00249085651482,0.0159579755852,-0.00609890883277,0.00788759951394,0.00603601348281,0,0,-12.2449616873,0.32083792235,0.0450654292384,0,0.0378555758809,-0.0113254118793,0.00304947247968,8.37181567092e-05,-0.00109746958846,-0.00460137402801,0.082579949468,-0.0385154584572,12.4917156621,-0.323724999418,-0.0421452032703,0.00446258170419
76.365382089,-0.0165099152521,0.00605404873943,-0.000625819647538,0.000228337445675,0.0012725957101,0.00139709180541,0.00637205107424,0.000732114354321,0.0127545682552,-0.00512320991798,0.00438071701937,0.00773605909659,0,0,-12.4472936301,0.340282940709,0.0407545396647,0,0.0365254654234,-0.0109911966325,0.00142950968614,0.000202697699338,-0.000862566311614,-0.00450225961914,0.0985293480282,0.0113204914984,12.6445141609,-0.342708145327,-0.0391326668026,0.00571946962764
76.415382089,-0.0161533033231,0.00617367596653,-8.58293217608e-05,-6.88626775227e-05,0.00147457774772,0.00179205961952,0.00809419871642,0.00409876392801,0.00864421468747,-0.0046110493814,0.00255002471642,0.00818666160918,0,0,-12.655959723,0.358244227372,0.035373909506,0,0.0349148591418,-0.0109867234395,0.000316889018944,0.000292907921969,-0.00069384550072,-0.00431097488256,0.125158463585,0.0633781074324,12.7896229387,-0.360426987484,-0.0344298138553,0.00605261178087
76.465382089,-0.0157004953804,0.00646392513223,0.000238601821209,-0.000232767492464,0.00152759818174,0.00221575796633,0.00999301101844,0.00750106697326,0.00421874308941,-0.003849366328,-0.00211389048667,0.00884181221454,0,0,-12.8027100617,0.37475062223,0.0297445755991,0,0.032901667019,-0.0112725035601,-0.000337500604757,0.000324653631464,-0.000585356510866,-0.00401172433409,0.154519298263,0.11598702361,12.8679433753,-0.376572819865,-0.030527201274,0.00653698165732
76.515382089,-0.0151540022213,0.00692378266386,0.000336044987181,-0.000453799310323,0.00126318869905,0.00267624084098,0.0122038585102,0.0113595346614,-0.000645803833386,-0.00202145323567,-0.00581594201258,0.00990935823745,0,0,-12.6697183672,0.383002992835,0.0290204182837,0,0.0304699796954,-0.011767378064,-0.000501219496996,0.000320062916646,-0.00052487670347,-0.00360669083807,0.188705050921,0.175649493554,12.6597324725,-0.383959900282,-0.031173654495,0.00732624618826
76.565382089,-0.0144801095294,0.00759987859837,0.00017402143787,-0.000434912816031,0.000946003980483,0.00320669379008,0.0145207336937,0.0155718425282,-0.00570541317533,-0.00470983047389,-0.00560846430997,0.00997621681434,0,0,-12.4597550092,0.389641964042,0.0268692530774,0,0.0273832072366,-0.0124063723709,-0.00019756729919,0.000247030877763,-0.000526889378455,-0.00306030135276,0.224530281861,0.240783301017,12.3715337075,-0.391871484753,-0.0289456748189,0.00737567647248
76.615382089,-0.0137019288519,0.00848096691668,-0.000234496330352,-0.000924782357712,0.000702342268056,0.00367386252241,0.0159632445723,0.0193380172497,-0.0102617889342,-0.00397829458967,-0.00442033511223,0.00805183372973,0,0,-12.2171640743,0.394898374166,0.023958628048,0,0.02355479867,-0.0128431978361,0.000581559335038,0.000217054586925,-0.000585830210652,-0.00235762814599,0.246835447769,0.299018669118,12.0584887339,-0.396781603346,-0.0255951687166,0.00595293002407
76.665382089,-0.0128837850722,0.00953368032334,-0.000852157455546,-0.000832742274998,0.00050397046926,0.00401187716305,0.0166448994049,0.0227107832554,-0.0143515312347,0.00313060103175,-0.00352824792005,0.00608957533627,0,0,-11.9603635675,0.400357240253,0.021266312016,0,0.0188589054858,-0.0125410870376,0.00146462692646,0.000127347357235,-0.000682121815781,-0.00149754647215,0.25737569697,0.351170861829,11.7384496188,-0.398875288859,-0.0225725752434,0.00450218137506
76.715382089,-0.0120374389114,0.0107520452422,-0.00166964945382,-0.000611722254537,0.000349517476051,0.00428282005604,0.0169756102857,0.0250942776528,-0.0174643508601,3.39025764527e-05,-0.00264167834465,0.00435961402835,0,0,-11.7025941953,0.40712451779,0.0194550676149,0,0.0153766574652,-0.0133613215077,0.00264981549343,6.02275867705e-05,-0.000874957170256,-0.000543189009709,0.262489392244,0.388026208133,11.4325475362,-0.407108469124,-0.0204330961884,0.00322317600112
76.765382089,-0.0111862240436,0.0120431080886,-0.00259859254156,-0.000829352017353,0.000239802634795,0.00444783856588,0.0172278844671,0.0264663925,-0.019487981184,0.00184832730915,-0.00236964041909,0.00220935099464,0,0,-11.4440920478,0.413366160268,0.0179796674615,0,0.0171300204311,-0.019144720429,0.00445358693218,0.000113593118665,-0.00125422372956,0.000369755131493,0.266390241489,0.409242858744,11.1427545259,-0.41249120648,-0.0188569794338,0.00163343063346
76.815382089,-0.0103146504647,0.0133986844922,-0.00361844757222,-0.000426889523622,0.000112553434142,0.0045037551555,0.0171718118071,0.0274323902714,-0.0194169718374,0.00610813420714,-0.00164721555793,0.000503912670007,0,0,-11.1978192549,0.416435644758,0.019343023836,0,0.0187917984294,-0.0257902113614,0.00712304231783,0.000135999218525,-0.0016770728602,0.00134825601433,0.265523204711,0.42417982794,10.8975797318,-0.41354420062,-0.019952872452,0.000372555738665
76.865382089,-0.00946904286292,0.0147863471158,-0.0045402897253,-0.000218538596639,7.50810790026e-05,0.00449822983288,0.016445858507,0.0279416551426,-0.0172444030133,0.00399166159593,0.000808605832494,0.000196322514276,0,0,-10.9357880363,0.419019347982,0.0232882011161,0,0.0193057532579,-0.0323037534693,0.00994512638746,0.000229580506079,-0.0020697019199,0.00241980482698,0.254297979972,0.432054456557,10.6691423729,-0.417129791182,-0.0229888309788,0.00014514633919
76.915382089,-0.00867006461399,0.0161928500065,-0.00534288787355,-2.77233640296e-05,0.000193414017391,0.00452338740693,0.0149830981822,0.0271893994079,-0.0141541433738,0.00635146848802,0.00109813990783,8.36039533747e-05,0,0,-10.6665558655,0.419967070111,0.0284149834446,0,0.0192119354795,-0.0389844329186,0.0127912336387,0.00036201066485,-0.00244426215744,0.0035411355298,0.231679702208,0.420422524197,10.4476940733,-0.416960437364,-0.0280084191065,6.18105764327e-05
76.965382089,-0.0079707330447,0.0175052870566,-0.00595570406268,0.000416608252164,0.000184895069786,0.00450659022822,0.0129949922066,0.0253131980541,-0.0102957431912,0.00636421813324,-0.000158696466992,-9.07752812624e-05,0,0,-10.4517975179,0.419295530181,0.0329501837934,0,0.0188214444076,-0.0454748219373,0.0154259051546,0.000460329505669,-0.00275105086632,0.00463774733162,0.200938142967,0.391411316658,10.2925971518,-0.416282862058,-0.0330089379863,-6.71125255946e-05
77.015382089,-0.00737056539333,0.0187241698119,-0.00637246219268,0.000608698449294,0.000177544370692,0.0045143098788,0.0107103360098,0.0231609606499,-0.00613309634245,0.00632070008773,0.00105092265871,0.000791010038375,0,0,-10.4535217985,0.411363713255,0.0352916801289,0,0.0182961838258,-0.0518054566474,0.0175627505233,0.000580368098376,-0.00299879530818,0.00567730988357,0.165611105735,0.358131836351,10.3586873446,-0.40837164553,-0.0349025970329,0.000584814287632
77.065382089,-0.00689969944373,0.0198213831215,-0.00656901369692,0.00104867826094,0.000289987335656,0.00458569123206,0.00763192891879,0.0201263671309,-0.0013356607984,0.00735564641206,0.00128398487324,0.00250416600935,0,0,-10.5634823958,0.39917482956,0.0363452522756,0,0.0178552951447,-0.0577509539287,0.0192225073457,0.000610628401228,-0.00318607590632,0.00661702290141,0.118010507418,0.311208715763,10.5428294245,-0.395692843084,-0.035869882556,0.00185139503903
77.115382089,-0.00660737250145,0.020736806525,-0.00650602827252,0.0013442630905,0.000305942858016,0.00476472647974,0.00440531213246,0.0158961295044,0.00368630318757,0.00794987667447,-0.000687750314775,0.00421147915488,0,0,-10.7099021164,0.387043497862,0.0368305245389,0,0.0177073973821,-0.0629008681482,0.0199362843768,0.000584551210453,-0.00327561381761,0.00737176056383,0.0681181816051,0.245797665146,10.766902452,-0.383280217041,-0.0370851503379,0.00311365603766
77.165382089,-0.00645916823048,0.021410996072,-0.00620038337817,0.00184366592838,0.000221212304179,0.00500683914755,0.00202632549949,0.0105212803471,0.00833633537251,0.00936831497673,-0.00122863037747,0.00603116325337,0,0,-10.8665575405,0.374879428678,0.037121264607,0,0.0178142236894,-0.0667630484461,0.019800117083,0.000435267504762,-0.00325197782826,0.00789860535512,0.0313325376761,0.162687787801,10.9954600994,-0.370444693207,-0.0375761404316,0.00445899580346
77.215382089,-0.0064047399515,0.0217889345597,-0.00567239473526,0.00228109458817,0.000183079820269,0.00536784280507,-3.11265046083e-05,0.00451387021535,0.0121743975166,0.00648635755612,-0.00151724619305,0.00800296729256,0,0,-11.0261455427,0.362705980046,0.037356270268,0,0.0180419988059,-0.0689200593297,0.0186724602765,0.000212253468031,-0.00311713058357,0.00812119855192,-0.000481300945288,0.0697967866579,11.214395046,-0.359635494052,-0.037918000326,0.00591680179654
77.265382089,-0.00646228088094,0.0218623830935,-0.00498294362651,0.002492301684,6.9487684874e-05,0.0058071358768,-0.00167716915736,-0.00126762952318,0.0144133968754,0.00631437329569,-0.00203584886765,0.0102611623163,0,0,-11.1892888142,0.349892888365,0.0389382930259,0,0.018440662587,-0.069274728259,0.0166576108228,-2.63075230641e-05,-0.00288194981448,0.00802583932696,-0.0259336250891,-0.0196010215557,11.4121593751,-0.346903815591,-0.0396920253521,0.00758634409064
77.315382089,-0.00657245686724,0.0216621716074,-0.00423105504773,0.00291253191774,-2.05050664962e-05,0.0063939590367,-0.0027883288714,-0.00673625481837,0.0154593819851,0.00472499623245,-0.000363347164496,0.0124064323404,0,0,-11.3590297077,0.335587697723,0.0425959966562,0,0.0188962754325,-0.068053423636,0.0144187112466,-0.00033137057227,-0.00259281867023,0.00762212701557,-0.0431151951838,-0.10416093463,11.598074061,-0.333350997906,-0.0427305186769,0.0091723979965
77.365382089,-0.00674111376808,0.0211887576117,-0.003437005428,0.00296480130724,3.31529684244e-05,0.00704777911084,-0.00432302401191,-0.0121338515055,0.0149258815464,0.000933324409811,0.0013263321617,0.0138973979836,0,0,-11.5288420686,0.321281700057,0.0462534957747,0,0.0193294094762,-0.0652804503342,0.0117659345972,-0.000561193136438,-0.00227825737424,0.00693710713849,-0.0668457820631,-0.18762255104,11.7596370451,-0.320839886682,-0.0457624478185,0.0102747076616
77.415382089,-0.00700475926843,0.0204487864568,-0.00273846689309,0.00300586435872,0.000112128149674,0.00778369883506,-0.00619639155983,-0.0174111106265,0.0129980236137,-0.00145826297967,0.00134257676004,0.0141397925855,0,0,-11.6986749053,0.306975471176,0.0499109362997,0,0.0198352224977,-0.0611208530141,0.00938171798366,-0.000746031714722,-0.00198500190271,0.00597645345826,-0.0958131712073,-0.269223419349,11.8996599221,-0.307665777872,-0.0494138741058,0.0104539162931
77.465382089,-0.00736075292406,0.019447646549,-0.00213720306663,0.00281897500927,0.000167410644428,0.0084617583694,-0.00713988889283,-0.020868572843,0.010339125595,-0.00452712008005,0.00136853521814,0.0133991365311,0,0,-11.82758535,0.297480715964,0.0531591537452,0,0.0202577911848,-0.0556646315987,0.00718887480887,-0.00082087411361,-0.00170915038981,0.00482143524602,-0.110402222049,-0.322685247269,11.9874565268,-0.299623745959,-0.0526524809514,0.00990633001497
77.515382089,-0.00771874815771,0.0183619291725,-0.0017045543336,0.00255315235072,0.000248981671488,0.00912361248816,-0.00718504322229,-0.0225430018684,0.00697917108878,-0.00604618765861,0.00114570133533,0.0129363444669,0,0,-11.8119933017,0.306731881896,0.0535646457164,0,0.0204611805056,-0.0500029933669,0.00554598404758,-0.000817219055028,-0.0014957109135,0.00363661965677,-0.111100431556,-0.348576502418,11.9199103867,-0.309594002025,-0.053140472711,0.00956417580934
77.565382089,-0.00807925724629,0.0171933463622,-0.00143928595775,0.00221435624341,0.000281980777961,0.00975539281609,-0.00721450226159,-0.0234752072007,0.0038967631295,-0.0102198971487,0.00111176424665,0.0119175072431,0,0,-11.7567090379,0.321304069277,0.0531682411422,0,0.0204080708709,-0.0441704672767,0.00439978765046,-0.00074629065401,-0.00132943332099,0.00244451449516,-0.111555948925,-0.362990948027,11.8169636602,-0.326141923309,-0.0527566326652,0.00881092296003
77.615382089,-0.00844019838387,0.0160144084525,-0.00131487802065,0.00153116263585,0.000360158096153,0.0103153632125,-0.00712208534914,-0.0236108150212,0.000998383295401,-0.0102904931687,0.00080095452566,0.00961368462543,0,0,-11.6854347514,0.338484140576,0.0524650521866,0,0.0201169905444,-0.038524829763,0.00356912453457,-0.000556743989562,-0.00121965625697,0.00132560191223,-0.11012693054,-0.36508781605,11.7008724894,-0.34335541307,-0.0521685147925,0.00710764699938
77.665382089,-0.00879146578121,0.0148322648601,-0.00133944762821,0.00118530692654,0.000362076230527,0.0107167612786,-0.00772502010634,-0.0232997673075,-0.00194387638565,-0.0100651012635,0.00114918257974,0.00761323087566,0,0,-11.6075722666,0.356882220633,0.0516404878159,0,0.019522654367,-0.0330900646923,0.00324826158908,-0.000429682132642,-0.00114059361141,0.000346707854394,-0.119449951941,-0.36027816715,11.5775146179,-0.361646798009,-0.0512150259494,0.00562865953038
77.715382089,-0.0092127003945,0.0136844317217,-0.00150926565921,0.000524652509505,0.000475076354127,0.0110766863,-0.00977159250263,-0.0222358628232,-0.00479904754795,-0.0130271547737,0.000222293780806,0.0067509009525,0,0,-11.5269500016,0.375833891179,0.0507665983638,0,0.0187927157965,-0.0279475688594,0.00317632833886,-0.000217790018514,-0.00112852578954,-0.000549992644213,-0.151095562051,-0.343827292231,11.4527435929,-0.382000633598,-0.0506842985373,0.0049911165976
77.765382089,-0.00976862503147,0.0126086785778,-0.001819352383,-0.000117408550836,0.000384305608608,0.0113918513739,-0.0121519589949,-0.0203351847041,-0.00682531430484,-0.00940687121002,-0.000212515503501,0.00533257697491,0,0,-11.4451579767,0.395033097774,0.0498722534428,0,0.0179150735199,-0.0230807789418,0.00336091709721,-1.65700759057e-05,-0.001119713737,-0.00135978922102,-0.187902542381,-0.314437606916,11.3396199386,-0.39948608484,-0.0499509330577,0.00394251280455
77.815382089,-0.010427896294,0.0116509132513,-0.0021917970897,-0.000416034611497,0.000453824803776,0.0116099439975,-0.0139972577523,-0.0175446784161,-0.00743965869693,-0.00682424069172,0.00140598862182,0.00459204488307,0,0,-11.3596269762,0.41510176403,0.0495167060532,0,0.0167929449653,-0.0185929003043,0.00368378673451,7.2470900196e-05,-0.0011619809303,-0.00205081227625,-0.216435911208,-0.271288742912,11.2445894926,-0.418332195792,-0.0489961668858,0.00339501817522
77.865382089,-0.0111683508067,0.0108542107361,-0.0025633182527,-0.000799832620008,0.00052490447079,0.0118510558622,-0.0156212939869,-0.0145608625571,-0.00731909104964,-0.00425716534236,0.00110322411435,0.00372395509181,0,0,-11.2781706644,0.434212301101,0.0504190074313,0,0.0159588980707,-0.0149702553932,0.00405446445543,0.000154713693123,-0.00122600749697,-0.00271927801705,-0.241547955902,-0.225150783911,11.1649974866,-0.436227541002,-0.0500105607675,0.00275321682221
77.915382089,-0.0119900256927,0.0101948269956,-0.00292370619466,-0.000841751145734,0.000564147215211,0.0119823395067,-0.0172374109993,-0.0121675292622,-0.00666002994328,6.59932646382e-05,0.00126094468035,0.0022966752423,0,0,-11.2007333171,0.452379356705,0.0519423486252,0,0.0169299027081,-0.01309631442,0.00469184280371,0.000134817982086,-0.00133688559977,-0.00341955117214,-0.266537547748,-0.188143301325,11.0977510277,-0.452348117077,-0.0514755090761,0.00169799172019
77.965382089,-0.0128920919066,0.00963745780992,-0.00322932124702,-0.000793233293544,0.000650998938825,0.0120807233864,-0.0187765713071,-0.00989476775607,-0.00556888877164,0.00166237223161,0.00231918688101,0.00231572432133,0,0,-11.1251127742,0.468315099824,0.0533476245141,0,0.019925689317,-0.0129308251042,0.00554969560255,8.62353233102e-05,-0.0015036887282,-0.00423458759573,-0.290337178334,-0.153000188564,11.0390025134,-0.467528172707,-0.0524889919551,0.00171207519959
78.015382089,-0.0138676828234,0.00920535021998,-0.00348059507183,-0.000675513922572,0.000796065903312,0.0122139119388,-0.0204736112456,-0.0076021277559,-0.00412561704577,0.00680059139806,0.00254480735623,0.00161369463686,0,0,-11.0589255078,0.47261502428,0.0541652301948,0,0.0238120672019,-0.0133379909757,0.00654572172536,1.10080408293e-05,-0.00169961929315,-0.00511857335602,-0.316578060079,-0.117549699883,10.9951321777,-0.469395787527,-0.0532230661673,0.00119304640109
78.065382089,-0.0149394530312,0.00887724503433,-0.0036418829516,-0.000113174153738,0.000905479674448,0.0122420928501,-0.0218484022657,-0.00563457484898,-0.002364769063,0.00908362479837,0.00221379938902,0.00167139346861,0,0,-10.9927347944,0.47089626867,0.055420864749,0,0.0282366136231,-0.013795337285,0.00743049576265,-0.000186839670722,-0.00187957332622,-0.00599143538409,-0.337836091647,-0.0871259473312,10.956168993,-0.466596298697,-0.0546012498012,0.00123570464758
78.115382089,-0.01605252305,0.00864189273508,-0.00371707197813,0.000232848557265,0.00101744584221,0.0123810512857,-0.0214694894456,-0.00454638681544,-0.00111584014276,0.00804847927841,0.000988086339622,0.00278834089582,0,0,-10.927853143,0.466869000725,0.0566453812447,0,0.0329702568205,-0.0142194986645,0.00816023661876,-0.000320180661144,-0.00204802404882,-0.00694014721588,-0.331977062476,-0.0702995822837,10.9105992006,-0.463059043798,-0.0562795620392,0.00206149292114
78.165382089,-0.0170864019757,0.00842260635279,-0.00375346696588,0.000691673774103,0.00100428830841,0.0125209269397,-0.0198856675857,-0.00422506847636,-0.000339959367245,0.00933703173386,0.00108198104342,0.0035429099934,0,0,-10.8635404074,0.461838457454,0.0578563738879,0,0.0375643678475,-0.0144405569417,0.00870127358641,-0.000481196549874,-0.00217037879918,-0.00786208249995,-0.307486842069,-0.0653311214082,10.8582837053,-0.45741853072,-0.0574557920462,0.00261936547378
78.215382089,-0.0180410898085,0.00821938588745,-0.00375106791485,0.00116655173065,0.00112564394656,0.012735342285,-0.0177379247578,-0.00368662319828,0.000538758014936,0.00753932773086,0.000206151903799,0.00419505147035,0,0,-10.7994749218,0.456371892525,0.059061489089,0,0.0419671141623,-0.0144929618513,0.00907743338195,-0.000645388848006,-0.00230308574913,-0.00879583711789,-0.274276860213,-0.0570052838434,10.8078055951,-0.452802955721,-0.0589851654697,0.00310151062337
78.265382089,-0.0188601944515,0.00805394403296,-0.00369959116438,0.00144560654719,0.00102490349879,0.0129404320867,-0.0153027126189,-0.00329503369991,0.001536906333,0.00534876880595,-0.00143592979515,0.00434202211597,0,0,-10.7355168905,0.450715833364,0.0602640499644,0,0.0458693100369,-0.0144747785815,0.00924764242762,-0.000739411173616,-0.00235579245385,-0.00963103231405,-0.236621816089,-0.0509502385339,10.7592816684,-0.448183854582,-0.0607956742525,0.00321016984291
78.315382089,-0.0195713610704,0.00788988251746,-0.00359737728155,0.00170142861125,0.000982050967041,0.0131695444966,-0.0132805704163,-0.00367615417592,0.0022774337551,0.00535975493245,-0.0017174775721,0.00420945395298,0,0,-10.6716055586,0.444977420349,0.0614655007343,0,0.0493451599661,-0.0143288189478,0.00921163365183,-0.00081637406288,-0.00238922039857,-0.0104170440262,-0.205353963632,-0.0568434041072,10.7068209171,-0.442440240998,-0.0621013624559,0.00311215875324
78.365382089,-0.0201882514932,0.00768632861537,-0.00347184778887,0.00198158204043,0.00085315574158,0.013361377482,-0.010958535505,-0.00446437279122,0.00260746228933,0.00280221899849,-0.00410628733039,0.00300630994607,0,0,-10.6077145223,0.439203216497,0.0626664690545,0,0.0524254868105,-0.0139782293875,0.00901769504914,-0.000893042148324,-0.00237727063598,-0.0111358897874,-0.169448949181,-0.069031421021,10.6480330251,-0.437876713276,-0.0641867398128,0.00222264310719
78.415382089,-0.0206672146209,0.00744344523834,-0.00333663105262,0.00198165051109,0.000571422234003,0.0134701754913,-0.00735413586944,-0.00440069499128,0.00300166247667,0.000575540824327,-0.00667497518048,0.00348399941505,0,0,-10.5438323063,0.433413458011,0.0638672277028,0,0.0548485240953,-0.0134307185685,0.00877614129282,-0.000870699724629,-0.00230358646322,-0.0117155863201,-0.113715066638,-0.0680467879667,10.5902462229,-0.433141010798,-0.0663385037638,0.00257581135153
78.465382089,-0.0209236650801,0.00724625911624,-0.00317168154121,0.00203913612287,0.000185658223532,0.0137097774235,-0.00294615299632,-0.00323951012382,0.00352560766587,-0.00182494881937,-0.00660053076733,0.00368798324708,0,0,-10.484890901,0.427698627722,0.0658021023354,0,0.0560870069044,-0.0128683675845,0.0083245019381,-0.00086197877594,-0.00216725105103,-0.0121629345584,-0.0455555880731,-0.0500916920959,10.539406444,-0.428562514694,-0.0682458168413,0.00272662190213
78.515382089,-0.0209618299206,0.00711949422595,-0.00298407028603,0.00179915562916,-8.86308427304e-05,0.013838973816,0.000998666405295,-0.00198339978458,0.00394046613796,-0.00568289575815,-0.006461144666,0.00165101643858,0,0,-10.4459477156,0.422170936182,0.0707120236602,0,0.0561902786374,-0.0124676402362,0.0078386439548,-0.000744543106946,-0.0020258923841,-0.0123234482148,0.0154421156806,-0.0306687886487,10.506878106,-0.424861082644,-0.0731041332498,0.00122063937947
78.565382089,-0.0208237984396,0.00704791913778,-0.00277763492741,0.00147084654705,-0.000460456243068,0.0138748790674,0.00442622572519,-0.00127196375833,0.00435512807855,-0.0064699792552,-0.00743001606915,0.00197903053735,0,0,-10.4160753241,0.416635519857,0.076972215056,0,0.0553742079356,-0.0122042663218,0.0072673030359,-0.000589670898441,-0.0018374031185,-0.0122453335208,0.0684415629831,-0.0196680406927,10.4834175229,-0.419698252757,-0.0797230299053,0.00146314873106
78.615382089,-0.020519207348,0.00699229785012,-0.00254855747818,0.00115215770364,-0.000831632449646,0.0140368768697,0.00744731347299,-0.000831816464721,0.00510048607996,-0.00622483449214,-0.00567122740376,0.00227764057679,0.167623113659,0.0774728243485,-10.3894742591,0.411021703256,0.0842208062814,0.045441569868,0.0536683114296,-0.0119044357032,0.00658911694032,-0.000439703897981,-0.00162078604742,-0.0120946368421,-0.0524672662707,-0.0903349833289,10.4683417324,-0.413968390509,-0.0863204648031,-0.0437576509709
78.665382089,-0.0200790670923,0.00696473749131,-0.00226758631941,0.000848363097838,-0.00102757898344,0.0141026431251,0.00912881210818,-8.99983380754e-05,0.00618858465456,-0.00580724024455,-0.0020880400682,0.00109514015179,0.124347826296,0.0617632939845,-10.3641027124,0.405799458552,0.091018691634,0.332385270346,0.0513125699609,-0.0116707163078,0.00576165113034,-0.000285820046713,-0.00141835626233,-0.0117576972899,0.0168085917567,-0.06315491459,10.4597951675,-0.40854846671,-0.0917917467084,-0.331575604758
78.715382089,-0.0196063261372,0.00698329801631,-0.00192969901272,0.000571433679182,-0.00104043645647,0.0141463908849,0.0100451589038,0.00101933485477,0.00754762108861,-0.00609203148074,-0.00124659454437,0.00504689923163,0.172832094189,0.0910574721132,-10.3392104475,0.400503806671,0.0981626331332,0.60831795461,0.0488602477157,-0.0115609869034,0.00481378264354,-0.000133882677277,-0.00124449833512,-0.0113671454749,-0.017506446905,-0.0752957656403,10.4559173251,-0.403387628165,-0.0986241598313,-0.604586650789
78.765382089,-0.0190745512019,0.00706667097679,-0.00151282421055,0.000239159949764,-0.00115223843788,0.0146073330482,0.0112285980001,0.00231753486055,0.00912967512678,7.89431792456e-06,0.00512630314974,0.0243504241825,0.251008448973,0.125720668052,-10.3145107013,0.395222521816,0.105424028442,0.958642818169,0.0461308923359,-0.0115032496888,0.00369367440469,4.28663993988e-05,-0.00101089462091,-0.0111761813194,-0.0773835945367,-0.0898852367002,10.455680464,-0.395218784835,-0.103526117227,-0.94063991646
78.815382089,-0.0184834663372,0.00721505150237,-0.00101673150004,0.000572223110975,-0.000527806141492,0.0165814333031,0.0121091125115,0.00398462310559,0.0107368072833,0.00744674098,0.0125681332457,0.0817082376053,0.257457827106,0.162177974554,-10.2898901035,0.389950158997,0.112481893136,1.35910429389,0.04305590302,-0.0112964502394,0.00232071004688,-2.04014697035e-05,-0.000922985115782,-0.0119422041183,-0.0702178086163,-0.100564796606,10.4559105276,-0.386425050539,-0.107828793164,-1.29869526941
78.865382089,-0.0178636399507,0.00746513328735,-0.000439143482226,0.000983834047764,0.000104574886691,0.0227781568088,0.0127357804062,0.00609897928375,0.0123747401346,0.0263498856931,0.0260378326397,0.322187269033,0.327722794641,0.206130141695,-10.2653026084,0.384661832055,0.11973607226,1.77699626603,0.0397035563811,-0.0106568823328,0.000851180855569,-0.000200520097576,-0.000853386266637,-0.01631684171,-0.130792775495,-0.111823230865,10.4566499569,-0.372188428565,-0.110096085482,-1.53879484116
78.915382089,-0.0172098882966,0.00782494943074,0.000220742513422,0.00320721168029,0.00207597712248,0.0488001602064,0.0136182879011,0.0110589552687,0.0150898277664,0.0498048863059,0.0474268674796,0.842768270544,0.41041125895,0.261422037171,-10.2407291287,0.379342406748,0.127029581327,2.2209862354,0.0369322330028,-0.00874604726104,-0.000577511654271,-0.00258734763803,-0.00223423522486,-0.0507441205911,-0.19983525877,-0.0904203236247,10.4740591624,-0.355765968889,-0.10947073218,-1.59790574101
78.965382089,-0.0165018111606,0.00857102881422,0.00106983929441,0.00596432267836,0.00484726163465,0.107054983863,0.0144126162689,0.0207715262901,0.0196311932424,0.0568545985203,0.0442094724178,1.34136624379,0.407912097959,0.246285715108,-10.2780343299,0.360263548541,0.13370587313,2.72347434876,0.0453103090882,-0.0114930808089,-0.00162602739428,-0.0109998127124,-0.00916172073381,-0.211803841088,-0.18505360737,0.0748989268654,10.5815863022,-0.333349946112,-0.117338200157,-1.73176740921
79.015382089,-0.0157686266697,0.00990210205976,0.00218386183766,0.00889267153232,0.00649692436426,0.182936784585,0.0123396370152,0.0275267465247,0.0247725142219,0.0343059862894,0.0157929650886,1.65224079091,0.458701043376,0.30244159052,-10.6270954858,0.261878252202,0.143816865449,3.41708948531,0.0637918807871,-0.0195791190253,-0.00522057137749,-0.028607117703,-0.0204322091585,-0.59901737647,-0.267896485181,0.123197243322,11.0101463507,-0.245638621636,-0.137969835985,-2.19554491032
79.065382089,-0.0152678474591,0.0113237034667,0.00354709071661,0.0093949213073,0.00642655814352,0.272279062954,0.00608188598668,0.0255614084948,0.029680611952,0.00629449053635,-0.0062644016437,1.89645321324,0.379389388899,0.28066378727,-11.0863619629,0.135056217644,0.1597039146,4.15192326734,0.0983788219264,-0.0438819272676,-0.0129763946378,-0.0450814645132,-0.0301581691111,-1.31589482918,-0.285346787221,0.114585542079,11.5453054507,-0.132076556892,-0.162023184021,-2.74982609901
79.115382089,-0.015160438071,0.0124582429092,0.00515192303286,0.00952212058595,0.00587048419989,0.372582105909,-0.00112848078931,0.0191136795512,0.0324561852149,0.00561978486925,-0.0181917347689,2.10830366321,0.344045893381,0.252022101747,-11.4790528321,0.0226494225988,0.170201071516,5.00274154765,0.148567197066,-0.0813011566936,-0.0270968359918,-0.0625959567595,-0.0380022384277,-2.45980981537,-0.361495294702,0.0435276926062,11.9809142785,-0.0199891513165,-0.17693619748,-3.44401783354
79.165382089,-0.015380695538,0.0132350714218,0.0067927092381,0.00995689979422,0.00460738466663,0.483109429276,-0.00746815061682,0.011470508235,0.0315729805335,0.00467808678094,-0.0223125210205,2.2923850093,0.385777153156,0.317370402971,-11.9278564388,-0.103735334374,0.179923948432,5.84026693956,0.210726306971,-0.124382141265,-0.0473565016443,-0.0847834832024,-0.0391160756021,-4.133965588,-0.501255199813,-0.140004954267,12.4160611238,0.105949828382,-0.188184713089,-4.14544710017
79.215382089,-0.0159072531327,0.0136052937327,0.00830922108621,0.00998992926405,0.00363923209784,0.60182060684,-0.0122185960989,0.00222517445565,0.0289047935608,-0.00333079717329,-0.0132464755159,2.43513773703,0.326959179162,0.269542213202,-12.4307563321,-0.242702732489,0.188001049234,6.70209284053,0.282599627526,-0.166263237374,-0.0730290573898,-0.105804925649,-0.03909714728,-6.4135341584,-0.515892113538,-0.235134926473,12.8777035444,0.241126013047,-0.192905291864,-4.90173219796
79.265382089,-0.0166025551479,0.0134575888674,0.00968318859417,0.00962382007689,0.00328273711504,0.726623202979,-0.0104354288657,-0.0127085108577,0.0251129981912,-0.00433253731878,-0.0101311585572,2.53891481531,0.352483759025,0.319686957429,-12.9090922552,-0.376301813224,0.208132294083,7.7247783629,0.359208794047,-0.19878552052,-0.103512991865,-0.122913531959,-0.0431146297078,-9.34687651848,-0.513844047973,-0.516195314727,13.2974079341,0.374250894038,-0.211883152915,-5.84769262815
79.315382089,-0.0169507960193,0.012334442647,0.0108205209053,0.00955667553217,0.00262611624212,0.855712088371,-0.00378794466209,-0.0316229353436,0.0206939453092,0.00121881547351,-0.0198523373958,2.60310536866,0.252915393455,0.256678804124,-13.3503227418,-0.500900164454,0.22301598984,8.6855019632,0.41948429943,-0.205145042903,-0.136662988226,-0.143431492393,-0.0410909789825,-12.9589385132,-0.311487384416,-0.745655927163,13.6703077695,0.501477122447,-0.230365920714,-6.76095848341
79.365382089,-0.0169813496141,0.010295295333,0.0117525831251,0.00974570162424,0.00129750337546,0.986933739845,0.00195868437503,-0.0464533072964,0.0183902197118,0.00161225944051,-0.0182148059538,2.60945802078,0.165963519697,0.219419504204,-13.8086725217,-0.631994336767,0.235015102615,9.76387324081,0.449255293933,-0.174769428018,-0.171549515577,-0.167891972033,-0.0241877974794,-17.2333656807,-0.135676898919,-0.937714763978,14.093035647,0.632757541692,-0.241758770223,-7.83463308014
79.415382089,-0.0167549275818,0.00768911191733,0.0126595428765,0.00971790147622,0.000804635646735,1.11665789045,0.0071690831338,-0.057782586589,0.0178909397544,-0.0213133739926,-0.0123957466736,2.40675690056,0.208438479404,0.273289802636,-14.2941947351,-0.770404518511,0.246595991839,11.0021059411,0.445867454715,-0.111483148221,-0.209405048006,-0.188736229747,-0.016754522916,-22.0581035852,-0.0975848344936,-1.16676672516,14.570837626,0.760315278784,-0.25118526913,-9.22272798881
79.465382089,-0.0162644413008,0.00451703667411,0.0135416771005,0.00761436422498,5.79287080999e-05,1.2276094299,0.0107989508901,-0.0698416124744,0.0147529768367,-0.0473570255727,-0.0170177870846,1.89988403585,0.0219041532306,0.18916417944,-14.7769698872,-0.892993207458,0.254160143066,11.9410465652,0.377818239028,-0.00341334817137,-0.247053502543,-0.159871831122,-0.000834706961986,-26.6603648838,0.145077181067,-1.26910664414,15.0050912836,0.870575528121,-0.260460638379,-10.5364129005
79.515382089,-0.0156750324928,0.000704950669891,0.0141348405602,0.00498219891895,-0.000897143061729,1.30664629403,0.0121211737207,-0.0851876044311,0.0078390415509,-0.060400345668,-0.00883207125358,1.39911193335,0.0679506630884,0.212788189407,-15.1053668484,-0.903826772252,0.239334147075,11.8848460032,0.253217762805,0.135006704182,-0.274521441068,-0.106723181002,0.0228887617781,-30.2115945979,0.119475854703,-1.53002168721,15.2265798839,0.875234698221,-0.242604044815,-10.850446174
79.565382089,-0.0150523239287,-0.004001723769,0.0143255812556,0.00157432965818,-0.000825278417258,1.36752062324,0.0147787237313,-0.0988027063876,-0.000537989555093,-0.0446330970607,0.0144056782123,1.07450849696,0.163682388363,0.227753168311,-15.3857890124,-0.883304236889,0.217871021368,11.6137924467,0.0435123641623,0.308449579519,-0.290528165813,-0.0263771975594,0.0256499969973,-33.1132442217,0.0648371255219,-1.75551340287,15.3774702216,0.862175999935,-0.212537607123,-10.8193803777
79.615382089,-0.0141971601196,-0.00917531996887,0.0140810416047,0.000518889212886,0.000543424759501,1.41409714373,0.0213867437995,-0.104450594716,-0.00912171788383,-0.0155197365934,0.0293617699162,0.822694226829,0.120210855,0.176398328486,-15.6506822589,-0.854464031439,0.194283434834,11.193332437,-0.237471798539,0.477872444899,-0.295637598035,0.000805020863438,-0.00203337012262,-35.4423822536,0.210486733337,-1.79149037321,15.509635537,0.847117360609,-0.183412826757,-10.585093205
79.665382089,-0.0129136495487,-0.0144467832406,0.0134134094672,2.23559988368e-05,0.00211089857436,1.44979004592,0.0312145532085,-0.10285197402,-0.0155780941953,-0.0181680820329,0.0358087649424,0.61164039203,0.181007665258,0.208911774364,-15.913284334,-0.823093188223,0.170188801834,10.7750969745,-0.562865035937,0.616277407922,-0.291427610263,0.014909437188,-0.0359795545811,-37.2994643746,0.301654752352,-1.79928476816,15.6724043651,0.814492854223,-0.156931322789,-10.32289533
79.715382089,-0.0110757047988,-0.0194605173708,0.0125232321851,-0.0012979189904,0.00412430125374,1.47526118293,0.0437072195276,-0.0945134306919,-0.0187168025676,-0.0238351485469,0.0402832471202,0.421787733785,0.254462321105,0.267303134808,-16.2135625004,-0.781682886493,0.140430694107,10.2491079924,-0.904651325568,0.706988352589,-0.280784930434,0.0506352453365,-0.0828069273912,-38.671447751,0.421370906532,-1.72873942863,15.9241495103,0.770399899215,-0.125516627525,-9.93726935434
79.765382089,-0.00854292759598,-0.0238981263098,0.0115417292105,-0.00236115885585,0.00613922328638,1.4919688193,0.0541688256222,-0.0818299914937,-0.0203555060017,-0.0240330817156,0.0316508579153,0.267813190879,0.131380700083,0.118271761237,-16.5183261632,-0.738085010134,0.110718814953,9.76921863718,-1.24183426431,0.739677361955,-0.266033872517,0.0798497092779,-0.130857063199,-39.6002581791,0.706217588101,-1.38358737423,16.2035743334,0.726708326044,-0.0990007178268,-9.57121738202
79.815382089,-0.00565882223656,-0.0276435165202,0.010487681585,-0.00370122716196,0.00728938704527,1.50204250202,0.0528286300961,-0.0635291590989,-0.021078897512,-0.0254176048279,0.0266391665584,0.14933082805,0.147168997211,0.124760369629,-16.8073808639,-0.698782825916,0.0842044867816,9.37889400651,-1.5525520694,0.718415097296,-0.246829514153,0.117053813182,-0.157429901705,-40.1804820367,0.669706200421,-1.10709502983,16.4814434217,0.686750741813,-0.0743418681467,-9.26848984273
79.865382089,-0.00326006458637,-0.0302510422197,0.00943383945927,-0.00490291933864,0.00880313994222,1.5069019021,0.0445793891489,-0.0419053883409,-0.0212515708305,-0.0267843937107,0.0260006017453,0.0567118264896,0.176034185587,0.110552457584,-17.0767039633,-0.664199240726,0.0611776064326,8.90174740005,-1.76581651937,0.6471262784,-0.224315873152,0.149634006331,-0.194726372613,-40.4722713417,0.513285171267,-0.758524443995,16.748096519,0.651520151568,-0.0515514036484,-8.85981887222
79.915382089,-0.00120088332167,-0.0318340553543,0.00836252450191,-0.00637966653303,0.0098894472198,1.50771368467,0.0408821002023,-0.0254183366008,-0.0231874976397,-0.0327037907123,0.0160755481269,-0.0184553510243,0.179776361655,0.110940690492,-17.3459634774,-0.629640757863,0.0380653068875,8.48844355637,-1.88799855617,0.541177991803,-0.198216307878,0.189041038949,-0.222077621614,-40.5351377835,0.452372789697,-0.503977736815,16.9874213066,0.614159568231,-0.0321136567045,-8.50208807722
79.965382089,0.000828145433854,-0.0327928758798,0.0071150896953,-0.00817329840987,0.0104106947549,1.505056367,0.039581265698,-0.0134855910441,-0.026494704162,-0.0353083419815,-0.0017730928039,-0.0873791123098,0.191006204124,0.0986184386191,-17.6200336929,-0.578092348415,0.0142253248077,7.99203374559,-1.95885432125,0.416814148988,-0.165803514172,0.236401474242,-0.235084217422,-40.4051701804,0.421028485793,-0.307142582238,17.2103530584,0.561378226721,-0.0148817769565,-8.05663539517
80.015382089,0.00275724324813,-0.0331826144587,0.00571305408572,-0.00991050073118,0.00971213793941,1.49897577344,0.0374357664812,-0.00536508670295,-0.0278019016996,-0.0275700313024,-0.0201767776185,-0.192994009486,0.180475192565,0.0681808294313,-17.8567984522,-0.458257038326,-0.00140870962884,6.71917335471,-1.95417813957,0.258893228205,-0.128725386064,0.281881291864,-0.217196395729,-40.0840926725,0.398384207862,-0.151139752515,17.4269049664,0.445206047188,-0.00606133874886,-6.86185884376
80.065382089,0.00457172208198,-0.0333293845501,0.00433489952534,-0.0109303015401,0.00839301699306,1.48575696605,0.0352473785286,-0.000572733608483,-0.0272090989255,-0.0243807063953,-0.024238573373,-0.431559872947,0.1695405383,0.0673798326652,-18.0946797507,-0.309771099096,-0.0191933544662,5.39274988096,-1.93796070498,0.129145531735,-0.0928812630693,0.306726366108,-0.182264816283,-39.3862285052,0.375480395408,-0.0762358616549,17.673952618,0.298229857825,0.0102195074463,-5.71181331558
80.115382089,0.00628198110099,-0.0332398878195,0.00299214419316,-0.0123485713707,0.0072882806021,1.45581978614,0.0319280430783,0.00399670410601,-0.0256554363754,-0.030252812747,-0.0258374141552,-0.793884903213,0.136652359618,0.0368696202386,-18.3149309948,-0.152952106455,-0.035981735326,3.98997641247,-1.87924873362,0.00787925969694,-0.0572215115523,0.337467704951,-0.151982817933,-37.8238135084,0.357042563989,0.0249303630382,17.9182277371,0.138631150968,0.0264159494833,-4.57691616242
80.165382089,0.00776452638981,-0.0329297141395,0.0017693558878,-0.0139555828148,0.00580927557754,1.40636847573,0.0272403718515,0.00835199406671,-0.0232307272085,-0.0237418852809,-0.0169769494578,-1.10132838735,0.135663233869,0.0219653801612,-18.521268887,0.000214347670114,-0.0460933752633,2.66828095081,-1.77379053632,-0.0945657990923,-0.024862856464,0.366693107844,-0.112414260496,-35.3095924043,0.285547463802,0.107179305049,18.1620582687,-0.0114531863568,0.0398079992655,-3.48252166211
80.215382089,0.00900601828614,-0.0324046884129,0.000669071472313,-0.0147227598988,0.00559058565632,1.34568694741,0.0198264340921,0.00833752568116,-0.020539485397,-0.0234856687159,-0.00622618428676,-1.32729796808,0.115691586597,0.019156514768,-18.7467993424,0.15868233312,-0.0526336583312,1.4275346731,-1.63670531738,-0.172680407672,0.00214300035241,0.368568651485,-0.104018263336,-32.3401335871,0.190879343557,0.109764449606,18.4292026876,-0.169799885034,0.0503285381227,-2.40884057065
80.265382089,0.00974716979901,-0.0320959615714,-0.000284592651904,-0.0163041496864,0.00518665714886,1.27363867892,0.00791263811621,0.00116606259559,-0.0175645257881,-0.0284085989723,-0.0174947389287,-1.57787898965,0.0791119814005,0.00930245802094,-18.9778835258,0.319435987984,-0.0580510114777,0.44452552683,-1.47693635502,-0.214887772863,0.0248455394044,0.384393390781,-0.0915490699323,-28.9843854606,0.0432390584279,0.00872806087562,18.7062878882,-0.332883936931,0.0515739342841,-1.61109248873
80.315382089,0.00979728209776,-0.0322880821533,-0.0010873811065,-0.017563619796,0.00384111176345,1.18789904844,-0.00466760457535,-0.00675744568127,-0.0143105819957,-0.000917876358636,-0.0242037867162,-1.85471428354,0,0,-19.2526985777,0.490856908736,-0.0655414581774,0,-1.29263027686,-0.211855514754,0.0415536242141,0.385563745194,-0.0601845240747,-25.2308708658,-0.0721739405891,-0.104488603364,19.0314178162,-0.491291409375,0.0565804902214,-1.37123849239
80.365382089,0.00928040934148,-0.0327717061395,-0.00171565085147,-0.0163959373223,0.00276627847725,1.08816725057,-0.0131196569686,-0.0125074444736,-0.0108107846727,0.021667429555,-0.0226517915934,-2.0807096332,0,0,-19.5370061611,0.665003090357,-0.0744486579734,0,-1.08850489854,-0.169303200498,0.0496377627305,0.330465016049,-0.0373207072946,-21.1904225512,-0.202865801358,-0.193399320741,19.3698418441,-0.654746249224,0.0660622851718,-1.53832273027
80.415382089,0.0084853164009,-0.0335388266007,-0.00216845957377,-0.0153968768405,0.00157593260411,0.979828085124,-0.0197245904753,-0.0159422609045,-0.0065466025517,0.0245633949776,-0.0205913529979,-2.23618254075,0.0955778953395,-0.0318915889824,-19.8283166921,0.846711421428,-0.084275023961,-0.633096186043,-0.892509846471,-0.104841151143,0.0527055085261,0.280163170365,-0.0159659732871,-17.2008440562,-0.400574044462,-0.214619393858,19.7270883006,-0.835083699767,0.0766514873406,-1.02017170708
80.465382089,0.00730795029394,-0.03436593223,-0.00237031110664,-0.0139395978245,0.00070714317746,0.864548996493,-0.0286359340804,-0.0136977379602,-0.00024603371124,0.0453432301913,-0.019993644418,-2.35756952996,0.140315559852,-0.0495387607271,-20.0813608471,1.00695813761,-0.100664499329,-1.59305052964,-0.702393662312,-0.025873703189,0.0495390754484,0.224585045085,-0.00363894865888,-13.4106092385,-0.583105468822,-0.162265754797,20.0775564926,-0.985493740677,0.0932622523566,-0.149961920669
80.515382089,0.00562172299286,-0.0349086003967,-0.0021930629449,-0.0108625538214,-0.000423431837687,0.744071132128,-0.0379810376775,-0.00749330480582,0.00616559667228,0.0618832741115,-0.0182219819504,-2.4301514053,0.126677555135,-0.053636727099,-20.3140370545,1.07747813679,-0.124664706403,-1.96337964267,-0.51814912184,0.0559187764189,0.0386868558517,0.152301750766,0.0090947439852,-9.9495059066,-0.713968340504,-0.0622302721595,20.4093740525,-1.04818408002,0.117918382026,0.166705524798
80.565382089,0.00350984652619,-0.0351152627105,-0.00175375143942,-0.00775127041336,-0.00111505501758,0.621533855963,-0.04523352246,9.87843489e-05,0.0102203346274,0.0520528668383,-0.0100913631577,-2.42417480553,0.133712326148,-0.0686424450954,-20.5769951743,1.11285934778,-0.150452270704,-2.13629473215,-0.353386146473,0.125489645497,0.0257035198471,0.0924560076401,0.0129804171738,-6.95615064952,-0.833146374161,0.070169921473,20.7350295177,-1.08821876989,0.146716145322,0.344039269883
80.615382089,0.00109837074686,-0.0348987219618,-0.00117102948216,-0.00565726713756,-0.00143256815346,0.501653651575,-0.0507547970336,0.00787426186131,0.0132952509878,0.0537297432216,-0.00354616797545,-2.25681724809,0.134424856998,-0.0773166287056,-20.8391509166,1.13202279605,-0.172525674144,-2.25726863353,-0.217906579004,0.170861501068,0.0142209530989,0.0556429005644,0.0115286020043,-4.543458868,-0.919232920015,0.199074266609,21.0447318821,-1.10658842512,0.171212776375,0.588744964767
80.665382089,-0.00156563317717,-0.0343278365244,-0.00042422634064,-0.00237829609119,-0.00146967181512,0.395852131155,-0.0535084845946,0.0151386130428,0.0164135558681,0.0723754022492,0.00547226617364,-1.94024093195,0.134325523734,-0.0921976051283,-21.1080615491,1.14785262016,-0.194361477771,-2.35961875854,-0.117260892018,0.189915189379,0.00427822017277,0.0205368497016,0.00829283553198,-2.83779157408,-0.961713132474,0.326281992679,21.3618600418,-1.11359184174,0.196387474877,0.925148191285
80.715382089,-0.0042524777126,-0.0333848606575,0.000470326104647,0.00158027308736,-0.000885341536095,0.30762955838,-0.0538319001999,0.0226386706619,0.0193431733127,0.0627718513646,0.00446898906356,-1.67289489098,0.132120151101,-0.094422400342,-21.3742315839,1.1656224613,-0.214474204426,-2.45729965549,-0.0504703725361,0.184777732643,-0.00265513180246,-0.00588577404385,0.00294430132157,-1.71959355062,-0.964508650191,0.444478204126,21.6733299799,-1.13590777339,0.216128758247,1.22048496732
80.765382089,-0.00694882319715,-0.0320639694582,0.00151009099063,0.00389888904526,-0.00102277290877,0.228562642056,-0.0545532116102,0.0326488141577,0.0210407955386,0.0584071542859,0.0018243318718,-1.48338287793,0.13226434545,-0.0942837706548,-21.6578657909,1.18707909057,-0.236202324566,-2.56415042108,-0.00900879792634,0.159938522451,-0.00646298692806,-0.0135347174773,0.00281292421555,-0.953584910866,-0.97580629296,0.599123787687,21.9832140723,-1.1594305455,0.236877746954,1.46744689147
80.815382089,-0.00970779887362,-0.0301199792418,0.00257440565851,0.00742098851595,-0.000702908348915,0.159291270587,-0.0552674467406,0.044863881851,0.0209884217514,0.0745812446133,0.0087854998477,-1.25454536692,0.110707713646,-0.0854326564999,-21.9416444709,1.20842892417,-0.257989457032,-2.66714845654,0.0123708350391,0.120784296409,-0.0067071673365,-0.0191252329158,0.00168677905119,-0.465466797144,-0.965293690922,0.779151049101,22.2661829103,-1.17312395292,0.26124211264,1.73963044859
80.865382089,-0.0124755678712,-0.0275775812731,0.00360893316577,0.0113570135066,-0.000144222923998,0.103108105364,-0.0525706298682,0.0530698510678,0.0190257017444,0.0522327717279,0.0102895319753,-0.98623938035,0.0992786315173,-0.081961502229,-22.2254645433,1.22977178868,-0.279744461991,-2.75887047878,0.0270514625631,0.0905373346369,-0.00759735998895,-0.0200545493806,0.000806468821244,-0.195408522506,-0.912164439555,0.902566636234,22.51965396,-1.20504604813,0.283553955414,2.02971806266
80.915382089,-0.0149648618604,-0.024812994135,0.00447697583295,0.0126442656887,0.000326044848615,0.0606673325524,-0.0469444082037,0.0573653336136,0.0156792753965,0.0257470804321,0.00625561039294,-0.763394922023,0.103496395579,-0.0954742185186,-22.5076884583,1.25153622463,-0.301694836981,-2.84929081183,0.0476908718285,0.0886786963961,-0.00984955272497,-0.0143793102559,0.000281259300396,-0.0678621390811,-0.829385419379,0.982499268148,22.7501329654,-1.23934817468,0.304010851617,2.28489309771
80.965382089,-0.0171700086916,-0.0218410479118,0.00517686070542,0.0139317215498,0.000481338115296,0.0267686131621,-0.0414039654882,0.0599883305338,0.011411883882,0.0213803472877,0.00313833414037,-0.608543195898,0.102555420124,-0.098091320008,-22.6895247056,1.24951899036,-0.315797690671,-2.89482741769,0.0628143298817,0.0785821312425,-0.011948296363,-0.00896489102306,0.000545884017863,-0.00919580476694,-0.742774036986,1.02567508039,22.8659836614,-1.23939804708,0.31695959612,2.44491561084
81.015382089,-0.0191052584093,-0.0188141610816,0.00561816422114,0.0147823004175,0.000639878262652,-0.000186987037385,-0.03621628437,0.0583696337146,0.00478044153094,-0.00661286456554,0.00383726504534,-0.481370323629,0.0932176394856,-0.0800715251385,-22.5613569401,1.17223418754,-0.302413720558,-2.80478898134,0.071170703724,0.0591791488031,-0.0127670028711,-0.00421969825275,0.000967361021078,0.0105418831201,-0.653220509111,0.982625802801,22.6352756489,-1.17536455892,0.303834391195,2.44889938545
81.065382089,-0.0207916371286,-0.0160040845403,0.00565490485851,0.0132704350932,0.00086506461983,-0.0213684192009,-0.0309197688251,0.0537036414598,-0.00240507752046,-0.0298389472035,0.000413316101629,-0.379803673482,0.0972183609413,-0.0714482707582,-22.3156425546,1.06669671893,-0.280266543,-2.66093522769,0.0754704909914,0.038997776427,-0.0129713982531,-0.00953187573893,0.00076443423873,0.0240768693408,-0.575322605246,0.90185353872,22.2784534741,-1.0808217604,0.280419565021,2.38013649699
81.115382089,-0.0221972352918,-0.0134437969356,0.0053776564691,0.0117984056972,0.000681209872815,-0.0381673543856,-0.0250873305459,0.0484696810713,-0.00788731086743,-0.0171073431991,-0.00595441053923,-0.294693498246,0.107470182358,-0.0626580643986,-22.0308284356,0.951785217174,-0.252925250956,-2.46939673383,0.0780492158608,0.0201824879,-0.012211470984,-0.0128573084973,0.000639180692463,0.0451844901596,-0.495388969207,0.812131980953,21.9088690244,-0.959883422868,0.250720749542,2.25152216855
81.165382089,-0.0233003701832,-0.0111571164332,0.00486617377177,0.0115597007733,0.000269623565907,-0.0508377690255,-0.0194187231107,0.0431067487969,-0.0125115263372,-0.0187274379638,-0.0108614135107,-0.221965469074,0.0959402400004,-0.0463284959238,-21.7576950845,0.839529317361,-0.228063494856,-2.28497599927,0.0798885351927,0.00320190551506,-0.0101008141968,-0.0154851781087,0.000782965124614,0.0669994417386,-0.396206842598,0.712876802755,21.5642326469,-0.848394437034,0.224042273732,2.12087115688
81.215382089,-0.0241391076028,-0.00913312205592,0.00412650383537,0.00992566190078,-0.000404931478257,-0.060363901293,-0.0144775880574,0.0379240880035,-0.0170057153322,-0.0329193352417,-0.0136880585473,-0.160369810081,0.0882708481984,-0.0180571855736,-21.4500069388,0.719120829273,-0.200322241644,-2.09772699353,0.0807080245416,-0.0119268011233,-0.00816903016203,-0.0154502340148,0.00133280364917,0.086557784916,-0.312133980445,0.604467373127,21.1870520401,-0.734704052513,0.195254511728,1.97916142332
81.265382089,-0.0247481289889,-0.00736470763282,0.00316560223855,0.00826776724916,-0.00109918228882,-0.0668747500336,-0.00865928466299,0.0331103450856,-0.0214140289962,-0.0245094936728,-0.0134659451144,-0.109520632397,0.0845019169499,0.00129774870378,-21.0681694088,0.581353569897,-0.170729673338,-1.91913156732,0.0808809868408,-0.0249379346326,-0.00558256494356,-0.0141236455568,0.00202626007926,0.101354108327,-0.218398155742,0.510678799548,20.7370499167,-0.592955775974,0.165744176478,1.83816011625
81.315382089,-0.0250050360691,-0.00582208754736,0.00198510093575,0.00747471253351,-0.0017515259897,-0.0713159645327,0.00139410954533,0.0280468848939,-0.0247909368121,-0.0251691077849,-0.008195818632,-0.0721712175924,0.0804945217117,0.00702966712651,-20.6842832208,0.443145568883,-0.141035091928,-1.7404948818,0.0796609710417,-0.0356692551172,-0.0016533645483,-0.0130796596351,0.00271072975241,0.111776534677,-0.0589377728751,0.426651929367,20.3009474922,-0.45506002045,0.138000753995,1.68713682418
81.365382089,-0.0246087180344,-0.00456001914343,0.000686508557341,0.00575085647067,-0.00191876415202,-0.0740918717928,0.0136635072063,0.0223411083794,-0.0263423150734,-0.038127054228,-6.51393311986e-05,-0.0437040394408,0.0906220902407,0.0432492945617,-20.3047565628,0.305867575986,-0.112141652132,-1.55889528141,0.0751562534666,-0.0424952770682,0.00185126455842,-0.0101784756842,0.00279508347065,0.11768965656,0.12065312415,0.302205381994,19.8974322807,-0.323916008408,0.112117535598,1.52658374874
81.415382089,-0.0236386853485,-0.00358797670942,-0.000649130571586,0.00366200711071,-0.00175803992282,-0.0756863684768,0.0225199057185,0.0173195698789,-0.0254423544613,-0.0328716694188,0.0108047334017,-0.0678054522525,0.0603170757869,0.0345643664976,-19.9512981562,0.173815823808,-0.0871266297496,-1.38156747406,0.0682075960836,-0.0454794788628,0.00491071030087,-0.00642371466605,0.00242960972159,0.120156160328,0.287902296947,0.233243582374,19.557889728,-0.189376483191,0.0911268661969,1.33143714027
81.465382089,-0.0223567274625,-0.00282806215554,-0.00185772688879,0.00246368952879,-0.000838290811847,-0.0808724170181,0.0287584097205,0.0130770122763,-0.0229014982269,-0.0281150558372,0.0299871667046,-0.116318518477,0.209869923546,0.00799919953404,-19.6037538328,0.0579951259998,-0.0729875997258,-1.22108269407,0.0608278684039,-0.0484809072233,0.00801329366489,-0.00410466876128,0.00117649471251,0.13300581712,0.234813794001,0.194207198175,19.2496339956,-0.0713041186717,0.0840897484548,1.13508538908
81.515382089,-0.0207628443764,-0.00228027548179,-0.00293928039427,0.000850501526992,0.00124067674764,-0.0873182203245,0.0451722867467,0.00835000817788,-0.0196017546558,-0.0254328361068,0.0510934214407,-0.111613038493,1.24654603584,-0.242673018616,-19.1578290551,0.0244421504588,-0.122904439099,-1.0429388529,0.0531299992482,-0.0497719090542,0.0103593341881,-0.00100155506233,-0.00193795449866,0.150709091203,-0.54805885954,0.371786996551,18.8547322839,-0.0364814446837,0.141820756519,0.960420431599
81.565382089,-0.0178394987879,-0.00199306133775,-0.00381790235437,-7.9594081898e-05,0.00427105133222,-0.0920337208673,0.0731635698903,0.00304659612608,-0.0154372638693,-0.00900229602028,0.0625037977796,-0.0799966657879,2.45395242439,-0.572555155355,-18.7022114606,0.0225272557481,-0.195846232612,-0.949958894309,0.0411375017723,-0.0442082569278,0.0119872323094,0.00115524308506,-0.00692703070989,0.163071135166,-1.32264340682,0.619663869098,18.4635091139,-0.026788726629,0.218987013664,0.890815279378
81.615382089,-0.0134464873874,-0.00197561586918,-0.00448300678121,-4.97280750356e-05,0.0074910565256,-0.0953178869032,0.100435473612,-0.00051751283468,-0.00954538575625,0.00660881476917,0.0658097351137,-0.0571914706626,3.4738214849,-0.683728733036,-18.251175026,0.037194793436,-0.279827268691,-0.945688163854,0.0266872833806,-0.0318801587946,0.0126356680338,0.00146426038523,-0.0125605031639,0.170506214323,-1.92081420066,0.675726568333,18.1035772394,-0.0340663391358,0.304192006922,0.903405022615
81.665382089,-0.0077959514267,-0.00204481262122,-0.00477244093,0.000581287395019,0.0108520248436,-0.0977528679336,0.12519151162,-0.00192821618381,-0.00193868658816,0.0051546181838,0.0635271174948,-0.0436716405484,4.03732556316,-0.917850672603,-17.7756460594,0.060785794962,-0.372075568155,-1.09840968406,0.0127164531407,-0.0158757950042,0.0113911264914,0.000254867812715,-0.0186147767642,0.175075021363,-2.10152218135,0.888035173443,17.7456686591,-0.0583457224246,0.395595212865,1.06612210474
81.715382089,-0.000927336225412,-0.00216843748756,-0.00467687544002,0.000465733743344,0.0138437682751,-0.0996850509581,0.147322574654,-0.00102980266164,0.00534183694272,0.00228422506771,0.0564595809315,-0.0320046589882,4.60363354702,-1.13431193546,-17.2643619813,0.0862085437159,-0.470787438463,-1.2519954442,0.00325776938295,0.00469724254945,0.00818623505606,4.17253710102e-05,-0.0242307483725,0.177894712553,-2.32562336452,1.11838836804,17.3469613995,-0.0851272463902,0.491690469111,1.22833356769
81.765382089,0.00693630603872,-0.00214779288738,-0.00423825723573,0.000809709901791,0.0164979829367,-0.100953333832,0.163723151815,0.00466416493302,0.01169972091,0.00779400295888,0.0451371556888,-0.0198666485075,5.60670684124,-1.79738925677,-16.7729638818,0.104397184427,-0.567788454066,-1.28499406475,-0.00538072839819,0.0345110326933,0.0098603345378,-0.000951993960191,-0.0294204891087,0.186088004061,-3.07509885231,1.86951001107,16.9538735857,-0.100707690482,0.584499583216,1.27030613498
81.815382089,0.0154449789561,-0.00170202099426,-0.00350690334902,0.00124513403923,0.018357483844,-0.101671715809,0.175496300934,0.0102187230699,0.0171307063352,0.000365202917809,0.0306020208797,-0.00857454466625,7.2441471904,-2.22731630349,-16.3425831364,0.12214474828,-0.653757551352,-1.17974874919,-0.02798435583,0.0620066920182,0.00952146600998,-0.00177452747974,-0.0330098182131,0.194188962849,-4.53049409647,2.38532572778,16.607470738,-0.121971869984,0.665087337543,1.17340936538
81.865382089,0.0244859361321,-0.00112592058039,-0.00252518660221,0.000846230193572,0.0195581850247,-0.101810788299,0.184406893216,0.00984407739151,0.021723657552,-0.00637703382759,0.013029309249,0.0020500259938,9.0246259258,-2.58514048674,-15.8910105386,0.152223750388,-0.742521799744,-1.01966744013,-0.0669672459805,0.0922807839259,0.00782355137012,-0.000235966513961,-0.0352918961624,0.204159369403,-6.17319068952,2.73735686354,16.2269177356,-0.155242485153,0.747345640907,1.02118307765
81.915382089,0.0338856682776,-0.000717613255105,-0.00133453759382,0.000607430656473,0.0196604147689,-0.101466713209,0.191368247071,0.00686142269394,0.0254192765098,-0.00316300693798,-0.00614722216706,0.0122829130519,10.9153876768,-2.89709202754,-15.4442780839,0.187183854139,-0.830460146333,-0.810976963525,-0.127711111745,0.126880002479,0.00370445292092,0.00201976857783,-0.0355348186303,0.21641620086,-7.95631085875,3.00318840007,15.8373296638,-0.188681145711,0.82818426027,0.8200580405
81.965382089,0.0436227608392,-0.000439778311,1.67410487775e-05,0.000529929499774,0.018943462808,-0.100582496994,0.197720215461,0.00492417901183,0.0277566371843,-0.00597745771875,-0.0246912702355,0.0699119008677,12.7648343506,-3.20805239669,-15.0577322397,0.195970539684,-0.907989511443,-0.632996064011,-0.215011237055,0.164500963619,-0.0038388776705,0.00509362437847,-0.0342067734693,0.23076670642,-9.70753871775,3.28419368023,15.4869258123,-0.198800124709,0.898848062463,0.684683750032
82.015382089,0.0536576898237,-0.000225195353922,0.0014411261246,9.68488459793e-06,0.0171912877453,-0.0944755231227,0.203676943919,0.00365913927128,0.0292187658488,-0.0108162672628,-0.0435680898831,0.147751168799,13.2065945717,-3.23809536159,-14.9708677183,0.206250505033,-0.937543755697,-0.510027554208,-0.334058231925,0.195680213541,-0.0139363937106,0.0100585582226,-0.0293955693498,0.230298239784,-10.0571916151,3.29467566871,15.4226698015,-0.211370666364,0.921413541779,0.619263834832
82.065382089,0.0639904552311,-7.38643838721e-05,0.00293861763365,-0.000551697226508,0.0145866538197,-0.0858073801139,0.19762788925,0.00615008903489,0.0313109605869,-0.0207882407022,-0.0581190902923,0.165665735376,13.2521450613,-3.21280425427,-15.0301343355,0.217242727961,-0.94471425713,-0.424955110991,-0.489385546012,0.219958010109,-0.0274319490188,0.0161517721776,-0.0228450390441,0.226502019884,-10.1962770443,3.30790146172,15.514287475,-0.227083382192,0.923196826331,0.547436096463
82.115382089,0.0734204787487,0.000389813549567,0.0045722221833,-0.00206913918563,0.0113793787161,-0.077908949585,0.178080948997,0.0126164147267,0.0340009210678,-0.0276936975908,-0.0639673347317,0.15166883547,13.1511501935,-3.15534965689,-15.1697342795,0.228368824432,-0.94041349862,-0.333377000501,-0.661029445163,0.233749708599,-0.0422647373922,0.0246003112331,-0.0164436572361,0.228833168561,-10.3975313671,3.35043395596,15.6954815697,-0.241478356223,0.916730872283,0.445509713954
82.165382089,0.0817985501308,0.0011877770888,0.00633870974043,-0.00332106698559,0.00818992034652,-0.0706404965669,0.162701435864,0.014998836218,0.0338663059992,-0.0279225002419,-0.0642527956517,0.143535687092,13.0437086367,-3.07041193019,-15.3299137468,0.239691916998,-0.932843092034,-0.243565126066,-0.837896872883,0.236094516651,-0.0613051000371,0.0330060105907,-0.0112013902533,0.235206386036,-10.5278991725,3.3023349855,15.8535795197,-0.252909758473,0.909054779499,0.34968479146
82.215382089,0.0896906223351,0.00188969717137,0.00795885278322,-0.00486138920981,0.0049540991509,-0.0635553808759,0.153604203385,0.0126251647951,0.0307106230495,-0.0285301621791,-0.0586512232605,0.142099537132,12.9694877109,-3.03678959903,-15.4937416205,0.25177633468,-0.92457011926,-0.166177959011,-1.02541241388,0.233511955022,-0.0800221095255,0.0419148568119,-0.00670996791383,0.244301687396,-10.5943463573,3.23200919811,15.9686118988,-0.265281828732,0.902855676872,0.2712358414
82.265382089,0.0971589704693,0.00245029356831,0.00940977204538,-0.00617408320349,0.00232479802047,-0.0564305428537,0.14733514903,0.0111751409562,0.0275592434094,-0.0199505026142,-0.0476301144145,0.141362845946,12.8752654303,-3.01865046981,-15.6593863609,0.263900206108,-0.91606790689,-0.0881690991306,-1.22136184242,0.226945423358,-0.0993053948588,0.050371263533,-0.00353498539068,0.25507766474,-10.5970608136,3.19144873205,16.0855276855,-0.273344295234,0.898433809631,0.192682326573
82.315382089,0.104424137238,0.00300721126699,0.0107147771242,-0.00685643947123,0.000191087709454,-0.0494190962813,0.146744631636,0.0114683535161,0.0249595057651,-0.0100176927247,-0.0331606806308,0.140939760828,12.7546384042,-2.99502270977,-15.8197335515,0.274641846823,-0.908440570765,-0.00771633860717,-1.42865776347,0.216070592555,-0.120903347311,0.0579625842176,-0.00132895164626,0.268656096297,-10.4855648024,3.17235484062,16.2056758174,-0.279383982135,0.896163491975,0.111916768221
82.365382089,0.111833433633,0.00359712891991,0.0119057226219,-0.00717585247597,-0.00099127004261,-0.0423365667709,0.14521285376,0.0141806057869,0.0232530231475,-2.33303893283e-05,-0.0170069660947,0.14199616058,12.6325977577,-2.98143390039,-15.9704572672,0.283122329811,-0.902269397394,0.0727353431,-1.6564895239,0.201107366227,-0.144797157847,0.0654117172355,-0.000184555110858,0.285908494015,-10.3872096339,3.20070487398,16.3300126418,-0.283133373858,0.895972908336,0.0322461103169
82.415382089,0.118945422614,0.00442527184568,0.0130400794389,-0.00685877251017,-0.00150960890002,-0.0352194802233,0.133861726661,0.0207459941569,0.0227170325292,0.0134472937723,-0.000889638947784,0.139863189824,12.5363836768,-2.9542509639,-16.1212187971,0.291560713911,-0.896014684069,0.146031982666,-1.89163303496,0.177457558105,-0.172610084005,0.0721845749195,0.000330496313681,0.305529422449,-10.4665150427,3.27504080922,16.4724862898,-0.285195087774,0.895685313042,-0.0426274899863
82.465382089,0.125219606299,0.0056717283356,0.0141774258748,-0.00583112309874,-0.00108023393739,-0.0283502477885,0.11682913128,0.0300720131189,0.0224893293812,0.0191010706411,0.0182073854718,0.134820963369,12.4487236842,-2.93219035637,-16.294234232,0.297140581601,-0.896712685102,0.201677898731,-2.11331137196,0.141997950443,-0.205288624963,0.0779488336033,0.000143079353932,0.325669438428,-10.6422255878,3.3971859774,16.6419808109,-0.288098593185,0.903453605425,-0.102001255167
82.515382089,0.130628335742,0.00743247315757,0.015289012377,-0.00494866544606,0.000311129647158,-0.0217373838864,0.0993883577769,0.0417047971925,0.0216750348957,0.0198474471693,0.0290853175116,0.125609878312,12.3489429224,-2.92853774391,-16.5521437289,0.291808793043,-0.924086238673,0.202822175212,-2.31654202745,0.0935113501464,-0.238206365364,0.0834322712737,-0.000421763339027,0.345862853319,-10.8121269146,3.57340804221,16.8872990866,-0.282413487892,0.934854495775,-0.10995552632
82.565382089,0.135158442077,0.00984220805485,0.0163449293644,-0.00384637838181,0.00182829781378,-0.0157892599573,0.0831846564159,0.0530168175424,0.0193628460908,0.0205312372614,0.0335483782121,0.113795981723,12.2619723838,-2.9246310418,-16.8412754998,0.281715504565,-0.958011759932,0.183597585705,-2.49619049828,0.0310335264801,-0.271911297298,0.0880393930187,-0.000874227053815,0.366321800771,-10.9757099438,3.74441613236,17.1406780908,-0.271996509595,0.970432375997,-0.0994652577215
82.615382089,0.138946801384,0.0127341549118,0.0172252969861,-0.00289554171992,0.00366596746837,-0.010357785714,0.0724716902828,0.0564434263911,0.0124802648327,0.0204212380319,0.0329217530292,0.10363717716,12.1826538897,-2.92152613726,-17.1508119636,0.267572281092,-0.996065671703,0.154510791016,-2.65411678423,-0.0423359331566,-0.302121434127,0.0918286497467,-0.00109042846508,0.386347319813,-11.0620432243,3.79429597825,17.3437910127,-0.257905357118,1.00825429233,-0.0778891313748
82.665382089,0.142405611105,0.015486550694,0.0175929558477,-0.00180425457862,0.00512047311669,-0.00542554224135,0.0659479744552,0.0534973316907,0.00221070908217,0.020904045454,0.0263121396802,0.0933877865918,12.1050634952,-2.91815625647,-17.4652147432,0.252497091543,-1.03524961614,0.121274985183,-2.80225803328,-0.114957395029,-0.323673758583,0.0941499181289,-0.000383506712214,0.406012042125,-11.08532733,3.74537141079,17.4993983557,-0.242601618123,1.04499115962,-0.0522309664736
82.715382089,0.145541598829,0.0180838880809,0.0174463678943,-0.000805137174515,0.00629718143639,-0.00101900705487,0.0542843860917,0.0541903354901,-0.00440080490064,0.0148154337628,0.0227425906148,0.0793479532443,12.0153591118,-2.91449039208,-17.7802258236,0.237338606389,-1.07466232681,0.0834921078764,-2.93975778721,-0.185503067754,-0.334488947019,0.095129547576,0.00105451365983,0.424948480831,-11.1759739425,3.75242128168,17.7121773361,-0.230325335616,1.08308231613,-0.0248281029962
82.765382089,0.147834049714,0.020905584243,0.0171528753576,-0.000322711202341,0.00739473217817,0.00250925308307,0.0369549962264,0.0589089907587,-0.00738055955148,0.00962248251982,0.0162101529727,0.0660969396634,11.91688623,-2.91895884628,-18.0794267673,0.218434166474,-1.11145510683,0.0438000037023,-3.04560912966,-0.258297920217,-0.337973606889,0.0953049412785,0.002232114654,0.440790094058,-11.3454608535,3.8298530599,17.9653031182,-0.213879114189,1.11745659177,0.00506718231128
82.815382089,0.149237098452,0.0239747871568,0.0167083119392,0.000157111077467,0.00791819673366,0.00559068691147,0.0200200009215,0.0595861688127,-0.0123724426788,0.0081251630277,0.00750768322192,0.0527790570094,11.8188547446,-2.92431477027,-18.3714075829,0.19782152239,-1.14703371762,0.00413128556481,-3.11719252919,-0.335456011641,-0.336300302128,0.0941225748616,0.00342106152819,0.452284620117,-11.5092907415,3.84568000984,18.1800957594,-0.193975265217,1.14981328718,0.0348896435377
82.865382089,0.149836049806,0.0268642011242,0.0159156310897,0.000489805100429,0.00814550050037,0.00778715878401,0.00387713916837,0.0533796955337,-0.0194105644901,0.000594802102456,0.0047131020432,0.0346724938967,11.7400313311,-2.94909618494,-18.663401232,0.177264871604,-1.18255898073,-0.0302264829811,-3.15432351808,-0.405083677192,-0.324807109477,0.0914506721238,0.00507365541337,0.459316877105,-11.680080149,3.77449236234,18.363260784,-0.176983306564,1.1843039125,0.0558607592038
82.915382089,0.149624812369,0.0293127567101,0.0147672554902,0.000216591287713,0.00838950693798,0.00905793630114,-0.00961823740019,0.0409944323502,-0.0257044710046,-0.00553643378673,0.00173274170515,0.0210729182051,11.6611283989,-2.97389931953,-18.9310106938,0.162429024772,-1.21396415861,-0.0646142021504,-3.15540879889,-0.460229565108,-0.301015680307,0.0878123138522,0.00719395329892,0.461514639533,-11.8098526714,3.60778543331,18.5335492266,-0.165049839652,1.21460567157,0.0801939584754
82.965382089,0.148874226066,0.0309636443593,0.0133451839893,-6.38382782444e-05,0.00831877467088,0.00989445060453,-0.0156992812933,0.0242063737919,-0.0310120844987,-0.00538430477266,0.000245248542698,0.00995476632998,11.6418673631,-3.00774515353,-19.154227273,0.153410269855,-1.24339547001,-0.0973705953233,-3.13092640701,-0.496243091586,-0.270258371122,0.0833065177293,0.00974636258066,0.459330450497,-11.8846212162,3.38204193805,18.6746955757,-0.155959070511,1.24348626838,0.104730412895
83.015382089,0.148054884239,0.0317333940893,0.0116660470403,-0.000321839189554,0.00841403179225,0.0100534129341,-0.0133225035558,0.0117811273741,-0.0352112564955,-0.0103590948552,-0.0026523463479,0.00258828987358,11.9366337922,-3.08126328089,-19.1723108326,0.156442983394,-1.26087024883,-0.112901488993,-3.0989536306,-0.510751331819,-0.234354656814,0.0784287237025,0.0126551684623,0.455811369155,-12.1426361569,3.26343175155,18.6278484443,-0.16134673028,1.25988827064,0.114815078992
83.065382089,0.147541975711,0.0321417570967,0.00982405833971,-0.00109974776376,0.00805354003609,0.0101532795919,-0.00526532121595,0.00509837098531,-0.0376795954641,-0.0119946698016,-0.00521263421067,-0.000329576259288,12.3935459605,-3.17869406586,-19.1250255246,0.162721576093,-1.27535767099,-0.120650548669,-3.0789739126,-0.518430549928,-0.192931242235,0.0740349095496,0.0160483687742,0.453597420792,-12.4749622361,3.25752883402,18.5423958608,-0.168399564905,1.27342779742,0.120406884371
83.115382089,0.147528352118,0.0322432311878,0.00789808749388,-0.00152130616971,0.00789276837118,0.0100204553082,0.0110788146877,0.00115457539177,-0.0365594434576,-0.00292583032499,-0.00608436804566,-0.0105179903411,12.9039053563,-3.29223550285,-19.0550565089,0.170234955745,-1.28956546331,-0.118597156107,-3.07748747818,-0.520012264082,-0.15248230475,0.0696576360572,0.0196622576797,0.453961483268,-12.7325965618,3.31008839814,18.4897474606,-0.171619973601,1.28731284773,0.11082093238
83.165382089,0.148649857179,0.0322572146359,0.00616811399395,-0.00139233079626,0.00744510323152,0.00910148055777,0.0399340894333,0.00275100938757,-0.0289005647746,-0.00351260086387,-0.00470676300501,-0.0215220316317,13.4210410261,-3.44869190168,-18.9768695733,0.178337410035,-1.30397830843,-0.125240280575,-3.1205143518,-0.519018781422,-0.119552708779,0.0662486043235,0.0233747190317,0.461800806173,-12.8035507157,3.49123003551,18.5299877495,-0.180000190981,1.30223572357,0.109328483016
83.215382089,0.151521761061,0.0325183321266,0.00500803101642,-0.0018725662561,0.00742209207068,0.00786825214505,0.0711279257168,0.00595934885566,-0.0180388184015,-0.00846426149531,0.000179137367437,-0.0286269494291,14.0113811642,-3.70332372225,-18.8955811208,0.186918604941,-1.31834891661,-0.130061099471,-3.23757911066,-0.525030142963,-0.0957498078512,0.0661003861302,0.0266397107792,0.480950617592,-12.9115487765,3.79547156453,18.6166516214,-0.190925383191,1.31841523864,0.108896451457
83.265382089,0.155762649751,0.0328531495214,0.0043642321538,-0.00223875694579,0.00746301696827,0.00623878561486,0.0887812648046,0.00159791440146,-0.0115356962841,-0.0045586502867,0.00404240341725,-0.0301012102012,14.4817214769,-3.83958268167,-18.8130794053,0.19522020107,-1.3331793677,-0.133506783339,-3.41486589713,-0.53341233942,-0.0830276318547,0.0682347159575,0.0295011474045,0.509400524815,-13.108920155,3.86429081133,18.6347059709,-0.197378156708,1.33467598671,0.111252176006
83.315382089,0.160399887542,0.0326781235667,0.003854461388,-0.00232843128477,0.0078263324124,0.00485813112493,0.0966044844166,-0.00843066144243,-0.00864154575954,-0.00282194687738,0.00884004029882,-0.0315565489971,14.9751945316,-3.9640505091,-18.7428272816,0.20052953978,-1.34606684932,-0.129623726187,-3.61249414557,-0.532353630797,-0.0741366441625,0.0709183691694,0.0321031786504,0.539567664803,-13.4814248246,3.83368941097,18.6092053348,-0.201865381705,1.34933969744,0.106293149044
83.365382089,0.165423098193,0.0320100833772,0.00350007757784,-0.00252095163353,0.00834702099815,0.00308313071516,0.100758336737,-0.0104173099953,-0.00386195553656,0.00252244484307,0.0125107200971,-0.0329357358311,15.5356367143,-4.11519991075,-18.672637238,0.205870451574,-1.35873720694,-0.145294988233,-3.83036752956,-0.517782153758,-0.0676170314951,0.0745783981182,0.0343911760903,0.572286677492,-13.9776370826,3.95411978913,18.6129208364,-0.204676386724,1.36336905084,0.120944742404
83.415382089,0.170475721215,0.0316363925672,0.00346826583435,-0.00207618680046,0.00907740442212,0.00156455754182,0.103236159337,-0.00470064756548,0.00270352556836,0.00527713238418,0.0120287261825,-0.0303071638996,16.0567288189,-4.23273056276,-18.5961148188,0.209646359763,-1.37247984308,-0.147412931115,-4.05749855299,-0.509685305197,-0.0719541484092,0.0787340095494,0.0360646772211,0.606282262328,-14.4604152687,4.16004568712,18.6379187228,-0.207148291943,1.37693323838,0.125006056858
83.465382089,0.175746714126,0.0315400186206,0.00377043013468,-0.00199323839511,0.0095498936164,5.24143251986e-05,0.117693752416,0.000374592535176,0.0089441472277,0.0043518780086,0.00788694756225,-0.0328547517183,16.5105427438,-4.30850354044,-18.5394950445,0.208408834214,-1.3930346448,-0.138726235433,-4.30351906607,-0.507107777762,-0.0819636947075,0.0845342619365,0.0372375932525,0.643416484143,-14.6906752385,4.31429576618,18.6777960382,-0.206348759609,1.3959546294,0.114435863264
83.515382089,0.182245096457,0.0316738518207,0.00436268055712,-0.0016409989996,0.00986609917834,-0.00172091763001,0.142848205927,0.00654905291838,0.0143737221532,0.00752502616827,0.00264786094154,-0.0345984023146,16.557494729,-4.27616077721,-18.5757405426,0.19132020572,-1.43821697944,-0.12271808309,-4.61820446466,-0.509359316846,-0.101775078335,0.0923798416256,0.0383264485648,0.691229233098,-14.348670532,4.37742705815,18.7979976237,-0.187758038933,1.439197297,0.0971385846999
83.565382089,0.190031534719,0.0321949239125,0.00520780234999,-0.00124073577828,0.00981467971055,-0.00340742590626,0.157257220064,0.0176832702447,0.0154216351926,0.0116127300633,-0.00123572897689,-0.03424788775,16.5050263629,-4.2221353862,-18.6481781601,0.165473563917,-1.49316597591,-0.104297722519,-5.01310367141,-0.522695019542,-0.130123318682,0.10261099009,0.0395713113441,0.751260275511,-14.0733993741,4.49556713806,18.8866388446,-0.159976376211,1.49270847197,0.0789773686606
83.615382089,0.197970818463,0.0334421788452,0.00590484407638,-0.000479725993267,0.00974252628065,-0.00514570640501,0.155466039516,0.0349966098316,0.0106347730306,0.0145099402205,-0.00413822581749,-0.0330285233784,16.4224766215,-4.16456624819,-18.7277260596,0.137022953233,-1.55086359806,-0.0848820519201,-5.43523730331,-0.554728425662,-0.15942499542,0.112509313202,0.0413951781123,0.817224755944,-14.018546186,4.70570961157,18.8921687549,-0.130154295772,1.54933150272,0.0604632058449
83.665382089,0.205578138671,0.0356945848956,0.00627127965306,0.000210258243771,0.00940085712881,-0.0067102782441,0.138451439853,0.0500838530048,0.00554572595865,0.00802919784512,-0.00946278362009,-0.0262967333183,16.3284034164,-4.10510608663,-18.8174117103,0.110158671623,-1.60801569839,-0.0664433596783,-5.86112840226,-0.616412721004,-0.1808711474,0.12112787169,0.0443155507213,0.886285179858,-14.1875652556,4.87953951878,18.9031638106,-0.106357842064,1.60451229201,0.047001501021
83.715382089,0.211815962449,0.0384505641457,0.00645941667224,0.000323193791245,0.00879624791864,-0.00777537973684,0.100342677507,0.0556975189209,0.00293616043111,0.00737510725132,-0.0129505301947,-0.0186103259676,16.226076689,-4.04103406559,-18.9158628341,0.0871038264557,-1.6641413553,-0.0481853585764,-6.22835187641,-0.696926062988,-0.192693930077,0.128322396002,0.0475021264995,0.947631048642,-14.6745042865,4.90227013576,18.9612639098,-0.0836126276855,1.65934668051,0.0344262607201
83.765382089,0.215612406422,0.0412643367877,0.00656489569617,0.000947768968903,0.00810580410933,-0.00857131084085,0.0577253180391,0.054204207391,0.000738746208223,0.0105414079552,-0.0159154609177,-0.0110271923065,16.1140634301,-3.96870214891,-19.0142934004,0.0639046253818,-1.72037721488,-0.0277980361621,-6.46276354318,-0.780576696599,-0.204132985178,0.131959020778,0.0499100628328,0.98969608691,-15.2214720361,4.80684753607,19.0257164385,-0.0589145758496,1.71448483378,0.0196453461829
83.815382089,0.217588494252,0.0438709848848,0.00653329129307,0.00137733458676,0.00720470182687,-0.00887809896749,0.0343694798263,0.0510558792493,-0.00154637116876,0.00998484135249,-0.0225879869213,-0.00704578239795,15.9865688819,-3.88415615632,-19.1126789166,0.040619645216,-1.77668867939,-0.00344009384508,-6.59371047109,-0.860394711726,-0.208347036249,0.133223443596,0.0519536530449,1.0152733929,-15.4551226646,4.67361977436,19.0887677864,-0.0358930609559,1.768325929,-0.00176903627206
83.865382089,0.219049354404,0.0463699247126,0.00641025857929,0.00194625310415,0.00584700541721,-0.00927588908065,0.0254025814331,0.0474392301883,-0.00402903010728,0.00835535179165,-0.0242570087535,-0.00391135546954,15.8565096866,-3.80134827862,-19.247422445,0.00801620178506,-1.84068623832,0.0215480449221,-6.69477070787,-0.93709720837,-0.210089050863,0.133368109551,0.0540935819941,1.0363105293,-15.4637162583,4.53488860448,19.1851226132,-0.00406097877534,1.83170556597,-0.024439811716
83.915382089,0.220128752396,0.0486149079036,0.00613038828234,0.00221286976593,0.00477900095152,-0.00926923451444,0.0219972203769,0.034251985694,-0.00771875057511,-0.00268694529153,-0.0249384318351,7.10461664682e-05,15.7331372177,-3.72533809525,-19.4078645709,-0.0225590711492,-1.91122084129,0.0447122704235,-6.77373062494,-1.00882438551,-0.204590919301,0.132831089258,0.05646968344,1.05257184,-15.3929999908,4.25496753164,19.2885115631,0.0212871357349,1.90198788568,-0.0446597441454
83.965382089,0.221249076442,0.049795123282,0.00563838352178,0.001677558575,0.0033531622337,-0.009268784464,0.0230983534405,0.0158760971979,-0.0106021298735,-0.00359441410819,-0.0261911543449,0.00162432093033,15.625178946,-3.67033287626,-19.522486941,-0.0470404224603,-1.97113643679,0.0631450984667,-6.8501450628,-1.04872443994,-0.186106086672,0.132638877047,0.059213572537,1.06629692587,-15.2680151884,3.91582078712,19.3585489982,0.0453389130874,1.96143968572,-0.0619441957706
84.015382089,0.22243858774,0.0502025176234,0.00507017529499,0.00185342835511,0.00215988551703,-0.00910680242141,0.0192898197238,0.00921866195753,-0.0104440913452,-0.0024146450428,-0.0191993032591,0.00446547232351,15.5293237896,-3.64918620975,-19.4320597042,-0.0441946308526,-1.98302367215,0.0767266166849,-6.92580944115,-1.06660852046,-0.170648105884,0.131529880821,0.0619346428425,1.07809450731,-15.2310503861,3.79173195236,19.2705654696,0.0430515958409,1.97591551411,-0.0734251768939
84.065382089,0.223178058414,0.0507169894778,0.00459397438726,0.00143609407072,0.00143323190779,-0.00882223723165,0.00913272420852,0.0114920463442,-0.00907538360165,-0.00905217733445,-0.0137115899805,0.0115101102258,15.4403218279,-3.64267878766,-19.3009572658,-0.0327745260664,-1.98221927796,0.0886347720146,-6.97572615882,-1.08690657833,-0.153258231998,0.130884865059,0.0641521989901,1.08601051661,-15.2991049181,3.82037727448,19.1606269986,0.0284894425685,1.977142836,-0.0801250482617
84.115382089,0.223351860161,0.0513517222578,0.00416263693482,0.000948210621664,0.000788726518978,-0.00795579139883,0.00283045284793,0.00483056430858,-0.00600883288088,-0.00861598867334,-0.0119835927433,0.0142989334599,15.3578163125,-3.63793751833,-19.1543980957,-0.0178250645098,-1.97578368476,0.0989211232956,-6.99378243132,-1.11335377929,-0.136216429741,0.129787318013,0.0660815875684,1.08816321891,-15.3140497653,3.71263126237,19.061485095,0.0137464622556,1.97134699922,-0.0883495500164
84.165382089,0.223461103699,0.0512000459087,0.00399309109918,0.000574495203384,0.000234872633461,-0.00739234388566,0.00554994660552,-0.015409461372,0.000922432230451,-0.0101492032373,-0.00661559898126,0.0136621491657,15.2797405314,-3.62679548283,-19.0093605904,-0.00329615632132,-1.96565185438,0.107867295859,-7.00174591743,-1.11305931726,-0.127812467294,0.12962689615,0.0668119321114,1.08797630447,-15.1939231683,3.38852303887,19.0236239171,-0.00150823291031,1.96320256117,-0.0977665137647
84.215382089,0.223906854821,0.0498107761206,0.00425488015787,-6.67097020613e-05,0.000127166620853,-0.00658957648226,0.00796351261924,-0.0294915609359,0.00574810222758,-0.00887685666839,-0.00103866773982,0.0183163528571,15.2021962095,-3.61682226506,-18.8611210354,0.0119681766968,-1.95450119476,0.116633850997,-7.02321707914,-1.07668968483,-0.130577951712,0.13201364927,0.065923598284,1.08684550912,-15.0790585107,3.16080202331,18.9500024267,-0.0161702675991,1.9541166488,-0.103092095104
84.265382089,0.224257454961,0.0482508898151,0.00456790132193,-0.000313190463456,0.000131005859479,-0.00556070859995,0.00672854614372,-0.0275800025643,0.00391241582505,-0.00485243625834,-0.00162273744391,0.0197609954775,15.1248828589,-3.6073570134,-18.7114898754,0.0275521240284,-1.94290775377,0.125322344724,-7.03834766171,-1.036542016,-0.137858154398,0.134092250797,0.0647806833536,1.08386859809,-15.0208411215,3.18089469544,18.7719865311,-0.0298491508946,1.94230696769,-0.110712526981
84.315382089,0.224579709436,0.0470527758642,0.00464612174037,-0.000551953327896,-3.51071235385e-05,-0.00461347693452,0.000548965771383,-0.0216027433771,-0.00345762216779,-0.00607038713638,0.000666847758685,0.0173384638772,15.0476698879,-3.59811252289,-18.5612539262,0.043274975168,-1.9311218808,0.133976913101,-7.05407754797,-1.00712948935,-0.138052696247,0.135177065606,0.0644498024932,1.08183711959,-15.0391813747,3.26407498996,18.507789625,-0.0461485507491,1.93136876784,-0.121158135957
84.365382089,0.224312351538,0.0460906154774,0.00422213910516,-0.000920229177094,0.000197690635347,-0.00382686221223,-0.0144327904387,-0.0148707306202,-0.0138206157698,-0.00400301100755,0.00749395821812,0.0469564898925,14.9705005418,-3.58896397478,-18.4143624702,0.0582119132398,-1.91986201657,0.142616737583,-7.03425007808,-0.982074050087,-0.122220476907,0.133749346838,0.0652392481227,1.07546779006,-15.1936709802,3.3590217826,18.2006579275,-0.0601068425785,1.92263650472,-0.107900583736
84.415382089,0.223136430392,0.0455657028022,0.00326406016339,-0.000952254428651,0.000714288698273,8.2172054737e-05,-0.0222096000349,0.0049977765629,-0.0180949047935,0.00218676585289,0.012965475707,0.158065756859,14.8880400978,-3.57739810704,-18.2856579773,0.0700200189284,-1.91167463842,0.152687891144,-6.97069276886,-0.990600709096,-0.0926585597266,0.128670406697,0.06767389842,1.05771696133,-15.2314612955,3.65467741014,18.0058612288,-0.0689848564561,1.91647484649,-0.0358257673878
84.465382089,0.222091391535,0.0465903931336,0.00241264862581,-0.000701552591804,0.00149423820605,0.0119797134737,-0.0168148337424,0.0412981259096,-0.0130558252245,0.00698977152467,0.014414522577,0.293414790344,14.7765444435,-3.47039567902,-18.1379039289,0.079837504813,-1.90813979644,0.253523226886,-6.94993427616,-1.10369544713,-0.0681995499115,0.123665666802,0.0713879091758,1.03210605257,-15.0365477904,4.10897772635,17.936025141,-0.0765287147278,1.91347648513,-0.0365940435997
84.515382089,0.221454947018,0.0496955153931,0.00195847764094,-0.000253277276184,0.00215574095597,0.0294236510892,-0.0155120215139,0.0675981736925,-0.00822374040537,0.00433938970174,0.0250460502371,0.428250890807,14.7125272525,-3.22290915572,-17.8825734015,0.0759443172751,-1.92068664577,0.674662895073,-6.98483219136,-1.32059053044,-0.0567125501357,0.119909679538,0.0754386056005,0.997659411147,-14.952385557,4.26816191722,17.7554118688,-0.0738901543356,1.92995944495,-0.358045876977
84.565382089,0.220540189383,0.0533502105029,0.00159027458527,-0.00026761362163,0.00399884322976,0.0548048025544,-0.0264019974194,0.0689854719729,-0.00944525183136,-0.004645230747,0.0364644921463,0.57641748598,14.5046287561,-2.99052474841,-17.5797120352,0.0661385323438,-1.94083363776,1.17826750323,-7.03243524166,-1.60939210152,-0.0441223678191,0.11660859349,0.0785545652679,0.925479247796,-14.9128758907,4.05722893796,17.433662593,-0.0683374730939,1.95433388669,-0.752107068985
84.615382089,0.218814747276,0.0565940625904,0.00101395245781,-0.000717800350884,0.0058021901706,0.0870653996872,-0.0371268774819,0.063398794953,-0.0120892965171,-0.0174893398657,0.0323605266023,0.697235497695,14.4837360391,-2.69208836693,-17.2561938515,0.0535452971976,-1.96353502913,1.77888515009,-7.05247770828,-1.93244185106,-0.0208902197115,0.112980377415,0.0803390717043,0.792729052209,-15.0578191703,3.67240724066,17.0692602425,-0.0618243309459,1.97551586689,-1.26340081852
84.665382089,0.216827501635,0.0596900899982,0.000381344933557,-0.00201654760821,0.00723489588998,0.124528352324,-0.0306488712263,0.0653607580305,-0.00982105912886,-0.0242497485307,0.0314320376056,0.802423864798,14.4794753042,-2.4650806527,-16.923698252,0.0400410453924,-1.98754047907,2.37347152964,-7.07606186969,-2.29043538182,0.0116628692097,0.112428253118,0.080898456551,0.592203696472,-14.9533907303,3.47573684492,16.7718378005,-0.0515202943529,1.99917756236,-1.78021870338
84.715382089,0.215749860153,0.0631301383935,3.18465449219e-05,-0.00314277520396,0.00894539393117,0.167307786167,-0.0136544248718,0.0702695073871,-0.00565982964283,-0.018297791754,0.0253943931135,0.888958509978,14.6446439031,-2.14021075576,-16.5873010837,0.0257541525187,-2.01162606723,2.92608474845,-7.17800435155,-2.71423000572,0.0355134152635,0.11520741044,0.0787601720032,0.313483999011,-14.8557786798,3.22676964683,16.4997846281,-0.034415887988,2.02102783339,-2.2688546091
84.765382089,0.215462059148,0.0667170407369,-0.000184638030727,-0.0038463267836,0.00977433520133,0.213424203322,0.00575826892443,0.0615132095328,-0.0065195635776,-0.0200680224254,0.0173831823471,0.958859360057,14.846404184,-1.67469477575,-16.2555493765,0.00934516273426,-2.03490010683,3.45744029995,-7.34487114224,-3.19312958857,0.0542975551614,0.119445137409,0.077652343899,-0.0509665522574,-14.7573655877,2.6258573386,16.1547390815,-0.0188448829179,2.04133588243,-2.74853064471
84.815382089,0.216325687045,0.0692814593468,-0.000620109812838,-0.00514957744649,0.0106837121659,0.263193722173,0.0278570952999,0.040572988729,-0.010106340108,-0.027816591515,0.0143309864456,1.0302736964,15.5349163106,-1.1260111935,-15.9481974629,-0.00767039456739,-2.05302938784,3.916914599,-7.59824715769,-3.71343442272,0.0867543896554,0.129389630284,0.0761806690435,-0.519396668786,-15.1041693806,1.75338063552,15.7919257868,-0.00549731225762,2.05833514895,-3.15520646814
84.865382089,0.218247768678,0.0707743396098,-0.00119527204153,-0.0066279859351,0.0112074338459,0.316451572961,0.045751927932,0.0271869109011,-0.00757899175728,-0.0303114699307,0.00617616458054,1.09201209568,16.4241937933,-0.687235382909,-15.6519186571,-0.0217355985866,-2.06888427517,4.36758327777,-7.93622616274,-4.28740215791,0.128732570957,0.144437950461,0.0764478369597,-1.1095489765,-15.7167437779,1.10761942798,15.534726703,0.00738687619667,2.07117087659,-3.56023034312
84.915382089,0.220900879839,0.0720001504369,-0.00137800898857,-0.00818072443957,0.0113013286239,0.372394931741,0.0597567462995,0.0247444195394,0.00210203420919,-0.0362361961825,-0.00464837207762,1.10685309055,17.5392004943,-0.430096495543,-15.3555238509,-0.0352721767141,-2.08407946555,4.79482400287,-8.34095100747,-4.9396742868,0.163632194639,0.16562913656,0.0783702271823,-1.83129660114,-16.6151976599,0.812712939784,15.3880270524,0.01811883111,2.08235849876,-3.97649873484
84.965382089,0.224223443308,0.0732487815637,-0.000985068620607,-0.0102516055534,0.0107425966381,0.427136882016,0.0548525573832,0.0195148608149,0.0101864203625,-0.0485754003512,-0.0177786275614,1.00604756101,18.1122248086,-0.557659149818,-15.0679643086,-0.0362152519021,-2.09146806765,5.03067307814,-8.79357813068,-5.65134132215,0.188897652282,0.197092825774,0.0844151138084,-2.6378812323,-17.2640541562,0.859412304423,15.2254742446,0.0132208231854,2.08488588637,-4.28687595905
85.015382089,0.226386135577,0.0739516365184,-0.00035936695232,-0.0130382644747,0.00952346586779,0.472999687842,0.0273017290357,0.00501442903489,0.0127066933296,-0.0561014396334,-0.036917932609,0.806408007197,17.1260695349,-0.48936328213,-14.8181722312,0.00626195660542,-2.06676027856,4.68220891349,-9.126441638,-6.28521168286,0.213541467339,0.237604570054,0.095132060951,-3.39893113105,-16.7039100873,0.566900078019,15.0146524846,-0.0328190316933,2.05309215237,-4.08601050716
85.065382089,0.226953616211,0.0737502244672,0.000285600712353,-0.0158617495167,0.00705080337724,0.507777682736,-0.00290149827194,-0.00370344417716,0.0122931408573,-0.0524311041648,-0.0609656931905,0.566331121737,15.4591971312,-0.748567777793,-14.6085585512,0.0674546239002,-2.02452428334,4.10729259369,-9.28615438213,-6.77390688666,0.236636418526,0.279260869031,0.116337385709,-4.03384759319,-15.5040622351,0.691302395582,14.7986441516,-0.0922742502653,2.00195295475,-3.68858927078
85.115382089,0.22609598575,0.0735812921006,0.000869947133406,-0.0182813748912,0.00342689654874,0.529632800015,-0.0297696851718,0.00196091749597,0.011464553521,-0.0410308476792,-0.0754462629837,0.287341703174,13.9523591168,-1.28490238331,-14.4180130613,0.133138020896,-1.97902019078,3.42677801935,-9.27227820744,-7.10445756008,0.254152703052,0.314895921432,0.148204281508,-4.4634318646,-14.4126799204,1.31522353425,14.5952864338,-0.152561039447,1.95108772083,-3.21433882731
85.165382089,0.223976647694,0.0739463162168,0.00143205606445,-0.0199648342846,-0.000493822921134,0.536511853053,-0.0500063311618,0.00488009617566,0.00934786589889,-0.0217759589033,-0.0591558457029,-0.0293141369049,12.9230383592,-2.0454937096,-14.2331524867,0.200643382978,-1.93114964404,2.67287191982,-9.09074701831,-7.25425786541,0.259187780025,0.337908243347,0.18134257087,-4.61463822292,-13.6962730915,2.12095335185,14.3776960759,-0.2109515993,1.90924837528,-2.6945446234
85.215382089,0.221095352634,0.0740693017182,0.00180473372329,-0.0204589707815,-0.00248868802155,0.526701386325,-0.0630058217236,-0.0109234977084,0.0028408435561,0.00144591917053,-0.0396035904183,-0.313942439488,12.173754143,-2.51136252659,-13.9968420691,0.280112476711,-1.87312612064,1.80886020141,-8.77750320311,-7.18082139978,0.251240810659,0.340727901372,0.192702897125,-4.44206625337,-13.1479965752,2.34245535763,14.040769285,-0.279428013278,1.85846368336,-2.04096600942
85.265382089,0.217676065522,0.072853966446,0.00171614042006,-0.0198202423676,-0.00445418196297,0.505117609105,-0.074017023157,-0.0280080753822,-0.00380336546821,0.0270470390024,-0.0387223138074,-0.514798301623,11.9371032108,-3.04056472317,-13.7592220825,0.361718814658,-1.81218650595,0.94342166794,-8.38088740117,-6.90910000145,0.24279105372,0.325622267905,0.199883227957,-4.05781925663,-13.0816089515,2.60748322794,13.7004116437,-0.348915395523,1.79785034371,-1.32402543709
85.315382089,0.213693650318,0.07126849418,0.00142439717647,-0.0177542668813,-0.0063609194023,0.475221556162,-0.0829934890594,-0.0242427706753,-0.00287710685194,0.0569645431286,-0.0372087678044,-0.682497169165,11.8361008816,-3.43554656852,-13.5364820846,0.446731248808,-1.74885772242,0.0191984570629,-7.92873423437,-6.50972937518,0.223334243557,0.29313332045,0.20247418576,-3.5477089862,-13.1194073511,3.06068698858,13.4919941389,-0.41976560124,1.73508192031,-0.523786359153
85.365382089,0.209376716616,0.0704296893785,0.00142842973487,-0.0141237880547,-0.00817505874341,0.436867892188,-0.0870773346138,-0.01158999967,0.00266073687009,0.0801687068236,-0.0331292850786,-0.843370966509,11.9642220199,-3.93360953949,-13.3096564516,0.534129450682,-1.6902904565,-0.864884158728,-7.45300377246,-6.02836489889,0.177247579905,0.247071370646,0.199229385822,-2.92966320091,-13.310675918,3.75439642619,13.3507987253,-0.496179508921,1.67802500129,0.241358075543
85.415382089,0.204985916856,0.070109494213,0.00169047086348,-0.00973739619891,-0.00967384791016,0.390884459512,-0.0817478618279,-0.0107607283142,0.00757613296387,0.0917687846932,-0.0272457121453,-0.980369841451,12.294579424,-4.27426173346,-13.0772240189,0.622381668272,-1.63639957836,-1.76905979166,-6.98422941887,-5.48185308164,0.115866836099,0.198943181194,0.18878621145,-2.24872589768,-13.5586250876,4.10787142479,13.1943717681,-0.578940528049,1.62631239835,1.04424687825
85.465382089,0.201201930433,0.069353616547,0.00218604303126,-0.00494690958538,-0.0108996299579,0.338830908043,-0.067915641872,-0.020501883809,0.0116459349456,0.0935169858415,-0.0217204674916,-1.08230960306,12.8289117966,-4.41546586176,-12.8873640306,0.679647813368,-1.58682867529,-2.49834787072,-6.56933107558,-4.88178083393,0.0456449919906,0.15572392384,0.172397282793,-1.56266573746,-13.879073485,4.09845063047,13.0674420563,-0.635379116678,1.57878710661,1.69816824112
85.515382089,0.198194352669,0.0680593058321,0.00285506435804,-0.000385697614762,-0.0118458946593,0.282653499206,-0.0541712764174,-0.0244207108369,0.0131471698271,0.0894064656485,-0.0133894108289,-1.13636386468,12.7766617459,-4.41597020053,-12.8256380126,0.611400921252,-1.5450801768,-2.62291152032,-6.22244483483,-4.25390787359,-0.0248269821698,0.123779795861,0.15137606851,-0.925806313871,-13.6142979301,4.03835917872,13.028929238,-0.569078046169,1.54012301523,1.7827681697
85.565382089,0.195784802791,0.0669115454634,0.00350076001396,0.00399373697947,-0.0122385710408,0.225194521575,-0.0432640994781,-0.0198045061541,0.012395693953,0.0792116478391,0.00996715913783,-1.10927509232,12.6004414387,-4.35325063436,-12.7033008048,0.5134999885,-1.52118297625,-2.55794240848,-5.94104383552,-3.64457593247,-0.0904281135139,0.102198451601,0.126974537288,-0.384603313522,-13.2694228176,4.04701877014,12.8949721567,-0.476003095493,1.52487311758,1.73782649158
85.615382089,0.193867942721,0.0660788552167,0.00409463375334,0.00753546716915,-0.0108491787455,0.171725989974,-0.0204848205052,-0.0211509265152,0.0112606013723,0.0646116529263,0.0269258344133,-1.03252210846,12.4478012756,-4.34739426997,-12.5774059075,0.387745352418,-1.49287392533,-2.41210718204,-5.72486575424,-3.10481445419,-0.14503966997,0.0922604002684,0.0991516690048,0.0181231902728,-12.7645526615,4.02034306221,12.7515256216,-0.357159746603,1.50284267701,1.64873674167
85.665382089,0.193736320741,0.0647964528118,0.0046268201512,0.0104549022721,-0.0095459875995,0.121942310728,0.0156211556188,-0.029717693347,0.0103533895675,0.0514822571149,0.029685085882,-0.927688494534,12.3354178442,-4.3111913573,-12.4909407343,0.245341295952,-1.4613026641,-2.24058937847,-5.62960148999,-2.6230794892,-0.19143768164,0.0918552689627,0.0764438484188,0.308198812568,-12.0938720279,3.85167448961,12.6510324712,-0.220970831008,1.47229297345,1.55472515456
85.715382089,0.195430058283,0.063107085882,0.00512997271009,0.0126836928806,-0.00788067015734,0.0789571405201,0.0423769371928,-0.0232466774997,0.011160126305,0.0395275228379,0.0160285072637,-0.756454262035,12.2558498224,-4.27281271582,-12.4011902655,0.100525326162,-1.42963538263,-2.05830924364,-5.65302039488,-2.21579438411,-0.231538685309,0.0982896479297,0.0584351953734,0.493895725456,-11.6005864002,3.91335546239,12.5737563602,-0.0818139455108,1.43556961688,1.49904293991
85.765382089,0.19797401446,0.0624717850619,0.00574283278169,0.0144076545559,-0.00794313687313,0.0462968845248,0.0487072296096,0.00606095647319,0.0142655426847,0.0197795746448,-0.00022966807034,-0.591087243263,12.1930657573,-4.20416853199,-12.336678324,-0.0389340544469,-1.40128143874,-1.87985386592,-5.75311271842,-1.93631333537,-0.26962628551,0.107669187695,0.0478785996032,0.602380833532,-11.4399186903,4.29788750611,12.5572626545,0.0482972303739,1.40119640873,1.44284769871
85.815382089,0.200300781244,0.0637131815293,0.00655652697856,0.0146616503451,-0.00790363696437,0.0198484161937,0.047872570836,0.0296831360388,0.0165791762012,-0.00988918802331,0.00542545069734,-0.487350991863,12.1114066619,-4.07035220708,-12.3285454771,-0.183789939239,-1.37117690736,-1.68987617487,-5.87173667549,-1.75949908337,-0.300253457463,0.119806328526,0.0396089011744,0.677914255983,-11.3711657037,4.52933472421,12.5849049134,0.17910863497,1.37318557197,1.32956491546
85.865382089,0.202761271544,0.0654400986657,0.00740075040182,0.0134187357536,-0.00740059180339,-0.00243821466145,0.0565426202726,0.0188893921916,0.0149062368502,-0.036670930015,0.0135874090118,-0.396898533922,12.0741456159,-3.96680281765,-12.345747395,-0.323872146305,-1.34463398968,-1.48816884561,-6.01201589356,-1.63194785332,-0.319190368022,0.131251988864,0.033768711907,0.732714299227,-11.199841966,4.25888451562,12.5762386107,0.306513008138,1.34966445611,1.19473144012
85.915382089,0.205955043272,0.0656021207484,0.00804715066358,0.0109945573436,-0.0065448960632,-0.0198414371984,0.065806073227,-0.00617025691317,0.0111450100961,-0.0544112972365,0.0166917770594,-0.305663295281,12.0835130738,-3.85186385358,-12.3627796065,-0.46404076708,-1.31794457822,-1.30301687626,-6.18644044397,-1.50290175687,-0.322919851292,0.137356406197,0.0322856800125,0.776003393157,-11.0659710899,3.75645479553,12.5351119632,0.438283764839,1.32412437484,1.07703205481
85.965382089,0.209341878866,0.0648230729744,0.00851525141143,0.0079776060299,-0.00573141409745,-0.0330045441895,0.0598095863636,-0.00909327992109,0.00701182268937,-0.0646511976827,0.0175895709491,-0.226803110704,12.0743938483,-3.74820968696,-12.3694338894,-0.589913658927,-1.29486713786,-1.02897793115,-6.36898812919,-1.38020620559,-0.31571171744,0.145340333621,0.0309188250629,0.815303164216,-11.1495739619,3.60760269376,12.4778558575,0.559309333572,1.30137932472,0.861296494525
86.015382089,0.211936001908,0.0646927927563,0.00874833293251,0.00452943757535,-0.00478593896828,-0.0425217482688,0.0439553352975,0.00388207119718,0.00231143815413,-0.0642102826916,0.0199832029151,-0.155614029828,12.1044529719,-3.48650318615,-12.3320851946,-0.65415572239,-1.28702192308,-0.44173280121,-6.51691050963,-1.30221610031,-0.296201558172,0.153963459481,0.0298893761672,0.853090588981,-11.4247831955,3.54653063094,12.3678263542,0.62376011561,1.2944203043,0.326683302993
86.065382089,0.213737412396,0.0652112800941,0.00874639522684,0.00155657776074,-0.00373309380594,-0.0485659471723,0.0414464840676,0.00138654107646,0.000608604811136,-0.0509089307905,0.0196386450657,-0.0810341874039,12.3308979766,-3.22527442024,-12.2950215446,-0.697581066086,-1.28423803336,0.25338323979,-6.62716202955,-1.27010884996,-0.272642615867,0.161095413778,0.0293105048779,0.885939956376,-11.6900219062,3.24671413983,12.3044322405,0.673482000064,1.29150884892,-0.313293921427
86.115382089,0.216080650315,0.064831446864,0.00880919341363,-0.000561455503696,-0.00282207446172,-0.0506251670092,0.0540339542995,-0.0189131544006,0.00265617786789,-0.0319069668125,0.0187095459917,0.00246336925324,12.5178555109,-2.87893911042,-12.2689284175,-0.732745702065,-1.28462924749,1.03305834487,-6.76258402726,-1.24818428581,-0.258102051201,0.16810387814,0.0287636104012,0.904575343469,-11.6823427024,2.58648998367,12.3100001965,0.717641709743,1.2915560827,-1.03123711193
86.165382089,0.219140807826,0.0633199646541,0.00901201301363,-0.00163411892051,-0.00186213920677,-0.048319610247,0.0581632555096,-0.0215223583482,0.00362132134202,-0.0156657167164,0.0284273007605,0.116567511202,12.8090858097,-2.48968423404,-12.2494801319,-0.764778407588,-1.28600026798,1.75820429191,-6.93288513794,-1.23352551679,-0.256813609647,0.17463480393,0.0281549652223,0.905560447433,-11.9097227039,2.15688967364,12.3054756703,0.757362633272,1.29652490754,-1.67202290012
86.215382089,0.221896975866,0.0626792110292,0.00917132554783,-0.00212802717534,2.06556143312e-05,-0.038968415889,0.0520584791936,-0.00328672369116,0.00236029885557,0.00654913188503,0.0715580663274,0.373943653076,13.4980817688,-2.09291739675,-12.2423364018,-0.793461503891,-1.2853887926,2.52921124037,-7.09981946468,-1.3103619833,-0.259144015903,0.17928867564,0.028529153459,0.893174177449,-12.6931152118,2.0420956537,12.2788330815,0.796561705746,1.31188173549,-2.25274497512
86.265382089,0.224346655745,0.062991292285,0.00924804289918,-0.000979205732004,0.00529366742597,-0.0109252449394,0.0532108516798,0.00144786777759,0.00283514798999,0.026796516702,0.110052089887,0.733555247957,14.3056830461,-1.59374162518,-12.2410573412,-0.820937346364,-1.28402075844,3.26521153595,-7.27183982935,-1.59527169174,-0.274204668153,0.179909320479,0.0333399221704,0.853150027339,-13.4828976568,1.61612962341,12.2848964881,0.833622174255,1.32476534368,-2.7228750687
86.315382089,0.227218061034,0.0628239978069,0.00945484034683,0.000551624494858,0.0110258646031,0.0343871089067,0.0632570040302,-0.0117374145929,0.00586427956416,0.0244949569389,0.110168795019,1.03954538455,15.577747739,-0.882049103462,-12.2404837374,-0.848845326021,-1.28136933714,3.9162263199,-7.48948427679,-2.05029251952,-0.295591086266,0.18141263212,0.0367068684782,0.788927098501,-14.599621341,0.700556552022,12.3311615483,0.860440650757,1.32215713012,-3.14766338892
86.365382089,0.230672356148,0.0618175508257,0.0098344708556,0.00147028996188,0.0163105469279,0.0930292935161,0.0703464621354,-0.0232213860824,0.00879164181311,0.0122802445448,0.100406549473,1.2582262253,17.3114129818,-0.459984569386,-12.2402293716,-0.875798116693,-1.27738068022,4.61269204064,-7.76709718126,-2.64751065163,-0.314686896667,0.183195271884,0.0286479376312,0.594148445082,-16.2236641597,0.100918390482,12.3761722142,0.881611289734,1.31455419704,-3.68245267839
86.415382089,0.234252707247,0.0605018591987,0.0103340045281,0.00177964894933,0.0210665195504,0.160209731437,0.0635464774858,-0.0161359957227,0.0106652833258,0.0117688095596,0.0871492436395,1.39217695205,19.0113783874,0.0132071870646,-12.2389254233,-0.902588000519,-1.27331228692,5.23033183655,-8.0808732207,-3.36899964299,-0.329346590229,0.185831582821,0.0102224000759,0.2162067603,-18.0287759376,-0.262713840389,12.4038398913,0.908159072513,1.30557755139,-4.2010592193
86.465382089,0.237027003897,0.0602039512534,0.0109009991882,0.00264717091785,0.0250254712918,0.232246988721,0.0527736022155,-0.00068746254943,0.0115617050612,0.00606207013575,0.071906070921,1.4352612185,20.0801761121,-0.283401005204,-12.2314056132,-0.910228963491,-1.28800072751,5.6840447588,-8.37153663374,-4.21452147701,-0.349489807821,0.184341082341,-0.0165316445579,-0.365292891591,-19.2641517961,0.272770952808,12.4101812144,0.913098602003,1.31462251215,-4.62291882318
86.515382089,0.239530067469,0.0604331129437,0.0114901750343,0.00238585596291,0.0282571266425,0.303735853287,0.0569181336295,0.00107391937101,0.0111951682644,-0.018406588792,0.054748823334,1.38105407171,19.5553439369,-0.26210114134,-12.1688745616,-0.878473095947,-1.39634066196,5.445374962,-8.65384920718,-5.11516018805,-0.356453699899,0.188214559627,-0.0485883841304,-1.12538076959,-18.6752338229,0.278706873815,12.3419825008,0.869759858571,1.41661031882,-4.42432577938
86.565382089,0.24271881726,0.0603113431905,0.0120205160146,0.000806512038648,0.0305003536253,0.370352395892,0.0658013823935,0.00212214493535,0.0109067039621,-0.0400300790356,0.0424382660927,1.28990067513,18.3964494922,-0.431159717454,-12.0056669486,-0.843162083808,-1.54076514553,4.92345116525,-8.96851772395,-6.00620296845,-0.345738327232,0.204454843939,-0.0800714567066,-2.00305183619,-17.3789800415,0.463973885838,12.1743144403,0.824212805114,1.55647706478,-3.96979405871
86.615382089,0.246110205708,0.0606453274373,0.0125808454305,-0.00161715194065,0.0325009532517,0.432725920799,0.0596917189586,0.0245036132703,0.00910147390655,-0.0663580677681,0.0393786262942,1.12791785309,17.1277273033,-1.07998618164,-12.0746166444,-0.739455058865,-1.65105783051,4.31081120745,-9.27895036319,-6.90667095345,-0.324577411112,0.233002279192,-0.112988222716,-2.97227679835,-16.2047299697,1.45887910195,12.215350339,0.708042742177,1.66563697932,-3.4769122128
86.665382089,0.248687989156,0.0627617045175,0.0129306634053,-0.00582929473816,0.0344382162547,0.483144181201,0.0435079883229,0.0597883811018,0.00407568467215,-0.085088241561,0.0382436240146,0.889828656777,16.0019335516,-2.01226631443,-12.1962758317,-0.64455581073,-1.75886640641,3.60041364581,-9.49539160922,-7.7338599627,-0.2739750667,0.281738104625,-0.144874723198,-3.85734205921,-15.3291809836,2.9367583094,12.2592970707,0.604277079293,1.77302534333,-2.94254018431
86.715382089,0.25046100454,0.0666241655475,0.0129884138977,-0.0101259760968,0.0363253156532,0.521708786477,0.0353243691555,0.0757062083619,-0.000769800747538,-0.086990997219,0.0263133246109,0.650486520379,15.4536196171,-2.68719669862,-12.3472461282,-0.549371201895,-1.86641033661,2.80126584115,-9.61107790129,-8.4763329805,-0.21056227841,0.334915837372,-0.174545873263,-4.59418956758,-14.9074081976,3.85782186541,12.3353429019,0.508191751595,1.87615231878,-2.32034424399
86.765382089,0.252220426071,0.0703323253537,0.0128536833305,-0.0145283944601,0.0370695487158,0.548192833239,0.0350774789656,0.0717991209316,-0.00422854076849,-0.082006185246,-0.0258850186497,0.294906722913,15.314314007,-3.29999958988,-12.5413238168,-0.455834833929,-1.97215516356,1.97026038414,-9.67413983331,-9.07124509843,-0.13732702119,0.391919557817,-0.190916070846,-5.14194913778,-14.7719201855,4.41021049246,12.4759390042,0.417015073982,1.96257175311,-1.75222817631
86.815382089,0.253968752437,0.0738040776406,0.0125655598208,-0.0183265946214,0.0337368137882,0.551199458768,0.0246426701397,0.0645499868207,-0.00867498920692,-0.0632511191227,-0.0772851219763,-0.155050888367,15.2437637227,-3.81896200739,-12.6762700126,-0.334160102775,-2.09655834097,1.05737450607,-9.67382497668,-9.35467799743,-0.0676765189966,0.439321938818,-0.159795249481,-5.22916119584,-14.8627206026,4.81708145787,12.5421309386,0.304218541009,2.06794507026,-1.17200765916
86.865382089,0.254684693085,0.0767873240358,0.0119861844098,-0.0208535063723,0.0293410365181,0.532687744403,0.00128222900198,0.0531909480407,-0.0145843770599,-0.0335713575878,-0.0957970577093,-0.561390301723,15.5503370814,-4.40881045591,-13.1280907057,-0.286594773714,-2.17199631801,0.186271050882,-9.56502380254,-9.29360482874,-0.00860197222485,0.462237224227,-0.113375280951,-4.88857908632,-15.5305103119,5.23128808052,12.9025763232,0.270702898745,2.13652937334,-0.601321497093
86.915382089,0.254096975337,0.0791231724447,0.0111071221148,-0.0216837303801,0.0241571080173,0.495060428596,-0.0215928881618,0.0464812905015,-0.0181965825801,-0.010731903912,-0.107141258284,-0.883141678555,15.9797945181,-4.99048888911,-13.5692257964,-0.241559847089,-2.24525977604,-0.717791131578,-9.3594269303,-8.90282219979,0.0325978215003,0.454739350365,-0.060341304513,-4.2051719265,-16.3136796624,5.70921684582,13.2878568311,0.236479621343,2.20559286799,0.0648615269387
86.965382089,0.252525404269,0.081435453086,0.0101665261518,-0.0219266967635,0.0186269106897,0.444373576547,-0.0366330920876,0.0495118188009,-0.0169685451743,-0.00770183153712,-0.11310471556,-1.09863259696,16.3725873868,-5.46676579539,-13.8997569387,-0.221728564075,-2.29994116048,-1.50518291741,-9.11817985711,-8.30861557063,0.0610039881703,0.433234055773,-0.0106040689548,-3.34693141261,-16.9390352444,6.23235401326,13.6373767924,0.218082701869,2.25806640164,0.692935274035
87.015382089,0.250433666128,0.0840743543248,0.00941026759741,-0.0224539135339,0.0128466364612,0.3851971689,-0.0466501637318,0.053545147682,-0.0130112433725,0.00407145670601,-0.111771326239,-1.2092101258,16.5636078868,-5.60129370538,-13.9586809527,-0.243719982085,-2.30932625735,-1.73552749142,-8.89609945085,-7.61061784813,0.0798291889329,0.410136221814,0.0311189328544,-2.44535021698,-17.2849470858,6.42924822579,13.7574915223,0.245647311974,2.26794515924,0.841527005948
87.065382089,0.247860387896,0.0867899678542,0.00886540181458,-0.0215195510929,0.00744977806583,0.323452563967,-0.0548250393776,0.0456598625385,-0.00776361860204,0.0367887105621,-0.0989570285116,-1.21385603544,16.7966028799,-5.66377860958,-13.9415467024,-0.273592535015,-2.30573158406,-1.78351303885,-8.69759526936,-6.88275908691,0.0694830838099,0.375260306518,0.0589165619043,-1.62739449915,-17.6443480286,6.36980504198,13.8214999121,0.291007427666,2.2690947234,0.886077711588
87.115382089,0.244951162191,0.0886403405786,0.00863390573721,-0.0187750424776,0.00295093361008,0.263811565356,-0.0558076309629,0.0211129772372,-0.00251829000717,0.054688775545,-0.0784217203562,-1.18471310345,17.1074845323,-5.70688835755,-13.8945667944,-0.307607272627,-2.29685933465,-1.73782118498,-8.51512112886,-6.15480336942,0.0256225277646,0.333508889947,0.0714085704673,-0.966953150186,-17.970423236,6.03335276562,13.8556271391,0.333495626439,2.26782526113,0.861931985054
87.165382089,0.2422796248,0.0889012655779,0.00861357281386,-0.0160506735384,-0.00039239396979,0.204981253621,-0.0313186018732,-0.00602776952775,-0.0013972328425,0.0748166818794,-0.0575102163309,-1.09264942797,17.4240254083,-5.73947335139,-13.8239229762,-0.346366170999,-2.28397090675,-1.67110738616,-8.373071547,-5.39899293465,-0.0250667422197,0.298360785531,0.0705042894922,-0.447164149651,-17.908296703,5.64626753827,13.8023179326,0.3817825926,2.26267889936,0.863283255184
87.215382089,0.241819302003,0.0880375636259,0.00849418245296,-0.0112933742897,-0.00280008802301,0.154546622559,0.0100497449959,-0.0284687900554,-0.00291579538178,0.0958725143543,-0.0468221098617,-0.927212317888,17.7721456012,-5.79484882468,-13.732157767,-0.389768539924,-2.26741822583,-1.5900632285,-8.38040182865,-4.76101064805,-0.0934167929362,0.265156074074,0.0634285595196,-0.107306734488,-17.6167490404,5.35464341976,13.6870715908,0.435152287279,2.25008327609,0.904551054361
87.265382089,0.243284599299,0.0860543865723,0.00832199327568,-0.00646342210299,-0.00507460495596,0.112260021833,0.0243999806256,-0.0487015887453,0.000322214694498,0.0958616926872,-0.0370655587349,-0.796653865867,18.1261510274,-5.82054338151,-13.6378212239,-0.433794194179,-2.25041333376,-1.50594743534,-8.50883936146,-4.21856196549,-0.15864039058,0.242689046097,0.0546068870261,0.0972434532534,-17.7488605514,5.06748353766,13.6428035449,0.479172818817,2.23669055195,0.916960519304
87.315382089,0.244259300066,0.0831674047513,0.00852640392241,-0.00170720502097,-0.0065066438965,0.0748812359727,0.0145880500347,-0.0667776840952,0.00785421117454,0.0785418915419,-0.0190890550727,-0.686803121553,18.4740652997,-5.80845038114,-13.5423888066,-0.478170464715,-2.23324151241,-1.42321426308,-8.60011315186,-3.69448032547,-0.233705474061,0.228201695269,0.042518485501,0.216838944422,-18.248494123,4.77588463424,13.663836406,0.515350311165,2.22617417155,0.915442858431
87.365382089,0.244743404303,0.0793766181628,0.00910741439314,0.0013907670512,-0.00698351046323,0.0435797096774,0.0141140956162,-0.0719214367044,0.0123839813131,0.0445628411566,-0.00596792321757,-0.580895870773,18.8385771782,-5.80847810078,-13.4464863194,-0.522614936447,-2.21594045644,-1.33575715337,-8.6485880158,-3.20473232037,-0.298956915801,0.223357284755,0.029629404742,0.26742588035,-18.6203346339,4.69637586161,13.6379765617,0.543709915943,2.21373095222,0.906285732816
87.415382089,0.245670709627,0.0759752610809,0.00976480205372,0.00274907909469,-0.00710343621826,0.0167916488953,0.0261485751538,-0.0596510095399,0.0128769820581,0.0158747119311,0.00807275157483,-0.473830750411,19.1776223388,-5.82286425163,-13.3503813155,-0.56706219233,-2.19868157531,-1.25515407386,-8.73132242532,-2.78904792398,-0.345326168717,0.225192445065,0.0181842507941,0.283887114521,-18.773293806,4.90049639696,13.5494946986,0.574576899965,2.20167035012,0.904838680481
87.465382089,0.247358261818,0.0734115172088,0.0103951125989,0.00297823824431,-0.00617623530575,-0.00380336536376,0.0403374730793,-0.0489333385225,0.0115581789913,0.000927202342125,0.0325529270432,-0.355555920211,19.4858645565,-5.83337571188,-13.2882350267,-0.609977466576,-2.18204373322,-1.17062148554,-8.86731154005,-2.48064556385,-0.377077947856,0.230071040058,0.0103256466543,0.282054126163,-18.8621368309,5.07673238224,13.4669561052,0.610416381912,2.1940958034,0.907749749273
87.515382089,0.249704456935,0.0710819272286,0.0109206199529,0.0028417993289,-0.00384814351394,-0.0187639431257,0.0529131295946,-0.0469199414175,0.00950229850786,-0.00649638261832,0.0585165330182,-0.262979480613,19.7060105441,-5.76533408448,-13.2537449007,-0.623535071967,-2.18076485659,-1.07471755266,-9.04142167767,-2.24749561015,-0.400664485092,0.234840046053,0.00615475252366,0.278160394538,-18.8878287529,5.03982338415,13.4006764406,0.620459840349,2.20242943261,0.880289985176
87.565382089,0.252649574778,0.0687195230671,0.0113453424497,0.00232859998248,-0.000324582003926,-0.030101313425,0.0627731871643,-0.0468895952965,0.00705358040931,-0.012184889865,0.0771380450674,-0.190176000907,19.9661552111,-5.73009559863,-13.2664277264,-0.631966953054,-2.18212782013,-0.952195319741,-9.25164136341,-2.05561092144,-0.41655033474,0.240882208695,0.00112592688036,0.274505979258,-18.9955099459,5.00505413238,13.3754953831,0.626198918629,2.21068663855,0.811593257694
87.615382089,0.255981775652,0.066392967699,0.0116259779938,0.0016233103424,0.00386566099279,-0.0377815432165,0.0672455157109,-0.0386505898349,0.00298198102566,-0.0137582490744,0.0840262192737,-0.124288970933,20.1613474436,-5.55871780354,-13.2919881302,-0.637517041504,-2.18586195168,-0.840303347173,-9.48403568612,-1.9062716428,-0.424974241097,0.24756139707,-0.00459241039348,0.267326473539,-19.1215477396,4.96107390945,13.3380977177,0.63100421659,2.21697097884,0.748413279449
87.665382089,0.259374126349,0.0648544640836,0.0116435405523,0.000952775075036,0.00807803992345,-0.0425302105183,0.0673036905778,-0.023214280222,-0.00221810991597,-0.00801132007453,0.0810625823856,-0.0685657339766,20.315869286,-5.44857896753,-13.3242263095,-0.641240297371,-2.19084663845,-0.734338867392,-9.72452730346,-1.81588946519,-0.424449061472,0.253537891534,-0.00995205975498,0.263806813233,-19.2751700393,5.08962266468,13.2899282599,0.637447930719,2.22085843832,0.683646437554
87.715382089,0.26271214471,0.0640715396768,0.0114041670022,0.000822178334949,0.0119719192314,-0.0446381166141,0.0464141890835,-0.0104267591772,-0.00678979661652,-0.00316536526737,0.0677222573439,-0.0213067411835,20.5617031429,-5.32066241818,-13.3592618348,-0.644338885461,-2.19603014065,-0.602168270875,-9.96378035668,-1.78110262689,-0.42098474199,0.257455798048,-0.0142201351942,0.262899474224,-19.8440127577,5.15943618634,13.2542729974,0.642840477512,2.22110295199,0.586415643143
87.765382089,0.264015545257,0.0638117881659,0.0109645608906,0.000636238548299,0.0148502656578,-0.0446608846367,0.00850119740757,0.000544341797297,-0.010821390334,-0.00592836135174,0.0517338482834,0.012012976654,20.7379082498,-5.26081470901,-13.3952296299,-0.647008353079,-2.2015800827,-0.488123960635,-10.0559007068,-1.77555995099,-0.406171393747,0.257372875007,-0.016454293905,0.265015851095,-20.6064564726,5.2692317229,13.2279013204,0.644202009096,2.22073350535,0.497005466613
87.815382089,0.26356226445,0.0641259738565,0.0103220279688,0.000229342199775,0.0171453040597,-0.0434368189487,0.00570753074366,0.0096114613497,-0.0138367162989,-0.00834029103844,0.0394725687973,0.0416122864717,20.9966686329,-5.25177950919,-13.4313723545,-0.649482548945,-2.20691192201,-0.366876522876,-10.0220774364,-1.79342670067,-0.378841346869,0.254039972042,-0.0170929839194,0.272256801339,-20.9084145878,5.40039900539,13.2174188535,0.645534455334,2.22152585115,0.397641568184
87.865382089,0.264586298331,0.0647729343008,0.00958088926075,-0.000197790555545,0.0187975225376,-0.0404996559895,0.0352538245,0.0162669564235,-0.0158088320226,-0.00862721229094,0.0271131047153,0.0603739375001,21.269329376,-5.21576094251,-13.4675651972,-0.6520254227,-2.2122105302,-0.250022022146,-10.0953539425,-1.85519900534,-0.349144670718,0.252572884608,-0.0161199149245,0.27715418496,-20.72420877,5.46729260667,13.22311739,0.647941507455,2.22224861496,0.294658043862
87.915382089,0.2670876469,0.0657526694989,0.00874114476653,-0.000633379029319,0.0198566145312,-0.0373994251987,0.0538726615849,0.0149675743382,-0.0150099390847,-0.0101008850977,0.0195990653419,0.0703166455418,21.5238774686,-5.17583014154,-13.5037723991,-0.654576517112,-2.21756590303,-0.138104929869,-10.2810858102,-1.94315602908,-0.317227051486,0.252918357391,-0.014366934359,0.284040105047,-20.690858687,5.40726980263,13.271677663,0.649795000528,2.224822065,0.19009185415
87.965382089,0.26997356449,0.0662696917347,0.00807989535228,-0.00120787906532,0.0207574290718,-0.0334679914353,0.0573427416849,0.0028168851413,-0.0103661478972,-0.0118652276832,0.0107715253775,0.0863941173268,21.7454299158,-5.08694053591,-13.5318481469,-0.654489812987,-2.22164604708,-0.0324001838531,-10.4911614985,-2.02940945726,-0.288920822173,0.254884731673,-0.0122449813596,0.283383751204,-20.8587541993,5.13049728917,13.3715591313,0.648873098968,2.22563398892,0.0962736010398
88.015382089,0.272821921069,0.066034358013,0.00770452997681,-0.00181990179764,0.020933767069,-0.028760013466,0.0541354215579,-0.0140951368202,-0.0066710596378,-0.00616131231144,-0.00433182437534,0.0882459998448,21.6593245235,-4.92231564416,-13.531189249,-0.644136928706,-2.22179300951,0.0128776694182,-10.6915309302,-2.09995201286,-0.268763525506,0.258120404929,-0.0096123233166,0.272349662465,-20.8222427536,4.7043662547,13.4280364103,0.641220311329,2.22018923817,0.052364892663
88.065382089,0.275387106646,0.0648601780526,0.0074127893885,-0.00182401029646,0.0203242466342,-0.0246433914508,0.0472021986394,-0.0336165098047,-0.00639528053765,0.00185450692047,-0.0197789977572,0.0847803857547,21.4830743993,-4.75589501838,-13.5196135799,-0.630153322873,-2.22036547181,0.0376344712745,-10.8636993939,-2.12839423684,-0.258445499987,0.259830166655,-0.0073892223487,0.251944370982,-20.7531992299,4.23609177835,13.4207250408,0.631031201941,2.21304269347,0.025045872204
88.115382089,0.277542140933,0.0626727070325,0.00706500192305,-0.00163445110559,0.0189558672933,-0.0202819748906,0.0383582733613,-0.0456148229805,-0.00723049981186,-0.000493703080105,-0.0298146713761,0.0799992894868,21.2915577062,-4.59760096367,-13.5029540443,-0.614644659774,-2.21812456036,0.0510936395702,-10.9955863158,-2.12080295837,-0.247409243666,0.259610620839,-0.00526288011787,0.219559516592,-20.6984338248,3.8922709661,13.3911507295,0.614410952585,2.20708627458,0.00805191512895
88.165382089,0.279222933982,0.0602986957546,0.00668973940732,-0.00187338060447,0.0173427794966,-0.0166434625022,0.0288003613347,-0.0423165295816,-0.00751192860233,-0.00949630771995,-0.0324924714363,0.0661491834071,21.099069785,-4.44394919287,-13.4839878132,-0.598492674889,-2.21549673108,0.059347301064,-11.0936884655,-2.0938705928,-0.229474645313,0.259051308949,-0.00372317287705,0.186625067911,-20.6537373807,3.7896198377,13.3678328391,0.593997350726,2.20346704338,-0.0104414898923
88.215382089,0.280422177066,0.0584410540744,0.00631380906282,-0.00258408187758,0.0157066201496,-0.0136670565499,0.0194083013809,-0.0324891974182,-0.00745282144427,-0.0147129946111,-0.0368609727499,0.0578099630042,20.8971765307,-4.28624899213,-13.4639912321,-0.582085832789,-2.21272298863,0.0677603744763,-11.1631738131,-2.07374919394,-0.205271825741,0.258736113811,-0.0024323127485,0.161176930394,-20.5970710766,3.78387708671,13.3487502164,0.575121054252,2.19907595069,-0.0250199657683
88.265382089,0.28116376412,0.0570497760128,0.00594445726289,-0.00334468006558,0.0136566822216,-0.0108624662018,0.0237295033792,-0.0371110110165,-0.00463609103288,-0.0158973485571,-0.0372517833082,0.0497849369147,20.6870128365,-4.12184810625,-13.4377678386,-0.564231039054,-2.20892172622,0.0773586306879,-11.2025658614,-2.0654871166,-0.180318820815,0.258038221081,-0.000993218177519,0.141861955931,-20.3200897736,3.54801031406,13.3660811836,0.556705615783,2.19512999848,-0.0405513324186
88.315382089,0.282795127404,0.0547299529727,0.00585019995953,-0.00417381673329,0.0119814418188,-0.00868856285839,0.0462523125532,-0.0572110681921,0.0015026229112,-0.0218818104358,-0.0287688443423,0.0416939810255,20.4657506005,-3.94679808639,-13.2265331525,-0.585090682091,-2.22989586688,0.0829036797741,-11.3059996504,-2.02171840727,-0.164960787184,0.260146295674,-0.000877887330883,0.111014774809,-19.7505632695,3.06215840236,13.249767815,0.574732358194,2.21924477764,-0.0520782355585
88.365382089,0.285788995375,0.0513286691936,0.00609471955401,-0.00553286110916,0.0107797977874,-0.0066930680992,0.0531412368022,-0.0682297017318,0.00636629052611,-0.0227883556148,-0.025999168951,0.0366499948639,20.2565755188,-3.7840305327,-12.9885727333,-0.612122334141,-2.25483176361,0.082937562387,-11.5115688073,-1.94541618761,-0.155430656632,0.266866842836,-0.00196472525109,0.0648629571073,-19.434866566,2.7290126194,13.0870130075,0.601334873513,2.24520609128,-0.0558412682842
88.415382089,0.288109251084,0.0479069827995,0.00648682901214,-0.00645265229477,0.00938152492371,-0.005023563372,0.0302500788119,-0.0675289146544,0.00941950259776,-0.0145856172643,-0.0262530733229,0.0311480120982,20.0518688452,-3.62581626932,-12.8741662493,-0.610155096148,-2.26108122375,0.0842205457894,-11.6676843616,-1.85869497092,-0.15687222374,0.272988303243,-0.00320687840602,0.019220070789,-19.5841198412,2.58163444208,13.0198175378,0.60325061499,2.25136154841,-0.0611920105969
88.465382089,0.288814003256,0.0445757777281,0.00703666981378,-0.00699142283558,0.00815449045511,-0.00357826688938,0.00288163504221,-0.0634660368375,0.0112948101378,-0.00880338185962,-0.0195031643112,0.0281940164505,19.8675372834,-3.47619836841,-12.7523257681,-0.605261178134,-2.26388989131,0.0915200695465,-11.6984499247,-1.76078392718,-0.168591111087,0.277167100438,-0.00442951173559,-0.0226802539916,-19.8229793195,2.49483975112,12.9269744434,0.601093868443,2.25666923479,-0.0706755001403
88.515382089,0.288397414589,0.0415603791158,0.00761631002592,-0.00733299048073,0.00743120849259,-0.00220416172695,-0.0118924380725,-0.056665820439,0.00695551909483,0.00110281430663,-0.0117681977103,0.0193395395414,19.7188146533,-3.31335525405,-12.6070930641,-0.587880553911,-2.25284917252,0.0935999520794,-11.643504773,-1.666131508,-0.183548644116,0.279692186431,-0.00548556046387,-0.0587563084919,-19.902704292,2.43714659246,12.7146444245,0.588402599736,2.24849223268,-0.0793017276685
88.565382089,0.287624759449,0.0389091956842,0.00773222172327,-0.00688114140492,0.00697767068408,-0.00164431293524,-0.0146040816363,-0.0469834585999,-0.00206216541947,0.00763381061083,-0.00753238858311,0.012418409078,19.5829480892,-3.14028457961,-12.455001043,-0.564311531657,-2.23603656995,0.0942750756169,-11.5638337806,-1.57254994252,-0.192224190937,0.277809619919,-0.00662028738598,-0.0884822346244,-19.8087671584,2.41379172982,12.4231143221,0.567925194388,2.23324785372,-0.0850938229069
88.615382089,0.286937006425,0.0368620332558,0.00741009348397,-0.00656960941965,0.00667796963428,-0.000962320819156,-0.0130909832733,-0.0356573255609,-0.00295926527448,0.007918024686,-0.00549421495347,0.00920511002841,19.4429007595,-2.95641956992,-12.3224218085,-0.544031838003,-2.2212236716,0.0966552159687,-11.4950119872,-1.50347961395,-0.183056825517,0.273705347624,-0.00746301883746,-0.111221628709,-19.645323187,2.40505973319,12.2766634688,0.547780040857,2.2191895484,-0.0898496387919
88.665382089,0.286315661122,0.0353434631281,0.00743629519582,-0.00608933893632,0.00642824918874,-0.000723801932399,-0.00989120206676,-0.0321648823003,0.00581651087052,0.0127654590274,-0.00762284973858,0.00460462735382,19.3077682253,-2.7755745364,-12.1979926979,-0.525276701076,-2.20739793554,0.0993946618177,-11.4361420691,-1.44855112995,-0.189287288563,0.272022482939,-0.00812268489191,-0.127544939707,-19.4607132786,2.27821743026,12.287931874,0.531319563008,2.20457572788,-0.0959903410947
88.715382089,0.285947886218,0.0336455450258,0.00799174457102,-0.00529306351691,0.00591568466042,-0.000501858083774,-0.000672219816002,-0.0309949426118,0.0102094000607,0.0201415901908,-0.00957781369554,0.00630580129876,19.2150836124,-2.63663454926,-12.0727673409,-0.506100635537,-2.19320271778,0.110960011307,-11.3969235531,-1.38909151804,-0.219123951939,0.273606139906,-0.00878698097407,-0.146637608611,-19.2254779704,2.15736791249,12.230632606,0.515635180936,2.18965672382,-0.106297968456
88.765382089,0.28624843914,0.032243968867,0.00845723520189,-0.00407517991724,0.00547046781918,-9.32218025229e-05,0.0131349148551,-0.0231413017458,0.00722277558151,0.0256066027355,-0.0136057315755,0.00936241190189,19.131592436,-2.50673246245,-11.8816982552,-0.471419456356,-2.18876981304,0.120077355035,-11.4112143764,-1.34662262871,-0.251667619197,0.275246926825,-0.00933530890176,-0.164122637008,-18.928490706,2.14890460656,11.9933821323,0.483541007533,2.18373256303,-0.113155480494
88.815382089,0.287261377704,0.0313314148512,0.00871402212918,-0.00273240324336,0.00455511150287,0.000434383106416,0.020054747689,-0.014472368704,0.00422886615128,0.0251701277007,-0.0250527739074,0.00995364807144,19.019443832,-2.3494912792,-11.6208914621,-0.420450929135,-2.19488841961,0.121554847483,-11.4837648598,-1.32746810604,-0.279004270868,0.276696533334,-0.0096599379202,-0.177726377749,-18.7093425488,2.12570885244,11.6862813059,0.432365863506,2.18561313112,-0.114195856669
88.865382089,0.288253913909,0.0307967319966,0.00888012181702,-0.00155816714717,0.00296519042844,0.000902143004621,0.0155896899939,-0.0111270020974,0.0051199776972,0.0271171048345,-0.032226865159,0.00910329889802,18.8837614186,-2.17074074114,-11.3600176514,-0.369528658009,-2.20105996994,0.114361040586,-11.5569843297,-1.32149065829,-0.301089617322,0.277820828098,-0.00977369826074,-0.186778858366,-18.6427021469,1.9986868374,11.4391865184,0.382365244627,2.18912861766,-0.107630735025
88.915382089,0.288820346703,0.0302187146414,0.00922601989889,-2.06927599134e-05,0.00133242498697,0.00134471299622,0.0101614485122,-0.0133480645378,0.00827025633143,0.0262738503711,-0.0343438905149,0.00701937344866,18.756799129,-2.00070693677,-11.1601860664,-0.332900012335,-2.19797602889,0.104832503462,-11.5959014111,-1.31155863781,-0.334365724882,0.278831371893,-0.00988503321344,-0.195410550394,-18.5996753261,1.79430932931,11.2880668625,0.345337422528,2.18526089031,-0.0996428981674
88.965382089,0.28927005876,0.0294619255428,0.00970714745016,0.00106921788994,-0.000469198623051,0.00160408034949,0.0137772994402,-0.0199807472448,0.00992923998425,0.0171106251077,-0.0382589705692,0.00548890441245,18.6719184084,-1.87948589506,-10.9958056845,-0.305187603595,-2.18610908674,0.10234692572,-11.626155501,-1.2922188182,-0.366803209229,0.280906830596,-0.0101079626865,-0.205723318736,-18.4588836546,1.57052886126,11.149338908,0.313287362866,2.17194446806,-0.0982888359759
89.015382089,0.290198076647,0.028220639917,0.0102189438973,0.00169036975085,-0.00249347206994,0.00189360343746,0.0233434160331,-0.0296706777882,0.0105426179022,0.0129898981324,-0.0389698172684,0.00334400745609,18.6360876197,-1.82991572373,-10.8740234953,-0.293358712579,-2.1574682111,0.0959349238568,-11.6935839484,-1.25825596918,-0.394838247586,0.284238584036,-0.0105712542175,-0.222978971206,-18.2751345238,1.37112584525,11.0370412201,0.299507818597,2.14304041565,-0.0934626122003
89.065382089,0.291604400364,0.026494857764,0.0107614092404,0.00236820770318,-0.00436618034989,0.0019384810951,0.0324539345356,-0.0351838418493,0.0152580134606,0.00827945346338,-0.0336341589681,0.00125797597449,18.6222735263,-1.80917354706,-10.7612759611,-0.287238608229,-2.12318358551,0.0877770613937,-11.7985876777,-1.20558828187,-0.425734696665,0.288220065631,-0.0113375253218,-0.247018878372,-18.1204468815,1.2651350643,10.9972066059,0.291157902792,2.11073121084,-0.0868470070484
89.115382089,0.293443470101,0.024702255732,0.0117447452434,0.00251831509719,-0.00585688796676,0.00201940103491,0.0398717790605,-0.0360674794422,0.0253694075338,0.00158901482486,-0.0282037644546,0.00142022773722,18.6194756474,-1.80217770061,-10.6507340431,-0.283192172709,-2.08615103286,0.0784714818229,-11.9410107742,-1.15215499827,-0.466970778094,0.296516099107,-0.0119835518476,-0.273605220485,-18.0029488258,1.24447576241,11.0430145121,0.28394437419,2.07570915314,-0.0774214705309
89.165382089,0.29559157827,0.0228881098197,0.0132983499938,0.00252710918566,-0.00718655679535,0.00208050386882,0.0504374075725,-0.0312712807721,0.0261830848186,-0.00061305704674,-0.0209235850777,0.00355211491118,18.6207226696,-1.80034734445,-10.5411506819,-0.280049375867,-2.0479264642,0.0688656298637,-12.1113904095,-1.09843561759,-0.528824249778,0.309408646029,-0.0123828479389,-0.301901179065,-17.8408223162,1.31680776346,10.9460128285,0.279759169375,2.04017992529,-0.0662394589549
89.215382089,0.298487210858,0.0215751276548,0.0143630537252,0.00245700939252,-0.00794924647453,0.00237461252603,0.0664140833982,-0.0200175518199,0.0137323720538,0.000786429713752,-0.0121303669293,0.00511637494308,18.6233395643,-1.8003549822,-10.4492661115,-0.278048878133,-2.00746280267,0.0592330839854,-12.3458473079,-1.06804131732,-0.57329939259,0.32091292078,-0.012781740374,-0.327077644192,-17.5963960792,1.49082884894,10.6616061649,0.278421155085,2.00297177692,-0.0554504149642
89.265382089,0.30223298661,0.0208863546378,0.0146715871991,0.00260575215704,-0.00839959348828,0.00259214136313,0.0710700962192,0.00190290805601,0.00398650036128,0.00100699239736,-0.0057838588171,0.00634610553344,18.6264406295,-1.80104482459,-10.3669361093,-0.277495840517,-1.96071821789,0.0496186772994,-12.6541422255,-1.06226817565,-0.594290458303,0.329052018704,-0.0134107504047,-0.347473383144,-17.5275024441,1.83046899084,10.4285783147,0.27797252655,1.95857685984,-0.0449268364798
89.315382089,0.30559422048,0.0217654184604,0.0147617037614,0.00255770863225,-0.00852763235624,0.00300922307937,0.0610998301544,0.034856160071,0.000674969524748,-0.000944453656064,0.00370348891052,0.000558195218058,18.6297202625,-1.80199774996,-10.2811848443,-0.277971174545,-1.91441713931,0.0400206746189,-12.9382132716,-1.1160327178,-0.603704726258,0.33614197842,-0.0133139789533,-0.348398830437,-17.6849496762,2.34096937567,10.2916217204,0.277524092851,1.91578828201,-0.0396079863811
89.365382089,0.308342969625,0.0243719706449,0.0147390841516,0.00251130679143,-0.00802924459723,0.00264796088493,0.0501792445206,0.0387376135771,0.00406541294383,-0.00286473610639,0.0150742792031,-0.00659202290857,18.6330683752,-1.80305544091,-10.1890672376,-0.280037212845,-1.86904563464,0.0304322423241,-13.1808825303,-1.22246702479,-0.608250799461,0.342267729755,-0.0127028283907,-0.325214677444,-17.8571599291,2.40204496021,10.2519296476,0.278681115526,1.87462658503,-0.035305896253
89.415382089,0.310612144932,0.0256391798181,0.0151682450558,0.00227123502162,-0.00702020443593,0.00235002078852,0.0398897665923,0.00758779940141,0.0120762595605,-0.00295602099397,0.0224388731564,-0.00669048806135,18.6345170417,-1.80222932836,-10.0970154127,-0.282136399035,-1.8236561888,0.020313162673,-13.3816462911,-1.27710024226,-0.626765777808,0.350300257035,-0.0125592135076,-0.31700882385,-18.0177120837,1.91955747267,10.2837474346,0.280737089641,1.83196373281,-0.0252596144494
89.465382089,0.312331946284,0.025130750585,0.0159467101077,0.00221570469204,-0.00578535728158,0.0019789120788,0.0312514293206,-0.0205536241159,0.0171944340975,-0.00276339811439,0.032401548877,-0.00330349385252,18.6122544035,-1.802224069,-10.0081419549,-0.282906431246,-1.78585410007,0.0115539258423,-13.5305366856,-1.25965983275,-0.660660220295,0.358639965134,-0.0131114578918,-0.32910671659,-18.1290217803,1.48440879097,10.2740149622,0.2815983049,1.79785012552,-0.0139962847383
89.515382089,0.313737287864,0.0235838174065,0.0168876884655,0.00199489521018,-0.00378004954823,0.00201967140327,0.0305439041351,-0.0238500528012,0.0160234530517,-0.000400257205137,0.0395063060514,-0.000348397900298,18.509215231,-1.80838905073,-9.90828153957,-0.282812870735,-1.77567176368,0.00517049262478,-13.6494718816,-1.20498926119,-0.697897420196,0.367285101577,-0.0139494384505,-0.354082705863,-18.0369228834,1.43960196388,10.1560479752,0.28262339858,1.79029818337,-0.00542807225081
89.565382089,0.315386336698,0.0227457453049,0.0175490554128,0.00217567897152,-0.00183472667644,0.00194407228877,0.0345777078056,-0.00899359292524,0.0104312919976,0.0030940667305,0.0328528055167,-0.00203866826679,18.37208663,-1.81713965999,-9.797013289,-0.282071630725,-1.77802433042,-0.00045862402532,-13.7917811075,-1.17701106262,-0.730699694346,0.374267953909,-0.0145340041336,-0.370868564316,-17.8374206384,1.67807410056,9.95830961065,0.283536287658,1.79018742461,-0.00104861642969
89.615382089,0.317195058645,0.022684458114,0.0179308176653,0.00230430188323,-0.000494768996552,0.00181580457659,0.0307893074461,0.00457019997234,0.00508636785257,0.00475130843101,0.0259137608165,-0.0019598993304,18.2276464464,-1.81951035647,-9.68743316423,-0.281554107426,-1.78479849421,-0.00374466832007,-13.9508903974,-1.17973737675,-0.752308195101,0.38004644181,-0.0148207662183,-0.378218043062,-17.7515594921,1.89017815533,9.76608233112,0.283803262806,1.79439254588,0.00229566378772
89.665382089,0.318465267442,0.0232027653021,0.0180576921981,0.00265080981462,0.000756649405209,0.00174808235573,0.0196287295994,0.0158749833544,8.15889333712e-06,0.00391686269636,0.0211680809888,-0.00419006267235,18.0772116651,-1.79931892759,-9.58049079263,-0.281331471199,-1.79321520854,-0.000706478167872,-14.0641862176,-1.20381678548,-0.765717094357,0.382913157495,-0.0148407582552,-0.376486364039,-17.7736977875,2.04478961538,9.58061695145,0.283185619995,1.80105226716,-0.00239134410742
89.715382089,0.319157931605,0.0242719564495,0.0179316335546,0.00269598815286,0.00162203910233,0.00139679830935,0.00375252271016,0.0154398579923,0.000351076387904,-0.00253596169369,0.0124896225577,-0.0073538209797,17.9219874785,-1.77726577077,-9.46590522943,-0.283440926914,-1.80367954759,0.00309678241321,-14.1295089905,-1.24337339777,-0.763443993125,0.383511270611,-0.0146843145833,-0.365261563668,-17.8639632079,2.01600822966,9.47133383118,0.282240463511,1.80830358055,-0.00853365346285
89.765382089,0.318840519713,0.0247467511013,0.0180927998369,0.00239721364525,0.00200561166098,0.00101270025776,-0.0170120876011,0.00275975542802,0.00687449894281,-0.0130065424742,0.00692970751225,-0.00625001125811,17.7658125581,-1.76265023298,-9.3512040683,-0.285835638933,-1.81454626445,0.00910985228457,-14.105234198,-1.25475093083,-0.765397025502,0.384349614828,-0.0144950457067,-0.358204542223,-18.0288659894,1.80532360454,9.45750263543,0.279678653882,1.81711185006,-0.013730648108
89.815382089,0.317456722844,0.0245479319923,0.0186190834489,0.00139533390545,0.00231500985356,0.00077179718354,-0.0307933119831,-0.020861875432,0.0147488821265,-0.0211868880305,0.001919402564,-0.00803211499854,17.6091062306,-1.74799022538,-9.2369251988,-0.288267141031,-1.82551685657,0.0151710484828,-13.9869402581,-1.23645613814,-0.769189809668,0.38637226533,-0.0142390294986,-0.356582368888,-18.085255106,1.42540853841,9.46498327981,0.278237776723,1.82622747698,-0.0211093999362
89.865382089,0.315761188515,0.0226605635581,0.0195676880495,0.000278524842204,0.00219755191738,0.000209488757903,-0.0378765081593,-0.0484459711887,0.023173008349,-0.0227539680906,-0.00473281598385,-0.00671915077747,17.455573439,-1.73822069907,-9.14649392283,-0.296248721849,-1.83294910522,0.0199378090434,-13.8382925689,-1.14665672481,-0.787371643986,0.390138776772,-0.0145383342281,-0.37468321416,-18.0412479119,0.989113402189,9.50481204957,0.28547753945,1.83119687476,-0.0249054519111
89.915382089,0.313669072028,0.0197033348734,0.0209363842838,-0.000880062903616,0.00184172825517,9.98821057932e-05,-0.0464257777407,-0.0406349313414,0.0235163025343,-0.0203345634925,-0.00804495110977,-0.00162014550232,17.3081374596,-1.74104360286,-9.06486509404,-0.306243793225,-1.83906525615,0.0213368611683,-13.6537915084,-1.02136825313,-0.820136787583,0.395657923968,-0.0147857826525,-0.405177926026,-18.0260070371,1.11271635853,9.42849148839,0.296617898897,1.8360867739,-0.022534676862
89.965382089,0.311118610741,0.018597070424,0.021919318303,-0.00175493150705,0.0013930568064,4.74742076703e-05,-0.0516475028134,-0.00890311684621,0.0130153388842,-0.0143870668479,-0.0142041411484,-0.00402259697235,17.0975997802,-1.72797020539,-9.01026645258,-0.309573200842,-1.83990262099,0.022271058052,-13.4353080461,-0.968234255281,-0.840151850036,0.398114051661,-0.0142776412587,-0.41071470567,-17.8962115177,1.59030365375,9.21151921087,0.302762708686,1.83464382181,-0.0252450685812
90.015382089,0.308504321747,0.0188130231888,0.0222379181722,-0.0023187695884,0.000421314140334,-0.000302377591441,-0.0539328628053,0.0102225422055,0.00195816201579,-0.00924106150725,-0.0276943829033,-0.00716421577289,16.606192594,-1.60835686788,-9.05291519118,-0.28506140908,-1.8215585149,0.0169734905474,-13.2146645115,-0.962521226624,-0.838062813916,0.396064509764,-0.0136572868435,-0.398893219797,-17.4401422513,1.76642534645,9.08319373486,0.280686912348,1.81130522352,-0.0222701815379
90.065382089,0.30572532446,0.0196193246446,0.0221151345046,-0.00267903765777,-0.00137638148393,-0.000668947369619,-0.0596735889825,0.00432005439086,-0.00160413411468,-0.00680906141887,-0.0390247999928,-0.00772444814001,15.968272111,-1.43801100651,-9.160447989,-0.2558418549,-1.79141159631,0.0422140631507,-12.9816240363,-0.979177511707,-0.821099083756,0.390770556218,-0.0130085907809,-0.378999875382,-16.8909891057,1.5048108701,9.13564368554,0.252618608641,1.7769634446,-0.0479249484963
90.115382089,0.302536962849,0.0192450286279,0.0220775047607,-0.00299967573029,-0.00348116585895,-0.00107482240544,-0.0680786908306,-0.0158093459973,0.000711750598267,-0.00488051167606,-0.0387134912281,-0.00900085441947,15.227218109,-1.20450858228,-9.31522518169,-0.233881767234,-1.75279883896,0.0505302224253,-12.7134093585,-0.94934876116,-0.806925957429,0.384713573392,-0.0126044064675,-0.372000746366,-16.2799009805,0.960052827652,9.32623079379,0.231571450139,1.7384659431,-0.0571847881199
90.165382089,0.298917455377,0.0180383900448,0.0221863095644,-0.00316708882538,-0.00524773060674,-0.00156903281157,-0.0773919251358,-0.0233377282386,0.00522700466462,-0.00453805187153,-0.0367074404529,-0.00768941879094,14.540482335,-1.04370430805,-9.46022990053,-0.215257393279,-1.71461961877,0.0570618651794,-12.4105883545,-0.885978416,-0.799362838845,0.378259665142,-0.0123180159479,-0.373427814089,-15.7371732964,0.682839161019,9.54105369741,0.213109188436,1.70102942309,-0.0627468524164
90.215382089,0.294797770335,0.016911255804,0.0226002052272,-0.00345348091744,-0.00715190990424,-0.00184376428454,-0.0873954765467,-0.0217476413948,0.0113288218474,-0.00205139803198,-0.0340399581393,-0.00360239332526,13.8097027458,-0.933731207591,-9.67199346593,-0.170665517168,-1.66826493468,0.0452746881912,-12.0715970551,-0.828220544823,-0.800292281072,0.373138294305,-0.0115902564693,-0.372486337186,-15.1610759888,0.597453154761,9.84716805532,0.169694434573,1.65566232098,-0.0479380312388
90.265382089,0.290177907723,0.0158636259053,0.0233191917491,-0.00337222862858,-0.00865172642067,-0.00192927214409,-0.0881315028189,-0.0165135542887,0.0132935982797,0.0041369233507,-0.0282994896077,-0.00254615068852,13.1536508949,-0.839883022641,-9.84888362563,-0.0913001919832,-1.62744383082,0.0637012928155,-11.6973784961,-0.775200686619,-0.815661909089,0.368581603281,-0.010551179035,-0.369354278718,-14.5164051184,0.584538280621,10.0544390357,0.0932585122113,1.61696651078,-0.0655837282194
90.315382089,0.285984620053,0.0152599003751,0.0239295650552,-0.00303978858237,-0.00998185886501,-0.00209837935339,-0.0758746969469,-0.00981500948094,0.00991785566118,0.0129456949117,-0.0253576935614,-0.00195677809645,12.3795631719,-0.727320079736,-9.80601956563,-0.0633714730819,-1.62007861708,0.0812743075804,-11.3632665209,-0.739351073322,-0.830759215146,0.363982477069,-0.00949670222536,-0.36229373037,-13.5527936333,0.57555317238,9.95937675639,0.0694996543564,1.61069043819,-0.0827210045034
90.365382089,0.282590438028,0.0148821249573,0.0243109773152,-0.00207765913741,-0.0111874957768,-0.00212494995374,-0.0628246652102,-0.00940085043821,0.00604096975252,0.0205878410649,-0.0237410723882,0.000248114087672,11.6496249834,-0.589888427342,-9.75540608039,-0.0372773595063,-1.61371475264,0.0982827099345,-11.0946188693,-0.716422079344,-0.847184103394,0.358653905402,-0.00858990949532,-0.355311933047,-12.6210662401,0.444525552219,9.84881600511,0.0470231493582,1.60492509541,-0.0980992727386
90.415382089,0.279702153532,0.0143198153313,0.0245336620304,-0.000981004475884,-0.0123559661038,-0.00207356794462,-0.0521766439385,-0.020802541756,0.00323928995868,0.0214598294503,-0.0260709056881,0.00180554001929,10.9764057149,-0.429315374183,-9.70474220632,-0.0112399412157,-1.60717221572,0.106218732402,-10.866999131,-0.689949872536,-0.860518494107,0.352962276245,-0.00785738629355,-0.351990783702,-11.7831994222,0.107651148227,9.75483049406,0.0213985094416,1.59751998431,-0.104883849722
90.465382089,0.277372773634,0.0128018707816,0.0246349063111,6.83238076195e-05,-0.0137945863456,-0.00194439595181,-0.0430418423977,-0.040810959299,0.0035661232419,0.0191260386558,-0.0306314259438,0.00325390855194,10.3871863546,-0.290727736659,-9.65032529839,0.00889733343234,-1.59974341636,0.106723884965,-10.6823005985,-0.634029558267,-0.870184454549,0.347161627389,-0.00736790499704,-0.36075210617,-11.0527310309,-0.340321381636,9.70546732313,0.000156474242397,1.58840274354,-0.104318185771
90.515382089,0.275397969293,0.0102387194014,0.0248902743546,0.000931599389698,-0.0154191086982,-0.00174817708943,-0.0407435387586,-0.0484673886343,0.00808099774634,0.0140835677107,-0.0331047702899,0.00505871842033,10.2244941686,-0.237036061957,-9.57203579436,0.012401311571,-1.58700056674,0.10684080731,-10.5256296014,-0.545490867293,-0.883850724635,0.342766154394,-0.00694442461765,-0.381783694816,-10.8545007808,-0.512402407248,9.69699013482,-0.00573448862233,1.57474418764,-0.103100765255
90.565382089,0.273298419758,0.00795513191821,0.0254430060857,0.00147668057869,-0.0171050633746,-0.00143852410977,-0.0419936484097,-0.0393364907398,0.0119313942838,0.0122847452779,-0.0262753587718,0.00567887346672,10.2527334219,-0.20172050351,-9.48533678896,0.00977606567641,-1.57226371707,0.108600642413,-10.3632742769,-0.468950341455,-0.903447684066,0.340504686463,-0.00609479445375,-0.399292601261,-10.9020701505,-0.406529295675,9.66982879728,-0.00396076209576,1.56253579099,-0.104402103609
90.615382089,0.271198604452,0.00630507032742,0.026083413783,0.00216007391748,-0.0180466445754,-0.00118028974276,-0.0411008749258,-0.0230933482726,0.0127177939278,0.0102526447575,-0.0101423661033,0.00470746493152,10.3763110976,-0.183755375185,-9.39498302931,0.00451516260626,-1.55662319866,0.111073875635,-10.203758332,-0.413345044121,-0.92745915988,0.338829764832,-0.0052822354263,-0.409894113215,-11.0118431049,-0.173330988778,9.59163492828,0.000338193358471,1.55286819046,-0.107593524417
90.665382089,0.269188332266,0.00564579709096,0.0267147854785,0.00250194505444,-0.0181192999849,-0.000967777616621,-0.0380286087255,-0.00754440970032,0.011766809282,0.00478569197757,-6.52874057674e-05,0.00424199605417,10.5234154615,-0.176565097091,-9.30304092003,-0.00188148919749,-1.5406436691,0.11495756909,-10.054181713,-0.390017696887,-0.946823865655,0.33812057071,-0.00463714794981,-0.410349169275,-11.1114418254,0.0599078763044,9.48498799381,0.00414692092306,1.54061949774,-0.111821351116
90.715382089,0.267395743579,0.00555062935739,0.0272600947112,0.00263864311524,-0.018053173316,-0.000756090137339,-0.0289863386806,-0.00795420249672,0.00708474456808,0.00119315792572,0.00435028992732,0.000803797465966,10.6821564342,-0.17502580041,-9.21040851683,-0.00876883061377,-1.52451257004,0.117914445596,-9.92240993085,-0.385820552919,-0.961139220388,0.337773313875,-0.0040266410054,-0.405627699232,-11.1303645572,0.0520320615091,9.3199580567,0.00933364294002,1.52612317788,-0.11732017723
90.765382089,0.266289698398,0.00485037684128,0.0274232599353,0.00262126084701,-0.0176842709922,-0.000887397870025,-0.0150567802539,-0.0196685841481,-0.000116648613417,-0.00332864542874,0.00662879248195,0.000171885313015,10.8439029686,-0.174772167066,-9.11747611314,-0.0158729355858,-1.50832175421,0.12069369191,-9.84143509244,-0.358429539391,-0.962821071482,0.336419451203,-0.00408536723123,-0.408889989837,-11.0767219973,-0.129357970965,9.11567240634,0.0142972347273,1.51077593206,-0.120566612629
90.815382089,0.265890065554,0.00358377094258,0.0272484298498,0.00230577857237,-0.0173902940678,-0.000738901606037,-0.00714523415572,-0.023620527106,-0.00159540632147,-0.00726360071185,0.00887903164998,0.00270560124397,11.0059573849,-0.174333656522,-9.02441332977,-0.0230734764833,-1.49210798058,0.123370535998,-9.81139762507,-0.317166588138,-0.951751170128,0.334629641509,-0.00446609116628,-0.420529229279,-11.1164422594,-0.190904334937,8.99974398188,0.0196350622327,1.49539526446,-0.121370214653
90.865382089,0.265575174982,0.00248832413069,0.0272637193032,0.00189490077583,-0.0167963678272,-0.000616837745628,-0.00998080137618,-0.0185970001355,0.00296745323268,-0.0104276863776,0.0137115950564,0.00375787692471,11.1593772996,-0.174472994637,-8.93129388362,-0.0303139536734,-1.47591053443,0.126197635914,-9.78888565483,-0.28121153293,-0.946362592945,0.334375448868,-0.00482334163443,-0.430750114942,-11.3137078034,-0.113087521951,8.97717883164,0.0253777372068,1.48098697827,-0.123419339799
90.915382089,0.264891985416,0.00172407092903,0.0275451751731,0.00126300993461,-0.0160191345621,-0.000363113913566,-0.0189026067409,-0.0234198200374,0.00436394965644,-0.011465775398,0.0173471662585,0.00553213745594,11.3124438905,-0.175032128928,-8.83814981194,-0.0375712811122,-1.45970998655,0.129137602909,-9.74078261419,-0.257069091459,-0.946072102992,0.33545970816,-0.00490209223145,-0.43663029883,-11.6047299216,-0.187102381976,8.90562841647,0.0321436582174,1.46613242791,-0.125047549853
90.965382089,0.263684914308,0.000146342126945,0.0277001142688,0.000748323236033,-0.0150616512013,-6.36240000338e-05,-0.0272230110112,-0.0416885328481,0.00161367881467,-0.0105677256962,0.0244426454465,0.00619813307951,11.4463200018,-0.168635040274,-8.75403492566,-0.044860093927,-1.44509294243,0.131643832783,-9.65415163455,-0.205991184174,-0.94106203625,0.334371714778,-0.00517345143098,-0.449113062423,-11.8672622534,-0.475983766751,8.7789868163,0.0398575862079,1.45414234305,-0.127061391846
91.015382089,0.262169684315,-0.00244478235578,0.0277065430546,0.000206237364995,-0.0135748700175,0.000256699394385,-0.0270247338136,-0.046367450865,-0.000712839465101,-0.00640984103993,0.0328893630342,0.00797553147988,11.4701216637,-0.157457863244,-8.71161246164,-0.0521793349241,-1.43785214103,0.125686961319,-9.54625762439,-0.121607798767,-0.929736965348,0.331542621293,-0.00582968582692,-0.47077550154,-11.8879980071,-0.559509821138,8.70059001268,0.049145070012,1.4500287699,-0.119790443532
91.065382089,0.260982440927,-0.00449040295956,0.0276288303223,0.000107339132041,-0.0117727148979,0.000733929147954,-0.017873525958,-0.029143360672,-0.00211562689863,-0.000419143410248,0.0400184247304,0.0114508438226,11.4630204995,-0.146581315192,-8.68820082182,-0.0597137817269,-1.43391687739,0.117486464983,-9.46180783603,-0.05746561854,-0.921835110066,0.328491044342,-0.0065061709754,-0.488056635854,-11.7393941253,-0.30405479756,8.65548744012,0.0595153692959,1.44873289878,-0.109020558423
91.115382089,0.260382331719,-0.00535911842298,0.0274949803647,0.000164323023971,-0.00957302754443,0.00140178377664,-0.0106963264812,-0.0119515909668,-0.00310522422253,0.00331997553478,0.0417607117054,0.0106672299475,11.4451736507,-0.135273919374,-8.6730604226,-0.06734559248,-1.43141169047,0.108123754508,-9.41849628828,-0.033947877166,-0.915590363739,0.326421535175,-0.00708747182634,-0.495856293539,-11.6105681308,-0.0495303849448,8.62504515804,0.0689171892188,1.44687275876,-0.10023719406
91.165382089,0.259912808279,-0.00568556205624,0.0273183079001,0.000439336685519,-0.0075966437274,0.0018006521427,-0.0112983113125,-0.005247739113,-0.00443483635903,0.00830413984079,0.0354814536423,0.00983147337323,11.4244236216,-0.122620689361,-8.66087215687,-0.0748724549894,-1.42941412365,0.0984702882548,-9.38394880254,-0.025295581684,-0.910915470186,0.324204722606,-0.00754808510758,-0.498348815226,-11.5991264346,0.0414762811629,8.59229744992,0.0788034354907,1.44255042223,-0.0912016243716
91.215382089,0.259252500588,-0.00588389233428,0.0270514967288,0.00099473700805,-0.0060248821802,0.00238493111397,-0.0132468426307,-0.00125906464389,-0.00693486025941,0.0122240307529,0.0278180550908,0.0125025403675,11.4069083128,-0.105060401806,-8.64978279433,-0.0823234864418,-1.4275925673,0.0882091005389,-9.33432494519,-0.0233272704218,-0.905810966545,0.320760230101,-0.0078350841458,-0.499061010956,-11.6117407526,0.0855918167233,8.54255087605,0.0881100492235,1.43789164584,-0.0789656473792
91.265382089,0.258588124015,-0.00581146852063,0.0266248218741,0.00166173976081,-0.00481483821832,0.00305090617946,-0.0142532527888,0.00572035278557,-0.00917669979775,0.0118948625596,0.0160893841234,0.0132419210614,11.3892364429,-0.0869798118198,-8.63911827083,-0.089724351619,-1.42584327844,0.0776960183893,-9.28319153714,-0.0314485551652,-0.896648233757,0.316288721185,-0.00808827036319,-0.497136078902,-11.609630738,0.1754321208,8.49722137804,0.095355094078,1.43180005113,-0.0679059218586
91.315382089,0.257827175309,-0.00531185705572,0.026133826749,0.00218422326401,-0.00441594376786,0.00370912322011,-0.0182795607209,0.0111034736504,-0.00931801711375,0.00996160108496,0.00263546324218,0.00825553144061,11.3713065869,-0.0688773498298,-8.6286232707,-0.0970992568486,-1.42412341299,0.0671265116502,-9.22462106775,-0.054015401602,-0.883471308298,0.311507785384,-0.00817754301566,-0.490579460263,-11.6539586214,0.24056743939,8.48454122546,0.101814839724,1.42509914054,-0.0610229826123
91.365382089,0.256760167943,-0.00470112115559,0.0256930201628,0.00265789986931,-0.0045512918941,0.00387645932352,-0.0320527932408,0.00149796240159,-0.00590942053929,0.00687608418332,-0.0108904817908,0.00310866609591,11.3513109438,-0.0488081316869,-8.616587576,-0.104845129337,-1.42214936751,0.0559873352801,-9.1453820573,-0.0747344751193,-0.870681187911,0.306511855539,-0.00822430396311,-0.481239674233,-11.8469348463,0.0719707298959,8.52521176213,0.108100102563,1.41811738444,-0.0536890176101
91.415382089,0.254621895985,-0.00516206081556,0.0255428846951,0.00287183168234,-0.00550499194694,0.0040199898297,-0.0479979503046,-0.0150522392987,-0.00204826752848,0.00330211291906,-0.0257062443922,0.00185903522819,11.3309643101,-0.0284299346764,-8.60359441528,-0.112817484242,-1.42001456325,0.0447519600747,-8.9933470556,-0.0610768882592,-0.861331472062,0.301205930907,-0.00795937181178,-0.478632331692,-12.073143978,-0.204318878412,8.57192259379,0.114380625247,1.41049734039,-0.0433775269955
91.465382089,0.251960372913,-0.00620634508547,0.0254881934099,0.00298811116121,-0.00712191633333,0.00406236284634,-0.0430468502812,-0.0128925091376,-0.0010340478953,-0.000341025991217,-0.0341743033508,0.00295876258115,11.3249304317,-0.0192274500451,-8.59202358036,-0.121087908929,-1.41807719379,0.065082603671,-8.80731747169,-0.0286128014034,-0.852531151107,0.295472911308,-0.00753006212168,-0.479571915643,-11.9905525435,-0.180126024209,8.57603437001,0.120926475409,1.40542484146,-0.0628951135669
91.515382089,0.250317210957,-0.00645131172932,0.0254394799056,0.00283772908322,-0.00892242228202,0.00431586608781,-0.0226796279596,0.00309384338323,-0.000914492278208,-0.00229326991442,-0.0365043218465,0.0240840132451,11.4949898321,0.0388125758612,-8.58686049263,-0.131024215176,-1.41669445376,0.236093860386,-8.69267195412,-0.0248207439808,-0.84420145545,0.292206939238,-0.00692191392405,-0.476553906734,-11.8456789478,0.00902670977836,8.57271993931,0.129938636237,1.40317945868,-0.21828792321
91.565382089,0.249692410117,-0.00589696074714,0.0253967441821,0.00275878416977,-0.010772348518,0.00647076417085,-0.017761223227,0.00578321352043,0.00156133799764,0.00011006943202,-0.0341771096257,0.102924573141,11.6170897506,0.0873148211395,-8.58352816779,-0.14136840706,-1.4157649911,0.436087039216,-8.64447981286,-0.0677755113284,-0.839655223761,0.290983394015,-0.0055833463678,-0.472000923472,-11.8917268689,0.00210948683233,8.60767072615,0.141420511287,1.40311159981,-0.359992226254
91.615382089,0.248541088634,-0.00587299037728,0.0255956137053,0.00284873602642,-0.0123401332446,0.0146083234019,-0.0302021949681,-0.0078012160422,0.00472345892687,0.0016408403149,-0.0280697174286,0.203154954902,11.7551507843,0.140252740666,-8.58071815431,-0.151851483272,-1.41487591573,0.675994725199,-8.55150223529,-0.159569283179,-0.841671916851,0.289767653602,-0.00166231319037,-0.48038575229,-12.222159373,-0.260880890301,8.65375575603,0.152628217697,1.40448366424,-0.525796985011
91.665382089,0.24667219062,-0.00667708235136,0.0258690900748,0.00292286820126,-0.0135793202608,0.0267862596611,-0.0358691784646,-0.0142049665483,0.00482795758805,-0.00225657460703,-0.0189668860246,0.283870946056,11.7994905957,0.207026676372,-8.57805682467,-0.162412271266,-1.41429313158,0.893624723161,-8.40540621677,-0.2678657733,-0.842837652304,0.287377795373,0.00439348287972,-0.505236468658,-12.3541262581,-0.426674334004,8.65271026167,0.161344063005,1.40727102137,-0.683751552097
91.715382089,0.244954170788,-0.00729348703211,0.0260784094641,0.00262307856571,-0.014236821847,0.0429954180075,-0.030202466452,-0.00769804067621,0.0050851631538,-0.0106179745154,-0.00566836330347,0.353712343669,11.9132698097,0.225639306215,-8.57543767604,-0.172839045771,-1.41350915782,1.13931253902,-8.26556676646,-0.42330677962,-0.83766716216,0.285539754378,0.0123493247387,-0.545326194007,-12.3802825963,-0.344672082331,8.65406821499,0.167812751467,1.41141055968,-0.877803806828
91.765382089,0.243651943975,-0.00744688641898,0.0263776063901,0.00186107074972,-0.0141461565912,0.062157494028,-0.02271201341,-0.0022474580268,0.00818313843338,-0.0171945203945,0.00611845175963,0.414706154291,12.084142877,0.173635448654,-8.572830431,-0.183057013183,-1.41255591421,1.38977011531,-8.15165777724,-0.622273836814,-0.831417795573,0.286201798603,0.0212941498182,-0.602777564718,-12.4353327604,-0.208387300377,8.69936414601,0.174917539897,1.4148211486,-1.08316707309
91.815382089,0.242682969447,-0.00751823283479,0.0268967233075,0.000903626526267,-0.0136249766711,0.0844660334366,-0.01573303546,-0.0038853133004,0.0134716812363,-0.0167188703784,0.0256211931575,0.48886946389,12.3155415382,0.283047970778,-8.58459247543,-0.197130373602,-1.4092523972,1.64091217498,-8.05790775815,-0.855039488387,-0.831121692142,0.289735571294,0.0310872937709,-0.687939469612,-12.5588173231,-0.343125547356,8.79290153535,0.189216061618,1.41873813154,-1.27947826972
91.865382089,0.242078640429,-0.00783541774902,0.0277247745138,0.000189183711882,-0.0115840372754,0.111044440417,-0.00836393699552,-0.0043866509379,0.0166926403062,-0.0138598007512,0.0534285428466,0.583565347943,12.4338986832,0.284553693822,-8.90991460604,-0.284441257022,-1.3589407262,1.8814706258,-7.98532168783,-1.12166127076,-0.844279973115,0.295690209872,0.0395318505155,-0.817462626923,-12.5632280388,-0.352383322289,9.168028508,0.277880359982,1.37872157562,-1.45002559137
91.915382089,0.241846575747,-0.00795689792858,0.0285659873381,-0.000482353548852,-0.00828212238642,0.142822568231,0.00361627783513,0.0104407939921,0.0102831249739,-0.00933541966765,0.0751075991105,0.681173610098,12.6396681402,0.363871812866,-9.0680257783,-0.332757907303,-1.33361575258,2.11786126495,-7.93159003358,-1.44493171593,-0.859449870185,0.303095460321,0.0448794919652,-1.00538808094,-12.5837505882,-0.202428564381,9.22703103227,0.328338743683,1.361422839,-1.61425190449
91.965382089,0.242440268212,-0.00679133834981,0.0287530870112,-0.000744358254882,-0.00407327736438,0.179161801427,0.0155867570564,0.032000477105,-0.000423377650729,-0.00608480949645,0.0918802135121,0.761647651479,12.8728899363,0.372466676328,-9.19521459555,-0.370189057048,-1.32512202369,2.38562361178,-7.92070109198,-1.85687485569,-0.860850441648,0.307795005235,0.0446056423892,-1.25692563861,-12.6318760158,0.122348275563,9.18866801841,0.367308654268,1.35913883514,-1.8225177002
92.015382089,0.243405251453,-0.00475685021808,0.028523649573,-0.0010908344985,0.000905898964783,0.218987333379,0.0181823886404,0.0394906965237,-0.00375053948208,-0.00616284749484,0.10260440784,0.822436639078,13.2740388385,0.668853348562,-9.3458541769,-0.398884962548,-1.36512239747,2.80793303031,-7.92521351801,-2.33306188954,-0.84921330413,0.3116810121,0.0364794135711,-1.58315937026,-12.9928893503,-0.0582191059422,9.28786057239,0.395967618453,1.40310962739,-2.19988423969
92.065382089,0.244258507076,-0.00284226869744,0.028378033063,-0.00136064300437,0.00618716341962,0.261405465335,0.0159478363064,0.0370925643019,-0.00207412092037,-0.00988615193732,0.106998693571,0.855989091627,13.9415567842,0.816868003196,-9.53660353283,-0.430237274889,-1.41707882578,3.2793036754,-7.91643458243,-2.82752393104,-0.84069874299,0.315735310136,0.0203142343739,-1.99747476144,-13.6949595904,-0.243315447704,9.50453194715,0.425557407829,1.4566929521,-2.64644868424
92.115382089,0.245000035083,-0.0010475937879,0.028316237481,-0.00207944969223,0.0116057683218,0.304586242541,0.0232155729817,0.0388742123809,-0.00601927736379,-0.0174309163642,0.109178317345,0.854367168388,14.7194960702,1.03726130485,-9.6991303184,-0.453378369944,-1.48391714736,3.75246925265,-7.89481669562,-3.31886164069,-0.829703240631,0.323046393273,-0.00451288672704,-2.49049500483,-14.3605197777,-0.43615959421,9.60605581738,0.44512699248,1.52433823579,-3.12081339152
92.165382089,0.246580064375,0.00104515254064,0.0277761053266,-0.00310373464079,0.0171049951541,0.346842182173,0.0394711156819,0.0440943902182,-0.015247640379,-0.0236078587077,0.109254087201,0.867352385735,15.5600419005,1.45267236874,-9.73873983902,-0.447750316859,-1.57289588911,4.20125828836,-7.91738110687,-3.81838632622,-0.801729960056,0.332020674988,-0.0384685773293,-3.04526572629,-14.9497104313,-0.770852422649,9.50296959047,0.436574923135,1.61334502981,-3.56000211842
92.215382089,0.248947146652,0.00336184523393,0.0267914734431,-0.004440235563,0.0225311770419,0.391321481115,0.0517173589404,0.0462218406358,-0.0209190464847,-0.0302582621265,0.110498168432,0.9235586343,16.8370754669,1.65112020525,-9.96258289019,-0.484544205006,-1.63316528204,4.5931934532,-7.97605589029,-4.35765348785,-0.75623154804,0.34371257002,-0.081074636663,-3.70569306884,-16.0373835625,-0.936404053504,9.63911718229,0.470220669913,1.67407501894,-3.91038254234
92.265382089,0.251751800269,0.00566733660422,0.0256842006781,-0.00612956085343,0.0281548119973,0.439198045603,0.0609920905133,0.0472622221575,-0.0234220025212,-0.0406959312028,0.116225805512,0.994381745269,18.2069173691,1.71963520307,-10.2538085013,-0.536713738682,-1.67827288462,4.96719836938,-8.0466617906,-4.93306868112,-0.701094263433,0.360540322665,-0.135081490689,-4.50346102628,-17.2638127324,-0.98883190578,9.89164024325,0.517449261553,1.72130316459,-4.23202609117
92.315382089,0.255046355703,0.00808806744968,0.024449273191,-0.00850982868328,0.0341537575931,0.490759655642,0.0692046128769,0.0494640881441,-0.0258945157035,-0.0507372984879,0.121085815013,1.06998275595,19.8155806399,1.95516049215,-10.5059276226,-0.580197742971,-1.71605502631,5.40568051401,-8.12969294887,-5.55154290285,-0.631439973052,0.386931970069,-0.203750588569,-5.46208464464,-18.7454879323,-1.19031032085,10.1055275442,0.556179923562,1.7608846276,-4.61461444298
92.365382089,0.258672261556,0.0106137454186,0.0230947491078,-0.0112032907022,0.0402633934987,0.546196321199,0.0740285804067,0.0504347649223,-0.0279941324336,-0.0616179987028,0.11019542189,1.12039506082,21.3478482455,2.29761789983,-10.7733245393,-0.627583225417,-1.7566483024,5.82278480918,-8.21002369727,-6.20711676943,-0.549847888503,0.420920849073,-0.287075383385,-6.60657589929,-20.203163798,-1.51775840909,10.3404586402,0.598414743663,1.79744595345,-4.99444761045
92.415382089,0.262449213744,0.0131315439419,0.0216498599476,-0.0146716285536,0.0451732997821,0.602799161723,0.0777247648934,0.0481986871925,-0.0287702252006,-0.0725603303528,0.0837271491547,1.13721545941,22.5993007424,2.23032874514,-11.0526322633,-0.676532743974,-1.80009695027,6.26660642099,-8.27524392172,-6.85906948472,-0.45190877951,0.46858623663,-0.371642553137,-7.89949942536,-21.3974631674,-1.48504513558,10.6077658461,0.642184425033,1.8310952527,-5.42583346425
92.465382089,0.266444738046,0.0154336141379,0.0202177265877,-0.0184593237375,0.0486361084141,0.659917867139,0.082266171302,0.0416256926953,-0.0276384633172,-0.0766911534607,0.05049198454,1.15004450192,23.4022534305,2.38887854089,-11.3141440178,-0.723776159997,-1.84188357872,6.66005815677,-8.32786871135,-7.48248905999,-0.346510012762,0.527151588114,-0.45128080759,-9.33565788595,-22.1301932839,-1.7452314146,10.8867777366,0.687472408537,1.86057722616,-5.80980035535
92.515382089,0.270675830874,0.0172941132114,0.0188860136159,-0.0223407438996,0.0502224982361,0.717803611915,0.0868291315353,0.0335553136398,-0.0258032286261,-0.0625034166269,0.0111781974091,1.18268097472,23.1324182211,2.09958543807,-11.5115359702,-0.754599129362,-1.8760523243,6.45997696174,-8.36987116938,-8.05532111319,-0.24077211851,0.595254769755,-0.517064920083,-10.9273335965,-21.7898022219,-1.58072845823,11.1125474398,0.725011512013,1.88019082832,-5.58559016742
92.565382089,0.275127651199,0.0187891455018,0.0176374037251,-0.0247096654002,0.049753928155,0.778185964611,0.0866973263919,0.0409176667239,-0.0275808785561,-0.0406765924591,-0.0347690065039,1.20894222752,22.2899685828,2.20091176744,-11.7196823115,-0.789102299171,-1.9137564049,6.1140451756,-8.39818362346,-8.57873696298,-0.152520326134,0.650304960701,-0.562546228164,-12.727687879,-20.9493906519,-1.56821266032,11.2932064483,0.769846976539,1.90088387562,-5.2202427543
92.615382089,0.279345563513,0.0213858798838,0.0161279257603,-0.0264084031455,0.0467455975857,0.838697834667,0.0801994148329,0.0624496320786,-0.0320787544862,-0.0216657211713,-0.0855845943161,1.17037124944,21.0197556271,2.0708995632,-11.9409748143,-0.825991349128,-1.95496547673,5.73419327586,-8.37730774332,-9.09112608529,-0.0602218320599,0.697718027277,-0.57259257367,-14.660705843,-19.7796531917,-1.10525734508,11.4449494798,0.815735316703,1.92327949238,-4.86890738149
92.665382089,0.283147592683,0.0250341087097,0.0144295282765,-0.0268762375173,0.0411954687234,0.895223089556,0.0539019227986,0.0785188160784,-0.0287483563869,-0.0176739770874,-0.16085945745,0.942197625507,19.694990012,1.78079188364,-12.1602569738,-0.861927284627,-1.99599845854,5.37354584223,-8.30250768191,-9.54593653275,0.0258045217033,0.724118155036,-0.536912488596,-16.5890768831,-18.8615187719,-0.566676104277,11.7157287083,0.853560848049,1.93644346161,-4.67695464056
92.715382089,0.284735755793,0.0292377614917,0.0132530901216,-0.0281758008543,0.0306596518407,0.932917597218,0.00962460161513,0.0896272952003,-0.018309169808,-0.0383586139421,-0.231370302676,0.534116319903,18.1810853094,1.52150045773,-12.3482335082,-0.890611024965,-2.03230820695,4.96106918346,-8.0941813726,-9.73648085426,0.0869297924561,0.758444353599,-0.402333757165,-17.9524623092,-18.0322626287,-0.135617190518,12.0651236361,0.872452977732,1.94664797979,-4.56618310113
92.765382089,0.284110052844,0.0339968382297,0.0125986112957,-0.0307120989115,0.0180584384559,0.948634721546,-0.0150677216672,0.0923346506799,-0.0128129111274,-0.0507091912057,-0.249739610951,0.0951431594429,16.8411235593,1.33852125656,-12.4350902826,-0.935596380899,-2.07815944877,4.59576651564,-7.78020605955,-9.6700027089,0.123754502591,0.806314176605,-0.215259207088,-18.5595867603,-17.0741117722,0.0892251356016,12.2369676115,0.911591866802,1.9856983526,-4.52542470414
92.815382089,0.283228983626,0.0384712265597,0.0119717990088,-0.0332467199748,0.00568569074561,0.942431913162,-0.0157294823867,0.08440591018,-0.0133996180685,-0.0375722219717,-0.245329353215,-0.285967133948,15.5752044481,1.17954874453,-12.3778566824,-1.01441188924,-2.14553486717,4.25058427301,-7.50979317362,-9.39734158618,0.146542637217,0.841633786679,-0.0264262827094,-18.4063912105,-15.8184252927,0.125597620884,12.1706619163,0.996626101089,2.05470658072,-4.46200721028
92.865382089,0.282537104605,0.0424374292477,0.0112586494888,-0.0344693211087,-0.00647449686561,0.920038008151,-0.014501623682,0.076504665446,-0.013462094101,-0.010137400613,-0.241075614268,-0.607810960347,14.5183679645,0.648772052633,-12.4581904336,-1.07458892327,-2.2015557295,3.84568776706,-7.31581399888,-8.99384726646,0.15093895223,0.842333856296,0.152241236219,-17.7047116258,-14.7426027532,0.534199445819,12.2500296171,1.06979012112,2.11230230482,-4.29505821313
92.915382089,0.281778821258,0.0461216931043,0.0106255895987,-0.0342604600361,-0.0184218706812,0.881650817127,-0.0199033529484,0.0741072704063,-0.00916752592527,0.0188674250548,-0.228974219088,-0.924989655747,13.8314773064,0.500030940403,-12.5875949413,-1.13163792654,-2.25398878877,3.40665536008,-7.18682784336,-8.5016126266,0.132503235636,0.808323366067,0.312483852158,-16.4917268796,-14.1392376125,0.645870269773,12.4458399017,1.14056931275,2.16921566363,-4.09052426231
92.965382089,0.280546769311,0.0498481562884,0.0103418968963,-0.0325825786032,-0.0293719187744,0.827539042576,-0.0260227213112,0.0704821371468,-0.00137746381821,0.0492780282055,-0.21123598482,-1.22353689191,13.1590344544,0.310956486286,-12.6507241199,-1.15763405757,-2.28065409595,2.94707822978,-7.09952308612,-7.96096136712,0.0849719817149,0.743785472776,0.435833398725,-14.8317269595,-13.5614169423,0.77889024278,12.6294247596,1.18096109345,2.20244819729,-3.85167086592
93.015382089,0.279176549127,0.0531699068189,0.0104878432169,-0.0293326572156,-0.0395454691632,0.759297127937,-0.0253674818512,0.0590677722673,0.00807457542741,0.0559874320798,-0.181540320065,-1.480871587,12.7304157543,0.112062485153,-12.5382394182,-1.06921388731,-2.21299736775,2.39458896682,-7.08248568197,-7.38617313206,0.0075423656419,0.654445539123,0.520502196925,-12.8649307308,-13.122666447,0.801286925134,12.6630944521,1.09571699396,2.14578569505,-3.48943583375
93.065382089,0.278010021125,0.0557549335151,0.011149354439,-0.0269838353952,-0.0475259507809,0.679451883876,-0.0229110997531,0.0458845757125,0.0176489804808,0.0324747927115,-0.132340618522,-1.70900603704,12.6090519614,-0.171530380775,-12.5949018563,-0.906698969315,-2.09071125782,1.86691973676,-7.16509642626,-6.7939493887,-0.0793102668164,0.581742387956,0.547396133188,-10.761348604,-12.9633202645,0.881031493812,12.8678033945,0.922071756789,2.04171479063,-3.13043233411
93.115382089,0.276885439152,0.0577583643902,0.012252741265,-0.0260851779444,-0.0527795310153,0.588396524232,-0.0290402817573,0.0327096841198,0.0249516729904,0.00584007072479,-0.0681206332806,-1.89679118952,12.5041987727,-0.405370303218,-12.2110371308,-0.837860380666,-2.0261526788,1.28251413877,-7.34389700281,-6.19690609044,-0.165403485914,0.528851798965,0.515788933314,-8.62173805975,-12.9532410034,0.911151536447,12.5968582806,0.840624929985,2.00093237674,-2.68486118175
93.165382089,0.27510599295,0.0590259019271,0.0136445217381,-0.0263998283227,-0.054338014109,0.489772764924,-0.0403178149903,0.0184938938329,0.030000060382,-0.00863435169962,0.000325446807312,-1.99939139673,12.5347682373,-0.555592514827,-11.7136825989,-0.743986841097,-1.94200805451,0.704193708722,-7.57528200706,-5.58543787646,-0.243684321968,0.486608096917,0.430730491122,-6.60856679055,-13.158191995,0.841558725806,12.1775656337,0.739899546227,1.94212854468,-2.1823957525
93.215382089,0.272853657652,0.0596077537735,0.0152527473032,-0.0269486131144,-0.0527469863346,0.388457384559,-0.0330779621573,0.00493033862001,0.0328373122602,0.000423585133919,0.0847065018111,-1.91829670588,12.6132519394,-0.884235029377,-11.3105577083,-0.672266199975,-1.87364449688,0.100249193793,-7.85355725096,-4.97996984906,-0.318278344592,0.443295902576,0.318345831743,-4.87662476494,-13.124727759,0.960471557322,11.8183124219,0.672466715012,1.90500538505,-1.51849582416
93.265382089,0.271798196734,0.0595189357891,0.0169282529641,-0.0263574698094,-0.0458673639278,0.297943094336,-0.00863733703124,-0.00976897099669,0.0347176022025,0.0343309186455,0.160917252239,-1.66892495235,12.7913468075,-1.11258793148,-10.9122512952,-0.602229728923,-1.80579642846,-0.474475989253,-8.22202418138,-4.45904326054,-0.394236984482,0.396722564099,0.194641638066,-3.63663186815,-12.9249036758,0.961532905082,11.449080437,0.618481161867,1.86537282276,-0.759403620065
93.315382089,0.271989923949,0.0586308566738,0.0187245075235,-0.0235155212499,-0.0366552611107,0.221564889324,0.000874494321999,-0.0212356801329,0.0351911309027,0.0675103353199,0.178699866083,-1.39602786211,13.0347040788,-1.41736510337,-10.7979127257,-0.598692745149,-1.70051505398,-1.08333550807,-8.64451434341,-4.01355482339,-0.48772763329,0.348736058926,0.0941846976457,-2.81869068029,-13.0211820034,1.08900337273,11.3420639171,0.630650517641,1.7666751054,0.0512158128858
93.365382089,0.271885646166,0.0573953677758,0.0204473660544,-0.0196064362774,-0.0279973773195,0.158340308125,-0.0100144750836,-0.0272133114325,0.0349133864634,0.0800312010191,0.165664911357,-1.18272573844,13.4034747524,-1.56676320747,-10.6773582672,-0.596368830688,-1.59294687873,-1.67071403478,-8.99992958567,-3.62551066118,-0.583799670993,0.308511656575,0.0275654507745,-2.28641012996,-13.5583259439,1.14597093793,11.2172147695,0.634253680502,1.65428099887,0.796294145489
93.415382089,0.270988476441,0.0559095255306,0.0222158461698,-0.0155124011479,-0.020088769975,0.103292315481,-0.0217887983675,-0.0331617272098,0.0337303775748,0.0770090674425,0.153023831672,-1.02484746972,13.8362413089,-1.81831077971,-10.4934498835,-0.579772691853,-1.47658881331,-2.26637711421,-9.26889630895,-3.26510541361,-0.679602051777,0.277984861255,-0.0142002465518,-1.92316305082,-14.1731557612,1.3055397232,11.0150138309,0.616226936163,1.53324282651,1.50868073381
93.465382089,0.269706766329,0.0540791950548,0.0238204038118,-0.0119055295331,-0.0126949941524,0.0558555611528,-0.0244930896885,-0.0400040840574,0.0270306616852,0.0689593822972,0.145490427301,-0.853056511886,14.1336223054,-2.0518160749,-10.7435730709,-0.472998859877,-1.32135455892,-2.72992836398,-9.47408522818,-2.92963829435,-0.762865136047,0.256655666882,-0.0382084172944,-1.68648547172,-14.5123525023,1.43324345602,11.1615410755,0.505642576431,1.37521947982,2.09924150527
93.515382089,0.268539167472,0.0519091171248,0.0249189123383,-0.00861646291823,-0.0055397272449,0.0179866642922,-0.0266388187143,-0.0414097575294,0.0167194473325,0.058633305211,0.146873555203,-0.675667118664,14.0014215836,-2.04721433389,-10.7314947395,-0.454285507697,-1.33324858281,-2.72002241398,-9.6300700951,-2.63325434408,-0.823678699388,0.241362365111,-0.0498437138171,-1.54986302443,-14.4133306234,1.40690615622,10.9900231514,0.482041107184,1.38762557916,2.2204841458
93.565382089,0.267042884458,0.0499382193019,0.0254923485451,-0.006042199012,0.0019923613679,-0.0117111507136,-0.0394914438828,-0.0324986047318,0.006399144109,0.059447682106,0.146245152184,-0.531773050669,13.9530466087,-1.86613540049,-10.7000285339,-0.486824750253,-1.41057282104,-2.57448548805,-9.71516543351,-2.38456778441,-0.856893360043,0.232732233821,-0.0536820276099,-1.46653824195,-14.5636924076,1.36361803226,10.7989768144,0.514965856217,1.46471716373,2.18133184559
93.615382089,0.264590023084,0.0486592566516,0.0255588267492,-0.00267169470763,0.00908478797346,-0.0351906407747,-0.0568528909879,-0.0209434474402,-0.00278567766968,0.0628118318864,0.127927945657,-0.416762802299,13.8919547265,-1.81918940865,-10.6691679256,-0.53064723498,-1.50429444284,-2.31778158316,-9.69739073349,-2.18448141367,-0.87523510402,0.223470503886,-0.0609783034357,-1.37651975981,-14.7710560107,1.4953463952,10.6260937252,0.560380848711,1.55165720616,2.00965800759
93.665382089,0.261357595359,0.0478438745579,0.0252137807781,0.000238984176634,0.0147851559336,-0.0533874309435,-0.0567558732125,-0.0251156887031,-0.00169024784505,0.0599414964483,0.0926451188719,-0.313669278003,13.8072743562,-1.69900168779,-10.8429199406,-0.528287996876,-1.5727906375,-2.06747738114,-9.59373841421,-2.02311911072,-0.873795098234,0.211222299766,-0.0716171871475,-1.2819909124,-14.6848754801,1.31064440622,10.8167840832,0.556662862699,1.60709063986,1.83557352852
93.715382089,0.258914435763,0.0461476877813,0.0253898019647,0.0033224549372,0.0183492998607,-0.066557568575,-0.0409705106498,-0.0427317823577,0.00873109530837,0.0488693426767,0.0577784960067,-0.218158199081,13.7017289026,-1.54146621969,-11.0181760542,-0.526026637996,-1.6427268252,-1.77860480651,-9.50225780257,-1.8647515214,-0.895471339915,0.199286360998,-0.079609512851,-1.20280480862,-14.3352451214,0.880715920185,11.1531826821,0.549160211955,1.66411815777,1.61731477782
93.765382089,0.257260544294,0.0435706963221,0.026086890309,0.0051259184443,0.0205630055343,-0.0752032508515,-0.0258408373618,-0.0569094023627,0.00886975145259,0.0304775868726,0.0265513042685,-0.137091251018,13.620677808,-1.4628102184,-11.2244090476,-0.530690662128,-1.70252010026,-1.51486421412,-9.42768791401,-1.70841061759,-0.927047449835,0.191705614387,-0.0837755268998,-1.14334599648,-14.0202478723,0.582835113654,11.361559679,0.545118020291,1.71235018964,1.41350908787
93.815382089,0.256330352026,0.0404567475451,0.02627677711,0.00637021362446,0.0210044302875,-0.0802666936768,-0.0118842819021,-0.0659912153847,-0.00199836432958,0.011164621144,-0.00419768733115,-0.0768276962093,13.5544714522,-1.35136215245,-11.372481571,-0.52177848889,-1.76370160093,-1.2227999703,-9.37069592856,-1.56017999459,-0.939074407402,0.183994967451,-0.0863956959129,-1.10328345459,-13.7382349742,0.330957364148,11.3415813895,0.527063552589,1.76214749114,1.16599925698
93.865382089,0.256072116104,0.0369715747836,0.025887053876,0.0062423805587,0.0201432368012,-0.0828860204725,-0.00330375278421,-0.0686843648801,-0.00578216894677,-0.0160799586624,-0.0256357701604,-0.025635863504,13.5253138373,-1.22406389655,-11.4032836955,-0.48539359902,-1.84386109713,-0.939539215117,-9.33895850227,-1.41986906738,-0.922808576219,0.178457369849,-0.0883606755763,-1.07918652453,-13.5763988968,0.162015646699,11.3138755394,0.477781732509,1.83436996595,0.920585954696
93.915382089,0.255999976748,0.0335883110571,0.0256985602153,0.00476221775822,0.0184408532715,-0.0828302800272,0.000418178545276,-0.0666461841822,-0.00175757748184,-0.0365181834392,-0.0434290871236,0.0224256083359,13.4462299173,-1.08827499754,-11.5512048697,-0.476507837169,-1.91181493323,-0.632417461183,-9.30555701463,-1.30087391794,-0.904052604528,0.178068591586,-0.0870303339107,-1.06971431478,-13.4397637326,0.0577425991709,11.5240279119,0.459221005565,1.89573618231,0.648997296492
93.965382089,0.256113933959,0.0303069563654,0.0257112961278,0.00259056221479,0.0158003280888,-0.0806434596389,-0.00301095013084,-0.0589686661825,0.0019031439228,-0.0477970381607,-0.0547797181956,0.0634548608331,13.4496577962,-0.984001811781,-11.7666153228,-0.485031115192,-1.94820901616,-0.399870410321,-9.27354447383,-1.19939305441,-0.888301518931,0.180828394287,-0.0827117258488,-1.07218013766,-13.4962153254,0.0721848527896,11.7960431362,0.462405144455,1.9279279211,0.446784238761
94.015382089,0.255698881735,0.0276914444388,0.0258888746076,-1.74860578428e-05,0.0129628814519,-0.0764847939439,-0.0197809943172,-0.040959760061,0.00490513241786,-0.0546715303829,-0.0625828450318,0.0960499824554,13.3485957099,-0.905339487963,-11.7768012773,-0.446792290008,-1.95023362874,-0.294203992796,-9.20067980411,-1.12852079509,-0.873699006937,0.18554514271,-0.0764365528443,-1.08058113048,-13.6544640168,0.271989502663,11.8526480484,0.420912099641,1.92706358203,0.365216242125
94.065382089,0.254135834527,0.0262109803593,0.0262018093696,-0.0028765908235,0.00954204358562,-0.0710384613933,-0.0269910735307,-0.0281880622996,0.00815655031324,-0.0569424754301,-0.072524905913,0.119724010522,13.2783649634,-0.833283122628,-11.72116816,-0.394950474178,-1.94104232414,-0.233994399711,-9.05193502839,-1.09710612406,-0.859163103149,0.191123904251,-0.0678607360671,-1.08695374749,-13.6957208268,0.397418537082,11.8472907499,0.367995272929,1.91419142823,0.322509473514
94.115382089,0.252999774382,0.0248726382089,0.0267045296389,-0.00571173360085,0.00571039086061,-0.0645123928917,-0.0073449937767,-0.0309384032185,0.0117976385185,-0.0518317150565,-0.079889128894,0.136223527877,13.2241527512,-0.765201440367,-11.6408909865,-0.337864531928,-1.92763811847,-0.189354382673,-8.9279639823,-1.0795616884,-0.853010669453,0.197399757969,-0.0586895720555,-1.10074388582,-13.337726456,0.286809057344,11.8233147647,0.313328641982,1.89806076628,0.290067978644
94.165382089,0.253401335149,0.0231171400374,0.0273815732215,-0.00805976232915,0.00155313069622,-0.0574161086056,0.0166553179661,-0.0368135106832,0.0146955304722,-0.0373461331267,-0.078658909991,0.147410569933,13.1833435918,-0.705573290493,-11.5648922611,-0.281914328134,-1.91491676136,-0.152449951198,-8.90178188729,-1.0604388937,-0.861690347539,0.203831384993,-0.0503412543482,-1.12765775034,-12.9258067953,0.136335667633,11.7921253796,0.264235565019,1.88579487311,0.261434418225
94.215382089,0.254665306178,0.0211912871405,0.0281740826861,-0.00944634691353,-0.00215550013849,-0.0497713358984,0.0188835400026,-0.0348029612373,0.011338566196,-0.0160089873961,-0.0675022500458,0.152148125244,13.1466327823,-0.646534894425,-11.4842840004,-0.224926046803,-1.90140409772,-0.117842557814,-8.93010850053,-1.04247723968,-0.884099577175,0.209032353924,-0.043408398325,-1.16187054673,-12.8546415752,0.108385868278,11.6596092641,0.217347776385,1.87641273968,0.230329622658
94.265382089,0.255289689149,0.0196368439137,0.0285154298411,-0.00966066106876,-0.00519709430836,-0.0422012960812,0.00747519557318,-0.0278628820932,0.00166829335193,0.00336863680686,-0.0588627141004,0.151164726777,13.1090563994,-0.584717152734,-11.3755898637,-0.157375210969,-1.88314751776,-0.0833520977848,-8.91709864897,-1.0310864517,-0.897309430684,0.21000179314,-0.038981586222,-1.18862843722,-12.9934694184,0.1538807431,11.4013862445,0.158969842786,1.86135477512,0.195112110574
94.315382089,0.255412825736,0.0184049989312,0.0283409120213,-0.00910948323284,-0.00804177154853,-0.0346548632207,0.000967508624938,-0.0205960929272,-0.00472212596051,0.0177602118321,-0.0477844384105,0.147329968648,13.0483036956,-0.502894049304,-11.2599440001,-0.0880034059056,-1.86378562492,-0.0438608406622,-8.87084025793,-1.02636030734,-0.896708399561,0.207690187239,-0.0368767821018,-1.20922102799,-13.0333433645,0.184422087231,11.1869270097,0.0964106639419,1.84609439229,0.152785717063
94.365382089,0.255386440012,0.017577234621,0.028043217245,-0.00788463988554,-0.00997553814941,-0.0274682992163,-0.00213312412759,-0.0128697237198,-0.00701694534619,0.0300245852782,-0.0332236706654,0.13643356112,12.9790264352,-0.4303411176,-11.1438325215,-0.0184957352683,-1.84437061683,-0.00645871459426,-8.81969731047,-1.03168116746,-0.895590634657,0.204302193211,-0.0362283776532,-1.22660719975,-13.0120103719,0.231339968262,11.0353313432,0.0327086533489,1.83207021724,0.107327593603
94.415382089,0.255199513323,0.0171180265592,0.0276392174867,-0.00610702470502,-0.0113641386151,-0.0210115071087,-0.00958518793849,-0.0101655352543,-0.0104298705925,0.0398576413232,-0.0236029703642,0.118504252847,12.9070529002,-0.36081439069,-11.0275190596,0.0510680617234,-1.82492956238,0.0316903956385,-8.76415196724,-1.04434238402,-0.893959770102,0.200195681796,-0.0364464519351,-1.2398968847,-13.0552661375,0.203627395594,10.8662447168,-0.0322004109044,1.81619103466,0.0559228796019
94.465382089,0.254427921218,0.0165606810956,0.0270002301858,-0.00389887575322,-0.0123358351858,-0.0156178739316,-0.0211899425105,-0.0121444732722,-0.0151185407282,0.0464652977457,-0.0143923030176,0.0923399771792,12.8922228683,-0.364234236196,-11.0948716374,0.151716812378,-1.78404784615,-0.0260982986968,-8.6743118477,-1.04397890643,-0.885237922733,0.194186153804,-0.0374559767187,-1.24312369895,-13.2198773701,0.176447443574,10.8610976228,-0.129721255593,1.7787193838,0.0943676446648
94.515382089,0.253080519072,0.015903579232,0.0261273634139,-0.00146049493044,-0.0128033689168,-0.0117775093908,-0.0151116377931,-0.0206389975884,-0.0180696284188,0.0385471575809,-0.00418196463469,0.00995325775192,12.9981274641,-0.627360570593,-11.1653025577,0.209244338351,-1.76526152233,-0.484666955521,-8.554401483,-1.02854098176,-0.868135475031,0.186510102935,-0.0391418492034,-1.23605470332,-13.2317947404,0.30822518504,10.8858966511,-0.190997039084,1.76371323357,0.492025657762
94.565382089,0.252916757439,0.0144967813367,0.0251932673439,-4.41599951343e-05,-0.0127540316493,-0.0146225481564,0.0143032591709,-0.0398538625004,-0.0190346644086,0.0207553432505,0.0150652639254,-0.172730934278,13.2742729042,-0.989727599046,-11.2298828943,0.249140469633,-1.75598986588,-1.09080914364,-8.54841734674,-0.963536046434,-0.846232919752,0.18005047535,-0.0419327082451,-1.22344063486,-13.0531053736,0.373477816547,10.9355548903,-0.239315388267,1.76156747854,0.963104672925
94.615382089,0.254510844989,0.011918192982,0.024223896973,0.000615039394609,-0.0112968425243,-0.0290506028186,0.0329421728512,-0.0508373260133,-0.0176173011696,0.011294984641,0.0394521616043,-0.38012192144,13.5662256591,-1.24414761994,-11.2980153522,0.282349412999,-1.75042669949,-1.74638493507,-8.72034037826,-0.813250250154,-0.823633057185,0.174014973702,-0.0463948646778,-1.19451779047,-13.0568495138,0.458063433037,11.0256036628,-0.27700263835,1.76503307328,1.46535091538
94.665382089,0.256210974724,0.00941304873539,0.0234315372269,0.00108533846897,-0.00880881548887,-0.0526347403004,0.0273331274004,-0.0436255812151,-0.0133688109653,0.0155634508299,0.0557715100821,-0.54397988022,13.9807979451,-1.56634170747,-11.3694377378,0.313405484494,-1.74595576784,-2.42464837899,-8.95526323735,-0.62013682264,-0.806162986939,0.168140669586,-0.0516908822938,-1.12889569598,-13.5581529928,0.891770831558,11.1627193338,-0.306038120394,1.76660405402,2.02246991006
94.715382089,0.257244157729,0.00755563486046,0.0228870158765,0.0021713844776,-0.00571969151608,-0.0834485908406,0.024199159533,-0.0394055839622,-0.0106388486866,0.0171978845927,0.0638122500053,-0.679882132077,14.4558615169,-2.02623724764,-11.4128553447,0.336951198151,-1.74640873922,-3.08287325075,-9.19567285472,-0.405962798513,-0.800082344708,0.160708333506,-0.0587747719004,-1.00813129746,-14.0816762846,1.41691907815,11.2483496286,-0.328810132334,1.77003394854,2.58021871358
94.765382089,0.258630890677,0.00547249033917,0.0223676523583,0.00280512692824,-0.00242759048833,-0.120622953508,0.0393986942598,-0.0480782069998,-0.0102129333356,0.00569480466832,0.0703901433036,-0.794508104084,15.35027024,-2.23733635481,-11.456014219,0.359099194879,-1.74603124361,-3.76261559941,-9.50586264006,-0.1461950346,-0.793729729837,0.153460700093,-0.0706836304966,-0.82111914393,-14.7410586042,1.49391569875,11.2980943198,-0.356403411024,1.77209178637,3.17521510085
94.815382089,0.261184027155,0.00274781416048,0.0218657225429,0.00274086494443,0.00131932281428,-0.162899401249,0.0571550665224,-0.0608425831355,-0.0105661482991,-0.00209594451661,0.0768755908039,-0.893027488525,16.3314089199,-2.62602968422,-11.4996852955,0.381643325691,-1.74548720774,-4.35451447887,-9.93911921594,0.171260271754,-0.786891409591,0.148795675778,-0.0902861510404,-0.558444084487,-15.4476351749,1.68523684077,11.3363037263,-0.382635495523,1.77394885772,3.69427603789
94.865382089,0.264346397329,-0.000611767974379,0.0213110375283,0.00259553247658,0.00525996859205,-0.209925702361,0.0661709778194,-0.073143543968,-0.0113944822369,-0.00374854932929,0.082183723171,-0.981567665357,17.8256930694,-2.61867376466,-11.5435841798,0.402941141737,-1.74344426555,-4.85766943898,-10.4596189508,0.555142183441,-0.780212858508,0.14479561339,-0.118548537766,-0.195590815145,-16.8025086619,1.48767440266,11.367394301,-0.404715615024,1.77387114538,4.13197094322
94.915382089,0.267801124937,-0.00456654023631,0.0207262743192,0.0023660100115,0.00953769513138,-0.261056167785,0.0713264351565,-0.0816263764491,-0.0122453671395,-0.000743353074537,0.0854137845848,-1.06242620619,19.9271758738,-3.00636569105,-11.5875835604,0.425399171634,-1.73959729306,-5.42990567947,-11.0464656145,1.01041431489,-0.773555822293,0.141798128354,-0.157175949415,0.286190009144,-18.8242739869,1.74419852388,11.3982366725,-0.425751057139,1.77122003853,4.64442636214
94.965382089,0.271479040845,-0.00877440561929,0.0200865008144,0.00252119716913,0.0138013470505,-0.31616832298,0.0781130624302,-0.0834318256248,-0.0131033104631,0.0111150334579,0.0828024820533,-1.13560855188,21.4357141253,-3.20780522984,-11.6317630734,0.446694588684,-1.73863688763,-5.84110835706,-11.7021169818,1.53639499705,-0.770567933386,0.137346730957,-0.206263258008,0.906031980399,-20.2278724078,1.91772087744,11.4291500337,-0.441432998606,1.76929285056,5.00152342883
95.015382089,0.27561243118,-0.0129097227988,0.0194159432729,0.00347751335729,0.0178179433367,-0.374617022973,0.0853795456077,-0.081633959906,-0.0134611407298,0.0218846945983,0.0713744442116,-1.18693567645,21.4255252383,-3.2160734138,-11.7102862042,0.472712730965,-1.75246032413,-5.83827767665,-12.4505366872,2.13292125469,-0.777527282101,0.127922677585,-0.265251464284,1.67357199743,-20.1053238046,1.95378898564,11.5021401294,-0.462353041775,1.77888528461,4.96074527072
95.065382089,0.280016995406,-0.0169378016099,0.0187403867414,0.00470966662895,0.0209387914717,-0.434861890625,0.0720025786536,-0.076011416832,-0.0139229647785,0.0344387854769,0.0507068034122,-1.16268990092,21.1772059842,-3.26369171289,-11.8005902958,0.500416146302,-1.77010189787,-5.77014231219,-13.2735958781,2.80242764196,-0.792096104212,0.115633050855,-0.328236777081,2.58375672037,-20.0638490684,2.08834718788,11.5853031573,-0.484113651788,1.7888750777,4.9105354385
95.115382089,0.282812689045,-0.020510864482,0.0180236467951,0.00692139190498,0.0228886236779,-0.490886013065,0.0398251669304,-0.0669110980521,-0.0147466330763,0.0498566567786,0.0161961561491,-1.02901818892,20.6644850057,-3.10381806702,-11.8949325016,0.527549082089,-1.78970272325,-5.63088955964,-13.96872323,3.4845918411,-0.81415399373,0.0916847255721,-0.384718528077,3.54735870682,-20.0486789353,2.06918937523,11.666909197,-0.503948137329,1.79569902614,4.8701096581
95.165382089,0.283999512099,-0.0236289114151,0.0172657234338,0.00969533230681,0.0225584070866,-0.537763709517,0.0168635500485,-0.0708853974775,-0.0196107072106,0.0551249482239,-0.0264463292805,-0.866324724533,19.9842718969,-3.04787450884,-12.0035203093,0.557855306846,-1.81242370567,-5.44528134323,-14.4766539056,4.12782958686,-0.839855436668,0.0585120120918,-0.416963627769,4.43840216215,-19.7235152626,1.95179227146,11.7002851071,-0.531760479356,1.80263248118,4.80478494994
95.215382089,0.28449904405,-0.0275994042297,0.016062576074,0.0124338867274,0.0202439907499,-0.577518485518,0.00514775130726,-0.090530496167,-0.0297822311025,0.0496261201925,-0.0597293733171,-0.741410407765,19.3502994724,-2.99701036063,-12.1137207787,0.588467641086,-1.83536984709,-5.27228364494,-14.8557992233,4.77833225614,-0.84861587343,0.0208747192397,-0.425960515772,5.25491215832,-19.2707011494,1.59716113467,11.6532059807,-0.564975826814,1.81325624121,4.72413965381
95.265382089,0.28451428723,-0.0326819610318,0.0142875003236,0.0146579443261,0.0165854697549,-0.611904750293,-0.00521317770326,-0.0917713156983,-0.0373462278344,0.0489351721957,-0.0832104093594,-0.640983492373,18.7132959165,-2.87988129094,-12.2239743003,0.618855746565,-1.85837374445,-5.09882467425,-15.127500539,5.44945292759,-0.829286249123,-0.0152132364303,-0.416588405115,6.00717366704,-18.7939059107,1.46084559928,11.6464994124,-0.595691010492,1.82756675459,4.62492891277
95.315382089,0.28397772628,-0.0367765357996,0.0123279532906,0.0173274039469,0.0119229498139,-0.641616834756,-0.0167900941814,-0.0689821740179,-0.0402661036513,0.0559904017503,-0.0987322678953,-0.552103372968,17.9705964207,-2.76272960154,-12.3342366081,0.649229385682,-1.88171346662,-4.89647664472,-15.3198940334,6.07853987965,-0.806860376936,-0.0579062790418,-0.389591279464,6.68689315086,-18.2302172263,1.6960764074,11.7116124493,-0.622724873263,1.84515981908,4.4882922664
95.365382089,0.282835277811,-0.0395801784336,0.0102608899584,0.0202569845011,0.00671224296536,-0.66711508759,-0.035884798467,-0.0471275415537,-0.0357632948706,0.0635260097605,-0.104413397499,-0.468983282252,17.372893719,-2.59534472794,-12.4444986459,0.679445109343,-1.90462565053,-4.7340380136,-15.4299079233,6.65134450106,-0.781771600255,-0.104980135928,-0.34916008518,7.29262096508,-17.9277709094,1.86662396136,11.8915002337,-0.649373420947,1.86596867837,4.38730647947
95.415382089,0.280389246433,-0.0414892899549,0.00875162380349,0.023680004923,0.00148161006403,-0.688515162981,-0.0680114775202,-0.0320796715071,-0.0204638491771,0.0607485305827,-0.110152652539,-0.387410758171,16.8346577907,-2.6664458623,-12.554759395,0.710372880441,-1.92736247483,-4.58653147892,-15.381999117,7.15448330741,-0.779095106418,-0.159035852711,-0.298219505128,7.8247879452,-17.8863013605,2.17040634822,12.2383322833,-0.681615984028,1.88658065828,4.30010863272
95.465382089,0.276034130059,-0.0427881455843,0.00821450504071,0.0263318375594,-0.00430302228857,-0.705856163407,-0.0902987755204,-0.023898611272,-0.00604985845289,0.0470235312497,-0.117674879971,-0.305406503995,16.2704706171,-2.59219468845,-12.5897687742,0.729858595793,-1.93505620678,-4.43273732886,-15.1151287774,7.56751341203,-0.798799565726,-0.203096313636,-0.228890707053,8.28167750499,-17.6667368077,2.22265675475,12.4962214058,-0.707598784664,1.89148943597,4.20694235988
95.515382089,0.271359368881,-0.0438791510821,0.0081466379582,0.028382358048,-0.0102858779331,-0.71905581338,-0.0833065992648,-0.0239002491654,-0.00077394914096,0.0254968350762,-0.121126493651,-0.226674959972,15.9078484284,-2.54693933449,-12.3599558482,0.716616903602,-1.88402826677,-4.24237947732,-14.7668432234,7.92166777738,-0.824866755662,-0.237753533301,-0.150777532723,8.64381805585,-17.1959964385,2.17737607448,12.3479884764,-0.704547313801,1.83918360503,4.07479278586
95.565382089,0.267703470133,-0.0451781705008,0.00813711012662,0.028881521067,-0.0164156716537,-0.728523659405,-0.065308967796,-0.0284260893798,0.000438095627076,0.00296486275668,-0.112469086029,-0.159074193863,15.4308336025,-2.57344566955,-12.0213488976,0.690805500419,-1.81110688019,-4.06458338033,-14.4569904019,8.26030385743,-0.83361378896,-0.248988321797,-0.0690541176743,8.90823609031,-16.440688976,2.13390053394,12.0281230549,-0.689402005547,1.76946745047,3.94697569288
95.615382089,0.264828472102,-0.0467217600201,0.00819044752091,0.0286788443236,-0.021532786536,-0.734963232767,-0.0663897322126,-0.034866291224,0.00241193305872,-0.0095861863241,-0.0889756089041,-0.10386142198,15.209611889,-2.39755314929,-11.6617979039,0.665004108283,-1.72377713272,-3.83594367033,-14.1698315441,8.58596291802,-0.833425985653,-0.247861542711,0.000811791982143,9.0923405143,-16.2361788381,1.85842486824,11.6990929897,-0.66954197882,1.69083569303,3.75915622066
95.665382089,0.261064496912,-0.0486647996232,0.00837830343249,0.0279229024346,-0.0253132325441,-0.738909801603,-0.0798147032062,-0.0438161206697,0.00523501507169,-0.0183504479503,-0.0621188272455,-0.0544156463049,14.8703112481,-2.34082428849,-11.3243325866,0.647138892921,-1.63685158401,-3.62456640182,-13.7671143794,8.85940696768,-0.824439578469,-0.238122294609,0.0559098321015,9.21903811679,-16.1044649889,1.66330715117,11.4052802463,-0.65582555457,1.6138533306,3.5843354997
95.715382089,0.256847001781,-0.0511033720871,0.00871394902808,0.0268437995286,-0.0277446692605,-0.740404797397,-0.0725328996063,-0.0486419364252,0.00997978010607,-0.0285279391715,-0.0362034885843,-0.0141801702607,14.5489245316,-2.21560048892,-10.9321756806,0.617292303704,-1.54047849246,-3.38846812447,-13.2932332467,9.09067558108,-0.811787968797,-0.222548843974,0.0945018793049,9.28418396002,-15.6704816607,1.46346303319,11.0864903927,-0.630796745437,1.52707487488,3.37798435592
95.765382089,0.253811206951,-0.0535289932658,0.00937628144309,0.0250701085174,-0.0289335814025,-0.740327818629,-0.0530233718842,-0.0447859906938,0.0164488601452,-0.0542696546751,-0.00651324769806,-0.0896408936288,14.3009488187,-2.17469255175,-10.4999282603,0.583043049466,-1.43706663096,-3.14385687677,-12.8994900625,9.32412828645,-0.803782696559,-0.193759559905,0.11632756132,9.30165959098,-15.1208352573,1.4821785696,10.7542726538,-0.608733001518,1.43465523127,3.07758303345
95.815382089,0.251544664593,-0.0555819711565,0.0103588350426,0.0214168340611,-0.0283959940304,-0.74936888676,-0.0498846552535,-0.0458212560543,0.0210763326812,-0.0742609976734,0.0109034094874,-0.298678651563,14.1015979244,-2.09610147869,-10.0819960383,0.54891996493,-1.33119892362,-2.90712887815,-12.6243962091,9.67158375451,-0.789517626237,-0.139299094574,0.118249434998,9.56758241497,-14.8729512142,1.38757946086,10.4078938213,-0.584073338964,1.33523569291,2.6863079854
95.865382089,0.248822741426,-0.0581111188712,0.0114839147112,0.0176440087501,-0.0278432404538,-0.770195683785,-0.0592926149061,-0.0568808016218,0.0238095385515,-0.0689654689397,0.0118657172339,-0.510870423186,13.9796899444,-1.95601003994,-10.059247278,0.444576935968,-1.17508821277,-2.67485025145,-12.3663229267,10.1594207357,-0.781148975922,-0.0856988231988,0.122852743264,10.1713199234,-14.8965160373,1.07647718093,10.4274079037,-0.477223533793,1.17948125726,2.29715046496
95.915382089,0.245615403102,-0.0612700513186,0.0127397888977,0.0145202871671,-0.027209422307,-0.800455929079,-0.0567024461264,-0.063837729855,0.0222371193514,-0.0740197242925,0.00437861202631,-0.693788639128,13.9339682186,-1.75522846978,-9.87549039214,0.395940890784,-1.05908454048,-2.45573466471,-12.0962974264,10.7672434172,-0.78632790301,-0.0414453155641,0.128171764193,11.0682033926,-14.8107432135,0.768122461223,10.2193371137,-0.43098005179,1.06070563401,1.9427986853
95.965382089,0.243152496813,-0.0644948918567,0.0137076266463,0.0102420363208,-0.0274053792511,-0.839574547698,-0.0338291513032,-0.0617768958239,0.0131798124143,-0.0810582116435,-0.00361062702808,-0.856346663986,13.8763485025,-1.73367162386,-9.72683856714,0.358882800435,-0.945235493584,-2.34428472132,-11.8983402057,11.5212337069,-0.772163023861,0.022991862898,0.14499762927,12.2674072431,-14.399439762,0.77843174932,9.93063453632,-0.39725381243,0.94389873114,1.71116536763
96.015382089,0.242232487972,-0.067447740901,0.0140577701392,0.00641446600278,-0.0275704850098,-0.886090595477,-0.0253263737422,-0.0548136902387,0.00276418072759,-0.0763764707254,0.00550264641608,-0.98844231687,14.326613474,-1.97887291895,-9.62245826867,0.398750398355,-0.854732840966,-2.85603602674,-11.8067190165,12.4321716397,-0.74457978557,0.0864459181252,0.160137651789,13.7590339481,-14.7182285229,1.13130325899,9.66520006747,-0.434905186561,0.856770085748,2.12525492238
96.065382089,0.240619859439,-0.0699762608806,0.0139840447191,0.00260438924829,-0.0268551146095,-0.938418779385,-0.0626349609282,-0.0444317969519,-0.00636943542096,-0.069875562262,0.0163970218545,-1.10375870678,15.3959707089,-2.18240783786,-9.5452517866,0.463591639487,-0.773993973951,-3.64314566012,-11.6224204256,13.3801121893,-0.698549219641,0.154886049694,0.162923910931,15.5370035088,-16.3644786183,1.49537066029,9.44676288373,-0.496669053649,0.780064643352,2.82710815046
96.115382089,0.235968991879,-0.0718909205962,0.0134208265971,-0.00057309022342,-0.0259307828243,-0.996466466155,-0.112332787485,-0.0401589074893,-0.011913965664,-0.0552937279173,0.0241289748926,-1.20483001843,16.6014312977,-2.62504672485,-9.44540249876,0.554365798097,-0.687951951076,-4.41193294386,-11.1529043243,14.2187799772,-0.634674398611,0.213720001143,0.165346934957,17.6377873307,-18.3384036139,2.00408011201,9.26117998459,-0.580540521844,0.696885221451,3.52117078565
96.165382089,0.22938658069,-0.0739921516295,0.0127926481527,-0.00292498354345,-0.0244422171203,-1.05890178123,-0.112379793358,-0.0607757143341,-0.00533490316839,-0.0399488383139,0.0395996499434,-1.28905966909,18.8001839299,-2.66043072573,-9.40212140854,0.660904435442,-0.593023121515,-5.12378929551,-10.4781653086,14.9795788804,-0.575150766644,0.260891425022,0.159242285233,20.0339863702,-20.5378830855,1.72067185696,9.3196292055,-0.679815256728,0.607684099914,4.1707539666
96.215382089,0.224731012543,-0.0779684920296,0.0128873362802,-0.00456797405481,-0.02197081783,-1.12537243306,-0.0802725316747,-0.0902252373042,0.00565048299017,-0.0305344277187,0.049582901856,-1.35478457106,21.3494783649,-3.00153883695,-9.39157041594,0.755134769111,-0.508480481154,-5.81868112239,-9.86327282724,15.9398245319,-0.557139440409,0.305540917837,0.129882379342,22.724811516,-22.5907113867,1.60640974842,9.47894234667,-0.769589034366,0.526837558908,4.81705366461
96.265382089,0.221359327523,-0.0830146753599,0.0133576964517,-0.00597842631532,-0.0194839269347,-1.19438023833,-0.0803007867518,-0.0959661927073,0.00745023037884,-0.0242281138541,0.0492068154994,-1.40295266559,23.6811037339,-3.26750477883,-9.35064899055,0.853200803404,-0.422433947589,-6.47111647564,-9.23578406431,17.0209807183,-0.560522345347,0.353631270765,0.0936415514634,25.6831428044,-24.9227736566,1.78360480847,9.46584994129,-0.864669811028,0.440651786891,5.43387709321
96.315382089,0.216700933868,-0.0875651113004,0.0136323593181,-0.00699078544022,-0.01705013628,-1.26566769962,-0.103746186882,-0.0867865073458,0.00345337847403,-0.00551483371818,0.0398609067228,-1.34044640454,25.3427665191,-3.45691123466,-9.37410619402,0.963267830136,-0.331001491896,-7.36660222058,-8.41024815702,17.9640432441,-0.560253284769,0.39455211014,0.0551962039316,28.9270384673,-26.946966491,2.11495432208,9.4275048761,-0.965878420062,0.345759195392,6.3755753421
96.365382089,0.210984708835,-0.0916933260945,0.0137030342991,-0.00652990968713,-0.0154978362624,-1.32842487879,-0.117632946931,-0.0813926277139,-0.000667659755909,0.00308379226235,0.0315003871386,-1.14953647889,26.9300108635,-3.79538124197,-9.41613232291,1.05590750203,-0.252313600336,-8.41142148962,-7.39035883973,18.6090526419,-0.565079724917,0.397791930073,0.0331089201547,31.9483601184,-28.7489381497,2.53682846995,9.4058084759,-1.05444770879,0.263975988666,7.56153928283
96.415382089,0.204937639175,-0.0957043740718,0.0135655933425,-0.00668240621398,-0.0139000975662,-1.38062134751,-0.124249839463,-0.079049291377,-0.00482997850766,-0.00630513394521,0.0352805939186,-0.956709412008,28.1809107214,-3.92126892334,-9.42773311293,1.14080607662,-0.179278123525,-9.4790316796,-6.25984775718,18.9848046786,-0.550911116387,0.412559025858,0.00807308363918,34.5839139759,-30.1021532746,2.6989505441,9.35304842698,-1.14379077571,0.192340057812,8.77171153686
96.465382089,0.198559724888,-0.0995982552322,0.0132200364484,-0.00716042308166,-0.0119697768705,-1.42409581999,-0.138207302505,-0.0679318220667,-0.00814751104651,0.00117052054339,0.0539584163891,-0.792960778823,29.6723594561,-4.09480639911,-9.46309613883,1.22607880412,-0.105268435964,-10.5224959728,-5.06051566977,19.1115784784,-0.521920989797,0.433193296006,-0.0264042723576,36.8671305248,-31.8094225854,3.04439452065,9.33711332072,-1.22552470779,0.125245460464,9.93623945206
96.515382089,0.191116908924,-0.102497556278,0.0127508422379,-0.00656535415964,-0.00850425592728,-1.45991742539,-0.160310028304,-0.0475810816461,-0.0107946925543,0.00666608754328,0.0732540043832,-0.656414769292,29.9709847718,-4.08207225068,-9.48713692494,1.2882474377,-0.0489258549305,-10.751615029,-3.80639718986,18.8835207949,-0.497458162988,0.422554378542,-0.0990708047889,38.8128375543,-32.4498165305,3.34633851307,9.32022143616,-1.28509187184,0.0760466849733,10.2663105233
96.565382089,0.182528722058,-0.104356363397,0.0121405671929,-0.00649381432733,-0.0046443764322,-1.48973729692,-0.158872199303,-0.0382928577792,-0.0128735327729,0.00351253058962,0.0695057357827,-0.550173461866,29.965703434,-4.16456806395,-9.53460245777,1.34640000037,0.00369809882599,-10.7337700729,-2.55408148455,18.3218353682,-0.461653892111,0.421272977411,-0.182117986508,40.4749477614,-32.4223024214,3.57245568645,9.33554241005,-1.34473725269,0.0220350097328,10.327012528
96.615382089,0.175229688994,-0.106326842056,0.0114634889606,-0.00621410110068,-0.001553682349,-1.51493477158,-0.122146168161,-0.0419345300731,-0.00915582148374,0.00550628907357,0.0596928366742,-0.455085376512,29.8797728002,-4.28185629814,-9.6005652031,1.39789264099,0.0513943679526,-10.6548222269,-1.4261434449,17.7018729791,-0.427766834808,0.413835016677,-0.248839646917,41.9156554779,-31.7684868379,3.63343370079,9.45899114618,-1.39528609589,-0.0292942890307,10.3183657759
96.665382089,0.170314105242,-0.108549816404,0.0112249850446,-0.00594318541997,0.00132490723522,-1.53524583457,-0.0837328995633,-0.033164169508,-0.00227071274854,-0.000858527676212,0.0484227724448,-0.371264718837,29.784781328,-4.39239515841,-9.65848902473,1.44620047683,0.0970024003404,-10.5536767151,-0.471065355699,17.0999112992,-0.415779349233,0.410464823886,-0.312949895599,43.1180786048,-31.0795211074,3.87958633728,9.62337759137,-1.44660688322,-0.0790748372982,10.2791910556
96.715382089,0.166856399038,-0.109643259007,0.0112364176857,-0.0062999538683,0.00328859489548,-1.55206124346,-0.0704391358814,0.00932189250534,-0.00566390412982,-0.00690763689584,0.0308872017929,-0.299645628891,29.7094704857,-4.46531700827,-9.70829024456,1.49194137662,0.141074780249,-10.4532491626,0.304026857061,16.3376696129,-0.410635923529,0.425099376273,-0.351622322832,44.153352747,-30.7986522975,4.60945897766,9.62071078628,-1.49521128614,-0.12963941153,10.2317133584
96.765382089,0.163270191654,-0.107617627154,0.0106585946316,-0.00663394910955,0.00441362741451,-1.56521039746,-0.0766388271684,0.0551911215072,-0.0134303038902,-0.00231446789664,0.0221166232751,-0.240772109008,29.6553377148,-4.55503570925,-9.76030264022,1.53801366134,0.184804662692,-10.357850019,0.850594653017,15.1566426451,-0.379357469957,0.431096543143,-0.361225382374,44.9941595266,-30.8403837207,5.40844148954,9.5526333873,-1.53910927489,-0.176616425257,10.1798409388
96.815382089,0.159192516321,-0.104124146856,0.00989338729673,-0.00653140065797,0.00550025722298,-1.57613845437,-0.085161231266,0.0708764235064,-0.0119362568802,0.00712535288851,0.0151659625917,-0.164960721,29.6114150771,-4.64299477233,-9.81760287679,1.58319160231,0.227662264003,-10.2720892189,1.19968954937,13.7541121129,-0.344067426417,0.419516749181,-0.366007573246,45.6978987677,-30.9282407736,5.73893824756,9.63303567942,-1.57981863126,-0.222047369673,10.1501294689
96.865382089,0.154754068527,-0.100529984803,0.00946496894357,-0.0059214138207,0.00593022367368,-1.58170646956,-0.0917646780304,0.0743975126593,-0.00546389754769,0.0325899637365,0.0010719464428,0.0461421401701,29.5373719615,-4.75223565653,-9.9074400105,1.62079617014,0.265073235612,-10.1823909585,1.37988426264,12.2962812616,-0.326914144492,0.391044620298,-0.351710620422,46.073119454,-30.9563050167,5.90262480625,9.82295320134,-1.60536886347,-0.26467636888,10.2165050424
96.915382089,0.150016048518,-0.0966843955905,0.00934699754196,-0.00327240428432,0.00560745186726,-1.57152424035,-0.0962546657085,0.081760710039,0.000360499924884,0.0545111458995,0.012543846629,0.394579420743,29.3509790128,-4.91138410953,-10.0075712298,1.65934102688,0.303693673104,-10.0614931791,1.36525787336,10.7635764887,-0.333210236612,0.300319002698,-0.314441759842,45.5215739361,-30.8393395652,6.17562844163,10.0131455452,-1.63353675868,-0.299049564767,10.3532160039
96.965382089,0.145128601956,-0.092353913799,0.00950101893605,-0.000470299230759,0.00718460833657,-1.54224852748,-0.0992431967476,0.0914585616198,0.00580035583898,0.0565417927432,0.0647328378547,0.830862940755,28.7020362424,-4.86446217521,-10.1155722862,1.70128522896,0.324632283756,-9.62704247219,1.16150414797,9.20948385612,-0.346672400284,0.206232165059,-0.325564378148,43.874052554,-30.2366076635,6.2786618329,10.2052616614,-1.67451970128,-0.300666245197,10.2413210467
97.015382089,0.140091728843,-0.0875385394285,0.00992703312586,0.00238177499,0.0120807356527,-1.48843794627,-0.0811167766223,0.0964947096171,0.00954002546892,0.0349831821049,0.0988585170069,1.23935061423,27.057669817,-4.4460268289,-10.375266041,1.73487514073,0.252743865409,-8.29585294706,0.805823375338,7.68636519134,-0.366286448431,0.116291002015,-0.417264300622,40.8992093152,-28.3119571763,5.93809911708,10.522780943,-1.71831494192,-0.216143476658,9.21213707928
97.065382089,0.137016924294,-0.0827044428373,0.0104550214829,0.00302801897973,0.0170704600373,-1.41831346606,-0.0399153750508,0.0959215949024,0.0116528710815,0.00763493003127,0.0917676379627,1.54649512435,24.4755556127,-3.72602285013,-10.6943321879,1.76139152996,0.151139940802,-6.77538903323,0.396409705825,6.55778993876,-0.3761294504,0.0933764019725,-0.504287408603,37.1838466291,-25.0927565475,5.20923321638,10.8745174653,-1.75777733732,-0.117164808199,7.91875308754
97.115382089,0.136100191338,-0.0779463799383,0.011092320234,0.00314526799313,0.021257499449,-1.33378843384,-0.0161581976579,0.0988463622235,0.0181090106383,-0.0095910381714,0.0698834792714,1.80669267874,20.4154581984,-2.98147263844,-11.0511569966,1.76801267473,0.0323960134917,-5.56350265827,-0.190390655647,5.38985479043,-0.382322686934,0.0847242967486,-0.552398835178,32.9628580458,-20.6653081544,4.5099079117,11.3311718601,-1.77255284201,-0.00652305296108,6.89923752968
97.165382089,0.135401104528,-0.072819806615,0.0122659225468,0.00206891516259,0.0240588079644,-1.23764419819,-0.0118052747252,0.106216570709,0.0288350818726,-0.0264546912654,0.0601698509209,2.03172743021,16.833134863,-2.56091809076,-11.4184830632,1.77489070458,-0.0878132613779,-4.08270373203,-0.760175277121,4.3771864202,-0.394809880454,0.104234361726,-0.55806497669,28.4617124524,-17.0156767178,4.20331695727,11.8643523421,-1.78741372052,0.110089945284,5.5848126461
97.215382089,0.134919663865,-0.0673247228674,0.0139758284213,0.000499798866593,0.0272744845411,-1.13061569082,-0.00548033742173,0.103862793328,0.0353654960681,-0.0299957372487,0.0814580883857,2.25408267742,15.4413830446,-1.79957714345,-11.8510087974,1.77774489804,-0.21385833718,-2.33751722958,-1.2610224295,3.51466230348,-0.413398931656,0.131926040594,-0.562786390243,23.8348118579,-15.5261240592,3.40558017007,12.3978561515,-1.79194416016,0.244016565243,4.00401915915
97.265382089,0.134853070786,-0.0624335272822,0.0158024721536,-0.000930658562281,0.032204616803,-1.01223593045,0.00380940869169,0.0874491468213,0.0358117971145,-0.0195852230344,0.106081464956,2.47485480781,15.0680371599,-0.895350781111,-12.3111906354,1.78664015849,-0.342125634415,-0.607616698111,-1.63095969535,2.8275042505,-0.426303911459,0.152490012622,-0.585050547495,19.2056588507,-15.0091332763,2.24755391344,12.8649390251,-1.79591133303,0.381400175186,2.43734120375
97.315382089,0.135300604735,-0.0585798081853,0.0175570081327,-0.00145872343685,0.0378826310367,-0.883130210036,0.021994019688,0.0791714913785,0.0348722784858,-0.00592464414932,0.12105428205,2.6718791471,15.1884081355,0.0135173180384,-12.7893439124,1.79976450147,-0.472211259351,1.14530614672,-1.85373397034,2.29698208761,-0.430135871762,0.15274894172,-0.596649506574,14.7493754782,-14.8483204,1.21069060764,13.3285647729,-1.80256908582,0.517029186194,0.830083575586
97.365382089,0.137052472755,-0.0545163781443,0.0192897000022,-0.00152312297721,0.044310045008,-0.745048015736,0.053459417231,0.0913119979516,0.0361357882682,0.0106578061362,0.135451742345,2.79493273999,16.0619120855,0.884745411278,-13.3357704317,1.79576481487,-0.611689660623,2.90223151499,-1.98186924309,1.86155704844,-0.428076593672,0.143296829098,-0.589646708497,10.6595786326,-15.2352831925,0.527187971003,13.8945286113,-1.79071966523,0.661837959192,-0.835865072062
97.415382089,0.140646546458,-0.0494486083901,0.0211705869595,-0.000392942823229,0.0514278052712,-0.603636936037,0.0884750832686,0.108787867829,0.0381738599465,0.00500376573322,0.14788380726,2.73988797157,18.044405114,1.82596634761,-13.7922066699,1.77842750221,-0.732682280201,4.60250153988,-2.05254822108,1.50980009752,-0.436296998133,0.117319885173,-0.559994330367,7.1814054107,-16.6763381965,-0.143808190738,14.3824790153,-1.7760588396,0.787433302163,-2.57683112541
97.465382089,0.145899981082,-0.0436375913614,0.0231070859968,-0.00102274640389,0.059098425734,-0.471059218579,0.119129971364,0.118586927924,0.0381809048371,-0.0103439744061,0.129263175352,2.51396853642,21.3508826493,2.51015733769,-14.2786522426,1.73911175132,-0.893277025723,5.82261665665,-2.13371181075,1.2475838267,-0.465631378063,0.107073756959,-0.511252592617,4.55108211819,-19.5088072685,-0.676478894616,14.8690335212,-1.74400834055,0.941134131133,-3.96397435449
97.515382089,0.152559543594,-0.0375899155977,0.0249886774432,-0.00142734026384,0.0643541228064,-0.352240082395,0.147790392814,0.12256621282,0.0369720895722,-0.0219464174591,0.0601297304488,2.16739776628,22.058776944,2.48297203623,-14.5745468316,1.64311895159,-1.15922683004,6.01618518838,-2.26517045665,1.0290710061,-0.505095656221,0.0887329360118,-0.430043665402,2.69830139724,-19.7735330125,-0.587762958539,15.146236518,-1.65350785891,1.18148866014,-4.41377166743
97.565382089,0.160679020363,-0.0313809700795,0.026804294954,-0.0032173881498,0.0651113987789,-0.254319441951,0.16287522012,0.119313156361,0.0352287060968,-0.0205567827169,0.0056802636358,1.8232285898,21.8303443029,2.43868119395,-14.868007103,1.59789966164,-1.51820117086,5.95397094858,-2.42412677933,0.82965406563,-0.54105393435,0.0760759215283,-0.333976410263,1.52470108557,-19.3118476586,-0.593773271767,15.4127393098,-1.60763074922,1.52030417486,-4.6060106482
97.615382089,0.168847065606,-0.0256585999617,0.0285115480529,-0.00348301853553,0.06492214917,-0.169917223415,0.162351023861,0.109693915768,0.0328274650679,0.00872483050789,0.00265866243534,1.56826977307,21.4533771098,2.12574238546,-15.3470066282,1.42150281846,-1.81278422926,5.75291222935,-2.48365379693,0.61130338974,-0.5648729629,0.0502508735168,-0.251538958406,0.745199624641,-18.9429859741,-0.429574247858,15.8546090772,-1.4173726931,1.81376854586,-4.59344961111
97.665382089,0.176914122749,-0.0204115785027,0.0300870414608,-0.00234490509901,0.0653772650224,-0.0974924646439,0.163901421439,0.0945639538998,0.026889332751,0.032992406961,0.0225406393065,1.34866403179,21.582964631,1.81295468773,-15.9930775438,1.2633938327,-2.11886683095,5.43791629945,-2.62844957586,0.436270928987,-0.608178273841,0.0269144270601,-0.185578076579,0.304054312755,-19.0486001058,-0.350737166847,16.4088602163,-1.24777601906,2.12721205185,-4.44081391548
97.715382089,0.18523720775,-0.0162022045717,0.031200481328,-0.000183777839424,0.0671762131006,-0.0350508202361,0.169146575197,0.0726235289571,0.0174815966849,0.0541489528598,0.0302705167301,1.14001508081,21.745448239,1.41168793543,-16.6994798224,1.07132933554,-2.4077029731,5.01818263348,-2.85385010692,0.286781156745,-0.65702762093,0.00609639152289,-0.139516650507,0.0675915582069,-19.1299792823,-0.288729428615,16.9697931491,-1.04569652083,2.41891002651,-4.17533984385
97.765382089,0.193828780269,-0.013149225607,0.0318352011293,0.00306999018697,0.0684043166954,0.0165090434368,0.168547394798,0.0584729829112,0.0120880759151,0.0639319204703,0.00513014152323,0.92094188206,22.2734090602,1.06030874677,-17.437304251,0.937261738033,-2.67690073235,4.56457692429,-3.13768177629,0.167465059175,-0.70332365116,-0.0119683107082,-0.1369977579,-0.0586612055314,-19.6672050723,-0.15615640769,17.6242189862,-0.906997901249,2.67880006465,-3.88370064639
97.815382089,0.20209194723,-0.0103549062806,0.0324092889195,0.00620941420761,0.0676892272529,0.0570433679699,0.162061940146,0.0548690499868,0.0114874095341,0.0541988083078,-0.0280081130109,0.697840635648,22.7508634347,0.491927194618,-18.1759046273,0.788919297176,-2.94875705034,4.05753483499,-3.44387129501,0.0601435698736,-0.748520432432,-0.0305796656273,-0.169396344474,-0.184116164458,-20.2449423244,0.356498478549,18.3535314163,-0.763262882095,2.93838760666,-3.5416031092
97.865382089,0.210034974284,-0.00766232060829,0.0329839420827,0.00848987101776,0.0656035053943,0.0862931070016,0.152477345275,0.0557536118621,0.00865812898518,0.0342797454657,-0.053497950578,0.489303215049,23.3580409743,0.328435462903,-19.576177062,0.728879086709,-3.23829980056,3.54709203957,-3.75925624536,-0.0368012787858,-0.793033854091,-0.0477782718832,-0.19901770338,-0.312978697902,-21.0003239309,0.533667957643,19.7100554309,-0.71265187792,3.21849325432,-3.1853374508
97.915382089,0.217339681757,-0.00477954509436,0.0332751018181,0.00963738875418,0.0623394321951,0.105973689475,0.1349897656,0.0616355006869,-0.000879944308809,0.00648170728694,-0.0698033603282,0.321752117345,24.1795216668,-0.0738515046966,-20.934613942,0.665451286959,-3.46541119119,3.01338438985,-4.06564600133,-0.131069022781,-0.828740892758,-0.0608787563471,-0.216151980719,-0.424794203761,-22.0922104635,1.02690502346,20.9210075948,-0.66238300229,3.43956789309,-2.77550468394
97.965382089,0.223533950844,-0.0014987705396,0.0328959476518,0.00913804174645,0.0586231693615,0.118468318736,0.115007086299,0.0592293193611,-0.012542375927,-0.0129775909654,-0.0815387676489,0.19023610311,24.6490024663,-0.399338214613,-21.9387240975,0.639864128622,-3.63369736507,2.53929832243,-4.34019584865,-0.228631912134,-0.844865516825,-0.0672509445041,-0.22131197958,-0.513025326012,-22.8706781717,1.31518558508,21.7447846409,-0.646007408723,3.60350926713,-2.39865182526
98.015382089,0.228840390387,0.00114338684175,0.0320208642254,0.00833962965763,0.0541855554302,0.124997299786,0.100486698396,0.0330628024168,-0.0199576764135,-0.0176302385388,-0.0878349350705,0.089498329638,24.5792356977,-0.571217348458,-22.2493849317,0.592823513817,-3.68640834637,2.20986551643,-4.56913332065,-0.30443789186,-0.842931177895,-0.0690157299792,-0.21628189851,-0.565835149706,-23.0254363381,1.08245875694,21.9407846361,-0.601169245615,3.65388921836,-2.14369707437
98.065382089,0.233582620683,0.00180750970208,0.0309001800105,0.00737501789257,0.0498396758545,0.1274181517,0.0906185256645,0.0035744499051,-0.0249748977128,-0.00747635682526,-0.082696956734,0.0116828718723,24.3789291393,-0.689381403703,-22.3435976048,0.539777583637,-3.70293120779,1.98229114076,-4.72652659205,-0.32223517221,-0.827877095516,-0.0655673204577,-0.207186308247,-0.57611122218,-22.9777187364,0.744652181449,21.9574173372,-0.543316711526,3.6723143135,-1.97365368983
98.115382089,0.237902242954,0.00150083183226,0.0295233744541,0.00759199397511,0.0459158597568,0.126165586973,0.0841862423994,-0.00130770540511,-0.0302448308628,0.00761490254577,-0.0843322311002,-0.0506451810064,24.0141874512,-0.670498685252,-22.3647836005,0.484100780491,-3.70760586613,1.74006684689,-4.84017874776,-0.309224468133,-0.802551728939,-0.0630249382605,-0.195308391642,-0.555882734764,-22.7124377508,0.650277980885,21.8971157442,-0.480496068384,3.67638354421,-1.77751014599
98.165382089,0.242001244923,0.00167673916157,0.0278756969242,0.00813650814715,0.0414064527445,0.122353633599,0.0791993808529,0.00811319257717,-0.0356594224696,0.00615910138586,-0.0947407938581,-0.0988331055711,23.6668925493,-0.793313230288,-22.3708208131,0.43259140098,-3.70966803976,1.50321378049,-4.95426433077,-0.305888702645,-0.769121550319,-0.0611784848167,-0.178871871618,-0.526023942669,-22.442253376,0.918765390941,21.8194285524,-0.429675830203,3.67459215565,-1.5762836651
98.215382089,0.245822181039,0.00231215108998,0.0259574322071,0.00820790411369,0.036441780371,0.116282276416,0.0590025502599,0.0236816189862,-0.0393537970937,-0.000678579732423,-0.1085932336,-0.139133478362,23.5145926669,-0.899001639769,-22.2937372104,0.403955837874,-3.72350379592,1.29237519348,-5.06436490659,-0.311649373503,-0.727235543668,-0.0576982338035,-0.158985038252,-0.488779477218,-22.6022517673,1.26518427889,21.6852198076,-0.404277061234,3.68329932305,-1.3952401915
98.265382089,0.247901499949,0.00404490106019,0.0239403172148,0.00806865017391,0.0305471293844,0.108440285763,0.0240456095412,0.0468158542049,-0.0411641373455,-0.0099939670816,-0.118127828583,-0.161071093792,23.1815169669,-0.928671516828,-22.1508844809,0.389330287507,-3.74678499651,1.06993488109,-5.13424138407,-0.344695533044,-0.676371050437,-0.0544411772145,-0.135593711624,-0.453533491048,-22.8097060377,1.65257274399,21.5143742634,-0.394061191668,3.70305053053,-1.18901892858
98.315382089,0.248226741993,0.00699373651046,0.0218410184726,0.00720850740553,0.0246289975128,0.100175167037,-0.00471617899351,0.0661030880054,-0.0454661729925,-0.017705932019,-0.118474456554,-0.173864222251,22.8755389346,-0.972499589285,-22.0068700989,0.374501968641,-3.76974539929,0.859258991158,-5.17373301509,-0.41008895343,-0.618801670767,-0.0507892355746,-0.111831098849,-0.429680438326,-22.9484639687,1.99463423446,21.303838637,-0.382883531917,3.72588260124,-0.987801331138
98.365382089,0.24742988205,0.0106552098607,0.0193936999156,0.006298056972,0.018699683729,0.0910538635381,-0.0197193112577,0.0771861529692,-0.0491258324381,-0.0194232314626,-0.121317626338,-0.190075970346,22.5974400474,-1.00404101506,-21.9803608665,0.329391744928,-3.78354022782,0.635844606857,-5.2030838053,-0.494259833571,-0.550026424209,-0.0478059755121,-0.0868328974046,-0.412202942671,-22.9023545654,2.19755017565,21.2207410542,-0.338586236545,3.73862480302,-0.776372713709
98.415382089,0.246254810867,0.0147123518074,0.0169284352288,0.00526618425927,0.012497234879,0.0811675700021,-0.0229663570389,0.0773080394039,-0.0477841076307,-0.0269048557951,-0.127079491894,-0.275318900651,22.361420089,-1.03645018459,-21.8700587794,0.252666621124,-3.81586662253,0.41580665004,-5.25512660373,-0.589463985777,-0.480346904632,-0.0452140737178,-0.0621303779989,-0.400002955949,-22.716542821,2.23184404303,21.1311857045,-0.265402734141,3.76881798225,-0.619357071583
98.465382089,0.245133246346,0.0183860138011,0.0146152891525,0.0036075713925,0.00599173453959,0.0635219734729,-0.0173937399588,0.0606609065669,-0.0431919910439,-0.0298586479423,-0.130918442085,-0.431446139656,22.0800362401,-1.10733006964,-21.5128828414,0.149358229212,-3.85530781934,0.146814445624,-5.32420961712,-0.665488653721,-0.414434127764,-0.0401731670738,-0.0385969508023,-0.362098199009,-22.3489910614,2.04531369614,20.8450164561,-0.163492596541,3.80683788452,-0.465793794272
98.515382089,0.244515436871,0.0207784424641,0.0126092361244,0.00228031946504,-0.000594609329498,0.0380229560364,-0.00739856649605,0.0451081018137,-0.0372971152075,-0.0224205972563,-0.125144381145,-0.564220601462,21.9816717892,-1.28295643292,-21.1995823306,0.160207331564,-3.77359143267,-0.214886864891,-5.39203729283,-0.698456578629,-0.35550356861,-0.0348143637187,-0.0206118209319,-0.304810755905,-22.096073875,1.9804511345,20.6228668583,-0.170820704211,3.72725922844,-0.202256095506
98.565382089,0.244393389696,0.0228968239825,0.0108855776318,0.00136551166687,-0.00652270357487,0.00709991332668,-0.00956232204409,0.0568646867205,-0.0311403682093,-0.00768673593321,-0.106420918746,-0.679727260691,21.8584413052,-1.49439555773,-20.8476751303,0.173367242733,-3.65143983655,-0.641278278094,-5.50112935066,-0.722316013946,-0.304139662224,-0.0311264382132,-0.00955468854697,-0.262914065375,-22.0063009733,2.37367923627,20.3661598158,-0.177005959042,3.61203961981,0.138738241357
98.615382089,0.243559204667,0.0264649111361,0.00949519930345,0.00151164587172,-0.0112367012041,-0.0299497700327,-0.0269947079064,0.0769812620908,-0.0241735853023,0.00534631304276,-0.0885398588978,-0.778710062978,21.7257412103,-1.70520424493,-20.5147476899,0.179447946584,-3.5265502335,-1.12588830258,-5.69388264844,-0.788907858835,-0.260372031581,-0.032394547487,0.00691979762301,-0.236939682942,-22.143153271,2.89554523182,20.1409579052,-0.176917130301,3.49377012154,0.550167706559
98.665382089,0.241693918906,0.0305949501916,0.00846821910154,0.00190014297115,-0.0153766894646,-0.0707710929711,-0.0360313050494,0.0669840223118,-0.0190500538097,0.0136942985872,-0.074162768925,-0.850274720763,21.8346898839,-1.8037643546,-20.1678304651,0.16263993799,-3.42600620031,-1.63860179214,-5.9127094568,-0.873497089402,-0.223903208141,-0.0360267207319,0.0310912241692,-0.156506541652,-22.391832467,2.83952065501,19.8732644988,-0.156157385702,3.39854891838,1.00997158394
98.715382089,0.239956074162,0.0331633133673,0.00759019392248,0.00288107573043,-0.0186529780966,-0.114977242109,-0.0315470374559,0.035242609965,-0.0163058716397,0.0233417558607,-0.0634478011906,-0.910230765164,21.8640680912,-1.88738381526,-19.8427802769,0.141241441087,-3.31892000576,-2.12955184019,-6.10118752752,-0.909391554923,-0.188831262859,-0.0408180487126,0.0592304962346,0.0127441979195,-22.3518716252,2.43233101393,19.590646877,-0.130192014065,3.29542972632,1.45659456951
98.765382089,0.23853921516,0.0341192111881,0.00683763193758,0.00423431855722,-0.0217214695837,-0.161794169488,-0.0149291018107,0.00935656331418,-0.0117102109088,0.0376557041872,-0.0543170810249,-0.952221894503,21.8981608845,-2.11837989845,-19.4530980888,0.124632583488,-3.22187909435,-2.60873847353,-6.26885511028,-0.892558630307,-0.154380149828,-0.0475349601088,0.0916298369905,0.279398984868,-22.129005655,2.26305797343,19.2720261807,-0.106807276863,3.20176928144,1.90473606916
98.815382089,0.238463163981,0.0340989696987,0.00641917283159,0.00664664614915,-0.0240846861991,-0.210199431559,0.0114926253572,-0.0100456857895,-0.00476305193404,0.0563260533605,-0.043755812519,-0.985752613608,21.9919821682,-2.40555540288,-18.9755127905,0.128138723913,-3.1408857151,-3.0713458444,-6.49224410861,-0.847483210557,-0.126157645806,-0.0612988110443,0.125847599886,0.63928867231,-21.8142747283,2.2502216085,18.9018629726,-0.101475322077,3.12468600063,2.34255330759
98.865382089,0.239688477696,0.0331146426091,0.00636132674417,0.00986692389327,-0.0260970508356,-0.260369430848,0.0327688789586,-0.0272375019897,0.00274341139352,0.0734557925925,-0.0362117865043,-1.01047752716,22.0793094948,-2.41752917538,-18.5363473088,0.132188639525,-3.0664047667,-3.54763208114,-6.77644625653,-0.771452756974,-0.104574972728,-0.083681638327,0.162045525679,1.10149358525,-21.5726129473,1.99636285363,18.5787679568,-0.0974164302506,3.05299807698,2.8005597729
98.915382089,0.241740051877,0.0313752194998,0.00669351397095,0.0139922254084,-0.0277058648495,-0.311247184275,0.0387949501618,-0.0378425690093,0.00741375896027,0.0805284970235,-0.0269769667906,-1.02030998705,22.4648592659,-2.72662087437,-18.0092124145,0.158220468296,-2.97616232026,-4.06819168585,-7.11254570104,-0.668350099245,-0.0897647333802,-0.117633005836,0.198663912261,1.66094425542,-21.8649831661,2.14147119356,18.1238494173,-0.120100210489,2.96617463784,3.31384998436
98.965382089,0.243567972712,0.0293303857082,0.0071027026402,0.0179197735956,-0.0287947475147,-0.362400429553,0.0334599444458,-0.0414637787714,0.00859273457349,0.0851556638211,-0.0157389143152,-0.951820296681,22.4998785144,-2.81751608161,-17.5202375745,0.178346227084,-2.89342051454,-4.37685330935,-7.47419022659,-0.545469896453,-0.0752552115775,-0.157778563136,0.235286372073,2.31372665824,-21.9824962033,2.1763725877,17.6531047668,-0.138035579567,2.8875934963,3.67314781668
99.015382089,0.245086046321,0.0272288416226,0.00755278742829,0.0225077917905,-0.029279756281,-0.406429213943,0.0307883707434,-0.0387939461164,0.00892587944455,0.0848876630452,-0.00252078752017,-0.798885611577,22.0615159211,-2.60196213887,-17.1781090143,0.114099952487,-2.83691587565,-3.98705409119,-7.84193035553,-0.419355761566,-0.0586059005375,-0.208308205942,0.266004497876,2.94469478956,-21.5854434508,2.00210156435,17.316127538,-0.0739161701055,2.83598260448,3.39641718753
99.065382089,0.246646809786,0.0254509910965,0.00799529058466,0.0264085399001,-0.0290468262667,-0.442288990711,0.0316421678548,-0.0323200749264,0.00877424680992,0.068419692829,0.0113141662212,-0.618206034897,21.6156158318,-2.31812814225,-16.808209946,-0.00434611136957,-2.77574063338,-3.34708971292,-8.23812845398,-0.301421355381,-0.0434057167436,-0.257411111829,0.288370899952,3.50176720466,-21.1263413215,1.8183713334,16.9438838142,0.0367343518822,2.77992947714,2.89003391796
99.115382089,0.248250263107,0.02399683413,0.00843021210929,0.0293497610734,-0.0281483396589,-0.468249817433,0.0460622117627,-0.0278018048132,0.00888663567279,0.0542261533974,0.0283595776601,-0.311172473963,21.2742940077,-1.89944631631,-16.5889331513,-0.114208383302,-2.73970682055,-2.63341582374,-8.64295128552,-0.194089731534,-0.0321502679322,-0.298878850477,0.300394923342,3.92377180409,-20.5620461552,1.46955432857,16.7263448589,0.139877742893,2.75020638699,2.40335792325
99.165382089,0.251253030963,0.0226708106152,0.00888395415193,0.0318311552399,-0.0262108685007,-0.473406238107,0.0753225987019,-0.0256241656732,0.00920403820235,0.0272812777738,0.0424224392857,0.0168035172742,20.9430535307,-1.50097118122,-16.2860657529,-0.24983752075,-2.68951595166,-1.86476563561,-9.04949158734,-0.120845921454,-0.03045262184,-0.329465226359,0.292481435735,3.98589943711,-19.7783600191,1.10475145415,16.4283853723,0.262751822898,2.70522201135,1.87718891283
99.215382089,0.255782522977,0.0214344175627,0.00935061592952,0.0320778888508,-0.0239060957303,-0.466569465705,0.0902591935994,-0.0276756691077,0.00657083119021,-0.0197371591091,0.049369512555,0.235586860077,20.6008213638,-1.25457741832,-16.0268451292,-0.376565637474,-2.64673436275,-1.07348658105,-9.49021546259,-0.0696770991654,-0.0442941070669,-0.335140470311,0.275979630223,3.82893060714,-19.2051672181,0.826635833785,16.1284481619,0.367222540043,2.66501243738,1.24766207196
99.265382089,0.260278950322,0.0199032437045,0.00954103727096,0.029857439329,-0.0212739172452,-0.4498475521,0.0882308105646,-0.0328919118124,0.00125088630273,-0.0715080956857,0.0599916053827,0.420848011948,20.6142719984,-0.840145181909,-15.8116715152,-0.491796099125,-2.61032967008,-0.336846620909,-9.85478376572,-0.0278074134326,-0.0665595700097,-0.314065978271,0.253592178909,3.50087670478,-19.2499822054,0.331546209848,15.8310136408,0.457945882822,2.63254036214,0.64799049819
99.315382089,0.264605604033,0.0181452263814,0.00947570455979,0.0249270792822,-0.0179069351921,-0.42448466451,0.0878575805846,-0.0187317190436,-0.00177603204787,-0.120028781198,0.0817288283956,0.571841816562,20.5453308522,-0.442964596784,-15.5615582928,-0.595538135353,-2.56826735893,0.406390057666,-10.1372599757,-4.96710173544e-05,-0.0994990854748,-0.267449141773,0.22421418881,3.03881989155,-19.1868122161,0.153320957192,15.5340959769,0.538719391024,2.59852582306,0.0163874652062
99.365382089,0.269064708381,0.0180300718001,0.00936343406617,0.0178545612091,-0.0131010344056,-0.392663370443,0.090839071611,0.0207455889296,-0.00152700552288,-0.151680327671,0.101532254849,0.664423270695,20.6258777381,-0.128718151804,-15.3429533606,-0.691673828157,-2.53108148473,1.20318970375,-10.4404050303,-0.0469034742169,-0.145509912374,-0.207962475303,0.186706264092,2.4842794493,-19.2212570913,0.449501731201,15.3193416762,0.619872001366,2.56867177144,-0.711964304725
99.415382089,0.273689511195,0.0202197852744,0.00932300400751,0.00975904651516,-0.00775370970714,-0.358042337441,0.0857547020849,0.0406582749876,-0.00256569658931,-0.162529557013,0.114132780591,0.731687462159,20.9821754664,0.160151183048,-15.0465364785,-0.805980533451,-2.47991813847,1.95591692393,-10.7950283402,-0.189204275748,-0.202376195077,-0.150874245531,0.150834172345,1.90308486704,-19.6561730869,0.468537017942,15.0068637877,0.729042941871,2.52217351783,-1.41496135929
99.465382089,0.277640178589,0.0220958992989,0.00910686440724,0.00160160550787,-0.00168775634653,-0.319494624227,0.0708894527667,0.0247783837142,-0.00701850070187,-0.152769765977,0.122419797324,0.80571853418,21.1412456331,0.566285891139,-14.8196759313,-0.884366380668,-2.4411014955,2.59178208693,-11.0309763624,-0.348111859664,-0.259255479575,-0.101753308689,0.115693273127,1.3140303221,-20.0451006899,-0.183144267804,14.7111507029,0.812048839929,2.48642497706,-1.99609342593
99.515382089,0.280778456471,0.0226976236458,0.00862115393732,-0.00551793008254,0.00448827002531,-0.277470484023,0.0599717424706,0.00776977167473,-0.0120922616576,-0.126900620194,0.125209607834,0.873083772225,20.9038498735,0.64025372769,-14.9052671197,-0.828735447564,-2.45627859361,2.68906349499,-11.1204948801,-0.487239842526,-0.303400569397,-0.067479582475,0.0868194934732,0.748938195931,-19.9765226099,-0.52011179403,14.7182876615,0.768663739579,2.50263494672,-2.043569962
99.565382089,0.283637352836,0.0228728764663,0.00789763824148,-0.0110884565115,0.0108332044369,-0.232186247005,0.0625982539755,0.0150714238068,-0.0159641697,-0.091106238535,0.115212350785,0.9292821713,20.7308933353,0.56500885965,-15.1449372255,-0.715539457229,-2.49730171111,2.62351787344,-11.1397484057,-0.634392421,-0.33111862688,-0.0509125920543,0.066223527692,0.21763876142,-19.7629530159,-0.331963401564,14.8980874728,0.672411950456,2.53995677974,-1.93647540286
99.615382089,0.287038281869,0.0242047660265,0.00702473696732,-0.014628553936,0.0160095051038,-0.184542266893,0.0666408024418,0.0336483280741,-0.0181479787546,-0.0635788154373,0.0944297960109,0.93134628252,20.6588740652,0.372027506031,-15.3673925393,-0.596898268271,-2.53511271695,2.4845080889,-11.1995447704,-0.847128029598,-0.341413351294,-0.0537424970248,0.0605043088328,-0.274874253413,-19.6284248833,0.148267731523,15.0867751221,0.566801582934,2.57007346033,-1.79593956723
99.665382089,0.290301433081,0.0262377092737,0.00608284036602,-0.0174463380553,0.0202761840379,-0.139051618753,0.0485103282803,0.0361139401941,-0.0189885770971,-0.0605498432744,0.071775246059,0.788667972391,20.5604612973,0.167756905463,-15.5171120295,-0.457215359625,-2.5607105491,2.31354900705,-11.2612637382,-1.08999366884,-0.343330845014,-0.0639821780488,0.0647122550689,-0.678399787169,-19.8103588637,0.390663443118,15.2234966615,0.428552517015,2.58728389845,-1.73046626969
99.715382089,0.291889314697,0.0278161600459,0.00512587925761,-0.0206835382635,0.0231870297097,-0.105675469654,0.018074832031,0.0262227125795,-0.0194570435569,-0.0500553011161,0.045125036391,0.607716131097,20.3897495337,0.0232292280233,-15.6829456863,-0.31049649263,-2.58924857238,2.1067051906,-11.2465273472,-1.27125296096,-0.340893370039,-0.0695546250809,0.0726432937281,-0.926223183626,-20.1102631651,0.382245672269,15.3820865447,0.286801514408,2.6059552146,-1.65740485426
99.765382089,0.292108916284,0.0288599805317,0.00413713601033,-0.0224518681669,0.0247886876771,-0.0782800056432,-0.00230011453161,0.0258005232374,-0.0150082704859,-0.0149259677961,0.0243713884637,0.50214890334,20.372892159,-0.0801994254651,-15.933974765,-0.156797529978,-2.63172305882,1.93235512578,-11.148417479,-1.40664044031,-0.323638436813,-0.0773833466075,0.0823916431502,-1.0904538405,-20.4084582243,0.479146123122,15.7019058301,0.149731935046,2.64074607797,-1.56110338567
99.815382089,0.291659303244,0.0303962123696,0.00362505220902,-0.0221761350431,0.025624168556,-0.0554605793199,-0.0156896489334,0.0363652849864,-0.00551545661348,0.0300351486087,0.00689933326476,0.410816142751,20.169599839,-0.20119991968,-16.2392813318,-0.00310111044738,-2.68392974556,1.74464187305,-11.0297751017,-1.54472179562,-0.31000633346,-0.0898337758663,0.089850642754,-1.20735766845,-20.4122047495,0.763506746606,16.1539972784,0.0173190289552,2.68648408571,-1.44091481749
99.865382089,0.29053995139,0.0324965090303,0.00358559034898,-0.019448353306,0.0254786210035,-0.037198391368,-0.0289424081688,0.0302204582275,-0.000535364195435,0.0734453442916,-0.0143962650738,0.32898959629,20.0241447907,-0.29527095494,-16.4959943409,0.142274163347,-2.72775060925,1.56644316774,-10.8918059407,-1.68818982341,-0.297061735708,-0.105745387283,0.094170701396,-1.28845407159,-20.4716736278,0.762561943599,16.4877161453,-0.107506900047,2.72242068003,-1.32321260547
99.915382089,0.288765062427,0.0334182581924,0.00357151578948,-0.0148316006139,0.0241845420487,-0.0225616196909,-0.0419911993865,-9.10819825508e-05,-0.00148050175523,0.100288087568,-0.0364618949192,0.288839098896,19.8876652534,-0.422595558124,-16.299912472,0.415585337711,-2.83800572165,1.38338753055,-10.7076698182,-1.76771111363,-0.269755121036,-0.119988136874,0.0967958285926,-1.33115567083,-20.5369641134,0.42118718141,16.2770198632,-0.36811136397,2.82450643429,-1.16984127491
99.965382089,0.286340831452,0.0324874008321,0.00343754017346,-0.00941954454919,0.0218324315116,-0.00831448147846,-0.0408715674144,-0.008287053487,-0.000859044138692,0.103205654996,-0.0586801153338,0.261759768135,19.7837015715,-0.489173751071,-16.1537211494,0.58377723695,-2.88407153722,1.21709956341,-10.4557932782,-1.76468039347,-0.230509197723,-0.129882302061,0.0981278337532,-1.34386827387,-20.4156878571,0.361033224946,16.1404379761,-0.534922156811,2.86234639812,-1.02357376108
100.015382089,0.284677905685,0.0325895528437,0.00348561137561,-0.00451103511429,0.0183165305153,0.00361435712268,-0.0208826068305,0.0219392208231,0.00376143935039,0.0881813900889,-0.0734464978038,0.21785047818,19.6292062475,-0.495539616279,-16.0125092884,0.636607352009,-2.88168596975,1.09098699331,-10.2858256127,-1.80003493127,-0.200802812336,-0.138254519796,0.0969000128735,-1.35986059096,-19.9521084986,0.834780011367,16.0706714347,-0.594864398295,2.85449387287,-0.929924470679
100.065382089,0.284252570769,0.0346813229144,0.00381368410849,-0.000601405540301,0.0144877817312,0.0134705663396,-0.00114254427368,0.0432727273472,0.00808648391264,0.0701438209747,-0.0783998338678,0.1739031431,19.5011194567,-0.547289370757,-15.8997416874,0.649162333497,-2.86785216116,0.984192006588,-10.2370525157,-1.91760005185,-0.187839162526,-0.147976756258,0.0936118195644,-1.39645778661,-19.518786318,1.21640416021,16.024780859,-0.615957932099,2.83882619066,-0.855620891412
100.115382089,0.284563651258,0.0369168255784,0.00429425976688,0.00250334698318,0.0104765471285,0.0210046714327,-0.000472769233207,0.02504110311,0.0106698577102,0.0444391433327,-0.0708407608743,0.12469364524,19.3952333296,-0.647389760886,-15.7951166874,0.651382543184,-2.85069332119,0.877821014471,-10.2516045031,-2.0389088247,-0.184580988928,-0.157881165587,0.0907785957515,-1.43584793305,-19.4025436357,1.03459374506,15.9601018878,-0.630346119269,2.82446594629,-0.78563176051
100.165382089,0.284205293845,0.0371854332254,0.00488066987951,0.00384250879297,0.0074037056438,0.0259399308636,-0.00572554875739,-0.00503224884111,0.0121532911932,0.0289565597824,-0.0560130631521,0.0813872279437,19.3109949961,-0.726365682631,-15.6919410957,0.649842572913,-2.83261969877,0.772911864521,-10.205900578,-2.06268908914,-0.195581191733,-0.162493889119,0.087472201171,-1.44689321402,-19.399527649,0.64855334377,15.8798642375,-0.636135232469,2.8118819824,-0.712740170834
100.215382089,0.283991096382,0.0364136006943,0.0055095888862,0.00539900296142,0.00487524081329,0.0291433942271,0.0113014496717,-0.0153394585928,0.0114191556996,0.0331158495286,-0.0455782891786,0.0466021453772,19.2405560594,-0.762321459416,-15.5885865487,0.64643971934,-2.81404121754,0.673890492082,-10.1665828829,-2.03912518435,-0.2071427349,-0.166407636678,0.0844634630771,-1.44610368949,-19.0658047188,0.525131450007,15.7651579467,-0.630763470954,2.79716676754,-0.639436314349
100.265382089,0.285335438813,0.0356514873661,0.00602258544947,0.00715409374583,0.00284587672594,0.0306001454013,0.0385544388213,-0.0125705745252,0.00924084986489,0.0365608183698,-0.0288399367602,0.0165448366524,19.2134089341,-0.821679563141,-15.4851542281,0.642353556436,-2.79513144171,0.593547958839,-10.2457011513,-2.02394489338,-0.214688384521,-0.171483487979,0.08338193051,-1.45381090002,-18.6172517978,0.627304079034,15.6280430565,-0.62504654248,2.78445403192,-0.581315930936
100.315382089,0.287846540264,0.0351565432418,0.00643367387269,0.0090550847984,0.00199124713727,0.0307978778923,0.0513313336097,0.00492967866985,0.00746090516938,0.0396234071787,-0.0123657816097,-0.00501244626001,19.2022893448,-0.882399457467,-15.3816881073,0.637944002065,-2.77608604687,0.520481012702,-10.4158117102,-2.02597751805,-0.219858753265,-0.177691738774,0.0831878954238,-1.46988222132,-18.4085664485,0.958625780776,15.4970541195,-0.619187232069,2.77150786354,-0.524186844546
100.365382089,0.290468572174,0.0361444552331,0.00676867596641,0.0111164344637,0.00160929856497,0.0300989007753,0.0506190969769,0.0307873585319,0.00594326940098,0.0350163158458,-0.00364260216403,-0.0197907730267,19.0968481384,-0.88749912411,-15.2782072968,0.633225266163,-2.75728557371,0.424593765843,-10.6163512835,-2.08862450622,-0.221492552255,-0.185644278215,0.0834805478384,-1.49637550502,-18.3141383696,1.36355594291,15.3701065067,-0.616649382634,2.75593697311,-0.439225598901
100.415382089,0.292908449962,0.038235279095,0.00702800081278,0.012556716383,0.00162698692087,0.0288188005897,0.0323078570942,0.0348888446795,0.00434370558027,0.0221267988929,-0.00128320595001,-0.0301009724272,18.9719608413,-0.902779844555,-15.163591737,0.625866732204,-2.73664621159,0.325095285725,-10.8207329219,-2.19488717427,-0.223738150306,-0.193315903928,0.0839851313448,-1.52873975582,-18.4723929536,1.44225686376,15.2307573127,-0.615392436651,2.73617113025,-0.347349717265
100.465382089,0.293699357883,0.039633339701,0.00720304652444,0.013329114353,0.00148097796997,0.0270888035326,-0.000671540256395,0.0210335795635,0.00265812288594,0.0101481136536,0.0015778315259,-0.0571886481608,18.9680921334,-0.914969338298,-15.0281116865,0.614008336694,-2.7132414719,0.202757582394,-10.9005350399,-2.25540611829,-0.225050686864,-0.197007734978,0.0837447494492,-1.53930481355,-18.9784759836,1.24020604104,15.0692135408,-0.609204463245,2.71382563247,-0.245038636884
100.515382089,0.292841295936,0.0403386370513,0.00729381310138,0.0135715277483,0.00178477007346,0.0230999357736,-0.0175563622568,0.00471977769048,0.000241062051572,-0.00410714867389,0.00636512555207,-0.135908983973,19.0533848022,-1.00034688081,-14.884679977,0.604100572827,-2.69439902929,-0.0692323530143,-10.8631361932,-2.26331930253,-0.224951108045,-0.196341852607,0.0827428151787,-1.52271707406,-19.3248542092,1.07332756054,14.888407456,-0.606044798438,2.69675558972,-0.0312486924703
100.565382089,0.291943721657,0.0401053174701,0.0072271527296,0.0129183994856,0.00211749052518,0.0134979051353,-0.0118837945334,-0.0144714323766,-0.0030990939602,-0.0193149786555,0.00257607686501,-0.267509092088,19.031954252,-1.15997959438,-14.7402237808,0.594597512683,-2.6776086458,-0.409653318529,-10.8417560721,-2.21157538663,-0.222721542317,-0.190850206027,0.0832353093368,-1.4841607928,-19.2157102379,0.936211645808,14.6923033068,-0.603740760019,2.67856238674,0.211876891511
100.615382089,0.291652916483,0.0388914938137,0.00698390370536,0.0116400298828,0.00204237775996,-0.00365097343526,-0.0106444186213,-0.0270524233146,-0.00171549050779,-0.0214464204505,-0.00081345078804,-0.384307114522,19.1670476843,-1.31283062819,-14.5962039758,0.584946346785,-2.66096824009,-0.755313203114,-10.8945923663,-2.09900702207,-0.215347275279,-0.18306095219,0.0859573060619,-1.43105847627,-19.3316395268,0.894526129264,14.5696777978,-0.595098567512,2.66066707621,0.471184961363
100.665382089,0.290879279795,0.0374000751386,0.00705560367882,0.0107737574405,0.00203614544637,-0.0249328063169,-0.0240515417138,-0.0299493135627,0.00627596495834,-0.0126837285426,0.000371125726024,-0.456562207407,19.2281085804,-1.31152729456,-14.4526264174,0.574717935211,-2.64478104585,-1.11253405993,-10.9340055861,-1.95897063863,-0.215816271339,-0.181876742863,0.0862785255307,-1.35797716131,-19.6000112372,0.848428944466,14.5496700111,-0.580722107894,2.64491844773,0.774985749373
100.715382089,0.289247762312,0.0358965624574,0.00761150020119,0.0103716570285,0.00207949033256,-0.049307194176,-0.0407167777067,-0.0345723078457,0.014107220426,-0.00625812196313,0.00484770492431,-0.513643524446,19.212002217,-1.55042627677,-14.3180956983,0.567201832905,-2.63039907118,-1.44580677535,-10.9322171855,-1.80319536178,-0.229895121361,-0.182195332311,0.0839980540434,-1.25325527996,-19.8415950301,1.01584378329,14.5362319333,-0.570164277647,2.63219383697,1.066056763
100.765382089,0.286807602024,0.0339428443541,0.00846632572142,0.0101479452442,0.00252091593881,-0.0762971587614,-0.0524757704276,-0.0439856560756,0.0156536714218,-2.55484177172e-06,0.00243983600931,-0.563576297562,19.37037927,-1.69958281477,-14.1983270982,0.562811010109,-2.61800128036,-1.81389978893,-10.8846261357,-1.61583481048,-0.252655524857,-0.18258386254,0.0794202416039,-1.10911475513,-20.1817982915,1.0194441961,14.4403756978,-0.56281221951,2.61890458084,1.39723317916
100.815382089,0.284000185269,0.0314979968498,0.00917686734337,0.0103714015444,0.00232347393349,-0.105664823932,-0.0577537114185,-0.051120021078,0.012256298666,0.00456000835782,-0.00563796494223,-0.603934732872,19.6322308738,-1.86457447705,-14.0258423972,0.54607968477,-2.61327780414,-2.19730442784,-10.8241650611,-1.40018527042,-0.264643586675,-0.183266239224,0.0763472868307,-0.924167401757,-20.5252613072,1.0741190508,14.2153583164,-0.543921086253,2.61119046038,1.75079977752
100.865382089,0.281032230883,0.0288308422463,0.00969195558802,0.01060394608,0.00195711944458,-0.136690632049,-0.0529543825198,-0.0546816526863,0.00702973537699,0.00498122593706,-0.0107381348319,-0.638048125578,19.8607635512,-1.91901781282,-13.8229382836,0.521871979604,-2.61325831015,-2.57598183752,-10.765877829,-1.17026041076,-0.267757807364,-0.183773105237,0.0750247471746,-0.700237831711,-20.6795832254,1.07348981477,13.9316372308,-0.519513986795,2.60928273049,2.10425626903
100.915382089,0.278704747017,0.0260298315812,0.00987984088107,0.0108695241381,0.0012496604503,-0.16946963649,-0.0391056821326,-0.0594781258914,0.00220098540791,0.0104447828695,-0.0163787724328,-0.669585636309,20.0619022146,-2.08685958623,-13.6200457272,0.498000681183,-2.61332390074,-2.94026311589,-10.7707769495,-0.932424985771,-0.257847855025,-0.18492021203,0.0774665615269,-0.4380848567,-20.666583081,1.1671649859,13.6540789851,-0.493056371647,2.60725998782,2.44522104574
100.965382089,0.277121662669,0.0228830296571,0.00991205412881,0.011648424367,0.000319242201299,-0.203649195679,-0.0157922027157,-0.0680555751504,0.00485759066996,0.013726818127,-0.0174306052944,-0.695078313485,20.2635715113,-2.34172025399,-13.4161470762,0.480305902959,-2.6078700254,-3.33006891385,-10.8414574677,-0.678378942368,-0.23880431512,-0.189382501919,0.0830270342508,-0.13375633558,-20.5077621839,1.28939481417,13.4912587218,-0.473807956701,2.60141669241,2.81617944465
101.015382089,0.277125526745,0.0192242740661,0.0103655999481,0.0122422059508,-0.000493400079136,-0.238977467838,0.0159467657544,-0.0782946484887,0.0132842421006,0.0199023417417,-0.0155313287803,-0.695657493319,20.7405243251,-2.39080081329,-13.1910689366,0.480832270144,-2.57806611382,-3.86757609061,-11.0345011867,-0.402633690517,-0.237168695266,-0.196119328018,0.0885785241827,0.211176655667,-20.493943685,1.18015127834,13.3964796745,-0.47141097922,2.57231594996,3.3532584187
101.065382089,0.278716339245,0.0150535648083,0.0112404783389,0.0136386585411,-0.00123389067673,-0.273214945011,0.0271537809122,-0.0878255992676,0.0185095250839,0.031861203051,-0.012289810964,-0.682189853937,21.4570275342,-2.68825022893,-12.951557826,0.483469519527,-2.53964934756,-4.50326213407,-11.340482641,-0.109800452237,-0.247345960427,-0.21034885497,0.0938303821539,0.575764821775,-21.0371557694,1.33022611154,13.2377657389,-0.468387190672,2.53509929085,3.99890143812
101.115382089,0.279840904837,0.0104417141394,0.0122165524565,0.0154283262559,-0.00172238117554,-0.307196453232,0.0103135108876,-0.0968775929764,0.0197927464681,0.034205743428,-0.0107034189771,-0.695128696014,22.2671965156,-2.94012068588,-12.7041781453,0.488403957405,-2.49814361678,-5.15164294879,-11.6156174937,0.210599193591,-0.258135534553,-0.228368411574,0.0979140020041,0.980218153634,-22.1077214123,1.44212797312,13.0102281726,-0.472211779404,2.49418088997,4.63771623048
101.165382089,0.279747690334,0.00536580551062,0.0132197529857,0.0170592328839,-0.00230423257444,-0.342727814613,0.000197863697165,-0.096394254223,0.0166684019736,0.0263789258998,-0.0126993751857,-0.758821747292,22.9341495904,-3.05540232562,-12.4533024774,0.494004313301,-2.45585872064,-5.71191463456,-11.8131151587,0.56870800055,-0.268369503192,-0.246403760696,0.102633951244,1.45300514005,-22.9310900762,1.56488335275,12.7110415884,-0.481517162874,2.45115703096,5.15089798742
101.215382089,0.279860691206,0.000802288717086,0.0138833926538,0.0180662188458,-0.00299231869411,-0.383078627961,0.00806074329189,-0.0841427455176,0.00864917732249,0.0200470234537,-0.0153650038964,-0.839378304169,24.0195864767,-3.25345943047,-12.1763853401,0.506073375405,-2.40765578406,-6.28529823735,-12.0872443272,0.949578868691,-0.266881252933,-0.263486559646,0.112237016101,2.03244792938,-23.8949453255,1.95238231094,12.3101252917,-0.496583595631,2.40196719866,5.66472403324
101.265382089,0.280553764663,-0.00304846904113,0.0140846707179,0.0190639352293,-0.00384073296407,-0.42666564503,0.0160776384125,-0.0701002424418,0.00104488125096,0.0140313910106,-0.0222433805297,-0.898165630161,25.1070183295,-3.21584775022,-11.9208299891,0.525810925313,-2.36294532671,-6.84451750408,-12.4693853614,1.34993603657,-0.24542860188,-0.284219362072,0.128344056208,2.7085135601,-24.8584140399,2.13190615843,11.9369867128,-0.519168801562,2.35471015993,6.1804803014
101.315382089,0.281468455048,-0.0062077355271,0.0139878807789,0.0194693579469,-0.00521665674708,-0.472895190977,0.014226417293,-0.0570257642619,-0.000563805717985,-9.269723301e-06,-0.0236728414249,-0.94575054081,26.5370071014,-3.45451341593,-11.6657007263,0.547515317429,-2.31780315632,-7.23404447438,-12.9350191152,1.78025375884,-0.213027434365,-0.303324831637,0.153619109844,3.48755982683,-26.3170277565,2.57273903778,11.6569827469,-0.547519705494,2.30903876024,6.53482651005
101.365382089,0.281976406392,-0.00875104546732,0.0140282901461,0.019063008257,-0.00620801710656,-0.521240699111,0.0100362046624,-0.0524669080362,0.00354629949477,-0.00240287917968,-0.0297229119737,-0.985060571688,28.239023665,-3.54912345279,-11.408321391,0.56932970666,-2.27211428993,-7.69872131708,-13.4303735315,2.24787209588,-0.188372451853,-0.316723908238,0.178784050347,4.37656946878,-28.0838364748,2.73784146813,11.4631568864,-0.570467171995,2.26110997623,6.97044042485
101.415382089,0.282472075514,-0.0114544263307,0.0143425107284,0.0192290700289,-0.00818894794445,-0.571401248146,0.0106310627792,-0.0698667610181,0.0110146011276,0.000470163124469,-0.0404474272844,-1.01635381353,29.8682513545,-3.74863711428,-11.1508744886,0.59148087148,-2.22662340858,-8.14292192653,-13.9692612407,2.78424712794,-0.16623488888,-0.337810460239,0.215856481406,5.3818908569,-29.7038660299,2.66830578427,11.3211903657,-0.591258307541,2.21164855757,7.39150512699
101.465382089,0.28303951267,-0.0157377215691,0.0151297502589,0.0191100245694,-0.010252759835,-0.622876080463,0.0133660866629,-0.0950686334593,0.0178805514562,0.000300311437465,-0.0429049307592,-1.04412482426,30.7344748075,-3.82787047728,-10.9410903144,0.612655650738,-2.16076630094,-8.3792420808,-14.5094387716,3.43425806859,-0.164970974106,-0.356104137155,0.256081989845,6.50967345321,-30.5277985287,2.35784922925,11.2175725737,-0.612513490511,2.14488160842,7.60729345099
101.515382089,0.28380868418,-0.0209612896766,0.016130565874,0.0192591011727,-0.0124794410204,-0.675813730572,0.0209344516298,-0.0913362079026,0.0124056710302,0.00989792243589,-0.0515788794175,-1.0547895208,28.5897621702,-3.58283792798,-10.7878323067,0.608371507462,-2.03442266831,-7.79439956415,-15.0804841283,4.1899817013,-0.170184089705,-0.378823416814,0.30260779379,7.7652164318,-28.2660582566,2.1705301936,10.9796579315,-0.603686068531,2.01532661978,7.0145662469
101.565382089,0.285132957833,-0.0248713423594,0.0163703173619,0.020099816813,-0.0154106477768,-0.728355032543,0.0295909264425,-0.0654245181773,-0.00259295238917,0.0123628521087,-0.0769530391153,-0.976804610529,25.3933310984,-3.11913360713,-10.4664785627,0.548671958417,-1.91821015864,-6.9233094536,-15.7620114589,4.99632979732,-0.138594616149,-0.414798751082,0.368264771281,9.09134685779,-24.935774394,2.10749150854,10.4263844226,-0.542819680937,1.88971983497,6.20113240812
101.615382089,0.286767776824,-0.0275037414944,0.0158712706351,0.0204953863836,-0.0201747449319,-0.773494191625,0.0271036094903,-0.0446682731558,-0.0131654474877,0.0144930467562,-0.115008469515,-0.747638901208,23.1943713139,-2.91119776398,-10.1289905118,0.47585454889,-1.79234125581,-5.57035140567,-16.4579596088,5.8055928725,-0.083361160895,-0.447442465408,0.465794091033,10.2886817963,-22.7752753366,2.22050401713,9.92541666366,-0.468993888389,1.74976167014,5.0176025274
101.665382089,0.287843318782,-0.029338169675,0.0150537726131,0.0215491214886,-0.0269114947282,-0.803118922664,0.0167036994037,-0.0293885409164,-0.0188358925316,0.0481651434405,-0.125887614219,-0.370799197754,21.5603357235,-2.21812533101,-9.8545572997,0.359241565905,-1.63466580917,-3.96634898212,-16.9769626082,6.52777788752,-0.0153599810823,-0.488100783663,0.590071134415,11.091601298,-21.3020508177,1.76369806069,9.56330285289,-0.336441342964,1.58805843776,3.69220749444
101.715382089,0.288438146765,-0.030442595586,0.0139876813819,0.0253119007276,-0.0327635063538,-0.8105741114,0.00196025178759,-0.0172286794095,-0.0212802453821,0.0675365402661,-0.110673359494,0.0309581230177,20.7208472191,-1.70684638415,-9.3054680034,0.305198591216,-1.51046155092,-2.41252955017,-17.2313501666,7.05623182204,0.0774384274597,-0.563479004162,0.691137739319,11.2554251019,-20.6905363619,1.44044385068,8.97641717205,-0.273228413931,1.46948695303,2.43541769543
101.765382089,0.288039343961,-0.0310610376159,0.0129257480749,0.0283027755152,-0.0379788306777,-0.800023110362,-0.018774251414,-0.00798520693814,-0.0208158007643,0.059112372679,-0.0871618551745,0.373533005948,20.2052524824,-1.08800407051,-8.66060731726,0.289140374296,-1.40302687917,-0.814930262081,-17.1849541402,7.37756761873,0.151215337427,-0.617513730563,0.766466469539,10.8947557208,-20.4955537888,0.9645309181,8.33873807075,-0.261157995767,1.37075694553,1.09109292524
101.815382089,0.286560721623,-0.0312411162798,0.0119061013055,0.0312231379955,-0.0414796918713,-0.773220810806,-0.036365180327,0.00639477364613,-0.0178615035729,0.0424497323008,-0.0628944275511,0.690722880995,20.2786547956,-0.413200850086,-8.07395487131,0.273513882626,-1.30366240886,0.739150631405,-16.8483309888,7.46892489094,0.210986132829,-0.65729009622,0.797821937754,10.0833840892,-20.8409600042,0.51208155126,7.79776714442,-0.253419198148,1.28037700495,-0.228481246691
101.865382089,0.284402825928,-0.0304215602513,0.0111395977176,0.0325477487453,-0.0442682734328,-0.730950822263,-0.0465671199246,0.0310535833344,-0.0110432871037,0.00229576094985,-0.0524591919647,0.916789868459,20.9313087693,0.177444925199,-7.51579080677,0.256266703294,-1.20737472004,2.34402293763,-16.2906445577,7.30527091443,0.234134351054,-0.6608791195,0.797786918818,8.88777325798,-21.6513638838,0.30272845763,7.34503136594,-0.255179945158,1.1879527534,-1.66621635134
101.915382089,0.281904009631,-0.0281357579464,0.0108017725951,0.0314527140905,-0.0467256110677,-0.68154182396,-0.0524746478083,0.058347323221,-0.00508522663882,-0.0547644682829,-0.0268076625592,1.08280284325,22.0595780613,0.734210312818,-6.96201574198,0.231805033907,-1.11040192621,3.97943032458,-15.6414282938,6.95857563666,0.209586621856,-0.62581912641,0.778984159338,7.58695897915,-22.870979724,0.167998983558,6.88338422138,-0.257729218845,1.1004769253,-3.17888602969
101.965382089,0.279155361147,-0.0245868279292,0.0106310750538,0.027071301917,-0.0469490396887,-0.622670537937,-0.041669675112,0.0689988141247,-0.00814423110679,-0.0961410645113,0.0237384309464,1.27152182154,23.5948496464,1.31769455992,-6.44940766182,0.220366415766,-1.01916534591,5.36794080113,-14.8941124731,6.40795439263,0.136131735717,-0.545837223076,0.719530856183,6.16607696457,-24.2391768612,-0.250784064195,6.32347556056,-0.26587728832,1.0279540252,-4.4278716589
102.015382089,0.27773704212,-0.0212358765339,0.00998734948446,0.0218386076394,-0.0443517679731,-0.554389641806,-0.021392450976,0.0669720146194,-0.013548100974,-0.100549902451,0.0784191248213,1.44467222893,23.5194954492,1.4998528967,-6.42422636123,0.224857032856,-1.0151357687,5.59690363066,-14.1926773095,5.72772961791,0.067335862947,-0.459221834104,0.62433468491,4.6725003071,-23.8502812861,-0.464282268074,6.21473564303,-0.272454943479,1.04416888128,-4.52881989033
102.065382089,0.27701611605,-0.0178896264673,0.00927626495635,0.0170163116719,-0.0391071272066,-0.478203315044,-0.0137704883432,0.0657237035801,-0.00652570212297,-0.0825383528398,0.13455752349,1.57844089925,23.2516082195,1.3849941768,-6.65976926573,0.239633830578,-1.05574618125,5.49570297839,-13.5158072225,4.92053943192,0.00437711046864,-0.384929560428,0.505434278641,3.20350358911,-23.4645376551,-0.368725853098,6.55886405199,-0.278705505892,1.10556341317,-4.32872058211
102.115382089,0.276359993285,-0.0146635061759,0.00933477927216,0.0135847723554,-0.0308960156241,-0.396545551881,-0.0112812419972,0.0648148569443,0.00793676124464,-0.0525958310257,0.193856257861,1.60861716892,22.9513963574,1.28103872117,-6.97660654217,0.25575032294,-1.11019231656,5.24218187052,-12.8444698026,4.01614682719,-0.0705604425289,-0.334888704445,0.372336169816,1.86182862662,-23.1258352321,-0.2788236537,7.09933059158,-0.280647927047,1.1819637189,-4.05288937349
102.165382089,0.27588799185,-0.0114081407728,0.0100699410808,0.0117567285694,-0.0197215014205,-0.317341598152,-0.00212284844454,0.0732606238842,0.0165779539144,-0.0267007652237,0.249715682317,1.51062286054,22.7230564738,1.11609424205,-7.28117920305,0.27311311273,-1.16235011589,4.94173811491,-12.2514078269,3.11065860203,-0.148246899568,-0.308620932317,0.245612898471,0.789455637332,-22.7558815203,0.016715495879,7.53751973952,-0.285752614169,1.25480235296,-3.82489535792
102.215382089,0.276147708441,-0.00733744378748,0.0109925746636,0.010914695833,-0.00592444739247,-0.245483265827,0.0125115120819,0.0895672555296,0.0203273893971,-0.0315523279937,0.273727961294,1.32965681958,22.5117216774,1.00756696811,-7.57405283984,0.291548427762,-1.2124797649,4.63360639125,-11.8060165934,2.2434779475,-0.217276221902,-0.297050305469,0.141103721008,0.0111676714618,-22.3182594603,0.377387921483,7.88836990998,-0.306484542578,1.31382206801,-3.65055653345
102.265382089,0.277139143058,-0.00245141521986,0.0121026800205,0.00860149576999,0.00765129470896,-0.184375916194,0.0230368367249,0.100640661257,0.021066760758,-0.0397833383061,0.26362243131,1.14671304989,22.1785337946,0.638598990715,-7.86852738541,0.310816867975,-1.26324552675,4.28631267472,-11.5118982424,1.45262736356,-0.305047966752,-0.286672876019,0.0725888407415,-0.502405834569,-21.8223212538,0.917581056064,8.19427716022,-0.329649345529,1.36084645949,-3.43851790239
102.315382089,0.278451392113,0.00272662233823,0.0130992507394,0.0069363620024,0.0204377957385,-0.130811960838,0.0292022770209,0.105715148251,0.0184029975817,-0.0364445274483,0.241982144876,0.991028539985,21.9768993016,0.657444906322,-8.17286916362,0.326729459081,-1.31528419075,3.96164369212,-11.3072947425,0.71707477786,-0.37889302095,-0.285530304759,0.0337017488721,-0.839969373958,-21.5253521808,0.977200596756,8.4574298698,-0.343981423706,1.40487324024,-3.22895052576
102.365382089,0.28005937076,0.00812009960525,0.0139429797787,0.00495704302516,0.0318495091965,-0.085273062195,0.0606096284927,0.0798764749317,0.0150351881455,-0.0185198518141,0.220312946881,0.815584809822,21.9136960595,0.564959921278,-8.49959334815,0.34532532855,-1.37069018766,3.64318158915,-11.1840257923,0.0458065992824,-0.449437038071,-0.28802228706,0.0172734364773,-1.04357756865,-20.9765053323,0.670148979468,8.73207850375,-0.354092181922,1.45225664998,-3.04019853404
102.415382089,0.284512354963,0.0107142698314,0.0146027695539,0.00508437682099,0.0424690904267,-0.0492534798556,0.117990860588,0.017053325822,0.00978391552002,0.0213936383879,0.212728014216,0.700031664958,21.6508817468,0.400405161012,-8.83352485186,0.365818109457,-1.42791305472,3.29471107355,-11.3406627533,-0.44960960269,-0.493702250797,-0.302070241862,0.0138881897618,-1.19151801034,-19.826420136,-0.136714073891,8.98481096148,-0.355690874492,1.50667134743,-2.77715946283
102.465382089,0.291858456819,0.00982543218745,0.0149213713307,0.00709640686394,0.0531223106182,-0.0152698956992,0.145816943349,-0.0292722889529,0.00566660525823,0.0332081074563,0.169303598949,0.626214005938,21.5857897374,0.239388513028,-9.21514512847,0.378131706501,-1.4926021575,2.96189357462,-11.7421932622,-0.827650521656,-0.511700421332,-0.323949054869,0.0127977939008,-1.34940650407,-19.3310607353,-0.692018209842,9.30276635358,-0.362411785426,1.55528342894,-2.49891727847
102.515382089,0.299094049298,0.00778704093611,0.0151694300798,0.00840518756662,0.0593994503215,0.0133679207381,0.118024760437,-0.0308060363609,0.0102119271473,0.0269286754261,0.088048777348,0.507026443397,21.4742333181,0.0858654326003,-9.69887417127,0.351598793906,-1.57468703499,2.49009321735,-12.1769058388,-1.11196861899,-0.533971245376,-0.346615182949,-0.000139251792213,-1.49715096396,-19.6492475228,-0.562211061756,9.85677851199,-0.338851405247,1.60728533383,-2.11523538506
102.565382089,0.303660932863,0.00674482855136,0.0159425640454,0.00978927440655,0.061927188353,0.0354327486405,0.0715831795713,-0.0139500599556,0.0175993511763,0.0224138405093,0.0189149609222,0.385843436193,21.4529870969,-0.264132596362,-10.1711266387,0.323123934535,-1.65456144066,2.00687165296,-12.4404088423,-1.35068721881,-0.568064318499,-0.370120397173,-0.0217062255319,-1.61118958778,-20.3461152387,0.0484264922572,10.4432607721,-0.31251376037,1.66156432664,-1.72160756865
102.615382089,0.306252367255,0.00639203494055,0.0169293651974,0.0106465716175,0.0612909464138,0.0519522643574,0.0411479023186,-0.00417670337721,0.0177968416311,-0.00151683407496,-0.042245852457,0.274598284782,21.3933294372,-0.478441386732,-10.46442685,0.334727569823,-1.76340434373,1.52831989633,-12.5737070886,-1.54169342023,-0.610692036224,-0.390434069821,-0.0399645293598,-1.6973120804,-20.7570702577,0.413858122118,10.7396147263,-0.33544560267,1.74776366177,-1.32530224484
102.665382089,0.307775723095,0.00632715821364,0.0177222482085,0.00963759099906,0.0577026031073,0.0628925771186,0.0253867509662,0.00121576826779,0.0140122046131,-0.0348447003934,-0.0909900058801,0.127526694949,21.4208520946,-0.728392484763,-10.726965256,0.353226057875,-1.88392126658,1.00160775833,-12.6458987745,-1.66981126156,-0.663092213209,-0.401561554235,-0.0485578112389,-1.75846426675,-21.0283034487,0.747191589381,10.9436322866,-0.369720702769,1.85023403671,-0.907323957065
102.715382089,0.308791042351,0.00651361176733,0.0183305856587,0.00716210157821,0.0521919458258,0.0647049338523,0.0349061012768,0.00246338598463,0.0122742459915,-0.0614177840169,-0.12581361003,-0.0664817891495,21.4718181738,-0.799238462878,-11.1113056084,0.334476594818,-1.99066361738,0.480614895181,-12.7200111383,-1.69843911191,-0.719593362256,-0.404006105474,-0.0439056027998,-1.78027387154,-20.9320743204,0.83732915176,11.3010990425,-0.363550299745,1.94408364454,-0.529766610425
102.765382089,0.311266333222,0.00657349681211,0.0189496728077,0.00349581259736,0.0451212421043,0.0562443982037,0.0611611144622,-0.00381121923674,0.0130953548662,-0.0702067303825,-0.143418648913,-0.28137252049,21.6308503796,-1.12053989948,-11.1231134176,0.23107277689,-2.15624278851,-0.0436471709726,-12.9686424845,-1.61432618801,-0.788285024694,-0.404308581284,-0.0268180662235,-1.78015971759,-20.6851321701,1.0616080199,11.3256034419,-0.264306958091,2.10314490212,-0.164378849111
102.815382089,0.314907153797,0.00613248984365,0.0196401211453,0.000141428539954,0.0378500809344,0.0365676818033,0.0810577285118,-0.0219234782786,0.0163748027507,-0.0647112073032,-0.143018234071,-0.500918358236,21.8373893795,-1.38268743971,-11.2786146358,0.161140576768,-2.3000013392,-0.52868731098,-13.3800622231,-1.38849370606,-0.853073128089,-0.40767652735,-0.0023215681128,-1.76288607347,-20.5840150657,1.04369046744,11.5318138993,-0.191773309236,2.24705169839,0.158345344858
102.865382089,0.319372106073,0.00438114898425,0.0205871530828,-0.00297530813296,0.0308194186972,0.00615256238002,0.0960938661725,-0.0467919138333,0.0212991592031,-0.0470865768869,-0.146199673705,-0.694830654397,22.0125367383,-1.70619177167,-11.3366747231,0.103242191609,-2.43892595072,-1.01516242659,-13.9319395017,-0.982790950723,-0.922430458763,-0.415350804866,0.0218796652856,-1.75081745385,-20.5266625867,0.98266072817,11.6660180139,-0.12553184703,2.38479844553,0.501456058194
102.915382089,0.324516540415,0.00145329846032,0.0217700370656,-0.00456722914873,0.023230113564,-0.0329153836363,0.0714503647243,-0.0368650267137,0.0227401713332,-0.0343817135929,-0.148420987159,-0.844746760665,22.4372380177,-1.97826486826,-11.3929033603,0.0476301826487,-2.58688967179,-1.5769387973,-14.6131038515,-0.414907747371,-0.979203418576,-0.426153687577,0.028141641008,-1.73792960768,-21.3324198405,1.40823066659,11.7445286422,-0.0639056607025,2.53193976972,0.952395553723
102.965382089,0.326517142546,0.000694646312874,0.0228611702161,-0.00641347949225,0.0159773199813,-0.0783221136865,0.0062197586872,0.00859086673005,0.0207559530787,-0.0208599098673,-0.15030751312,-0.96292322442,22.7473490728,-2.07681091079,-11.3953735431,-0.0100228065472,-2.71577323935,-2.06854541131,-15.0672480561,0.171994954891,-1.02203448908,-0.425165925644,0.0311392873713,-1.59553348557,-22.6511745818,2.2096492211,11.7163173806,0.000148225853848,2.66012488877,1.35663123549
103.015382089,0.325138516283,0.00231238513333,0.0238456323735,-0.00665322013547,0.00819936225198,-0.129207706078,-0.0438220598692,0.0351382233021,0.0229810740714,0.0383920578949,-0.125723747007,-1.0706005149,22.8641788137,-2.23436420487,-11.393448045,-0.0245970705643,-2.72899536561,-2.43017012701,-15.2655827373,0.752936967522,-1.02402369942,-0.418760401093,0.0455704082392,-1.29097995357,-23.5417877873,2.77769730005,11.7487983426,0.0427709493623,2.68244866276,1.63864733073
103.065382089,0.322134936559,0.00420846864309,0.0251592776232,-0.00257427370275,0.00340494528062,-0.185382165177,-0.0721270095868,0.0357178434757,0.0305880158102,0.0907642386114,-0.0805745773464,-1.16089099147,23.0061848986,-2.56840291585,-11.392276615,-0.02546142483,-2.71272945577,-2.71671078046,-15.3652783472,1.39736673181,-0.97583759636,-0.42969719316,0.0640039552519,-0.831824209223,-24.1214658571,3.12069852517,11.8652510498,0.0684270370469,2.68289833,1.85843388729
103.115382089,0.317925815325,0.00588416948089,0.0269044339545,0.00242320372567,0.000141904517337,-0.245296805226,-0.0962378397808,0.0313101900366,0.0392182374417,0.103805519545,-0.0554223477138,-1.22577288754,23.0877655095,-2.64203516444,-11.3910332442,-0.0245019438527,-2.68667933815,-2.9853164014,-15.3880737011,2.10985103712,-0.928157882576,-0.453980120599,0.0849359444226,-0.212533767191,-24.575865887,3.12617638914,11.9974545238,0.0736409854727,2.66616032235,2.07907063555
103.165382089,0.312511152581,0.00733948764675,0.0290811013674,0.00780627825172,-0.00213728949076,-0.307959453931,-0.120348669975,0.0269025365975,0.0478484590732,0.1086757793,-0.0339962000823,-1.26762798614,23.3272521185,-2.69451659429,-11.3897586081,-0.0224737632563,-2.65582452095,-3.2668289226,-15.3239122622,2.87396143434,-0.888893311546,-0.491873631644,0.106941805661,0.57577778871,-25.188171915,3.11050343438,12.1296267325,0.0739182689582,2.6432381078,2.32963859412
103.215382089,0.305890948327,0.00857442314065,0.0316892798618,0.0132907816557,-0.00325771549089,-0.37205960384,-0.125513648326,0.0178505264818,0.0501818630584,0.108011799769,-0.00759984943368,-1.19394820997,23.6578376501,-3.0275688875,-11.3884703842,-0.0191118388061,-2.62281417015,-3.57129530275,-15.1592034306,3.66408473486,-0.863729822387,-0.542854515974,0.125700006404,1.52984084138,-25.5986221469,3.30358687852,12.16441932,0.0702420325337,2.6200004779,2.68857834847
103.265382089,0.299959787748,0.00912454029492,0.0340992876732,0.0186074582286,-0.00289727443413,-0.427354274928,-0.0882968150126,-0.00419948415345,0.0372466740183,0.11154060035,0.0246140209619,-0.892410911246,23.9068040657,-3.10446627872,-11.387176255,-0.0163045431561,-2.58923065994,-3.88411232996,-14.9805485446,4.37334607531,-0.842543398062,-0.602880813834,0.134066007803,2.47085533569,-25.2721144681,3.03953076096,11.9631117685,0.0691051863873,2.59834350892,3.22432974059
103.315382089,0.297061266826,0.0081544747253,0.0354139472637,0.0244448416907,-0.000796313394698,-0.461300694964,-0.0306686304313,-0.0258372702641,0.0156716636604,0.0974296944076,0.0372647055455,-0.516150036878,24.1774387835,-3.31157861527,-11.384886266,-0.0132464979477,-2.55537662352,-4.1660926526,-14.8921704516,4.89714928223,-0.792046960079,-0.670578222813,0.124896117129,3.10601629097,-24.651659741,2.91206370801,11.6272130749,0.0593673769676,2.56917313545,3.78448951044
103.365382089,0.296892924705,0.00654081326851,0.0356664540393,0.0283504276694,0.000829196120422,-0.478969278616,-0.00457254331928,-0.000948392819793,-0.00140872146022,0.0596333206825,0.022137796839,-0.20194163914,24.5847704144,-3.38059707574,-11.373240012,-0.0127551930467,-2.52237062053,-4.48528929077,-14.9044728548,5.27820753984,-0.738862865761,-0.719511948761,0.116734204407,3.4623992795,-24.6554744478,3.36593232728,11.351457323,0.0409841758581,2.53056669705,4.33598858647
103.415382089,0.296604012494,0.00805963544332,0.0352730751176,0.0304081737589,0.00141746628921,-0.481494858878,-0.00660485775733,0.0533330668363,-0.0125529316654,0.0171819457848,0.00926844125568,0.0693745333874,24.8461672974,-3.53360335381,-11.3528325469,-0.00994995197531,-2.49105814458,-4.75104957286,-14.8050782119,5.35157660679,-0.688512920014,-0.743457805159,0.114283757858,3.57903704535,-24.9482964739,4.35827852393,11.1587298697,0.0180834727431,2.49448959958,4.80233996913
103.465382089,0.296232438929,0.0118741199521,0.0344111608727,0.0300686222479,0.00175604024599,-0.472031825277,-0.00326393243503,0.0570769038631,-0.0131082250774,-0.0206385622241,0.00202673477516,0.293070953208,24.870692582,-3.55175285485,-11.3265590639,-0.00442588388544,-2.46473784991,-4.91323492522,-14.6231457758,5.17754616129,-0.656362653231,-0.736136069823,0.111696561373,3.50391610449,-24.9211619098,4.43431799119,11.1238700308,-0.00534391614595,2.46548820792,5.12990990077
103.515382089,0.296277619251,0.0137673258296,0.0339622526099,0.0283443175365,0.00162013976672,-0.452187763558,0.00670860587583,0.0194797959479,-0.00574612637319,-0.0421463003436,-0.0039038357209,0.472293614589,24.7740156728,-3.55360572716,-11.2834910437,0.0115529571977,-2.45418957034,-4.83894966269,-14.4071692825,4.93066620352,-0.666993328793,-0.712429021951,0.109320587028,3.23768755332,-24.6702822665,3.85481668296,11.1946402046,-0.0315040042692,2.45274425324,5.18812861159
103.565382089,0.296903299517,0.0138220995469,0.0338365482354,0.0258539922135,0.0013656566739,-0.424802463818,0.0333660365246,-0.00998367799203,-0.00933839568775,-0.0589282969999,-0.00191178589849,0.628523709731,24.733883108,-3.52869089605,-11.2332370928,0.0334368886464,-2.4511383737,-4.68761647137,-14.2018600793,4.64599902539,-0.707266624214,-0.681426135998,0.105273433395,2.84372607562,-24.2179528704,3.37431591192,11.0888399391,-0.0613321301671,2.45043057321,5.15230039159
103.615382089,0.299614222903,0.0127689580304,0.0330284130411,0.0224514878365,0.00142896117687,-0.389335392585,0.0749060331848,-0.0291964325389,-0.0239820152022,-0.0660684705193,-0.00202099700213,0.778313810648,24.4248447086,-3.43179722251,-11.1829967536,0.056107216977,-2.45186102297,-4.43381408278,-14.1439285125,4.30792879471,-0.742613866296,-0.641841383001,0.0984537821489,2.33322611396,-23.2665924399,2.98034047345,10.8121691669,-0.0873824452775,2.45111278925,5.00924171915
103.665382089,0.304393902835,0.010902456293,0.0314383467152,0.0192471451616,0.00116355697369,-0.346971082753,0.105153591199,-0.0303858261965,-0.0379301812048,-0.0755375404225,-0.00670580208153,0.827310997208,24.0921184369,-3.37526903552,-11.1296908662,0.0796381691224,-2.45479083935,-4.16379110761,-14.2547859846,3.91188452874,-0.754156536681,-0.604868174405,0.0934725156672,1.75256437949,-22.4661561427,2.9054210055,10.543186461,-0.115395827857,2.45230815025,4.77544363793
103.715382089,0.310129582023,0.00973037541078,0.0292353949206,0.0148977337943,0.00075838096872,-0.306604292864,0.124273576303,-0.0164974090937,-0.0501878905774,-0.0916287911794,-0.0116577380305,0.709484289904,23.8230376435,-3.20820883315,-11.0732459291,0.103463417886,-2.45822036561,-3.91121665522,-14.4914710924,3.50464767593,-0.759967200772,-0.563219347654,0.0900934231733,1.25685373251,-21.9014280539,2.95311374003,10.2972037914,-0.146838288539,2.45390432126,4.43575683734
103.765382089,0.316821260466,0.00925271538367,0.0264195576575,0.0100842660436,-2.21682936734e-06,-0.276022653763,0.134369901199,-0.0229966843914,-0.0560679878736,-0.0912681984664,-0.0186405287828,0.473476278051,23.5783363949,-3.14913868378,-11.0165468371,0.127590025395,-2.46168595101,-3.62461704879,-14.8865095003,3.19559436893,-0.74526333405,-0.523626072721,0.0911300806213,0.922793361259,-21.5006099916,2.79354700796,10.149582303,-0.170794200112,2.45478466804,3.97467037153
103.815382089,0.323566572143,0.00743070697164,0.0236285961333,0.00577091394762,-0.00110567190956,-0.259256665059,0.100009270625,-0.0454926000348,-0.0448052629301,-0.0834912898719,-0.0286049670556,0.121872820969,23.3218761229,-2.86649006271,-10.9597399508,0.151025647632,-2.46522718314,-3.34727295525,-15.3657091766,3.12180900346,-0.716674405485,-0.491852956557,0.0968744643788,0.743602049158,-21.7754591033,2.16304996637,10.2669279672,-0.190548420467,2.45463676618,3.43737670049
103.865382089,0.326822187528,0.00470345538018,0.0219390313645,0.00173513705645,-0.00286271353493,-0.263835371666,0.0294463146677,-0.0545943271996,-0.0246987136595,-0.0636965604526,-0.028781020155,-0.226410274168,23.0064960442,-2.79189738311,-10.9028869799,0.175073650909,-2.46896068867,-3.08168542108,-15.6238994726,3.36591162466,-0.709263744928,-0.463075946558,0.109530728993,0.795358836864,-22.5511754335,1.94771967607,10.5209772736,-0.20522607391,2.45830509157,2.91429441872
103.915382089,0.32651120361,0.00197127425168,0.0211587247673,-0.000598742097634,-0.00398377392506,-0.281897692475,-0.0130123509308,-0.0713575362257,-0.0129161644425,-0.0276851583196,-0.0128696114453,-0.473199856453,22.8693250187,-2.80810356706,-10.846014199,0.199388072691,-2.4721657276,-2.85172753861,-15.6077056227,3.77995034544,-0.699648948904,-0.44142117351,0.121893299133,1.01274628909,-23.0705315751,1.70472077253,10.646294949,-0.212493562196,2.46740101136,2.50187858154
103.965382089,0.325520952435,-0.00243229824239,0.0206474149202,-0.00103337877551,-0.00414967467946,-0.311155357311,-0.0230333081124,-0.107931563716,-0.00620467463386,0.00573868766628,-0.00285317677803,-0.655995925389,22.7385240073,-2.56757038279,-10.8046242299,0.210307124741,-2.4707705415,-2.56609339064,-15.5631674242,4.42122255336,-0.665967665851,-0.430740855189,0.133917838218,1.36265070374,-23.0946819861,0.898653030957,10.7086829797,-0.207590567728,2.46971420986,2.08109854711
104.015382089,0.324207872798,-0.00882188211988,0.020538257304,-2.4873331006e-05,-0.00426909160287,-0.347497285014,-0.0217226080056,-0.124170165039,-0.00272862809088,0.051640289366,-0.00125082222727,-0.706988052801,22.6255006772,-2.2403726711,-10.8411246641,0.171558338839,-2.45627200735,-2.03163076413,-15.5043059654,5.24777573967,-0.624071765524,-0.432522713935,0.148340750033,1.82021043113,-22.9613916453,0.320362102552,10.7989326063,-0.14711306522,2.45580891544,1.508936115
104.065382089,0.323348691635,-0.0148493147463,0.0203745521111,0.00413065016109,-0.00427475690219,-0.381854162591,-0.0170973403687,-0.113831110167,-0.00425497939248,0.104313317909,0.00646603729336,-0.599455889806,22.4070857319,-2.12315094052,-10.9065894332,0.113456723804,-2.43671222878,-1.43129050591,-15.4721182696,6.04115601496,-0.536118947811,-0.461865078704,0.16130913031,2.30374794408,-22.6714574044,0.363010455235,10.8407958072,-0.0640773026254,2.43910614977,0.988097180727
104.115382089,0.322498138762,-0.0202049931366,0.0201127593647,0.0104064584599,-0.00362248787353,-0.407442873995,-0.0328737096615,-0.0946298721288,-0.00491260879247,0.132381397538,0.0094958826854,-0.489929603022,22.2163973832,-1.82658207294,-10.9844010488,0.0504121866487,-2.4164123487,-0.776310412303,-15.3991625553,6.6787195464,-0.418281447602,-0.512720703969,0.165924076231,2.70396904849,-22.7247149002,0.36334527584,10.9084386726,0.0122539897922,2.41992800935,0.414092718619
104.165382089,0.320061320668,-0.0243123019592,0.0198832912319,0.0173687899149,-0.00332516863365,-0.430847122894,-0.0629324070885,-0.071920725658,-0.00451930082569,0.121865353048,0.00496634254092,-0.437376308256,22.064688641,-1.40620311818,-11.0512759203,-0.0112652434144,-2.39769996823,-0.178031042139,-15.1619125397,7.2006974234,-0.291469359178,-0.572086336146,0.170213179053,3.11263493289,-23.0377958819,0.294111873738,10.9813951615,0.068953376779,2.39953865723,-0.145332634339
104.215382089,0.316204898053,-0.0273970657024,0.0196608292821,0.0225929937647,-0.00312585361944,-0.451180504821,-0.0686029492237,-0.0479758685271,-0.00733975944084,0.0936954275935,0.00283099048592,-0.288194612036,22.1612508714,-1.13644165442,-11.1210763533,-0.074134536134,-2.37805666277,0.467502133766,-14.7701826146,7.59702439214,-0.192827837415,-0.61727058911,0.172564009297,3.50422017446,-23.2220402124,0.394603431218,11.0075835856,0.118487702866,2.37910478038,-0.680571903504
104.265382089,0.313201025746,-0.0291098888119,0.0191493152878,0.0267383326742,-0.00304206958506,-0.459666584097,-0.049087603015,-0.0194187020099,-0.0133867969215,0.0681053184965,-0.00738558290106,-0.0170074272123,22.2285244276,-0.981132120566,-11.1964196963,-0.139041970399,-2.35914221714,1.12016243122,-14.4079143643,7.76754007176,-0.106546569851,-0.650247920325,0.171584230645,3.71716114949,-22.9875531085,0.680865844245,10.9894231802,0.171281393648,2.35640785279,-1.13273646435
104.315382089,0.311296137751,-0.0293389359034,0.01832214959,0.0294035256144,-0.00386441190954,-0.452881247542,-0.0322549588454,0.00788484573323,-0.0201090188122,0.0262639872803,-0.0129568940068,0.280614058662,22.3177338041,-0.671013580657,-11.2472669152,-0.210362454948,-2.33589358319,1.74310637493,-14.0971273629,7.66710492835,-0.0384416127382,-0.662536034398,0.172535877745,3.68264854102,-22.8164837402,0.792934874185,10.9363264519,0.22279519619,2.33109655232,-1.5356411054
104.365382089,0.309975529861,-0.0283214042386,0.0171384134066,0.0293647314022,-0.00433775898574,-0.431605178231,-0.0215495576404,0.0344829962731,-0.0272038632656,-0.0221972201539,-0.00514052529118,0.541303180045,22.678899846,-0.295343982948,-11.2980859372,-0.281972107676,-2.31176845251,2.40054644206,-13.8086368128,7.30857837789,-0.00373011289813,-0.640074737886,0.165305848872,3.42117399399,-23.0121149819,0.828545475098,10.8774397622,0.271464476388,2.30986527583,-2.00034692717
104.415382089,0.309141181987,-0.0258906362761,0.0156017632634,0.027183803599,-0.00437846443866,-0.398750929537,-0.0179913866937,0.0453841827328,-0.0262581775688,-0.0518052442879,0.000170086761723,0.747268464837,22.9942566963,-0.0923710030606,-11.3442377819,-0.352011832446,-2.28845652442,3.05229131868,-13.557375223,6.73077858298,0.00757508159244,-0.591415543087,0.150162792222,3.01047592422,-23.2724527717,0.794134671204,10.9382144958,0.327488473126,2.28851949564,-2.49981631365
104.465382089,0.308176391192,-0.0237829859653,0.0145125956497,0.0241842069735,-0.00432075030956,-0.356878331747,-0.0159511491362,0.0257243253258,-0.0155922550646,-0.064940695225,-0.00298075597834,0.829860072411,23.3035052267,0.177559512014,-11.3404167301,-0.403546820479,-2.26936454224,3.60684308838,-13.3166744016,6.03740049134,-0.0162187937904,-0.537440536925,0.13107401046,2.50252372954,-23.5501536459,0.220208957399,11.0993177954,0.372805453936,2.26826097695,-2.99330596048
104.515382089,0.307546067074,-0.0233182037435,0.014042537757,0.0206897340765,-0.0046765400365,-0.315764922296,-0.0108030691421,0.00917592187625,-0.00768797366309,-0.0622635377126,-0.00238039574735,0.827314529832,23.1189899213,0.209449651823,-11.2312585116,-0.405651955069,-2.26021886118,3.6597011376,-13.1449640646,5.43565505635,-0.0711372751638,-0.49024760106,0.115647161451,2.03818510086,-23.286034935,-0.0675647878303,11.1123813991,0.376177890641,2.25933756726,-3.04804599551
104.565382089,0.307096084278,-0.0228653937777,0.0137437982834,0.0179578532022,-0.0045587898843,-0.274146878764,-0.00938038734235,0.0192171009294,-0.00715668572522,-0.0558687274379,0.0165759955969,0.842132009118,22.8977537415,0.234191802946,-11.0850474398,-0.387422822658,-2.25703557392,3.56448116731,-13.0232453966,4.83324302526,-0.122089371402,-0.454006442362,0.0976079089669,1.62006577912,-23.0428002011,0.0629571689468,10.9743854927,0.360975907939,2.26317250477,-2.94187107754
104.615382089,0.306608028339,-0.0213964936506,0.0133268691844,0.0151028613327,-0.0030189404768,-0.231551721384,-0.0042225529822,0.0459778413347,-0.00877010152423,-0.0651260893747,0.0275859184949,0.786614932688,22.7445292991,0.138447418586,-10.9177031772,-0.358085603257,-2.25718425836,3.42176118878,-12.926096646,4.17764157908,-0.170255239939,-0.41942759884,0.0734713872895,1.25815290726,-22.8098215241,0.572495836211,10.7820934064,0.327256475573,2.26739739296,-2.84019631705
104.665382089,0.30667382898,-0.0182676096442,0.012866788131,0.0114452442647,-0.00180019803481,-0.195485385495,0.0152697682213,0.0728098577855,-0.00639694986343,-0.0788211691037,0.0268064575778,0.696599845042,22.5456285337,0.00221722851514,-10.741955829,-0.323710745132,-2.25910384119,3.22883442313,-12.8956130736,3.55943787324,-0.22426378854,-0.387081690696,0.0540903030602,1.02541853292,-22.3095161281,1.12362243191,10.6430414775,0.286398695387,2.26902839598,-2.71382004609
104.715382089,0.308135005161,-0.014115507872,0.0126871741981,0.00722074442231,-0.000338294719027,-0.16189173688,0.0400890409734,0.0876218253595,-0.00107236676493,-0.076873561903,0.0361715311412,0.62974223571,22.4237565182,-0.0714646419908,-10.5645625802,-0.288293699358,-2.2608797049,3.03259944872,-12.9996955523,2.95251187849,-0.29688131216,-0.361463581706,0.0359379078034,0.864915037047,-21.8038702329,1.42633785709,10.5479808553,0.251903600119,2.27427149088,-2.56701464056
104.765382089,0.310682733077,-0.00950542710825,0.0127595514545,0.00375788807443,0.0018169550793,-0.132511161924,0.0445371660027,0.0677972090746,0.00471301915263,-0.0593369550538,0.0476088192739,0.534224694474,22.2418241753,-0.141546989227,-10.393717876,-0.254182015377,-2.2640471781,2.84529261707,-13.2128636194,2.39190907107,-0.367968040579,-0.347196080913,0.0187952517485,0.771422600337,-21.5531577039,1.18987738244,10.4665940502,0.226093324941,2.28167339126,-2.4503264106
104.815382089,0.312588721762,-0.00733578696454,0.0131584761134,0.00128704891693,0.00442258720836,-0.108469267433,0.0329937155181,0.0113270209973,0.0101345565186,-0.0422880007707,0.045518920646,0.446620759805,22.1454413486,-0.303941828878,-10.225431341,-0.220324284964,-2.26742033743,2.67729267597,-13.384371588,1.98969889285,-0.434978142604,-0.341699248607,0.0056505079315,0.69758225778,-21.6352682127,0.479088572204,10.3821393201,0.200306160311,2.28427280742,-2.34709433611
104.865382089,0.313982104629,-0.00837272500852,0.0137730071063,-0.000470912002644,0.00636884714391,-0.0878490859438,0.0291804134914,-0.0532814230584,0.00968907334649,-0.0205132444107,0.0383226301571,0.338957104144,22.0055775216,-0.334073048749,-10.0568393948,-0.186840422272,-2.27092770594,2.47288916497,-13.5196881496,1.75362827715,-0.498622685607,-0.342192621012,-0.00169859670369,0.612052695927,-21.5543684708,-0.489803567241,10.2066589848,0.177129944686,2.28511589331,-2.22228936499
104.915382089,0.315506763111,-0.0126639292704,0.014127383448,-0.000764275524143,0.00825485022407,-0.0745735570183,0.0292935305661,-0.0865308420017,0.0120108385884,0.015191685387,0.0383675697427,0.229497774584,21.8168650563,-0.354728448489,-9.88183814092,-0.154847900418,-2.27552886543,2.28146342585,-13.6688230327,1.74654492967,-0.527703494581,-0.347526033895,-0.00478121045562,0.524726500216,-21.3639069061,-0.983275178195,10.0675585756,0.16203927968,2.28973369077,-2.11178975416
104.965382089,0.316911457685,-0.0170258092087,0.0149740909652,0.00104825653606,0.0102056041182,-0.0648993084853,0.0380660596804,-0.062643268186,0.0200281491441,0.0500079022254,0.0395331801781,0.17014896248,21.8756130768,-0.45554789378,-9.69767025715,-0.128995617851,-2.28654162106,2.10095607931,-13.8145384153,1.7908655076,-0.544315178939,-0.361871507562,-0.00642771859076,0.452725410135,-21.2870076186,-0.513088468485,10.007360254,0.152668158575,2.30117799036,-1.97516052748
105.015382089,0.319313369079,-0.018928256089,0.0161301983624,0.0042365146984,0.0122081682419,-0.0575586607703,0.0596970591533,-0.0134646853281,0.0251329734931,0.0667479077359,0.045716387987,0.211361676039,22.8394542318,-0.562500070576,-9.45720453748,-0.120752544579,-2.32507154307,1.9522008827,-14.0473233735,1.77651399434,-0.553500309166,-0.382532381787,-0.00861484596159,0.424106456305,-21.9163743241,0.35429918654,9.8458290892,0.152349402151,2.34199712139,-1.7959357002
105.065382089,0.322881163601,-0.0183722777415,0.0174873883145,0.00772304730965,0.0147772429169,-0.0437631408814,0.0845322708328,0.0243860808825,0.0273060079403,0.0538706445767,0.047534778734,0.298719946557,24.2354733956,-0.737174311567,-9.22411211499,-0.122870478904,-2.37317229801,1.82952002526,-14.394043387,1.57424742159,-0.572359437371,-0.405541422227,-0.0123786634141,0.411455056008,-22.9283731487,1.11424985951,9.64633772622,0.148371549152,2.39077109914,-1.60866860205
105.115382089,0.327766596162,-0.0164896480007,0.0188607991565,0.00962357915607,0.0169616461153,-0.0276866661146,0.11021172366,0.0488284517293,0.0276894137796,0.016114935032,0.0297186873901,0.249520304195,25.7635101613,-0.857027023994,-8.97328489459,-0.13229853748,-2.42661136542,1.69787132735,-14.8644286244,1.28586085385,-0.619637533138,-0.426651159562,-0.0156532622016,0.418179167442,-24.0593352966,1.61204851677,9.40143900937,0.139926960966,2.43761411506,-1.51339447893
105.165382089,0.333902335967,-0.0134894325686,0.0202563296924,0.00933454081284,0.0177491116559,-0.0188111104618,0.126147731598,0.0459277725629,0.0276423612124,-0.0195230991726,0.0137113072539,0.13079628327,27.2599065494,-0.991810141985,-8.64507871523,-0.144567526637,-2.49286363282,1.53651656492,-15.439151728,1.05740880819,-0.699851526979,-0.447227406939,-0.0181469466657,0.46355932567,-25.3093173898,1.70197919655,9.07250526855,0.135325760043,2.4979399701,-1.439815472
105.215382089,0.340381369322,-0.0118968707444,0.0216250352777,0.00767126923881,0.0183327768407,-0.0146070377876,0.131880366331,0.0139911936597,0.0273187213131,-0.0376829606255,0.0101049490779,0.0584204545233,28.8638973421,-1.16304565021,-8.31953936785,-0.145985816302,-2.55868668738,1.41297942622,-16.0485653196,0.952527702778,-0.800535801394,-0.467821811671,-0.0197495453833,0.502460424191,-26.824665961,1.37938779395,8.74196156262,0.128147607133,2.56242784268,-1.36978766526
105.265382089,0.3470903726,-0.0120903132026,0.0229882018237,0.0055662447503,0.0187596065637,-0.0129690650095,0.133964438203,-0.0115281777463,0.0238865356958,-0.0388884800697,-0.00397303853575,0.0173982721273,30.4079459053,-1.34911882225,-8.02815229291,-0.15252134126,-2.61961745599,1.28873557297,-16.6885796412,0.96061948341,-0.910376511448,-0.489757566392,-0.0203189528718,0.523432864506,-28.3364890696,1.17086164508,8.39750350515,0.134112468118,2.61814651793,-1.27587257803
105.315382089,0.353777813142,-0.0130496885191,0.0240136888473,0.00378242123184,0.0179354729871,-0.0128672105749,0.137597998837,-0.0151161329915,0.0166123099118,-0.0270132436276,-0.0185764494949,-0.0063839702126,32.3320105744,-1.55777766307,-7.73741337231,-0.15916203315,-2.67933462363,1.12273555491,-17.3363247334,1.02782122557,-1.00251592969,-0.510383296118,-0.0199923282119,0.536271272656,-30.2043689474,1.32404087863,7.99428514653,0.146374611934,2.67245706474,-1.12745539007
105.365382089,0.360850172484,-0.0136019265017,0.0246494328149,0.00286492038754,0.0169019616142,-0.0136074620308,0.150296063289,-0.00816829674404,0.0124350775995,-0.00291582654363,-0.00668874833723,-0.00926064106748,34.0120932192,-1.71621655867,-7.4717903334,-0.160073095097,-2.73599820664,0.930727214421,-18.0331097221,1.09397469675,-1.06579526588,-0.530449118547,-0.019988030245,0.557991052314,-31.6881047649,1.58991233679,7.66407066422,0.158692812791,2.73352183134,-0.937573847139
105.415382089,0.368807419471,-0.0138665181935,0.0252571966072,0.00349083857747,0.0172665981534,-0.0137932746816,0.155148761651,0.0222950521277,0.0182704062396,0.0151603439108,0.000435995842432,0.0329496522273,35.6785645678,-1.97525026657,-7.20358101147,-0.170844360417,-2.79309514846,0.729734301663,-18.8386955364,1.1403722872,-1.10664196218,-0.555525698252,-0.0209974104955,0.5873754012,-33.2795401164,2.31999278743,7.48609149263,0.178020903376,2.7932565672,-0.705373767081
105.465382089,0.376365048649,-0.011372421289,0.0264764734389,0.00438095477862,0.0169455611984,-0.0103124968081,0.147157723738,0.0671437915989,0.0256617971734,0.00941403576985,-0.0065738394707,0.0655962940033,37.6987017072,-2.04788845613,-6.87651751272,-0.203096012542,-2.8538256334,0.608951801947,-19.6270882355,0.996411608503,-1.17469021424,-0.584000206254,-0.0230637302311,0.64955212082,-35.4232405711,3.08611522696,7.27331912578,0.207552391139,2.85139180081,-0.560454756287
105.515382089,0.383523191845,-0.00715213903359,0.0278233763246,0.00443224215446,0.0166092142063,-0.00723364528128,0.13915668494,0.0946491028546,0.0248891039677,-0.00855332385535,-0.0134389529408,0.0570315218658,39.9893085242,-2.37692723914,-6.54090753938,-0.223671710892,-2.90305054936,0.531064398791,-20.3865290356,0.770187443777,-1.26369545115,-0.610596714137,-0.0258972815687,0.738592661894,-37.8375653443,3.8404613959,6.92576120084,0.219622772659,2.89807504582,-0.488899511856
105.565382089,0.390280717143,-0.00190751100352,0.0289653838356,0.00352562239308,0.0156016659044,-0.00460934462147,0.131093624503,0.110608435963,0.0208202182146,-0.0193089863087,-0.0198812849621,0.0525963061777,42.2518395132,-2.47778658233,-6.21842363298,-0.250054288555,-2.94684034399,0.4502452756,-21.1155905776,0.494199157475,-1.36036736999,-0.632463588861,-0.0291211703387,0.844099010836,-40.2247733139,4.18809570492,6.54036118536,0.240913877852,2.93947969586,-0.411359458939
105.615382089,0.396632554295,0.00390870456273,0.029905398146,0.00250134352359,0.0146210857101,-0.00197401466351,0.121753168878,0.0843547674696,0.0181728868756,-0.0192707910963,-0.00864124511262,0.0506218166106,44.5818264267,-2.42459424698,-5.89467149727,-0.290216268332,-2.9886160126,0.427261795668,-21.8169073554,0.179326009645,-1.45043360479,-0.651260290987,-0.0329858699522,0.958779482551,-42.6991892334,3.72894980613,6.17567406219,0.281093938326,2.98541676442,-0.389835770481
105.665382089,0.40245603403,0.00652796574344,0.0307826725232,0.00159854328346,0.0147375413931,0.000452837039585,0.109678696311,0.0202037206167,0.0171281780374,-0.012508133293,0.0017238013199,0.0530063537319,46.821767985,-2.79484356434,-5.58234427019,-0.332944527376,-3.02806608584,0.367183415107,-22.4705473317,0.0140237239136,-1.53524953098,-0.670729874593,-0.0357091895343,1.02356666265,-45.1258351819,3.10724837668,5.84719277741,0.327023477271,3.0287042888,-0.327994439628
105.715382089,0.407600423926,0.0059290766244,0.0316182159498,0.00125053019429,0.0147934658421,0.00332662070968,0.0725573594293,-0.0528530994807,0.0188448929609,2.40021904278e-05,0.00536058716548,0.0533054464423,49.0640679768,-2.83246281441,-5.26749859775,-0.376600079302,-3.06751103318,0.305875579264,-23.0553762641,-0.00356401359287,-1.60738641755,-0.691594705448,-0.0369305946217,1.03347212344,-47.942132632,2.01520925313,5.55889221582,0.376611441363,3.06949568337,-0.266465476768
105.765382089,0.409711769973,0.00124265579538,0.0326671618193,0.0016009435025,0.0152736001096,0.00578338168382,0.0157727326139,-0.129642226348,0.0227553601007,0.0065459642865,0.0029937755762,0.0444040040043,51.3548967508,-3.1247414089,-4.93572174535,-0.415750759112,-3.10920258184,0.313307850692,-23.3010455322,0.188001634306,-1.66671249112,-0.710764081182,-0.0352468795658,0.963571594452,-51.1110071393,1.12011779711,5.2875818872,0.418849461502,3.11031096737,-0.280478816027
105.815382089,0.409177697188,-0.00703514601036,0.0338937519599,0.00190512662294,0.0150928433997,0.00776702111011,0.023841782411,-0.135140955983,0.0248062046097,0.00498111466377,-0.00928131398303,0.0395038309497,53.5161476099,-3.31406993479,-4.61179743886,-0.453380846361,-3.15002567396,0.232809546319,-23.2520465664,0.566807294391,-1.7261530913,-0.727235557327,-0.0309053575948,0.82329587973,-53.1474884059,1.22442091444,4.99536924937,0.455738786496,3.14658945308,-0.203603336998
105.865382089,0.412095948215,-0.0122714398029,0.0351477822803,0.00209905496888,0.0143454687113,0.00973376477879,0.0945123775563,-0.0756290678275,0.0264002070547,0.0106886015021,-0.0137169791644,0.0309254698699,56.2397555016,-3.69783361432,-4.30828117888,-0.485647189178,-3.18604902567,0.162809549859,-23.6004664117,0.802659279206,-1.80403100364,-0.751483645704,-0.028816501741,0.744867056428,-54.7783354922,2.5284012513,4.71650062951,0.490706916603,3.18097058848,-0.139945545922
105.915382089,0.418628934943,-0.0145980527931,0.0365337726653,0.00297398677315,0.0137211454833,0.0108595680971,0.149829052321,-0.0227329570657,0.0269479932393,0.0229395602928,-0.0117233731238,0.0212192465208,58.5130978463,-4.07000391526,-3.96766231107,-0.526646082266,-3.22901217175,0.138165003782,-24.3671155299,0.919311474456,-1.89181584414,-0.786967793698,-0.0282897464453,0.728651789923,-56.1963306596,3.71849018564,4.38435203525,0.537505119559,3.22467182732,-0.122477063129
105.965382089,0.427078853447,-0.0145447355095,0.0378425816042,0.00439301099816,0.013173131399,0.0118556894309,0.179838483942,0.0183697239961,0.0248114946282,0.0200059954159,-0.0197488655669,0.0162938943025,60.8942618659,-4.20866563542,-3.68481527851,-0.563420119685,-3.26017980352,0.142479696277,-25.3688745749,0.922266940646,-1.9747278802,-0.827518648546,-0.0291371846529,0.759203353293,-58.1134667394,4.49271184091,4.06846888719,0.572890477771,3.25286818102,-0.130433196578
106.015382089,0.436612783338,-0.0127610803935,0.0390149221281,0.00497458631474,0.0117462589266,0.0124889575274,0.187061477613,0.0257671051015,0.0217012845306,0.00571161049965,-0.0373189196373,0.0126105032868,61.6104523363,-4.28267722695,-3.67243237895,-0.56704872082,-3.24713037107,0.0778814944291,-26.5138160441,0.844234686348,-2.0725536498,-0.867817288176,-0.03050391164,0.824660071361,-58.7179699604,4.68110718877,4.00799362779,0.569752460152,3.23331378745,-0.0685582214761
106.065382089,0.445785001208,-0.0119680249993,0.0400127100573,0.00496417204812,0.00944123943522,0.0131167397595,0.17220270693,-0.0121362650264,0.017616908941,0.00914617877816,-0.0442107360821,0.00723769236291,61.7881931171,-4.30899741229,-3.72857316776,-0.561779393452,-3.22389805025,0.0328898788747,-27.6381290636,0.817497881155,-2.17306739793,-0.906047988467,-0.0312377930844,0.872195051624,-59.1254680001,4.12133754161,4.00097879226,0.566108974977,3.20752990943,-0.0275388647308
106.115382089,0.453833054031,-0.0139747068961,0.0407766130222,0.00588920419256,0.00732518531837,0.0132127267636,0.152836594407,-0.0619851051507,0.0129295871452,0.00284978455368,-0.0443840905521,-0.00127571391886,61.8489603304,-4.31758022187,-3.81449422878,-0.552634074626,-3.19588915728,-0.00862022808051,-28.6495266497,0.951866208973,-2.2372494526,-0.943929078509,-0.0305158250705,0.866444549487,-59.4856883122,3.35912086133,4.01442103051,0.553983094239,3.17945683543,0.00767705961173
106.165382089,0.461068660649,-0.0181665355144,0.0413056687718,0.00524915050349,0.00500283038001,0.0129891683677,0.153195412849,-0.0561488521564,0.0089437996397,-0.0165878223161,-0.0577544186568,-0.00663873299275,61.8702231324,-4.32000482013,-3.91335774276,-0.541799605594,-3.16577037833,-0.050775011554,-29.5732728358,1.22033193629,-2.31716589947,-0.976028113061,-0.0287177763678,0.816418498191,-59.5014027992,3.45178990297,4.05165336172,0.533947328618,3.14438795991,0.0458668236454
106.215382089,0.469152595315,-0.0195895921118,0.0416709929862,0.00423042196094,0.00154974345269,0.0125488534644,0.166199943217,0.000143592828467,0.0048105383848,-0.0184515359674,-0.059526197093,-0.0140774817822,61.8753544417,-4.32786196413,-4.01670210359,-0.53047484308,-3.13490426748,-0.0943960179969,-30.6127492469,1.34753012522,-2.40005412519,-1.00630829043,-0.0280660220116,0.81908127577,-59.3054484795,4.33008230223,4.09108619204,0.52174032879,3.11286588353,0.0839881697008
106.265382089,0.47768865497,-0.0181521762316,0.0417867226103,0.00340399690675,-0.000949789329292,0.0115814201894,0.185319810855,0.0785114825445,-0.00407885390955,-0.0206628172353,-0.0540867740812,-0.015858384134,61.8733515766,-4.34454470583,-4.10062840466,-0.523925662298,-3.10693991749,-0.138405258435,-31.7206150156,1.32091874538,-2.46595817419,-1.03340702604,-0.0290982598918,0.878883263634,-59.0078001352,5.55854708869,4.0375581606,0.514144380526,3.08691537112,0.126680742727
106.315382089,0.487684576401,-0.0117384438573,0.0412631075953,0.00216414023742,-0.00385893395543,0.010963015051,0.21347759833,0.171698036229,-0.015960555947,-0.0207126216699,-0.0604242323233,-0.00722668967819,61.8692819725,-4.37267460517,-4.1854416335,-0.51724309595,-3.07882534304,-0.182762169879,-33.0321383052,0.992299351118,-2.50916027994,-1.05293981915,-0.0336880172287,1.04109566502,-58.5683340773,7.02759613205,3.93864775924,0.507438237955,3.0564544795,0.177419290306
106.365382089,0.499036414803,-0.00098237260864,0.0401906670156,0.00133273473975,-0.00699221256162,0.0108587512216,0.203818349175,0.178632541918,-0.018239085173,-0.016954007326,-0.051529070758,-0.00629492173122,61.8699345403,-4.40652026617,-4.27064031957,-0.510500337933,-3.05062862019,-0.228802253068,-34.5643260512,0.373991935662,-2.5160699832,-1.06801925974,-0.0423888690211,1.29879964931,-58.7183450715,7.1686682287,3.98861414781,0.502474717761,3.03155101232,0.224148253764
106.415382089,0.508066411318,0.0061248103345,0.039439199078,0.000468739504819,-0.00901184103124,0.0103335228778,0.156447802283,0.106331341197,-0.0120772232576,-0.0236182307051,-0.0396649993688,-0.0038782461245,61.8702098147,-4.44041036865,-4.35634794116,-0.50365871155,-3.02235193052,-0.27492330824,-35.8183638311,-0.0393087237825,-2.53157451413,-1.08229006827,-0.049126633398,1.4819807521,-59.45109864,6.08458390101,4.16960101781,0.492478407972,3.00766675781,0.272056020046
106.465382089,0.514681195032,0.00965076151106,0.0389829446898,-0.00102908833076,-0.0109587124985,0.0104709266092,0.106436532978,0.0549371939587,-0.00906315353607,-0.0380287971381,-0.0348782147404,0.00476622471523,61.8769266803,-4.47979992506,-4.45927830729,-0.501367109025,-2.98968896457,-0.319101871236,-36.7515591973,-0.255966738492,-2.56960148545,-1.09330808737,-0.0531855147009,1.58240711542,-60.2311265952,5.32927929052,4.31913715045,0.483365189151,2.97677600312,0.32262566509
106.515382089,0.518710064616,0.0116185297304,0.0385328837244,-0.003334140209,-0.0124996625053,0.0108101453494,0.0603305130726,0.032670674106,-0.00904221570885,-0.0355707351361,-0.0245652081082,-0.00276018115235,61.9096914267,-4.54016533043,-4.57525890972,-0.525200282283,-2.94800501074,-0.355491247263,-37.3211521131,-0.383917260623,-2.61463137073,-1.0946056183,-0.055772256409,1.63724818614,-60.9768165878,5.04534336208,4.43544150899,0.508361949967,2.93891023375,0.353450573572
106.565382089,0.520714246339,0.0129178289217,0.0380787231189,-0.00458616184436,-0.0134152333093,0.0101949084939,0.0431139978462,0.0286834986994,-0.0105947591255,-0.0176305011656,-0.0077472132814,-0.0131293219913,61.952921769,-4.60607481132,-4.70003698218,-0.557083494597,-2.90502448216,-0.388830628855,-37.6033416731,-0.451372545578,-2.62368304057,-1.09180242565,-0.0572805829229,1.67002544358,-61.2862613721,5.04960019947,4.53621301137,0.548737638478,2.90215623139,0.379123779744
106.615382089,0.523021464401,0.0144868796003,0.0374734078118,-0.00509719032556,-0.0132743838334,0.00949721315024,0.0642570922414,0.0405608676632,-0.0141348572529,-0.0107549916413,0.00434522776169,-0.0117812435231,61.9945043839,-4.66741918284,-4.84274822656,-0.597048231922,-2.85849867755,-0.422594672068,-37.9337771154,-0.537772565862,-2.60665012878,-1.08953638528,-0.0597406588981,1.71124750266,-61.0009138852,5.29460120002,4.6241846505,0.591957076999,2.86010741123,0.413884492419
106.665382089,0.527139955563,0.016973915688,0.0366652373936,-0.0056616610085,-0.0129807105332,0.00901678414162,0.0942866572432,0.0575166230084,-0.0176665936658,-0.000138971837772,0.00804596422346,-0.0103780886156,62.0470250039,-4.7230227652,-5.01894233506,-0.646610926308,-2.80626004363,-0.457540418805,-38.5320982282,-0.690176466757,-2.58626855315,-1.08999026297,-0.0639706513043,1.78209278287,-60.5890952482,5.61238716291,4.74576844875,0.646545140375,2.80923890097,0.449867628061
106.715382089,0.532450130125,0.0202385419011,0.0357067484452,-0.00511108750933,-0.0124697874111,0.00845940428868,0.0891021180393,0.0656996909243,-0.0182617363428,0.00876606443801,0.0152500905504,-0.0155807026047,62.0859113466,-4.75227769422,-5.17762088271,-0.692893482546,-2.75637134336,-0.488106067964,-39.3174345879,-0.89644370413,-2.53402247575,-1.09484041526,-0.0696199602054,1.87777597788,-60.7081487555,5.76817471654,4.89524446187,0.697043127065,2.76201738439,0.47658684943
106.765382089,0.536050167367,0.0235438847804,0.0348390637593,-0.0047850545647,-0.0114557014781,0.00745871388115,0.0594569787272,0.0642909073103,-0.0158333104474,0.00089934538807,0.012601386063,-0.0211608610355,62.1097514207,-4.76619015774,-5.28758348717,-0.727005853105,-2.71447910612,-0.514296759828,-39.8572723461,-1.09782513847,-2.48348297307,-1.09438152103,-0.0748402139251,1.9667581092,-61.1903838134,5.76030352996,5.04275717656,0.727431581628,2.71914451728,0.498651985082
106.815382089,0.538395827998,0.0266676326322,0.0341234174005,-0.00502115297053,-0.0112096488048,0.00634331818513,0.0500785891965,0.0556833070487,-0.0107251975214,-0.00437586026558,0.0108226863114,-0.0225284188248,62.1343150839,-4.77977830156,-5.41150103667,-0.76079855835,-2.67294989438,-0.540287124949,-40.2126205918,-1.28309007884,-2.45066129942,-1.09009046897,-0.079130587702,2.04523912438,-61.3599630446,5.64079461729,5.2456601313,0.758727131121,2.67695677754,0.523631279173
106.865382089,0.541058026287,0.0291122154853,0.0337665440072,-0.00522264059125,-0.010373432847,0.00520587199868,0.0535725402297,0.0434782759381,-0.00409734723406,-0.00384813171984,0.0199707709857,-0.0313072035401,62.1596744584,-4.7927436437,-5.55269322646,-0.7987011644,-2.62877914376,-0.566061794434,-40.6169072097,-1.42540608855,-2.44253170083,-1.09177115586,-0.082651003964,2.11364090673,-61.3312963742,5.4650367769,5.489337025,0.796879551199,2.6361729223,0.542915564869
106.915382089,0.543753082021,0.031015460226,0.0337136826771,-0.00540596614251,-0.0092125717062,0.00321259783112,0.0269178126833,0.0418337594629,0.00128664785975,-0.00575306646454,0.0315832228572,-0.0376146686625,62.1850847245,-4.80573306503,-5.69389054502,-0.83662897894,-2.58459369691,-0.591822106055,-41.0252162698,-1.51220015613,-2.45381870184,-1.09751227638,-0.0850183451821,2.17486574975,-61.7688616743,5.45259747296,5.71378564211,0.833905615349,2.59628675351,0.564012603532
106.965382089,0.543749807555,0.0332955914316,0.0338952087932,-0.00579794723771,-0.00721511056126,0.00144440513243,-0.0257599411848,0.0494933519184,0.00666147097772,-0.00729292273664,0.0381424245802,-0.0299877409689,62.1952718037,-4.80397102338,-5.82377083902,-0.865131091041,-2.54405616835,-0.652782833097,-41.0330887545,-1.62706512402,-2.47478716204,-1.09599065454,-0.0865964611896,2.22700125459,-62.5935909918,5.56927369272,5.92677541082,0.861678796447,2.55817763821,0.630612116517
107.015382089,0.541177087902,0.0359647954178,0.0343798297749,-0.00613525841618,-0.00539832924818,0.000213823734226,-0.0642033434539,0.056748143309,0.0190338262384,0.00128741765412,0.0289931658729,-0.0293286461308,62.1656607743,-4.82771843287,-5.91331421514,-0.854945275798,-2.52040176015,-0.870542385876,-40.6618889554,-1.77540225492,-2.50476774626,-1.08912013043,-0.0871347601689,2.26925331734,-63.1584201697,5.70520003133,6.20762925875,0.855554708417,2.53113589995,0.848858955247
107.065382089,0.53732947321,0.0389704057625,0.035798591417,-0.0056692054723,-0.00431579397397,-0.00148845948065,-0.0897012442634,0.0634762704772,0.0377166394486,0.0181836849348,0.0255924376312,-0.0241248642778,62.2519845021,-4.9178206076,-5.9913963933,-0.826654342379,-2.50471072004,-1.11046024861,-40.1117345821,-1.9298282706,-2.57327663939,-1.09066093756,-0.0852677307598,2.31174752317,-63.6390112243,5.89933746497,6.57459885847,0.835262062419,2.51418580823,1.09262410921
107.115382089,0.532206963476,0.0423124224655,0.0381514937197,-0.00431688992269,-0.00283908548506,-0.00219866269355,-0.0885293801245,0.0570181201644,0.046990905128,0.024980959116,0.0227876836997,-0.018497915821,62.4637014052,-5.17973101264,-6.05367591627,-0.792602637532,-2.49287573674,-1.37510357432,-39.3927901756,-2.12651076453,-2.67855090547,-1.10088288616,-0.0817088280158,2.35066148082,-63.8326079007,6.06138719213,6.78028390977,0.804428024035,2.50131242088,1.36142758421
107.165382089,0.528476535197,0.0446722177789,0.0404976819298,-0.00317110956069,-0.002037025604,-0.00333825106275,-0.044811867317,0.0278170562154,0.0404879920502,0.0119208008071,0.00893775382202,-0.0454882961058,62.3378513222,-5.14221677204,-6.10725451671,-0.757214834133,-2.48365184159,-1.56186883073,-38.8768782197,-2.24757620509,-2.79269580387,-1.11578812026,-0.0773194090535,2.37945880307,-63.0307654278,5.57234458819,6.73330967747,0.762857855136,2.48696086619,1.52823815073
107.215382089,0.527725776744,0.0450941280871,0.0422002929247,-0.00312480984199,-0.00194531010286,-0.00674749230413,-0.00855282984311,-0.00245637237166,0.0300310570986,0.0023684393878,-0.00324399820142,-0.101108066095,62.4487336987,-5.31887514344,-6.15802292779,-0.720104064809,-2.47411741788,-1.855530095,-38.7707005989,-2.1924234716,-2.90008988694,-1.13191653392,-0.072546078586,2.39556507427,-62.5809838546,5.28089290421,6.62238525666,0.721225227172,2.47291639242,1.78077827293
107.265382089,0.527621252213,0.0444265805418,0.0435007876397,-0.00293426562191,-0.00236142542414,-0.0134490576723,-0.00220817921018,-0.0179045125305,0.022748371192,0.0155581621086,-0.0072237588402,-0.142532647667,62.6828031643,-5.3189555441,-6.21262562478,-0.684301796442,-2.46511194231,-2.14688837466,-38.7400337221,-1.98786648939,-2.97568396858,-1.146566151,-0.0662903048346,2.40574032309,-62.7169476581,5.04210278102,6.56437769898,0.691666656988,2.46243749008,2.04151028239
107.315382089,0.527504958823,0.043303676834,0.0444751300439,-0.00156899363112,-0.00266768598688,-0.0210007570709,0.0019474329282,-0.0267083361941,0.0152796621993,0.0254540547931,-0.00164749792391,-0.164112566149,62.6309657107,-5.31404975476,-6.2723914918,-0.647294915485,-2.45627356658,-2.37365525763,-38.704681917,-1.73329948096,-3.00009500475,-1.1608086567,-0.0599570123794,2.41439611209,-62.6008530681,4.90106578437,6.50865688532,0.659344254127,2.45566361342,2.25232257055
107.365382089,0.527815995506,0.0417557469223,0.0450287538596,-0.000388860142605,-0.00252617521653,-0.0298603142871,0.0231785907484,-0.0360969013761,0.00384890137185,0.0185822287732,-0.0020798321733,-0.187090170568,62.7431902299,-5.46595663906,-6.34768466478,-0.606114510328,-2.44458239199,-2.59920454838,-38.7221466684,-1.41999705605,-3.00065827937,-1.17185107816,-0.0539208116382,2.42783363848,-62.384785784,4.90779975724,6.4071992133,0.614910891456,2.44381237573,2.46088392093
107.415382089,0.529822817898,0.0396939866964,0.0448600201811,0.000289229246202,-0.00287566920421,-0.0397097741276,0.053152065316,-0.0436221125637,-0.00588082542507,0.0123841276919,-0.00872139210467,-0.20259083079,62.8275846218,-5.43461618849,-6.42293463417,-0.565470849751,-2.43297328297,-2.82040883931,-38.9742653054,-1.04720310397,-2.97193929915,-1.17957340852,-0.0488399282907,2.45336819111,-62.0057082305,4.76009894742,6.33200097902,0.571333198581,2.42974436197,2.67062817074
107.465382089,0.533131202037,0.037393535666,0.0444406713171,0.000849552626589,-0.003398314427,-0.0501193973662,0.0767728159796,-0.0407779232363,-0.000472790982067,0.0187136168783,-0.0122007223269,-0.215716915846,62.9125689279,-5.54186845654,-6.49422245806,-0.521980681495,-2.41989895422,-3.12823979176,-39.4129513901,-0.640261485645,-2.9350713589,-1.18873529159,-0.0440781605605,2.49445716997,-61.7254510884,4.91133016618,6.48691181559,0.530839258599,2.41538188079,2.96875466724
107.515382089,0.537500099496,0.0356161943728,0.0448127410829,0.00216059093403,-0.0040957414369,-0.0612814657122,0.0979174252587,-0.0323622476354,0.0109914811594,0.0218117663586,-0.00781589369578,-0.240544215532,63.0276560902,-5.84969157215,-6.54626609759,-0.467921257499,-2.40028983379,-3.57130884897,-40.0193564966,-0.243212393025,-2.93964516292,-1.21345706225,-0.037835540603,2.56873901524,-61.5135847246,5.3492826578,6.71622447675,0.478246424211,2.39739615547,3.39346825628
107.565382089,0.542922944563,0.0341573109024,0.045539819433,0.00303072926245,-0.00417990379657,-0.0741738189194,0.116892776449,-0.0365944132599,0.00212197327034,0.0152553527248,-0.00242406000385,-0.267246086967,63.0700530959,-5.82003195342,-6.5504568519,-0.420130339598,-2.3838485859,-4.03429452728,-40.7846624707,0.182996260376,-2.98320225768,-1.24500767043,-0.0312256700421,2.6792510902,-61.262570871,5.25418217633,6.58326836587,0.42735185745,2.38295112617,3.83671254679
107.615382089,0.549189377141,0.0319567530468,0.0450249384099,0.00368612620652,-0.00433814743728,-0.0880060744089,0.133764526673,-0.0514279009656,-0.0227172141943,0.00420482667744,-0.0037343282566,-0.325705187134,63.2987622178,-5.79030557985,-6.5291900102,-0.365767426251,-2.36207691061,-4.38055572891,-41.6667569345,0.696020985903,-2.94780483236,-1.26471251429,-0.0262579067693,2.79950461989,-61.2303965615,4.99508948796,6.17791970845,0.367757890285,2.36069435026,4.13975341572
107.665382089,0.55629939723,0.0290145208059,0.0432680980136,0.00345121193019,-0.00455333662223,-0.106744337633,0.112444649538,-0.0653088482558,-0.0350950532046,-0.00301384043493,-0.00686101379845,-0.434213663571,63.0094882997,-5.96705979877,-6.50472450676,-0.309733755674,-2.3410961427,-4.76155462565,-42.6550582141,1.39904494419,-2.84272439323,-1.26914747593,-0.0208032111977,2.95752125779,-61.2707862901,4.95720627372,5.96205893943,0.308307075944,2.33855598957,4.44052917462
107.715382089,0.560433842095,0.0254258682212,0.0415154330895,0.00338474216302,-0.00502424881713,-0.131427440766,0.0291906228966,-0.0755484221902,-0.0277928679538,0.00166798116659,-0.00405305070144,-0.53159136412,62.5071051902,-5.81922631185,-6.48920822203,-0.252015290463,-2.31901577797,-5.08886749057,-43.1704460478,2.2991690081,-2.70971857257,-1.26338816401,-0.010247820985,3.14568652778,-62.0557382741,4.65104095109,6.0594544226,0.252804872716,2.31751521701,4.6958481737
107.765382089,0.55921845952,0.0214596785869,0.0404888112182,0.00361801004685,-0.00495864169238,-0.159903474045,-0.041102678247,-0.0703826043006,-0.0124812759436,0.0163090649484,0.00512133494674,-0.601138887042,61.9022229234,-5.69646000577,-6.47775883775,-0.193026827545,-2.2964626143,-5.38957419368,-42.8490557751,3.29368760698,-2.59159768458,-1.2486720026,0.00408126710237,3.34926798433,-62.537782815,4.60815232689,6.2847641541,0.200747147474,2.29835868613,4.94513658488
107.815382089,0.55632357427,0.0183876077912,0.0402673054951,0.00501564865787,-0.00451211532245,-0.19154132947,-0.0523598893781,-0.0490822420126,0.00329293450417,0.022892691363,0.00281644115478,-0.696926025325,61.2824504648,-5.71697300263,-6.46616265781,-0.133538613943,-2.27390470489,-5.70896299619,-42.2659992298,4.28016508403,-2.49318716247,-1.24390567806,0.0192741235488,3.63195381183,-62.0920776481,4.95802721752,6.51708043703,0.14437546461,2.2749474359,5.19370746559
107.865382089,0.553982470582,0.0165514543856,0.0408181046686,0.00590727918315,-0.0046769975769,-0.229596076577,-0.053311848675,-0.0455072977761,0.0159340545839,0.028177841087,-0.0118090072066,-0.807505090184,60.9401341288,-5.2648355151,-6.4545036496,-0.0754379241369,-2.25049298947,-6.02525435935,-41.7437988872,5.32750701089,-2.46058979926,-1.24839842272,0.0392221806821,4.06604867625,-61.7644812081,4.56116815146,6.70088774027,0.0887766378393,2.24612094073,5.42824485104
107.915382089,0.550992389403,0.0138368780135,0.0418607109535,0.00783343276657,-0.00569301604311,-0.272291838489,-0.0790002974014,-0.0645499095694,0.0275427209281,0.033692241784,-0.0201208530218,-0.902329960989,60.431290723,-5.15853558181,-6.44281761394,-0.0162864853446,-2.22757154955,-6.26360599539,-41.0937635095,6.52217372312,-2.43278163026,-1.26617166334,0.0667530293906,4.60158749015,-61.6528515212,4.16041732584,6.86870345577,0.0322355839914,2.22012220614,5.59648999465
107.965382089,0.546082440842,0.0100964634287,0.0435723767615,0.00927650336155,-0.00668908287908,-0.319829072676,-0.112115170995,-0.0858037916505,0.0352373274721,0.0313637608289,-0.0162273460624,-0.983379951136,59.6524969123,-5.20955728875,-6.42799355221,0.0549688091131,-2.19544443444,-6.5049334786,-40.1186802363,7.845260833,-2.45402035916,-1.28581598306,0.0999172256994,5.24662062731,-61.386104282,3.88279585022,6.97285906908,-0.040121957467,2.18943658411,5.77789511284
108.015382089,0.539780872303,0.0052564988485,0.0453844437007,0.0109698088495,-0.00731575064935,-0.370629833602,-0.122639101385,-0.10626830601,0.0194608286683,0.0304449613594,-0.0188617528336,-1.04499201811,58.7215773412,-5.2196374921,-6.43838286832,0.173042667173,-2.12544768627,-6.75927158654,-38.9049338614,9.24895085754,-2.47060292621,-1.30764859138,0.134221220466,6.003591388,-60.6179134756,3.57643865624,6.73930053807,-0.158630753144,2.11846449952,5.98668181775
108.065382089,0.533818530704,-0.000530367172331,0.0455184596283,0.0123209994975,-0.00857525816244,-0.424328274488,-0.116325852723,-0.123457608564,-0.00792159522884,0.0312074135824,-0.0328936820079,-1.0949291893,57.7439935451,-5.24608171229,-6.44180424541,0.301878899447,-2.04654859402,-7.02628448913,-37.6930346365,10.7316115686,-2.38216258705,-1.31099480782,0.171188005638,6.90211635713,-59.5427095776,3.3370892169,6.31931470411,-0.287106058835,2.03437036613,6.21677487132
108.115382089,0.528148287031,-0.00708926200794,0.0445922841778,0.0140905502077,-0.0106051188501,-0.480122752532,-0.111889604842,-0.133606309396,-0.0106356853734,0.0236673199621,-0.0308709558456,-1.13508104365,56.7581871184,-5.30915680601,-6.41586714512,0.424817381874,-1.97124277048,-7.29537243792,-36.4770792989,12.2543156598,-2.21844601243,-1.31079497615,0.214255352637,7.94947625345,-58.488306618,3.24323762178,6.25141034252,-0.41361384062,1.9598134165,6.45617751025
108.165382089,0.522629570219,-0.0138909981119,0.044454891091,0.0146877314937,-0.011662353747,-0.537836378852,-0.108859067623,-0.138463134763,0.00513996189794,0.0186535207005,-0.0288444476475,-1.13478531864,55.7382796321,-5.28393825721,-6.37815122705,0.548669767898,-1.89471103486,-7.57419324543,-35.241515812,13.7599784848,-2.14330378564,-1.31107615509,0.253430216251,9.16451228649,-57.4215387326,3.14291926111,6.45762910455,-0.539839638883,1.88403195501,6.73521695495
108.215382089,0.517262380269,-0.0209355754842,0.0451062803676,0.0159559022778,-0.0134895636149,-0.593601284396,-0.10758291576,-0.140805143019,0.012133061459,0.0243463572928,-0.0444571568546,-1.07461110567,54.9426447681,-5.40785616745,-6.26787423764,0.675129711302,-1.81520260794,-7.79102893265,-33.9993752192,15.1626465588,-2.11860450527,-1.33072251045,0.30143644219,10.469501907,-56.6061710684,3.23062331431,6.4554845724,-0.663604730072,1.79874323476,6.99654100234
108.265382089,0.511871278643,-0.0279715124138,0.0456681972369,0.017122367223,-0.0161080694325,-0.645297489419,-0.105916669485,-0.137108143303,0.00873150839642,0.0241667452497,-0.052735364565,-0.992439780084,54.0285916442,-5.44587439624,-6.18849585448,0.79450924108,-1.74090154061,-8.04062697388,-32.7285071003,16.3903716276,-2.10288663035,-1.34911720259,0.356947096272,11.7985141454,-55.6663532171,3.32580727631,6.32350886985,-0.78306928388,1.72137732659,7.30689044103
108.315382089,0.50667071332,-0.0346463898145,0.0459794312073,0.0183725768027,-0.0187631000714,-0.692845262404,-0.1125279209,-0.150903038761,0.000232620846963,0.00758450656022,-0.0612090981581,-0.905384274883,53.1409150789,-5.43131824585,-6.13865955481,0.906410641484,-1.67174559944,-8.28326399604,-31.4647817662,17.4183548104,-2.08190968704,-1.36662791614,0.411771198909,13.1335884078,-54.8809046917,3.0979442896,6.14225650972,-0.902820318107,1.64908415503,7.61388986163
108.365382089,0.500618486553,-0.0430618162899,0.0456914593216,0.017880817879,-0.0222289792483,-0.735835916908,-0.125194040016,-0.199231643767,-0.0132017071454,-0.00880601365471,-0.0768037422892,-0.804856703564,52.242100049,-5.39836212016,-6.02866542317,1.01236007046,-1.60609421868,-8.52903108478,-30.0694684548,18.3699362162,-2.0648145466,-1.35087711237,0.476335114484,14.3843418656,-54.1779425267,2.3176956694,5.82453090153,-1.01652862598,1.57765916918,7.93397959756
108.415382089,0.494151309319,-0.0545695541912,0.0446592604927,0.0174919754373,-0.0264434743003,-0.77333093276,-0.12191207996,-0.238492900671,-0.0241800800927,-0.0190069943467,-0.0811888107851,-0.706150017565,51.4441061153,-5.54706176355,-6.1037893384,1.17574804641,-1.50296867447,-8.74639512903,-28.6209129446,19.3689037987,-2.00421828788,-1.32837211209,0.550982560986,15.488065461,-53.3292005088,1.85930883459,5.72989912643,-1.18474550136,1.47291014105,8.22432006114
108.465382089,0.488427278557,-0.066911106357,0.0432734513123,0.0159801184443,-0.0303478603268,-0.806450918664,-0.090594953231,-0.229767265415,-0.0259756450772,-0.0210721481385,-0.0714747191075,-0.61918605383,50.8275854836,-5.56776435049,-5.89084318363,1.23818190262,-1.44227688728,-8.91476995125,-27.2750818285,20.3118880717,-1.9557057668,-1.2856533876,0.621362626791,16.5181402639,-52.2284313922,2.01493362209,5.48918862308,-1.24815695181,1.41581480203,8.45698960281
108.515382089,0.485091813995,-0.0775462807327,0.042061695985,0.0153847606234,-0.0335909462111,-0.835249538143,-0.0276146722521,-0.177291351019,-0.0167321950537,-0.0110534663848,-0.054478258424,-0.542211879465,50.8925612487,-5.5656852004,-5.55800177583,1.25342533824,-1.32516275752,-8.89702426764,-26.2465686845,21.0696059399,-1.91979183132,-1.26259802598,0.679606754885,17.5324426445,-51.319559655,2.82427571961,5.29927624923,-1.25865778394,1.3049932719,8.49615292764
108.565382089,0.485665811332,-0.0846402414589,0.0416002318069,0.0148747718058,-0.0357956861692,-0.86067210661,0.0262912835231,-0.126327864084,-0.00226678430152,-0.0101130529292,-0.0414216580675,-0.480530963267,51.3413384143,-5.60971863143,-5.26493157458,1.23484708821,-1.20444823217,-8.77418367055,-25.7110325573,21.5658122162,-1.95488025871,-1.25418668519,0.71859908748,18.6043805963,-50.9348032196,3.65634413067,5.22988088576,-1.23963436476,1.1891126917,8.4189146356
108.615382089,0.487720942348,-0.0901790671411,0.0418350175549,0.0143734553305,-0.0377331120178,-0.88330263447,0.0323548199011,-0.109588121178,0.00284177738407,-0.0165526358507,-0.0309338599684,-0.42699215972,51.8708762657,-5.43528004882,-4.93080731285,1.22199555226,-1.08421393632,-8.63029938648,-25.376843973,21.8696035154,-2.04926616748,-1.2544401716,0.751515283247,19.6659897826,-51.3705822045,3.74074778511,4.97474896831,-1.22983117281,1.07276129335,8.31461298101
108.665382089,0.488901293322,-0.0955990535768,0.0418844095453,0.0132195082208,-0.038889072166,-0.903371322582,0.0155276640977,-0.108532200722,-0.00691697544982,-0.0191466811818,-0.0179698275239,-0.372677663885,52.439125682,-5.45169690325,-4.62441025955,1.19934662306,-0.966325166259,-8.47494109427,-24.9748587236,22.0088914301,-2.14422056364,-1.23657502489,0.76962955619,20.6400204488,-52.1990255004,3.77349205954,4.51745488937,-1.20841020241,0.959672197015,8.19941080775
108.715382089,0.489273708758,-0.101032287213,0.0411433200099,0.0124587872123,-0.0395300947702,-0.920570400859,0.0102488554907,-0.10642922927,-0.0202238599679,-0.0188092189052,0.00584752292476,-0.315873710019,53.1209749548,-5.48397696812,-4.31997321482,1.18449443384,-0.860288687435,-8.28846578316,-24.525764512,21.9973330741,-2.17763332723,-1.21229402737,0.773355947453,21.5053240422,-52.9624996008,3.83828981826,4.00725699299,-1.19339826665,0.862453615847,8.05493213663
108.765382089,0.489926178871,-0.106241976504,0.0398620235485,0.0113385863303,-0.0383043198735,-0.934958693584,0.0205280605104,-0.0963385445285,-0.025422819146,-0.0218654397527,0.0469028639814,-0.265297710382,53.7352264983,-5.52661749455,-4.07728476158,1.1544319854,-0.764522119664,-8.12041378008,-24.1711700434,21.8722451954,-2.17952040596,-1.17271444382,0.740418768719,22.2808099104,-53.4178065036,4.03695994602,3.68417840284,-1.16478255981,0.781886966996,7.92427228506
108.815382089,0.491326514809,-0.110666141666,0.0386010380953,0.010272243237,-0.0348398083721,-0.947100171897,0.0172431476142,-0.0839323509452,-0.0193494862242,-0.0228043191391,0.0832223892097,-0.225428575171,54.4183025217,-5.48307257072,-3.70542723537,1.15408587089,-0.646559401707,-7.93395905281,-23.9791967239,21.6162220085,-2.17881826157,-1.13172655254,0.665333108139,22.9945186379,-54.1516762701,4.18524872708,3.40623122451,-1.16488088827,0.677370826864,7.76729384604
108.865382089,0.491650493633,-0.114635211598,0.0379270749261,0.00905815441635,-0.0299820809526,-0.957501551101,-0.00428399464749,-0.0748304463428,-0.00760904054239,-0.0139343571993,0.118948070554,-0.189669701433,55.039007335,-5.46897789078,-3.65744177117,1.07721486415,-0.591841693569,-7.76440984304,-23.7468001068,21.2044638732,-2.20831089042,-1.08896935558,0.566710444186,23.6043052672,-55.1052496163,4.31189440151,3.53978518069,-1.08381105442,0.63587983773,7.62418210136
108.915382089,0.490898115344,-0.1181491863,0.037840134041,0.0088788075171,-0.0229450013167,-0.96606714204,-0.0086099487061,-0.0593216884823,-0.000719604817821,0.00230592235589,0.154291890365,-0.146721674222,55.6299072073,-5.40022360625,-4.1586592747,1.08641144256,-0.447099797319,-7.60326169617,-23.4855631003,20.6533384499,-2.24599688075,-1.06610880061,0.431910757782,24.0975047492,-55.7630405772,4.48294795638,4.14753221487,-1.08531987426,0.504223283889,7.49478654766
108.965382089,0.490789498762,-0.120567380447,0.0378551144443,0.00928874665194,-0.014552891916,-0.972173718524,0.00898576260217,-0.0356380794915,-1.56404410476e-05,0.0103319457943,0.168846431717,-0.105477515481,56.357274143,-5.45181022599,-4.44629769592,1.0585676106,-0.350224818316,-7.40425751868,-23.4004309272,19.977059833,-2.27319296694,-1.05168575705,0.26971146752,24.4889874277,-56.2183296618,4.90074798617,4.4460558519,-1.05367671543,0.412736832731,7.32627524907
109.015382089,0.491796691604,-0.12171299425,0.0378385699969,0.00991200209652,-0.00606035814492,-0.976614893588,-0.000225463468434,-0.0220572500653,-0.000428581721789,0.00740256698331,0.154235604336,-0.0732594240707,56.9202424422,-5.38504218665,-4.46902010677,1.06369343959,-0.354299338985,-7.25073270284,-23.5384777336,19.1963422384,-2.29002546512,-1.03790823966,0.100842145178,24.8081959971,-56.9237287245,5.04397673647,4.46239306045,-1.06018924204,0.411401986778,7.19657010588
109.065382089,0.490766952415,-0.122773105453,0.0378122562721,0.0100290033503,0.000870668517593,-0.979499660931,-0.0604388269929,-0.0401238599914,-0.00481097690315,0.000824600463878,0.135669370048,-0.0435389652575,57.6289379214,-5.40267871616,-4.34211474185,1.11644392337,-0.411277017324,-7.05699004506,-23.5199838378,18.3234620747,-2.29872739966,-1.00777768183,-0.0406852749032,24.9668688542,-58.5634875899,4.78225403355,4.26772387271,-1.1160535773,0.461505888197,7.02480055603
109.115382089,0.485752808905,-0.125725380249,0.0373574723066,0.00999446214291,0.00750657885988,-0.980968790114,-0.110745252356,-0.0716218474042,-0.00935326944295,0.00308990333355,0.135661617677,-0.0139384434704,58.2755519715,-5.32823379844,-4.18695049179,1.17834507326,-0.481517064255,-6.88064400595,-23.0927632568,17.5028107552,-2.25744026619,-0.963922665965,-0.173821682652,24.932693165,-59.98797665,4.22076402975,4.04232334907,-1.17688238718,0.531743064967,6.8703389523
109.165382089,0.47969242718,-0.129935290193,0.0368769293279,0.0103379936836,0.0144368302852,-0.980893505278,-0.0966023607153,-0.0871532540113,-0.00428395252343,0.0155603299381,0.136824100692,0.0175549386992,59.0221647586,-5.44934901142,-4.17436817637,1.21867768127,-0.529383922825,-6.6760543961,-22.5935526481,16.7954949039,-2.19993425322,-0.925888079025,-0.30948980766,24.7894956487,-60.5159016273,4.10172119171,4.10812654644,-1.21131179452,0.580040309625,6.68903321871
109.215382089,0.476092572833,-0.13444070565,0.0369290770543,0.0115504951367,0.0211889889291,-0.979213296244,-0.0488714316248,-0.0945612967401,0.0110005362316,0.0378404166753,0.128115219876,0.0447492200424,59.5818459291,-5.35382945932,-4.09098546673,1.25138420378,-0.586515230127,-6.52356274573,-22.4118042939,16.2317157456,-2.17456578297,-0.912598091521,-0.440716258001,24.6207282818,-60.3375320087,3.8916530254,4.26108386209,-1.23347145869,0.633947327981,6.55664700758
109.265382089,0.474805284017,-0.139391419867,0.037976982951,0.0141220353512,0.0272483522728,-0.976418583273,-0.0146452353364,-0.10711661625,0.0325129769522,0.0582256659895,0.114870285546,0.0644815402858,60.1677712731,-5.39629570207,-3.88173239054,1.2607547886,-0.662758380116,-6.33697608885,-22.5107480331,15.8225878022,-2.2095086004,-0.937057053722,-0.554722872507,24.4387482053,-60.3942266911,3.73997966833,4.38447199263,-1.23319215573,0.705286805933,6.3846489681
109.315382089,0.4746280493,-0.145152367275,0.0401803747495,0.0173730617357,0.0326760174837,-0.972765142216,-0.00741076175726,-0.111994671973,0.0464485811516,0.0756439062174,0.102546158369,0.0810812462097,60.7758210305,-5.29639840377,-3.77400621775,1.29356429177,-0.723657354269,-6.13931325598,-22.7437916411,15.5575990418,-2.31938165491,-0.985321261891,-0.648843701176,24.226674883,-60.8904116883,3.56465427876,4.4922283984,-1.25775628202,0.761623018482,6.19925872942
109.365382089,0.474064207841,-0.150590887065,0.0426218410662,0.0216864259729,0.0375029681098,-0.968310458652,-0.0105397976502,-0.0936041741783,0.0388547712303,0.0882903626145,0.080680654877,0.103741812425,61.3806779864,-5.49618088692,-3.79475290933,1.35740638547,-0.765181620248,-5.93221467596,-22.9479488569,15.292077759,-2.43460820912,-1.05093440634,-0.728305004797,23.9380975232,-61.5436521024,4.04880418717,4.39555400657,-1.31561184678,0.795052019103,6.00891369517
109.415382089,0.473574069535,-0.154512784693,0.0440658518725,0.0262020979971,0.0407440829714,-0.962390960973,-0.00114797345979,-0.0673045395152,0.0216255224263,0.0923902055267,0.0558381089863,0.12724123133,61.7977170533,-5.56830119374,-3.8187145781,1.42341065481,-0.809035065246,-5.74575794563,-23.1620555835,14.9252363615,-2.48521539934,-1.10395575887,-0.786623130246,23.5323030519,-61.8154678647,4.5275888202,4.15310433748,-1.37967534888,0.829708008336,5.83983069622
109.465382089,0.473949410495,-0.157321341016,0.0447843933088,0.0309254465256,0.0430867790084,-0.955586335519,0.000352867785629,-0.0521999867255,0.0154367070016,0.0940850624355,0.0424284924911,0.146717823914,62.4655583062,-5.57048138571,-3.81091901705,1.48546453006,-0.849295917977,-5.4831255149,-23.4372904473,14.5197898362,-2.49252204024,-1.14878603974,-0.834311393512,23.0437221121,-62.4601020045,4.763326735,4.049612753,-1.44092691954,0.865004218752,5.59159781678
109.515382089,0.473609356313,-0.159732783365,0.0456095225727,0.0356106042407,0.0449869322205,-0.947719178582,-0.022013212808,-0.0448612513451,0.0189643200463,0.0933321129582,0.030122369767,0.163139884934,62.5506771168,-5.64260149968,-3.74749663232,1.5021594318,-0.859708787232,-5.40778450933,-23.574418263,14.0964389002,-2.50440333635,-1.18788997547,-0.869238986631,22.4487987141,-62.8910616305,4.9489237819,4.04073691998,-1.4579782495,0.870860992191,5.5283980679
109.565382089,0.471748089215,-0.161807466151,0.0466808253134,0.0402586578214,0.0460990159851,-0.939272347026,-0.0448403358467,-0.0427684333777,0.0209403309157,0.0913006139265,0.0255653346087,0.165673323997,62.5330909544,-5.67615694321,-3.67942358805,1.50618897088,-0.863284773633,-5.37497558147,-23.4639760058,13.637263642,-2.52497597751,-1.2225115143,-0.883243465116,21.7584882803,-63.2264452613,5.01483991863,4.0032184115,-1.46296945146,0.872749827466,5.49746217741
109.615382089,0.469125322728,-0.164009626703,0.0477035556643,0.0447406656333,0.0475434656813,-0.931151846182,-0.0567977344864,-0.0458586210444,0.0193101232984,0.0848103238782,0.0162864083599,0.16031873462,62.506386997,-5.70263763768,-4.04212687106,1.40354095384,-0.937867418325,-5.35112059129,-23.169731537,13.1961473864,-2.53557215996,-1.25023654544,-0.898843036668,21.0352861407,-63.3846354108,4.99353785484,4.34071422335,-1.36339378196,0.943897135292,5.46964840008
109.665382089,0.466068315766,-0.166393328255,0.0486118376433,0.0487396902092,0.0477276568211,-0.923240473564,-0.05626373376,-0.0425874380673,0.0149007169116,0.068424896531,-0.0041976575568,0.164154266685,62.4792682781,-5.72581043479,-4.16245488089,1.35531215132,-0.970967904646,-5.33018857577,-22.7081290564,12.7698530712,-2.53611837391,-1.26665731187,-0.891208311529,20.2841144388,-63.3492595792,5.06729209304,4.3928607432,-1.3229214475,0.969413805889,5.45155209314
109.715382089,0.463498949352,-0.16826837051,0.0491936273554,0.0515831552864,0.0471236999257,-0.914736419513,-0.057837635262,-0.0281732261715,0.00935883207682,0.0565226106395,-0.0153456538433,0.272065664821,62.4643488236,-5.73516610663,-4.35725226268,1.28851439608,-1.01646756684,-5.31368258,-22.1318979382,12.3034911806,-2.51438076179,-1.2570262226,-0.869883646126,19.4687641661,-63.3586769493,5.29953092823,4.50196541894,-1.26175794875,1.01078614541,5.51482779971
109.765382089,0.46028455224,-0.169210650872,0.049547720851,0.0543919512731,0.0461930914367,-0.896033907082,-0.0663634268006,0.00389347008967,0.00172709609735,0.0458006124062,-0.0264469081133,0.529773558591,62.4628104646,-5.73043756351,-4.58809248683,1.21287095032,-1.06797547925,-5.30087926978,-21.3108049418,11.711987411,-2.46345189392,-1.23233337347,-0.83192169573,18.2537083819,-63.4889706601,5.79064126637,4.61479811905,-1.19119003962,1.05818404046,5.69255463576
109.815382089,0.456862606672,-0.167879023501,0.0493663369651,0.056163216527,0.0444790091143,-0.861759063654,-0.0681288051533,0.0554816501191,-0.0124388399634,0.0138149064284,-0.0357573155357,0.795456816244,62.4787103795,-5.70796517212,-4.84255700379,1.13374139302,-1.12355700649,-5.28350867367,-20.1932984991,10.8738094297,-2.36483112375,-1.16721579892,-0.767903927308,16.4742771679,-63.5321681556,6.56586331984,4.65021849653,-1.12720174787,1.11031857556,5.8716105798
109.865382089,0.453471671725,-0.16366248586,0.0483038368546,0.055773441916,0.0426173598832,-0.816488225458,-0.0534046287246,0.0892563122218,-0.0243221434278,-0.0242128117082,-0.0396700201077,0.97971850361,62.4945923672,-5.68537790577,-5.09842951021,1.05420405432,-1.18421752327,-5.26619335403,-18.7076418029,9.74619684726,-2.20411891559,-1.05229623432,-0.693734617892,14.3568700293,-63.32037408,7.06552476087,4.7223426103,-1.06566581828,1.16953049173,5.99052471643
109.915382089,0.4515221438,-0.158953392278,0.0469341226224,0.0537419353562,0.0405120071036,-0.763787213293,-0.012358477335,0.0845736075379,-0.0250083721585,-0.04700790569,-0.0430588731194,1.11504882718,62.5104728676,-5.66273441119,-5.21880703999,0.906572675467,-1.29010419218,-5.24890036443,-17.1875112022,8.56455519704,-2.05224318696,-0.917218883183,-0.613768096184,12.1926610956,-62.7015687487,6.97047383669,4.83210916589,-0.928825089831,1.27416250559,6.07328495363
109.965382089,0.452235823991,-0.155205125107,0.0458029996388,0.051072651347,0.0383114725712,-0.704983342739,0.0280114149797,0.0739530930434,-0.0205973389813,-0.0490366465237,-0.0420989314261,1.23888450466,62.7190006631,-5.5786244265,-5.29993871954,0.738340837786,-1.41952259325,-5.13459979918,-16.4837358654,7.56851610051,-1.99137744648,-0.779791842874,-0.544784876914,10.130071363,-62.2858675285,6.72214163271,4.98144749006,-0.761553609371,1.40393630587,6.05053932446
110.015382089,0.454323285298,-0.151558082974,0.0448743887242,0.0488382707038,0.0363021139609,-0.639898762828,0.0344282932467,0.0870608026752,-0.014943447227,-0.0541654203455,-0.0418761994686,1.2760943038,63.744014044,-5.73149981123,-5.52168986933,0.606600068918,-1.56505163293,-4.67658095316,-17.598925633,7.12158932259,-2.00686483313,-0.648120452901,-0.513296904345,8.10066915345,-63.2116584104,7.07769808028,5.29062327941,-0.63224067894,1.5495478076,5.62003065041
110.065382089,0.455678653316,-0.146499044839,0.0443086549161,0.0456561093124,0.0341238526244,-0.577373912359,0.0218613120218,0.106549926698,-0.00821790005018,-0.0698846074993,-0.0299361274019,1.24799325745,64.1388094041,-5.76259705448,-5.84473747483,0.471838374435,-1.7296380149,-4.03784136612,-19.6920288642,7.20164145722,-2.1063402935,-0.517205873459,-0.504245291871,6.33146018714,-63.8007736923,7.41015051689,5.71766625009,-0.504920070395,1.71855476245,4.96051522917
110.115382089,0.4565094165,-0.140903090304,0.0440525987192,0.0418498099539,0.0333085012207,-0.515099437083,0.0249069610787,0.100900401024,-0.00386926679464,-0.0622638032697,-0.0156995224161,1.27981242433,64.1089361339,-5.56498643365,-6.15632519304,0.323247133027,-1.90780190975,-3.07334328162,-21.6856796283,7.3313976229,-2.23915533614,-0.392952241075,-0.507407945445,4.76240378996,-63.7238063526,7.12518276806,6.09649573935,-0.352721323164,1.90198947556,4.01954188206
110.165382089,0.458169349424,-0.136409004737,0.0439217282366,0.0394297289855,0.0325539003828,-0.449392669926,0.041143298273,0.0788176800661,-0.00131299518659,-0.0499078828091,0.000961402398611,1.34587570136,63.7318269063,-5.32036977434,-6.39692104783,0.166086988832,-2.09330303236,-2.08810829745,-23.2801869083,7.36950165569,-2.36128024181,-0.29214396028,-0.500984843258,3.29513746693,-63.095638918,6.53910680886,6.37661854897,-0.189712182764,2.09365897237,3.08314919624
110.215382089,0.460623746327,-0.133021322298,0.0439212992006,0.036859021673,0.0334046414606,-0.380511866947,0.0489251860822,0.0777729216819,0.00300313927915,-0.0445072162069,0.0216401128988,1.3938341542,63.6135294187,-5.19444238318,-6.6943345347,-0.0176647108976,-2.30094101324,-1.03326581038,-24.4999370157,7.29883949461,-2.4540320133,-0.196391950412,-0.495787923129,1.93749946268,-62.8570121481,6.39702459388,6.74077128666,-0.00340393708156,2.30895283224,2.06376364027
110.265382089,0.463061868032,-0.128631712569,0.0442220421645,0.0349790073648,0.0347179116726,-0.310009254506,0.0487025727446,0.0980087560217,0.00901497945738,-0.0464462378152,0.0305441664209,1.32288575181,63.5188756323,-4.53679676395,-7.06187330459,-0.20090529275,-2.50950524893,0.0812441170986,-25.4632587777,7.05980303969,-2.54392547644,-0.111128102185,-0.481732359265,0.710857262692,-62.7658005732,6.05228035304,7.20126955833,0.178918758478,2.52081361566,0.896799714246
110.315382089,0.465494003602,-0.123220446696,0.0448227971463,0.0322143978915,0.0364590581027,-0.248223291766,0.0423199786229,0.110073208982,0.0133766366132,-0.0642233610222,0.0276726192908,1.09265322595,63.3084766695,-3.79033426002,-7.29717972701,-0.366573288765,-2.70509439359,1.17362080546,-26.2564629184,6.70725199761,-2.62981515853,-0.030913780802,-0.465465477487,-0.255725613754,-62.6540939828,5.49236730872,7.50401913695,0.336171491018,2.71533962743,-0.365793866534
110.365382089,0.467293865894,-0.11762439167,0.0455597058258,0.0285566712626,0.0374851736017,-0.200743931911,0.0283702648111,0.109012071186,0.0154551659328,-0.061780254646,0.0150573735312,0.8457963681,63.7240944638,-2.89840847656,-7.55539091379,-0.547820206104,-2.90935055937,2.22803119811,-26.8453444006,6.31941278434,-2.7027920758,0.0380083859215,-0.447546468288,-0.942402538217,-63.2854125288,4.58403343092,7.79437007533,0.51857491628,2.91492525077,-1.60271195246
110.415382089,0.468331030083,-0.112319239577,0.0463683137396,0.0260363724269,0.0379647954558,-0.163643654956,0.0143466146311,0.118626576449,0.01866864545,-0.046771993587,-0.00306332382552,0.676033734602,63.4098877005,-1.78128959114,-7.94239423548,-0.770399614811,-3.14108708722,3.21384869453,-27.2356734175,5.93126514974,-2.77162742277,0.0878024295793,-0.429356462555,-1.44100369915,-63.1880497758,3.61558110892,8.2310625847,0.748258875575,3.13995295284,-2.71403937766
110.465382089,0.468728527357,-0.105761734025,0.0474265703708,0.0238794719039,0.0371788412192,-0.13314055845,0.00197833531572,0.150843330019,0.0244034799617,-0.0438372380652,-0.0137881289788,0.551677576975,63.238703832,-1.26209033938,-8.24522134816,-0.957240482803,-3.33591577797,4.00302743869,-27.5169946949,5.46545822249,-2.85312443635,0.130412766789,-0.407217595547,-1.84068662591,-63.2081133539,3.59454103509,8.62256593348,0.936488986397,3.33081099898,-3.59515786241
110.515382089,0.468528863615,-0.097234906575,0.0488086617357,0.0216526486204,0.0365859825579,-0.108475897258,0.00698407387832,0.175379711499,0.029287238437,-0.0634203854977,-0.0226048369171,0.434308526352,62.9639373602,-1.28791404976,-8.42693233009,-1.06581841267,-3.43567355301,4.24364367632,-27.7257131048,4.88631917278,-2.94945476633,0.171107716296,-0.384917838497,-2.17595954385,-62.8559444647,3.99976435196,8.87979318684,1.03579672427,3.42730456424,-3.92254809077
110.565382089,0.469426934745,-0.0882237628756,0.0503552942145,0.0175374333541,0.0349183575275,-0.0897097058151,0.0466378667834,0.1692346463,0.0278946161129,-0.0864809074347,-0.039509359316,0.393502730293,62.705418504,-1.28364740873,-8.53317756217,-1.13261431974,-3.496715019,4.30092720052,-28.0389043229,4.28773803167,-3.04759515013,0.216489089722,-0.364817246173,-2.46566049751,-61.9842694495,3.90047818574,8.96450466659,1.0916763337,3.4820874689,-4.01000040095
110.615382089,0.473192650293,-0.080311441945,0.051598123347,0.0130045578769,0.0326350466263,-0.069125624229,0.0985496596548,0.15786585526,0.0224130122497,-0.0836737651849,-0.0509682145906,0.412455154577,62.5536438548,-1.28277646505,-8.64787915735,-1.19757365969,-3.5535656341,4.28406605771,-28.609210798,3.7285583907,-3.13312293069,0.261661886119,-0.35063048859,-2.7730093227,-61.0297964153,3.72381461955,8.99444566452,1.15796450742,3.53469567201,-3.9791272381
110.665382089,0.47928190071,-0.0724371773496,0.0525965954395,0.0091700568356,0.0298215360684,-0.0484641903574,0.130019310323,0.179692250534,0.0188303537003,-0.0794959828495,-0.0519848451029,0.392138528715,62.43723188,-1.29939599969,-8.73384949393,-1.27133886151,-3.61532404134,4.24153997461,-29.4171814137,3.15101973995,-3.21890252322,0.303439807219,-0.342954875705,-3.0941374259,-60.426777518,4.07792995753,9.02501829525,1.23370737113,3.59607769214,-3.95162176473
110.715382089,0.486194581325,-0.0623422168916,0.0534811587171,0.00505495959194,0.0274365621161,-0.0299117713575,0.142997958249,0.2213913187,0.016196434094,-0.0809766168164,-0.0561431342195,0.336692009793,62.3503898248,-1.31261742448,-8.83003568976,-1.34761702739,-3.67857100141,4.19048517242,-30.3451816551,2.41753361141,-3.29848605064,0.347457858393,-0.339933068878,-3.42721693918,-60.1392500472,4.73593309419,9.08047688571,1.30928464043,3.65778512882,-3.94156001559
110.765382089,0.493581696535,-0.0502980454796,0.0542162388489,0.00107239515397,0.0242072226465,-0.0147949893782,0.129478036605,0.228355489022,0.0135216870303,-0.0725827082211,-0.0710497006018,0.175963311886,62.2748799369,-1.31178445381,-8.94412135322,-1.42442361574,-3.74221211692,4.13080842584,-31.354252527,1.54152393016,-3.37230592715,0.392158832603,-0.340538393364,-3.76244604667,-60.2727951478,4.84278525557,9.15320363957,1.39006470365,3.71590738627,-4.00071417432
110.815382089,0.499142384986,-0.0395066679893,0.0548333274201,-0.00220331123017,0.0203315920559,-0.012315440169,0.0928466107562,0.203102322052,0.0111734556392,-0.0571260441204,-0.0876806595136,-0.109471838945,62.2103571287,-1.2977659108,-9.05944410024,-1.49657200079,-3.80260783338,4.0658681274,-32.1914063428,0.799220982678,-3.43490118569,0.428320239014,-0.344158768992,-3.99499616314,-60.7746944326,4.43828364075,9.23221630287,1.46952990253,3.77014582281,-4.1468035042
110.865382089,0.502866357611,-0.0299878132744,0.0553335844128,-0.00464020925807,0.0154391566951,-0.0257421732727,0.0760952183715,0.180055859213,0.0131617942675,-0.041683535378,-0.0881142813849,-0.399903115189,62.1007559074,-1.32857970833,-9.16196782225,-1.56557390168,-3.86096416772,3.988275533,-32.9038570224,0.240647989572,-3.4943986963,0.457506987528,-0.350696571472,-4.11501958653,-60.9241155812,4.11273605143,9.36548518156,1.54584191644,3.82834161733,-4.28393430354
110.915382089,0.506751906823,-0.0215010820681,0.0561495068468,-0.00637166476797,0.0115201639174,-0.0523057516879,0.0812720598918,0.160012583141,0.0199555550595,-0.0217158691376,-0.0783531702568,-0.628046713966,61.9613671583,-1.39816188258,-9.3140399913,-1.63879476617,-3.92280889252,3.90256906257,-33.766062559,-0.155175713255,-3.58984356143,0.487849480598,-0.359449792784,-4.15655639514,-60.7046786947,3.87239432508,9.62260748497,1.62851499491,3.89380019829,-4.36690032742
110.965382089,0.5109935636,-0.0139865549604,0.0573291399188,-0.00681179617183,0.00760383966942,-0.0885468446693,0.0714790369873,0.126081597517,0.0224432586764,-0.00229939957886,-0.0678821922618,-0.821399289017,61.8297146451,-1.51407092391,-9.54694186047,-1.68136202355,-3.97558039999,3.63936789889,-34.7943287054,-0.404891184355,-3.73573453024,0.518399756897,-0.365943228897,-4.11266812077,-60.7244531163,3.46363746958,9.89397606017,1.68027354297,3.95044837595,-4.24664974964
111.015382089,0.513899810522,-0.00889292231641,0.0583938327145,-0.00660160472585,0.00473194469121,-0.13444568059,0.0419701078126,0.0739599989918,0.019480902142,0.0112858177704,-0.057600128442,-1.00044088139,61.0156541441,-2.58777658731,-9.79218266901,-1.57554987755,-3.97270535531,2.52439953036,-35.7586026197,-0.386218274457,-3.88056058461,0.542420873121,-0.371333798094,-3.90469011672,-60.3666814175,3.73140057838,10.0934107296,1.58089231282,3.95138005975,-3.26405148543
111.065382089,0.515190574381,-0.00659055506118,0.059277230133,-0.0056832143948,0.00184382682521,-0.188590932808,0.00117505845261,0.0340326225156,0.0149951235384,0.0382132281583,-0.0560197320813,-1.16516627879,59.4694432781,-3.35228559021,-10.0898570915,-1.4166338439,-3.94687326208,0.899766621714,-36.6006918537,-0.0686525987808,-4.01997077411,0.556392875341,-0.372885522916,-3.49562388697,-59.4512736586,3.87852307153,10.3217227386,1.43472306899,3.92613307668,-1.76120434595
111.115382089,0.514017316367,-0.00548966006484,0.0598933450683,-0.00278028191003,-0.000870028516926,-0.250962308469,-0.0493169082593,0.0250586535896,0.00905599309543,0.0771926562849,-0.0433598663955,-1.31300244757,57.8018093532,-4.00358336764,-10.5000680989,-1.2473830363,-3.9183488716,-0.820523942993,-37.2258751698,0.46097968261,-4.16047152021,0.550817004871,-0.368750618602,-2.84403038399,-58.5643837207,4.39105873026,10.6400985358,1.28392418716,3.90229574827,-0.150212904556
111.165382089,0.510258883556,-0.00408468970222,0.0601828294425,0.00203605123369,-0.00249215981434,-0.319891177565,-0.0983310325504,0.0176895174035,0.00317923368939,0.100468082401,-0.0371546091311,-1.43432708238,56.8338647612,-4.84655482888,-10.9051002603,-1.07735396549,-3.89707136706,-2.44694211854,-37.6299178946,1.10538061775,-4.29772837,0.521196664927,-0.363621202531,-1.9362122183,-58.3543316274,5.12008317892,10.9542599138,1.12491314447,3.88331561612,1.38650681403
111.215382089,0.504184213112,-0.00372070832449,0.0602112684373,0.00726652633004,-0.00458548943004,-0.394395016707,-0.134997382709,-0.0309646450531,-0.000920813080811,0.101577526009,-0.0550253425174,-1.54438754141,56.021778424,-5.59937671573,-11.3630654288,-0.891702127743,-3.88265938376,-4.13839026853,-37.8177984853,1.95484331897,-4.42023689751,0.471075809194,-0.350727497887,-0.738065779753,-58.1092074086,5.12057856212,11.3488271386,0.939786490695,3.8622873512,2.99658440509
111.265382089,0.496759145285,-0.00718115420754,0.0600907481344,0.0121938038346,-0.00799469406607,-0.474329931706,-0.14835284632,-0.0906342893959,-0.00497671766566,0.104513543005,-0.0701206476292,-1.63931575027,55.0120346968,-5.90086589781,-11.7742898755,-0.710272752606,-3.85448788732,-5.79751862281,-37.859201147,3.18367825508,-4.5288248172,0.401497874758,-0.322574112154,0.793214936523,-57.3059756989,4.49941174449,11.6973362006,0.759746955539,3.82852711995,4.58552986643
111.315382089,0.48934892848,-0.0127841372641,0.0597135966707,0.0177178806305,-0.011597554193,-0.558326591734,-0.122837304881,-0.104960983678,-0.0110854120413,0.104698471111,-0.0689428119478,-1.62201795747,53.8876292366,-6.1662867676,-12.1543990547,-0.535782753069,-3.82098524404,-7.22260166473,-37.9552140394,4.68316579508,-4.64037954339,0.307841267431,-0.28706684835,2.63018892512,-55.7870301395,4.54330271275,11.9829882471,0.58534449653,3.79546054677,6.02340161631
111.365382089,0.484475414797,-0.0176772525754,0.0589822069303,0.0226636509456,-0.0148889752609,-0.636531727453,-0.0731045361642,-0.0911839671688,-0.0181613723484,0.0917862928306,-0.0587074507217,-1.4644636409,51.8964579581,-5.80330287495,-12.5951737836,-0.35353768681,-3.80747362511,-8.28008550866,-38.3920497238,6.20574689714,-4.74854559787,0.216675200487,-0.253082000927,4.50047850593,-53.0268541527,4.39334919896,12.3143492648,0.396987114965,3.78573836563,7.19736946289
111.415382089,0.482038474863,-0.021902533981,0.0578974594359,0.0268965099136,-0.0174682992651,-0.704772955824,-0.0691292238233,-0.0955541919866,-0.0292620922389,0.0857295476175,-0.0455515460014,-1.29126254816,49.9947368778,-5.45932060511,-13.0530513006,-0.170847233275,-3.78988904446,-9.14286511565,-39.0862758759,7.72883128072,-4.84434172917,0.136355504453,-0.227032559799,6.25264761131,-51.0636638644,3.98179129342,12.6005792729,0.211429543608,3.77302449558,8.18820114098
111.465382089,0.477562492414,-0.027232671774,0.0560559977064,0.0312366057074,-0.019444129861,-0.765657982268,-0.111791514278,-0.118322189522,-0.0448759191498,0.0787303968564,-0.0358128110631,-1.16143739223,47.8578080334,-5.64065116802,-13.3018170002,-0.0198737734534,-3.74337947204,-9.72595674033,-39.3587698934,9.32544881679,-4.86911525801,0.0434486272001,-0.204633619419,7.97738703141,-49.5864107845,3.81106630515,12.607912478,0.0571428537957,3.730120495,8.86727587888
111.515382089,0.470859323436,-0.0337347529332,0.0534098675209,0.0347695495992,-0.0210495803714,-0.820916695047,-0.127848765406,-0.127067570635,-0.0513929544988,0.0693840981294,-0.0299810505824,-1.04234627365,47.2777620227,-5.69988955119,-13.117941873,0.0814068251577,-3.64583358913,-9.88418358722,-39.1827703095,10.9828224796,-4.80384962693,-0.0483697752572,-0.184488351924,9.68541215303,-49.2546538202,3.73507716279,12.3232661491,-0.0485620583216,3.63473370477,9.1135498861
111.565382089,0.464777615874,-0.0399394288375,0.0509167022565,0.0381750155203,-0.0224422349192,-0.869892609634,-0.106927428413,-0.117405849048,-0.0453086070493,0.0606119727063,-0.0296738578896,-0.927585955034,47.2852831886,-5.71633434306,-12.6264634174,0.221448853044,-3.48901207587,-9.88205116745,-38.9753229217,12.634380639,-4.74946319668,-0.135482506746,-0.164968103049,11.2784018316,-48.9386738606,3.90091861166,11.9258683561,-0.192756599852,3.47802592346,9.19626275366
111.615382089,0.460166580594,-0.045475337838,0.0488790068159,0.0408307468699,-0.0240169661604,-0.91367529055,-0.0782132339053,-0.121546985847,-0.0428016467424,0.0482161896888,-0.025906493112,-0.819681832263,47.6286309676,-5.68969157557,-12.1203937253,0.314470293964,-3.33018858441,-9.78835211616,-38.8643133961,14.2872347963,-4.72223271083,-0.203265616307,-0.140280465131,12.7559068981,-48.8380216103,3.8102425362,11.4585631312,-0.291645906954,3.32059722346,9.18234002584
111.665382089,0.456956292483,-0.0520941274222,0.0466365375823,0.0429966344892,-0.0250328842304,-0.95186079286,-0.0542386529635,-0.159333214085,-0.0506774049926,0.0281989869893,-0.023399268367,-0.714240009206,48.0097062245,-5.66909728558,-11.4908978736,0.440131503294,-3.14413009767,-9.68431517748,-38.7841493887,16.0138832096,-4.67584236815,-0.259536557556,-0.126676916618,14.090096977,-48.8483842345,3.20536974792,10.7072865033,-0.426782779629,3.13546698654,9.15625896843
111.715382089,0.454742715298,-0.0614086592465,0.0438112663167,0.0436506455688,-0.0263568929971,-0.985099291471,-0.0385477447153,-0.178768608005,-0.0562432797228,0.0026149857544,-0.0244658713656,-0.615463948193,48.483486279,-5.67438059341,-11.0370744021,0.547719851209,-2.98950893107,-9.55482406342,-38.6598731827,17.8847767204,-4.5619626874,-0.289316360202,-0.112191812877,15.2887593046,-49.0795399061,2.91012867681,10.1673993764,-0.546481979712,2.98045093151,9.09979556446
111.765382089,0.453101518012,-0.0699709882227,0.04101220961,0.0432581330646,-0.027479471367,-1.01340718768,-0.0265244045346,-0.131600962502,-0.0543498782558,-0.00542821878846,-0.0186577551534,-0.527106732285,49.0422674584,-5.65230355426,-10.5343859344,0.634984704972,-2.8424864314,-9.4022337179,-38.4854882085,19.7027278897,-4.42614126095,-0.291940699177,-0.0998709853816,16.3404042818,-49.4524073419,3.61739252104,9.693988077,-0.637554293469,2.83557877071,9.01253000595
111.815382089,0.452090274844,-0.0745687554968,0.0383762784911,0.0431078236899,-0.0282226685124,-1.0378099647,-0.0245305497267,-0.0708774447669,-0.0501617222719,-0.0114502668483,-0.00925573892845,-0.444817521431,49.5352258047,-5.62840220895,-9.94686677321,0.713632077283,-2.68136529668,-9.26763884486,-38.2926896365,21.3113372391,-4.30350692396,-0.287606167811,-0.090704166117,17.2852099609,-49.9145352363,4.53244294224,9.17122926908,-0.719052358803,2.67793854446,8.93877368601
111.865382089,0.450648463039,-0.0770587326994,0.0359960373828,0.0421131063798,-0.0284050452598,-1.05788893982,-0.0488872520634,-0.0605142579814,-0.0442985051802,-0.0109304903354,0.0156509807826,-0.265290973488,50.0676115052,-5.59767381054,-9.31339925316,0.805072759705,-2.5174553621,-9.12230199037,-37.8880459578,22.713051303,-4.16359834446,-0.25972176754,-0.0862412994086,18.1209814254,-50.8235422121,4.66195777251,8.62842313115,-0.810246991498,2.52324982471,8.9261654761
111.915382089,0.447201549638,-0.0806201812949,0.0339464279731,0.0420147746564,-0.0266575704342,-1.06433906205,-0.0879879902538,-0.0815233474427,-0.0376946764356,0.00619234957352,0.041965539912,0.00402420631475,50.5465602558,-5.618058937,-8.75801489161,0.894667868309,-2.37140261648,-8.99132760021,-36.9233728178,23.7743363267,-4.01707796686,-0.243534354615,-0.111738683324,18.4770733192,-51.9070953822,4.35748488023,8.17515203473,-0.891736558637,2.38693951832,8.99430280057
111.965382089,0.441849664014,-0.0852110674437,0.0322265697393,0.0427323413371,-0.0242084912686,-1.05748651919,-0.097701928994,-0.093702851636,-0.0301029970502,-0.000703252577969,0.0539002377273,0.239336156051,51.2678324726,-5.6120829748,-8.30251868591,0.970154595079,-2.25406245724,-8.79425899328,-35.4790336619,24.4435428083,-3.87086203043,-0.239894325506,-0.145623351467,18.3469433609,-52.7785716761,4.16318045149,7.83704396851,-0.970487497971,2.27401794225,8.97120643619
112.015382089,0.437431356739,-0.0899904664585,0.0309361282681,0.0419444493986,-0.0212675466614,-1.04040544644,-0.0789763433639,-0.0979019586699,-0.0213546723704,-0.0197781398708,0.0619955885859,0.424635925569,52.7619584213,-5.42863063201,-7.98411620284,1.04613920414,-2.20466080739,-8.38683125134,-34.0437550649,24.8542703016,-3.71463991227,-0.19581226104,-0.186643073431,17.830776628,-53.9831488246,3.91479842225,7.65391452657,-1.05550170088,2.22761343415,8.70077563164
112.065382089,0.433952029677,-0.0950012633107,0.0300911025022,0.0407545273501,-0.01800893241,-1.01502292663,-0.0440084687637,-0.0771716852592,-0.0108473816587,-0.0371981600034,0.0639244195246,0.582094729349,54.6066564926,-5.40141093233,-7.74243824726,1.12057583053,-2.18157568684,-7.8602711528,-32.6729033002,25.0440589888,-3.57542450647,-0.13603679773,-0.230546480436,17.0173765647,-55.2871478579,4.20812548213,7.57470804074,-1.13818454672,2.20524242468,8.29062892067
112.115382089,0.433030509862,-0.0977076349844,0.0298513901022,0.0382246333983,-0.014875104709,-0.982195973508,0.0031114727708,-0.0316546599875,-0.000471097046266,-0.0441876859897,0.0881750462659,0.729184203603,56.0952592507,-5.76330803648,-7.51816131141,1.20042545285,-2.16981578106,-7.18386540401,-31.6008758075,24.9626282706,-3.45496821431,-0.036573611419,-0.26781211728,15.9773394863,-56.0471473665,5.27384036363,7.51087686182,-1.22134284289,2.20246082844,7.72297024452
112.165382089,0.434263176954,-0.0981667293094,0.0300439927976,0.0363357587511,-0.00919142778345,-0.942104506274,0.025948809064,0.0104888628268,0.0117038428442,-0.0303608443924,0.125203369656,0.860460332074,57.717915685,-6.22498212898,-7.25073880172,1.29221849611,-2.17113285033,-6.42319612619,-30.7845489295,24.5916481487,-3.37804914852,0.0619085880569,-0.341357676105,14.7550360228,-57.3166760826,6.3871686532,7.43171224205,-1.30659059119,2.21748689388,7.05935682166
112.215382089,0.435625390769,-0.0966587487017,0.0310217743866,0.035188548959,-0.0023547677434,-0.896149940301,0.0180322364135,0.0493504922386,0.0297310112556,-0.0184661368037,0.140766351412,0.940930541526,59.3175196587,-6.34451985867,-6.99911297368,1.37933990017,-2.17620702394,-5.6300582195,-29.9990359528,23.873207055,-3.35977953279,0.153402434837,-0.419940897578,13.4411409645,-59.0386919348,7.10761352639,7.45883577268,-1.38808132614,2.22832295022,6.32571263304
112.265382089,0.436066400596,-0.0932316800855,0.0330170939232,0.0344891450707,0.00488520735775,-0.848011452121,0.0113074993081,0.0574084091118,0.0442005099283,-0.0106914363874,0.144512584717,0.936577242403,60.4050642922,-6.30725602948,-6.78920678578,1.45605769404,-2.17953973635,-4.54212356993,-29.1549006266,22.8525199015,-3.40668435242,0.24083246106,-0.489369040468,12.1826900731,-60.2302194076,7.19494714419,7.47266763301,-1.46111876344,2.23304263059,5.23455947625
112.315382089,0.4367561407,-0.0909179077906,0.0354418253794,0.0341194053203,0.0120964907283,-0.80249221606,0.0218046841749,0.0216082838621,0.0504110631342,-0.010858917662,0.161442007814,0.905489176524,60.7971146454,-5.9206555219,-6.58787720125,1.52960273137,-2.18403511927,-3.40643828338,-28.4472397818,21.9116902215,-3.49690780554,0.321540921973,-0.550836659498,11.0822497319,-60.4599545551,6.25477872589,7.36737019749,-1.53474308238,2.24380579383,4.0758899743
112.365382089,0.438246869013,-0.0910708516993,0.0380582002366,0.0334032533045,0.0210294081391,-0.757462534469,0.0377932936143,-0.017831863499,0.053683551424,-0.0072939178159,0.175686769559,0.899272775253,61.7158261971,-5.75202683265,-6.39026786854,1.60286581399,-2.19136870476,-2.24645090062,-27.953102343,21.1381546764,-3.60596525899,0.407869170791,-0.628350775445,10.0335485516,-61.1314384488,5.47629742242,7.22036248957,-1.60631857963,2.25641321745,2.91130664446
112.415382089,0.440535470061,-0.0927010941405,0.0408101805218,0.0333900135387,0.0296651676842,-0.712564938535,0.0537967634524,-0.0232761449291,0.0552333471045,-0.00748864040847,0.151796566869,0.846698669785,62.5646264154,-5.5622299602,-6.18544398723,1.67772645393,-2.20063310947,-1.05014604646,-27.655003493,20.4655527457,-3.75211083482,0.48412255373,-0.691912040571,9.03748803473,-61.7327812266,5.20231705967,7.03950269081,-1.68127139657,2.25683275243,1.67613238719
112.465382089,0.443626545358,-0.0933984661923,0.043581534947,0.0326543892637,0.0362090648261,-0.67279266749,0.0678857600037,-0.0047424207952,0.055337611963,-0.0102999822106,0.116722093458,0.822736561054,63.5885246821,-5.208998103,-6.03480891761,1.73570831615,-2.23399000408,0.100003055103,-27.5393989304,19.846102745,-3.9006771108,0.568684449003,-0.725026708306,8.25841540903,-62.5388250492,5.1356672989,6.89047984125,-1.74058408053,2.27720402474,0.508267475634
112.515382089,0.447324046061,-0.09317533622,0.0463439417181,0.0323600153176,0.04133737703,-0.63029128243,0.0749773332879,0.0167070490737,0.0532490327624,0.00604222617377,0.0926226026011,0.887699341676,63.3780828335,-4.82932517445,-6.202943054,1.73370281585,-2.37971187327,0.75315631343,-27.5626624629,19.1035213727,-4.06135681764,0.648789472036,-0.732146780406,7.48611934859,-62.2187280701,5.08766187538,7.02631882737,-1.73084257099,2.41400353943,-0.0968571099463
112.565382089,0.451124278687,-0.0917277612849,0.0489064382233,0.033258611881,0.0454713250862,-0.584022733323,0.0769779531064,0.0416247980432,0.0490908380153,0.0174904936105,0.0755088481045,0.935975640096,63.0506562747,-4.61880238426,-6.53038370872,1.69670574643,-2.57035730324,1.24430572951,-27.66665979,18.1784067581,-4.23127306664,0.712777553484,-0.718448782287,6.70994262725,-61.8603664537,5.26243567678,7.28946241155,-1.68842616653,2.59831294407,-0.552314603417
112.615382089,0.455021841372,-0.0890128564157,0.0512530255197,0.0341090646787,0.0488882618404,-0.53669371842,0.0585720735119,0.0260069909276,0.0417354061062,0.0250589048947,0.057549225732,0.939200095525,62.9938595236,-4.40638403673,-6.79289627773,1.61488670169,-2.77008135393,1.61265541101,-27.8562047167,17.1357269793,-4.38553237646,0.775718293497,-0.691326201681,6.00219532179,-62.0881749727,4.80852328992,7.43823987361,-1.60302441752,2.79138780377,-0.918280361186
112.665382089,0.456981486038,-0.0891270621921,0.0530799788339,0.0357645023705,0.0512262476594,-0.49010272377,0.019648717433,-0.0324274655684,0.0314185610334,0.0335704440238,0.0298256979759,0.918425005752,62.9153814502,-3.97865394748,-7.00987704195,1.52363940783,-2.97339233011,1.97892333459,-27.9137260659,16.2239275886,-4.51366520652,0.815852106557,-0.651594780859,5.31085089621,-62.6115585059,3.47723658541,7.49569397884,-1.50774796532,2.98443469827,-1.29990784879
112.715382089,0.456986713115,-0.0922556029725,0.054394881623,0.0374661090811,0.051870831638,-0.444851217845,0.0230181221236,-0.0526658851104,0.0225118991506,0.0251234096551,-0.0187374497832,0.858035843286,62.7407728107,-3.75794025826,-7.30150892871,1.43505650752,-3.20100021082,2.3368243513,-27.8320921597,15.4774076682,-4.5988553511,0.842261442862,-0.597231795679,4.63383907828,-62.3848496489,2.94358154349,7.64960449799,-1.42316368835,3.19406304479,-1.70245614343
112.765382089,0.459283298251,-0.0943936507032,0.0553311687489,0.038276843336,0.0493525026811,-0.404299139442,0.0793604408315,-0.0237161597562,0.0164282741337,0.0126365388422,-0.0580202771255,0.816644668588,62.5352773776,-3.17369575674,-7.59202799465,1.32982259305,-3.43421317612,2.71341003071,-28.075833098,14.8374577593,-4.66406140205,0.879298617779,-0.526435612364,4.12066317312,-61.3081477763,2.80697902279,7.84605407209,-1.32384075884,3.41273232892,-2.10964339446
112.815382089,0.464922757198,-0.0946272189481,0.0560377090364,0.0387297629653,0.0460688039255,-0.363186750986,0.10652568888,0.00805416263364,0.011097061611,0.000819909058468,-0.063815467843,0.877248483792,62.0604306655,-3.02353461556,-7.80688314378,1.22059245279,-3.64863808454,3.04395657528,-28.7725398759,14.1603631832,-4.73085543021,0.929925346642,-0.454136717812,3.70296375276,-60.4132519861,3.14807401174,7.97847408566,-1.22020432752,3.62501168388,-2.39538396275
112.865382089,0.469935867139,-0.0935882344398,0.05644087491,0.0383588342419,0.0429709558967,-0.316574291062,0.0889968149509,0.0366353799846,0.00452135847013,-0.00266874342771,-0.0807408800298,0.970305553056,61.9558065518,-2.75184106872,-7.95231975599,1.10607181422,-3.868434697,3.33330865434,-29.4634835106,13.2590175518,-4.74143008644,0.98365346686,-0.380264341032,3.27496392623,-60.5796722347,3.31832430349,8.02223233156,-1.10733513331,3.83854200098,-2.61593653102
112.915382089,0.473822438694,-0.0909636809497,0.0564898448834,0.0384628886225,0.0379947159225,-0.266156195681,0.0647392314985,0.0632790089146,-0.00238813650201,0.0012281383968,-0.0977350134229,1.02827365395,61.8919675671,-2.28526771734,-8.18572980728,0.982986623417,-4.08791435255,3.74424246588,-30.0725094619,12.1301594318,-4.71631297646,1.02542911028,-0.297336327987,2.87970360224,-60.890921876,3.2637343711,8.14880268134,-0.982405252175,4.05172991853,-2.9840130184
112.965382089,0.476409790289,-0.0872603335483,0.0562020612598,0.0384816480816,0.0331974545545,-0.213746925667,0.037473469311,0.0726724154788,-0.0076170252332,-0.0186691341988,-0.0924618335313,1.02029462437,60.4072745345,-2.34048304894,-8.59884799777,0.839576552564,-4.2721581673,3.9124719352,-30.5700645686,10.854828746,-4.64784263513,1.05870972336,-0.220923162321,2.53771653066,-59.8278321452,3.46419747516,8.48106794212,-0.848414072634,4.23792602267,-3.15814159174
113.015382089,0.477569785625,-0.0836964394018,0.0557281423601,0.0365959752026,0.0287485325694,-0.164126733243,0.0310115406946,0.0818146079768,-0.013913846206,-0.0590753359634,-0.094885247103,0.878591619193,54.762135424,-2.86587090706,-9.00235668565,0.757594212222,-4.23288272964,3.92552815155,-30.923437554,9.62168428385,-4.51518613837,1.09127900498,-0.156288106296,2.27051279481,-54.2826121354,4.13094864879,8.78721054522,-0.785559058459,4.19775336461,-3.2759625241
113.065382089,0.479510944358,-0.0790788727507,0.0548106766392,0.0325741144852,0.0237089298442,-0.125887763748,0.0660736097147,0.111875382853,-0.0242221048757,-0.0768775398419,-0.116810039855,0.668166486237,46.5773381065,-2.03361850206,-9.55902422872,0.656090774955,-4.1234738249,3.70558769447,-31.339773792,8.57926030879,-4.3282507629,1.12141434302,-0.106777929307,2.16514827004,-45.5556592764,3.76351809082,9.1844841986,-0.692482757255,4.08022724384,-3.21159483886
113.115382089,0.484177146596,-0.0725089011165,0.0533059318725,0.0289082212184,0.0170675285839,-0.0973100846197,0.0910705054236,0.1391899972,-0.0297031228675,-0.0771265286505,-0.159025631347,0.489606331256,38.5232681172,-1.38908546505,-10.1282273923,0.555353361543,-3.99517370349,3.42449000285,-32.0564833808,7.65511911459,-4.1434841402,1.14447917585,-0.0668996463539,2.21014795408,-37.1150688703,3.54134374364,9.66893582407,-0.591863209169,3.936297644,-3.06251131239
113.165382089,0.4886179949,-0.0651598730307,0.0518403643525,0.0248614616202,0.00780636670949,-0.076927130622,0.0609179085461,0.15973306123,-0.0270450083586,-0.0895035677571,-0.192745939091,0.338757204614,30.9045019373,-0.950711779252,-10.7657239133,0.458155754411,-3.8525663683,3.06598361957,-32.713546756,6.83365324441,-3.95715214376,1.16193979134,-0.0345427463698,2.32289068701,-29.9625443569,3.42062204804,10.3475340699,-0.500524595301,3.78120603927,-2.81553161052
113.215382089,0.490268937451,-0.0565355949935,0.0506014310366,0.0199578644427,-0.00220706532527,-0.0634343641583,0.00329451705962,0.185097340164,-0.0235646738925,-0.109579810778,-0.213493036274,0.217675720299,23.5326545074,-0.591146334023,-11.4020720157,0.357606000932,-3.71050225701,2.66909877149,-32.9668599826,6.02627460572,-3.75121231215,1.16928266052,-0.0113545931934,2.46252891276,-23.4817122575,3.45325776966,11.0376976678,-0.409478453438,3.63146073019,-2.50816545191
113.265382089,0.488947446606,-0.0466501390143,0.0494838969632,0.0139034805424,-0.0135429369179,-0.055159558592,-0.0934466258713,0.173157657263,-0.0270050834449,-0.12604148571,-0.210752136378,0.16872044255,16.8737966444,-0.248464776928,-11.9198663408,0.224537093907,-3.55558547985,2.34048463309,-32.8006208461,5.20855362137,-3.51247664468,1.16725305809,0.00668567868856,2.60982750146,-18.3187372161,2.92595603955,11.5022938458,-0.284202108246,3.4775587164,-2.21574522318
113.315382089,0.480924274864,-0.0392198292672,0.0479009226921,0.00735371587171,-0.023282278963,-0.0465623199033,-0.228704172134,0.122783247651,-0.0361708005158,-0.130324050866,-0.187577328267,0.162395740478,11.0246406721,0.105946076872,-12.3397944532,0.117001250675,-3.40746455098,2.06574817214,-31.7714553346,4.47223848219,-3.19388407027,1.13636220988,0.0200830388178,2.63086286692,-14.561033069,1.79261895327,11.7804948885,-0.178693528578,3.33801779673,-1.94568477891
113.365382089,0.466077029393,-0.0343718142493,0.0458668169116,0.000871075455818,-0.0323006697446,-0.0389199845442,-0.312394306525,0.102821563476,-0.0444473069486,-0.112865431788,-0.178066528979,0.12863799919,6.16790748064,0.255200771308,-12.90899274,0.0276664645533,-3.25767489088,1.63558937729,-29.8882761842,3.86202047953,-2.81992175038,1.07609721843,0.0304095085185,2.52933928685,-10.9983783904,1.33470199226,12.2217157354,-0.0810942511916,3.19174931985,-1.5404839599
113.415382089,0.449684844211,-0.0289376729196,0.0434561919973,-0.00393282730714,-0.0410889318609,-0.0336985199843,-0.340078315527,0.113109912507,-0.0520387871675,-0.103313994093,-0.165907810452,0.0768365257345,3.26665000097,0.208195266833,-13.3747095238,-0.0827644541756,-3.107954473,0.891675989601,-27.8508055589,3.27507775559,-2.46928869853,1.00413951368,0.0408129573171,2.4255379748,-8.52519145285,1.54079352892,12.5700474594,0.033858088908,3.04653042434,-0.834868748376
113.465382089,0.43206919784,-0.0230608229986,0.0406629381949,-0.00946032395345,-0.0488914507898,-0.0312363319708,-0.352392407628,0.104405866315,-0.059153667883,-0.107314494151,-0.161301588192,0.0300097954447,0.616102225804,0.040812602835,-13.5926019506,-0.163525246584,-2.94316465264,0.495620300841,-25.7250478455,2.73867525799,-2.10017898953,0.930181167223,0.0517232813724,2.32150771876,-6.06505324159,1.57358781839,12.677924359,0.112725140601,2.88344596565,-0.473433278814
113.515382089,0.414445603448,-0.0184970862881,0.037540825209,-0.0146642767222,-0.0572190906801,-0.0306975404399,-0.350172777059,0.0777515118821,-0.0647658976415,-0.0806175982083,-0.169639133265,-0.00157868856745,-0.416972081609,-0.0199613560686,-13.4464856201,-0.13024809348,-2.70902283186,0.46014990955,-23.67614943,2.33600326194,-1.7433848608,0.857086213604,0.0655736402301,2.20547177271,-4.99765737112,1.22221251267,12.4450275975,0.0920856573107,2.64621733555,-0.461317075054
113.565382089,0.397051920134,-0.0152856718104,0.0341863484308,-0.0175220837743,-0.0658553641164,-0.0313942008275,-0.36427160067,0.0500932427189,-0.0608558038657,-0.0397655201132,-0.165464345582,-0.0234717176289,-0.760367967491,-0.0403832428536,-13.1569521707,-0.0579387215459,-2.45666189007,0.459750534689,-21.7277524305,2.04365825197,-1.43960280413,0.781269835654,0.0821938514803,2.0796467756,-4.87226788257,0.814961865687,12.2159548986,0.0391146786968,2.3954020254,-0.477103785796
113.615382089,0.378018443381,-0.0134877620162,0.0314552448224,-0.0186408287335,-0.0737655252383,-0.0330447122028,-0.411792710115,0.0138812951597,-0.0459000105458,-0.0170640001116,-0.142320022111,-0.0377684110007,-0.848879821151,-0.0532490845213,-12.9653485058,-0.015573744432,-2.19369053694,0.473581238955,-19.6877619979,1.83796877334,-1.21089451798,0.705786229048,0.0973238615569,1.924648161,-5.51856243216,0.267891896693,12.255608728,0.00749605631519,2.14099939515,-0.501504407186
113.665382089,0.355872649123,-0.0138975422944,0.0295963473762,-0.0192284837854,-0.0800873663275,-0.0351710419276,-0.445938082229,-0.019308377744,-0.0361196243028,-0.000829711765726,-0.0969710693149,-0.0246477783732,-0.845869094895,-0.0606459794499,-12.0360320319,0.0405803375143,-2.03662702068,0.496527983526,-17.4436335243,1.73050652064,-1.03908158856,0.631700545823,0.107872334073,1.7202988037,-6.04955405709,-0.237914381796,11.4775237915,-0.0409731031512,2.00072542169,-0.51475072692
113.715382089,0.333424635158,-0.0154185997906,0.0278432823921,-0.0187237999101,-0.0834626321698,-0.0355094900401,-0.433450640094,-0.0344092829615,-0.0399072179805,0.029807263588,-0.0461969622106,0.0153159948739,-0.79728084925,-0.0694539899224,-10.9510848903,0.102308154884,-1.85312518901,0.527389722642,-15.3123547496,1.64661121863,-0.899924918694,0.558580631992,0.112196205789,1.50587759435,-5.90505227289,-0.462607692699,10.3340100861,-0.0881981116761,1.83602168769,-0.516066209416
113.765382089,0.312527585113,-0.0173384705906,0.0256056255781,-0.0162477574266,-0.0847070625485,-0.0336394424402,-0.401309242663,-0.0370511844469,-0.0475439956408,0.0637255067126,-0.00421821802733,0.0519800650069,-0.737293013847,-0.0786447549046,-9.94934268616,0.14402098243,-1.683650793,0.560065814649,-13.4555717453,1.55892005641,-0.781877647337,0.484835098204,0.11260564943,1.30640813246,-5.4680461425,-0.494267954786,9.21418239969,-0.113854856965,1.68208908214,-0.521635601108
113.815382089,0.293293710892,-0.0191237182353,0.023088882828,-0.0123512492388,-0.0838844539726,-0.0303114835394,-0.356172081121,-0.0147468513819,-0.0430837582385,0.081939108587,0.0277176812529,0.0684546781599,-0.674273741725,-0.0877105804607,-9.03031394328,0.184640551025,-1.52814587764,0.593196519101,-11.8539705897,1.4594893671,-0.684600107844,0.413971951026,0.108953603929,1.12876083607,-4.83312137012,-0.140316099677,8.3641211334,-0.145852543559,1.53840779477,-0.542586195716
113.865382089,0.276910377001,-0.0188131557288,0.0212972497543,-0.00805384656794,-0.0819352944232,-0.0267939746242,-0.296398895323,0.0184613726479,-0.0294494238847,0.0806331414111,0.0494130400267,0.0647004604619,-0.610385948441,-0.0967406102719,-8.09967978175,0.244760305914,-1.37067704096,0.626457472198,-10.5686096547,1.30264396173,-0.631757598375,0.356705786071,0.102850724068,1.00059451243,-3.97275212943,0.382203954728,7.64431109412,-0.206590511965,1.38897123077,-0.578622739567
113.915382089,0.26365382136,-0.0172775809705,0.0201439404396,-0.00428793509772,-0.0789431499699,-0.0238414374932,-0.246860144443,0.00946150227908,-0.0192865385811,0.068659057773,0.0688938553659,0.0599221455314,-0.539082979237,-0.0985940439885,-7.74086445846,0.397926512339,-1.1570411121,0.662873659161,-9.58038014297,1.13887618721,-0.604176615577,0.313589082177,0.0951647052911,0.912202784926,-3.27805043711,0.244894762558,7.44264179044,-0.365424962207,1.18254768417,-0.618571658994
113.965382089,0.252224362557,-0.0178670055008,0.0193685958962,-0.00118794079065,-0.0750459088866,-0.0208017600711,-0.211761111364,-0.0286155790523,-0.0117550904201,0.0608300414769,0.0863644626342,0.0630398975456,-0.37174797484,-0.0872253086008,-7.29614855308,0.53933547633,-0.948505509098,0.692843992781,-8.77232930743,1.06409887705,-0.586983529,0.280337941186,0.0856987981624,0.822106994607,-2.90265833442,-0.35524985593,7.11438268497,-0.510539994616,0.980480224099,-0.646236957488
114.015382089,0.242477710223,-0.0201391388758,0.0189684313976,0.00179506904998,-0.0703067037065,-0.0175374477386,-0.189180695431,-0.0292735928579,-0.00442604719861,0.0536189283793,0.10237914409,0.0659659338678,0.161793397372,-0.0418225253415,-7.00077183257,0.569813374713,-0.837749057769,0.703633792234,-8.11700114841,1.05144928815,-0.584935823987,0.254636844804,0.0748813605096,0.733114673017,-3.08704468039,-0.410827333413,6.9323330301,-0.544431460873,0.875652888286,-0.654863462212
114.065382089,0.233306293014,-0.0207943647866,0.0189259911763,0.00417395204728,-0.0648079944776,-0.0142051666843,-0.177675992952,0.00306455642295,0.00272843834816,0.0427629460656,0.121653586345,0.0663192534994,0.888568249792,0.0286786499476,-6.9934778408,0.524135757666,-0.72795766059,0.724834472276,-7.52316180199,0.991418128762,-0.58755723791,0.23388217283,0.0635913213756,0.663505335222,-3.6359253475,0.0187077791363,7.0356669646,-0.50389280531,0.772997467863,-0.675802923863
114.115382089,0.224710110928,-0.0198326832335,0.0192412752324,0.00607136365654,-0.058141345072,-0.0109055223887,-0.160454872564,0.0190184952747,0.00591672381643,0.0303826397331,0.141960557318,0.0693441764788,1.62686807568,0.119799929624,-7.02016373878,0.467866363438,-0.633375747791,0.750854337845,-6.98478358912,0.890768157273,-0.595527339258,0.217362999474,0.051576568255,0.611737138912,-4.10793952308,0.174278055323,7.1116524813,-0.453483950972,0.685933804927,-0.699586385226
114.165382089,0.217260805757,-0.0188925152592,0.0195176635579,0.00721221602059,-0.0506119387458,-0.00727074903639,-0.135240407162,0.016110569602,0.00533078333762,0.0165874470457,0.162560563848,0.0939324320275,2.35974284869,0.196945778878,-6.94490607381,0.441062216429,-0.567147554494,0.778092161074,-6.53635801166,0.79957293903,-0.596613617885,0.204625391365,0.0401015421694,0.567729808611,-4.45092965644,0.0521677170354,7.02733457299,-0.433210117096,0.627332352048,-0.708645471833
114.215382089,0.211186070212,-0.0182216262733,0.0197743535661,0.00773010836111,-0.0418852886872,-0.00151227918595,-0.112405244623,0.0152647296195,0.00707558581196,0.00668463994518,0.179031809353,0.139800304392,3.08219033382,0.274572637866,-6.89344788657,0.398384603528,-0.493936894108,0.840958603993,-6.18977079768,0.709082887592,-0.594409752547,0.195589787517,0.029563183877,0.52792296206,-4.82028303562,-0.0385381428952,7.00285580701,-0.395220255409,0.560219840885,-0.737600604148
114.265382089,0.206020281295,-0.0173660422972,0.0202252221391,0.00788068001511,-0.0327087578105,0.00670928140284,-0.0947834560683,0.0212112334334,0.0128495823138,-2.75793504614e-05,0.195447094475,0.223947940742,3.55621977024,0.324997346992,-6.84048731846,0.344445550738,-0.415170587229,0.970256454915,-5.91215299523,0.600880475183,-0.596073607396,0.18934458739,0.0219978218947,0.492645788435,-5.02183139536,0.00298637076551,7.03917702654,-0.344458606141,0.487530965017,-0.804685919678
114.315382089,0.201707724605,-0.0161005029299,0.0210593117975,0.00772735042606,-0.0223405792397,0.0208825148882,-0.0701060583842,0.0271063240127,0.0187436854974,-0.00793306717949,0.207057763067,0.327869240743,4.03402542326,0.365559781584,-6.81984714434,0.293706185471,-0.341946337588,1.10063248295,-5.70662866131,0.440956740155,-0.607199570528,0.185210106536,0.0194968306963,0.455716184593,-5.11805694544,0.0535781696489,7.10967581806,-0.29746150908,0.418605333208,-0.858230228667
114.365382089,0.199009675457,-0.0146554098959,0.0220995906889,0.00708737329716,-0.0120029815038,0.0394962054772,-0.0184701738362,0.0273653281236,0.0191071518837,-0.0163622282044,0.217019041935,0.372093094722,4.53918157826,0.463051098086,-6.84117308796,0.244429296157,-0.272094939127,1.23821523875,-5.60887150446,0.250085042115,-0.62367603423,0.18326309329,0.0194189951448,0.412208004218,-4.82478101318,-0.0399082344802,7.1366219467,-0.252174782295,0.352441899023,-0.963117139404
114.415382089,0.199860707222,-0.0133639701176,0.0229700269859,0.00609112760562,-0.000638675046238,0.0580918243604,0.0483138925341,0.0306846132417,0.0165485927913,0.007232239178,0.228154558001,0.377164522185,5.06342957139,0.520415347088,-6.86841667361,0.188499360117,-0.197699522093,1.38120337424,-5.70895063833,0.073799150236,-0.643920263553,0.186239824403,0.0140961763608,0.37184481236,-4.31636457197,-0.0459472516543,7.12430320677,-0.185075791664,0.282169184102,-1.10235583671
114.465382089,0.20384106471,-0.0115869485718,0.023754449968,0.00781059721496,0.0108124742962,0.0772126576957,0.102495640464,0.0514700173551,0.016402408582,0.0556229693528,0.228079292752,0.366421659107,5.75279419956,0.585387270442,-6.74878014999,0.118019490848,-0.203309485926,1.56927599519,-5.9840846861,-0.120919836906,-0.696464665837,0.187580858345,0.00229584267832,0.333395987617,-4.16793109771,0.210480056092,7.00240627521,-0.0916889121073,0.287751282481,-1.29837093565
114.515382089,0.210110271268,-0.00821696838206,0.0246102678441,0.0116534245409,0.022169254229,0.0947339902711,0.148473200299,0.081166699209,0.0181236336519,0.0911788587795,0.237413893628,0.320299043628,8.14661377598,0.78308225367,-6.57247262932,-0.0451185531655,-0.522311161124,1.74603515224,-6.38847881646,-0.353099305443,-0.779905153067,0.185592198463,-0.0162865726843,0.307833698106,-5.8508117721,0.471977045366,6.85271360461,0.0882804366191,0.610208906962,-1.50922974152
114.565382089,0.21868838474,-0.00347027865088,0.0255668133332,0.0169284830929,0.034553863659,0.109242562058,0.196908676321,0.0938614865653,0.0262794817503,0.096604288336,0.269750860942,0.208202069996,11.9974500717,0.836763337515,-6.49844517242,-0.272055292216,-0.930207190189,1.69500975479,-6.93265156028,-0.611839487523,-0.892760461003,0.181189765645,-0.0424652134167,0.304668929877,-8.95270305496,0.614592115931,6.90479787945,0.317785443812,1.03007705144,-1.54108055118
114.615382089,0.2298011389,0.00116918027448,0.0272382160191,0.0213138533745,0.0491443403232,0.115554197271,0.24760149008,0.0917168704489,0.0405766256857,0.0755859066947,0.31337538376,0.0934752131075,16.4932715515,0.781503305873,-7.54390319298,-0.303846935993,-1.22543982496,1.54021655125,-7.63602842259,-0.811764411885,-1.03609890016,0.187353748417,-0.0759798087597,0.348738776369,-12.6646749028,0.636690513232,8.17132887231,0.339627490161,1.34146079329,-1.47110789585
114.665382089,0.243448533748,0.00570140839401,0.0296244759018,0.0244870737624,0.065891402035,0.118590083369,0.290327810908,0.0905173882782,0.0476420119144,0.0338517194455,0.355451031442,0.0368472909279,21.4767212433,0.809843560066,-9.03090944948,-0.45222992149,-1.46179353323,1.32745626884,-8.53864832569,-0.996209333471,-1.21189775733,0.206022396001,-0.117533697304,0.423423963223,-16.9874587453,0.589802982053,9.76758533579,0.468254513034,1.5933921686,-1.30021410863
114.715382089,0.258833919991,0.0102209191023,0.0320024172106,0.0246990253191,0.0846894434673,0.119238926364,0.322275340584,0.0897204199851,0.0439635908651,-0.0361081851139,0.361626443753,-0.0122058259073,26.9342995173,0.695528496662,-10.652274662,-0.598767853852,-1.71943151932,1.08904758973,-9.61520613675,-1.17249411199,-1.37740551265,0.240026776188,-0.166838913449,0.523666940585,-21.9510407795,0.691794734578,11.3320720921,0.581675105616,1.85331647759,-1.09807167418
114.765382089,0.275676067806,0.0146734503925,0.0340208349883,0.020876255251,0.10205404641,0.117369500778,0.358454153748,0.0755936314262,0.038874830459,-0.0993260986657,0.330639910252,-0.0620167127145,32.9145780631,0.655497488014,-11.4850676117,-0.963526315518,-2.1057486707,0.744592221698,-10.8694039451,-1.33740766364,-1.50039494058,0.294055834094,-0.213356448937,0.653656486162,-27.371895863,0.513386931261,12.0861788796,0.916507724236,2.22816148467,-0.790442789843
114.815382089,0.294679335366,0.0177802822449,0.0358899002565,0.0147664154525,0.117753434492,0.113037255092,0.404316217856,0.0431574853464,0.0369326538183,-0.138221844487,0.245102360357,-0.156030716356,39.8674534742,0.807123284544,-12.2016635538,-1.39145399384,-2.53448670436,0.420343926283,-12.3750038908,-1.44432514038,-1.60347522394,0.3671687484,-0.254728906009,0.810572989966,-33.6156182522,-0.139790451808,12.7727434556,1.32602308998,2.62523095124,-0.535701491683
114.865382089,0.316107689592,0.0189891989272,0.0377141003701,0.00705407080233,0.126564282446,0.101766429143,0.434651331901,0.0161278119274,0.0417599857606,-0.135425687535,0.123077985905,-0.286006153214,46.7623749145,0.72017382027,-12.0195228024,-1.6777404905,-3.06975377973,-0.0256521272028,-14.1703196032,-1.4051572501,-1.6926365097,0.461466146428,-0.26547071053,1.02186669886,-40.0414758111,-0.470793710819,12.665246467,1.61363322024,3.11532094245,-0.185799658028
114.915382089,0.338144468556,0.0193930634377,0.0400658988325,0.001223846699,0.130061233083,0.0844366397707,0.422485599911,0.0019306288854,0.0563274896903,-0.105128191772,0.0268214105646,-0.358502735221,53.8203867882,0.567246459781,-12.0665448178,-2.04548200344,-3.6601357215,-0.45568426355,-16.1213252625,-1.2358017927,-1.83235092469,0.561636585817,-0.253210806881,1.27315100073,-47.2876031954,-0.537393653653,12.9375219601,1.99571684053,3.67006581233,0.19063387033
114.965382089,0.358356249583,0.0191822618157,0.0433468493391,-0.00345874837483,0.129246423502,0.0659161556208,0.387134781945,-0.0103172898356,0.0730654871449,-0.0967983383377,-0.0484000066431,-0.384828711911,60.0990374856,0.551499202934,-11.672176131,-2.27369926582,-4.16269204099,-0.650724022032,-18.0187143088,-0.98772563326,-2.02706874414,0.665702007557,-0.232149300961,1.51520462321,-54.1128742832,-0.711032739166,12.8019685209,2.22787725561,4.14477290653,0.36621014977
115.015382089,0.37685794675,0.0183613344541,0.047372447547,-0.00845598713477,0.125221232419,0.0459537685796,0.356036440544,-0.0275210545729,0.0785177583004,-0.115804335497,-0.107475858241,-0.387610922401,61.2831426253,0.82566795711,-11.2932413851,-2.20431079561,-4.39666330816,0.158077625688,-19.8465925971,-0.652658964813,-2.25558308322,0.777707504961,-0.208290549157,1.74454634344,-55.7778448879,-1.2512187778,12.5073408084,2.14949180249,4.35687252116,-0.444648458503
115.065382089,0.393959893637,0.0164301563584,0.0511986251692,-0.0150391819246,0.118498837678,0.0271550633808,0.327768692504,-0.0485676450187,0.074034575471,-0.15022152009,-0.151485096696,-0.336711185958,61.6791086101,1.44667123715,-11.0358757392,-2.03039192875,-4.52336035571,1.37864111417,-21.6233379852,-0.246512946236,-2.45031310353,0.894701578417,-0.185426980406,1.94526886167,-56.6109076179,-2.19765994443,12.1806528868,1.95928066646,4.46727602836,-1.62758044844
115.115382089,0.409634816001,0.0135045699522,0.0547759050941,-0.0234781391438,0.110072722749,0.0122826499838,0.295421292814,-0.0554242338376,0.0602254073743,-0.165353974561,-0.200317035877,-0.148914256808,61.4613476088,1.91336537315,-10.7915915911,-1.77750487518,-4.65531067001,2.65813623829,-23.3404537535,0.180317768979,-2.59473780255,1.01583749718,-0.166969215953,2.10783536859,-56.8933259412,-2.77037570802,11.7228412082,1.69923027212,4.58114729381,-2.76823242012
115.165382089,0.423502022919,0.0108877329746,0.0572211659066,-0.0315745793806,0.0984671340907,0.0122636376999,0.259241549209,-0.0493779258567,0.0383839122513,-0.12219831883,-0.269507334109,0.171021925093,61.0640589382,2.24156358948,-10.4887200643,-1.53426023591,-4.76214267703,3.86117702266,-24.9826523756,0.347318265086,-2.65549468624,1.12128177299,-0.142561499097,2.21108021633,-57.0554751199,-3.00508145601,11.0822403931,1.47641448453,4.66236297672,-3.73473606687
115.215382089,0.435558970921,0.00856677736655,0.0586142963192,-0.0356979710268,0.0831219893381,0.0293848424931,0.223617956504,-0.0404353730054,0.030403422817,-0.0678035837282,-0.342188554744,0.494109565239,60.2970459134,2.79426681564,-10.2615213492,-1.28789781716,-4.88525738218,5.01483584806,-26.5359487084,0.16995671103,-2.68923796864,1.19949230832,-0.113338386768,2.24491611282,-56.8393003296,-3.41950834197,10.7316414712,1.25580122791,4.75856891356,-4.64952779963
115.265382089,0.445863818569,0.0068441956741,0.0602615081883,-0.0383549377534,0.0642482786163,0.0616745942238,0.18901515028,-0.0262017886697,0.0384211615113,-0.0205539472087,-0.378118036786,0.765045316009,59.1073290626,3.41951308838,-10.0456334727,-1.05772772091,-4.99683936377,6.20142936632,-28.0057555152,-0.357274345695,-2.72492708732,1.2789465671,-0.0952504988728,2.19949283901,-56.1846375607,-3.82466444776,10.639729777,1.0479979756,4.85684872301,-5.63581147302
115.315382089,0.454460485949,0.00594659849958,0.0624564124704,-0.0377533657477,0.0453101856595,0.105889374094,0.136790861275,-0.00167592905365,0.0435070898057,0.0567806684237,-0.37274449643,0.931688643524,57.5548785323,3.41050289998,-9.65643212268,-0.817865707802,-5.10760074491,7.08912239914,-29.3628979409,-1.20695087667,-2.82515261428,1.36054496707,-0.0835800102795,2.03428711724,-55.4397174609,-3.43641734967,10.3291707971,0.844744313497,4.96959955,-6.40030076108
115.365382089,0.459542904697,0.00667660276873,0.0646122171689,-0.0326768709111,0.0269738289732,0.154843458576,0.0561478874884,0.0344639259858,0.0396581706234,0.109647917615,-0.318145724131,0.891441801607,55.327732141,3.74985913919,-9.37878078979,-0.586746553684,-5.21272280688,7.69597330324,-30.3102053075,-2.29578605684,-2.98652557729,1.4109290592,-0.0539610173537,1.73447179854,-54.4595321403,-3.21695252587,9.99200464032,0.638651246333,5.09493571543,-7.03690720182
115.415382089,0.460075274698,0.00939299109816,0.0664222295327,-0.0267885739862,0.0134956132464,0.195033554255,-0.0126007849847,0.0602527342969,0.0264366413226,0.0864889978567,-0.23291320256,0.735899764258,53.2034849413,3.86783675476,-8.96491956917,-0.310273254156,-5.33550772801,8.27592620977,-30.6115904145,-3.33578283524,-3.13789431143,1.42210755046,-0.0145099089914,1.39378384764,-53.3983275618,-2.93616458861,9.37370239329,0.351215070005,5.24927627303,-7.73185638066
115.465382089,0.458282826198,0.0127018761984,0.0672558813012,-0.0240279711254,0.00368250871724,0.228433435002,-0.0151443765087,0.0614820491769,0.000500333317991,0.0434549394917,-0.183648627648,0.632808031257,51.8500886773,4.08363241083,-8.63459546091,-0.0999654334469,-5.39649847446,8.64464538191,-30.5619732776,-4.26149958504,-3.16833950011,1.42171278446,0.0282715073638,1.04055301579,-52.0842621838,-3.13295167236,8.64233198327,0.120535958884,5.32850624304,-8.17679395139
115.515382089,0.458560837047,0.0155411960159,0.0664722628645,-0.022443080037,-0.00486924951848,0.25831435738,0.0221949037838,0.0516390973568,-0.0287400455602,0.0442755659989,-0.158628781832,0.572775761763,52.7079680077,3.9633375224,-8.72013750892,-0.0838408394726,-5.32668677572,8.41083341486,-30.7350090304,-5.11308139453,-3.09866075549,1.41754678555,0.0806090330842,0.692338858573,-52.3647740543,-3.16485575632,8.27573775155,0.104799829803,5.26795764182,-7.98736540202
115.565382089,0.460502316577,0.0178657859341,0.0643818767451,-0.0196004145255,-0.012180369466,0.285711011178,0.0446289513158,0.0449176796788,-0.0421873798769,0.0531208918633,-0.120034526002,0.506770977912,54.6402323277,3.73014695786,-8.99347578805,-0.122263507532,-5.21690526547,7.88399239352,-31.0777236834,-5.91864016294,-2.99230147151,1.39587320235,0.138794777566,0.341152488426,-53.9501466041,-3.03559670361,8.34114344077,0.147409662839,5.17246488291,-7.5093234335
115.615382089,0.463023732179,0.0200329639837,0.0622535248768,-0.0171309908507,-0.0168727021187,0.308991455172,0.049654497478,0.0467531810428,-0.0439111457335,0.0416470566872,-0.0854668759081,0.375329936689,57.0990862413,3.41078156859,-9.38973585255,-0.191684531349,-5.08206762615,7.20655495341,-31.4567860898,-6.64930073778,-2.89015797261,1.37420657379,0.187573367256,0.00781170002615,-56.3312918206,-2.68784944003,8.71074936768,0.211399248455,5.05042522469,-6.92906377263
115.665382089,0.465467766324,0.0225411040384,0.0599907621718,-0.0154357088568,-0.0207270570568,0.323244004847,0.0423380077591,0.0472477981095,-0.0449180345471,0.0393092489348,-0.0567094952692,0.164611809454,58.1688422367,3.16272047196,-9.70259657955,-0.245075703767,-4.95706855627,6.04553443624,-31.7642678196,-7.22278247118,-2.77961058322,1.35200842213,0.228521371191,-0.227555190151,-57.5141807701,-2.43214020992,9.00804083806,0.263683758791,4.93607299984,-5.9238326456
115.715382089,0.467257532955,0.0247577437947,0.0577617214221,-0.0132000659572,-0.0225436516456,0.325452636117,0.0292780921725,0.0415464727334,-0.045042482565,0.0282823561809,-0.0273404695265,-0.132596490206,59.2806894021,1.98622371565,-9.9858767099,-0.31967484711,-4.83547610684,4.59280350383,-31.9095220232,-7.52021172209,-2.69898593556,1.31904247492,0.249051560039,-0.322222126697,-58.8279699716,-1.34380154678,9.28939666149,0.333063035749,4.8253538448,-4.69083553654
115.765382089,0.468395575542,0.0266957513117,0.0554865139153,-0.0126074732387,-0.0234611040094,0.309984355827,0.0127312299531,0.0362618566544,-0.0512977140998,0.0306027851107,0.00052035800041,-0.465531447126,59.5845344156,1.32136157407,-10.3307849508,-0.409750745852,-4.71459894203,3.04059016522,-31.8867952954,-7.40834549258,-2.60490067953,1.2916513574,0.249072292796,-0.193602545195,-59.3876747589,-0.76065403221,9.53758190411,0.424237369856,4.71479159417,-3.3847696679
115.815382089,0.46853065595,0.0283839294601,0.0526319500121,-0.0101397874461,-0.0224916158456,0.278899491404,-0.00772092471368,0.0311678715733,-0.0626511497434,0.0567237468441,0.0298268540667,-0.757718234387,59.7528404076,0.694677779722,-10.6198648258,-0.474873392498,-4.60353305827,1.44360731041,-31.6645276999,-6.9224811326,-2.53354348153,1.23803205113,0.226220481173,0.1103963686,-59.8722270336,-0.212737187947,9.65110659309,0.501725052884,4.61457585445,-2.00380810177
115.865382089,0.46762348307,0.0298125384691,0.0492213989409,-0.00693509855428,-0.0204784186028,0.234212532388,-0.00336375763377,0.0186388454187,-0.0671105567142,0.0419520788025,0.0535708092512,-0.964013525685,60.3258487404,-0.0154163107448,-10.9840397136,-0.54275340682,-4.48570402492,-0.243937302817,-31.2738386663,-6.10374499872,-2.45880619972,1.17116139719,0.189127812996,0.525216895597,-60.377861639,0.303623869929,9.94632684501,0.562612514075,4.50553754563,-0.468782961073
115.915382089,0.468194280187,0.030247814002,0.0459208943407,-0.00594457956587,-0.0171345349205,0.182498138836,0.0365951701914,-0.00116156595522,-0.0629325418665,0.0183741697766,0.0698730963578,-0.945046383335,61.6455791443,-0.77976948098,-11.3680815637,-0.606255887303,-4.36373312965,-1.98644294468,-31.0952255006,-5.07651344946,-2.36207220491,1.12724114375,0.145317459997,0.938757871614,-61.0797176629,0.76180849245,10.3949722387,0.614953778295,4.38960224611,1.28774558228
115.965382089,0.471283000089,0.0296963818735,0.0429281447543,-0.00509768157662,-0.013491108967,0.139707894054,0.0736206031837,-0.0198868888896,-0.0574068449592,0.0149020730065,0.0789951637283,-0.775584141503,62.8001196033,-1.37337218341,-11.6270539437,-0.677217313111,-4.25936756051,-3.35373755622,-31.310802002,-4.18726511151,-2.27902501088,1.09843684172,0.112296091997,1.21486691684,-61.6617436002,1.06586645664,10.739387015,0.684271596823,4.28861393997,2.78032803522
116.015382089,0.475556340505,0.028259125113,0.0401802098448,-0.00445437226522,-0.00923501854763,0.104939724686,0.0569354505862,-0.0336011019085,-0.0504436182954,0.0234226300547,0.092209501135,-0.647589160501,62.5224617493,-1.4212170613,-11.78101978,-0.679474565628,-4.24315423505,-3.65564181811,-31.7300538748,-3.4044766505,-2.19870422649,1.07811389228,0.0875088933627,1.38760566811,-61.6420838678,0.901652069509,11.0010233919,0.690562276552,4.27729295866,3.17686231443
116.065382089,0.476976545148,0.0263362716827,0.0378837829247,-0.00275541857115,-0.00427015885349,0.0749489780042,0.00732846752958,-0.0424609840704,-0.0411631299852,0.00159830754213,0.102283062293,-0.560556541422,62.3303219859,-1.38262045955,-11.9416896404,-0.645765715079,-4.2656996805,-3.64924505319,-31.7995820911,-2.66392230121,-2.14749052299,1.04961090069,0.0669436709281,1.4808725677,-62.2170038221,0.72605744266,11.3051949995,0.64652231551,4.30356793865,3.23481102764
116.115382089,0.476289187258,0.024013026706,0.0360638968462,-0.004294541511,0.000993287681686,0.0488840705434,-0.0161594990967,-0.0480372100892,-0.031226217835,-0.0375997280058,0.0899544952745,-0.482850190998,62.3160235824,-1.40026980774,-12.0329154401,-0.611202353716,-4.2943362066,-3.51841032821,-31.622512083,-1.96291569487,-2.04064574206,1.03065168716,0.0510288033078,1.518314894,-62.5658936622,0.657483076116,11.5500726555,0.593403544871,4.32764005939,3.1614266279
116.165382089,0.475360595238,0.0215325506738,0.0347611611412,-0.00651539137173,0.00472529067396,0.0266639589044,-0.0165292888647,-0.0539809207327,-0.0216649036348,-0.0244992170763,0.0608757326235,-0.372631686647,62.3303245165,-1.44992458297,-12.1098857266,-0.574242929434,-4.32990053987,-3.3324401647,-31.435020627,-1.3345744381,-1.94333971527,1.01797498565,0.0407337244201,1.52642711592,-62.5859125581,0.615231818615,11.774887026,0.562645588051,4.35243856236,3.05694387033
116.215382089,0.474636258372,0.0186149346327,0.0338974064828,-0.00674446321864,0.00708086094404,0.0116209018786,-0.00748065841514,-0.0653839032038,-0.0143414169603,0.00407800091867,0.0286425551151,-0.247828473043,62.1086706479,-1.28603437742,-12.1817414907,-0.537278518386,-4.36762390795,-3.08233031091,-31.2902517952,-0.839398061419,-1.90465111854,1.00587061437,0.0346914331216,1.50133246555,-62.2243420994,0.275020297472,11.9599839363,0.539208946149,4.37822824113,2.89910427724
116.265382089,0.474612529397,0.0149941603534,0.0333270194452,-0.00610759127986,0.00758954618547,0.00188111160008,0.00653149942017,-0.0794470679697,-0.0084740645419,0.00730998999992,0.00142064626798,-0.166144262986,61.9427852889,-1.28788161643,-12.2602767442,-0.497756524018,-4.40709243022,-2.88438221903,-31.2494142206,-0.420705209336,-1.89596509278,0.997833819581,0.0305953679597,1.45403725786,-61.841790433,0.0594125224804,12.1292445154,0.501216897845,4.40761839609,2.76154744565
116.315382089,0.475289408314,0.0106702278358,0.0330500000286,-0.00601346421864,0.00722292557083,-0.00499352441993,0.0188426700586,-0.0882061870371,-0.00943027651888,0.00338872261173,-0.0155477985458,-0.116027921348,61.9572561133,-1.38906652102,-12.3438397508,-0.456616277821,-4.44715634061,-2.72167584252,-31.3110495126,-0.0208006668478,-1.89148090672,0.997028218167,0.0262720172442,1.39339932587,-61.6658968673,0.0251574751603,12.1980218679,0.458220417776,4.44140007915,2.63589338354
116.365382089,0.476496796403,0.00617354164967,0.0323839917933,-0.00576871901869,0.00603476633089,-0.00972168053473,0.0282170554037,-0.0906733462226,-0.018300334645,0.000648797128404,-0.034983466566,-0.0776828976199,61.691331648,-1.06364290014,-12.4271167638,-0.416782286729,-4.48812231932,-2.45537348858,-31.4481707117,0.344389847724,-1.86506081968,0.99369732624,0.023348595889,1.33143616474,-61.2550187497,-0.338415178606,12.1441435076,0.417089411719,4.47517039049,2.39794050262
116.415382089,0.478111113854,0.00160289321349,0.0312199665641,-0.0059485845058,0.00372457891423,-0.0127618141819,0.029916709017,-0.0937145591271,-0.0199047779784,0.00326886437528,-0.0555074192347,-0.0811400673446,61.628388302,-0.942842278068,-12.5150192142,-0.375238589922,-4.52930410253,-2.20046588697,-31.645910839,0.679696285364,-1.7974559202,0.987293606734,0.0222392756793,1.26915582131,-61.1657941074,-0.506241275086,12.2072368732,0.376785991864,4.50875359071,2.14047692554
116.465382089,0.479488467304,-0.00319791426304,0.0303935139955,-0.00544183258116,0.00048402440742,-0.0178356872692,0.0246815019304,-0.097809461129,-0.0133750921726,0.0175018006027,-0.0717389043654,-0.208434751817,61.1623227849,-0.925456543962,-12.5061112109,-0.302000700625,-4.53715607438,-2.22879307532,-31.8109467916,1.07173728646,-1.76707644184,0.982217183051,0.0199812298688,1.20808718131,-60.7806792191,-0.586945400678,12.2992956823,0.310285632988,4.51059617981,2.07469184399
116.515382089,0.480579264047,-0.00817805289941,0.0298824573468,-0.00419840444553,-0.00344931152231,-0.0336052893636,0.0195566870994,-0.0979661311247,-0.00823015819529,0.0379170869218,-0.0892976483194,-0.432955670565,60.2891013188,-1.51245251729,-12.3097996494,-0.144690254348,-4.43196040094,-3.14282390285,-31.9160536261,1.70659011992,-1.78781663694,0.978649742829,0.0140285589433,1.17964643063,-59.9867014154,-0.00237197424682,12.1825388802,0.162639293286,4.3988997326,2.82272851876
116.565382089,0.481444136014,-0.0129945273755,0.029570498176,-0.00165012388898,-0.00844574042452,-0.0611312543257,0.016280640888,-0.0929336979428,-0.00388910699417,0.0300948850998,-0.100991854453,-0.663288487049,58.6828093049,-1.9423767149,-12.0598096875,0.0505671297309,-4.28722130721,-4.35455479401,-31.9640508215,2.58824991521,-1.86683360338,0.972908635609,0.00769005912675,1.21849202211,-58.4310660415,0.505367412645,11.99967345,-0.0363209334019,4.24983109294,3.86416837003
116.615382089,0.482207328136,-0.0174714226937,0.0294935466474,-0.00118891593555,-0.0135484969676,-0.0999341380686,0.0131200108469,-0.0844610159168,-0.00305870377482,0.0235459480668,-0.103597106036,-0.869140340668,56.3330356449,-2.67511488122,-11.8187087429,0.255817893146,-4.13271925231,-5.6724312325,-31.9809994731,3.70665186773,-1.93215171086,0.97570244684,0.00425036706491,1.3650365772,-56.1301643716,1.36911643031,11.7714128118,-0.244671806434,4.09436449574,5.029853181
116.665382089,0.482756137099,-0.0214406289672,0.0292646277985,0.000704470917694,-0.0188054510282,-0.148045288392,0.0052214097053,-0.0703169521743,-0.0145853116653,0.0480785220387,-0.105085172776,-1.02878026385,54.5453433181,-3.5310349758,-11.4992740389,0.469647116968,-3.96967542904,-6.89766090168,-31.9408155655,5.00114008877,-2.03191395938,0.970338987951,0.00775277762902,1.65871886076,-54.4646060346,2.44374245847,11.2737452049,-0.446887898519,3.93076974553,6.13705690432
116.715382089,0.482729469107,-0.0245031179111,0.0280350154809,0.00361893626832,-0.0240570142452,-0.202812164454,-0.0168441798983,-0.0587837229095,-0.0303256653906,0.0535665629328,-0.102530212397,-1.15055772773,52.6324859946,-3.880470626,-11.1783550317,0.702011499681,-3.79295490889,-8.07584259449,-31.7929562037,6.38253083774,-2.0973795155,0.944610957864,0.0218313014328,2.13284790265,-52.8929431134,2.97151339615,10.7094372524,-0.676654374386,3.75499514835,7.22520535187
116.765382089,0.481071719109,-0.0273190012581,0.0262320612594,0.00606112721097,-0.0290584722678,-0.263101061165,-0.0615703955316,-0.0627485577725,-0.0360784930324,0.050620503496,-0.0980057902797,-1.2635992719,50.633622649,-4.30386366906,-10.6990698813,0.933963954449,-3.61514135846,-8.97370357429,-31.4013055068,7.84178328441,-2.11391969502,0.90552180877,0.0467761538722,2.79476237447,-51.5856694639,3.33359924165,10.1411976428,-0.910001422987,3.57885667472,8.03949177899
116.815382089,0.476572429553,-0.0307779736884,0.0244271661776,0.00868098661793,-0.0338575932732,-0.329172091643,-0.107988225197,-0.0756824864369,-0.0362273892011,0.0533601457011,-0.0882401229423,-1.37325082923,48.0513497378,-4.61752872324,-10.3849928093,1.13969158332,-3.45806643038,-9.6778700524,-30.6064786542,9.39017508599,-2.12425729117,0.850841844007,0.0829712157355,3.65475901037,-49.7211432312,3.44727036233,9.82481822858,-1.11443217098,3.42539728967,8.66259000983
116.865382089,0.47027289659,-0.0348872499018,0.0226093223393,0.0113971417811,-0.037882484562,-0.400426144089,-0.114454798245,-0.0932291034468,-0.0321497017819,0.0405400408764,-0.0873830436261,-1.47769821025,45.653717655,-4.94689573279,-10.1478172642,1.34568332818,-3.30090992401,-10.3315074348,-29.5465642291,11.0024806181,-2.12747652593,0.783875327548,0.127544176393,4.74798244722,-47.4235020648,3.505318653,9.6506948904,-1.32649264579,3.26855809977,9.23900672777
116.915382089,0.465126949729,-0.0401008840331,0.0212121959994,0.0127349907056,-0.0425958976358,-0.476941912668,-0.089754366982,-0.116206778278,-0.022878762342,0.0240717413329,-0.0965749769557,-1.57916958012,43.5887740088,-5.17233061893,-9.70849720964,1.55338163996,-3.13954419639,-10.8947212447,-28.5964756987,12.7602580139,-2.12901639636,0.732686436971,0.190190493323,6.13053016829,-44.9766221535,3.37545580315,9.35472893142,-1.54198665533,3.10378924267,9.72720011568
116.965382089,0.461297459891,-0.0465079277296,0.0203214461051,0.0138043159144,-0.0475399822576,-0.5583431021,-0.0944837398487,-0.130441155044,-0.0225398715598,0.00126565055318,-0.112002231313,-1.64178692879,42.2146459521,-5.28459175672,-9.28079919199,1.74550887894,-2.95474993792,-11.2696921274,-27.7516682726,14.6657863738,-2.15581836874,0.690876263371,0.270026166843,7.84132203401,-43.6756231442,3.26761452085,8.93227109271,-1.74490975034,2.91328335182,10.0558763644
117.015382089,0.455678575744,-0.0531449995374,0.0189582088435,0.0128615557609,-0.0537961207671,-0.641120605548,-0.131057502445,-0.135048578803,-0.0319307286346,-0.0356710085584,-0.130111472452,-1.58959708287,41.7768588174,-5.27254406794,-8.83012664587,1.91922669568,-2.64283631155,-11.389379468,-26.6248140775,16.4727244914,-2.09046857278,0.662786852461,0.382493750513,9.8275426215,-43.8033664709,3.1843234516,8.33639019621,-1.93611249503,2.5946651411,10.2141490151
117.065382089,0.448191709647,-0.0600127856099,0.0171283732416,0.0102372150585,-0.0605511295028,-0.717302810388,-0.16105421132,-0.143357988974,-0.0400900399425,-0.0657244099002,-0.136390070923,-1.45281696268,41.7768588174,-5.27254406794,-8.13486462105,2.03580504756,-2.25863785384,-11.389379468,-25.2304486103,17.9881600986,-1.93114720812,0.653147990286,0.518697393545,11.8754020094,-44.2671976822,3.05583722996,7.51496288894,-2.06691740582,2.20814215788,10.3152741143
117.115382089,0.439573154612,-0.0674807984349,0.0149492048492,0.00628911477086,-0.0674351278593,-0.786402301816,-0.17921021816,-0.157198249404,-0.0468049318512,-0.0718538635588,-0.137653019343,-1.3105776206,41.7768588174,-5.27254406794,-7.09436319562,2.05595632278,-1.93277537592,-11.389379468,-23.6754346987,19.2417251607,-1.69919310092,0.665488028741,0.672253838768,13.910913878,-44.5479392356,2.841828927,6.37063085793,-2.0899702173,1.88181209857,10.4204353581
117.165382089,0.430270687831,-0.0757326105503,0.0124478800565,0.00305182870265,-0.0743164314371,-0.848360572447,-0.19528231962,-0.17308154836,-0.0508815107956,-0.0725410237642,-0.123335963701,-1.18857565533,41.7768588174,-5.27254406794,-6.05438462081,2.01877236466,-1.64177069266,-11.389379468,-22.0274618796,20.2610135255,-1.44112523118,0.670713589403,0.83832520497,15.8768369657,-44.7964579088,2.59622965726,5.26761721626,-2.05311154432,1.59610801882,10.5106345831
117.215382089,0.42004492265,-0.0847889532708,0.00986105376966,-0.000964987605556,-0.0797687242294,-0.905259867349,-0.218655032485,-0.189597093384,-0.0477407888602,-0.0722320727767,-0.0858199678305,-1.10316958626,41.7768588174,-5.27254406794,-5.36099968641,1.95416476049,-1.3943884893,-11.389379468,-20.2785288594,21.085188003,-1.14922313037,0.693947626822,0.993669263187,17.7875524078,-45.1578640138,2.34085413301,4.6227964382,-1.98835769017,1.36261536261,10.5737775105
117.265382089,0.408405184582,-0.0946923198888,0.0076738011705,-0.00417137857503,-0.0828984282202,-0.958677531074,-0.234913358824,-0.203521741157,-0.0405299031566,-0.069419656227,-0.0466400267699,-1.04184892621,41.7768588174,-5.27254406794,-5.13318415583,1.91032393057,-1.13278656769,-11.389379468,-18.3975015825,21.7256550167,-0.886833225555,0.711415113277,1.11792036919,19.6546955928,-45.4092622333,2.1255409708,4.50648093466,-1.94318552975,1.11551903058,10.6191134688
117.315382089,0.396553586768,-0.105141127387,0.00580806345401,-0.00790695322826,-0.0844327269064,-1.00944475997,-0.224777468561,-0.210821988531,-0.0348031647141,-0.068469447429,-0.00848059591048,-0.991636511872,41.7187273878,-5.33067549758,-5.71994826998,1.88723668751,-0.882897753009,-11.4049918261,-16.5240052505,22.2383186187,-0.630845329639,0.748967615064,1.21775201189,21.5127922993,-45.1944022012,2.07079059742,5.18179609752,-1.91964848066,0.879757981985,10.6718491703
117.365382089,0.385927437726,-0.115774518742,0.00419348469909,-0.0110183233179,-0.0837464878112,-1.05784118226,-0.204807862271,-0.208644782421,-0.0368157477104,-0.0647526216612,0.0300561863501,-0.93886317038,41.357024343,-5.3145138201,-6.37943437986,1.90738116415,-0.610233575897,-11.503907543,-14.794486168,22.6775515083,-0.400719338392,0.787424236585,1.27749941061,23.3870775442,-44.5239143923,2.08829448476,5.81016216643,-1.93803350119,0.621361277769,10.8097815907
117.415382089,0.37607280054,-0.126005605629,0.00212648868297,-0.0143822153944,-0.0814271082714,-1.10333107701,-0.210807701688,-0.197467154768,-0.0422119043532,-0.0443572844439,0.0636253219537,-0.877404792077,41.0832631929,-5.32184228294,-7.35216138602,2.00650228825,-0.307340213416,-11.5786818105,-13.171106661,22.968398941,-0.140566677338,0.833861450212,1.30497644964,25.2459290897,-44.3429271794,2.26845966099,6.69944982322,-2.02749996213,0.330896216363,10.9299936352
117.465382089,0.364846667557,-0.135521234219,-2.77057362318e-05,-0.0154540517623,-0.0773839556158,-1.14558166147,-0.235893901889,-0.18047538721,-0.039716848624,-0.011569168755,0.0911153112044,-0.820746081221,41.1290950225,-5.32969584428,-8.14971518544,2.08642583753,-0.0411993570427,-11.5661208373,-11.4917958805,22.9713476265,0.085686283835,0.830727886224,1.29387058193,27.0213556374,-44.7766603176,2.53905245023,7.53558401244,-2.09190240435,0.07493297871,10.9593219201
117.515382089,0.352483410351,-0.14405314435,-0.00184519617943,-0.0155391322699,-0.0723155771509,-1.18540568513,-0.234357542885,-0.154401966436,-0.0320706305055,0.013261390354,0.119546157202,-0.764473558763,41.7768588174,-5.27254406794,-7.94904689683,1.97466932898,0.177189030895,-11.389379468,-9.81278863612,22.6956572165,0.272157887266,0.80653959044,1.25548501524,28.7354617303,-45.4006677978,2.8850671143,7.45314718138,-1.96839170506,-0.132929457114,10.8241842897
117.565382089,0.341410913269,-0.150961430862,-0.00323476878678,-0.0141279127269,-0.0654293398957,-1.22202901734,-0.210479480071,-0.118638241006,-0.0219066102586,0.0413962855245,0.156295788189,-0.702408208167,42.0058706664,-5.40307846969,-7.17171942886,1.89419866942,0.311230665415,-11.326186585,-8.35855408721,22.1946930188,0.405704325942,0.752711396418,1.17169310025,30.3890127558,-45.2604594484,3.56860658593,6.83298328235,-1.87460266136,-0.253365275754,10.8068779341
117.615382089,0.331435462344,-0.15591696845,-0.00403585720528,-0.0113995037174,-0.0566859983321,-1.25564650595,-0.187558978443,-0.0868054744923,-0.0119056670188,0.0741588309154,0.191378339161,-0.634835530085,44.7097413898,-5.16335198777,-6.44805188676,1.76745471207,0.427032936778,-10.5611353758,-7.1386065733,21.4326540458,0.478965438531,0.670657427133,1.03982837194,31.9709100064,-47.60991649,3.82110179119,6.26395769236,-1.73234970133,-0.35617893427,10.0917849627
117.665382089,0.322655015425,-0.159641978312,-0.00442533548867,-0.00671202963537,-0.0462915059795,-1.28551257035,-0.162089294427,-0.0598942229814,-0.00160243937841,0.107095579345,0.212017207717,-0.522204093259,47.1916374963,-4.96825860074,-5.71387333173,1.64972075101,0.537145577463,-9.16109797321,-6.16886992013,20.490818936,0.493942302332,0.541552431419,0.861464193513,33.4269508223,-49.6979815786,4.04213000066,5.68909523354,-1.59902427404,-0.45865044665,8.77501890976
117.715382089,0.315226532902,-0.161906390748,-0.00419610114312,-0.000689945782884,-0.0354842775604,-1.30786691527,-0.13751926294,-0.0296291258264,0.0115923179455,0.128661374733,0.206521657606,-0.332053640207,49.4194761145,-3.79740980129,-5.0227824504,1.53825688473,0.636258931451,-7.41081469174,-5.50077576007,19.3408790844,0.449639731518,0.378739936978,0.662209928117,34.5634713255,-51.5459002691,3.33926242986,5.20203141059,-1.47735167781,-0.559798418155,7.16531880214
117.765382089,0.308903089131,-0.162604890894,-0.00326610369412,0.00615410783791,-0.0256393402189,-1.31871793437,-0.143716758546,-0.00382600584884,0.0243620471731,0.13545840087,0.204003422913,-0.0630759308048,51.8597171068,-3.05544006809,-4.38344535608,1.43995220435,0.725848615459,-5.33923666587,-5.1478862742,17.97986646,0.351476181838,0.194867863816,0.474831434169,35.155554493,-54.0819715042,2.99627954702,4.7601492771,-1.37582944838,-0.650320428193,5.29260299025
117.815382089,0.300854857047,-0.162288991333,-0.00175989642581,0.0128558943041,-0.0150839352691,-1.31417450835,-0.166063354922,0.0165804266654,0.0360395813978,0.120529454561,0.237499166536,0.313509928755,55.2472659839,-2.19754523306,-3.78619901548,1.35109174868,0.807462938405,-2.95744004927,-4.90299607709,16.4174833903,0.216252035252,0.0159384346384,0.262875973782,34.9335464415,-57.8150599173,2.45392400504,4.34346957357,-1.2940359976,-0.719533621979,3.18922609085
117.865382089,0.292296753638,-0.160946848228,0.000337854445667,0.018207053294,-0.00188942356537,-1.2873669415,-0.150512539159,0.0375182173426,0.0491105160287,0.0668759591785,0.261137083334,0.691422560792,58.4872681491,-1.1140393773,-3.2735319076,1.28336647617,0.874067822108,-0.531026343733,-4.82991717399,14.7458677033,0.0552971271084,-0.117378712918,-0.00934405221291,33.6043841121,-60.8146039129,1.69417369368,4.03291488637,-1.25170900212,-0.777387039745,1.04221301991
117.915382089,0.285803603131,-0.158537169599,0.00315115517706,0.019543490222,0.0110297730644,-1.24503225227,-0.102644490427,0.0560242037813,0.0696702743118,-0.0180024046102,0.246292783823,1.0140872686,63.4051988461,0.174863434582,-2.58235346361,1.18458812628,0.975756301542,2.12615150289,-4.81057544539,13.6079766646,-0.10841309549,-0.130221092215,-0.278242483287,31.5537034826,-64.9923635757,0.691424077563,3.65964657142,-1.19311003256,-0.884571324187,-1.37641041894
117.965382089,0.282032304596,-0.15534442785,0.00730488187685,0.016406812833,0.0227398548169,-1.18595821464,-0.0593223405825,0.0644837723829,0.0914958576109,-0.0958824880081,0.22675418879,1.37498492995,66.5993882662,1.62472606559,-2.35413814521,1.12055588931,0.946655599575,4.18152767957,-5.23014284117,12.1038949721,-0.300051732091,-0.0340817361624,-0.486754281085,28.903958048,-67.5166739993,-0.627630471521,3.76891450099,-1.16594435795,-0.86270439626,-3.16496557124
118.015382089,0.279871369073,-0.152088792361,0.0123007409381,0.00995524142114,0.0337051919434,-1.10753375928,-0.0557711350058,0.0498823786162,0.099169225374,-0.113058657716,0.245114816361,1.70605843003,65.9251201317,1.79814672559,-2.03969124482,0.863053748757,0.772101914413,4.8102735411,-5.75002297,10.7898534002,-0.505944377827,0.134330246439,-0.654094698007,25.5804209213,-66.787494508,-1.02682863885,3.57311886596,-0.916573003912,-0.681353055951,-3.54894018626
118.065382089,0.276455191095,-0.150356189988,0.0172218044142,0.00510094706139,0.047251336453,-1.01535237164,-0.0600882259881,0.0317965069933,0.0964603161182,-0.0606625526568,0.295801255907,1.95823746763,64.5683243471,2.1316904475,-1.87690277509,0.602273485497,0.491409054007,5.17926938119,-6.08801274522,9.73517374701,-0.716613926286,0.25577993617,-0.836722309116,21.9212893453,-65.4974527646,-1.64002943174,3.36844324565,-0.630989682024,-0.381894555032,-3.7314935072
118.115382089,0.273862546474,-0.148909141661,0.02194677255,0.00388898615546,0.0632853175341,-0.911710012516,-0.0168731894477,0.0505744901692,0.0937140089701,0.035265873777,0.324612117772,2.16862208472,63.3765555161,2.20002662985,-1.78802057663,0.412511943273,0.243931724556,5.50462912433,-6.41319322188,8.87360086619,-0.936776031768,0.296981066393,-1.00997831543,18.1709741013,-63.6374612019,-1.4180066044,3.23709562286,-0.395817925008,-0.123750580193,-3.90131043292
118.165382089,0.27476787215,-0.145298740971,0.0265932053113,0.00862753443909,0.0797125482302,-0.798490163164,0.0341695585673,0.0802939917167,0.0933561652608,0.128888108436,0.343341036244,2.34336239643,62.3142302984,2.34061690075,-1.58245420241,0.363905414344,0.0696643313278,5.79420848998,-6.94451398084,8.08507491162,-1.18215263768,0.23717087645,-1.12195553899,14.5174762693,-61.785875411,-1.09905204789,3.02599600558,-0.302892877125,0.0574508205209,-4.06169974288
118.215382089,0.277279502331,-0.14087974249,0.031282389076,0.0167777969991,0.0976194211585,-0.677373772873,0.0608387654236,0.0944988860563,0.0932558646291,0.1537683872,0.348867245756,2.44260105761,61.0513260446,2.4734468774,-1.62612698242,0.373743824047,-0.0916614818953,6.13865382348,-7.53065407767,7.39953882236,-1.44492166326,0.146312940022,-1.18078390347,11.097424634,-60.1105922334,-1.01223548345,3.06811786333,-0.300953559988,0.220822602292,-4.33277535397
118.265382089,0.280851748693,-0.135848852365,0.0359187917742,0.0240043731591,0.114599272806,-0.554230057403,0.0845203455004,0.105683570253,0.0913797385506,0.111181337058,0.320443065716,2.42943406869,59.8214011575,2.72165016082,-1.8569024826,0.603376977772,-0.254631368596,6.47344577986,-8.13737328485,6.79947720387,-1.69880932347,0.0912849594266,-1.15874498305,8.13026685456,-58.5144853089,-1.08749294002,3.26988331993,-0.550746401161,0.373269004816,-4.67730200759
118.315382089,0.285731536881,-0.130311385464,0.0404203629311,0.0278959307049,0.12966372773,-0.434430366004,0.131490691878,0.113092523359,0.0920775039502,0.0183211530302,0.243446211583,2.31072080953,58.8598374957,2.81508406275,-2.90763171184,0.674875523908,-0.51038533003,6.73574596141,-8.77584594799,6.27171534078,-1.93139890176,0.0859017372444,-1.0653726829,5.73962267029,-56.8266315481,-1.0663641508,4.33140191182,-0.666202729771,0.600516420945,-5.02736998818
118.365382089,0.294000817881,-0.124539600029,0.0451265421692,0.0258364884621,0.138943893964,-0.32315797645,0.184591487107,0.113966876017,0.0955574851314,-0.0353680729296,0.132227826247,2.06221952276,57.7670442853,2.97284022526,-4.14079890444,0.68900054408,-0.81196499572,7.03355782067,-9.57704142102,5.84754969592,-2.1520742476,0.128857483529,-0.907497601833,3.9675006529,-54.9127547223,-1.21060042839,5.61837913717,-0.705742940971,0.860919703832,-5.50890530978
118.415382089,0.304190685592,-0.118914697863,0.0499761114442,0.0243591234119,0.142886510355,-0.228208413728,0.195117674603,0.105986103857,0.0964111173527,-0.0063246924043,0.0442778039709,1.79420025957,56.8722187432,3.16853787399,-5.4910720793,0.639687523373,-1.19262357012,7.27705021122,-10.4242810081,5.49570206113,-2.38236349961,0.152799729913,-0.745196522831,2.78428837001,-53.8551655144,-1.52970265571,6.9818518023,-0.642681480964,1.20901654148,-5.95055131011
118.465382089,0.313512585341,-0.113940989644,0.0547676539045,0.0252040192216,0.143371674361,-0.143737950493,0.16531573234,0.0900102126658,0.0961476611611,0.0455668185206,-0.0167878438794,1.52441789267,56.5018200629,3.23190420779,-6.38476717488,0.478386813639,-1.63339673879,7.37793773036,-10.9698205367,5.02479497215,-2.56675313572,0.132566204892,-0.606772824994,1.85956573267,-53.9455864207,-1.84009998863,7.87147314416,-0.456816575355,1.62718137535,-6.25089594745
118.515382089,0.320722258826,-0.109913676596,0.0595908775604,0.028915805264,0.141207725967,-0.0757666244612,0.14526881477,0.095279471089,0.0896425918947,0.100239499993,-0.0659018330207,1.07374045413,58.3340679705,2.93420764334,-7.11925250397,0.476185499085,-1.9778066615,6.87879100491,-11.4797376296,4.75144398571,-2.79058801175,0.120480610737,-0.518412544446,1.37873205281,-56.0878145364,-1.46092626856,8.50537229994,-0.428734525536,1.95340782587,-6.08494676992
118.565382089,0.328039466818,-0.104413042535,0.0637319130939,0.035227969221,0.136781491059,-0.0363639050793,0.180585691761,0.147881524647,0.0765762875346,0.11409384911,-0.135234244794,0.525824129058,59.7292816848,2.41695032215,-7.75894741904,0.487155418138,-2.28765212459,5.66244458866,-11.8478011272,4.43101582682,-2.98097677685,0.0926565938923,-0.499194143344,1.11942919205,-56.9369326805,-0.130297243083,8.94302639099,-0.433146128222,2.23758435014,-5.27368913862
118.615382089,0.338780828002,-0.0951255241315,0.0672485063138,0.0403251901749,0.127684301487,-0.0231842115553,0.220513756782,0.179925482492,0.0654415503953,0.0515701719704,-0.223321183125,0.0407651138118,58.3959031481,1.13300328191,-8.37180260308,0.449401854263,-2.60134628152,3.51593681494,-12.1744190715,3.96495528131,-3.11849141507,0.0592396452179,-0.508224254682,0.938007339981,-54.9861569873,1.64913708028,9.38370806637,-0.424989772536,2.51866607989,-3.4857981064
118.665382089,0.350090842496,-0.0864204942856,0.0702760681335,0.040384986418,0.114449372747,-0.0322873936981,0.200769077478,0.126609412855,0.0546165232521,-0.0582483080588,-0.27943149044,-0.36860923301,55.9995929558,0.18723941024,-8.86910794424,0.443169707601,-2.93414820573,1.07228632611,-12.4820403696,3.57775712411,-3.22170288141,0.0441416183922,-0.523090684069,0.841738025125,-52.8951535723,1.77048860503,9.71362886299,-0.470743058676,2.83069428502,-1.34480871592
118.715382089,0.358857735749,-0.082464582846,0.072710158639,0.0345003593691,0.0997411524434,-0.0600451348564,0.148438782314,0.065425335887,0.0476502958888,-0.148134668673,-0.319599147722,-0.706604515071,54.646357803,-0.995240414733,-9.50553792326,0.472304460503,-3.26934645421,-1.24122180111,-12.8119934309,3.47536988159,-3.31455557447,0.055980170854,-0.550663540078,0.880186424169,-52.3510879954,2.00689515735,10.2423419025,-0.54242785742,3.15102126175,0.718810711397
118.765382089,0.364934720727,-0.0798779606969,0.0750410977223,0.0255715195507,0.0824894579744,-0.102947845205,0.0892348425904,0.043126103384,0.046641610524,-0.162294255158,-0.343508314123,-0.990358441191,54.1001148611,-1.9786924771,-10.2396538939,0.488718388363,-3.6198721796,-3.68240241497,-13.0239307693,3.4572394681,-3.38793586431,0.0765003101211,-0.595466091372,1.02503099129,-52.7202999852,2.64554005882,10.9608608369,-0.565544593693,3.49269509646,2.95020467008
118.815382089,0.367781220008,-0.0781519725076,0.0773743196914,0.0182709338533,0.0653903210311,-0.159080978976,0.0300548135276,0.0233264224015,0.0450127001719,-0.121279305267,-0.325855267268,-1.23808081601,53.4531493698,-2.68232356361,-10.6976325202,0.448859838417,-3.95539557528,-6.05611049566,-13.0581474173,3.47101543975,-3.4471309461,0.0956335005071,-0.644620122589,1.32035304665,-52.9884197015,3.04301389147,11.3936520513,-0.506270550827,3.83475417968,5.14076515828
118.865382089,0.36794020208,-0.0775453184567,0.0795423677395,0.0134435890241,0.0499039312475,-0.226755926806,-0.00218031371348,0.00248970488916,0.0352313776326,-0.042880905208,-0.285678245878,-1.44638738355,52.6376403263,-3.84150243766,-11.3056646708,0.424449766569,-4.29882625246,-8.00304974687,-12.9594581414,3.52535296349,-3.488941704,0.113185979761,-0.679470296237,1.83056969627,-52.6713539432,3.88000008884,11.8504381869,-0.444748557952,4.19305959549,6.93369794814
118.915382089,0.367563188637,-0.0779030020187,0.0808974574547,0.0139828433325,0.0368224964433,-0.30371971733,-0.00947884309766,-0.0128988691172,0.0179594609613,0.0349486041377,-0.260350860882,-1.61333700233,49.9175317742,-4.31553557692,-11.7761168313,0.425954726099,-4.63893926373,-9.16932958653,-12.8486700498,3.6062620385,-3.49668484202,0.102990311793,-0.69202242144,2.5992458192,-50.0641006293,4.11608375998,12.0538192475,-0.409410895667,4.54254956451,7.97654759395
118.965382089,0.36699231777,-0.0788352053684,0.0813383138357,0.0169384494379,0.0238688451593,-0.388089627039,-0.00689130968398,-0.00164271534591,-0.00368428767291,0.0607457253598,-0.250685474378,-1.75021846245,47.1872284335,-4.62759442143,-12.4646502508,0.477350875057,-4.93270571317,-9.91395476704,-12.7651148852,3.7039400986,-3.45390697991,0.0660928007225,-0.666520264709,3.66223219262,-47.2937869407,4.60219354655,12.4076810805,-0.448595306569,4.83989442999,8.61997275208
119.015382089,0.366874057669,-0.0780672735533,0.0805290286874,0.0200574158685,0.0117539490055,-0.478741563575,0.00310363781316,0.0377497574796,-0.0293268705781,0.07159422096,-0.234389793507,-1.82518009463,46.1453295063,-4.76269533884,-12.9232108004,0.549391182799,-4.89959858899,-10.1980327116,-12.7736370621,3.72328127865,-3.33678333867,0.00442984411603,-0.601004420563,5.02429535567,-46.097338772,5.3464098994,12.4697371223,-0.515500196858,4.81282045574,8.84862961293
119.065382089,0.367302681552,-0.0750602296205,0.0784056267778,0.0240978715339,0.000429865808663,-0.570607636503,-0.00591556326255,0.0446484260925,-0.0467687840623,0.0873939083793,-0.215398279982,-1.75800340439,45.7371821979,-4.83688857719,-13.4309182127,0.630773096956,-4.77620767155,-10.3092159137,-13.0679103235,3.67015290678,-3.15133581617,-0.0937839069979,-0.490000461067,6.63433211934,-45.8286529951,5.52727543413,12.7077448188,-0.589402918183,4.69646076635,9.00947828872
119.115382089,0.366282501342,-0.073602430944,0.0758521502812,0.0287968067064,-0.00978587899267,-0.654541904014,-0.042782939459,0.000715135121497,-0.0509980674177,0.0864004388091,-0.184492271064,-1.55829835862,45.6099517644,-4.85534842832,-13.8851180847,0.728571716805,-4.62788444907,-10.3438965971,-13.6272887404,3.74764743292,-2.9492975343,-0.212484525897,-0.343614820664,8.36525313813,-46.2714930927,4.86640637441,13.0965483958,-0.687671822684,4.55957987555,9.19180610486
119.165382089,0.363024387606,-0.0749887161083,0.0733058200361,0.0327379154148,-0.0180193612978,-0.726437472365,-0.0802332697127,-0.0309109874297,-0.0533829522867,0.0855830185764,-0.14632453191,-1.31621456768,45.6028867392,-4.85985766889,-14.4096120843,0.841743560649,-4.46359073721,-10.345806044,-14.2254189462,4.00805093988,-2.75024060234,-0.323855844832,-0.189355346311,10.0659305105,-46.8435126637,4.38188920899,13.5841655486,-0.801230613648,4.40941700576,9.37269439252
119.215382089,0.358259174371,-0.076693529687,0.0705138550525,0.037355108564,-0.0244183321836,-0.786163360782,-0.111193704095,-0.0232757658904,-0.0590557545461,0.0957124714922,-0.107176737353,-0.995875902142,45.6598736073,-4.85789705265,-14.8423819307,0.919326134431,-4.31179652186,-10.3302428701,-14.8954262122,4.35550572373,-2.53649484559,-0.450315044268,-0.0370217649304,11.6101717017,-47.3792325769,4.49799001309,13.9292183473,-0.874018147526,4.27211647839,9.59396592291
119.265382089,0.351905017196,-0.0773162926973,0.0674002445815,0.042309162564,-0.0287370350331,-0.826025062579,-0.127170450259,-0.0144579263579,-0.0679022605084,0.0930359189312,-0.0670700273444,-0.560650716544,45.7370621636,-4.85290170419,-15.35898226,1.00336668946,-4.15456139444,-10.309173573,-15.5693433972,4.71782305112,-2.30699705701,-0.582298675271,0.095637357104,12.6802486947,-47.7034653525,4.62934259563,14.3090274841,-0.959325718298,4.12973005822,9.89466992129
119.315382089,0.345542129345,-0.0781393223228,0.0637236290017,0.0466587004571,-0.0311253349181,-0.842228432437,-0.0874745972755,-0.0279317126933,-0.0777743750752,0.0544046229716,-0.039044465017,-0.155573769105,45.8200386004,-4.8470368904,-15.7961881183,1.10091748654,-3.99179764628,-10.286526745,-16.1373796895,5.09639225195,-2.07180777185,-0.694382315185,0.19455050052,13.0814501224,-47.1726352664,4.41513617131,14.5935834341,-1.07516364373,3.97734221399,10.1715070126
119.365382089,0.343157557469,-0.0801094639667,0.0596228070739,0.0477496248611,-0.0326414815348,-0.84158243949,-0.0133379626604,-0.0482869512781,-0.0845839339661,0.00569795736543,-0.0301311150764,0.155918082169,45.9046732928,-4.84092297061,-16.0780728113,1.19301815363,-3.83090221679,-10.263427947,-16.8508652636,5.55632530569,-1.8714162071,-0.745000076907,0.269864455024,12.9759109532,-46.1109146976,4.09427455674,14.7701737109,-1.19032087736,3.81974677406,10.378702239
119.415382089,0.344208333079,-0.0829680174506,0.055265235605,0.0472284961937,-0.0341384464257,-0.82663662422,0.00903928158729,-0.0480951546321,-0.0891928592746,-0.012858648771,-0.0190373042632,0.424666490089,45.9904539251,-4.82952667826,-16.4028222989,1.24903850296,-3.68820073908,-10.240040794,-17.6788568046,6.05962782082,-1.69637097029,-0.761858912468,0.333966658943,12.4278044091,-45.8506818939,4.08584396542,15.0236566,-1.25512547868,3.68115255792,10.5540077715
119.465382089,0.344061485628,-0.0849189794299,0.0507035211465,0.046463759984,-0.0345452119611,-0.799115790481,-0.0147112251369,-0.0286471853205,-0.0931253306256,-0.0272514550941,0.0163427402888,0.682300558789,46.4300463969,-4.7447729108,-16.5774645637,1.2998295184,-3.58000639066,-10.1203143633,-18.252843539,6.45293662076,-1.51217556459,-0.76499668634,0.37351879702,11.5034160115,-46.6575221977,4.30180902687,15.1374920957,-1.3127297032,3.5860569634,10.6247569062
119.515382089,0.342737210566,-0.0858327359826,0.0459527025425,0.0445033506843,-0.0325041723968,-0.758406568341,-0.0161566957158,-0.0143875604499,-0.0899527772792,-0.0267300155021,0.0590795148138,0.997062252538,48.2908231425,-4.52652662975,-16.5761326976,1.25334785498,-3.54936602823,-9.61285797847,-18.5248203298,6.68334174232,-1.33093049978,-0.739101843811,0.369425307165,10.2222775039,-48.5406498744,4.3040555707,15.1852165867,-1.2660012028,3.571239037,10.3500120254
119.565382089,0.342445816056,-0.0863577354749,0.0417082434186,0.0437907584338,-0.0286372604797,-0.699409565227,0.00373568743997,-0.0125404721778,-0.0792863629682,-0.0174543309863,0.102901014007,1.29854779931,50.7421359447,-4.23122336166,-16.4800416879,1.16082276204,-3.55949881738,-8.94439182446,-18.6468319907,6.7317627186,-1.18090195056,-0.720277676486,0.326586148055,8.50094967006,-50.6843719934,4.03731334223,15.2540575331,-1.16908522342,3.5975958598,9.90444197473
119.615382089,0.34311077931,-0.0870867832004,0.0380240662457,0.0427579175857,-0.0222140709962,-0.62855178841,0.0327172509705,-0.00971895508413,-0.0702553321787,-0.0352782280636,0.149455533369,1.509095916,53.3660983461,-3.84234792043,-16.2588408596,1.04082200185,-3.57543882699,-8.22918609676,-18.6387375833,6.62942243723,-1.07280460554,-0.688027724124,0.248663962906,6.60907535433,-52.8602001086,3.69206627693,15.172501156,-1.05752186834,3.63077174911,9.34489994395
119.665382089,0.345717541153,-0.0873296309833,0.0346827102007,0.0402629356275,-0.0136917071429,-0.548499973627,0.0725906692147,0.00299446326008,-0.0634183204178,-0.0485481788245,0.175569351628,1.67400639407,54.9928989104,-3.55619655903,-16.0375241349,0.911970084658,-3.60160958299,-6.93801671028,-18.6656015484,6.38436552772,-1.00409911444,-0.636293043259,0.157451830816,4.67807666954,-53.8704485052,3.60249915599,15.0569033441,-0.934951627357,3.66661062404,8.17565316159
119.715382089,0.350369846231,-0.0867873368744,0.0316822342039,0.0379030997032,-0.00465713583336,-0.461151149003,0.112837456424,0.0257804964333,-0.0546768522522,-0.0524848327905,0.177684071813,1.7870529545,56.1161066702,-2.5549359603,-15.843818519,0.768585610048,-3.63782989952,-5.47122190341,-18.7828292945,5.99472885947,-0.957119018085,-0.590162767198,0.0793890012734,2.81268396437,-54.3713307911,2.95357298876,14.9983647488,-0.793430670255,3.70361387343,6.79243661605
119.765382089,0.357001286795,-0.08475158134,0.0292150249755,0.0350144523484,0.00407670003848,-0.369794678176,0.156041574481,0.0604841601635,-0.0432164993102,-0.0661310872299,0.161775885471,1.75745599974,57.2988547615,-1.63027763621,-15.6781336699,0.632040417704,-3.68902095965,-3.66945120796,-19.0289313563,5.45291181628,-0.941700211326,-0.548175309925,0.025169073763,1.12221716318,-54.8860249804,2.5655282796,15.0098883198,-0.663345287253,3.74891524573,4.96878412242
119.815382089,0.365974003679,-0.0807389208581,0.0273605842729,0.0312899909802,0.0115204527138,-0.285405549029,0.194550588666,0.0914730915821,-0.0295475443982,-0.0704143884453,0.131647597591,1.5422816968,58.1269857126,-0.907527932756,-15.4435130404,0.515274860602,-3.73034193958,-1.87257763283,-19.5278427858,4.8232954527,-0.957725733551,-0.518329823401,3.92213828951e-05,-0.232357944547,-55.1187011844,2.32195226343,14.9866271411,-0.548607342146,3.77908182963,3.0128265906
119.865382089,0.376456345662,-0.0756042721817,0.0262602705357,0.0279730135039,0.0172414597975,-0.215566508496,0.187017125304,0.113310197306,-0.0160127295077,-0.0587901632543,0.10545331657,1.3131918968,59.3066925441,-0.00824233532727,-15.1221373779,0.377647799092,-3.78366749974,-0.0178882509311,-20.2476156753,4.18670576827,-0.998835148924,-0.510687840647,-0.00510757164751,-1.22374663687,-56.4148959763,1.7603280822,14.8745367576,-0.405477651412,3.82270948113,0.988765163228
119.915382089,0.38467571621,-0.0694079011274,0.0257593113221,0.0254109746548,0.0220657843708,-0.154086359348,0.143831838418,0.136287114164,-0.00571414275992,-0.0365380132912,0.0961391498704,1.15472119902,61.378580282,0.933724930494,-14.8468300188,0.242480457762,-3.82854906305,1.93122086895,-20.7616121483,3.47480917796,-1.05306735347,-0.513874705778,-0.00333478500516,-1.95408223126,-59.1545464348,1.17364683203,14.7584737338,-0.259776676342,3.86414266051,-1.07750546376
119.965382089,0.390839529504,-0.0619755607654,0.0256888562597,0.0243192121748,0.0268553747846,-0.100094388595,0.142407097029,0.155945137368,0.000680285055085,-0.0358077047459,0.0896028382554,0.970087431106,62.7906374307,1.47982260072,-14.6231201763,0.135351387063,-3.87815161955,3.2622864459,-21.0854436237,2.69398035902,-1.10716825952,-0.52736674109,0.000543321819726,-2.4784985391,-60.5886339845,0.93151599875,14.633639245,-0.152301895104,3.91132527836,-2.54507558581
120.015382089,0.398916425912,-0.0538133873906,0.0258273398276,0.0218302041802,0.0310260681963,-0.0570776162378,0.177550255,0.169110077934,0.00584016789255,-0.0524713683773,0.0647260733684,0.752196337118,60.8720337737,1.07373669147,-14.5794508192,0.16636814515,-3.96303610869,2.44669080054,-21.6657971641,1.93232930747,-1.18714293797,-0.5478241539,0.00782091117663,-2.87757984103,-58.1266209288,1.54116791768,14.6697557976,-0.191206831627,3.98699964284,-1.8905724914
120.065382089,0.408594555004,-0.045064552972,0.0262728730489,0.019072075337,0.0333279821214,-0.0248747548828,0.179423111279,0.160521503416,0.00901223316973,-0.0669822271084,0.0351580763453,0.506325779958,58.6974576775,0.431354745347,-14.6062145478,0.24140660238,-4.05999430707,0.768792039235,-22.490447772,1.19161735498,-1.28597764648,-0.580216636735,0.0139710655705,-3.20086443108,-55.9230853491,2.05074699738,14.7455683364,-0.27311438112,4.07301088168,-0.394452225642
120.115382089,0.41685873704,-0.0377612370489,0.0267285631446,0.0151319814694,0.0345418758309,-0.00644503824204,0.150966665878,0.132149416916,0.00931589826684,-0.0729132188469,0.0123285946707,0.287176466834,56.8189712294,-0.541959787349,-14.6972597545,0.313366451215,-4.14886699527,-1.09056299747,-23.2626025567,0.619394680025,-1.39056329053,-0.609658791157,0.0131363312559,-3.42288898979,-54.4846134238,2.58535142676,14.8413090366,-0.3478818191,4.15343141087,1.30288002599
120.165382089,0.423691221592,-0.0318496112804,0.0272044628756,0.0117807534523,0.0345608415885,0.0038428918006,0.118698446959,0.115336568016,0.0117783193568,-0.0645643166812,-0.0132507153596,0.147613857634,55.4926363359,-1.54157675519,-14.8818879811,0.413385762537,-4.25454312415,-2.9789152505,-23.9464391358,0.180758157025,-1.48306698553,-0.636339211136,0.00859244448379,-3.58650952295,-53.6572335034,3.32499573882,15.0640130322,-0.443948960511,4.2496373118,3.08805001341
120.215382089,0.428728581736,-0.0262275802473,0.0279063950803,0.00867554980124,0.0332168042949,0.00831634752138,0.0827959588282,0.109544673309,0.0162989688289,-0.0616229100842,-0.033785057576,0.047183257198,54.0802023892,-2.41503558798,-15.0884790949,0.527525258741,-4.3701451781,-4.98095259213,-24.4826776288,-0.192714707537,-1.57595603422,-0.658668397428,0.00354657630918,-3.69964227286,-52.7999502776,4.10889602872,15.3405057584,-0.556696065425,4.35763693623,5.01583640094
120.265382089,0.431970817474,-0.0208951439496,0.0288343597585,0.00561846244392,0.0311823358309,0.00856121752041,0.0531091475333,0.0965903603584,0.0181693310111,-0.050024537482,-0.0430240711932,-0.0265846140657,52.6789265107,-3.17434110866,-15.186079937,0.615933221594,-4.46765841456,-6.69702029809,-24.854527387,-0.507890827535,-1.67271575649,-0.675988019844,-0.00115996899114,-3.76634721963,-51.8577137458,4.66789241907,15.4670275186,-0.639613637049,4.45172961268,6.67736560171
120.315382089,0.43403949649,-0.0165685442115,0.0297233281814,0.00367309605304,0.0289143971756,0.00565788611481,0.0413735803037,0.0865319947618,0.0177793684573,-0.0389073278176,-0.0453587731055,-0.0580666281119,51.4322866623,-4.1976112353,-15.2534916046,0.698102074036,-4.56670611169,-8.28027862753,-25.1225651217,-0.733691354294,-1.74792595126,-0.69012653719,-0.00435516881661,-3.79992173305,-50.7925378836,5.53563268681,15.5284092978,-0.716519869249,4.54991293312,8.23734845964
