solid front_open_buoy_collector_v8
  facet normal 0.00000000e+00 9.87688341e-01 1.56434465e-01
    outer loop
      vertex -1.70000000e-01 -1.62000000e-01 0.00000000e+00
      vertex -1.70000000e-01 -1.62489435e-01 3.09016994e-03
      vertex 1.70000000e-01 -1.62489435e-01 3.09016994e-03
    endloop
  endfacet
  facet normal -0.00000000e+00 9.87688341e-01 1.56434465e-01
    outer loop
      vertex -1.70000000e-01 -1.62000000e-01 0.00000000e+00
      vertex 1.70000000e-01 -1.62489435e-01 3.09016994e-03
      vertex 1.70000000e-01 -1.62000000e-01 0.00000000e+00
    endloop
  endfacet
  facet normal -1.00000000e+00 0.00000000e+00 0.00000000e+00
    outer loop
      vertex -1.70000000e-01 -1.72000000e-01 0.00000000e+00
      vertex -1.70000000e-01 -1.62489435e-01 3.09016994e-03
      vertex -1.70000000e-01 -1.62000000e-01 0.00000000e+00
    endloop
  endfacet
  facet normal 1.00000000e+00 0.00000000e+00 0.00000000e+00
    outer loop
      vertex 1.70000000e-01 -1.72000000e-01 0.00000000e+00
      vertex 1.70000000e-01 -1.62000000e-01 0.00000000e+00
      vertex 1.70000000e-01 -1.62489435e-01 3.09016994e-03
    endloop
  endfacet
  facet normal 0.00000000e+00 8.91006524e-01 4.53990500e-01
    outer loop
      vertex -1.70000000e-01 -1.62489435e-01 3.09016994e-03
      vertex -1.70000000e-01 -1.63909830e-01 5.87785252e-03
      vertex 1.70000000e-01 -1.63909830e-01 5.87785252e-03
    endloop
  endfacet
  facet normal -0.00000000e+00 8.91006524e-01 4.53990500e-01
    outer loop
      vertex -1.70000000e-01 -1.62489435e-01 3.09016994e-03
      vertex 1.70000000e-01 -1.63909830e-01 5.87785252e-03
      vertex 1.70000000e-01 -1.62489435e-01 3.09016994e-03
    endloop
  endfacet
  facet normal -1.00000000e+00 0.00000000e+00 0.00000000e+00
    outer loop
      vertex -1.70000000e-01 -1.72000000e-01 0.00000000e+00
      vertex -1.70000000e-01 -1.63909830e-01 5.87785252e-03
      vertex -1.70000000e-01 -1.62489435e-01 3.09016994e-03
    endloop
  endfacet
  facet normal 1.00000000e+00 0.00000000e+00 0.00000000e+00
    outer loop
      vertex 1.70000000e-01 -1.72000000e-01 0.00000000e+00
      vertex 1.70000000e-01 -1.62489435e-01 3.09016994e-03
      vertex 1.70000000e-01 -1.63909830e-01 5.87785252e-03
    endloop
  endfacet
  facet normal 0.00000000e+00 7.07106781e-01 7.07106781e-01
    outer loop
      vertex -1.70000000e-01 -1.63909830e-01 5.87785252e-03
      vertex -1.70000000e-01 -1.66122147e-01 8.09016994e-03
      vertex 1.70000000e-01 -1.66122147e-01 8.09016994e-03
    endloop
  endfacet
  facet normal -0.00000000e+00 7.07106781e-01 7.07106781e-01
    outer loop
      vertex -1.70000000e-01 -1.63909830e-01 5.87785252e-03
      vertex 1.70000000e-01 -1.66122147e-01 8.09016994e-03
      vertex 1.70000000e-01 -1.63909830e-01 5.87785252e-03
    endloop
  endfacet
  facet normal -1.00000000e+00 0.00000000e+00 0.00000000e+00
    outer loop
      vertex -1.70000000e-01 -1.72000000e-01 0.00000000e+00
      vertex -1.70000000e-01 -1.66122147e-01 8.09016994e-03
      vertex -1.70000000e-01 -1.63909830e-01 5.87785252e-03
    endloop
  endfacet
  facet normal 1.00000000e+00 0.00000000e+00 0.00000000e+00
    outer loop
      vertex 1.70000000e-01 -1.72000000e-01 0.00000000e+00
      vertex 1.70000000e-01 -1.63909830e-01 5.87785252e-03
      vertex 1.70000000e-01 -1.66122147e-01 8.09016994e-03
    endloop
  endfacet
  facet normal 0.00000000e+00 4.53990500e-01 8.91006524e-01
    outer loop
      vertex -1.70000000e-01 -1.66122147e-01 8.09016994e-03
      vertex -1.70000000e-01 -1.68909830e-01 9.51056516e-03
      vertex 1.70000000e-01 -1.68909830e-01 9.51056516e-03
    endloop
  endfacet
  facet normal -0.00000000e+00 4.53990500e-01 8.91006524e-01
    outer loop
      vertex -1.70000000e-01 -1.66122147e-01 8.09016994e-03
      vertex 1.70000000e-01 -1.68909830e-01 9.51056516e-03
      vertex 1.70000000e-01 -1.66122147e-01 8.09016994e-03
    endloop
  endfacet
  facet normal -1.00000000e+00 0.00000000e+00 0.00000000e+00
    outer loop
      vertex -1.70000000e-01 -1.72000000e-01 0.00000000e+00
      vertex -1.70000000e-01 -1.68909830e-01 9.51056516e-03
      vertex -1.70000000e-01 -1.66122147e-01 8.09016994e-03
    endloop
  endfacet
  facet normal 1.00000000e+00 0.00000000e+00 0.00000000e+00
    outer loop
      vertex 1.70000000e-01 -1.72000000e-01 0.00000000e+00
      vertex 1.70000000e-01 -1.66122147e-01 8.09016994e-03
      vertex 1.70000000e-01 -1.68909830e-01 9.51056516e-03
    endloop
  endfacet
  facet normal 0.00000000e+00 1.56434465e-01 9.87688341e-01
    outer loop
      vertex -1.70000000e-01 -1.68909830e-01 9.51056516e-03
      vertex -1.70000000e-01 -1.72000000e-01 1.00000000e-02
      vertex 1.70000000e-01 -1.72000000e-01 1.00000000e-02
    endloop
  endfacet
  facet normal -0.00000000e+00 1.56434465e-01 9.87688341e-01
    outer loop
      vertex -1.70000000e-01 -1.68909830e-01 9.51056516e-03
      vertex 1.70000000e-01 -1.72000000e-01 1.00000000e-02
      vertex 1.70000000e-01 -1.68909830e-01 9.51056516e-03
    endloop
  endfacet
  facet normal -1.00000000e+00 0.00000000e+00 0.00000000e+00
    outer loop
      vertex -1.70000000e-01 -1.72000000e-01 0.00000000e+00
      vertex -1.70000000e-01 -1.72000000e-01 1.00000000e-02
      vertex -1.70000000e-01 -1.68909830e-01 9.51056516e-03
    endloop
  endfacet
  facet normal 1.00000000e+00 0.00000000e+00 0.00000000e+00
    outer loop
      vertex 1.70000000e-01 -1.72000000e-01 0.00000000e+00
      vertex 1.70000000e-01 -1.68909830e-01 9.51056516e-03
      vertex 1.70000000e-01 -1.72000000e-01 1.00000000e-02
    endloop
  endfacet
  facet normal 0.00000000e+00 -1.56434465e-01 9.87688341e-01
    outer loop
      vertex -1.70000000e-01 -1.72000000e-01 1.00000000e-02
      vertex -1.70000000e-01 -1.75090170e-01 9.51056516e-03
      vertex 1.70000000e-01 -1.75090170e-01 9.51056516e-03
    endloop
  endfacet
  facet normal 0.00000000e+00 -1.56434465e-01 9.87688341e-01
    outer loop
      vertex -1.70000000e-01 -1.72000000e-01 1.00000000e-02
      vertex 1.70000000e-01 -1.75090170e-01 9.51056516e-03
      vertex 1.70000000e-01 -1.72000000e-01 1.00000000e-02
    endloop
  endfacet
  facet normal -1.00000000e+00 0.00000000e+00 0.00000000e+00
    outer loop
      vertex -1.70000000e-01 -1.72000000e-01 0.00000000e+00
      vertex -1.70000000e-01 -1.75090170e-01 9.51056516e-03
      vertex -1.70000000e-01 -1.72000000e-01 1.00000000e-02
    endloop
  endfacet
  facet normal 1.00000000e+00 0.00000000e+00 -0.00000000e+00
    outer loop
      vertex 1.70000000e-01 -1.72000000e-01 0.00000000e+00
      vertex 1.70000000e-01 -1.72000000e-01 1.00000000e-02
      vertex 1.70000000e-01 -1.75090170e-01 9.51056516e-03
    endloop
  endfacet
  facet normal 0.00000000e+00 -4.53990500e-01 8.91006524e-01
    outer loop
      vertex -1.70000000e-01 -1.75090170e-01 9.51056516e-03
      vertex -1.70000000e-01 -1.77877853e-01 8.09016994e-03
      vertex 1.70000000e-01 -1.77877853e-01 8.09016994e-03
    endloop
  endfacet
  facet normal 0.00000000e+00 -4.53990500e-01 8.91006524e-01
    outer loop
      vertex -1.70000000e-01 -1.75090170e-01 9.51056516e-03
      vertex 1.70000000e-01 -1.77877853e-01 8.09016994e-03
      vertex 1.70000000e-01 -1.75090170e-01 9.51056516e-03
    endloop
  endfacet
  facet normal -1.00000000e+00 0.00000000e+00 0.00000000e+00
    outer loop
      vertex -1.70000000e-01 -1.72000000e-01 0.00000000e+00
      vertex -1.70000000e-01 -1.77877853e-01 8.09016994e-03
      vertex -1.70000000e-01 -1.75090170e-01 9.51056516e-03
    endloop
  endfacet
  facet normal 1.00000000e+00 0.00000000e+00 0.00000000e+00
    outer loop
      vertex 1.70000000e-01 -1.72000000e-01 0.00000000e+00
      vertex 1.70000000e-01 -1.75090170e-01 9.51056516e-03
      vertex 1.70000000e-01 -1.77877853e-01 8.09016994e-03
    endloop
  endfacet
  facet normal 0.00000000e+00 -7.07106781e-01 7.07106781e-01
    outer loop
      vertex -1.70000000e-01 -1.77877853e-01 8.09016994e-03
      vertex -1.70000000e-01 -1.80090170e-01 5.87785252e-03
      vertex 1.70000000e-01 -1.80090170e-01 5.87785252e-03
    endloop
  endfacet
  facet normal 0.00000000e+00 -7.07106781e-01 7.07106781e-01
    outer loop
      vertex -1.70000000e-01 -1.77877853e-01 8.09016994e-03
      vertex 1.70000000e-01 -1.80090170e-01 5.87785252e-03
      vertex 1.70000000e-01 -1.77877853e-01 8.09016994e-03
    endloop
  endfacet
  facet normal -1.00000000e+00 0.00000000e+00 0.00000000e+00
    outer loop
      vertex -1.70000000e-01 -1.72000000e-01 0.00000000e+00
      vertex -1.70000000e-01 -1.80090170e-01 5.87785252e-03
      vertex -1.70000000e-01 -1.77877853e-01 8.09016994e-03
    endloop
  endfacet
  facet normal 1.00000000e+00 0.00000000e+00 0.00000000e+00
    outer loop
      vertex 1.70000000e-01 -1.72000000e-01 0.00000000e+00
      vertex 1.70000000e-01 -1.77877853e-01 8.09016994e-03
      vertex 1.70000000e-01 -1.80090170e-01 5.87785252e-03
    endloop
  endfacet
  facet normal 0.00000000e+00 -8.91006524e-01 4.53990500e-01
    outer loop
      vertex -1.70000000e-01 -1.80090170e-01 5.87785252e-03
      vertex -1.70000000e-01 -1.81510565e-01 3.09016994e-03
      vertex 1.70000000e-01 -1.81510565e-01 3.09016994e-03
    endloop
  endfacet
  facet normal 0.00000000e+00 -8.91006524e-01 4.53990500e-01
    outer loop
      vertex -1.70000000e-01 -1.80090170e-01 5.87785252e-03
      vertex 1.70000000e-01 -1.81510565e-01 3.09016994e-03
      vertex 1.70000000e-01 -1.80090170e-01 5.87785252e-03
    endloop
  endfacet
  facet normal -1.00000000e+00 0.00000000e+00 0.00000000e+00
    outer loop
      vertex -1.70000000e-01 -1.72000000e-01 0.00000000e+00
      vertex -1.70000000e-01 -1.81510565e-01 3.09016994e-03
      vertex -1.70000000e-01 -1.80090170e-01 5.87785252e-03
    endloop
  endfacet
  facet normal 1.00000000e+00 0.00000000e+00 0.00000000e+00
    outer loop
      vertex 1.70000000e-01 -1.72000000e-01 0.00000000e+00
      vertex 1.70000000e-01 -1.80090170e-01 5.87785252e-03
      vertex 1.70000000e-01 -1.81510565e-01 3.09016994e-03
    endloop
  endfacet
  facet normal 0.00000000e+00 -9.87688341e-01 1.56434465e-01
    outer loop
      vertex -1.70000000e-01 -1.81510565e-01 3.09016994e-03
      vertex -1.70000000e-01 -1.82000000e-01 1.22464680e-18
      vertex 1.70000000e-01 -1.82000000e-01 1.22464680e-18
    endloop
  endfacet
  facet normal 0.00000000e+00 -9.87688341e-01 1.56434465e-01
    outer loop
      vertex -1.70000000e-01 -1.81510565e-01 3.09016994e-03
      vertex 1.70000000e-01 -1.82000000e-01 1.22464680e-18
      vertex 1.70000000e-01 -1.81510565e-01 3.09016994e-03
    endloop
  endfacet
  facet normal -1.00000000e+00 0.00000000e+00 0.00000000e+00
    outer loop
      vertex -1.70000000e-01 -1.72000000e-01 0.00000000e+00
      vertex -1.70000000e-01 -1.82000000e-01 1.22464680e-18
      vertex -1.70000000e-01 -1.81510565e-01 3.09016994e-03
    endloop
  endfacet
  facet normal 1.00000000e+00 0.00000000e+00 0.00000000e+00
    outer loop
      vertex 1.70000000e-01 -1.72000000e-01 0.00000000e+00
      vertex 1.70000000e-01 -1.81510565e-01 3.09016994e-03
      vertex 1.70000000e-01 -1.82000000e-01 1.22464680e-18
    endloop
  endfacet
  facet normal 0.00000000e+00 -9.87688341e-01 -1.56434465e-01
    outer loop
      vertex -1.70000000e-01 -1.82000000e-01 1.22464680e-18
      vertex -1.70000000e-01 -1.81510565e-01 -3.09016994e-03
      vertex 1.70000000e-01 -1.81510565e-01 -3.09016994e-03
    endloop
  endfacet
  facet normal 0.00000000e+00 -9.87688341e-01 -1.56434465e-01
    outer loop
      vertex -1.70000000e-01 -1.82000000e-01 1.22464680e-18
      vertex 1.70000000e-01 -1.81510565e-01 -3.09016994e-03
      vertex 1.70000000e-01 -1.82000000e-01 1.22464680e-18
    endloop
  endfacet
  facet normal -1.00000000e+00 -0.00000000e+00 0.00000000e+00
    outer loop
      vertex -1.70000000e-01 -1.72000000e-01 0.00000000e+00
      vertex -1.70000000e-01 -1.81510565e-01 -3.09016994e-03
      vertex -1.70000000e-01 -1.82000000e-01 1.22464680e-18
    endloop
  endfacet
  facet normal 1.00000000e+00 0.00000000e+00 0.00000000e+00
    outer loop
      vertex 1.70000000e-01 -1.72000000e-01 0.00000000e+00
      vertex 1.70000000e-01 -1.82000000e-01 1.22464680e-18
      vertex 1.70000000e-01 -1.81510565e-01 -3.09016994e-03
    endloop
  endfacet
  facet normal 0.00000000e+00 -8.91006524e-01 -4.53990500e-01
    outer loop
      vertex -1.70000000e-01 -1.81510565e-01 -3.09016994e-03
      vertex -1.70000000e-01 -1.80090170e-01 -5.87785252e-03
      vertex 1.70000000e-01 -1.80090170e-01 -5.87785252e-03
    endloop
  endfacet
  facet normal 0.00000000e+00 -8.91006524e-01 -4.53990500e-01
    outer loop
      vertex -1.70000000e-01 -1.81510565e-01 -3.09016994e-03
      vertex 1.70000000e-01 -1.80090170e-01 -5.87785252e-03
      vertex 1.70000000e-01 -1.81510565e-01 -3.09016994e-03
    endloop
  endfacet
  facet normal -1.00000000e+00 0.00000000e+00 0.00000000e+00
    outer loop
      vertex -1.70000000e-01 -1.72000000e-01 0.00000000e+00
      vertex -1.70000000e-01 -1.80090170e-01 -5.87785252e-03
      vertex -1.70000000e-01 -1.81510565e-01 -3.09016994e-03
    endloop
  endfacet
  facet normal 1.00000000e+00 0.00000000e+00 0.00000000e+00
    outer loop
      vertex 1.70000000e-01 -1.72000000e-01 0.00000000e+00
      vertex 1.70000000e-01 -1.81510565e-01 -3.09016994e-03
      vertex 1.70000000e-01 -1.80090170e-01 -5.87785252e-03
    endloop
  endfacet
  facet normal 0.00000000e+00 -7.07106781e-01 -7.07106781e-01
    outer loop
      vertex -1.70000000e-01 -1.80090170e-01 -5.87785252e-03
      vertex -1.70000000e-01 -1.77877853e-01 -8.09016994e-03
      vertex 1.70000000e-01 -1.77877853e-01 -8.09016994e-03
    endloop
  endfacet
  facet normal 0.00000000e+00 -7.07106781e-01 -7.07106781e-01
    outer loop
      vertex -1.70000000e-01 -1.80090170e-01 -5.87785252e-03
      vertex 1.70000000e-01 -1.77877853e-01 -8.09016994e-03
      vertex 1.70000000e-01 -1.80090170e-01 -5.87785252e-03
    endloop
  endfacet
  facet normal -1.00000000e+00 0.00000000e+00 0.00000000e+00
    outer loop
      vertex -1.70000000e-01 -1.72000000e-01 0.00000000e+00
      vertex -1.70000000e-01 -1.77877853e-01 -8.09016994e-03
      vertex -1.70000000e-01 -1.80090170e-01 -5.87785252e-03
    endloop
  endfacet
  facet normal 1.00000000e+00 0.00000000e+00 0.00000000e+00
    outer loop
      vertex 1.70000000e-01 -1.72000000e-01 0.00000000e+00
      vertex 1.70000000e-01 -1.80090170e-01 -5.87785252e-03
      vertex 1.70000000e-01 -1.77877853e-01 -8.09016994e-03
    endloop
  endfacet
  facet normal 0.00000000e+00 -4.53990500e-01 -8.91006524e-01
    outer loop
      vertex -1.70000000e-01 -1.77877853e-01 -8.09016994e-03
      vertex -1.70000000e-01 -1.75090170e-01 -9.51056516e-03
      vertex 1.70000000e-01 -1.75090170e-01 -9.51056516e-03
    endloop
  endfacet
  facet normal 0.00000000e+00 -4.53990500e-01 -8.91006524e-01
    outer loop
      vertex -1.70000000e-01 -1.77877853e-01 -8.09016994e-03
      vertex 1.70000000e-01 -1.75090170e-01 -9.51056516e-03
      vertex 1.70000000e-01 -1.77877853e-01 -8.09016994e-03
    endloop
  endfacet
  facet normal -1.00000000e+00 0.00000000e+00 0.00000000e+00
    outer loop
      vertex -1.70000000e-01 -1.72000000e-01 0.00000000e+00
      vertex -1.70000000e-01 -1.75090170e-01 -9.51056516e-03
      vertex -1.70000000e-01 -1.77877853e-01 -8.09016994e-03
    endloop
  endfacet
  facet normal 1.00000000e+00 0.00000000e+00 0.00000000e+00
    outer loop
      vertex 1.70000000e-01 -1.72000000e-01 0.00000000e+00
      vertex 1.70000000e-01 -1.77877853e-01 -8.09016994e-03
      vertex 1.70000000e-01 -1.75090170e-01 -9.51056516e-03
    endloop
  endfacet
  facet normal 0.00000000e+00 -1.56434465e-01 -9.87688341e-01
    outer loop
      vertex -1.70000000e-01 -1.75090170e-01 -9.51056516e-03
      vertex -1.70000000e-01 -1.72000000e-01 -1.00000000e-02
      vertex 1.70000000e-01 -1.72000000e-01 -1.00000000e-02
    endloop
  endfacet
  facet normal 0.00000000e+00 -1.56434465e-01 -9.87688341e-01
    outer loop
      vertex -1.70000000e-01 -1.75090170e-01 -9.51056516e-03
      vertex 1.70000000e-01 -1.72000000e-01 -1.00000000e-02
      vertex 1.70000000e-01 -1.75090170e-01 -9.51056516e-03
    endloop
  endfacet
  facet normal -1.00000000e+00 0.00000000e+00 -0.00000000e+00
    outer loop
      vertex -1.70000000e-01 -1.72000000e-01 0.00000000e+00
      vertex -1.70000000e-01 -1.72000000e-01 -1.00000000e-02
      vertex -1.70000000e-01 -1.75090170e-01 -9.51056516e-03
    endloop
  endfacet
  facet normal 1.00000000e+00 0.00000000e+00 0.00000000e+00
    outer loop
      vertex 1.70000000e-01 -1.72000000e-01 0.00000000e+00
      vertex 1.70000000e-01 -1.75090170e-01 -9.51056516e-03
      vertex 1.70000000e-01 -1.72000000e-01 -1.00000000e-02
    endloop
  endfacet
  facet normal 0.00000000e+00 1.56434465e-01 -9.87688341e-01
    outer loop
      vertex -1.70000000e-01 -1.72000000e-01 -1.00000000e-02
      vertex -1.70000000e-01 -1.68909830e-01 -9.51056516e-03
      vertex 1.70000000e-01 -1.68909830e-01 -9.51056516e-03
    endloop
  endfacet
  facet normal 0.00000000e+00 1.56434465e-01 -9.87688341e-01
    outer loop
      vertex -1.70000000e-01 -1.72000000e-01 -1.00000000e-02
      vertex 1.70000000e-01 -1.68909830e-01 -9.51056516e-03
      vertex 1.70000000e-01 -1.72000000e-01 -1.00000000e-02
    endloop
  endfacet
  facet normal -1.00000000e+00 0.00000000e+00 0.00000000e+00
    outer loop
      vertex -1.70000000e-01 -1.72000000e-01 0.00000000e+00
      vertex -1.70000000e-01 -1.68909830e-01 -9.51056516e-03
      vertex -1.70000000e-01 -1.72000000e-01 -1.00000000e-02
    endloop
  endfacet
  facet normal 1.00000000e+00 0.00000000e+00 0.00000000e+00
    outer loop
      vertex 1.70000000e-01 -1.72000000e-01 0.00000000e+00
      vertex 1.70000000e-01 -1.72000000e-01 -1.00000000e-02
      vertex 1.70000000e-01 -1.68909830e-01 -9.51056516e-03
    endloop
  endfacet
  facet normal 0.00000000e+00 4.53990500e-01 -8.91006524e-01
    outer loop
      vertex -1.70000000e-01 -1.68909830e-01 -9.51056516e-03
      vertex -1.70000000e-01 -1.66122147e-01 -8.09016994e-03
      vertex 1.70000000e-01 -1.66122147e-01 -8.09016994e-03
    endloop
  endfacet
  facet normal 0.00000000e+00 4.53990500e-01 -8.91006524e-01
    outer loop
      vertex -1.70000000e-01 -1.68909830e-01 -9.51056516e-03
      vertex 1.70000000e-01 -1.66122147e-01 -8.09016994e-03
      vertex 1.70000000e-01 -1.68909830e-01 -9.51056516e-03
    endloop
  endfacet
  facet normal -1.00000000e+00 0.00000000e+00 0.00000000e+00
    outer loop
      vertex -1.70000000e-01 -1.72000000e-01 0.00000000e+00
      vertex -1.70000000e-01 -1.66122147e-01 -8.09016994e-03
      vertex -1.70000000e-01 -1.68909830e-01 -9.51056516e-03
    endloop
  endfacet
  facet normal 1.00000000e+00 0.00000000e+00 0.00000000e+00
    outer loop
      vertex 1.70000000e-01 -1.72000000e-01 0.00000000e+00
      vertex 1.70000000e-01 -1.68909830e-01 -9.51056516e-03
      vertex 1.70000000e-01 -1.66122147e-01 -8.09016994e-03
    endloop
  endfacet
  facet normal 0.00000000e+00 7.07106781e-01 -7.07106781e-01
    outer loop
      vertex -1.70000000e-01 -1.66122147e-01 -8.09016994e-03
      vertex -1.70000000e-01 -1.63909830e-01 -5.87785252e-03
      vertex 1.70000000e-01 -1.63909830e-01 -5.87785252e-03
    endloop
  endfacet
  facet normal 0.00000000e+00 7.07106781e-01 -7.07106781e-01
    outer loop
      vertex -1.70000000e-01 -1.66122147e-01 -8.09016994e-03
      vertex 1.70000000e-01 -1.63909830e-01 -5.87785252e-03
      vertex 1.70000000e-01 -1.66122147e-01 -8.09016994e-03
    endloop
  endfacet
  facet normal -1.00000000e+00 0.00000000e+00 0.00000000e+00
    outer loop
      vertex -1.70000000e-01 -1.72000000e-01 0.00000000e+00
      vertex -1.70000000e-01 -1.63909830e-01 -5.87785252e-03
      vertex -1.70000000e-01 -1.66122147e-01 -8.09016994e-03
    endloop
  endfacet
  facet normal 1.00000000e+00 0.00000000e+00 0.00000000e+00
    outer loop
      vertex 1.70000000e-01 -1.72000000e-01 0.00000000e+00
      vertex 1.70000000e-01 -1.66122147e-01 -8.09016994e-03
      vertex 1.70000000e-01 -1.63909830e-01 -5.87785252e-03
    endloop
  endfacet
  facet normal 0.00000000e+00 8.91006524e-01 -4.53990500e-01
    outer loop
      vertex -1.70000000e-01 -1.63909830e-01 -5.87785252e-03
      vertex -1.70000000e-01 -1.62489435e-01 -3.09016994e-03
      vertex 1.70000000e-01 -1.62489435e-01 -3.09016994e-03
    endloop
  endfacet
  facet normal 0.00000000e+00 8.91006524e-01 -4.53990500e-01
    outer loop
      vertex -1.70000000e-01 -1.63909830e-01 -5.87785252e-03
      vertex 1.70000000e-01 -1.62489435e-01 -3.09016994e-03
      vertex 1.70000000e-01 -1.63909830e-01 -5.87785252e-03
    endloop
  endfacet
  facet normal -1.00000000e+00 0.00000000e+00 0.00000000e+00
    outer loop
      vertex -1.70000000e-01 -1.72000000e-01 0.00000000e+00
      vertex -1.70000000e-01 -1.62489435e-01 -3.09016994e-03
      vertex -1.70000000e-01 -1.63909830e-01 -5.87785252e-03
    endloop
  endfacet
  facet normal 1.00000000e+00 0.00000000e+00 0.00000000e+00
    outer loop
      vertex 1.70000000e-01 -1.72000000e-01 0.00000000e+00
      vertex 1.70000000e-01 -1.63909830e-01 -5.87785252e-03
      vertex 1.70000000e-01 -1.62489435e-01 -3.09016994e-03
    endloop
  endfacet
  facet normal 0.00000000e+00 9.87688341e-01 -1.56434465e-01
    outer loop
      vertex -1.70000000e-01 -1.62489435e-01 -3.09016994e-03
      vertex -1.70000000e-01 -1.62000000e-01 0.00000000e+00
      vertex 1.70000000e-01 -1.62000000e-01 0.00000000e+00
    endloop
  endfacet
  facet normal 0.00000000e+00 9.87688341e-01 -1.56434465e-01
    outer loop
      vertex -1.70000000e-01 -1.62489435e-01 -3.09016994e-03
      vertex 1.70000000e-01 -1.62000000e-01 0.00000000e+00
      vertex 1.70000000e-01 -1.62489435e-01 -3.09016994e-03
    endloop
  endfacet
  facet normal -1.00000000e+00 0.00000000e+00 0.00000000e+00
    outer loop
      vertex -1.70000000e-01 -1.72000000e-01 0.00000000e+00
      vertex -1.70000000e-01 -1.62000000e-01 0.00000000e+00
      vertex -1.70000000e-01 -1.62489435e-01 -3.09016994e-03
    endloop
  endfacet
  facet normal 1.00000000e+00 -0.00000000e+00 0.00000000e+00
    outer loop
      vertex 1.70000000e-01 -1.72000000e-01 0.00000000e+00
      vertex 1.70000000e-01 -1.62489435e-01 -3.09016994e-03
      vertex 1.70000000e-01 -1.62000000e-01 0.00000000e+00
    endloop
  endfacet
  facet normal 0.00000000e+00 9.87688341e-01 1.56434465e-01
    outer loop
      vertex -1.70000000e-01 -1.62000000e-01 2.60000000e-01
      vertex -1.70000000e-01 -1.62489435e-01 2.63090170e-01
      vertex 1.70000000e-01 -1.62489435e-01 2.63090170e-01
    endloop
  endfacet
  facet normal -0.00000000e+00 9.87688341e-01 1.56434465e-01
    outer loop
      vertex -1.70000000e-01 -1.62000000e-01 2.60000000e-01
      vertex 1.70000000e-01 -1.62489435e-01 2.63090170e-01
      vertex 1.70000000e-01 -1.62000000e-01 2.60000000e-01
    endloop
  endfacet
  facet normal -1.00000000e+00 0.00000000e+00 0.00000000e+00
    outer loop
      vertex -1.70000000e-01 -1.72000000e-01 2.60000000e-01
      vertex -1.70000000e-01 -1.62489435e-01 2.63090170e-01
      vertex -1.70000000e-01 -1.62000000e-01 2.60000000e-01
    endloop
  endfacet
  facet normal 1.00000000e+00 0.00000000e+00 0.00000000e+00
    outer loop
      vertex 1.70000000e-01 -1.72000000e-01 2.60000000e-01
      vertex 1.70000000e-01 -1.62000000e-01 2.60000000e-01
      vertex 1.70000000e-01 -1.62489435e-01 2.63090170e-01
    endloop
  endfacet
  facet normal 0.00000000e+00 8.91006524e-01 4.53990500e-01
    outer loop
      vertex -1.70000000e-01 -1.62489435e-01 2.63090170e-01
      vertex -1.70000000e-01 -1.63909830e-01 2.65877853e-01
      vertex 1.70000000e-01 -1.63909830e-01 2.65877853e-01
    endloop
  endfacet
  facet normal -0.00000000e+00 8.91006524e-01 4.53990500e-01
    outer loop
      vertex -1.70000000e-01 -1.62489435e-01 2.63090170e-01
      vertex 1.70000000e-01 -1.63909830e-01 2.65877853e-01
      vertex 1.70000000e-01 -1.62489435e-01 2.63090170e-01
    endloop
  endfacet
  facet normal -1.00000000e+00 0.00000000e+00 0.00000000e+00
    outer loop
      vertex -1.70000000e-01 -1.72000000e-01 2.60000000e-01
      vertex -1.70000000e-01 -1.63909830e-01 2.65877853e-01
      vertex -1.70000000e-01 -1.62489435e-01 2.63090170e-01
    endloop
  endfacet
  facet normal 1.00000000e+00 0.00000000e+00 0.00000000e+00
    outer loop
      vertex 1.70000000e-01 -1.72000000e-01 2.60000000e-01
      vertex 1.70000000e-01 -1.62489435e-01 2.63090170e-01
      vertex 1.70000000e-01 -1.63909830e-01 2.65877853e-01
    endloop
  endfacet
  facet normal 0.00000000e+00 7.07106781e-01 7.07106781e-01
    outer loop
      vertex -1.70000000e-01 -1.63909830e-01 2.65877853e-01
      vertex -1.70000000e-01 -1.66122147e-01 2.68090170e-01
      vertex 1.70000000e-01 -1.66122147e-01 2.68090170e-01
    endloop
  endfacet
  facet normal -0.00000000e+00 7.07106781e-01 7.07106781e-01
    outer loop
      vertex -1.70000000e-01 -1.63909830e-01 2.65877853e-01
      vertex 1.70000000e-01 -1.66122147e-01 2.68090170e-01
      vertex 1.70000000e-01 -1.63909830e-01 2.65877853e-01
    endloop
  endfacet
  facet normal -1.00000000e+00 0.00000000e+00 0.00000000e+00
    outer loop
      vertex -1.70000000e-01 -1.72000000e-01 2.60000000e-01
      vertex -1.70000000e-01 -1.66122147e-01 2.68090170e-01
      vertex -1.70000000e-01 -1.63909830e-01 2.65877853e-01
    endloop
  endfacet
  facet normal 1.00000000e+00 0.00000000e+00 0.00000000e+00
    outer loop
      vertex 1.70000000e-01 -1.72000000e-01 2.60000000e-01
      vertex 1.70000000e-01 -1.63909830e-01 2.65877853e-01
      vertex 1.70000000e-01 -1.66122147e-01 2.68090170e-01
    endloop
  endfacet
  facet normal 0.00000000e+00 4.53990500e-01 8.91006524e-01
    outer loop
      vertex -1.70000000e-01 -1.66122147e-01 2.68090170e-01
      vertex -1.70000000e-01 -1.68909830e-01 2.69510565e-01
      vertex 1.70000000e-01 -1.68909830e-01 2.69510565e-01
    endloop
  endfacet
  facet normal -0.00000000e+00 4.53990500e-01 8.91006524e-01
    outer loop
      vertex -1.70000000e-01 -1.66122147e-01 2.68090170e-01
      vertex 1.70000000e-01 -1.68909830e-01 2.69510565e-01
      vertex 1.70000000e-01 -1.66122147e-01 2.68090170e-01
    endloop
  endfacet
  facet normal -1.00000000e+00 0.00000000e+00 0.00000000e+00
    outer loop
      vertex -1.70000000e-01 -1.72000000e-01 2.60000000e-01
      vertex -1.70000000e-01 -1.68909830e-01 2.69510565e-01
      vertex -1.70000000e-01 -1.66122147e-01 2.68090170e-01
    endloop
  endfacet
  facet normal 1.00000000e+00 0.00000000e+00 0.00000000e+00
    outer loop
      vertex 1.70000000e-01 -1.72000000e-01 2.60000000e-01
      vertex 1.70000000e-01 -1.66122147e-01 2.68090170e-01
      vertex 1.70000000e-01 -1.68909830e-01 2.69510565e-01
    endloop
  endfacet
  facet normal 0.00000000e+00 1.56434465e-01 9.87688341e-01
    outer loop
      vertex -1.70000000e-01 -1.68909830e-01 2.69510565e-01
      vertex -1.70000000e-01 -1.72000000e-01 2.70000000e-01
      vertex 1.70000000e-01 -1.72000000e-01 2.70000000e-01
    endloop
  endfacet
  facet normal -0.00000000e+00 1.56434465e-01 9.87688341e-01
    outer loop
      vertex -1.70000000e-01 -1.68909830e-01 2.69510565e-01
      vertex 1.70000000e-01 -1.72000000e-01 2.70000000e-01
      vertex 1.70000000e-01 -1.68909830e-01 2.69510565e-01
    endloop
  endfacet
  facet normal -1.00000000e+00 0.00000000e+00 0.00000000e+00
    outer loop
      vertex -1.70000000e-01 -1.72000000e-01 2.60000000e-01
      vertex -1.70000000e-01 -1.72000000e-01 2.70000000e-01
      vertex -1.70000000e-01 -1.68909830e-01 2.69510565e-01
    endloop
  endfacet
  facet normal 1.00000000e+00 0.00000000e+00 0.00000000e+00
    outer loop
      vertex 1.70000000e-01 -1.72000000e-01 2.60000000e-01
      vertex 1.70000000e-01 -1.68909830e-01 2.69510565e-01
      vertex 1.70000000e-01 -1.72000000e-01 2.70000000e-01
    endloop
  endfacet
  facet normal 0.00000000e+00 -1.56434465e-01 9.87688341e-01
    outer loop
      vertex -1.70000000e-01 -1.72000000e-01 2.70000000e-01
      vertex -1.70000000e-01 -1.75090170e-01 2.69510565e-01
      vertex 1.70000000e-01 -1.75090170e-01 2.69510565e-01
    endloop
  endfacet
  facet normal 0.00000000e+00 -1.56434465e-01 9.87688341e-01
    outer loop
      vertex -1.70000000e-01 -1.72000000e-01 2.70000000e-01
      vertex 1.70000000e-01 -1.75090170e-01 2.69510565e-01
      vertex 1.70000000e-01 -1.72000000e-01 2.70000000e-01
    endloop
  endfacet
  facet normal -1.00000000e+00 0.00000000e+00 0.00000000e+00
    outer loop
      vertex -1.70000000e-01 -1.72000000e-01 2.60000000e-01
      vertex -1.70000000e-01 -1.75090170e-01 2.69510565e-01
      vertex -1.70000000e-01 -1.72000000e-01 2.70000000e-01
    endloop
  endfacet
  facet normal 1.00000000e+00 0.00000000e+00 -0.00000000e+00
    outer loop
      vertex 1.70000000e-01 -1.72000000e-01 2.60000000e-01
      vertex 1.70000000e-01 -1.72000000e-01 2.70000000e-01
      vertex 1.70000000e-01 -1.75090170e-01 2.69510565e-01
    endloop
  endfacet
  facet normal 0.00000000e+00 -4.53990500e-01 8.91006524e-01
    outer loop
      vertex -1.70000000e-01 -1.75090170e-01 2.69510565e-01
      vertex -1.70000000e-01 -1.77877853e-01 2.68090170e-01
      vertex 1.70000000e-01 -1.77877853e-01 2.68090170e-01
    endloop
  endfacet
  facet normal 0.00000000e+00 -4.53990500e-01 8.91006524e-01
    outer loop
      vertex -1.70000000e-01 -1.75090170e-01 2.69510565e-01
      vertex 1.70000000e-01 -1.77877853e-01 2.68090170e-01
      vertex 1.70000000e-01 -1.75090170e-01 2.69510565e-01
    endloop
  endfacet
  facet normal -1.00000000e+00 0.00000000e+00 0.00000000e+00
    outer loop
      vertex -1.70000000e-01 -1.72000000e-01 2.60000000e-01
      vertex -1.70000000e-01 -1.77877853e-01 2.68090170e-01
      vertex -1.70000000e-01 -1.75090170e-01 2.69510565e-01
    endloop
  endfacet
  facet normal 1.00000000e+00 0.00000000e+00 0.00000000e+00
    outer loop
      vertex 1.70000000e-01 -1.72000000e-01 2.60000000e-01
      vertex 1.70000000e-01 -1.75090170e-01 2.69510565e-01
      vertex 1.70000000e-01 -1.77877853e-01 2.68090170e-01
    endloop
  endfacet
  facet normal 0.00000000e+00 -7.07106781e-01 7.07106781e-01
    outer loop
      vertex -1.70000000e-01 -1.77877853e-01 2.68090170e-01
      vertex -1.70000000e-01 -1.80090170e-01 2.65877853e-01
      vertex 1.70000000e-01 -1.80090170e-01 2.65877853e-01
    endloop
  endfacet
  facet normal 0.00000000e+00 -7.07106781e-01 7.07106781e-01
    outer loop
      vertex -1.70000000e-01 -1.77877853e-01 2.68090170e-01
      vertex 1.70000000e-01 -1.80090170e-01 2.65877853e-01
      vertex 1.70000000e-01 -1.77877853e-01 2.68090170e-01
    endloop
  endfacet
  facet normal -1.00000000e+00 0.00000000e+00 0.00000000e+00
    outer loop
      vertex -1.70000000e-01 -1.72000000e-01 2.60000000e-01
      vertex -1.70000000e-01 -1.80090170e-01 2.65877853e-01
      vertex -1.70000000e-01 -1.77877853e-01 2.68090170e-01
    endloop
  endfacet
  facet normal 1.00000000e+00 0.00000000e+00 0.00000000e+00
    outer loop
      vertex 1.70000000e-01 -1.72000000e-01 2.60000000e-01
      vertex 1.70000000e-01 -1.77877853e-01 2.68090170e-01
      vertex 1.70000000e-01 -1.80090170e-01 2.65877853e-01
    endloop
  endfacet
  facet normal 0.00000000e+00 -8.91006524e-01 4.53990500e-01
    outer loop
      vertex -1.70000000e-01 -1.80090170e-01 2.65877853e-01
      vertex -1.70000000e-01 -1.81510565e-01 2.63090170e-01
      vertex 1.70000000e-01 -1.81510565e-01 2.63090170e-01
    endloop
  endfacet
  facet normal 0.00000000e+00 -8.91006524e-01 4.53990500e-01
    outer loop
      vertex -1.70000000e-01 -1.80090170e-01 2.65877853e-01
      vertex 1.70000000e-01 -1.81510565e-01 2.63090170e-01
      vertex 1.70000000e-01 -1.80090170e-01 2.65877853e-01
    endloop
  endfacet
  facet normal -1.00000000e+00 0.00000000e+00 0.00000000e+00
    outer loop
      vertex -1.70000000e-01 -1.72000000e-01 2.60000000e-01
      vertex -1.70000000e-01 -1.81510565e-01 2.63090170e-01
      vertex -1.70000000e-01 -1.80090170e-01 2.65877853e-01
    endloop
  endfacet
  facet normal 1.00000000e+00 0.00000000e+00 0.00000000e+00
    outer loop
      vertex 1.70000000e-01 -1.72000000e-01 2.60000000e-01
      vertex 1.70000000e-01 -1.80090170e-01 2.65877853e-01
      vertex 1.70000000e-01 -1.81510565e-01 2.63090170e-01
    endloop
  endfacet
  facet normal 0.00000000e+00 -9.87688341e-01 1.56434465e-01
    outer loop
      vertex -1.70000000e-01 -1.81510565e-01 2.63090170e-01
      vertex -1.70000000e-01 -1.82000000e-01 2.60000000e-01
      vertex 1.70000000e-01 -1.82000000e-01 2.60000000e-01
    endloop
  endfacet
  facet normal 0.00000000e+00 -9.87688341e-01 1.56434465e-01
    outer loop
      vertex -1.70000000e-01 -1.81510565e-01 2.63090170e-01
      vertex 1.70000000e-01 -1.82000000e-01 2.60000000e-01
      vertex 1.70000000e-01 -1.81510565e-01 2.63090170e-01
    endloop
  endfacet
  facet normal -1.00000000e+00 0.00000000e+00 0.00000000e+00
    outer loop
      vertex -1.70000000e-01 -1.72000000e-01 2.60000000e-01
      vertex -1.70000000e-01 -1.82000000e-01 2.60000000e-01
      vertex -1.70000000e-01 -1.81510565e-01 2.63090170e-01
    endloop
  endfacet
  facet normal 1.00000000e+00 0.00000000e+00 0.00000000e+00
    outer loop
      vertex 1.70000000e-01 -1.72000000e-01 2.60000000e-01
      vertex 1.70000000e-01 -1.81510565e-01 2.63090170e-01
      vertex 1.70000000e-01 -1.82000000e-01 2.60000000e-01
    endloop
  endfacet
  facet normal 0.00000000e+00 -9.87688341e-01 -1.56434465e-01
    outer loop
      vertex -1.70000000e-01 -1.82000000e-01 2.60000000e-01
      vertex -1.70000000e-01 -1.81510565e-01 2.56909830e-01
      vertex 1.70000000e-01 -1.81510565e-01 2.56909830e-01
    endloop
  endfacet
  facet normal 0.00000000e+00 -9.87688341e-01 -1.56434465e-01
    outer loop
      vertex -1.70000000e-01 -1.82000000e-01 2.60000000e-01
      vertex 1.70000000e-01 -1.81510565e-01 2.56909830e-01
      vertex 1.70000000e-01 -1.82000000e-01 2.60000000e-01
    endloop
  endfacet
  facet normal -1.00000000e+00 -0.00000000e+00 0.00000000e+00
    outer loop
      vertex -1.70000000e-01 -1.72000000e-01 2.60000000e-01
      vertex -1.70000000e-01 -1.81510565e-01 2.56909830e-01
      vertex -1.70000000e-01 -1.82000000e-01 2.60000000e-01
    endloop
  endfacet
  facet normal 1.00000000e+00 0.00000000e+00 0.00000000e+00
    outer loop
      vertex 1.70000000e-01 -1.72000000e-01 2.60000000e-01
      vertex 1.70000000e-01 -1.82000000e-01 2.60000000e-01
      vertex 1.70000000e-01 -1.81510565e-01 2.56909830e-01
    endloop
  endfacet
  facet normal 0.00000000e+00 -8.91006524e-01 -4.53990500e-01
    outer loop
      vertex -1.70000000e-01 -1.81510565e-01 2.56909830e-01
      vertex -1.70000000e-01 -1.80090170e-01 2.54122147e-01
      vertex 1.70000000e-01 -1.80090170e-01 2.54122147e-01
    endloop
  endfacet
  facet normal 0.00000000e+00 -8.91006524e-01 -4.53990500e-01
    outer loop
      vertex -1.70000000e-01 -1.81510565e-01 2.56909830e-01
      vertex 1.70000000e-01 -1.80090170e-01 2.54122147e-01
      vertex 1.70000000e-01 -1.81510565e-01 2.56909830e-01
    endloop
  endfacet
  facet normal -1.00000000e+00 0.00000000e+00 0.00000000e+00
    outer loop
      vertex -1.70000000e-01 -1.72000000e-01 2.60000000e-01
      vertex -1.70000000e-01 -1.80090170e-01 2.54122147e-01
      vertex -1.70000000e-01 -1.81510565e-01 2.56909830e-01
    endloop
  endfacet
  facet normal 1.00000000e+00 0.00000000e+00 0.00000000e+00
    outer loop
      vertex 1.70000000e-01 -1.72000000e-01 2.60000000e-01
      vertex 1.70000000e-01 -1.81510565e-01 2.56909830e-01
      vertex 1.70000000e-01 -1.80090170e-01 2.54122147e-01
    endloop
  endfacet
  facet normal 0.00000000e+00 -7.07106781e-01 -7.07106781e-01
    outer loop
      vertex -1.70000000e-01 -1.80090170e-01 2.54122147e-01
      vertex -1.70000000e-01 -1.77877853e-01 2.51909830e-01
      vertex 1.70000000e-01 -1.77877853e-01 2.51909830e-01
    endloop
  endfacet
  facet normal 0.00000000e+00 -7.07106781e-01 -7.07106781e-01
    outer loop
      vertex -1.70000000e-01 -1.80090170e-01 2.54122147e-01
      vertex 1.70000000e-01 -1.77877853e-01 2.51909830e-01
      vertex 1.70000000e-01 -1.80090170e-01 2.54122147e-01
    endloop
  endfacet
  facet normal -1.00000000e+00 0.00000000e+00 0.00000000e+00
    outer loop
      vertex -1.70000000e-01 -1.72000000e-01 2.60000000e-01
      vertex -1.70000000e-01 -1.77877853e-01 2.51909830e-01
      vertex -1.70000000e-01 -1.80090170e-01 2.54122147e-01
    endloop
  endfacet
  facet normal 1.00000000e+00 0.00000000e+00 0.00000000e+00
    outer loop
      vertex 1.70000000e-01 -1.72000000e-01 2.60000000e-01
      vertex 1.70000000e-01 -1.80090170e-01 2.54122147e-01
      vertex 1.70000000e-01 -1.77877853e-01 2.51909830e-01
    endloop
  endfacet
  facet normal 0.00000000e+00 -4.53990500e-01 -8.91006524e-01
    outer loop
      vertex -1.70000000e-01 -1.77877853e-01 2.51909830e-01
      vertex -1.70000000e-01 -1.75090170e-01 2.50489435e-01
      vertex 1.70000000e-01 -1.75090170e-01 2.50489435e-01
    endloop
  endfacet
  facet normal 0.00000000e+00 -4.53990500e-01 -8.91006524e-01
    outer loop
      vertex -1.70000000e-01 -1.77877853e-01 2.51909830e-01
      vertex 1.70000000e-01 -1.75090170e-01 2.50489435e-01
      vertex 1.70000000e-01 -1.77877853e-01 2.51909830e-01
    endloop
  endfacet
  facet normal -1.00000000e+00 0.00000000e+00 0.00000000e+00
    outer loop
      vertex -1.70000000e-01 -1.72000000e-01 2.60000000e-01
      vertex -1.70000000e-01 -1.75090170e-01 2.50489435e-01
      vertex -1.70000000e-01 -1.77877853e-01 2.51909830e-01
    endloop
  endfacet
  facet normal 1.00000000e+00 0.00000000e+00 0.00000000e+00
    outer loop
      vertex 1.70000000e-01 -1.72000000e-01 2.60000000e-01
      vertex 1.70000000e-01 -1.77877853e-01 2.51909830e-01
      vertex 1.70000000e-01 -1.75090170e-01 2.50489435e-01
    endloop
  endfacet
  facet normal 0.00000000e+00 -1.56434465e-01 -9.87688341e-01
    outer loop
      vertex -1.70000000e-01 -1.75090170e-01 2.50489435e-01
      vertex -1.70000000e-01 -1.72000000e-01 2.50000000e-01
      vertex 1.70000000e-01 -1.72000000e-01 2.50000000e-01
    endloop
  endfacet
  facet normal 0.00000000e+00 -1.56434465e-01 -9.87688341e-01
    outer loop
      vertex -1.70000000e-01 -1.75090170e-01 2.50489435e-01
      vertex 1.70000000e-01 -1.72000000e-01 2.50000000e-01
      vertex 1.70000000e-01 -1.75090170e-01 2.50489435e-01
    endloop
  endfacet
  facet normal -1.00000000e+00 0.00000000e+00 -0.00000000e+00
    outer loop
      vertex -1.70000000e-01 -1.72000000e-01 2.60000000e-01
      vertex -1.70000000e-01 -1.72000000e-01 2.50000000e-01
      vertex -1.70000000e-01 -1.75090170e-01 2.50489435e-01
    endloop
  endfacet
  facet normal 1.00000000e+00 0.00000000e+00 0.00000000e+00
    outer loop
      vertex 1.70000000e-01 -1.72000000e-01 2.60000000e-01
      vertex 1.70000000e-01 -1.75090170e-01 2.50489435e-01
      vertex 1.70000000e-01 -1.72000000e-01 2.50000000e-01
    endloop
  endfacet
  facet normal 0.00000000e+00 1.56434465e-01 -9.87688341e-01
    outer loop
      vertex -1.70000000e-01 -1.72000000e-01 2.50000000e-01
      vertex -1.70000000e-01 -1.68909830e-01 2.50489435e-01
      vertex 1.70000000e-01 -1.68909830e-01 2.50489435e-01
    endloop
  endfacet
  facet normal 0.00000000e+00 1.56434465e-01 -9.87688341e-01
    outer loop
      vertex -1.70000000e-01 -1.72000000e-01 2.50000000e-01
      vertex 1.70000000e-01 -1.68909830e-01 2.50489435e-01
      vertex 1.70000000e-01 -1.72000000e-01 2.50000000e-01
    endloop
  endfacet
  facet normal -1.00000000e+00 0.00000000e+00 0.00000000e+00
    outer loop
      vertex -1.70000000e-01 -1.72000000e-01 2.60000000e-01
      vertex -1.70000000e-01 -1.68909830e-01 2.50489435e-01
      vertex -1.70000000e-01 -1.72000000e-01 2.50000000e-01
    endloop
  endfacet
  facet normal 1.00000000e+00 0.00000000e+00 0.00000000e+00
    outer loop
      vertex 1.70000000e-01 -1.72000000e-01 2.60000000e-01
      vertex 1.70000000e-01 -1.72000000e-01 2.50000000e-01
      vertex 1.70000000e-01 -1.68909830e-01 2.50489435e-01
    endloop
  endfacet
  facet normal 0.00000000e+00 4.53990500e-01 -8.91006524e-01
    outer loop
      vertex -1.70000000e-01 -1.68909830e-01 2.50489435e-01
      vertex -1.70000000e-01 -1.66122147e-01 2.51909830e-01
      vertex 1.70000000e-01 -1.66122147e-01 2.51909830e-01
    endloop
  endfacet
  facet normal 0.00000000e+00 4.53990500e-01 -8.91006524e-01
    outer loop
      vertex -1.70000000e-01 -1.68909830e-01 2.50489435e-01
      vertex 1.70000000e-01 -1.66122147e-01 2.51909830e-01
      vertex 1.70000000e-01 -1.68909830e-01 2.50489435e-01
    endloop
  endfacet
  facet normal -1.00000000e+00 0.00000000e+00 0.00000000e+00
    outer loop
      vertex -1.70000000e-01 -1.72000000e-01 2.60000000e-01
      vertex -1.70000000e-01 -1.66122147e-01 2.51909830e-01
      vertex -1.70000000e-01 -1.68909830e-01 2.50489435e-01
    endloop
  endfacet
  facet normal 1.00000000e+00 0.00000000e+00 0.00000000e+00
    outer loop
      vertex 1.70000000e-01 -1.72000000e-01 2.60000000e-01
      vertex 1.70000000e-01 -1.68909830e-01 2.50489435e-01
      vertex 1.70000000e-01 -1.66122147e-01 2.51909830e-01
    endloop
  endfacet
  facet normal 0.00000000e+00 7.07106781e-01 -7.07106781e-01
    outer loop
      vertex -1.70000000e-01 -1.66122147e-01 2.51909830e-01
      vertex -1.70000000e-01 -1.63909830e-01 2.54122147e-01
      vertex 1.70000000e-01 -1.63909830e-01 2.54122147e-01
    endloop
  endfacet
  facet normal 0.00000000e+00 7.07106781e-01 -7.07106781e-01
    outer loop
      vertex -1.70000000e-01 -1.66122147e-01 2.51909830e-01
      vertex 1.70000000e-01 -1.63909830e-01 2.54122147e-01
      vertex 1.70000000e-01 -1.66122147e-01 2.51909830e-01
    endloop
  endfacet
  facet normal -1.00000000e+00 0.00000000e+00 0.00000000e+00
    outer loop
      vertex -1.70000000e-01 -1.72000000e-01 2.60000000e-01
      vertex -1.70000000e-01 -1.63909830e-01 2.54122147e-01
      vertex -1.70000000e-01 -1.66122147e-01 2.51909830e-01
    endloop
  endfacet
  facet normal 1.00000000e+00 0.00000000e+00 0.00000000e+00
    outer loop
      vertex 1.70000000e-01 -1.72000000e-01 2.60000000e-01
      vertex 1.70000000e-01 -1.66122147e-01 2.51909830e-01
      vertex 1.70000000e-01 -1.63909830e-01 2.54122147e-01
    endloop
  endfacet
  facet normal 0.00000000e+00 8.91006524e-01 -4.53990500e-01
    outer loop
      vertex -1.70000000e-01 -1.63909830e-01 2.54122147e-01
      vertex -1.70000000e-01 -1.62489435e-01 2.56909830e-01
      vertex 1.70000000e-01 -1.62489435e-01 2.56909830e-01
    endloop
  endfacet
  facet normal 0.00000000e+00 8.91006524e-01 -4.53990500e-01
    outer loop
      vertex -1.70000000e-01 -1.63909830e-01 2.54122147e-01
      vertex 1.70000000e-01 -1.62489435e-01 2.56909830e-01
      vertex 1.70000000e-01 -1.63909830e-01 2.54122147e-01
    endloop
  endfacet
  facet normal -1.00000000e+00 0.00000000e+00 0.00000000e+00
    outer loop
      vertex -1.70000000e-01 -1.72000000e-01 2.60000000e-01
      vertex -1.70000000e-01 -1.62489435e-01 2.56909830e-01
      vertex -1.70000000e-01 -1.63909830e-01 2.54122147e-01
    endloop
  endfacet
  facet normal 1.00000000e+00 0.00000000e+00 0.00000000e+00
    outer loop
      vertex 1.70000000e-01 -1.72000000e-01 2.60000000e-01
      vertex 1.70000000e-01 -1.63909830e-01 2.54122147e-01
      vertex 1.70000000e-01 -1.62489435e-01 2.56909830e-01
    endloop
  endfacet
  facet normal 0.00000000e+00 9.87688341e-01 -1.56434465e-01
    outer loop
      vertex -1.70000000e-01 -1.62489435e-01 2.56909830e-01
      vertex -1.70000000e-01 -1.62000000e-01 2.60000000e-01
      vertex 1.70000000e-01 -1.62000000e-01 2.60000000e-01
    endloop
  endfacet
  facet normal 0.00000000e+00 9.87688341e-01 -1.56434465e-01
    outer loop
      vertex -1.70000000e-01 -1.62489435e-01 2.56909830e-01
      vertex 1.70000000e-01 -1.62000000e-01 2.60000000e-01
      vertex 1.70000000e-01 -1.62489435e-01 2.56909830e-01
    endloop
  endfacet
  facet normal -1.00000000e+00 0.00000000e+00 0.00000000e+00
    outer loop
      vertex -1.70000000e-01 -1.72000000e-01 2.60000000e-01
      vertex -1.70000000e-01 -1.62000000e-01 2.60000000e-01
      vertex -1.70000000e-01 -1.62489435e-01 2.56909830e-01
    endloop
  endfacet
  facet normal 1.00000000e+00 -0.00000000e+00 0.00000000e+00
    outer loop
      vertex 1.70000000e-01 -1.72000000e-01 2.60000000e-01
      vertex 1.70000000e-01 -1.62489435e-01 2.56909830e-01
      vertex 1.70000000e-01 -1.62000000e-01 2.60000000e-01
    endloop
  endfacet
  facet normal 0.00000000e+00 9.87688341e-01 1.56434465e-01
    outer loop
      vertex -1.70000000e-01 1.82000000e-01 0.00000000e+00
      vertex -1.70000000e-01 1.81510565e-01 3.09016994e-03
      vertex 1.70000000e-01 1.81510565e-01 3.09016994e-03
    endloop
  endfacet
  facet normal -0.00000000e+00 9.87688341e-01 1.56434465e-01
    outer loop
      vertex -1.70000000e-01 1.82000000e-01 0.00000000e+00
      vertex 1.70000000e-01 1.81510565e-01 3.09016994e-03
      vertex 1.70000000e-01 1.82000000e-01 0.00000000e+00
    endloop
  endfacet
  facet normal -1.00000000e+00 0.00000000e+00 0.00000000e+00
    outer loop
      vertex -1.70000000e-01 1.72000000e-01 0.00000000e+00
      vertex -1.70000000e-01 1.81510565e-01 3.09016994e-03
      vertex -1.70000000e-01 1.82000000e-01 0.00000000e+00
    endloop
  endfacet
  facet normal 1.00000000e+00 0.00000000e+00 0.00000000e+00
    outer loop
      vertex 1.70000000e-01 1.72000000e-01 0.00000000e+00
      vertex 1.70000000e-01 1.82000000e-01 0.00000000e+00
      vertex 1.70000000e-01 1.81510565e-01 3.09016994e-03
    endloop
  endfacet
  facet normal 0.00000000e+00 8.91006524e-01 4.53990500e-01
    outer loop
      vertex -1.70000000e-01 1.81510565e-01 3.09016994e-03
      vertex -1.70000000e-01 1.80090170e-01 5.87785252e-03
      vertex 1.70000000e-01 1.80090170e-01 5.87785252e-03
    endloop
  endfacet
  facet normal -0.00000000e+00 8.91006524e-01 4.53990500e-01
    outer loop
      vertex -1.70000000e-01 1.81510565e-01 3.09016994e-03
      vertex 1.70000000e-01 1.80090170e-01 5.87785252e-03
      vertex 1.70000000e-01 1.81510565e-01 3.09016994e-03
    endloop
  endfacet
  facet normal -1.00000000e+00 0.00000000e+00 0.00000000e+00
    outer loop
      vertex -1.70000000e-01 1.72000000e-01 0.00000000e+00
      vertex -1.70000000e-01 1.80090170e-01 5.87785252e-03
      vertex -1.70000000e-01 1.81510565e-01 3.09016994e-03
    endloop
  endfacet
  facet normal 1.00000000e+00 0.00000000e+00 0.00000000e+00
    outer loop
      vertex 1.70000000e-01 1.72000000e-01 0.00000000e+00
      vertex 1.70000000e-01 1.81510565e-01 3.09016994e-03
      vertex 1.70000000e-01 1.80090170e-01 5.87785252e-03
    endloop
  endfacet
  facet normal 0.00000000e+00 7.07106781e-01 7.07106781e-01
    outer loop
      vertex -1.70000000e-01 1.80090170e-01 5.87785252e-03
      vertex -1.70000000e-01 1.77877853e-01 8.09016994e-03
      vertex 1.70000000e-01 1.77877853e-01 8.09016994e-03
    endloop
  endfacet
  facet normal -0.00000000e+00 7.07106781e-01 7.07106781e-01
    outer loop
      vertex -1.70000000e-01 1.80090170e-01 5.87785252e-03
      vertex 1.70000000e-01 1.77877853e-01 8.09016994e-03
      vertex 1.70000000e-01 1.80090170e-01 5.87785252e-03
    endloop
  endfacet
  facet normal -1.00000000e+00 0.00000000e+00 0.00000000e+00
    outer loop
      vertex -1.70000000e-01 1.72000000e-01 0.00000000e+00
      vertex -1.70000000e-01 1.77877853e-01 8.09016994e-03
      vertex -1.70000000e-01 1.80090170e-01 5.87785252e-03
    endloop
  endfacet
  facet normal 1.00000000e+00 0.00000000e+00 0.00000000e+00
    outer loop
      vertex 1.70000000e-01 1.72000000e-01 0.00000000e+00
      vertex 1.70000000e-01 1.80090170e-01 5.87785252e-03
      vertex 1.70000000e-01 1.77877853e-01 8.09016994e-03
    endloop
  endfacet
  facet normal 0.00000000e+00 4.53990500e-01 8.91006524e-01
    outer loop
      vertex -1.70000000e-01 1.77877853e-01 8.09016994e-03
      vertex -1.70000000e-01 1.75090170e-01 9.51056516e-03
      vertex 1.70000000e-01 1.75090170e-01 9.51056516e-03
    endloop
  endfacet
  facet normal -0.00000000e+00 4.53990500e-01 8.91006524e-01
    outer loop
      vertex -1.70000000e-01 1.77877853e-01 8.09016994e-03
      vertex 1.70000000e-01 1.75090170e-01 9.51056516e-03
      vertex 1.70000000e-01 1.77877853e-01 8.09016994e-03
    endloop
  endfacet
  facet normal -1.00000000e+00 0.00000000e+00 0.00000000e+00
    outer loop
      vertex -1.70000000e-01 1.72000000e-01 0.00000000e+00
      vertex -1.70000000e-01 1.75090170e-01 9.51056516e-03
      vertex -1.70000000e-01 1.77877853e-01 8.09016994e-03
    endloop
  endfacet
  facet normal 1.00000000e+00 0.00000000e+00 0.00000000e+00
    outer loop
      vertex 1.70000000e-01 1.72000000e-01 0.00000000e+00
      vertex 1.70000000e-01 1.77877853e-01 8.09016994e-03
      vertex 1.70000000e-01 1.75090170e-01 9.51056516e-03
    endloop
  endfacet
  facet normal 0.00000000e+00 1.56434465e-01 9.87688341e-01
    outer loop
      vertex -1.70000000e-01 1.75090170e-01 9.51056516e-03
      vertex -1.70000000e-01 1.72000000e-01 1.00000000e-02
      vertex 1.70000000e-01 1.72000000e-01 1.00000000e-02
    endloop
  endfacet
  facet normal -0.00000000e+00 1.56434465e-01 9.87688341e-01
    outer loop
      vertex -1.70000000e-01 1.75090170e-01 9.51056516e-03
      vertex 1.70000000e-01 1.72000000e-01 1.00000000e-02
      vertex 1.70000000e-01 1.75090170e-01 9.51056516e-03
    endloop
  endfacet
  facet normal -1.00000000e+00 0.00000000e+00 0.00000000e+00
    outer loop
      vertex -1.70000000e-01 1.72000000e-01 0.00000000e+00
      vertex -1.70000000e-01 1.72000000e-01 1.00000000e-02
      vertex -1.70000000e-01 1.75090170e-01 9.51056516e-03
    endloop
  endfacet
  facet normal 1.00000000e+00 0.00000000e+00 0.00000000e+00
    outer loop
      vertex 1.70000000e-01 1.72000000e-01 0.00000000e+00
      vertex 1.70000000e-01 1.75090170e-01 9.51056516e-03
      vertex 1.70000000e-01 1.72000000e-01 1.00000000e-02
    endloop
  endfacet
  facet normal 0.00000000e+00 -1.56434465e-01 9.87688341e-01
    outer loop
      vertex -1.70000000e-01 1.72000000e-01 1.00000000e-02
      vertex -1.70000000e-01 1.68909830e-01 9.51056516e-03
      vertex 1.70000000e-01 1.68909830e-01 9.51056516e-03
    endloop
  endfacet
  facet normal 0.00000000e+00 -1.56434465e-01 9.87688341e-01
    outer loop
      vertex -1.70000000e-01 1.72000000e-01 1.00000000e-02
      vertex 1.70000000e-01 1.68909830e-01 9.51056516e-03
      vertex 1.70000000e-01 1.72000000e-01 1.00000000e-02
    endloop
  endfacet
  facet normal -1.00000000e+00 0.00000000e+00 0.00000000e+00
    outer loop
      vertex -1.70000000e-01 1.72000000e-01 0.00000000e+00
      vertex -1.70000000e-01 1.68909830e-01 9.51056516e-03
      vertex -1.70000000e-01 1.72000000e-01 1.00000000e-02
    endloop
  endfacet
  facet normal 1.00000000e+00 0.00000000e+00 -0.00000000e+00
    outer loop
      vertex 1.70000000e-01 1.72000000e-01 0.00000000e+00
      vertex 1.70000000e-01 1.72000000e-01 1.00000000e-02
      vertex 1.70000000e-01 1.68909830e-01 9.51056516e-03
    endloop
  endfacet
  facet normal 0.00000000e+00 -4.53990500e-01 8.91006524e-01
    outer loop
      vertex -1.70000000e-01 1.68909830e-01 9.51056516e-03
      vertex -1.70000000e-01 1.66122147e-01 8.09016994e-03
      vertex 1.70000000e-01 1.66122147e-01 8.09016994e-03
    endloop
  endfacet
  facet normal 0.00000000e+00 -4.53990500e-01 8.91006524e-01
    outer loop
      vertex -1.70000000e-01 1.68909830e-01 9.51056516e-03
      vertex 1.70000000e-01 1.66122147e-01 8.09016994e-03
      vertex 1.70000000e-01 1.68909830e-01 9.51056516e-03
    endloop
  endfacet
  facet normal -1.00000000e+00 0.00000000e+00 0.00000000e+00
    outer loop
      vertex -1.70000000e-01 1.72000000e-01 0.00000000e+00
      vertex -1.70000000e-01 1.66122147e-01 8.09016994e-03
      vertex -1.70000000e-01 1.68909830e-01 9.51056516e-03
    endloop
  endfacet
  facet normal 1.00000000e+00 0.00000000e+00 0.00000000e+00
    outer loop
      vertex 1.70000000e-01 1.72000000e-01 0.00000000e+00
      vertex 1.70000000e-01 1.68909830e-01 9.51056516e-03
      vertex 1.70000000e-01 1.66122147e-01 8.09016994e-03
    endloop
  endfacet
  facet normal 0.00000000e+00 -7.07106781e-01 7.07106781e-01
    outer loop
      vertex -1.70000000e-01 1.66122147e-01 8.09016994e-03
      vertex -1.70000000e-01 1.63909830e-01 5.87785252e-03
      vertex 1.70000000e-01 1.63909830e-01 5.87785252e-03
    endloop
  endfacet
  facet normal 0.00000000e+00 -7.07106781e-01 7.07106781e-01
    outer loop
      vertex -1.70000000e-01 1.66122147e-01 8.09016994e-03
      vertex 1.70000000e-01 1.63909830e-01 5.87785252e-03
      vertex 1.70000000e-01 1.66122147e-01 8.09016994e-03
    endloop
  endfacet
  facet normal -1.00000000e+00 0.00000000e+00 0.00000000e+00
    outer loop
      vertex -1.70000000e-01 1.72000000e-01 0.00000000e+00
      vertex -1.70000000e-01 1.63909830e-01 5.87785252e-03
      vertex -1.70000000e-01 1.66122147e-01 8.09016994e-03
    endloop
  endfacet
  facet normal 1.00000000e+00 0.00000000e+00 0.00000000e+00
    outer loop
      vertex 1.70000000e-01 1.72000000e-01 0.00000000e+00
      vertex 1.70000000e-01 1.66122147e-01 8.09016994e-03
      vertex 1.70000000e-01 1.63909830e-01 5.87785252e-03
    endloop
  endfacet
  facet normal 0.00000000e+00 -8.91006524e-01 4.53990500e-01
    outer loop
      vertex -1.70000000e-01 1.63909830e-01 5.87785252e-03
      vertex -1.70000000e-01 1.62489435e-01 3.09016994e-03
      vertex 1.70000000e-01 1.62489435e-01 3.09016994e-03
    endloop
  endfacet
  facet normal 0.00000000e+00 -8.91006524e-01 4.53990500e-01
    outer loop
      vertex -1.70000000e-01 1.63909830e-01 5.87785252e-03
      vertex 1.70000000e-01 1.62489435e-01 3.09016994e-03
      vertex 1.70000000e-01 1.63909830e-01 5.87785252e-03
    endloop
  endfacet
  facet normal -1.00000000e+00 0.00000000e+00 0.00000000e+00
    outer loop
      vertex -1.70000000e-01 1.72000000e-01 0.00000000e+00
      vertex -1.70000000e-01 1.62489435e-01 3.09016994e-03
      vertex -1.70000000e-01 1.63909830e-01 5.87785252e-03
    endloop
  endfacet
  facet normal 1.00000000e+00 0.00000000e+00 0.00000000e+00
    outer loop
      vertex 1.70000000e-01 1.72000000e-01 0.00000000e+00
      vertex 1.70000000e-01 1.63909830e-01 5.87785252e-03
      vertex 1.70000000e-01 1.62489435e-01 3.09016994e-03
    endloop
  endfacet
  facet normal 0.00000000e+00 -9.87688341e-01 1.56434465e-01
    outer loop
      vertex -1.70000000e-01 1.62489435e-01 3.09016994e-03
      vertex -1.70000000e-01 1.62000000e-01 1.22464680e-18
      vertex 1.70000000e-01 1.62000000e-01 1.22464680e-18
    endloop
  endfacet
  facet normal 0.00000000e+00 -9.87688341e-01 1.56434465e-01
    outer loop
      vertex -1.70000000e-01 1.62489435e-01 3.09016994e-03
      vertex 1.70000000e-01 1.62000000e-01 1.22464680e-18
      vertex 1.70000000e-01 1.62489435e-01 3.09016994e-03
    endloop
  endfacet
  facet normal -1.00000000e+00 0.00000000e+00 0.00000000e+00
    outer loop
      vertex -1.70000000e-01 1.72000000e-01 0.00000000e+00
      vertex -1.70000000e-01 1.62000000e-01 1.22464680e-18
      vertex -1.70000000e-01 1.62489435e-01 3.09016994e-03
    endloop
  endfacet
  facet normal 1.00000000e+00 0.00000000e+00 0.00000000e+00
    outer loop
      vertex 1.70000000e-01 1.72000000e-01 0.00000000e+00
      vertex 1.70000000e-01 1.62489435e-01 3.09016994e-03
      vertex 1.70000000e-01 1.62000000e-01 1.22464680e-18
    endloop
  endfacet
  facet normal 0.00000000e+00 -9.87688341e-01 -1.56434465e-01
    outer loop
      vertex -1.70000000e-01 1.62000000e-01 1.22464680e-18
      vertex -1.70000000e-01 1.62489435e-01 -3.09016994e-03
      vertex 1.70000000e-01 1.62489435e-01 -3.09016994e-03
    endloop
  endfacet
  facet normal 0.00000000e+00 -9.87688341e-01 -1.56434465e-01
    outer loop
      vertex -1.70000000e-01 1.62000000e-01 1.22464680e-18
      vertex 1.70000000e-01 1.62489435e-01 -3.09016994e-03
      vertex 1.70000000e-01 1.62000000e-01 1.22464680e-18
    endloop
  endfacet
  facet normal -1.00000000e+00 -0.00000000e+00 0.00000000e+00
    outer loop
      vertex -1.70000000e-01 1.72000000e-01 0.00000000e+00
      vertex -1.70000000e-01 1.62489435e-01 -3.09016994e-03
      vertex -1.70000000e-01 1.62000000e-01 1.22464680e-18
    endloop
  endfacet
  facet normal 1.00000000e+00 0.00000000e+00 0.00000000e+00
    outer loop
      vertex 1.70000000e-01 1.72000000e-01 0.00000000e+00
      vertex 1.70000000e-01 1.62000000e-01 1.22464680e-18
      vertex 1.70000000e-01 1.62489435e-01 -3.09016994e-03
    endloop
  endfacet
  facet normal 0.00000000e+00 -8.91006524e-01 -4.53990500e-01
    outer loop
      vertex -1.70000000e-01 1.62489435e-01 -3.09016994e-03
      vertex -1.70000000e-01 1.63909830e-01 -5.87785252e-03
      vertex 1.70000000e-01 1.63909830e-01 -5.87785252e-03
    endloop
  endfacet
  facet normal 0.00000000e+00 -8.91006524e-01 -4.53990500e-01
    outer loop
      vertex -1.70000000e-01 1.62489435e-01 -3.09016994e-03
      vertex 1.70000000e-01 1.63909830e-01 -5.87785252e-03
      vertex 1.70000000e-01 1.62489435e-01 -3.09016994e-03
    endloop
  endfacet
  facet normal -1.00000000e+00 0.00000000e+00 0.00000000e+00
    outer loop
      vertex -1.70000000e-01 1.72000000e-01 0.00000000e+00
      vertex -1.70000000e-01 1.63909830e-01 -5.87785252e-03
      vertex -1.70000000e-01 1.62489435e-01 -3.09016994e-03
    endloop
  endfacet
  facet normal 1.00000000e+00 0.00000000e+00 0.00000000e+00
    outer loop
      vertex 1.70000000e-01 1.72000000e-01 0.00000000e+00
      vertex 1.70000000e-01 1.62489435e-01 -3.09016994e-03
      vertex 1.70000000e-01 1.63909830e-01 -5.87785252e-03
    endloop
  endfacet
  facet normal 0.00000000e+00 -7.07106781e-01 -7.07106781e-01
    outer loop
      vertex -1.70000000e-01 1.63909830e-01 -5.87785252e-03
      vertex -1.70000000e-01 1.66122147e-01 -8.09016994e-03
      vertex 1.70000000e-01 1.66122147e-01 -8.09016994e-03
    endloop
  endfacet
  facet normal 0.00000000e+00 -7.07106781e-01 -7.07106781e-01
    outer loop
      vertex -1.70000000e-01 1.63909830e-01 -5.87785252e-03
      vertex 1.70000000e-01 1.66122147e-01 -8.09016994e-03
      vertex 1.70000000e-01 1.63909830e-01 -5.87785252e-03
    endloop
  endfacet
  facet normal -1.00000000e+00 0.00000000e+00 0.00000000e+00
    outer loop
      vertex -1.70000000e-01 1.72000000e-01 0.00000000e+00
      vertex -1.70000000e-01 1.66122147e-01 -8.09016994e-03
      vertex -1.70000000e-01 1.63909830e-01 -5.87785252e-03
    endloop
  endfacet
  facet normal 1.00000000e+00 0.00000000e+00 0.00000000e+00
    outer loop
      vertex 1.70000000e-01 1.72000000e-01 0.00000000e+00
      vertex 1.70000000e-01 1.63909830e-01 -5.87785252e-03
      vertex 1.70000000e-01 1.66122147e-01 -8.09016994e-03
    endloop
  endfacet
  facet normal 0.00000000e+00 -4.53990500e-01 -8.91006524e-01
    outer loop
      vertex -1.70000000e-01 1.66122147e-01 -8.09016994e-03
      vertex -1.70000000e-01 1.68909830e-01 -9.51056516e-03
      vertex 1.70000000e-01 1.68909830e-01 -9.51056516e-03
    endloop
  endfacet
  facet normal 0.00000000e+00 -4.53990500e-01 -8.91006524e-01
    outer loop
      vertex -1.70000000e-01 1.66122147e-01 -8.09016994e-03
      vertex 1.70000000e-01 1.68909830e-01 -9.51056516e-03
      vertex 1.70000000e-01 1.66122147e-01 -8.09016994e-03
    endloop
  endfacet
  facet normal -1.00000000e+00 0.00000000e+00 0.00000000e+00
    outer loop
      vertex -1.70000000e-01 1.72000000e-01 0.00000000e+00
      vertex -1.70000000e-01 1.68909830e-01 -9.51056516e-03
      vertex -1.70000000e-01 1.66122147e-01 -8.09016994e-03
    endloop
  endfacet
  facet normal 1.00000000e+00 0.00000000e+00 0.00000000e+00
    outer loop
      vertex 1.70000000e-01 1.72000000e-01 0.00000000e+00
      vertex 1.70000000e-01 1.66122147e-01 -8.09016994e-03
      vertex 1.70000000e-01 1.68909830e-01 -9.51056516e-03
    endloop
  endfacet
  facet normal 0.00000000e+00 -1.56434465e-01 -9.87688341e-01
    outer loop
      vertex -1.70000000e-01 1.68909830e-01 -9.51056516e-03
      vertex -1.70000000e-01 1.72000000e-01 -1.00000000e-02
      vertex 1.70000000e-01 1.72000000e-01 -1.00000000e-02
    endloop
  endfacet
  facet normal 0.00000000e+00 -1.56434465e-01 -9.87688341e-01
    outer loop
      vertex -1.70000000e-01 1.68909830e-01 -9.51056516e-03
      vertex 1.70000000e-01 1.72000000e-01 -1.00000000e-02
      vertex 1.70000000e-01 1.68909830e-01 -9.51056516e-03
    endloop
  endfacet
  facet normal -1.00000000e+00 0.00000000e+00 -0.00000000e+00
    outer loop
      vertex -1.70000000e-01 1.72000000e-01 0.00000000e+00
      vertex -1.70000000e-01 1.72000000e-01 -1.00000000e-02
      vertex -1.70000000e-01 1.68909830e-01 -9.51056516e-03
    endloop
  endfacet
  facet normal 1.00000000e+00 0.00000000e+00 0.00000000e+00
    outer loop
      vertex 1.70000000e-01 1.72000000e-01 0.00000000e+00
      vertex 1.70000000e-01 1.68909830e-01 -9.51056516e-03
      vertex 1.70000000e-01 1.72000000e-01 -1.00000000e-02
    endloop
  endfacet
  facet normal 0.00000000e+00 1.56434465e-01 -9.87688341e-01
    outer loop
      vertex -1.70000000e-01 1.72000000e-01 -1.00000000e-02
      vertex -1.70000000e-01 1.75090170e-01 -9.51056516e-03
      vertex 1.70000000e-01 1.75090170e-01 -9.51056516e-03
    endloop
  endfacet
  facet normal 0.00000000e+00 1.56434465e-01 -9.87688341e-01
    outer loop
      vertex -1.70000000e-01 1.72000000e-01 -1.00000000e-02
      vertex 1.70000000e-01 1.75090170e-01 -9.51056516e-03
      vertex 1.70000000e-01 1.72000000e-01 -1.00000000e-02
    endloop
  endfacet
  facet normal -1.00000000e+00 0.00000000e+00 0.00000000e+00
    outer loop
      vertex -1.70000000e-01 1.72000000e-01 0.00000000e+00
      vertex -1.70000000e-01 1.75090170e-01 -9.51056516e-03
      vertex -1.70000000e-01 1.72000000e-01 -1.00000000e-02
    endloop
  endfacet
  facet normal 1.00000000e+00 0.00000000e+00 0.00000000e+00
    outer loop
      vertex 1.70000000e-01 1.72000000e-01 0.00000000e+00
      vertex 1.70000000e-01 1.72000000e-01 -1.00000000e-02
      vertex 1.70000000e-01 1.75090170e-01 -9.51056516e-03
    endloop
  endfacet
  facet normal 0.00000000e+00 4.53990500e-01 -8.91006524e-01
    outer loop
      vertex -1.70000000e-01 1.75090170e-01 -9.51056516e-03
      vertex -1.70000000e-01 1.77877853e-01 -8.09016994e-03
      vertex 1.70000000e-01 1.77877853e-01 -8.09016994e-03
    endloop
  endfacet
  facet normal 0.00000000e+00 4.53990500e-01 -8.91006524e-01
    outer loop
      vertex -1.70000000e-01 1.75090170e-01 -9.51056516e-03
      vertex 1.70000000e-01 1.77877853e-01 -8.09016994e-03
      vertex 1.70000000e-01 1.75090170e-01 -9.51056516e-03
    endloop
  endfacet
  facet normal -1.00000000e+00 0.00000000e+00 0.00000000e+00
    outer loop
      vertex -1.70000000e-01 1.72000000e-01 0.00000000e+00
      vertex -1.70000000e-01 1.77877853e-01 -8.09016994e-03
      vertex -1.70000000e-01 1.75090170e-01 -9.51056516e-03
    endloop
  endfacet
  facet normal 1.00000000e+00 0.00000000e+00 0.00000000e+00
    outer loop
      vertex 1.70000000e-01 1.72000000e-01 0.00000000e+00
      vertex 1.70000000e-01 1.75090170e-01 -9.51056516e-03
      vertex 1.70000000e-01 1.77877853e-01 -8.09016994e-03
    endloop
  endfacet
  facet normal 0.00000000e+00 7.07106781e-01 -7.07106781e-01
    outer loop
      vertex -1.70000000e-01 1.77877853e-01 -8.09016994e-03
      vertex -1.70000000e-01 1.80090170e-01 -5.87785252e-03
      vertex 1.70000000e-01 1.80090170e-01 -5.87785252e-03
    endloop
  endfacet
  facet normal 0.00000000e+00 7.07106781e-01 -7.07106781e-01
    outer loop
      vertex -1.70000000e-01 1.77877853e-01 -8.09016994e-03
      vertex 1.70000000e-01 1.80090170e-01 -5.87785252e-03
      vertex 1.70000000e-01 1.77877853e-01 -8.09016994e-03
    endloop
  endfacet
  facet normal -1.00000000e+00 0.00000000e+00 0.00000000e+00
    outer loop
      vertex -1.70000000e-01 1.72000000e-01 0.00000000e+00
      vertex -1.70000000e-01 1.80090170e-01 -5.87785252e-03
      vertex -1.70000000e-01 1.77877853e-01 -8.09016994e-03
    endloop
  endfacet
  facet normal 1.00000000e+00 0.00000000e+00 0.00000000e+00
    outer loop
      vertex 1.70000000e-01 1.72000000e-01 0.00000000e+00
      vertex 1.70000000e-01 1.77877853e-01 -8.09016994e-03
      vertex 1.70000000e-01 1.80090170e-01 -5.87785252e-03
    endloop
  endfacet
  facet normal 0.00000000e+00 8.91006524e-01 -4.53990500e-01
    outer loop
      vertex -1.70000000e-01 1.80090170e-01 -5.87785252e-03
      vertex -1.70000000e-01 1.81510565e-01 -3.09016994e-03
      vertex 1.70000000e-01 1.81510565e-01 -3.09016994e-03
    endloop
  endfacet
  facet normal 0.00000000e+00 8.91006524e-01 -4.53990500e-01
    outer loop
      vertex -1.70000000e-01 1.80090170e-01 -5.87785252e-03
      vertex 1.70000000e-01 1.81510565e-01 -3.09016994e-03
      vertex 1.70000000e-01 1.80090170e-01 -5.87785252e-03
    endloop
  endfacet
  facet normal -1.00000000e+00 0.00000000e+00 0.00000000e+00
    outer loop
      vertex -1.70000000e-01 1.72000000e-01 0.00000000e+00
      vertex -1.70000000e-01 1.81510565e-01 -3.09016994e-03
      vertex -1.70000000e-01 1.80090170e-01 -5.87785252e-03
    endloop
  endfacet
  facet normal 1.00000000e+00 0.00000000e+00 0.00000000e+00
    outer loop
      vertex 1.70000000e-01 1.72000000e-01 0.00000000e+00
      vertex 1.70000000e-01 1.80090170e-01 -5.87785252e-03
      vertex 1.70000000e-01 1.81510565e-01 -3.09016994e-03
    endloop
  endfacet
  facet normal 0.00000000e+00 9.87688341e-01 -1.56434465e-01
    outer loop
      vertex -1.70000000e-01 1.81510565e-01 -3.09016994e-03
      vertex -1.70000000e-01 1.82000000e-01 0.00000000e+00
      vertex 1.70000000e-01 1.82000000e-01 0.00000000e+00
    endloop
  endfacet
  facet normal 0.00000000e+00 9.87688341e-01 -1.56434465e-01
    outer loop
      vertex -1.70000000e-01 1.81510565e-01 -3.09016994e-03
      vertex 1.70000000e-01 1.82000000e-01 0.00000000e+00
      vertex 1.70000000e-01 1.81510565e-01 -3.09016994e-03
    endloop
  endfacet
  facet normal -1.00000000e+00 0.00000000e+00 0.00000000e+00
    outer loop
      vertex -1.70000000e-01 1.72000000e-01 0.00000000e+00
      vertex -1.70000000e-01 1.82000000e-01 0.00000000e+00
      vertex -1.70000000e-01 1.81510565e-01 -3.09016994e-03
    endloop
  endfacet
  facet normal 1.00000000e+00 -0.00000000e+00 0.00000000e+00
    outer loop
      vertex 1.70000000e-01 1.72000000e-01 0.00000000e+00
      vertex 1.70000000e-01 1.81510565e-01 -3.09016994e-03
      vertex 1.70000000e-01 1.82000000e-01 0.00000000e+00
    endloop
  endfacet
  facet normal 0.00000000e+00 9.87688341e-01 1.56434465e-01
    outer loop
      vertex -1.70000000e-01 1.82000000e-01 2.60000000e-01
      vertex -1.70000000e-01 1.81510565e-01 2.63090170e-01
      vertex 1.70000000e-01 1.81510565e-01 2.63090170e-01
    endloop
  endfacet
  facet normal -0.00000000e+00 9.87688341e-01 1.56434465e-01
    outer loop
      vertex -1.70000000e-01 1.82000000e-01 2.60000000e-01
      vertex 1.70000000e-01 1.81510565e-01 2.63090170e-01
      vertex 1.70000000e-01 1.82000000e-01 2.60000000e-01
    endloop
  endfacet
  facet normal -1.00000000e+00 0.00000000e+00 0.00000000e+00
    outer loop
      vertex -1.70000000e-01 1.72000000e-01 2.60000000e-01
      vertex -1.70000000e-01 1.81510565e-01 2.63090170e-01
      vertex -1.70000000e-01 1.82000000e-01 2.60000000e-01
    endloop
  endfacet
  facet normal 1.00000000e+00 0.00000000e+00 0.00000000e+00
    outer loop
      vertex 1.70000000e-01 1.72000000e-01 2.60000000e-01
      vertex 1.70000000e-01 1.82000000e-01 2.60000000e-01
      vertex 1.70000000e-01 1.81510565e-01 2.63090170e-01
    endloop
  endfacet
  facet normal 0.00000000e+00 8.91006524e-01 4.53990500e-01
    outer loop
      vertex -1.70000000e-01 1.81510565e-01 2.63090170e-01
      vertex -1.70000000e-01 1.80090170e-01 2.65877853e-01
      vertex 1.70000000e-01 1.80090170e-01 2.65877853e-01
    endloop
  endfacet
  facet normal -0.00000000e+00 8.91006524e-01 4.53990500e-01
    outer loop
      vertex -1.70000000e-01 1.81510565e-01 2.63090170e-01
      vertex 1.70000000e-01 1.80090170e-01 2.65877853e-01
      vertex 1.70000000e-01 1.81510565e-01 2.63090170e-01
    endloop
  endfacet
  facet normal -1.00000000e+00 0.00000000e+00 0.00000000e+00
    outer loop
      vertex -1.70000000e-01 1.72000000e-01 2.60000000e-01
      vertex -1.70000000e-01 1.80090170e-01 2.65877853e-01
      vertex -1.70000000e-01 1.81510565e-01 2.63090170e-01
    endloop
  endfacet
  facet normal 1.00000000e+00 0.00000000e+00 0.00000000e+00
    outer loop
      vertex 1.70000000e-01 1.72000000e-01 2.60000000e-01
      vertex 1.70000000e-01 1.81510565e-01 2.63090170e-01
      vertex 1.70000000e-01 1.80090170e-01 2.65877853e-01
    endloop
  endfacet
  facet normal 0.00000000e+00 7.07106781e-01 7.07106781e-01
    outer loop
      vertex -1.70000000e-01 1.80090170e-01 2.65877853e-01
      vertex -1.70000000e-01 1.77877853e-01 2.68090170e-01
      vertex 1.70000000e-01 1.77877853e-01 2.68090170e-01
    endloop
  endfacet
  facet normal -0.00000000e+00 7.07106781e-01 7.07106781e-01
    outer loop
      vertex -1.70000000e-01 1.80090170e-01 2.65877853e-01
      vertex 1.70000000e-01 1.77877853e-01 2.68090170e-01
      vertex 1.70000000e-01 1.80090170e-01 2.65877853e-01
    endloop
  endfacet
  facet normal -1.00000000e+00 0.00000000e+00 0.00000000e+00
    outer loop
      vertex -1.70000000e-01 1.72000000e-01 2.60000000e-01
      vertex -1.70000000e-01 1.77877853e-01 2.68090170e-01
      vertex -1.70000000e-01 1.80090170e-01 2.65877853e-01
    endloop
  endfacet
  facet normal 1.00000000e+00 0.00000000e+00 0.00000000e+00
    outer loop
      vertex 1.70000000e-01 1.72000000e-01 2.60000000e-01
      vertex 1.70000000e-01 1.80090170e-01 2.65877853e-01
      vertex 1.70000000e-01 1.77877853e-01 2.68090170e-01
    endloop
  endfacet
  facet normal 0.00000000e+00 4.53990500e-01 8.91006524e-01
    outer loop
      vertex -1.70000000e-01 1.77877853e-01 2.68090170e-01
      vertex -1.70000000e-01 1.75090170e-01 2.69510565e-01
      vertex 1.70000000e-01 1.75090170e-01 2.69510565e-01
    endloop
  endfacet
  facet normal -0.00000000e+00 4.53990500e-01 8.91006524e-01
    outer loop
      vertex -1.70000000e-01 1.77877853e-01 2.68090170e-01
      vertex 1.70000000e-01 1.75090170e-01 2.69510565e-01
      vertex 1.70000000e-01 1.77877853e-01 2.68090170e-01
    endloop
  endfacet
  facet normal -1.00000000e+00 0.00000000e+00 0.00000000e+00
    outer loop
      vertex -1.70000000e-01 1.72000000e-01 2.60000000e-01
      vertex -1.70000000e-01 1.75090170e-01 2.69510565e-01
      vertex -1.70000000e-01 1.77877853e-01 2.68090170e-01
    endloop
  endfacet
  facet normal 1.00000000e+00 0.00000000e+00 0.00000000e+00
    outer loop
      vertex 1.70000000e-01 1.72000000e-01 2.60000000e-01
      vertex 1.70000000e-01 1.77877853e-01 2.68090170e-01
      vertex 1.70000000e-01 1.75090170e-01 2.69510565e-01
    endloop
  endfacet
  facet normal 0.00000000e+00 1.56434465e-01 9.87688341e-01
    outer loop
      vertex -1.70000000e-01 1.75090170e-01 2.69510565e-01
      vertex -1.70000000e-01 1.72000000e-01 2.70000000e-01
      vertex 1.70000000e-01 1.72000000e-01 2.70000000e-01
    endloop
  endfacet
  facet normal -0.00000000e+00 1.56434465e-01 9.87688341e-01
    outer loop
      vertex -1.70000000e-01 1.75090170e-01 2.69510565e-01
      vertex 1.70000000e-01 1.72000000e-01 2.70000000e-01
      vertex 1.70000000e-01 1.75090170e-01 2.69510565e-01
    endloop
  endfacet
  facet normal -1.00000000e+00 0.00000000e+00 0.00000000e+00
    outer loop
      vertex -1.70000000e-01 1.72000000e-01 2.60000000e-01
      vertex -1.70000000e-01 1.72000000e-01 2.70000000e-01
      vertex -1.70000000e-01 1.75090170e-01 2.69510565e-01
    endloop
  endfacet
  facet normal 1.00000000e+00 0.00000000e+00 0.00000000e+00
    outer loop
      vertex 1.70000000e-01 1.72000000e-01 2.60000000e-01
      vertex 1.70000000e-01 1.75090170e-01 2.69510565e-01
      vertex 1.70000000e-01 1.72000000e-01 2.70000000e-01
    endloop
  endfacet
  facet normal 0.00000000e+00 -1.56434465e-01 9.87688341e-01
    outer loop
      vertex -1.70000000e-01 1.72000000e-01 2.70000000e-01
      vertex -1.70000000e-01 1.68909830e-01 2.69510565e-01
      vertex 1.70000000e-01 1.68909830e-01 2.69510565e-01
    endloop
  endfacet
  facet normal 0.00000000e+00 -1.56434465e-01 9.87688341e-01
    outer loop
      vertex -1.70000000e-01 1.72000000e-01 2.70000000e-01
      vertex 1.70000000e-01 1.68909830e-01 2.69510565e-01
      vertex 1.70000000e-01 1.72000000e-01 2.70000000e-01
    endloop
  endfacet
  facet normal -1.00000000e+00 0.00000000e+00 0.00000000e+00
    outer loop
      vertex -1.70000000e-01 1.72000000e-01 2.60000000e-01
      vertex -1.70000000e-01 1.68909830e-01 2.69510565e-01
      vertex -1.70000000e-01 1.72000000e-01 2.70000000e-01
    endloop
  endfacet
  facet normal 1.00000000e+00 0.00000000e+00 -0.00000000e+00
    outer loop
      vertex 1.70000000e-01 1.72000000e-01 2.60000000e-01
      vertex 1.70000000e-01 1.72000000e-01 2.70000000e-01
      vertex 1.70000000e-01 1.68909830e-01 2.69510565e-01
    endloop
  endfacet
  facet normal 0.00000000e+00 -4.53990500e-01 8.91006524e-01
    outer loop
      vertex -1.70000000e-01 1.68909830e-01 2.69510565e-01
      vertex -1.70000000e-01 1.66122147e-01 2.68090170e-01
      vertex 1.70000000e-01 1.66122147e-01 2.68090170e-01
    endloop
  endfacet
  facet normal 0.00000000e+00 -4.53990500e-01 8.91006524e-01
    outer loop
      vertex -1.70000000e-01 1.68909830e-01 2.69510565e-01
      vertex 1.70000000e-01 1.66122147e-01 2.68090170e-01
      vertex 1.70000000e-01 1.68909830e-01 2.69510565e-01
    endloop
  endfacet
  facet normal -1.00000000e+00 0.00000000e+00 0.00000000e+00
    outer loop
      vertex -1.70000000e-01 1.72000000e-01 2.60000000e-01
      vertex -1.70000000e-01 1.66122147e-01 2.68090170e-01
      vertex -1.70000000e-01 1.68909830e-01 2.69510565e-01
    endloop
  endfacet
  facet normal 1.00000000e+00 0.00000000e+00 0.00000000e+00
    outer loop
      vertex 1.70000000e-01 1.72000000e-01 2.60000000e-01
      vertex 1.70000000e-01 1.68909830e-01 2.69510565e-01
      vertex 1.70000000e-01 1.66122147e-01 2.68090170e-01
    endloop
  endfacet
  facet normal 0.00000000e+00 -7.07106781e-01 7.07106781e-01
    outer loop
      vertex -1.70000000e-01 1.66122147e-01 2.68090170e-01
      vertex -1.70000000e-01 1.63909830e-01 2.65877853e-01
      vertex 1.70000000e-01 1.63909830e-01 2.65877853e-01
    endloop
  endfacet
  facet normal 0.00000000e+00 -7.07106781e-01 7.07106781e-01
    outer loop
      vertex -1.70000000e-01 1.66122147e-01 2.68090170e-01
      vertex 1.70000000e-01 1.63909830e-01 2.65877853e-01
      vertex 1.70000000e-01 1.66122147e-01 2.68090170e-01
    endloop
  endfacet
  facet normal -1.00000000e+00 0.00000000e+00 0.00000000e+00
    outer loop
      vertex -1.70000000e-01 1.72000000e-01 2.60000000e-01
      vertex -1.70000000e-01 1.63909830e-01 2.65877853e-01
      vertex -1.70000000e-01 1.66122147e-01 2.68090170e-01
    endloop
  endfacet
  facet normal 1.00000000e+00 0.00000000e+00 0.00000000e+00
    outer loop
      vertex 1.70000000e-01 1.72000000e-01 2.60000000e-01
      vertex 1.70000000e-01 1.66122147e-01 2.68090170e-01
      vertex 1.70000000e-01 1.63909830e-01 2.65877853e-01
    endloop
  endfacet
  facet normal 0.00000000e+00 -8.91006524e-01 4.53990500e-01
    outer loop
      vertex -1.70000000e-01 1.63909830e-01 2.65877853e-01
      vertex -1.70000000e-01 1.62489435e-01 2.63090170e-01
      vertex 1.70000000e-01 1.62489435e-01 2.63090170e-01
    endloop
  endfacet
  facet normal 0.00000000e+00 -8.91006524e-01 4.53990500e-01
    outer loop
      vertex -1.70000000e-01 1.63909830e-01 2.65877853e-01
      vertex 1.70000000e-01 1.62489435e-01 2.63090170e-01
      vertex 1.70000000e-01 1.63909830e-01 2.65877853e-01
    endloop
  endfacet
  facet normal -1.00000000e+00 0.00000000e+00 0.00000000e+00
    outer loop
      vertex -1.70000000e-01 1.72000000e-01 2.60000000e-01
      vertex -1.70000000e-01 1.62489435e-01 2.63090170e-01
      vertex -1.70000000e-01 1.63909830e-01 2.65877853e-01
    endloop
  endfacet
  facet normal 1.00000000e+00 0.00000000e+00 0.00000000e+00
    outer loop
      vertex 1.70000000e-01 1.72000000e-01 2.60000000e-01
      vertex 1.70000000e-01 1.63909830e-01 2.65877853e-01
      vertex 1.70000000e-01 1.62489435e-01 2.63090170e-01
    endloop
  endfacet
  facet normal 0.00000000e+00 -9.87688341e-01 1.56434465e-01
    outer loop
      vertex -1.70000000e-01 1.62489435e-01 2.63090170e-01
      vertex -1.70000000e-01 1.62000000e-01 2.60000000e-01
      vertex 1.70000000e-01 1.62000000e-01 2.60000000e-01
    endloop
  endfacet
  facet normal 0.00000000e+00 -9.87688341e-01 1.56434465e-01
    outer loop
      vertex -1.70000000e-01 1.62489435e-01 2.63090170e-01
      vertex 1.70000000e-01 1.62000000e-01 2.60000000e-01
      vertex 1.70000000e-01 1.62489435e-01 2.63090170e-01
    endloop
  endfacet
  facet normal -1.00000000e+00 0.00000000e+00 0.00000000e+00
    outer loop
      vertex -1.70000000e-01 1.72000000e-01 2.60000000e-01
      vertex -1.70000000e-01 1.62000000e-01 2.60000000e-01
      vertex -1.70000000e-01 1.62489435e-01 2.63090170e-01
    endloop
  endfacet
  facet normal 1.00000000e+00 0.00000000e+00 0.00000000e+00
    outer loop
      vertex 1.70000000e-01 1.72000000e-01 2.60000000e-01
      vertex 1.70000000e-01 1.62489435e-01 2.63090170e-01
      vertex 1.70000000e-01 1.62000000e-01 2.60000000e-01
    endloop
  endfacet
  facet normal 0.00000000e+00 -9.87688341e-01 -1.56434465e-01
    outer loop
      vertex -1.70000000e-01 1.62000000e-01 2.60000000e-01
      vertex -1.70000000e-01 1.62489435e-01 2.56909830e-01
      vertex 1.70000000e-01 1.62489435e-01 2.56909830e-01
    endloop
  endfacet
  facet normal 0.00000000e+00 -9.87688341e-01 -1.56434465e-01
    outer loop
      vertex -1.70000000e-01 1.62000000e-01 2.60000000e-01
      vertex 1.70000000e-01 1.62489435e-01 2.56909830e-01
      vertex 1.70000000e-01 1.62000000e-01 2.60000000e-01
    endloop
  endfacet
  facet normal -1.00000000e+00 -0.00000000e+00 0.00000000e+00
    outer loop
      vertex -1.70000000e-01 1.72000000e-01 2.60000000e-01
      vertex -1.70000000e-01 1.62489435e-01 2.56909830e-01
      vertex -1.70000000e-01 1.62000000e-01 2.60000000e-01
    endloop
  endfacet
  facet normal 1.00000000e+00 0.00000000e+00 0.00000000e+00
    outer loop
      vertex 1.70000000e-01 1.72000000e-01 2.60000000e-01
      vertex 1.70000000e-01 1.62000000e-01 2.60000000e-01
      vertex 1.70000000e-01 1.62489435e-01 2.56909830e-01
    endloop
  endfacet
  facet normal 0.00000000e+00 -8.91006524e-01 -4.53990500e-01
    outer loop
      vertex -1.70000000e-01 1.62489435e-01 2.56909830e-01
      vertex -1.70000000e-01 1.63909830e-01 2.54122147e-01
      vertex 1.70000000e-01 1.63909830e-01 2.54122147e-01
    endloop
  endfacet
  facet normal 0.00000000e+00 -8.91006524e-01 -4.53990500e-01
    outer loop
      vertex -1.70000000e-01 1.62489435e-01 2.56909830e-01
      vertex 1.70000000e-01 1.63909830e-01 2.54122147e-01
      vertex 1.70000000e-01 1.62489435e-01 2.56909830e-01
    endloop
  endfacet
  facet normal -1.00000000e+00 0.00000000e+00 0.00000000e+00
    outer loop
      vertex -1.70000000e-01 1.72000000e-01 2.60000000e-01
      vertex -1.70000000e-01 1.63909830e-01 2.54122147e-01
      vertex -1.70000000e-01 1.62489435e-01 2.56909830e-01
    endloop
  endfacet
  facet normal 1.00000000e+00 0.00000000e+00 0.00000000e+00
    outer loop
      vertex 1.70000000e-01 1.72000000e-01 2.60000000e-01
      vertex 1.70000000e-01 1.62489435e-01 2.56909830e-01
      vertex 1.70000000e-01 1.63909830e-01 2.54122147e-01
    endloop
  endfacet
  facet normal 0.00000000e+00 -7.07106781e-01 -7.07106781e-01
    outer loop
      vertex -1.70000000e-01 1.63909830e-01 2.54122147e-01
      vertex -1.70000000e-01 1.66122147e-01 2.51909830e-01
      vertex 1.70000000e-01 1.66122147e-01 2.51909830e-01
    endloop
  endfacet
  facet normal 0.00000000e+00 -7.07106781e-01 -7.07106781e-01
    outer loop
      vertex -1.70000000e-01 1.63909830e-01 2.54122147e-01
      vertex 1.70000000e-01 1.66122147e-01 2.51909830e-01
      vertex 1.70000000e-01 1.63909830e-01 2.54122147e-01
    endloop
  endfacet
  facet normal -1.00000000e+00 0.00000000e+00 0.00000000e+00
    outer loop
      vertex -1.70000000e-01 1.72000000e-01 2.60000000e-01
      vertex -1.70000000e-01 1.66122147e-01 2.51909830e-01
      vertex -1.70000000e-01 1.63909830e-01 2.54122147e-01
    endloop
  endfacet
  facet normal 1.00000000e+00 0.00000000e+00 0.00000000e+00
    outer loop
      vertex 1.70000000e-01 1.72000000e-01 2.60000000e-01
      vertex 1.70000000e-01 1.63909830e-01 2.54122147e-01
      vertex 1.70000000e-01 1.66122147e-01 2.51909830e-01
    endloop
  endfacet
  facet normal 0.00000000e+00 -4.53990500e-01 -8.91006524e-01
    outer loop
      vertex -1.70000000e-01 1.66122147e-01 2.51909830e-01
      vertex -1.70000000e-01 1.68909830e-01 2.50489435e-01
      vertex 1.70000000e-01 1.68909830e-01 2.50489435e-01
    endloop
  endfacet
  facet normal 0.00000000e+00 -4.53990500e-01 -8.91006524e-01
    outer loop
      vertex -1.70000000e-01 1.66122147e-01 2.51909830e-01
      vertex 1.70000000e-01 1.68909830e-01 2.50489435e-01
      vertex 1.70000000e-01 1.66122147e-01 2.51909830e-01
    endloop
  endfacet
  facet normal -1.00000000e+00 0.00000000e+00 0.00000000e+00
    outer loop
      vertex -1.70000000e-01 1.72000000e-01 2.60000000e-01
      vertex -1.70000000e-01 1.68909830e-01 2.50489435e-01
      vertex -1.70000000e-01 1.66122147e-01 2.51909830e-01
    endloop
  endfacet
  facet normal 1.00000000e+00 0.00000000e+00 0.00000000e+00
    outer loop
      vertex 1.70000000e-01 1.72000000e-01 2.60000000e-01
      vertex 1.70000000e-01 1.66122147e-01 2.51909830e-01
      vertex 1.70000000e-01 1.68909830e-01 2.50489435e-01
    endloop
  endfacet
  facet normal 0.00000000e+00 -1.56434465e-01 -9.87688341e-01
    outer loop
      vertex -1.70000000e-01 1.68909830e-01 2.50489435e-01
      vertex -1.70000000e-01 1.72000000e-01 2.50000000e-01
      vertex 1.70000000e-01 1.72000000e-01 2.50000000e-01
    endloop
  endfacet
  facet normal 0.00000000e+00 -1.56434465e-01 -9.87688341e-01
    outer loop
      vertex -1.70000000e-01 1.68909830e-01 2.50489435e-01
      vertex 1.70000000e-01 1.72000000e-01 2.50000000e-01
      vertex 1.70000000e-01 1.68909830e-01 2.50489435e-01
    endloop
  endfacet
  facet normal -1.00000000e+00 0.00000000e+00 -0.00000000e+00
    outer loop
      vertex -1.70000000e-01 1.72000000e-01 2.60000000e-01
      vertex -1.70000000e-01 1.72000000e-01 2.50000000e-01
      vertex -1.70000000e-01 1.68909830e-01 2.50489435e-01
    endloop
  endfacet
  facet normal 1.00000000e+00 0.00000000e+00 0.00000000e+00
    outer loop
      vertex 1.70000000e-01 1.72000000e-01 2.60000000e-01
      vertex 1.70000000e-01 1.68909830e-01 2.50489435e-01
      vertex 1.70000000e-01 1.72000000e-01 2.50000000e-01
    endloop
  endfacet
  facet normal 0.00000000e+00 1.56434465e-01 -9.87688341e-01
    outer loop
      vertex -1.70000000e-01 1.72000000e-01 2.50000000e-01
      vertex -1.70000000e-01 1.75090170e-01 2.50489435e-01
      vertex 1.70000000e-01 1.75090170e-01 2.50489435e-01
    endloop
  endfacet
  facet normal 0.00000000e+00 1.56434465e-01 -9.87688341e-01
    outer loop
      vertex -1.70000000e-01 1.72000000e-01 2.50000000e-01
      vertex 1.70000000e-01 1.75090170e-01 2.50489435e-01
      vertex 1.70000000e-01 1.72000000e-01 2.50000000e-01
    endloop
  endfacet
  facet normal -1.00000000e+00 0.00000000e+00 0.00000000e+00
    outer loop
      vertex -1.70000000e-01 1.72000000e-01 2.60000000e-01
      vertex -1.70000000e-01 1.75090170e-01 2.50489435e-01
      vertex -1.70000000e-01 1.72000000e-01 2.50000000e-01
    endloop
  endfacet
  facet normal 1.00000000e+00 0.00000000e+00 0.00000000e+00
    outer loop
      vertex 1.70000000e-01 1.72000000e-01 2.60000000e-01
      vertex 1.70000000e-01 1.72000000e-01 2.50000000e-01
      vertex 1.70000000e-01 1.75090170e-01 2.50489435e-01
    endloop
  endfacet
  facet normal 0.00000000e+00 4.53990500e-01 -8.91006524e-01
    outer loop
      vertex -1.70000000e-01 1.75090170e-01 2.50489435e-01
      vertex -1.70000000e-01 1.77877853e-01 2.51909830e-01
      vertex 1.70000000e-01 1.77877853e-01 2.51909830e-01
    endloop
  endfacet
  facet normal 0.00000000e+00 4.53990500e-01 -8.91006524e-01
    outer loop
      vertex -1.70000000e-01 1.75090170e-01 2.50489435e-01
      vertex 1.70000000e-01 1.77877853e-01 2.51909830e-01
      vertex 1.70000000e-01 1.75090170e-01 2.50489435e-01
    endloop
  endfacet
  facet normal -1.00000000e+00 0.00000000e+00 0.00000000e+00
    outer loop
      vertex -1.70000000e-01 1.72000000e-01 2.60000000e-01
      vertex -1.70000000e-01 1.77877853e-01 2.51909830e-01
      vertex -1.70000000e-01 1.75090170e-01 2.50489435e-01
    endloop
  endfacet
  facet normal 1.00000000e+00 0.00000000e+00 0.00000000e+00
    outer loop
      vertex 1.70000000e-01 1.72000000e-01 2.60000000e-01
      vertex 1.70000000e-01 1.75090170e-01 2.50489435e-01
      vertex 1.70000000e-01 1.77877853e-01 2.51909830e-01
    endloop
  endfacet
  facet normal 0.00000000e+00 7.07106781e-01 -7.07106781e-01
    outer loop
      vertex -1.70000000e-01 1.77877853e-01 2.51909830e-01
      vertex -1.70000000e-01 1.80090170e-01 2.54122147e-01
      vertex 1.70000000e-01 1.80090170e-01 2.54122147e-01
    endloop
  endfacet
  facet normal 0.00000000e+00 7.07106781e-01 -7.07106781e-01
    outer loop
      vertex -1.70000000e-01 1.77877853e-01 2.51909830e-01
      vertex 1.70000000e-01 1.80090170e-01 2.54122147e-01
      vertex 1.70000000e-01 1.77877853e-01 2.51909830e-01
    endloop
  endfacet
  facet normal -1.00000000e+00 0.00000000e+00 0.00000000e+00
    outer loop
      vertex -1.70000000e-01 1.72000000e-01 2.60000000e-01
      vertex -1.70000000e-01 1.80090170e-01 2.54122147e-01
      vertex -1.70000000e-01 1.77877853e-01 2.51909830e-01
    endloop
  endfacet
  facet normal 1.00000000e+00 0.00000000e+00 0.00000000e+00
    outer loop
      vertex 1.70000000e-01 1.72000000e-01 2.60000000e-01
      vertex 1.70000000e-01 1.77877853e-01 2.51909830e-01
      vertex 1.70000000e-01 1.80090170e-01 2.54122147e-01
    endloop
  endfacet
  facet normal 0.00000000e+00 8.91006524e-01 -4.53990500e-01
    outer loop
      vertex -1.70000000e-01 1.80090170e-01 2.54122147e-01
      vertex -1.70000000e-01 1.81510565e-01 2.56909830e-01
      vertex 1.70000000e-01 1.81510565e-01 2.56909830e-01
    endloop
  endfacet
  facet normal 0.00000000e+00 8.91006524e-01 -4.53990500e-01
    outer loop
      vertex -1.70000000e-01 1.80090170e-01 2.54122147e-01
      vertex 1.70000000e-01 1.81510565e-01 2.56909830e-01
      vertex 1.70000000e-01 1.80090170e-01 2.54122147e-01
    endloop
  endfacet
  facet normal -1.00000000e+00 0.00000000e+00 0.00000000e+00
    outer loop
      vertex -1.70000000e-01 1.72000000e-01 2.60000000e-01
      vertex -1.70000000e-01 1.81510565e-01 2.56909830e-01
      vertex -1.70000000e-01 1.80090170e-01 2.54122147e-01
    endloop
  endfacet
  facet normal 1.00000000e+00 0.00000000e+00 0.00000000e+00
    outer loop
      vertex 1.70000000e-01 1.72000000e-01 2.60000000e-01
      vertex 1.70000000e-01 1.80090170e-01 2.54122147e-01
      vertex 1.70000000e-01 1.81510565e-01 2.56909830e-01
    endloop
  endfacet
  facet normal 0.00000000e+00 9.87688341e-01 -1.56434465e-01
    outer loop
      vertex -1.70000000e-01 1.81510565e-01 2.56909830e-01
      vertex -1.70000000e-01 1.82000000e-01 2.60000000e-01
      vertex 1.70000000e-01 1.82000000e-01 2.60000000e-01
    endloop
  endfacet
  facet normal 0.00000000e+00 9.87688341e-01 -1.56434465e-01
    outer loop
      vertex -1.70000000e-01 1.81510565e-01 2.56909830e-01
      vertex 1.70000000e-01 1.82000000e-01 2.60000000e-01
      vertex 1.70000000e-01 1.81510565e-01 2.56909830e-01
    endloop
  endfacet
  facet normal -1.00000000e+00 0.00000000e+00 0.00000000e+00
    outer loop
      vertex -1.70000000e-01 1.72000000e-01 2.60000000e-01
      vertex -1.70000000e-01 1.82000000e-01 2.60000000e-01
      vertex -1.70000000e-01 1.81510565e-01 2.56909830e-01
    endloop
  endfacet
  facet normal 1.00000000e+00 -0.00000000e+00 0.00000000e+00
    outer loop
      vertex 1.70000000e-01 1.72000000e-01 2.60000000e-01
      vertex 1.70000000e-01 1.81510565e-01 2.56909830e-01
      vertex 1.70000000e-01 1.82000000e-01 2.60000000e-01
    endloop
  endfacet
  facet normal -9.87688341e-01 0.00000000e+00 1.56434465e-01
    outer loop
      vertex -1.80000000e-01 -1.72000000e-01 0.00000000e+00
      vertex -1.79510565e-01 -1.72000000e-01 3.09016994e-03
      vertex -1.79510565e-01 1.72000000e-01 3.09016994e-03
    endloop
  endfacet
  facet normal -9.87688341e-01 0.00000000e+00 1.56434465e-01
    outer loop
      vertex -1.80000000e-01 -1.72000000e-01 0.00000000e+00
      vertex -1.79510565e-01 1.72000000e-01 3.09016994e-03
      vertex -1.80000000e-01 1.72000000e-01 0.00000000e+00
    endloop
  endfacet
  facet normal 0.00000000e+00 -1.00000000e+00 0.00000000e+00
    outer loop
      vertex -1.70000000e-01 -1.72000000e-01 0.00000000e+00
      vertex -1.79510565e-01 -1.72000000e-01 3.09016994e-03
      vertex -1.80000000e-01 -1.72000000e-01 0.00000000e+00
    endloop
  endfacet
  facet normal 0.00000000e+00 1.00000000e+00 0.00000000e+00
    outer loop
      vertex -1.70000000e-01 1.72000000e-01 0.00000000e+00
      vertex -1.80000000e-01 1.72000000e-01 0.00000000e+00
      vertex -1.79510565e-01 1.72000000e-01 3.09016994e-03
    endloop
  endfacet
  facet normal -8.91006524e-01 0.00000000e+00 4.53990500e-01
    outer loop
      vertex -1.79510565e-01 -1.72000000e-01 3.09016994e-03
      vertex -1.78090170e-01 -1.72000000e-01 5.87785252e-03
      vertex -1.78090170e-01 1.72000000e-01 5.87785252e-03
    endloop
  endfacet
  facet normal -8.91006524e-01 0.00000000e+00 4.53990500e-01
    outer loop
      vertex -1.79510565e-01 -1.72000000e-01 3.09016994e-03
      vertex -1.78090170e-01 1.72000000e-01 5.87785252e-03
      vertex -1.79510565e-01 1.72000000e-01 3.09016994e-03
    endloop
  endfacet
  facet normal 0.00000000e+00 -1.00000000e+00 0.00000000e+00
    outer loop
      vertex -1.70000000e-01 -1.72000000e-01 0.00000000e+00
      vertex -1.78090170e-01 -1.72000000e-01 5.87785252e-03
      vertex -1.79510565e-01 -1.72000000e-01 3.09016994e-03
    endloop
  endfacet
  facet normal 0.00000000e+00 1.00000000e+00 0.00000000e+00
    outer loop
      vertex -1.70000000e-01 1.72000000e-01 0.00000000e+00
      vertex -1.79510565e-01 1.72000000e-01 3.09016994e-03
      vertex -1.78090170e-01 1.72000000e-01 5.87785252e-03
    endloop
  endfacet
  facet normal -7.07106781e-01 0.00000000e+00 7.07106781e-01
    outer loop
      vertex -1.78090170e-01 -1.72000000e-01 5.87785252e-03
      vertex -1.75877853e-01 -1.72000000e-01 8.09016994e-03
      vertex -1.75877853e-01 1.72000000e-01 8.09016994e-03
    endloop
  endfacet
  facet normal -7.07106781e-01 0.00000000e+00 7.07106781e-01
    outer loop
      vertex -1.78090170e-01 -1.72000000e-01 5.87785252e-03
      vertex -1.75877853e-01 1.72000000e-01 8.09016994e-03
      vertex -1.78090170e-01 1.72000000e-01 5.87785252e-03
    endloop
  endfacet
  facet normal 0.00000000e+00 -1.00000000e+00 0.00000000e+00
    outer loop
      vertex -1.70000000e-01 -1.72000000e-01 0.00000000e+00
      vertex -1.75877853e-01 -1.72000000e-01 8.09016994e-03
      vertex -1.78090170e-01 -1.72000000e-01 5.87785252e-03
    endloop
  endfacet
  facet normal 0.00000000e+00 1.00000000e+00 0.00000000e+00
    outer loop
      vertex -1.70000000e-01 1.72000000e-01 0.00000000e+00
      vertex -1.78090170e-01 1.72000000e-01 5.87785252e-03
      vertex -1.75877853e-01 1.72000000e-01 8.09016994e-03
    endloop
  endfacet
  facet normal -4.53990500e-01 0.00000000e+00 8.91006524e-01
    outer loop
      vertex -1.75877853e-01 -1.72000000e-01 8.09016994e-03
      vertex -1.73090170e-01 -1.72000000e-01 9.51056516e-03
      vertex -1.73090170e-01 1.72000000e-01 9.51056516e-03
    endloop
  endfacet
  facet normal -4.53990500e-01 0.00000000e+00 8.91006524e-01
    outer loop
      vertex -1.75877853e-01 -1.72000000e-01 8.09016994e-03
      vertex -1.73090170e-01 1.72000000e-01 9.51056516e-03
      vertex -1.75877853e-01 1.72000000e-01 8.09016994e-03
    endloop
  endfacet
  facet normal 0.00000000e+00 -1.00000000e+00 0.00000000e+00
    outer loop
      vertex -1.70000000e-01 -1.72000000e-01 0.00000000e+00
      vertex -1.73090170e-01 -1.72000000e-01 9.51056516e-03
      vertex -1.75877853e-01 -1.72000000e-01 8.09016994e-03
    endloop
  endfacet
  facet normal 0.00000000e+00 1.00000000e+00 0.00000000e+00
    outer loop
      vertex -1.70000000e-01 1.72000000e-01 0.00000000e+00
      vertex -1.75877853e-01 1.72000000e-01 8.09016994e-03
      vertex -1.73090170e-01 1.72000000e-01 9.51056516e-03
    endloop
  endfacet
  facet normal -1.56434465e-01 0.00000000e+00 9.87688341e-01
    outer loop
      vertex -1.73090170e-01 -1.72000000e-01 9.51056516e-03
      vertex -1.70000000e-01 -1.72000000e-01 1.00000000e-02
      vertex -1.70000000e-01 1.72000000e-01 1.00000000e-02
    endloop
  endfacet
  facet normal -1.56434465e-01 0.00000000e+00 9.87688341e-01
    outer loop
      vertex -1.73090170e-01 -1.72000000e-01 9.51056516e-03
      vertex -1.70000000e-01 1.72000000e-01 1.00000000e-02
      vertex -1.73090170e-01 1.72000000e-01 9.51056516e-03
    endloop
  endfacet
  facet normal 0.00000000e+00 -1.00000000e+00 0.00000000e+00
    outer loop
      vertex -1.70000000e-01 -1.72000000e-01 0.00000000e+00
      vertex -1.70000000e-01 -1.72000000e-01 1.00000000e-02
      vertex -1.73090170e-01 -1.72000000e-01 9.51056516e-03
    endloop
  endfacet
  facet normal 0.00000000e+00 1.00000000e+00 -0.00000000e+00
    outer loop
      vertex -1.70000000e-01 1.72000000e-01 0.00000000e+00
      vertex -1.73090170e-01 1.72000000e-01 9.51056516e-03
      vertex -1.70000000e-01 1.72000000e-01 1.00000000e-02
    endloop
  endfacet
  facet normal 1.56434465e-01 0.00000000e+00 9.87688341e-01
    outer loop
      vertex -1.70000000e-01 -1.72000000e-01 1.00000000e-02
      vertex -1.66909830e-01 -1.72000000e-01 9.51056516e-03
      vertex -1.66909830e-01 1.72000000e-01 9.51056516e-03
    endloop
  endfacet
  facet normal 1.56434465e-01 -0.00000000e+00 9.87688341e-01
    outer loop
      vertex -1.70000000e-01 -1.72000000e-01 1.00000000e-02
      vertex -1.66909830e-01 1.72000000e-01 9.51056516e-03
      vertex -1.70000000e-01 1.72000000e-01 1.00000000e-02
    endloop
  endfacet
  facet normal 0.00000000e+00 -1.00000000e+00 0.00000000e+00
    outer loop
      vertex -1.70000000e-01 -1.72000000e-01 0.00000000e+00
      vertex -1.66909830e-01 -1.72000000e-01 9.51056516e-03
      vertex -1.70000000e-01 -1.72000000e-01 1.00000000e-02
    endloop
  endfacet
  facet normal 0.00000000e+00 1.00000000e+00 0.00000000e+00
    outer loop
      vertex -1.70000000e-01 1.72000000e-01 0.00000000e+00
      vertex -1.70000000e-01 1.72000000e-01 1.00000000e-02
      vertex -1.66909830e-01 1.72000000e-01 9.51056516e-03
    endloop
  endfacet
  facet normal 4.53990500e-01 0.00000000e+00 8.91006524e-01
    outer loop
      vertex -1.66909830e-01 -1.72000000e-01 9.51056516e-03
      vertex -1.64122147e-01 -1.72000000e-01 8.09016994e-03
      vertex -1.64122147e-01 1.72000000e-01 8.09016994e-03
    endloop
  endfacet
  facet normal 4.53990500e-01 -0.00000000e+00 8.91006524e-01
    outer loop
      vertex -1.66909830e-01 -1.72000000e-01 9.51056516e-03
      vertex -1.64122147e-01 1.72000000e-01 8.09016994e-03
      vertex -1.66909830e-01 1.72000000e-01 9.51056516e-03
    endloop
  endfacet
  facet normal 0.00000000e+00 -1.00000000e+00 0.00000000e+00
    outer loop
      vertex -1.70000000e-01 -1.72000000e-01 0.00000000e+00
      vertex -1.64122147e-01 -1.72000000e-01 8.09016994e-03
      vertex -1.66909830e-01 -1.72000000e-01 9.51056516e-03
    endloop
  endfacet
  facet normal 0.00000000e+00 1.00000000e+00 0.00000000e+00
    outer loop
      vertex -1.70000000e-01 1.72000000e-01 0.00000000e+00
      vertex -1.66909830e-01 1.72000000e-01 9.51056516e-03
      vertex -1.64122147e-01 1.72000000e-01 8.09016994e-03
    endloop
  endfacet
  facet normal 7.07106781e-01 0.00000000e+00 7.07106781e-01
    outer loop
      vertex -1.64122147e-01 -1.72000000e-01 8.09016994e-03
      vertex -1.61909830e-01 -1.72000000e-01 5.87785252e-03
      vertex -1.61909830e-01 1.72000000e-01 5.87785252e-03
    endloop
  endfacet
  facet normal 7.07106781e-01 -0.00000000e+00 7.07106781e-01
    outer loop
      vertex -1.64122147e-01 -1.72000000e-01 8.09016994e-03
      vertex -1.61909830e-01 1.72000000e-01 5.87785252e-03
      vertex -1.64122147e-01 1.72000000e-01 8.09016994e-03
    endloop
  endfacet
  facet normal 0.00000000e+00 -1.00000000e+00 0.00000000e+00
    outer loop
      vertex -1.70000000e-01 -1.72000000e-01 0.00000000e+00
      vertex -1.61909830e-01 -1.72000000e-01 5.87785252e-03
      vertex -1.64122147e-01 -1.72000000e-01 8.09016994e-03
    endloop
  endfacet
  facet normal 0.00000000e+00 1.00000000e+00 0.00000000e+00
    outer loop
      vertex -1.70000000e-01 1.72000000e-01 0.00000000e+00
      vertex -1.64122147e-01 1.72000000e-01 8.09016994e-03
      vertex -1.61909830e-01 1.72000000e-01 5.87785252e-03
    endloop
  endfacet
  facet normal 8.91006524e-01 0.00000000e+00 4.53990500e-01
    outer loop
      vertex -1.61909830e-01 -1.72000000e-01 5.87785252e-03
      vertex -1.60489435e-01 -1.72000000e-01 3.09016994e-03
      vertex -1.60489435e-01 1.72000000e-01 3.09016994e-03
    endloop
  endfacet
  facet normal 8.91006524e-01 -0.00000000e+00 4.53990500e-01
    outer loop
      vertex -1.61909830e-01 -1.72000000e-01 5.87785252e-03
      vertex -1.60489435e-01 1.72000000e-01 3.09016994e-03
      vertex -1.61909830e-01 1.72000000e-01 5.87785252e-03
    endloop
  endfacet
  facet normal 0.00000000e+00 -1.00000000e+00 0.00000000e+00
    outer loop
      vertex -1.70000000e-01 -1.72000000e-01 0.00000000e+00
      vertex -1.60489435e-01 -1.72000000e-01 3.09016994e-03
      vertex -1.61909830e-01 -1.72000000e-01 5.87785252e-03
    endloop
  endfacet
  facet normal 0.00000000e+00 1.00000000e+00 0.00000000e+00
    outer loop
      vertex -1.70000000e-01 1.72000000e-01 0.00000000e+00
      vertex -1.61909830e-01 1.72000000e-01 5.87785252e-03
      vertex -1.60489435e-01 1.72000000e-01 3.09016994e-03
    endloop
  endfacet
  facet normal 9.87688341e-01 0.00000000e+00 1.56434465e-01
    outer loop
      vertex -1.60489435e-01 -1.72000000e-01 3.09016994e-03
      vertex -1.60000000e-01 -1.72000000e-01 1.22464680e-18
      vertex -1.60000000e-01 1.72000000e-01 1.22464680e-18
    endloop
  endfacet
  facet normal 9.87688341e-01 -0.00000000e+00 1.56434465e-01
    outer loop
      vertex -1.60489435e-01 -1.72000000e-01 3.09016994e-03
      vertex -1.60000000e-01 1.72000000e-01 1.22464680e-18
      vertex -1.60489435e-01 1.72000000e-01 3.09016994e-03
    endloop
  endfacet
  facet normal 0.00000000e+00 -1.00000000e+00 0.00000000e+00
    outer loop
      vertex -1.70000000e-01 -1.72000000e-01 0.00000000e+00
      vertex -1.60000000e-01 -1.72000000e-01 1.22464680e-18
      vertex -1.60489435e-01 -1.72000000e-01 3.09016994e-03
    endloop
  endfacet
  facet normal 0.00000000e+00 1.00000000e+00 0.00000000e+00
    outer loop
      vertex -1.70000000e-01 1.72000000e-01 0.00000000e+00
      vertex -1.60489435e-01 1.72000000e-01 3.09016994e-03
      vertex -1.60000000e-01 1.72000000e-01 1.22464680e-18
    endloop
  endfacet
  facet normal 9.87688341e-01 0.00000000e+00 -1.56434465e-01
    outer loop
      vertex -1.60000000e-01 -1.72000000e-01 1.22464680e-18
      vertex -1.60489435e-01 -1.72000000e-01 -3.09016994e-03
      vertex -1.60489435e-01 1.72000000e-01 -3.09016994e-03
    endloop
  endfacet
  facet normal 9.87688341e-01 0.00000000e+00 -1.56434465e-01
    outer loop
      vertex -1.60000000e-01 -1.72000000e-01 1.22464680e-18
      vertex -1.60489435e-01 1.72000000e-01 -3.09016994e-03
      vertex -1.60000000e-01 1.72000000e-01 1.22464680e-18
    endloop
  endfacet
  facet normal 0.00000000e+00 -1.00000000e+00 0.00000000e+00
    outer loop
      vertex -1.70000000e-01 -1.72000000e-01 0.00000000e+00
      vertex -1.60489435e-01 -1.72000000e-01 -3.09016994e-03
      vertex -1.60000000e-01 -1.72000000e-01 1.22464680e-18
    endloop
  endfacet
  facet normal -0.00000000e+00 1.00000000e+00 0.00000000e+00
    outer loop
      vertex -1.70000000e-01 1.72000000e-01 0.00000000e+00
      vertex -1.60000000e-01 1.72000000e-01 1.22464680e-18
      vertex -1.60489435e-01 1.72000000e-01 -3.09016994e-03
    endloop
  endfacet
  facet normal 8.91006524e-01 0.00000000e+00 -4.53990500e-01
    outer loop
      vertex -1.60489435e-01 -1.72000000e-01 -3.09016994e-03
      vertex -1.61909830e-01 -1.72000000e-01 -5.87785252e-03
      vertex -1.61909830e-01 1.72000000e-01 -5.87785252e-03
    endloop
  endfacet
  facet normal 8.91006524e-01 0.00000000e+00 -4.53990500e-01
    outer loop
      vertex -1.60489435e-01 -1.72000000e-01 -3.09016994e-03
      vertex -1.61909830e-01 1.72000000e-01 -5.87785252e-03
      vertex -1.60489435e-01 1.72000000e-01 -3.09016994e-03
    endloop
  endfacet
  facet normal 0.00000000e+00 -1.00000000e+00 0.00000000e+00
    outer loop
      vertex -1.70000000e-01 -1.72000000e-01 0.00000000e+00
      vertex -1.61909830e-01 -1.72000000e-01 -5.87785252e-03
      vertex -1.60489435e-01 -1.72000000e-01 -3.09016994e-03
    endloop
  endfacet
  facet normal 0.00000000e+00 1.00000000e+00 0.00000000e+00
    outer loop
      vertex -1.70000000e-01 1.72000000e-01 0.00000000e+00
      vertex -1.60489435e-01 1.72000000e-01 -3.09016994e-03
      vertex -1.61909830e-01 1.72000000e-01 -5.87785252e-03
    endloop
  endfacet
  facet normal 7.07106781e-01 0.00000000e+00 -7.07106781e-01
    outer loop
      vertex -1.61909830e-01 -1.72000000e-01 -5.87785252e-03
      vertex -1.64122147e-01 -1.72000000e-01 -8.09016994e-03
      vertex -1.64122147e-01 1.72000000e-01 -8.09016994e-03
    endloop
  endfacet
  facet normal 7.07106781e-01 0.00000000e+00 -7.07106781e-01
    outer loop
      vertex -1.61909830e-01 -1.72000000e-01 -5.87785252e-03
      vertex -1.64122147e-01 1.72000000e-01 -8.09016994e-03
      vertex -1.61909830e-01 1.72000000e-01 -5.87785252e-03
    endloop
  endfacet
  facet normal 0.00000000e+00 -1.00000000e+00 0.00000000e+00
    outer loop
      vertex -1.70000000e-01 -1.72000000e-01 0.00000000e+00
      vertex -1.64122147e-01 -1.72000000e-01 -8.09016994e-03
      vertex -1.61909830e-01 -1.72000000e-01 -5.87785252e-03
    endloop
  endfacet
  facet normal 0.00000000e+00 1.00000000e+00 0.00000000e+00
    outer loop
      vertex -1.70000000e-01 1.72000000e-01 0.00000000e+00
      vertex -1.61909830e-01 1.72000000e-01 -5.87785252e-03
      vertex -1.64122147e-01 1.72000000e-01 -8.09016994e-03
    endloop
  endfacet
  facet normal 4.53990500e-01 0.00000000e+00 -8.91006524e-01
    outer loop
      vertex -1.64122147e-01 -1.72000000e-01 -8.09016994e-03
      vertex -1.66909830e-01 -1.72000000e-01 -9.51056516e-03
      vertex -1.66909830e-01 1.72000000e-01 -9.51056516e-03
    endloop
  endfacet
  facet normal 4.53990500e-01 0.00000000e+00 -8.91006524e-01
    outer loop
      vertex -1.64122147e-01 -1.72000000e-01 -8.09016994e-03
      vertex -1.66909830e-01 1.72000000e-01 -9.51056516e-03
      vertex -1.64122147e-01 1.72000000e-01 -8.09016994e-03
    endloop
  endfacet
  facet normal 0.00000000e+00 -1.00000000e+00 0.00000000e+00
    outer loop
      vertex -1.70000000e-01 -1.72000000e-01 0.00000000e+00
      vertex -1.66909830e-01 -1.72000000e-01 -9.51056516e-03
      vertex -1.64122147e-01 -1.72000000e-01 -8.09016994e-03
    endloop
  endfacet
  facet normal 0.00000000e+00 1.00000000e+00 0.00000000e+00
    outer loop
      vertex -1.70000000e-01 1.72000000e-01 0.00000000e+00
      vertex -1.64122147e-01 1.72000000e-01 -8.09016994e-03
      vertex -1.66909830e-01 1.72000000e-01 -9.51056516e-03
    endloop
  endfacet
  facet normal 1.56434465e-01 0.00000000e+00 -9.87688341e-01
    outer loop
      vertex -1.66909830e-01 -1.72000000e-01 -9.51056516e-03
      vertex -1.70000000e-01 -1.72000000e-01 -1.00000000e-02
      vertex -1.70000000e-01 1.72000000e-01 -1.00000000e-02
    endloop
  endfacet
  facet normal 1.56434465e-01 0.00000000e+00 -9.87688341e-01
    outer loop
      vertex -1.66909830e-01 -1.72000000e-01 -9.51056516e-03
      vertex -1.70000000e-01 1.72000000e-01 -1.00000000e-02
      vertex -1.66909830e-01 1.72000000e-01 -9.51056516e-03
    endloop
  endfacet
  facet normal 0.00000000e+00 -1.00000000e+00 0.00000000e+00
    outer loop
      vertex -1.70000000e-01 -1.72000000e-01 0.00000000e+00
      vertex -1.70000000e-01 -1.72000000e-01 -1.00000000e-02
      vertex -1.66909830e-01 -1.72000000e-01 -9.51056516e-03
    endloop
  endfacet
  facet normal 0.00000000e+00 1.00000000e+00 0.00000000e+00
    outer loop
      vertex -1.70000000e-01 1.72000000e-01 0.00000000e+00
      vertex -1.66909830e-01 1.72000000e-01 -9.51056516e-03
      vertex -1.70000000e-01 1.72000000e-01 -1.00000000e-02
    endloop
  endfacet
  facet normal -1.56434465e-01 0.00000000e+00 -9.87688341e-01
    outer loop
      vertex -1.70000000e-01 -1.72000000e-01 -1.00000000e-02
      vertex -1.73090170e-01 -1.72000000e-01 -9.51056516e-03
      vertex -1.73090170e-01 1.72000000e-01 -9.51056516e-03
    endloop
  endfacet
  facet normal -1.56434465e-01 0.00000000e+00 -9.87688341e-01
    outer loop
      vertex -1.70000000e-01 -1.72000000e-01 -1.00000000e-02
      vertex -1.73090170e-01 1.72000000e-01 -9.51056516e-03
      vertex -1.70000000e-01 1.72000000e-01 -1.00000000e-02
    endloop
  endfacet
  facet normal 0.00000000e+00 -1.00000000e+00 -0.00000000e+00
    outer loop
      vertex -1.70000000e-01 -1.72000000e-01 0.00000000e+00
      vertex -1.73090170e-01 -1.72000000e-01 -9.51056516e-03
      vertex -1.70000000e-01 -1.72000000e-01 -1.00000000e-02
    endloop
  endfacet
  facet normal 0.00000000e+00 1.00000000e+00 0.00000000e+00
    outer loop
      vertex -1.70000000e-01 1.72000000e-01 0.00000000e+00
      vertex -1.70000000e-01 1.72000000e-01 -1.00000000e-02
      vertex -1.73090170e-01 1.72000000e-01 -9.51056516e-03
    endloop
  endfacet
  facet normal -4.53990500e-01 0.00000000e+00 -8.91006524e-01
    outer loop
      vertex -1.73090170e-01 -1.72000000e-01 -9.51056516e-03
      vertex -1.75877853e-01 -1.72000000e-01 -8.09016994e-03
      vertex -1.75877853e-01 1.72000000e-01 -8.09016994e-03
    endloop
  endfacet
  facet normal -4.53990500e-01 0.00000000e+00 -8.91006524e-01
    outer loop
      vertex -1.73090170e-01 -1.72000000e-01 -9.51056516e-03
      vertex -1.75877853e-01 1.72000000e-01 -8.09016994e-03
      vertex -1.73090170e-01 1.72000000e-01 -9.51056516e-03
    endloop
  endfacet
  facet normal 0.00000000e+00 -1.00000000e+00 0.00000000e+00
    outer loop
      vertex -1.70000000e-01 -1.72000000e-01 0.00000000e+00
      vertex -1.75877853e-01 -1.72000000e-01 -8.09016994e-03
      vertex -1.73090170e-01 -1.72000000e-01 -9.51056516e-03
    endloop
  endfacet
  facet normal 0.00000000e+00 1.00000000e+00 0.00000000e+00
    outer loop
      vertex -1.70000000e-01 1.72000000e-01 0.00000000e+00
      vertex -1.73090170e-01 1.72000000e-01 -9.51056516e-03
      vertex -1.75877853e-01 1.72000000e-01 -8.09016994e-03
    endloop
  endfacet
  facet normal -7.07106781e-01 0.00000000e+00 -7.07106781e-01
    outer loop
      vertex -1.75877853e-01 -1.72000000e-01 -8.09016994e-03
      vertex -1.78090170e-01 -1.72000000e-01 -5.87785252e-03
      vertex -1.78090170e-01 1.72000000e-01 -5.87785252e-03
    endloop
  endfacet
  facet normal -7.07106781e-01 0.00000000e+00 -7.07106781e-01
    outer loop
      vertex -1.75877853e-01 -1.72000000e-01 -8.09016994e-03
      vertex -1.78090170e-01 1.72000000e-01 -5.87785252e-03
      vertex -1.75877853e-01 1.72000000e-01 -8.09016994e-03
    endloop
  endfacet
  facet normal 0.00000000e+00 -1.00000000e+00 0.00000000e+00
    outer loop
      vertex -1.70000000e-01 -1.72000000e-01 0.00000000e+00
      vertex -1.78090170e-01 -1.72000000e-01 -5.87785252e-03
      vertex -1.75877853e-01 -1.72000000e-01 -8.09016994e-03
    endloop
  endfacet
  facet normal 0.00000000e+00 1.00000000e+00 0.00000000e+00
    outer loop
      vertex -1.70000000e-01 1.72000000e-01 0.00000000e+00
      vertex -1.75877853e-01 1.72000000e-01 -8.09016994e-03
      vertex -1.78090170e-01 1.72000000e-01 -5.87785252e-03
    endloop
  endfacet
  facet normal -8.91006524e-01 0.00000000e+00 -4.53990500e-01
    outer loop
      vertex -1.78090170e-01 -1.72000000e-01 -5.87785252e-03
      vertex -1.79510565e-01 -1.72000000e-01 -3.09016994e-03
      vertex -1.79510565e-01 1.72000000e-01 -3.09016994e-03
    endloop
  endfacet
  facet normal -8.91006524e-01 0.00000000e+00 -4.53990500e-01
    outer loop
      vertex -1.78090170e-01 -1.72000000e-01 -5.87785252e-03
      vertex -1.79510565e-01 1.72000000e-01 -3.09016994e-03
      vertex -1.78090170e-01 1.72000000e-01 -5.87785252e-03
    endloop
  endfacet
  facet normal 0.00000000e+00 -1.00000000e+00 0.00000000e+00
    outer loop
      vertex -1.70000000e-01 -1.72000000e-01 0.00000000e+00
      vertex -1.79510565e-01 -1.72000000e-01 -3.09016994e-03
      vertex -1.78090170e-01 -1.72000000e-01 -5.87785252e-03
    endloop
  endfacet
  facet normal 0.00000000e+00 1.00000000e+00 0.00000000e+00
    outer loop
      vertex -1.70000000e-01 1.72000000e-01 0.00000000e+00
      vertex -1.78090170e-01 1.72000000e-01 -5.87785252e-03
      vertex -1.79510565e-01 1.72000000e-01 -3.09016994e-03
    endloop
  endfacet
  facet normal -9.87688341e-01 0.00000000e+00 -1.56434465e-01
    outer loop
      vertex -1.79510565e-01 -1.72000000e-01 -3.09016994e-03
      vertex -1.80000000e-01 -1.72000000e-01 0.00000000e+00
      vertex -1.80000000e-01 1.72000000e-01 0.00000000e+00
    endloop
  endfacet
  facet normal -9.87688341e-01 0.00000000e+00 -1.56434465e-01
    outer loop
      vertex -1.79510565e-01 -1.72000000e-01 -3.09016994e-03
      vertex -1.80000000e-01 1.72000000e-01 0.00000000e+00
      vertex -1.79510565e-01 1.72000000e-01 -3.09016994e-03
    endloop
  endfacet
  facet normal -0.00000000e+00 -1.00000000e+00 0.00000000e+00
    outer loop
      vertex -1.70000000e-01 -1.72000000e-01 0.00000000e+00
      vertex -1.80000000e-01 -1.72000000e-01 0.00000000e+00
      vertex -1.79510565e-01 -1.72000000e-01 -3.09016994e-03
    endloop
  endfacet
  facet normal 0.00000000e+00 1.00000000e+00 0.00000000e+00
    outer loop
      vertex -1.70000000e-01 1.72000000e-01 0.00000000e+00
      vertex -1.79510565e-01 1.72000000e-01 -3.09016994e-03
      vertex -1.80000000e-01 1.72000000e-01 0.00000000e+00
    endloop
  endfacet
  facet normal -9.87688341e-01 0.00000000e+00 1.56434465e-01
    outer loop
      vertex 1.60000000e-01 -1.72000000e-01 0.00000000e+00
      vertex 1.60489435e-01 -1.72000000e-01 3.09016994e-03
      vertex 1.60489435e-01 1.72000000e-01 3.09016994e-03
    endloop
  endfacet
  facet normal -9.87688341e-01 0.00000000e+00 1.56434465e-01
    outer loop
      vertex 1.60000000e-01 -1.72000000e-01 0.00000000e+00
      vertex 1.60489435e-01 1.72000000e-01 3.09016994e-03
      vertex 1.60000000e-01 1.72000000e-01 0.00000000e+00
    endloop
  endfacet
  facet normal 0.00000000e+00 -1.00000000e+00 0.00000000e+00
    outer loop
      vertex 1.70000000e-01 -1.72000000e-01 0.00000000e+00
      vertex 1.60489435e-01 -1.72000000e-01 3.09016994e-03
      vertex 1.60000000e-01 -1.72000000e-01 0.00000000e+00
    endloop
  endfacet
  facet normal 0.00000000e+00 1.00000000e+00 0.00000000e+00
    outer loop
      vertex 1.70000000e-01 1.72000000e-01 0.00000000e+00
      vertex 1.60000000e-01 1.72000000e-01 0.00000000e+00
      vertex 1.60489435e-01 1.72000000e-01 3.09016994e-03
    endloop
  endfacet
  facet normal -8.91006524e-01 0.00000000e+00 4.53990500e-01
    outer loop
      vertex 1.60489435e-01 -1.72000000e-01 3.09016994e-03
      vertex 1.61909830e-01 -1.72000000e-01 5.87785252e-03
      vertex 1.61909830e-01 1.72000000e-01 5.87785252e-03
    endloop
  endfacet
  facet normal -8.91006524e-01 0.00000000e+00 4.53990500e-01
    outer loop
      vertex 1.60489435e-01 -1.72000000e-01 3.09016994e-03
      vertex 1.61909830e-01 1.72000000e-01 5.87785252e-03
      vertex 1.60489435e-01 1.72000000e-01 3.09016994e-03
    endloop
  endfacet
  facet normal 0.00000000e+00 -1.00000000e+00 0.00000000e+00
    outer loop
      vertex 1.70000000e-01 -1.72000000e-01 0.00000000e+00
      vertex 1.61909830e-01 -1.72000000e-01 5.87785252e-03
      vertex 1.60489435e-01 -1.72000000e-01 3.09016994e-03
    endloop
  endfacet
  facet normal 0.00000000e+00 1.00000000e+00 0.00000000e+00
    outer loop
      vertex 1.70000000e-01 1.72000000e-01 0.00000000e+00
      vertex 1.60489435e-01 1.72000000e-01 3.09016994e-03
      vertex 1.61909830e-01 1.72000000e-01 5.87785252e-03
    endloop
  endfacet
  facet normal -7.07106781e-01 0.00000000e+00 7.07106781e-01
    outer loop
      vertex 1.61909830e-01 -1.72000000e-01 5.87785252e-03
      vertex 1.64122147e-01 -1.72000000e-01 8.09016994e-03
      vertex 1.64122147e-01 1.72000000e-01 8.09016994e-03
    endloop
  endfacet
  facet normal -7.07106781e-01 0.00000000e+00 7.07106781e-01
    outer loop
      vertex 1.61909830e-01 -1.72000000e-01 5.87785252e-03
      vertex 1.64122147e-01 1.72000000e-01 8.09016994e-03
      vertex 1.61909830e-01 1.72000000e-01 5.87785252e-03
    endloop
  endfacet
  facet normal 0.00000000e+00 -1.00000000e+00 0.00000000e+00
    outer loop
      vertex 1.70000000e-01 -1.72000000e-01 0.00000000e+00
      vertex 1.64122147e-01 -1.72000000e-01 8.09016994e-03
      vertex 1.61909830e-01 -1.72000000e-01 5.87785252e-03
    endloop
  endfacet
  facet normal 0.00000000e+00 1.00000000e+00 0.00000000e+00
    outer loop
      vertex 1.70000000e-01 1.72000000e-01 0.00000000e+00
      vertex 1.61909830e-01 1.72000000e-01 5.87785252e-03
      vertex 1.64122147e-01 1.72000000e-01 8.09016994e-03
    endloop
  endfacet
  facet normal -4.53990500e-01 0.00000000e+00 8.91006524e-01
    outer loop
      vertex 1.64122147e-01 -1.72000000e-01 8.09016994e-03
      vertex 1.66909830e-01 -1.72000000e-01 9.51056516e-03
      vertex 1.66909830e-01 1.72000000e-01 9.51056516e-03
    endloop
  endfacet
  facet normal -4.53990500e-01 0.00000000e+00 8.91006524e-01
    outer loop
      vertex 1.64122147e-01 -1.72000000e-01 8.09016994e-03
      vertex 1.66909830e-01 1.72000000e-01 9.51056516e-03
      vertex 1.64122147e-01 1.72000000e-01 8.09016994e-03
    endloop
  endfacet
  facet normal 0.00000000e+00 -1.00000000e+00 0.00000000e+00
    outer loop
      vertex 1.70000000e-01 -1.72000000e-01 0.00000000e+00
      vertex 1.66909830e-01 -1.72000000e-01 9.51056516e-03
      vertex 1.64122147e-01 -1.72000000e-01 8.09016994e-03
    endloop
  endfacet
  facet normal 0.00000000e+00 1.00000000e+00 0.00000000e+00
    outer loop
      vertex 1.70000000e-01 1.72000000e-01 0.00000000e+00
      vertex 1.64122147e-01 1.72000000e-01 8.09016994e-03
      vertex 1.66909830e-01 1.72000000e-01 9.51056516e-03
    endloop
  endfacet
  facet normal -1.56434465e-01 0.00000000e+00 9.87688341e-01
    outer loop
      vertex 1.66909830e-01 -1.72000000e-01 9.51056516e-03
      vertex 1.70000000e-01 -1.72000000e-01 1.00000000e-02
      vertex 1.70000000e-01 1.72000000e-01 1.00000000e-02
    endloop
  endfacet
  facet normal -1.56434465e-01 0.00000000e+00 9.87688341e-01
    outer loop
      vertex 1.66909830e-01 -1.72000000e-01 9.51056516e-03
      vertex 1.70000000e-01 1.72000000e-01 1.00000000e-02
      vertex 1.66909830e-01 1.72000000e-01 9.51056516e-03
    endloop
  endfacet
  facet normal 0.00000000e+00 -1.00000000e+00 0.00000000e+00
    outer loop
      vertex 1.70000000e-01 -1.72000000e-01 0.00000000e+00
      vertex 1.70000000e-01 -1.72000000e-01 1.00000000e-02
      vertex 1.66909830e-01 -1.72000000e-01 9.51056516e-03
    endloop
  endfacet
  facet normal 0.00000000e+00 1.00000000e+00 -0.00000000e+00
    outer loop
      vertex 1.70000000e-01 1.72000000e-01 0.00000000e+00
      vertex 1.66909830e-01 1.72000000e-01 9.51056516e-03
      vertex 1.70000000e-01 1.72000000e-01 1.00000000e-02
    endloop
  endfacet
  facet normal 1.56434465e-01 0.00000000e+00 9.87688341e-01
    outer loop
      vertex 1.70000000e-01 -1.72000000e-01 1.00000000e-02
      vertex 1.73090170e-01 -1.72000000e-01 9.51056516e-03
      vertex 1.73090170e-01 1.72000000e-01 9.51056516e-03
    endloop
  endfacet
  facet normal 1.56434465e-01 -0.00000000e+00 9.87688341e-01
    outer loop
      vertex 1.70000000e-01 -1.72000000e-01 1.00000000e-02
      vertex 1.73090170e-01 1.72000000e-01 9.51056516e-03
      vertex 1.70000000e-01 1.72000000e-01 1.00000000e-02
    endloop
  endfacet
  facet normal 0.00000000e+00 -1.00000000e+00 0.00000000e+00
    outer loop
      vertex 1.70000000e-01 -1.72000000e-01 0.00000000e+00
      vertex 1.73090170e-01 -1.72000000e-01 9.51056516e-03
      vertex 1.70000000e-01 -1.72000000e-01 1.00000000e-02
    endloop
  endfacet
  facet normal 0.00000000e+00 1.00000000e+00 0.00000000e+00
    outer loop
      vertex 1.70000000e-01 1.72000000e-01 0.00000000e+00
      vertex 1.70000000e-01 1.72000000e-01 1.00000000e-02
      vertex 1.73090170e-01 1.72000000e-01 9.51056516e-03
    endloop
  endfacet
  facet normal 4.53990500e-01 0.00000000e+00 8.91006524e-01
    outer loop
      vertex 1.73090170e-01 -1.72000000e-01 9.51056516e-03
      vertex 1.75877853e-01 -1.72000000e-01 8.09016994e-03
      vertex 1.75877853e-01 1.72000000e-01 8.09016994e-03
    endloop
  endfacet
  facet normal 4.53990500e-01 -0.00000000e+00 8.91006524e-01
    outer loop
      vertex 1.73090170e-01 -1.72000000e-01 9.51056516e-03
      vertex 1.75877853e-01 1.72000000e-01 8.09016994e-03
      vertex 1.73090170e-01 1.72000000e-01 9.51056516e-03
    endloop
  endfacet
  facet normal 0.00000000e+00 -1.00000000e+00 0.00000000e+00
    outer loop
      vertex 1.70000000e-01 -1.72000000e-01 0.00000000e+00
      vertex 1.75877853e-01 -1.72000000e-01 8.09016994e-03
      vertex 1.73090170e-01 -1.72000000e-01 9.51056516e-03
    endloop
  endfacet
  facet normal 0.00000000e+00 1.00000000e+00 0.00000000e+00
    outer loop
      vertex 1.70000000e-01 1.72000000e-01 0.00000000e+00
      vertex 1.73090170e-01 1.72000000e-01 9.51056516e-03
      vertex 1.75877853e-01 1.72000000e-01 8.09016994e-03
    endloop
  endfacet
  facet normal 7.07106781e-01 0.00000000e+00 7.07106781e-01
    outer loop
      vertex 1.75877853e-01 -1.72000000e-01 8.09016994e-03
      vertex 1.78090170e-01 -1.72000000e-01 5.87785252e-03
      vertex 1.78090170e-01 1.72000000e-01 5.87785252e-03
    endloop
  endfacet
  facet normal 7.07106781e-01 -0.00000000e+00 7.07106781e-01
    outer loop
      vertex 1.75877853e-01 -1.72000000e-01 8.09016994e-03
      vertex 1.78090170e-01 1.72000000e-01 5.87785252e-03
      vertex 1.75877853e-01 1.72000000e-01 8.09016994e-03
    endloop
  endfacet
  facet normal 0.00000000e+00 -1.00000000e+00 0.00000000e+00
    outer loop
      vertex 1.70000000e-01 -1.72000000e-01 0.00000000e+00
      vertex 1.78090170e-01 -1.72000000e-01 5.87785252e-03
      vertex 1.75877853e-01 -1.72000000e-01 8.09016994e-03
    endloop
  endfacet
  facet normal 0.00000000e+00 1.00000000e+00 0.00000000e+00
    outer loop
      vertex 1.70000000e-01 1.72000000e-01 0.00000000e+00
      vertex 1.75877853e-01 1.72000000e-01 8.09016994e-03
      vertex 1.78090170e-01 1.72000000e-01 5.87785252e-03
    endloop
  endfacet
  facet normal 8.91006524e-01 0.00000000e+00 4.53990500e-01
    outer loop
      vertex 1.78090170e-01 -1.72000000e-01 5.87785252e-03
      vertex 1.79510565e-01 -1.72000000e-01 3.09016994e-03
      vertex 1.79510565e-01 1.72000000e-01 3.09016994e-03
    endloop
  endfacet
  facet normal 8.91006524e-01 -0.00000000e+00 4.53990500e-01
    outer loop
      vertex 1.78090170e-01 -1.72000000e-01 5.87785252e-03
      vertex 1.79510565e-01 1.72000000e-01 3.09016994e-03
      vertex 1.78090170e-01 1.72000000e-01 5.87785252e-03
    endloop
  endfacet
  facet normal 0.00000000e+00 -1.00000000e+00 0.00000000e+00
    outer loop
      vertex 1.70000000e-01 -1.72000000e-01 0.00000000e+00
      vertex 1.79510565e-01 -1.72000000e-01 3.09016994e-03
      vertex 1.78090170e-01 -1.72000000e-01 5.87785252e-03
    endloop
  endfacet
  facet normal 0.00000000e+00 1.00000000e+00 0.00000000e+00
    outer loop
      vertex 1.70000000e-01 1.72000000e-01 0.00000000e+00
      vertex 1.78090170e-01 1.72000000e-01 5.87785252e-03
      vertex 1.79510565e-01 1.72000000e-01 3.09016994e-03
    endloop
  endfacet
  facet normal 9.87688341e-01 0.00000000e+00 1.56434465e-01
    outer loop
      vertex 1.79510565e-01 -1.72000000e-01 3.09016994e-03
      vertex 1.80000000e-01 -1.72000000e-01 1.22464680e-18
      vertex 1.80000000e-01 1.72000000e-01 1.22464680e-18
    endloop
  endfacet
  facet normal 9.87688341e-01 -0.00000000e+00 1.56434465e-01
    outer loop
      vertex 1.79510565e-01 -1.72000000e-01 3.09016994e-03
      vertex 1.80000000e-01 1.72000000e-01 1.22464680e-18
      vertex 1.79510565e-01 1.72000000e-01 3.09016994e-03
    endloop
  endfacet
  facet normal 0.00000000e+00 -1.00000000e+00 0.00000000e+00
    outer loop
      vertex 1.70000000e-01 -1.72000000e-01 0.00000000e+00
      vertex 1.80000000e-01 -1.72000000e-01 1.22464680e-18
      vertex 1.79510565e-01 -1.72000000e-01 3.09016994e-03
    endloop
  endfacet
  facet normal 0.00000000e+00 1.00000000e+00 0.00000000e+00
    outer loop
      vertex 1.70000000e-01 1.72000000e-01 0.00000000e+00
      vertex 1.79510565e-01 1.72000000e-01 3.09016994e-03
      vertex 1.80000000e-01 1.72000000e-01 1.22464680e-18
    endloop
  endfacet
  facet normal 9.87688341e-01 0.00000000e+00 -1.56434465e-01
    outer loop
      vertex 1.80000000e-01 -1.72000000e-01 1.22464680e-18
      vertex 1.79510565e-01 -1.72000000e-01 -3.09016994e-03
      vertex 1.79510565e-01 1.72000000e-01 -3.09016994e-03
    endloop
  endfacet
  facet normal 9.87688341e-01 0.00000000e+00 -1.56434465e-01
    outer loop
      vertex 1.80000000e-01 -1.72000000e-01 1.22464680e-18
      vertex 1.79510565e-01 1.72000000e-01 -3.09016994e-03
      vertex 1.80000000e-01 1.72000000e-01 1.22464680e-18
    endloop
  endfacet
  facet normal 0.00000000e+00 -1.00000000e+00 0.00000000e+00
    outer loop
      vertex 1.70000000e-01 -1.72000000e-01 0.00000000e+00
      vertex 1.79510565e-01 -1.72000000e-01 -3.09016994e-03
      vertex 1.80000000e-01 -1.72000000e-01 1.22464680e-18
    endloop
  endfacet
  facet normal -0.00000000e+00 1.00000000e+00 0.00000000e+00
    outer loop
      vertex 1.70000000e-01 1.72000000e-01 0.00000000e+00
      vertex 1.80000000e-01 1.72000000e-01 1.22464680e-18
      vertex 1.79510565e-01 1.72000000e-01 -3.09016994e-03
    endloop
  endfacet
  facet normal 8.91006524e-01 0.00000000e+00 -4.53990500e-01
    outer loop
      vertex 1.79510565e-01 -1.72000000e-01 -3.09016994e-03
      vertex 1.78090170e-01 -1.72000000e-01 -5.87785252e-03
      vertex 1.78090170e-01 1.72000000e-01 -5.87785252e-03
    endloop
  endfacet
  facet normal 8.91006524e-01 0.00000000e+00 -4.53990500e-01
    outer loop
      vertex 1.79510565e-01 -1.72000000e-01 -3.09016994e-03
      vertex 1.78090170e-01 1.72000000e-01 -5.87785252e-03
      vertex 1.79510565e-01 1.72000000e-01 -3.09016994e-03
    endloop
  endfacet
  facet normal 0.00000000e+00 -1.00000000e+00 0.00000000e+00
    outer loop
      vertex 1.70000000e-01 -1.72000000e-01 0.00000000e+00
      vertex 1.78090170e-01 -1.72000000e-01 -5.87785252e-03
      vertex 1.79510565e-01 -1.72000000e-01 -3.09016994e-03
    endloop
  endfacet
  facet normal 0.00000000e+00 1.00000000e+00 0.00000000e+00
    outer loop
      vertex 1.70000000e-01 1.72000000e-01 0.00000000e+00
      vertex 1.79510565e-01 1.72000000e-01 -3.09016994e-03
      vertex 1.78090170e-01 1.72000000e-01 -5.87785252e-03
    endloop
  endfacet
  facet normal 7.07106781e-01 0.00000000e+00 -7.07106781e-01
    outer loop
      vertex 1.78090170e-01 -1.72000000e-01 -5.87785252e-03
      vertex 1.75877853e-01 -1.72000000e-01 -8.09016994e-03
      vertex 1.75877853e-01 1.72000000e-01 -8.09016994e-03
    endloop
  endfacet
  facet normal 7.07106781e-01 0.00000000e+00 -7.07106781e-01
    outer loop
      vertex 1.78090170e-01 -1.72000000e-01 -5.87785252e-03
      vertex 1.75877853e-01 1.72000000e-01 -8.09016994e-03
      vertex 1.78090170e-01 1.72000000e-01 -5.87785252e-03
    endloop
  endfacet
  facet normal 0.00000000e+00 -1.00000000e+00 0.00000000e+00
    outer loop
      vertex 1.70000000e-01 -1.72000000e-01 0.00000000e+00
      vertex 1.75877853e-01 -1.72000000e-01 -8.09016994e-03
      vertex 1.78090170e-01 -1.72000000e-01 -5.87785252e-03
    endloop
  endfacet
  facet normal 0.00000000e+00 1.00000000e+00 0.00000000e+00
    outer loop
      vertex 1.70000000e-01 1.72000000e-01 0.00000000e+00
      vertex 1.78090170e-01 1.72000000e-01 -5.87785252e-03
      vertex 1.75877853e-01 1.72000000e-01 -8.09016994e-03
    endloop
  endfacet
  facet normal 4.53990500e-01 0.00000000e+00 -8.91006524e-01
    outer loop
      vertex 1.75877853e-01 -1.72000000e-01 -8.09016994e-03
      vertex 1.73090170e-01 -1.72000000e-01 -9.51056516e-03
      vertex 1.73090170e-01 1.72000000e-01 -9.51056516e-03
    endloop
  endfacet
  facet normal 4.53990500e-01 0.00000000e+00 -8.91006524e-01
    outer loop
      vertex 1.75877853e-01 -1.72000000e-01 -8.09016994e-03
      vertex 1.73090170e-01 1.72000000e-01 -9.51056516e-03
      vertex 1.75877853e-01 1.72000000e-01 -8.09016994e-03
    endloop
  endfacet
  facet normal 0.00000000e+00 -1.00000000e+00 0.00000000e+00
    outer loop
      vertex 1.70000000e-01 -1.72000000e-01 0.00000000e+00
      vertex 1.73090170e-01 -1.72000000e-01 -9.51056516e-03
      vertex 1.75877853e-01 -1.72000000e-01 -8.09016994e-03
    endloop
  endfacet
  facet normal 0.00000000e+00 1.00000000e+00 0.00000000e+00
    outer loop
      vertex 1.70000000e-01 1.72000000e-01 0.00000000e+00
      vertex 1.75877853e-01 1.72000000e-01 -8.09016994e-03
      vertex 1.73090170e-01 1.72000000e-01 -9.51056516e-03
    endloop
  endfacet
  facet normal 1.56434465e-01 0.00000000e+00 -9.87688341e-01
    outer loop
      vertex 1.73090170e-01 -1.72000000e-01 -9.51056516e-03
      vertex 1.70000000e-01 -1.72000000e-01 -1.00000000e-02
      vertex 1.70000000e-01 1.72000000e-01 -1.00000000e-02
    endloop
  endfacet
  facet normal 1.56434465e-01 0.00000000e+00 -9.87688341e-01
    outer loop
      vertex 1.73090170e-01 -1.72000000e-01 -9.51056516e-03
      vertex 1.70000000e-01 1.72000000e-01 -1.00000000e-02
      vertex 1.73090170e-01 1.72000000e-01 -9.51056516e-03
    endloop
  endfacet
  facet normal 0.00000000e+00 -1.00000000e+00 0.00000000e+00
    outer loop
      vertex 1.70000000e-01 -1.72000000e-01 0.00000000e+00
      vertex 1.70000000e-01 -1.72000000e-01 -1.00000000e-02
      vertex 1.73090170e-01 -1.72000000e-01 -9.51056516e-03
    endloop
  endfacet
  facet normal 0.00000000e+00 1.00000000e+00 0.00000000e+00
    outer loop
      vertex 1.70000000e-01 1.72000000e-01 0.00000000e+00
      vertex 1.73090170e-01 1.72000000e-01 -9.51056516e-03
      vertex 1.70000000e-01 1.72000000e-01 -1.00000000e-02
    endloop
  endfacet
  facet normal -1.56434465e-01 0.00000000e+00 -9.87688341e-01
    outer loop
      vertex 1.70000000e-01 -1.72000000e-01 -1.00000000e-02
      vertex 1.66909830e-01 -1.72000000e-01 -9.51056516e-03
      vertex 1.66909830e-01 1.72000000e-01 -9.51056516e-03
    endloop
  endfacet
  facet normal -1.56434465e-01 0.00000000e+00 -9.87688341e-01
    outer loop
      vertex 1.70000000e-01 -1.72000000e-01 -1.00000000e-02
      vertex 1.66909830e-01 1.72000000e-01 -9.51056516e-03
      vertex 1.70000000e-01 1.72000000e-01 -1.00000000e-02
    endloop
  endfacet
  facet normal 0.00000000e+00 -1.00000000e+00 -0.00000000e+00
    outer loop
      vertex 1.70000000e-01 -1.72000000e-01 0.00000000e+00
      vertex 1.66909830e-01 -1.72000000e-01 -9.51056516e-03
      vertex 1.70000000e-01 -1.72000000e-01 -1.00000000e-02
    endloop
  endfacet
  facet normal 0.00000000e+00 1.00000000e+00 0.00000000e+00
    outer loop
      vertex 1.70000000e-01 1.72000000e-01 0.00000000e+00
      vertex 1.70000000e-01 1.72000000e-01 -1.00000000e-02
      vertex 1.66909830e-01 1.72000000e-01 -9.51056516e-03
    endloop
  endfacet
  facet normal -4.53990500e-01 0.00000000e+00 -8.91006524e-01
    outer loop
      vertex 1.66909830e-01 -1.72000000e-01 -9.51056516e-03
      vertex 1.64122147e-01 -1.72000000e-01 -8.09016994e-03
      vertex 1.64122147e-01 1.72000000e-01 -8.09016994e-03
    endloop
  endfacet
  facet normal -4.53990500e-01 0.00000000e+00 -8.91006524e-01
    outer loop
      vertex 1.66909830e-01 -1.72000000e-01 -9.51056516e-03
      vertex 1.64122147e-01 1.72000000e-01 -8.09016994e-03
      vertex 1.66909830e-01 1.72000000e-01 -9.51056516e-03
    endloop
  endfacet
  facet normal 0.00000000e+00 -1.00000000e+00 0.00000000e+00
    outer loop
      vertex 1.70000000e-01 -1.72000000e-01 0.00000000e+00
      vertex 1.64122147e-01 -1.72000000e-01 -8.09016994e-03
      vertex 1.66909830e-01 -1.72000000e-01 -9.51056516e-03
    endloop
  endfacet
  facet normal 0.00000000e+00 1.00000000e+00 0.00000000e+00
    outer loop
      vertex 1.70000000e-01 1.72000000e-01 0.00000000e+00
      vertex 1.66909830e-01 1.72000000e-01 -9.51056516e-03
      vertex 1.64122147e-01 1.72000000e-01 -8.09016994e-03
    endloop
  endfacet
  facet normal -7.07106781e-01 0.00000000e+00 -7.07106781e-01
    outer loop
      vertex 1.64122147e-01 -1.72000000e-01 -8.09016994e-03
      vertex 1.61909830e-01 -1.72000000e-01 -5.87785252e-03
      vertex 1.61909830e-01 1.72000000e-01 -5.87785252e-03
    endloop
  endfacet
  facet normal -7.07106781e-01 0.00000000e+00 -7.07106781e-01
    outer loop
      vertex 1.64122147e-01 -1.72000000e-01 -8.09016994e-03
      vertex 1.61909830e-01 1.72000000e-01 -5.87785252e-03
      vertex 1.64122147e-01 1.72000000e-01 -8.09016994e-03
    endloop
  endfacet
  facet normal 0.00000000e+00 -1.00000000e+00 0.00000000e+00
    outer loop
      vertex 1.70000000e-01 -1.72000000e-01 0.00000000e+00
      vertex 1.61909830e-01 -1.72000000e-01 -5.87785252e-03
      vertex 1.64122147e-01 -1.72000000e-01 -8.09016994e-03
    endloop
  endfacet
  facet normal 0.00000000e+00 1.00000000e+00 0.00000000e+00
    outer loop
      vertex 1.70000000e-01 1.72000000e-01 0.00000000e+00
      vertex 1.64122147e-01 1.72000000e-01 -8.09016994e-03
      vertex 1.61909830e-01 1.72000000e-01 -5.87785252e-03
    endloop
  endfacet
  facet normal -8.91006524e-01 0.00000000e+00 -4.53990500e-01
    outer loop
      vertex 1.61909830e-01 -1.72000000e-01 -5.87785252e-03
      vertex 1.60489435e-01 -1.72000000e-01 -3.09016994e-03
      vertex 1.60489435e-01 1.72000000e-01 -3.09016994e-03
    endloop
  endfacet
  facet normal -8.91006524e-01 0.00000000e+00 -4.53990500e-01
    outer loop
      vertex 1.61909830e-01 -1.72000000e-01 -5.87785252e-03
      vertex 1.60489435e-01 1.72000000e-01 -3.09016994e-03
      vertex 1.61909830e-01 1.72000000e-01 -5.87785252e-03
    endloop
  endfacet
  facet normal 0.00000000e+00 -1.00000000e+00 0.00000000e+00
    outer loop
      vertex 1.70000000e-01 -1.72000000e-01 0.00000000e+00
      vertex 1.60489435e-01 -1.72000000e-01 -3.09016994e-03
      vertex 1.61909830e-01 -1.72000000e-01 -5.87785252e-03
    endloop
  endfacet
  facet normal 0.00000000e+00 1.00000000e+00 0.00000000e+00
    outer loop
      vertex 1.70000000e-01 1.72000000e-01 0.00000000e+00
      vertex 1.61909830e-01 1.72000000e-01 -5.87785252e-03
      vertex 1.60489435e-01 1.72000000e-01 -3.09016994e-03
    endloop
  endfacet
  facet normal -9.87688341e-01 0.00000000e+00 -1.56434465e-01
    outer loop
      vertex 1.60489435e-01 -1.72000000e-01 -3.09016994e-03
      vertex 1.60000000e-01 -1.72000000e-01 0.00000000e+00
      vertex 1.60000000e-01 1.72000000e-01 0.00000000e+00
    endloop
  endfacet
  facet normal -9.87688341e-01 0.00000000e+00 -1.56434465e-01
    outer loop
      vertex 1.60489435e-01 -1.72000000e-01 -3.09016994e-03
      vertex 1.60000000e-01 1.72000000e-01 0.00000000e+00
      vertex 1.60489435e-01 1.72000000e-01 -3.09016994e-03
    endloop
  endfacet
  facet normal -0.00000000e+00 -1.00000000e+00 0.00000000e+00
    outer loop
      vertex 1.70000000e-01 -1.72000000e-01 0.00000000e+00
      vertex 1.60000000e-01 -1.72000000e-01 0.00000000e+00
      vertex 1.60489435e-01 -1.72000000e-01 -3.09016994e-03
    endloop
  endfacet
  facet normal 0.00000000e+00 1.00000000e+00 0.00000000e+00
    outer loop
      vertex 1.70000000e-01 1.72000000e-01 0.00000000e+00
      vertex 1.60489435e-01 1.72000000e-01 -3.09016994e-03
      vertex 1.60000000e-01 1.72000000e-01 0.00000000e+00
    endloop
  endfacet
  facet normal -9.87688341e-01 0.00000000e+00 1.56434465e-01
    outer loop
      vertex -1.80000000e-01 -1.72000000e-01 2.60000000e-01
      vertex -1.79510565e-01 -1.72000000e-01 2.63090170e-01
      vertex -1.79510565e-01 1.72000000e-01 2.63090170e-01
    endloop
  endfacet
  facet normal -9.87688341e-01 0.00000000e+00 1.56434465e-01
    outer loop
      vertex -1.80000000e-01 -1.72000000e-01 2.60000000e-01
      vertex -1.79510565e-01 1.72000000e-01 2.63090170e-01
      vertex -1.80000000e-01 1.72000000e-01 2.60000000e-01
    endloop
  endfacet
  facet normal 0.00000000e+00 -1.00000000e+00 0.00000000e+00
    outer loop
      vertex -1.70000000e-01 -1.72000000e-01 2.60000000e-01
      vertex -1.79510565e-01 -1.72000000e-01 2.63090170e-01
      vertex -1.80000000e-01 -1.72000000e-01 2.60000000e-01
    endloop
  endfacet
  facet normal 0.00000000e+00 1.00000000e+00 0.00000000e+00
    outer loop
      vertex -1.70000000e-01 1.72000000e-01 2.60000000e-01
      vertex -1.80000000e-01 1.72000000e-01 2.60000000e-01
      vertex -1.79510565e-01 1.72000000e-01 2.63090170e-01
    endloop
  endfacet
  facet normal -8.91006524e-01 0.00000000e+00 4.53990500e-01
    outer loop
      vertex -1.79510565e-01 -1.72000000e-01 2.63090170e-01
      vertex -1.78090170e-01 -1.72000000e-01 2.65877853e-01
      vertex -1.78090170e-01 1.72000000e-01 2.65877853e-01
    endloop
  endfacet
  facet normal -8.91006524e-01 0.00000000e+00 4.53990500e-01
    outer loop
      vertex -1.79510565e-01 -1.72000000e-01 2.63090170e-01
      vertex -1.78090170e-01 1.72000000e-01 2.65877853e-01
      vertex -1.79510565e-01 1.72000000e-01 2.63090170e-01
    endloop
  endfacet
  facet normal 0.00000000e+00 -1.00000000e+00 0.00000000e+00
    outer loop
      vertex -1.70000000e-01 -1.72000000e-01 2.60000000e-01
      vertex -1.78090170e-01 -1.72000000e-01 2.65877853e-01
      vertex -1.79510565e-01 -1.72000000e-01 2.63090170e-01
    endloop
  endfacet
  facet normal 0.00000000e+00 1.00000000e+00 0.00000000e+00
    outer loop
      vertex -1.70000000e-01 1.72000000e-01 2.60000000e-01
      vertex -1.79510565e-01 1.72000000e-01 2.63090170e-01
      vertex -1.78090170e-01 1.72000000e-01 2.65877853e-01
    endloop
  endfacet
  facet normal -7.07106781e-01 0.00000000e+00 7.07106781e-01
    outer loop
      vertex -1.78090170e-01 -1.72000000e-01 2.65877853e-01
      vertex -1.75877853e-01 -1.72000000e-01 2.68090170e-01
      vertex -1.75877853e-01 1.72000000e-01 2.68090170e-01
    endloop
  endfacet
  facet normal -7.07106781e-01 0.00000000e+00 7.07106781e-01
    outer loop
      vertex -1.78090170e-01 -1.72000000e-01 2.65877853e-01
      vertex -1.75877853e-01 1.72000000e-01 2.68090170e-01
      vertex -1.78090170e-01 1.72000000e-01 2.65877853e-01
    endloop
  endfacet
  facet normal 0.00000000e+00 -1.00000000e+00 0.00000000e+00
    outer loop
      vertex -1.70000000e-01 -1.72000000e-01 2.60000000e-01
      vertex -1.75877853e-01 -1.72000000e-01 2.68090170e-01
      vertex -1.78090170e-01 -1.72000000e-01 2.65877853e-01
    endloop
  endfacet
  facet normal 0.00000000e+00 1.00000000e+00 0.00000000e+00
    outer loop
      vertex -1.70000000e-01 1.72000000e-01 2.60000000e-01
      vertex -1.78090170e-01 1.72000000e-01 2.65877853e-01
      vertex -1.75877853e-01 1.72000000e-01 2.68090170e-01
    endloop
  endfacet
  facet normal -4.53990500e-01 0.00000000e+00 8.91006524e-01
    outer loop
      vertex -1.75877853e-01 -1.72000000e-01 2.68090170e-01
      vertex -1.73090170e-01 -1.72000000e-01 2.69510565e-01
      vertex -1.73090170e-01 1.72000000e-01 2.69510565e-01
    endloop
  endfacet
  facet normal -4.53990500e-01 0.00000000e+00 8.91006524e-01
    outer loop
      vertex -1.75877853e-01 -1.72000000e-01 2.68090170e-01
      vertex -1.73090170e-01 1.72000000e-01 2.69510565e-01
      vertex -1.75877853e-01 1.72000000e-01 2.68090170e-01
    endloop
  endfacet
  facet normal 0.00000000e+00 -1.00000000e+00 0.00000000e+00
    outer loop
      vertex -1.70000000e-01 -1.72000000e-01 2.60000000e-01
      vertex -1.73090170e-01 -1.72000000e-01 2.69510565e-01
      vertex -1.75877853e-01 -1.72000000e-01 2.68090170e-01
    endloop
  endfacet
  facet normal 0.00000000e+00 1.00000000e+00 0.00000000e+00
    outer loop
      vertex -1.70000000e-01 1.72000000e-01 2.60000000e-01
      vertex -1.75877853e-01 1.72000000e-01 2.68090170e-01
      vertex -1.73090170e-01 1.72000000e-01 2.69510565e-01
    endloop
  endfacet
  facet normal -1.56434465e-01 0.00000000e+00 9.87688341e-01
    outer loop
      vertex -1.73090170e-01 -1.72000000e-01 2.69510565e-01
      vertex -1.70000000e-01 -1.72000000e-01 2.70000000e-01
      vertex -1.70000000e-01 1.72000000e-01 2.70000000e-01
    endloop
  endfacet
  facet normal -1.56434465e-01 0.00000000e+00 9.87688341e-01
    outer loop
      vertex -1.73090170e-01 -1.72000000e-01 2.69510565e-01
      vertex -1.70000000e-01 1.72000000e-01 2.70000000e-01
      vertex -1.73090170e-01 1.72000000e-01 2.69510565e-01
    endloop
  endfacet
  facet normal 0.00000000e+00 -1.00000000e+00 0.00000000e+00
    outer loop
      vertex -1.70000000e-01 -1.72000000e-01 2.60000000e-01
      vertex -1.70000000e-01 -1.72000000e-01 2.70000000e-01
      vertex -1.73090170e-01 -1.72000000e-01 2.69510565e-01
    endloop
  endfacet
  facet normal 0.00000000e+00 1.00000000e+00 -0.00000000e+00
    outer loop
      vertex -1.70000000e-01 1.72000000e-01 2.60000000e-01
      vertex -1.73090170e-01 1.72000000e-01 2.69510565e-01
      vertex -1.70000000e-01 1.72000000e-01 2.70000000e-01
    endloop
  endfacet
  facet normal 1.56434465e-01 0.00000000e+00 9.87688341e-01
    outer loop
      vertex -1.70000000e-01 -1.72000000e-01 2.70000000e-01
      vertex -1.66909830e-01 -1.72000000e-01 2.69510565e-01
      vertex -1.66909830e-01 1.72000000e-01 2.69510565e-01
    endloop
  endfacet
  facet normal 1.56434465e-01 -0.00000000e+00 9.87688341e-01
    outer loop
      vertex -1.70000000e-01 -1.72000000e-01 2.70000000e-01
      vertex -1.66909830e-01 1.72000000e-01 2.69510565e-01
      vertex -1.70000000e-01 1.72000000e-01 2.70000000e-01
    endloop
  endfacet
  facet normal 0.00000000e+00 -1.00000000e+00 0.00000000e+00
    outer loop
      vertex -1.70000000e-01 -1.72000000e-01 2.60000000e-01
      vertex -1.66909830e-01 -1.72000000e-01 2.69510565e-01
      vertex -1.70000000e-01 -1.72000000e-01 2.70000000e-01
    endloop
  endfacet
  facet normal 0.00000000e+00 1.00000000e+00 0.00000000e+00
    outer loop
      vertex -1.70000000e-01 1.72000000e-01 2.60000000e-01
      vertex -1.70000000e-01 1.72000000e-01 2.70000000e-01
      vertex -1.66909830e-01 1.72000000e-01 2.69510565e-01
    endloop
  endfacet
  facet normal 4.53990500e-01 0.00000000e+00 8.91006524e-01
    outer loop
      vertex -1.66909830e-01 -1.72000000e-01 2.69510565e-01
      vertex -1.64122147e-01 -1.72000000e-01 2.68090170e-01
      vertex -1.64122147e-01 1.72000000e-01 2.68090170e-01
    endloop
  endfacet
  facet normal 4.53990500e-01 -0.00000000e+00 8.91006524e-01
    outer loop
      vertex -1.66909830e-01 -1.72000000e-01 2.69510565e-01
      vertex -1.64122147e-01 1.72000000e-01 2.68090170e-01
      vertex -1.66909830e-01 1.72000000e-01 2.69510565e-01
    endloop
  endfacet
  facet normal 0.00000000e+00 -1.00000000e+00 0.00000000e+00
    outer loop
      vertex -1.70000000e-01 -1.72000000e-01 2.60000000e-01
      vertex -1.64122147e-01 -1.72000000e-01 2.68090170e-01
      vertex -1.66909830e-01 -1.72000000e-01 2.69510565e-01
    endloop
  endfacet
  facet normal 0.00000000e+00 1.00000000e+00 0.00000000e+00
    outer loop
      vertex -1.70000000e-01 1.72000000e-01 2.60000000e-01
      vertex -1.66909830e-01 1.72000000e-01 2.69510565e-01
      vertex -1.64122147e-01 1.72000000e-01 2.68090170e-01
    endloop
  endfacet
  facet normal 7.07106781e-01 0.00000000e+00 7.07106781e-01
    outer loop
      vertex -1.64122147e-01 -1.72000000e-01 2.68090170e-01
      vertex -1.61909830e-01 -1.72000000e-01 2.65877853e-01
      vertex -1.61909830e-01 1.72000000e-01 2.65877853e-01
    endloop
  endfacet
  facet normal 7.07106781e-01 -0.00000000e+00 7.07106781e-01
    outer loop
      vertex -1.64122147e-01 -1.72000000e-01 2.68090170e-01
      vertex -1.61909830e-01 1.72000000e-01 2.65877853e-01
      vertex -1.64122147e-01 1.72000000e-01 2.68090170e-01
    endloop
  endfacet
  facet normal 0.00000000e+00 -1.00000000e+00 0.00000000e+00
    outer loop
      vertex -1.70000000e-01 -1.72000000e-01 2.60000000e-01
      vertex -1.61909830e-01 -1.72000000e-01 2.65877853e-01
      vertex -1.64122147e-01 -1.72000000e-01 2.68090170e-01
    endloop
  endfacet
  facet normal 0.00000000e+00 1.00000000e+00 0.00000000e+00
    outer loop
      vertex -1.70000000e-01 1.72000000e-01 2.60000000e-01
      vertex -1.64122147e-01 1.72000000e-01 2.68090170e-01
      vertex -1.61909830e-01 1.72000000e-01 2.65877853e-01
    endloop
  endfacet
  facet normal 8.91006524e-01 0.00000000e+00 4.53990500e-01
    outer loop
      vertex -1.61909830e-01 -1.72000000e-01 2.65877853e-01
      vertex -1.60489435e-01 -1.72000000e-01 2.63090170e-01
      vertex -1.60489435e-01 1.72000000e-01 2.63090170e-01
    endloop
  endfacet
  facet normal 8.91006524e-01 -0.00000000e+00 4.53990500e-01
    outer loop
      vertex -1.61909830e-01 -1.72000000e-01 2.65877853e-01
      vertex -1.60489435e-01 1.72000000e-01 2.63090170e-01
      vertex -1.61909830e-01 1.72000000e-01 2.65877853e-01
    endloop
  endfacet
  facet normal 0.00000000e+00 -1.00000000e+00 0.00000000e+00
    outer loop
      vertex -1.70000000e-01 -1.72000000e-01 2.60000000e-01
      vertex -1.60489435e-01 -1.72000000e-01 2.63090170e-01
      vertex -1.61909830e-01 -1.72000000e-01 2.65877853e-01
    endloop
  endfacet
  facet normal 0.00000000e+00 1.00000000e+00 0.00000000e+00
    outer loop
      vertex -1.70000000e-01 1.72000000e-01 2.60000000e-01
      vertex -1.61909830e-01 1.72000000e-01 2.65877853e-01
      vertex -1.60489435e-01 1.72000000e-01 2.63090170e-01
    endloop
  endfacet
  facet normal 9.87688341e-01 0.00000000e+00 1.56434465e-01
    outer loop
      vertex -1.60489435e-01 -1.72000000e-01 2.63090170e-01
      vertex -1.60000000e-01 -1.72000000e-01 2.60000000e-01
      vertex -1.60000000e-01 1.72000000e-01 2.60000000e-01
    endloop
  endfacet
  facet normal 9.87688341e-01 -0.00000000e+00 1.56434465e-01
    outer loop
      vertex -1.60489435e-01 -1.72000000e-01 2.63090170e-01
      vertex -1.60000000e-01 1.72000000e-01 2.60000000e-01
      vertex -1.60489435e-01 1.72000000e-01 2.63090170e-01
    endloop
  endfacet
  facet normal 0.00000000e+00 -1.00000000e+00 0.00000000e+00
    outer loop
      vertex -1.70000000e-01 -1.72000000e-01 2.60000000e-01
      vertex -1.60000000e-01 -1.72000000e-01 2.60000000e-01
      vertex -1.60489435e-01 -1.72000000e-01 2.63090170e-01
    endloop
  endfacet
  facet normal 0.00000000e+00 1.00000000e+00 0.00000000e+00
    outer loop
      vertex -1.70000000e-01 1.72000000e-01 2.60000000e-01
      vertex -1.60489435e-01 1.72000000e-01 2.63090170e-01
      vertex -1.60000000e-01 1.72000000e-01 2.60000000e-01
    endloop
  endfacet
  facet normal 9.87688341e-01 0.00000000e+00 -1.56434465e-01
    outer loop
      vertex -1.60000000e-01 -1.72000000e-01 2.60000000e-01
      vertex -1.60489435e-01 -1.72000000e-01 2.56909830e-01
      vertex -1.60489435e-01 1.72000000e-01 2.56909830e-01
    endloop
  endfacet
  facet normal 9.87688341e-01 0.00000000e+00 -1.56434465e-01
    outer loop
      vertex -1.60000000e-01 -1.72000000e-01 2.60000000e-01
      vertex -1.60489435e-01 1.72000000e-01 2.56909830e-01
      vertex -1.60000000e-01 1.72000000e-01 2.60000000e-01
    endloop
  endfacet
  facet normal 0.00000000e+00 -1.00000000e+00 0.00000000e+00
    outer loop
      vertex -1.70000000e-01 -1.72000000e-01 2.60000000e-01
      vertex -1.60489435e-01 -1.72000000e-01 2.56909830e-01
      vertex -1.60000000e-01 -1.72000000e-01 2.60000000e-01
    endloop
  endfacet
  facet normal -0.00000000e+00 1.00000000e+00 0.00000000e+00
    outer loop
      vertex -1.70000000e-01 1.72000000e-01 2.60000000e-01
      vertex -1.60000000e-01 1.72000000e-01 2.60000000e-01
      vertex -1.60489435e-01 1.72000000e-01 2.56909830e-01
    endloop
  endfacet
  facet normal 8.91006524e-01 0.00000000e+00 -4.53990500e-01
    outer loop
      vertex -1.60489435e-01 -1.72000000e-01 2.56909830e-01
      vertex -1.61909830e-01 -1.72000000e-01 2.54122147e-01
      vertex -1.61909830e-01 1.72000000e-01 2.54122147e-01
    endloop
  endfacet
  facet normal 8.91006524e-01 0.00000000e+00 -4.53990500e-01
    outer loop
      vertex -1.60489435e-01 -1.72000000e-01 2.56909830e-01
      vertex -1.61909830e-01 1.72000000e-01 2.54122147e-01
      vertex -1.60489435e-01 1.72000000e-01 2.56909830e-01
    endloop
  endfacet
  facet normal 0.00000000e+00 -1.00000000e+00 0.00000000e+00
    outer loop
      vertex -1.70000000e-01 -1.72000000e-01 2.60000000e-01
      vertex -1.61909830e-01 -1.72000000e-01 2.54122147e-01
      vertex -1.60489435e-01 -1.72000000e-01 2.56909830e-01
    endloop
  endfacet
  facet normal 0.00000000e+00 1.00000000e+00 0.00000000e+00
    outer loop
      vertex -1.70000000e-01 1.72000000e-01 2.60000000e-01
      vertex -1.60489435e-01 1.72000000e-01 2.56909830e-01
      vertex -1.61909830e-01 1.72000000e-01 2.54122147e-01
    endloop
  endfacet
  facet normal 7.07106781e-01 0.00000000e+00 -7.07106781e-01
    outer loop
      vertex -1.61909830e-01 -1.72000000e-01 2.54122147e-01
      vertex -1.64122147e-01 -1.72000000e-01 2.51909830e-01
      vertex -1.64122147e-01 1.72000000e-01 2.51909830e-01
    endloop
  endfacet
  facet normal 7.07106781e-01 0.00000000e+00 -7.07106781e-01
    outer loop
      vertex -1.61909830e-01 -1.72000000e-01 2.54122147e-01
      vertex -1.64122147e-01 1.72000000e-01 2.51909830e-01
      vertex -1.61909830e-01 1.72000000e-01 2.54122147e-01
    endloop
  endfacet
  facet normal 0.00000000e+00 -1.00000000e+00 0.00000000e+00
    outer loop
      vertex -1.70000000e-01 -1.72000000e-01 2.60000000e-01
      vertex -1.64122147e-01 -1.72000000e-01 2.51909830e-01
      vertex -1.61909830e-01 -1.72000000e-01 2.54122147e-01
    endloop
  endfacet
  facet normal 0.00000000e+00 1.00000000e+00 0.00000000e+00
    outer loop
      vertex -1.70000000e-01 1.72000000e-01 2.60000000e-01
      vertex -1.61909830e-01 1.72000000e-01 2.54122147e-01
      vertex -1.64122147e-01 1.72000000e-01 2.51909830e-01
    endloop
  endfacet
  facet normal 4.53990500e-01 0.00000000e+00 -8.91006524e-01
    outer loop
      vertex -1.64122147e-01 -1.72000000e-01 2.51909830e-01
      vertex -1.66909830e-01 -1.72000000e-01 2.50489435e-01
      vertex -1.66909830e-01 1.72000000e-01 2.50489435e-01
    endloop
  endfacet
  facet normal 4.53990500e-01 0.00000000e+00 -8.91006524e-01
    outer loop
      vertex -1.64122147e-01 -1.72000000e-01 2.51909830e-01
      vertex -1.66909830e-01 1.72000000e-01 2.50489435e-01
      vertex -1.64122147e-01 1.72000000e-01 2.51909830e-01
    endloop
  endfacet
  facet normal 0.00000000e+00 -1.00000000e+00 0.00000000e+00
    outer loop
      vertex -1.70000000e-01 -1.72000000e-01 2.60000000e-01
      vertex -1.66909830e-01 -1.72000000e-01 2.50489435e-01
      vertex -1.64122147e-01 -1.72000000e-01 2.51909830e-01
    endloop
  endfacet
  facet normal 0.00000000e+00 1.00000000e+00 0.00000000e+00
    outer loop
      vertex -1.70000000e-01 1.72000000e-01 2.60000000e-01
      vertex -1.64122147e-01 1.72000000e-01 2.51909830e-01
      vertex -1.66909830e-01 1.72000000e-01 2.50489435e-01
    endloop
  endfacet
  facet normal 1.56434465e-01 0.00000000e+00 -9.87688341e-01
    outer loop
      vertex -1.66909830e-01 -1.72000000e-01 2.50489435e-01
      vertex -1.70000000e-01 -1.72000000e-01 2.50000000e-01
      vertex -1.70000000e-01 1.72000000e-01 2.50000000e-01
    endloop
  endfacet
  facet normal 1.56434465e-01 0.00000000e+00 -9.87688341e-01
    outer loop
      vertex -1.66909830e-01 -1.72000000e-01 2.50489435e-01
      vertex -1.70000000e-01 1.72000000e-01 2.50000000e-01
      vertex -1.66909830e-01 1.72000000e-01 2.50489435e-01
    endloop
  endfacet
  facet normal 0.00000000e+00 -1.00000000e+00 0.00000000e+00
    outer loop
      vertex -1.70000000e-01 -1.72000000e-01 2.60000000e-01
      vertex -1.70000000e-01 -1.72000000e-01 2.50000000e-01
      vertex -1.66909830e-01 -1.72000000e-01 2.50489435e-01
    endloop
  endfacet
  facet normal 0.00000000e+00 1.00000000e+00 0.00000000e+00
    outer loop
      vertex -1.70000000e-01 1.72000000e-01 2.60000000e-01
      vertex -1.66909830e-01 1.72000000e-01 2.50489435e-01
      vertex -1.70000000e-01 1.72000000e-01 2.50000000e-01
    endloop
  endfacet
  facet normal -1.56434465e-01 0.00000000e+00 -9.87688341e-01
    outer loop
      vertex -1.70000000e-01 -1.72000000e-01 2.50000000e-01
      vertex -1.73090170e-01 -1.72000000e-01 2.50489435e-01
      vertex -1.73090170e-01 1.72000000e-01 2.50489435e-01
    endloop
  endfacet
  facet normal -1.56434465e-01 0.00000000e+00 -9.87688341e-01
    outer loop
      vertex -1.70000000e-01 -1.72000000e-01 2.50000000e-01
      vertex -1.73090170e-01 1.72000000e-01 2.50489435e-01
      vertex -1.70000000e-01 1.72000000e-01 2.50000000e-01
    endloop
  endfacet
  facet normal 0.00000000e+00 -1.00000000e+00 -0.00000000e+00
    outer loop
      vertex -1.70000000e-01 -1.72000000e-01 2.60000000e-01
      vertex -1.73090170e-01 -1.72000000e-01 2.50489435e-01
      vertex -1.70000000e-01 -1.72000000e-01 2.50000000e-01
    endloop
  endfacet
  facet normal 0.00000000e+00 1.00000000e+00 0.00000000e+00
    outer loop
      vertex -1.70000000e-01 1.72000000e-01 2.60000000e-01
      vertex -1.70000000e-01 1.72000000e-01 2.50000000e-01
      vertex -1.73090170e-01 1.72000000e-01 2.50489435e-01
    endloop
  endfacet
  facet normal -4.53990500e-01 0.00000000e+00 -8.91006524e-01
    outer loop
      vertex -1.73090170e-01 -1.72000000e-01 2.50489435e-01
      vertex -1.75877853e-01 -1.72000000e-01 2.51909830e-01
      vertex -1.75877853e-01 1.72000000e-01 2.51909830e-01
    endloop
  endfacet
  facet normal -4.53990500e-01 0.00000000e+00 -8.91006524e-01
    outer loop
      vertex -1.73090170e-01 -1.72000000e-01 2.50489435e-01
      vertex -1.75877853e-01 1.72000000e-01 2.51909830e-01
      vertex -1.73090170e-01 1.72000000e-01 2.50489435e-01
    endloop
  endfacet
  facet normal 0.00000000e+00 -1.00000000e+00 0.00000000e+00
    outer loop
      vertex -1.70000000e-01 -1.72000000e-01 2.60000000e-01
      vertex -1.75877853e-01 -1.72000000e-01 2.51909830e-01
      vertex -1.73090170e-01 -1.72000000e-01 2.50489435e-01
    endloop
  endfacet
  facet normal 0.00000000e+00 1.00000000e+00 0.00000000e+00
    outer loop
      vertex -1.70000000e-01 1.72000000e-01 2.60000000e-01
      vertex -1.73090170e-01 1.72000000e-01 2.50489435e-01
      vertex -1.75877853e-01 1.72000000e-01 2.51909830e-01
    endloop
  endfacet
  facet normal -7.07106781e-01 0.00000000e+00 -7.07106781e-01
    outer loop
      vertex -1.75877853e-01 -1.72000000e-01 2.51909830e-01
      vertex -1.78090170e-01 -1.72000000e-01 2.54122147e-01
      vertex -1.78090170e-01 1.72000000e-01 2.54122147e-01
    endloop
  endfacet
  facet normal -7.07106781e-01 0.00000000e+00 -7.07106781e-01
    outer loop
      vertex -1.75877853e-01 -1.72000000e-01 2.51909830e-01
      vertex -1.78090170e-01 1.72000000e-01 2.54122147e-01
      vertex -1.75877853e-01 1.72000000e-01 2.51909830e-01
    endloop
  endfacet
  facet normal 0.00000000e+00 -1.00000000e+00 0.00000000e+00
    outer loop
      vertex -1.70000000e-01 -1.72000000e-01 2.60000000e-01
      vertex -1.78090170e-01 -1.72000000e-01 2.54122147e-01
      vertex -1.75877853e-01 -1.72000000e-01 2.51909830e-01
    endloop
  endfacet
  facet normal 0.00000000e+00 1.00000000e+00 0.00000000e+00
    outer loop
      vertex -1.70000000e-01 1.72000000e-01 2.60000000e-01
      vertex -1.75877853e-01 1.72000000e-01 2.51909830e-01
      vertex -1.78090170e-01 1.72000000e-01 2.54122147e-01
    endloop
  endfacet
  facet normal -8.91006524e-01 0.00000000e+00 -4.53990500e-01
    outer loop
      vertex -1.78090170e-01 -1.72000000e-01 2.54122147e-01
      vertex -1.79510565e-01 -1.72000000e-01 2.56909830e-01
      vertex -1.79510565e-01 1.72000000e-01 2.56909830e-01
    endloop
  endfacet
  facet normal -8.91006524e-01 0.00000000e+00 -4.53990500e-01
    outer loop
      vertex -1.78090170e-01 -1.72000000e-01 2.54122147e-01
      vertex -1.79510565e-01 1.72000000e-01 2.56909830e-01
      vertex -1.78090170e-01 1.72000000e-01 2.54122147e-01
    endloop
  endfacet
  facet normal 0.00000000e+00 -1.00000000e+00 0.00000000e+00
    outer loop
      vertex -1.70000000e-01 -1.72000000e-01 2.60000000e-01
      vertex -1.79510565e-01 -1.72000000e-01 2.56909830e-01
      vertex -1.78090170e-01 -1.72000000e-01 2.54122147e-01
    endloop
  endfacet
  facet normal 0.00000000e+00 1.00000000e+00 0.00000000e+00
    outer loop
      vertex -1.70000000e-01 1.72000000e-01 2.60000000e-01
      vertex -1.78090170e-01 1.72000000e-01 2.54122147e-01
      vertex -1.79510565e-01 1.72000000e-01 2.56909830e-01
    endloop
  endfacet
  facet normal -9.87688341e-01 0.00000000e+00 -1.56434465e-01
    outer loop
      vertex -1.79510565e-01 -1.72000000e-01 2.56909830e-01
      vertex -1.80000000e-01 -1.72000000e-01 2.60000000e-01
      vertex -1.80000000e-01 1.72000000e-01 2.60000000e-01
    endloop
  endfacet
  facet normal -9.87688341e-01 0.00000000e+00 -1.56434465e-01
    outer loop
      vertex -1.79510565e-01 -1.72000000e-01 2.56909830e-01
      vertex -1.80000000e-01 1.72000000e-01 2.60000000e-01
      vertex -1.79510565e-01 1.72000000e-01 2.56909830e-01
    endloop
  endfacet
  facet normal -0.00000000e+00 -1.00000000e+00 0.00000000e+00
    outer loop
      vertex -1.70000000e-01 -1.72000000e-01 2.60000000e-01
      vertex -1.80000000e-01 -1.72000000e-01 2.60000000e-01
      vertex -1.79510565e-01 -1.72000000e-01 2.56909830e-01
    endloop
  endfacet
  facet normal 0.00000000e+00 1.00000000e+00 0.00000000e+00
    outer loop
      vertex -1.70000000e-01 1.72000000e-01 2.60000000e-01
      vertex -1.79510565e-01 1.72000000e-01 2.56909830e-01
      vertex -1.80000000e-01 1.72000000e-01 2.60000000e-01
    endloop
  endfacet
  facet normal 9.87688341e-01 1.56434465e-01 0.00000000e+00
    outer loop
      vertex -1.60000000e-01 -1.72000000e-01 0.00000000e+00
      vertex -1.60489435e-01 -1.68909830e-01 0.00000000e+00
      vertex -1.60489435e-01 -1.68909830e-01 2.60000000e-01
    endloop
  endfacet
  facet normal 9.87688341e-01 1.56434465e-01 -0.00000000e+00
    outer loop
      vertex -1.60000000e-01 -1.72000000e-01 0.00000000e+00
      vertex -1.60489435e-01 -1.68909830e-01 2.60000000e-01
      vertex -1.60000000e-01 -1.72000000e-01 2.60000000e-01
    endloop
  endfacet
  facet normal 0.00000000e+00 0.00000000e+00 -1.00000000e+00
    outer loop
      vertex -1.70000000e-01 -1.72000000e-01 0.00000000e+00
      vertex -1.60489435e-01 -1.68909830e-01 0.00000000e+00
      vertex -1.60000000e-01 -1.72000000e-01 0.00000000e+00
    endloop
  endfacet
  facet normal 0.00000000e+00 0.00000000e+00 1.00000000e+00
    outer loop
      vertex -1.70000000e-01 -1.72000000e-01 2.60000000e-01
      vertex -1.60000000e-01 -1.72000000e-01 2.60000000e-01
      vertex -1.60489435e-01 -1.68909830e-01 2.60000000e-01
    endloop
  endfacet
  facet normal 8.91006524e-01 4.53990500e-01 0.00000000e+00
    outer loop
      vertex -1.60489435e-01 -1.68909830e-01 0.00000000e+00
      vertex -1.61909830e-01 -1.66122147e-01 0.00000000e+00
      vertex -1.61909830e-01 -1.66122147e-01 2.60000000e-01
    endloop
  endfacet
  facet normal 8.91006524e-01 4.53990500e-01 -0.00000000e+00
    outer loop
      vertex -1.60489435e-01 -1.68909830e-01 0.00000000e+00
      vertex -1.61909830e-01 -1.66122147e-01 2.60000000e-01
      vertex -1.60489435e-01 -1.68909830e-01 2.60000000e-01
    endloop
  endfacet
  facet normal 0.00000000e+00 0.00000000e+00 -1.00000000e+00
    outer loop
      vertex -1.70000000e-01 -1.72000000e-01 0.00000000e+00
      vertex -1.61909830e-01 -1.66122147e-01 0.00000000e+00
      vertex -1.60489435e-01 -1.68909830e-01 0.00000000e+00
    endloop
  endfacet
  facet normal 0.00000000e+00 0.00000000e+00 1.00000000e+00
    outer loop
      vertex -1.70000000e-01 -1.72000000e-01 2.60000000e-01
      vertex -1.60489435e-01 -1.68909830e-01 2.60000000e-01
      vertex -1.61909830e-01 -1.66122147e-01 2.60000000e-01
    endloop
  endfacet
  facet normal 7.07106781e-01 7.07106781e-01 0.00000000e+00
    outer loop
      vertex -1.61909830e-01 -1.66122147e-01 0.00000000e+00
      vertex -1.64122147e-01 -1.63909830e-01 0.00000000e+00
      vertex -1.64122147e-01 -1.63909830e-01 2.60000000e-01
    endloop
  endfacet
  facet normal 7.07106781e-01 7.07106781e-01 -0.00000000e+00
    outer loop
      vertex -1.61909830e-01 -1.66122147e-01 0.00000000e+00
      vertex -1.64122147e-01 -1.63909830e-01 2.60000000e-01
      vertex -1.61909830e-01 -1.66122147e-01 2.60000000e-01
    endloop
  endfacet
  facet normal 0.00000000e+00 0.00000000e+00 -1.00000000e+00
    outer loop
      vertex -1.70000000e-01 -1.72000000e-01 0.00000000e+00
      vertex -1.64122147e-01 -1.63909830e-01 0.00000000e+00
      vertex -1.61909830e-01 -1.66122147e-01 0.00000000e+00
    endloop
  endfacet
  facet normal 0.00000000e+00 0.00000000e+00 1.00000000e+00
    outer loop
      vertex -1.70000000e-01 -1.72000000e-01 2.60000000e-01
      vertex -1.61909830e-01 -1.66122147e-01 2.60000000e-01
      vertex -1.64122147e-01 -1.63909830e-01 2.60000000e-01
    endloop
  endfacet
  facet normal 4.53990500e-01 8.91006524e-01 0.00000000e+00
    outer loop
      vertex -1.64122147e-01 -1.63909830e-01 0.00000000e+00
      vertex -1.66909830e-01 -1.62489435e-01 0.00000000e+00
      vertex -1.66909830e-01 -1.62489435e-01 2.60000000e-01
    endloop
  endfacet
  facet normal 4.53990500e-01 8.91006524e-01 -0.00000000e+00
    outer loop
      vertex -1.64122147e-01 -1.63909830e-01 0.00000000e+00
      vertex -1.66909830e-01 -1.62489435e-01 2.60000000e-01
      vertex -1.64122147e-01 -1.63909830e-01 2.60000000e-01
    endloop
  endfacet
  facet normal 0.00000000e+00 0.00000000e+00 -1.00000000e+00
    outer loop
      vertex -1.70000000e-01 -1.72000000e-01 0.00000000e+00
      vertex -1.66909830e-01 -1.62489435e-01 0.00000000e+00
      vertex -1.64122147e-01 -1.63909830e-01 0.00000000e+00
    endloop
  endfacet
  facet normal 0.00000000e+00 0.00000000e+00 1.00000000e+00
    outer loop
      vertex -1.70000000e-01 -1.72000000e-01 2.60000000e-01
      vertex -1.64122147e-01 -1.63909830e-01 2.60000000e-01
      vertex -1.66909830e-01 -1.62489435e-01 2.60000000e-01
    endloop
  endfacet
  facet normal 1.56434465e-01 9.87688341e-01 0.00000000e+00
    outer loop
      vertex -1.66909830e-01 -1.62489435e-01 0.00000000e+00
      vertex -1.70000000e-01 -1.62000000e-01 0.00000000e+00
      vertex -1.70000000e-01 -1.62000000e-01 2.60000000e-01
    endloop
  endfacet
  facet normal 1.56434465e-01 9.87688341e-01 -0.00000000e+00
    outer loop
      vertex -1.66909830e-01 -1.62489435e-01 0.00000000e+00
      vertex -1.70000000e-01 -1.62000000e-01 2.60000000e-01
      vertex -1.66909830e-01 -1.62489435e-01 2.60000000e-01
    endloop
  endfacet
  facet normal 0.00000000e+00 0.00000000e+00 -1.00000000e+00
    outer loop
      vertex -1.70000000e-01 -1.72000000e-01 0.00000000e+00
      vertex -1.70000000e-01 -1.62000000e-01 0.00000000e+00
      vertex -1.66909830e-01 -1.62489435e-01 0.00000000e+00
    endloop
  endfacet
  facet normal 0.00000000e+00 0.00000000e+00 1.00000000e+00
    outer loop
      vertex -1.70000000e-01 -1.72000000e-01 2.60000000e-01
      vertex -1.66909830e-01 -1.62489435e-01 2.60000000e-01
      vertex -1.70000000e-01 -1.62000000e-01 2.60000000e-01
    endloop
  endfacet
  facet normal -1.56434465e-01 9.87688341e-01 0.00000000e+00
    outer loop
      vertex -1.70000000e-01 -1.62000000e-01 0.00000000e+00
      vertex -1.73090170e-01 -1.62489435e-01 0.00000000e+00
      vertex -1.73090170e-01 -1.62489435e-01 2.60000000e-01
    endloop
  endfacet
  facet normal -1.56434465e-01 9.87688341e-01 0.00000000e+00
    outer loop
      vertex -1.70000000e-01 -1.62000000e-01 0.00000000e+00
      vertex -1.73090170e-01 -1.62489435e-01 2.60000000e-01
      vertex -1.70000000e-01 -1.62000000e-01 2.60000000e-01
    endloop
  endfacet
  facet normal 0.00000000e+00 0.00000000e+00 -1.00000000e+00
    outer loop
      vertex -1.70000000e-01 -1.72000000e-01 0.00000000e+00
      vertex -1.73090170e-01 -1.62489435e-01 0.00000000e+00
      vertex -1.70000000e-01 -1.62000000e-01 0.00000000e+00
    endloop
  endfacet
  facet normal 0.00000000e+00 -0.00000000e+00 1.00000000e+00
    outer loop
      vertex -1.70000000e-01 -1.72000000e-01 2.60000000e-01
      vertex -1.70000000e-01 -1.62000000e-01 2.60000000e-01
      vertex -1.73090170e-01 -1.62489435e-01 2.60000000e-01
    endloop
  endfacet
  facet normal -4.53990500e-01 8.91006524e-01 0.00000000e+00
    outer loop
      vertex -1.73090170e-01 -1.62489435e-01 0.00000000e+00
      vertex -1.75877853e-01 -1.63909830e-01 0.00000000e+00
      vertex -1.75877853e-01 -1.63909830e-01 2.60000000e-01
    endloop
  endfacet
  facet normal -4.53990500e-01 8.91006524e-01 0.00000000e+00
    outer loop
      vertex -1.73090170e-01 -1.62489435e-01 0.00000000e+00
      vertex -1.75877853e-01 -1.63909830e-01 2.60000000e-01
      vertex -1.73090170e-01 -1.62489435e-01 2.60000000e-01
    endloop
  endfacet
  facet normal 0.00000000e+00 0.00000000e+00 -1.00000000e+00
    outer loop
      vertex -1.70000000e-01 -1.72000000e-01 0.00000000e+00
      vertex -1.75877853e-01 -1.63909830e-01 0.00000000e+00
      vertex -1.73090170e-01 -1.62489435e-01 0.00000000e+00
    endloop
  endfacet
  facet normal 0.00000000e+00 0.00000000e+00 1.00000000e+00
    outer loop
      vertex -1.70000000e-01 -1.72000000e-01 2.60000000e-01
      vertex -1.73090170e-01 -1.62489435e-01 2.60000000e-01
      vertex -1.75877853e-01 -1.63909830e-01 2.60000000e-01
    endloop
  endfacet
  facet normal -7.07106781e-01 7.07106781e-01 0.00000000e+00
    outer loop
      vertex -1.75877853e-01 -1.63909830e-01 0.00000000e+00
      vertex -1.78090170e-01 -1.66122147e-01 0.00000000e+00
      vertex -1.78090170e-01 -1.66122147e-01 2.60000000e-01
    endloop
  endfacet
  facet normal -7.07106781e-01 7.07106781e-01 0.00000000e+00
    outer loop
      vertex -1.75877853e-01 -1.63909830e-01 0.00000000e+00
      vertex -1.78090170e-01 -1.66122147e-01 2.60000000e-01
      vertex -1.75877853e-01 -1.63909830e-01 2.60000000e-01
    endloop
  endfacet
  facet normal 0.00000000e+00 0.00000000e+00 -1.00000000e+00
    outer loop
      vertex -1.70000000e-01 -1.72000000e-01 0.00000000e+00
      vertex -1.78090170e-01 -1.66122147e-01 0.00000000e+00
      vertex -1.75877853e-01 -1.63909830e-01 0.00000000e+00
    endloop
  endfacet
  facet normal 0.00000000e+00 0.00000000e+00 1.00000000e+00
    outer loop
      vertex -1.70000000e-01 -1.72000000e-01 2.60000000e-01
      vertex -1.75877853e-01 -1.63909830e-01 2.60000000e-01
      vertex -1.78090170e-01 -1.66122147e-01 2.60000000e-01
    endloop
  endfacet
  facet normal -8.91006524e-01 4.53990500e-01 0.00000000e+00
    outer loop
      vertex -1.78090170e-01 -1.66122147e-01 0.00000000e+00
      vertex -1.79510565e-01 -1.68909830e-01 0.00000000e+00
      vertex -1.79510565e-01 -1.68909830e-01 2.60000000e-01
    endloop
  endfacet
  facet normal -8.91006524e-01 4.53990500e-01 0.00000000e+00
    outer loop
      vertex -1.78090170e-01 -1.66122147e-01 0.00000000e+00
      vertex -1.79510565e-01 -1.68909830e-01 2.60000000e-01
      vertex -1.78090170e-01 -1.66122147e-01 2.60000000e-01
    endloop
  endfacet
  facet normal 0.00000000e+00 0.00000000e+00 -1.00000000e+00
    outer loop
      vertex -1.70000000e-01 -1.72000000e-01 0.00000000e+00
      vertex -1.79510565e-01 -1.68909830e-01 0.00000000e+00
      vertex -1.78090170e-01 -1.66122147e-01 0.00000000e+00
    endloop
  endfacet
  facet normal 0.00000000e+00 0.00000000e+00 1.00000000e+00
    outer loop
      vertex -1.70000000e-01 -1.72000000e-01 2.60000000e-01
      vertex -1.78090170e-01 -1.66122147e-01 2.60000000e-01
      vertex -1.79510565e-01 -1.68909830e-01 2.60000000e-01
    endloop
  endfacet
  facet normal -9.87688341e-01 1.56434465e-01 0.00000000e+00
    outer loop
      vertex -1.79510565e-01 -1.68909830e-01 0.00000000e+00
      vertex -1.80000000e-01 -1.72000000e-01 0.00000000e+00
      vertex -1.80000000e-01 -1.72000000e-01 2.60000000e-01
    endloop
  endfacet
  facet normal -9.87688341e-01 1.56434465e-01 0.00000000e+00
    outer loop
      vertex -1.79510565e-01 -1.68909830e-01 0.00000000e+00
      vertex -1.80000000e-01 -1.72000000e-01 2.60000000e-01
      vertex -1.79510565e-01 -1.68909830e-01 2.60000000e-01
    endloop
  endfacet
  facet normal 0.00000000e+00 0.00000000e+00 -1.00000000e+00
    outer loop
      vertex -1.70000000e-01 -1.72000000e-01 0.00000000e+00
      vertex -1.80000000e-01 -1.72000000e-01 0.00000000e+00
      vertex -1.79510565e-01 -1.68909830e-01 0.00000000e+00
    endloop
  endfacet
  facet normal 0.00000000e+00 0.00000000e+00 1.00000000e+00
    outer loop
      vertex -1.70000000e-01 -1.72000000e-01 2.60000000e-01
      vertex -1.79510565e-01 -1.68909830e-01 2.60000000e-01
      vertex -1.80000000e-01 -1.72000000e-01 2.60000000e-01
    endloop
  endfacet
  facet normal -9.87688341e-01 -1.56434465e-01 0.00000000e+00
    outer loop
      vertex -1.80000000e-01 -1.72000000e-01 0.00000000e+00
      vertex -1.79510565e-01 -1.75090170e-01 0.00000000e+00
      vertex -1.79510565e-01 -1.75090170e-01 2.60000000e-01
    endloop
  endfacet
  facet normal -9.87688341e-01 -1.56434465e-01 0.00000000e+00
    outer loop
      vertex -1.80000000e-01 -1.72000000e-01 0.00000000e+00
      vertex -1.79510565e-01 -1.75090170e-01 2.60000000e-01
      vertex -1.80000000e-01 -1.72000000e-01 2.60000000e-01
    endloop
  endfacet
  facet normal -0.00000000e+00 0.00000000e+00 -1.00000000e+00
    outer loop
      vertex -1.70000000e-01 -1.72000000e-01 0.00000000e+00
      vertex -1.79510565e-01 -1.75090170e-01 0.00000000e+00
      vertex -1.80000000e-01 -1.72000000e-01 0.00000000e+00
    endloop
  endfacet
  facet normal 0.00000000e+00 0.00000000e+00 1.00000000e+00
    outer loop
      vertex -1.70000000e-01 -1.72000000e-01 2.60000000e-01
      vertex -1.80000000e-01 -1.72000000e-01 2.60000000e-01
      vertex -1.79510565e-01 -1.75090170e-01 2.60000000e-01
    endloop
  endfacet
  facet normal -8.91006524e-01 -4.53990500e-01 0.00000000e+00
    outer loop
      vertex -1.79510565e-01 -1.75090170e-01 0.00000000e+00
      vertex -1.78090170e-01 -1.77877853e-01 0.00000000e+00
      vertex -1.78090170e-01 -1.77877853e-01 2.60000000e-01
    endloop
  endfacet
  facet normal -8.91006524e-01 -4.53990500e-01 0.00000000e+00
    outer loop
      vertex -1.79510565e-01 -1.75090170e-01 0.00000000e+00
      vertex -1.78090170e-01 -1.77877853e-01 2.60000000e-01
      vertex -1.79510565e-01 -1.75090170e-01 2.60000000e-01
    endloop
  endfacet
  facet normal 0.00000000e+00 0.00000000e+00 -1.00000000e+00
    outer loop
      vertex -1.70000000e-01 -1.72000000e-01 0.00000000e+00
      vertex -1.78090170e-01 -1.77877853e-01 0.00000000e+00
      vertex -1.79510565e-01 -1.75090170e-01 0.00000000e+00
    endloop
  endfacet
  facet normal 0.00000000e+00 0.00000000e+00 1.00000000e+00
    outer loop
      vertex -1.70000000e-01 -1.72000000e-01 2.60000000e-01
      vertex -1.79510565e-01 -1.75090170e-01 2.60000000e-01
      vertex -1.78090170e-01 -1.77877853e-01 2.60000000e-01
    endloop
  endfacet
  facet normal -7.07106781e-01 -7.07106781e-01 0.00000000e+00
    outer loop
      vertex -1.78090170e-01 -1.77877853e-01 0.00000000e+00
      vertex -1.75877853e-01 -1.80090170e-01 0.00000000e+00
      vertex -1.75877853e-01 -1.80090170e-01 2.60000000e-01
    endloop
  endfacet
  facet normal -7.07106781e-01 -7.07106781e-01 0.00000000e+00
    outer loop
      vertex -1.78090170e-01 -1.77877853e-01 0.00000000e+00
      vertex -1.75877853e-01 -1.80090170e-01 2.60000000e-01
      vertex -1.78090170e-01 -1.77877853e-01 2.60000000e-01
    endloop
  endfacet
  facet normal 0.00000000e+00 0.00000000e+00 -1.00000000e+00
    outer loop
      vertex -1.70000000e-01 -1.72000000e-01 0.00000000e+00
      vertex -1.75877853e-01 -1.80090170e-01 0.00000000e+00
      vertex -1.78090170e-01 -1.77877853e-01 0.00000000e+00
    endloop
  endfacet
  facet normal 0.00000000e+00 0.00000000e+00 1.00000000e+00
    outer loop
      vertex -1.70000000e-01 -1.72000000e-01 2.60000000e-01
      vertex -1.78090170e-01 -1.77877853e-01 2.60000000e-01
      vertex -1.75877853e-01 -1.80090170e-01 2.60000000e-01
    endloop
  endfacet
  facet normal -4.53990500e-01 -8.91006524e-01 0.00000000e+00
    outer loop
      vertex -1.75877853e-01 -1.80090170e-01 0.00000000e+00
      vertex -1.73090170e-01 -1.81510565e-01 0.00000000e+00
      vertex -1.73090170e-01 -1.81510565e-01 2.60000000e-01
    endloop
  endfacet
  facet normal -4.53990500e-01 -8.91006524e-01 0.00000000e+00
    outer loop
      vertex -1.75877853e-01 -1.80090170e-01 0.00000000e+00
      vertex -1.73090170e-01 -1.81510565e-01 2.60000000e-01
      vertex -1.75877853e-01 -1.80090170e-01 2.60000000e-01
    endloop
  endfacet
  facet normal 0.00000000e+00 0.00000000e+00 -1.00000000e+00
    outer loop
      vertex -1.70000000e-01 -1.72000000e-01 0.00000000e+00
      vertex -1.73090170e-01 -1.81510565e-01 0.00000000e+00
      vertex -1.75877853e-01 -1.80090170e-01 0.00000000e+00
    endloop
  endfacet
  facet normal 0.00000000e+00 0.00000000e+00 1.00000000e+00
    outer loop
      vertex -1.70000000e-01 -1.72000000e-01 2.60000000e-01
      vertex -1.75877853e-01 -1.80090170e-01 2.60000000e-01
      vertex -1.73090170e-01 -1.81510565e-01 2.60000000e-01
    endloop
  endfacet
  facet normal -1.56434465e-01 -9.87688341e-01 0.00000000e+00
    outer loop
      vertex -1.73090170e-01 -1.81510565e-01 0.00000000e+00
      vertex -1.70000000e-01 -1.82000000e-01 0.00000000e+00
      vertex -1.70000000e-01 -1.82000000e-01 2.60000000e-01
    endloop
  endfacet
  facet normal -1.56434465e-01 -9.87688341e-01 0.00000000e+00
    outer loop
      vertex -1.73090170e-01 -1.81510565e-01 0.00000000e+00
      vertex -1.70000000e-01 -1.82000000e-01 2.60000000e-01
      vertex -1.73090170e-01 -1.81510565e-01 2.60000000e-01
    endloop
  endfacet
  facet normal 0.00000000e+00 -0.00000000e+00 -1.00000000e+00
    outer loop
      vertex -1.70000000e-01 -1.72000000e-01 0.00000000e+00
      vertex -1.70000000e-01 -1.82000000e-01 0.00000000e+00
      vertex -1.73090170e-01 -1.81510565e-01 0.00000000e+00
    endloop
  endfacet
  facet normal 0.00000000e+00 0.00000000e+00 1.00000000e+00
    outer loop
      vertex -1.70000000e-01 -1.72000000e-01 2.60000000e-01
      vertex -1.73090170e-01 -1.81510565e-01 2.60000000e-01
      vertex -1.70000000e-01 -1.82000000e-01 2.60000000e-01
    endloop
  endfacet
  facet normal 1.56434465e-01 -9.87688341e-01 0.00000000e+00
    outer loop
      vertex -1.70000000e-01 -1.82000000e-01 0.00000000e+00
      vertex -1.66909830e-01 -1.81510565e-01 0.00000000e+00
      vertex -1.66909830e-01 -1.81510565e-01 2.60000000e-01
    endloop
  endfacet
  facet normal 1.56434465e-01 -9.87688341e-01 0.00000000e+00
    outer loop
      vertex -1.70000000e-01 -1.82000000e-01 0.00000000e+00
      vertex -1.66909830e-01 -1.81510565e-01 2.60000000e-01
      vertex -1.70000000e-01 -1.82000000e-01 2.60000000e-01
    endloop
  endfacet
  facet normal 0.00000000e+00 0.00000000e+00 -1.00000000e+00
    outer loop
      vertex -1.70000000e-01 -1.72000000e-01 0.00000000e+00
      vertex -1.66909830e-01 -1.81510565e-01 0.00000000e+00
      vertex -1.70000000e-01 -1.82000000e-01 0.00000000e+00
    endloop
  endfacet
  facet normal 0.00000000e+00 0.00000000e+00 1.00000000e+00
    outer loop
      vertex -1.70000000e-01 -1.72000000e-01 2.60000000e-01
      vertex -1.70000000e-01 -1.82000000e-01 2.60000000e-01
      vertex -1.66909830e-01 -1.81510565e-01 2.60000000e-01
    endloop
  endfacet
  facet normal 4.53990500e-01 -8.91006524e-01 0.00000000e+00
    outer loop
      vertex -1.66909830e-01 -1.81510565e-01 0.00000000e+00
      vertex -1.64122147e-01 -1.80090170e-01 0.00000000e+00
      vertex -1.64122147e-01 -1.80090170e-01 2.60000000e-01
    endloop
  endfacet
  facet normal 4.53990500e-01 -8.91006524e-01 0.00000000e+00
    outer loop
      vertex -1.66909830e-01 -1.81510565e-01 0.00000000e+00
      vertex -1.64122147e-01 -1.80090170e-01 2.60000000e-01
      vertex -1.66909830e-01 -1.81510565e-01 2.60000000e-01
    endloop
  endfacet
  facet normal 0.00000000e+00 0.00000000e+00 -1.00000000e+00
    outer loop
      vertex -1.70000000e-01 -1.72000000e-01 0.00000000e+00
      vertex -1.64122147e-01 -1.80090170e-01 0.00000000e+00
      vertex -1.66909830e-01 -1.81510565e-01 0.00000000e+00
    endloop
  endfacet
  facet normal 0.00000000e+00 0.00000000e+00 1.00000000e+00
    outer loop
      vertex -1.70000000e-01 -1.72000000e-01 2.60000000e-01
      vertex -1.66909830e-01 -1.81510565e-01 2.60000000e-01
      vertex -1.64122147e-01 -1.80090170e-01 2.60000000e-01
    endloop
  endfacet
  facet normal 7.07106781e-01 -7.07106781e-01 0.00000000e+00
    outer loop
      vertex -1.64122147e-01 -1.80090170e-01 0.00000000e+00
      vertex -1.61909830e-01 -1.77877853e-01 0.00000000e+00
      vertex -1.61909830e-01 -1.77877853e-01 2.60000000e-01
    endloop
  endfacet
  facet normal 7.07106781e-01 -7.07106781e-01 0.00000000e+00
    outer loop
      vertex -1.64122147e-01 -1.80090170e-01 0.00000000e+00
      vertex -1.61909830e-01 -1.77877853e-01 2.60000000e-01
      vertex -1.64122147e-01 -1.80090170e-01 2.60000000e-01
    endloop
  endfacet
  facet normal 0.00000000e+00 0.00000000e+00 -1.00000000e+00
    outer loop
      vertex -1.70000000e-01 -1.72000000e-01 0.00000000e+00
      vertex -1.61909830e-01 -1.77877853e-01 0.00000000e+00
      vertex -1.64122147e-01 -1.80090170e-01 0.00000000e+00
    endloop
  endfacet
  facet normal 0.00000000e+00 0.00000000e+00 1.00000000e+00
    outer loop
      vertex -1.70000000e-01 -1.72000000e-01 2.60000000e-01
      vertex -1.64122147e-01 -1.80090170e-01 2.60000000e-01
      vertex -1.61909830e-01 -1.77877853e-01 2.60000000e-01
    endloop
  endfacet
  facet normal 8.91006524e-01 -4.53990500e-01 0.00000000e+00
    outer loop
      vertex -1.61909830e-01 -1.77877853e-01 0.00000000e+00
      vertex -1.60489435e-01 -1.75090170e-01 0.00000000e+00
      vertex -1.60489435e-01 -1.75090170e-01 2.60000000e-01
    endloop
  endfacet
  facet normal 8.91006524e-01 -4.53990500e-01 0.00000000e+00
    outer loop
      vertex -1.61909830e-01 -1.77877853e-01 0.00000000e+00
      vertex -1.60489435e-01 -1.75090170e-01 2.60000000e-01
      vertex -1.61909830e-01 -1.77877853e-01 2.60000000e-01
    endloop
  endfacet
  facet normal 0.00000000e+00 0.00000000e+00 -1.00000000e+00
    outer loop
      vertex -1.70000000e-01 -1.72000000e-01 0.00000000e+00
      vertex -1.60489435e-01 -1.75090170e-01 0.00000000e+00
      vertex -1.61909830e-01 -1.77877853e-01 0.00000000e+00
    endloop
  endfacet
  facet normal 0.00000000e+00 0.00000000e+00 1.00000000e+00
    outer loop
      vertex -1.70000000e-01 -1.72000000e-01 2.60000000e-01
      vertex -1.61909830e-01 -1.77877853e-01 2.60000000e-01
      vertex -1.60489435e-01 -1.75090170e-01 2.60000000e-01
    endloop
  endfacet
  facet normal 9.87688341e-01 -1.56434465e-01 0.00000000e+00
    outer loop
      vertex -1.60489435e-01 -1.75090170e-01 0.00000000e+00
      vertex -1.60000000e-01 -1.72000000e-01 0.00000000e+00
      vertex -1.60000000e-01 -1.72000000e-01 2.60000000e-01
    endloop
  endfacet
  facet normal 9.87688341e-01 -1.56434465e-01 0.00000000e+00
    outer loop
      vertex -1.60489435e-01 -1.75090170e-01 0.00000000e+00
      vertex -1.60000000e-01 -1.72000000e-01 2.60000000e-01
      vertex -1.60489435e-01 -1.75090170e-01 2.60000000e-01
    endloop
  endfacet
  facet normal 0.00000000e+00 0.00000000e+00 -1.00000000e+00
    outer loop
      vertex -1.70000000e-01 -1.72000000e-01 0.00000000e+00
      vertex -1.60000000e-01 -1.72000000e-01 0.00000000e+00
      vertex -1.60489435e-01 -1.75090170e-01 0.00000000e+00
    endloop
  endfacet
  facet normal -0.00000000e+00 0.00000000e+00 1.00000000e+00
    outer loop
      vertex -1.70000000e-01 -1.72000000e-01 2.60000000e-01
      vertex -1.60489435e-01 -1.75090170e-01 2.60000000e-01
      vertex -1.60000000e-01 -1.72000000e-01 2.60000000e-01
    endloop
  endfacet
  facet normal 9.87688341e-01 1.56434465e-01 0.00000000e+00
    outer loop
      vertex -1.60000000e-01 1.72000000e-01 0.00000000e+00
      vertex -1.60489435e-01 1.75090170e-01 0.00000000e+00
      vertex -1.60489435e-01 1.75090170e-01 2.60000000e-01
    endloop
  endfacet
  facet normal 9.87688341e-01 1.56434465e-01 -0.00000000e+00
    outer loop
      vertex -1.60000000e-01 1.72000000e-01 0.00000000e+00
      vertex -1.60489435e-01 1.75090170e-01 2.60000000e-01
      vertex -1.60000000e-01 1.72000000e-01 2.60000000e-01
    endloop
  endfacet
  facet normal 0.00000000e+00 0.00000000e+00 -1.00000000e+00
    outer loop
      vertex -1.70000000e-01 1.72000000e-01 0.00000000e+00
      vertex -1.60489435e-01 1.75090170e-01 0.00000000e+00
      vertex -1.60000000e-01 1.72000000e-01 0.00000000e+00
    endloop
  endfacet
  facet normal 0.00000000e+00 0.00000000e+00 1.00000000e+00
    outer loop
      vertex -1.70000000e-01 1.72000000e-01 2.60000000e-01
      vertex -1.60000000e-01 1.72000000e-01 2.60000000e-01
      vertex -1.60489435e-01 1.75090170e-01 2.60000000e-01
    endloop
  endfacet
  facet normal 8.91006524e-01 4.53990500e-01 0.00000000e+00
    outer loop
      vertex -1.60489435e-01 1.75090170e-01 0.00000000e+00
      vertex -1.61909830e-01 1.77877853e-01 0.00000000e+00
      vertex -1.61909830e-01 1.77877853e-01 2.60000000e-01
    endloop
  endfacet
  facet normal 8.91006524e-01 4.53990500e-01 -0.00000000e+00
    outer loop
      vertex -1.60489435e-01 1.75090170e-01 0.00000000e+00
      vertex -1.61909830e-01 1.77877853e-01 2.60000000e-01
      vertex -1.60489435e-01 1.75090170e-01 2.60000000e-01
    endloop
  endfacet
  facet normal 0.00000000e+00 0.00000000e+00 -1.00000000e+00
    outer loop
      vertex -1.70000000e-01 1.72000000e-01 0.00000000e+00
      vertex -1.61909830e-01 1.77877853e-01 0.00000000e+00
      vertex -1.60489435e-01 1.75090170e-01 0.00000000e+00
    endloop
  endfacet
  facet normal 0.00000000e+00 0.00000000e+00 1.00000000e+00
    outer loop
      vertex -1.70000000e-01 1.72000000e-01 2.60000000e-01
      vertex -1.60489435e-01 1.75090170e-01 2.60000000e-01
      vertex -1.61909830e-01 1.77877853e-01 2.60000000e-01
    endloop
  endfacet
  facet normal 7.07106781e-01 7.07106781e-01 0.00000000e+00
    outer loop
      vertex -1.61909830e-01 1.77877853e-01 0.00000000e+00
      vertex -1.64122147e-01 1.80090170e-01 0.00000000e+00
      vertex -1.64122147e-01 1.80090170e-01 2.60000000e-01
    endloop
  endfacet
  facet normal 7.07106781e-01 7.07106781e-01 -0.00000000e+00
    outer loop
      vertex -1.61909830e-01 1.77877853e-01 0.00000000e+00
      vertex -1.64122147e-01 1.80090170e-01 2.60000000e-01
      vertex -1.61909830e-01 1.77877853e-01 2.60000000e-01
    endloop
  endfacet
  facet normal 0.00000000e+00 0.00000000e+00 -1.00000000e+00
    outer loop
      vertex -1.70000000e-01 1.72000000e-01 0.00000000e+00
      vertex -1.64122147e-01 1.80090170e-01 0.00000000e+00
      vertex -1.61909830e-01 1.77877853e-01 0.00000000e+00
    endloop
  endfacet
  facet normal 0.00000000e+00 0.00000000e+00 1.00000000e+00
    outer loop
      vertex -1.70000000e-01 1.72000000e-01 2.60000000e-01
      vertex -1.61909830e-01 1.77877853e-01 2.60000000e-01
      vertex -1.64122147e-01 1.80090170e-01 2.60000000e-01
    endloop
  endfacet
  facet normal 4.53990500e-01 8.91006524e-01 0.00000000e+00
    outer loop
      vertex -1.64122147e-01 1.80090170e-01 0.00000000e+00
      vertex -1.66909830e-01 1.81510565e-01 0.00000000e+00
      vertex -1.66909830e-01 1.81510565e-01 2.60000000e-01
    endloop
  endfacet
  facet normal 4.53990500e-01 8.91006524e-01 -0.00000000e+00
    outer loop
      vertex -1.64122147e-01 1.80090170e-01 0.00000000e+00
      vertex -1.66909830e-01 1.81510565e-01 2.60000000e-01
      vertex -1.64122147e-01 1.80090170e-01 2.60000000e-01
    endloop
  endfacet
  facet normal 0.00000000e+00 0.00000000e+00 -1.00000000e+00
    outer loop
      vertex -1.70000000e-01 1.72000000e-01 0.00000000e+00
      vertex -1.66909830e-01 1.81510565e-01 0.00000000e+00
      vertex -1.64122147e-01 1.80090170e-01 0.00000000e+00
    endloop
  endfacet
  facet normal 0.00000000e+00 0.00000000e+00 1.00000000e+00
    outer loop
      vertex -1.70000000e-01 1.72000000e-01 2.60000000e-01
      vertex -1.64122147e-01 1.80090170e-01 2.60000000e-01
      vertex -1.66909830e-01 1.81510565e-01 2.60000000e-01
    endloop
  endfacet
  facet normal 1.56434465e-01 9.87688341e-01 0.00000000e+00
    outer loop
      vertex -1.66909830e-01 1.81510565e-01 0.00000000e+00
      vertex -1.70000000e-01 1.82000000e-01 0.00000000e+00
      vertex -1.70000000e-01 1.82000000e-01 2.60000000e-01
    endloop
  endfacet
  facet normal 1.56434465e-01 9.87688341e-01 -0.00000000e+00
    outer loop
      vertex -1.66909830e-01 1.81510565e-01 0.00000000e+00
      vertex -1.70000000e-01 1.82000000e-01 2.60000000e-01
      vertex -1.66909830e-01 1.81510565e-01 2.60000000e-01
    endloop
  endfacet
  facet normal 0.00000000e+00 0.00000000e+00 -1.00000000e+00
    outer loop
      vertex -1.70000000e-01 1.72000000e-01 0.00000000e+00
      vertex -1.70000000e-01 1.82000000e-01 0.00000000e+00
      vertex -1.66909830e-01 1.81510565e-01 0.00000000e+00
    endloop
  endfacet
  facet normal 0.00000000e+00 0.00000000e+00 1.00000000e+00
    outer loop
      vertex -1.70000000e-01 1.72000000e-01 2.60000000e-01
      vertex -1.66909830e-01 1.81510565e-01 2.60000000e-01
      vertex -1.70000000e-01 1.82000000e-01 2.60000000e-01
    endloop
  endfacet
  facet normal -1.56434465e-01 9.87688341e-01 0.00000000e+00
    outer loop
      vertex -1.70000000e-01 1.82000000e-01 0.00000000e+00
      vertex -1.73090170e-01 1.81510565e-01 0.00000000e+00
      vertex -1.73090170e-01 1.81510565e-01 2.60000000e-01
    endloop
  endfacet
  facet normal -1.56434465e-01 9.87688341e-01 0.00000000e+00
    outer loop
      vertex -1.70000000e-01 1.82000000e-01 0.00000000e+00
      vertex -1.73090170e-01 1.81510565e-01 2.60000000e-01
      vertex -1.70000000e-01 1.82000000e-01 2.60000000e-01
    endloop
  endfacet
  facet normal 0.00000000e+00 0.00000000e+00 -1.00000000e+00
    outer loop
      vertex -1.70000000e-01 1.72000000e-01 0.00000000e+00
      vertex -1.73090170e-01 1.81510565e-01 0.00000000e+00
      vertex -1.70000000e-01 1.82000000e-01 0.00000000e+00
    endloop
  endfacet
  facet normal 0.00000000e+00 -0.00000000e+00 1.00000000e+00
    outer loop
      vertex -1.70000000e-01 1.72000000e-01 2.60000000e-01
      vertex -1.70000000e-01 1.82000000e-01 2.60000000e-01
      vertex -1.73090170e-01 1.81510565e-01 2.60000000e-01
    endloop
  endfacet
  facet normal -4.53990500e-01 8.91006524e-01 0.00000000e+00
    outer loop
      vertex -1.73090170e-01 1.81510565e-01 0.00000000e+00
      vertex -1.75877853e-01 1.80090170e-01 0.00000000e+00
      vertex -1.75877853e-01 1.80090170e-01 2.60000000e-01
    endloop
  endfacet
  facet normal -4.53990500e-01 8.91006524e-01 0.00000000e+00
    outer loop
      vertex -1.73090170e-01 1.81510565e-01 0.00000000e+00
      vertex -1.75877853e-01 1.80090170e-01 2.60000000e-01
      vertex -1.73090170e-01 1.81510565e-01 2.60000000e-01
    endloop
  endfacet
  facet normal 0.00000000e+00 0.00000000e+00 -1.00000000e+00
    outer loop
      vertex -1.70000000e-01 1.72000000e-01 0.00000000e+00
      vertex -1.75877853e-01 1.80090170e-01 0.00000000e+00
      vertex -1.73090170e-01 1.81510565e-01 0.00000000e+00
    endloop
  endfacet
  facet normal 0.00000000e+00 0.00000000e+00 1.00000000e+00
    outer loop
      vertex -1.70000000e-01 1.72000000e-01 2.60000000e-01
      vertex -1.73090170e-01 1.81510565e-01 2.60000000e-01
      vertex -1.75877853e-01 1.80090170e-01 2.60000000e-01
    endloop
  endfacet
  facet normal -7.07106781e-01 7.07106781e-01 0.00000000e+00
    outer loop
      vertex -1.75877853e-01 1.80090170e-01 0.00000000e+00
      vertex -1.78090170e-01 1.77877853e-01 0.00000000e+00
      vertex -1.78090170e-01 1.77877853e-01 2.60000000e-01
    endloop
  endfacet
  facet normal -7.07106781e-01 7.07106781e-01 0.00000000e+00
    outer loop
      vertex -1.75877853e-01 1.80090170e-01 0.00000000e+00
      vertex -1.78090170e-01 1.77877853e-01 2.60000000e-01
      vertex -1.75877853e-01 1.80090170e-01 2.60000000e-01
    endloop
  endfacet
  facet normal 0.00000000e+00 0.00000000e+00 -1.00000000e+00
    outer loop
      vertex -1.70000000e-01 1.72000000e-01 0.00000000e+00
      vertex -1.78090170e-01 1.77877853e-01 0.00000000e+00
      vertex -1.75877853e-01 1.80090170e-01 0.00000000e+00
    endloop
  endfacet
  facet normal 0.00000000e+00 0.00000000e+00 1.00000000e+00
    outer loop
      vertex -1.70000000e-01 1.72000000e-01 2.60000000e-01
      vertex -1.75877853e-01 1.80090170e-01 2.60000000e-01
      vertex -1.78090170e-01 1.77877853e-01 2.60000000e-01
    endloop
  endfacet
  facet normal -8.91006524e-01 4.53990500e-01 0.00000000e+00
    outer loop
      vertex -1.78090170e-01 1.77877853e-01 0.00000000e+00
      vertex -1.79510565e-01 1.75090170e-01 0.00000000e+00
      vertex -1.79510565e-01 1.75090170e-01 2.60000000e-01
    endloop
  endfacet
  facet normal -8.91006524e-01 4.53990500e-01 0.00000000e+00
    outer loop
      vertex -1.78090170e-01 1.77877853e-01 0.00000000e+00
      vertex -1.79510565e-01 1.75090170e-01 2.60000000e-01
      vertex -1.78090170e-01 1.77877853e-01 2.60000000e-01
    endloop
  endfacet
  facet normal 0.00000000e+00 0.00000000e+00 -1.00000000e+00
    outer loop
      vertex -1.70000000e-01 1.72000000e-01 0.00000000e+00
      vertex -1.79510565e-01 1.75090170e-01 0.00000000e+00
      vertex -1.78090170e-01 1.77877853e-01 0.00000000e+00
    endloop
  endfacet
  facet normal 0.00000000e+00 0.00000000e+00 1.00000000e+00
    outer loop
      vertex -1.70000000e-01 1.72000000e-01 2.60000000e-01
      vertex -1.78090170e-01 1.77877853e-01 2.60000000e-01
      vertex -1.79510565e-01 1.75090170e-01 2.60000000e-01
    endloop
  endfacet
  facet normal -9.87688341e-01 1.56434465e-01 0.00000000e+00
    outer loop
      vertex -1.79510565e-01 1.75090170e-01 0.00000000e+00
      vertex -1.80000000e-01 1.72000000e-01 0.00000000e+00
      vertex -1.80000000e-01 1.72000000e-01 2.60000000e-01
    endloop
  endfacet
  facet normal -9.87688341e-01 1.56434465e-01 0.00000000e+00
    outer loop
      vertex -1.79510565e-01 1.75090170e-01 0.00000000e+00
      vertex -1.80000000e-01 1.72000000e-01 2.60000000e-01
      vertex -1.79510565e-01 1.75090170e-01 2.60000000e-01
    endloop
  endfacet
  facet normal 0.00000000e+00 0.00000000e+00 -1.00000000e+00
    outer loop
      vertex -1.70000000e-01 1.72000000e-01 0.00000000e+00
      vertex -1.80000000e-01 1.72000000e-01 0.00000000e+00
      vertex -1.79510565e-01 1.75090170e-01 0.00000000e+00
    endloop
  endfacet
  facet normal 0.00000000e+00 0.00000000e+00 1.00000000e+00
    outer loop
      vertex -1.70000000e-01 1.72000000e-01 2.60000000e-01
      vertex -1.79510565e-01 1.75090170e-01 2.60000000e-01
      vertex -1.80000000e-01 1.72000000e-01 2.60000000e-01
    endloop
  endfacet
  facet normal -9.87688341e-01 -1.56434465e-01 0.00000000e+00
    outer loop
      vertex -1.80000000e-01 1.72000000e-01 0.00000000e+00
      vertex -1.79510565e-01 1.68909830e-01 0.00000000e+00
      vertex -1.79510565e-01 1.68909830e-01 2.60000000e-01
    endloop
  endfacet
  facet normal -9.87688341e-01 -1.56434465e-01 0.00000000e+00
    outer loop
      vertex -1.80000000e-01 1.72000000e-01 0.00000000e+00
      vertex -1.79510565e-01 1.68909830e-01 2.60000000e-01
      vertex -1.80000000e-01 1.72000000e-01 2.60000000e-01
    endloop
  endfacet
  facet normal -0.00000000e+00 0.00000000e+00 -1.00000000e+00
    outer loop
      vertex -1.70000000e-01 1.72000000e-01 0.00000000e+00
      vertex -1.79510565e-01 1.68909830e-01 0.00000000e+00
      vertex -1.80000000e-01 1.72000000e-01 0.00000000e+00
    endloop
  endfacet
  facet normal 0.00000000e+00 0.00000000e+00 1.00000000e+00
    outer loop
      vertex -1.70000000e-01 1.72000000e-01 2.60000000e-01
      vertex -1.80000000e-01 1.72000000e-01 2.60000000e-01
      vertex -1.79510565e-01 1.68909830e-01 2.60000000e-01
    endloop
  endfacet
  facet normal -8.91006524e-01 -4.53990500e-01 0.00000000e+00
    outer loop
      vertex -1.79510565e-01 1.68909830e-01 0.00000000e+00
      vertex -1.78090170e-01 1.66122147e-01 0.00000000e+00
      vertex -1.78090170e-01 1.66122147e-01 2.60000000e-01
    endloop
  endfacet
  facet normal -8.91006524e-01 -4.53990500e-01 0.00000000e+00
    outer loop
      vertex -1.79510565e-01 1.68909830e-01 0.00000000e+00
      vertex -1.78090170e-01 1.66122147e-01 2.60000000e-01
      vertex -1.79510565e-01 1.68909830e-01 2.60000000e-01
    endloop
  endfacet
  facet normal 0.00000000e+00 0.00000000e+00 -1.00000000e+00
    outer loop
      vertex -1.70000000e-01 1.72000000e-01 0.00000000e+00
      vertex -1.78090170e-01 1.66122147e-01 0.00000000e+00
      vertex -1.79510565e-01 1.68909830e-01 0.00000000e+00
    endloop
  endfacet
  facet normal 0.00000000e+00 0.00000000e+00 1.00000000e+00
    outer loop
      vertex -1.70000000e-01 1.72000000e-01 2.60000000e-01
      vertex -1.79510565e-01 1.68909830e-01 2.60000000e-01
      vertex -1.78090170e-01 1.66122147e-01 2.60000000e-01
    endloop
  endfacet
  facet normal -7.07106781e-01 -7.07106781e-01 0.00000000e+00
    outer loop
      vertex -1.78090170e-01 1.66122147e-01 0.00000000e+00
      vertex -1.75877853e-01 1.63909830e-01 0.00000000e+00
      vertex -1.75877853e-01 1.63909830e-01 2.60000000e-01
    endloop
  endfacet
  facet normal -7.07106781e-01 -7.07106781e-01 0.00000000e+00
    outer loop
      vertex -1.78090170e-01 1.66122147e-01 0.00000000e+00
      vertex -1.75877853e-01 1.63909830e-01 2.60000000e-01
      vertex -1.78090170e-01 1.66122147e-01 2.60000000e-01
    endloop
  endfacet
  facet normal 0.00000000e+00 0.00000000e+00 -1.00000000e+00
    outer loop
      vertex -1.70000000e-01 1.72000000e-01 0.00000000e+00
      vertex -1.75877853e-01 1.63909830e-01 0.00000000e+00
      vertex -1.78090170e-01 1.66122147e-01 0.00000000e+00
    endloop
  endfacet
  facet normal 0.00000000e+00 0.00000000e+00 1.00000000e+00
    outer loop
      vertex -1.70000000e-01 1.72000000e-01 2.60000000e-01
      vertex -1.78090170e-01 1.66122147e-01 2.60000000e-01
      vertex -1.75877853e-01 1.63909830e-01 2.60000000e-01
    endloop
  endfacet
  facet normal -4.53990500e-01 -8.91006524e-01 0.00000000e+00
    outer loop
      vertex -1.75877853e-01 1.63909830e-01 0.00000000e+00
      vertex -1.73090170e-01 1.62489435e-01 0.00000000e+00
      vertex -1.73090170e-01 1.62489435e-01 2.60000000e-01
    endloop
  endfacet
  facet normal -4.53990500e-01 -8.91006524e-01 0.00000000e+00
    outer loop
      vertex -1.75877853e-01 1.63909830e-01 0.00000000e+00
      vertex -1.73090170e-01 1.62489435e-01 2.60000000e-01
      vertex -1.75877853e-01 1.63909830e-01 2.60000000e-01
    endloop
  endfacet
  facet normal 0.00000000e+00 0.00000000e+00 -1.00000000e+00
    outer loop
      vertex -1.70000000e-01 1.72000000e-01 0.00000000e+00
      vertex -1.73090170e-01 1.62489435e-01 0.00000000e+00
      vertex -1.75877853e-01 1.63909830e-01 0.00000000e+00
    endloop
  endfacet
  facet normal 0.00000000e+00 0.00000000e+00 1.00000000e+00
    outer loop
      vertex -1.70000000e-01 1.72000000e-01 2.60000000e-01
      vertex -1.75877853e-01 1.63909830e-01 2.60000000e-01
      vertex -1.73090170e-01 1.62489435e-01 2.60000000e-01
    endloop
  endfacet
  facet normal -1.56434465e-01 -9.87688341e-01 0.00000000e+00
    outer loop
      vertex -1.73090170e-01 1.62489435e-01 0.00000000e+00
      vertex -1.70000000e-01 1.62000000e-01 0.00000000e+00
      vertex -1.70000000e-01 1.62000000e-01 2.60000000e-01
    endloop
  endfacet
  facet normal -1.56434465e-01 -9.87688341e-01 0.00000000e+00
    outer loop
      vertex -1.73090170e-01 1.62489435e-01 0.00000000e+00
      vertex -1.70000000e-01 1.62000000e-01 2.60000000e-01
      vertex -1.73090170e-01 1.62489435e-01 2.60000000e-01
    endloop
  endfacet
  facet normal 0.00000000e+00 -0.00000000e+00 -1.00000000e+00
    outer loop
      vertex -1.70000000e-01 1.72000000e-01 0.00000000e+00
      vertex -1.70000000e-01 1.62000000e-01 0.00000000e+00
      vertex -1.73090170e-01 1.62489435e-01 0.00000000e+00
    endloop
  endfacet
  facet normal 0.00000000e+00 0.00000000e+00 1.00000000e+00
    outer loop
      vertex -1.70000000e-01 1.72000000e-01 2.60000000e-01
      vertex -1.73090170e-01 1.62489435e-01 2.60000000e-01
      vertex -1.70000000e-01 1.62000000e-01 2.60000000e-01
    endloop
  endfacet
  facet normal 1.56434465e-01 -9.87688341e-01 0.00000000e+00
    outer loop
      vertex -1.70000000e-01 1.62000000e-01 0.00000000e+00
      vertex -1.66909830e-01 1.62489435e-01 0.00000000e+00
      vertex -1.66909830e-01 1.62489435e-01 2.60000000e-01
    endloop
  endfacet
  facet normal 1.56434465e-01 -9.87688341e-01 0.00000000e+00
    outer loop
      vertex -1.70000000e-01 1.62000000e-01 0.00000000e+00
      vertex -1.66909830e-01 1.62489435e-01 2.60000000e-01
      vertex -1.70000000e-01 1.62000000e-01 2.60000000e-01
    endloop
  endfacet
  facet normal 0.00000000e+00 0.00000000e+00 -1.00000000e+00
    outer loop
      vertex -1.70000000e-01 1.72000000e-01 0.00000000e+00
      vertex -1.66909830e-01 1.62489435e-01 0.00000000e+00
      vertex -1.70000000e-01 1.62000000e-01 0.00000000e+00
    endloop
  endfacet
  facet normal 0.00000000e+00 0.00000000e+00 1.00000000e+00
    outer loop
      vertex -1.70000000e-01 1.72000000e-01 2.60000000e-01
      vertex -1.70000000e-01 1.62000000e-01 2.60000000e-01
      vertex -1.66909830e-01 1.62489435e-01 2.60000000e-01
    endloop
  endfacet
  facet normal 4.53990500e-01 -8.91006524e-01 0.00000000e+00
    outer loop
      vertex -1.66909830e-01 1.62489435e-01 0.00000000e+00
      vertex -1.64122147e-01 1.63909830e-01 0.00000000e+00
      vertex -1.64122147e-01 1.63909830e-01 2.60000000e-01
    endloop
  endfacet
  facet normal 4.53990500e-01 -8.91006524e-01 0.00000000e+00
    outer loop
      vertex -1.66909830e-01 1.62489435e-01 0.00000000e+00
      vertex -1.64122147e-01 1.63909830e-01 2.60000000e-01
      vertex -1.66909830e-01 1.62489435e-01 2.60000000e-01
    endloop
  endfacet
  facet normal 0.00000000e+00 0.00000000e+00 -1.00000000e+00
    outer loop
      vertex -1.70000000e-01 1.72000000e-01 0.00000000e+00
      vertex -1.64122147e-01 1.63909830e-01 0.00000000e+00
      vertex -1.66909830e-01 1.62489435e-01 0.00000000e+00
    endloop
  endfacet
  facet normal 0.00000000e+00 0.00000000e+00 1.00000000e+00
    outer loop
      vertex -1.70000000e-01 1.72000000e-01 2.60000000e-01
      vertex -1.66909830e-01 1.62489435e-01 2.60000000e-01
      vertex -1.64122147e-01 1.63909830e-01 2.60000000e-01
    endloop
  endfacet
  facet normal 7.07106781e-01 -7.07106781e-01 0.00000000e+00
    outer loop
      vertex -1.64122147e-01 1.63909830e-01 0.00000000e+00
      vertex -1.61909830e-01 1.66122147e-01 0.00000000e+00
      vertex -1.61909830e-01 1.66122147e-01 2.60000000e-01
    endloop
  endfacet
  facet normal 7.07106781e-01 -7.07106781e-01 0.00000000e+00
    outer loop
      vertex -1.64122147e-01 1.63909830e-01 0.00000000e+00
      vertex -1.61909830e-01 1.66122147e-01 2.60000000e-01
      vertex -1.64122147e-01 1.63909830e-01 2.60000000e-01
    endloop
  endfacet
  facet normal 0.00000000e+00 0.00000000e+00 -1.00000000e+00
    outer loop
      vertex -1.70000000e-01 1.72000000e-01 0.00000000e+00
      vertex -1.61909830e-01 1.66122147e-01 0.00000000e+00
      vertex -1.64122147e-01 1.63909830e-01 0.00000000e+00
    endloop
  endfacet
  facet normal 0.00000000e+00 0.00000000e+00 1.00000000e+00
    outer loop
      vertex -1.70000000e-01 1.72000000e-01 2.60000000e-01
      vertex -1.64122147e-01 1.63909830e-01 2.60000000e-01
      vertex -1.61909830e-01 1.66122147e-01 2.60000000e-01
    endloop
  endfacet
  facet normal 8.91006524e-01 -4.53990500e-01 0.00000000e+00
    outer loop
      vertex -1.61909830e-01 1.66122147e-01 0.00000000e+00
      vertex -1.60489435e-01 1.68909830e-01 0.00000000e+00
      vertex -1.60489435e-01 1.68909830e-01 2.60000000e-01
    endloop
  endfacet
  facet normal 8.91006524e-01 -4.53990500e-01 0.00000000e+00
    outer loop
      vertex -1.61909830e-01 1.66122147e-01 0.00000000e+00
      vertex -1.60489435e-01 1.68909830e-01 2.60000000e-01
      vertex -1.61909830e-01 1.66122147e-01 2.60000000e-01
    endloop
  endfacet
  facet normal 0.00000000e+00 0.00000000e+00 -1.00000000e+00
    outer loop
      vertex -1.70000000e-01 1.72000000e-01 0.00000000e+00
      vertex -1.60489435e-01 1.68909830e-01 0.00000000e+00
      vertex -1.61909830e-01 1.66122147e-01 0.00000000e+00
    endloop
  endfacet
  facet normal 0.00000000e+00 0.00000000e+00 1.00000000e+00
    outer loop
      vertex -1.70000000e-01 1.72000000e-01 2.60000000e-01
      vertex -1.61909830e-01 1.66122147e-01 2.60000000e-01
      vertex -1.60489435e-01 1.68909830e-01 2.60000000e-01
    endloop
  endfacet
  facet normal 9.87688341e-01 -1.56434465e-01 0.00000000e+00
    outer loop
      vertex -1.60489435e-01 1.68909830e-01 0.00000000e+00
      vertex -1.60000000e-01 1.72000000e-01 0.00000000e+00
      vertex -1.60000000e-01 1.72000000e-01 2.60000000e-01
    endloop
  endfacet
  facet normal 9.87688341e-01 -1.56434465e-01 0.00000000e+00
    outer loop
      vertex -1.60489435e-01 1.68909830e-01 0.00000000e+00
      vertex -1.60000000e-01 1.72000000e-01 2.60000000e-01
      vertex -1.60489435e-01 1.68909830e-01 2.60000000e-01
    endloop
  endfacet
  facet normal 0.00000000e+00 0.00000000e+00 -1.00000000e+00
    outer loop
      vertex -1.70000000e-01 1.72000000e-01 0.00000000e+00
      vertex -1.60000000e-01 1.72000000e-01 0.00000000e+00
      vertex -1.60489435e-01 1.68909830e-01 0.00000000e+00
    endloop
  endfacet
  facet normal -0.00000000e+00 0.00000000e+00 1.00000000e+00
    outer loop
      vertex -1.70000000e-01 1.72000000e-01 2.60000000e-01
      vertex -1.60489435e-01 1.68909830e-01 2.60000000e-01
      vertex -1.60000000e-01 1.72000000e-01 2.60000000e-01
    endloop
  endfacet
  facet normal 9.87688341e-01 1.56434465e-01 0.00000000e+00
    outer loop
      vertex 1.80000000e-01 -1.72000000e-01 0.00000000e+00
      vertex 1.79510565e-01 -1.68909830e-01 0.00000000e+00
      vertex 1.79510565e-01 -1.68909830e-01 2.60000000e-01
    endloop
  endfacet
  facet normal 9.87688341e-01 1.56434465e-01 -0.00000000e+00
    outer loop
      vertex 1.80000000e-01 -1.72000000e-01 0.00000000e+00
      vertex 1.79510565e-01 -1.68909830e-01 2.60000000e-01
      vertex 1.80000000e-01 -1.72000000e-01 2.60000000e-01
    endloop
  endfacet
  facet normal 0.00000000e+00 0.00000000e+00 -1.00000000e+00
    outer loop
      vertex 1.70000000e-01 -1.72000000e-01 0.00000000e+00
      vertex 1.79510565e-01 -1.68909830e-01 0.00000000e+00
      vertex 1.80000000e-01 -1.72000000e-01 0.00000000e+00
    endloop
  endfacet
  facet normal 0.00000000e+00 0.00000000e+00 1.00000000e+00
    outer loop
      vertex 1.70000000e-01 -1.72000000e-01 2.60000000e-01
      vertex 1.80000000e-01 -1.72000000e-01 2.60000000e-01
      vertex 1.79510565e-01 -1.68909830e-01 2.60000000e-01
    endloop
  endfacet
  facet normal 8.91006524e-01 4.53990500e-01 0.00000000e+00
    outer loop
      vertex 1.79510565e-01 -1.68909830e-01 0.00000000e+00
      vertex 1.78090170e-01 -1.66122147e-01 0.00000000e+00
      vertex 1.78090170e-01 -1.66122147e-01 2.60000000e-01
    endloop
  endfacet
  facet normal 8.91006524e-01 4.53990500e-01 -0.00000000e+00
    outer loop
      vertex 1.79510565e-01 -1.68909830e-01 0.00000000e+00
      vertex 1.78090170e-01 -1.66122147e-01 2.60000000e-01
      vertex 1.79510565e-01 -1.68909830e-01 2.60000000e-01
    endloop
  endfacet
  facet normal 0.00000000e+00 0.00000000e+00 -1.00000000e+00
    outer loop
      vertex 1.70000000e-01 -1.72000000e-01 0.00000000e+00
      vertex 1.78090170e-01 -1.66122147e-01 0.00000000e+00
      vertex 1.79510565e-01 -1.68909830e-01 0.00000000e+00
    endloop
  endfacet
  facet normal 0.00000000e+00 0.00000000e+00 1.00000000e+00
    outer loop
      vertex 1.70000000e-01 -1.72000000e-01 2.60000000e-01
      vertex 1.79510565e-01 -1.68909830e-01 2.60000000e-01
      vertex 1.78090170e-01 -1.66122147e-01 2.60000000e-01
    endloop
  endfacet
  facet normal 7.07106781e-01 7.07106781e-01 0.00000000e+00
    outer loop
      vertex 1.78090170e-01 -1.66122147e-01 0.00000000e+00
      vertex 1.75877853e-01 -1.63909830e-01 0.00000000e+00
      vertex 1.75877853e-01 -1.63909830e-01 2.60000000e-01
    endloop
  endfacet
  facet normal 7.07106781e-01 7.07106781e-01 -0.00000000e+00
    outer loop
      vertex 1.78090170e-01 -1.66122147e-01 0.00000000e+00
      vertex 1.75877853e-01 -1.63909830e-01 2.60000000e-01
      vertex 1.78090170e-01 -1.66122147e-01 2.60000000e-01
    endloop
  endfacet
  facet normal 0.00000000e+00 0.00000000e+00 -1.00000000e+00
    outer loop
      vertex 1.70000000e-01 -1.72000000e-01 0.00000000e+00
      vertex 1.75877853e-01 -1.63909830e-01 0.00000000e+00
      vertex 1.78090170e-01 -1.66122147e-01 0.00000000e+00
    endloop
  endfacet
  facet normal 0.00000000e+00 0.00000000e+00 1.00000000e+00
    outer loop
      vertex 1.70000000e-01 -1.72000000e-01 2.60000000e-01
      vertex 1.78090170e-01 -1.66122147e-01 2.60000000e-01
      vertex 1.75877853e-01 -1.63909830e-01 2.60000000e-01
    endloop
  endfacet
  facet normal 4.53990500e-01 8.91006524e-01 0.00000000e+00
    outer loop
      vertex 1.75877853e-01 -1.63909830e-01 0.00000000e+00
      vertex 1.73090170e-01 -1.62489435e-01 0.00000000e+00
      vertex 1.73090170e-01 -1.62489435e-01 2.60000000e-01
    endloop
  endfacet
  facet normal 4.53990500e-01 8.91006524e-01 -0.00000000e+00
    outer loop
      vertex 1.75877853e-01 -1.63909830e-01 0.00000000e+00
      vertex 1.73090170e-01 -1.62489435e-01 2.60000000e-01
      vertex 1.75877853e-01 -1.63909830e-01 2.60000000e-01
    endloop
  endfacet
  facet normal 0.00000000e+00 0.00000000e+00 -1.00000000e+00
    outer loop
      vertex 1.70000000e-01 -1.72000000e-01 0.00000000e+00
      vertex 1.73090170e-01 -1.62489435e-01 0.00000000e+00
      vertex 1.75877853e-01 -1.63909830e-01 0.00000000e+00
    endloop
  endfacet
  facet normal 0.00000000e+00 0.00000000e+00 1.00000000e+00
    outer loop
      vertex 1.70000000e-01 -1.72000000e-01 2.60000000e-01
      vertex 1.75877853e-01 -1.63909830e-01 2.60000000e-01
      vertex 1.73090170e-01 -1.62489435e-01 2.60000000e-01
    endloop
  endfacet
  facet normal 1.56434465e-01 9.87688341e-01 0.00000000e+00
    outer loop
      vertex 1.73090170e-01 -1.62489435e-01 0.00000000e+00
      vertex 1.70000000e-01 -1.62000000e-01 0.00000000e+00
      vertex 1.70000000e-01 -1.62000000e-01 2.60000000e-01
    endloop
  endfacet
  facet normal 1.56434465e-01 9.87688341e-01 -0.00000000e+00
    outer loop
      vertex 1.73090170e-01 -1.62489435e-01 0.00000000e+00
      vertex 1.70000000e-01 -1.62000000e-01 2.60000000e-01
      vertex 1.73090170e-01 -1.62489435e-01 2.60000000e-01
    endloop
  endfacet
  facet normal 0.00000000e+00 0.00000000e+00 -1.00000000e+00
    outer loop
      vertex 1.70000000e-01 -1.72000000e-01 0.00000000e+00
      vertex 1.70000000e-01 -1.62000000e-01 0.00000000e+00
      vertex 1.73090170e-01 -1.62489435e-01 0.00000000e+00
    endloop
  endfacet
  facet normal 0.00000000e+00 0.00000000e+00 1.00000000e+00
    outer loop
      vertex 1.70000000e-01 -1.72000000e-01 2.60000000e-01
      vertex 1.73090170e-01 -1.62489435e-01 2.60000000e-01
      vertex 1.70000000e-01 -1.62000000e-01 2.60000000e-01
    endloop
  endfacet
  facet normal -1.56434465e-01 9.87688341e-01 0.00000000e+00
    outer loop
      vertex 1.70000000e-01 -1.62000000e-01 0.00000000e+00
      vertex 1.66909830e-01 -1.62489435e-01 0.00000000e+00
      vertex 1.66909830e-01 -1.62489435e-01 2.60000000e-01
    endloop
  endfacet
  facet normal -1.56434465e-01 9.87688341e-01 0.00000000e+00
    outer loop
      vertex 1.70000000e-01 -1.62000000e-01 0.00000000e+00
      vertex 1.66909830e-01 -1.62489435e-01 2.60000000e-01
      vertex 1.70000000e-01 -1.62000000e-01 2.60000000e-01
    endloop
  endfacet
  facet normal 0.00000000e+00 0.00000000e+00 -1.00000000e+00
    outer loop
      vertex 1.70000000e-01 -1.72000000e-01 0.00000000e+00
      vertex 1.66909830e-01 -1.62489435e-01 0.00000000e+00
      vertex 1.70000000e-01 -1.62000000e-01 0.00000000e+00
    endloop
  endfacet
  facet normal 0.00000000e+00 -0.00000000e+00 1.00000000e+00
    outer loop
      vertex 1.70000000e-01 -1.72000000e-01 2.60000000e-01
      vertex 1.70000000e-01 -1.62000000e-01 2.60000000e-01
      vertex 1.66909830e-01 -1.62489435e-01 2.60000000e-01
    endloop
  endfacet
  facet normal -4.53990500e-01 8.91006524e-01 0.00000000e+00
    outer loop
      vertex 1.66909830e-01 -1.62489435e-01 0.00000000e+00
      vertex 1.64122147e-01 -1.63909830e-01 0.00000000e+00
      vertex 1.64122147e-01 -1.63909830e-01 2.60000000e-01
    endloop
  endfacet
  facet normal -4.53990500e-01 8.91006524e-01 0.00000000e+00
    outer loop
      vertex 1.66909830e-01 -1.62489435e-01 0.00000000e+00
      vertex 1.64122147e-01 -1.63909830e-01 2.60000000e-01
      vertex 1.66909830e-01 -1.62489435e-01 2.60000000e-01
    endloop
  endfacet
  facet normal 0.00000000e+00 0.00000000e+00 -1.00000000e+00
    outer loop
      vertex 1.70000000e-01 -1.72000000e-01 0.00000000e+00
      vertex 1.64122147e-01 -1.63909830e-01 0.00000000e+00
      vertex 1.66909830e-01 -1.62489435e-01 0.00000000e+00
    endloop
  endfacet
  facet normal 0.00000000e+00 0.00000000e+00 1.00000000e+00
    outer loop
      vertex 1.70000000e-01 -1.72000000e-01 2.60000000e-01
      vertex 1.66909830e-01 -1.62489435e-01 2.60000000e-01
      vertex 1.64122147e-01 -1.63909830e-01 2.60000000e-01
    endloop
  endfacet
  facet normal -7.07106781e-01 7.07106781e-01 0.00000000e+00
    outer loop
      vertex 1.64122147e-01 -1.63909830e-01 0.00000000e+00
      vertex 1.61909830e-01 -1.66122147e-01 0.00000000e+00
      vertex 1.61909830e-01 -1.66122147e-01 2.60000000e-01
    endloop
  endfacet
  facet normal -7.07106781e-01 7.07106781e-01 0.00000000e+00
    outer loop
      vertex 1.64122147e-01 -1.63909830e-01 0.00000000e+00
      vertex 1.61909830e-01 -1.66122147e-01 2.60000000e-01
      vertex 1.64122147e-01 -1.63909830e-01 2.60000000e-01
    endloop
  endfacet
  facet normal 0.00000000e+00 0.00000000e+00 -1.00000000e+00
    outer loop
      vertex 1.70000000e-01 -1.72000000e-01 0.00000000e+00
      vertex 1.61909830e-01 -1.66122147e-01 0.00000000e+00
      vertex 1.64122147e-01 -1.63909830e-01 0.00000000e+00
    endloop
  endfacet
  facet normal 0.00000000e+00 0.00000000e+00 1.00000000e+00
    outer loop
      vertex 1.70000000e-01 -1.72000000e-01 2.60000000e-01
      vertex 1.64122147e-01 -1.63909830e-01 2.60000000e-01
      vertex 1.61909830e-01 -1.66122147e-01 2.60000000e-01
    endloop
  endfacet
  facet normal -8.91006524e-01 4.53990500e-01 0.00000000e+00
    outer loop
      vertex 1.61909830e-01 -1.66122147e-01 0.00000000e+00
      vertex 1.60489435e-01 -1.68909830e-01 0.00000000e+00
      vertex 1.60489435e-01 -1.68909830e-01 2.60000000e-01
    endloop
  endfacet
  facet normal -8.91006524e-01 4.53990500e-01 0.00000000e+00
    outer loop
      vertex 1.61909830e-01 -1.66122147e-01 0.00000000e+00
      vertex 1.60489435e-01 -1.68909830e-01 2.60000000e-01
      vertex 1.61909830e-01 -1.66122147e-01 2.60000000e-01
    endloop
  endfacet
  facet normal 0.00000000e+00 0.00000000e+00 -1.00000000e+00
    outer loop
      vertex 1.70000000e-01 -1.72000000e-01 0.00000000e+00
      vertex 1.60489435e-01 -1.68909830e-01 0.00000000e+00
      vertex 1.61909830e-01 -1.66122147e-01 0.00000000e+00
    endloop
  endfacet
  facet normal 0.00000000e+00 0.00000000e+00 1.00000000e+00
    outer loop
      vertex 1.70000000e-01 -1.72000000e-01 2.60000000e-01
      vertex 1.61909830e-01 -1.66122147e-01 2.60000000e-01
      vertex 1.60489435e-01 -1.68909830e-01 2.60000000e-01
    endloop
  endfacet
  facet normal -9.87688341e-01 1.56434465e-01 0.00000000e+00
    outer loop
      vertex 1.60489435e-01 -1.68909830e-01 0.00000000e+00
      vertex 1.60000000e-01 -1.72000000e-01 0.00000000e+00
      vertex 1.60000000e-01 -1.72000000e-01 2.60000000e-01
    endloop
  endfacet
  facet normal -9.87688341e-01 1.56434465e-01 0.00000000e+00
    outer loop
      vertex 1.60489435e-01 -1.68909830e-01 0.00000000e+00
      vertex 1.60000000e-01 -1.72000000e-01 2.60000000e-01
      vertex 1.60489435e-01 -1.68909830e-01 2.60000000e-01
    endloop
  endfacet
  facet normal 0.00000000e+00 0.00000000e+00 -1.00000000e+00
    outer loop
      vertex 1.70000000e-01 -1.72000000e-01 0.00000000e+00
      vertex 1.60000000e-01 -1.72000000e-01 0.00000000e+00
      vertex 1.60489435e-01 -1.68909830e-01 0.00000000e+00
    endloop
  endfacet
  facet normal 0.00000000e+00 0.00000000e+00 1.00000000e+00
    outer loop
      vertex 1.70000000e-01 -1.72000000e-01 2.60000000e-01
      vertex 1.60489435e-01 -1.68909830e-01 2.60000000e-01
      vertex 1.60000000e-01 -1.72000000e-01 2.60000000e-01
    endloop
  endfacet
  facet normal -9.87688341e-01 -1.56434465e-01 0.00000000e+00
    outer loop
      vertex 1.60000000e-01 -1.72000000e-01 0.00000000e+00
      vertex 1.60489435e-01 -1.75090170e-01 0.00000000e+00
      vertex 1.60489435e-01 -1.75090170e-01 2.60000000e-01
    endloop
  endfacet
  facet normal -9.87688341e-01 -1.56434465e-01 0.00000000e+00
    outer loop
      vertex 1.60000000e-01 -1.72000000e-01 0.00000000e+00
      vertex 1.60489435e-01 -1.75090170e-01 2.60000000e-01
      vertex 1.60000000e-01 -1.72000000e-01 2.60000000e-01
    endloop
  endfacet
  facet normal -0.00000000e+00 0.00000000e+00 -1.00000000e+00
    outer loop
      vertex 1.70000000e-01 -1.72000000e-01 0.00000000e+00
      vertex 1.60489435e-01 -1.75090170e-01 0.00000000e+00
      vertex 1.60000000e-01 -1.72000000e-01 0.00000000e+00
    endloop
  endfacet
  facet normal 0.00000000e+00 0.00000000e+00 1.00000000e+00
    outer loop
      vertex 1.70000000e-01 -1.72000000e-01 2.60000000e-01
      vertex 1.60000000e-01 -1.72000000e-01 2.60000000e-01
      vertex 1.60489435e-01 -1.75090170e-01 2.60000000e-01
    endloop
  endfacet
  facet normal -8.91006524e-01 -4.53990500e-01 0.00000000e+00
    outer loop
      vertex 1.60489435e-01 -1.75090170e-01 0.00000000e+00
      vertex 1.61909830e-01 -1.77877853e-01 0.00000000e+00
      vertex 1.61909830e-01 -1.77877853e-01 2.60000000e-01
    endloop
  endfacet
  facet normal -8.91006524e-01 -4.53990500e-01 0.00000000e+00
    outer loop
      vertex 1.60489435e-01 -1.75090170e-01 0.00000000e+00
      vertex 1.61909830e-01 -1.77877853e-01 2.60000000e-01
      vertex 1.60489435e-01 -1.75090170e-01 2.60000000e-01
    endloop
  endfacet
  facet normal 0.00000000e+00 0.00000000e+00 -1.00000000e+00
    outer loop
      vertex 1.70000000e-01 -1.72000000e-01 0.00000000e+00
      vertex 1.61909830e-01 -1.77877853e-01 0.00000000e+00
      vertex 1.60489435e-01 -1.75090170e-01 0.00000000e+00
    endloop
  endfacet
  facet normal 0.00000000e+00 0.00000000e+00 1.00000000e+00
    outer loop
      vertex 1.70000000e-01 -1.72000000e-01 2.60000000e-01
      vertex 1.60489435e-01 -1.75090170e-01 2.60000000e-01
      vertex 1.61909830e-01 -1.77877853e-01 2.60000000e-01
    endloop
  endfacet
  facet normal -7.07106781e-01 -7.07106781e-01 0.00000000e+00
    outer loop
      vertex 1.61909830e-01 -1.77877853e-01 0.00000000e+00
      vertex 1.64122147e-01 -1.80090170e-01 0.00000000e+00
      vertex 1.64122147e-01 -1.80090170e-01 2.60000000e-01
    endloop
  endfacet
  facet normal -7.07106781e-01 -7.07106781e-01 0.00000000e+00
    outer loop
      vertex 1.61909830e-01 -1.77877853e-01 0.00000000e+00
      vertex 1.64122147e-01 -1.80090170e-01 2.60000000e-01
      vertex 1.61909830e-01 -1.77877853e-01 2.60000000e-01
    endloop
  endfacet
  facet normal 0.00000000e+00 0.00000000e+00 -1.00000000e+00
    outer loop
      vertex 1.70000000e-01 -1.72000000e-01 0.00000000e+00
      vertex 1.64122147e-01 -1.80090170e-01 0.00000000e+00
      vertex 1.61909830e-01 -1.77877853e-01 0.00000000e+00
    endloop
  endfacet
  facet normal 0.00000000e+00 0.00000000e+00 1.00000000e+00
    outer loop
      vertex 1.70000000e-01 -1.72000000e-01 2.60000000e-01
      vertex 1.61909830e-01 -1.77877853e-01 2.60000000e-01
      vertex 1.64122147e-01 -1.80090170e-01 2.60000000e-01
    endloop
  endfacet
  facet normal -4.53990500e-01 -8.91006524e-01 0.00000000e+00
    outer loop
      vertex 1.64122147e-01 -1.80090170e-01 0.00000000e+00
      vertex 1.66909830e-01 -1.81510565e-01 0.00000000e+00
      vertex 1.66909830e-01 -1.81510565e-01 2.60000000e-01
    endloop
  endfacet
  facet normal -4.53990500e-01 -8.91006524e-01 0.00000000e+00
    outer loop
      vertex 1.64122147e-01 -1.80090170e-01 0.00000000e+00
      vertex 1.66909830e-01 -1.81510565e-01 2.60000000e-01
      vertex 1.64122147e-01 -1.80090170e-01 2.60000000e-01
    endloop
  endfacet
  facet normal 0.00000000e+00 0.00000000e+00 -1.00000000e+00
    outer loop
      vertex 1.70000000e-01 -1.72000000e-01 0.00000000e+00
      vertex 1.66909830e-01 -1.81510565e-01 0.00000000e+00
      vertex 1.64122147e-01 -1.80090170e-01 0.00000000e+00
    endloop
  endfacet
  facet normal 0.00000000e+00 0.00000000e+00 1.00000000e+00
    outer loop
      vertex 1.70000000e-01 -1.72000000e-01 2.60000000e-01
      vertex 1.64122147e-01 -1.80090170e-01 2.60000000e-01
      vertex 1.66909830e-01 -1.81510565e-01 2.60000000e-01
    endloop
  endfacet
  facet normal -1.56434465e-01 -9.87688341e-01 0.00000000e+00
    outer loop
      vertex 1.66909830e-01 -1.81510565e-01 0.00000000e+00
      vertex 1.70000000e-01 -1.82000000e-01 0.00000000e+00
      vertex 1.70000000e-01 -1.82000000e-01 2.60000000e-01
    endloop
  endfacet
  facet normal -1.56434465e-01 -9.87688341e-01 0.00000000e+00
    outer loop
      vertex 1.66909830e-01 -1.81510565e-01 0.00000000e+00
      vertex 1.70000000e-01 -1.82000000e-01 2.60000000e-01
      vertex 1.66909830e-01 -1.81510565e-01 2.60000000e-01
    endloop
  endfacet
  facet normal 0.00000000e+00 -0.00000000e+00 -1.00000000e+00
    outer loop
      vertex 1.70000000e-01 -1.72000000e-01 0.00000000e+00
      vertex 1.70000000e-01 -1.82000000e-01 0.00000000e+00
      vertex 1.66909830e-01 -1.81510565e-01 0.00000000e+00
    endloop
  endfacet
  facet normal 0.00000000e+00 0.00000000e+00 1.00000000e+00
    outer loop
      vertex 1.70000000e-01 -1.72000000e-01 2.60000000e-01
      vertex 1.66909830e-01 -1.81510565e-01 2.60000000e-01
      vertex 1.70000000e-01 -1.82000000e-01 2.60000000e-01
    endloop
  endfacet
  facet normal 1.56434465e-01 -9.87688341e-01 0.00000000e+00
    outer loop
      vertex 1.70000000e-01 -1.82000000e-01 0.00000000e+00
      vertex 1.73090170e-01 -1.81510565e-01 0.00000000e+00
      vertex 1.73090170e-01 -1.81510565e-01 2.60000000e-01
    endloop
  endfacet
  facet normal 1.56434465e-01 -9.87688341e-01 0.00000000e+00
    outer loop
      vertex 1.70000000e-01 -1.82000000e-01 0.00000000e+00
      vertex 1.73090170e-01 -1.81510565e-01 2.60000000e-01
      vertex 1.70000000e-01 -1.82000000e-01 2.60000000e-01
    endloop
  endfacet
  facet normal 0.00000000e+00 0.00000000e+00 -1.00000000e+00
    outer loop
      vertex 1.70000000e-01 -1.72000000e-01 0.00000000e+00
      vertex 1.73090170e-01 -1.81510565e-01 0.00000000e+00
      vertex 1.70000000e-01 -1.82000000e-01 0.00000000e+00
    endloop
  endfacet
  facet normal 0.00000000e+00 0.00000000e+00 1.00000000e+00
    outer loop
      vertex 1.70000000e-01 -1.72000000e-01 2.60000000e-01
      vertex 1.70000000e-01 -1.82000000e-01 2.60000000e-01
      vertex 1.73090170e-01 -1.81510565e-01 2.60000000e-01
    endloop
  endfacet
  facet normal 4.53990500e-01 -8.91006524e-01 0.00000000e+00
    outer loop
      vertex 1.73090170e-01 -1.81510565e-01 0.00000000e+00
      vertex 1.75877853e-01 -1.80090170e-01 0.00000000e+00
      vertex 1.75877853e-01 -1.80090170e-01 2.60000000e-01
    endloop
  endfacet
  facet normal 4.53990500e-01 -8.91006524e-01 0.00000000e+00
    outer loop
      vertex 1.73090170e-01 -1.81510565e-01 0.00000000e+00
      vertex 1.75877853e-01 -1.80090170e-01 2.60000000e-01
      vertex 1.73090170e-01 -1.81510565e-01 2.60000000e-01
    endloop
  endfacet
  facet normal 0.00000000e+00 0.00000000e+00 -1.00000000e+00
    outer loop
      vertex 1.70000000e-01 -1.72000000e-01 0.00000000e+00
      vertex 1.75877853e-01 -1.80090170e-01 0.00000000e+00
      vertex 1.73090170e-01 -1.81510565e-01 0.00000000e+00
    endloop
  endfacet
  facet normal 0.00000000e+00 0.00000000e+00 1.00000000e+00
    outer loop
      vertex 1.70000000e-01 -1.72000000e-01 2.60000000e-01
      vertex 1.73090170e-01 -1.81510565e-01 2.60000000e-01
      vertex 1.75877853e-01 -1.80090170e-01 2.60000000e-01
    endloop
  endfacet
  facet normal 7.07106781e-01 -7.07106781e-01 0.00000000e+00
    outer loop
      vertex 1.75877853e-01 -1.80090170e-01 0.00000000e+00
      vertex 1.78090170e-01 -1.77877853e-01 0.00000000e+00
      vertex 1.78090170e-01 -1.77877853e-01 2.60000000e-01
    endloop
  endfacet
  facet normal 7.07106781e-01 -7.07106781e-01 0.00000000e+00
    outer loop
      vertex 1.75877853e-01 -1.80090170e-01 0.00000000e+00
      vertex 1.78090170e-01 -1.77877853e-01 2.60000000e-01
      vertex 1.75877853e-01 -1.80090170e-01 2.60000000e-01
    endloop
  endfacet
  facet normal 0.00000000e+00 0.00000000e+00 -1.00000000e+00
    outer loop
      vertex 1.70000000e-01 -1.72000000e-01 0.00000000e+00
      vertex 1.78090170e-01 -1.77877853e-01 0.00000000e+00
      vertex 1.75877853e-01 -1.80090170e-01 0.00000000e+00
    endloop
  endfacet
  facet normal 0.00000000e+00 0.00000000e+00 1.00000000e+00
    outer loop
      vertex 1.70000000e-01 -1.72000000e-01 2.60000000e-01
      vertex 1.75877853e-01 -1.80090170e-01 2.60000000e-01
      vertex 1.78090170e-01 -1.77877853e-01 2.60000000e-01
    endloop
  endfacet
  facet normal 8.91006524e-01 -4.53990500e-01 0.00000000e+00
    outer loop
      vertex 1.78090170e-01 -1.77877853e-01 0.00000000e+00
      vertex 1.79510565e-01 -1.75090170e-01 0.00000000e+00
      vertex 1.79510565e-01 -1.75090170e-01 2.60000000e-01
    endloop
  endfacet
  facet normal 8.91006524e-01 -4.53990500e-01 0.00000000e+00
    outer loop
      vertex 1.78090170e-01 -1.77877853e-01 0.00000000e+00
      vertex 1.79510565e-01 -1.75090170e-01 2.60000000e-01
      vertex 1.78090170e-01 -1.77877853e-01 2.60000000e-01
    endloop
  endfacet
  facet normal 0.00000000e+00 0.00000000e+00 -1.00000000e+00
    outer loop
      vertex 1.70000000e-01 -1.72000000e-01 0.00000000e+00
      vertex 1.79510565e-01 -1.75090170e-01 0.00000000e+00
      vertex 1.78090170e-01 -1.77877853e-01 0.00000000e+00
    endloop
  endfacet
  facet normal 0.00000000e+00 0.00000000e+00 1.00000000e+00
    outer loop
      vertex 1.70000000e-01 -1.72000000e-01 2.60000000e-01
      vertex 1.78090170e-01 -1.77877853e-01 2.60000000e-01
      vertex 1.79510565e-01 -1.75090170e-01 2.60000000e-01
    endloop
  endfacet
  facet normal 9.87688341e-01 -1.56434465e-01 0.00000000e+00
    outer loop
      vertex 1.79510565e-01 -1.75090170e-01 0.00000000e+00
      vertex 1.80000000e-01 -1.72000000e-01 0.00000000e+00
      vertex 1.80000000e-01 -1.72000000e-01 2.60000000e-01
    endloop
  endfacet
  facet normal 9.87688341e-01 -1.56434465e-01 0.00000000e+00
    outer loop
      vertex 1.79510565e-01 -1.75090170e-01 0.00000000e+00
      vertex 1.80000000e-01 -1.72000000e-01 2.60000000e-01
      vertex 1.79510565e-01 -1.75090170e-01 2.60000000e-01
    endloop
  endfacet
  facet normal 0.00000000e+00 0.00000000e+00 -1.00000000e+00
    outer loop
      vertex 1.70000000e-01 -1.72000000e-01 0.00000000e+00
      vertex 1.80000000e-01 -1.72000000e-01 0.00000000e+00
      vertex 1.79510565e-01 -1.75090170e-01 0.00000000e+00
    endloop
  endfacet
  facet normal -0.00000000e+00 0.00000000e+00 1.00000000e+00
    outer loop
      vertex 1.70000000e-01 -1.72000000e-01 2.60000000e-01
      vertex 1.79510565e-01 -1.75090170e-01 2.60000000e-01
      vertex 1.80000000e-01 -1.72000000e-01 2.60000000e-01
    endloop
  endfacet
  facet normal 9.87688341e-01 1.56434465e-01 0.00000000e+00
    outer loop
      vertex 1.80000000e-01 1.72000000e-01 0.00000000e+00
      vertex 1.79510565e-01 1.75090170e-01 0.00000000e+00
      vertex 1.79510565e-01 1.75090170e-01 2.60000000e-01
    endloop
  endfacet
  facet normal 9.87688341e-01 1.56434465e-01 -0.00000000e+00
    outer loop
      vertex 1.80000000e-01 1.72000000e-01 0.00000000e+00
      vertex 1.79510565e-01 1.75090170e-01 2.60000000e-01
      vertex 1.80000000e-01 1.72000000e-01 2.60000000e-01
    endloop
  endfacet
  facet normal 0.00000000e+00 0.00000000e+00 -1.00000000e+00
    outer loop
      vertex 1.70000000e-01 1.72000000e-01 0.00000000e+00
      vertex 1.79510565e-01 1.75090170e-01 0.00000000e+00
      vertex 1.80000000e-01 1.72000000e-01 0.00000000e+00
    endloop
  endfacet
  facet normal 0.00000000e+00 0.00000000e+00 1.00000000e+00
    outer loop
      vertex 1.70000000e-01 1.72000000e-01 2.60000000e-01
      vertex 1.80000000e-01 1.72000000e-01 2.60000000e-01
      vertex 1.79510565e-01 1.75090170e-01 2.60000000e-01
    endloop
  endfacet
  facet normal 8.91006524e-01 4.53990500e-01 0.00000000e+00
    outer loop
      vertex 1.79510565e-01 1.75090170e-01 0.00000000e+00
      vertex 1.78090170e-01 1.77877853e-01 0.00000000e+00
      vertex 1.78090170e-01 1.77877853e-01 2.60000000e-01
    endloop
  endfacet
  facet normal 8.91006524e-01 4.53990500e-01 -0.00000000e+00
    outer loop
      vertex 1.79510565e-01 1.75090170e-01 0.00000000e+00
      vertex 1.78090170e-01 1.77877853e-01 2.60000000e-01
      vertex 1.79510565e-01 1.75090170e-01 2.60000000e-01
    endloop
  endfacet
  facet normal 0.00000000e+00 0.00000000e+00 -1.00000000e+00
    outer loop
      vertex 1.70000000e-01 1.72000000e-01 0.00000000e+00
      vertex 1.78090170e-01 1.77877853e-01 0.00000000e+00
      vertex 1.79510565e-01 1.75090170e-01 0.00000000e+00
    endloop
  endfacet
  facet normal 0.00000000e+00 0.00000000e+00 1.00000000e+00
    outer loop
      vertex 1.70000000e-01 1.72000000e-01 2.60000000e-01
      vertex 1.79510565e-01 1.75090170e-01 2.60000000e-01
      vertex 1.78090170e-01 1.77877853e-01 2.60000000e-01
    endloop
  endfacet
  facet normal 7.07106781e-01 7.07106781e-01 0.00000000e+00
    outer loop
      vertex 1.78090170e-01 1.77877853e-01 0.00000000e+00
      vertex 1.75877853e-01 1.80090170e-01 0.00000000e+00
      vertex 1.75877853e-01 1.80090170e-01 2.60000000e-01
    endloop
  endfacet
  facet normal 7.07106781e-01 7.07106781e-01 -0.00000000e+00
    outer loop
      vertex 1.78090170e-01 1.77877853e-01 0.00000000e+00
      vertex 1.75877853e-01 1.80090170e-01 2.60000000e-01
      vertex 1.78090170e-01 1.77877853e-01 2.60000000e-01
    endloop
  endfacet
  facet normal 0.00000000e+00 0.00000000e+00 -1.00000000e+00
    outer loop
      vertex 1.70000000e-01 1.72000000e-01 0.00000000e+00
      vertex 1.75877853e-01 1.80090170e-01 0.00000000e+00
      vertex 1.78090170e-01 1.77877853e-01 0.00000000e+00
    endloop
  endfacet
  facet normal 0.00000000e+00 0.00000000e+00 1.00000000e+00
    outer loop
      vertex 1.70000000e-01 1.72000000e-01 2.60000000e-01
      vertex 1.78090170e-01 1.77877853e-01 2.60000000e-01
      vertex 1.75877853e-01 1.80090170e-01 2.60000000e-01
    endloop
  endfacet
  facet normal 4.53990500e-01 8.91006524e-01 0.00000000e+00
    outer loop
      vertex 1.75877853e-01 1.80090170e-01 0.00000000e+00
      vertex 1.73090170e-01 1.81510565e-01 0.00000000e+00
      vertex 1.73090170e-01 1.81510565e-01 2.60000000e-01
    endloop
  endfacet
  facet normal 4.53990500e-01 8.91006524e-01 -0.00000000e+00
    outer loop
      vertex 1.75877853e-01 1.80090170e-01 0.00000000e+00
      vertex 1.73090170e-01 1.81510565e-01 2.60000000e-01
      vertex 1.75877853e-01 1.80090170e-01 2.60000000e-01
    endloop
  endfacet
  facet normal 0.00000000e+00 0.00000000e+00 -1.00000000e+00
    outer loop
      vertex 1.70000000e-01 1.72000000e-01 0.00000000e+00
      vertex 1.73090170e-01 1.81510565e-01 0.00000000e+00
      vertex 1.75877853e-01 1.80090170e-01 0.00000000e+00
    endloop
  endfacet
  facet normal 0.00000000e+00 0.00000000e+00 1.00000000e+00
    outer loop
      vertex 1.70000000e-01 1.72000000e-01 2.60000000e-01
      vertex 1.75877853e-01 1.80090170e-01 2.60000000e-01
      vertex 1.73090170e-01 1.81510565e-01 2.60000000e-01
    endloop
  endfacet
  facet normal 1.56434465e-01 9.87688341e-01 0.00000000e+00
    outer loop
      vertex 1.73090170e-01 1.81510565e-01 0.00000000e+00
      vertex 1.70000000e-01 1.82000000e-01 0.00000000e+00
      vertex 1.70000000e-01 1.82000000e-01 2.60000000e-01
    endloop
  endfacet
  facet normal 1.56434465e-01 9.87688341e-01 -0.00000000e+00
    outer loop
      vertex 1.73090170e-01 1.81510565e-01 0.00000000e+00
      vertex 1.70000000e-01 1.82000000e-01 2.60000000e-01
      vertex 1.73090170e-01 1.81510565e-01 2.60000000e-01
    endloop
  endfacet
  facet normal 0.00000000e+00 0.00000000e+00 -1.00000000e+00
    outer loop
      vertex 1.70000000e-01 1.72000000e-01 0.00000000e+00
      vertex 1.70000000e-01 1.82000000e-01 0.00000000e+00
      vertex 1.73090170e-01 1.81510565e-01 0.00000000e+00
    endloop
  endfacet
  facet normal 0.00000000e+00 0.00000000e+00 1.00000000e+00
    outer loop
      vertex 1.70000000e-01 1.72000000e-01 2.60000000e-01
      vertex 1.73090170e-01 1.81510565e-01 2.60000000e-01
      vertex 1.70000000e-01 1.82000000e-01 2.60000000e-01
    endloop
  endfacet
  facet normal -1.56434465e-01 9.87688341e-01 0.00000000e+00
    outer loop
      vertex 1.70000000e-01 1.82000000e-01 0.00000000e+00
      vertex 1.66909830e-01 1.81510565e-01 0.00000000e+00
      vertex 1.66909830e-01 1.81510565e-01 2.60000000e-01
    endloop
  endfacet
  facet normal -1.56434465e-01 9.87688341e-01 0.00000000e+00
    outer loop
      vertex 1.70000000e-01 1.82000000e-01 0.00000000e+00
      vertex 1.66909830e-01 1.81510565e-01 2.60000000e-01
      vertex 1.70000000e-01 1.82000000e-01 2.60000000e-01
    endloop
  endfacet
  facet normal 0.00000000e+00 0.00000000e+00 -1.00000000e+00
    outer loop
      vertex 1.70000000e-01 1.72000000e-01 0.00000000e+00
      vertex 1.66909830e-01 1.81510565e-01 0.00000000e+00
      vertex 1.70000000e-01 1.82000000e-01 0.00000000e+00
    endloop
  endfacet
  facet normal 0.00000000e+00 -0.00000000e+00 1.00000000e+00
    outer loop
      vertex 1.70000000e-01 1.72000000e-01 2.60000000e-01
      vertex 1.70000000e-01 1.82000000e-01 2.60000000e-01
      vertex 1.66909830e-01 1.81510565e-01 2.60000000e-01
    endloop
  endfacet
  facet normal -4.53990500e-01 8.91006524e-01 0.00000000e+00
    outer loop
      vertex 1.66909830e-01 1.81510565e-01 0.00000000e+00
      vertex 1.64122147e-01 1.80090170e-01 0.00000000e+00
      vertex 1.64122147e-01 1.80090170e-01 2.60000000e-01
    endloop
  endfacet
  facet normal -4.53990500e-01 8.91006524e-01 0.00000000e+00
    outer loop
      vertex 1.66909830e-01 1.81510565e-01 0.00000000e+00
      vertex 1.64122147e-01 1.80090170e-01 2.60000000e-01
      vertex 1.66909830e-01 1.81510565e-01 2.60000000e-01
    endloop
  endfacet
  facet normal 0.00000000e+00 0.00000000e+00 -1.00000000e+00
    outer loop
      vertex 1.70000000e-01 1.72000000e-01 0.00000000e+00
      vertex 1.64122147e-01 1.80090170e-01 0.00000000e+00
      vertex 1.66909830e-01 1.81510565e-01 0.00000000e+00
    endloop
  endfacet
  facet normal 0.00000000e+00 0.00000000e+00 1.00000000e+00
    outer loop
      vertex 1.70000000e-01 1.72000000e-01 2.60000000e-01
      vertex 1.66909830e-01 1.81510565e-01 2.60000000e-01
      vertex 1.64122147e-01 1.80090170e-01 2.60000000e-01
    endloop
  endfacet
  facet normal -7.07106781e-01 7.07106781e-01 0.00000000e+00
    outer loop
      vertex 1.64122147e-01 1.80090170e-01 0.00000000e+00
      vertex 1.61909830e-01 1.77877853e-01 0.00000000e+00
      vertex 1.61909830e-01 1.77877853e-01 2.60000000e-01
    endloop
  endfacet
  facet normal -7.07106781e-01 7.07106781e-01 0.00000000e+00
    outer loop
      vertex 1.64122147e-01 1.80090170e-01 0.00000000e+00
      vertex 1.61909830e-01 1.77877853e-01 2.60000000e-01
      vertex 1.64122147e-01 1.80090170e-01 2.60000000e-01
    endloop
  endfacet
  facet normal 0.00000000e+00 0.00000000e+00 -1.00000000e+00
    outer loop
      vertex 1.70000000e-01 1.72000000e-01 0.00000000e+00
      vertex 1.61909830e-01 1.77877853e-01 0.00000000e+00
      vertex 1.64122147e-01 1.80090170e-01 0.00000000e+00
    endloop
  endfacet
  facet normal 0.00000000e+00 0.00000000e+00 1.00000000e+00
    outer loop
      vertex 1.70000000e-01 1.72000000e-01 2.60000000e-01
      vertex 1.64122147e-01 1.80090170e-01 2.60000000e-01
      vertex 1.61909830e-01 1.77877853e-01 2.60000000e-01
    endloop
  endfacet
  facet normal -8.91006524e-01 4.53990500e-01 0.00000000e+00
    outer loop
      vertex 1.61909830e-01 1.77877853e-01 0.00000000e+00
      vertex 1.60489435e-01 1.75090170e-01 0.00000000e+00
      vertex 1.60489435e-01 1.75090170e-01 2.60000000e-01
    endloop
  endfacet
  facet normal -8.91006524e-01 4.53990500e-01 0.00000000e+00
    outer loop
      vertex 1.61909830e-01 1.77877853e-01 0.00000000e+00
      vertex 1.60489435e-01 1.75090170e-01 2.60000000e-01
      vertex 1.61909830e-01 1.77877853e-01 2.60000000e-01
    endloop
  endfacet
  facet normal 0.00000000e+00 0.00000000e+00 -1.00000000e+00
    outer loop
      vertex 1.70000000e-01 1.72000000e-01 0.00000000e+00
      vertex 1.60489435e-01 1.75090170e-01 0.00000000e+00
      vertex 1.61909830e-01 1.77877853e-01 0.00000000e+00
    endloop
  endfacet
  facet normal 0.00000000e+00 0.00000000e+00 1.00000000e+00
    outer loop
      vertex 1.70000000e-01 1.72000000e-01 2.60000000e-01
      vertex 1.61909830e-01 1.77877853e-01 2.60000000e-01
      vertex 1.60489435e-01 1.75090170e-01 2.60000000e-01
    endloop
  endfacet
  facet normal -9.87688341e-01 1.56434465e-01 0.00000000e+00
    outer loop
      vertex 1.60489435e-01 1.75090170e-01 0.00000000e+00
      vertex 1.60000000e-01 1.72000000e-01 0.00000000e+00
      vertex 1.60000000e-01 1.72000000e-01 2.60000000e-01
    endloop
  endfacet
  facet normal -9.87688341e-01 1.56434465e-01 0.00000000e+00
    outer loop
      vertex 1.60489435e-01 1.75090170e-01 0.00000000e+00
      vertex 1.60000000e-01 1.72000000e-01 2.60000000e-01
      vertex 1.60489435e-01 1.75090170e-01 2.60000000e-01
    endloop
  endfacet
  facet normal 0.00000000e+00 0.00000000e+00 -1.00000000e+00
    outer loop
      vertex 1.70000000e-01 1.72000000e-01 0.00000000e+00
      vertex 1.60000000e-01 1.72000000e-01 0.00000000e+00
      vertex 1.60489435e-01 1.75090170e-01 0.00000000e+00
    endloop
  endfacet
  facet normal 0.00000000e+00 0.00000000e+00 1.00000000e+00
    outer loop
      vertex 1.70000000e-01 1.72000000e-01 2.60000000e-01
      vertex 1.60489435e-01 1.75090170e-01 2.60000000e-01
      vertex 1.60000000e-01 1.72000000e-01 2.60000000e-01
    endloop
  endfacet
  facet normal -9.87688341e-01 -1.56434465e-01 0.00000000e+00
    outer loop
      vertex 1.60000000e-01 1.72000000e-01 0.00000000e+00
      vertex 1.60489435e-01 1.68909830e-01 0.00000000e+00
      vertex 1.60489435e-01 1.68909830e-01 2.60000000e-01
    endloop
  endfacet
  facet normal -9.87688341e-01 -1.56434465e-01 0.00000000e+00
    outer loop
      vertex 1.60000000e-01 1.72000000e-01 0.00000000e+00
      vertex 1.60489435e-01 1.68909830e-01 2.60000000e-01
      vertex 1.60000000e-01 1.72000000e-01 2.60000000e-01
    endloop
  endfacet
  facet normal -0.00000000e+00 0.00000000e+00 -1.00000000e+00
    outer loop
      vertex 1.70000000e-01 1.72000000e-01 0.00000000e+00
      vertex 1.60489435e-01 1.68909830e-01 0.00000000e+00
      vertex 1.60000000e-01 1.72000000e-01 0.00000000e+00
    endloop
  endfacet
  facet normal 0.00000000e+00 0.00000000e+00 1.00000000e+00
    outer loop
      vertex 1.70000000e-01 1.72000000e-01 2.60000000e-01
      vertex 1.60000000e-01 1.72000000e-01 2.60000000e-01
      vertex 1.60489435e-01 1.68909830e-01 2.60000000e-01
    endloop
  endfacet
  facet normal -8.91006524e-01 -4.53990500e-01 0.00000000e+00
    outer loop
      vertex 1.60489435e-01 1.68909830e-01 0.00000000e+00
      vertex 1.61909830e-01 1.66122147e-01 0.00000000e+00
      vertex 1.61909830e-01 1.66122147e-01 2.60000000e-01
    endloop
  endfacet
  facet normal -8.91006524e-01 -4.53990500e-01 0.00000000e+00
    outer loop
      vertex 1.60489435e-01 1.68909830e-01 0.00000000e+00
      vertex 1.61909830e-01 1.66122147e-01 2.60000000e-01
      vertex 1.60489435e-01 1.68909830e-01 2.60000000e-01
    endloop
  endfacet
  facet normal 0.00000000e+00 0.00000000e+00 -1.00000000e+00
    outer loop
      vertex 1.70000000e-01 1.72000000e-01 0.00000000e+00
      vertex 1.61909830e-01 1.66122147e-01 0.00000000e+00
      vertex 1.60489435e-01 1.68909830e-01 0.00000000e+00
    endloop
  endfacet
  facet normal 0.00000000e+00 0.00000000e+00 1.00000000e+00
    outer loop
      vertex 1.70000000e-01 1.72000000e-01 2.60000000e-01
      vertex 1.60489435e-01 1.68909830e-01 2.60000000e-01
      vertex 1.61909830e-01 1.66122147e-01 2.60000000e-01
    endloop
  endfacet
  facet normal -7.07106781e-01 -7.07106781e-01 0.00000000e+00
    outer loop
      vertex 1.61909830e-01 1.66122147e-01 0.00000000e+00
      vertex 1.64122147e-01 1.63909830e-01 0.00000000e+00
      vertex 1.64122147e-01 1.63909830e-01 2.60000000e-01
    endloop
  endfacet
  facet normal -7.07106781e-01 -7.07106781e-01 0.00000000e+00
    outer loop
      vertex 1.61909830e-01 1.66122147e-01 0.00000000e+00
      vertex 1.64122147e-01 1.63909830e-01 2.60000000e-01
      vertex 1.61909830e-01 1.66122147e-01 2.60000000e-01
    endloop
  endfacet
  facet normal 0.00000000e+00 0.00000000e+00 -1.00000000e+00
    outer loop
      vertex 1.70000000e-01 1.72000000e-01 0.00000000e+00
      vertex 1.64122147e-01 1.63909830e-01 0.00000000e+00
      vertex 1.61909830e-01 1.66122147e-01 0.00000000e+00
    endloop
  endfacet
  facet normal 0.00000000e+00 0.00000000e+00 1.00000000e+00
    outer loop
      vertex 1.70000000e-01 1.72000000e-01 2.60000000e-01
      vertex 1.61909830e-01 1.66122147e-01 2.60000000e-01
      vertex 1.64122147e-01 1.63909830e-01 2.60000000e-01
    endloop
  endfacet
  facet normal -4.53990500e-01 -8.91006524e-01 0.00000000e+00
    outer loop
      vertex 1.64122147e-01 1.63909830e-01 0.00000000e+00
      vertex 1.66909830e-01 1.62489435e-01 0.00000000e+00
      vertex 1.66909830e-01 1.62489435e-01 2.60000000e-01
    endloop
  endfacet
  facet normal -4.53990500e-01 -8.91006524e-01 0.00000000e+00
    outer loop
      vertex 1.64122147e-01 1.63909830e-01 0.00000000e+00
      vertex 1.66909830e-01 1.62489435e-01 2.60000000e-01
      vertex 1.64122147e-01 1.63909830e-01 2.60000000e-01
    endloop
  endfacet
  facet normal 0.00000000e+00 0.00000000e+00 -1.00000000e+00
    outer loop
      vertex 1.70000000e-01 1.72000000e-01 0.00000000e+00
      vertex 1.66909830e-01 1.62489435e-01 0.00000000e+00
      vertex 1.64122147e-01 1.63909830e-01 0.00000000e+00
    endloop
  endfacet
  facet normal 0.00000000e+00 0.00000000e+00 1.00000000e+00
    outer loop
      vertex 1.70000000e-01 1.72000000e-01 2.60000000e-01
      vertex 1.64122147e-01 1.63909830e-01 2.60000000e-01
      vertex 1.66909830e-01 1.62489435e-01 2.60000000e-01
    endloop
  endfacet
  facet normal -1.56434465e-01 -9.87688341e-01 0.00000000e+00
    outer loop
      vertex 1.66909830e-01 1.62489435e-01 0.00000000e+00
      vertex 1.70000000e-01 1.62000000e-01 0.00000000e+00
      vertex 1.70000000e-01 1.62000000e-01 2.60000000e-01
    endloop
  endfacet
  facet normal -1.56434465e-01 -9.87688341e-01 0.00000000e+00
    outer loop
      vertex 1.66909830e-01 1.62489435e-01 0.00000000e+00
      vertex 1.70000000e-01 1.62000000e-01 2.60000000e-01
      vertex 1.66909830e-01 1.62489435e-01 2.60000000e-01
    endloop
  endfacet
  facet normal 0.00000000e+00 -0.00000000e+00 -1.00000000e+00
    outer loop
      vertex 1.70000000e-01 1.72000000e-01 0.00000000e+00
      vertex 1.70000000e-01 1.62000000e-01 0.00000000e+00
      vertex 1.66909830e-01 1.62489435e-01 0.00000000e+00
    endloop
  endfacet
  facet normal 0.00000000e+00 0.00000000e+00 1.00000000e+00
    outer loop
      vertex 1.70000000e-01 1.72000000e-01 2.60000000e-01
      vertex 1.66909830e-01 1.62489435e-01 2.60000000e-01
      vertex 1.70000000e-01 1.62000000e-01 2.60000000e-01
    endloop
  endfacet
  facet normal 1.56434465e-01 -9.87688341e-01 0.00000000e+00
    outer loop
      vertex 1.70000000e-01 1.62000000e-01 0.00000000e+00
      vertex 1.73090170e-01 1.62489435e-01 0.00000000e+00
      vertex 1.73090170e-01 1.62489435e-01 2.60000000e-01
    endloop
  endfacet
  facet normal 1.56434465e-01 -9.87688341e-01 0.00000000e+00
    outer loop
      vertex 1.70000000e-01 1.62000000e-01 0.00000000e+00
      vertex 1.73090170e-01 1.62489435e-01 2.60000000e-01
      vertex 1.70000000e-01 1.62000000e-01 2.60000000e-01
    endloop
  endfacet
  facet normal 0.00000000e+00 0.00000000e+00 -1.00000000e+00
    outer loop
      vertex 1.70000000e-01 1.72000000e-01 0.00000000e+00
      vertex 1.73090170e-01 1.62489435e-01 0.00000000e+00
      vertex 1.70000000e-01 1.62000000e-01 0.00000000e+00
    endloop
  endfacet
  facet normal 0.00000000e+00 0.00000000e+00 1.00000000e+00
    outer loop
      vertex 1.70000000e-01 1.72000000e-01 2.60000000e-01
      vertex 1.70000000e-01 1.62000000e-01 2.60000000e-01
      vertex 1.73090170e-01 1.62489435e-01 2.60000000e-01
    endloop
  endfacet
  facet normal 4.53990500e-01 -8.91006524e-01 0.00000000e+00
    outer loop
      vertex 1.73090170e-01 1.62489435e-01 0.00000000e+00
      vertex 1.75877853e-01 1.63909830e-01 0.00000000e+00
      vertex 1.75877853e-01 1.63909830e-01 2.60000000e-01
    endloop
  endfacet
  facet normal 4.53990500e-01 -8.91006524e-01 0.00000000e+00
    outer loop
      vertex 1.73090170e-01 1.62489435e-01 0.00000000e+00
      vertex 1.75877853e-01 1.63909830e-01 2.60000000e-01
      vertex 1.73090170e-01 1.62489435e-01 2.60000000e-01
    endloop
  endfacet
  facet normal 0.00000000e+00 0.00000000e+00 -1.00000000e+00
    outer loop
      vertex 1.70000000e-01 1.72000000e-01 0.00000000e+00
      vertex 1.75877853e-01 1.63909830e-01 0.00000000e+00
      vertex 1.73090170e-01 1.62489435e-01 0.00000000e+00
    endloop
  endfacet
  facet normal 0.00000000e+00 0.00000000e+00 1.00000000e+00
    outer loop
      vertex 1.70000000e-01 1.72000000e-01 2.60000000e-01
      vertex 1.73090170e-01 1.62489435e-01 2.60000000e-01
      vertex 1.75877853e-01 1.63909830e-01 2.60000000e-01
    endloop
  endfacet
  facet normal 7.07106781e-01 -7.07106781e-01 0.00000000e+00
    outer loop
      vertex 1.75877853e-01 1.63909830e-01 0.00000000e+00
      vertex 1.78090170e-01 1.66122147e-01 0.00000000e+00
      vertex 1.78090170e-01 1.66122147e-01 2.60000000e-01
    endloop
  endfacet
  facet normal 7.07106781e-01 -7.07106781e-01 0.00000000e+00
    outer loop
      vertex 1.75877853e-01 1.63909830e-01 0.00000000e+00
      vertex 1.78090170e-01 1.66122147e-01 2.60000000e-01
      vertex 1.75877853e-01 1.63909830e-01 2.60000000e-01
    endloop
  endfacet
  facet normal 0.00000000e+00 0.00000000e+00 -1.00000000e+00
    outer loop
      vertex 1.70000000e-01 1.72000000e-01 0.00000000e+00
      vertex 1.78090170e-01 1.66122147e-01 0.00000000e+00
      vertex 1.75877853e-01 1.63909830e-01 0.00000000e+00
    endloop
  endfacet
  facet normal 0.00000000e+00 0.00000000e+00 1.00000000e+00
    outer loop
      vertex 1.70000000e-01 1.72000000e-01 2.60000000e-01
      vertex 1.75877853e-01 1.63909830e-01 2.60000000e-01
      vertex 1.78090170e-01 1.66122147e-01 2.60000000e-01
    endloop
  endfacet
  facet normal 8.91006524e-01 -4.53990500e-01 0.00000000e+00
    outer loop
      vertex 1.78090170e-01 1.66122147e-01 0.00000000e+00
      vertex 1.79510565e-01 1.68909830e-01 0.00000000e+00
      vertex 1.79510565e-01 1.68909830e-01 2.60000000e-01
    endloop
  endfacet
  facet normal 8.91006524e-01 -4.53990500e-01 0.00000000e+00
    outer loop
      vertex 1.78090170e-01 1.66122147e-01 0.00000000e+00
      vertex 1.79510565e-01 1.68909830e-01 2.60000000e-01
      vertex 1.78090170e-01 1.66122147e-01 2.60000000e-01
    endloop
  endfacet
  facet normal 0.00000000e+00 0.00000000e+00 -1.00000000e+00
    outer loop
      vertex 1.70000000e-01 1.72000000e-01 0.00000000e+00
      vertex 1.79510565e-01 1.68909830e-01 0.00000000e+00
      vertex 1.78090170e-01 1.66122147e-01 0.00000000e+00
    endloop
  endfacet
  facet normal 0.00000000e+00 0.00000000e+00 1.00000000e+00
    outer loop
      vertex 1.70000000e-01 1.72000000e-01 2.60000000e-01
      vertex 1.78090170e-01 1.66122147e-01 2.60000000e-01
      vertex 1.79510565e-01 1.68909830e-01 2.60000000e-01
    endloop
  endfacet
  facet normal 9.87688341e-01 -1.56434465e-01 0.00000000e+00
    outer loop
      vertex 1.79510565e-01 1.68909830e-01 0.00000000e+00
      vertex 1.80000000e-01 1.72000000e-01 0.00000000e+00
      vertex 1.80000000e-01 1.72000000e-01 2.60000000e-01
    endloop
  endfacet
  facet normal 9.87688341e-01 -1.56434465e-01 0.00000000e+00
    outer loop
      vertex 1.79510565e-01 1.68909830e-01 0.00000000e+00
      vertex 1.80000000e-01 1.72000000e-01 2.60000000e-01
      vertex 1.79510565e-01 1.68909830e-01 2.60000000e-01
    endloop
  endfacet
  facet normal 0.00000000e+00 0.00000000e+00 -1.00000000e+00
    outer loop
      vertex 1.70000000e-01 1.72000000e-01 0.00000000e+00
      vertex 1.80000000e-01 1.72000000e-01 0.00000000e+00
      vertex 1.79510565e-01 1.68909830e-01 0.00000000e+00
    endloop
  endfacet
  facet normal -0.00000000e+00 0.00000000e+00 1.00000000e+00
    outer loop
      vertex 1.70000000e-01 1.72000000e-01 2.60000000e-01
      vertex 1.79510565e-01 1.68909830e-01 2.60000000e-01
      vertex 1.80000000e-01 1.72000000e-01 2.60000000e-01
    endloop
  endfacet
  facet normal 0.00000000e+00 9.80785280e-01 1.95090322e-01
    outer loop
      vertex -1.70000000e-01 7.20000000e-03 0.00000000e+00
      vertex -1.70000000e-01 6.65193263e-03 2.75532071e-03
      vertex 1.70000000e-01 6.65193263e-03 2.75532071e-03
    endloop
  endfacet
  facet normal -0.00000000e+00 9.80785280e-01 1.95090322e-01
    outer loop
      vertex -1.70000000e-01 7.20000000e-03 0.00000000e+00
      vertex 1.70000000e-01 6.65193263e-03 2.75532071e-03
      vertex 1.70000000e-01 7.20000000e-03 0.00000000e+00
    endloop
  endfacet
  facet normal -1.00000000e+00 0.00000000e+00 0.00000000e+00
    outer loop
      vertex -1.70000000e-01 0.00000000e+00 0.00000000e+00
      vertex -1.70000000e-01 6.65193263e-03 2.75532071e-03
      vertex -1.70000000e-01 7.20000000e-03 0.00000000e+00
    endloop
  endfacet
  facet normal 1.00000000e+00 0.00000000e+00 0.00000000e+00
    outer loop
      vertex 1.70000000e-01 0.00000000e+00 0.00000000e+00
      vertex 1.70000000e-01 7.20000000e-03 0.00000000e+00
      vertex 1.70000000e-01 6.65193263e-03 2.75532071e-03
    endloop
  endfacet
  facet normal 0.00000000e+00 8.31469612e-01 5.55570233e-01
    outer loop
      vertex -1.70000000e-01 6.65193263e-03 2.75532071e-03
      vertex -1.70000000e-01 5.09116882e-03 5.09116882e-03
      vertex 1.70000000e-01 5.09116882e-03 5.09116882e-03
    endloop
  endfacet
  facet normal -0.00000000e+00 8.31469612e-01 5.55570233e-01
    outer loop
      vertex -1.70000000e-01 6.65193263e-03 2.75532071e-03
      vertex 1.70000000e-01 5.09116882e-03 5.09116882e-03
      vertex 1.70000000e-01 6.65193263e-03 2.75532071e-03
    endloop
  endfacet
  facet normal -1.00000000e+00 0.00000000e+00 0.00000000e+00
    outer loop
      vertex -1.70000000e-01 0.00000000e+00 0.00000000e+00
      vertex -1.70000000e-01 5.09116882e-03 5.09116882e-03
      vertex -1.70000000e-01 6.65193263e-03 2.75532071e-03
    endloop
  endfacet
  facet normal 1.00000000e+00 0.00000000e+00 0.00000000e+00
    outer loop
      vertex 1.70000000e-01 0.00000000e+00 0.00000000e+00
      vertex 1.70000000e-01 6.65193263e-03 2.75532071e-03
      vertex 1.70000000e-01 5.09116882e-03 5.09116882e-03
    endloop
  endfacet
  facet normal 0.00000000e+00 5.55570233e-01 8.31469612e-01
    outer loop
      vertex -1.70000000e-01 5.09116882e-03 5.09116882e-03
      vertex -1.70000000e-01 2.75532071e-03 6.65193263e-03
      vertex 1.70000000e-01 2.75532071e-03 6.65193263e-03
    endloop
  endfacet
  facet normal -0.00000000e+00 5.55570233e-01 8.31469612e-01
    outer loop
      vertex -1.70000000e-01 5.09116882e-03 5.09116882e-03
      vertex 1.70000000e-01 2.75532071e-03 6.65193263e-03
      vertex 1.70000000e-01 5.09116882e-03 5.09116882e-03
    endloop
  endfacet
  facet normal -1.00000000e+00 0.00000000e+00 0.00000000e+00
    outer loop
      vertex -1.70000000e-01 0.00000000e+00 0.00000000e+00
      vertex -1.70000000e-01 2.75532071e-03 6.65193263e-03
      vertex -1.70000000e-01 5.09116882e-03 5.09116882e-03
    endloop
  endfacet
  facet normal 1.00000000e+00 0.00000000e+00 0.00000000e+00
    outer loop
      vertex 1.70000000e-01 0.00000000e+00 0.00000000e+00
      vertex 1.70000000e-01 5.09116882e-03 5.09116882e-03
      vertex 1.70000000e-01 2.75532071e-03 6.65193263e-03
    endloop
  endfacet
  facet normal 0.00000000e+00 1.95090322e-01 9.80785280e-01
    outer loop
      vertex -1.70000000e-01 2.75532071e-03 6.65193263e-03
      vertex -1.70000000e-01 4.40872848e-19 7.20000000e-03
      vertex 1.70000000e-01 4.40872848e-19 7.20000000e-03
    endloop
  endfacet
  facet normal -0.00000000e+00 1.95090322e-01 9.80785280e-01
    outer loop
      vertex -1.70000000e-01 2.75532071e-03 6.65193263e-03
      vertex 1.70000000e-01 4.40872848e-19 7.20000000e-03
      vertex 1.70000000e-01 2.75532071e-03 6.65193263e-03
    endloop
  endfacet
  facet normal -1.00000000e+00 0.00000000e+00 0.00000000e+00
    outer loop
      vertex -1.70000000e-01 0.00000000e+00 0.00000000e+00
      vertex -1.70000000e-01 4.40872848e-19 7.20000000e-03
      vertex -1.70000000e-01 2.75532071e-03 6.65193263e-03
    endloop
  endfacet
  facet normal 1.00000000e+00 0.00000000e+00 0.00000000e+00
    outer loop
      vertex 1.70000000e-01 0.00000000e+00 0.00000000e+00
      vertex 1.70000000e-01 2.75532071e-03 6.65193263e-03
      vertex 1.70000000e-01 4.40872848e-19 7.20000000e-03
    endloop
  endfacet
  facet normal 0.00000000e+00 -1.95090322e-01 9.80785280e-01
    outer loop
      vertex -1.70000000e-01 4.40872848e-19 7.20000000e-03
      vertex -1.70000000e-01 -2.75532071e-03 6.65193263e-03
      vertex 1.70000000e-01 -2.75532071e-03 6.65193263e-03
    endloop
  endfacet
  facet normal 0.00000000e+00 -1.95090322e-01 9.80785280e-01
    outer loop
      vertex -1.70000000e-01 4.40872848e-19 7.20000000e-03
      vertex 1.70000000e-01 -2.75532071e-03 6.65193263e-03
      vertex 1.70000000e-01 4.40872848e-19 7.20000000e-03
    endloop
  endfacet
  facet normal -1.00000000e+00 0.00000000e+00 0.00000000e+00
    outer loop
      vertex -1.70000000e-01 0.00000000e+00 0.00000000e+00
      vertex -1.70000000e-01 -2.75532071e-03 6.65193263e-03
      vertex -1.70000000e-01 4.40872848e-19 7.20000000e-03
    endloop
  endfacet
  facet normal 1.00000000e+00 0.00000000e+00 -0.00000000e+00
    outer loop
      vertex 1.70000000e-01 0.00000000e+00 0.00000000e+00
      vertex 1.70000000e-01 4.40872848e-19 7.20000000e-03
      vertex 1.70000000e-01 -2.75532071e-03 6.65193263e-03
    endloop
  endfacet
  facet normal 0.00000000e+00 -5.55570233e-01 8.31469612e-01
    outer loop
      vertex -1.70000000e-01 -2.75532071e-03 6.65193263e-03
      vertex -1.70000000e-01 -5.09116882e-03 5.09116882e-03
      vertex 1.70000000e-01 -5.09116882e-03 5.09116882e-03
    endloop
  endfacet
  facet normal 0.00000000e+00 -5.55570233e-01 8.31469612e-01
    outer loop
      vertex -1.70000000e-01 -2.75532071e-03 6.65193263e-03
      vertex 1.70000000e-01 -5.09116882e-03 5.09116882e-03
      vertex 1.70000000e-01 -2.75532071e-03 6.65193263e-03
    endloop
  endfacet
  facet normal -1.00000000e+00 0.00000000e+00 0.00000000e+00
    outer loop
      vertex -1.70000000e-01 0.00000000e+00 0.00000000e+00
      vertex -1.70000000e-01 -5.09116882e-03 5.09116882e-03
      vertex -1.70000000e-01 -2.75532071e-03 6.65193263e-03
    endloop
  endfacet
  facet normal 1.00000000e+00 0.00000000e+00 0.00000000e+00
    outer loop
      vertex 1.70000000e-01 0.00000000e+00 0.00000000e+00
      vertex 1.70000000e-01 -2.75532071e-03 6.65193263e-03
      vertex 1.70000000e-01 -5.09116882e-03 5.09116882e-03
    endloop
  endfacet
  facet normal 0.00000000e+00 -8.31469612e-01 5.55570233e-01
    outer loop
      vertex -1.70000000e-01 -5.09116882e-03 5.09116882e-03
      vertex -1.70000000e-01 -6.65193263e-03 2.75532071e-03
      vertex 1.70000000e-01 -6.65193263e-03 2.75532071e-03
    endloop
  endfacet
  facet normal 0.00000000e+00 -8.31469612e-01 5.55570233e-01
    outer loop
      vertex -1.70000000e-01 -5.09116882e-03 5.09116882e-03
      vertex 1.70000000e-01 -6.65193263e-03 2.75532071e-03
      vertex 1.70000000e-01 -5.09116882e-03 5.09116882e-03
    endloop
  endfacet
  facet normal -1.00000000e+00 0.00000000e+00 0.00000000e+00
    outer loop
      vertex -1.70000000e-01 0.00000000e+00 0.00000000e+00
      vertex -1.70000000e-01 -6.65193263e-03 2.75532071e-03
      vertex -1.70000000e-01 -5.09116882e-03 5.09116882e-03
    endloop
  endfacet
  facet normal 1.00000000e+00 0.00000000e+00 0.00000000e+00
    outer loop
      vertex 1.70000000e-01 0.00000000e+00 0.00000000e+00
      vertex 1.70000000e-01 -5.09116882e-03 5.09116882e-03
      vertex 1.70000000e-01 -6.65193263e-03 2.75532071e-03
    endloop
  endfacet
  facet normal 0.00000000e+00 -9.80785280e-01 1.95090322e-01
    outer loop
      vertex -1.70000000e-01 -6.65193263e-03 2.75532071e-03
      vertex -1.70000000e-01 -7.20000000e-03 8.81745695e-19
      vertex 1.70000000e-01 -7.20000000e-03 8.81745695e-19
    endloop
  endfacet
  facet normal 0.00000000e+00 -9.80785280e-01 1.95090322e-01
    outer loop
      vertex -1.70000000e-01 -6.65193263e-03 2.75532071e-03
      vertex 1.70000000e-01 -7.20000000e-03 8.81745695e-19
      vertex 1.70000000e-01 -6.65193263e-03 2.75532071e-03
    endloop
  endfacet
  facet normal -1.00000000e+00 0.00000000e+00 0.00000000e+00
    outer loop
      vertex -1.70000000e-01 0.00000000e+00 0.00000000e+00
      vertex -1.70000000e-01 -7.20000000e-03 8.81745695e-19
      vertex -1.70000000e-01 -6.65193263e-03 2.75532071e-03
    endloop
  endfacet
  facet normal 1.00000000e+00 0.00000000e+00 0.00000000e+00
    outer loop
      vertex 1.70000000e-01 0.00000000e+00 0.00000000e+00
      vertex 1.70000000e-01 -6.65193263e-03 2.75532071e-03
      vertex 1.70000000e-01 -7.20000000e-03 8.81745695e-19
    endloop
  endfacet
  facet normal 0.00000000e+00 -9.80785280e-01 -1.95090322e-01
    outer loop
      vertex -1.70000000e-01 -7.20000000e-03 8.81745695e-19
      vertex -1.70000000e-01 -6.65193263e-03 -2.75532071e-03
      vertex 1.70000000e-01 -6.65193263e-03 -2.75532071e-03
    endloop
  endfacet
  facet normal 0.00000000e+00 -9.80785280e-01 -1.95090322e-01
    outer loop
      vertex -1.70000000e-01 -7.20000000e-03 8.81745695e-19
      vertex 1.70000000e-01 -6.65193263e-03 -2.75532071e-03
      vertex 1.70000000e-01 -7.20000000e-03 8.81745695e-19
    endloop
  endfacet
  facet normal -1.00000000e+00 -0.00000000e+00 0.00000000e+00
    outer loop
      vertex -1.70000000e-01 0.00000000e+00 0.00000000e+00
      vertex -1.70000000e-01 -6.65193263e-03 -2.75532071e-03
      vertex -1.70000000e-01 -7.20000000e-03 8.81745695e-19
    endloop
  endfacet
  facet normal 1.00000000e+00 0.00000000e+00 0.00000000e+00
    outer loop
      vertex 1.70000000e-01 0.00000000e+00 0.00000000e+00
      vertex 1.70000000e-01 -7.20000000e-03 8.81745695e-19
      vertex 1.70000000e-01 -6.65193263e-03 -2.75532071e-03
    endloop
  endfacet
  facet normal 0.00000000e+00 -8.31469612e-01 -5.55570233e-01
    outer loop
      vertex -1.70000000e-01 -6.65193263e-03 -2.75532071e-03
      vertex -1.70000000e-01 -5.09116882e-03 -5.09116882e-03
      vertex 1.70000000e-01 -5.09116882e-03 -5.09116882e-03
    endloop
  endfacet
  facet normal 0.00000000e+00 -8.31469612e-01 -5.55570233e-01
    outer loop
      vertex -1.70000000e-01 -6.65193263e-03 -2.75532071e-03
      vertex 1.70000000e-01 -5.09116882e-03 -5.09116882e-03
      vertex 1.70000000e-01 -6.65193263e-03 -2.75532071e-03
    endloop
  endfacet
  facet normal -1.00000000e+00 0.00000000e+00 0.00000000e+00
    outer loop
      vertex -1.70000000e-01 0.00000000e+00 0.00000000e+00
      vertex -1.70000000e-01 -5.09116882e-03 -5.09116882e-03
      vertex -1.70000000e-01 -6.65193263e-03 -2.75532071e-03
    endloop
  endfacet
  facet normal 1.00000000e+00 0.00000000e+00 0.00000000e+00
    outer loop
      vertex 1.70000000e-01 0.00000000e+00 0.00000000e+00
      vertex 1.70000000e-01 -6.65193263e-03 -2.75532071e-03
      vertex 1.70000000e-01 -5.09116882e-03 -5.09116882e-03
    endloop
  endfacet
  facet normal 0.00000000e+00 -5.55570233e-01 -8.31469612e-01
    outer loop
      vertex -1.70000000e-01 -5.09116882e-03 -5.09116882e-03
      vertex -1.70000000e-01 -2.75532071e-03 -6.65193263e-03
      vertex 1.70000000e-01 -2.75532071e-03 -6.65193263e-03
    endloop
  endfacet
  facet normal 0.00000000e+00 -5.55570233e-01 -8.31469612e-01
    outer loop
      vertex -1.70000000e-01 -5.09116882e-03 -5.09116882e-03
      vertex 1.70000000e-01 -2.75532071e-03 -6.65193263e-03
      vertex 1.70000000e-01 -5.09116882e-03 -5.09116882e-03
    endloop
  endfacet
  facet normal -1.00000000e+00 0.00000000e+00 0.00000000e+00
    outer loop
      vertex -1.70000000e-01 0.00000000e+00 0.00000000e+00
      vertex -1.70000000e-01 -2.75532071e-03 -6.65193263e-03
      vertex -1.70000000e-01 -5.09116882e-03 -5.09116882e-03
    endloop
  endfacet
  facet normal 1.00000000e+00 0.00000000e+00 0.00000000e+00
    outer loop
      vertex 1.70000000e-01 0.00000000e+00 0.00000000e+00
      vertex 1.70000000e-01 -5.09116882e-03 -5.09116882e-03
      vertex 1.70000000e-01 -2.75532071e-03 -6.65193263e-03
    endloop
  endfacet
  facet normal 0.00000000e+00 -1.95090322e-01 -9.80785280e-01
    outer loop
      vertex -1.70000000e-01 -2.75532071e-03 -6.65193263e-03
      vertex -1.70000000e-01 -1.32261854e-18 -7.20000000e-03
      vertex 1.70000000e-01 -1.32261854e-18 -7.20000000e-03
    endloop
  endfacet
  facet normal 0.00000000e+00 -1.95090322e-01 -9.80785280e-01
    outer loop
      vertex -1.70000000e-01 -2.75532071e-03 -6.65193263e-03
      vertex 1.70000000e-01 -1.32261854e-18 -7.20000000e-03
      vertex 1.70000000e-01 -2.75532071e-03 -6.65193263e-03
    endloop
  endfacet
  facet normal -1.00000000e+00 0.00000000e+00 0.00000000e+00
    outer loop
      vertex -1.70000000e-01 0.00000000e+00 0.00000000e+00
      vertex -1.70000000e-01 -1.32261854e-18 -7.20000000e-03
      vertex -1.70000000e-01 -2.75532071e-03 -6.65193263e-03
    endloop
  endfacet
  facet normal 1.00000000e+00 0.00000000e+00 0.00000000e+00
    outer loop
      vertex 1.70000000e-01 0.00000000e+00 0.00000000e+00
      vertex 1.70000000e-01 -2.75532071e-03 -6.65193263e-03
      vertex 1.70000000e-01 -1.32261854e-18 -7.20000000e-03
    endloop
  endfacet
  facet normal 0.00000000e+00 1.95090322e-01 -9.80785280e-01
    outer loop
      vertex -1.70000000e-01 -1.32261854e-18 -7.20000000e-03
      vertex -1.70000000e-01 2.75532071e-03 -6.65193263e-03
      vertex 1.70000000e-01 2.75532071e-03 -6.65193263e-03
    endloop
  endfacet
  facet normal 0.00000000e+00 1.95090322e-01 -9.80785280e-01
    outer loop
      vertex -1.70000000e-01 -1.32261854e-18 -7.20000000e-03
      vertex 1.70000000e-01 2.75532071e-03 -6.65193263e-03
      vertex 1.70000000e-01 -1.32261854e-18 -7.20000000e-03
    endloop
  endfacet
  facet normal -1.00000000e+00 0.00000000e+00 -0.00000000e+00
    outer loop
      vertex -1.70000000e-01 0.00000000e+00 0.00000000e+00
      vertex -1.70000000e-01 2.75532071e-03 -6.65193263e-03
      vertex -1.70000000e-01 -1.32261854e-18 -7.20000000e-03
    endloop
  endfacet
  facet normal 1.00000000e+00 0.00000000e+00 0.00000000e+00
    outer loop
      vertex 1.70000000e-01 0.00000000e+00 0.00000000e+00
      vertex 1.70000000e-01 -1.32261854e-18 -7.20000000e-03
      vertex 1.70000000e-01 2.75532071e-03 -6.65193263e-03
    endloop
  endfacet
  facet normal 0.00000000e+00 5.55570233e-01 -8.31469612e-01
    outer loop
      vertex -1.70000000e-01 2.75532071e-03 -6.65193263e-03
      vertex -1.70000000e-01 5.09116882e-03 -5.09116882e-03
      vertex 1.70000000e-01 5.09116882e-03 -5.09116882e-03
    endloop
  endfacet
  facet normal 0.00000000e+00 5.55570233e-01 -8.31469612e-01
    outer loop
      vertex -1.70000000e-01 2.75532071e-03 -6.65193263e-03
      vertex 1.70000000e-01 5.09116882e-03 -5.09116882e-03
      vertex 1.70000000e-01 2.75532071e-03 -6.65193263e-03
    endloop
  endfacet
  facet normal -1.00000000e+00 0.00000000e+00 0.00000000e+00
    outer loop
      vertex -1.70000000e-01 0.00000000e+00 0.00000000e+00
      vertex -1.70000000e-01 5.09116882e-03 -5.09116882e-03
      vertex -1.70000000e-01 2.75532071e-03 -6.65193263e-03
    endloop
  endfacet
  facet normal 1.00000000e+00 0.00000000e+00 0.00000000e+00
    outer loop
      vertex 1.70000000e-01 0.00000000e+00 0.00000000e+00
      vertex 1.70000000e-01 2.75532071e-03 -6.65193263e-03
      vertex 1.70000000e-01 5.09116882e-03 -5.09116882e-03
    endloop
  endfacet
  facet normal 0.00000000e+00 8.31469612e-01 -5.55570233e-01
    outer loop
      vertex -1.70000000e-01 5.09116882e-03 -5.09116882e-03
      vertex -1.70000000e-01 6.65193263e-03 -2.75532071e-03
      vertex 1.70000000e-01 6.65193263e-03 -2.75532071e-03
    endloop
  endfacet
  facet normal 0.00000000e+00 8.31469612e-01 -5.55570233e-01
    outer loop
      vertex -1.70000000e-01 5.09116882e-03 -5.09116882e-03
      vertex 1.70000000e-01 6.65193263e-03 -2.75532071e-03
      vertex 1.70000000e-01 5.09116882e-03 -5.09116882e-03
    endloop
  endfacet
  facet normal -1.00000000e+00 0.00000000e+00 0.00000000e+00
    outer loop
      vertex -1.70000000e-01 0.00000000e+00 0.00000000e+00
      vertex -1.70000000e-01 6.65193263e-03 -2.75532071e-03
      vertex -1.70000000e-01 5.09116882e-03 -5.09116882e-03
    endloop
  endfacet
  facet normal 1.00000000e+00 0.00000000e+00 0.00000000e+00
    outer loop
      vertex 1.70000000e-01 0.00000000e+00 0.00000000e+00
      vertex 1.70000000e-01 5.09116882e-03 -5.09116882e-03
      vertex 1.70000000e-01 6.65193263e-03 -2.75532071e-03
    endloop
  endfacet
  facet normal 0.00000000e+00 9.80785280e-01 -1.95090322e-01
    outer loop
      vertex -1.70000000e-01 6.65193263e-03 -2.75532071e-03
      vertex -1.70000000e-01 7.20000000e-03 0.00000000e+00
      vertex 1.70000000e-01 7.20000000e-03 0.00000000e+00
    endloop
  endfacet
  facet normal 0.00000000e+00 9.80785280e-01 -1.95090322e-01
    outer loop
      vertex -1.70000000e-01 6.65193263e-03 -2.75532071e-03
      vertex 1.70000000e-01 7.20000000e-03 0.00000000e+00
      vertex 1.70000000e-01 6.65193263e-03 -2.75532071e-03
    endloop
  endfacet
  facet normal -1.00000000e+00 0.00000000e+00 0.00000000e+00
    outer loop
      vertex -1.70000000e-01 0.00000000e+00 0.00000000e+00
      vertex -1.70000000e-01 7.20000000e-03 0.00000000e+00
      vertex -1.70000000e-01 6.65193263e-03 -2.75532071e-03
    endloop
  endfacet
  facet normal 1.00000000e+00 -0.00000000e+00 0.00000000e+00
    outer loop
      vertex 1.70000000e-01 0.00000000e+00 0.00000000e+00
      vertex 1.70000000e-01 6.65193263e-03 -2.75532071e-03
      vertex 1.70000000e-01 7.20000000e-03 0.00000000e+00
    endloop
  endfacet
  facet normal -9.80785280e-01 0.00000000e+00 1.95090322e-01
    outer loop
      vertex -1.77200000e-01 -1.72000000e-01 1.30000000e-01
      vertex -1.76651933e-01 -1.72000000e-01 1.32755321e-01
      vertex -1.76651933e-01 1.72000000e-01 1.32755321e-01
    endloop
  endfacet
  facet normal -9.80785280e-01 0.00000000e+00 1.95090322e-01
    outer loop
      vertex -1.77200000e-01 -1.72000000e-01 1.30000000e-01
      vertex -1.76651933e-01 1.72000000e-01 1.32755321e-01
      vertex -1.77200000e-01 1.72000000e-01 1.30000000e-01
    endloop
  endfacet
  facet normal 0.00000000e+00 -1.00000000e+00 0.00000000e+00
    outer loop
      vertex -1.70000000e-01 -1.72000000e-01 1.30000000e-01
      vertex -1.76651933e-01 -1.72000000e-01 1.32755321e-01
      vertex -1.77200000e-01 -1.72000000e-01 1.30000000e-01
    endloop
  endfacet
  facet normal 0.00000000e+00 1.00000000e+00 0.00000000e+00
    outer loop
      vertex -1.70000000e-01 1.72000000e-01 1.30000000e-01
      vertex -1.77200000e-01 1.72000000e-01 1.30000000e-01
      vertex -1.76651933e-01 1.72000000e-01 1.32755321e-01
    endloop
  endfacet
  facet normal -8.31469612e-01 0.00000000e+00 5.55570233e-01
    outer loop
      vertex -1.76651933e-01 -1.72000000e-01 1.32755321e-01
      vertex -1.75091169e-01 -1.72000000e-01 1.35091169e-01
      vertex -1.75091169e-01 1.72000000e-01 1.35091169e-01
    endloop
  endfacet
  facet normal -8.31469612e-01 0.00000000e+00 5.55570233e-01
    outer loop
      vertex -1.76651933e-01 -1.72000000e-01 1.32755321e-01
      vertex -1.75091169e-01 1.72000000e-01 1.35091169e-01
      vertex -1.76651933e-01 1.72000000e-01 1.32755321e-01
    endloop
  endfacet
  facet normal 0.00000000e+00 -1.00000000e+00 0.00000000e+00
    outer loop
      vertex -1.70000000e-01 -1.72000000e-01 1.30000000e-01
      vertex -1.75091169e-01 -1.72000000e-01 1.35091169e-01
      vertex -1.76651933e-01 -1.72000000e-01 1.32755321e-01
    endloop
  endfacet
  facet normal 0.00000000e+00 1.00000000e+00 0.00000000e+00
    outer loop
      vertex -1.70000000e-01 1.72000000e-01 1.30000000e-01
      vertex -1.76651933e-01 1.72000000e-01 1.32755321e-01
      vertex -1.75091169e-01 1.72000000e-01 1.35091169e-01
    endloop
  endfacet
  facet normal -5.55570233e-01 0.00000000e+00 8.31469612e-01
    outer loop
      vertex -1.75091169e-01 -1.72000000e-01 1.35091169e-01
      vertex -1.72755321e-01 -1.72000000e-01 1.36651933e-01
      vertex -1.72755321e-01 1.72000000e-01 1.36651933e-01
    endloop
  endfacet
  facet normal -5.55570233e-01 0.00000000e+00 8.31469612e-01
    outer loop
      vertex -1.75091169e-01 -1.72000000e-01 1.35091169e-01
      vertex -1.72755321e-01 1.72000000e-01 1.36651933e-01
      vertex -1.75091169e-01 1.72000000e-01 1.35091169e-01
    endloop
  endfacet
  facet normal 0.00000000e+00 -1.00000000e+00 0.00000000e+00
    outer loop
      vertex -1.70000000e-01 -1.72000000e-01 1.30000000e-01
      vertex -1.72755321e-01 -1.72000000e-01 1.36651933e-01
      vertex -1.75091169e-01 -1.72000000e-01 1.35091169e-01
    endloop
  endfacet
  facet normal 0.00000000e+00 1.00000000e+00 0.00000000e+00
    outer loop
      vertex -1.70000000e-01 1.72000000e-01 1.30000000e-01
      vertex -1.75091169e-01 1.72000000e-01 1.35091169e-01
      vertex -1.72755321e-01 1.72000000e-01 1.36651933e-01
    endloop
  endfacet
  facet normal -1.95090322e-01 0.00000000e+00 9.80785280e-01
    outer loop
      vertex -1.72755321e-01 -1.72000000e-01 1.36651933e-01
      vertex -1.70000000e-01 -1.72000000e-01 1.37200000e-01
      vertex -1.70000000e-01 1.72000000e-01 1.37200000e-01
    endloop
  endfacet
  facet normal -1.95090322e-01 0.00000000e+00 9.80785280e-01
    outer loop
      vertex -1.72755321e-01 -1.72000000e-01 1.36651933e-01
      vertex -1.70000000e-01 1.72000000e-01 1.37200000e-01
      vertex -1.72755321e-01 1.72000000e-01 1.36651933e-01
    endloop
  endfacet
  facet normal 0.00000000e+00 -1.00000000e+00 0.00000000e+00
    outer loop
      vertex -1.70000000e-01 -1.72000000e-01 1.30000000e-01
      vertex -1.70000000e-01 -1.72000000e-01 1.37200000e-01
      vertex -1.72755321e-01 -1.72000000e-01 1.36651933e-01
    endloop
  endfacet
  facet normal 0.00000000e+00 1.00000000e+00 -0.00000000e+00
    outer loop
      vertex -1.70000000e-01 1.72000000e-01 1.30000000e-01
      vertex -1.72755321e-01 1.72000000e-01 1.36651933e-01
      vertex -1.70000000e-01 1.72000000e-01 1.37200000e-01
    endloop
  endfacet
  facet normal 1.95090322e-01 0.00000000e+00 9.80785280e-01
    outer loop
      vertex -1.70000000e-01 -1.72000000e-01 1.37200000e-01
      vertex -1.67244679e-01 -1.72000000e-01 1.36651933e-01
      vertex -1.67244679e-01 1.72000000e-01 1.36651933e-01
    endloop
  endfacet
  facet normal 1.95090322e-01 -0.00000000e+00 9.80785280e-01
    outer loop
      vertex -1.70000000e-01 -1.72000000e-01 1.37200000e-01
      vertex -1.67244679e-01 1.72000000e-01 1.36651933e-01
      vertex -1.70000000e-01 1.72000000e-01 1.37200000e-01
    endloop
  endfacet
  facet normal 0.00000000e+00 -1.00000000e+00 0.00000000e+00
    outer loop
      vertex -1.70000000e-01 -1.72000000e-01 1.30000000e-01
      vertex -1.67244679e-01 -1.72000000e-01 1.36651933e-01
      vertex -1.70000000e-01 -1.72000000e-01 1.37200000e-01
    endloop
  endfacet
  facet normal 0.00000000e+00 1.00000000e+00 0.00000000e+00
    outer loop
      vertex -1.70000000e-01 1.72000000e-01 1.30000000e-01
      vertex -1.70000000e-01 1.72000000e-01 1.37200000e-01
      vertex -1.67244679e-01 1.72000000e-01 1.36651933e-01
    endloop
  endfacet
  facet normal 5.55570233e-01 0.00000000e+00 8.31469612e-01
    outer loop
      vertex -1.67244679e-01 -1.72000000e-01 1.36651933e-01
      vertex -1.64908831e-01 -1.72000000e-01 1.35091169e-01
      vertex -1.64908831e-01 1.72000000e-01 1.35091169e-01
    endloop
  endfacet
  facet normal 5.55570233e-01 -0.00000000e+00 8.31469612e-01
    outer loop
      vertex -1.67244679e-01 -1.72000000e-01 1.36651933e-01
      vertex -1.64908831e-01 1.72000000e-01 1.35091169e-01
      vertex -1.67244679e-01 1.72000000e-01 1.36651933e-01
    endloop
  endfacet
  facet normal 0.00000000e+00 -1.00000000e+00 0.00000000e+00
    outer loop
      vertex -1.70000000e-01 -1.72000000e-01 1.30000000e-01
      vertex -1.64908831e-01 -1.72000000e-01 1.35091169e-01
      vertex -1.67244679e-01 -1.72000000e-01 1.36651933e-01
    endloop
  endfacet
  facet normal 0.00000000e+00 1.00000000e+00 0.00000000e+00
    outer loop
      vertex -1.70000000e-01 1.72000000e-01 1.30000000e-01
      vertex -1.67244679e-01 1.72000000e-01 1.36651933e-01
      vertex -1.64908831e-01 1.72000000e-01 1.35091169e-01
    endloop
  endfacet
  facet normal 8.31469612e-01 0.00000000e+00 5.55570233e-01
    outer loop
      vertex -1.64908831e-01 -1.72000000e-01 1.35091169e-01
      vertex -1.63348067e-01 -1.72000000e-01 1.32755321e-01
      vertex -1.63348067e-01 1.72000000e-01 1.32755321e-01
    endloop
  endfacet
  facet normal 8.31469612e-01 -0.00000000e+00 5.55570233e-01
    outer loop
      vertex -1.64908831e-01 -1.72000000e-01 1.35091169e-01
      vertex -1.63348067e-01 1.72000000e-01 1.32755321e-01
      vertex -1.64908831e-01 1.72000000e-01 1.35091169e-01
    endloop
  endfacet
  facet normal 0.00000000e+00 -1.00000000e+00 0.00000000e+00
    outer loop
      vertex -1.70000000e-01 -1.72000000e-01 1.30000000e-01
      vertex -1.63348067e-01 -1.72000000e-01 1.32755321e-01
      vertex -1.64908831e-01 -1.72000000e-01 1.35091169e-01
    endloop
  endfacet
  facet normal 0.00000000e+00 1.00000000e+00 0.00000000e+00
    outer loop
      vertex -1.70000000e-01 1.72000000e-01 1.30000000e-01
      vertex -1.64908831e-01 1.72000000e-01 1.35091169e-01
      vertex -1.63348067e-01 1.72000000e-01 1.32755321e-01
    endloop
  endfacet
  facet normal 9.80785280e-01 0.00000000e+00 1.95090322e-01
    outer loop
      vertex -1.63348067e-01 -1.72000000e-01 1.32755321e-01
      vertex -1.62800000e-01 -1.72000000e-01 1.30000000e-01
      vertex -1.62800000e-01 1.72000000e-01 1.30000000e-01
    endloop
  endfacet
  facet normal 9.80785280e-01 -0.00000000e+00 1.95090322e-01
    outer loop
      vertex -1.63348067e-01 -1.72000000e-01 1.32755321e-01
      vertex -1.62800000e-01 1.72000000e-01 1.30000000e-01
      vertex -1.63348067e-01 1.72000000e-01 1.32755321e-01
    endloop
  endfacet
  facet normal 0.00000000e+00 -1.00000000e+00 0.00000000e+00
    outer loop
      vertex -1.70000000e-01 -1.72000000e-01 1.30000000e-01
      vertex -1.62800000e-01 -1.72000000e-01 1.30000000e-01
      vertex -1.63348067e-01 -1.72000000e-01 1.32755321e-01
    endloop
  endfacet
  facet normal 0.00000000e+00 1.00000000e+00 0.00000000e+00
    outer loop
      vertex -1.70000000e-01 1.72000000e-01 1.30000000e-01
      vertex -1.63348067e-01 1.72000000e-01 1.32755321e-01
      vertex -1.62800000e-01 1.72000000e-01 1.30000000e-01
    endloop
  endfacet
  facet normal 9.80785280e-01 0.00000000e+00 -1.95090322e-01
    outer loop
      vertex -1.62800000e-01 -1.72000000e-01 1.30000000e-01
      vertex -1.63348067e-01 -1.72000000e-01 1.27244679e-01
      vertex -1.63348067e-01 1.72000000e-01 1.27244679e-01
    endloop
  endfacet
  facet normal 9.80785280e-01 0.00000000e+00 -1.95090322e-01
    outer loop
      vertex -1.62800000e-01 -1.72000000e-01 1.30000000e-01
      vertex -1.63348067e-01 1.72000000e-01 1.27244679e-01
      vertex -1.62800000e-01 1.72000000e-01 1.30000000e-01
    endloop
  endfacet
  facet normal 0.00000000e+00 -1.00000000e+00 0.00000000e+00
    outer loop
      vertex -1.70000000e-01 -1.72000000e-01 1.30000000e-01
      vertex -1.63348067e-01 -1.72000000e-01 1.27244679e-01
      vertex -1.62800000e-01 -1.72000000e-01 1.30000000e-01
    endloop
  endfacet
  facet normal -0.00000000e+00 1.00000000e+00 0.00000000e+00
    outer loop
      vertex -1.70000000e-01 1.72000000e-01 1.30000000e-01
      vertex -1.62800000e-01 1.72000000e-01 1.30000000e-01
      vertex -1.63348067e-01 1.72000000e-01 1.27244679e-01
    endloop
  endfacet
  facet normal 8.31469612e-01 0.00000000e+00 -5.55570233e-01
    outer loop
      vertex -1.63348067e-01 -1.72000000e-01 1.27244679e-01
      vertex -1.64908831e-01 -1.72000000e-01 1.24908831e-01
      vertex -1.64908831e-01 1.72000000e-01 1.24908831e-01
    endloop
  endfacet
  facet normal 8.31469612e-01 0.00000000e+00 -5.55570233e-01
    outer loop
      vertex -1.63348067e-01 -1.72000000e-01 1.27244679e-01
      vertex -1.64908831e-01 1.72000000e-01 1.24908831e-01
      vertex -1.63348067e-01 1.72000000e-01 1.27244679e-01
    endloop
  endfacet
  facet normal 0.00000000e+00 -1.00000000e+00 0.00000000e+00
    outer loop
      vertex -1.70000000e-01 -1.72000000e-01 1.30000000e-01
      vertex -1.64908831e-01 -1.72000000e-01 1.24908831e-01
      vertex -1.63348067e-01 -1.72000000e-01 1.27244679e-01
    endloop
  endfacet
  facet normal 0.00000000e+00 1.00000000e+00 0.00000000e+00
    outer loop
      vertex -1.70000000e-01 1.72000000e-01 1.30000000e-01
      vertex -1.63348067e-01 1.72000000e-01 1.27244679e-01
      vertex -1.64908831e-01 1.72000000e-01 1.24908831e-01
    endloop
  endfacet
  facet normal 5.55570233e-01 0.00000000e+00 -8.31469612e-01
    outer loop
      vertex -1.64908831e-01 -1.72000000e-01 1.24908831e-01
      vertex -1.67244679e-01 -1.72000000e-01 1.23348067e-01
      vertex -1.67244679e-01 1.72000000e-01 1.23348067e-01
    endloop
  endfacet
  facet normal 5.55570233e-01 0.00000000e+00 -8.31469612e-01
    outer loop
      vertex -1.64908831e-01 -1.72000000e-01 1.24908831e-01
      vertex -1.67244679e-01 1.72000000e-01 1.23348067e-01
      vertex -1.64908831e-01 1.72000000e-01 1.24908831e-01
    endloop
  endfacet
  facet normal 0.00000000e+00 -1.00000000e+00 0.00000000e+00
    outer loop
      vertex -1.70000000e-01 -1.72000000e-01 1.30000000e-01
      vertex -1.67244679e-01 -1.72000000e-01 1.23348067e-01
      vertex -1.64908831e-01 -1.72000000e-01 1.24908831e-01
    endloop
  endfacet
  facet normal 0.00000000e+00 1.00000000e+00 0.00000000e+00
    outer loop
      vertex -1.70000000e-01 1.72000000e-01 1.30000000e-01
      vertex -1.64908831e-01 1.72000000e-01 1.24908831e-01
      vertex -1.67244679e-01 1.72000000e-01 1.23348067e-01
    endloop
  endfacet
  facet normal 1.95090322e-01 0.00000000e+00 -9.80785280e-01
    outer loop
      vertex -1.67244679e-01 -1.72000000e-01 1.23348067e-01
      vertex -1.70000000e-01 -1.72000000e-01 1.22800000e-01
      vertex -1.70000000e-01 1.72000000e-01 1.22800000e-01
    endloop
  endfacet
  facet normal 1.95090322e-01 0.00000000e+00 -9.80785280e-01
    outer loop
      vertex -1.67244679e-01 -1.72000000e-01 1.23348067e-01
      vertex -1.70000000e-01 1.72000000e-01 1.22800000e-01
      vertex -1.67244679e-01 1.72000000e-01 1.23348067e-01
    endloop
  endfacet
  facet normal 0.00000000e+00 -1.00000000e+00 0.00000000e+00
    outer loop
      vertex -1.70000000e-01 -1.72000000e-01 1.30000000e-01
      vertex -1.70000000e-01 -1.72000000e-01 1.22800000e-01
      vertex -1.67244679e-01 -1.72000000e-01 1.23348067e-01
    endloop
  endfacet
  facet normal 0.00000000e+00 1.00000000e+00 0.00000000e+00
    outer loop
      vertex -1.70000000e-01 1.72000000e-01 1.30000000e-01
      vertex -1.67244679e-01 1.72000000e-01 1.23348067e-01
      vertex -1.70000000e-01 1.72000000e-01 1.22800000e-01
    endloop
  endfacet
  facet normal -1.95090322e-01 0.00000000e+00 -9.80785280e-01
    outer loop
      vertex -1.70000000e-01 -1.72000000e-01 1.22800000e-01
      vertex -1.72755321e-01 -1.72000000e-01 1.23348067e-01
      vertex -1.72755321e-01 1.72000000e-01 1.23348067e-01
    endloop
  endfacet
  facet normal -1.95090322e-01 0.00000000e+00 -9.80785280e-01
    outer loop
      vertex -1.70000000e-01 -1.72000000e-01 1.22800000e-01
      vertex -1.72755321e-01 1.72000000e-01 1.23348067e-01
      vertex -1.70000000e-01 1.72000000e-01 1.22800000e-01
    endloop
  endfacet
  facet normal 0.00000000e+00 -1.00000000e+00 -0.00000000e+00
    outer loop
      vertex -1.70000000e-01 -1.72000000e-01 1.30000000e-01
      vertex -1.72755321e-01 -1.72000000e-01 1.23348067e-01
      vertex -1.70000000e-01 -1.72000000e-01 1.22800000e-01
    endloop
  endfacet
  facet normal 0.00000000e+00 1.00000000e+00 0.00000000e+00
    outer loop
      vertex -1.70000000e-01 1.72000000e-01 1.30000000e-01
      vertex -1.70000000e-01 1.72000000e-01 1.22800000e-01
      vertex -1.72755321e-01 1.72000000e-01 1.23348067e-01
    endloop
  endfacet
  facet normal -5.55570233e-01 0.00000000e+00 -8.31469612e-01
    outer loop
      vertex -1.72755321e-01 -1.72000000e-01 1.23348067e-01
      vertex -1.75091169e-01 -1.72000000e-01 1.24908831e-01
      vertex -1.75091169e-01 1.72000000e-01 1.24908831e-01
    endloop
  endfacet
  facet normal -5.55570233e-01 0.00000000e+00 -8.31469612e-01
    outer loop
      vertex -1.72755321e-01 -1.72000000e-01 1.23348067e-01
      vertex -1.75091169e-01 1.72000000e-01 1.24908831e-01
      vertex -1.72755321e-01 1.72000000e-01 1.23348067e-01
    endloop
  endfacet
  facet normal 0.00000000e+00 -1.00000000e+00 0.00000000e+00
    outer loop
      vertex -1.70000000e-01 -1.72000000e-01 1.30000000e-01
      vertex -1.75091169e-01 -1.72000000e-01 1.24908831e-01
      vertex -1.72755321e-01 -1.72000000e-01 1.23348067e-01
    endloop
  endfacet
  facet normal 0.00000000e+00 1.00000000e+00 0.00000000e+00
    outer loop
      vertex -1.70000000e-01 1.72000000e-01 1.30000000e-01
      vertex -1.72755321e-01 1.72000000e-01 1.23348067e-01
      vertex -1.75091169e-01 1.72000000e-01 1.24908831e-01
    endloop
  endfacet
  facet normal -8.31469612e-01 0.00000000e+00 -5.55570233e-01
    outer loop
      vertex -1.75091169e-01 -1.72000000e-01 1.24908831e-01
      vertex -1.76651933e-01 -1.72000000e-01 1.27244679e-01
      vertex -1.76651933e-01 1.72000000e-01 1.27244679e-01
    endloop
  endfacet
  facet normal -8.31469612e-01 0.00000000e+00 -5.55570233e-01
    outer loop
      vertex -1.75091169e-01 -1.72000000e-01 1.24908831e-01
      vertex -1.76651933e-01 1.72000000e-01 1.27244679e-01
      vertex -1.75091169e-01 1.72000000e-01 1.24908831e-01
    endloop
  endfacet
  facet normal 0.00000000e+00 -1.00000000e+00 0.00000000e+00
    outer loop
      vertex -1.70000000e-01 -1.72000000e-01 1.30000000e-01
      vertex -1.76651933e-01 -1.72000000e-01 1.27244679e-01
      vertex -1.75091169e-01 -1.72000000e-01 1.24908831e-01
    endloop
  endfacet
  facet normal 0.00000000e+00 1.00000000e+00 0.00000000e+00
    outer loop
      vertex -1.70000000e-01 1.72000000e-01 1.30000000e-01
      vertex -1.75091169e-01 1.72000000e-01 1.24908831e-01
      vertex -1.76651933e-01 1.72000000e-01 1.27244679e-01
    endloop
  endfacet
  facet normal -9.80785280e-01 0.00000000e+00 -1.95090322e-01
    outer loop
      vertex -1.76651933e-01 -1.72000000e-01 1.27244679e-01
      vertex -1.77200000e-01 -1.72000000e-01 1.30000000e-01
      vertex -1.77200000e-01 1.72000000e-01 1.30000000e-01
    endloop
  endfacet
  facet normal -9.80785280e-01 0.00000000e+00 -1.95090322e-01
    outer loop
      vertex -1.76651933e-01 -1.72000000e-01 1.27244679e-01
      vertex -1.77200000e-01 1.72000000e-01 1.30000000e-01
      vertex -1.76651933e-01 1.72000000e-01 1.27244679e-01
    endloop
  endfacet
  facet normal -0.00000000e+00 -1.00000000e+00 0.00000000e+00
    outer loop
      vertex -1.70000000e-01 -1.72000000e-01 1.30000000e-01
      vertex -1.77200000e-01 -1.72000000e-01 1.30000000e-01
      vertex -1.76651933e-01 -1.72000000e-01 1.27244679e-01
    endloop
  endfacet
  facet normal 0.00000000e+00 1.00000000e+00 0.00000000e+00
    outer loop
      vertex -1.70000000e-01 1.72000000e-01 1.30000000e-01
      vertex -1.76651933e-01 1.72000000e-01 1.27244679e-01
      vertex -1.77200000e-01 1.72000000e-01 1.30000000e-01
    endloop
  endfacet
  facet normal 1.00000000e+00 0.00000000e+00 0.00000000e+00
    outer loop
      vertex 1.54000000e-01 -1.67200000e-01 1.60000000e-02
      vertex 1.54000000e-01 -1.59200000e-01 1.60000000e-02
      vertex 1.54000000e-01 -1.59200000e-01 2.44000000e-01
    endloop
  endfacet
  facet normal 1.00000000e+00 0.00000000e+00 0.00000000e+00
    outer loop
      vertex 1.54000000e-01 -1.67200000e-01 1.60000000e-02
      vertex 1.54000000e-01 -1.59200000e-01 2.44000000e-01
      vertex 1.54000000e-01 -1.67200000e-01 2.44000000e-01
    endloop
  endfacet
  facet normal -1.00000000e+00 0.00000000e+00 0.00000000e+00
    outer loop
      vertex -1.54000000e-01 -1.67200000e-01 1.60000000e-02
      vertex -1.54000000e-01 -1.67200000e-01 2.44000000e-01
      vertex -1.54000000e-01 -1.59200000e-01 2.44000000e-01
    endloop
  endfacet
  facet normal -1.00000000e+00 0.00000000e+00 0.00000000e+00
    outer loop
      vertex -1.54000000e-01 -1.67200000e-01 1.60000000e-02
      vertex -1.54000000e-01 -1.59200000e-01 2.44000000e-01
      vertex -1.54000000e-01 -1.59200000e-01 1.60000000e-02
    endloop
  endfacet
  facet normal 0.00000000e+00 1.00000000e+00 0.00000000e+00
    outer loop
      vertex -1.54000000e-01 -1.59200000e-01 1.60000000e-02
      vertex -1.54000000e-01 -1.59200000e-01 2.44000000e-01
      vertex 1.54000000e-01 -1.59200000e-01 2.44000000e-01
    endloop
  endfacet
  facet normal 0.00000000e+00 1.00000000e+00 0.00000000e+00
    outer loop
      vertex -1.54000000e-01 -1.59200000e-01 1.60000000e-02
      vertex 1.54000000e-01 -1.59200000e-01 2.44000000e-01
      vertex 1.54000000e-01 -1.59200000e-01 1.60000000e-02
    endloop
  endfacet
  facet normal 0.00000000e+00 -1.00000000e+00 0.00000000e+00
    outer loop
      vertex -1.54000000e-01 -1.67200000e-01 1.60000000e-02
      vertex 1.54000000e-01 -1.67200000e-01 1.60000000e-02
      vertex 1.54000000e-01 -1.67200000e-01 2.44000000e-01
    endloop
  endfacet
  facet normal 0.00000000e+00 -1.00000000e+00 0.00000000e+00
    outer loop
      vertex -1.54000000e-01 -1.67200000e-01 1.60000000e-02
      vertex 1.54000000e-01 -1.67200000e-01 2.44000000e-01
      vertex -1.54000000e-01 -1.67200000e-01 2.44000000e-01
    endloop
  endfacet
  facet normal 0.00000000e+00 0.00000000e+00 1.00000000e+00
    outer loop
      vertex -1.54000000e-01 -1.67200000e-01 2.44000000e-01
      vertex 1.54000000e-01 -1.67200000e-01 2.44000000e-01
      vertex 1.54000000e-01 -1.59200000e-01 2.44000000e-01
    endloop
  endfacet
  facet normal 0.00000000e+00 0.00000000e+00 1.00000000e+00
    outer loop
      vertex -1.54000000e-01 -1.67200000e-01 2.44000000e-01
      vertex 1.54000000e-01 -1.59200000e-01 2.44000000e-01
      vertex -1.54000000e-01 -1.59200000e-01 2.44000000e-01
    endloop
  endfacet
  facet normal 0.00000000e+00 0.00000000e+00 -1.00000000e+00
    outer loop
      vertex -1.54000000e-01 -1.67200000e-01 1.60000000e-02
      vertex -1.54000000e-01 -1.59200000e-01 1.60000000e-02
      vertex 1.54000000e-01 -1.59200000e-01 1.60000000e-02
    endloop
  endfacet
  facet normal 0.00000000e+00 0.00000000e+00 -1.00000000e+00
    outer loop
      vertex -1.54000000e-01 -1.67200000e-01 1.60000000e-02
      vertex 1.54000000e-01 -1.59200000e-01 1.60000000e-02
      vertex 1.54000000e-01 -1.67200000e-01 1.60000000e-02
    endloop
  endfacet
  facet normal 1.00000000e+00 0.00000000e+00 0.00000000e+00
    outer loop
      vertex 1.54000000e-01 1.59200000e-01 1.60000000e-02
      vertex 1.54000000e-01 1.67200000e-01 1.60000000e-02
      vertex 1.54000000e-01 1.67200000e-01 2.44000000e-01
    endloop
  endfacet
  facet normal 1.00000000e+00 0.00000000e+00 0.00000000e+00
    outer loop
      vertex 1.54000000e-01 1.59200000e-01 1.60000000e-02
      vertex 1.54000000e-01 1.67200000e-01 2.44000000e-01
      vertex 1.54000000e-01 1.59200000e-01 2.44000000e-01
    endloop
  endfacet
  facet normal -1.00000000e+00 0.00000000e+00 0.00000000e+00
    outer loop
      vertex -1.54000000e-01 1.59200000e-01 1.60000000e-02
      vertex -1.54000000e-01 1.59200000e-01 2.44000000e-01
      vertex -1.54000000e-01 1.67200000e-01 2.44000000e-01
    endloop
  endfacet
  facet normal -1.00000000e+00 0.00000000e+00 0.00000000e+00
    outer loop
      vertex -1.54000000e-01 1.59200000e-01 1.60000000e-02
      vertex -1.54000000e-01 1.67200000e-01 2.44000000e-01
      vertex -1.54000000e-01 1.67200000e-01 1.60000000e-02
    endloop
  endfacet
  facet normal 0.00000000e+00 1.00000000e+00 0.00000000e+00
    outer loop
      vertex -1.54000000e-01 1.67200000e-01 1.60000000e-02
      vertex -1.54000000e-01 1.67200000e-01 2.44000000e-01
      vertex 1.54000000e-01 1.67200000e-01 2.44000000e-01
    endloop
  endfacet
  facet normal 0.00000000e+00 1.00000000e+00 0.00000000e+00
    outer loop
      vertex -1.54000000e-01 1.67200000e-01 1.60000000e-02
      vertex 1.54000000e-01 1.67200000e-01 2.44000000e-01
      vertex 1.54000000e-01 1.67200000e-01 1.60000000e-02
    endloop
  endfacet
  facet normal 0.00000000e+00 -1.00000000e+00 0.00000000e+00
    outer loop
      vertex -1.54000000e-01 1.59200000e-01 1.60000000e-02
      vertex 1.54000000e-01 1.59200000e-01 1.60000000e-02
      vertex 1.54000000e-01 1.59200000e-01 2.44000000e-01
    endloop
  endfacet
  facet normal 0.00000000e+00 -1.00000000e+00 0.00000000e+00
    outer loop
      vertex -1.54000000e-01 1.59200000e-01 1.60000000e-02
      vertex 1.54000000e-01 1.59200000e-01 2.44000000e-01
      vertex -1.54000000e-01 1.59200000e-01 2.44000000e-01
    endloop
  endfacet
  facet normal 0.00000000e+00 0.00000000e+00 1.00000000e+00
    outer loop
      vertex -1.54000000e-01 1.59200000e-01 2.44000000e-01
      vertex 1.54000000e-01 1.59200000e-01 2.44000000e-01
      vertex 1.54000000e-01 1.67200000e-01 2.44000000e-01
    endloop
  endfacet
  facet normal 0.00000000e+00 0.00000000e+00 1.00000000e+00
    outer loop
      vertex -1.54000000e-01 1.59200000e-01 2.44000000e-01
      vertex 1.54000000e-01 1.67200000e-01 2.44000000e-01
      vertex -1.54000000e-01 1.67200000e-01 2.44000000e-01
    endloop
  endfacet
  facet normal 0.00000000e+00 0.00000000e+00 -1.00000000e+00
    outer loop
      vertex -1.54000000e-01 1.59200000e-01 1.60000000e-02
      vertex -1.54000000e-01 1.67200000e-01 1.60000000e-02
      vertex 1.54000000e-01 1.67200000e-01 1.60000000e-02
    endloop
  endfacet
  facet normal 0.00000000e+00 0.00000000e+00 -1.00000000e+00
    outer loop
      vertex -1.54000000e-01 1.59200000e-01 1.60000000e-02
      vertex 1.54000000e-01 1.67200000e-01 1.60000000e-02
      vertex 1.54000000e-01 1.59200000e-01 1.60000000e-02
    endloop
  endfacet
  facet normal 1.00000000e+00 0.00000000e+00 0.00000000e+00
    outer loop
      vertex -1.57200000e-01 -1.56000000e-01 1.60000000e-02
      vertex -1.57200000e-01 1.56000000e-01 1.60000000e-02
      vertex -1.57200000e-01 1.56000000e-01 2.44000000e-01
    endloop
  endfacet
  facet normal 1.00000000e+00 0.00000000e+00 0.00000000e+00
    outer loop
      vertex -1.57200000e-01 -1.56000000e-01 1.60000000e-02
      vertex -1.57200000e-01 1.56000000e-01 2.44000000e-01
      vertex -1.57200000e-01 -1.56000000e-01 2.44000000e-01
    endloop
  endfacet
  facet normal -1.00000000e+00 0.00000000e+00 0.00000000e+00
    outer loop
      vertex -1.65200000e-01 -1.56000000e-01 1.60000000e-02
      vertex -1.65200000e-01 -1.56000000e-01 2.44000000e-01
      vertex -1.65200000e-01 1.56000000e-01 2.44000000e-01
    endloop
  endfacet
  facet normal -1.00000000e+00 0.00000000e+00 0.00000000e+00
    outer loop
      vertex -1.65200000e-01 -1.56000000e-01 1.60000000e-02
      vertex -1.65200000e-01 1.56000000e-01 2.44000000e-01
      vertex -1.65200000e-01 1.56000000e-01 1.60000000e-02
    endloop
  endfacet
  facet normal 0.00000000e+00 1.00000000e+00 0.00000000e+00
    outer loop
      vertex -1.65200000e-01 1.56000000e-01 1.60000000e-02
      vertex -1.65200000e-01 1.56000000e-01 2.44000000e-01
      vertex -1.57200000e-01 1.56000000e-01 2.44000000e-01
    endloop
  endfacet
  facet normal 0.00000000e+00 1.00000000e+00 0.00000000e+00
    outer loop
      vertex -1.65200000e-01 1.56000000e-01 1.60000000e-02
      vertex -1.57200000e-01 1.56000000e-01 2.44000000e-01
      vertex -1.57200000e-01 1.56000000e-01 1.60000000e-02
    endloop
  endfacet
  facet normal 0.00000000e+00 -1.00000000e+00 0.00000000e+00
    outer loop
      vertex -1.65200000e-01 -1.56000000e-01 1.60000000e-02
      vertex -1.57200000e-01 -1.56000000e-01 1.60000000e-02
      vertex -1.57200000e-01 -1.56000000e-01 2.44000000e-01
    endloop
  endfacet
  facet normal 0.00000000e+00 -1.00000000e+00 0.00000000e+00
    outer loop
      vertex -1.65200000e-01 -1.56000000e-01 1.60000000e-02
      vertex -1.57200000e-01 -1.56000000e-01 2.44000000e-01
      vertex -1.65200000e-01 -1.56000000e-01 2.44000000e-01
    endloop
  endfacet
  facet normal 0.00000000e+00 0.00000000e+00 1.00000000e+00
    outer loop
      vertex -1.65200000e-01 -1.56000000e-01 2.44000000e-01
      vertex -1.57200000e-01 -1.56000000e-01 2.44000000e-01
      vertex -1.57200000e-01 1.56000000e-01 2.44000000e-01
    endloop
  endfacet
  facet normal 0.00000000e+00 0.00000000e+00 1.00000000e+00
    outer loop
      vertex -1.65200000e-01 -1.56000000e-01 2.44000000e-01
      vertex -1.57200000e-01 1.56000000e-01 2.44000000e-01
      vertex -1.65200000e-01 1.56000000e-01 2.44000000e-01
    endloop
  endfacet
  facet normal 0.00000000e+00 0.00000000e+00 -1.00000000e+00
    outer loop
      vertex -1.65200000e-01 -1.56000000e-01 1.60000000e-02
      vertex -1.65200000e-01 1.56000000e-01 1.60000000e-02
      vertex -1.57200000e-01 1.56000000e-01 1.60000000e-02
    endloop
  endfacet
  facet normal 0.00000000e+00 0.00000000e+00 -1.00000000e+00
    outer loop
      vertex -1.65200000e-01 -1.56000000e-01 1.60000000e-02
      vertex -1.57200000e-01 1.56000000e-01 1.60000000e-02
      vertex -1.57200000e-01 -1.56000000e-01 1.60000000e-02
    endloop
  endfacet
  facet normal 1.00000000e+00 0.00000000e+00 0.00000000e+00
    outer loop
      vertex 1.54000000e-01 -1.56000000e-01 2.80000000e-03
      vertex 1.54000000e-01 1.56000000e-01 2.80000000e-03
      vertex 1.54000000e-01 1.56000000e-01 1.48000000e-02
    endloop
  endfacet
  facet normal 1.00000000e+00 0.00000000e+00 0.00000000e+00
    outer loop
      vertex 1.54000000e-01 -1.56000000e-01 2.80000000e-03
      vertex 1.54000000e-01 1.56000000e-01 1.48000000e-02
      vertex 1.54000000e-01 -1.56000000e-01 1.48000000e-02
    endloop
  endfacet
  facet normal -1.00000000e+00 0.00000000e+00 0.00000000e+00
    outer loop
      vertex -1.54000000e-01 -1.56000000e-01 2.80000000e-03
      vertex -1.54000000e-01 -1.56000000e-01 1.48000000e-02
      vertex -1.54000000e-01 1.56000000e-01 1.48000000e-02
    endloop
  endfacet
  facet normal -1.00000000e+00 0.00000000e+00 0.00000000e+00
    outer loop
      vertex -1.54000000e-01 -1.56000000e-01 2.80000000e-03
      vertex -1.54000000e-01 1.56000000e-01 1.48000000e-02
      vertex -1.54000000e-01 1.56000000e-01 2.80000000e-03
    endloop
  endfacet
  facet normal 0.00000000e+00 1.00000000e+00 0.00000000e+00
    outer loop
      vertex -1.54000000e-01 1.56000000e-01 2.80000000e-03
      vertex -1.54000000e-01 1.56000000e-01 1.48000000e-02
      vertex 1.54000000e-01 1.56000000e-01 1.48000000e-02
    endloop
  endfacet
  facet normal 0.00000000e+00 1.00000000e+00 0.00000000e+00
    outer loop
      vertex -1.54000000e-01 1.56000000e-01 2.80000000e-03
      vertex 1.54000000e-01 1.56000000e-01 1.48000000e-02
      vertex 1.54000000e-01 1.56000000e-01 2.80000000e-03
    endloop
  endfacet
  facet normal 0.00000000e+00 -1.00000000e+00 0.00000000e+00
    outer loop
      vertex -1.54000000e-01 -1.56000000e-01 2.80000000e-03
      vertex 1.54000000e-01 -1.56000000e-01 2.80000000e-03
      vertex 1.54000000e-01 -1.56000000e-01 1.48000000e-02
    endloop
  endfacet
  facet normal 0.00000000e+00 -1.00000000e+00 0.00000000e+00
    outer loop
      vertex -1.54000000e-01 -1.56000000e-01 2.80000000e-03
      vertex 1.54000000e-01 -1.56000000e-01 1.48000000e-02
      vertex -1.54000000e-01 -1.56000000e-01 1.48000000e-02
    endloop
  endfacet
  facet normal 0.00000000e+00 0.00000000e+00 1.00000000e+00
    outer loop
      vertex -1.54000000e-01 -1.56000000e-01 1.48000000e-02
      vertex 1.54000000e-01 -1.56000000e-01 1.48000000e-02
      vertex 1.54000000e-01 1.56000000e-01 1.48000000e-02
    endloop
  endfacet
  facet normal 0.00000000e+00 0.00000000e+00 1.00000000e+00
    outer loop
      vertex -1.54000000e-01 -1.56000000e-01 1.48000000e-02
      vertex 1.54000000e-01 1.56000000e-01 1.48000000e-02
      vertex -1.54000000e-01 1.56000000e-01 1.48000000e-02
    endloop
  endfacet
  facet normal 0.00000000e+00 0.00000000e+00 -1.00000000e+00
    outer loop
      vertex -1.54000000e-01 -1.56000000e-01 2.80000000e-03
      vertex -1.54000000e-01 1.56000000e-01 2.80000000e-03
      vertex 1.54000000e-01 1.56000000e-01 2.80000000e-03
    endloop
  endfacet
  facet normal 0.00000000e+00 0.00000000e+00 -1.00000000e+00
    outer loop
      vertex -1.54000000e-01 -1.56000000e-01 2.80000000e-03
      vertex 1.54000000e-01 1.56000000e-01 2.80000000e-03
      vertex 1.54000000e-01 -1.56000000e-01 2.80000000e-03
    endloop
  endfacet
  facet normal 1.00000000e+00 0.00000000e+00 0.00000000e+00
    outer loop
      vertex 1.54000000e-01 -1.56000000e-01 2.45200000e-01
      vertex 1.54000000e-01 1.56000000e-01 2.45200000e-01
      vertex 1.54000000e-01 1.56000000e-01 2.57200000e-01
    endloop
  endfacet
  facet normal 1.00000000e+00 0.00000000e+00 0.00000000e+00
    outer loop
      vertex 1.54000000e-01 -1.56000000e-01 2.45200000e-01
      vertex 1.54000000e-01 1.56000000e-01 2.57200000e-01
      vertex 1.54000000e-01 -1.56000000e-01 2.57200000e-01
    endloop
  endfacet
  facet normal -1.00000000e+00 0.00000000e+00 0.00000000e+00
    outer loop
      vertex -1.54000000e-01 -1.56000000e-01 2.45200000e-01
      vertex -1.54000000e-01 -1.56000000e-01 2.57200000e-01
      vertex -1.54000000e-01 1.56000000e-01 2.57200000e-01
    endloop
  endfacet
  facet normal -1.00000000e+00 0.00000000e+00 0.00000000e+00
    outer loop
      vertex -1.54000000e-01 -1.56000000e-01 2.45200000e-01
      vertex -1.54000000e-01 1.56000000e-01 2.57200000e-01
      vertex -1.54000000e-01 1.56000000e-01 2.45200000e-01
    endloop
  endfacet
  facet normal 0.00000000e+00 1.00000000e+00 0.00000000e+00
    outer loop
      vertex -1.54000000e-01 1.56000000e-01 2.45200000e-01
      vertex -1.54000000e-01 1.56000000e-01 2.57200000e-01
      vertex 1.54000000e-01 1.56000000e-01 2.57200000e-01
    endloop
  endfacet
  facet normal 0.00000000e+00 1.00000000e+00 0.00000000e+00
    outer loop
      vertex -1.54000000e-01 1.56000000e-01 2.45200000e-01
      vertex 1.54000000e-01 1.56000000e-01 2.57200000e-01
      vertex 1.54000000e-01 1.56000000e-01 2.45200000e-01
    endloop
  endfacet
  facet normal 0.00000000e+00 -1.00000000e+00 0.00000000e+00
    outer loop
      vertex -1.54000000e-01 -1.56000000e-01 2.45200000e-01
      vertex 1.54000000e-01 -1.56000000e-01 2.45200000e-01
      vertex 1.54000000e-01 -1.56000000e-01 2.57200000e-01
    endloop
  endfacet
  facet normal 0.00000000e+00 -1.00000000e+00 0.00000000e+00
    outer loop
      vertex -1.54000000e-01 -1.56000000e-01 2.45200000e-01
      vertex 1.54000000e-01 -1.56000000e-01 2.57200000e-01
      vertex -1.54000000e-01 -1.56000000e-01 2.57200000e-01
    endloop
  endfacet
  facet normal 0.00000000e+00 0.00000000e+00 1.00000000e+00
    outer loop
      vertex -1.54000000e-01 -1.56000000e-01 2.57200000e-01
      vertex 1.54000000e-01 -1.56000000e-01 2.57200000e-01
      vertex 1.54000000e-01 1.56000000e-01 2.57200000e-01
    endloop
  endfacet
  facet normal 0.00000000e+00 0.00000000e+00 1.00000000e+00
    outer loop
      vertex -1.54000000e-01 -1.56000000e-01 2.57200000e-01
      vertex 1.54000000e-01 1.56000000e-01 2.57200000e-01
      vertex -1.54000000e-01 1.56000000e-01 2.57200000e-01
    endloop
  endfacet
  facet normal 0.00000000e+00 0.00000000e+00 -1.00000000e+00
    outer loop
      vertex -1.54000000e-01 -1.56000000e-01 2.45200000e-01
      vertex -1.54000000e-01 1.56000000e-01 2.45200000e-01
      vertex 1.54000000e-01 1.56000000e-01 2.45200000e-01
    endloop
  endfacet
  facet normal 0.00000000e+00 0.00000000e+00 -1.00000000e+00
    outer loop
      vertex -1.54000000e-01 -1.56000000e-01 2.45200000e-01
      vertex 1.54000000e-01 1.56000000e-01 2.45200000e-01
      vertex 1.54000000e-01 -1.56000000e-01 2.45200000e-01
    endloop
  endfacet
  facet normal 1.00000000e+00 0.00000000e+00 0.00000000e+00
    outer loop
      vertex -1.70000000e-01 -1.00000000e-01 3.80000000e-02
      vertex -1.70000000e-01 -4.80000000e-02 3.80000000e-02
      vertex -1.70000000e-01 -4.80000000e-02 6.20000000e-02
    endloop
  endfacet
  facet normal 1.00000000e+00 0.00000000e+00 0.00000000e+00
    outer loop
      vertex -1.70000000e-01 -1.00000000e-01 3.80000000e-02
      vertex -1.70000000e-01 -4.80000000e-02 6.20000000e-02
      vertex -1.70000000e-01 -1.00000000e-01 6.20000000e-02
    endloop
  endfacet
  facet normal -1.00000000e+00 0.00000000e+00 0.00000000e+00
    outer loop
      vertex -2.06000000e-01 -1.00000000e-01 3.80000000e-02
      vertex -2.06000000e-01 -1.00000000e-01 6.20000000e-02
      vertex -2.06000000e-01 -4.80000000e-02 6.20000000e-02
    endloop
  endfacet
  facet normal -1.00000000e+00 0.00000000e+00 0.00000000e+00
    outer loop
      vertex -2.06000000e-01 -1.00000000e-01 3.80000000e-02
      vertex -2.06000000e-01 -4.80000000e-02 6.20000000e-02
      vertex -2.06000000e-01 -4.80000000e-02 3.80000000e-02
    endloop
  endfacet
  facet normal 0.00000000e+00 1.00000000e+00 0.00000000e+00
    outer loop
      vertex -2.06000000e-01 -4.80000000e-02 3.80000000e-02
      vertex -2.06000000e-01 -4.80000000e-02 6.20000000e-02
      vertex -1.70000000e-01 -4.80000000e-02 6.20000000e-02
    endloop
  endfacet
  facet normal 0.00000000e+00 1.00000000e+00 0.00000000e+00
    outer loop
      vertex -2.06000000e-01 -4.80000000e-02 3.80000000e-02
      vertex -1.70000000e-01 -4.80000000e-02 6.20000000e-02
      vertex -1.70000000e-01 -4.80000000e-02 3.80000000e-02
    endloop
  endfacet
  facet normal 0.00000000e+00 -1.00000000e+00 0.00000000e+00
    outer loop
      vertex -2.06000000e-01 -1.00000000e-01 3.80000000e-02
      vertex -1.70000000e-01 -1.00000000e-01 3.80000000e-02
      vertex -1.70000000e-01 -1.00000000e-01 6.20000000e-02
    endloop
  endfacet
  facet normal 0.00000000e+00 -1.00000000e+00 0.00000000e+00
    outer loop
      vertex -2.06000000e-01 -1.00000000e-01 3.80000000e-02
      vertex -1.70000000e-01 -1.00000000e-01 6.20000000e-02
      vertex -2.06000000e-01 -1.00000000e-01 6.20000000e-02
    endloop
  endfacet
  facet normal 0.00000000e+00 0.00000000e+00 1.00000000e+00
    outer loop
      vertex -2.06000000e-01 -1.00000000e-01 6.20000000e-02
      vertex -1.70000000e-01 -1.00000000e-01 6.20000000e-02
      vertex -1.70000000e-01 -4.80000000e-02 6.20000000e-02
    endloop
  endfacet
  facet normal 0.00000000e+00 0.00000000e+00 1.00000000e+00
    outer loop
      vertex -2.06000000e-01 -1.00000000e-01 6.20000000e-02
      vertex -1.70000000e-01 -4.80000000e-02 6.20000000e-02
      vertex -2.06000000e-01 -4.80000000e-02 6.20000000e-02
    endloop
  endfacet
  facet normal 0.00000000e+00 0.00000000e+00 -1.00000000e+00
    outer loop
      vertex -2.06000000e-01 -1.00000000e-01 3.80000000e-02
      vertex -2.06000000e-01 -4.80000000e-02 3.80000000e-02
      vertex -1.70000000e-01 -4.80000000e-02 3.80000000e-02
    endloop
  endfacet
  facet normal 0.00000000e+00 0.00000000e+00 -1.00000000e+00
    outer loop
      vertex -2.06000000e-01 -1.00000000e-01 3.80000000e-02
      vertex -1.70000000e-01 -4.80000000e-02 3.80000000e-02
      vertex -1.70000000e-01 -1.00000000e-01 3.80000000e-02
    endloop
  endfacet
  facet normal 1.00000000e+00 0.00000000e+00 0.00000000e+00
    outer loop
      vertex -1.70000000e-01 4.80000000e-02 3.80000000e-02
      vertex -1.70000000e-01 1.00000000e-01 3.80000000e-02
      vertex -1.70000000e-01 1.00000000e-01 6.20000000e-02
    endloop
  endfacet
  facet normal 1.00000000e+00 0.00000000e+00 0.00000000e+00
    outer loop
      vertex -1.70000000e-01 4.80000000e-02 3.80000000e-02
      vertex -1.70000000e-01 1.00000000e-01 6.20000000e-02
      vertex -1.70000000e-01 4.80000000e-02 6.20000000e-02
    endloop
  endfacet
  facet normal -1.00000000e+00 0.00000000e+00 0.00000000e+00
    outer loop
      vertex -2.06000000e-01 4.80000000e-02 3.80000000e-02
      vertex -2.06000000e-01 4.80000000e-02 6.20000000e-02
      vertex -2.06000000e-01 1.00000000e-01 6.20000000e-02
    endloop
  endfacet
  facet normal -1.00000000e+00 0.00000000e+00 0.00000000e+00
    outer loop
      vertex -2.06000000e-01 4.80000000e-02 3.80000000e-02
      vertex -2.06000000e-01 1.00000000e-01 6.20000000e-02
      vertex -2.06000000e-01 1.00000000e-01 3.80000000e-02
    endloop
  endfacet
  facet normal 0.00000000e+00 1.00000000e+00 0.00000000e+00
    outer loop
      vertex -2.06000000e-01 1.00000000e-01 3.80000000e-02
      vertex -2.06000000e-01 1.00000000e-01 6.20000000e-02
      vertex -1.70000000e-01 1.00000000e-01 6.20000000e-02
    endloop
  endfacet
  facet normal 0.00000000e+00 1.00000000e+00 0.00000000e+00
    outer loop
      vertex -2.06000000e-01 1.00000000e-01 3.80000000e-02
      vertex -1.70000000e-01 1.00000000e-01 6.20000000e-02
      vertex -1.70000000e-01 1.00000000e-01 3.80000000e-02
    endloop
  endfacet
  facet normal 0.00000000e+00 -1.00000000e+00 0.00000000e+00
    outer loop
      vertex -2.06000000e-01 4.80000000e-02 3.80000000e-02
      vertex -1.70000000e-01 4.80000000e-02 3.80000000e-02
      vertex -1.70000000e-01 4.80000000e-02 6.20000000e-02
    endloop
  endfacet
  facet normal 0.00000000e+00 -1.00000000e+00 0.00000000e+00
    outer loop
      vertex -2.06000000e-01 4.80000000e-02 3.80000000e-02
      vertex -1.70000000e-01 4.80000000e-02 6.20000000e-02
      vertex -2.06000000e-01 4.80000000e-02 6.20000000e-02
    endloop
  endfacet
  facet normal 0.00000000e+00 0.00000000e+00 1.00000000e+00
    outer loop
      vertex -2.06000000e-01 4.80000000e-02 6.20000000e-02
      vertex -1.70000000e-01 4.80000000e-02 6.20000000e-02
      vertex -1.70000000e-01 1.00000000e-01 6.20000000e-02
    endloop
  endfacet
  facet normal 0.00000000e+00 0.00000000e+00 1.00000000e+00
    outer loop
      vertex -2.06000000e-01 4.80000000e-02 6.20000000e-02
      vertex -1.70000000e-01 1.00000000e-01 6.20000000e-02
      vertex -2.06000000e-01 1.00000000e-01 6.20000000e-02
    endloop
  endfacet
  facet normal 0.00000000e+00 0.00000000e+00 -1.00000000e+00
    outer loop
      vertex -2.06000000e-01 4.80000000e-02 3.80000000e-02
      vertex -2.06000000e-01 1.00000000e-01 3.80000000e-02
      vertex -1.70000000e-01 1.00000000e-01 3.80000000e-02
    endloop
  endfacet
  facet normal 0.00000000e+00 0.00000000e+00 -1.00000000e+00
    outer loop
      vertex -2.06000000e-01 4.80000000e-02 3.80000000e-02
      vertex -1.70000000e-01 1.00000000e-01 3.80000000e-02
      vertex -1.70000000e-01 4.80000000e-02 3.80000000e-02
    endloop
  endfacet
  facet normal -9.51056516e-01 0.00000000e+00 3.09016994e-01
    outer loop
      vertex -1.99000000e-01 -9.00000000e-02 6.40000000e-02
      vertex -1.98427051e-01 -9.00000000e-02 6.57633558e-02
      vertex -1.98427051e-01 -5.80000000e-02 6.57633558e-02
    endloop
  endfacet
  facet normal -9.51056516e-01 0.00000000e+00 3.09016994e-01
    outer loop
      vertex -1.99000000e-01 -9.00000000e-02 6.40000000e-02
      vertex -1.98427051e-01 -5.80000000e-02 6.57633558e-02
      vertex -1.99000000e-01 -5.80000000e-02 6.40000000e-02
    endloop
  endfacet
  facet normal 0.00000000e+00 -1.00000000e+00 0.00000000e+00
    outer loop
      vertex -1.96000000e-01 -9.00000000e-02 6.40000000e-02
      vertex -1.98427051e-01 -9.00000000e-02 6.57633558e-02
      vertex -1.99000000e-01 -9.00000000e-02 6.40000000e-02
    endloop
  endfacet
  facet normal 0.00000000e+00 1.00000000e+00 0.00000000e+00
    outer loop
      vertex -1.96000000e-01 -5.80000000e-02 6.40000000e-02
      vertex -1.99000000e-01 -5.80000000e-02 6.40000000e-02
      vertex -1.98427051e-01 -5.80000000e-02 6.57633558e-02
    endloop
  endfacet
  facet normal -5.87785252e-01 0.00000000e+00 8.09016994e-01
    outer loop
      vertex -1.98427051e-01 -9.00000000e-02 6.57633558e-02
      vertex -1.96927051e-01 -9.00000000e-02 6.68531695e-02
      vertex -1.96927051e-01 -5.80000000e-02 6.68531695e-02
    endloop
  endfacet
  facet normal -5.87785252e-01 0.00000000e+00 8.09016994e-01
    outer loop
      vertex -1.98427051e-01 -9.00000000e-02 6.57633558e-02
      vertex -1.96927051e-01 -5.80000000e-02 6.68531695e-02
      vertex -1.98427051e-01 -5.80000000e-02 6.57633558e-02
    endloop
  endfacet
  facet normal 0.00000000e+00 -1.00000000e+00 0.00000000e+00
    outer loop
      vertex -1.96000000e-01 -9.00000000e-02 6.40000000e-02
      vertex -1.96927051e-01 -9.00000000e-02 6.68531695e-02
      vertex -1.98427051e-01 -9.00000000e-02 6.57633558e-02
    endloop
  endfacet
  facet normal 0.00000000e+00 1.00000000e+00 0.00000000e+00
    outer loop
      vertex -1.96000000e-01 -5.80000000e-02 6.40000000e-02
      vertex -1.98427051e-01 -5.80000000e-02 6.57633558e-02
      vertex -1.96927051e-01 -5.80000000e-02 6.68531695e-02
    endloop
  endfacet
  facet normal -7.48491079e-15 0.00000000e+00 1.00000000e+00
    outer loop
      vertex -1.96927051e-01 -9.00000000e-02 6.68531695e-02
      vertex -1.95072949e-01 -9.00000000e-02 6.68531695e-02
      vertex -1.95072949e-01 -5.80000000e-02 6.68531695e-02
    endloop
  endfacet
  facet normal -7.48491079e-15 0.00000000e+00 1.00000000e+00
    outer loop
      vertex -1.96927051e-01 -9.00000000e-02 6.68531695e-02
      vertex -1.95072949e-01 -5.80000000e-02 6.68531695e-02
      vertex -1.96927051e-01 -5.80000000e-02 6.68531695e-02
    endloop
  endfacet
  facet normal 0.00000000e+00 -1.00000000e+00 0.00000000e+00
    outer loop
      vertex -1.96000000e-01 -9.00000000e-02 6.40000000e-02
      vertex -1.95072949e-01 -9.00000000e-02 6.68531695e-02
      vertex -1.96927051e-01 -9.00000000e-02 6.68531695e-02
    endloop
  endfacet
  facet normal 0.00000000e+00 1.00000000e+00 -0.00000000e+00
    outer loop
      vertex -1.96000000e-01 -5.80000000e-02 6.40000000e-02
      vertex -1.96927051e-01 -5.80000000e-02 6.68531695e-02
      vertex -1.95072949e-01 -5.80000000e-02 6.68531695e-02
    endloop
  endfacet
  facet normal 5.87785252e-01 0.00000000e+00 8.09016994e-01
    outer loop
      vertex -1.95072949e-01 -9.00000000e-02 6.68531695e-02
      vertex -1.93572949e-01 -9.00000000e-02 6.57633558e-02
      vertex -1.93572949e-01 -5.80000000e-02 6.57633558e-02
    endloop
  endfacet
  facet normal 5.87785252e-01 -0.00000000e+00 8.09016994e-01
    outer loop
      vertex -1.95072949e-01 -9.00000000e-02 6.68531695e-02
      vertex -1.93572949e-01 -5.80000000e-02 6.57633558e-02
      vertex -1.95072949e-01 -5.80000000e-02 6.68531695e-02
    endloop
  endfacet
  facet normal 0.00000000e+00 -1.00000000e+00 0.00000000e+00
    outer loop
      vertex -1.96000000e-01 -9.00000000e-02 6.40000000e-02
      vertex -1.93572949e-01 -9.00000000e-02 6.57633558e-02
      vertex -1.95072949e-01 -9.00000000e-02 6.68531695e-02
    endloop
  endfacet
  facet normal 0.00000000e+00 1.00000000e+00 0.00000000e+00
    outer loop
      vertex -1.96000000e-01 -5.80000000e-02 6.40000000e-02
      vertex -1.95072949e-01 -5.80000000e-02 6.68531695e-02
      vertex -1.93572949e-01 -5.80000000e-02 6.57633558e-02
    endloop
  endfacet
  facet normal 9.51056516e-01 0.00000000e+00 3.09016994e-01
    outer loop
      vertex -1.93572949e-01 -9.00000000e-02 6.57633558e-02
      vertex -1.93000000e-01 -9.00000000e-02 6.40000000e-02
      vertex -1.93000000e-01 -5.80000000e-02 6.40000000e-02
    endloop
  endfacet
  facet normal 9.51056516e-01 -0.00000000e+00 3.09016994e-01
    outer loop
      vertex -1.93572949e-01 -9.00000000e-02 6.57633558e-02
      vertex -1.93000000e-01 -5.80000000e-02 6.40000000e-02
      vertex -1.93572949e-01 -5.80000000e-02 6.57633558e-02
    endloop
  endfacet
  facet normal 0.00000000e+00 -1.00000000e+00 0.00000000e+00
    outer loop
      vertex -1.96000000e-01 -9.00000000e-02 6.40000000e-02
      vertex -1.93000000e-01 -9.00000000e-02 6.40000000e-02
      vertex -1.93572949e-01 -9.00000000e-02 6.57633558e-02
    endloop
  endfacet
  facet normal 0.00000000e+00 1.00000000e+00 0.00000000e+00
    outer loop
      vertex -1.96000000e-01 -5.80000000e-02 6.40000000e-02
      vertex -1.93572949e-01 -5.80000000e-02 6.57633558e-02
      vertex -1.93000000e-01 -5.80000000e-02 6.40000000e-02
    endloop
  endfacet
  facet normal 9.51056516e-01 0.00000000e+00 -3.09016994e-01
    outer loop
      vertex -1.93000000e-01 -9.00000000e-02 6.40000000e-02
      vertex -1.93572949e-01 -9.00000000e-02 6.22366442e-02
      vertex -1.93572949e-01 -5.80000000e-02 6.22366442e-02
    endloop
  endfacet
  facet normal 9.51056516e-01 0.00000000e+00 -3.09016994e-01
    outer loop
      vertex -1.93000000e-01 -9.00000000e-02 6.40000000e-02
      vertex -1.93572949e-01 -5.80000000e-02 6.22366442e-02
      vertex -1.93000000e-01 -5.80000000e-02 6.40000000e-02
    endloop
  endfacet
  facet normal 0.00000000e+00 -1.00000000e+00 0.00000000e+00
    outer loop
      vertex -1.96000000e-01 -9.00000000e-02 6.40000000e-02
      vertex -1.93572949e-01 -9.00000000e-02 6.22366442e-02
      vertex -1.93000000e-01 -9.00000000e-02 6.40000000e-02
    endloop
  endfacet
  facet normal -0.00000000e+00 1.00000000e+00 0.00000000e+00
    outer loop
      vertex -1.96000000e-01 -5.80000000e-02 6.40000000e-02
      vertex -1.93000000e-01 -5.80000000e-02 6.40000000e-02
      vertex -1.93572949e-01 -5.80000000e-02 6.22366442e-02
    endloop
  endfacet
  facet normal 5.87785252e-01 0.00000000e+00 -8.09016994e-01
    outer loop
      vertex -1.93572949e-01 -9.00000000e-02 6.22366442e-02
      vertex -1.95072949e-01 -9.00000000e-02 6.11468305e-02
      vertex -1.95072949e-01 -5.80000000e-02 6.11468305e-02
    endloop
  endfacet
  facet normal 5.87785252e-01 0.00000000e+00 -8.09016994e-01
    outer loop
      vertex -1.93572949e-01 -9.00000000e-02 6.22366442e-02
      vertex -1.95072949e-01 -5.80000000e-02 6.11468305e-02
      vertex -1.93572949e-01 -5.80000000e-02 6.22366442e-02
    endloop
  endfacet
  facet normal 0.00000000e+00 -1.00000000e+00 0.00000000e+00
    outer loop
      vertex -1.96000000e-01 -9.00000000e-02 6.40000000e-02
      vertex -1.95072949e-01 -9.00000000e-02 6.11468305e-02
      vertex -1.93572949e-01 -9.00000000e-02 6.22366442e-02
    endloop
  endfacet
  facet normal 0.00000000e+00 1.00000000e+00 0.00000000e+00
    outer loop
      vertex -1.96000000e-01 -5.80000000e-02 6.40000000e-02
      vertex -1.93572949e-01 -5.80000000e-02 6.22366442e-02
      vertex -1.95072949e-01 -5.80000000e-02 6.11468305e-02
    endloop
  endfacet
  facet normal 0.00000000e+00 0.00000000e+00 -1.00000000e+00
    outer loop
      vertex -1.95072949e-01 -9.00000000e-02 6.11468305e-02
      vertex -1.96927051e-01 -9.00000000e-02 6.11468305e-02
      vertex -1.96927051e-01 -5.80000000e-02 6.11468305e-02
    endloop
  endfacet
  facet normal 0.00000000e+00 0.00000000e+00 -1.00000000e+00
    outer loop
      vertex -1.95072949e-01 -9.00000000e-02 6.11468305e-02
      vertex -1.96927051e-01 -5.80000000e-02 6.11468305e-02
      vertex -1.95072949e-01 -5.80000000e-02 6.11468305e-02
    endloop
  endfacet
  facet normal 0.00000000e+00 -1.00000000e+00 -0.00000000e+00
    outer loop
      vertex -1.96000000e-01 -9.00000000e-02 6.40000000e-02
      vertex -1.96927051e-01 -9.00000000e-02 6.11468305e-02
      vertex -1.95072949e-01 -9.00000000e-02 6.11468305e-02
    endloop
  endfacet
  facet normal 0.00000000e+00 1.00000000e+00 0.00000000e+00
    outer loop
      vertex -1.96000000e-01 -5.80000000e-02 6.40000000e-02
      vertex -1.95072949e-01 -5.80000000e-02 6.11468305e-02
      vertex -1.96927051e-01 -5.80000000e-02 6.11468305e-02
    endloop
  endfacet
  facet normal -5.87785252e-01 0.00000000e+00 -8.09016994e-01
    outer loop
      vertex -1.96927051e-01 -9.00000000e-02 6.11468305e-02
      vertex -1.98427051e-01 -9.00000000e-02 6.22366442e-02
      vertex -1.98427051e-01 -5.80000000e-02 6.22366442e-02
    endloop
  endfacet
  facet normal -5.87785252e-01 0.00000000e+00 -8.09016994e-01
    outer loop
      vertex -1.96927051e-01 -9.00000000e-02 6.11468305e-02
      vertex -1.98427051e-01 -5.80000000e-02 6.22366442e-02
      vertex -1.96927051e-01 -5.80000000e-02 6.11468305e-02
    endloop
  endfacet
  facet normal 0.00000000e+00 -1.00000000e+00 0.00000000e+00
    outer loop
      vertex -1.96000000e-01 -9.00000000e-02 6.40000000e-02
      vertex -1.98427051e-01 -9.00000000e-02 6.22366442e-02
      vertex -1.96927051e-01 -9.00000000e-02 6.11468305e-02
    endloop
  endfacet
  facet normal 0.00000000e+00 1.00000000e+00 0.00000000e+00
    outer loop
      vertex -1.96000000e-01 -5.80000000e-02 6.40000000e-02
      vertex -1.96927051e-01 -5.80000000e-02 6.11468305e-02
      vertex -1.98427051e-01 -5.80000000e-02 6.22366442e-02
    endloop
  endfacet
  facet normal -9.51056516e-01 0.00000000e+00 -3.09016994e-01
    outer loop
      vertex -1.98427051e-01 -9.00000000e-02 6.22366442e-02
      vertex -1.99000000e-01 -9.00000000e-02 6.40000000e-02
      vertex -1.99000000e-01 -5.80000000e-02 6.40000000e-02
    endloop
  endfacet
  facet normal -9.51056516e-01 0.00000000e+00 -3.09016994e-01
    outer loop
      vertex -1.98427051e-01 -9.00000000e-02 6.22366442e-02
      vertex -1.99000000e-01 -5.80000000e-02 6.40000000e-02
      vertex -1.98427051e-01 -5.80000000e-02 6.22366442e-02
    endloop
  endfacet
  facet normal -0.00000000e+00 -1.00000000e+00 0.00000000e+00
    outer loop
      vertex -1.96000000e-01 -9.00000000e-02 6.40000000e-02
      vertex -1.99000000e-01 -9.00000000e-02 6.40000000e-02
      vertex -1.98427051e-01 -9.00000000e-02 6.22366442e-02
    endloop
  endfacet
  facet normal 0.00000000e+00 1.00000000e+00 0.00000000e+00
    outer loop
      vertex -1.96000000e-01 -5.80000000e-02 6.40000000e-02
      vertex -1.98427051e-01 -5.80000000e-02 6.22366442e-02
      vertex -1.99000000e-01 -5.80000000e-02 6.40000000e-02
    endloop
  endfacet
  facet normal -9.51056516e-01 0.00000000e+00 3.09016994e-01
    outer loop
      vertex -1.99000000e-01 5.80000000e-02 6.40000000e-02
      vertex -1.98427051e-01 5.80000000e-02 6.57633558e-02
      vertex -1.98427051e-01 9.00000000e-02 6.57633558e-02
    endloop
  endfacet
  facet normal -9.51056516e-01 0.00000000e+00 3.09016994e-01
    outer loop
      vertex -1.99000000e-01 5.80000000e-02 6.40000000e-02
      vertex -1.98427051e-01 9.00000000e-02 6.57633558e-02
      vertex -1.99000000e-01 9.00000000e-02 6.40000000e-02
    endloop
  endfacet
  facet normal 0.00000000e+00 -1.00000000e+00 0.00000000e+00
    outer loop
      vertex -1.96000000e-01 5.80000000e-02 6.40000000e-02
      vertex -1.98427051e-01 5.80000000e-02 6.57633558e-02
      vertex -1.99000000e-01 5.80000000e-02 6.40000000e-02
    endloop
  endfacet
  facet normal 0.00000000e+00 1.00000000e+00 0.00000000e+00
    outer loop
      vertex -1.96000000e-01 9.00000000e-02 6.40000000e-02
      vertex -1.99000000e-01 9.00000000e-02 6.40000000e-02
      vertex -1.98427051e-01 9.00000000e-02 6.57633558e-02
    endloop
  endfacet
  facet normal -5.87785252e-01 0.00000000e+00 8.09016994e-01
    outer loop
      vertex -1.98427051e-01 5.80000000e-02 6.57633558e-02
      vertex -1.96927051e-01 5.80000000e-02 6.68531695e-02
      vertex -1.96927051e-01 9.00000000e-02 6.68531695e-02
    endloop
  endfacet
  facet normal -5.87785252e-01 0.00000000e+00 8.09016994e-01
    outer loop
      vertex -1.98427051e-01 5.80000000e-02 6.57633558e-02
      vertex -1.96927051e-01 9.00000000e-02 6.68531695e-02
      vertex -1.98427051e-01 9.00000000e-02 6.57633558e-02
    endloop
  endfacet
  facet normal 0.00000000e+00 -1.00000000e+00 0.00000000e+00
    outer loop
      vertex -1.96000000e-01 5.80000000e-02 6.40000000e-02
      vertex -1.96927051e-01 5.80000000e-02 6.68531695e-02
      vertex -1.98427051e-01 5.80000000e-02 6.57633558e-02
    endloop
  endfacet
  facet normal 0.00000000e+00 1.00000000e+00 0.00000000e+00
    outer loop
      vertex -1.96000000e-01 9.00000000e-02 6.40000000e-02
      vertex -1.98427051e-01 9.00000000e-02 6.57633558e-02
      vertex -1.96927051e-01 9.00000000e-02 6.68531695e-02
    endloop
  endfacet
  facet normal -7.48491079e-15 0.00000000e+00 1.00000000e+00
    outer loop
      vertex -1.96927051e-01 5.80000000e-02 6.68531695e-02
      vertex -1.95072949e-01 5.80000000e-02 6.68531695e-02
      vertex -1.95072949e-01 9.00000000e-02 6.68531695e-02
    endloop
  endfacet
  facet normal -7.48491079e-15 0.00000000e+00 1.00000000e+00
    outer loop
      vertex -1.96927051e-01 5.80000000e-02 6.68531695e-02
      vertex -1.95072949e-01 9.00000000e-02 6.68531695e-02
      vertex -1.96927051e-01 9.00000000e-02 6.68531695e-02
    endloop
  endfacet
  facet normal 0.00000000e+00 -1.00000000e+00 0.00000000e+00
    outer loop
      vertex -1.96000000e-01 5.80000000e-02 6.40000000e-02
      vertex -1.95072949e-01 5.80000000e-02 6.68531695e-02
      vertex -1.96927051e-01 5.80000000e-02 6.68531695e-02
    endloop
  endfacet
  facet normal 0.00000000e+00 1.00000000e+00 -0.00000000e+00
    outer loop
      vertex -1.96000000e-01 9.00000000e-02 6.40000000e-02
      vertex -1.96927051e-01 9.00000000e-02 6.68531695e-02
      vertex -1.95072949e-01 9.00000000e-02 6.68531695e-02
    endloop
  endfacet
  facet normal 5.87785252e-01 0.00000000e+00 8.09016994e-01
    outer loop
      vertex -1.95072949e-01 5.80000000e-02 6.68531695e-02
      vertex -1.93572949e-01 5.80000000e-02 6.57633558e-02
      vertex -1.93572949e-01 9.00000000e-02 6.57633558e-02
    endloop
  endfacet
  facet normal 5.87785252e-01 -0.00000000e+00 8.09016994e-01
    outer loop
      vertex -1.95072949e-01 5.80000000e-02 6.68531695e-02
      vertex -1.93572949e-01 9.00000000e-02 6.57633558e-02
      vertex -1.95072949e-01 9.00000000e-02 6.68531695e-02
    endloop
  endfacet
  facet normal 0.00000000e+00 -1.00000000e+00 0.00000000e+00
    outer loop
      vertex -1.96000000e-01 5.80000000e-02 6.40000000e-02
      vertex -1.93572949e-01 5.80000000e-02 6.57633558e-02
      vertex -1.95072949e-01 5.80000000e-02 6.68531695e-02
    endloop
  endfacet
  facet normal 0.00000000e+00 1.00000000e+00 0.00000000e+00
    outer loop
      vertex -1.96000000e-01 9.00000000e-02 6.40000000e-02
      vertex -1.95072949e-01 9.00000000e-02 6.68531695e-02
      vertex -1.93572949e-01 9.00000000e-02 6.57633558e-02
    endloop
  endfacet
  facet normal 9.51056516e-01 0.00000000e+00 3.09016994e-01
    outer loop
      vertex -1.93572949e-01 5.80000000e-02 6.57633558e-02
      vertex -1.93000000e-01 5.80000000e-02 6.40000000e-02
      vertex -1.93000000e-01 9.00000000e-02 6.40000000e-02
    endloop
  endfacet
  facet normal 9.51056516e-01 -0.00000000e+00 3.09016994e-01
    outer loop
      vertex -1.93572949e-01 5.80000000e-02 6.57633558e-02
      vertex -1.93000000e-01 9.00000000e-02 6.40000000e-02
      vertex -1.93572949e-01 9.00000000e-02 6.57633558e-02
    endloop
  endfacet
  facet normal 0.00000000e+00 -1.00000000e+00 0.00000000e+00
    outer loop
      vertex -1.96000000e-01 5.80000000e-02 6.40000000e-02
      vertex -1.93000000e-01 5.80000000e-02 6.40000000e-02
      vertex -1.93572949e-01 5.80000000e-02 6.57633558e-02
    endloop
  endfacet
  facet normal 0.00000000e+00 1.00000000e+00 0.00000000e+00
    outer loop
      vertex -1.96000000e-01 9.00000000e-02 6.40000000e-02
      vertex -1.93572949e-01 9.00000000e-02 6.57633558e-02
      vertex -1.93000000e-01 9.00000000e-02 6.40000000e-02
    endloop
  endfacet
  facet normal 9.51056516e-01 0.00000000e+00 -3.09016994e-01
    outer loop
      vertex -1.93000000e-01 5.80000000e-02 6.40000000e-02
      vertex -1.93572949e-01 5.80000000e-02 6.22366442e-02
      vertex -1.93572949e-01 9.00000000e-02 6.22366442e-02
    endloop
  endfacet
  facet normal 9.51056516e-01 0.00000000e+00 -3.09016994e-01
    outer loop
      vertex -1.93000000e-01 5.80000000e-02 6.40000000e-02
      vertex -1.93572949e-01 9.00000000e-02 6.22366442e-02
      vertex -1.93000000e-01 9.00000000e-02 6.40000000e-02
    endloop
  endfacet
  facet normal 0.00000000e+00 -1.00000000e+00 0.00000000e+00
    outer loop
      vertex -1.96000000e-01 5.80000000e-02 6.40000000e-02
      vertex -1.93572949e-01 5.80000000e-02 6.22366442e-02
      vertex -1.93000000e-01 5.80000000e-02 6.40000000e-02
    endloop
  endfacet
  facet normal -0.00000000e+00 1.00000000e+00 0.00000000e+00
    outer loop
      vertex -1.96000000e-01 9.00000000e-02 6.40000000e-02
      vertex -1.93000000e-01 9.00000000e-02 6.40000000e-02
      vertex -1.93572949e-01 9.00000000e-02 6.22366442e-02
    endloop
  endfacet
  facet normal 5.87785252e-01 0.00000000e+00 -8.09016994e-01
    outer loop
      vertex -1.93572949e-01 5.80000000e-02 6.22366442e-02
      vertex -1.95072949e-01 5.80000000e-02 6.11468305e-02
      vertex -1.95072949e-01 9.00000000e-02 6.11468305e-02
    endloop
  endfacet
  facet normal 5.87785252e-01 0.00000000e+00 -8.09016994e-01
    outer loop
      vertex -1.93572949e-01 5.80000000e-02 6.22366442e-02
      vertex -1.95072949e-01 9.00000000e-02 6.11468305e-02
      vertex -1.93572949e-01 9.00000000e-02 6.22366442e-02
    endloop
  endfacet
  facet normal 0.00000000e+00 -1.00000000e+00 0.00000000e+00
    outer loop
      vertex -1.96000000e-01 5.80000000e-02 6.40000000e-02
      vertex -1.95072949e-01 5.80000000e-02 6.11468305e-02
      vertex -1.93572949e-01 5.80000000e-02 6.22366442e-02
    endloop
  endfacet
  facet normal 0.00000000e+00 1.00000000e+00 0.00000000e+00
    outer loop
      vertex -1.96000000e-01 9.00000000e-02 6.40000000e-02
      vertex -1.93572949e-01 9.00000000e-02 6.22366442e-02
      vertex -1.95072949e-01 9.00000000e-02 6.11468305e-02
    endloop
  endfacet
  facet normal 0.00000000e+00 0.00000000e+00 -1.00000000e+00
    outer loop
      vertex -1.95072949e-01 5.80000000e-02 6.11468305e-02
      vertex -1.96927051e-01 5.80000000e-02 6.11468305e-02
      vertex -1.96927051e-01 9.00000000e-02 6.11468305e-02
    endloop
  endfacet
  facet normal 0.00000000e+00 0.00000000e+00 -1.00000000e+00
    outer loop
      vertex -1.95072949e-01 5.80000000e-02 6.11468305e-02
      vertex -1.96927051e-01 9.00000000e-02 6.11468305e-02
      vertex -1.95072949e-01 9.00000000e-02 6.11468305e-02
    endloop
  endfacet
  facet normal 0.00000000e+00 -1.00000000e+00 -0.00000000e+00
    outer loop
      vertex -1.96000000e-01 5.80000000e-02 6.40000000e-02
      vertex -1.96927051e-01 5.80000000e-02 6.11468305e-02
      vertex -1.95072949e-01 5.80000000e-02 6.11468305e-02
    endloop
  endfacet
  facet normal 0.00000000e+00 1.00000000e+00 0.00000000e+00
    outer loop
      vertex -1.96000000e-01 9.00000000e-02 6.40000000e-02
      vertex -1.95072949e-01 9.00000000e-02 6.11468305e-02
      vertex -1.96927051e-01 9.00000000e-02 6.11468305e-02
    endloop
  endfacet
  facet normal -5.87785252e-01 0.00000000e+00 -8.09016994e-01
    outer loop
      vertex -1.96927051e-01 5.80000000e-02 6.11468305e-02
      vertex -1.98427051e-01 5.80000000e-02 6.22366442e-02
      vertex -1.98427051e-01 9.00000000e-02 6.22366442e-02
    endloop
  endfacet
  facet normal -5.87785252e-01 0.00000000e+00 -8.09016994e-01
    outer loop
      vertex -1.96927051e-01 5.80000000e-02 6.11468305e-02
      vertex -1.98427051e-01 9.00000000e-02 6.22366442e-02
      vertex -1.96927051e-01 9.00000000e-02 6.11468305e-02
    endloop
  endfacet
  facet normal 0.00000000e+00 -1.00000000e+00 0.00000000e+00
    outer loop
      vertex -1.96000000e-01 5.80000000e-02 6.40000000e-02
      vertex -1.98427051e-01 5.80000000e-02 6.22366442e-02
      vertex -1.96927051e-01 5.80000000e-02 6.11468305e-02
    endloop
  endfacet
  facet normal 0.00000000e+00 1.00000000e+00 0.00000000e+00
    outer loop
      vertex -1.96000000e-01 9.00000000e-02 6.40000000e-02
      vertex -1.96927051e-01 9.00000000e-02 6.11468305e-02
      vertex -1.98427051e-01 9.00000000e-02 6.22366442e-02
    endloop
  endfacet
  facet normal -9.51056516e-01 0.00000000e+00 -3.09016994e-01
    outer loop
      vertex -1.98427051e-01 5.80000000e-02 6.22366442e-02
      vertex -1.99000000e-01 5.80000000e-02 6.40000000e-02
      vertex -1.99000000e-01 9.00000000e-02 6.40000000e-02
    endloop
  endfacet
  facet normal -9.51056516e-01 0.00000000e+00 -3.09016994e-01
    outer loop
      vertex -1.98427051e-01 5.80000000e-02 6.22366442e-02
      vertex -1.99000000e-01 9.00000000e-02 6.40000000e-02
      vertex -1.98427051e-01 9.00000000e-02 6.22366442e-02
    endloop
  endfacet
  facet normal -0.00000000e+00 -1.00000000e+00 0.00000000e+00
    outer loop
      vertex -1.96000000e-01 5.80000000e-02 6.40000000e-02
      vertex -1.99000000e-01 5.80000000e-02 6.40000000e-02
      vertex -1.98427051e-01 5.80000000e-02 6.22366442e-02
    endloop
  endfacet
  facet normal 0.00000000e+00 1.00000000e+00 0.00000000e+00
    outer loop
      vertex -1.96000000e-01 9.00000000e-02 6.40000000e-02
      vertex -1.98427051e-01 9.00000000e-02 6.22366442e-02
      vertex -1.99000000e-01 9.00000000e-02 6.40000000e-02
    endloop
  endfacet
endsolid front_open_buoy_collector_v8
