wall_mono_s,sim_time,lin_vel_body_x,lin_vel_body_y,lin_vel_body_z,ang_vel_body_x,ang_vel_body_y,ang_vel_body_z,base_depth_m,base_vz_down_mps,buoy_force_world_z,weight_force_world_z,net_static_force_world_z,initial_depth_hold_active,thr_force_body_x,thr_force_body_y,thr_force_body_z,thr_torque_body_x,thr_torque_body_y,thr_torque_body_z,thr_force_world_x,thr_force_world_y,thr_force_world_z,thr_torque_world_x,thr_torque_world_y,thr_torque_world_z,xfrc_force_world_x,xfrc_force_world_y,xfrc_force_world_z,xfrc_torque_world_x,xfrc_torque_world_y,xfrc_torque_world_z,qvel_0,qvel_1,qvel_2,qvel_3,qvel_4,qvel_5,qfrc_applied_0,qfrc_applied_1,qfrc_applied_2,qfrc_applied_3,qfrc_applied_4,qfrc_applied_5,qfrc_actuator_0,qfrc_actuator_1,qfrc_actuator_2,qfrc_actuator_3,qfrc_actuator_4,qfrc_actuator_5,qfrc_fluid_0,qfrc_fluid_1,qfrc_fluid_2,qfrc_fluid_3,qfrc_fluid_4,qfrc_fluid_5,qfrc_passive_0,qfrc_passive_1,qfrc_passive_2,qfrc_passive_3,qfrc_passive_4,qfrc_passive_5,qfrc_bias_0,qfrc_bias_1,qfrc_bias_2,qfrc_bias_3,qfrc_bias_4,qfrc_bias_5,qacc_0,qacc_1,qacc_2,qacc_3,qacc_4,qacc_5,sitl_ch1_pwm,sitl_ch2_pwm,sitl_ch3_pwm,sitl_ch4_pwm,sitl_ch5_pwm,sitl_ch6_pwm,sitl_ch7_pwm,sitl_ch8_pwm,ver_lf_servo_norm,ver_lf_target,ver_lf_state,ver_lf_force,ver_lf_direct_gain,ver_lr_servo_norm,ver_lr_target,ver_lr_state,ver_lr_force,ver_lr_direct_gain,ver_rf_servo_norm,ver_rf_target,ver_rf_state,ver_rf_force,ver_rf_direct_gain,ver_rr_servo_norm,ver_rr_target,ver_rr_state,ver_rr_force,ver_rr_direct_gain,yaw_lf_servo_norm,yaw_lf_target,yaw_lf_state,yaw_lf_force,yaw_lf_direct_gain,yaw_lr_servo_norm,yaw_lr_target,yaw_lr_state,yaw_lr_force,yaw_lr_direct_gain,yaw_rf_servo_norm,yaw_rf_target,yaw_rf_state,yaw_rf_force,yaw_rf_direct_gain,yaw_rr_servo_norm,yaw_rr_target,yaw_rr_state,yaw_rr_force,yaw_rr_direct_gain
299672.441,0,0,0,0,0,0,0,0.367101461,-0,150.09763,-147.154539,2.94309079,1,0,0,0,0,0,0,0,0,0,0,0,0,0,0,150.09763,4.79015999,-1.85057561,1.86249591e-05,0,0,0,0,0,0,0,0,0,0,0,0,0,0,0,0,0,0,0,0,0,0,0,0,0,0,0,0,0,0,0,0,147.154539,0.0394669884,0.967696673,-0.00384051527,-0.113534285,-0.171277625,0.224999691,-1.51211678,-4.31409623,0.000207874053,1500,1500,1500,1500,1500,1500,1500,1500,0,0,0,0,0.02,0,0,0,0,0.02,0,0,0,0,0.02,0,0,0,0,0.02,0,0,0,0,1,0,0,0,0,1,0,0,0,0,1,0,0,0,0,1
299672.493,0.05,0,0,0,0,0,0,0.367101461,-0,150.09763,-147.154539,2.94309079,1,0,0,0,0,0,0,0,0,0,0,0,0,0,0,150.09763,4.79015999,-1.85057561,1.86249591e-05,0,0,0,0,0,0,0,0,0,0,0,0,0,0,0,0,0,0,0,0,0,0,0,0,0,0,0,0,0,0,0,0,147.154539,0.0394669884,0.967696673,-0.00384051527,-0.113534285,-0.171277625,0.224999691,-1.51211678,-4.31409623,0.000207874053,1500,1500,1500,1500,1500,1500,1500,1500,0,0,0,0,0.02,0,0,0,0,0.02,0,0,0,0,0.02,0,0,0,0,0.02,0,0,0,0,1,0,0,0,0,1,0,0,0,0,1,0,0,0,0,1
299672.543,0.1,0,0,0,0,0,0,0.367101461,-0,150.09763,-147.154539,2.94309079,1,0,0,0,0,0,0,0,0,0,0,0,0,0,0,150.09763,4.79015999,-1.85057561,1.86249591e-05,0,0,0,0,0,0,0,0,0,0,0,0,0,0,0,0,0,0,0,0,0,0,0,0,0,0,0,0,0,0,0,0,147.154539,0.0394669884,0.967696673,-0.00384051527,-0.113534285,-0.171277625,0.224999691,-1.51211678,-4.31409623,0.000207874053,1500,1500,1500,1500,1500,1500,1500,1500,0,0,0,0,0.02,0,0,0,0,0.02,0,0,0,0,0.02,0,0,0,0,0.02,0,0,0,0,1,0,0,0,0,1,0,0,0,0,1,0,0,0,0,1
299672.593,0.15,0,0,0,0,0,0,0.367101461,-0,150.09763,-147.154539,2.94309079,1,0,0,0,0,0,0,0,0,0,0,0,0,0,0,150.09763,4.79015999,-1.85057561,1.86249591e-05,0,0,0,0,0,0,0,0,0,0,0,0,0,0,0,0,0,0,0,0,0,0,0,0,0,0,0,0,0,0,0,0,147.154539,0.0394669884,0.967696673,-0.00384051527,-0.113534285,-0.171277625,0.224999691,-1.51211678,-4.31409623,0.000207874053,1500,1500,1500,1500,1500,1500,1500,1500,0,0,0,0,0.02,0,0,0,0,0.02,0,0,0,0,0.02,0,0,0,0,0.02,0,0,0,0,1,0,0,0,0,1,0,0,0,0,1,0,0,0,0,1
299672.643,0.2,0,0,0,0,0,0,0.367101461,-0,150.09763,-147.154539,2.94309079,1,0,0,0,0,0,0,0,0,0,0,0,0,0,0,150.09763,4.79015999,-1.85057561,1.86249591e-05,0,0,0,0,0,0,0,0,0,0,0,0,0,0,0,0,0,0,0,0,0,0,0,0,0,0,0,0,0,0,0,0,147.154539,0.0394669884,0.967696673,-0.00384051527,-0.113534285,-0.171277625,0.224999691,-1.51211678,-4.31409623,0.000207874053,1500,1500,1500,1500,1500,1500,1500,1500,0,0,0,0,0.02,0,0,0,0,0.02,0,0,0,0,0.02,0,0,0,0,0.02,0,0,0,0,1,0,0,0,0,1,0,0,0,0,1,0,0,0,0,1
299672.693,0.25,0,0,0,0,0,0,0.367101461,-0,150.09763,-147.154539,2.94309079,1,0,0,0,0,0,0,0,0,0,0,0,0,0,0,150.09763,4.79015999,-1.85057561,1.86249591e-05,0,0,0,0,0,0,0,0,0,0,0,0,0,0,0,0,0,0,0,0,0,0,0,0,0,0,0,0,0,0,0,0,147.154539,0.0394669884,0.967696673,-0.00384051527,-0.113534285,-0.171277625,0.224999691,-1.51211678,-4.31409623,0.000207874053,1500,1500,1500,1500,1500,1500,1500,1500,0,0,0,0,0.02,0,0,0,0,0.02,0,0,0,0,0.02,0,0,0,0,0.02,0,0,0,0,1,0,0,0,0,1,0,0,0,0,1,0,0,0,0,1
299672.743,0.3,0,0,0,0,0,0,0.367101461,-0,150.09763,-147.154539,2.94309079,1,0,0,0,0,0,0,0,0,0,0,0,0,0,0,150.09763,4.79015999,-1.85057561,1.86249591e-05,0,0,0,0,0,0,0,0,0,0,0,0,0,0,0,0,0,0,0,0,0,0,0,0,0,0,0,0,0,0,0,0,147.154539,0.0394669884,0.967696673,-0.00384051527,-0.113534285,-0.171277625,0.224999691,-1.51211678,-4.31409623,0.000207874053,1500,1500,1500,1500,1500,1500,1500,1500,0,0,0,0,0.02,0,0,0,0,0.02,0,0,0,0,0.02,0,0,0,0,0.02,0,0,0,0,1,0,0,0,0,1,0,0,0,0,1,0,0,0,0,1
299672.793,0.35,0,0,0,0,0,0,0.367101461,-0,150.09763,-147.154539,2.94309079,1,0,0,0,0,0,0,0,0,0,0,0,0,0,0,150.09763,4.79015999,-1.85057561,1.86249591e-05,0,0,0,0,0,0,0,0,0,0,0,0,0,0,0,0,0,0,0,0,0,0,0,0,0,0,0,0,0,0,0,0,147.154539,0.0394669884,0.967696673,-0.00384051527,-0.113534285,-0.171277625,0.224999691,-1.51211678,-4.31409623,0.000207874053,1500,1500,1500,1500,1500,1500,1500,1500,0,0,0,0,0.02,0,0,0,0,0.02,0,0,0,0,0.02,0,0,0,0,0.02,0,0,0,0,1,0,0,0,0,1,0,0,0,0,1,0,0,0,0,1
299672.843,0.4,0,0,0,0,0,0,0.367101461,-0,150.09763,-147.154539,2.94309079,1,0,0,0,0,0,0,0,0,0,0,0,0,0,0,150.09763,4.79015999,-1.85057561,1.86249591e-05,0,0,0,0,0,0,0,0,0,0,0,0,0,0,0,0,0,0,0,0,0,0,0,0,0,0,0,0,0,0,0,0,147.154539,0.0394669884,0.967696673,-0.00384051527,-0.113534285,-0.171277625,0.224999691,-1.51211678,-4.31409623,0.000207874053,1500,1500,1500,1500,1500,1500,1500,1500,0,0,0,0,0.02,0,0,0,0,0.02,0,0,0,0,0.02,0,0,0,0,0.02,0,0,0,0,1,0,0,0,0,1,0,0,0,0,1,0,0,0,0,1
299672.893,0.45,0,0,0,0,0,0,0.367101461,-0,150.09763,-147.154539,2.94309079,1,0,0,0,0,0,0,0,0,0,0,0,0,0,0,150.09763,4.79015999,-1.85057561,1.86249591e-05,0,0,0,0,0,0,0,0,0,0,0,0,0,0,0,0,0,0,0,0,0,0,0,0,0,0,0,0,0,0,0,0,147.154539,0.0394669884,0.967696673,-0.00384051527,-0.113534285,-0.171277625,0.224999691,-1.51211678,-4.31409623,0.000207874053,1500,1500,1500,1500,1500,1500,1500,1500,0,0,0,0,0.02,0,0,0,0,0.02,0,0,0,0,0.02,0,0,0,0,0.02,0,0,0,0,1,0,0,0,0,1,0,0,0,0,1,0,0,0,0,1
299672.944,0.5,0,0,0,0,0,0,0.367101461,-0,150.09763,-147.154539,2.94309079,1,0,0,0,0,0,0,0,0,0,0,0,0,0,0,150.09763,4.79015999,-1.85057561,1.86249591e-05,0,0,0,0,0,0,0,0,0,0,0,0,0,0,0,0,0,0,0,0,0,0,0,0,0,0,0,0,0,0,0,0,147.154539,0.0394669884,0.967696673,-0.00384051527,-0.113534285,-0.171277625,0.224999691,-1.51211678,-4.31409623,0.000207874053,1500,1500,1500,1500,1500,1500,1500,1500,0,0,0,0,0.02,0,0,0,0,0.02,0,0,0,0,0.02,0,0,0,0,0.02,0,0,0,0,1,0,0,0,0,1,0,0,0,0,1,0,0,0,0,1
299672.996,0.55,0,0,0,0,0,0,0.367101461,-0,150.09763,-147.154539,2.94309079,1,0,0,0,0,0,0,0,0,0,0,0,0,0,0,150.09763,4.79015999,-1.85057561,1.86249591e-05,0,0,0,0,0,0,0,0,0,0,0,0,0,0,0,0,0,0,0,0,0,0,0,0,0,0,0,0,0,0,0,0,147.154539,0.0394669884,0.967696673,-0.00384051527,-0.113534285,-0.171277625,0.224999691,-1.51211678,-4.31409623,0.000207874053,1500,1500,1500,1500,1500,1500,1500,1500,0,0,0,0,0.02,0,0,0,0,0.02,0,0,0,0,0.02,0,0,0,0,0.02,0,0,0,0,1,0,0,0,0,1,0,0,0,0,1,0,0,0,0,1
299673.047,0.6,0,0,0,0,0,0,0.367101461,-0,150.09763,-147.154539,2.94309079,1,0,0,0,0,0,0,0,0,0,0,0,0,0,0,150.09763,4.79015999,-1.85057561,1.86249591e-05,0,0,0,0,0,0,0,0,0,0,0,0,0,0,0,0,0,0,0,0,0,0,0,0,0,0,0,0,0,0,0,0,147.154539,0.0394669884,0.967696673,-0.00384051527,-0.113534285,-0.171277625,0.224999691,-1.51211678,-4.31409623,0.000207874053,1500,1500,1500,1500,1500,1500,1500,1500,0,0,0,0,0.02,0,0,0,0,0.02,0,0,0,0,0.02,0,0,0,0,0.02,0,0,0,0,1,0,0,0,0,1,0,0,0,0,1,0,0,0,0,1
299673.098,0.65,0,0,0,0,0,0,0.367101461,-0,150.09763,-147.154539,2.94309079,1,0,0,0,0,0,0,0,0,0,0,0,0,0,0,150.09763,4.79015999,-1.85057561,1.86249591e-05,0,0,0,0,0,0,0,0,0,0,0,0,0,0,0,0,0,0,0,0,0,0,0,0,0,0,0,0,0,0,0,0,147.154539,0.0394669884,0.967696673,-0.00384051527,-0.113534285,-0.171277625,0.224999691,-1.51211678,-4.31409623,0.000207874053,1500,1500,1500,1500,1500,1500,1500,1500,0,0,0,0,0.02,0,0,0,0,0.02,0,0,0,0,0.02,0,0,0,0,0.02,0,0,0,0,1,0,0,0,0,1,0,0,0,0,1,0,0,0,0,1
299673.148,0.7,0,0,0,0,0,0,0.367101461,-0,150.09763,-147.154539,2.94309079,1,0,0,0,0,0,0,0,0,0,0,0,0,0,0,150.09763,4.79015999,-1.85057561,1.86249591e-05,0,0,0,0,0,0,0,0,0,0,0,0,0,0,0,0,0,0,0,0,0,0,0,0,0,0,0,0,0,0,0,0,147.154539,0.0394669884,0.967696673,-0.00384051527,-0.113534285,-0.171277625,0.224999691,-1.51211678,-4.31409623,0.000207874053,1500,1500,1500,1500,1500,1500,1500,1500,0,0,0,0,0.02,0,0,0,0,0.02,0,0,0,0,0.02,0,0,0,0,0.02,0,0,0,0,1,0,0,0,0,1,0,0,0,0,1,0,0,0,0,1
299673.198,0.75,0,0,0,0,0,0,0.367101461,-0,150.09763,-147.154539,2.94309079,1,0,0,0,0,0,0,0,0,0,0,0,0,0,0,150.09763,4.79015999,-1.85057561,1.86249591e-05,0,0,0,0,0,0,0,0,0,0,0,0,0,0,0,0,0,0,0,0,0,0,0,0,0,0,0,0,0,0,0,0,147.154539,0.0394669884,0.967696673,-0.00384051527,-0.113534285,-0.171277625,0.224999691,-1.51211678,-4.31409623,0.000207874053,1500,1500,1500,1500,1500,1500,1500,1500,0,0,0,0,0.02,0,0,0,0,0.02,0,0,0,0,0.02,0,0,0,0,0.02,0,0,0,0,1,0,0,0,0,1,0,0,0,0,1,0,0,0,0,1
299673.248,0.8,0,0,0,0,0,0,0.367101461,-0,150.09763,-147.154539,2.94309079,1,0,0,0,0,0,0,0,0,0,0,0,0,0,0,150.09763,4.79015999,-1.85057561,1.86249591e-05,0,0,0,0,0,0,0,0,0,0,0,0,0,0,0,0,0,0,0,0,0,0,0,0,0,0,0,0,0,0,0,0,147.154539,0.0394669884,0.967696673,-0.00384051527,-0.113534285,-0.171277625,0.224999691,-1.51211678,-4.31409623,0.000207874053,1500,1500,1500,1500,1500,1500,1500,1500,0,0,0,0,0.02,0,0,0,0,0.02,0,0,0,0,0.02,0,0,0,0,0.02,0,0,0,0,1,0,0,0,0,1,0,0,0,0,1,0,0,0,0,1
299673.298,0.85,0,0,0,0,0,0,0.367101461,-0,150.09763,-147.154539,2.94309079,1,0,0,0,0,0,0,0,0,0,0,0,0,0,0,150.09763,4.79015999,-1.85057561,1.86249591e-05,0,0,0,0,0,0,0,0,0,0,0,0,0,0,0,0,0,0,0,0,0,0,0,0,0,0,0,0,0,0,0,0,147.154539,0.0394669884,0.967696673,-0.00384051527,-0.113534285,-0.171277625,0.224999691,-1.51211678,-4.31409623,0.000207874053,1500,1500,1500,1500,1500,1500,1500,1500,0,0,0,0,0.02,0,0,0,0,0.02,0,0,0,0,0.02,0,0,0,0,0.02,0,0,0,0,1,0,0,0,0,1,0,0,0,0,1,0,0,0,0,1
299673.348,0.9,0,0,0,0,0,0,0.367101461,-0,150.09763,-147.154539,2.94309079,1,0,0,0,0,0,0,0,0,0,0,0,0,0,0,150.09763,4.79015999,-1.85057561,1.86249591e-05,0,0,0,0,0,0,0,0,0,0,0,0,0,0,0,0,0,0,0,0,0,0,0,0,0,0,0,0,0,0,0,0,147.154539,0.0394669884,0.967696673,-0.00384051527,-0.113534285,-0.171277625,0.224999691,-1.51211678,-4.31409623,0.000207874053,1500,1500,1500,1500,1500,1500,1500,1500,0,0,0,0,0.02,0,0,0,0,0.02,0,0,0,0,0.02,0,0,0,0,0.02,0,0,0,0,1,0,0,0,0,1,0,0,0,0,1,0,0,0,0,1
299673.398,0.95,0,0,0,0,0,0,0.367101461,-0,150.09763,-147.154539,2.94309079,1,0,0,0,0,0,0,0,0,0,0,0,0,0,0,150.09763,4.79015999,-1.85057561,1.86249591e-05,0,0,0,0,0,0,0,0,0,0,0,0,0,0,0,0,0,0,0,0,0,0,0,0,0,0,0,0,0,0,0,0,147.154539,0.0394669884,0.967696673,-0.00384051527,-0.113534285,-0.171277625,0.224999691,-1.51211678,-4.31409623,0.000207874053,1500,1500,1500,1500,1500,1500,1500,1500,0,0,0,0,0.02,0,0,0,0,0.02,0,0,0,0,0.02,0,0,0,0,0.02,0,0,0,0,1,0,0,0,0,1,0,0,0,0,1,0,0,0,0,1
299673.448,1,0,0,0,0,0,0,0.367101461,-0,150.09763,-147.154539,2.94309079,1,0,0,0,0,0,0,0,0,0,0,0,0,0,0,150.09763,4.79015999,-1.85057561,1.86249591e-05,0,0,0,0,0,0,0,0,0,0,0,0,0,0,0,0,0,0,0,0,0,0,0,0,0,0,0,0,0,0,0,0,147.154539,0.0394669884,0.967696673,-0.00384051527,-0.113534285,-0.171277625,0.224999691,-1.51211678,-4.31409623,0.000207874053,1500,1500,1500,1500,1500,1500,1500,1500,0,0,0,0,0.02,0,0,0,0,0.02,0,0,0,0,0.02,0,0,0,0,0.02,0,0,0,0,1,0,0,0,0,1,0,0,0,0,1,0,0,0,0,1
299673.498,1.05,0,0,0,0,0,0,0.367101461,-0,150.09763,-147.154539,2.94309079,1,0,0,0,0,0,0,0,0,0,0,0,0,0,0,150.09763,4.79015999,-1.85057561,1.86249591e-05,0,0,0,0,0,0,0,0,0,0,0,0,0,0,0,0,0,0,0,0,0,0,0,0,0,0,0,0,0,0,0,0,147.154539,0.0394669884,0.967696673,-0.00384051527,-0.113534285,-0.171277625,0.224999691,-1.51211678,-4.31409623,0.000207874053,1500,1500,1500,1500,1500,1500,1500,1500,0,0,0,0,0.02,0,0,0,0,0.02,0,0,0,0,0.02,0,0,0,0,0.02,0,0,0,0,1,0,0,0,0,1,0,0,0,0,1,0,0,0,0,1
299673.548,1.1,0,0,0,0,0,0,0.367101461,-0,150.09763,-147.154539,2.94309079,1,0,0,0,0,0,0,0,0,0,0,0,0,0,0,150.09763,4.79015999,-1.85057561,1.86249591e-05,0,0,0,0,0,0,0,0,0,0,0,0,0,0,0,0,0,0,0,0,0,0,0,0,0,0,0,0,0,0,0,0,147.154539,0.0394669884,0.967696673,-0.00384051527,-0.113534285,-0.171277625,0.224999691,-1.51211678,-4.31409623,0.000207874053,1500,1500,1500,1500,1500,1500,1500,1500,0,0,0,0,0.02,0,0,0,0,0.02,0,0,0,0,0.02,0,0,0,0,0.02,0,0,0,0,1,0,0,0,0,1,0,0,0,0,1,0,0,0,0,1
299673.599,1.15,0,0,0,0,0,0,0.367101461,-0,150.09763,-147.154539,2.94309079,1,0,0,0,0,0,0,0,0,0,0,0,0,0,0,150.09763,4.79015999,-1.85057561,1.86249591e-05,0,0,0,0,0,0,0,0,0,0,0,0,0,0,0,0,0,0,0,0,0,0,0,0,0,0,0,0,0,0,0,0,147.154539,0.0394669884,0.967696673,-0.00384051527,-0.113534285,-0.171277625,0.224999691,-1.51211678,-4.31409623,0.000207874053,1500,1500,1500,1500,1500,1500,1500,1500,0,0,0,0,0.02,0,0,0,0,0.02,0,0,0,0,0.02,0,0,0,0,0.02,0,0,0,0,1,0,0,0,0,1,0,0,0,0,1,0,0,0,0,1
299673.65,1.2,0,0,0,0,0,0,0.367101461,-0,150.09763,-147.154539,2.94309079,1,0,0,0,0,0,0,0,0,0,0,0,0,0,0,150.09763,4.79015999,-1.85057561,1.86249591e-05,0,0,0,0,0,0,0,0,0,0,0,0,0,0,0,0,0,0,0,0,0,0,0,0,0,0,0,0,0,0,0,0,147.154539,0.0394669884,0.967696673,-0.00384051527,-0.113534285,-0.171277625,0.224999691,-1.51211678,-4.31409623,0.000207874053,1500,1500,1500,1500,1500,1500,1500,1500,0,0,0,0,0.02,0,0,0,0,0.02,0,0,0,0,0.02,0,0,0,0,0.02,0,0,0,0,1,0,0,0,0,1,0,0,0,0,1,0,0,0,0,1
299673.699,1.25,0,0,0,0,0,0,0.367101461,-0,150.09763,-147.154539,2.94309079,1,0,0,0,0,0,0,0,0,0,0,0,0,0,0,150.09763,4.79015999,-1.85057561,1.86249591e-05,0,0,0,0,0,0,0,0,0,0,0,0,0,0,0,0,0,0,0,0,0,0,0,0,0,0,0,0,0,0,0,0,147.154539,0.0394669884,0.967696673,-0.00384051527,-0.113534285,-0.171277625,0.224999691,-1.51211678,-4.31409623,0.000207874053,1500,1500,1500,1500,1500,1500,1500,1500,0,0,0,0,0.02,0,0,0,0,0.02,0,0,0,0,0.02,0,0,0,0,0.02,0,0,0,0,1,0,0,0,0,1,0,0,0,0,1,0,0,0,0,1
299673.75,1.3,0,0,0,0,0,0,0.367101461,-0,150.09763,-147.154539,2.94309079,1,0,0,0,0,0,0,0,0,0,0,0,0,0,0,150.09763,4.79015999,-1.85057561,1.86249591e-05,0,0,0,0,0,0,0,0,0,0,0,0,0,0,0,0,0,0,0,0,0,0,0,0,0,0,0,0,0,0,0,0,147.154539,0.0394669884,0.967696673,-0.00384051527,-0.113534285,-0.171277625,0.224999691,-1.51211678,-4.31409623,0.000207874053,1500,1500,1500,1500,1500,1500,1500,1500,0,0,0,0,0.02,0,0,0,0,0.02,0,0,0,0,0.02,0,0,0,0,0.02,0,0,0,0,1,0,0,0,0,1,0,0,0,0,1,0,0,0,0,1
299673.799,1.35,0,0,0,0,0,0,0.367101461,-0,150.09763,-147.154539,2.94309079,1,0,0,0,0,0,0,0,0,0,0,0,0,0,0,150.09763,4.79015999,-1.85057561,1.86249591e-05,0,0,0,0,0,0,0,0,0,0,0,0,0,0,0,0,0,0,0,0,0,0,0,0,0,0,0,0,0,0,0,0,147.154539,0.0394669884,0.967696673,-0.00384051527,-0.113534285,-0.171277625,0.224999691,-1.51211678,-4.31409623,0.000207874053,1500,1500,1500,1500,1500,1500,1500,1500,0,0,0,0,0.02,0,0,0,0,0.02,0,0,0,0,0.02,0,0,0,0,0.02,0,0,0,0,1,0,0,0,0,1,0,0,0,0,1,0,0,0,0,1
299673.849,1.4,0,0,0,0,0,0,0.367101461,-0,150.09763,-147.154539,2.94309079,1,0,0,0,0,0,0,0,0,0,0,0,0,0,0,150.09763,4.79015999,-1.85057561,1.86249591e-05,0,0,0,0,0,0,0,0,0,0,0,0,0,0,0,0,0,0,0,0,0,0,0,0,0,0,0,0,0,0,0,0,147.154539,0.0394669884,0.967696673,-0.00384051527,-0.113534285,-0.171277625,0.224999691,-1.51211678,-4.31409623,0.000207874053,1500,1500,1500,1500,1500,1500,1500,1500,0,0,0,0,0.02,0,0,0,0,0.02,0,0,0,0,0.02,0,0,0,0,0.02,0,0,0,0,1,0,0,0,0,1,0,0,0,0,1,0,0,0,0,1
299673.899,1.45,0,0,0,0,0,0,0.367101461,-0,150.09763,-147.154539,2.94309079,1,0,0,0,0,0,0,0,0,0,0,0,0,0,0,150.09763,4.79015999,-1.85057561,1.86249591e-05,0,0,0,0,0,0,0,0,0,0,0,0,0,0,0,0,0,0,0,0,0,0,0,0,0,0,0,0,0,0,0,0,147.154539,0.0394669884,0.967696673,-0.00384051527,-0.113534285,-0.171277625,0.224999691,-1.51211678,-4.31409623,0.000207874053,1500,1500,1500,1500,1500,1500,1500,1500,0,0,0,0,0.02,0,0,0,0,0.02,0,0,0,0,0.02,0,0,0,0,0.02,0,0,0,0,1,0,0,0,0,1,0,0,0,0,1,0,0,0,0,1
299673.95,1.5,0,0,0,0,0,0,0.367101461,-0,150.09763,-147.154539,2.94309079,1,0,0,0,0,0,0,0,0,0,0,0,0,0,0,150.09763,4.79015999,-1.85057561,1.86249591e-05,0,0,0,0,0,0,0,0,0,0,0,0,0,0,0,0,0,0,0,0,0,0,0,0,0,0,0,0,0,0,0,0,147.154539,0.0394669884,0.967696673,-0.00384051527,-0.113534285,-0.171277625,0.224999691,-1.51211678,-4.31409623,0.000207874053,1500,1500,1500,1500,1500,1500,1500,1500,0,0,0,0,0.02,0,0,0,0,0.02,0,0,0,0,0.02,0,0,0,0,0.02,0,0,0,0,1,0,0,0,0,1,0,0,0,0,1,0,0,0,0,1
299673.999,1.55,0,0,0,0,0,0,0.367101461,-0,150.09763,-147.154539,2.94309079,1,0,0,0,0,0,0,0,0,0,0,0,0,0,0,150.09763,4.79015999,-1.85057561,1.86249591e-05,0,0,0,0,0,0,0,0,0,0,0,0,0,0,0,0,0,0,0,0,0,0,0,0,0,0,0,0,0,0,0,0,147.154539,0.0394669884,0.967696673,-0.00384051527,-0.113534285,-0.171277625,0.224999691,-1.51211678,-4.31409623,0.000207874053,1500,1500,1500,1500,1500,1500,1500,1500,0,0,0,0,0.02,0,0,0,0,0.02,0,0,0,0,0.02,0,0,0,0,0.02,0,0,0,0,1,0,0,0,0,1,0,0,0,0,1,0,0,0,0,1
299674.049,1.6,0,0,0,0,0,0,0.367101461,-0,150.09763,-147.154539,2.94309079,1,0,0,0,0,0,0,0,0,0,0,0,0,0,0,150.09763,4.79015999,-1.85057561,1.86249591e-05,0,0,0,0,0,0,0,0,0,0,0,0,0,0,0,0,0,0,0,0,0,0,0,0,0,0,0,0,0,0,0,0,147.154539,0.0394669884,0.967696673,-0.00384051527,-0.113534285,-0.171277625,0.224999691,-1.51211678,-4.31409623,0.000207874053,1500,1500,1500,1500,1500,1500,1500,1500,0,0,0,0,0.02,0,0,0,0,0.02,0,0,0,0,0.02,0,0,0,0,0.02,0,0,0,0,1,0,0,0,0,1,0,0,0,0,1,0,0,0,0,1
299674.099,1.65,0,0,0,0,0,0,0.367101461,-0,150.09763,-147.154539,2.94309079,1,0,0,0,0,0,0,0,0,0,0,0,0,0,0,150.09763,4.79015999,-1.85057561,1.86249591e-05,0,0,0,0,0,0,0,0,0,0,0,0,0,0,0,0,0,0,0,0,0,0,0,0,0,0,0,0,0,0,0,0,147.154539,0.0394669884,0.967696673,-0.00384051527,-0.113534285,-0.171277625,0.224999691,-1.51211678,-4.31409623,0.000207874053,1500,1500,1500,1500,1500,1500,1500,1500,0,0,0,0,0.02,0,0,0,0,0.02,0,0,0,0,0.02,0,0,0,0,0.02,0,0,0,0,1,0,0,0,0,1,0,0,0,0,1,0,0,0,0,1
299674.149,1.7,0,0,0,0,0,0,0.367101461,-0,150.09763,-147.154539,2.94309079,1,0,0,0,0,0,0,0,0,0,0,0,0,0,0,150.09763,4.79015999,-1.85057561,1.86249591e-05,0,0,0,0,0,0,0,0,0,0,0,0,0,0,0,0,0,0,0,0,0,0,0,0,0,0,0,0,0,0,0,0,147.154539,0.0394669884,0.967696673,-0.00384051527,-0.113534285,-0.171277625,0.224999691,-1.51211678,-4.31409623,0.000207874053,1500,1500,1500,1500,1500,1500,1500,1500,0,0,0,0,0.02,0,0,0,0,0.02,0,0,0,0,0.02,0,0,0,0,0.02,0,0,0,0,1,0,0,0,0,1,0,0,0,0,1,0,0,0,0,1
299674.199,1.75,0,0,0,0,0,0,0.367101461,-0,150.09763,-147.154539,2.94309079,1,0,0,0,0,0,0,0,0,0,0,0,0,0,0,150.09763,4.79015999,-1.85057561,1.86249591e-05,0,0,0,0,0,0,0,0,0,0,0,0,0,0,0,0,0,0,0,0,0,0,0,0,0,0,0,0,0,0,0,0,147.154539,0.0394669884,0.967696673,-0.00384051527,-0.113534285,-0.171277625,0.224999691,-1.51211678,-4.31409623,0.000207874053,1500,1500,1500,1500,1500,1500,1500,1500,0,0,0,0,0.02,0,0,0,0,0.02,0,0,0,0,0.02,0,0,0,0,0.02,0,0,0,0,1,0,0,0,0,1,0,0,0,0,1,0,0,0,0,1
299674.249,1.8,0,0,0,0,0,0,0.367101461,-0,150.09763,-147.154539,2.94309079,1,0,0,0,0,0,0,0,0,0,0,0,0,0,0,150.09763,4.79015999,-1.85057561,1.86249591e-05,0,0,0,0,0,0,0,0,0,0,0,0,0,0,0,0,0,0,0,0,0,0,0,0,0,0,0,0,0,0,0,0,147.154539,0.0394669884,0.967696673,-0.00384051527,-0.113534285,-0.171277625,0.224999691,-1.51211678,-4.31409623,0.000207874053,1500,1500,1500,1500,1500,1500,1500,1500,0,0,0,0,0.02,0,0,0,0,0.02,0,0,0,0,0.02,0,0,0,0,0.02,0,0,0,0,1,0,0,0,0,1,0,0,0,0,1,0,0,0,0,1
299674.3,1.85,0,0,0,0,0,0,0.367101461,-0,150.09763,-147.154539,2.94309079,1,0,0,0,0,0,0,0,0,0,0,0,0,0,0,150.09763,4.79015999,-1.85057561,1.86249591e-05,0,0,0,0,0,0,0,0,0,0,0,0,0,0,0,0,0,0,0,0,0,0,0,0,0,0,0,0,0,0,0,0,147.154539,0.0394669884,0.967696673,-0.00384051527,-0.113534285,-0.171277625,0.224999691,-1.51211678,-4.31409623,0.000207874053,1500,1500,1500,1500,1500,1500,1500,1500,0,0,0,0,0.02,0,0,0,0,0.02,0,0,0,0,0.02,0,0,0,0,0.02,0,0,0,0,1,0,0,0,0,1,0,0,0,0,1,0,0,0,0,1
299674.35,1.9,0,0,0,0,0,0,0.367101461,-0,150.09763,-147.154539,2.94309079,1,0,0,0,0,0,0,0,0,0,0,0,0,0,0,150.09763,4.79015999,-1.85057561,1.86249591e-05,0,0,0,0,0,0,0,0,0,0,0,0,0,0,0,0,0,0,0,0,0,0,0,0,0,0,0,0,0,0,0,0,147.154539,0.0394669884,0.967696673,-0.00384051527,-0.113534285,-0.171277625,0.224999691,-1.51211678,-4.31409623,0.000207874053,1500,1500,1500,1500,1500,1500,1500,1500,0,0,0,0,0.02,0,0,0,0,0.02,0,0,0,0,0.02,0,0,0,0,0.02,0,0,0,0,1,0,0,0,0,1,0,0,0,0,1,0,0,0,0,1
299674.4,1.95,0,0,0,0,0,0,0.367101461,-0,150.09763,-147.154539,2.94309079,1,0,0,0,0,0,0,0,0,0,0,0,0,0,0,150.09763,4.79015999,-1.85057561,1.86249591e-05,0,0,0,0,0,0,0,0,0,0,0,0,0,0,0,0,0,0,0,0,0,0,0,0,0,0,0,0,0,0,0,0,147.154539,0.0394669884,0.967696673,-0.00384051527,-0.113534285,-0.171277625,0.224999691,-1.51211678,-4.31409623,0.000207874053,1500,1500,1500,1500,1500,1500,1500,1500,0,0,0,0,0.02,0,0,0,0,0.02,0,0,0,0,0.02,0,0,0,0,0.02,0,0,0,0,1,0,0,0,0,1,0,0,0,0,1,0,0,0,0,1
299674.449,2,0,0,0,0,0,0,0.367101461,-0,150.09763,-147.154539,2.94309079,1,0,0,0,0,0,0,0,0,0,0,0,0,0,0,150.09763,4.79015999,-1.85057561,1.86249591e-05,0,0,0,0,0,0,0,0,0,0,0,0,0,0,0,0,0,0,0,0,0,0,0,0,0,0,0,0,0,0,0,0,147.154539,0.0394669884,0.967696673,-0.00384051527,-0.113534285,-0.171277625,0.224999691,-1.51211678,-4.31409623,0.000207874053,1500,1500,1500,1500,1500,1500,1500,1500,0,0,0,0,0.02,0,0,0,0,0.02,0,0,0,0,0.02,0,0,0,0,0.02,0,0,0,0,1,0,0,0,0,1,0,0,0,0,1,0,0,0,0,1
299674.499,2.05,0,0,0,0,0,0,0.367101461,-0,150.09763,-147.154539,2.94309079,1,0,0,0,0,0,0,0,0,0,0,0,0,0,0,150.09763,4.79015999,-1.85057561,1.86249591e-05,0,0,0,0,0,0,0,0,0,0,0,0,0,0,0,0,0,0,0,0,0,0,0,0,0,0,0,0,0,0,0,0,147.154539,0.0394669884,0.967696673,-0.00384051527,-0.113534285,-0.171277625,0.224999691,-1.51211678,-4.31409623,0.000207874053,1500,1500,1500,1500,1500,1500,1500,1500,0,0,0,0,0.02,0,0,0,0,0.02,0,0,0,0,0.02,0,0,0,0,0.02,0,0,0,0,1,0,0,0,0,1,0,0,0,0,1,0,0,0,0,1
299674.549,2.1,0,0,0,0,0,0,0.367101461,-0,150.09763,-147.154539,2.94309079,1,0,0,0,0,0,0,0,0,0,0,0,0,0,0,150.09763,4.79015999,-1.85057561,1.86249591e-05,0,0,0,0,0,0,0,0,0,0,0,0,0,0,0,0,0,0,0,0,0,0,0,0,0,0,0,0,0,0,0,0,147.154539,0.0394669884,0.967696673,-0.00384051527,-0.113534285,-0.171277625,0.224999691,-1.51211678,-4.31409623,0.000207874053,1500,1500,1500,1500,1500,1500,1500,1500,0,0,0,0,0.02,0,0,0,0,0.02,0,0,0,0,0.02,0,0,0,0,0.02,0,0,0,0,1,0,0,0,0,1,0,0,0,0,1,0,0,0,0,1
299674.599,2.15,0,0,0,0,0,0,0.367101461,-0,150.09763,-147.154539,2.94309079,1,0,0,0,0,0,0,0,0,0,0,0,0,0,0,150.09763,4.79015999,-1.85057561,1.86249591e-05,0,0,0,0,0,0,0,0,0,0,0,0,0,0,0,0,0,0,0,0,0,0,0,0,0,0,0,0,0,0,0,0,147.154539,0.0394669884,0.967696673,-0.00384051527,-0.113534285,-0.171277625,0.224999691,-1.51211678,-4.31409623,0.000207874053,1500,1500,1500,1500,1500,1500,1500,1500,0,0,0,0,0.02,0,0,0,0,0.02,0,0,0,0,0.02,0,0,0,0,0.02,0,0,0,0,1,0,0,0,0,1,0,0,0,0,1,0,0,0,0,1
299674.65,2.2,0,0,0,0,0,0,0.367101461,-0,150.09763,-147.154539,2.94309079,1,0,0,0,0,0,0,0,0,0,0,0,0,0,0,150.09763,4.79015999,-1.85057561,1.86249591e-05,0,0,0,0,0,0,0,0,0,0,0,0,0,0,0,0,0,0,0,0,0,0,0,0,0,0,0,0,0,0,0,0,147.154539,0.0394669884,0.967696673,-0.00384051527,-0.113534285,-0.171277625,0.224999691,-1.51211678,-4.31409623,0.000207874053,1500,1500,1500,1500,1500,1500,1500,1500,0,0,0,0,0.02,0,0,0,0,0.02,0,0,0,0,0.02,0,0,0,0,0.02,0,0,0,0,1,0,0,0,0,1,0,0,0,0,1,0,0,0,0,1
299674.699,2.25,0,0,0,0,0,0,0.367101461,-0,150.09763,-147.154539,2.94309079,1,0,0,0,0,0,0,0,0,0,0,0,0,0,0,150.09763,4.79015999,-1.85057561,1.86249591e-05,0,0,0,0,0,0,0,0,0,0,0,0,0,0,0,0,0,0,0,0,0,0,0,0,0,0,0,0,0,0,0,0,147.154539,0.0394669884,0.967696673,-0.00384051527,-0.113534285,-0.171277625,0.224999691,-1.51211678,-4.31409623,0.000207874053,1500,1500,1500,1500,1500,1500,1500,1500,0,0,0,0,0.02,0,0,0,0,0.02,0,0,0,0,0.02,0,0,0,0,0.02,0,0,0,0,1,0,0,0,0,1,0,0,0,0,1,0,0,0,0,1
299674.749,2.3,0,0,0,0,0,0,0.367101461,-0,150.09763,-147.154539,2.94309079,1,0,0,0,0,0,0,0,0,0,0,0,0,0,0,150.09763,4.79015999,-1.85057561,1.86249591e-05,0,0,0,0,0,0,0,0,0,0,0,0,0,0,0,0,0,0,0,0,0,0,0,0,0,0,0,0,0,0,0,0,147.154539,0.0394669884,0.967696673,-0.00384051527,-0.113534285,-0.171277625,0.224999691,-1.51211678,-4.31409623,0.000207874053,1500,1500,1500,1500,1500,1500,1500,1500,0,0,0,0,0.02,0,0,0,0,0.02,0,0,0,0,0.02,0,0,0,0,0.02,0,0,0,0,1,0,0,0,0,1,0,0,0,0,1,0,0,0,0,1
299674.8,2.35,0,0,0,0,0,0,0.367101461,-0,150.09763,-147.154539,2.94309079,1,0,0,0,0,0,0,0,0,0,0,0,0,0,0,150.09763,4.79015999,-1.85057561,1.86249591e-05,0,0,0,0,0,0,0,0,0,0,0,0,0,0,0,0,0,0,0,0,0,0,0,0,0,0,0,0,0,0,0,0,147.154539,0.0394669884,0.967696673,-0.00384051527,-0.113534285,-0.171277625,0.224999691,-1.51211678,-4.31409623,0.000207874053,1500,1500,1500,1500,1500,1500,1500,1500,0,0,0,0,0.02,0,0,0,0,0.02,0,0,0,0,0.02,0,0,0,0,0.02,0,0,0,0,1,0,0,0,0,1,0,0,0,0,1,0,0,0,0,1
299674.85,2.4,0,0,0,0,0,0,0.367101461,-0,150.09763,-147.154539,2.94309079,1,0,0,0,0,0,0,0,0,0,0,0,0,0,0,150.09763,4.79015999,-1.85057561,1.86249591e-05,0,0,0,0,0,0,0,0,0,0,0,0,0,0,0,0,0,0,0,0,0,0,0,0,0,0,0,0,0,0,0,0,147.154539,0.0394669884,0.967696673,-0.00384051527,-0.113534285,-0.171277625,0.224999691,-1.51211678,-4.31409623,0.000207874053,1500,1500,1500,1500,1500,1500,1500,1500,0,0,0,0,0.02,0,0,0,0,0.02,0,0,0,0,0.02,0,0,0,0,0.02,0,0,0,0,1,0,0,0,0,1,0,0,0,0,1,0,0,0,0,1
299674.899,2.45,0,0,0,0,0,0,0.367101461,-0,150.09763,-147.154539,2.94309079,1,0,0,0,0,0,0,0,0,0,0,0,0,0,0,150.09763,4.79015999,-1.85057561,1.86249591e-05,0,0,0,0,0,0,0,0,0,0,0,0,0,0,0,0,0,0,0,0,0,0,0,0,0,0,0,0,0,0,0,0,147.154539,0.0394669884,0.967696673,-0.00384051527,-0.113534285,-0.171277625,0.224999691,-1.51211678,-4.31409623,0.000207874053,1500,1500,1500,1500,1500,1500,1500,1500,0,0,0,0,0.02,0,0,0,0,0.02,0,0,0,0,0.02,0,0,0,0,0.02,0,0,0,0,1,0,0,0,0,1,0,0,0,0,1,0,0,0,0,1
299674.949,2.5,0,0,0,0,0,0,0.367101461,-0,150.09763,-147.154539,2.94309079,1,0,0,0,0,0,0,0,0,0,0,0,0,0,0,150.09763,4.79015999,-1.85057561,1.86249591e-05,0,0,0,0,0,0,0,0,0,0,0,0,0,0,0,0,0,0,0,0,0,0,0,0,0,0,0,0,0,0,0,0,147.154539,0.0394669884,0.967696673,-0.00384051527,-0.113534285,-0.171277625,0.224999691,-1.51211678,-4.31409623,0.000207874053,1500,1500,1500,1500,1500,1500,1500,1500,0,0,0,0,0.02,0,0,0,0,0.02,0,0,0,0,0.02,0,0,0,0,0.02,0,0,0,0,1,0,0,0,0,1,0,0,0,0,1,0,0,0,0,1
299675.004,2.55,0,0,0,0,0,0,0.367101461,-0,150.09763,-147.154539,2.94309079,1,0,0,0,0,0,0,0,0,0,0,0,0,0,0,150.09763,4.79015999,-1.85057561,1.86249591e-05,0,0,0,0,0,0,0,0,0,0,0,0,0,0,0,0,0,0,0,0,0,0,0,0,0,0,0,0,0,0,0,0,147.154539,0.0394669884,0.967696673,-0.00384051527,-0.113534285,-0.171277625,0.224999691,-1.51211678,-4.31409623,0.000207874053,1500,1500,1500,1500,1500,1500,1500,1500,0,0,0,0,0.02,0,0,0,0,0.02,0,0,0,0,0.02,0,0,0,0,0.02,0,0,0,0,1,0,0,0,0,1,0,0,0,0,1,0,0,0,0,1
299675.055,2.6,0,0,0,0,0,0,0.367101461,-0,150.09763,-147.154539,2.94309079,1,0,0,0,0,0,0,0,0,0,0,0,0,0,0,150.09763,4.79015999,-1.85057561,1.86249591e-05,0,0,0,0,0,0,0,0,0,0,0,0,0,0,0,0,0,0,0,0,0,0,0,0,0,0,0,0,0,0,0,0,147.154539,0.0394669884,0.967696673,-0.00384051527,-0.113534285,-0.171277625,0.224999691,-1.51211678,-4.31409623,0.000207874053,1500,1500,1500,1500,1500,1500,1500,1500,0,0,0,0,0.02,0,0,0,0,0.02,0,0,0,0,0.02,0,0,0,0,0.02,0,0,0,0,1,0,0,0,0,1,0,0,0,0,1,0,0,0,0,1
299675.106,2.65,0,0,0,0,0,0,0.367101461,-0,150.09763,-147.154539,2.94309079,1,0,0,0,0,0,0,0,0,0,0,0,0,0,0,150.09763,4.79015999,-1.85057561,1.86249591e-05,0,0,0,0,0,0,0,0,0,0,0,0,0,0,0,0,0,0,0,0,0,0,0,0,0,0,0,0,0,0,0,0,147.154539,0.0394669884,0.967696673,-0.00384051527,-0.113534285,-0.171277625,0.224999691,-1.51211678,-4.31409623,0.000207874053,1500,1500,1500,1500,1500,1500,1500,1500,0,0,0,0,0.02,0,0,0,0,0.02,0,0,0,0,0.02,0,0,0,0,0.02,0,0,0,0,1,0,0,0,0,1,0,0,0,0,1,0,0,0,0,1
299675.156,2.7,0,0,0,0,0,0,0.367101461,-0,150.09763,-147.154539,2.94309079,1,0,0,0,0,0,0,0,0,0,0,0,0,0,0,150.09763,4.79015999,-1.85057561,1.86249591e-05,0,0,0,0,0,0,0,0,0,0,0,0,0,0,0,0,0,0,0,0,0,0,0,0,0,0,0,0,0,0,0,0,147.154539,0.0394669884,0.967696673,-0.00384051527,-0.113534285,-0.171277625,0.224999691,-1.51211678,-4.31409623,0.000207874053,1500,1500,1500,1500,1500,1500,1500,1500,0,0,0,0,0.02,0,0,0,0,0.02,0,0,0,0,0.02,0,0,0,0,0.02,0,0,0,0,1,0,0,0,0,1,0,0,0,0,1,0,0,0,0,1
299675.206,2.75,0,0,0,0,0,0,0.367101461,-0,150.09763,-147.154539,2.94309079,1,0,0,0,0,0,0,0,0,0,0,0,0,0,0,150.09763,4.79015999,-1.85057561,1.86249591e-05,0,0,0,0,0,0,0,0,0,0,0,0,0,0,0,0,0,0,0,0,0,0,0,0,0,0,0,0,0,0,0,0,147.154539,0.0394669884,0.967696673,-0.00384051527,-0.113534285,-0.171277625,0.224999691,-1.51211678,-4.31409623,0.000207874053,1500,1500,1500,1500,1500,1500,1500,1500,0,0,0,0,0.02,0,0,0,0,0.02,0,0,0,0,0.02,0,0,0,0,0.02,0,0,0,0,1,0,0,0,0,1,0,0,0,0,1,0,0,0,0,1
299675.256,2.8,0,0,0,0,0,0,0.367101461,-0,150.09763,-147.154539,2.94309079,1,0,0,0,0,0,0,0,0,0,0,0,0,0,0,150.09763,4.79015999,-1.85057561,1.86249591e-05,0,0,0,0,0,0,0,0,0,0,0,0,0,0,0,0,0,0,0,0,0,0,0,0,0,0,0,0,0,0,0,0,147.154539,0.0394669884,0.967696673,-0.00384051527,-0.113534285,-0.171277625,0.224999691,-1.51211678,-4.31409623,0.000207874053,1500,1500,1500,1500,1500,1500,1500,1500,0,0,0,0,0.02,0,0,0,0,0.02,0,0,0,0,0.02,0,0,0,0,0.02,0,0,0,0,1,0,0,0,0,1,0,0,0,0,1,0,0,0,0,1
299675.306,2.85,0,0,0,0,0,0,0.367101461,-0,150.09763,-147.154539,2.94309079,1,0,0,0,0,0,0,0,0,0,0,0,0,0,0,150.09763,4.79015999,-1.85057561,1.86249591e-05,0,0,0,0,0,0,0,0,0,0,0,0,0,0,0,0,0,0,0,0,0,0,0,0,0,0,0,0,0,0,0,0,147.154539,0.0394669884,0.967696673,-0.00384051527,-0.113534285,-0.171277625,0.224999691,-1.51211678,-4.31409623,0.000207874053,1500,1500,1500,1500,1500,1500,1500,1500,0,0,0,0,0.02,0,0,0,0,0.02,0,0,0,0,0.02,0,0,0,0,0.02,0,0,0,0,1,0,0,0,0,1,0,0,0,0,1,0,0,0,0,1
299675.356,2.9,0,0,0,0,0,0,0.367101461,-0,150.09763,-147.154539,2.94309079,1,0,0,0,0,0,0,0,0,0,0,0,0,0,0,150.09763,4.79015999,-1.85057561,1.86249591e-05,0,0,0,0,0,0,0,0,0,0,0,0,0,0,0,0,0,0,0,0,0,0,0,0,0,0,0,0,0,0,0,0,147.154539,0.0394669884,0.967696673,-0.00384051527,-0.113534285,-0.171277625,0.224999691,-1.51211678,-4.31409623,0.000207874053,1500,1500,1500,1500,1500,1500,1500,1500,0,0,0,0,0.02,0,0,0,0,0.02,0,0,0,0,0.02,0,0,0,0,0.02,0,0,0,0,1,0,0,0,0,1,0,0,0,0,1,0,0,0,0,1
299675.406,2.95,0,0,0,0,0,0,0.367101461,-0,150.09763,-147.154539,2.94309079,1,0,0,0,0,0,0,0,0,0,0,0,0,0,0,150.09763,4.79015999,-1.85057561,1.86249591e-05,0,0,0,0,0,0,0,0,0,0,0,0,0,0,0,0,0,0,0,0,0,0,0,0,0,0,0,0,0,0,0,0,147.154539,0.0394669884,0.967696673,-0.00384051527,-0.113534285,-0.171277625,0.224999691,-1.51211678,-4.31409623,0.000207874053,1500,1500,1500,1500,1500,1500,1500,1500,0,0,0,0,0.02,0,0,0,0,0.02,0,0,0,0,0.02,0,0,0,0,0.02,0,0,0,0,1,0,0,0,0,1,0,0,0,0,1,0,0,0,0,1
299675.456,3,0,0,0,0,0,0,0.367101461,-0,150.09763,-147.154539,2.94309079,1,0,0,0,0,0,0,0,0,0,0,0,0,0,0,150.09763,4.79015999,-1.85057561,1.86249591e-05,0,0,0,0,0,0,0,0,0,0,0,0,0,0,0,0,0,0,0,0,0,0,0,0,0,0,0,0,0,0,0,0,147.154539,0.0394669884,0.967696673,-0.00384051527,-0.113534285,-0.171277625,0.224999691,-1.51211678,-4.31409623,0.000207874053,1500,1500,1500,1500,1500,1500,1500,1500,0,0,0,0,0.02,0,0,0,0,0.02,0,0,0,0,0.02,0,0,0,0,0.02,0,0,0,0,1,0,0,0,0,1,0,0,0,0,1,0,0,0,0,1
299675.506,3.05,0,0,0,0,0,0,0.367101461,-0,150.09763,-147.154539,2.94309079,1,0,0,0,0,0,0,0,0,0,0,0,0,0,0,150.09763,4.79015999,-1.85057561,1.86249591e-05,0,0,0,0,0,0,0,0,0,0,0,0,0,0,0,0,0,0,0,0,0,0,0,0,0,0,0,0,0,0,0,0,147.154539,0.0394669884,0.967696673,-0.00384051527,-0.113534285,-0.171277625,0.224999691,-1.51211678,-4.31409623,0.000207874053,1500,1500,1500,1500,1500,1500,1500,1500,0,0,0,0,0.02,0,0,0,0,0.02,0,0,0,0,0.02,0,0,0,0,0.02,0,0,0,0,1,0,0,0,0,1,0,0,0,0,1,0,0,0,0,1
299675.556,3.1,0,0,0,0,0,0,0.367101461,-0,150.09763,-147.154539,2.94309079,1,0,0,0,0,0,0,0,0,0,0,0,0,0,0,150.09763,4.79015999,-1.85057561,1.86249591e-05,0,0,0,0,0,0,0,0,0,0,0,0,0,0,0,0,0,0,0,0,0,0,0,0,0,0,0,0,0,0,0,0,147.154539,0.0394669884,0.967696673,-0.00384051527,-0.113534285,-0.171277625,0.224999691,-1.51211678,-4.31409623,0.000207874053,1500,1500,1500,1500,1500,1500,1500,1500,0,0,0,0,0.02,0,0,0,0,0.02,0,0,0,0,0.02,0,0,0,0,0.02,0,0,0,0,1,0,0,0,0,1,0,0,0,0,1,0,0,0,0,1
299675.606,3.15,0,0,0,0,0,0,0.367101461,-0,150.09763,-147.154539,2.94309079,1,0,0,0,0,0,0,0,0,0,0,0,0,0,0,150.09763,4.79015999,-1.85057561,1.86249591e-05,0,0,0,0,0,0,0,0,0,0,0,0,0,0,0,0,0,0,0,0,0,0,0,0,0,0,0,0,0,0,0,0,147.154539,0.0394669884,0.967696673,-0.00384051527,-0.113534285,-0.171277625,0.224999691,-1.51211678,-4.31409623,0.000207874053,1500,1500,1500,1500,1500,1500,1500,1500,0,0,0,0,0.02,0,0,0,0,0.02,0,0,0,0,0.02,0,0,0,0,0.02,0,0,0,0,1,0,0,0,0,1,0,0,0,0,1,0,0,0,0,1
299675.656,3.2,0,0,0,0,0,0,0.367101461,-0,150.09763,-147.154539,2.94309079,1,0,0,0,0,0,0,0,0,0,0,0,0,0,0,150.09763,4.79015999,-1.85057561,1.86249591e-05,0,0,0,0,0,0,0,0,0,0,0,0,0,0,0,0,0,0,0,0,0,0,0,0,0,0,0,0,0,0,0,0,147.154539,0.0394669884,0.967696673,-0.00384051527,-0.113534285,-0.171277625,0.224999691,-1.51211678,-4.31409623,0.000207874053,1500,1500,1500,1500,1500,1500,1500,1500,0,0,0,0,0.02,0,0,0,0,0.02,0,0,0,0,0.02,0,0,0,0,0.02,0,0,0,0,1,0,0,0,0,1,0,0,0,0,1,0,0,0,0,1
299675.706,3.25,0,0,0,0,0,0,0.367101461,-0,150.09763,-147.154539,2.94309079,1,0,0,0,0,0,0,0,0,0,0,0,0,0,0,150.09763,4.79015999,-1.85057561,1.86249591e-05,0,0,0,0,0,0,0,0,0,0,0,0,0,0,0,0,0,0,0,0,0,0,0,0,0,0,0,0,0,0,0,0,147.154539,0.0394669884,0.967696673,-0.00384051527,-0.113534285,-0.171277625,0.224999691,-1.51211678,-4.31409623,0.000207874053,1500,1500,1500,1500,1500,1500,1500,1500,0,0,0,0,0.02,0,0,0,0,0.02,0,0,0,0,0.02,0,0,0,0,0.02,0,0,0,0,1,0,0,0,0,1,0,0,0,0,1,0,0,0,0,1
299675.756,3.3,0,0,0,0,0,0,0.367101461,-0,150.09763,-147.154539,2.94309079,1,0,0,0,0,0,0,0,0,0,0,0,0,0,0,150.09763,4.79015999,-1.85057561,1.86249591e-05,0,0,0,0,0,0,0,0,0,0,0,0,0,0,0,0,0,0,0,0,0,0,0,0,0,0,0,0,0,0,0,0,147.154539,0.0394669884,0.967696673,-0.00384051527,-0.113534285,-0.171277625,0.224999691,-1.51211678,-4.31409623,0.000207874053,1500,1500,1500,1500,1500,1500,1500,1500,0,0,0,0,0.02,0,0,0,0,0.02,0,0,0,0,0.02,0,0,0,0,0.02,0,0,0,0,1,0,0,0,0,1,0,0,0,0,1,0,0,0,0,1
299675.806,3.35,0,0,0,0,0,0,0.367101461,-0,150.09763,-147.154539,2.94309079,1,0,0,0,0,0,0,0,0,0,0,0,0,0,0,150.09763,4.79015999,-1.85057561,1.86249591e-05,0,0,0,0,0,0,0,0,0,0,0,0,0,0,0,0,0,0,0,0,0,0,0,0,0,0,0,0,0,0,0,0,147.154539,0.0394669884,0.967696673,-0.00384051527,-0.113534285,-0.171277625,0.224999691,-1.51211678,-4.31409623,0.000207874053,1500,1500,1500,1500,1500,1500,1500,1500,0,0,0,0,0.02,0,0,0,0,0.02,0,0,0,0,0.02,0,0,0,0,0.02,0,0,0,0,1,0,0,0,0,1,0,0,0,0,1,0,0,0,0,1
299675.856,3.4,0,0,0,0,0,0,0.367101461,-0,150.09763,-147.154539,2.94309079,1,0,0,0,0,0,0,0,0,0,0,0,0,0,0,150.09763,4.79015999,-1.85057561,1.86249591e-05,0,0,0,0,0,0,0,0,0,0,0,0,0,0,0,0,0,0,0,0,0,0,0,0,0,0,0,0,0,0,0,0,147.154539,0.0394669884,0.967696673,-0.00384051527,-0.113534285,-0.171277625,0.224999691,-1.51211678,-4.31409623,0.000207874053,1500,1500,1500,1500,1500,1500,1500,1500,0,0,0,0,0.02,0,0,0,0,0.02,0,0,0,0,0.02,0,0,0,0,0.02,0,0,0,0,1,0,0,0,0,1,0,0,0,0,1,0,0,0,0,1
299675.906,3.45,0,0,0,0,0,0,0.367101461,-0,150.09763,-147.154539,2.94309079,1,0,0,0,0,0,0,0,0,0,0,0,0,0,0,150.09763,4.79015999,-1.85057561,1.86249591e-05,0,0,0,0,0,0,0,0,0,0,0,0,0,0,0,0,0,0,0,0,0,0,0,0,0,0,0,0,0,0,0,0,147.154539,0.0394669884,0.967696673,-0.00384051527,-0.113534285,-0.171277625,0.224999691,-1.51211678,-4.31409623,0.000207874053,1500,1500,1500,1500,1500,1500,1500,1500,0,0,0,0,0.02,0,0,0,0,0.02,0,0,0,0,0.02,0,0,0,0,0.02,0,0,0,0,1,0,0,0,0,1,0,0,0,0,1,0,0,0,0,1
299675.956,3.5,0,0,0,0,0,0,0.367101461,-0,150.09763,-147.154539,2.94309079,1,0,0,0,0,0,0,0,0,0,0,0,0,0,0,150.09763,4.79015999,-1.85057561,1.86249591e-05,0,0,0,0,0,0,0,0,0,0,0,0,0,0,0,0,0,0,0,0,0,0,0,0,0,0,0,0,0,0,0,0,147.154539,0.0394669884,0.967696673,-0.00384051527,-0.113534285,-0.171277625,0.224999691,-1.51211678,-4.31409623,0.000207874053,1500,1500,1500,1500,1500,1500,1500,1500,0,0,0,0,0.02,0,0,0,0,0.02,0,0,0,0,0.02,0,0,0,0,0.02,0,0,0,0,1,0,0,0,0,1,0,0,0,0,1,0,0,0,0,1
299676.006,3.55,0,0,0,0,0,0,0.367101461,-0,150.09763,-147.154539,2.94309079,1,0,0,0,0,0,0,0,0,0,0,0,0,0,0,150.09763,4.79015999,-1.85057561,1.86249591e-05,0,0,0,0,0,0,0,0,0,0,0,0,0,0,0,0,0,0,0,0,0,0,0,0,0,0,0,0,0,0,0,0,147.154539,0.0394669884,0.967696673,-0.00384051527,-0.113534285,-0.171277625,0.224999691,-1.51211678,-4.31409623,0.000207874053,1500,1500,1500,1500,1500,1500,1500,1500,0,0,0,0,0.02,0,0,0,0,0.02,0,0,0,0,0.02,0,0,0,0,0.02,0,0,0,0,1,0,0,0,0,1,0,0,0,0,1,0,0,0,0,1
299676.056,3.6,0,0,0,0,0,0,0.367101461,-0,150.09763,-147.154539,2.94309079,1,0,0,0,0,0,0,0,0,0,0,0,0,0,0,150.09763,4.79015999,-1.85057561,1.86249591e-05,0,0,0,0,0,0,0,0,0,0,0,0,0,0,0,0,0,0,0,0,0,0,0,0,0,0,0,0,0,0,0,0,147.154539,0.0394669884,0.967696673,-0.00384051527,-0.113534285,-0.171277625,0.224999691,-1.51211678,-4.31409623,0.000207874053,1500,1500,1500,1500,1500,1500,1500,1500,0,0,0,0,0.02,0,0,0,0,0.02,0,0,0,0,0.02,0,0,0,0,0.02,0,0,0,0,1,0,0,0,0,1,0,0,0,0,1,0,0,0,0,1
299676.106,3.65,0,0,0,0,0,0,0.367101461,-0,150.09763,-147.154539,2.94309079,1,0,0,0,0,0,0,0,0,0,0,0,0,0,0,150.09763,4.79015999,-1.85057561,1.86249591e-05,0,0,0,0,0,0,0,0,0,0,0,0,0,0,0,0,0,0,0,0,0,0,0,0,0,0,0,0,0,0,0,0,147.154539,0.0394669884,0.967696673,-0.00384051527,-0.113534285,-0.171277625,0.224999691,-1.51211678,-4.31409623,0.000207874053,1500,1500,1500,1500,1500,1500,1500,1500,0,0,0,0,0.02,0,0,0,0,0.02,0,0,0,0,0.02,0,0,0,0,0.02,0,0,0,0,1,0,0,0,0,1,0,0,0,0,1,0,0,0,0,1
299676.156,3.7,0,0,0,0,0,0,0.367101461,-0,150.09763,-147.154539,2.94309079,1,0,0,0,0,0,0,0,0,0,0,0,0,0,0,150.09763,4.79015999,-1.85057561,1.86249591e-05,0,0,0,0,0,0,0,0,0,0,0,0,0,0,0,0,0,0,0,0,0,0,0,0,0,0,0,0,0,0,0,0,147.154539,0.0394669884,0.967696673,-0.00384051527,-0.113534285,-0.171277625,0.224999691,-1.51211678,-4.31409623,0.000207874053,1500,1500,1500,1500,1500,1500,1500,1500,0,0,0,0,0.02,0,0,0,0,0.02,0,0,0,0,0.02,0,0,0,0,0.02,0,0,0,0,1,0,0,0,0,1,0,0,0,0,1,0,0,0,0,1
299676.206,3.75,0,0,0,0,0,0,0.367101461,-0,150.09763,-147.154539,2.94309079,1,0,0,0,0,0,0,0,0,0,0,0,0,0,0,150.09763,4.79015999,-1.85057561,1.86249591e-05,0,0,0,0,0,0,0,0,0,0,0,0,0,0,0,0,0,0,0,0,0,0,0,0,0,0,0,0,0,0,0,0,147.154539,0.0394669884,0.967696673,-0.00384051527,-0.113534285,-0.171277625,0.224999691,-1.51211678,-4.31409623,0.000207874053,1500,1500,1500,1500,1500,1500,1500,1500,0,0,0,0,0.02,0,0,0,0,0.02,0,0,0,0,0.02,0,0,0,0,0.02,0,0,0,0,1,0,0,0,0,1,0,0,0,0,1,0,0,0,0,1
299676.256,3.8,0,0,0,0,0,0,0.367101461,-0,150.09763,-147.154539,2.94309079,1,0,0,0,0,0,0,0,0,0,0,0,0,0,0,150.09763,4.79015999,-1.85057561,1.86249591e-05,0,0,0,0,0,0,0,0,0,0,0,0,0,0,0,0,0,0,0,0,0,0,0,0,0,0,0,0,0,0,0,0,147.154539,0.0394669884,0.967696673,-0.00384051527,-0.113534285,-0.171277625,0.224999691,-1.51211678,-4.31409623,0.000207874053,1500,1500,1500,1500,1500,1500,1500,1500,0,0,0,0,0.02,0,0,0,0,0.02,0,0,0,0,0.02,0,0,0,0,0.02,0,0,0,0,1,0,0,0,0,1,0,0,0,0,1,0,0,0,0,1
299676.306,3.85,0,0,0,0,0,0,0.367101461,-0,150.09763,-147.154539,2.94309079,1,0,0,0,0,0,0,0,0,0,0,0,0,0,0,150.09763,4.79015999,-1.85057561,1.86249591e-05,0,0,0,0,0,0,0,0,0,0,0,0,0,0,0,0,0,0,0,0,0,0,0,0,0,0,0,0,0,0,0,0,147.154539,0.0394669884,0.967696673,-0.00384051527,-0.113534285,-0.171277625,0.224999691,-1.51211678,-4.31409623,0.000207874053,1500,1500,1500,1500,1500,1500,1500,1500,0,0,0,0,0.02,0,0,0,0,0.02,0,0,0,0,0.02,0,0,0,0,0.02,0,0,0,0,1,0,0,0,0,1,0,0,0,0,1,0,0,0,0,1
299676.356,3.9,0,0,0,0,0,0,0.367101461,-0,150.09763,-147.154539,2.94309079,1,0,0,0,0,0,0,0,0,0,0,0,0,0,0,150.09763,4.79015999,-1.85057561,1.86249591e-05,0,0,0,0,0,0,0,0,0,0,0,0,0,0,0,0,0,0,0,0,0,0,0,0,0,0,0,0,0,0,0,0,147.154539,0.0394669884,0.967696673,-0.00384051527,-0.113534285,-0.171277625,0.224999691,-1.51211678,-4.31409623,0.000207874053,1500,1500,1500,1500,1500,1500,1500,1500,0,0,0,0,0.02,0,0,0,0,0.02,0,0,0,0,0.02,0,0,0,0,0.02,0,0,0,0,1,0,0,0,0,1,0,0,0,0,1,0,0,0,0,1
299676.406,3.95,0,0,0,0,0,0,0.367101461,-0,150.09763,-147.154539,2.94309079,1,0,0,0,0,0,0,0,0,0,0,0,0,0,0,150.09763,4.79015999,-1.85057561,1.86249591e-05,0,0,0,0,0,0,0,0,0,0,0,0,0,0,0,0,0,0,0,0,0,0,0,0,0,0,0,0,0,0,0,0,147.154539,0.0394669884,0.967696673,-0.00384051527,-0.113534285,-0.171277625,0.224999691,-1.51211678,-4.31409623,0.000207874053,1500,1500,1500,1500,1500,1500,1500,1500,0,0,0,0,0.02,0,0,0,0,0.02,0,0,0,0,0.02,0,0,0,0,0.02,0,0,0,0,1,0,0,0,0,1,0,0,0,0,1,0,0,0,0,1
299676.456,4,0,0,0,0,0,0,0.367101461,-0,150.09763,-147.154539,2.94309079,1,0,0,0,0,0,0,0,0,0,0,0,0,0,0,150.09763,4.79015999,-1.85057561,1.86249591e-05,0,0,0,0,0,0,0,0,0,0,0,0,0,0,0,0,0,0,0,0,0,0,0,0,0,0,0,0,0,0,0,0,147.154539,0.0394669884,0.967696673,-0.00384051527,-0.113534285,-0.171277625,0.224999691,-1.51211678,-4.31409623,0.000207874053,1500,1500,1500,1500,1500,1500,1500,1500,0,0,0,0,0.02,0,0,0,0,0.02,0,0,0,0,0.02,0,0,0,0,0.02,0,0,0,0,1,0,0,0,0,1,0,0,0,0,1,0,0,0,0,1
299676.506,4.05,0,0,0,0,0,0,0.367101461,-0,150.09763,-147.154539,2.94309079,1,0,0,0,0,0,0,0,0,0,0,0,0,0,0,150.09763,4.79015999,-1.85057561,1.86249591e-05,0,0,0,0,0,0,0,0,0,0,0,0,0,0,0,0,0,0,0,0,0,0,0,0,0,0,0,0,0,0,0,0,147.154539,0.0394669884,0.967696673,-0.00384051527,-0.113534285,-0.171277625,0.224999691,-1.51211678,-4.31409623,0.000207874053,1500,1500,1500,1500,1500,1500,1500,1500,0,0,0,0,0.02,0,0,0,0,0.02,0,0,0,0,0.02,0,0,0,0,0.02,0,0,0,0,1,0,0,0,0,1,0,0,0,0,1,0,0,0,0,1
299676.556,4.1,0,0,0,0,0,0,0.367101461,-0,150.09763,-147.154539,2.94309079,1,0,0,0,0,0,0,0,0,0,0,0,0,0,0,150.09763,4.79015999,-1.85057561,1.86249591e-05,0,0,0,0,0,0,0,0,0,0,0,0,0,0,0,0,0,0,0,0,0,0,0,0,0,0,0,0,0,0,0,0,147.154539,0.0394669884,0.967696673,-0.00384051527,-0.113534285,-0.171277625,0.224999691,-1.51211678,-4.31409623,0.000207874053,1500,1500,1500,1500,1500,1500,1500,1500,0,0,0,0,0.02,0,0,0,0,0.02,0,0,0,0,0.02,0,0,0,0,0.02,0,0,0,0,1,0,0,0,0,1,0,0,0,0,1,0,0,0,0,1
299676.606,4.15,0,0,0,0,0,0,0.367101461,-0,150.09763,-147.154539,2.94309079,1,0,0,0,0,0,0,0,0,0,0,0,0,0,0,150.09763,4.79015999,-1.85057561,1.86249591e-05,0,0,0,0,0,0,0,0,0,0,0,0,0,0,0,0,0,0,0,0,0,0,0,0,0,0,0,0,0,0,0,0,147.154539,0.0394669884,0.967696673,-0.00384051527,-0.113534285,-0.171277625,0.224999691,-1.51211678,-4.31409623,0.000207874053,1500,1500,1500,1500,1500,1500,1500,1500,0,0,0,0,0.02,0,0,0,0,0.02,0,0,0,0,0.02,0,0,0,0,0.02,0,0,0,0,1,0,0,0,0,1,0,0,0,0,1,0,0,0,0,1
299676.656,4.2,0,0,0,0,0,0,0.367101461,-0,150.09763,-147.154539,2.94309079,1,0,0,0,0,0,0,0,0,0,0,0,0,0,0,150.09763,4.79015999,-1.85057561,1.86249591e-05,0,0,0,0,0,0,0,0,0,0,0,0,0,0,0,0,0,0,0,0,0,0,0,0,0,0,0,0,0,0,0,0,147.154539,0.0394669884,0.967696673,-0.00384051527,-0.113534285,-0.171277625,0.224999691,-1.51211678,-4.31409623,0.000207874053,1500,1500,1500,1500,1500,1500,1500,1500,0,0,0,0,0.02,0,0,0,0,0.02,0,0,0,0,0.02,0,0,0,0,0.02,0,0,0,0,1,0,0,0,0,1,0,0,0,0,1,0,0,0,0,1
299676.706,4.25,0,0,0,0,0,0,0.367101461,-0,150.09763,-147.154539,2.94309079,1,0,0,0,0,0,0,0,0,0,0,0,0,0,0,150.09763,4.79015999,-1.85057561,1.86249591e-05,0,0,0,0,0,0,0,0,0,0,0,0,0,0,0,0,0,0,0,0,0,0,0,0,0,0,0,0,0,0,0,0,147.154539,0.0394669884,0.967696673,-0.00384051527,-0.113534285,-0.171277625,0.224999691,-1.51211678,-4.31409623,0.000207874053,1500,1500,1500,1500,1500,1500,1500,1500,0,0,0,0,0.02,0,0,0,0,0.02,0,0,0,0,0.02,0,0,0,0,0.02,0,0,0,0,1,0,0,0,0,1,0,0,0,0,1,0,0,0,0,1
299676.756,4.3,0,0,0,0,0,0,0.367101461,-0,150.09763,-147.154539,2.94309079,1,0,0,0,0,0,0,0,0,0,0,0,0,0,0,150.09763,4.79015999,-1.85057561,1.86249591e-05,0,0,0,0,0,0,0,0,0,0,0,0,0,0,0,0,0,0,0,0,0,0,0,0,0,0,0,0,0,0,0,0,147.154539,0.0394669884,0.967696673,-0.00384051527,-0.113534285,-0.171277625,0.224999691,-1.51211678,-4.31409623,0.000207874053,1500,1500,1500,1500,1500,1500,1500,1500,0,0,0,0,0.02,0,0,0,0,0.02,0,0,0,0,0.02,0,0,0,0,0.02,0,0,0,0,1,0,0,0,0,1,0,0,0,0,1,0,0,0,0,1
299676.806,4.35,0,0,0,0,0,0,0.367101461,-0,150.09763,-147.154539,2.94309079,1,0,0,0,0,0,0,0,0,0,0,0,0,0,0,150.09763,4.79015999,-1.85057561,1.86249591e-05,0,0,0,0,0,0,0,0,0,0,0,0,0,0,0,0,0,0,0,0,0,0,0,0,0,0,0,0,0,0,0,0,147.154539,0.0394669884,0.967696673,-0.00384051527,-0.113534285,-0.171277625,0.224999691,-1.51211678,-4.31409623,0.000207874053,1500,1500,1500,1500,1500,1500,1500,1500,0,0,0,0,0.02,0,0,0,0,0.02,0,0,0,0,0.02,0,0,0,0,0.02,0,0,0,0,1,0,0,0,0,1,0,0,0,0,1,0,0,0,0,1
299676.856,4.4,0,0,0,0,0,0,0.367101461,-0,150.09763,-147.154539,2.94309079,1,0,0,0,0,0,0,0,0,0,0,0,0,0,0,150.09763,4.79015999,-1.85057561,1.86249591e-05,0,0,0,0,0,0,0,0,0,0,0,0,0,0,0,0,0,0,0,0,0,0,0,0,0,0,0,0,0,0,0,0,147.154539,0.0394669884,0.967696673,-0.00384051527,-0.113534285,-0.171277625,0.224999691,-1.51211678,-4.31409623,0.000207874053,1500,1500,1500,1500,1500,1500,1500,1500,0,0,0,0,0.02,0,0,0,0,0.02,0,0,0,0,0.02,0,0,0,0,0.02,0,0,0,0,1,0,0,0,0,1,0,0,0,0,1,0,0,0,0,1
299676.906,4.45,0,0,0,0,0,0,0.367101461,-0,150.09763,-147.154539,2.94309079,1,0,0,0,0,0,0,0,0,0,0,0,0,0,0,150.09763,4.79015999,-1.85057561,1.86249591e-05,0,0,0,0,0,0,0,0,0,0,0,0,0,0,0,0,0,0,0,0,0,0,0,0,0,0,0,0,0,0,0,0,147.154539,0.0394669884,0.967696673,-0.00384051527,-0.113534285,-0.171277625,0.224999691,-1.51211678,-4.31409623,0.000207874053,1500,1500,1500,1500,1500,1500,1500,1500,0,0,0,0,0.02,0,0,0,0,0.02,0,0,0,0,0.02,0,0,0,0,0.02,0,0,0,0,1,0,0,0,0,1,0,0,0,0,1,0,0,0,0,1
299676.956,4.5,0,0,0,0,0,0,0.367101461,-0,150.09763,-147.154539,2.94309079,1,0,0,0,0,0,0,0,0,0,0,0,0,0,0,150.09763,4.79015999,-1.85057561,1.86249591e-05,0,0,0,0,0,0,0,0,0,0,0,0,0,0,0,0,0,0,0,0,0,0,0,0,0,0,0,0,0,0,0,0,147.154539,0.0394669884,0.967696673,-0.00384051527,-0.113534285,-0.171277625,0.224999691,-1.51211678,-4.31409623,0.000207874053,1500,1500,1500,1500,1500,1500,1500,1500,0,0,0,0,0.02,0,0,0,0,0.02,0,0,0,0,0.02,0,0,0,0,0.02,0,0,0,0,1,0,0,0,0,1,0,0,0,0,1,0,0,0,0,1
299677.006,4.55,0,0,0,0,0,0,0.367101461,-0,150.09763,-147.154539,2.94309079,1,0,0,0,0,0,0,0,0,0,0,0,0,0,0,150.09763,4.79015999,-1.85057561,1.86249591e-05,0,0,0,0,0,0,0,0,0,0,0,0,0,0,0,0,0,0,0,0,0,0,0,0,0,0,0,0,0,0,0,0,147.154539,0.0394669884,0.967696673,-0.00384051527,-0.113534285,-0.171277625,0.224999691,-1.51211678,-4.31409623,0.000207874053,1500,1500,1500,1500,1500,1500,1500,1500,0,0,0,0,0.02,0,0,0,0,0.02,0,0,0,0,0.02,0,0,0,0,0.02,0,0,0,0,1,0,0,0,0,1,0,0,0,0,1,0,0,0,0,1
299677.056,4.6,0,0,0,0,0,0,0.367101461,-0,150.09763,-147.154539,2.94309079,1,0,0,0,0,0,0,0,0,0,0,0,0,0,0,150.09763,4.79015999,-1.85057561,1.86249591e-05,0,0,0,0,0,0,0,0,0,0,0,0,0,0,0,0,0,0,0,0,0,0,0,0,0,0,0,0,0,0,0,0,147.154539,0.0394669884,0.967696673,-0.00384051527,-0.113534285,-0.171277625,0.224999691,-1.51211678,-4.31409623,0.000207874053,1500,1500,1500,1500,1500,1500,1500,1500,0,0,0,0,0.02,0,0,0,0,0.02,0,0,0,0,0.02,0,0,0,0,0.02,0,0,0,0,1,0,0,0,0,1,0,0,0,0,1,0,0,0,0,1
299677.106,4.65,0,0,0,0,0,0,0.367101461,-0,150.09763,-147.154539,2.94309079,1,0,0,0,0,0,0,0,0,0,0,0,0,0,0,150.09763,4.79015999,-1.85057561,1.86249591e-05,0,0,0,0,0,0,0,0,0,0,0,0,0,0,0,0,0,0,0,0,0,0,0,0,0,0,0,0,0,0,0,0,147.154539,0.0394669884,0.967696673,-0.00384051527,-0.113534285,-0.171277625,0.224999691,-1.51211678,-4.31409623,0.000207874053,1500,1500,1500,1500,1500,1500,1500,1500,0,0,0,0,0.02,0,0,0,0,0.02,0,0,0,0,0.02,0,0,0,0,0.02,0,0,0,0,1,0,0,0,0,1,0,0,0,0,1,0,0,0,0,1
299677.156,4.7,0,0,0,0,0,0,0.367101461,-0,150.09763,-147.154539,2.94309079,1,0,0,0,0,0,0,0,0,0,0,0,0,0,0,150.09763,4.79015999,-1.85057561,1.86249591e-05,0,0,0,0,0,0,0,0,0,0,0,0,0,0,0,0,0,0,0,0,0,0,0,0,0,0,0,0,0,0,0,0,147.154539,0.0394669884,0.967696673,-0.00384051527,-0.113534285,-0.171277625,0.224999691,-1.51211678,-4.31409623,0.000207874053,1500,1500,1500,1500,1500,1500,1500,1500,0,0,0,0,0.02,0,0,0,0,0.02,0,0,0,0,0.02,0,0,0,0,0.02,0,0,0,0,1,0,0,0,0,1,0,0,0,0,1,0,0,0,0,1
299677.206,4.75,0,0,0,0,0,0,0.367101461,-0,150.09763,-147.154539,2.94309079,1,0,0,0,0,0,0,0,0,0,0,0,0,0,0,150.09763,4.79015999,-1.85057561,1.86249591e-05,0,0,0,0,0,0,0,0,0,0,0,0,0,0,0,0,0,0,0,0,0,0,0,0,0,0,0,0,0,0,0,0,147.154539,0.0394669884,0.967696673,-0.00384051527,-0.113534285,-0.171277625,0.224999691,-1.51211678,-4.31409623,0.000207874053,1500,1500,1500,1500,1500,1500,1500,1500,0,0,0,0,0.02,0,0,0,0,0.02,0,0,0,0,0.02,0,0,0,0,0.02,0,0,0,0,1,0,0,0,0,1,0,0,0,0,1,0,0,0,0,1
299677.256,4.8,0,0,0,0,0,0,0.367101461,-0,150.09763,-147.154539,2.94309079,1,0,0,0,0,0,0,0,0,0,0,0,0,0,0,150.09763,4.79015999,-1.85057561,1.86249591e-05,0,0,0,0,0,0,0,0,0,0,0,0,0,0,0,0,0,0,0,0,0,0,0,0,0,0,0,0,0,0,0,0,147.154539,0.0394669884,0.967696673,-0.00384051527,-0.113534285,-0.171277625,0.224999691,-1.51211678,-4.31409623,0.000207874053,1500,1500,1500,1500,1500,1500,1500,1500,0,0,0,0,0.02,0,0,0,0,0.02,0,0,0,0,0.02,0,0,0,0,0.02,0,0,0,0,1,0,0,0,0,1,0,0,0,0,1,0,0,0,0,1
299677.306,4.85,0,0,0,0,0,0,0.367101461,-0,150.09763,-147.154539,2.94309079,1,0,0,0,0,0,0,0,0,0,0,0,0,0,0,150.09763,4.79015999,-1.85057561,1.86249591e-05,0,0,0,0,0,0,0,0,0,0,0,0,0,0,0,0,0,0,0,0,0,0,0,0,0,0,0,0,0,0,0,0,147.154539,0.0394669884,0.967696673,-0.00384051527,-0.113534285,-0.171277625,0.224999691,-1.51211678,-4.31409623,0.000207874053,1500,1500,1500,1500,1500,1500,1500,1500,0,0,0,0,0.02,0,0,0,0,0.02,0,0,0,0,0.02,0,0,0,0,0.02,0,0,0,0,1,0,0,0,0,1,0,0,0,0,1,0,0,0,0,1
299677.356,4.9,0,0,0,0,0,0,0.367101461,-0,150.09763,-147.154539,2.94309079,1,0,0,0,0,0,0,0,0,0,0,0,0,0,0,150.09763,4.79015999,-1.85057561,1.86249591e-05,0,0,0,0,0,0,0,0,0,0,0,0,0,0,0,0,0,0,0,0,0,0,0,0,0,0,0,0,0,0,0,0,147.154539,0.0394669884,0.967696673,-0.00384051527,-0.113534285,-0.171277625,0.224999691,-1.51211678,-4.31409623,0.000207874053,1500,1500,1500,1500,1500,1500,1500,1500,0,0,0,0,0.02,0,0,0,0,0.02,0,0,0,0,0.02,0,0,0,0,0.02,0,0,0,0,1,0,0,0,0,1,0,0,0,0,1,0,0,0,0,1
299677.406,4.95,0,0,0,0,0,0,0.367101461,-0,150.09763,-147.154539,2.94309079,1,0,0,0,0,0,0,0,0,0,0,0,0,0,0,150.09763,4.79015999,-1.85057561,1.86249591e-05,0,0,0,0,0,0,0,0,0,0,0,0,0,0,0,0,0,0,0,0,0,0,0,0,0,0,0,0,0,0,0,0,147.154539,0.0394669884,0.967696673,-0.00384051527,-0.113534285,-0.171277625,0.224999691,-1.51211678,-4.31409623,0.000207874053,1500,1500,1500,1500,1500,1500,1500,1500,0,0,0,0,0.02,0,0,0,0,0.02,0,0,0,0,0.02,0,0,0,0,0.02,0,0,0,0,1,0,0,0,0,1,0,0,0,0,1,0,0,0,0,1
299677.456,5,0,0,0,0,0,0,0.367101461,-0,150.09763,-147.154539,2.94309079,1,0,0,0,0,0,0,0,0,0,0,0,0,0,0,150.09763,4.79015999,-1.85057561,1.86249591e-05,0,0,0,0,0,0,0,0,0,0,0,0,0,0,0,0,0,0,0,0,0,0,0,0,0,0,0,0,0,0,0,0,147.154539,0.0394669884,0.967696673,-0.00384051527,-0.113534285,-0.171277625,0.224999691,-1.51211678,-4.31409623,0.000207874053,1500,1500,1500,1500,1500,1500,1500,1500,0,0,0,0,0.02,0,0,0,0,0.02,0,0,0,0,0.02,0,0,0,0,0.02,0,0,0,0,1,0,0,0,0,1,0,0,0,0,1,0,0,0,0,1
299677.506,5.05,0,0,0,0,0,0,0.367101461,-0,150.09763,-147.154539,2.94309079,1,0,0,0,0,0,0,0,0,0,0,0,0,0,0,150.09763,4.79015999,-1.85057561,1.86249591e-05,0,0,0,0,0,0,0,0,0,0,0,0,0,0,0,0,0,0,0,0,0,0,0,0,0,0,0,0,0,0,0,0,147.154539,0.0394669884,0.967696673,-0.00384051527,-0.113534285,-0.171277625,0.224999691,-1.51211678,-4.31409623,0.000207874053,1500,1500,1500,1500,1500,1500,1500,1500,0,0,0,0,0.02,0,0,0,0,0.02,0,0,0,0,0.02,0,0,0,0,0.02,0,0,0,0,1,0,0,0,0,1,0,0,0,0,1,0,0,0,0,1
299677.556,5.1,0,0,0,0,0,0,0.367101461,-0,150.09763,-147.154539,2.94309079,1,0,0,0,0,0,0,0,0,0,0,0,0,0,0,150.09763,4.79015999,-1.85057561,1.86249591e-05,0,0,0,0,0,0,0,0,0,0,0,0,0,0,0,0,0,0,0,0,0,0,0,0,0,0,0,0,0,0,0,0,147.154539,0.0394669884,0.967696673,-0.00384051527,-0.113534285,-0.171277625,0.224999691,-1.51211678,-4.31409623,0.000207874053,1500,1500,1500,1500,1500,1500,1500,1500,0,0,0,0,0.02,0,0,0,0,0.02,0,0,0,0,0.02,0,0,0,0,0.02,0,0,0,0,1,0,0,0,0,1,0,0,0,0,1,0,0,0,0,1
299677.607,5.15,0,0,0,0,0,0,0.367101461,-0,150.09763,-147.154539,2.94309079,1,0,0,0,0,0,0,0,0,0,0,0,0,0,0,150.09763,4.79015999,-1.85057561,1.86249591e-05,0,0,0,0,0,0,0,0,0,0,0,0,0,0,0,0,0,0,0,0,0,0,0,0,0,0,0,0,0,0,0,0,147.154539,0.0394669884,0.967696673,-0.00384051527,-0.113534285,-0.171277625,0.224999691,-1.51211678,-4.31409623,0.000207874053,1500,1500,1500,1500,1500,1500,1500,1500,0,0,0,0,0.02,0,0,0,0,0.02,0,0,0,0,0.02,0,0,0,0,0.02,0,0,0,0,1,0,0,0,0,1,0,0,0,0,1,0,0,0,0,1
299677.657,5.2,0,0,0,0,0,0,0.367101461,-0,150.09763,-147.154539,2.94309079,1,0,0,0,0,0,0,0,0,0,0,0,0,0,0,150.09763,4.79015999,-1.85057561,1.86249591e-05,0,0,0,0,0,0,0,0,0,0,0,0,0,0,0,0,0,0,0,0,0,0,0,0,0,0,0,0,0,0,0,0,147.154539,0.0394669884,0.967696673,-0.00384051527,-0.113534285,-0.171277625,0.224999691,-1.51211678,-4.31409623,0.000207874053,1500,1500,1500,1500,1500,1500,1500,1500,0,0,0,0,0.02,0,0,0,0,0.02,0,0,0,0,0.02,0,0,0,0,0.02,0,0,0,0,1,0,0,0,0,1,0,0,0,0,1,0,0,0,0,1
299677.707,5.25,0,0,0,0,0,0,0.367101461,-0,150.09763,-147.154539,2.94309079,1,0,0,0,0,0,0,0,0,0,0,0,0,0,0,150.09763,4.79015999,-1.85057561,1.86249591e-05,0,0,0,0,0,0,0,0,0,0,0,0,0,0,0,0,0,0,0,0,0,0,0,0,0,0,0,0,0,0,0,0,147.154539,0.0394669884,0.967696673,-0.00384051527,-0.113534285,-0.171277625,0.224999691,-1.51211678,-4.31409623,0.000207874053,1500,1500,1500,1500,1500,1500,1500,1500,0,0,0,0,0.02,0,0,0,0,0.02,0,0,0,0,0.02,0,0,0,0,0.02,0,0,0,0,1,0,0,0,0,1,0,0,0,0,1,0,0,0,0,1
299677.757,5.3,0,0,0,0,0,0,0.367101461,-0,150.09763,-147.154539,2.94309079,1,0,0,0,0,0,0,0,0,0,0,0,0,0,0,150.09763,4.79015999,-1.85057561,1.86249591e-05,0,0,0,0,0,0,0,0,0,0,0,0,0,0,0,0,0,0,0,0,0,0,0,0,0,0,0,0,0,0,0,0,147.154539,0.0394669884,0.967696673,-0.00384051527,-0.113534285,-0.171277625,0.224999691,-1.51211678,-4.31409623,0.000207874053,1500,1500,1500,1500,1500,1500,1500,1500,0,0,0,0,0.02,0,0,0,0,0.02,0,0,0,0,0.02,0,0,0,0,0.02,0,0,0,0,1,0,0,0,0,1,0,0,0,0,1,0,0,0,0,1
299677.807,5.35,0,0,0,0,0,0,0.367101461,-0,150.09763,-147.154539,2.94309079,1,0,0,0,0,0,0,0,0,0,0,0,0,0,0,150.09763,4.79015999,-1.85057561,1.86249591e-05,0,0,0,0,0,0,0,0,0,0,0,0,0,0,0,0,0,0,0,0,0,0,0,0,0,0,0,0,0,0,0,0,147.154539,0.0394669884,0.967696673,-0.00384051527,-0.113534285,-0.171277625,0.224999691,-1.51211678,-4.31409623,0.000207874053,1500,1500,1500,1500,1500,1500,1500,1500,0,0,0,0,0.02,0,0,0,0,0.02,0,0,0,0,0.02,0,0,0,0,0.02,0,0,0,0,1,0,0,0,0,1,0,0,0,0,1,0,0,0,0,1
299677.857,5.4,0,0,0,0,0,0,0.367101461,-0,150.09763,-147.154539,2.94309079,1,0,0,0,0,0,0,0,0,0,0,0,0,0,0,150.09763,4.79015999,-1.85057561,1.86249591e-05,0,0,0,0,0,0,0,0,0,0,0,0,0,0,0,0,0,0,0,0,0,0,0,0,0,0,0,0,0,0,0,0,147.154539,0.0394669884,0.967696673,-0.00384051527,-0.113534285,-0.171277625,0.224999691,-1.51211678,-4.31409623,0.000207874053,1500,1500,1500,1500,1500,1500,1500,1500,0,0,0,0,0.02,0,0,0,0,0.02,0,0,0,0,0.02,0,0,0,0,0.02,0,0,0,0,1,0,0,0,0,1,0,0,0,0,1,0,0,0,0,1
299677.907,5.45,0,0,0,0,0,0,0.367101461,-0,150.09763,-147.154539,2.94309079,1,0,0,0,0,0,0,0,0,0,0,0,0,0,0,150.09763,4.79015999,-1.85057561,1.86249591e-05,0,0,0,0,0,0,0,0,0,0,0,0,0,0,0,0,0,0,0,0,0,0,0,0,0,0,0,0,0,0,0,0,147.154539,0.0394669884,0.967696673,-0.00384051527,-0.113534285,-0.171277625,0.224999691,-1.51211678,-4.31409623,0.000207874053,1500,1500,1500,1500,1500,1500,1500,1500,0,0,0,0,0.02,0,0,0,0,0.02,0,0,0,0,0.02,0,0,0,0,0.02,0,0,0,0,1,0,0,0,0,1,0,0,0,0,1,0,0,0,0,1
299677.957,5.5,0,0,0,0,0,0,0.367101461,-0,150.09763,-147.154539,2.94309079,1,0,0,0,0,0,0,0,0,0,0,0,0,0,0,150.09763,4.79015999,-1.85057561,1.86249591e-05,0,0,0,0,0,0,0,0,0,0,0,0,0,0,0,0,0,0,0,0,0,0,0,0,0,0,0,0,0,0,0,0,147.154539,0.0394669884,0.967696673,-0.00384051527,-0.113534285,-0.171277625,0.224999691,-1.51211678,-4.31409623,0.000207874053,1500,1500,1500,1500,1500,1500,1500,1500,0,0,0,0,0.02,0,0,0,0,0.02,0,0,0,0,0.02,0,0,0,0,0.02,0,0,0,0,1,0,0,0,0,1,0,0,0,0,1,0,0,0,0,1
299678.007,5.55,0,0,0,0,0,0,0.367101461,-0,150.09763,-147.154539,2.94309079,1,0,0,0,0,0,0,0,0,0,0,0,0,0,0,150.09763,4.79015999,-1.85057561,1.86249591e-05,0,0,0,0,0,0,0,0,0,0,0,0,0,0,0,0,0,0,0,0,0,0,0,0,0,0,0,0,0,0,0,0,147.154539,0.0394669884,0.967696673,-0.00384051527,-0.113534285,-0.171277625,0.224999691,-1.51211678,-4.31409623,0.000207874053,1500,1500,1500,1500,1500,1500,1500,1500,0,0,0,0,0.02,0,0,0,0,0.02,0,0,0,0,0.02,0,0,0,0,0.02,0,0,0,0,1,0,0,0,0,1,0,0,0,0,1,0,0,0,0,1
299678.057,5.6,0,0,0,0,0,0,0.367101461,-0,150.09763,-147.154539,2.94309079,1,0,0,0,0,0,0,0,0,0,0,0,0,0,0,150.09763,4.79015999,-1.85057561,1.86249591e-05,0,0,0,0,0,0,0,0,0,0,0,0,0,0,0,0,0,0,0,0,0,0,0,0,0,0,0,0,0,0,0,0,147.154539,0.0394669884,0.967696673,-0.00384051527,-0.113534285,-0.171277625,0.224999691,-1.51211678,-4.31409623,0.000207874053,1500,1500,1500,1500,1500,1500,1500,1500,0,0,0,0,0.02,0,0,0,0,0.02,0,0,0,0,0.02,0,0,0,0,0.02,0,0,0,0,1,0,0,0,0,1,0,0,0,0,1,0,0,0,0,1
299678.107,5.65,0,0,0,0,0,0,0.367101461,-0,150.09763,-147.154539,2.94309079,1,0,0,0,0,0,0,0,0,0,0,0,0,0,0,150.09763,4.79015999,-1.85057561,1.86249591e-05,0,0,0,0,0,0,0,0,0,0,0,0,0,0,0,0,0,0,0,0,0,0,0,0,0,0,0,0,0,0,0,0,147.154539,0.0394669884,0.967696673,-0.00384051527,-0.113534285,-0.171277625,0.224999691,-1.51211678,-4.31409623,0.000207874053,1500,1500,1500,1500,1500,1500,1500,1500,0,0,0,0,0.02,0,0,0,0,0.02,0,0,0,0,0.02,0,0,0,0,0.02,0,0,0,0,1,0,0,0,0,1,0,0,0,0,1,0,0,0,0,1
299678.157,5.7,0,0,0,0,0,0,0.367101461,-0,150.09763,-147.154539,2.94309079,1,0,0,0,0,0,0,0,0,0,0,0,0,0,0,150.09763,4.79015999,-1.85057561,1.86249591e-05,0,0,0,0,0,0,0,0,0,0,0,0,0,0,0,0,0,0,0,0,0,0,0,0,0,0,0,0,0,0,0,0,147.154539,0.0394669884,0.967696673,-0.00384051527,-0.113534285,-0.171277625,0.224999691,-1.51211678,-4.31409623,0.000207874053,1500,1500,1500,1500,1500,1500,1500,1500,0,0,0,0,0.02,0,0,0,0,0.02,0,0,0,0,0.02,0,0,0,0,0.02,0,0,0,0,1,0,0,0,0,1,0,0,0,0,1,0,0,0,0,1
299678.207,5.75,0,0,0,0,0,0,0.367101461,-0,150.09763,-147.154539,2.94309079,1,0,0,0,0,0,0,0,0,0,0,0,0,0,0,150.09763,4.79015999,-1.85057561,1.86249591e-05,0,0,0,0,0,0,0,0,0,0,0,0,0,0,0,0,0,0,0,0,0,0,0,0,0,0,0,0,0,0,0,0,147.154539,0.0394669884,0.967696673,-0.00384051527,-0.113534285,-0.171277625,0.224999691,-1.51211678,-4.31409623,0.000207874053,1500,1500,1500,1500,1500,1500,1500,1500,0,0,0,0,0.02,0,0,0,0,0.02,0,0,0,0,0.02,0,0,0,0,0.02,0,0,0,0,1,0,0,0,0,1,0,0,0,0,1,0,0,0,0,1
299678.257,5.8,0,0,0,0,0,0,0.367101461,-0,150.09763,-147.154539,2.94309079,1,0,0,0,0,0,0,0,0,0,0,0,0,0,0,150.09763,4.79015999,-1.85057561,1.86249591e-05,0,0,0,0,0,0,0,0,0,0,0,0,0,0,0,0,0,0,0,0,0,0,0,0,0,0,0,0,0,0,0,0,147.154539,0.0394669884,0.967696673,-0.00384051527,-0.113534285,-0.171277625,0.224999691,-1.51211678,-4.31409623,0.000207874053,1500,1500,1500,1500,1500,1500,1500,1500,0,0,0,0,0.02,0,0,0,0,0.02,0,0,0,0,0.02,0,0,0,0,0.02,0,0,0,0,1,0,0,0,0,1,0,0,0,0,1,0,0,0,0,1
299678.307,5.85,0,0,0,0,0,0,0.367101461,-0,150.09763,-147.154539,2.94309079,1,0,0,0,0,0,0,0,0,0,0,0,0,0,0,150.09763,4.79015999,-1.85057561,1.86249591e-05,0,0,0,0,0,0,0,0,0,0,0,0,0,0,0,0,0,0,0,0,0,0,0,0,0,0,0,0,0,0,0,0,147.154539,0.0394669884,0.967696673,-0.00384051527,-0.113534285,-0.171277625,0.224999691,-1.51211678,-4.31409623,0.000207874053,1500,1500,1500,1500,1500,1500,1500,1500,0,0,0,0,0.02,0,0,0,0,0.02,0,0,0,0,0.02,0,0,0,0,0.02,0,0,0,0,1,0,0,0,0,1,0,0,0,0,1,0,0,0,0,1
299678.357,5.9,0,0,0,0,0,0,0.367101461,-0,150.09763,-147.154539,2.94309079,1,0,0,0,0,0,0,0,0,0,0,0,0,0,0,150.09763,4.79015999,-1.85057561,1.86249591e-05,0,0,0,0,0,0,0,0,0,0,0,0,0,0,0,0,0,0,0,0,0,0,0,0,0,0,0,0,0,0,0,0,147.154539,0.0394669884,0.967696673,-0.00384051527,-0.113534285,-0.171277625,0.224999691,-1.51211678,-4.31409623,0.000207874053,1500,1500,1500,1500,1500,1500,1500,1500,0,0,0,0,0.02,0,0,0,0,0.02,0,0,0,0,0.02,0,0,0,0,0.02,0,0,0,0,1,0,0,0,0,1,0,0,0,0,1,0,0,0,0,1
299678.407,5.95,0,0,0,0,0,0,0.367101461,-0,150.09763,-147.154539,2.94309079,1,0,0,0,0,0,0,0,0,0,0,0,0,0,0,150.09763,4.79015999,-1.85057561,1.86249591e-05,0,0,0,0,0,0,0,0,0,0,0,0,0,0,0,0,0,0,0,0,0,0,0,0,0,0,0,0,0,0,0,0,147.154539,0.0394669884,0.967696673,-0.00384051527,-0.113534285,-0.171277625,0.224999691,-1.51211678,-4.31409623,0.000207874053,1500,1500,1500,1500,1500,1500,1500,1500,0,0,0,0,0.02,0,0,0,0,0.02,0,0,0,0,0.02,0,0,0,0,0.02,0,0,0,0,1,0,0,0,0,1,0,0,0,0,1,0,0,0,0,1
299678.457,6,0,0,0,0,0,0,0.367101461,-0,150.09763,-147.154539,2.94309079,1,0,0,0,0,0,0,0,0,0,0,0,0,0,0,150.09763,4.79015999,-1.85057561,1.86249591e-05,0,0,0,0,0,0,0,0,0,0,0,0,0,0,0,0,0,0,0,0,0,0,0,0,0,0,0,0,0,0,0,0,147.154539,0.0394669884,0.967696673,-0.00384051527,-0.113534285,-0.171277625,0.224999691,-1.51211678,-4.31409623,0.000207874053,1500,1500,1500,1500,1500,1500,1500,1500,0,0,0,0,0.02,0,0,0,0,0.02,0,0,0,0,0.02,0,0,0,0,0.02,0,0,0,0,1,0,0,0,0,1,0,0,0,0,1,0,0,0,0,1
299678.507,6.05,0,0,0,0,0,0,0.367101461,-0,150.09763,-147.154539,2.94309079,1,0,0,0,0,0,0,0,0,0,0,0,0,0,0,150.09763,4.79015999,-1.85057561,1.86249591e-05,0,0,0,0,0,0,0,0,0,0,0,0,0,0,0,0,0,0,0,0,0,0,0,0,0,0,0,0,0,0,0,0,147.154539,0.0394669884,0.967696673,-0.00384051527,-0.113534285,-0.171277625,0.224999691,-1.51211678,-4.31409623,0.000207874053,1500,1500,1500,1500,1500,1500,1500,1500,0,0,0,0,0.02,0,0,0,0,0.02,0,0,0,0,0.02,0,0,0,0,0.02,0,0,0,0,1,0,0,0,0,1,0,0,0,0,1,0,0,0,0,1
299678.557,6.1,0,0,0,0,0,0,0.367101461,-0,150.09763,-147.154539,2.94309079,1,0,0,0,0,0,0,0,0,0,0,0,0,0,0,150.09763,4.79015999,-1.85057561,1.86249591e-05,0,0,0,0,0,0,0,0,0,0,0,0,0,0,0,0,0,0,0,0,0,0,0,0,0,0,0,0,0,0,0,0,147.154539,0.0394669884,0.967696673,-0.00384051527,-0.113534285,-0.171277625,0.224999691,-1.51211678,-4.31409623,0.000207874053,1500,1500,1500,1500,1500,1500,1500,1500,0,0,0,0,0.02,0,0,0,0,0.02,0,0,0,0,0.02,0,0,0,0,0.02,0,0,0,0,1,0,0,0,0,1,0,0,0,0,1,0,0,0,0,1
299678.607,6.15,0,0,0,0,0,0,0.367101461,-0,150.09763,-147.154539,2.94309079,1,0,0,0,0,0,0,0,0,0,0,0,0,0,0,150.09763,4.79015999,-1.85057561,1.86249591e-05,0,0,0,0,0,0,0,0,0,0,0,0,0,0,0,0,0,0,0,0,0,0,0,0,0,0,0,0,0,0,0,0,147.154539,0.0394669884,0.967696673,-0.00384051527,-0.113534285,-0.171277625,0.224999691,-1.51211678,-4.31409623,0.000207874053,1500,1500,1500,1500,1500,1500,1500,1500,0,0,0,0,0.02,0,0,0,0,0.02,0,0,0,0,0.02,0,0,0,0,0.02,0,0,0,0,1,0,0,0,0,1,0,0,0,0,1,0,0,0,0,1
299678.657,6.2,0,0,0,0,0,0,0.367101461,-0,150.09763,-147.154539,2.94309079,1,0,0,0,0,0,0,0,0,0,0,0,0,0,0,150.09763,4.79015999,-1.85057561,1.86249591e-05,0,0,0,0,0,0,0,0,0,0,0,0,0,0,0,0,0,0,0,0,0,0,0,0,0,0,0,0,0,0,0,0,147.154539,0.0394669884,0.967696673,-0.00384051527,-0.113534285,-0.171277625,0.224999691,-1.51211678,-4.31409623,0.000207874053,1500,1500,1500,1500,1500,1500,1500,1500,0,0,0,0,0.02,0,0,0,0,0.02,0,0,0,0,0.02,0,0,0,0,0.02,0,0,0,0,1,0,0,0,0,1,0,0,0,0,1,0,0,0,0,1
299678.707,6.25,0,0,0,0,0,0,0.367101461,-0,150.09763,-147.154539,2.94309079,1,0,0,0,0,0,0,0,0,0,0,0,0,0,0,150.09763,4.79015999,-1.85057561,1.86249591e-05,0,0,0,0,0,0,0,0,0,0,0,0,0,0,0,0,0,0,0,0,0,0,0,0,0,0,0,0,0,0,0,0,147.154539,0.0394669884,0.967696673,-0.00384051527,-0.113534285,-0.171277625,0.224999691,-1.51211678,-4.31409623,0.000207874053,1500,1500,1500,1500,1500,1500,1500,1500,0,0,0,0,0.02,0,0,0,0,0.02,0,0,0,0,0.02,0,0,0,0,0.02,0,0,0,0,1,0,0,0,0,1,0,0,0,0,1,0,0,0,0,1
299678.757,6.3,0,0,0,0,0,0,0.367101461,-0,150.09763,-147.154539,2.94309079,1,0,0,0,0,0,0,0,0,0,0,0,0,0,0,150.09763,4.79015999,-1.85057561,1.86249591e-05,0,0,0,0,0,0,0,0,0,0,0,0,0,0,0,0,0,0,0,0,0,0,0,0,0,0,0,0,0,0,0,0,147.154539,0.0394669884,0.967696673,-0.00384051527,-0.113534285,-0.171277625,0.224999691,-1.51211678,-4.31409623,0.000207874053,1500,1500,1500,1500,1500,1500,1500,1500,0,0,0,0,0.02,0,0,0,0,0.02,0,0,0,0,0.02,0,0,0,0,0.02,0,0,0,0,1,0,0,0,0,1,0,0,0,0,1,0,0,0,0,1
299678.807,6.35,0,0,0,0,0,0,0.367101461,-0,150.09763,-147.154539,2.94309079,1,0,0,0,0,0,0,0,0,0,0,0,0,0,0,150.09763,4.79015999,-1.85057561,1.86249591e-05,0,0,0,0,0,0,0,0,0,0,0,0,0,0,0,0,0,0,0,0,0,0,0,0,0,0,0,0,0,0,0,0,147.154539,0.0394669884,0.967696673,-0.00384051527,-0.113534285,-0.171277625,0.224999691,-1.51211678,-4.31409623,0.000207874053,1500,1500,1500,1500,1500,1500,1500,1500,0,0,0,0,0.02,0,0,0,0,0.02,0,0,0,0,0.02,0,0,0,0,0.02,0,0,0,0,1,0,0,0,0,1,0,0,0,0,1,0,0,0,0,1
299678.857,6.4,0,0,0,0,0,0,0.367101461,-0,150.09763,-147.154539,2.94309079,1,0,0,0,0,0,0,0,0,0,0,0,0,0,0,150.09763,4.79015999,-1.85057561,1.86249591e-05,0,0,0,0,0,0,0,0,0,0,0,0,0,0,0,0,0,0,0,0,0,0,0,0,0,0,0,0,0,0,0,0,147.154539,0.0394669884,0.967696673,-0.00384051527,-0.113534285,-0.171277625,0.224999691,-1.51211678,-4.31409623,0.000207874053,1500,1500,1500,1500,1500,1500,1500,1500,0,0,0,0,0.02,0,0,0,0,0.02,0,0,0,0,0.02,0,0,0,0,0.02,0,0,0,0,1,0,0,0,0,1,0,0,0,0,1,0,0,0,0,1
299678.907,6.45,0,0,0,0,0,0,0.367101461,-0,150.09763,-147.154539,2.94309079,1,0,0,0,0,0,0,0,0,0,0,0,0,0,0,150.09763,4.79015999,-1.85057561,1.86249591e-05,0,0,0,0,0,0,0,0,0,0,0,0,0,0,0,0,0,0,0,0,0,0,0,0,0,0,0,0,0,0,0,0,147.154539,0.0394669884,0.967696673,-0.00384051527,-0.113534285,-0.171277625,0.224999691,-1.51211678,-4.31409623,0.000207874053,1500,1500,1500,1500,1500,1500,1500,1500,0,0,0,0,0.02,0,0,0,0,0.02,0,0,0,0,0.02,0,0,0,0,0.02,0,0,0,0,1,0,0,0,0,1,0,0,0,0,1,0,0,0,0,1
299678.957,6.5,0,0,0,0,0,0,0.367101461,-0,150.09763,-147.154539,2.94309079,1,0,0,0,0,0,0,0,0,0,0,0,0,0,0,150.09763,4.79015999,-1.85057561,1.86249591e-05,0,0,0,0,0,0,0,0,0,0,0,0,0,0,0,0,0,0,0,0,0,0,0,0,0,0,0,0,0,0,0,0,147.154539,0.0394669884,0.967696673,-0.00384051527,-0.113534285,-0.171277625,0.224999691,-1.51211678,-4.31409623,0.000207874053,1500,1500,1500,1500,1500,1500,1500,1500,0,0,0,0,0.02,0,0,0,0,0.02,0,0,0,0,0.02,0,0,0,0,0.02,0,0,0,0,1,0,0,0,0,1,0,0,0,0,1,0,0,0,0,1
299679.007,6.55,0,0,0,0,0,0,0.367101461,-0,150.09763,-147.154539,2.94309079,1,0,0,0,0,0,0,0,0,0,0,0,0,0,0,150.09763,4.79015999,-1.85057561,1.86249591e-05,0,0,0,0,0,0,0,0,0,0,0,0,0,0,0,0,0,0,0,0,0,0,0,0,0,0,0,0,0,0,0,0,147.154539,0.0394669884,0.967696673,-0.00384051527,-0.113534285,-0.171277625,0.224999691,-1.51211678,-4.31409623,0.000207874053,1500,1500,1500,1500,1500,1500,1500,1500,0,0,0,0,0.02,0,0,0,0,0.02,0,0,0,0,0.02,0,0,0,0,0.02,0,0,0,0,1,0,0,0,0,1,0,0,0,0,1,0,0,0,0,1
299679.057,6.6,0,0,0,0,0,0,0.367101461,-0,150.09763,-147.154539,2.94309079,1,0,0,0,0,0,0,0,0,0,0,0,0,0,0,150.09763,4.79015999,-1.85057561,1.86249591e-05,0,0,0,0,0,0,0,0,0,0,0,0,0,0,0,0,0,0,0,0,0,0,0,0,0,0,0,0,0,0,0,0,147.154539,0.0394669884,0.967696673,-0.00384051527,-0.113534285,-0.171277625,0.224999691,-1.51211678,-4.31409623,0.000207874053,1500,1500,1500,1500,1500,1500,1500,1500,0,0,0,0,0.02,0,0,0,0,0.02,0,0,0,0,0.02,0,0,0,0,0.02,0,0,0,0,1,0,0,0,0,1,0,0,0,0,1,0,0,0,0,1
299679.107,6.65,0,0,0,0,0,0,0.367101461,-0,150.09763,-147.154539,2.94309079,1,0,0,0,0,0,0,0,0,0,0,0,0,0,0,150.09763,4.79015999,-1.85057561,1.86249591e-05,0,0,0,0,0,0,0,0,0,0,0,0,0,0,0,0,0,0,0,0,0,0,0,0,0,0,0,0,0,0,0,0,147.154539,0.0394669884,0.967696673,-0.00384051527,-0.113534285,-0.171277625,0.224999691,-1.51211678,-4.31409623,0.000207874053,1500,1500,1500,1500,1500,1500,1500,1500,0,0,0,0,0.02,0,0,0,0,0.02,0,0,0,0,0.02,0,0,0,0,0.02,0,0,0,0,1,0,0,0,0,1,0,0,0,0,1,0,0,0,0,1
299679.157,6.7,0,0,0,0,0,0,0.367101461,-0,150.09763,-147.154539,2.94309079,1,0,0,0,0,0,0,0,0,0,0,0,0,0,0,150.09763,4.79015999,-1.85057561,1.86249591e-05,0,0,0,0,0,0,0,0,0,0,0,0,0,0,0,0,0,0,0,0,0,0,0,0,0,0,0,0,0,0,0,0,147.154539,0.0394669884,0.967696673,-0.00384051527,-0.113534285,-0.171277625,0.224999691,-1.51211678,-4.31409623,0.000207874053,1500,1500,1500,1500,1500,1500,1500,1500,0,0,0,0,0.02,0,0,0,0,0.02,0,0,0,0,0.02,0,0,0,0,0.02,0,0,0,0,1,0,0,0,0,1,0,0,0,0,1,0,0,0,0,1
299679.207,6.75,0,0,0,0,0,0,0.367101461,-0,150.09763,-147.154539,2.94309079,1,0,0,0,0,0,0,0,0,0,0,0,0,0,0,150.09763,4.79015999,-1.85057561,1.86249591e-05,0,0,0,0,0,0,0,0,0,0,0,0,0,0,0,0,0,0,0,0,0,0,0,0,0,0,0,0,0,0,0,0,147.154539,0.0394669884,0.967696673,-0.00384051527,-0.113534285,-0.171277625,0.224999691,-1.51211678,-4.31409623,0.000207874053,1500,1500,1500,1500,1500,1500,1500,1500,0,0,0,0,0.02,0,0,0,0,0.02,0,0,0,0,0.02,0,0,0,0,0.02,0,0,0,0,1,0,0,0,0,1,0,0,0,0,1,0,0,0,0,1
299679.257,6.8,0,0,0,0,0,0,0.367101461,-0,150.09763,-147.154539,2.94309079,1,0,0,0,0,0,0,0,0,0,0,0,0,0,0,150.09763,4.79015999,-1.85057561,1.86249591e-05,0,0,0,0,0,0,0,0,0,0,0,0,0,0,0,0,0,0,0,0,0,0,0,0,0,0,0,0,0,0,0,0,147.154539,0.0394669884,0.967696673,-0.00384051527,-0.113534285,-0.171277625,0.224999691,-1.51211678,-4.31409623,0.000207874053,1500,1500,1500,1500,1500,1500,1500,1500,0,0,0,0,0.02,0,0,0,0,0.02,0,0,0,0,0.02,0,0,0,0,0.02,0,0,0,0,1,0,0,0,0,1,0,0,0,0,1,0,0,0,0,1
299679.307,6.85,0,0,0,0,0,0,0.367101461,-0,150.09763,-147.154539,2.94309079,1,0,0,0,0,0,0,0,0,0,0,0,0,0,0,150.09763,4.79015999,-1.85057561,1.86249591e-05,0,0,0,0,0,0,0,0,0,0,0,0,0,0,0,0,0,0,0,0,0,0,0,0,0,0,0,0,0,0,0,0,147.154539,0.0394669884,0.967696673,-0.00384051527,-0.113534285,-0.171277625,0.224999691,-1.51211678,-4.31409623,0.000207874053,1500,1500,1500,1500,1500,1500,1500,1500,0,0,0,0,0.02,0,0,0,0,0.02,0,0,0,0,0.02,0,0,0,0,0.02,0,0,0,0,1,0,0,0,0,1,0,0,0,0,1,0,0,0,0,1
299679.357,6.9,0,0,0,0,0,0,0.367101461,-0,150.09763,-147.154539,2.94309079,1,0,0,0,0,0,0,0,0,0,0,0,0,0,0,150.09763,4.79015999,-1.85057561,1.86249591e-05,0,0,0,0,0,0,0,0,0,0,0,0,0,0,0,0,0,0,0,0,0,0,0,0,0,0,0,0,0,0,0,0,147.154539,0.0394669884,0.967696673,-0.00384051527,-0.113534285,-0.171277625,0.224999691,-1.51211678,-4.31409623,0.000207874053,1500,1500,1500,1500,1500,1500,1500,1500,0,0,0,0,0.02,0,0,0,0,0.02,0,0,0,0,0.02,0,0,0,0,0.02,0,0,0,0,1,0,0,0,0,1,0,0,0,0,1,0,0,0,0,1
299679.407,6.95,0,0,0,0,0,0,0.367101461,-0,150.09763,-147.154539,2.94309079,1,0,0,0,0,0,0,0,0,0,0,0,0,0,0,150.09763,4.79015999,-1.85057561,1.86249591e-05,0,0,0,0,0,0,0,0,0,0,0,0,0,0,0,0,0,0,0,0,0,0,0,0,0,0,0,0,0,0,0,0,147.154539,0.0394669884,0.967696673,-0.00384051527,-0.113534285,-0.171277625,0.224999691,-1.51211678,-4.31409623,0.000207874053,1500,1500,1500,1500,1500,1500,1500,1500,0,0,0,0,0.02,0,0,0,0,0.02,0,0,0,0,0.02,0,0,0,0,0.02,0,0,0,0,1,0,0,0,0,1,0,0,0,0,1,0,0,0,0,1
299679.457,7,0,0,0,0,0,0,0.367101461,-0,150.09763,-147.154539,2.94309079,1,0,0,0,0,0,0,0,0,0,0,0,0,0,0,150.09763,4.79015999,-1.85057561,1.86249591e-05,0,0,0,0,0,0,0,0,0,0,0,0,0,0,0,0,0,0,0,0,0,0,0,0,0,0,0,0,0,0,0,0,147.154539,0.0394669884,0.967696673,-0.00384051527,-0.113534285,-0.171277625,0.224999691,-1.51211678,-4.31409623,0.000207874053,1500,1500,1500,1500,1500,1500,1500,1500,0,0,0,0,0.02,0,0,0,0,0.02,0,0,0,0,0.02,0,0,0,0,0.02,0,0,0,0,1,0,0,0,0,1,0,0,0,0,1,0,0,0,0,1
299679.507,7.05,0,0,0,0,0,0,0.367101461,-0,150.09763,-147.154539,2.94309079,1,0,0,0,0,0,0,0,0,0,0,0,0,0,0,150.09763,4.79015999,-1.85057561,1.86249591e-05,0,0,0,0,0,0,0,0,0,0,0,0,0,0,0,0,0,0,0,0,0,0,0,0,0,0,0,0,0,0,0,0,147.154539,0.0394669884,0.967696673,-0.00384051527,-0.113534285,-0.171277625,0.224999691,-1.51211678,-4.31409623,0.000207874053,1500,1500,1500,1500,1500,1500,1500,1500,0,0,0,0,0.02,0,0,0,0,0.02,0,0,0,0,0.02,0,0,0,0,0.02,0,0,0,0,1,0,0,0,0,1,0,0,0,0,1,0,0,0,0,1
299679.557,7.1,0,0,0,0,0,0,0.367101461,-0,150.09763,-147.154539,2.94309079,1,0,0,0,0,0,0,0,0,0,0,0,0,0,0,150.09763,4.79015999,-1.85057561,1.86249591e-05,0,0,0,0,0,0,0,0,0,0,0,0,0,0,0,0,0,0,0,0,0,0,0,0,0,0,0,0,0,0,0,0,147.154539,0.0394669884,0.967696673,-0.00384051527,-0.113534285,-0.171277625,0.224999691,-1.51211678,-4.31409623,0.000207874053,1500,1500,1500,1500,1500,1500,1500,1500,0,0,0,0,0.02,0,0,0,0,0.02,0,0,0,0,0.02,0,0,0,0,0.02,0,0,0,0,1,0,0,0,0,1,0,0,0,0,1,0,0,0,0,1
299679.607,7.15,0,0,0,0,0,0,0.367101461,-0,150.09763,-147.154539,2.94309079,1,0,0,0,0,0,0,0,0,0,0,0,0,0,0,150.09763,4.79015999,-1.85057561,1.86249591e-05,0,0,0,0,0,0,0,0,0,0,0,0,0,0,0,0,0,0,0,0,0,0,0,0,0,0,0,0,0,0,0,0,147.154539,0.0394669884,0.967696673,-0.00384051527,-0.113534285,-0.171277625,0.224999691,-1.51211678,-4.31409623,0.000207874053,1500,1500,1500,1500,1500,1500,1500,1500,0,0,0,0,0.02,0,0,0,0,0.02,0,0,0,0,0.02,0,0,0,0,0.02,0,0,0,0,1,0,0,0,0,1,0,0,0,0,1,0,0,0,0,1
299679.657,7.2,0,0,0,0,0,0,0.367101461,-0,150.09763,-147.154539,2.94309079,1,0,0,0,0,0,0,0,0,0,0,0,0,0,0,150.09763,4.79015999,-1.85057561,1.86249591e-05,0,0,0,0,0,0,0,0,0,0,0,0,0,0,0,0,0,0,0,0,0,0,0,0,0,0,0,0,0,0,0,0,147.154539,0.0394669884,0.967696673,-0.00384051527,-0.113534285,-0.171277625,0.224999691,-1.51211678,-4.31409623,0.000207874053,1500,1500,1500,1500,1500,1500,1500,1500,0,0,0,0,0.02,0,0,0,0,0.02,0,0,0,0,0.02,0,0,0,0,0.02,0,0,0,0,1,0,0,0,0,1,0,0,0,0,1,0,0,0,0,1
299679.707,7.25,0,0,0,0,0,0,0.367101461,-0,150.09763,-147.154539,2.94309079,1,0,0,0,0,0,0,0,0,0,0,0,0,0,0,150.09763,4.79015999,-1.85057561,1.86249591e-05,0,0,0,0,0,0,0,0,0,0,0,0,0,0,0,0,0,0,0,0,0,0,0,0,0,0,0,0,0,0,0,0,147.154539,0.0394669884,0.967696673,-0.00384051527,-0.113534285,-0.171277625,0.224999691,-1.51211678,-4.31409623,0.000207874053,1500,1500,1500,1500,1500,1500,1500,1500,0,0,0,0,0.02,0,0,0,0,0.02,0,0,0,0,0.02,0,0,0,0,0.02,0,0,0,0,1,0,0,0,0,1,0,0,0,0,1,0,0,0,0,1
299679.764,7.3,0,0,0,0,0,0,0.367101461,-0,150.09763,-147.154539,2.94309079,1,0,0,0,0,0,0,0,0,0,0,0,0,0,0,150.09763,4.79015999,-1.85057561,1.86249591e-05,0,0,0,0,0,0,0,0,0,0,0,0,0,0,0,0,0,0,0,0,0,0,0,0,0,0,0,0,0,0,0,0,147.154539,0.0394669884,0.967696673,-0.00384051527,-0.113534285,-0.171277625,0.224999691,-1.51211678,-4.31409623,0.000207874053,1500,1500,1500,1500,1500,1500,1500,1500,0,0,0,0,0.02,0,0,0,0,0.02,0,0,0,0,0.02,0,0,0,0,0.02,0,0,0,0,1,0,0,0,0,1,0,0,0,0,1,0,0,0,0,1
299679.814,7.35,0,0,0,0,0,0,0.367101461,-0,150.09763,-147.154539,2.94309079,1,0,0,0,0,0,0,0,0,0,0,0,0,0,0,150.09763,4.79015999,-1.85057561,1.86249591e-05,0,0,0,0,0,0,0,0,0,0,0,0,0,0,0,0,0,0,0,0,0,0,0,0,0,0,0,0,0,0,0,0,147.154539,0.0394669884,0.967696673,-0.00384051527,-0.113534285,-0.171277625,0.224999691,-1.51211678,-4.31409623,0.000207874053,1500,1500,1500,1500,1500,1500,1500,1500,0,0,0,0,0.02,0,0,0,0,0.02,0,0,0,0,0.02,0,0,0,0,0.02,0,0,0,0,1,0,0,0,0,1,0,0,0,0,1,0,0,0,0,1
299679.865,7.4,0,0,0,0,0,0,0.367101461,-0,150.09763,-147.154539,2.94309079,1,0,0,0,0,0,0,0,0,0,0,0,0,0,0,150.09763,4.79015999,-1.85057561,1.86249591e-05,0,0,0,0,0,0,0,0,0,0,0,0,0,0,0,0,0,0,0,0,0,0,0,0,0,0,0,0,0,0,0,0,147.154539,0.0394669884,0.967696673,-0.00384051527,-0.113534285,-0.171277625,0.224999691,-1.51211678,-4.31409623,0.000207874053,1500,1500,1500,1500,1500,1500,1500,1500,0,0,0,0,0.02,0,0,0,0,0.02,0,0,0,0,0.02,0,0,0,0,0.02,0,0,0,0,1,0,0,0,0,1,0,0,0,0,1,0,0,0,0,1
299679.915,7.45,0,0,0,0,0,0,0.367101461,-0,150.09763,-147.154539,2.94309079,1,0,0,0,0,0,0,0,0,0,0,0,0,0,0,150.09763,4.79015999,-1.85057561,1.86249591e-05,0,0,0,0,0,0,0,0,0,0,0,0,0,0,0,0,0,0,0,0,0,0,0,0,0,0,0,0,0,0,0,0,147.154539,0.0394669884,0.967696673,-0.00384051527,-0.113534285,-0.171277625,0.224999691,-1.51211678,-4.31409623,0.000207874053,1500,1500,1500,1500,1500,1500,1500,1500,0,0,0,0,0.02,0,0,0,0,0.02,0,0,0,0,0.02,0,0,0,0,0.02,0,0,0,0,1,0,0,0,0,1,0,0,0,0,1,0,0,0,0,1
299679.965,7.5,0,0,0,0,0,0,0.367101461,-0,150.09763,-147.154539,2.94309079,1,0,0,0,0,0,0,0,0,0,0,0,0,0,0,150.09763,4.79015999,-1.85057561,1.86249591e-05,0,0,0,0,0,0,0,0,0,0,0,0,0,0,0,0,0,0,0,0,0,0,0,0,0,0,0,0,0,0,0,0,147.154539,0.0394669884,0.967696673,-0.00384051527,-0.113534285,-0.171277625,0.224999691,-1.51211678,-4.31409623,0.000207874053,1500,1500,1500,1500,1500,1500,1500,1500,0,0,0,0,0.02,0,0,0,0,0.02,0,0,0,0,0.02,0,0,0,0,0.02,0,0,0,0,1,0,0,0,0,1,0,0,0,0,1,0,0,0,0,1
299680.015,7.55,0,0,0,0,0,0,0.367101461,-0,150.09763,-147.154539,2.94309079,1,0,0,0,0,0,0,0,0,0,0,0,0,0,0,150.09763,4.79015999,-1.85057561,1.86249591e-05,0,0,0,0,0,0,0,0,0,0,0,0,0,0,0,0,0,0,0,0,0,0,0,0,0,0,0,0,0,0,0,0,147.154539,0.0394669884,0.967696673,-0.00384051527,-0.113534285,-0.171277625,0.224999691,-1.51211678,-4.31409623,0.000207874053,1500,1500,1500,1500,1500,1500,1500,1500,0,0,0,0,0.02,0,0,0,0,0.02,0,0,0,0,0.02,0,0,0,0,0.02,0,0,0,0,1,0,0,0,0,1,0,0,0,0,1,0,0,0,0,1
299680.065,7.6,0,0,0,0,0,0,0.367101461,-0,150.09763,-147.154539,2.94309079,1,0,0,0,0,0,0,0,0,0,0,0,0,0,0,150.09763,4.79015999,-1.85057561,1.86249591e-05,0,0,0,0,0,0,0,0,0,0,0,0,0,0,0,0,0,0,0,0,0,0,0,0,0,0,0,0,0,0,0,0,147.154539,0.0394669884,0.967696673,-0.00384051527,-0.113534285,-0.171277625,0.224999691,-1.51211678,-4.31409623,0.000207874053,1500,1500,1500,1500,1500,1500,1500,1500,0,0,0,0,0.02,0,0,0,0,0.02,0,0,0,0,0.02,0,0,0,0,0.02,0,0,0,0,1,0,0,0,0,1,0,0,0,0,1,0,0,0,0,1
299680.115,7.65,0,0,0,0,0,0,0.367101461,-0,150.09763,-147.154539,2.94309079,1,0,0,0,0,0,0,0,0,0,0,0,0,0,0,150.09763,4.79015999,-1.85057561,1.86249591e-05,0,0,0,0,0,0,0,0,0,0,0,0,0,0,0,0,0,0,0,0,0,0,0,0,0,0,0,0,0,0,0,0,147.154539,0.0394669884,0.967696673,-0.00384051527,-0.113534285,-0.171277625,0.224999691,-1.51211678,-4.31409623,0.000207874053,1500,1500,1500,1500,1500,1500,1500,1500,0,0,0,0,0.02,0,0,0,0,0.02,0,0,0,0,0.02,0,0,0,0,0.02,0,0,0,0,1,0,0,0,0,1,0,0,0,0,1,0,0,0,0,1
299680.165,7.7,0,0,0,0,0,0,0.367101461,-0,150.09763,-147.154539,2.94309079,1,0,0,0,0,0,0,0,0,0,0,0,0,0,0,150.09763,4.79015999,-1.85057561,1.86249591e-05,0,0,0,0,0,0,0,0,0,0,0,0,0,0,0,0,0,0,0,0,0,0,0,0,0,0,0,0,0,0,0,0,147.154539,0.0394669884,0.967696673,-0.00384051527,-0.113534285,-0.171277625,0.224999691,-1.51211678,-4.31409623,0.000207874053,1500,1500,1500,1500,1500,1500,1500,1500,0,0,0,0,0.02,0,0,0,0,0.02,0,0,0,0,0.02,0,0,0,0,0.02,0,0,0,0,1,0,0,0,0,1,0,0,0,0,1,0,0,0,0,1
299680.215,7.75,0,0,0,0,0,0,0.367101461,-0,150.09763,-147.154539,2.94309079,1,0,0,0,0,0,0,0,0,0,0,0,0,0,0,150.09763,4.79015999,-1.85057561,1.86249591e-05,0,0,0,0,0,0,0,0,0,0,0,0,0,0,0,0,0,0,0,0,0,0,0,0,0,0,0,0,0,0,0,0,147.154539,0.0394669884,0.967696673,-0.00384051527,-0.113534285,-0.171277625,0.224999691,-1.51211678,-4.31409623,0.000207874053,1500,1500,1500,1500,1500,1500,1500,1500,0,0,0,0,0.02,0,0,0,0,0.02,0,0,0,0,0.02,0,0,0,0,0.02,0,0,0,0,1,0,0,0,0,1,0,0,0,0,1,0,0,0,0,1
299680.265,7.8,0,0,0,0,0,0,0.367101461,-0,150.09763,-147.154539,2.94309079,1,0,0,0,0,0,0,0,0,0,0,0,0,0,0,150.09763,4.79015999,-1.85057561,1.86249591e-05,0,0,0,0,0,0,0,0,0,0,0,0,0,0,0,0,0,0,0,0,0,0,0,0,0,0,0,0,0,0,0,0,147.154539,0.0394669884,0.967696673,-0.00384051527,-0.113534285,-0.171277625,0.224999691,-1.51211678,-4.31409623,0.000207874053,1500,1500,1500,1500,1500,1500,1500,1500,0,0,0,0,0.02,0,0,0,0,0.02,0,0,0,0,0.02,0,0,0,0,0.02,0,0,0,0,1,0,0,0,0,1,0,0,0,0,1,0,0,0,0,1
299680.315,7.85,0,0,0,0,0,0,0.367101461,-0,150.09763,-147.154539,2.94309079,1,0,0,0,0,0,0,0,0,0,0,0,0,0,0,150.09763,4.79015999,-1.85057561,1.86249591e-05,0,0,0,0,0,0,0,0,0,0,0,0,0,0,0,0,0,0,0,0,0,0,0,0,0,0,0,0,0,0,0,0,147.154539,0.0394669884,0.967696673,-0.00384051527,-0.113534285,-0.171277625,0.224999691,-1.51211678,-4.31409623,0.000207874053,1500,1500,1500,1500,1500,1500,1500,1500,0,0,0,0,0.02,0,0,0,0,0.02,0,0,0,0,0.02,0,0,0,0,0.02,0,0,0,0,1,0,0,0,0,1,0,0,0,0,1,0,0,0,0,1
299680.365,7.9,0,0,0,0,0,0,0.367101461,-0,150.09763,-147.154539,2.94309079,1,0,0,0,0,0,0,0,0,0,0,0,0,0,0,150.09763,4.79015999,-1.85057561,1.86249591e-05,0,0,0,0,0,0,0,0,0,0,0,0,0,0,0,0,0,0,0,0,0,0,0,0,0,0,0,0,0,0,0,0,147.154539,0.0394669884,0.967696673,-0.00384051527,-0.113534285,-0.171277625,0.224999691,-1.51211678,-4.31409623,0.000207874053,1500,1500,1500,1500,1500,1500,1500,1500,0,0,0,0,0.02,0,0,0,0,0.02,0,0,0,0,0.02,0,0,0,0,0.02,0,0,0,0,1,0,0,0,0,1,0,0,0,0,1,0,0,0,0,1
299680.415,7.95,0,0,0,0,0,0,0.367101461,-0,150.09763,-147.154539,2.94309079,1,0,0,0,0,0,0,0,0,0,0,0,0,0,0,150.09763,4.79015999,-1.85057561,1.86249591e-05,0,0,0,0,0,0,0,0,0,0,0,0,0,0,0,0,0,0,0,0,0,0,0,0,0,0,0,0,0,0,0,0,147.154539,0.0394669884,0.967696673,-0.00384051527,-0.113534285,-0.171277625,0.224999691,-1.51211678,-4.31409623,0.000207874053,1500,1500,1500,1500,1500,1500,1500,1500,0,0,0,0,0.02,0,0,0,0,0.02,0,0,0,0,0.02,0,0,0,0,0.02,0,0,0,0,1,0,0,0,0,1,0,0,0,0,1,0,0,0,0,1
299680.465,8,0,0,0,0,0,0,0.367101461,-0,150.09763,-147.154539,2.94309079,1,0,0,0,0,0,0,0,0,0,0,0,0,0,0,150.09763,4.79015999,-1.85057561,1.86249591e-05,0,0,0,0,0,0,0,0,0,0,0,0,0,0,0,0,0,0,0,0,0,0,0,0,0,0,0,0,0,0,0,0,147.154539,0.0394669884,0.967696673,-0.00384051527,-0.113534285,-0.171277625,0.224999691,-1.51211678,-4.31409623,0.000207874053,1500,1500,1500,1500,1500,1500,1500,1500,0,0,0,0,0.02,0,0,0,0,0.02,0,0,0,0,0.02,0,0,0,0,0.02,0,0,0,0,1,0,0,0,0,1,0,0,0,0,1,0,0,0,0,1
299680.515,8.05,0,0,0,0,0,0,0.367101461,-0,150.09763,-147.154539,2.94309079,1,0,0,0,0,0,0,0,0,0,0,0,0,0,0,150.09763,4.79015999,-1.85057561,1.86249591e-05,0,0,0,0,0,0,0,0,0,0,0,0,0,0,0,0,0,0,0,0,0,0,0,0,0,0,0,0,0,0,0,0,147.154539,0.0394669884,0.967696673,-0.00384051527,-0.113534285,-0.171277625,0.224999691,-1.51211678,-4.31409623,0.000207874053,1500,1500,1500,1500,1500,1500,1500,1500,0,0,0,0,0.02,0,0,0,0,0.02,0,0,0,0,0.02,0,0,0,0,0.02,0,0,0,0,1,0,0,0,0,1,0,0,0,0,1,0,0,0,0,1
299680.565,8.1,0,0,0,0,0,0,0.367101461,-0,150.09763,-147.154539,2.94309079,1,0,0,0,0,0,0,0,0,0,0,0,0,0,0,150.09763,4.79015999,-1.85057561,1.86249591e-05,0,0,0,0,0,0,0,0,0,0,0,0,0,0,0,0,0,0,0,0,0,0,0,0,0,0,0,0,0,0,0,0,147.154539,0.0394669884,0.967696673,-0.00384051527,-0.113534285,-0.171277625,0.224999691,-1.51211678,-4.31409623,0.000207874053,1500,1500,1500,1500,1500,1500,1500,1500,0,0,0,0,0.02,0,0,0,0,0.02,0,0,0,0,0.02,0,0,0,0,0.02,0,0,0,0,1,0,0,0,0,1,0,0,0,0,1,0,0,0,0,1
299680.615,8.15,0,0,0,0,0,0,0.367101461,-0,150.09763,-147.154539,2.94309079,1,0,0,0,0,0,0,0,0,0,0,0,0,0,0,150.09763,4.79015999,-1.85057561,1.86249591e-05,0,0,0,0,0,0,0,0,0,0,0,0,0,0,0,0,0,0,0,0,0,0,0,0,0,0,0,0,0,0,0,0,147.154539,0.0394669884,0.967696673,-0.00384051527,-0.113534285,-0.171277625,0.224999691,-1.51211678,-4.31409623,0.000207874053,1500,1500,1500,1500,1500,1500,1500,1500,0,0,0,0,0.02,0,0,0,0,0.02,0,0,0,0,0.02,0,0,0,0,0.02,0,0,0,0,1,0,0,0,0,1,0,0,0,0,1,0,0,0,0,1
299680.665,8.2,0,0,0,0,0,0,0.367101461,-0,150.09763,-147.154539,2.94309079,1,0,0,0,0,0,0,0,0,0,0,0,0,0,0,150.09763,4.79015999,-1.85057561,1.86249591e-05,0,0,0,0,0,0,0,0,0,0,0,0,0,0,0,0,0,0,0,0,0,0,0,0,0,0,0,0,0,0,0,0,147.154539,0.0394669884,0.967696673,-0.00384051527,-0.113534285,-0.171277625,0.224999691,-1.51211678,-4.31409623,0.000207874053,1500,1500,1500,1500,1500,1500,1500,1500,0,0,0,0,0.02,0,0,0,0,0.02,0,0,0,0,0.02,0,0,0,0,0.02,0,0,0,0,1,0,0,0,0,1,0,0,0,0,1,0,0,0,0,1
299680.715,8.25,0,0,0,0,0,0,0.367101461,-0,150.09763,-147.154539,2.94309079,1,0,0,0,0,0,0,0,0,0,0,0,0,0,0,150.09763,4.79015999,-1.85057561,1.86249591e-05,0,0,0,0,0,0,0,0,0,0,0,0,0,0,0,0,0,0,0,0,0,0,0,0,0,0,0,0,0,0,0,0,147.154539,0.0394669884,0.967696673,-0.00384051527,-0.113534285,-0.171277625,0.224999691,-1.51211678,-4.31409623,0.000207874053,1500,1500,1500,1500,1500,1500,1500,1500,0,0,0,0,0.02,0,0,0,0,0.02,0,0,0,0,0.02,0,0,0,0,0.02,0,0,0,0,1,0,0,0,0,1,0,0,0,0,1,0,0,0,0,1
299680.766,8.3,0,0,0,0,0,0,0.367101461,-0,150.09763,-147.154539,2.94309079,1,0,0,0,0,0,0,0,0,0,0,0,0,0,0,150.09763,4.79015999,-1.85057561,1.86249591e-05,0,0,0,0,0,0,0,0,0,0,0,0,0,0,0,0,0,0,0,0,0,0,0,0,0,0,0,0,0,0,0,0,147.154539,0.0394669884,0.967696673,-0.00384051527,-0.113534285,-0.171277625,0.224999691,-1.51211678,-4.31409623,0.000207874053,1500,1500,1500,1500,1500,1500,1500,1500,0,0,0,0,0.02,0,0,0,0,0.02,0,0,0,0,0.02,0,0,0,0,0.02,0,0,0,0,1,0,0,0,0,1,0,0,0,0,1,0,0,0,0,1
299680.816,8.35,0,0,0,0,0,0,0.367101461,-0,150.09763,-147.154539,2.94309079,1,0,0,0,0,0,0,0,0,0,0,0,0,0,0,150.09763,4.79015999,-1.85057561,1.86249591e-05,0,0,0,0,0,0,0,0,0,0,0,0,0,0,0,0,0,0,0,0,0,0,0,0,0,0,0,0,0,0,0,0,147.154539,0.0394669884,0.967696673,-0.00384051527,-0.113534285,-0.171277625,0.224999691,-1.51211678,-4.31409623,0.000207874053,1500,1500,1500,1500,1500,1500,1500,1500,0,0,0,0,0.02,0,0,0,0,0.02,0,0,0,0,0.02,0,0,0,0,0.02,0,0,0,0,1,0,0,0,0,1,0,0,0,0,1,0,0,0,0,1
299680.866,8.4,0,0,0,0,0,0,0.367101461,-0,150.09763,-147.154539,2.94309079,1,0,0,0,0,0,0,0,0,0,0,0,0,0,0,150.09763,4.79015999,-1.85057561,1.86249591e-05,0,0,0,0,0,0,0,0,0,0,0,0,0,0,0,0,0,0,0,0,0,0,0,0,0,0,0,0,0,0,0,0,147.154539,0.0394669884,0.967696673,-0.00384051527,-0.113534285,-0.171277625,0.224999691,-1.51211678,-4.31409623,0.000207874053,1500,1500,1500,1500,1500,1500,1500,1500,0,0,0,0,0.02,0,0,0,0,0.02,0,0,0,0,0.02,0,0,0,0,0.02,0,0,0,0,1,0,0,0,0,1,0,0,0,0,1,0,0,0,0,1
299680.916,8.45,0,0,0,0,0,0,0.367101461,-0,150.09763,-147.154539,2.94309079,1,0,0,0,0,0,0,0,0,0,0,0,0,0,0,150.09763,4.79015999,-1.85057561,1.86249591e-05,0,0,0,0,0,0,0,0,0,0,0,0,0,0,0,0,0,0,0,0,0,0,0,0,0,0,0,0,0,0,0,0,147.154539,0.0394669884,0.967696673,-0.00384051527,-0.113534285,-0.171277625,0.224999691,-1.51211678,-4.31409623,0.000207874053,1500,1500,1500,1500,1500,1500,1500,1500,0,0,0,0,0.02,0,0,0,0,0.02,0,0,0,0,0.02,0,0,0,0,0.02,0,0,0,0,1,0,0,0,0,1,0,0,0,0,1,0,0,0,0,1
299680.966,8.5,0,0,0,0,0,0,0.367101461,-0,150.09763,-147.154539,2.94309079,1,0,0,0,0,0,0,0,0,0,0,0,0,0,0,150.09763,4.79015999,-1.85057561,1.86249591e-05,0,0,0,0,0,0,0,0,0,0,0,0,0,0,0,0,0,0,0,0,0,0,0,0,0,0,0,0,0,0,0,0,147.154539,0.0394669884,0.967696673,-0.00384051527,-0.113534285,-0.171277625,0.224999691,-1.51211678,-4.31409623,0.000207874053,1500,1500,1500,1500,1500,1500,1500,1500,0,0,0,0,0.02,0,0,0,0,0.02,0,0,0,0,0.02,0,0,0,0,0.02,0,0,0,0,1,0,0,0,0,1,0,0,0,0,1,0,0,0,0,1
299681.015,8.55,0,0,0,0,0,0,0.367101461,-0,150.09763,-147.154539,2.94309079,1,0,0,0,0,0,0,0,0,0,0,0,0,0,0,150.09763,4.79015999,-1.85057561,1.86249591e-05,0,0,0,0,0,0,0,0,0,0,0,0,0,0,0,0,0,0,0,0,0,0,0,0,0,0,0,0,0,0,0,0,147.154539,0.0394669884,0.967696673,-0.00384051527,-0.113534285,-0.171277625,0.224999691,-1.51211678,-4.31409623,0.000207874053,1500,1500,1500,1500,1500,1500,1500,1500,0,0,0,0,0.02,0,0,0,0,0.02,0,0,0,0,0.02,0,0,0,0,0.02,0,0,0,0,1,0,0,0,0,1,0,0,0,0,1,0,0,0,0,1
299681.065,8.6,0,0,0,0,0,0,0.367101461,-0,150.09763,-147.154539,2.94309079,1,0,0,0,0,0,0,0,0,0,0,0,0,0,0,150.09763,4.79015999,-1.85057561,1.86249591e-05,0,0,0,0,0,0,0,0,0,0,0,0,0,0,0,0,0,0,0,0,0,0,0,0,0,0,0,0,0,0,0,0,147.154539,0.0394669884,0.967696673,-0.00384051527,-0.113534285,-0.171277625,0.224999691,-1.51211678,-4.31409623,0.000207874053,1500,1500,1500,1500,1500,1500,1500,1500,0,0,0,0,0.02,0,0,0,0,0.02,0,0,0,0,0.02,0,0,0,0,0.02,0,0,0,0,1,0,0,0,0,1,0,0,0,0,1,0,0,0,0,1
299681.115,8.65,0,0,0,0,0,0,0.367101461,-0,150.09763,-147.154539,2.94309079,1,0,0,0,0,0,0,0,0,0,0,0,0,0,0,150.09763,4.79015999,-1.85057561,1.86249591e-05,0,0,0,0,0,0,0,0,0,0,0,0,0,0,0,0,0,0,0,0,0,0,0,0,0,0,0,0,0,0,0,0,147.154539,0.0394669884,0.967696673,-0.00384051527,-0.113534285,-0.171277625,0.224999691,-1.51211678,-4.31409623,0.000207874053,1500,1500,1500,1500,1500,1500,1500,1500,0,0,0,0,0.02,0,0,0,0,0.02,0,0,0,0,0.02,0,0,0,0,0.02,0,0,0,0,1,0,0,0,0,1,0,0,0,0,1,0,0,0,0,1
299681.165,8.7,0,0,0,0,0,0,0.367101461,-0,150.09763,-147.154539,2.94309079,1,0,0,0,0,0,0,0,0,0,0,0,0,0,0,150.09763,4.79015999,-1.85057561,1.86249591e-05,0,0,0,0,0,0,0,0,0,0,0,0,0,0,0,0,0,0,0,0,0,0,0,0,0,0,0,0,0,0,0,0,147.154539,0.0394669884,0.967696673,-0.00384051527,-0.113534285,-0.171277625,0.224999691,-1.51211678,-4.31409623,0.000207874053,1500,1500,1500,1500,1500,1500,1500,1500,0,0,0,0,0.02,0,0,0,0,0.02,0,0,0,0,0.02,0,0,0,0,0.02,0,0,0,0,1,0,0,0,0,1,0,0,0,0,1,0,0,0,0,1
299681.216,8.75,0,0,0,0,0,0,0.367101461,-0,150.09763,-147.154539,2.94309079,1,0,0,0,0,0,0,0,0,0,0,0,0,0,0,150.09763,4.79015999,-1.85057561,1.86249591e-05,0,0,0,0,0,0,0,0,0,0,0,0,0,0,0,0,0,0,0,0,0,0,0,0,0,0,0,0,0,0,0,0,147.154539,0.0394669884,0.967696673,-0.00384051527,-0.113534285,-0.171277625,0.224999691,-1.51211678,-4.31409623,0.000207874053,1500,1500,1500,1500,1500,1500,1500,1500,0,0,0,0,0.02,0,0,0,0,0.02,0,0,0,0,0.02,0,0,0,0,0.02,0,0,0,0,1,0,0,0,0,1,0,0,0,0,1,0,0,0,0,1
299681.266,8.8,0,0,0,0,0,0,0.367101461,-0,150.09763,-147.154539,2.94309079,1,0,0,0,0,0,0,0,0,0,0,0,0,0,0,150.09763,4.79015999,-1.85057561,1.86249591e-05,0,0,0,0,0,0,0,0,0,0,0,0,0,0,0,0,0,0,0,0,0,0,0,0,0,0,0,0,0,0,0,0,147.154539,0.0394669884,0.967696673,-0.00384051527,-0.113534285,-0.171277625,0.224999691,-1.51211678,-4.31409623,0.000207874053,1500,1500,1500,1500,1500,1500,1500,1500,0,0,0,0,0.02,0,0,0,0,0.02,0,0,0,0,0.02,0,0,0,0,0.02,0,0,0,0,1,0,0,0,0,1,0,0,0,0,1,0,0,0,0,1
299681.315,8.85,0,0,0,0,0,0,0.367101461,-0,150.09763,-147.154539,2.94309079,1,0,0,0,0,0,0,0,0,0,0,0,0,0,0,150.09763,4.79015999,-1.85057561,1.86249591e-05,0,0,0,0,0,0,0,0,0,0,0,0,0,0,0,0,0,0,0,0,0,0,0,0,0,0,0,0,0,0,0,0,147.154539,0.0394669884,0.967696673,-0.00384051527,-0.113534285,-0.171277625,0.224999691,-1.51211678,-4.31409623,0.000207874053,1500,1500,1500,1500,1500,1500,1500,1500,0,0,0,0,0.02,0,0,0,0,0.02,0,0,0,0,0.02,0,0,0,0,0.02,0,0,0,0,1,0,0,0,0,1,0,0,0,0,1,0,0,0,0,1
299681.365,8.9,0,0,0,0,0,0,0.367101461,-0,150.09763,-147.154539,2.94309079,1,0,0,0,0,0,0,0,0,0,0,0,0,0,0,150.09763,4.79015999,-1.85057561,1.86249591e-05,0,0,0,0,0,0,0,0,0,0,0,0,0,0,0,0,0,0,0,0,0,0,0,0,0,0,0,0,0,0,0,0,147.154539,0.0394669884,0.967696673,-0.00384051527,-0.113534285,-0.171277625,0.224999691,-1.51211678,-4.31409623,0.000207874053,1500,1500,1500,1500,1500,1500,1500,1500,0,0,0,0,0.02,0,0,0,0,0.02,0,0,0,0,0.02,0,0,0,0,0.02,0,0,0,0,1,0,0,0,0,1,0,0,0,0,1,0,0,0,0,1
299681.415,8.95,0,0,0,0,0,0,0.367101461,-0,150.09763,-147.154539,2.94309079,1,0,0,0,0,0,0,0,0,0,0,0,0,0,0,150.09763,4.79015999,-1.85057561,1.86249591e-05,0,0,0,0,0,0,0,0,0,0,0,0,0,0,0,0,0,0,0,0,0,0,0,0,0,0,0,0,0,0,0,0,147.154539,0.0394669884,0.967696673,-0.00384051527,-0.113534285,-0.171277625,0.224999691,-1.51211678,-4.31409623,0.000207874053,1500,1500,1500,1500,1500,1500,1500,1500,0,0,0,0,0.02,0,0,0,0,0.02,0,0,0,0,0.02,0,0,0,0,0.02,0,0,0,0,1,0,0,0,0,1,0,0,0,0,1,0,0,0,0,1
299681.465,9,0,0,0,0,0,0,0.367101461,-0,150.09763,-147.154539,2.94309079,1,0,0,0,0,0,0,0,0,0,0,0,0,0,0,150.09763,4.79015999,-1.85057561,1.86249591e-05,0,0,0,0,0,0,0,0,0,0,0,0,0,0,0,0,0,0,0,0,0,0,0,0,0,0,0,0,0,0,0,0,147.154539,0.0394669884,0.967696673,-0.00384051527,-0.113534285,-0.171277625,0.224999691,-1.51211678,-4.31409623,0.000207874053,1500,1500,1500,1500,1500,1500,1500,1500,0,0,0,0,0.02,0,0,0,0,0.02,0,0,0,0,0.02,0,0,0,0,0.02,0,0,0,0,1,0,0,0,0,1,0,0,0,0,1,0,0,0,0,1
299681.515,9.05,0,0,0,0,0,0,0.367101461,-0,150.09763,-147.154539,2.94309079,1,0,0,0,0,0,0,0,0,0,0,0,0,0,0,150.09763,4.79015999,-1.85057561,1.86249591e-05,0,0,0,0,0,0,0,0,0,0,0,0,0,0,0,0,0,0,0,0,0,0,0,0,0,0,0,0,0,0,0,0,147.154539,0.0394669884,0.967696673,-0.00384051527,-0.113534285,-0.171277625,0.224999691,-1.51211678,-4.31409623,0.000207874053,1500,1500,1500,1500,1500,1500,1500,1500,0,0,0,0,0.02,0,0,0,0,0.02,0,0,0,0,0.02,0,0,0,0,0.02,0,0,0,0,1,0,0,0,0,1,0,0,0,0,1,0,0,0,0,1
299681.565,9.1,0,0,0,0,0,0,0.367101461,-0,150.09763,-147.154539,2.94309079,1,0,0,0,0,0,0,0,0,0,0,0,0,0,0,150.09763,4.79015999,-1.85057561,1.86249591e-05,0,0,0,0,0,0,0,0,0,0,0,0,0,0,0,0,0,0,0,0,0,0,0,0,0,0,0,0,0,0,0,0,147.154539,0.0394669884,0.967696673,-0.00384051527,-0.113534285,-0.171277625,0.224999691,-1.51211678,-4.31409623,0.000207874053,1500,1500,1500,1500,1500,1500,1500,1500,0,0,0,0,0.02,0,0,0,0,0.02,0,0,0,0,0.02,0,0,0,0,0.02,0,0,0,0,1,0,0,0,0,1,0,0,0,0,1,0,0,0,0,1
299681.615,9.15,0,0,0,0,0,0,0.367101461,-0,150.09763,-147.154539,2.94309079,1,0,0,0,0,0,0,0,0,0,0,0,0,0,0,150.09763,4.79015999,-1.85057561,1.86249591e-05,0,0,0,0,0,0,0,0,0,0,0,0,0,0,0,0,0,0,0,0,0,0,0,0,0,0,0,0,0,0,0,0,147.154539,0.0394669884,0.967696673,-0.00384051527,-0.113534285,-0.171277625,0.224999691,-1.51211678,-4.31409623,0.000207874053,1500,1500,1500,1500,1500,1500,1500,1500,0,0,0,0,0.02,0,0,0,0,0.02,0,0,0,0,0.02,0,0,0,0,0.02,0,0,0,0,1,0,0,0,0,1,0,0,0,0,1,0,0,0,0,1
299681.665,9.2,0,0,0,0,0,0,0.367101461,-0,150.09763,-147.154539,2.94309079,1,0,0,0,0,0,0,0,0,0,0,0,0,0,0,150.09763,4.79015999,-1.85057561,1.86249591e-05,0,0,0,0,0,0,0,0,0,0,0,0,0,0,0,0,0,0,0,0,0,0,0,0,0,0,0,0,0,0,0,0,147.154539,0.0394669884,0.967696673,-0.00384051527,-0.113534285,-0.171277625,0.224999691,-1.51211678,-4.31409623,0.000207874053,1500,1500,1500,1500,1500,1500,1500,1500,0,0,0,0,0.02,0,0,0,0,0.02,0,0,0,0,0.02,0,0,0,0,0.02,0,0,0,0,1,0,0,0,0,1,0,0,0,0,1,0,0,0,0,1
299681.715,9.25,0,0,0,0,0,0,0.367101461,-0,150.09763,-147.154539,2.94309079,1,0,0,0,0,0,0,0,0,0,0,0,0,0,0,150.09763,4.79015999,-1.85057561,1.86249591e-05,0,0,0,0,0,0,0,0,0,0,0,0,0,0,0,0,0,0,0,0,0,0,0,0,0,0,0,0,0,0,0,0,147.154539,0.0394669884,0.967696673,-0.00384051527,-0.113534285,-0.171277625,0.224999691,-1.51211678,-4.31409623,0.000207874053,1500,1500,1500,1500,1500,1500,1500,1500,0,0,0,0,0.02,0,0,0,0,0.02,0,0,0,0,0.02,0,0,0,0,0.02,0,0,0,0,1,0,0,0,0,1,0,0,0,0,1,0,0,0,0,1
299681.765,9.3,0,0,0,0,0,0,0.367101461,-0,150.09763,-147.154539,2.94309079,1,0,0,0,0,0,0,0,0,0,0,0,0,0,0,150.09763,4.79015999,-1.85057561,1.86249591e-05,0,0,0,0,0,0,0,0,0,0,0,0,0,0,0,0,0,0,0,0,0,0,0,0,0,0,0,0,0,0,0,0,147.154539,0.0394669884,0.967696673,-0.00384051527,-0.113534285,-0.171277625,0.224999691,-1.51211678,-4.31409623,0.000207874053,1500,1500,1500,1500,1500,1500,1500,1500,0,0,0,0,0.02,0,0,0,0,0.02,0,0,0,0,0.02,0,0,0,0,0.02,0,0,0,0,1,0,0,0,0,1,0,0,0,0,1,0,0,0,0,1
299681.815,9.35,0,0,0,0,0,0,0.367101461,-0,150.09763,-147.154539,2.94309079,1,0,0,0,0,0,0,0,0,0,0,0,0,0,0,150.09763,4.79015999,-1.85057561,1.86249591e-05,0,0,0,0,0,0,0,0,0,0,0,0,0,0,0,0,0,0,0,0,0,0,0,0,0,0,0,0,0,0,0,0,147.154539,0.0394669884,0.967696673,-0.00384051527,-0.113534285,-0.171277625,0.224999691,-1.51211678,-4.31409623,0.000207874053,1500,1500,1500,1500,1500,1500,1500,1500,0,0,0,0,0.02,0,0,0,0,0.02,0,0,0,0,0.02,0,0,0,0,0.02,0,0,0,0,1,0,0,0,0,1,0,0,0,0,1,0,0,0,0,1
299681.865,9.4,0,0,0,0,0,0,0.367101461,-0,150.09763,-147.154539,2.94309079,1,0,0,0,0,0,0,0,0,0,0,0,0,0,0,150.09763,4.79015999,-1.85057561,1.86249591e-05,0,0,0,0,0,0,0,0,0,0,0,0,0,0,0,0,0,0,0,0,0,0,0,0,0,0,0,0,0,0,0,0,147.154539,0.0394669884,0.967696673,-0.00384051527,-0.113534285,-0.171277625,0.224999691,-1.51211678,-4.31409623,0.000207874053,1500,1500,1500,1500,1500,1500,1500,1500,0,0,0,0,0.02,0,0,0,0,0.02,0,0,0,0,0.02,0,0,0,0,0.02,0,0,0,0,1,0,0,0,0,1,0,0,0,0,1,0,0,0,0,1
299681.915,9.45,0,0,0,0,0,0,0.367101461,-0,150.09763,-147.154539,2.94309079,1,0,0,0,0,0,0,0,0,0,0,0,0,0,0,150.09763,4.79015999,-1.85057561,1.86249591e-05,0,0,0,0,0,0,0,0,0,0,0,0,0,0,0,0,0,0,0,0,0,0,0,0,0,0,0,0,0,0,0,0,147.154539,0.0394669884,0.967696673,-0.00384051527,-0.113534285,-0.171277625,0.224999691,-1.51211678,-4.31409623,0.000207874053,1500,1500,1500,1500,1500,1500,1500,1500,0,0,0,0,0.02,0,0,0,0,0.02,0,0,0,0,0.02,0,0,0,0,0.02,0,0,0,0,1,0,0,0,0,1,0,0,0,0,1,0,0,0,0,1
299681.965,9.5,0,0,0,0,0,0,0.367101461,-0,150.09763,-147.154539,2.94309079,1,0,0,0,0,0,0,0,0,0,0,0,0,0,0,150.09763,4.79015999,-1.85057561,1.86249591e-05,0,0,0,0,0,0,0,0,0,0,0,0,0,0,0,0,0,0,0,0,0,0,0,0,0,0,0,0,0,0,0,0,147.154539,0.0394669884,0.967696673,-0.00384051527,-0.113534285,-0.171277625,0.224999691,-1.51211678,-4.31409623,0.000207874053,1500,1500,1500,1500,1500,1500,1500,1500,0,0,0,0,0.02,0,0,0,0,0.02,0,0,0,0,0.02,0,0,0,0,0.02,0,0,0,0,1,0,0,0,0,1,0,0,0,0,1,0,0,0,0,1
299682.016,9.55,0,0,0,0,0,0,0.367101461,-0,150.09763,-147.154539,2.94309079,1,0,0,0,0,0,0,0,0,0,0,0,0,0,0,150.09763,4.79015999,-1.85057561,1.86249591e-05,0,0,0,0,0,0,0,0,0,0,0,0,0,0,0,0,0,0,0,0,0,0,0,0,0,0,0,0,0,0,0,0,147.154539,0.0394669884,0.967696673,-0.00384051527,-0.113534285,-0.171277625,0.224999691,-1.51211678,-4.31409623,0.000207874053,1500,1500,1500,1500,1500,1500,1500,1500,0,0,0,0,0.02,0,0,0,0,0.02,0,0,0,0,0.02,0,0,0,0,0.02,0,0,0,0,1,0,0,0,0,1,0,0,0,0,1,0,0,0,0,1
299682.065,9.6,0,0,0,0,0,0,0.367101461,-0,150.09763,-147.154539,2.94309079,1,0,0,0,0,0,0,0,0,0,0,0,0,0,0,150.09763,4.79015999,-1.85057561,1.86249591e-05,0,0,0,0,0,0,0,0,0,0,0,0,0,0,0,0,0,0,0,0,0,0,0,0,0,0,0,0,0,0,0,0,147.154539,0.0394669884,0.967696673,-0.00384051527,-0.113534285,-0.171277625,0.224999691,-1.51211678,-4.31409623,0.000207874053,1500,1500,1500,1500,1500,1500,1500,1500,0,0,0,0,0.02,0,0,0,0,0.02,0,0,0,0,0.02,0,0,0,0,0.02,0,0,0,0,1,0,0,0,0,1,0,0,0,0,1,0,0,0,0,1
299682.115,9.65,0,0,0,0,0,0,0.367101461,-0,150.09763,-147.154539,2.94309079,1,0,0,0,0,0,0,0,0,0,0,0,0,0,0,150.09763,4.79015999,-1.85057561,1.86249591e-05,0,0,0,0,0,0,0,0,0,0,0,0,0,0,0,0,0,0,0,0,0,0,0,0,0,0,0,0,0,0,0,0,147.154539,0.0394669884,0.967696673,-0.00384051527,-0.113534285,-0.171277625,0.224999691,-1.51211678,-4.31409623,0.000207874053,1500,1500,1500,1500,1500,1500,1500,1500,0,0,0,0,0.02,0,0,0,0,0.02,0,0,0,0,0.02,0,0,0,0,0.02,0,0,0,0,1,0,0,0,0,1,0,0,0,0,1,0,0,0,0,1
299682.166,9.7,0,0,0,0,0,0,0.367101461,-0,150.09763,-147.154539,2.94309079,1,0,0,0,0,0,0,0,0,0,0,0,0,0,0,150.09763,4.79015999,-1.85057561,1.86249591e-05,0,0,0,0,0,0,0,0,0,0,0,0,0,0,0,0,0,0,0,0,0,0,0,0,0,0,0,0,0,0,0,0,147.154539,0.0394669884,0.967696673,-0.00384051527,-0.113534285,-0.171277625,0.224999691,-1.51211678,-4.31409623,0.000207874053,1500,1500,1500,1500,1500,1500,1500,1500,0,0,0,0,0.02,0,0,0,0,0.02,0,0,0,0,0.02,0,0,0,0,0.02,0,0,0,0,1,0,0,0,0,1,0,0,0,0,1,0,0,0,0,1
299682.215,9.75,0,0,0,0,0,0,0.367101461,-0,150.09763,-147.154539,2.94309079,1,0,0,0,0,0,0,0,0,0,0,0,0,0,0,150.09763,4.79015999,-1.85057561,1.86249591e-05,0,0,0,0,0,0,0,0,0,0,0,0,0,0,0,0,0,0,0,0,0,0,0,0,0,0,0,0,0,0,0,0,147.154539,0.0394669884,0.967696673,-0.00384051527,-0.113534285,-0.171277625,0.224999691,-1.51211678,-4.31409623,0.000207874053,1500,1500,1500,1500,1500,1500,1500,1500,0,0,0,0,0.02,0,0,0,0,0.02,0,0,0,0,0.02,0,0,0,0,0.02,0,0,0,0,1,0,0,0,0,1,0,0,0,0,1,0,0,0,0,1
299682.265,9.8,0,0,0,0,0,0,0.367101461,-0,150.09763,-147.154539,2.94309079,1,0,0,0,0,0,0,0,0,0,0,0,0,0,0,150.09763,4.79015999,-1.85057561,1.86249591e-05,0,0,0,0,0,0,0,0,0,0,0,0,0,0,0,0,0,0,0,0,0,0,0,0,0,0,0,0,0,0,0,0,147.154539,0.0394669884,0.967696673,-0.00384051527,-0.113534285,-0.171277625,0.224999691,-1.51211678,-4.31409623,0.000207874053,1500,1500,1500,1500,1500,1500,1500,1500,0,0,0,0,0.02,0,0,0,0,0.02,0,0,0,0,0.02,0,0,0,0,0.02,0,0,0,0,1,0,0,0,0,1,0,0,0,0,1,0,0,0,0,1
299682.315,9.85,0,0,0,0,0,0,0.367101461,-0,150.09763,-147.154539,2.94309079,1,0,0,0,0,0,0,0,0,0,0,0,0,0,0,150.09763,4.79015999,-1.85057561,1.86249591e-05,0,0,0,0,0,0,0,0,0,0,0,0,0,0,0,0,0,0,0,0,0,0,0,0,0,0,0,0,0,0,0,0,147.154539,0.0394669884,0.967696673,-0.00384051527,-0.113534285,-0.171277625,0.224999691,-1.51211678,-4.31409623,0.000207874053,1500,1500,1500,1500,1500,1500,1500,1500,0,0,0,0,0.02,0,0,0,0,0.02,0,0,0,0,0.02,0,0,0,0,0.02,0,0,0,0,1,0,0,0,0,1,0,0,0,0,1,0,0,0,0,1
299682.365,9.9,0,0,0,0,0,0,0.367101461,-0,150.09763,-147.154539,2.94309079,1,0,0,0,0,0,0,0,0,0,0,0,0,0,0,150.09763,4.79015999,-1.85057561,1.86249591e-05,0,0,0,0,0,0,0,0,0,0,0,0,0,0,0,0,0,0,0,0,0,0,0,0,0,0,0,0,0,0,0,0,147.154539,0.0394669884,0.967696673,-0.00384051527,-0.113534285,-0.171277625,0.224999691,-1.51211678,-4.31409623,0.000207874053,1500,1500,1500,1500,1500,1500,1500,1500,0,0,0,0,0.02,0,0,0,0,0.02,0,0,0,0,0.02,0,0,0,0,0.02,0,0,0,0,1,0,0,0,0,1,0,0,0,0,1,0,0,0,0,1
299682.415,9.95,0,0,0,0,0,0,0.367101461,-0,150.09763,-147.154539,2.94309079,1,0,0,0,0,0,0,0,0,0,0,0,0,0,0,150.09763,4.79015999,-1.85057561,1.86249591e-05,0,0,0,0,0,0,0,0,0,0,0,0,0,0,0,0,0,0,0,0,0,0,0,0,0,0,0,0,0,0,0,0,147.154539,0.0394669884,0.967696673,-0.00384051527,-0.113534285,-0.171277625,0.224999691,-1.51211678,-4.31409623,0.000207874053,1500,1500,1500,1500,1500,1500,1500,1500,0,0,0,0,0.02,0,0,0,0,0.02,0,0,0,0,0.02,0,0,0,0,0.02,0,0,0,0,1,0,0,0,0,1,0,0,0,0,1,0,0,0,0,1
299682.465,10,0,0,0,0,0,0,0.367101461,-0,150.09763,-147.154539,2.94309079,1,0,0,0,0,0,0,0,0,0,0,0,0,0,0,150.09763,4.79015999,-1.85057561,1.86249591e-05,0,0,0,0,0,0,0,0,0,0,0,0,0,0,0,0,0,0,0,0,0,0,0,0,0,0,0,0,0,0,0,0,147.154539,0.0394669884,0.967696673,-0.00384051527,-0.113534285,-0.171277625,0.224999691,-1.51211678,-4.31409623,0.000207874053,1500,1500,1500,1500,1500,1500,1500,1500,0,0,0,0,0.02,0,0,0,0,0.02,0,0,0,0,0.02,0,0,0,0,0.02,0,0,0,0,1,0,0,0,0,1,0,0,0,0,1,0,0,0,0,1
299682.515,10.05,0,0,0,0,0,0,0.367101461,-0,150.09763,-147.154539,2.94309079,1,0,0,0,0,0,0,0,0,0,0,0,0,0,0,150.09763,4.79015999,-1.85057561,1.86249591e-05,0,0,0,0,0,0,0,0,0,0,0,0,0,0,0,0,0,0,0,0,0,0,0,0,0,0,0,0,0,0,0,0,147.154539,0.0394669884,0.967696673,-0.00384051527,-0.113534285,-0.171277625,0.224999691,-1.51211678,-4.31409623,0.000207874053,1500,1500,1500,1500,1500,1500,1500,1500,0,0,0,0,0.02,0,0,0,0,0.02,0,0,0,0,0.02,0,0,0,0,0.02,0,0,0,0,1,0,0,0,0,1,0,0,0,0,1,0,0,0,0,1
299682.565,10.1,0,0,0,0,0,0,0.367101461,-0,150.09763,-147.154539,2.94309079,1,0,0,0,0,0,0,0,0,0,0,0,0,0,0,150.09763,4.79015999,-1.85057561,1.86249591e-05,0,0,0,0,0,0,0,0,0,0,0,0,0,0,0,0,0,0,0,0,0,0,0,0,0,0,0,0,0,0,0,0,147.154539,0.0394669884,0.967696673,-0.00384051527,-0.113534285,-0.171277625,0.224999691,-1.51211678,-4.31409623,0.000207874053,1500,1500,1500,1500,1500,1500,1500,1500,0,0,0,0,0.02,0,0,0,0,0.02,0,0,0,0,0.02,0,0,0,0,0.02,0,0,0,0,1,0,0,0,0,1,0,0,0,0,1,0,0,0,0,1
299682.615,10.15,0,0,0,0,0,0,0.367101461,-0,150.09763,-147.154539,2.94309079,1,0,0,0,0,0,0,0,0,0,0,0,0,0,0,150.09763,4.79015999,-1.85057561,1.86249591e-05,0,0,0,0,0,0,0,0,0,0,0,0,0,0,0,0,0,0,0,0,0,0,0,0,0,0,0,0,0,0,0,0,147.154539,0.0394669884,0.967696673,-0.00384051527,-0.113534285,-0.171277625,0.224999691,-1.51211678,-4.31409623,0.000207874053,1500,1500,1500,1500,1500,1500,1500,1500,0,0,0,0,0.02,0,0,0,0,0.02,0,0,0,0,0.02,0,0,0,0,0.02,0,0,0,0,1,0,0,0,0,1,0,0,0,0,1,0,0,0,0,1
299682.665,10.2,0,0,0,0,0,0,0.367101461,-0,150.09763,-147.154539,2.94309079,1,0,0,0,0,0,0,0,0,0,0,0,0,0,0,150.09763,4.79015999,-1.85057561,1.86249591e-05,0,0,0,0,0,0,0,0,0,0,0,0,0,0,0,0,0,0,0,0,0,0,0,0,0,0,0,0,0,0,0,0,147.154539,0.0394669884,0.967696673,-0.00384051527,-0.113534285,-0.171277625,0.224999691,-1.51211678,-4.31409623,0.000207874053,1500,1500,1500,1500,1500,1500,1500,1500,0,0,0,0,0.02,0,0,0,0,0.02,0,0,0,0,0.02,0,0,0,0,0.02,0,0,0,0,1,0,0,0,0,1,0,0,0,0,1,0,0,0,0,1
299682.715,10.25,0,0,0,0,0,0,0.367101461,-0,150.09763,-147.154539,2.94309079,1,0,0,0,0,0,0,0,0,0,0,0,0,0,0,150.09763,4.79015999,-1.85057561,1.86249591e-05,0,0,0,0,0,0,0,0,0,0,0,0,0,0,0,0,0,0,0,0,0,0,0,0,0,0,0,0,0,0,0,0,147.154539,0.0394669884,0.967696673,-0.00384051527,-0.113534285,-0.171277625,0.224999691,-1.51211678,-4.31409623,0.000207874053,1500,1500,1500,1500,1500,1500,1500,1500,0,0,0,0,0.02,0,0,0,0,0.02,0,0,0,0,0.02,0,0,0,0,0.02,0,0,0,0,1,0,0,0,0,1,0,0,0,0,1,0,0,0,0,1
299682.765,10.3,0,0,0,0,0,0,0.367101461,-0,150.09763,-147.154539,2.94309079,1,0,0,0,0,0,0,0,0,0,0,0,0,0,0,150.09763,4.79015999,-1.85057561,1.86249591e-05,0,0,0,0,0,0,0,0,0,0,0,0,0,0,0,0,0,0,0,0,0,0,0,0,0,0,0,0,0,0,0,0,147.154539,0.0394669884,0.967696673,-0.00384051527,-0.113534285,-0.171277625,0.224999691,-1.51211678,-4.31409623,0.000207874053,1500,1500,1500,1500,1500,1500,1500,1500,0,0,0,0,0.02,0,0,0,0,0.02,0,0,0,0,0.02,0,0,0,0,0.02,0,0,0,0,1,0,0,0,0,1,0,0,0,0,1,0,0,0,0,1
299682.815,10.35,0,0,0,0,0,0,0.367101461,-0,150.09763,-147.154539,2.94309079,1,0,0,0,0,0,0,0,0,0,0,0,0,0,0,150.09763,4.79015999,-1.85057561,1.86249591e-05,0,0,0,0,0,0,0,0,0,0,0,0,0,0,0,0,0,0,0,0,0,0,0,0,0,0,0,0,0,0,0,0,147.154539,0.0394669884,0.967696673,-0.00384051527,-0.113534285,-0.171277625,0.224999691,-1.51211678,-4.31409623,0.000207874053,1500,1500,1500,1500,1500,1500,1500,1500,0,0,0,0,0.02,0,0,0,0,0.02,0,0,0,0,0.02,0,0,0,0,0.02,0,0,0,0,1,0,0,0,0,1,0,0,0,0,1,0,0,0,0,1
299682.866,10.4,0,0,0,0,0,0,0.367101461,-0,150.09763,-147.154539,2.94309079,1,0,0,0,0,0,0,0,0,0,0,0,0,0,0,150.09763,4.79015999,-1.85057561,1.86249591e-05,0,0,0,0,0,0,0,0,0,0,0,0,0,0,0,0,0,0,0,0,0,0,0,0,0,0,0,0,0,0,0,0,147.154539,0.0394669884,0.967696673,-0.00384051527,-0.113534285,-0.171277625,0.224999691,-1.51211678,-4.31409623,0.000207874053,1500,1500,1500,1500,1500,1500,1500,1500,0,0,0,0,0.02,0,0,0,0,0.02,0,0,0,0,0.02,0,0,0,0,0.02,0,0,0,0,1,0,0,0,0,1,0,0,0,0,1,0,0,0,0,1
299682.916,10.45,0,0,0,0,0,0,0.367101461,-0,150.09763,-147.154539,2.94309079,1,0,0,0,0,0,0,0,0,0,0,0,0,0,0,150.09763,4.79015999,-1.85057561,1.86249591e-05,0,0,0,0,0,0,0,0,0,0,0,0,0,0,0,0,0,0,0,0,0,0,0,0,0,0,0,0,0,0,0,0,147.154539,0.0394669884,0.967696673,-0.00384051527,-0.113534285,-0.171277625,0.224999691,-1.51211678,-4.31409623,0.000207874053,1500,1500,1500,1500,1500,1500,1500,1500,0,0,0,0,0.02,0,0,0,0,0.02,0,0,0,0,0.02,0,0,0,0,0.02,0,0,0,0,1,0,0,0,0,1,0,0,0,0,1,0,0,0,0,1
299682.965,10.5,0,0,0,0,0,0,0.367101461,-0,150.09763,-147.154539,2.94309079,1,0,0,0,0,0,0,0,0,0,0,0,0,0,0,150.09763,4.79015999,-1.85057561,1.86249591e-05,0,0,0,0,0,0,0,0,0,0,0,0,0,0,0,0,0,0,0,0,0,0,0,0,0,0,0,0,0,0,0,0,147.154539,0.0394669884,0.967696673,-0.00384051527,-0.113534285,-0.171277625,0.224999691,-1.51211678,-4.31409623,0.000207874053,1500,1500,1500,1500,1500,1500,1500,1500,0,0,0,0,0.02,0,0,0,0,0.02,0,0,0,0,0.02,0,0,0,0,0.02,0,0,0,0,1,0,0,0,0,1,0,0,0,0,1,0,0,0,0,1
299683.016,10.55,0,0,0,0,0,0,0.367101461,-0,150.09763,-147.154539,2.94309079,1,0,0,0,0,0,0,0,0,0,0,0,0,0,0,150.09763,4.79015999,-1.85057561,1.86249591e-05,0,0,0,0,0,0,0,0,0,0,0,0,0,0,0,0,0,0,0,0,0,0,0,0,0,0,0,0,0,0,0,0,147.154539,0.0394669884,0.967696673,-0.00384051527,-0.113534285,-0.171277625,0.224999691,-1.51211678,-4.31409623,0.000207874053,1500,1500,1500,1500,1500,1500,1500,1500,0,0,0,0,0.02,0,0,0,0,0.02,0,0,0,0,0.02,0,0,0,0,0.02,0,0,0,0,1,0,0,0,0,1,0,0,0,0,1,0,0,0,0,1
299683.066,10.6,0,0,0,0,0,0,0.367101461,-0,150.09763,-147.154539,2.94309079,1,0,0,0,0,0,0,0,0,0,0,0,0,0,0,150.09763,4.79015999,-1.85057561,1.86249591e-05,0,0,0,0,0,0,0,0,0,0,0,0,0,0,0,0,0,0,0,0,0,0,0,0,0,0,0,0,0,0,0,0,147.154539,0.0394669884,0.967696673,-0.00384051527,-0.113534285,-0.171277625,0.224999691,-1.51211678,-4.31409623,0.000207874053,1500,1500,1500,1500,1500,1500,1500,1500,0,0,0,0,0.02,0,0,0,0,0.02,0,0,0,0,0.02,0,0,0,0,0.02,0,0,0,0,1,0,0,0,0,1,0,0,0,0,1,0,0,0,0,1
299683.115,10.65,0,0,0,0,0,0,0.367101461,-0,150.09763,-147.154539,2.94309079,1,0,0,0,0,0,0,0,0,0,0,0,0,0,0,150.09763,4.79015999,-1.85057561,1.86249591e-05,0,0,0,0,0,0,0,0,0,0,0,0,0,0,0,0,0,0,0,0,0,0,0,0,0,0,0,0,0,0,0,0,147.154539,0.0394669884,0.967696673,-0.00384051527,-0.113534285,-0.171277625,0.224999691,-1.51211678,-4.31409623,0.000207874053,1500,1500,1500,1500,1500,1500,1500,1500,0,0,0,0,0.02,0,0,0,0,0.02,0,0,0,0,0.02,0,0,0,0,0.02,0,0,0,0,1,0,0,0,0,1,0,0,0,0,1,0,0,0,0,1
299683.166,10.7,0,0,0,0,0,0,0.367101461,-0,150.09763,-147.154539,2.94309079,1,0,0,0,0,0,0,0,0,0,0,0,0,0,0,150.09763,4.79015999,-1.85057561,1.86249591e-05,0,0,0,0,0,0,0,0,0,0,0,0,0,0,0,0,0,0,0,0,0,0,0,0,0,0,0,0,0,0,0,0,147.154539,0.0394669884,0.967696673,-0.00384051527,-0.113534285,-0.171277625,0.224999691,-1.51211678,-4.31409623,0.000207874053,1500,1500,1500,1500,1500,1500,1500,1500,0,0,0,0,0.02,0,0,0,0,0.02,0,0,0,0,0.02,0,0,0,0,0.02,0,0,0,0,1,0,0,0,0,1,0,0,0,0,1,0,0,0,0,1
299683.215,10.75,0,0,0,0,0,0,0.367101461,-0,150.09763,-147.154539,2.94309079,1,0,0,0,0,0,0,0,0,0,0,0,0,0,0,150.09763,4.79015999,-1.85057561,1.86249591e-05,0,0,0,0,0,0,0,0,0,0,0,0,0,0,0,0,0,0,0,0,0,0,0,0,0,0,0,0,0,0,0,0,147.154539,0.0394669884,0.967696673,-0.00384051527,-0.113534285,-0.171277625,0.224999691,-1.51211678,-4.31409623,0.000207874053,1500,1500,1500,1500,1500,1500,1500,1500,0,0,0,0,0.02,0,0,0,0,0.02,0,0,0,0,0.02,0,0,0,0,0.02,0,0,0,0,1,0,0,0,0,1,0,0,0,0,1,0,0,0,0,1
299683.266,10.8,0,0,0,0,0,0,0.367101461,-0,150.09763,-147.154539,2.94309079,1,0,0,0,0,0,0,0,0,0,0,0,0,0,0,150.09763,4.79015999,-1.85057561,1.86249591e-05,0,0,0,0,0,0,0,0,0,0,0,0,0,0,0,0,0,0,0,0,0,0,0,0,0,0,0,0,0,0,0,0,147.154539,0.0394669884,0.967696673,-0.00384051527,-0.113534285,-0.171277625,0.224999691,-1.51211678,-4.31409623,0.000207874053,1500,1500,1500,1500,1500,1500,1500,1500,0,0,0,0,0.02,0,0,0,0,0.02,0,0,0,0,0.02,0,0,0,0,0.02,0,0,0,0,1,0,0,0,0,1,0,0,0,0,1,0,0,0,0,1
299683.315,10.85,0,0,0,0,0,0,0.367101461,-0,150.09763,-147.154539,2.94309079,1,0,0,0,0,0,0,0,0,0,0,0,0,0,0,150.09763,4.79015999,-1.85057561,1.86249591e-05,0,0,0,0,0,0,0,0,0,0,0,0,0,0,0,0,0,0,0,0,0,0,0,0,0,0,0,0,0,0,0,0,147.154539,0.0394669884,0.967696673,-0.00384051527,-0.113534285,-0.171277625,0.224999691,-1.51211678,-4.31409623,0.000207874053,1500,1500,1500,1500,1500,1500,1500,1500,0,0,0,0,0.02,0,0,0,0,0.02,0,0,0,0,0.02,0,0,0,0,0.02,0,0,0,0,1,0,0,0,0,1,0,0,0,0,1,0,0,0,0,1
299683.365,10.9,0,0,0,0,0,0,0.367101461,-0,150.09763,-147.154539,2.94309079,1,0,0,0,0,0,0,0,0,0,0,0,0,0,0,150.09763,4.79015999,-1.85057561,1.86249591e-05,0,0,0,0,0,0,0,0,0,0,0,0,0,0,0,0,0,0,0,0,0,0,0,0,0,0,0,0,0,0,0,0,147.154539,0.0394669884,0.967696673,-0.00384051527,-0.113534285,-0.171277625,0.224999691,-1.51211678,-4.31409623,0.000207874053,1500,1500,1500,1500,1500,1500,1500,1500,0,0,0,0,0.02,0,0,0,0,0.02,0,0,0,0,0.02,0,0,0,0,0.02,0,0,0,0,1,0,0,0,0,1,0,0,0,0,1,0,0,0,0,1
299683.415,10.95,0,0,0,0,0,0,0.367101461,-0,150.09763,-147.154539,2.94309079,1,0,0,0,0,0,0,0,0,0,0,0,0,0,0,150.09763,4.79015999,-1.85057561,1.86249591e-05,0,0,0,0,0,0,0,0,0,0,0,0,0,0,0,0,0,0,0,0,0,0,0,0,0,0,0,0,0,0,0,0,147.154539,0.0394669884,0.967696673,-0.00384051527,-0.113534285,-0.171277625,0.224999691,-1.51211678,-4.31409623,0.000207874053,1500,1500,1500,1500,1500,1500,1500,1500,0,0,0,0,0.02,0,0,0,0,0.02,0,0,0,0,0.02,0,0,0,0,0.02,0,0,0,0,1,0,0,0,0,1,0,0,0,0,1,0,0,0,0,1
299683.465,11,0,0,0,0,0,0,0.367101461,-0,150.09763,-147.154539,2.94309079,1,0,0,0,0,0,0,0,0,0,0,0,0,0,0,150.09763,4.79015999,-1.85057561,1.86249591e-05,0,0,0,0,0,0,0,0,0,0,0,0,0,0,0,0,0,0,0,0,0,0,0,0,0,0,0,0,0,0,0,0,147.154539,0.0394669884,0.967696673,-0.00384051527,-0.113534285,-0.171277625,0.224999691,-1.51211678,-4.31409623,0.000207874053,1500,1500,1500,1500,1500,1500,1500,1500,0,0,0,0,0.02,0,0,0,0,0.02,0,0,0,0,0.02,0,0,0,0,0.02,0,0,0,0,1,0,0,0,0,1,0,0,0,0,1,0,0,0,0,1
299683.515,11.05,0,0,0,0,0,0,0.367101461,-0,150.09763,-147.154539,2.94309079,1,0,0,0,0,0,0,0,0,0,0,0,0,0,0,150.09763,4.79015999,-1.85057561,1.86249591e-05,0,0,0,0,0,0,0,0,0,0,0,0,0,0,0,0,0,0,0,0,0,0,0,0,0,0,0,0,0,0,0,0,147.154539,0.0394669884,0.967696673,-0.00384051527,-0.113534285,-0.171277625,0.224999691,-1.51211678,-4.31409623,0.000207874053,1500,1500,1500,1500,1500,1500,1500,1500,0,0,0,0,0.02,0,0,0,0,0.02,0,0,0,0,0.02,0,0,0,0,0.02,0,0,0,0,1,0,0,0,0,1,0,0,0,0,1,0,0,0,0,1
299683.565,11.1,0,0,0,0,0,0,0.367101461,-0,150.09763,-147.154539,2.94309079,1,0,0,0,0,0,0,0,0,0,0,0,0,0,0,150.09763,4.79015999,-1.85057561,1.86249591e-05,0,0,0,0,0,0,0,0,0,0,0,0,0,0,0,0,0,0,0,0,0,0,0,0,0,0,0,0,0,0,0,0,147.154539,0.0394669884,0.967696673,-0.00384051527,-0.113534285,-0.171277625,0.224999691,-1.51211678,-4.31409623,0.000207874053,1500,1500,1500,1500,1500,1500,1500,1500,0,0,0,0,0.02,0,0,0,0,0.02,0,0,0,0,0.02,0,0,0,0,0.02,0,0,0,0,1,0,0,0,0,1,0,0,0,0,1,0,0,0,0,1
299683.615,11.15,0,0,0,0,0,0,0.367101461,-0,150.09763,-147.154539,2.94309079,1,0,0,0,0,0,0,0,0,0,0,0,0,0,0,150.09763,4.79015999,-1.85057561,1.86249591e-05,0,0,0,0,0,0,0,0,0,0,0,0,0,0,0,0,0,0,0,0,0,0,0,0,0,0,0,0,0,0,0,0,147.154539,0.0394669884,0.967696673,-0.00384051527,-0.113534285,-0.171277625,0.224999691,-1.51211678,-4.31409623,0.000207874053,1500,1500,1500,1500,1500,1500,1500,1500,0,0,0,0,0.02,0,0,0,0,0.02,0,0,0,0,0.02,0,0,0,0,0.02,0,0,0,0,1,0,0,0,0,1,0,0,0,0,1,0,0,0,0,1
299683.665,11.2,0,0,0,0,0,0,0.367101461,-0,150.09763,-147.154539,2.94309079,1,0,0,0,0,0,0,0,0,0,0,0,0,0,0,150.09763,4.79015999,-1.85057561,1.86249591e-05,0,0,0,0,0,0,0,0,0,0,0,0,0,0,0,0,0,0,0,0,0,0,0,0,0,0,0,0,0,0,0,0,147.154539,0.0394669884,0.967696673,-0.00384051527,-0.113534285,-0.171277625,0.224999691,-1.51211678,-4.31409623,0.000207874053,1500,1500,1500,1500,1500,1500,1500,1500,0,0,0,0,0.02,0,0,0,0,0.02,0,0,0,0,0.02,0,0,0,0,0.02,0,0,0,0,1,0,0,0,0,1,0,0,0,0,1,0,0,0,0,1
299683.715,11.25,0,0,0,0,0,0,0.367101461,-0,150.09763,-147.154539,2.94309079,1,0,0,0,0,0,0,0,0,0,0,0,0,0,0,150.09763,4.79015999,-1.85057561,1.86249591e-05,0,0,0,0,0,0,0,0,0,0,0,0,0,0,0,0,0,0,0,0,0,0,0,0,0,0,0,0,0,0,0,0,147.154539,0.0394669884,0.967696673,-0.00384051527,-0.113534285,-0.171277625,0.224999691,-1.51211678,-4.31409623,0.000207874053,1500,1500,1500,1500,1500,1500,1500,1500,0,0,0,0,0.02,0,0,0,0,0.02,0,0,0,0,0.02,0,0,0,0,0.02,0,0,0,0,1,0,0,0,0,1,0,0,0,0,1,0,0,0,0,1
299683.765,11.3,0,0,0,0,0,0,0.367101461,-0,150.09763,-147.154539,2.94309079,1,0,0,0,0,0,0,0,0,0,0,0,0,0,0,150.09763,4.79015999,-1.85057561,1.86249591e-05,0,0,0,0,0,0,0,0,0,0,0,0,0,0,0,0,0,0,0,0,0,0,0,0,0,0,0,0,0,0,0,0,147.154539,0.0394669884,0.967696673,-0.00384051527,-0.113534285,-0.171277625,0.224999691,-1.51211678,-4.31409623,0.000207874053,1500,1500,1500,1500,1500,1500,1500,1500,0,0,0,0,0.02,0,0,0,0,0.02,0,0,0,0,0.02,0,0,0,0,0.02,0,0,0,0,1,0,0,0,0,1,0,0,0,0,1,0,0,0,0,1
299683.815,11.35,0,0,0,0,0,0,0.367101461,-0,150.09763,-147.154539,2.94309079,1,0,0,0,0,0,0,0,0,0,0,0,0,0,0,150.09763,4.79015999,-1.85057561,1.86249591e-05,0,0,0,0,0,0,0,0,0,0,0,0,0,0,0,0,0,0,0,0,0,0,0,0,0,0,0,0,0,0,0,0,147.154539,0.0394669884,0.967696673,-0.00384051527,-0.113534285,-0.171277625,0.224999691,-1.51211678,-4.31409623,0.000207874053,1500,1500,1500,1500,1500,1500,1500,1500,0,0,0,0,0.02,0,0,0,0,0.02,0,0,0,0,0.02,0,0,0,0,0.02,0,0,0,0,1,0,0,0,0,1,0,0,0,0,1,0,0,0,0,1
299683.865,11.4,0,0,0,0,0,0,0.367101461,-0,150.09763,-147.154539,2.94309079,1,0,0,0,0,0,0,0,0,0,0,0,0,0,0,150.09763,4.79015999,-1.85057561,1.86249591e-05,0,0,0,0,0,0,0,0,0,0,0,0,0,0,0,0,0,0,0,0,0,0,0,0,0,0,0,0,0,0,0,0,147.154539,0.0394669884,0.967696673,-0.00384051527,-0.113534285,-0.171277625,0.224999691,-1.51211678,-4.31409623,0.000207874053,1500,1500,1500,1500,1500,1500,1500,1500,0,0,0,0,0.02,0,0,0,0,0.02,0,0,0,0,0.02,0,0,0,0,0.02,0,0,0,0,1,0,0,0,0,1,0,0,0,0,1,0,0,0,0,1
299683.915,11.45,0,0,0,0,0,0,0.367101461,-0,150.09763,-147.154539,2.94309079,1,0,0,0,0,0,0,0,0,0,0,0,0,0,0,150.09763,4.79015999,-1.85057561,1.86249591e-05,0,0,0,0,0,0,0,0,0,0,0,0,0,0,0,0,0,0,0,0,0,0,0,0,0,0,0,0,0,0,0,0,147.154539,0.0394669884,0.967696673,-0.00384051527,-0.113534285,-0.171277625,0.224999691,-1.51211678,-4.31409623,0.000207874053,1500,1500,1500,1500,1500,1500,1500,1500,0,0,0,0,0.02,0,0,0,0,0.02,0,0,0,0,0.02,0,0,0,0,0.02,0,0,0,0,1,0,0,0,0,1,0,0,0,0,1,0,0,0,0,1
299683.965,11.5,0,0,0,0,0,0,0.367101461,-0,150.09763,-147.154539,2.94309079,1,0,0,0,0,0,0,0,0,0,0,0,0,0,0,150.09763,4.79015999,-1.85057561,1.86249591e-05,0,0,0,0,0,0,0,0,0,0,0,0,0,0,0,0,0,0,0,0,0,0,0,0,0,0,0,0,0,0,0,0,147.154539,0.0394669884,0.967696673,-0.00384051527,-0.113534285,-0.171277625,0.224999691,-1.51211678,-4.31409623,0.000207874053,1500,1500,1500,1500,1500,1500,1500,1500,0,0,0,0,0.02,0,0,0,0,0.02,0,0,0,0,0.02,0,0,0,0,0.02,0,0,0,0,1,0,0,0,0,1,0,0,0,0,1,0,0,0,0,1
299684.015,11.55,0,0,0,0,0,0,0.367101461,-0,150.09763,-147.154539,2.94309079,1,0,0,0,0,0,0,0,0,0,0,0,0,0,0,150.09763,4.79015999,-1.85057561,1.86249591e-05,0,0,0,0,0,0,0,0,0,0,0,0,0,0,0,0,0,0,0,0,0,0,0,0,0,0,0,0,0,0,0,0,147.154539,0.0394669884,0.967696673,-0.00384051527,-0.113534285,-0.171277625,0.224999691,-1.51211678,-4.31409623,0.000207874053,1500,1500,1500,1500,1500,1500,1500,1500,0,0,0,0,0.02,0,0,0,0,0.02,0,0,0,0,0.02,0,0,0,0,0.02,0,0,0,0,1,0,0,0,0,1,0,0,0,0,1,0,0,0,0,1
299684.065,11.6,0,0,0,0,0,0,0.367101461,-0,150.09763,-147.154539,2.94309079,1,0,0,0,0,0,0,0,0,0,0,0,0,0,0,150.09763,4.79015999,-1.85057561,1.86249591e-05,0,0,0,0,0,0,0,0,0,0,0,0,0,0,0,0,0,0,0,0,0,0,0,0,0,0,0,0,0,0,0,0,147.154539,0.0394669884,0.967696673,-0.00384051527,-0.113534285,-0.171277625,0.224999691,-1.51211678,-4.31409623,0.000207874053,1500,1500,1500,1500,1500,1500,1500,1500,0,0,0,0,0.02,0,0,0,0,0.02,0,0,0,0,0.02,0,0,0,0,0.02,0,0,0,0,1,0,0,0,0,1,0,0,0,0,1,0,0,0,0,1
299684.115,11.65,0,0,0,0,0,0,0.367101461,-0,150.09763,-147.154539,2.94309079,1,0,0,0,0,0,0,0,0,0,0,0,0,0,0,150.09763,4.79015999,-1.85057561,1.86249591e-05,0,0,0,0,0,0,0,0,0,0,0,0,0,0,0,0,0,0,0,0,0,0,0,0,0,0,0,0,0,0,0,0,147.154539,0.0394669884,0.967696673,-0.00384051527,-0.113534285,-0.171277625,0.224999691,-1.51211678,-4.31409623,0.000207874053,1500,1500,1500,1500,1500,1500,1500,1500,0,0,0,0,0.02,0,0,0,0,0.02,0,0,0,0,0.02,0,0,0,0,0.02,0,0,0,0,1,0,0,0,0,1,0,0,0,0,1,0,0,0,0,1
299684.165,11.7,0,0,0,0,0,0,0.367101461,-0,150.09763,-147.154539,2.94309079,1,0,0,0,0,0,0,0,0,0,0,0,0,0,0,150.09763,4.79015999,-1.85057561,1.86249591e-05,0,0,0,0,0,0,0,0,0,0,0,0,0,0,0,0,0,0,0,0,0,0,0,0,0,0,0,0,0,0,0,0,147.154539,0.0394669884,0.967696673,-0.00384051527,-0.113534285,-0.171277625,0.224999691,-1.51211678,-4.31409623,0.000207874053,1500,1500,1500,1500,1500,1500,1500,1500,0,0,0,0,0.02,0,0,0,0,0.02,0,0,0,0,0.02,0,0,0,0,0.02,0,0,0,0,1,0,0,0,0,1,0,0,0,0,1,0,0,0,0,1
299684.215,11.75,0,0,0,0,0,0,0.367101461,-0,150.09763,-147.154539,2.94309079,1,0,0,0,0,0,0,0,0,0,0,0,0,0,0,150.09763,4.79015999,-1.85057561,1.86249591e-05,0,0,0,0,0,0,0,0,0,0,0,0,0,0,0,0,0,0,0,0,0,0,0,0,0,0,0,0,0,0,0,0,147.154539,0.0394669884,0.967696673,-0.00384051527,-0.113534285,-0.171277625,0.224999691,-1.51211678,-4.31409623,0.000207874053,1500,1500,1500,1500,1500,1500,1500,1500,0,0,0,0,0.02,0,0,0,0,0.02,0,0,0,0,0.02,0,0,0,0,0.02,0,0,0,0,1,0,0,0,0,1,0,0,0,0,1,0,0,0,0,1
299684.266,11.8,0,0,0,0,0,0,0.367101461,-0,150.09763,-147.154539,2.94309079,1,0,0,0,0,0,0,0,0,0,0,0,0,0,0,150.09763,4.79015999,-1.85057561,1.86249591e-05,0,0,0,0,0,0,0,0,0,0,0,0,0,0,0,0,0,0,0,0,0,0,0,0,0,0,0,0,0,0,0,0,147.154539,0.0394669884,0.967696673,-0.00384051527,-0.113534285,-0.171277625,0.224999691,-1.51211678,-4.31409623,0.000207874053,1500,1500,1500,1500,1500,1500,1500,1500,0,0,0,0,0.02,0,0,0,0,0.02,0,0,0,0,0.02,0,0,0,0,0.02,0,0,0,0,1,0,0,0,0,1,0,0,0,0,1,0,0,0,0,1
299684.316,11.85,0,0,0,0,0,0,0.367101461,-0,150.09763,-147.154539,2.94309079,1,0,0,0,0,0,0,0,0,0,0,0,0,0,0,150.09763,4.79015999,-1.85057561,1.86249591e-05,0,0,0,0,0,0,0,0,0,0,0,0,0,0,0,0,0,0,0,0,0,0,0,0,0,0,0,0,0,0,0,0,147.154539,0.0394669884,0.967696673,-0.00384051527,-0.113534285,-0.171277625,0.224999691,-1.51211678,-4.31409623,0.000207874053,1500,1500,1500,1500,1500,1500,1500,1500,0,0,0,0,0.02,0,0,0,0,0.02,0,0,0,0,0.02,0,0,0,0,0.02,0,0,0,0,1,0,0,0,0,1,0,0,0,0,1,0,0,0,0,1
299684.365,11.9,0,0,0,0,0,0,0.367101461,-0,150.09763,-147.154539,2.94309079,1,0,0,0,0,0,0,0,0,0,0,0,0,0,0,150.09763,4.79015999,-1.85057561,1.86249591e-05,0,0,0,0,0,0,0,0,0,0,0,0,0,0,0,0,0,0,0,0,0,0,0,0,0,0,0,0,0,0,0,0,147.154539,0.0394669884,0.967696673,-0.00384051527,-0.113534285,-0.171277625,0.224999691,-1.51211678,-4.31409623,0.000207874053,1500,1500,1500,1500,1500,1500,1500,1500,0,0,0,0,0.02,0,0,0,0,0.02,0,0,0,0,0.02,0,0,0,0,0.02,0,0,0,0,1,0,0,0,0,1,0,0,0,0,1,0,0,0,0,1
299684.415,11.95,0,0,0,0,0,0,0.367101461,-0,150.09763,-147.154539,2.94309079,1,0,0,0,0,0,0,0,0,0,0,0,0,0,0,150.09763,4.79015999,-1.85057561,1.86249591e-05,0,0,0,0,0,0,0,0,0,0,0,0,0,0,0,0,0,0,0,0,0,0,0,0,0,0,0,0,0,0,0,0,147.154539,0.0394669884,0.967696673,-0.00384051527,-0.113534285,-0.171277625,0.224999691,-1.51211678,-4.31409623,0.000207874053,1500,1500,1500,1500,1500,1500,1500,1500,0,0,0,0,0.02,0,0,0,0,0.02,0,0,0,0,0.02,0,0,0,0,0.02,0,0,0,0,1,0,0,0,0,1,0,0,0,0,1,0,0,0,0,1
299684.465,12,0,0,0,0,0,0,0.367101461,-0,150.09763,-147.154539,2.94309079,1,0,0,0,0,0,0,0,0,0,0,0,0,0,0,150.09763,4.79015999,-1.85057561,1.86249591e-05,0,0,0,0,0,0,0,0,0,0,0,0,0,0,0,0,0,0,0,0,0,0,0,0,0,0,0,0,0,0,0,0,147.154539,0.0394669884,0.967696673,-0.00384051527,-0.113534285,-0.171277625,0.224999691,-1.51211678,-4.31409623,0.000207874053,1500,1500,1500,1500,1500,1500,1500,1500,0,0,0,0,0.02,0,0,0,0,0.02,0,0,0,0,0.02,0,0,0,0,0.02,0,0,0,0,1,0,0,0,0,1,0,0,0,0,1,0,0,0,0,1
299684.516,12.05,0,0,0,0,0,0,0.367101461,-0,150.09763,-147.154539,2.94309079,1,0,0,0,0,0,0,0,0,0,0,0,0,0,0,150.09763,4.79015999,-1.85057561,1.86249591e-05,0,0,0,0,0,0,0,0,0,0,0,0,0,0,0,0,0,0,0,0,0,0,0,0,0,0,0,0,0,0,0,0,147.154539,0.0394669884,0.967696673,-0.00384051527,-0.113534285,-0.171277625,0.224999691,-1.51211678,-4.31409623,0.000207874053,1500,1500,1500,1500,1500,1500,1500,1500,0,0,0,0,0.02,0,0,0,0,0.02,0,0,0,0,0.02,0,0,0,0,0.02,0,0,0,0,1,0,0,0,0,1,0,0,0,0,1,0,0,0,0,1
299684.565,12.1,0,0,0,0,0,0,0.367101461,-0,150.09763,-147.154539,2.94309079,1,0,0,0,0,0,0,0,0,0,0,0,0,0,0,150.09763,4.79015999,-1.85057561,1.86249591e-05,0,0,0,0,0,0,0,0,0,0,0,0,0,0,0,0,0,0,0,0,0,0,0,0,0,0,0,0,0,0,0,0,147.154539,0.0394669884,0.967696673,-0.00384051527,-0.113534285,-0.171277625,0.224999691,-1.51211678,-4.31409623,0.000207874053,1500,1500,1500,1500,1500,1500,1500,1500,0,0,0,0,0.02,0,0,0,0,0.02,0,0,0,0,0.02,0,0,0,0,0.02,0,0,0,0,1,0,0,0,0,1,0,0,0,0,1,0,0,0,0,1
299684.615,12.15,0,0,0,0,0,0,0.367101461,-0,150.09763,-147.154539,2.94309079,1,0,0,0,0,0,0,0,0,0,0,0,0,0,0,150.09763,4.79015999,-1.85057561,1.86249591e-05,0,0,0,0,0,0,0,0,0,0,0,0,0,0,0,0,0,0,0,0,0,0,0,0,0,0,0,0,0,0,0,0,147.154539,0.0394669884,0.967696673,-0.00384051527,-0.113534285,-0.171277625,0.224999691,-1.51211678,-4.31409623,0.000207874053,1500,1500,1500,1500,1500,1500,1500,1500,0,0,0,0,0.02,0,0,0,0,0.02,0,0,0,0,0.02,0,0,0,0,0.02,0,0,0,0,1,0,0,0,0,1,0,0,0,0,1,0,0,0,0,1
299684.665,12.2,0,0,0,0,0,0,0.367101461,-0,150.09763,-147.154539,2.94309079,1,0,0,0,0,0,0,0,0,0,0,0,0,0,0,150.09763,4.79015999,-1.85057561,1.86249591e-05,0,0,0,0,0,0,0,0,0,0,0,0,0,0,0,0,0,0,0,0,0,0,0,0,0,0,0,0,0,0,0,0,147.154539,0.0394669884,0.967696673,-0.00384051527,-0.113534285,-0.171277625,0.224999691,-1.51211678,-4.31409623,0.000207874053,1500,1500,1500,1500,1500,1500,1500,1500,0,0,0,0,0.02,0,0,0,0,0.02,0,0,0,0,0.02,0,0,0,0,0.02,0,0,0,0,1,0,0,0,0,1,0,0,0,0,1,0,0,0,0,1
299684.716,12.25,0,0,0,0,0,0,0.367101461,-0,150.09763,-147.154539,2.94309079,1,0,0,0,0,0,0,0,0,0,0,0,0,0,0,150.09763,4.79015999,-1.85057561,1.86249591e-05,0,0,0,0,0,0,0,0,0,0,0,0,0,0,0,0,0,0,0,0,0,0,0,0,0,0,0,0,0,0,0,0,147.154539,0.0394669884,0.967696673,-0.00384051527,-0.113534285,-0.171277625,0.224999691,-1.51211678,-4.31409623,0.000207874053,1500,1500,1500,1500,1500,1500,1500,1500,0,0,0,0,0.02,0,0,0,0,0.02,0,0,0,0,0.02,0,0,0,0,0.02,0,0,0,0,1,0,0,0,0,1,0,0,0,0,1,0,0,0,0,1
299684.765,12.3,0,0,0,0,0,0,0.367101461,-0,150.09763,-147.154539,2.94309079,1,0,0,0,0,0,0,0,0,0,0,0,0,0,0,150.09763,4.79015999,-1.85057561,1.86249591e-05,0,0,0,0,0,0,0,0,0,0,0,0,0,0,0,0,0,0,0,0,0,0,0,0,0,0,0,0,0,0,0,0,147.154539,0.0394669884,0.967696673,-0.00384051527,-0.113534285,-0.171277625,0.224999691,-1.51211678,-4.31409623,0.000207874053,1500,1500,1500,1500,1500,1500,1500,1500,0,0,0,0,0.02,0,0,0,0,0.02,0,0,0,0,0.02,0,0,0,0,0.02,0,0,0,0,1,0,0,0,0,1,0,0,0,0,1,0,0,0,0,1
299684.815,12.35,0,0,0,0,0,0,0.367101461,-0,150.09763,-147.154539,2.94309079,1,0,0,0,0,0,0,0,0,0,0,0,0,0,0,150.09763,4.79015999,-1.85057561,1.86249591e-05,0,0,0,0,0,0,0,0,0,0,0,0,0,0,0,0,0,0,0,0,0,0,0,0,0,0,0,0,0,0,0,0,147.154539,0.0394669884,0.967696673,-0.00384051527,-0.113534285,-0.171277625,0.224999691,-1.51211678,-4.31409623,0.000207874053,1500,1500,1500,1500,1500,1500,1500,1500,0,0,0,0,0.02,0,0,0,0,0.02,0,0,0,0,0.02,0,0,0,0,0.02,0,0,0,0,1,0,0,0,0,1,0,0,0,0,1,0,0,0,0,1
299684.865,12.4,0,0,0,0,0,0,0.367101461,-0,150.09763,-147.154539,2.94309079,1,0,0,0,0,0,0,0,0,0,0,0,0,0,0,150.09763,4.79015999,-1.85057561,1.86249591e-05,0,0,0,0,0,0,0,0,0,0,0,0,0,0,0,0,0,0,0,0,0,0,0,0,0,0,0,0,0,0,0,0,147.154539,0.0394669884,0.967696673,-0.00384051527,-0.113534285,-0.171277625,0.224999691,-1.51211678,-4.31409623,0.000207874053,1500,1500,1500,1500,1500,1500,1500,1500,0,0,0,0,0.02,0,0,0,0,0.02,0,0,0,0,0.02,0,0,0,0,0.02,0,0,0,0,1,0,0,0,0,1,0,0,0,0,1,0,0,0,0,1
299684.915,12.45,0,0,0,0,0,0,0.367101461,-0,150.09763,-147.154539,2.94309079,1,0,0,0,0,0,0,0,0,0,0,0,0,0,0,150.09763,4.79015999,-1.85057561,1.86249591e-05,0,0,0,0,0,0,0,0,0,0,0,0,0,0,0,0,0,0,0,0,0,0,0,0,0,0,0,0,0,0,0,0,147.154539,0.0394669884,0.967696673,-0.00384051527,-0.113534285,-0.171277625,0.224999691,-1.51211678,-4.31409623,0.000207874053,1500,1500,1500,1500,1500,1500,1500,1500,0,0,0,0,0.02,0,0,0,0,0.02,0,0,0,0,0.02,0,0,0,0,0.02,0,0,0,0,1,0,0,0,0,1,0,0,0,0,1,0,0,0,0,1
299684.965,12.5,0,0,0,0,0,0,0.367101461,-0,150.09763,-147.154539,2.94309079,1,0,0,0,0,0,0,0,0,0,0,0,0,0,0,150.09763,4.79015999,-1.85057561,1.86249591e-05,0,0,0,0,0,0,0,0,0,0,0,0,0,0,0,0,0,0,0,0,0,0,0,0,0,0,0,0,0,0,0,0,147.154539,0.0394669884,0.967696673,-0.00384051527,-0.113534285,-0.171277625,0.224999691,-1.51211678,-4.31409623,0.000207874053,1500,1500,1500,1500,1500,1500,1500,1500,0,0,0,0,0.02,0,0,0,0,0.02,0,0,0,0,0.02,0,0,0,0,0.02,0,0,0,0,1,0,0,0,0,1,0,0,0,0,1,0,0,0,0,1
299685.015,12.55,0,0,0,0,0,0,0.367101461,-0,150.09763,-147.154539,2.94309079,1,0,0,0,0,0,0,0,0,0,0,0,0,0,0,150.09763,4.79015999,-1.85057561,1.86249591e-05,0,0,0,0,0,0,0,0,0,0,0,0,0,0,0,0,0,0,0,0,0,0,0,0,0,0,0,0,0,0,0,0,147.154539,0.0394669884,0.967696673,-0.00384051527,-0.113534285,-0.171277625,0.224999691,-1.51211678,-4.31409623,0.000207874053,1500,1500,1500,1500,1500,1500,1500,1500,0,0,0,0,0.02,0,0,0,0,0.02,0,0,0,0,0.02,0,0,0,0,0.02,0,0,0,0,1,0,0,0,0,1,0,0,0,0,1,0,0,0,0,1
299685.065,12.6,0,0,0,0,0,0,0.367101461,-0,150.09763,-147.154539,2.94309079,1,0,0,0,0,0,0,0,0,0,0,0,0,0,0,150.09763,4.79015999,-1.85057561,1.86249591e-05,0,0,0,0,0,0,0,0,0,0,0,0,0,0,0,0,0,0,0,0,0,0,0,0,0,0,0,0,0,0,0,0,147.154539,0.0394669884,0.967696673,-0.00384051527,-0.113534285,-0.171277625,0.224999691,-1.51211678,-4.31409623,0.000207874053,1500,1500,1500,1500,1500,1500,1500,1500,0,0,0,0,0.02,0,0,0,0,0.02,0,0,0,0,0.02,0,0,0,0,0.02,0,0,0,0,1,0,0,0,0,1,0,0,0,0,1,0,0,0,0,1
299685.115,12.65,0,0,0,0,0,0,0.367101461,-0,150.09763,-147.154539,2.94309079,1,0,0,0,0,0,0,0,0,0,0,0,0,0,0,150.09763,4.79015999,-1.85057561,1.86249591e-05,0,0,0,0,0,0,0,0,0,0,0,0,0,0,0,0,0,0,0,0,0,0,0,0,0,0,0,0,0,0,0,0,147.154539,0.0394669884,0.967696673,-0.00384051527,-0.113534285,-0.171277625,0.224999691,-1.51211678,-4.31409623,0.000207874053,1500,1500,1500,1500,1500,1500,1500,1500,0,0,0,0,0.02,0,0,0,0,0.02,0,0,0,0,0.02,0,0,0,0,0.02,0,0,0,0,1,0,0,0,0,1,0,0,0,0,1,0,0,0,0,1
299685.166,12.7,0,0,0,0,0,0,0.367101461,-0,150.09763,-147.154539,2.94309079,1,0,0,0,0,0,0,0,0,0,0,0,0,0,0,150.09763,4.79015999,-1.85057561,1.86249591e-05,0,0,0,0,0,0,0,0,0,0,0,0,0,0,0,0,0,0,0,0,0,0,0,0,0,0,0,0,0,0,0,0,147.154539,0.0394669884,0.967696673,-0.00384051527,-0.113534285,-0.171277625,0.224999691,-1.51211678,-4.31409623,0.000207874053,1500,1500,1500,1500,1500,1500,1500,1500,0,0,0,0,0.02,0,0,0,0,0.02,0,0,0,0,0.02,0,0,0,0,0.02,0,0,0,0,1,0,0,0,0,1,0,0,0,0,1,0,0,0,0,1
299685.215,12.75,0,0,0,0,0,0,0.367101461,-0,150.09763,-147.154539,2.94309079,1,0,0,0,0,0,0,0,0,0,0,0,0,0,0,150.09763,4.79015999,-1.85057561,1.86249591e-05,0,0,0,0,0,0,0,0,0,0,0,0,0,0,0,0,0,0,0,0,0,0,0,0,0,0,0,0,0,0,0,0,147.154539,0.0394669884,0.967696673,-0.00384051527,-0.113534285,-0.171277625,0.224999691,-1.51211678,-4.31409623,0.000207874053,1500,1500,1500,1500,1500,1500,1500,1500,0,0,0,0,0.02,0,0,0,0,0.02,0,0,0,0,0.02,0,0,0,0,0.02,0,0,0,0,1,0,0,0,0,1,0,0,0,0,1,0,0,0,0,1
299685.265,12.8,0,0,0,0,0,0,0.367101461,-0,150.09763,-147.154539,2.94309079,1,0,0,0,0,0,0,0,0,0,0,0,0,0,0,150.09763,4.79015999,-1.85057561,1.86249591e-05,0,0,0,0,0,0,0,0,0,0,0,0,0,0,0,0,0,0,0,0,0,0,0,0,0,0,0,0,0,0,0,0,147.154539,0.0394669884,0.967696673,-0.00384051527,-0.113534285,-0.171277625,0.224999691,-1.51211678,-4.31409623,0.000207874053,1500,1500,1500,1500,1500,1500,1500,1500,0,0,0,0,0.02,0,0,0,0,0.02,0,0,0,0,0.02,0,0,0,0,0.02,0,0,0,0,1,0,0,0,0,1,0,0,0,0,1,0,0,0,0,1
299685.315,12.85,0,0,0,0,0,0,0.367101461,-0,150.09763,-147.154539,2.94309079,1,0,0,0,0,0,0,0,0,0,0,0,0,0,0,150.09763,4.79015999,-1.85057561,1.86249591e-05,0,0,0,0,0,0,0,0,0,0,0,0,0,0,0,0,0,0,0,0,0,0,0,0,0,0,0,0,0,0,0,0,147.154539,0.0394669884,0.967696673,-0.00384051527,-0.113534285,-0.171277625,0.224999691,-1.51211678,-4.31409623,0.000207874053,1500,1500,1500,1500,1500,1500,1500,1500,0,0,0,0,0.02,0,0,0,0,0.02,0,0,0,0,0.02,0,0,0,0,0.02,0,0,0,0,1,0,0,0,0,1,0,0,0,0,1,0,0,0,0,1
299685.366,12.9,0,0,0,0,0,0,0.367101461,-0,150.09763,-147.154539,2.94309079,1,0,0,0,0,0,0,0,0,0,0,0,0,0,0,150.09763,4.79015999,-1.85057561,1.86249591e-05,0,0,0,0,0,0,0,0,0,0,0,0,0,0,0,0,0,0,0,0,0,0,0,0,0,0,0,0,0,0,0,0,147.154539,0.0394669884,0.967696673,-0.00384051527,-0.113534285,-0.171277625,0.224999691,-1.51211678,-4.31409623,0.000207874053,1500,1500,1500,1500,1500,1500,1500,1500,0,0,0,0,0.02,0,0,0,0,0.02,0,0,0,0,0.02,0,0,0,0,0.02,0,0,0,0,1,0,0,0,0,1,0,0,0,0,1,0,0,0,0,1
299685.416,12.95,0,0,0,0,0,0,0.367101461,-0,150.09763,-147.154539,2.94309079,1,0,0,0,0,0,0,0,0,0,0,0,0,0,0,150.09763,4.79015999,-1.85057561,1.86249591e-05,0,0,0,0,0,0,0,0,0,0,0,0,0,0,0,0,0,0,0,0,0,0,0,0,0,0,0,0,0,0,0,0,147.154539,0.0394669884,0.967696673,-0.00384051527,-0.113534285,-0.171277625,0.224999691,-1.51211678,-4.31409623,0.000207874053,1500,1500,1500,1500,1500,1500,1500,1500,0,0,0,0,0.02,0,0,0,0,0.02,0,0,0,0,0.02,0,0,0,0,0.02,0,0,0,0,1,0,0,0,0,1,0,0,0,0,1,0,0,0,0,1
299685.466,13,0,0,0,0,0,0,0.367101461,-0,150.09763,-147.154539,2.94309079,1,0,0,0,0,0,0,0,0,0,0,0,0,0,0,150.09763,4.79015999,-1.85057561,1.86249591e-05,0,0,0,0,0,0,0,0,0,0,0,0,0,0,0,0,0,0,0,0,0,0,0,0,0,0,0,0,0,0,0,0,147.154539,0.0394669884,0.967696673,-0.00384051527,-0.113534285,-0.171277625,0.224999691,-1.51211678,-4.31409623,0.000207874053,1500,1500,1500,1500,1500,1500,1500,1500,0,0,0,0,0.02,0,0,0,0,0.02,0,0,0,0,0.02,0,0,0,0,0.02,0,0,0,0,1,0,0,0,0,1,0,0,0,0,1,0,0,0,0,1
299685.516,13.05,0,0,0,0,0,0,0.367101461,-0,150.09763,-147.154539,2.94309079,1,0,0,0,0,0,0,0,0,0,0,0,0,0,0,150.09763,4.79015999,-1.85057561,1.86249591e-05,0,0,0,0,0,0,0,0,0,0,0,0,0,0,0,0,0,0,0,0,0,0,0,0,0,0,0,0,0,0,0,0,147.154539,0.0394669884,0.967696673,-0.00384051527,-0.113534285,-0.171277625,0.224999691,-1.51211678,-4.31409623,0.000207874053,1500,1500,1500,1500,1500,1500,1500,1500,0,0,0,0,0.02,0,0,0,0,0.02,0,0,0,0,0.02,0,0,0,0,0.02,0,0,0,0,1,0,0,0,0,1,0,0,0,0,1,0,0,0,0,1
299685.566,13.1,0,0,0,0,0,0,0.367101461,-0,150.09763,-147.154539,2.94309079,1,0,0,0,0,0,0,0,0,0,0,0,0,0,0,150.09763,4.79015999,-1.85057561,1.86249591e-05,0,0,0,0,0,0,0,0,0,0,0,0,0,0,0,0,0,0,0,0,0,0,0,0,0,0,0,0,0,0,0,0,147.154539,0.0394669884,0.967696673,-0.00384051527,-0.113534285,-0.171277625,0.224999691,-1.51211678,-4.31409623,0.000207874053,1500,1500,1500,1500,1500,1500,1500,1500,0,0,0,0,0.02,0,0,0,0,0.02,0,0,0,0,0.02,0,0,0,0,0.02,0,0,0,0,1,0,0,0,0,1,0,0,0,0,1,0,0,0,0,1
299685.616,13.15,0,0,0,0,0,0,0.367101461,-0,150.09763,-147.154539,2.94309079,1,0,0,0,0,0,0,0,0,0,0,0,0,0,0,150.09763,4.79015999,-1.85057561,1.86249591e-05,0,0,0,0,0,0,0,0,0,0,0,0,0,0,0,0,0,0,0,0,0,0,0,0,0,0,0,0,0,0,0,0,147.154539,0.0394669884,0.967696673,-0.00384051527,-0.113534285,-0.171277625,0.224999691,-1.51211678,-4.31409623,0.000207874053,1500,1500,1500,1500,1500,1500,1500,1500,0,0,0,0,0.02,0,0,0,0,0.02,0,0,0,0,0.02,0,0,0,0,0.02,0,0,0,0,1,0,0,0,0,1,0,0,0,0,1,0,0,0,0,1
299685.666,13.2,0,0,0,0,0,0,0.367101461,-0,150.09763,-147.154539,2.94309079,1,0,0,0,0,0,0,0,0,0,0,0,0,0,0,150.09763,4.79015999,-1.85057561,1.86249591e-05,0,0,0,0,0,0,0,0,0,0,0,0,0,0,0,0,0,0,0,0,0,0,0,0,0,0,0,0,0,0,0,0,147.154539,0.0394669884,0.967696673,-0.00384051527,-0.113534285,-0.171277625,0.224999691,-1.51211678,-4.31409623,0.000207874053,1500,1500,1500,1500,1500,1500,1500,1500,0,0,0,0,0.02,0,0,0,0,0.02,0,0,0,0,0.02,0,0,0,0,0.02,0,0,0,0,1,0,0,0,0,1,0,0,0,0,1,0,0,0,0,1
299685.716,13.25,0,0,0,0,0,0,0.367101461,-0,150.09763,-147.154539,2.94309079,1,0,0,0,0,0,0,0,0,0,0,0,0,0,0,150.09763,4.79015999,-1.85057561,1.86249591e-05,0,0,0,0,0,0,0,0,0,0,0,0,0,0,0,0,0,0,0,0,0,0,0,0,0,0,0,0,0,0,0,0,147.154539,0.0394669884,0.967696673,-0.00384051527,-0.113534285,-0.171277625,0.224999691,-1.51211678,-4.31409623,0.000207874053,1500,1500,1500,1500,1500,1500,1500,1500,0,0,0,0,0.02,0,0,0,0,0.02,0,0,0,0,0.02,0,0,0,0,0.02,0,0,0,0,1,0,0,0,0,1,0,0,0,0,1,0,0,0,0,1
299685.766,13.3,0,0,0,0,0,0,0.367101461,-0,150.09763,-147.154539,2.94309079,1,0,0,0,0,0,0,0,0,0,0,0,0,0,0,150.09763,4.79015999,-1.85057561,1.86249591e-05,0,0,0,0,0,0,0,0,0,0,0,0,0,0,0,0,0,0,0,0,0,0,0,0,0,0,0,0,0,0,0,0,147.154539,0.0394669884,0.967696673,-0.00384051527,-0.113534285,-0.171277625,0.224999691,-1.51211678,-4.31409623,0.000207874053,1500,1500,1500,1500,1500,1500,1500,1500,0,0,0,0,0.02,0,0,0,0,0.02,0,0,0,0,0.02,0,0,0,0,0.02,0,0,0,0,1,0,0,0,0,1,0,0,0,0,1,0,0,0,0,1
299685.816,13.35,0,0,0,0,0,0,0.367101461,-0,150.09763,-147.154539,2.94309079,1,0,0,0,0,0,0,0,0,0,0,0,0,0,0,150.09763,4.79015999,-1.85057561,1.86249591e-05,0,0,0,0,0,0,0,0,0,0,0,0,0,0,0,0,0,0,0,0,0,0,0,0,0,0,0,0,0,0,0,0,147.154539,0.0394669884,0.967696673,-0.00384051527,-0.113534285,-0.171277625,0.224999691,-1.51211678,-4.31409623,0.000207874053,1500,1500,1500,1500,1500,1500,1500,1500,0,0,0,0,0.02,0,0,0,0,0.02,0,0,0,0,0.02,0,0,0,0,0.02,0,0,0,0,1,0,0,0,0,1,0,0,0,0,1,0,0,0,0,1
299685.866,13.4,0,0,0,0,0,0,0.367101461,-0,150.09763,-147.154539,2.94309079,1,0,0,0,0,0,0,0,0,0,0,0,0,0,0,150.09763,4.79015999,-1.85057561,1.86249591e-05,0,0,0,0,0,0,0,0,0,0,0,0,0,0,0,0,0,0,0,0,0,0,0,0,0,0,0,0,0,0,0,0,147.154539,0.0394669884,0.967696673,-0.00384051527,-0.113534285,-0.171277625,0.224999691,-1.51211678,-4.31409623,0.000207874053,1500,1500,1500,1500,1500,1500,1500,1500,0,0,0,0,0.02,0,0,0,0,0.02,0,0,0,0,0.02,0,0,0,0,0.02,0,0,0,0,1,0,0,0,0,1,0,0,0,0,1,0,0,0,0,1
299685.916,13.45,0,0,0,0,0,0,0.367101461,-0,150.09763,-147.154539,2.94309079,1,0,0,0,0,0,0,0,0,0,0,0,0,0,0,150.09763,4.79015999,-1.85057561,1.86249591e-05,0,0,0,0,0,0,0,0,0,0,0,0,0,0,0,0,0,0,0,0,0,0,0,0,0,0,0,0,0,0,0,0,147.154539,0.0394669884,0.967696673,-0.00384051527,-0.113534285,-0.171277625,0.224999691,-1.51211678,-4.31409623,0.000207874053,1500,1500,1500,1500,1500,1500,1500,1500,0,0,0,0,0.02,0,0,0,0,0.02,0,0,0,0,0.02,0,0,0,0,0.02,0,0,0,0,1,0,0,0,0,1,0,0,0,0,1,0,0,0,0,1
299685.966,13.5,0,0,0,0,0,0,0.367101461,-0,150.09763,-147.154539,2.94309079,1,0,0,0,0,0,0,0,0,0,0,0,0,0,0,150.09763,4.79015999,-1.85057561,1.86249591e-05,0,0,0,0,0,0,0,0,0,0,0,0,0,0,0,0,0,0,0,0,0,0,0,0,0,0,0,0,0,0,0,0,147.154539,0.0394669884,0.967696673,-0.00384051527,-0.113534285,-0.171277625,0.224999691,-1.51211678,-4.31409623,0.000207874053,1500,1500,1500,1500,1500,1500,1500,1500,0,0,0,0,0.02,0,0,0,0,0.02,0,0,0,0,0.02,0,0,0,0,0.02,0,0,0,0,1,0,0,0,0,1,0,0,0,0,1,0,0,0,0,1
299686.016,13.55,0,0,0,0,0,0,0.367101461,-0,150.09763,-147.154539,2.94309079,1,0,0,0,0,0,0,0,0,0,0,0,0,0,0,150.09763,4.79015999,-1.85057561,1.86249591e-05,0,0,0,0,0,0,0,0,0,0,0,0,0,0,0,0,0,0,0,0,0,0,0,0,0,0,0,0,0,0,0,0,147.154539,0.0394669884,0.967696673,-0.00384051527,-0.113534285,-0.171277625,0.224999691,-1.51211678,-4.31409623,0.000207874053,1500,1500,1500,1500,1500,1500,1500,1500,0,0,0,0,0.02,0,0,0,0,0.02,0,0,0,0,0.02,0,0,0,0,0.02,0,0,0,0,1,0,0,0,0,1,0,0,0,0,1,0,0,0,0,1
299686.066,13.6,0,0,0,0,0,0,0.367101461,-0,150.09763,-147.154539,2.94309079,1,0,0,0,0,0,0,0,0,0,0,0,0,0,0,150.09763,4.79015999,-1.85057561,1.86249591e-05,0,0,0,0,0,0,0,0,0,0,0,0,0,0,0,0,0,0,0,0,0,0,0,0,0,0,0,0,0,0,0,0,147.154539,0.0394669884,0.967696673,-0.00384051527,-0.113534285,-0.171277625,0.224999691,-1.51211678,-4.31409623,0.000207874053,1500,1500,1500,1500,1500,1500,1500,1500,0,0,0,0,0.02,0,0,0,0,0.02,0,0,0,0,0.02,0,0,0,0,0.02,0,0,0,0,1,0,0,0,0,1,0,0,0,0,1,0,0,0,0,1
299686.116,13.65,0,0,0,0,0,0,0.367101461,-0,150.09763,-147.154539,2.94309079,1,0,0,0,0,0,0,0,0,0,0,0,0,0,0,150.09763,4.79015999,-1.85057561,1.86249591e-05,0,0,0,0,0,0,0,0,0,0,0,0,0,0,0,0,0,0,0,0,0,0,0,0,0,0,0,0,0,0,0,0,147.154539,0.0394669884,0.967696673,-0.00384051527,-0.113534285,-0.171277625,0.224999691,-1.51211678,-4.31409623,0.000207874053,1500,1500,1500,1500,1500,1500,1500,1500,0,0,0,0,0.02,0,0,0,0,0.02,0,0,0,0,0.02,0,0,0,0,0.02,0,0,0,0,1,0,0,0,0,1,0,0,0,0,1,0,0,0,0,1
299686.166,13.7,0,0,0,0,0,0,0.367101461,-0,150.09763,-147.154539,2.94309079,1,0,0,0,0,0,0,0,0,0,0,0,0,0,0,150.09763,4.79015999,-1.85057561,1.86249591e-05,0,0,0,0,0,0,0,0,0,0,0,0,0,0,0,0,0,0,0,0,0,0,0,0,0,0,0,0,0,0,0,0,147.154539,0.0394669884,0.967696673,-0.00384051527,-0.113534285,-0.171277625,0.224999691,-1.51211678,-4.31409623,0.000207874053,1500,1500,1500,1500,1500,1500,1500,1500,0,0,0,0,0.02,0,0,0,0,0.02,0,0,0,0,0.02,0,0,0,0,0.02,0,0,0,0,1,0,0,0,0,1,0,0,0,0,1,0,0,0,0,1
299686.216,13.75,0,0,0,0,0,0,0.367101461,-0,150.09763,-147.154539,2.94309079,1,0,0,0,0,0,0,0,0,0,0,0,0,0,0,150.09763,4.79015999,-1.85057561,1.86249591e-05,0,0,0,0,0,0,0,0,0,0,0,0,0,0,0,0,0,0,0,0,0,0,0,0,0,0,0,0,0,0,0,0,147.154539,0.0394669884,0.967696673,-0.00384051527,-0.113534285,-0.171277625,0.224999691,-1.51211678,-4.31409623,0.000207874053,1500,1500,1500,1500,1500,1500,1500,1500,0,0,0,0,0.02,0,0,0,0,0.02,0,0,0,0,0.02,0,0,0,0,0.02,0,0,0,0,1,0,0,0,0,1,0,0,0,0,1,0,0,0,0,1
299686.266,13.8,0,0,0,0,0,0,0.367101461,-0,150.09763,-147.154539,2.94309079,1,0,0,0,0,0,0,0,0,0,0,0,0,0,0,150.09763,4.79015999,-1.85057561,1.86249591e-05,0,0,0,0,0,0,0,0,0,0,0,0,0,0,0,0,0,0,0,0,0,0,0,0,0,0,0,0,0,0,0,0,147.154539,0.0394669884,0.967696673,-0.00384051527,-0.113534285,-0.171277625,0.224999691,-1.51211678,-4.31409623,0.000207874053,1500,1500,1500,1500,1500,1500,1500,1500,0,0,0,0,0.02,0,0,0,0,0.02,0,0,0,0,0.02,0,0,0,0,0.02,0,0,0,0,1,0,0,0,0,1,0,0,0,0,1,0,0,0,0,1
299686.316,13.85,0,0,0,0,0,0,0.367101461,-0,150.09763,-147.154539,2.94309079,1,0,0,0,0,0,0,0,0,0,0,0,0,0,0,150.09763,4.79015999,-1.85057561,1.86249591e-05,0,0,0,0,0,0,0,0,0,0,0,0,0,0,0,0,0,0,0,0,0,0,0,0,0,0,0,0,0,0,0,0,147.154539,0.0394669884,0.967696673,-0.00384051527,-0.113534285,-0.171277625,0.224999691,-1.51211678,-4.31409623,0.000207874053,1500,1500,1500,1500,1500,1500,1500,1500,0,0,0,0,0.02,0,0,0,0,0.02,0,0,0,0,0.02,0,0,0,0,0.02,0,0,0,0,1,0,0,0,0,1,0,0,0,0,1,0,0,0,0,1
299686.366,13.9,0,0,0,0,0,0,0.367101461,-0,150.09763,-147.154539,2.94309079,1,0,0,0,0,0,0,0,0,0,0,0,0,0,0,150.09763,4.79015999,-1.85057561,1.86249591e-05,0,0,0,0,0,0,0,0,0,0,0,0,0,0,0,0,0,0,0,0,0,0,0,0,0,0,0,0,0,0,0,0,147.154539,0.0394669884,0.967696673,-0.00384051527,-0.113534285,-0.171277625,0.224999691,-1.51211678,-4.31409623,0.000207874053,1500,1500,1500,1500,1500,1500,1500,1500,0,0,0,0,0.02,0,0,0,0,0.02,0,0,0,0,0.02,0,0,0,0,0.02,0,0,0,0,1,0,0,0,0,1,0,0,0,0,1,0,0,0,0,1
299686.416,13.95,0,0,0,0,0,0,0.367101461,-0,150.09763,-147.154539,2.94309079,1,0,0,0,0,0,0,0,0,0,0,0,0,0,0,150.09763,4.79015999,-1.85057561,1.86249591e-05,0,0,0,0,0,0,0,0,0,0,0,0,0,0,0,0,0,0,0,0,0,0,0,0,0,0,0,0,0,0,0,0,147.154539,0.0394669884,0.967696673,-0.00384051527,-0.113534285,-0.171277625,0.224999691,-1.51211678,-4.31409623,0.000207874053,1500,1500,1500,1500,1500,1500,1500,1500,0,0,0,0,0.02,0,0,0,0,0.02,0,0,0,0,0.02,0,0,0,0,0.02,0,0,0,0,1,0,0,0,0,1,0,0,0,0,1,0,0,0,0,1
299686.466,14,0,0,0,0,0,0,0.367101461,-0,150.09763,-147.154539,2.94309079,1,0,0,0,0,0,0,0,0,0,0,0,0,0,0,150.09763,4.79015999,-1.85057561,1.86249591e-05,0,0,0,0,0,0,0,0,0,0,0,0,0,0,0,0,0,0,0,0,0,0,0,0,0,0,0,0,0,0,0,0,147.154539,0.0394669884,0.967696673,-0.00384051527,-0.113534285,-0.171277625,0.224999691,-1.51211678,-4.31409623,0.000207874053,1500,1500,1500,1500,1500,1500,1500,1500,0,0,0,0,0.02,0,0,0,0,0.02,0,0,0,0,0.02,0,0,0,0,0.02,0,0,0,0,1,0,0,0,0,1,0,0,0,0,1,0,0,0,0,1
299686.516,14.05,0,0,0,0,0,0,0.367101461,-0,150.09763,-147.154539,2.94309079,1,0,0,0,0,0,0,0,0,0,0,0,0,0,0,150.09763,4.79015999,-1.85057561,1.86249591e-05,0,0,0,0,0,0,0,0,0,0,0,0,0,0,0,0,0,0,0,0,0,0,0,0,0,0,0,0,0,0,0,0,147.154539,0.0394669884,0.967696673,-0.00384051527,-0.113534285,-0.171277625,0.224999691,-1.51211678,-4.31409623,0.000207874053,1500,1500,1500,1500,1500,1500,1500,1500,0,0,0,0,0.02,0,0,0,0,0.02,0,0,0,0,0.02,0,0,0,0,0.02,0,0,0,0,1,0,0,0,0,1,0,0,0,0,1,0,0,0,0,1
299686.566,14.1,0,0,0,0,0,0,0.367101461,-0,150.09763,-147.154539,2.94309079,1,0,0,0,0,0,0,0,0,0,0,0,0,0,0,150.09763,4.79015999,-1.85057561,1.86249591e-05,0,0,0,0,0,0,0,0,0,0,0,0,0,0,0,0,0,0,0,0,0,0,0,0,0,0,0,0,0,0,0,0,147.154539,0.0394669884,0.967696673,-0.00384051527,-0.113534285,-0.171277625,0.224999691,-1.51211678,-4.31409623,0.000207874053,1500,1500,1500,1500,1500,1500,1500,1500,0,0,0,0,0.02,0,0,0,0,0.02,0,0,0,0,0.02,0,0,0,0,0.02,0,0,0,0,1,0,0,0,0,1,0,0,0,0,1,0,0,0,0,1
299686.616,14.15,0,0,0,0,0,0,0.367101461,-0,150.09763,-147.154539,2.94309079,1,0,0,0,0,0,0,0,0,0,0,0,0,0,0,150.09763,4.79015999,-1.85057561,1.86249591e-05,0,0,0,0,0,0,0,0,0,0,0,0,0,0,0,0,0,0,0,0,0,0,0,0,0,0,0,0,0,0,0,0,147.154539,0.0394669884,0.967696673,-0.00384051527,-0.113534285,-0.171277625,0.224999691,-1.51211678,-4.31409623,0.000207874053,1500,1500,1500,1500,1500,1500,1500,1500,0,0,0,0,0.02,0,0,0,0,0.02,0,0,0,0,0.02,0,0,0,0,0.02,0,0,0,0,1,0,0,0,0,1,0,0,0,0,1,0,0,0,0,1
299686.666,14.2,0,0,0,0,0,0,0.367101461,-0,150.09763,-147.154539,2.94309079,1,0,0,0,0,0,0,0,0,0,0,0,0,0,0,150.09763,4.79015999,-1.85057561,1.86249591e-05,0,0,0,0,0,0,0,0,0,0,0,0,0,0,0,0,0,0,0,0,0,0,0,0,0,0,0,0,0,0,0,0,147.154539,0.0394669884,0.967696673,-0.00384051527,-0.113534285,-0.171277625,0.224999691,-1.51211678,-4.31409623,0.000207874053,1500,1500,1500,1500,1500,1500,1500,1500,0,0,0,0,0.02,0,0,0,0,0.02,0,0,0,0,0.02,0,0,0,0,0.02,0,0,0,0,1,0,0,0,0,1,0,0,0,0,1,0,0,0,0,1
299686.716,14.25,0,0,0,0,0,0,0.367101461,-0,150.09763,-147.154539,2.94309079,1,0,0,0,0,0,0,0,0,0,0,0,0,0,0,150.09763,4.79015999,-1.85057561,1.86249591e-05,0,0,0,0,0,0,0,0,0,0,0,0,0,0,0,0,0,0,0,0,0,0,0,0,0,0,0,0,0,0,0,0,147.154539,0.0394669884,0.967696673,-0.00384051527,-0.113534285,-0.171277625,0.224999691,-1.51211678,-4.31409623,0.000207874053,1500,1500,1500,1500,1500,1500,1500,1500,0,0,0,0,0.02,0,0,0,0,0.02,0,0,0,0,0.02,0,0,0,0,0.02,0,0,0,0,1,0,0,0,0,1,0,0,0,0,1,0,0,0,0,1
299686.766,14.3,0,0,0,0,0,0,0.367101461,-0,150.09763,-147.154539,2.94309079,1,0,0,0,0,0,0,0,0,0,0,0,0,0,0,150.09763,4.79015999,-1.85057561,1.86249591e-05,0,0,0,0,0,0,0,0,0,0,0,0,0,0,0,0,0,0,0,0,0,0,0,0,0,0,0,0,0,0,0,0,147.154539,0.0394669884,0.967696673,-0.00384051527,-0.113534285,-0.171277625,0.224999691,-1.51211678,-4.31409623,0.000207874053,1500,1500,1500,1500,1500,1500,1500,1500,0,0,0,0,0.02,0,0,0,0,0.02,0,0,0,0,0.02,0,0,0,0,0.02,0,0,0,0,1,0,0,0,0,1,0,0,0,0,1,0,0,0,0,1
299686.816,14.35,0,0,0,0,0,0,0.367101461,-0,150.09763,-147.154539,2.94309079,1,0,0,0,0,0,0,0,0,0,0,0,0,0,0,150.09763,4.79015999,-1.85057561,1.86249591e-05,0,0,0,0,0,0,0,0,0,0,0,0,0,0,0,0,0,0,0,0,0,0,0,0,0,0,0,0,0,0,0,0,147.154539,0.0394669884,0.967696673,-0.00384051527,-0.113534285,-0.171277625,0.224999691,-1.51211678,-4.31409623,0.000207874053,1500,1500,1500,1500,1500,1500,1500,1500,0,0,0,0,0.02,0,0,0,0,0.02,0,0,0,0,0.02,0,0,0,0,0.02,0,0,0,0,1,0,0,0,0,1,0,0,0,0,1,0,0,0,0,1
299686.866,14.4,0,0,0,0,0,0,0.367101461,-0,150.09763,-147.154539,2.94309079,1,0,0,0,0,0,0,0,0,0,0,0,0,0,0,150.09763,4.79015999,-1.85057561,1.86249591e-05,0,0,0,0,0,0,0,0,0,0,0,0,0,0,0,0,0,0,0,0,0,0,0,0,0,0,0,0,0,0,0,0,147.154539,0.0394669884,0.967696673,-0.00384051527,-0.113534285,-0.171277625,0.224999691,-1.51211678,-4.31409623,0.000207874053,1500,1500,1500,1500,1500,1500,1500,1500,0,0,0,0,0.02,0,0,0,0,0.02,0,0,0,0,0.02,0,0,0,0,0.02,0,0,0,0,1,0,0,0,0,1,0,0,0,0,1,0,0,0,0,1
299686.916,14.45,0,0,0,0,0,0,0.367101461,-0,150.09763,-147.154539,2.94309079,1,0,0,0,0,0,0,0,0,0,0,0,0,0,0,150.09763,4.79015999,-1.85057561,1.86249591e-05,0,0,0,0,0,0,0,0,0,0,0,0,0,0,0,0,0,0,0,0,0,0,0,0,0,0,0,0,0,0,0,0,147.154539,0.0394669884,0.967696673,-0.00384051527,-0.113534285,-0.171277625,0.224999691,-1.51211678,-4.31409623,0.000207874053,1500,1500,1500,1500,1500,1500,1500,1500,0,0,0,0,0.02,0,0,0,0,0.02,0,0,0,0,0.02,0,0,0,0,0.02,0,0,0,0,1,0,0,0,0,1,0,0,0,0,1,0,0,0,0,1
299686.966,14.5,0,0,0,0,0,0,0.367101461,-0,150.09763,-147.154539,2.94309079,1,0,0,0,0,0,0,0,0,0,0,0,0,0,0,150.09763,4.79015999,-1.85057561,1.86249591e-05,0,0,0,0,0,0,0,0,0,0,0,0,0,0,0,0,0,0,0,0,0,0,0,0,0,0,0,0,0,0,0,0,147.154539,0.0394669884,0.967696673,-0.00384051527,-0.113534285,-0.171277625,0.224999691,-1.51211678,-4.31409623,0.000207874053,1500,1500,1500,1500,1500,1500,1500,1500,0,0,0,0,0.02,0,0,0,0,0.02,0,0,0,0,0.02,0,0,0,0,0.02,0,0,0,0,1,0,0,0,0,1,0,0,0,0,1,0,0,0,0,1
299687.016,14.55,0,0,0,0,0,0,0.367101461,-0,150.09763,-147.154539,2.94309079,1,0,0,0,0,0,0,0,0,0,0,0,0,0,0,150.09763,4.79015999,-1.85057561,1.86249591e-05,0,0,0,0,0,0,0,0,0,0,0,0,0,0,0,0,0,0,0,0,0,0,0,0,0,0,0,0,0,0,0,0,147.154539,0.0394669884,0.967696673,-0.00384051527,-0.113534285,-0.171277625,0.224999691,-1.51211678,-4.31409623,0.000207874053,1500,1500,1500,1500,1500,1500,1500,1500,0,0,0,0,0.02,0,0,0,0,0.02,0,0,0,0,0.02,0,0,0,0,0.02,0,0,0,0,1,0,0,0,0,1,0,0,0,0,1,0,0,0,0,1
299687.066,14.6,0,0,0,0,0,0,0.367101461,-0,150.09763,-147.154539,2.94309079,1,0,0,0,0,0,0,0,0,0,0,0,0,0,0,150.09763,4.79015999,-1.85057561,1.86249591e-05,0,0,0,0,0,0,0,0,0,0,0,0,0,0,0,0,0,0,0,0,0,0,0,0,0,0,0,0,0,0,0,0,147.154539,0.0394669884,0.967696673,-0.00384051527,-0.113534285,-0.171277625,0.224999691,-1.51211678,-4.31409623,0.000207874053,1500,1500,1500,1500,1500,1500,1500,1500,0,0,0,0,0.02,0,0,0,0,0.02,0,0,0,0,0.02,0,0,0,0,0.02,0,0,0,0,1,0,0,0,0,1,0,0,0,0,1,0,0,0,0,1
299687.116,14.65,0,0,0,0,0,0,0.367101461,-0,150.09763,-147.154539,2.94309079,1,0,0,0,0,0,0,0,0,0,0,0,0,0,0,150.09763,4.79015999,-1.85057561,1.86249591e-05,0,0,0,0,0,0,0,0,0,0,0,0,0,0,0,0,0,0,0,0,0,0,0,0,0,0,0,0,0,0,0,0,147.154539,0.0394669884,0.967696673,-0.00384051527,-0.113534285,-0.171277625,0.224999691,-1.51211678,-4.31409623,0.000207874053,1500,1500,1500,1500,1500,1500,1500,1500,0,0,0,0,0.02,0,0,0,0,0.02,0,0,0,0,0.02,0,0,0,0,0.02,0,0,0,0,1,0,0,0,0,1,0,0,0,0,1,0,0,0,0,1
299687.166,14.7,0,0,0,0,0,0,0.367101461,-0,150.09763,-147.154539,2.94309079,1,0,0,0,0,0,0,0,0,0,0,0,0,0,0,150.09763,4.79015999,-1.85057561,1.86249591e-05,0,0,0,0,0,0,0,0,0,0,0,0,0,0,0,0,0,0,0,0,0,0,0,0,0,0,0,0,0,0,0,0,147.154539,0.0394669884,0.967696673,-0.00384051527,-0.113534285,-0.171277625,0.224999691,-1.51211678,-4.31409623,0.000207874053,1500,1500,1500,1500,1500,1500,1500,1500,0,0,0,0,0.02,0,0,0,0,0.02,0,0,0,0,0.02,0,0,0,0,0.02,0,0,0,0,1,0,0,0,0,1,0,0,0,0,1,0,0,0,0,1
299687.216,14.75,0,0,0,0,0,0,0.367101461,-0,150.09763,-147.154539,2.94309079,1,0,0,0,0,0,0,0,0,0,0,0,0,0,0,150.09763,4.79015999,-1.85057561,1.86249591e-05,0,0,0,0,0,0,0,0,0,0,0,0,0,0,0,0,0,0,0,0,0,0,0,0,0,0,0,0,0,0,0,0,147.154539,0.0394669884,0.967696673,-0.00384051527,-0.113534285,-0.171277625,0.224999691,-1.51211678,-4.31409623,0.000207874053,1500,1500,1500,1500,1500,1500,1500,1500,0,0,0,0,0.02,0,0,0,0,0.02,0,0,0,0,0.02,0,0,0,0,0.02,0,0,0,0,1,0,0,0,0,1,0,0,0,0,1,0,0,0,0,1
299687.266,14.8,0,0,0,0,0,0,0.367101461,-0,150.09763,-147.154539,2.94309079,1,0,0,0,0,0,0,0,0,0,0,0,0,0,0,150.09763,4.79015999,-1.85057561,1.86249591e-05,0,0,0,0,0,0,0,0,0,0,0,0,0,0,0,0,0,0,0,0,0,0,0,0,0,0,0,0,0,0,0,0,147.154539,0.0394669884,0.967696673,-0.00384051527,-0.113534285,-0.171277625,0.224999691,-1.51211678,-4.31409623,0.000207874053,1500,1500,1500,1500,1500,1500,1500,1500,0,0,0,0,0.02,0,0,0,0,0.02,0,0,0,0,0.02,0,0,0,0,0.02,0,0,0,0,1,0,0,0,0,1,0,0,0,0,1,0,0,0,0,1
299687.323,14.85,0,0,0,0,0,0,0.367101461,-0,150.09763,-147.154539,2.94309079,1,0,0,0,0,0,0,0,0,0,0,0,0,0,0,150.09763,4.79015999,-1.85057561,1.86249591e-05,0,0,0,0,0,0,0,0,0,0,0,0,0,0,0,0,0,0,0,0,0,0,0,0,0,0,0,0,0,0,0,0,147.154539,0.0394669884,0.967696673,-0.00384051527,-0.113534285,-0.171277625,0.224999691,-1.51211678,-4.31409623,0.000207874053,1500,1500,1500,1500,1500,1500,1500,1500,0,0,0,0,0.02,0,0,0,0,0.02,0,0,0,0,0.02,0,0,0,0,0.02,0,0,0,0,1,0,0,0,0,1,0,0,0,0,1,0,0,0,0,1
299687.375,14.9,0,0,0,0,0,0,0.367101461,-0,150.09763,-147.154539,2.94309079,1,0,0,0,0,0,0,0,0,0,0,0,0,0,0,150.09763,4.79015999,-1.85057561,1.86249591e-05,0,0,0,0,0,0,0,0,0,0,0,0,0,0,0,0,0,0,0,0,0,0,0,0,0,0,0,0,0,0,0,0,147.154539,0.0394669884,0.967696673,-0.00384051527,-0.113534285,-0.171277625,0.224999691,-1.51211678,-4.31409623,0.000207874053,1500,1500,1500,1500,1500,1500,1500,1500,0,0,0,0,0.02,0,0,0,0,0.02,0,0,0,0,0.02,0,0,0,0,0.02,0,0,0,0,1,0,0,0,0,1,0,0,0,0,1,0,0,0,0,1
299687.425,14.95,0,0,0,0,0,0,0.367101461,-0,150.09763,-147.154539,2.94309079,1,0,0,0,0,0,0,0,0,0,0,0,0,0,0,150.09763,4.79015999,-1.85057561,1.86249591e-05,0,0,0,0,0,0,0,0,0,0,0,0,0,0,0,0,0,0,0,0,0,0,0,0,0,0,0,0,0,0,0,0,147.154539,0.0394669884,0.967696673,-0.00384051527,-0.113534285,-0.171277625,0.224999691,-1.51211678,-4.31409623,0.000207874053,1500,1500,1500,1500,1500,1500,1500,1500,0,0,0,0,0.02,0,0,0,0,0.02,0,0,0,0,0.02,0,0,0,0,0.02,0,0,0,0,1,0,0,0,0,1,0,0,0,0,1,0,0,0,0,1
299687.475,15,0,0,0,0,0,0,0.367101461,-0,150.09763,-147.154539,2.94309079,1,0,0,0,0,0,0,0,0,0,0,0,0,0,0,150.09763,4.79015999,-1.85057561,1.86249591e-05,0,0,0,0,0,0,0,0,0,0,0,0,0,0,0,0,0,0,0,0,0,0,0,0,0,0,0,0,0,0,0,0,147.154539,0.0394669884,0.967696673,-0.00384051527,-0.113534285,-0.171277625,0.224999691,-1.51211678,-4.31409623,0.000207874053,1500,1500,1500,1500,1500,1500,1500,1500,0,0,0,0,0.02,0,0,0,0,0.02,0,0,0,0,0.02,0,0,0,0,0.02,0,0,0,0,1,0,0,0,0,1,0,0,0,0,1,0,0,0,0,1
299687.525,15.05,0,0,0,0,0,0,0.367101461,-0,150.09763,-147.154539,2.94309079,1,0,0,0,0,0,0,0,0,0,0,0,0,0,0,150.09763,4.79015999,-1.85057561,1.86249591e-05,0,0,0,0,0,0,0,0,0,0,0,0,0,0,0,0,0,0,0,0,0,0,0,0,0,0,0,0,0,0,0,0,147.154539,0.0394669884,0.967696673,-0.00384051527,-0.113534285,-0.171277625,0.224999691,-1.51211678,-4.31409623,0.000207874053,1500,1500,1500,1500,1500,1500,1500,1500,0,0,0,0,0.02,0,0,0,0,0.02,0,0,0,0,0.02,0,0,0,0,0.02,0,0,0,0,1,0,0,0,0,1,0,0,0,0,1,0,0,0,0,1
299687.575,15.1,0,0,0,0,0,0,0.367101461,-0,150.09763,-147.154539,2.94309079,1,0,0,0,0,0,0,0,0,0,0,0,0,0,0,150.09763,4.79015999,-1.85057561,1.86249591e-05,0,0,0,0,0,0,0,0,0,0,0,0,0,0,0,0,0,0,0,0,0,0,0,0,0,0,0,0,0,0,0,0,147.154539,0.0394669884,0.967696673,-0.00384051527,-0.113534285,-0.171277625,0.224999691,-1.51211678,-4.31409623,0.000207874053,1500,1500,1500,1500,1500,1500,1500,1500,0,0,0,0,0.02,0,0,0,0,0.02,0,0,0,0,0.02,0,0,0,0,0.02,0,0,0,0,1,0,0,0,0,1,0,0,0,0,1,0,0,0,0,1
299687.625,15.15,0,0,0,0,0,0,0.367101461,-0,150.09763,-147.154539,2.94309079,1,0,0,0,0,0,0,0,0,0,0,0,0,0,0,150.09763,4.79015999,-1.85057561,1.86249591e-05,0,0,0,0,0,0,0,0,0,0,0,0,0,0,0,0,0,0,0,0,0,0,0,0,0,0,0,0,0,0,0,0,147.154539,0.0394669884,0.967696673,-0.00384051527,-0.113534285,-0.171277625,0.224999691,-1.51211678,-4.31409623,0.000207874053,1500,1500,1500,1500,1500,1500,1500,1500,0,0,0,0,0.02,0,0,0,0,0.02,0,0,0,0,0.02,0,0,0,0,0.02,0,0,0,0,1,0,0,0,0,1,0,0,0,0,1,0,0,0,0,1
299687.675,15.2,0,0,0,0,0,0,0.367101461,-0,150.09763,-147.154539,2.94309079,1,0,0,0,0,0,0,0,0,0,0,0,0,0,0,150.09763,4.79015999,-1.85057561,1.86249591e-05,0,0,0,0,0,0,0,0,0,0,0,0,0,0,0,0,0,0,0,0,0,0,0,0,0,0,0,0,0,0,0,0,147.154539,0.0394669884,0.967696673,-0.00384051527,-0.113534285,-0.171277625,0.224999691,-1.51211678,-4.31409623,0.000207874053,1500,1500,1500,1500,1500,1500,1500,1500,0,0,0,0,0.02,0,0,0,0,0.02,0,0,0,0,0.02,0,0,0,0,0.02,0,0,0,0,1,0,0,0,0,1,0,0,0,0,1,0,0,0,0,1
299687.725,15.25,0,0,0,0,0,0,0.367101461,-0,150.09763,-147.154539,2.94309079,1,0,0,0,0,0,0,0,0,0,0,0,0,0,0,150.09763,4.79015999,-1.85057561,1.86249591e-05,0,0,0,0,0,0,0,0,0,0,0,0,0,0,0,0,0,0,0,0,0,0,0,0,0,0,0,0,0,0,0,0,147.154539,0.0394669884,0.967696673,-0.00384051527,-0.113534285,-0.171277625,0.224999691,-1.51211678,-4.31409623,0.000207874053,1500,1500,1500,1500,1500,1500,1500,1500,0,0,0,0,0.02,0,0,0,0,0.02,0,0,0,0,0.02,0,0,0,0,0.02,0,0,0,0,1,0,0,0,0,1,0,0,0,0,1,0,0,0,0,1
299687.775,15.3,0,0,0,0,0,0,0.367101461,-0,150.09763,-147.154539,2.94309079,1,0,0,0,0,0,0,0,0,0,0,0,0,0,0,150.09763,4.79015999,-1.85057561,1.86249591e-05,0,0,0,0,0,0,0,0,0,0,0,0,0,0,0,0,0,0,0,0,0,0,0,0,0,0,0,0,0,0,0,0,147.154539,0.0394669884,0.967696673,-0.00384051527,-0.113534285,-0.171277625,0.224999691,-1.51211678,-4.31409623,0.000207874053,1500,1500,1500,1500,1500,1500,1500,1500,0,0,0,0,0.02,0,0,0,0,0.02,0,0,0,0,0.02,0,0,0,0,0.02,0,0,0,0,1,0,0,0,0,1,0,0,0,0,1,0,0,0,0,1
299687.825,15.35,0,0,0,0,0,0,0.367101461,-0,150.09763,-147.154539,2.94309079,1,0,0,0,0,0,0,0,0,0,0,0,0,0,0,150.09763,4.79015999,-1.85057561,1.86249591e-05,0,0,0,0,0,0,0,0,0,0,0,0,0,0,0,0,0,0,0,0,0,0,0,0,0,0,0,0,0,0,0,0,147.154539,0.0394669884,0.967696673,-0.00384051527,-0.113534285,-0.171277625,0.224999691,-1.51211678,-4.31409623,0.000207874053,1500,1500,1500,1500,1500,1500,1500,1500,0,0,0,0,0.02,0,0,0,0,0.02,0,0,0,0,0.02,0,0,0,0,0.02,0,0,0,0,1,0,0,0,0,1,0,0,0,0,1,0,0,0,0,1
299687.875,15.4,0,0,0,0,0,0,0.367101461,-0,150.09763,-147.154539,2.94309079,1,0,0,0,0,0,0,0,0,0,0,0,0,0,0,150.09763,4.79015999,-1.85057561,1.86249591e-05,0,0,0,0,0,0,0,0,0,0,0,0,0,0,0,0,0,0,0,0,0,0,0,0,0,0,0,0,0,0,0,0,147.154539,0.0394669884,0.967696673,-0.00384051527,-0.113534285,-0.171277625,0.224999691,-1.51211678,-4.31409623,0.000207874053,1500,1500,1500,1500,1500,1500,1500,1500,0,0,0,0,0.02,0,0,0,0,0.02,0,0,0,0,0.02,0,0,0,0,0.02,0,0,0,0,1,0,0,0,0,1,0,0,0,0,1,0,0,0,0,1
299687.925,15.45,0,0,0,0,0,0,0.367101461,-0,150.09763,-147.154539,2.94309079,1,0,0,0,0,0,0,0,0,0,0,0,0,0,0,150.09763,4.79015999,-1.85057561,1.86249591e-05,0,0,0,0,0,0,0,0,0,0,0,0,0,0,0,0,0,0,0,0,0,0,0,0,0,0,0,0,0,0,0,0,147.154539,0.0394669884,0.967696673,-0.00384051527,-0.113534285,-0.171277625,0.224999691,-1.51211678,-4.31409623,0.000207874053,1500,1500,1500,1500,1500,1500,1500,1500,0,0,0,0,0.02,0,0,0,0,0.02,0,0,0,0,0.02,0,0,0,0,0.02,0,0,0,0,1,0,0,0,0,1,0,0,0,0,1,0,0,0,0,1
299687.975,15.5,0,0,0,0,0,0,0.367101461,-0,150.09763,-147.154539,2.94309079,1,0,0,0,0,0,0,0,0,0,0,0,0,0,0,150.09763,4.79015999,-1.85057561,1.86249591e-05,0,0,0,0,0,0,0,0,0,0,0,0,0,0,0,0,0,0,0,0,0,0,0,0,0,0,0,0,0,0,0,0,147.154539,0.0394669884,0.967696673,-0.00384051527,-0.113534285,-0.171277625,0.224999691,-1.51211678,-4.31409623,0.000207874053,1500,1500,1500,1500,1500,1500,1500,1500,0,0,0,0,0.02,0,0,0,0,0.02,0,0,0,0,0.02,0,0,0,0,0.02,0,0,0,0,1,0,0,0,0,1,0,0,0,0,1,0,0,0,0,1
299688.025,15.55,0,0,0,0,0,0,0.367101461,-0,150.09763,-147.154539,2.94309079,1,0,0,0,0,0,0,0,0,0,0,0,0,0,0,150.09763,4.79015999,-1.85057561,1.86249591e-05,0,0,0,0,0,0,0,0,0,0,0,0,0,0,0,0,0,0,0,0,0,0,0,0,0,0,0,0,0,0,0,0,147.154539,0.0394669884,0.967696673,-0.00384051527,-0.113534285,-0.171277625,0.224999691,-1.51211678,-4.31409623,0.000207874053,1500,1500,1500,1500,1500,1500,1500,1500,0,0,0,0,0.02,0,0,0,0,0.02,0,0,0,0,0.02,0,0,0,0,0.02,0,0,0,0,1,0,0,0,0,1,0,0,0,0,1,0,0,0,0,1
299688.075,15.6,0,0,0,0,0,0,0.367101461,-0,150.09763,-147.154539,2.94309079,1,0,0,0,0,0,0,0,0,0,0,0,0,0,0,150.09763,4.79015999,-1.85057561,1.86249591e-05,0,0,0,0,0,0,0,0,0,0,0,0,0,0,0,0,0,0,0,0,0,0,0,0,0,0,0,0,0,0,0,0,147.154539,0.0394669884,0.967696673,-0.00384051527,-0.113534285,-0.171277625,0.224999691,-1.51211678,-4.31409623,0.000207874053,1500,1500,1500,1500,1500,1500,1500,1500,0,0,0,0,0.02,0,0,0,0,0.02,0,0,0,0,0.02,0,0,0,0,0.02,0,0,0,0,1,0,0,0,0,1,0,0,0,0,1,0,0,0,0,1
299688.125,15.65,0,0,0,0,0,0,0.367101461,-0,150.09763,-147.154539,2.94309079,1,0,0,0,0,0,0,0,0,0,0,0,0,0,0,150.09763,4.79015999,-1.85057561,1.86249591e-05,0,0,0,0,0,0,0,0,0,0,0,0,0,0,0,0,0,0,0,0,0,0,0,0,0,0,0,0,0,0,0,0,147.154539,0.0394669884,0.967696673,-0.00384051527,-0.113534285,-0.171277625,0.224999691,-1.51211678,-4.31409623,0.000207874053,1500,1500,1500,1500,1500,1500,1500,1500,0,0,0,0,0.02,0,0,0,0,0.02,0,0,0,0,0.02,0,0,0,0,0.02,0,0,0,0,1,0,0,0,0,1,0,0,0,0,1,0,0,0,0,1
299688.175,15.7,0,0,0,0,0,0,0.367101461,-0,150.09763,-147.154539,2.94309079,1,0,0,0,0,0,0,0,0,0,0,0,0,0,0,150.09763,4.79015999,-1.85057561,1.86249591e-05,0,0,0,0,0,0,0,0,0,0,0,0,0,0,0,0,0,0,0,0,0,0,0,0,0,0,0,0,0,0,0,0,147.154539,0.0394669884,0.967696673,-0.00384051527,-0.113534285,-0.171277625,0.224999691,-1.51211678,-4.31409623,0.000207874053,1500,1500,1500,1500,1500,1500,1500,1500,0,0,0,0,0.02,0,0,0,0,0.02,0,0,0,0,0.02,0,0,0,0,0.02,0,0,0,0,1,0,0,0,0,1,0,0,0,0,1,0,0,0,0,1
299688.225,15.75,0,0,0,0,0,0,0.367101461,-0,150.09763,-147.154539,2.94309079,1,0,0,0,0,0,0,0,0,0,0,0,0,0,0,150.09763,4.79015999,-1.85057561,1.86249591e-05,0,0,0,0,0,0,0,0,0,0,0,0,0,0,0,0,0,0,0,0,0,0,0,0,0,0,0,0,0,0,0,0,147.154539,0.0394669884,0.967696673,-0.00384051527,-0.113534285,-0.171277625,0.224999691,-1.51211678,-4.31409623,0.000207874053,1500,1500,1500,1500,1500,1500,1500,1500,0,0,0,0,0.02,0,0,0,0,0.02,0,0,0,0,0.02,0,0,0,0,0.02,0,0,0,0,1,0,0,0,0,1,0,0,0,0,1,0,0,0,0,1
299688.274,15.8,0,0,0,0,0,0,0.367101461,-0,150.09763,-147.154539,2.94309079,1,0,0,0,0,0,0,0,0,0,0,0,0,0,0,150.09763,4.79015999,-1.85057561,1.86249591e-05,0,0,0,0,0,0,0,0,0,0,0,0,0,0,0,0,0,0,0,0,0,0,0,0,0,0,0,0,0,0,0,0,147.154539,0.0394669884,0.967696673,-0.00384051527,-0.113534285,-0.171277625,0.224999691,-1.51211678,-4.31409623,0.000207874053,1500,1500,1500,1500,1500,1500,1500,1500,0,0,0,0,0.02,0,0,0,0,0.02,0,0,0,0,0.02,0,0,0,0,0.02,0,0,0,0,1,0,0,0,0,1,0,0,0,0,1,0,0,0,0,1
299688.325,15.85,0,0,0,0,0,0,0.367101461,-0,150.09763,-147.154539,2.94309079,1,0,0,0,0,0,0,0,0,0,0,0,0,0,0,150.09763,4.79015999,-1.85057561,1.86249591e-05,0,0,0,0,0,0,0,0,0,0,0,0,0,0,0,0,0,0,0,0,0,0,0,0,0,0,0,0,0,0,0,0,147.154539,0.0394669884,0.967696673,-0.00384051527,-0.113534285,-0.171277625,0.224999691,-1.51211678,-4.31409623,0.000207874053,1500,1500,1500,1500,1500,1500,1500,1500,0,0,0,0,0.02,0,0,0,0,0.02,0,0,0,0,0.02,0,0,0,0,0.02,0,0,0,0,1,0,0,0,0,1,0,0,0,0,1,0,0,0,0,1
299688.375,15.9,0,0,0,0,0,0,0.367101461,-0,150.09763,-147.154539,2.94309079,1,0,0,0,0,0,0,0,0,0,0,0,0,0,0,150.09763,4.79015999,-1.85057561,1.86249591e-05,0,0,0,0,0,0,0,0,0,0,0,0,0,0,0,0,0,0,0,0,0,0,0,0,0,0,0,0,0,0,0,0,147.154539,0.0394669884,0.967696673,-0.00384051527,-0.113534285,-0.171277625,0.224999691,-1.51211678,-4.31409623,0.000207874053,1500,1500,1500,1500,1500,1500,1500,1500,0,0,0,0,0.02,0,0,0,0,0.02,0,0,0,0,0.02,0,0,0,0,0.02,0,0,0,0,1,0,0,0,0,1,0,0,0,0,1,0,0,0,0,1
299688.425,15.95,0,0,0,0,0,0,0.367101461,-0,150.09763,-147.154539,2.94309079,1,0,0,0,0,0,0,0,0,0,0,0,0,0,0,150.09763,4.79015999,-1.85057561,1.86249591e-05,0,0,0,0,0,0,0,0,0,0,0,0,0,0,0,0,0,0,0,0,0,0,0,0,0,0,0,0,0,0,0,0,147.154539,0.0394669884,0.967696673,-0.00384051527,-0.113534285,-0.171277625,0.224999691,-1.51211678,-4.31409623,0.000207874053,1500,1500,1500,1500,1500,1500,1500,1500,0,0,0,0,0.02,0,0,0,0,0.02,0,0,0,0,0.02,0,0,0,0,0.02,0,0,0,0,1,0,0,0,0,1,0,0,0,0,1,0,0,0,0,1
299688.475,16,0,0,0,0,0,0,0.367101461,-0,150.09763,-147.154539,2.94309079,1,0,0,0,0,0,0,0,0,0,0,0,0,0,0,150.09763,4.79015999,-1.85057561,1.86249591e-05,0,0,0,0,0,0,0,0,0,0,0,0,0,0,0,0,0,0,0,0,0,0,0,0,0,0,0,0,0,0,0,0,147.154539,0.0394669884,0.967696673,-0.00384051527,-0.113534285,-0.171277625,0.224999691,-1.51211678,-4.31409623,0.000207874053,1500,1500,1500,1500,1500,1500,1500,1500,0,0,0,0,0.02,0,0,0,0,0.02,0,0,0,0,0.02,0,0,0,0,0.02,0,0,0,0,1,0,0,0,0,1,0,0,0,0,1,0,0,0,0,1
299688.525,16.05,0,0,0,0,0,0,0.367101461,-0,150.09763,-147.154539,2.94309079,1,0,0,0,0,0,0,0,0,0,0,0,0,0,0,150.09763,4.79015999,-1.85057561,1.86249591e-05,0,0,0,0,0,0,0,0,0,0,0,0,0,0,0,0,0,0,0,0,0,0,0,0,0,0,0,0,0,0,0,0,147.154539,0.0394669884,0.967696673,-0.00384051527,-0.113534285,-0.171277625,0.224999691,-1.51211678,-4.31409623,0.000207874053,1500,1500,1500,1500,1500,1500,1500,1500,0,0,0,0,0.02,0,0,0,0,0.02,0,0,0,0,0.02,0,0,0,0,0.02,0,0,0,0,1,0,0,0,0,1,0,0,0,0,1,0,0,0,0,1
299688.575,16.1,0,0,0,0,0,0,0.367101461,-0,150.09763,-147.154539,2.94309079,1,0,0,0,0,0,0,0,0,0,0,0,0,0,0,150.09763,4.79015999,-1.85057561,1.86249591e-05,0,0,0,0,0,0,0,0,0,0,0,0,0,0,0,0,0,0,0,0,0,0,0,0,0,0,0,0,0,0,0,0,147.154539,0.0394669884,0.967696673,-0.00384051527,-0.113534285,-0.171277625,0.224999691,-1.51211678,-4.31409623,0.000207874053,1500,1500,1500,1500,1500,1500,1500,1500,0,0,0,0,0.02,0,0,0,0,0.02,0,0,0,0,0.02,0,0,0,0,0.02,0,0,0,0,1,0,0,0,0,1,0,0,0,0,1,0,0,0,0,1
299688.625,16.15,0,0,0,0,0,0,0.367101461,-0,150.09763,-147.154539,2.94309079,1,0,0,0,0,0,0,0,0,0,0,0,0,0,0,150.09763,4.79015999,-1.85057561,1.86249591e-05,0,0,0,0,0,0,0,0,0,0,0,0,0,0,0,0,0,0,0,0,0,0,0,0,0,0,0,0,0,0,0,0,147.154539,0.0394669884,0.967696673,-0.00384051527,-0.113534285,-0.171277625,0.224999691,-1.51211678,-4.31409623,0.000207874053,1500,1500,1500,1500,1500,1500,1500,1500,0,0,0,0,0.02,0,0,0,0,0.02,0,0,0,0,0.02,0,0,0,0,0.02,0,0,0,0,1,0,0,0,0,1,0,0,0,0,1,0,0,0,0,1
299688.675,16.2,0,0,0,0,0,0,0.367101461,-0,150.09763,-147.154539,2.94309079,1,0,0,0,0,0,0,0,0,0,0,0,0,0,0,150.09763,4.79015999,-1.85057561,1.86249591e-05,0,0,0,0,0,0,0,0,0,0,0,0,0,0,0,0,0,0,0,0,0,0,0,0,0,0,0,0,0,0,0,0,147.154539,0.0394669884,0.967696673,-0.00384051527,-0.113534285,-0.171277625,0.224999691,-1.51211678,-4.31409623,0.000207874053,1500,1500,1500,1500,1500,1500,1500,1500,0,0,0,0,0.02,0,0,0,0,0.02,0,0,0,0,0.02,0,0,0,0,0.02,0,0,0,0,1,0,0,0,0,1,0,0,0,0,1,0,0,0,0,1
299688.726,16.25,0,0,0,0,0,0,0.367101461,-0,150.09763,-147.154539,2.94309079,1,0,0,0,0,0,0,0,0,0,0,0,0,0,0,150.09763,4.79015999,-1.85057561,1.86249591e-05,0,0,0,0,0,0,0,0,0,0,0,0,0,0,0,0,0,0,0,0,0,0,0,0,0,0,0,0,0,0,0,0,147.154539,0.0394669884,0.967696673,-0.00384051527,-0.113534285,-0.171277625,0.224999691,-1.51211678,-4.31409623,0.000207874053,1500,1500,1500,1500,1500,1500,1500,1500,0,0,0,0,0.02,0,0,0,0,0.02,0,0,0,0,0.02,0,0,0,0,0.02,0,0,0,0,1,0,0,0,0,1,0,0,0,0,1,0,0,0,0,1
299688.775,16.3,0,0,0,0,0,0,0.367101461,-0,150.09763,-147.154539,2.94309079,1,0,0,0,0,0,0,0,0,0,0,0,0,0,0,150.09763,4.79015999,-1.85057561,1.86249591e-05,0,0,0,0,0,0,0,0,0,0,0,0,0,0,0,0,0,0,0,0,0,0,0,0,0,0,0,0,0,0,0,0,147.154539,0.0394669884,0.967696673,-0.00384051527,-0.113534285,-0.171277625,0.224999691,-1.51211678,-4.31409623,0.000207874053,1500,1500,1500,1500,1500,1500,1500,1500,0,0,0,0,0.02,0,0,0,0,0.02,0,0,0,0,0.02,0,0,0,0,0.02,0,0,0,0,1,0,0,0,0,1,0,0,0,0,1,0,0,0,0,1
299688.825,16.35,0,0,0,0,0,0,0.367101461,-0,150.09763,-147.154539,2.94309079,1,0,0,0,0,0,0,0,0,0,0,0,0,0,0,150.09763,4.79015999,-1.85057561,1.86249591e-05,0,0,0,0,0,0,0,0,0,0,0,0,0,0,0,0,0,0,0,0,0,0,0,0,0,0,0,0,0,0,0,0,147.154539,0.0394669884,0.967696673,-0.00384051527,-0.113534285,-0.171277625,0.224999691,-1.51211678,-4.31409623,0.000207874053,1500,1500,1500,1500,1500,1500,1500,1500,0,0,0,0,0.02,0,0,0,0,0.02,0,0,0,0,0.02,0,0,0,0,0.02,0,0,0,0,1,0,0,0,0,1,0,0,0,0,1,0,0,0,0,1
299688.875,16.4,0,0,0,0,0,0,0.367101461,-0,150.09763,-147.154539,2.94309079,1,0,0,0,0,0,0,0,0,0,0,0,0,0,0,150.09763,4.79015999,-1.85057561,1.86249591e-05,0,0,0,0,0,0,0,0,0,0,0,0,0,0,0,0,0,0,0,0,0,0,0,0,0,0,0,0,0,0,0,0,147.154539,0.0394669884,0.967696673,-0.00384051527,-0.113534285,-0.171277625,0.224999691,-1.51211678,-4.31409623,0.000207874053,1500,1500,1500,1500,1500,1500,1500,1500,0,0,0,0,0.02,0,0,0,0,0.02,0,0,0,0,0.02,0,0,0,0,0.02,0,0,0,0,1,0,0,0,0,1,0,0,0,0,1,0,0,0,0,1
299688.925,16.45,0,0,0,0,0,0,0.367101461,-0,150.09763,-147.154539,2.94309079,1,0,0,0,0,0,0,0,0,0,0,0,0,0,0,150.09763,4.79015999,-1.85057561,1.86249591e-05,0,0,0,0,0,0,0,0,0,0,0,0,0,0,0,0,0,0,0,0,0,0,0,0,0,0,0,0,0,0,0,0,147.154539,0.0394669884,0.967696673,-0.00384051527,-0.113534285,-0.171277625,0.224999691,-1.51211678,-4.31409623,0.000207874053,1500,1500,1500,1500,1500,1500,1500,1500,0,0,0,0,0.02,0,0,0,0,0.02,0,0,0,0,0.02,0,0,0,0,0.02,0,0,0,0,1,0,0,0,0,1,0,0,0,0,1,0,0,0,0,1
299688.975,16.5,0,0,0,0,0,0,0.367101461,-0,150.09763,-147.154539,2.94309079,1,0,0,0,0,0,0,0,0,0,0,0,0,0,0,150.09763,4.79015999,-1.85057561,1.86249591e-05,0,0,0,0,0,0,0,0,0,0,0,0,0,0,0,0,0,0,0,0,0,0,0,0,0,0,0,0,0,0,0,0,147.154539,0.0394669884,0.967696673,-0.00384051527,-0.113534285,-0.171277625,0.224999691,-1.51211678,-4.31409623,0.000207874053,1500,1500,1500,1500,1500,1500,1500,1500,0,0,0,0,0.02,0,0,0,0,0.02,0,0,0,0,0.02,0,0,0,0,0.02,0,0,0,0,1,0,0,0,0,1,0,0,0,0,1,0,0,0,0,1
299689.025,16.55,0,0,0,0,0,0,0.367101461,-0,150.09763,-147.154539,2.94309079,1,0,0,0,0,0,0,0,0,0,0,0,0,0,0,150.09763,4.79015999,-1.85057561,1.86249591e-05,0,0,0,0,0,0,0,0,0,0,0,0,0,0,0,0,0,0,0,0,0,0,0,0,0,0,0,0,0,0,0,0,147.154539,0.0394669884,0.967696673,-0.00384051527,-0.113534285,-0.171277625,0.224999691,-1.51211678,-4.31409623,0.000207874053,1500,1500,1500,1500,1500,1500,1500,1500,0,0,0,0,0.02,0,0,0,0,0.02,0,0,0,0,0.02,0,0,0,0,0.02,0,0,0,0,1,0,0,0,0,1,0,0,0,0,1,0,0,0,0,1
299689.075,16.6,0,0,0,0,0,0,0.367101461,-0,150.09763,-147.154539,2.94309079,1,0,0,0,0,0,0,0,0,0,0,0,0,0,0,150.09763,4.79015999,-1.85057561,1.86249591e-05,0,0,0,0,0,0,0,0,0,0,0,0,0,0,0,0,0,0,0,0,0,0,0,0,0,0,0,0,0,0,0,0,147.154539,0.0394669884,0.967696673,-0.00384051527,-0.113534285,-0.171277625,0.224999691,-1.51211678,-4.31409623,0.000207874053,1500,1500,1500,1500,1500,1500,1500,1500,0,0,0,0,0.02,0,0,0,0,0.02,0,0,0,0,0.02,0,0,0,0,0.02,0,0,0,0,1,0,0,0,0,1,0,0,0,0,1,0,0,0,0,1
299689.125,16.65,0,0,0,0,0,0,0.367101461,-0,150.09763,-147.154539,2.94309079,1,0,0,0,0,0,0,0,0,0,0,0,0,0,0,150.09763,4.79015999,-1.85057561,1.86249591e-05,0,0,0,0,0,0,0,0,0,0,0,0,0,0,0,0,0,0,0,0,0,0,0,0,0,0,0,0,0,0,0,0,147.154539,0.0394669884,0.967696673,-0.00384051527,-0.113534285,-0.171277625,0.224999691,-1.51211678,-4.31409623,0.000207874053,1500,1500,1500,1500,1500,1500,1500,1500,0,0,0,0,0.02,0,0,0,0,0.02,0,0,0,0,0.02,0,0,0,0,0.02,0,0,0,0,1,0,0,0,0,1,0,0,0,0,1,0,0,0,0,1
299689.175,16.7,0,0,0,0,0,0,0.367101461,-0,150.09763,-147.154539,2.94309079,1,0,0,0,0,0,0,0,0,0,0,0,0,0,0,150.09763,4.79015999,-1.85057561,1.86249591e-05,0,0,0,0,0,0,0,0,0,0,0,0,0,0,0,0,0,0,0,0,0,0,0,0,0,0,0,0,0,0,0,0,147.154539,0.0394669884,0.967696673,-0.00384051527,-0.113534285,-0.171277625,0.224999691,-1.51211678,-4.31409623,0.000207874053,1500,1500,1500,1500,1500,1500,1500,1500,0,0,0,0,0.02,0,0,0,0,0.02,0,0,0,0,0.02,0,0,0,0,0.02,0,0,0,0,1,0,0,0,0,1,0,0,0,0,1,0,0,0,0,1
299689.225,16.75,0,0,0,0,0,0,0.367101461,-0,150.09763,-147.154539,2.94309079,1,0,0,0,0,0,0,0,0,0,0,0,0,0,0,150.09763,4.79015999,-1.85057561,1.86249591e-05,0,0,0,0,0,0,0,0,0,0,0,0,0,0,0,0,0,0,0,0,0,0,0,0,0,0,0,0,0,0,0,0,147.154539,0.0394669884,0.967696673,-0.00384051527,-0.113534285,-0.171277625,0.224999691,-1.51211678,-4.31409623,0.000207874053,1500,1500,1500,1500,1500,1500,1500,1500,0,0,0,0,0.02,0,0,0,0,0.02,0,0,0,0,0.02,0,0,0,0,0.02,0,0,0,0,1,0,0,0,0,1,0,0,0,0,1,0,0,0,0,1
299689.275,16.8,0,0,0,0,0,0,0.367101461,-0,150.09763,-147.154539,2.94309079,1,0,0,0,0,0,0,0,0,0,0,0,0,0,0,150.09763,4.79015999,-1.85057561,1.86249591e-05,0,0,0,0,0,0,0,0,0,0,0,0,0,0,0,0,0,0,0,0,0,0,0,0,0,0,0,0,0,0,0,0,147.154539,0.0394669884,0.967696673,-0.00384051527,-0.113534285,-0.171277625,0.224999691,-1.51211678,-4.31409623,0.000207874053,1500,1500,1500,1500,1500,1500,1500,1500,0,0,0,0,0.02,0,0,0,0,0.02,0,0,0,0,0.02,0,0,0,0,0.02,0,0,0,0,1,0,0,0,0,1,0,0,0,0,1,0,0,0,0,1
299689.325,16.85,0,0,0,0,0,0,0.367101461,-0,150.09763,-147.154539,2.94309079,1,0,0,0,0,0,0,0,0,0,0,0,0,0,0,150.09763,4.79015999,-1.85057561,1.86249591e-05,0,0,0,0,0,0,0,0,0,0,0,0,0,0,0,0,0,0,0,0,0,0,0,0,0,0,0,0,0,0,0,0,147.154539,0.0394669884,0.967696673,-0.00384051527,-0.113534285,-0.171277625,0.224999691,-1.51211678,-4.31409623,0.000207874053,1500,1500,1500,1500,1500,1500,1500,1500,0,0,0,0,0.02,0,0,0,0,0.02,0,0,0,0,0.02,0,0,0,0,0.02,0,0,0,0,1,0,0,0,0,1,0,0,0,0,1,0,0,0,0,1
299689.375,16.9,0,0,0,0,0,0,0.367101461,-0,150.09763,-147.154539,2.94309079,1,0,0,0,0,0,0,0,0,0,0,0,0,0,0,150.09763,4.79015999,-1.85057561,1.86249591e-05,0,0,0,0,0,0,0,0,0,0,0,0,0,0,0,0,0,0,0,0,0,0,0,0,0,0,0,0,0,0,0,0,147.154539,0.0394669884,0.967696673,-0.00384051527,-0.113534285,-0.171277625,0.224999691,-1.51211678,-4.31409623,0.000207874053,1500,1500,1500,1500,1500,1500,1500,1500,0,0,0,0,0.02,0,0,0,0,0.02,0,0,0,0,0.02,0,0,0,0,0.02,0,0,0,0,1,0,0,0,0,1,0,0,0,0,1,0,0,0,0,1
299689.425,16.95,0,0,0,0,0,0,0.367101461,-0,150.09763,-147.154539,2.94309079,1,0,0,0,0,0,0,0,0,0,0,0,0,0,0,150.09763,4.79015999,-1.85057561,1.86249591e-05,0,0,0,0,0,0,0,0,0,0,0,0,0,0,0,0,0,0,0,0,0,0,0,0,0,0,0,0,0,0,0,0,147.154539,0.0394669884,0.967696673,-0.00384051527,-0.113534285,-0.171277625,0.224999691,-1.51211678,-4.31409623,0.000207874053,1500,1500,1500,1500,1500,1500,1500,1500,0,0,0,0,0.02,0,0,0,0,0.02,0,0,0,0,0.02,0,0,0,0,0.02,0,0,0,0,1,0,0,0,0,1,0,0,0,0,1,0,0,0,0,1
299689.475,17,0,0,0,0,0,0,0.367101461,-0,150.09763,-147.154539,2.94309079,1,0,0,0,0,0,0,0,0,0,0,0,0,0,0,150.09763,4.79015999,-1.85057561,1.86249591e-05,0,0,0,0,0,0,0,0,0,0,0,0,0,0,0,0,0,0,0,0,0,0,0,0,0,0,0,0,0,0,0,0,147.154539,0.0394669884,0.967696673,-0.00384051527,-0.113534285,-0.171277625,0.224999691,-1.51211678,-4.31409623,0.000207874053,1500,1500,1500,1500,1500,1500,1500,1500,0,0,0,0,0.02,0,0,0,0,0.02,0,0,0,0,0.02,0,0,0,0,0.02,0,0,0,0,1,0,0,0,0,1,0,0,0,0,1,0,0,0,0,1
299689.525,17.05,0,0,0,0,0,0,0.367101461,-0,150.09763,-147.154539,2.94309079,1,0,0,0,0,0,0,0,0,0,0,0,0,0,0,150.09763,4.79015999,-1.85057561,1.86249591e-05,0,0,0,0,0,0,0,0,0,0,0,0,0,0,0,0,0,0,0,0,0,0,0,0,0,0,0,0,0,0,0,0,147.154539,0.0394669884,0.967696673,-0.00384051527,-0.113534285,-0.171277625,0.224999691,-1.51211678,-4.31409623,0.000207874053,1500,1500,1500,1500,1500,1500,1500,1500,0,0,0,0,0.02,0,0,0,0,0.02,0,0,0,0,0.02,0,0,0,0,0.02,0,0,0,0,1,0,0,0,0,1,0,0,0,0,1,0,0,0,0,1
299689.575,17.1,0,0,0,0,0,0,0.367101461,-0,150.09763,-147.154539,2.94309079,1,0,0,0,0,0,0,0,0,0,0,0,0,0,0,150.09763,4.79015999,-1.85057561,1.86249591e-05,0,0,0,0,0,0,0,0,0,0,0,0,0,0,0,0,0,0,0,0,0,0,0,0,0,0,0,0,0,0,0,0,147.154539,0.0394669884,0.967696673,-0.00384051527,-0.113534285,-0.171277625,0.224999691,-1.51211678,-4.31409623,0.000207874053,1500,1500,1500,1500,1500,1500,1500,1500,0,0,0,0,0.02,0,0,0,0,0.02,0,0,0,0,0.02,0,0,0,0,0.02,0,0,0,0,1,0,0,0,0,1,0,0,0,0,1,0,0,0,0,1
299689.625,17.15,0,0,0,0,0,0,0.367101461,-0,150.09763,-147.154539,2.94309079,1,0,0,0,0,0,0,0,0,0,0,0,0,0,0,150.09763,4.79015999,-1.85057561,1.86249591e-05,0,0,0,0,0,0,0,0,0,0,0,0,0,0,0,0,0,0,0,0,0,0,0,0,0,0,0,0,0,0,0,0,147.154539,0.0394669884,0.967696673,-0.00384051527,-0.113534285,-0.171277625,0.224999691,-1.51211678,-4.31409623,0.000207874053,1500,1500,1500,1500,1500,1500,1500,1500,0,0,0,0,0.02,0,0,0,0,0.02,0,0,0,0,0.02,0,0,0,0,0.02,0,0,0,0,1,0,0,0,0,1,0,0,0,0,1,0,0,0,0,1
299689.675,17.2,0,0,0,0,0,0,0.367101461,-0,150.09763,-147.154539,2.94309079,1,0,0,0,0,0,0,0,0,0,0,0,0,0,0,150.09763,4.79015999,-1.85057561,1.86249591e-05,0,0,0,0,0,0,0,0,0,0,0,0,0,0,0,0,0,0,0,0,0,0,0,0,0,0,0,0,0,0,0,0,147.154539,0.0394669884,0.967696673,-0.00384051527,-0.113534285,-0.171277625,0.224999691,-1.51211678,-4.31409623,0.000207874053,1500,1500,1500,1500,1500,1500,1500,1500,0,0,0,0,0.02,0,0,0,0,0.02,0,0,0,0,0.02,0,0,0,0,0.02,0,0,0,0,1,0,0,0,0,1,0,0,0,0,1,0,0,0,0,1
299689.725,17.25,0,0,0,0,0,0,0.367101461,-0,150.09763,-147.154539,2.94309079,1,0,0,0,0,0,0,0,0,0,0,0,0,0,0,150.09763,4.79015999,-1.85057561,1.86249591e-05,0,0,0,0,0,0,0,0,0,0,0,0,0,0,0,0,0,0,0,0,0,0,0,0,0,0,0,0,0,0,0,0,147.154539,0.0394669884,0.967696673,-0.00384051527,-0.113534285,-0.171277625,0.224999691,-1.51211678,-4.31409623,0.000207874053,1500,1500,1500,1500,1500,1500,1500,1500,0,0,0,0,0.02,0,0,0,0,0.02,0,0,0,0,0.02,0,0,0,0,0.02,0,0,0,0,1,0,0,0,0,1,0,0,0,0,1,0,0,0,0,1
299689.775,17.3,0,0,0,0,0,0,0.367101461,-0,150.09763,-147.154539,2.94309079,1,0,0,0,0,0,0,0,0,0,0,0,0,0,0,150.09763,4.79015999,-1.85057561,1.86249591e-05,0,0,0,0,0,0,0,0,0,0,0,0,0,0,0,0,0,0,0,0,0,0,0,0,0,0,0,0,0,0,0,0,147.154539,0.0394669884,0.967696673,-0.00384051527,-0.113534285,-0.171277625,0.224999691,-1.51211678,-4.31409623,0.000207874053,1500,1500,1500,1500,1500,1500,1500,1500,0,0,0,0,0.02,0,0,0,0,0.02,0,0,0,0,0.02,0,0,0,0,0.02,0,0,0,0,1,0,0,0,0,1,0,0,0,0,1,0,0,0,0,1
299689.825,17.35,0,0,0,0,0,0,0.367101461,-0,150.09763,-147.154539,2.94309079,1,0,0,0,0,0,0,0,0,0,0,0,0,0,0,150.09763,4.79015999,-1.85057561,1.86249591e-05,0,0,0,0,0,0,0,0,0,0,0,0,0,0,0,0,0,0,0,0,0,0,0,0,0,0,0,0,0,0,0,0,147.154539,0.0394669884,0.967696673,-0.00384051527,-0.113534285,-0.171277625,0.224999691,-1.51211678,-4.31409623,0.000207874053,1500,1500,1500,1500,1500,1500,1500,1500,0,0,0,0,0.02,0,0,0,0,0.02,0,0,0,0,0.02,0,0,0,0,0.02,0,0,0,0,1,0,0,0,0,1,0,0,0,0,1,0,0,0,0,1
299689.875,17.4,0,0,0,0,0,0,0.367101461,-0,150.09763,-147.154539,2.94309079,1,0,0,0,0,0,0,0,0,0,0,0,0,0,0,150.09763,4.79015999,-1.85057561,1.86249591e-05,0,0,0,0,0,0,0,0,0,0,0,0,0,0,0,0,0,0,0,0,0,0,0,0,0,0,0,0,0,0,0,0,147.154539,0.0394669884,0.967696673,-0.00384051527,-0.113534285,-0.171277625,0.224999691,-1.51211678,-4.31409623,0.000207874053,1500,1500,1500,1500,1500,1500,1500,1500,0,0,0,0,0.02,0,0,0,0,0.02,0,0,0,0,0.02,0,0,0,0,0.02,0,0,0,0,1,0,0,0,0,1,0,0,0,0,1,0,0,0,0,1
299689.925,17.45,0,0,0,0,0,0,0.367101461,-0,150.09763,-147.154539,2.94309079,1,0,0,0,0,0,0,0,0,0,0,0,0,0,0,150.09763,4.79015999,-1.85057561,1.86249591e-05,0,0,0,0,0,0,0,0,0,0,0,0,0,0,0,0,0,0,0,0,0,0,0,0,0,0,0,0,0,0,0,0,147.154539,0.0394669884,0.967696673,-0.00384051527,-0.113534285,-0.171277625,0.224999691,-1.51211678,-4.31409623,0.000207874053,1500,1500,1500,1500,1500,1500,1500,1500,0,0,0,0,0.02,0,0,0,0,0.02,0,0,0,0,0.02,0,0,0,0,0.02,0,0,0,0,1,0,0,0,0,1,0,0,0,0,1,0,0,0,0,1
299689.975,17.5,0,0,0,0,0,0,0.367101461,-0,150.09763,-147.154539,2.94309079,1,0,0,0,0,0,0,0,0,0,0,0,0,0,0,150.09763,4.79015999,-1.85057561,1.86249591e-05,0,0,0,0,0,0,0,0,0,0,0,0,0,0,0,0,0,0,0,0,0,0,0,0,0,0,0,0,0,0,0,0,147.154539,0.0394669884,0.967696673,-0.00384051527,-0.113534285,-0.171277625,0.224999691,-1.51211678,-4.31409623,0.000207874053,1500,1500,1500,1500,1500,1500,1500,1500,0,0,0,0,0.02,0,0,0,0,0.02,0,0,0,0,0.02,0,0,0,0,0.02,0,0,0,0,1,0,0,0,0,1,0,0,0,0,1,0,0,0,0,1
299690.025,17.55,0,0,0,0,0,0,0.367101461,-0,150.09763,-147.154539,2.94309079,1,0,0,0,0,0,0,0,0,0,0,0,0,0,0,150.09763,4.79015999,-1.85057561,1.86249591e-05,0,0,0,0,0,0,0,0,0,0,0,0,0,0,0,0,0,0,0,0,0,0,0,0,0,0,0,0,0,0,0,0,147.154539,0.0394669884,0.967696673,-0.00384051527,-0.113534285,-0.171277625,0.224999691,-1.51211678,-4.31409623,0.000207874053,1500,1500,1500,1500,1500,1500,1500,1500,0,0,0,0,0.02,0,0,0,0,0.02,0,0,0,0,0.02,0,0,0,0,0.02,0,0,0,0,1,0,0,0,0,1,0,0,0,0,1,0,0,0,0,1
299690.075,17.6,0,0,0,0,0,0,0.367101461,-0,150.09763,-147.154539,2.94309079,1,0,0,0,0,0,0,0,0,0,0,0,0,0,0,150.09763,4.79015999,-1.85057561,1.86249591e-05,0,0,0,0,0,0,0,0,0,0,0,0,0,0,0,0,0,0,0,0,0,0,0,0,0,0,0,0,0,0,0,0,147.154539,0.0394669884,0.967696673,-0.00384051527,-0.113534285,-0.171277625,0.224999691,-1.51211678,-4.31409623,0.000207874053,1500,1500,1500,1500,1500,1500,1500,1500,0,0,0,0,0.02,0,0,0,0,0.02,0,0,0,0,0.02,0,0,0,0,0.02,0,0,0,0,1,0,0,0,0,1,0,0,0,0,1,0,0,0,0,1
299690.125,17.65,0,0,0,0,0,0,0.367101461,-0,150.09763,-147.154539,2.94309079,1,0,0,0,0,0,0,0,0,0,0,0,0,0,0,150.09763,4.79015999,-1.85057561,1.86249591e-05,0,0,0,0,0,0,0,0,0,0,0,0,0,0,0,0,0,0,0,0,0,0,0,0,0,0,0,0,0,0,0,0,147.154539,0.0394669884,0.967696673,-0.00384051527,-0.113534285,-0.171277625,0.224999691,-1.51211678,-4.31409623,0.000207874053,1500,1500,1500,1500,1500,1500,1500,1500,0,0,0,0,0.02,0,0,0,0,0.02,0,0,0,0,0.02,0,0,0,0,0.02,0,0,0,0,1,0,0,0,0,1,0,0,0,0,1,0,0,0,0,1
299690.175,17.7,0,0,0,0,0,0,0.367101461,-0,150.09763,-147.154539,2.94309079,1,0,0,0,0,0,0,0,0,0,0,0,0,0,0,150.09763,4.79015999,-1.85057561,1.86249591e-05,0,0,0,0,0,0,0,0,0,0,0,0,0,0,0,0,0,0,0,0,0,0,0,0,0,0,0,0,0,0,0,0,147.154539,0.0394669884,0.967696673,-0.00384051527,-0.113534285,-0.171277625,0.224999691,-1.51211678,-4.31409623,0.000207874053,1500,1500,1500,1500,1500,1500,1500,1500,0,0,0,0,0.02,0,0,0,0,0.02,0,0,0,0,0.02,0,0,0,0,0.02,0,0,0,0,1,0,0,0,0,1,0,0,0,0,1,0,0,0,0,1
299690.225,17.75,0,0,0,0,0,0,0.367101461,-0,150.09763,-147.154539,2.94309079,1,0,0,0,0,0,0,0,0,0,0,0,0,0,0,150.09763,4.79015999,-1.85057561,1.86249591e-05,0,0,0,0,0,0,0,0,0,0,0,0,0,0,0,0,0,0,0,0,0,0,0,0,0,0,0,0,0,0,0,0,147.154539,0.0394669884,0.967696673,-0.00384051527,-0.113534285,-0.171277625,0.224999691,-1.51211678,-4.31409623,0.000207874053,1500,1500,1500,1500,1500,1500,1500,1500,0,0,0,0,0.02,0,0,0,0,0.02,0,0,0,0,0.02,0,0,0,0,0.02,0,0,0,0,1,0,0,0,0,1,0,0,0,0,1,0,0,0,0,1
299690.275,17.8,0,0,0,0,0,0,0.367101461,-0,150.09763,-147.154539,2.94309079,1,0,0,0,0,0,0,0,0,0,0,0,0,0,0,150.09763,4.79015999,-1.85057561,1.86249591e-05,0,0,0,0,0,0,0,0,0,0,0,0,0,0,0,0,0,0,0,0,0,0,0,0,0,0,0,0,0,0,0,0,147.154539,0.0394669884,0.967696673,-0.00384051527,-0.113534285,-0.171277625,0.224999691,-1.51211678,-4.31409623,0.000207874053,1500,1500,1500,1500,1500,1500,1500,1500,0,0,0,0,0.02,0,0,0,0,0.02,0,0,0,0,0.02,0,0,0,0,0.02,0,0,0,0,1,0,0,0,0,1,0,0,0,0,1,0,0,0,0,1
299690.325,17.85,0,0,0,0,0,0,0.367101461,-0,150.09763,-147.154539,2.94309079,1,0,0,0,0,0,0,0,0,0,0,0,0,0,0,150.09763,4.79015999,-1.85057561,1.86249591e-05,0,0,0,0,0,0,0,0,0,0,0,0,0,0,0,0,0,0,0,0,0,0,0,0,0,0,0,0,0,0,0,0,147.154539,0.0394669884,0.967696673,-0.00384051527,-0.113534285,-0.171277625,0.224999691,-1.51211678,-4.31409623,0.000207874053,1500,1500,1500,1500,1500,1500,1500,1500,0,0,0,0,0.02,0,0,0,0,0.02,0,0,0,0,0.02,0,0,0,0,0.02,0,0,0,0,1,0,0,0,0,1,0,0,0,0,1,0,0,0,0,1
299690.375,17.9,0,0,0,0,0,0,0.367101461,-0,150.09763,-147.154539,2.94309079,1,0,0,0,0,0,0,0,0,0,0,0,0,0,0,150.09763,4.79015999,-1.85057561,1.86249591e-05,0,0,0,0,0,0,0,0,0,0,0,0,0,0,0,0,0,0,0,0,0,0,0,0,0,0,0,0,0,0,0,0,147.154539,0.0394669884,0.967696673,-0.00384051527,-0.113534285,-0.171277625,0.224999691,-1.51211678,-4.31409623,0.000207874053,1500,1500,1500,1500,1500,1500,1500,1500,0,0,0,0,0.02,0,0,0,0,0.02,0,0,0,0,0.02,0,0,0,0,0.02,0,0,0,0,1,0,0,0,0,1,0,0,0,0,1,0,0,0,0,1
299690.425,17.95,0,0,0,0,0,0,0.367101461,-0,150.09763,-147.154539,2.94309079,1,0,0,0,0,0,0,0,0,0,0,0,0,0,0,150.09763,4.79015999,-1.85057561,1.86249591e-05,0,0,0,0,0,0,0,0,0,0,0,0,0,0,0,0,0,0,0,0,0,0,0,0,0,0,0,0,0,0,0,0,147.154539,0.0394669884,0.967696673,-0.00384051527,-0.113534285,-0.171277625,0.224999691,-1.51211678,-4.31409623,0.000207874053,1500,1500,1500,1500,1500,1500,1500,1500,0,0,0,0,0.02,0,0,0,0,0.02,0,0,0,0,0.02,0,0,0,0,0.02,0,0,0,0,1,0,0,0,0,1,0,0,0,0,1,0,0,0,0,1
299690.475,18,0,0,0,0,0,0,0.367101461,-0,150.09763,-147.154539,2.94309079,1,0,0,0,0,0,0,0,0,0,0,0,0,0,0,150.09763,4.79015999,-1.85057561,1.86249591e-05,0,0,0,0,0,0,0,0,0,0,0,0,0,0,0,0,0,0,0,0,0,0,0,0,0,0,0,0,0,0,0,0,147.154539,0.0394669884,0.967696673,-0.00384051527,-0.113534285,-0.171277625,0.224999691,-1.51211678,-4.31409623,0.000207874053,1500,1500,1500,1500,1500,1500,1500,1500,0,0,0,0,0.02,0,0,0,0,0.02,0,0,0,0,0.02,0,0,0,0,0.02,0,0,0,0,1,0,0,0,0,1,0,0,0,0,1,0,0,0,0,1
299690.525,18.05,0,0,0,0,0,0,0.367101461,-0,150.09763,-147.154539,2.94309079,1,0,0,0,0,0,0,0,0,0,0,0,0,0,0,150.09763,4.79015999,-1.85057561,1.86249591e-05,0,0,0,0,0,0,0,0,0,0,0,0,0,0,0,0,0,0,0,0,0,0,0,0,0,0,0,0,0,0,0,0,147.154539,0.0394669884,0.967696673,-0.00384051527,-0.113534285,-0.171277625,0.224999691,-1.51211678,-4.31409623,0.000207874053,1500,1500,1500,1500,1500,1500,1500,1500,0,0,0,0,0.02,0,0,0,0,0.02,0,0,0,0,0.02,0,0,0,0,0.02,0,0,0,0,1,0,0,0,0,1,0,0,0,0,1,0,0,0,0,1
299690.575,18.1,0,0,0,0,0,0,0.367101461,-0,150.09763,-147.154539,2.94309079,1,0,0,0,0,0,0,0,0,0,0,0,0,0,0,150.09763,4.79015999,-1.85057561,1.86249591e-05,0,0,0,0,0,0,0,0,0,0,0,0,0,0,0,0,0,0,0,0,0,0,0,0,0,0,0,0,0,0,0,0,147.154539,0.0394669884,0.967696673,-0.00384051527,-0.113534285,-0.171277625,0.224999691,-1.51211678,-4.31409623,0.000207874053,1500,1500,1500,1500,1500,1500,1500,1500,0,0,0,0,0.02,0,0,0,0,0.02,0,0,0,0,0.02,0,0,0,0,0.02,0,0,0,0,1,0,0,0,0,1,0,0,0,0,1,0,0,0,0,1
299690.625,18.15,0,0,0,0,0,0,0.367101461,-0,150.09763,-147.154539,2.94309079,1,0,0,0,0,0,0,0,0,0,0,0,0,0,0,150.09763,4.79015999,-1.85057561,1.86249591e-05,0,0,0,0,0,0,0,0,0,0,0,0,0,0,0,0,0,0,0,0,0,0,0,0,0,0,0,0,0,0,0,0,147.154539,0.0394669884,0.967696673,-0.00384051527,-0.113534285,-0.171277625,0.224999691,-1.51211678,-4.31409623,0.000207874053,1500,1500,1500,1500,1500,1500,1500,1500,0,0,0,0,0.02,0,0,0,0,0.02,0,0,0,0,0.02,0,0,0,0,0.02,0,0,0,0,1,0,0,0,0,1,0,0,0,0,1,0,0,0,0,1
299690.675,18.2,0,0,0,0,0,0,0.367101461,-0,150.09763,-147.154539,2.94309079,1,0,0,0,0,0,0,0,0,0,0,0,0,0,0,150.09763,4.79015999,-1.85057561,1.86249591e-05,0,0,0,0,0,0,0,0,0,0,0,0,0,0,0,0,0,0,0,0,0,0,0,0,0,0,0,0,0,0,0,0,147.154539,0.0394669884,0.967696673,-0.00384051527,-0.113534285,-0.171277625,0.224999691,-1.51211678,-4.31409623,0.000207874053,1500,1500,1500,1500,1500,1500,1500,1500,0,0,0,0,0.02,0,0,0,0,0.02,0,0,0,0,0.02,0,0,0,0,0.02,0,0,0,0,1,0,0,0,0,1,0,0,0,0,1,0,0,0,0,1
299690.725,18.25,0,0,0,0,0,0,0.367101461,-0,150.09763,-147.154539,2.94309079,1,0,0,0,0,0,0,0,0,0,0,0,0,0,0,150.09763,4.79015999,-1.85057561,1.86249591e-05,0,0,0,0,0,0,0,0,0,0,0,0,0,0,0,0,0,0,0,0,0,0,0,0,0,0,0,0,0,0,0,0,147.154539,0.0394669884,0.967696673,-0.00384051527,-0.113534285,-0.171277625,0.224999691,-1.51211678,-4.31409623,0.000207874053,1500,1500,1500,1500,1500,1500,1500,1500,0,0,0,0,0.02,0,0,0,0,0.02,0,0,0,0,0.02,0,0,0,0,0.02,0,0,0,0,1,0,0,0,0,1,0,0,0,0,1,0,0,0,0,1
299690.775,18.3,0,0,0,0,0,0,0.367101461,-0,150.09763,-147.154539,2.94309079,1,0,0,0,0,0,0,0,0,0,0,0,0,0,0,150.09763,4.79015999,-1.85057561,1.86249591e-05,0,0,0,0,0,0,0,0,0,0,0,0,0,0,0,0,0,0,0,0,0,0,0,0,0,0,0,0,0,0,0,0,147.154539,0.0394669884,0.967696673,-0.00384051527,-0.113534285,-0.171277625,0.224999691,-1.51211678,-4.31409623,0.000207874053,1500,1500,1500,1500,1500,1500,1500,1500,0,0,0,0,0.02,0,0,0,0,0.02,0,0,0,0,0.02,0,0,0,0,0.02,0,0,0,0,1,0,0,0,0,1,0,0,0,0,1,0,0,0,0,1
299690.825,18.35,0,0,0,0,0,0,0.367101461,-0,150.09763,-147.154539,2.94309079,1,0,0,0,0,0,0,0,0,0,0,0,0,0,0,150.09763,4.79015999,-1.85057561,1.86249591e-05,0,0,0,0,0,0,0,0,0,0,0,0,0,0,0,0,0,0,0,0,0,0,0,0,0,0,0,0,0,0,0,0,147.154539,0.0394669884,0.967696673,-0.00384051527,-0.113534285,-0.171277625,0.224999691,-1.51211678,-4.31409623,0.000207874053,1500,1500,1500,1500,1500,1500,1500,1500,0,0,0,0,0.02,0,0,0,0,0.02,0,0,0,0,0.02,0,0,0,0,0.02,0,0,0,0,1,0,0,0,0,1,0,0,0,0,1,0,0,0,0,1
299690.875,18.4,0,0,0,0,0,0,0.367101461,-0,150.09763,-147.154539,2.94309079,1,0,0,0,0,0,0,0,0,0,0,0,0,0,0,150.09763,4.79015999,-1.85057561,1.86249591e-05,0,0,0,0,0,0,0,0,0,0,0,0,0,0,0,0,0,0,0,0,0,0,0,0,0,0,0,0,0,0,0,0,147.154539,0.0394669884,0.967696673,-0.00384051527,-0.113534285,-0.171277625,0.224999691,-1.51211678,-4.31409623,0.000207874053,1500,1500,1500,1500,1500,1500,1500,1500,0,0,0,0,0.02,0,0,0,0,0.02,0,0,0,0,0.02,0,0,0,0,0.02,0,0,0,0,1,0,0,0,0,1,0,0,0,0,1,0,0,0,0,1
299690.925,18.45,0,0,0,0,0,0,0.367101461,-0,150.09763,-147.154539,2.94309079,1,0,0,0,0,0,0,0,0,0,0,0,0,0,0,150.09763,4.79015999,-1.85057561,1.86249591e-05,0,0,0,0,0,0,0,0,0,0,0,0,0,0,0,0,0,0,0,0,0,0,0,0,0,0,0,0,0,0,0,0,147.154539,0.0394669884,0.967696673,-0.00384051527,-0.113534285,-0.171277625,0.224999691,-1.51211678,-4.31409623,0.000207874053,1500,1500,1500,1500,1500,1500,1500,1500,0,0,0,0,0.02,0,0,0,0,0.02,0,0,0,0,0.02,0,0,0,0,0.02,0,0,0,0,1,0,0,0,0,1,0,0,0,0,1,0,0,0,0,1
299690.975,18.5,0,0,0,0,0,0,0.367101461,-0,150.09763,-147.154539,2.94309079,1,0,0,0,0,0,0,0,0,0,0,0,0,0,0,150.09763,4.79015999,-1.85057561,1.86249591e-05,0,0,0,0,0,0,0,0,0,0,0,0,0,0,0,0,0,0,0,0,0,0,0,0,0,0,0,0,0,0,0,0,147.154539,0.0394669884,0.967696673,-0.00384051527,-0.113534285,-0.171277625,0.224999691,-1.51211678,-4.31409623,0.000207874053,1500,1500,1500,1500,1500,1500,1500,1500,0,0,0,0,0.02,0,0,0,0,0.02,0,0,0,0,0.02,0,0,0,0,0.02,0,0,0,0,1,0,0,0,0,1,0,0,0,0,1,0,0,0,0,1
299691.025,18.55,0,0,0,0,0,0,0.367101461,-0,150.09763,-147.154539,2.94309079,1,0,0,0,0,0,0,0,0,0,0,0,0,0,0,150.09763,4.79015999,-1.85057561,1.86249591e-05,0,0,0,0,0,0,0,0,0,0,0,0,0,0,0,0,0,0,0,0,0,0,0,0,0,0,0,0,0,0,0,0,147.154539,0.0394669884,0.967696673,-0.00384051527,-0.113534285,-0.171277625,0.224999691,-1.51211678,-4.31409623,0.000207874053,1500,1500,1500,1500,1500,1500,1500,1500,0,0,0,0,0.02,0,0,0,0,0.02,0,0,0,0,0.02,0,0,0,0,0.02,0,0,0,0,1,0,0,0,0,1,0,0,0,0,1,0,0,0,0,1
299691.076,18.6,0,0,0,0,0,0,0.367101461,-0,150.09763,-147.154539,2.94309079,1,0,0,0,0,0,0,0,0,0,0,0,0,0,0,150.09763,4.79015999,-1.85057561,1.86249591e-05,0,0,0,0,0,0,0,0,0,0,0,0,0,0,0,0,0,0,0,0,0,0,0,0,0,0,0,0,0,0,0,0,147.154539,0.0394669884,0.967696673,-0.00384051527,-0.113534285,-0.171277625,0.224999691,-1.51211678,-4.31409623,0.000207874053,1500,1500,1500,1500,1500,1500,1500,1500,0,0,0,0,0.02,0,0,0,0,0.02,0,0,0,0,0.02,0,0,0,0,0.02,0,0,0,0,1,0,0,0,0,1,0,0,0,0,1,0,0,0,0,1
299691.125,18.65,0,0,0,0,0,0,0.367101461,-0,150.09763,-147.154539,2.94309079,1,0,0,0,0,0,0,0,0,0,0,0,0,0,0,150.09763,4.79015999,-1.85057561,1.86249591e-05,0,0,0,0,0,0,0,0,0,0,0,0,0,0,0,0,0,0,0,0,0,0,0,0,0,0,0,0,0,0,0,0,147.154539,0.0394669884,0.967696673,-0.00384051527,-0.113534285,-0.171277625,0.224999691,-1.51211678,-4.31409623,0.000207874053,1500,1500,1500,1500,1500,1500,1500,1500,0,0,0,0,0.02,0,0,0,0,0.02,0,0,0,0,0.02,0,0,0,0,0.02,0,0,0,0,1,0,0,0,0,1,0,0,0,0,1,0,0,0,0,1
299691.176,18.7,0,0,0,0,0,0,0.367101461,-0,150.09763,-147.154539,2.94309079,1,0,0,0,0,0,0,0,0,0,0,0,0,0,0,150.09763,4.79015999,-1.85057561,1.86249591e-05,0,0,0,0,0,0,0,0,0,0,0,0,0,0,0,0,0,0,0,0,0,0,0,0,0,0,0,0,0,0,0,0,147.154539,0.0394669884,0.967696673,-0.00384051527,-0.113534285,-0.171277625,0.224999691,-1.51211678,-4.31409623,0.000207874053,1500,1500,1500,1500,1500,1500,1500,1500,0,0,0,0,0.02,0,0,0,0,0.02,0,0,0,0,0.02,0,0,0,0,0.02,0,0,0,0,1,0,0,0,0,1,0,0,0,0,1,0,0,0,0,1
299691.226,18.75,0,0,0,0,0,0,0.367101461,-0,150.09763,-147.154539,2.94309079,1,0,0,0,0,0,0,0,0,0,0,0,0,0,0,150.09763,4.79015999,-1.85057561,1.86249591e-05,0,0,0,0,0,0,0,0,0,0,0,0,0,0,0,0,0,0,0,0,0,0,0,0,0,0,0,0,0,0,0,0,147.154539,0.0394669884,0.967696673,-0.00384051527,-0.113534285,-0.171277625,0.224999691,-1.51211678,-4.31409623,0.000207874053,1500,1500,1500,1500,1500,1500,1500,1500,0,0,0,0,0.02,0,0,0,0,0.02,0,0,0,0,0.02,0,0,0,0,0.02,0,0,0,0,1,0,0,0,0,1,0,0,0,0,1,0,0,0,0,1
299691.276,18.8,0,0,0,0,0,0,0.367101461,-0,150.09763,-147.154539,2.94309079,1,0,0,0,0,0,0,0,0,0,0,0,0,0,0,150.09763,4.79015999,-1.85057561,1.86249591e-05,0,0,0,0,0,0,0,0,0,0,0,0,0,0,0,0,0,0,0,0,0,0,0,0,0,0,0,0,0,0,0,0,147.154539,0.0394669884,0.967696673,-0.00384051527,-0.113534285,-0.171277625,0.224999691,-1.51211678,-4.31409623,0.000207874053,1500,1500,1500,1500,1500,1500,1500,1500,0,0,0,0,0.02,0,0,0,0,0.02,0,0,0,0,0.02,0,0,0,0,0.02,0,0,0,0,1,0,0,0,0,1,0,0,0,0,1,0,0,0,0,1
299691.326,18.85,0,0,0,0,0,0,0.367101461,-0,150.09763,-147.154539,2.94309079,1,0,0,0,0,0,0,0,0,0,0,0,0,0,0,150.09763,4.79015999,-1.85057561,1.86249591e-05,0,0,0,0,0,0,0,0,0,0,0,0,0,0,0,0,0,0,0,0,0,0,0,0,0,0,0,0,0,0,0,0,147.154539,0.0394669884,0.967696673,-0.00384051527,-0.113534285,-0.171277625,0.224999691,-1.51211678,-4.31409623,0.000207874053,1500,1500,1500,1500,1500,1500,1500,1500,0,0,0,0,0.02,0,0,0,0,0.02,0,0,0,0,0.02,0,0,0,0,0.02,0,0,0,0,1,0,0,0,0,1,0,0,0,0,1,0,0,0,0,1
299691.376,18.9,0,0,0,0,0,0,0.367101461,-0,150.09763,-147.154539,2.94309079,1,0,0,0,0,0,0,0,0,0,0,0,0,0,0,150.09763,4.79015999,-1.85057561,1.86249591e-05,0,0,0,0,0,0,0,0,0,0,0,0,0,0,0,0,0,0,0,0,0,0,0,0,0,0,0,0,0,0,0,0,147.154539,0.0394669884,0.967696673,-0.00384051527,-0.113534285,-0.171277625,0.224999691,-1.51211678,-4.31409623,0.000207874053,1500,1500,1500,1500,1500,1500,1500,1500,0,0,0,0,0.02,0,0,0,0,0.02,0,0,0,0,0.02,0,0,0,0,0.02,0,0,0,0,1,0,0,0,0,1,0,0,0,0,1,0,0,0,0,1
299691.426,18.95,0,0,0,0,0,0,0.367101461,-0,150.09763,-147.154539,2.94309079,1,0,0,0,0,0,0,0,0,0,0,0,0,0,0,150.09763,4.79015999,-1.85057561,1.86249591e-05,0,0,0,0,0,0,0,0,0,0,0,0,0,0,0,0,0,0,0,0,0,0,0,0,0,0,0,0,0,0,0,0,147.154539,0.0394669884,0.967696673,-0.00384051527,-0.113534285,-0.171277625,0.224999691,-1.51211678,-4.31409623,0.000207874053,1500,1500,1500,1500,1500,1500,1500,1500,0,0,0,0,0.02,0,0,0,0,0.02,0,0,0,0,0.02,0,0,0,0,0.02,0,0,0,0,1,0,0,0,0,1,0,0,0,0,1,0,0,0,0,1
299691.476,19,0,0,0,0,0,0,0.367101461,-0,150.09763,-147.154539,2.94309079,1,0,0,0,0,0,0,0,0,0,0,0,0,0,0,150.09763,4.79015999,-1.85057561,1.86249591e-05,0,0,0,0,0,0,0,0,0,0,0,0,0,0,0,0,0,0,0,0,0,0,0,0,0,0,0,0,0,0,0,0,147.154539,0.0394669884,0.967696673,-0.00384051527,-0.113534285,-0.171277625,0.224999691,-1.51211678,-4.31409623,0.000207874053,1500,1500,1500,1500,1500,1500,1500,1500,0,0,0,0,0.02,0,0,0,0,0.02,0,0,0,0,0.02,0,0,0,0,0.02,0,0,0,0,1,0,0,0,0,1,0,0,0,0,1,0,0,0,0,1
299691.526,19.05,0,0,0,0,0,0,0.367101461,-0,150.09763,-147.154539,2.94309079,1,0,0,0,0,0,0,0,0,0,0,0,0,0,0,150.09763,4.79015999,-1.85057561,1.86249591e-05,0,0,0,0,0,0,0,0,0,0,0,0,0,0,0,0,0,0,0,0,0,0,0,0,0,0,0,0,0,0,0,0,147.154539,0.0394669884,0.967696673,-0.00384051527,-0.113534285,-0.171277625,0.224999691,-1.51211678,-4.31409623,0.000207874053,1500,1500,1500,1500,1500,1500,1500,1500,0,0,0,0,0.02,0,0,0,0,0.02,0,0,0,0,0.02,0,0,0,0,0.02,0,0,0,0,1,0,0,0,0,1,0,0,0,0,1,0,0,0,0,1
299691.576,19.1,0,0,0,0,0,0,0.367101461,-0,150.09763,-147.154539,2.94309079,1,0,0,0,0,0,0,0,0,0,0,0,0,0,0,150.09763,4.79015999,-1.85057561,1.86249591e-05,0,0,0,0,0,0,0,0,0,0,0,0,0,0,0,0,0,0,0,0,0,0,0,0,0,0,0,0,0,0,0,0,147.154539,0.0394669884,0.967696673,-0.00384051527,-0.113534285,-0.171277625,0.224999691,-1.51211678,-4.31409623,0.000207874053,1500,1500,1500,1500,1500,1500,1500,1500,0,0,0,0,0.02,0,0,0,0,0.02,0,0,0,0,0.02,0,0,0,0,0.02,0,0,0,0,1,0,0,0,0,1,0,0,0,0,1,0,0,0,0,1
299691.626,19.15,0,0,0,0,0,0,0.367101461,-0,150.09763,-147.154539,2.94309079,1,0,0,0,0,0,0,0,0,0,0,0,0,0,0,150.09763,4.79015999,-1.85057561,1.86249591e-05,0,0,0,0,0,0,0,0,0,0,0,0,0,0,0,0,0,0,0,0,0,0,0,0,0,0,0,0,0,0,0,0,147.154539,0.0394669884,0.967696673,-0.00384051527,-0.113534285,-0.171277625,0.224999691,-1.51211678,-4.31409623,0.000207874053,1500,1500,1500,1500,1500,1500,1500,1500,0,0,0,0,0.02,0,0,0,0,0.02,0,0,0,0,0.02,0,0,0,0,0.02,0,0,0,0,1,0,0,0,0,1,0,0,0,0,1,0,0,0,0,1
299691.676,19.2,0,0,0,0,0,0,0.367101461,-0,150.09763,-147.154539,2.94309079,1,0,0,0,0,0,0,0,0,0,0,0,0,0,0,150.09763,4.79015999,-1.85057561,1.86249591e-05,0,0,0,0,0,0,0,0,0,0,0,0,0,0,0,0,0,0,0,0,0,0,0,0,0,0,0,0,0,0,0,0,147.154539,0.0394669884,0.967696673,-0.00384051527,-0.113534285,-0.171277625,0.224999691,-1.51211678,-4.31409623,0.000207874053,1500,1500,1500,1500,1500,1500,1500,1500,0,0,0,0,0.02,0,0,0,0,0.02,0,0,0,0,0.02,0,0,0,0,0.02,0,0,0,0,1,0,0,0,0,1,0,0,0,0,1,0,0,0,0,1
299691.726,19.25,0,0,0,0,0,0,0.367101461,-0,150.09763,-147.154539,2.94309079,1,0,0,0,0,0,0,0,0,0,0,0,0,0,0,150.09763,4.79015999,-1.85057561,1.86249591e-05,0,0,0,0,0,0,0,0,0,0,0,0,0,0,0,0,0,0,0,0,0,0,0,0,0,0,0,0,0,0,0,0,147.154539,0.0394669884,0.967696673,-0.00384051527,-0.113534285,-0.171277625,0.224999691,-1.51211678,-4.31409623,0.000207874053,1500,1500,1500,1500,1500,1500,1500,1500,0,0,0,0,0.02,0,0,0,0,0.02,0,0,0,0,0.02,0,0,0,0,0.02,0,0,0,0,1,0,0,0,0,1,0,0,0,0,1,0,0,0,0,1
299691.776,19.3,0,0,0,0,0,0,0.367101461,-0,150.09763,-147.154539,2.94309079,1,0,0,0,0,0,0,0,0,0,0,0,0,0,0,150.09763,4.79015999,-1.85057561,1.86249591e-05,0,0,0,0,0,0,0,0,0,0,0,0,0,0,0,0,0,0,0,0,0,0,0,0,0,0,0,0,0,0,0,0,147.154539,0.0394669884,0.967696673,-0.00384051527,-0.113534285,-0.171277625,0.224999691,-1.51211678,-4.31409623,0.000207874053,1500,1500,1500,1500,1500,1500,1500,1500,0,0,0,0,0.02,0,0,0,0,0.02,0,0,0,0,0.02,0,0,0,0,0.02,0,0,0,0,1,0,0,0,0,1,0,0,0,0,1,0,0,0,0,1
299691.826,19.35,0,0,0,0,0,0,0.367101461,-0,150.09763,-147.154539,2.94309079,1,0,0,0,0,0,0,0,0,0,0,0,0,0,0,150.09763,4.79015999,-1.85057561,1.86249591e-05,0,0,0,0,0,0,0,0,0,0,0,0,0,0,0,0,0,0,0,0,0,0,0,0,0,0,0,0,0,0,0,0,147.154539,0.0394669884,0.967696673,-0.00384051527,-0.113534285,-0.171277625,0.224999691,-1.51211678,-4.31409623,0.000207874053,1500,1500,1500,1500,1500,1500,1500,1500,0,0,0,0,0.02,0,0,0,0,0.02,0,0,0,0,0.02,0,0,0,0,0.02,0,0,0,0,1,0,0,0,0,1,0,0,0,0,1,0,0,0,0,1
299691.876,19.4,0,0,0,0,0,0,0.367101461,-0,150.09763,-147.154539,2.94309079,1,0,0,0,0,0,0,0,0,0,0,0,0,0,0,150.09763,4.79015999,-1.85057561,1.86249591e-05,0,0,0,0,0,0,0,0,0,0,0,0,0,0,0,0,0,0,0,0,0,0,0,0,0,0,0,0,0,0,0,0,147.154539,0.0394669884,0.967696673,-0.00384051527,-0.113534285,-0.171277625,0.224999691,-1.51211678,-4.31409623,0.000207874053,1500,1500,1500,1500,1500,1500,1500,1500,0,0,0,0,0.02,0,0,0,0,0.02,0,0,0,0,0.02,0,0,0,0,0.02,0,0,0,0,1,0,0,0,0,1,0,0,0,0,1,0,0,0,0,1
299691.926,19.45,0,0,0,0,0,0,0.367101461,-0,150.09763,-147.154539,2.94309079,1,0,0,0,0,0,0,0,0,0,0,0,0,0,0,150.09763,4.79015999,-1.85057561,1.86249591e-05,0,0,0,0,0,0,0,0,0,0,0,0,0,0,0,0,0,0,0,0,0,0,0,0,0,0,0,0,0,0,0,0,147.154539,0.0394669884,0.967696673,-0.00384051527,-0.113534285,-0.171277625,0.224999691,-1.51211678,-4.31409623,0.000207874053,1500,1500,1500,1500,1500,1500,1500,1500,0,0,0,0,0.02,0,0,0,0,0.02,0,0,0,0,0.02,0,0,0,0,0.02,0,0,0,0,1,0,0,0,0,1,0,0,0,0,1,0,0,0,0,1
299691.977,19.5,0,0,0,0,0,0,0.367101461,-0,150.09763,-147.154539,2.94309079,1,0,0,0,0,0,0,0,0,0,0,0,0,0,0,150.09763,4.79015999,-1.85057561,1.86249591e-05,0,0,0,0,0,0,0,0,0,0,0,0,0,0,0,0,0,0,0,0,0,0,0,0,0,0,0,0,0,0,0,0,147.154539,0.0394669884,0.967696673,-0.00384051527,-0.113534285,-0.171277625,0.224999691,-1.51211678,-4.31409623,0.000207874053,1500,1500,1500,1500,1500,1500,1500,1500,0,0,0,0,0.02,0,0,0,0,0.02,0,0,0,0,0.02,0,0,0,0,0.02,0,0,0,0,1,0,0,0,0,1,0,0,0,0,1,0,0,0,0,1
299692.027,19.55,0,0,0,0,0,0,0.367101461,-0,150.09763,-147.154539,2.94309079,1,0,0,0,0,0,0,0,0,0,0,0,0,0,0,150.09763,4.79015999,-1.85057561,1.86249591e-05,0,0,0,0,0,0,0,0,0,0,0,0,0,0,0,0,0,0,0,0,0,0,0,0,0,0,0,0,0,0,0,0,147.154539,0.0394669884,0.967696673,-0.00384051527,-0.113534285,-0.171277625,0.224999691,-1.51211678,-4.31409623,0.000207874053,1500,1500,1500,1500,1500,1500,1500,1500,0,0,0,0,0.02,0,0,0,0,0.02,0,0,0,0,0.02,0,0,0,0,0.02,0,0,0,0,1,0,0,0,0,1,0,0,0,0,1,0,0,0,0,1
299692.077,19.6,0,0,0,0,0,0,0.367101461,-0,150.09763,-147.154539,2.94309079,1,0,0,0,0,0,0,0,0,0,0,0,0,0,0,150.09763,4.79015999,-1.85057561,1.86249591e-05,0,0,0,0,0,0,0,0,0,0,0,0,0,0,0,0,0,0,0,0,0,0,0,0,0,0,0,0,0,0,0,0,147.154539,0.0394669884,0.967696673,-0.00384051527,-0.113534285,-0.171277625,0.224999691,-1.51211678,-4.31409623,0.000207874053,1500,1500,1500,1500,1500,1500,1500,1500,0,0,0,0,0.02,0,0,0,0,0.02,0,0,0,0,0.02,0,0,0,0,0.02,0,0,0,0,1,0,0,0,0,1,0,0,0,0,1,0,0,0,0,1
299692.127,19.65,0,0,0,0,0,0,0.367101461,-0,150.09763,-147.154539,2.94309079,1,0,0,0,0,0,0,0,0,0,0,0,0,0,0,150.09763,4.79015999,-1.85057561,1.86249591e-05,0,0,0,0,0,0,0,0,0,0,0,0,0,0,0,0,0,0,0,0,0,0,0,0,0,0,0,0,0,0,0,0,147.154539,0.0394669884,0.967696673,-0.00384051527,-0.113534285,-0.171277625,0.224999691,-1.51211678,-4.31409623,0.000207874053,1500,1500,1500,1500,1500,1500,1500,1500,0,0,0,0,0.02,0,0,0,0,0.02,0,0,0,0,0.02,0,0,0,0,0.02,0,0,0,0,1,0,0,0,0,1,0,0,0,0,1,0,0,0,0,1
299692.177,19.7,0,0,0,0,0,0,0.367101461,-0,150.09763,-147.154539,2.94309079,1,0,0,0,0,0,0,0,0,0,0,0,0,0,0,150.09763,4.79015999,-1.85057561,1.86249591e-05,0,0,0,0,0,0,0,0,0,0,0,0,0,0,0,0,0,0,0,0,0,0,0,0,0,0,0,0,0,0,0,0,147.154539,0.0394669884,0.967696673,-0.00384051527,-0.113534285,-0.171277625,0.224999691,-1.51211678,-4.31409623,0.000207874053,1500,1500,1500,1500,1500,1500,1500,1500,0,0,0,0,0.02,0,0,0,0,0.02,0,0,0,0,0.02,0,0,0,0,0.02,0,0,0,0,1,0,0,0,0,1,0,0,0,0,1,0,0,0,0,1
299692.227,19.75,0,0,0,0,0,0,0.367101461,-0,150.09763,-147.154539,2.94309079,1,0,0,0,0,0,0,0,0,0,0,0,0,0,0,150.09763,4.79015999,-1.85057561,1.86249591e-05,0,0,0,0,0,0,0,0,0,0,0,0,0,0,0,0,0,0,0,0,0,0,0,0,0,0,0,0,0,0,0,0,147.154539,0.0394669884,0.967696673,-0.00384051527,-0.113534285,-0.171277625,0.224999691,-1.51211678,-4.31409623,0.000207874053,1500,1500,1500,1500,1500,1500,1500,1500,0,0,0,0,0.02,0,0,0,0,0.02,0,0,0,0,0.02,0,0,0,0,0.02,0,0,0,0,1,0,0,0,0,1,0,0,0,0,1,0,0,0,0,1
299692.277,19.8,0,0,0,0,0,0,0.367101461,-0,150.09763,-147.154539,2.94309079,1,0,0,0,0,0,0,0,0,0,0,0,0,0,0,150.09763,4.79015999,-1.85057561,1.86249591e-05,0,0,0,0,0,0,0,0,0,0,0,0,0,0,0,0,0,0,0,0,0,0,0,0,0,0,0,0,0,0,0,0,147.154539,0.0394669884,0.967696673,-0.00384051527,-0.113534285,-0.171277625,0.224999691,-1.51211678,-4.31409623,0.000207874053,1500,1500,1500,1500,1500,1500,1500,1500,0,0,0,0,0.02,0,0,0,0,0.02,0,0,0,0,0.02,0,0,0,0,0.02,0,0,0,0,1,0,0,0,0,1,0,0,0,0,1,0,0,0,0,1
299692.328,19.85,0,0,0,0,0,0,0.367101461,-0,150.09763,-147.154539,2.94309079,1,0,0,0,0,0,0,0,0,0,0,0,0,0,0,150.09763,4.79015999,-1.85057561,1.86249591e-05,0,0,0,0,0,0,0,0,0,0,0,0,0,0,0,0,0,0,0,0,0,0,0,0,0,0,0,0,0,0,0,0,147.154539,0.0394669884,0.967696673,-0.00384051527,-0.113534285,-0.171277625,0.224999691,-1.51211678,-4.31409623,0.000207874053,1500,1500,1500,1500,1500,1500,1500,1500,0,0,0,0,0.02,0,0,0,0,0.02,0,0,0,0,0.02,0,0,0,0,0.02,0,0,0,0,1,0,0,0,0,1,0,0,0,0,1,0,0,0,0,1
299692.378,19.9,0,0,0,0,0,0,0.367101461,-0,150.09763,-147.154539,2.94309079,1,0,0,0,0,0,0,0,0,0,0,0,0,0,0,150.09763,4.79015999,-1.85057561,1.86249591e-05,0,0,0,0,0,0,0,0,0,0,0,0,0,0,0,0,0,0,0,0,0,0,0,0,0,0,0,0,0,0,0,0,147.154539,0.0394669884,0.967696673,-0.00384051527,-0.113534285,-0.171277625,0.224999691,-1.51211678,-4.31409623,0.000207874053,1500,1500,1500,1500,1500,1500,1500,1500,0,0,0,0,0.02,0,0,0,0,0.02,0,0,0,0,0.02,0,0,0,0,0.02,0,0,0,0,1,0,0,0,0,1,0,0,0,0,1,0,0,0,0,1
299692.428,19.95,0,0,0,0,0,0,0.367101461,-0,150.09763,-147.154539,2.94309079,1,0,0,0,0,0,0,0,0,0,0,0,0,0,0,150.09763,4.79015999,-1.85057561,1.86249591e-05,0,0,0,0,0,0,0,0,0,0,0,0,0,0,0,0,0,0,0,0,0,0,0,0,0,0,0,0,0,0,0,0,147.154539,0.0394669884,0.967696673,-0.00384051527,-0.113534285,-0.171277625,0.224999691,-1.51211678,-4.31409623,0.000207874053,1500,1500,1500,1500,1500,1500,1500,1500,0,0,0,0,0.02,0,0,0,0,0.02,0,0,0,0,0.02,0,0,0,0,0.02,0,0,0,0,1,0,0,0,0,1,0,0,0,0,1,0,0,0,0,1
299692.478,20,0,0,0,0,0,0,0.367101461,-0,150.09763,-147.154539,2.94309079,1,0,0,0,0,0,0,0,0,0,0,0,0,0,0,150.09763,4.79015999,-1.85057561,1.86249591e-05,0,0,0,0,0,0,0,0,0,0,0,0,0,0,0,0,0,0,0,0,0,0,0,0,0,0,0,0,0,0,0,0,147.154539,0.0394669884,0.967696673,-0.00384051527,-0.113534285,-0.171277625,0.224999691,-1.51211678,-4.31409623,0.000207874053,1500,1500,1500,1500,1500,1500,1500,1500,0,0,0,0,0.02,0,0,0,0,0.02,0,0,0,0,0.02,0,0,0,0,0.02,0,0,0,0,1,0,0,0,0,1,0,0,0,0,1,0,0,0,0,1
299692.529,20.05,0,0,0,0,0,0,0.367101461,-0,150.09763,-147.154539,2.94309079,1,0,0,0,0,0,0,0,0,0,0,0,0,0,0,150.09763,4.79015999,-1.85057561,1.86249591e-05,0,0,0,0,0,0,0,0,0,0,0,0,0,0,0,0,0,0,0,0,0,0,0,0,0,0,0,0,0,0,0,0,147.154539,0.0394669884,0.967696673,-0.00384051527,-0.113534285,-0.171277625,0.224999691,-1.51211678,-4.31409623,0.000207874053,1500,1500,1500,1500,1500,1500,1500,1500,0,0,0,0,0.02,0,0,0,0,0.02,0,0,0,0,0.02,0,0,0,0,0.02,0,0,0,0,1,0,0,0,0,1,0,0,0,0,1,0,0,0,0,1
299692.578,20.1,0,0,0,0,0,0,0.367101461,-0,150.09763,-147.154539,2.94309079,1,0,0,0,0,0,0,0,0,0,0,0,0,0,0,150.09763,4.79015999,-1.85057561,1.86249591e-05,0,0,0,0,0,0,0,0,0,0,0,0,0,0,0,0,0,0,0,0,0,0,0,0,0,0,0,0,0,0,0,0,147.154539,0.0394669884,0.967696673,-0.00384051527,-0.113534285,-0.171277625,0.224999691,-1.51211678,-4.31409623,0.000207874053,1500,1500,1500,1500,1500,1500,1500,1500,0,0,0,0,0.02,0,0,0,0,0.02,0,0,0,0,0.02,0,0,0,0,0.02,0,0,0,0,1,0,0,0,0,1,0,0,0,0,1,0,0,0,0,1
299692.629,20.15,0,0,0,0,0,0,0.367101461,-0,150.09763,-147.154539,2.94309079,1,0,0,0,0,0,0,0,0,0,0,0,0,0,0,150.09763,4.79015999,-1.85057561,1.86249591e-05,0,0,0,0,0,0,0,0,0,0,0,0,0,0,0,0,0,0,0,0,0,0,0,0,0,0,0,0,0,0,0,0,147.154539,0.0394669884,0.967696673,-0.00384051527,-0.113534285,-0.171277625,0.224999691,-1.51211678,-4.31409623,0.000207874053,1500,1500,1500,1500,1500,1500,1500,1500,0,0,0,0,0.02,0,0,0,0,0.02,0,0,0,0,0.02,0,0,0,0,0.02,0,0,0,0,1,0,0,0,0,1,0,0,0,0,1,0,0,0,0,1
299692.679,20.2,0,0,0,0,0,0,0.367101461,-0,150.09763,-147.154539,2.94309079,1,0,0,0,0,0,0,0,0,0,0,0,0,0,0,150.09763,4.79015999,-1.85057561,1.86249591e-05,0,0,0,0,0,0,0,0,0,0,0,0,0,0,0,0,0,0,0,0,0,0,0,0,0,0,0,0,0,0,0,0,147.154539,0.0394669884,0.967696673,-0.00384051527,-0.113534285,-0.171277625,0.224999691,-1.51211678,-4.31409623,0.000207874053,1500,1500,1500,1500,1500,1500,1500,1500,0,0,0,0,0.02,0,0,0,0,0.02,0,0,0,0,0.02,0,0,0,0,0.02,0,0,0,0,1,0,0,0,0,1,0,0,0,0,1,0,0,0,0,1
299692.729,20.25,0,0,0,0,0,0,0.367101461,-0,150.09763,-147.154539,2.94309079,1,0,0,0,0,0,0,0,0,0,0,0,0,0,0,150.09763,4.79015999,-1.85057561,1.86249591e-05,0,0,0,0,0,0,0,0,0,0,0,0,0,0,0,0,0,0,0,0,0,0,0,0,0,0,0,0,0,0,0,0,147.154539,0.0394669884,0.967696673,-0.00384051527,-0.113534285,-0.171277625,0.224999691,-1.51211678,-4.31409623,0.000207874053,1500,1500,1500,1500,1500,1500,1500,1500,0,0,0,0,0.02,0,0,0,0,0.02,0,0,0,0,0.02,0,0,0,0,0.02,0,0,0,0,1,0,0,0,0,1,0,0,0,0,1,0,0,0,0,1
299692.779,20.3,0,0,0,0,0,0,0.367101461,-0,150.09763,-147.154539,2.94309079,1,0,0,0,0,0,0,0,0,0,0,0,0,0,0,150.09763,4.79015999,-1.85057561,1.86249591e-05,0,0,0,0,0,0,0,0,0,0,0,0,0,0,0,0,0,0,0,0,0,0,0,0,0,0,0,0,0,0,0,0,147.154539,0.0394669884,0.967696673,-0.00384051527,-0.113534285,-0.171277625,0.224999691,-1.51211678,-4.31409623,0.000207874053,1500,1500,1500,1500,1500,1500,1500,1500,0,0,0,0,0.02,0,0,0,0,0.02,0,0,0,0,0.02,0,0,0,0,0.02,0,0,0,0,1,0,0,0,0,1,0,0,0,0,1,0,0,0,0,1
299692.83,20.35,0,0,0,0,0,0,0.367101461,-0,150.09763,-147.154539,2.94309079,1,0,0,0,0,0,0,0,0,0,0,0,0,0,0,150.09763,4.79015999,-1.85057561,1.86249591e-05,0,0,0,0,0,0,0,0,0,0,0,0,0,0,0,0,0,0,0,0,0,0,0,0,0,0,0,0,0,0,0,0,147.154539,0.0394669884,0.967696673,-0.00384051527,-0.113534285,-0.171277625,0.224999691,-1.51211678,-4.31409623,0.000207874053,1500,1500,1500,1500,1500,1500,1500,1500,0,0,0,0,0.02,0,0,0,0,0.02,0,0,0,0,0.02,0,0,0,0,0.02,0,0,0,0,1,0,0,0,0,1,0,0,0,0,1,0,0,0,0,1
299692.879,20.4,0,0,0,0,0,0,0.367101461,-0,150.09763,-147.154539,2.94309079,1,0,0,0,0,0,0,0,0,0,0,0,0,0,0,150.09763,4.79015999,-1.85057561,1.86249591e-05,0,0,0,0,0,0,0,0,0,0,0,0,0,0,0,0,0,0,0,0,0,0,0,0,0,0,0,0,0,0,0,0,147.154539,0.0394669884,0.967696673,-0.00384051527,-0.113534285,-0.171277625,0.224999691,-1.51211678,-4.31409623,0.000207874053,1500,1500,1500,1500,1500,1500,1500,1500,0,0,0,0,0.02,0,0,0,0,0.02,0,0,0,0,0.02,0,0,0,0,0.02,0,0,0,0,1,0,0,0,0,1,0,0,0,0,1,0,0,0,0,1
299692.93,20.45,0,0,0,0,0,0,0.367101461,-0,150.09763,-147.154539,2.94309079,1,0,0,0,0,0,0,0,0,0,0,0,0,0,0,150.09763,4.79015999,-1.85057561,1.86249591e-05,0,0,0,0,0,0,0,0,0,0,0,0,0,0,0,0,0,0,0,0,0,0,0,0,0,0,0,0,0,0,0,0,147.154539,0.0394669884,0.967696673,-0.00384051527,-0.113534285,-0.171277625,0.224999691,-1.51211678,-4.31409623,0.000207874053,1500,1500,1500,1500,1500,1500,1500,1500,0,0,0,0,0.02,0,0,0,0,0.02,0,0,0,0,0.02,0,0,0,0,0.02,0,0,0,0,1,0,0,0,0,1,0,0,0,0,1,0,0,0,0,1
299692.98,20.5,0,0,0,0,0,0,0.367101461,-0,150.09763,-147.154539,2.94309079,1,0,0,0,0,0,0,0,0,0,0,0,0,0,0,150.09763,4.79015999,-1.85057561,1.86249591e-05,0,0,0,0,0,0,0,0,0,0,0,0,0,0,0,0,0,0,0,0,0,0,0,0,0,0,0,0,0,0,0,0,147.154539,0.0394669884,0.967696673,-0.00384051527,-0.113534285,-0.171277625,0.224999691,-1.51211678,-4.31409623,0.000207874053,1500,1500,1500,1500,1500,1500,1500,1500,0,0,0,0,0.02,0,0,0,0,0.02,0,0,0,0,0.02,0,0,0,0,0.02,0,0,0,0,1,0,0,0,0,1,0,0,0,0,1,0,0,0,0,1
299693.03,20.55,0,0,0,0,0,0,0.367101461,-0,150.09763,-147.154539,2.94309079,1,0,0,0,0,0,0,0,0,0,0,0,0,0,0,150.09763,4.79015999,-1.85057561,1.86249591e-05,0,0,0,0,0,0,0,0,0,0,0,0,0,0,0,0,0,0,0,0,0,0,0,0,0,0,0,0,0,0,0,0,147.154539,0.0394669884,0.967696673,-0.00384051527,-0.113534285,-0.171277625,0.224999691,-1.51211678,-4.31409623,0.000207874053,1500,1500,1500,1500,1500,1500,1500,1500,0,0,0,0,0.02,0,0,0,0,0.02,0,0,0,0,0.02,0,0,0,0,0.02,0,0,0,0,1,0,0,0,0,1,0,0,0,0,1,0,0,0,0,1
299693.08,20.6,0,0,0,0,0,0,0.367101461,-0,150.09763,-147.154539,2.94309079,1,0,0,0,0,0,0,0,0,0,0,0,0,0,0,150.09763,4.79015999,-1.85057561,1.86249591e-05,0,0,0,0,0,0,0,0,0,0,0,0,0,0,0,0,0,0,0,0,0,0,0,0,0,0,0,0,0,0,0,0,147.154539,0.0394669884,0.967696673,-0.00384051527,-0.113534285,-0.171277625,0.224999691,-1.51211678,-4.31409623,0.000207874053,1500,1500,1500,1500,1500,1500,1500,1500,0,0,0,0,0.02,0,0,0,0,0.02,0,0,0,0,0.02,0,0,0,0,0.02,0,0,0,0,1,0,0,0,0,1,0,0,0,0,1,0,0,0,0,1
299693.13,20.65,0,0,0,0,0,0,0.367101461,-0,150.09763,-147.154539,2.94309079,1,0,0,0,0,0,0,0,0,0,0,0,0,0,0,150.09763,4.79015999,-1.85057561,1.86249591e-05,0,0,0,0,0,0,0,0,0,0,0,0,0,0,0,0,0,0,0,0,0,0,0,0,0,0,0,0,0,0,0,0,147.154539,0.0394669884,0.967696673,-0.00384051527,-0.113534285,-0.171277625,0.224999691,-1.51211678,-4.31409623,0.000207874053,1500,1500,1500,1500,1500,1500,1500,1500,0,0,0,0,0.02,0,0,0,0,0.02,0,0,0,0,0.02,0,0,0,0,0.02,0,0,0,0,1,0,0,0,0,1,0,0,0,0,1,0,0,0,0,1
299693.181,20.7,0,0,0,0,0,0,0.367101461,-0,150.09763,-147.154539,2.94309079,1,0,0,0,0,0,0,0,0,0,0,0,0,0,0,150.09763,4.79015999,-1.85057561,1.86249591e-05,0,0,0,0,0,0,0,0,0,0,0,0,0,0,0,0,0,0,0,0,0,0,0,0,0,0,0,0,0,0,0,0,147.154539,0.0394669884,0.967696673,-0.00384051527,-0.113534285,-0.171277625,0.224999691,-1.51211678,-4.31409623,0.000207874053,1500,1500,1500,1500,1500,1500,1500,1500,0,0,0,0,0.02,0,0,0,0,0.02,0,0,0,0,0.02,0,0,0,0,0.02,0,0,0,0,1,0,0,0,0,1,0,0,0,0,1,0,0,0,0,1
299693.231,20.75,0,0,0,0,0,0,0.367101461,-0,150.09763,-147.154539,2.94309079,1,0,0,0,0,0,0,0,0,0,0,0,0,0,0,150.09763,4.79015999,-1.85057561,1.86249591e-05,0,0,0,0,0,0,0,0,0,0,0,0,0,0,0,0,0,0,0,0,0,0,0,0,0,0,0,0,0,0,0,0,147.154539,0.0394669884,0.967696673,-0.00384051527,-0.113534285,-0.171277625,0.224999691,-1.51211678,-4.31409623,0.000207874053,1500,1500,1500,1500,1500,1500,1500,1500,0,0,0,0,0.02,0,0,0,0,0.02,0,0,0,0,0.02,0,0,0,0,0.02,0,0,0,0,1,0,0,0,0,1,0,0,0,0,1,0,0,0,0,1
299693.281,20.8,0,0,0,0,0,0,0.367101461,-0,150.09763,-147.154539,2.94309079,1,0,0,0,0,0,0,0,0,0,0,0,0,0,0,150.09763,4.79015999,-1.85057561,1.86249591e-05,0,0,0,0,0,0,0,0,0,0,0,0,0,0,0,0,0,0,0,0,0,0,0,0,0,0,0,0,0,0,0,0,147.154539,0.0394669884,0.967696673,-0.00384051527,-0.113534285,-0.171277625,0.224999691,-1.51211678,-4.31409623,0.000207874053,1500,1500,1500,1500,1500,1500,1500,1500,0,0,0,0,0.02,0,0,0,0,0.02,0,0,0,0,0.02,0,0,0,0,0.02,0,0,0,0,1,0,0,0,0,1,0,0,0,0,1,0,0,0,0,1
299693.331,20.85,0,0,0,0,0,0,0.367101461,-0,150.09763,-147.154539,2.94309079,1,0,0,0,0,0,0,0,0,0,0,0,0,0,0,150.09763,4.79015999,-1.85057561,1.86249591e-05,0,0,0,0,0,0,0,0,0,0,0,0,0,0,0,0,0,0,0,0,0,0,0,0,0,0,0,0,0,0,0,0,147.154539,0.0394669884,0.967696673,-0.00384051527,-0.113534285,-0.171277625,0.224999691,-1.51211678,-4.31409623,0.000207874053,1500,1500,1500,1500,1500,1500,1500,1500,0,0,0,0,0.02,0,0,0,0,0.02,0,0,0,0,0.02,0,0,0,0,0.02,0,0,0,0,1,0,0,0,0,1,0,0,0,0,1,0,0,0,0,1
299693.381,20.9,0,0,0,0,0,0,0.367101461,-0,150.09763,-147.154539,2.94309079,1,0,0,0,0,0,0,0,0,0,0,0,0,0,0,150.09763,4.79015999,-1.85057561,1.86249591e-05,0,0,0,0,0,0,0,0,0,0,0,0,0,0,0,0,0,0,0,0,0,0,0,0,0,0,0,0,0,0,0,0,147.154539,0.0394669884,0.967696673,-0.00384051527,-0.113534285,-0.171277625,0.224999691,-1.51211678,-4.31409623,0.000207874053,1500,1500,1500,1500,1500,1500,1500,1500,0,0,0,0,0.02,0,0,0,0,0.02,0,0,0,0,0.02,0,0,0,0,0.02,0,0,0,0,1,0,0,0,0,1,0,0,0,0,1,0,0,0,0,1
299693.431,20.95,0,0,0,0,0,0,0.367101461,-0,150.09763,-147.154539,2.94309079,1,0,0,0,0,0,0,0,0,0,0,0,0,0,0,150.09763,4.79015999,-1.85057561,1.86249591e-05,0,0,0,0,0,0,0,0,0,0,0,0,0,0,0,0,0,0,0,0,0,0,0,0,0,0,0,0,0,0,0,0,147.154539,0.0394669884,0.967696673,-0.00384051527,-0.113534285,-0.171277625,0.224999691,-1.51211678,-4.31409623,0.000207874053,1500,1500,1500,1500,1500,1500,1500,1500,0,0,0,0,0.02,0,0,0,0,0.02,0,0,0,0,0.02,0,0,0,0,0.02,0,0,0,0,1,0,0,0,0,1,0,0,0,0,1,0,0,0,0,1
299693.481,21,0,0,0,0,0,0,0.367101461,-0,150.09763,-147.154539,2.94309079,1,0,0,0,0,0,0,0,0,0,0,0,0,0,0,150.09763,4.79015999,-1.85057561,1.86249591e-05,0,0,0,0,0,0,0,0,0,0,0,0,0,0,0,0,0,0,0,0,0,0,0,0,0,0,0,0,0,0,0,0,147.154539,0.0394669884,0.967696673,-0.00384051527,-0.113534285,-0.171277625,0.224999691,-1.51211678,-4.31409623,0.000207874053,1500,1500,1500,1500,1500,1500,1500,1500,0,0,0,0,0.02,0,0,0,0,0.02,0,0,0,0,0.02,0,0,0,0,0.02,0,0,0,0,1,0,0,0,0,1,0,0,0,0,1,0,0,0,0,1
299693.532,21.05,0,0,0,0,0,0,0.367101461,-0,150.09763,-147.154539,2.94309079,1,0,0,0,0,0,0,0,0,0,0,0,0,0,0,150.09763,4.79015999,-1.85057561,1.86249591e-05,0,0,0,0,0,0,0,0,0,0,0,0,0,0,0,0,0,0,0,0,0,0,0,0,0,0,0,0,0,0,0,0,147.154539,0.0394669884,0.967696673,-0.00384051527,-0.113534285,-0.171277625,0.224999691,-1.51211678,-4.31409623,0.000207874053,1500,1500,1500,1500,1500,1500,1500,1500,0,0,0,0,0.02,0,0,0,0,0.02,0,0,0,0,0.02,0,0,0,0,0.02,0,0,0,0,1,0,0,0,0,1,0,0,0,0,1,0,0,0,0,1
299693.582,21.1,0,0,0,0,0,0,0.367101461,-0,150.09763,-147.154539,2.94309079,1,0,0,0,0,0,0,0,0,0,0,0,0,0,0,150.09763,4.79015999,-1.85057561,1.86249591e-05,0,0,0,0,0,0,0,0,0,0,0,0,0,0,0,0,0,0,0,0,0,0,0,0,0,0,0,0,0,0,0,0,147.154539,0.0394669884,0.967696673,-0.00384051527,-0.113534285,-0.171277625,0.224999691,-1.51211678,-4.31409623,0.000207874053,1500,1500,1500,1500,1500,1500,1500,1500,0,0,0,0,0.02,0,0,0,0,0.02,0,0,0,0,0.02,0,0,0,0,0.02,0,0,0,0,1,0,0,0,0,1,0,0,0,0,1,0,0,0,0,1
299693.632,21.15,0,0,0,0,0,0,0.367101461,-0,150.09763,-147.154539,2.94309079,1,0,0,0,0,0,0,0,0,0,0,0,0,0,0,150.09763,4.79015999,-1.85057561,1.86249591e-05,0,0,0,0,0,0,0,0,0,0,0,0,0,0,0,0,0,0,0,0,0,0,0,0,0,0,0,0,0,0,0,0,147.154539,0.0394669884,0.967696673,-0.00384051527,-0.113534285,-0.171277625,0.224999691,-1.51211678,-4.31409623,0.000207874053,1500,1500,1500,1500,1500,1500,1500,1500,0,0,0,0,0.02,0,0,0,0,0.02,0,0,0,0,0.02,0,0,0,0,0.02,0,0,0,0,1,0,0,0,0,1,0,0,0,0,1,0,0,0,0,1
299693.682,21.2,0,0,0,0,0,0,0.367101461,-0,150.09763,-147.154539,2.94309079,1,0,0,0,0,0,0,0,0,0,0,0,0,0,0,150.09763,4.79015999,-1.85057561,1.86249591e-05,0,0,0,0,0,0,0,0,0,0,0,0,0,0,0,0,0,0,0,0,0,0,0,0,0,0,0,0,0,0,0,0,147.154539,0.0394669884,0.967696673,-0.00384051527,-0.113534285,-0.171277625,0.224999691,-1.51211678,-4.31409623,0.000207874053,1500,1500,1500,1500,1500,1500,1500,1500,0,0,0,0,0.02,0,0,0,0,0.02,0,0,0,0,0.02,0,0,0,0,0.02,0,0,0,0,1,0,0,0,0,1,0,0,0,0,1,0,0,0,0,1
299693.732,21.25,0,0,0,0,0,0,0.367101461,-0,150.09763,-147.154539,2.94309079,1,0,0,0,0,0,0,0,0,0,0,0,0,0,0,150.09763,4.79015999,-1.85057561,1.86249591e-05,0,0,0,0,0,0,0,0,0,0,0,0,0,0,0,0,0,0,0,0,0,0,0,0,0,0,0,0,0,0,0,0,147.154539,0.0394669884,0.967696673,-0.00384051527,-0.113534285,-0.171277625,0.224999691,-1.51211678,-4.31409623,0.000207874053,1500,1500,1500,1500,1500,1500,1500,1500,0,0,0,0,0.02,0,0,0,0,0.02,0,0,0,0,0.02,0,0,0,0,0.02,0,0,0,0,1,0,0,0,0,1,0,0,0,0,1,0,0,0,0,1
299693.782,21.3,0,0,0,0,0,0,0.367101461,-0,150.09763,-147.154539,2.94309079,1,0,0,0,0,0,0,0,0,0,0,0,0,0,0,150.09763,4.79015999,-1.85057561,1.86249591e-05,0,0,0,0,0,0,0,0,0,0,0,0,0,0,0,0,0,0,0,0,0,0,0,0,0,0,0,0,0,0,0,0,147.154539,0.0394669884,0.967696673,-0.00384051527,-0.113534285,-0.171277625,0.224999691,-1.51211678,-4.31409623,0.000207874053,1500,1500,1500,1500,1500,1500,1500,1500,0,0,0,0,0.02,0,0,0,0,0.02,0,0,0,0,0.02,0,0,0,0,0.02,0,0,0,0,1,0,0,0,0,1,0,0,0,0,1,0,0,0,0,1
299693.832,21.35,0,0,0,0,0,0,0.367101461,-0,150.09763,-147.154539,2.94309079,1,0,0,0,0,0,0,0,0,0,0,0,0,0,0,150.09763,4.79015999,-1.85057561,1.86249591e-05,0,0,0,0,0,0,0,0,0,0,0,0,0,0,0,0,0,0,0,0,0,0,0,0,0,0,0,0,0,0,0,0,147.154539,0.0394669884,0.967696673,-0.00384051527,-0.113534285,-0.171277625,0.224999691,-1.51211678,-4.31409623,0.000207874053,1500,1500,1500,1500,1500,1500,1500,1500,0,0,0,0,0.02,0,0,0,0,0.02,0,0,0,0,0.02,0,0,0,0,0.02,0,0,0,0,1,0,0,0,0,1,0,0,0,0,1,0,0,0,0,1
299693.882,21.4,0,0,0,0,0,0,0.367101461,-0,150.09763,-147.154539,2.94309079,1,0,0,0,0,0,0,0,0,0,0,0,0,0,0,150.09763,4.79015999,-1.85057561,1.86249591e-05,0,0,0,0,0,0,0,0,0,0,0,0,0,0,0,0,0,0,0,0,0,0,0,0,0,0,0,0,0,0,0,0,147.154539,0.0394669884,0.967696673,-0.00384051527,-0.113534285,-0.171277625,0.224999691,-1.51211678,-4.31409623,0.000207874053,1500,1500,1500,1500,1500,1500,1500,1500,0,0,0,0,0.02,0,0,0,0,0.02,0,0,0,0,0.02,0,0,0,0,0.02,0,0,0,0,1,0,0,0,0,1,0,0,0,0,1,0,0,0,0,1
299693.932,21.45,0,0,0,0,0,0,0.367101461,-0,150.09763,-147.154539,2.94309079,1,0,0,0,0,0,0,0,0,0,0,0,0,0,0,150.09763,4.79015999,-1.85057561,1.86249591e-05,0,0,0,0,0,0,0,0,0,0,0,0,0,0,0,0,0,0,0,0,0,0,0,0,0,0,0,0,0,0,0,0,147.154539,0.0394669884,0.967696673,-0.00384051527,-0.113534285,-0.171277625,0.224999691,-1.51211678,-4.31409623,0.000207874053,1500,1500,1500,1500,1500,1500,1500,1500,0,0,0,0,0.02,0,0,0,0,0.02,0,0,0,0,0.02,0,0,0,0,0.02,0,0,0,0,1,0,0,0,0,1,0,0,0,0,1,0,0,0,0,1
299693.982,21.5,0,0,0,0,0,0,0.367101461,-0,150.09763,-147.154539,2.94309079,1,0,0,0,0,0,0,0,0,0,0,0,0,0,0,150.09763,4.79015999,-1.85057561,1.86249591e-05,0,0,0,0,0,0,0,0,0,0,0,0,0,0,0,0,0,0,0,0,0,0,0,0,0,0,0,0,0,0,0,0,147.154539,0.0394669884,0.967696673,-0.00384051527,-0.113534285,-0.171277625,0.224999691,-1.51211678,-4.31409623,0.000207874053,1500,1500,1500,1500,1500,1500,1500,1500,0,0,0,0,0.02,0,0,0,0,0.02,0,0,0,0,0.02,0,0,0,0,0.02,0,0,0,0,1,0,0,0,0,1,0,0,0,0,1,0,0,0,0,1
299694.033,21.55,0,0,0,0,0,0,0.367101461,-0,150.09763,-147.154539,2.94309079,1,0,0,0,0,0,0,0,0,0,0,0,0,0,0,150.09763,4.79015999,-1.85057561,1.86249591e-05,0,0,0,0,0,0,0,0,0,0,0,0,0,0,0,0,0,0,0,0,0,0,0,0,0,0,0,0,0,0,0,0,147.154539,0.0394669884,0.967696673,-0.00384051527,-0.113534285,-0.171277625,0.224999691,-1.51211678,-4.31409623,0.000207874053,1500,1500,1500,1500,1500,1500,1500,1500,0,0,0,0,0.02,0,0,0,0,0.02,0,0,0,0,0.02,0,0,0,0,0.02,0,0,0,0,1,0,0,0,0,1,0,0,0,0,1,0,0,0,0,1
299694.083,21.6,0,0,0,0,0,0,0.367101461,-0,150.09763,-147.154539,2.94309079,1,0,0,0,0,0,0,0,0,0,0,0,0,0,0,150.09763,4.79015999,-1.85057561,1.86249591e-05,0,0,0,0,0,0,0,0,0,0,0,0,0,0,0,0,0,0,0,0,0,0,0,0,0,0,0,0,0,0,0,0,147.154539,0.0394669884,0.967696673,-0.00384051527,-0.113534285,-0.171277625,0.224999691,-1.51211678,-4.31409623,0.000207874053,1500,1500,1500,1500,1500,1500,1500,1500,0,0,0,0,0.02,0,0,0,0,0.02,0,0,0,0,0.02,0,0,0,0,0.02,0,0,0,0,1,0,0,0,0,1,0,0,0,0,1,0,0,0,0,1
299694.133,21.65,0,0,0,0,0,0,0.367101461,-0,150.09763,-147.154539,2.94309079,1,0,0,0,0,0,0,0,0,0,0,0,0,0,0,150.09763,4.79015999,-1.85057561,1.86249591e-05,0,0,0,0,0,0,0,0,0,0,0,0,0,0,0,0,0,0,0,0,0,0,0,0,0,0,0,0,0,0,0,0,147.154539,0.0394669884,0.967696673,-0.00384051527,-0.113534285,-0.171277625,0.224999691,-1.51211678,-4.31409623,0.000207874053,1500,1500,1500,1500,1500,1500,1500,1500,0,0,0,0,0.02,0,0,0,0,0.02,0,0,0,0,0.02,0,0,0,0,0.02,0,0,0,0,1,0,0,0,0,1,0,0,0,0,1,0,0,0,0,1
299694.183,21.7,0,0,0,0,0,0,0.367101461,-0,150.09763,-147.154539,2.94309079,1,0,0,0,0,0,0,0,0,0,0,0,0,0,0,150.09763,4.79015999,-1.85057561,1.86249591e-05,0,0,0,0,0,0,0,0,0,0,0,0,0,0,0,0,0,0,0,0,0,0,0,0,0,0,0,0,0,0,0,0,147.154539,0.0394669884,0.967696673,-0.00384051527,-0.113534285,-0.171277625,0.224999691,-1.51211678,-4.31409623,0.000207874053,1500,1500,1500,1500,1500,1500,1500,1500,0,0,0,0,0.02,0,0,0,0,0.02,0,0,0,0,0.02,0,0,0,0,0.02,0,0,0,0,1,0,0,0,0,1,0,0,0,0,1,0,0,0,0,1
299694.234,21.75,0,0,0,0,0,0,0.367101461,-0,150.09763,-147.154539,2.94309079,1,0,0,0,0,0,0,0,0,0,0,0,0,0,0,150.09763,4.79015999,-1.85057561,1.86249591e-05,0,0,0,0,0,0,0,0,0,0,0,0,0,0,0,0,0,0,0,0,0,0,0,0,0,0,0,0,0,0,0,0,147.154539,0.0394669884,0.967696673,-0.00384051527,-0.113534285,-0.171277625,0.224999691,-1.51211678,-4.31409623,0.000207874053,1500,1500,1500,1500,1500,1500,1500,1500,0,0,0,0,0.02,0,0,0,0,0.02,0,0,0,0,0.02,0,0,0,0,0.02,0,0,0,0,1,0,0,0,0,1,0,0,0,0,1,0,0,0,0,1
299694.284,21.8,0,0,0,0,0,0,0.367101461,-0,150.09763,-147.154539,2.94309079,1,0,0,0,0,0,0,0,0,0,0,0,0,0,0,150.09763,4.79015999,-1.85057561,1.86249591e-05,0,0,0,0,0,0,0,0,0,0,0,0,0,0,0,0,0,0,0,0,0,0,0,0,0,0,0,0,0,0,0,0,147.154539,0.0394669884,0.967696673,-0.00384051527,-0.113534285,-0.171277625,0.224999691,-1.51211678,-4.31409623,0.000207874053,1500,1500,1500,1500,1500,1500,1500,1500,0,0,0,0,0.02,0,0,0,0,0.02,0,0,0,0,0.02,0,0,0,0,0.02,0,0,0,0,1,0,0,0,0,1,0,0,0,0,1,0,0,0,0,1
299694.334,21.85,0,0,0,0,0,0,0.367101461,-0,150.09763,-147.154539,2.94309079,1,0,0,0,0,0,0,0,0,0,0,0,0,0,0,150.09763,4.79015999,-1.85057561,1.86249591e-05,0,0,0,0,0,0,0,0,0,0,0,0,0,0,0,0,0,0,0,0,0,0,0,0,0,0,0,0,0,0,0,0,147.154539,0.0394669884,0.967696673,-0.00384051527,-0.113534285,-0.171277625,0.224999691,-1.51211678,-4.31409623,0.000207874053,1500,1500,1500,1500,1500,1500,1500,1500,0,0,0,0,0.02,0,0,0,0,0.02,0,0,0,0,0.02,0,0,0,0,0.02,0,0,0,0,1,0,0,0,0,1,0,0,0,0,1,0,0,0,0,1
299694.384,21.9,0,0,0,0,0,0,0.367101461,-0,150.09763,-147.154539,2.94309079,1,0,0,0,0,0,0,0,0,0,0,0,0,0,0,150.09763,4.79015999,-1.85057561,1.86249591e-05,0,0,0,0,0,0,0,0,0,0,0,0,0,0,0,0,0,0,0,0,0,0,0,0,0,0,0,0,0,0,0,0,147.154539,0.0394669884,0.967696673,-0.00384051527,-0.113534285,-0.171277625,0.224999691,-1.51211678,-4.31409623,0.000207874053,1500,1500,1500,1500,1500,1500,1500,1500,0,0,0,0,0.02,0,0,0,0,0.02,0,0,0,0,0.02,0,0,0,0,0.02,0,0,0,0,1,0,0,0,0,1,0,0,0,0,1,0,0,0,0,1
299694.434,21.95,0,0,0,0,0,0,0.367101461,-0,150.09763,-147.154539,2.94309079,1,0,0,0,0,0,0,0,0,0,0,0,0,0,0,150.09763,4.79015999,-1.85057561,1.86249591e-05,0,0,0,0,0,0,0,0,0,0,0,0,0,0,0,0,0,0,0,0,0,0,0,0,0,0,0,0,0,0,0,0,147.154539,0.0394669884,0.967696673,-0.00384051527,-0.113534285,-0.171277625,0.224999691,-1.51211678,-4.31409623,0.000207874053,1500,1500,1500,1500,1500,1500,1500,1500,0,0,0,0,0.02,0,0,0,0,0.02,0,0,0,0,0.02,0,0,0,0,0.02,0,0,0,0,1,0,0,0,0,1,0,0,0,0,1,0,0,0,0,1
299694.484,22,0,0,0,0,0,0,0.367101461,-0,150.09763,-147.154539,2.94309079,1,0,0,0,0,0,0,0,0,0,0,0,0,0,0,150.09763,4.79015999,-1.85057561,1.86249591e-05,0,0,0,0,0,0,0,0,0,0,0,0,0,0,0,0,0,0,0,0,0,0,0,0,0,0,0,0,0,0,0,0,147.154539,0.0394669884,0.967696673,-0.00384051527,-0.113534285,-0.171277625,0.224999691,-1.51211678,-4.31409623,0.000207874053,1500,1500,1500,1500,1500,1500,1500,1500,0,0,0,0,0.02,0,0,0,0,0.02,0,0,0,0,0.02,0,0,0,0,0.02,0,0,0,0,1,0,0,0,0,1,0,0,0,0,1,0,0,0,0,1
299694.534,22.05,0,0,0,0,0,0,0.367101461,-0,150.09763,-147.154539,2.94309079,1,0,0,0,0,0,0,0,0,0,0,0,0,0,0,150.09763,4.79015999,-1.85057561,1.86249591e-05,0,0,0,0,0,0,0,0,0,0,0,0,0,0,0,0,0,0,0,0,0,0,0,0,0,0,0,0,0,0,0,0,147.154539,0.0394669884,0.967696673,-0.00384051527,-0.113534285,-0.171277625,0.224999691,-1.51211678,-4.31409623,0.000207874053,1500,1500,1500,1500,1500,1500,1500,1500,0,0,0,0,0.02,0,0,0,0,0.02,0,0,0,0,0.02,0,0,0,0,0.02,0,0,0,0,1,0,0,0,0,1,0,0,0,0,1,0,0,0,0,1
299694.585,22.1,0,0,0,0,0,0,0.367101461,-0,150.09763,-147.154539,2.94309079,1,0,0,0,0,0,0,0,0,0,0,0,0,0,0,150.09763,4.79015999,-1.85057561,1.86249591e-05,0,0,0,0,0,0,0,0,0,0,0,0,0,0,0,0,0,0,0,0,0,0,0,0,0,0,0,0,0,0,0,0,147.154539,0.0394669884,0.967696673,-0.00384051527,-0.113534285,-0.171277625,0.224999691,-1.51211678,-4.31409623,0.000207874053,1500,1500,1500,1500,1500,1500,1500,1500,0,0,0,0,0.02,0,0,0,0,0.02,0,0,0,0,0.02,0,0,0,0,0.02,0,0,0,0,1,0,0,0,0,1,0,0,0,0,1,0,0,0,0,1
299694.635,22.15,0,0,0,0,0,0,0.367101461,-0,150.09763,-147.154539,2.94309079,1,0,0,0,0,0,0,0,0,0,0,0,0,0,0,150.09763,4.79015999,-1.85057561,1.86249591e-05,0,0,0,0,0,0,0,0,0,0,0,0,0,0,0,0,0,0,0,0,0,0,0,0,0,0,0,0,0,0,0,0,147.154539,0.0394669884,0.967696673,-0.00384051527,-0.113534285,-0.171277625,0.224999691,-1.51211678,-4.31409623,0.000207874053,1500,1500,1500,1500,1500,1500,1500,1500,0,0,0,0,0.02,0,0,0,0,0.02,0,0,0,0,0.02,0,0,0,0,0.02,0,0,0,0,1,0,0,0,0,1,0,0,0,0,1,0,0,0,0,1
299694.685,22.2,0,0,0,0,0,0,0.367101461,-0,150.09763,-147.154539,2.94309079,1,0,0,0,0,0,0,0,0,0,0,0,0,0,0,150.09763,4.79015999,-1.85057561,1.86249591e-05,0,0,0,0,0,0,0,0,0,0,0,0,0,0,0,0,0,0,0,0,0,0,0,0,0,0,0,0,0,0,0,0,147.154539,0.0394669884,0.967696673,-0.00384051527,-0.113534285,-0.171277625,0.224999691,-1.51211678,-4.31409623,0.000207874053,1500,1500,1500,1500,1500,1500,1500,1500,0,0,0,0,0.02,0,0,0,0,0.02,0,0,0,0,0.02,0,0,0,0,0.02,0,0,0,0,1,0,0,0,0,1,0,0,0,0,1,0,0,0,0,1
299694.735,22.25,0,0,0,0,0,0,0.367101461,-0,150.09763,-147.154539,2.94309079,1,0,0,0,0,0,0,0,0,0,0,0,0,0,0,150.09763,4.79015999,-1.85057561,1.86249591e-05,0,0,0,0,0,0,0,0,0,0,0,0,0,0,0,0,0,0,0,0,0,0,0,0,0,0,0,0,0,0,0,0,147.154539,0.0394669884,0.967696673,-0.00384051527,-0.113534285,-0.171277625,0.224999691,-1.51211678,-4.31409623,0.000207874053,1500,1500,1500,1500,1500,1500,1500,1500,0,0,0,0,0.02,0,0,0,0,0.02,0,0,0,0,0.02,0,0,0,0,0.02,0,0,0,0,1,0,0,0,0,1,0,0,0,0,1,0,0,0,0,1
299694.785,22.3,0,0,0,0,0,0,0.367101461,-0,150.09763,-147.154539,2.94309079,1,0,0,0,0,0,0,0,0,0,0,0,0,0,0,150.09763,4.79015999,-1.85057561,1.86249591e-05,0,0,0,0,0,0,0,0,0,0,0,0,0,0,0,0,0,0,0,0,0,0,0,0,0,0,0,0,0,0,0,0,147.154539,0.0394669884,0.967696673,-0.00384051527,-0.113534285,-0.171277625,0.224999691,-1.51211678,-4.31409623,0.000207874053,1500,1500,1500,1500,1500,1500,1500,1500,0,0,0,0,0.02,0,0,0,0,0.02,0,0,0,0,0.02,0,0,0,0,0.02,0,0,0,0,1,0,0,0,0,1,0,0,0,0,1,0,0,0,0,1
299694.835,22.35,0,0,0,0,0,0,0.367101461,-0,150.09763,-147.154539,2.94309079,1,0,0,0,0,0,0,0,0,0,0,0,0,0,0,150.09763,4.79015999,-1.85057561,1.86249591e-05,0,0,0,0,0,0,0,0,0,0,0,0,0,0,0,0,0,0,0,0,0,0,0,0,0,0,0,0,0,0,0,0,147.154539,0.0394669884,0.967696673,-0.00384051527,-0.113534285,-0.171277625,0.224999691,-1.51211678,-4.31409623,0.000207874053,1500,1500,1500,1500,1500,1500,1500,1500,0,0,0,0,0.02,0,0,0,0,0.02,0,0,0,0,0.02,0,0,0,0,0.02,0,0,0,0,1,0,0,0,0,1,0,0,0,0,1,0,0,0,0,1
299694.885,22.4,0,0,0,0,0,0,0.367101461,-0,150.09763,-147.154539,2.94309079,1,0,0,0,0,0,0,0,0,0,0,0,0,0,0,150.09763,4.79015999,-1.85057561,1.86249591e-05,0,0,0,0,0,0,0,0,0,0,0,0,0,0,0,0,0,0,0,0,0,0,0,0,0,0,0,0,0,0,0,0,147.154539,0.0394669884,0.967696673,-0.00384051527,-0.113534285,-0.171277625,0.224999691,-1.51211678,-4.31409623,0.000207874053,1500,1500,1500,1500,1500,1500,1500,1500,0,0,0,0,0.02,0,0,0,0,0.02,0,0,0,0,0.02,0,0,0,0,0.02,0,0,0,0,1,0,0,0,0,1,0,0,0,0,1,0,0,0,0,1
299694.935,22.45,0,0,0,0,0,0,0.367101461,-0,150.09763,-147.154539,2.94309079,1,0,0,0,0,0,0,0,0,0,0,0,0,0,0,150.09763,4.79015999,-1.85057561,1.86249591e-05,0,0,0,0,0,0,0,0,0,0,0,0,0,0,0,0,0,0,0,0,0,0,0,0,0,0,0,0,0,0,0,0,147.154539,0.0394669884,0.967696673,-0.00384051527,-0.113534285,-0.171277625,0.224999691,-1.51211678,-4.31409623,0.000207874053,1500,1500,1500,1500,1500,1500,1500,1500,0,0,0,0,0.02,0,0,0,0,0.02,0,0,0,0,0.02,0,0,0,0,0.02,0,0,0,0,1,0,0,0,0,1,0,0,0,0,1,0,0,0,0,1
299694.985,22.5,0,0,0,0,0,0,0.367101461,-0,150.09763,-147.154539,2.94309079,1,0,0,0,0,0,0,0,0,0,0,0,0,0,0,150.09763,4.79015999,-1.85057561,1.86249591e-05,0,0,0,0,0,0,0,0,0,0,0,0,0,0,0,0,0,0,0,0,0,0,0,0,0,0,0,0,0,0,0,0,147.154539,0.0394669884,0.967696673,-0.00384051527,-0.113534285,-0.171277625,0.224999691,-1.51211678,-4.31409623,0.000207874053,1500,1500,1500,1500,1500,1500,1500,1500,0,0,0,0,0.02,0,0,0,0,0.02,0,0,0,0,0.02,0,0,0,0,0.02,0,0,0,0,1,0,0,0,0,1,0,0,0,0,1,0,0,0,0,1
299695.035,22.55,0,0,0,0,0,0,0.367101461,-0,150.09763,-147.154539,2.94309079,1,0,0,0,0,0,0,0,0,0,0,0,0,0,0,150.09763,4.79015999,-1.85057561,1.86249591e-05,0,0,0,0,0,0,0,0,0,0,0,0,0,0,0,0,0,0,0,0,0,0,0,0,0,0,0,0,0,0,0,0,147.154539,0.0394669884,0.967696673,-0.00384051527,-0.113534285,-0.171277625,0.224999691,-1.51211678,-4.31409623,0.000207874053,1500,1500,1500,1500,1500,1500,1500,1500,0,0,0,0,0.02,0,0,0,0,0.02,0,0,0,0,0.02,0,0,0,0,0.02,0,0,0,0,1,0,0,0,0,1,0,0,0,0,1,0,0,0,0,1
299695.085,22.6,0,0,0,0,0,0,0.367101461,-0,150.09763,-147.154539,2.94309079,1,0,0,0,0,0,0,0,0,0,0,0,0,0,0,150.09763,4.79015999,-1.85057561,1.86249591e-05,0,0,0,0,0,0,0,0,0,0,0,0,0,0,0,0,0,0,0,0,0,0,0,0,0,0,0,0,0,0,0,0,147.154539,0.0394669884,0.967696673,-0.00384051527,-0.113534285,-0.171277625,0.224999691,-1.51211678,-4.31409623,0.000207874053,1500,1500,1500,1500,1500,1500,1500,1500,0,0,0,0,0.02,0,0,0,0,0.02,0,0,0,0,0.02,0,0,0,0,0.02,0,0,0,0,1,0,0,0,0,1,0,0,0,0,1,0,0,0,0,1
299695.136,22.65,0,0,0,0,0,0,0.367101461,-0,150.09763,-147.154539,2.94309079,1,0,0,0,0,0,0,0,0,0,0,0,0,0,0,150.09763,4.79015999,-1.85057561,1.86249591e-05,0,0,0,0,0,0,0,0,0,0,0,0,0,0,0,0,0,0,0,0,0,0,0,0,0,0,0,0,0,0,0,0,147.154539,0.0394669884,0.967696673,-0.00384051527,-0.113534285,-0.171277625,0.224999691,-1.51211678,-4.31409623,0.000207874053,1500,1500,1500,1500,1500,1500,1500,1500,0,0,0,0,0.02,0,0,0,0,0.02,0,0,0,0,0.02,0,0,0,0,0.02,0,0,0,0,1,0,0,0,0,1,0,0,0,0,1,0,0,0,0,1
299695.186,22.7,0,0,0,0,0,0,0.367101461,-0,150.09763,-147.154539,2.94309079,1,0,0,0,0,0,0,0,0,0,0,0,0,0,0,150.09763,4.79015999,-1.85057561,1.86249591e-05,0,0,0,0,0,0,0,0,0,0,0,0,0,0,0,0,0,0,0,0,0,0,0,0,0,0,0,0,0,0,0,0,147.154539,0.0394669884,0.967696673,-0.00384051527,-0.113534285,-0.171277625,0.224999691,-1.51211678,-4.31409623,0.000207874053,1500,1500,1500,1500,1500,1500,1500,1500,0,0,0,0,0.02,0,0,0,0,0.02,0,0,0,0,0.02,0,0,0,0,0.02,0,0,0,0,1,0,0,0,0,1,0,0,0,0,1,0,0,0,0,1
299695.236,22.75,0,0,0,0,0,0,0.367101461,-0,150.09763,-147.154539,2.94309079,1,0,0,0,0,0,0,0,0,0,0,0,0,0,0,150.09763,4.79015999,-1.85057561,1.86249591e-05,0,0,0,0,0,0,0,0,0,0,0,0,0,0,0,0,0,0,0,0,0,0,0,0,0,0,0,0,0,0,0,0,147.154539,0.0394669884,0.967696673,-0.00384051527,-0.113534285,-0.171277625,0.224999691,-1.51211678,-4.31409623,0.000207874053,1500,1500,1500,1500,1500,1500,1500,1500,0,0,0,0,0.02,0,0,0,0,0.02,0,0,0,0,0.02,0,0,0,0,0.02,0,0,0,0,1,0,0,0,0,1,0,0,0,0,1,0,0,0,0,1
299695.286,22.8,0,0,0,0,0,0,0.367101461,-0,150.09763,-147.154539,2.94309079,1,0,0,0,0,0,0,0,0,0,0,0,0,0,0,150.09763,4.79015999,-1.85057561,1.86249591e-05,0,0,0,0,0,0,0,0,0,0,0,0,0,0,0,0,0,0,0,0,0,0,0,0,0,0,0,0,0,0,0,0,147.154539,0.0394669884,0.967696673,-0.00384051527,-0.113534285,-0.171277625,0.224999691,-1.51211678,-4.31409623,0.000207874053,1500,1500,1500,1500,1500,1500,1500,1500,0,0,0,0,0.02,0,0,0,0,0.02,0,0,0,0,0.02,0,0,0,0,0.02,0,0,0,0,1,0,0,0,0,1,0,0,0,0,1,0,0,0,0,1
299695.336,22.85,0,0,0,0,0,0,0.367101461,-0,150.09763,-147.154539,2.94309079,1,0,0,0,0,0,0,0,0,0,0,0,0,0,0,150.09763,4.79015999,-1.85057561,1.86249591e-05,0,0,0,0,0,0,0,0,0,0,0,0,0,0,0,0,0,0,0,0,0,0,0,0,0,0,0,0,0,0,0,0,147.154539,0.0394669884,0.967696673,-0.00384051527,-0.113534285,-0.171277625,0.224999691,-1.51211678,-4.31409623,0.000207874053,1500,1500,1500,1500,1500,1500,1500,1500,0,0,0,0,0.02,0,0,0,0,0.02,0,0,0,0,0.02,0,0,0,0,0.02,0,0,0,0,1,0,0,0,0,1,0,0,0,0,1,0,0,0,0,1
299695.386,22.9,0,0,0,0,0,0,0.367101461,-0,150.09763,-147.154539,2.94309079,1,0,0,0,0,0,0,0,0,0,0,0,0,0,0,150.09763,4.79015999,-1.85057561,1.86249591e-05,0,0,0,0,0,0,0,0,0,0,0,0,0,0,0,0,0,0,0,0,0,0,0,0,0,0,0,0,0,0,0,0,147.154539,0.0394669884,0.967696673,-0.00384051527,-0.113534285,-0.171277625,0.224999691,-1.51211678,-4.31409623,0.000207874053,1500,1500,1500,1500,1500,1500,1500,1500,0,0,0,0,0.02,0,0,0,0,0.02,0,0,0,0,0.02,0,0,0,0,0.02,0,0,0,0,1,0,0,0,0,1,0,0,0,0,1,0,0,0,0,1
299695.437,22.95,0,0,0,0,0,0,0.367101461,-0,150.09763,-147.154539,2.94309079,1,0,0,0,0,0,0,0,0,0,0,0,0,0,0,150.09763,4.79015999,-1.85057561,1.86249591e-05,0,0,0,0,0,0,0,0,0,0,0,0,0,0,0,0,0,0,0,0,0,0,0,0,0,0,0,0,0,0,0,0,147.154539,0.0394669884,0.967696673,-0.00384051527,-0.113534285,-0.171277625,0.224999691,-1.51211678,-4.31409623,0.000207874053,1500,1500,1500,1500,1500,1500,1500,1500,0,0,0,0,0.02,0,0,0,0,0.02,0,0,0,0,0.02,0,0,0,0,0.02,0,0,0,0,1,0,0,0,0,1,0,0,0,0,1,0,0,0,0,1
299695.487,23,0,0,0,0,0,0,0.367101461,-0,150.09763,-147.154539,2.94309079,1,0,0,0,0,0,0,0,0,0,0,0,0,0,0,150.09763,4.79015999,-1.85057561,1.86249591e-05,0,0,0,0,0,0,0,0,0,0,0,0,0,0,0,0,0,0,0,0,0,0,0,0,0,0,0,0,0,0,0,0,147.154539,0.0394669884,0.967696673,-0.00384051527,-0.113534285,-0.171277625,0.224999691,-1.51211678,-4.31409623,0.000207874053,1500,1500,1500,1500,1500,1500,1500,1500,0,0,0,0,0.02,0,0,0,0,0.02,0,0,0,0,0.02,0,0,0,0,0.02,0,0,0,0,1,0,0,0,0,1,0,0,0,0,1,0,0,0,0,1
299695.537,23.05,0,0,0,0,0,0,0.367101461,-0,150.09763,-147.154539,2.94309079,1,0,0,0,0,0,0,0,0,0,0,0,0,0,0,150.09763,4.79015999,-1.85057561,1.86249591e-05,0,0,0,0,0,0,0,0,0,0,0,0,0,0,0,0,0,0,0,0,0,0,0,0,0,0,0,0,0,0,0,0,147.154539,0.0394669884,0.967696673,-0.00384051527,-0.113534285,-0.171277625,0.224999691,-1.51211678,-4.31409623,0.000207874053,1500,1500,1500,1500,1500,1500,1500,1500,0,0,0,0,0.02,0,0,0,0,0.02,0,0,0,0,0.02,0,0,0,0,0.02,0,0,0,0,1,0,0,0,0,1,0,0,0,0,1,0,0,0,0,1
299695.588,23.1,0,0,0,0,0,0,0.367101461,-0,150.09763,-147.154539,2.94309079,1,0,0,0,0,0,0,0,0,0,0,0,0,0,0,150.09763,4.79015999,-1.85057561,1.86249591e-05,0,0,0,0,0,0,0,0,0,0,0,0,0,0,0,0,0,0,0,0,0,0,0,0,0,0,0,0,0,0,0,0,147.154539,0.0394669884,0.967696673,-0.00384051527,-0.113534285,-0.171277625,0.224999691,-1.51211678,-4.31409623,0.000207874053,1500,1500,1500,1500,1500,1500,1500,1500,0,0,0,0,0.02,0,0,0,0,0.02,0,0,0,0,0.02,0,0,0,0,0.02,0,0,0,0,1,0,0,0,0,1,0,0,0,0,1,0,0,0,0,1
299695.638,23.15,0,0,0,0,0,0,0.367101461,-0,150.09763,-147.154539,2.94309079,1,0,0,0,0,0,0,0,0,0,0,0,0,0,0,150.09763,4.79015999,-1.85057561,1.86249591e-05,0,0,0,0,0,0,0,0,0,0,0,0,0,0,0,0,0,0,0,0,0,0,0,0,0,0,0,0,0,0,0,0,147.154539,0.0394669884,0.967696673,-0.00384051527,-0.113534285,-0.171277625,0.224999691,-1.51211678,-4.31409623,0.000207874053,1500,1500,1500,1500,1500,1500,1500,1500,0,0,0,0,0.02,0,0,0,0,0.02,0,0,0,0,0.02,0,0,0,0,0.02,0,0,0,0,1,0,0,0,0,1,0,0,0,0,1,0,0,0,0,1
299695.688,23.2,0,0,0,0,0,0,0.367101461,-0,150.09763,-147.154539,2.94309079,1,0,0,0,0,0,0,0,0,0,0,0,0,0,0,150.09763,4.79015999,-1.85057561,1.86249591e-05,0,0,0,0,0,0,0,0,0,0,0,0,0,0,0,0,0,0,0,0,0,0,0,0,0,0,0,0,0,0,0,0,147.154539,0.0394669884,0.967696673,-0.00384051527,-0.113534285,-0.171277625,0.224999691,-1.51211678,-4.31409623,0.000207874053,1500,1500,1500,1500,1500,1500,1500,1500,0,0,0,0,0.02,0,0,0,0,0.02,0,0,0,0,0.02,0,0,0,0,0.02,0,0,0,0,1,0,0,0,0,1,0,0,0,0,1,0,0,0,0,1
299695.737,23.25,0,0,0,0,0,0,0.367101461,-0,150.09763,-147.154539,2.94309079,1,0,0,0,0,0,0,0,0,0,0,0,0,0,0,150.09763,4.79015999,-1.85057561,1.86249591e-05,0,0,0,0,0,0,0,0,0,0,0,0,0,0,0,0,0,0,0,0,0,0,0,0,0,0,0,0,0,0,0,0,147.154539,0.0394669884,0.967696673,-0.00384051527,-0.113534285,-0.171277625,0.224999691,-1.51211678,-4.31409623,0.000207874053,1500,1500,1500,1500,1500,1500,1500,1500,0,0,0,0,0.02,0,0,0,0,0.02,0,0,0,0,0.02,0,0,0,0,0.02,0,0,0,0,1,0,0,0,0,1,0,0,0,0,1,0,0,0,0,1
299695.788,23.3,0,0,0,0,0,0,0.367101461,-0,150.09763,-147.154539,2.94309079,1,0,0,0,0,0,0,0,0,0,0,0,0,0,0,150.09763,4.79015999,-1.85057561,1.86249591e-05,0,0,0,0,0,0,0,0,0,0,0,0,0,0,0,0,0,0,0,0,0,0,0,0,0,0,0,0,0,0,0,0,147.154539,0.0394669884,0.967696673,-0.00384051527,-0.113534285,-0.171277625,0.224999691,-1.51211678,-4.31409623,0.000207874053,1500,1500,1500,1500,1500,1500,1500,1500,0,0,0,0,0.02,0,0,0,0,0.02,0,0,0,0,0.02,0,0,0,0,0.02,0,0,0,0,1,0,0,0,0,1,0,0,0,0,1,0,0,0,0,1
299695.838,23.35,0,0,0,0,0,0,0.367101461,-0,150.09763,-147.154539,2.94309079,1,0,0,0,0,0,0,0,0,0,0,0,0,0,0,150.09763,4.79015999,-1.85057561,1.86249591e-05,0,0,0,0,0,0,0,0,0,0,0,0,0,0,0,0,0,0,0,0,0,0,0,0,0,0,0,0,0,0,0,0,147.154539,0.0394669884,0.967696673,-0.00384051527,-0.113534285,-0.171277625,0.224999691,-1.51211678,-4.31409623,0.000207874053,1500,1500,1500,1500,1500,1500,1500,1500,0,0,0,0,0.02,0,0,0,0,0.02,0,0,0,0,0.02,0,0,0,0,0.02,0,0,0,0,1,0,0,0,0,1,0,0,0,0,1,0,0,0,0,1
299695.888,23.4,0,0,0,0,0,0,0.367101461,-0,150.09763,-147.154539,2.94309079,1,0,0,0,0,0,0,0,0,0,0,0,0,0,0,150.09763,4.79015999,-1.85057561,1.86249591e-05,0,0,0,0,0,0,0,0,0,0,0,0,0,0,0,0,0,0,0,0,0,0,0,0,0,0,0,0,0,0,0,0,147.154539,0.0394669884,0.967696673,-0.00384051527,-0.113534285,-0.171277625,0.224999691,-1.51211678,-4.31409623,0.000207874053,1500,1500,1500,1500,1500,1500,1500,1500,0,0,0,0,0.02,0,0,0,0,0.02,0,0,0,0,0.02,0,0,0,0,0.02,0,0,0,0,1,0,0,0,0,1,0,0,0,0,1,0,0,0,0,1
299695.939,23.45,0,0,0,0,0,0,0.367101461,-0,150.09763,-147.154539,2.94309079,1,0,0,0,0,0,0,0,0,0,0,0,0,0,0,150.09763,4.79015999,-1.85057561,1.86249591e-05,0,0,0,0,0,0,0,0,0,0,0,0,0,0,0,0,0,0,0,0,0,0,0,0,0,0,0,0,0,0,0,0,147.154539,0.0394669884,0.967696673,-0.00384051527,-0.113534285,-0.171277625,0.224999691,-1.51211678,-4.31409623,0.000207874053,1500,1500,1500,1500,1500,1500,1500,1500,0,0,0,0,0.02,0,0,0,0,0.02,0,0,0,0,0.02,0,0,0,0,0.02,0,0,0,0,1,0,0,0,0,1,0,0,0,0,1,0,0,0,0,1
299695.988,23.5,0,0,0,0,0,0,0.367101461,-0,150.09763,-147.154539,2.94309079,1,0,0,0,0,0,0,0,0,0,0,0,0,0,0,150.09763,4.79015999,-1.85057561,1.86249591e-05,0,0,0,0,0,0,0,0,0,0,0,0,0,0,0,0,0,0,0,0,0,0,0,0,0,0,0,0,0,0,0,0,147.154539,0.0394669884,0.967696673,-0.00384051527,-0.113534285,-0.171277625,0.224999691,-1.51211678,-4.31409623,0.000207874053,1500,1500,1500,1500,1500,1500,1500,1500,0,0,0,0,0.02,0,0,0,0,0.02,0,0,0,0,0.02,0,0,0,0,0.02,0,0,0,0,1,0,0,0,0,1,0,0,0,0,1,0,0,0,0,1
299696.039,23.55,0,0,0,0,0,0,0.367101461,-0,150.09763,-147.154539,2.94309079,1,0,0,0,0,0,0,0,0,0,0,0,0,0,0,150.09763,4.79015999,-1.85057561,1.86249591e-05,0,0,0,0,0,0,0,0,0,0,0,0,0,0,0,0,0,0,0,0,0,0,0,0,0,0,0,0,0,0,0,0,147.154539,0.0394669884,0.967696673,-0.00384051527,-0.113534285,-0.171277625,0.224999691,-1.51211678,-4.31409623,0.000207874053,1500,1500,1500,1500,1500,1500,1500,1500,0,0,0,0,0.02,0,0,0,0,0.02,0,0,0,0,0.02,0,0,0,0,0.02,0,0,0,0,1,0,0,0,0,1,0,0,0,0,1,0,0,0,0,1
299696.089,23.6,0,0,0,0,0,0,0.367101461,-0,150.09763,-147.154539,2.94309079,1,0,0,0,0,0,0,0,0,0,0,0,0,0,0,150.09763,4.79015999,-1.85057561,1.86249591e-05,0,0,0,0,0,0,0,0,0,0,0,0,0,0,0,0,0,0,0,0,0,0,0,0,0,0,0,0,0,0,0,0,147.154539,0.0394669884,0.967696673,-0.00384051527,-0.113534285,-0.171277625,0.224999691,-1.51211678,-4.31409623,0.000207874053,1500,1500,1500,1500,1500,1500,1500,1500,0,0,0,0,0.02,0,0,0,0,0.02,0,0,0,0,0.02,0,0,0,0,0.02,0,0,0,0,1,0,0,0,0,1,0,0,0,0,1,0,0,0,0,1
299696.139,23.65,0,0,0,0,0,0,0.367101461,-0,150.09763,-147.154539,2.94309079,1,0,0,0,0,0,0,0,0,0,0,0,0,0,0,150.09763,4.79015999,-1.85057561,1.86249591e-05,0,0,0,0,0,0,0,0,0,0,0,0,0,0,0,0,0,0,0,0,0,0,0,0,0,0,0,0,0,0,0,0,147.154539,0.0394669884,0.967696673,-0.00384051527,-0.113534285,-0.171277625,0.224999691,-1.51211678,-4.31409623,0.000207874053,1500,1500,1500,1500,1500,1500,1500,1500,0,0,0,0,0.02,0,0,0,0,0.02,0,0,0,0,0.02,0,0,0,0,0.02,0,0,0,0,1,0,0,0,0,1,0,0,0,0,1,0,0,0,0,1
299696.189,23.7,0,0,0,0,0,0,0.367101461,-0,150.09763,-147.154539,2.94309079,1,0,0,0,0,0,0,0,0,0,0,0,0,0,0,150.09763,4.79015999,-1.85057561,1.86249591e-05,0,0,0,0,0,0,0,0,0,0,0,0,0,0,0,0,0,0,0,0,0,0,0,0,0,0,0,0,0,0,0,0,147.154539,0.0394669884,0.967696673,-0.00384051527,-0.113534285,-0.171277625,0.224999691,-1.51211678,-4.31409623,0.000207874053,1500,1500,1500,1500,1500,1500,1500,1500,0,0,0,0,0.02,0,0,0,0,0.02,0,0,0,0,0.02,0,0,0,0,0.02,0,0,0,0,1,0,0,0,0,1,0,0,0,0,1,0,0,0,0,1
299696.239,23.75,0,0,0,0,0,0,0.367101461,-0,150.09763,-147.154539,2.94309079,1,0,0,0,0,0,0,0,0,0,0,0,0,0,0,150.09763,4.79015999,-1.85057561,1.86249591e-05,0,0,0,0,0,0,0,0,0,0,0,0,0,0,0,0,0,0,0,0,0,0,0,0,0,0,0,0,0,0,0,0,147.154539,0.0394669884,0.967696673,-0.00384051527,-0.113534285,-0.171277625,0.224999691,-1.51211678,-4.31409623,0.000207874053,1500,1500,1500,1500,1500,1500,1500,1500,0,0,0,0,0.02,0,0,0,0,0.02,0,0,0,0,0.02,0,0,0,0,0.02,0,0,0,0,1,0,0,0,0,1,0,0,0,0,1,0,0,0,0,1
299696.289,23.8,0,0,0,0,0,0,0.367101461,-0,150.09763,-147.154539,2.94309079,1,0,0,0,0,0,0,0,0,0,0,0,0,0,0,150.09763,4.79015999,-1.85057561,1.86249591e-05,0,0,0,0,0,0,0,0,0,0,0,0,0,0,0,0,0,0,0,0,0,0,0,0,0,0,0,0,0,0,0,0,147.154539,0.0394669884,0.967696673,-0.00384051527,-0.113534285,-0.171277625,0.224999691,-1.51211678,-4.31409623,0.000207874053,1500,1500,1500,1500,1500,1500,1500,1500,0,0,0,0,0.02,0,0,0,0,0.02,0,0,0,0,0.02,0,0,0,0,0.02,0,0,0,0,1,0,0,0,0,1,0,0,0,0,1,0,0,0,0,1
299696.34,23.85,0,0,0,0,0,0,0.367101461,-0,150.09763,-147.154539,2.94309079,1,0,0,0,0,0,0,0,0,0,0,0,0,0,0,150.09763,4.79015999,-1.85057561,1.86249591e-05,0,0,0,0,0,0,0,0,0,0,0,0,0,0,0,0,0,0,0,0,0,0,0,0,0,0,0,0,0,0,0,0,147.154539,0.0394669884,0.967696673,-0.00384051527,-0.113534285,-0.171277625,0.224999691,-1.51211678,-4.31409623,0.000207874053,1500,1500,1500,1500,1500,1500,1500,1500,0,0,0,0,0.02,0,0,0,0,0.02,0,0,0,0,0.02,0,0,0,0,0.02,0,0,0,0,1,0,0,0,0,1,0,0,0,0,1,0,0,0,0,1
299696.389,23.9,0,0,0,0,0,0,0.367101461,-0,150.09763,-147.154539,2.94309079,1,0,0,0,0,0,0,0,0,0,0,0,0,0,0,150.09763,4.79015999,-1.85057561,1.86249591e-05,0,0,0,0,0,0,0,0,0,0,0,0,0,0,0,0,0,0,0,0,0,0,0,0,0,0,0,0,0,0,0,0,147.154539,0.0394669884,0.967696673,-0.00384051527,-0.113534285,-0.171277625,0.224999691,-1.51211678,-4.31409623,0.000207874053,1500,1500,1500,1500,1500,1500,1500,1500,0,0,0,0,0.02,0,0,0,0,0.02,0,0,0,0,0.02,0,0,0,0,0.02,0,0,0,0,1,0,0,0,0,1,0,0,0,0,1,0,0,0,0,1
299696.439,23.95,0,0,0,0,0,0,0.367101461,-0,150.09763,-147.154539,2.94309079,1,0,0,0,0,0,0,0,0,0,0,0,0,0,0,150.09763,4.79015999,-1.85057561,1.86249591e-05,0,0,0,0,0,0,0,0,0,0,0,0,0,0,0,0,0,0,0,0,0,0,0,0,0,0,0,0,0,0,0,0,147.154539,0.0394669884,0.967696673,-0.00384051527,-0.113534285,-0.171277625,0.224999691,-1.51211678,-4.31409623,0.000207874053,1500,1500,1500,1500,1500,1500,1500,1500,0,0,0,0,0.02,0,0,0,0,0.02,0,0,0,0,0.02,0,0,0,0,0.02,0,0,0,0,1,0,0,0,0,1,0,0,0,0,1,0,0,0,0,1
299696.49,24,0,0,0,0,0,0,0.367101461,-0,150.09763,-147.154539,2.94309079,1,0,0,0,0,0,0,0,0,0,0,0,0,0,0,150.09763,4.79015999,-1.85057561,1.86249591e-05,0,0,0,0,0,0,0,0,0,0,0,0,0,0,0,0,0,0,0,0,0,0,0,0,0,0,0,0,0,0,0,0,147.154539,0.0394669884,0.967696673,-0.00384051527,-0.113534285,-0.171277625,0.224999691,-1.51211678,-4.31409623,0.000207874053,1500,1500,1500,1500,1500,1500,1500,1500,0,0,0,0,0.02,0,0,0,0,0.02,0,0,0,0,0.02,0,0,0,0,0.02,0,0,0,0,1,0,0,0,0,1,0,0,0,0,1,0,0,0,0,1
299696.54,24.05,0,0,0,0,0,0,0.367101461,-0,150.09763,-147.154539,2.94309079,1,0,0,0,0,0,0,0,0,0,0,0,0,0,0,150.09763,4.79015999,-1.85057561,1.86249591e-05,0,0,0,0,0,0,0,0,0,0,0,0,0,0,0,0,0,0,0,0,0,0,0,0,0,0,0,0,0,0,0,0,147.154539,0.0394669884,0.967696673,-0.00384051527,-0.113534285,-0.171277625,0.224999691,-1.51211678,-4.31409623,0.000207874053,1500,1500,1500,1500,1500,1500,1500,1500,0,0,0,0,0.02,0,0,0,0,0.02,0,0,0,0,0.02,0,0,0,0,0.02,0,0,0,0,1,0,0,0,0,1,0,0,0,0,1,0,0,0,0,1
299696.59,24.1,0,0,0,0,0,0,0.367101461,-0,150.09763,-147.154539,2.94309079,1,0,0,0,0,0,0,0,0,0,0,0,0,0,0,150.09763,4.79015999,-1.85057561,1.86249591e-05,0,0,0,0,0,0,0,0,0,0,0,0,0,0,0,0,0,0,0,0,0,0,0,0,0,0,0,0,0,0,0,0,147.154539,0.0394669884,0.967696673,-0.00384051527,-0.113534285,-0.171277625,0.224999691,-1.51211678,-4.31409623,0.000207874053,1500,1500,1500,1500,1500,1500,1500,1500,0,0,0,0,0.02,0,0,0,0,0.02,0,0,0,0,0.02,0,0,0,0,0.02,0,0,0,0,1,0,0,0,0,1,0,0,0,0,1,0,0,0,0,1
299696.641,24.15,0,0,0,0,0,0,0.367101461,-0,150.09763,-147.154539,2.94309079,1,0,0,0,0,0,0,0,0,0,0,0,0,0,0,150.09763,4.79015999,-1.85057561,1.86249591e-05,0,0,0,0,0,0,0,0,0,0,0,0,0,0,0,0,0,0,0,0,0,0,0,0,0,0,0,0,0,0,0,0,147.154539,0.0394669884,0.967696673,-0.00384051527,-0.113534285,-0.171277625,0.224999691,-1.51211678,-4.31409623,0.000207874053,1500,1500,1500,1500,1500,1500,1500,1500,0,0,0,0,0.02,0,0,0,0,0.02,0,0,0,0,0.02,0,0,0,0,0.02,0,0,0,0,1,0,0,0,0,1,0,0,0,0,1,0,0,0,0,1
299696.691,24.2,0,0,0,0,0,0,0.367101461,-0,150.09763,-147.154539,2.94309079,1,0,0,0,0,0,0,0,0,0,0,0,0,0,0,150.09763,4.79015999,-1.85057561,1.86249591e-05,0,0,0,0,0,0,0,0,0,0,0,0,0,0,0,0,0,0,0,0,0,0,0,0,0,0,0,0,0,0,0,0,147.154539,0.0394669884,0.967696673,-0.00384051527,-0.113534285,-0.171277625,0.224999691,-1.51211678,-4.31409623,0.000207874053,1500,1500,1500,1500,1500,1500,1500,1500,0,0,0,0,0.02,0,0,0,0,0.02,0,0,0,0,0.02,0,0,0,0,0.02,0,0,0,0,1,0,0,0,0,1,0,0,0,0,1,0,0,0,0,1
299696.742,24.25,0,0,0,0,0,0,0.367101461,-0,150.09763,-147.154539,2.94309079,1,0,0,0,0,0,0,0,0,0,0,0,0,0,0,150.09763,4.79015999,-1.85057561,1.86249591e-05,0,0,0,0,0,0,0,0,0,0,0,0,0,0,0,0,0,0,0,0,0,0,0,0,0,0,0,0,0,0,0,0,147.154539,0.0394669884,0.967696673,-0.00384051527,-0.113534285,-0.171277625,0.224999691,-1.51211678,-4.31409623,0.000207874053,1500,1500,1500,1500,1500,1500,1500,1500,0,0,0,0,0.02,0,0,0,0,0.02,0,0,0,0,0.02,0,0,0,0,0.02,0,0,0,0,1,0,0,0,0,1,0,0,0,0,1,0,0,0,0,1
299696.793,24.3,0,0,0,0,0,0,0.367101461,-0,150.09763,-147.154539,2.94309079,1,0,0,0,0,0,0,0,0,0,0,0,0,0,0,150.09763,4.79015999,-1.85057561,1.86249591e-05,0,0,0,0,0,0,0,0,0,0,0,0,0,0,0,0,0,0,0,0,0,0,0,0,0,0,0,0,0,0,0,0,147.154539,0.0394669884,0.967696673,-0.00384051527,-0.113534285,-0.171277625,0.224999691,-1.51211678,-4.31409623,0.000207874053,1500,1500,1500,1500,1500,1500,1500,1500,0,0,0,0,0.02,0,0,0,0,0.02,0,0,0,0,0.02,0,0,0,0,0.02,0,0,0,0,1,0,0,0,0,1,0,0,0,0,1,0,0,0,0,1
299696.843,24.35,0,0,0,0,0,0,0.367101461,-0,150.09763,-147.154539,2.94309079,1,0,0,0,0,0,0,0,0,0,0,0,0,0,0,150.09763,4.79015999,-1.85057561,1.86249591e-05,0,0,0,0,0,0,0,0,0,0,0,0,0,0,0,0,0,0,0,0,0,0,0,0,0,0,0,0,0,0,0,0,147.154539,0.0394669884,0.967696673,-0.00384051527,-0.113534285,-0.171277625,0.224999691,-1.51211678,-4.31409623,0.000207874053,1500,1500,1500,1500,1500,1500,1500,1500,0,0,0,0,0.02,0,0,0,0,0.02,0,0,0,0,0.02,0,0,0,0,0.02,0,0,0,0,1,0,0,0,0,1,0,0,0,0,1,0,0,0,0,1
299696.893,24.4,0,0,0,0,0,0,0.367101461,-0,150.09763,-147.154539,2.94309079,1,0,0,0,0,0,0,0,0,0,0,0,0,0,0,150.09763,4.79015999,-1.85057561,1.86249591e-05,0,0,0,0,0,0,0,0,0,0,0,0,0,0,0,0,0,0,0,0,0,0,0,0,0,0,0,0,0,0,0,0,147.154539,0.0394669884,0.967696673,-0.00384051527,-0.113534285,-0.171277625,0.224999691,-1.51211678,-4.31409623,0.000207874053,1500,1500,1500,1500,1500,1500,1500,1500,0,0,0,0,0.02,0,0,0,0,0.02,0,0,0,0,0.02,0,0,0,0,0.02,0,0,0,0,1,0,0,0,0,1,0,0,0,0,1,0,0,0,0,1
299696.943,24.45,0,0,0,0,0,0,0.367101461,-0,150.09763,-147.154539,2.94309079,1,0,0,0,0,0,0,0,0,0,0,0,0,0,0,150.09763,4.79015999,-1.85057561,1.86249591e-05,0,0,0,0,0,0,0,0,0,0,0,0,0,0,0,0,0,0,0,0,0,0,0,0,0,0,0,0,0,0,0,0,147.154539,0.0394669884,0.967696673,-0.00384051527,-0.113534285,-0.171277625,0.224999691,-1.51211678,-4.31409623,0.000207874053,1500,1500,1500,1500,1500,1500,1500,1500,0,0,0,0,0.02,0,0,0,0,0.02,0,0,0,0,0.02,0,0,0,0,0.02,0,0,0,0,1,0,0,0,0,1,0,0,0,0,1,0,0,0,0,1
299696.993,24.5,0,0,0,0,0,0,0.367101461,-0,150.09763,-147.154539,2.94309079,1,0,0,0,0,0,0,0,0,0,0,0,0,0,0,150.09763,4.79015999,-1.85057561,1.86249591e-05,0,0,0,0,0,0,0,0,0,0,0,0,0,0,0,0,0,0,0,0,0,0,0,0,0,0,0,0,0,0,0,0,147.154539,0.0394669884,0.967696673,-0.00384051527,-0.113534285,-0.171277625,0.224999691,-1.51211678,-4.31409623,0.000207874053,1500,1500,1500,1500,1500,1500,1500,1500,0,0,0,0,0.02,0,0,0,0,0.02,0,0,0,0,0.02,0,0,0,0,0.02,0,0,0,0,1,0,0,0,0,1,0,0,0,0,1,0,0,0,0,1
299697.043,24.55,0,0,0,0,0,0,0.367101461,-0,150.09763,-147.154539,2.94309079,1,0,0,0,0,0,0,0,0,0,0,0,0,0,0,150.09763,4.79015999,-1.85057561,1.86249591e-05,0,0,0,0,0,0,0,0,0,0,0,0,0,0,0,0,0,0,0,0,0,0,0,0,0,0,0,0,0,0,0,0,147.154539,0.0394669884,0.967696673,-0.00384051527,-0.113534285,-0.171277625,0.224999691,-1.51211678,-4.31409623,0.000207874053,1500,1500,1500,1500,1500,1500,1500,1500,0,0,0,0,0.02,0,0,0,0,0.02,0,0,0,0,0.02,0,0,0,0,0.02,0,0,0,0,1,0,0,0,0,1,0,0,0,0,1,0,0,0,0,1
299697.093,24.6,0,0,0,0,0,0,0.367101461,-0,150.09763,-147.154539,2.94309079,1,0,0,0,0,0,0,0,0,0,0,0,0,0,0,150.09763,4.79015999,-1.85057561,1.86249591e-05,0,0,0,0,0,0,0,0,0,0,0,0,0,0,0,0,0,0,0,0,0,0,0,0,0,0,0,0,0,0,0,0,147.154539,0.0394669884,0.967696673,-0.00384051527,-0.113534285,-0.171277625,0.224999691,-1.51211678,-4.31409623,0.000207874053,1500,1500,1500,1500,1500,1500,1500,1500,0,0,0,0,0.02,0,0,0,0,0.02,0,0,0,0,0.02,0,0,0,0,0.02,0,0,0,0,1,0,0,0,0,1,0,0,0,0,1,0,0,0,0,1
299697.143,24.65,0,0,0,0,0,0,0.367101461,-0,150.09763,-147.154539,2.94309079,1,0,0,0,0,0,0,0,0,0,0,0,0,0,0,150.09763,4.79015999,-1.85057561,1.86249591e-05,0,0,0,0,0,0,0,0,0,0,0,0,0,0,0,0,0,0,0,0,0,0,0,0,0,0,0,0,0,0,0,0,147.154539,0.0394669884,0.967696673,-0.00384051527,-0.113534285,-0.171277625,0.224999691,-1.51211678,-4.31409623,0.000207874053,1500,1500,1500,1500,1500,1500,1500,1500,0,0,0,0,0.02,0,0,0,0,0.02,0,0,0,0,0.02,0,0,0,0,0.02,0,0,0,0,1,0,0,0,0,1,0,0,0,0,1,0,0,0,0,1
299697.193,24.7,0,0,0,0,0,0,0.367101461,-0,150.09763,-147.154539,2.94309079,1,0,0,0,0,0,0,0,0,0,0,0,0,0,0,150.09763,4.79015999,-1.85057561,1.86249591e-05,0,0,0,0,0,0,0,0,0,0,0,0,0,0,0,0,0,0,0,0,0,0,0,0,0,0,0,0,0,0,0,0,147.154539,0.0394669884,0.967696673,-0.00384051527,-0.113534285,-0.171277625,0.224999691,-1.51211678,-4.31409623,0.000207874053,1500,1500,1500,1500,1500,1500,1500,1500,0,0,0,0,0.02,0,0,0,0,0.02,0,0,0,0,0.02,0,0,0,0,0.02,0,0,0,0,1,0,0,0,0,1,0,0,0,0,1,0,0,0,0,1
299697.243,24.75,0,0,0,0,0,0,0.367101461,-0,150.09763,-147.154539,2.94309079,1,0,0,0,0,0,0,0,0,0,0,0,0,0,0,150.09763,4.79015999,-1.85057561,1.86249591e-05,0,0,0,0,0,0,0,0,0,0,0,0,0,0,0,0,0,0,0,0,0,0,0,0,0,0,0,0,0,0,0,0,147.154539,0.0394669884,0.967696673,-0.00384051527,-0.113534285,-0.171277625,0.224999691,-1.51211678,-4.31409623,0.000207874053,1500,1500,1500,1500,1500,1500,1500,1500,0,0,0,0,0.02,0,0,0,0,0.02,0,0,0,0,0.02,0,0,0,0,0.02,0,0,0,0,1,0,0,0,0,1,0,0,0,0,1,0,0,0,0,1
299697.294,24.8,0,0,0,0,0,0,0.367101461,-0,150.09763,-147.154539,2.94309079,1,0,0,0,0,0,0,0,0,0,0,0,0,0,0,150.09763,4.79015999,-1.85057561,1.86249591e-05,0,0,0,0,0,0,0,0,0,0,0,0,0,0,0,0,0,0,0,0,0,0,0,0,0,0,0,0,0,0,0,0,147.154539,0.0394669884,0.967696673,-0.00384051527,-0.113534285,-0.171277625,0.224999691,-1.51211678,-4.31409623,0.000207874053,1500,1500,1500,1500,1500,1500,1500,1500,0,0,0,0,0.02,0,0,0,0,0.02,0,0,0,0,0.02,0,0,0,0,0.02,0,0,0,0,1,0,0,0,0,1,0,0,0,0,1,0,0,0,0,1
299697.344,24.85,0,0,0,0,0,0,0.367101461,-0,150.09763,-147.154539,2.94309079,1,0,0,0,0,0,0,0,0,0,0,0,0,0,0,150.09763,4.79015999,-1.85057561,1.86249591e-05,0,0,0,0,0,0,0,0,0,0,0,0,0,0,0,0,0,0,0,0,0,0,0,0,0,0,0,0,0,0,0,0,147.154539,0.0394669884,0.967696673,-0.00384051527,-0.113534285,-0.171277625,0.224999691,-1.51211678,-4.31409623,0.000207874053,1500,1500,1500,1500,1500,1500,1500,1500,0,0,0,0,0.02,0,0,0,0,0.02,0,0,0,0,0.02,0,0,0,0,0.02,0,0,0,0,1,0,0,0,0,1,0,0,0,0,1,0,0,0,0,1
299697.394,24.9,0,0,0,0,0,0,0.367101461,-0,150.09763,-147.154539,2.94309079,1,0,0,0,0,0,0,0,0,0,0,0,0,0,0,150.09763,4.79015999,-1.85057561,1.86249591e-05,0,0,0,0,0,0,0,0,0,0,0,0,0,0,0,0,0,0,0,0,0,0,0,0,0,0,0,0,0,0,0,0,147.154539,0.0394669884,0.967696673,-0.00384051527,-0.113534285,-0.171277625,0.224999691,-1.51211678,-4.31409623,0.000207874053,1500,1500,1500,1500,1500,1500,1500,1500,0,0,0,0,0.02,0,0,0,0,0.02,0,0,0,0,0.02,0,0,0,0,0.02,0,0,0,0,1,0,0,0,0,1,0,0,0,0,1,0,0,0,0,1
299697.444,24.95,0,0,0,0,0,0,0.367101461,-0,150.09763,-147.154539,2.94309079,1,0,0,0,0,0,0,0,0,0,0,0,0,0,0,150.09763,4.79015999,-1.85057561,1.86249591e-05,0,0,0,0,0,0,0,0,0,0,0,0,0,0,0,0,0,0,0,0,0,0,0,0,0,0,0,0,0,0,0,0,147.154539,0.0394669884,0.967696673,-0.00384051527,-0.113534285,-0.171277625,0.224999691,-1.51211678,-4.31409623,0.000207874053,1500,1500,1500,1500,1500,1500,1500,1500,0,0,0,0,0.02,0,0,0,0,0.02,0,0,0,0,0.02,0,0,0,0,0.02,0,0,0,0,1,0,0,0,0,1,0,0,0,0,1,0,0,0,0,1
299697.494,25,0,0,0,0,0,0,0.367101461,-0,150.09763,-147.154539,2.94309079,1,0,0,0,0,0,0,0,0,0,0,0,0,0,0,150.09763,4.79015999,-1.85057561,1.86249591e-05,0,0,0,0,0,0,0,0,0,0,0,0,0,0,0,0,0,0,0,0,0,0,0,0,0,0,0,0,0,0,0,0,147.154539,0.0394669884,0.967696673,-0.00384051527,-0.113534285,-0.171277625,0.224999691,-1.51211678,-4.31409623,0.000207874053,1500,1500,1500,1500,1500,1500,1500,1500,0,0,0,0,0.02,0,0,0,0,0.02,0,0,0,0,0.02,0,0,0,0,0.02,0,0,0,0,1,0,0,0,0,1,0,0,0,0,1,0,0,0,0,1
299697.544,25.05,0,0,0,0,0,0,0.367101461,-0,150.09763,-147.154539,2.94309079,1,0,0,0,0,0,0,0,0,0,0,0,0,0,0,150.09763,4.79015999,-1.85057561,1.86249591e-05,0,0,0,0,0,0,0,0,0,0,0,0,0,0,0,0,0,0,0,0,0,0,0,0,0,0,0,0,0,0,0,0,147.154539,0.0394669884,0.967696673,-0.00384051527,-0.113534285,-0.171277625,0.224999691,-1.51211678,-4.31409623,0.000207874053,1500,1500,1500,1500,1500,1500,1500,1500,0,0,0,0,0.02,0,0,0,0,0.02,0,0,0,0,0.02,0,0,0,0,0.02,0,0,0,0,1,0,0,0,0,1,0,0,0,0,1,0,0,0,0,1
299697.594,25.1,0,0,0,0,0,0,0.367101461,-0,150.09763,-147.154539,2.94309079,1,0,0,0,0,0,0,0,0,0,0,0,0,0,0,150.09763,4.79015999,-1.85057561,1.86249591e-05,0,0,0,0,0,0,0,0,0,0,0,0,0,0,0,0,0,0,0,0,0,0,0,0,0,0,0,0,0,0,0,0,147.154539,0.0394669884,0.967696673,-0.00384051527,-0.113534285,-0.171277625,0.224999691,-1.51211678,-4.31409623,0.000207874053,1500,1500,1500,1500,1500,1500,1500,1500,0,0,0,0,0.02,0,0,0,0,0.02,0,0,0,0,0.02,0,0,0,0,0.02,0,0,0,0,1,0,0,0,0,1,0,0,0,0,1,0,0,0,0,1
299697.644,25.15,0,0,0,0,0,0,0.367101461,-0,150.09763,-147.154539,2.94309079,1,0,0,0,0,0,0,0,0,0,0,0,0,0,0,150.09763,4.79015999,-1.85057561,1.86249591e-05,0,0,0,0,0,0,0,0,0,0,0,0,0,0,0,0,0,0,0,0,0,0,0,0,0,0,0,0,0,0,0,0,147.154539,0.0394669884,0.967696673,-0.00384051527,-0.113534285,-0.171277625,0.224999691,-1.51211678,-4.31409623,0.000207874053,1500,1500,1500,1500,1500,1500,1500,1500,0,0,0,0,0.02,0,0,0,0,0.02,0,0,0,0,0.02,0,0,0,0,0.02,0,0,0,0,1,0,0,0,0,1,0,0,0,0,1,0,0,0,0,1
299697.694,25.2,0,0,0,0,0,0,0.367101461,-0,150.09763,-147.154539,2.94309079,1,0,0,0,0,0,0,0,0,0,0,0,0,0,0,150.09763,4.79015999,-1.85057561,1.86249591e-05,0,0,0,0,0,0,0,0,0,0,0,0,0,0,0,0,0,0,0,0,0,0,0,0,0,0,0,0,0,0,0,0,147.154539,0.0394669884,0.967696673,-0.00384051527,-0.113534285,-0.171277625,0.224999691,-1.51211678,-4.31409623,0.000207874053,1500,1500,1500,1500,1500,1500,1500,1500,0,0,0,0,0.02,0,0,0,0,0.02,0,0,0,0,0.02,0,0,0,0,0.02,0,0,0,0,1,0,0,0,0,1,0,0,0,0,1,0,0,0,0,1
299697.744,25.25,0,0,0,0,0,0,0.367101461,-0,150.09763,-147.154539,2.94309079,1,0,0,0,0,0,0,0,0,0,0,0,0,0,0,150.09763,4.79015999,-1.85057561,1.86249591e-05,0,0,0,0,0,0,0,0,0,0,0,0,0,0,0,0,0,0,0,0,0,0,0,0,0,0,0,0,0,0,0,0,147.154539,0.0394669884,0.967696673,-0.00384051527,-0.113534285,-0.171277625,0.224999691,-1.51211678,-4.31409623,0.000207874053,1500,1500,1500,1500,1500,1500,1500,1500,0,0,0,0,0.02,0,0,0,0,0.02,0,0,0,0,0.02,0,0,0,0,0.02,0,0,0,0,1,0,0,0,0,1,0,0,0,0,1,0,0,0,0,1
299697.794,25.3,0,0,0,0,0,0,0.367101461,-0,150.09763,-147.154539,2.94309079,1,0,0,0,0,0,0,0,0,0,0,0,0,0,0,150.09763,4.79015999,-1.85057561,1.86249591e-05,0,0,0,0,0,0,0,0,0,0,0,0,0,0,0,0,0,0,0,0,0,0,0,0,0,0,0,0,0,0,0,0,147.154539,0.0394669884,0.967696673,-0.00384051527,-0.113534285,-0.171277625,0.224999691,-1.51211678,-4.31409623,0.000207874053,1500,1500,1500,1500,1500,1500,1500,1500,0,0,0,0,0.02,0,0,0,0,0.02,0,0,0,0,0.02,0,0,0,0,0.02,0,0,0,0,1,0,0,0,0,1,0,0,0,0,1,0,0,0,0,1
299697.844,25.35,0,0,0,0,0,0,0.367101461,-0,150.09763,-147.154539,2.94309079,1,0,0,0,0,0,0,0,0,0,0,0,0,0,0,150.09763,4.79015999,-1.85057561,1.86249591e-05,0,0,0,0,0,0,0,0,0,0,0,0,0,0,0,0,0,0,0,0,0,0,0,0,0,0,0,0,0,0,0,0,147.154539,0.0394669884,0.967696673,-0.00384051527,-0.113534285,-0.171277625,0.224999691,-1.51211678,-4.31409623,0.000207874053,1500,1500,1500,1500,1500,1500,1500,1500,0,0,0,0,0.02,0,0,0,0,0.02,0,0,0,0,0.02,0,0,0,0,0.02,0,0,0,0,1,0,0,0,0,1,0,0,0,0,1,0,0,0,0,1
299697.895,25.4,0,0,0,0,0,0,0.367101461,-0,150.09763,-147.154539,2.94309079,1,0,0,0,0,0,0,0,0,0,0,0,0,0,0,150.09763,4.79015999,-1.85057561,1.86249591e-05,0,0,0,0,0,0,0,0,0,0,0,0,0,0,0,0,0,0,0,0,0,0,0,0,0,0,0,0,0,0,0,0,147.154539,0.0394669884,0.967696673,-0.00384051527,-0.113534285,-0.171277625,0.224999691,-1.51211678,-4.31409623,0.000207874053,1500,1500,1500,1500,1500,1500,1500,1500,0,0,0,0,0.02,0,0,0,0,0.02,0,0,0,0,0.02,0,0,0,0,0.02,0,0,0,0,1,0,0,0,0,1,0,0,0,0,1,0,0,0,0,1
299697.945,25.45,0,0,0,0,0,0,0.367101461,-0,150.09763,-147.154539,2.94309079,1,0,0,0,0,0,0,0,0,0,0,0,0,0,0,150.09763,4.79015999,-1.85057561,1.86249591e-05,0,0,0,0,0,0,0,0,0,0,0,0,0,0,0,0,0,0,0,0,0,0,0,0,0,0,0,0,0,0,0,0,147.154539,0.0394669884,0.967696673,-0.00384051527,-0.113534285,-0.171277625,0.224999691,-1.51211678,-4.31409623,0.000207874053,1500,1500,1500,1500,1500,1500,1500,1500,0,0,0,0,0.02,0,0,0,0,0.02,0,0,0,0,0.02,0,0,0,0,0.02,0,0,0,0,1,0,0,0,0,1,0,0,0,0,1,0,0,0,0,1
299697.995,25.5,0,0,0,0,0,0,0.367101461,-0,150.09763,-147.154539,2.94309079,1,0,0,0,0,0,0,0,0,0,0,0,0,0,0,150.09763,4.79015999,-1.85057561,1.86249591e-05,0,0,0,0,0,0,0,0,0,0,0,0,0,0,0,0,0,0,0,0,0,0,0,0,0,0,0,0,0,0,0,0,147.154539,0.0394669884,0.967696673,-0.00384051527,-0.113534285,-0.171277625,0.224999691,-1.51211678,-4.31409623,0.000207874053,1500,1500,1500,1500,1500,1500,1500,1500,0,0,0,0,0.02,0,0,0,0,0.02,0,0,0,0,0.02,0,0,0,0,0.02,0,0,0,0,1,0,0,0,0,1,0,0,0,0,1,0,0,0,0,1
299698.045,25.55,0,0,0,0,0,0,0.367101461,-0,150.09763,-147.154539,2.94309079,1,0,0,0,0,0,0,0,0,0,0,0,0,0,0,150.09763,4.79015999,-1.85057561,1.86249591e-05,0,0,0,0,0,0,0,0,0,0,0,0,0,0,0,0,0,0,0,0,0,0,0,0,0,0,0,0,0,0,0,0,147.154539,0.0394669884,0.967696673,-0.00384051527,-0.113534285,-0.171277625,0.224999691,-1.51211678,-4.31409623,0.000207874053,1500,1500,1500,1500,1500,1500,1500,1500,0,0,0,0,0.02,0,0,0,0,0.02,0,0,0,0,0.02,0,0,0,0,0.02,0,0,0,0,1,0,0,0,0,1,0,0,0,0,1,0,0,0,0,1
299698.096,25.6,0,0,0,0,0,0,0.367101461,-0,150.09763,-147.154539,2.94309079,1,0,0,0,0,0,0,0,0,0,0,0,0,0,0,150.09763,4.79015999,-1.85057561,1.86249591e-05,0,0,0,0,0,0,0,0,0,0,0,0,0,0,0,0,0,0,0,0,0,0,0,0,0,0,0,0,0,0,0,0,147.154539,0.0394669884,0.967696673,-0.00384051527,-0.113534285,-0.171277625,0.224999691,-1.51211678,-4.31409623,0.000207874053,1500,1500,1500,1500,1500,1500,1500,1500,0,0,0,0,0.02,0,0,0,0,0.02,0,0,0,0,0.02,0,0,0,0,0.02,0,0,0,0,1,0,0,0,0,1,0,0,0,0,1,0,0,0,0,1
299698.146,25.65,0,0,0,0,0,0,0.367101461,-0,150.09763,-147.154539,2.94309079,1,0,0,0,0,0,0,0,0,0,0,0,0,0,0,150.09763,4.79015999,-1.85057561,1.86249591e-05,0,0,0,0,0,0,0,0,0,0,0,0,0,0,0,0,0,0,0,0,0,0,0,0,0,0,0,0,0,0,0,0,147.154539,0.0394669884,0.967696673,-0.00384051527,-0.113534285,-0.171277625,0.224999691,-1.51211678,-4.31409623,0.000207874053,1500,1500,1500,1500,1500,1500,1500,1500,0,0,0,0,0.02,0,0,0,0,0.02,0,0,0,0,0.02,0,0,0,0,0.02,0,0,0,0,1,0,0,0,0,1,0,0,0,0,1,0,0,0,0,1
299698.196,25.7,0,0,0,0,0,0,0.367101461,-0,150.09763,-147.154539,2.94309079,1,0,0,0,0,0,0,0,0,0,0,0,0,0,0,150.09763,4.79015999,-1.85057561,1.86249591e-05,0,0,0,0,0,0,0,0,0,0,0,0,0,0,0,0,0,0,0,0,0,0,0,0,0,0,0,0,0,0,0,0,147.154539,0.0394669884,0.967696673,-0.00384051527,-0.113534285,-0.171277625,0.224999691,-1.51211678,-4.31409623,0.000207874053,1500,1500,1500,1500,1500,1500,1500,1500,0,0,0,0,0.02,0,0,0,0,0.02,0,0,0,0,0.02,0,0,0,0,0.02,0,0,0,0,1,0,0,0,0,1,0,0,0,0,1,0,0,0,0,1
299698.247,25.75,0,0,0,0,0,0,0.367101461,-0,150.09763,-147.154539,2.94309079,1,0,0,0,0,0,0,0,0,0,0,0,0,0,0,150.09763,4.79015999,-1.85057561,1.86249591e-05,0,0,0,0,0,0,0,0,0,0,0,0,0,0,0,0,0,0,0,0,0,0,0,0,0,0,0,0,0,0,0,0,147.154539,0.0394669884,0.967696673,-0.00384051527,-0.113534285,-0.171277625,0.224999691,-1.51211678,-4.31409623,0.000207874053,1500,1500,1500,1500,1500,1500,1500,1500,0,0,0,0,0.02,0,0,0,0,0.02,0,0,0,0,0.02,0,0,0,0,0.02,0,0,0,0,1,0,0,0,0,1,0,0,0,0,1,0,0,0,0,1
299698.297,25.8,0,0,0,0,0,0,0.367101461,-0,150.09763,-147.154539,2.94309079,1,0,0,0,0,0,0,0,0,0,0,0,0,0,0,150.09763,4.79015999,-1.85057561,1.86249591e-05,0,0,0,0,0,0,0,0,0,0,0,0,0,0,0,0,0,0,0,0,0,0,0,0,0,0,0,0,0,0,0,0,147.154539,0.0394669884,0.967696673,-0.00384051527,-0.113534285,-0.171277625,0.224999691,-1.51211678,-4.31409623,0.000207874053,1500,1500,1500,1500,1500,1500,1500,1500,0,0,0,0,0.02,0,0,0,0,0.02,0,0,0,0,0.02,0,0,0,0,0.02,0,0,0,0,1,0,0,0,0,1,0,0,0,0,1,0,0,0,0,1
299698.348,25.85,0,0,0,0,0,0,0.367101461,-0,150.09763,-147.154539,2.94309079,1,0,0,0,0,0,0,0,0,0,0,0,0,0,0,150.09763,4.79015999,-1.85057561,1.86249591e-05,0,0,0,0,0,0,0,0,0,0,0,0,0,0,0,0,0,0,0,0,0,0,0,0,0,0,0,0,0,0,0,0,147.154539,0.0394669884,0.967696673,-0.00384051527,-0.113534285,-0.171277625,0.224999691,-1.51211678,-4.31409623,0.000207874053,1500,1500,1500,1500,1500,1500,1500,1500,0,0,0,0,0.02,0,0,0,0,0.02,0,0,0,0,0.02,0,0,0,0,0.02,0,0,0,0,1,0,0,0,0,1,0,0,0,0,1,0,0,0,0,1
299698.398,25.9,0,0,0,0,0,0,0.367101461,-0,150.09763,-147.154539,2.94309079,1,0,0,0,0,0,0,0,0,0,0,0,0,0,0,150.09763,4.79015999,-1.85057561,1.86249591e-05,0,0,0,0,0,0,0,0,0,0,0,0,0,0,0,0,0,0,0,0,0,0,0,0,0,0,0,0,0,0,0,0,147.154539,0.0394669884,0.967696673,-0.00384051527,-0.113534285,-0.171277625,0.224999691,-1.51211678,-4.31409623,0.000207874053,1500,1500,1500,1500,1500,1500,1500,1500,0,0,0,0,0.02,0,0,0,0,0.02,0,0,0,0,0.02,0,0,0,0,0.02,0,0,0,0,1,0,0,0,0,1,0,0,0,0,1,0,0,0,0,1
299698.447,25.95,0,0,0,0,0,0,0.367101461,-0,150.09763,-147.154539,2.94309079,1,0,0,0,0,0,0,0,0,0,0,0,0,0,0,150.09763,4.79015999,-1.85057561,1.86249591e-05,0,0,0,0,0,0,0,0,0,0,0,0,0,0,0,0,0,0,0,0,0,0,0,0,0,0,0,0,0,0,0,0,147.154539,0.0394669884,0.967696673,-0.00384051527,-0.113534285,-0.171277625,0.224999691,-1.51211678,-4.31409623,0.000207874053,1500,1500,1500,1500,1500,1500,1500,1500,0,0,0,0,0.02,0,0,0,0,0.02,0,0,0,0,0.02,0,0,0,0,0.02,0,0,0,0,1,0,0,0,0,1,0,0,0,0,1,0,0,0,0,1
299698.498,26,0,0,0,0,0,0,0.367101461,-0,150.09763,-147.154539,2.94309079,1,0,0,0,0,0,0,0,0,0,0,0,0,0,0,150.09763,4.79015999,-1.85057561,1.86249591e-05,0,0,0,0,0,0,0,0,0,0,0,0,0,0,0,0,0,0,0,0,0,0,0,0,0,0,0,0,0,0,0,0,147.154539,0.0394669884,0.967696673,-0.00384051527,-0.113534285,-0.171277625,0.224999691,-1.51211678,-4.31409623,0.000207874053,1500,1500,1500,1500,1500,1500,1500,1500,0,0,0,0,0.02,0,0,0,0,0.02,0,0,0,0,0.02,0,0,0,0,0.02,0,0,0,0,1,0,0,0,0,1,0,0,0,0,1,0,0,0,0,1
299698.549,26.05,0,0,0,0,0,0,0.367101461,-0,150.09763,-147.154539,2.94309079,1,0,0,0,0,0,0,0,0,0,0,0,0,0,0,150.09763,4.79015999,-1.85057561,1.86249591e-05,0,0,0,0,0,0,0,0,0,0,0,0,0,0,0,0,0,0,0,0,0,0,0,0,0,0,0,0,0,0,0,0,147.154539,0.0394669884,0.967696673,-0.00384051527,-0.113534285,-0.171277625,0.224999691,-1.51211678,-4.31409623,0.000207874053,1500,1500,1500,1500,1500,1500,1500,1500,0,0,0,0,0.02,0,0,0,0,0.02,0,0,0,0,0.02,0,0,0,0,0.02,0,0,0,0,1,0,0,0,0,1,0,0,0,0,1,0,0,0,0,1
299698.599,26.1,0,0,0,0,0,0,0.367101461,-0,150.09763,-147.154539,2.94309079,1,0,0,0,0,0,0,0,0,0,0,0,0,0,0,150.09763,4.79015999,-1.85057561,1.86249591e-05,0,0,0,0,0,0,0,0,0,0,0,0,0,0,0,0,0,0,0,0,0,0,0,0,0,0,0,0,0,0,0,0,147.154539,0.0394669884,0.967696673,-0.00384051527,-0.113534285,-0.171277625,0.224999691,-1.51211678,-4.31409623,0.000207874053,1500,1500,1500,1500,1500,1500,1500,1500,0,0,0,0,0.02,0,0,0,0,0.02,0,0,0,0,0.02,0,0,0,0,0.02,0,0,0,0,1,0,0,0,0,1,0,0,0,0,1,0,0,0,0,1
299698.649,26.15,0,0,0,0,0,0,0.367101461,-0,150.09763,-147.154539,2.94309079,1,0,0,0,0,0,0,0,0,0,0,0,0,0,0,150.09763,4.79015999,-1.85057561,1.86249591e-05,0,0,0,0,0,0,0,0,0,0,0,0,0,0,0,0,0,0,0,0,0,0,0,0,0,0,0,0,0,0,0,0,147.154539,0.0394669884,0.967696673,-0.00384051527,-0.113534285,-0.171277625,0.224999691,-1.51211678,-4.31409623,0.000207874053,1500,1500,1500,1500,1500,1500,1500,1500,0,0,0,0,0.02,0,0,0,0,0.02,0,0,0,0,0.02,0,0,0,0,0.02,0,0,0,0,1,0,0,0,0,1,0,0,0,0,1,0,0,0,0,1
299698.699,26.2,0,0,0,0,0,0,0.367101461,-0,150.09763,-147.154539,2.94309079,1,0,0,0,0,0,0,0,0,0,0,0,0,0,0,150.09763,4.79015999,-1.85057561,1.86249591e-05,0,0,0,0,0,0,0,0,0,0,0,0,0,0,0,0,0,0,0,0,0,0,0,0,0,0,0,0,0,0,0,0,147.154539,0.0394669884,0.967696673,-0.00384051527,-0.113534285,-0.171277625,0.224999691,-1.51211678,-4.31409623,0.000207874053,1500,1500,1500,1500,1500,1500,1500,1500,0,0,0,0,0.02,0,0,0,0,0.02,0,0,0,0,0.02,0,0,0,0,0.02,0,0,0,0,1,0,0,0,0,1,0,0,0,0,1,0,0,0,0,1
299698.749,26.25,0,0,0,0,0,0,0.367101461,-0,150.09763,-147.154539,2.94309079,1,0,0,0,0,0,0,0,0,0,0,0,0,0,0,150.09763,4.79015999,-1.85057561,1.86249591e-05,0,0,0,0,0,0,0,0,0,0,0,0,0,0,0,0,0,0,0,0,0,0,0,0,0,0,0,0,0,0,0,0,147.154539,0.0394669884,0.967696673,-0.00384051527,-0.113534285,-0.171277625,0.224999691,-1.51211678,-4.31409623,0.000207874053,1500,1500,1500,1500,1500,1500,1500,1500,0,0,0,0,0.02,0,0,0,0,0.02,0,0,0,0,0.02,0,0,0,0,0.02,0,0,0,0,1,0,0,0,0,1,0,0,0,0,1,0,0,0,0,1
299698.799,26.3,0,0,0,0,0,0,0.367101461,-0,150.09763,-147.154539,2.94309079,1,0,0,0,0,0,0,0,0,0,0,0,0,0,0,150.09763,4.79015999,-1.85057561,1.86249591e-05,0,0,0,0,0,0,0,0,0,0,0,0,0,0,0,0,0,0,0,0,0,0,0,0,0,0,0,0,0,0,0,0,147.154539,0.0394669884,0.967696673,-0.00384051527,-0.113534285,-0.171277625,0.224999691,-1.51211678,-4.31409623,0.000207874053,1500,1500,1500,1500,1500,1500,1500,1500,0,0,0,0,0.02,0,0,0,0,0.02,0,0,0,0,0.02,0,0,0,0,0.02,0,0,0,0,1,0,0,0,0,1,0,0,0,0,1,0,0,0,0,1
299698.849,26.35,0,0,0,0,0,0,0.367101461,-0,150.09763,-147.154539,2.94309079,1,0,0,0,0,0,0,0,0,0,0,0,0,0,0,150.09763,4.79015999,-1.85057561,1.86249591e-05,0,0,0,0,0,0,0,0,0,0,0,0,0,0,0,0,0,0,0,0,0,0,0,0,0,0,0,0,0,0,0,0,147.154539,0.0394669884,0.967696673,-0.00384051527,-0.113534285,-0.171277625,0.224999691,-1.51211678,-4.31409623,0.000207874053,1500,1500,1500,1500,1500,1500,1500,1500,0,0,0,0,0.02,0,0,0,0,0.02,0,0,0,0,0.02,0,0,0,0,0.02,0,0,0,0,1,0,0,0,0,1,0,0,0,0,1,0,0,0,0,1
299698.9,26.4,0,0,0,0,0,0,0.367101461,-0,150.09763,-147.154539,2.94309079,1,0,0,0,0,0,0,0,0,0,0,0,0,0,0,150.09763,4.79015999,-1.85057561,1.86249591e-05,0,0,0,0,0,0,0,0,0,0,0,0,0,0,0,0,0,0,0,0,0,0,0,0,0,0,0,0,0,0,0,0,147.154539,0.0394669884,0.967696673,-0.00384051527,-0.113534285,-0.171277625,0.224999691,-1.51211678,-4.31409623,0.000207874053,1500,1500,1500,1500,1500,1500,1500,1500,0,0,0,0,0.02,0,0,0,0,0.02,0,0,0,0,0.02,0,0,0,0,0.02,0,0,0,0,1,0,0,0,0,1,0,0,0,0,1,0,0,0,0,1
299698.95,26.45,0,0,0,0,0,0,0.367101461,-0,150.09763,-147.154539,2.94309079,1,0,0,0,0,0,0,0,0,0,0,0,0,0,0,150.09763,4.79015999,-1.85057561,1.86249591e-05,0,0,0,0,0,0,0,0,0,0,0,0,0,0,0,0,0,0,0,0,0,0,0,0,0,0,0,0,0,0,0,0,147.154539,0.0394669884,0.967696673,-0.00384051527,-0.113534285,-0.171277625,0.224999691,-1.51211678,-4.31409623,0.000207874053,1500,1500,1500,1500,1500,1500,1500,1500,0,0,0,0,0.02,0,0,0,0,0.02,0,0,0,0,0.02,0,0,0,0,0.02,0,0,0,0,1,0,0,0,0,1,0,0,0,0,1,0,0,0,0,1
299699,26.5,0,0,0,0,0,0,0.367101461,-0,150.09763,-147.154539,2.94309079,1,0,0,0,0,0,0,0,0,0,0,0,0,0,0,150.09763,4.79015999,-1.85057561,1.86249591e-05,0,0,0,0,0,0,0,0,0,0,0,0,0,0,0,0,0,0,0,0,0,0,0,0,0,0,0,0,0,0,0,0,147.154539,0.0394669884,0.967696673,-0.00384051527,-0.113534285,-0.171277625,0.224999691,-1.51211678,-4.31409623,0.000207874053,1500,1500,1500,1500,1500,1500,1500,1500,0,0,0,0,0.02,0,0,0,0,0.02,0,0,0,0,0.02,0,0,0,0,0.02,0,0,0,0,1,0,0,0,0,1,0,0,0,0,1,0,0,0,0,1
299699.051,26.55,0,0,0,0,0,0,0.367101461,-0,150.09763,-147.154539,2.94309079,1,0,0,0,0,0,0,0,0,0,0,0,0,0,0,150.09763,4.79015999,-1.85057561,1.86249591e-05,0,0,0,0,0,0,0,0,0,0,0,0,0,0,0,0,0,0,0,0,0,0,0,0,0,0,0,0,0,0,0,0,147.154539,0.0394669884,0.967696673,-0.00384051527,-0.113534285,-0.171277625,0.224999691,-1.51211678,-4.31409623,0.000207874053,1500,1500,1500,1500,1500,1500,1500,1500,0,0,0,0,0.02,0,0,0,0,0.02,0,0,0,0,0.02,0,0,0,0,0.02,0,0,0,0,1,0,0,0,0,1,0,0,0,0,1,0,0,0,0,1
299699.101,26.6,0,0,0,0,0,0,0.367101461,-0,150.09763,-147.154539,2.94309079,1,0,0,0,0,0,0,0,0,0,0,0,0,0,0,150.09763,4.79015999,-1.85057561,1.86249591e-05,0,0,0,0,0,0,0,0,0,0,0,0,0,0,0,0,0,0,0,0,0,0,0,0,0,0,0,0,0,0,0,0,147.154539,0.0394669884,0.967696673,-0.00384051527,-0.113534285,-0.171277625,0.224999691,-1.51211678,-4.31409623,0.000207874053,1500,1500,1500,1500,1500,1500,1500,1500,0,0,0,0,0.02,0,0,0,0,0.02,0,0,0,0,0.02,0,0,0,0,0.02,0,0,0,0,1,0,0,0,0,1,0,0,0,0,1,0,0,0,0,1
299699.151,26.65,0,0,0,0,0,0,0.367101461,-0,150.09763,-147.154539,2.94309079,1,0,0,0,0,0,0,0,0,0,0,0,0,0,0,150.09763,4.79015999,-1.85057561,1.86249591e-05,0,0,0,0,0,0,0,0,0,0,0,0,0,0,0,0,0,0,0,0,0,0,0,0,0,0,0,0,0,0,0,0,147.154539,0.0394669884,0.967696673,-0.00384051527,-0.113534285,-0.171277625,0.224999691,-1.51211678,-4.31409623,0.000207874053,1500,1500,1500,1500,1500,1500,1500,1500,0,0,0,0,0.02,0,0,0,0,0.02,0,0,0,0,0.02,0,0,0,0,0.02,0,0,0,0,1,0,0,0,0,1,0,0,0,0,1,0,0,0,0,1
299699.201,26.7,0,0,0,0,0,0,0.367101461,-0,150.09763,-147.154539,2.94309079,1,0,0,0,0,0,0,0,0,0,0,0,0,0,0,150.09763,4.79015999,-1.85057561,1.86249591e-05,0,0,0,0,0,0,0,0,0,0,0,0,0,0,0,0,0,0,0,0,0,0,0,0,0,0,0,0,0,0,0,0,147.154539,0.0394669884,0.967696673,-0.00384051527,-0.113534285,-0.171277625,0.224999691,-1.51211678,-4.31409623,0.000207874053,1500,1500,1500,1500,1500,1500,1500,1500,0,0,0,0,0.02,0,0,0,0,0.02,0,0,0,0,0.02,0,0,0,0,0.02,0,0,0,0,1,0,0,0,0,1,0,0,0,0,1,0,0,0,0,1
299699.251,26.75,0,0,0,0,0,0,0.367101461,-0,150.09763,-147.154539,2.94309079,1,0,0,0,0,0,0,0,0,0,0,0,0,0,0,150.09763,4.79015999,-1.85057561,1.86249591e-05,0,0,0,0,0,0,0,0,0,0,0,0,0,0,0,0,0,0,0,0,0,0,0,0,0,0,0,0,0,0,0,0,147.154539,0.0394669884,0.967696673,-0.00384051527,-0.113534285,-0.171277625,0.224999691,-1.51211678,-4.31409623,0.000207874053,1500,1500,1500,1500,1500,1500,1500,1500,0,0,0,0,0.02,0,0,0,0,0.02,0,0,0,0,0.02,0,0,0,0,0.02,0,0,0,0,1,0,0,0,0,1,0,0,0,0,1,0,0,0,0,1
299699.301,26.8,0,0,0,0,0,0,0.367101461,-0,150.09763,-147.154539,2.94309079,1,0,0,0,0,0,0,0,0,0,0,0,0,0,0,150.09763,4.79015999,-1.85057561,1.86249591e-05,0,0,0,0,0,0,0,0,0,0,0,0,0,0,0,0,0,0,0,0,0,0,0,0,0,0,0,0,0,0,0,0,147.154539,0.0394669884,0.967696673,-0.00384051527,-0.113534285,-0.171277625,0.224999691,-1.51211678,-4.31409623,0.000207874053,1500,1500,1500,1500,1500,1500,1500,1500,0,0,0,0,0.02,0,0,0,0,0.02,0,0,0,0,0.02,0,0,0,0,0.02,0,0,0,0,1,0,0,0,0,1,0,0,0,0,1,0,0,0,0,1
299699.352,26.85,0,0,0,0,0,0,0.367101461,-0,150.09763,-147.154539,2.94309079,1,0,0,0,0,0,0,0,0,0,0,0,0,0,0,150.09763,4.79015999,-1.85057561,1.86249591e-05,0,0,0,0,0,0,0,0,0,0,0,0,0,0,0,0,0,0,0,0,0,0,0,0,0,0,0,0,0,0,0,0,147.154539,0.0394669884,0.967696673,-0.00384051527,-0.113534285,-0.171277625,0.224999691,-1.51211678,-4.31409623,0.000207874053,1500,1500,1500,1500,1500,1500,1500,1500,0,0,0,0,0.02,0,0,0,0,0.02,0,0,0,0,0.02,0,0,0,0,0.02,0,0,0,0,1,0,0,0,0,1,0,0,0,0,1,0,0,0,0,1
299699.402,26.9,0,0,0,0,0,0,0.367101461,-0,150.09763,-147.154539,2.94309079,1,0,0,0,0,0,0,0,0,0,0,0,0,0,0,150.09763,4.79015999,-1.85057561,1.86249591e-05,0,0,0,0,0,0,0,0,0,0,0,0,0,0,0,0,0,0,0,0,0,0,0,0,0,0,0,0,0,0,0,0,147.154539,0.0394669884,0.967696673,-0.00384051527,-0.113534285,-0.171277625,0.224999691,-1.51211678,-4.31409623,0.000207874053,1500,1500,1500,1500,1500,1500,1500,1500,0,0,0,0,0.02,0,0,0,0,0.02,0,0,0,0,0.02,0,0,0,0,0.02,0,0,0,0,1,0,0,0,0,1,0,0,0,0,1,0,0,0,0,1
299699.452,26.95,0,0,0,0,0,0,0.367101461,-0,150.09763,-147.154539,2.94309079,1,0,0,0,0,0,0,0,0,0,0,0,0,0,0,150.09763,4.79015999,-1.85057561,1.86249591e-05,0,0,0,0,0,0,0,0,0,0,0,0,0,0,0,0,0,0,0,0,0,0,0,0,0,0,0,0,0,0,0,0,147.154539,0.0394669884,0.967696673,-0.00384051527,-0.113534285,-0.171277625,0.224999691,-1.51211678,-4.31409623,0.000207874053,1500,1500,1500,1500,1500,1500,1500,1500,0,0,0,0,0.02,0,0,0,0,0.02,0,0,0,0,0.02,0,0,0,0,0.02,0,0,0,0,1,0,0,0,0,1,0,0,0,0,1,0,0,0,0,1
299699.502,27,0,0,0,0,0,0,0.367101461,-0,150.09763,-147.154539,2.94309079,1,0,0,0,0,0,0,0,0,0,0,0,0,0,0,150.09763,4.79015999,-1.85057561,1.86249591e-05,0,0,0,0,0,0,0,0,0,0,0,0,0,0,0,0,0,0,0,0,0,0,0,0,0,0,0,0,0,0,0,0,147.154539,0.0394669884,0.967696673,-0.00384051527,-0.113534285,-0.171277625,0.224999691,-1.51211678,-4.31409623,0.000207874053,1500,1500,1500,1500,1500,1500,1500,1500,0,0,0,0,0.02,0,0,0,0,0.02,0,0,0,0,0.02,0,0,0,0,0.02,0,0,0,0,1,0,0,0,0,1,0,0,0,0,1,0,0,0,0,1
299699.553,27.05,0,0,0,0,0,0,0.367101461,-0,150.09763,-147.154539,2.94309079,1,0,0,0,0,0,0,0,0,0,0,0,0,0,0,150.09763,4.79015999,-1.85057561,1.86249591e-05,0,0,0,0,0,0,0,0,0,0,0,0,0,0,0,0,0,0,0,0,0,0,0,0,0,0,0,0,0,0,0,0,147.154539,0.0394669884,0.967696673,-0.00384051527,-0.113534285,-0.171277625,0.224999691,-1.51211678,-4.31409623,0.000207874053,1500,1500,1500,1500,1500,1500,1500,1500,0,0,0,0,0.02,0,0,0,0,0.02,0,0,0,0,0.02,0,0,0,0,0.02,0,0,0,0,1,0,0,0,0,1,0,0,0,0,1,0,0,0,0,1
299699.603,27.1,0,0,0,0,0,0,0.367101461,-0,150.09763,-147.154539,2.94309079,1,0,0,0,0,0,0,0,0,0,0,0,0,0,0,150.09763,4.79015999,-1.85057561,1.86249591e-05,0,0,0,0,0,0,0,0,0,0,0,0,0,0,0,0,0,0,0,0,0,0,0,0,0,0,0,0,0,0,0,0,147.154539,0.0394669884,0.967696673,-0.00384051527,-0.113534285,-0.171277625,0.224999691,-1.51211678,-4.31409623,0.000207874053,1500,1500,1500,1500,1500,1500,1500,1500,0,0,0,0,0.02,0,0,0,0,0.02,0,0,0,0,0.02,0,0,0,0,0.02,0,0,0,0,1,0,0,0,0,1,0,0,0,0,1,0,0,0,0,1
299699.653,27.15,0,0,0,0,0,0,0.367101461,-0,150.09763,-147.154539,2.94309079,1,0,0,0,0,0,0,0,0,0,0,0,0,0,0,150.09763,4.79015999,-1.85057561,1.86249591e-05,0,0,0,0,0,0,0,0,0,0,0,0,0,0,0,0,0,0,0,0,0,0,0,0,0,0,0,0,0,0,0,0,147.154539,0.0394669884,0.967696673,-0.00384051527,-0.113534285,-0.171277625,0.224999691,-1.51211678,-4.31409623,0.000207874053,1500,1500,1500,1500,1500,1500,1500,1500,0,0,0,0,0.02,0,0,0,0,0.02,0,0,0,0,0.02,0,0,0,0,0.02,0,0,0,0,1,0,0,0,0,1,0,0,0,0,1,0,0,0,0,1
299699.704,27.2,0,0,0,0,0,0,0.367101461,-0,150.09763,-147.154539,2.94309079,1,0,0,0,0,0,0,0,0,0,0,0,0,0,0,150.09763,4.79015999,-1.85057561,1.86249591e-05,0,0,0,0,0,0,0,0,0,0,0,0,0,0,0,0,0,0,0,0,0,0,0,0,0,0,0,0,0,0,0,0,147.154539,0.0394669884,0.967696673,-0.00384051527,-0.113534285,-0.171277625,0.224999691,-1.51211678,-4.31409623,0.000207874053,1500,1500,1500,1500,1500,1500,1500,1500,0,0,0,0,0.02,0,0,0,0,0.02,0,0,0,0,0.02,0,0,0,0,0.02,0,0,0,0,1,0,0,0,0,1,0,0,0,0,1,0,0,0,0,1
299699.753,27.25,0,0,0,0,0,0,0.367101461,-0,150.09763,-147.154539,2.94309079,1,0,0,0,0,0,0,0,0,0,0,0,0,0,0,150.09763,4.79015999,-1.85057561,1.86249591e-05,0,0,0,0,0,0,0,0,0,0,0,0,0,0,0,0,0,0,0,0,0,0,0,0,0,0,0,0,0,0,0,0,147.154539,0.0394669884,0.967696673,-0.00384051527,-0.113534285,-0.171277625,0.224999691,-1.51211678,-4.31409623,0.000207874053,1500,1500,1500,1500,1500,1500,1500,1500,0,0,0,0,0.02,0,0,0,0,0.02,0,0,0,0,0.02,0,0,0,0,0.02,0,0,0,0,1,0,0,0,0,1,0,0,0,0,1,0,0,0,0,1
299699.804,27.3,0,0,0,0,0,0,0.367101461,-0,150.09763,-147.154539,2.94309079,1,0,0,0,0,0,0,0,0,0,0,0,0,0,0,150.09763,4.79015999,-1.85057561,1.86249591e-05,0,0,0,0,0,0,0,0,0,0,0,0,0,0,0,0,0,0,0,0,0,0,0,0,0,0,0,0,0,0,0,0,147.154539,0.0394669884,0.967696673,-0.00384051527,-0.113534285,-0.171277625,0.224999691,-1.51211678,-4.31409623,0.000207874053,1500,1500,1500,1500,1500,1500,1500,1500,0,0,0,0,0.02,0,0,0,0,0.02,0,0,0,0,0.02,0,0,0,0,0.02,0,0,0,0,1,0,0,0,0,1,0,0,0,0,1,0,0,0,0,1
299699.854,27.35,0,0,0,0,0,0,0.367101461,-0,150.09763,-147.154539,2.94309079,1,0,0,0,0,0,0,0,0,0,0,0,0,0,0,150.09763,4.79015999,-1.85057561,1.86249591e-05,0,0,0,0,0,0,0,0,0,0,0,0,0,0,0,0,0,0,0,0,0,0,0,0,0,0,0,0,0,0,0,0,147.154539,0.0394669884,0.967696673,-0.00384051527,-0.113534285,-0.171277625,0.224999691,-1.51211678,-4.31409623,0.000207874053,1500,1500,1500,1500,1500,1500,1500,1500,0,0,0,0,0.02,0,0,0,0,0.02,0,0,0,0,0.02,0,0,0,0,0.02,0,0,0,0,1,0,0,0,0,1,0,0,0,0,1,0,0,0,0,1
299699.904,27.4,0,0,0,0,0,0,0.367101461,-0,150.09763,-147.154539,2.94309079,1,0,0,0,0,0,0,0,0,0,0,0,0,0,0,150.09763,4.79015999,-1.85057561,1.86249591e-05,0,0,0,0,0,0,0,0,0,0,0,0,0,0,0,0,0,0,0,0,0,0,0,0,0,0,0,0,0,0,0,0,147.154539,0.0394669884,0.967696673,-0.00384051527,-0.113534285,-0.171277625,0.224999691,-1.51211678,-4.31409623,0.000207874053,1500,1500,1500,1500,1500,1500,1500,1500,0,0,0,0,0.02,0,0,0,0,0.02,0,0,0,0,0.02,0,0,0,0,0.02,0,0,0,0,1,0,0,0,0,1,0,0,0,0,1,0,0,0,0,1
299699.955,27.45,0,0,0,0,0,0,0.367101461,-0,150.09763,-147.154539,2.94309079,1,0,0,0,0,0,0,0,0,0,0,0,0,0,0,150.09763,4.79015999,-1.85057561,1.86249591e-05,0,0,0,0,0,0,0,0,0,0,0,0,0,0,0,0,0,0,0,0,0,0,0,0,0,0,0,0,0,0,0,0,147.154539,0.0394669884,0.967696673,-0.00384051527,-0.113534285,-0.171277625,0.224999691,-1.51211678,-4.31409623,0.000207874053,1500,1500,1500,1500,1500,1500,1500,1500,0,0,0,0,0.02,0,0,0,0,0.02,0,0,0,0,0.02,0,0,0,0,0.02,0,0,0,0,1,0,0,0,0,1,0,0,0,0,1,0,0,0,0,1
299700.005,27.5,0,0,0,0,0,0,0.367101461,-0,150.09763,-147.154539,2.94309079,1,0,0,0,0,0,0,0,0,0,0,0,0,0,0,150.09763,4.79015999,-1.85057561,1.86249591e-05,0,0,0,0,0,0,0,0,0,0,0,0,0,0,0,0,0,0,0,0,0,0,0,0,0,0,0,0,0,0,0,0,147.154539,0.0394669884,0.967696673,-0.00384051527,-0.113534285,-0.171277625,0.224999691,-1.51211678,-4.31409623,0.000207874053,1500,1500,1500,1500,1500,1500,1500,1500,0,0,0,0,0.02,0,0,0,0,0.02,0,0,0,0,0.02,0,0,0,0,0.02,0,0,0,0,1,0,0,0,0,1,0,0,0,0,1,0,0,0,0,1
299700.055,27.55,0,0,0,0,0,0,0.367101461,-0,150.09763,-147.154539,2.94309079,1,0,0,0,0,0,0,0,0,0,0,0,0,0,0,150.09763,4.79015999,-1.85057561,1.86249591e-05,0,0,0,0,0,0,0,0,0,0,0,0,0,0,0,0,0,0,0,0,0,0,0,0,0,0,0,0,0,0,0,0,147.154539,0.0394669884,0.967696673,-0.00384051527,-0.113534285,-0.171277625,0.224999691,-1.51211678,-4.31409623,0.000207874053,1500,1500,1500,1500,1500,1500,1500,1500,0,0,0,0,0.02,0,0,0,0,0.02,0,0,0,0,0.02,0,0,0,0,0.02,0,0,0,0,1,0,0,0,0,1,0,0,0,0,1,0,0,0,0,1
299700.105,27.6,0,0,0,0,0,0,0.367101461,-0,150.09763,-147.154539,2.94309079,1,0,0,0,0,0,0,0,0,0,0,0,0,0,0,150.09763,4.79015999,-1.85057561,1.86249591e-05,0,0,0,0,0,0,0,0,0,0,0,0,0,0,0,0,0,0,0,0,0,0,0,0,0,0,0,0,0,0,0,0,147.154539,0.0394669884,0.967696673,-0.00384051527,-0.113534285,-0.171277625,0.224999691,-1.51211678,-4.31409623,0.000207874053,1500,1500,1500,1500,1500,1500,1500,1500,0,0,0,0,0.02,0,0,0,0,0.02,0,0,0,0,0.02,0,0,0,0,0.02,0,0,0,0,1,0,0,0,0,1,0,0,0,0,1,0,0,0,0,1
299700.155,27.65,0,0,0,0,0,0,0.367101461,-0,150.09763,-147.154539,2.94309079,1,0,0,0,0,0,0,0,0,0,0,0,0,0,0,150.09763,4.79015999,-1.85057561,1.86249591e-05,0,0,0,0,0,0,0,0,0,0,0,0,0,0,0,0,0,0,0,0,0,0,0,0,0,0,0,0,0,0,0,0,147.154539,0.0394669884,0.967696673,-0.00384051527,-0.113534285,-0.171277625,0.224999691,-1.51211678,-4.31409623,0.000207874053,1500,1500,1500,1500,1500,1500,1500,1500,0,0,0,0,0.02,0,0,0,0,0.02,0,0,0,0,0.02,0,0,0,0,0.02,0,0,0,0,1,0,0,0,0,1,0,0,0,0,1,0,0,0,0,1
299700.205,27.7,0,0,0,0,0,0,0.367101461,-0,150.09763,-147.154539,2.94309079,1,0,0,0,0,0,0,0,0,0,0,0,0,0,0,150.09763,4.79015999,-1.85057561,1.86249591e-05,0,0,0,0,0,0,0,0,0,0,0,0,0,0,0,0,0,0,0,0,0,0,0,0,0,0,0,0,0,0,0,0,147.154539,0.0394669884,0.967696673,-0.00384051527,-0.113534285,-0.171277625,0.224999691,-1.51211678,-4.31409623,0.000207874053,1500,1500,1500,1500,1500,1500,1500,1500,0,0,0,0,0.02,0,0,0,0,0.02,0,0,0,0,0.02,0,0,0,0,0.02,0,0,0,0,1,0,0,0,0,1,0,0,0,0,1,0,0,0,0,1
299700.255,27.75,0,0,0,0,0,0,0.367101461,-0,150.09763,-147.154539,2.94309079,1,0,0,0,0,0,0,0,0,0,0,0,0,0,0,150.09763,4.79015999,-1.85057561,1.86249591e-05,0,0,0,0,0,0,0,0,0,0,0,0,0,0,0,0,0,0,0,0,0,0,0,0,0,0,0,0,0,0,0,0,147.154539,0.0394669884,0.967696673,-0.00384051527,-0.113534285,-0.171277625,0.224999691,-1.51211678,-4.31409623,0.000207874053,1500,1500,1500,1500,1500,1500,1500,1500,0,0,0,0,0.02,0,0,0,0,0.02,0,0,0,0,0.02,0,0,0,0,0.02,0,0,0,0,1,0,0,0,0,1,0,0,0,0,1,0,0,0,0,1
299700.306,27.8,0,0,0,0,0,0,0.367101461,-0,150.09763,-147.154539,2.94309079,1,0,0,0,0,0,0,0,0,0,0,0,0,0,0,150.09763,4.79015999,-1.85057561,1.86249591e-05,0,0,0,0,0,0,0,0,0,0,0,0,0,0,0,0,0,0,0,0,0,0,0,0,0,0,0,0,0,0,0,0,147.154539,0.0394669884,0.967696673,-0.00384051527,-0.113534285,-0.171277625,0.224999691,-1.51211678,-4.31409623,0.000207874053,1500,1500,1500,1500,1500,1500,1500,1500,0,0,0,0,0.02,0,0,0,0,0.02,0,0,0,0,0.02,0,0,0,0,0.02,0,0,0,0,1,0,0,0,0,1,0,0,0,0,1,0,0,0,0,1
299700.356,27.85,0,0,0,0,0,0,0.367101461,-0,150.09763,-147.154539,2.94309079,1,0,0,0,0,0,0,0,0,0,0,0,0,0,0,150.09763,4.79015999,-1.85057561,1.86249591e-05,0,0,0,0,0,0,0,0,0,0,0,0,0,0,0,0,0,0,0,0,0,0,0,0,0,0,0,0,0,0,0,0,147.154539,0.0394669884,0.967696673,-0.00384051527,-0.113534285,-0.171277625,0.224999691,-1.51211678,-4.31409623,0.000207874053,1500,1500,1500,1500,1500,1500,1500,1500,0,0,0,0,0.02,0,0,0,0,0.02,0,0,0,0,0.02,0,0,0,0,0.02,0,0,0,0,1,0,0,0,0,1,0,0,0,0,1,0,0,0,0,1
299700.407,27.9,0,0,0,0,0,0,0.367101461,-0,150.09763,-147.154539,2.94309079,1,0,0,0,0,0,0,0,0,0,0,0,0,0,0,150.09763,4.79015999,-1.85057561,1.86249591e-05,0,0,0,0,0,0,0,0,0,0,0,0,0,0,0,0,0,0,0,0,0,0,0,0,0,0,0,0,0,0,0,0,147.154539,0.0394669884,0.967696673,-0.00384051527,-0.113534285,-0.171277625,0.224999691,-1.51211678,-4.31409623,0.000207874053,1500,1500,1500,1500,1500,1500,1500,1500,0,0,0,0,0.02,0,0,0,0,0.02,0,0,0,0,0.02,0,0,0,0,0.02,0,0,0,0,1,0,0,0,0,1,0,0,0,0,1,0,0,0,0,1
299700.457,27.95,0,0,0,0,0,0,0.367101461,-0,150.09763,-147.154539,2.94309079,1,0,0,0,0,0,0,0,0,0,0,0,0,0,0,150.09763,4.79015999,-1.85057561,1.86249591e-05,0,0,0,0,0,0,0,0,0,0,0,0,0,0,0,0,0,0,0,0,0,0,0,0,0,0,0,0,0,0,0,0,147.154539,0.0394669884,0.967696673,-0.00384051527,-0.113534285,-0.171277625,0.224999691,-1.51211678,-4.31409623,0.000207874053,1500,1500,1500,1500,1500,1500,1500,1500,0,0,0,0,0.02,0,0,0,0,0.02,0,0,0,0,0.02,0,0,0,0,0.02,0,0,0,0,1,0,0,0,0,1,0,0,0,0,1,0,0,0,0,1
299700.507,28,0,0,0,0,0,0,0.367101461,-0,150.09763,-147.154539,2.94309079,1,0,0,0,0,0,0,0,0,0,0,0,0,0,0,150.09763,4.79015999,-1.85057561,1.86249591e-05,0,0,0,0,0,0,0,0,0,0,0,0,0,0,0,0,0,0,0,0,0,0,0,0,0,0,0,0,0,0,0,0,147.154539,0.0394669884,0.967696673,-0.00384051527,-0.113534285,-0.171277625,0.224999691,-1.51211678,-4.31409623,0.000207874053,1500,1500,1500,1500,1500,1500,1500,1500,0,0,0,0,0.02,0,0,0,0,0.02,0,0,0,0,0.02,0,0,0,0,0.02,0,0,0,0,1,0,0,0,0,1,0,0,0,0,1,0,0,0,0,1
299700.557,28.05,0,0,0,0,0,0,0.367101461,-0,150.09763,-147.154539,2.94309079,1,0,0,0,0,0,0,0,0,0,0,0,0,0,0,150.09763,4.79015999,-1.85057561,1.86249591e-05,0,0,0,0,0,0,0,0,0,0,0,0,0,0,0,0,0,0,0,0,0,0,0,0,0,0,0,0,0,0,0,0,147.154539,0.0394669884,0.967696673,-0.00384051527,-0.113534285,-0.171277625,0.224999691,-1.51211678,-4.31409623,0.000207874053,1500,1500,1500,1500,1500,1500,1500,1500,0,0,0,0,0.02,0,0,0,0,0.02,0,0,0,0,0.02,0,0,0,0,0.02,0,0,0,0,1,0,0,0,0,1,0,0,0,0,1,0,0,0,0,1
299700.607,28.1,0,0,0,0,0,0,0.367101461,-0,150.09763,-147.154539,2.94309079,1,0,0,0,0,0,0,0,0,0,0,0,0,0,0,150.09763,4.79015999,-1.85057561,1.86249591e-05,0,0,0,0,0,0,0,0,0,0,0,0,0,0,0,0,0,0,0,0,0,0,0,0,0,0,0,0,0,0,0,0,147.154539,0.0394669884,0.967696673,-0.00384051527,-0.113534285,-0.171277625,0.224999691,-1.51211678,-4.31409623,0.000207874053,1500,1500,1500,1500,1500,1500,1500,1500,0,0,0,0,0.02,0,0,0,0,0.02,0,0,0,0,0.02,0,0,0,0,0.02,0,0,0,0,1,0,0,0,0,1,0,0,0,0,1,0,0,0,0,1
299700.657,28.15,0,0,0,0,0,0,0.367101461,-0,150.09763,-147.154539,2.94309079,1,0,0,0,0,0,0,0,0,0,0,0,0,0,0,150.09763,4.79015999,-1.85057561,1.86249591e-05,0,0,0,0,0,0,0,0,0,0,0,0,0,0,0,0,0,0,0,0,0,0,0,0,0,0,0,0,0,0,0,0,147.154539,0.0394669884,0.967696673,-0.00384051527,-0.113534285,-0.171277625,0.224999691,-1.51211678,-4.31409623,0.000207874053,1500,1500,1500,1500,1500,1500,1500,1500,0,0,0,0,0.02,0,0,0,0,0.02,0,0,0,0,0.02,0,0,0,0,0.02,0,0,0,0,1,0,0,0,0,1,0,0,0,0,1,0,0,0,0,1
299700.707,28.2,0,0,0,0,0,0,0.367101461,-0,150.09763,-147.154539,2.94309079,1,0,0,0,0,0,0,0,0,0,0,0,0,0,0,150.09763,4.79015999,-1.85057561,1.86249591e-05,0,0,0,0,0,0,0,0,0,0,0,0,0,0,0,0,0,0,0,0,0,0,0,0,0,0,0,0,0,0,0,0,147.154539,0.0394669884,0.967696673,-0.00384051527,-0.113534285,-0.171277625,0.224999691,-1.51211678,-4.31409623,0.000207874053,1500,1500,1500,1500,1500,1500,1500,1500,0,0,0,0,0.02,0,0,0,0,0.02,0,0,0,0,0.02,0,0,0,0,0.02,0,0,0,0,1,0,0,0,0,1,0,0,0,0,1,0,0,0,0,1
299700.758,28.25,0,0,0,0,0,0,0.367101461,-0,150.09763,-147.154539,2.94309079,1,0,0,0,0,0,0,0,0,0,0,0,0,0,0,150.09763,4.79015999,-1.85057561,1.86249591e-05,0,0,0,0,0,0,0,0,0,0,0,0,0,0,0,0,0,0,0,0,0,0,0,0,0,0,0,0,0,0,0,0,147.154539,0.0394669884,0.967696673,-0.00384051527,-0.113534285,-0.171277625,0.224999691,-1.51211678,-4.31409623,0.000207874053,1500,1500,1500,1500,1500,1500,1500,1500,0,0,0,0,0.02,0,0,0,0,0.02,0,0,0,0,0.02,0,0,0,0,0.02,0,0,0,0,1,0,0,0,0,1,0,0,0,0,1,0,0,0,0,1
299700.808,28.3,0,0,0,0,0,0,0.367101461,-0,150.09763,-147.154539,2.94309079,1,0,0,0,0,0,0,0,0,0,0,0,0,0,0,150.09763,4.79015999,-1.85057561,1.86249591e-05,0,0,0,0,0,0,0,0,0,0,0,0,0,0,0,0,0,0,0,0,0,0,0,0,0,0,0,0,0,0,0,0,147.154539,0.0394669884,0.967696673,-0.00384051527,-0.113534285,-0.171277625,0.224999691,-1.51211678,-4.31409623,0.000207874053,1500,1500,1500,1500,1500,1500,1500,1500,0,0,0,0,0.02,0,0,0,0,0.02,0,0,0,0,0.02,0,0,0,0,0.02,0,0,0,0,1,0,0,0,0,1,0,0,0,0,1,0,0,0,0,1
299700.858,28.35,0,0,0,0,0,0,0.367101461,-0,150.09763,-147.154539,2.94309079,1,0,0,0,0,0,0,0,0,0,0,0,0,0,0,150.09763,4.79015999,-1.85057561,1.86249591e-05,0,0,0,0,0,0,0,0,0,0,0,0,0,0,0,0,0,0,0,0,0,0,0,0,0,0,0,0,0,0,0,0,147.154539,0.0394669884,0.967696673,-0.00384051527,-0.113534285,-0.171277625,0.224999691,-1.51211678,-4.31409623,0.000207874053,1500,1500,1500,1500,1500,1500,1500,1500,0,0,0,0,0.02,0,0,0,0,0.02,0,0,0,0,0.02,0,0,0,0,0.02,0,0,0,0,1,0,0,0,0,1,0,0,0,0,1,0,0,0,0,1
299700.908,28.4,0,0,0,0,0,0,0.367101461,-0,150.09763,-147.154539,2.94309079,1,0,0,0,0,0,0,0,0,0,0,0,0,0,0,150.09763,4.79015999,-1.85057561,1.86249591e-05,0,0,0,0,0,0,0,0,0,0,0,0,0,0,0,0,0,0,0,0,0,0,0,0,0,0,0,0,0,0,0,0,147.154539,0.0394669884,0.967696673,-0.00384051527,-0.113534285,-0.171277625,0.224999691,-1.51211678,-4.31409623,0.000207874053,1500,1500,1500,1500,1500,1500,1500,1500,0,0,0,0,0.02,0,0,0,0,0.02,0,0,0,0,0.02,0,0,0,0,0.02,0,0,0,0,1,0,0,0,0,1,0,0,0,0,1,0,0,0,0,1
299700.958,28.45,0,0,0,0,0,0,0.367101461,-0,150.09763,-147.154539,2.94309079,1,0,0,0,0,0,0,0,0,0,0,0,0,0,0,150.09763,4.79015999,-1.85057561,1.86249591e-05,0,0,0,0,0,0,0,0,0,0,0,0,0,0,0,0,0,0,0,0,0,0,0,0,0,0,0,0,0,0,0,0,147.154539,0.0394669884,0.967696673,-0.00384051527,-0.113534285,-0.171277625,0.224999691,-1.51211678,-4.31409623,0.000207874053,1500,1500,1500,1500,1500,1500,1500,1500,0,0,0,0,0.02,0,0,0,0,0.02,0,0,0,0,0.02,0,0,0,0,0.02,0,0,0,0,1,0,0,0,0,1,0,0,0,0,1,0,0,0,0,1
299701.008,28.5,0,0,0,0,0,0,0.367101461,-0,150.09763,-147.154539,2.94309079,1,0,0,0,0,0,0,0,0,0,0,0,0,0,0,150.09763,4.79015999,-1.85057561,1.86249591e-05,0,0,0,0,0,0,0,0,0,0,0,0,0,0,0,0,0,0,0,0,0,0,0,0,0,0,0,0,0,0,0,0,147.154539,0.0394669884,0.967696673,-0.00384051527,-0.113534285,-0.171277625,0.224999691,-1.51211678,-4.31409623,0.000207874053,1500,1500,1500,1500,1500,1500,1500,1500,0,0,0,0,0.02,0,0,0,0,0.02,0,0,0,0,0.02,0,0,0,0,0.02,0,0,0,0,1,0,0,0,0,1,0,0,0,0,1,0,0,0,0,1
299701.059,28.55,0,0,0,0,0,0,0.367101461,-0,150.09763,-147.154539,2.94309079,1,0,0,0,0,0,0,0,0,0,0,0,0,0,0,150.09763,4.79015999,-1.85057561,1.86249591e-05,0,0,0,0,0,0,0,0,0,0,0,0,0,0,0,0,0,0,0,0,0,0,0,0,0,0,0,0,0,0,0,0,147.154539,0.0394669884,0.967696673,-0.00384051527,-0.113534285,-0.171277625,0.224999691,-1.51211678,-4.31409623,0.000207874053,1500,1500,1500,1500,1500,1500,1500,1500,0,0,0,0,0.02,0,0,0,0,0.02,0,0,0,0,0.02,0,0,0,0,0.02,0,0,0,0,1,0,0,0,0,1,0,0,0,0,1,0,0,0,0,1
299701.109,28.6,0,0,0,0,0,0,0.367101461,-0,150.09763,-147.154539,2.94309079,1,0,0,0,0,0,0,0,0,0,0,0,0,0,0,150.09763,4.79015999,-1.85057561,1.86249591e-05,0,0,0,0,0,0,0,0,0,0,0,0,0,0,0,0,0,0,0,0,0,0,0,0,0,0,0,0,0,0,0,0,147.154539,0.0394669884,0.967696673,-0.00384051527,-0.113534285,-0.171277625,0.224999691,-1.51211678,-4.31409623,0.000207874053,1500,1500,1500,1500,1500,1500,1500,1500,0,0,0,0,0.02,0,0,0,0,0.02,0,0,0,0,0.02,0,0,0,0,0.02,0,0,0,0,1,0,0,0,0,1,0,0,0,0,1,0,0,0,0,1
299701.159,28.65,0,0,0,0,0,0,0.367101461,-0,150.09763,-147.154539,2.94309079,1,0,0,0,0,0,0,0,0,0,0,0,0,0,0,150.09763,4.79015999,-1.85057561,1.86249591e-05,0,0,0,0,0,0,0,0,0,0,0,0,0,0,0,0,0,0,0,0,0,0,0,0,0,0,0,0,0,0,0,0,147.154539,0.0394669884,0.967696673,-0.00384051527,-0.113534285,-0.171277625,0.224999691,-1.51211678,-4.31409623,0.000207874053,1500,1500,1500,1500,1500,1500,1500,1500,0,0,0,0,0.02,0,0,0,0,0.02,0,0,0,0,0.02,0,0,0,0,0.02,0,0,0,0,1,0,0,0,0,1,0,0,0,0,1,0,0,0,0,1
299701.209,28.7,0,0,0,0,0,0,0.367101461,-0,150.09763,-147.154539,2.94309079,1,0,0,0,0,0,0,0,0,0,0,0,0,0,0,150.09763,4.79015999,-1.85057561,1.86249591e-05,0,0,0,0,0,0,0,0,0,0,0,0,0,0,0,0,0,0,0,0,0,0,0,0,0,0,0,0,0,0,0,0,147.154539,0.0394669884,0.967696673,-0.00384051527,-0.113534285,-0.171277625,0.224999691,-1.51211678,-4.31409623,0.000207874053,1500,1500,1500,1500,1500,1500,1500,1500,0,0,0,0,0.02,0,0,0,0,0.02,0,0,0,0,0.02,0,0,0,0,0.02,0,0,0,0,1,0,0,0,0,1,0,0,0,0,1,0,0,0,0,1
299701.259,28.75,0,0,0,0,0,0,0.367101461,-0,150.09763,-147.154539,2.94309079,1,0,0,0,0,0,0,0,0,0,0,0,0,0,0,150.09763,4.79015999,-1.85057561,1.86249591e-05,0,0,0,0,0,0,0,0,0,0,0,0,0,0,0,0,0,0,0,0,0,0,0,0,0,0,0,0,0,0,0,0,147.154539,0.0394669884,0.967696673,-0.00384051527,-0.113534285,-0.171277625,0.224999691,-1.51211678,-4.31409623,0.000207874053,1500,1500,1500,1500,1500,1500,1500,1500,0,0,0,0,0.02,0,0,0,0,0.02,0,0,0,0,0.02,0,0,0,0,0.02,0,0,0,0,1,0,0,0,0,1,0,0,0,0,1,0,0,0,0,1
299701.309,28.8,0,0,0,0,0,0,0.367101461,-0,150.09763,-147.154539,2.94309079,1,0,0,0,0,0,0,0,0,0,0,0,0,0,0,150.09763,4.79015999,-1.85057561,1.86249591e-05,0,0,0,0,0,0,0,0,0,0,0,0,0,0,0,0,0,0,0,0,0,0,0,0,0,0,0,0,0,0,0,0,147.154539,0.0394669884,0.967696673,-0.00384051527,-0.113534285,-0.171277625,0.224999691,-1.51211678,-4.31409623,0.000207874053,1500,1500,1500,1500,1500,1500,1500,1500,0,0,0,0,0.02,0,0,0,0,0.02,0,0,0,0,0.02,0,0,0,0,0.02,0,0,0,0,1,0,0,0,0,1,0,0,0,0,1,0,0,0,0,1
299701.359,28.85,0,0,0,0,0,0,0.367101461,-0,150.09763,-147.154539,2.94309079,1,0,0,0,0,0,0,0,0,0,0,0,0,0,0,150.09763,4.79015999,-1.85057561,1.86249591e-05,0,0,0,0,0,0,0,0,0,0,0,0,0,0,0,0,0,0,0,0,0,0,0,0,0,0,0,0,0,0,0,0,147.154539,0.0394669884,0.967696673,-0.00384051527,-0.113534285,-0.171277625,0.224999691,-1.51211678,-4.31409623,0.000207874053,1500,1500,1500,1500,1500,1500,1500,1500,0,0,0,0,0.02,0,0,0,0,0.02,0,0,0,0,0.02,0,0,0,0,0.02,0,0,0,0,1,0,0,0,0,1,0,0,0,0,1,0,0,0,0,1
299701.41,28.9,0,0,0,0,0,0,0.367101461,-0,150.09763,-147.154539,2.94309079,1,0,0,0,0,0,0,0,0,0,0,0,0,0,0,150.09763,4.79015999,-1.85057561,1.86249591e-05,0,0,0,0,0,0,0,0,0,0,0,0,0,0,0,0,0,0,0,0,0,0,0,0,0,0,0,0,0,0,0,0,147.154539,0.0394669884,0.967696673,-0.00384051527,-0.113534285,-0.171277625,0.224999691,-1.51211678,-4.31409623,0.000207874053,1500,1500,1500,1500,1500,1500,1500,1500,0,0,0,0,0.02,0,0,0,0,0.02,0,0,0,0,0.02,0,0,0,0,0.02,0,0,0,0,1,0,0,0,0,1,0,0,0,0,1,0,0,0,0,1
299701.46,28.95,0,0,0,0,0,0,0.367101461,-0,150.09763,-147.154539,2.94309079,1,0,0,0,0,0,0,0,0,0,0,0,0,0,0,150.09763,4.79015999,-1.85057561,1.86249591e-05,0,0,0,0,0,0,0,0,0,0,0,0,0,0,0,0,0,0,0,0,0,0,0,0,0,0,0,0,0,0,0,0,147.154539,0.0394669884,0.967696673,-0.00384051527,-0.113534285,-0.171277625,0.224999691,-1.51211678,-4.31409623,0.000207874053,1500,1500,1500,1500,1500,1500,1500,1500,0,0,0,0,0.02,0,0,0,0,0.02,0,0,0,0,0.02,0,0,0,0,0.02,0,0,0,0,1,0,0,0,0,1,0,0,0,0,1,0,0,0,0,1
299701.51,29,0,0,0,0,0,0,0.367101461,-0,150.09763,-147.154539,2.94309079,1,0,0,0,0,0,0,0,0,0,0,0,0,0,0,150.09763,4.79015999,-1.85057561,1.86249591e-05,0,0,0,0,0,0,0,0,0,0,0,0,0,0,0,0,0,0,0,0,0,0,0,0,0,0,0,0,0,0,0,0,147.154539,0.0394669884,0.967696673,-0.00384051527,-0.113534285,-0.171277625,0.224999691,-1.51211678,-4.31409623,0.000207874053,1500,1500,1500,1500,1500,1500,1500,1500,0,0,0,0,0.02,0,0,0,0,0.02,0,0,0,0,0.02,0,0,0,0,0.02,0,0,0,0,1,0,0,0,0,1,0,0,0,0,1,0,0,0,0,1
299701.56,29.05,0,0,0,0,0,0,0.367101461,-0,150.09763,-147.154539,2.94309079,1,0,0,0,0,0,0,0,0,0,0,0,0,0,0,150.09763,4.79015999,-1.85057561,1.86249591e-05,0,0,0,0,0,0,0,0,0,0,0,0,0,0,0,0,0,0,0,0,0,0,0,0,0,0,0,0,0,0,0,0,147.154539,0.0394669884,0.967696673,-0.00384051527,-0.113534285,-0.171277625,0.224999691,-1.51211678,-4.31409623,0.000207874053,1500,1500,1500,1500,1500,1500,1500,1500,0,0,0,0,0.02,0,0,0,0,0.02,0,0,0,0,0.02,0,0,0,0,0.02,0,0,0,0,1,0,0,0,0,1,0,0,0,0,1,0,0,0,0,1
299701.61,29.1,0,0,0,0,0,0,0.367101461,-0,150.09763,-147.154539,2.94309079,1,0,0,0,0,0,0,0,0,0,0,0,0,0,0,150.09763,4.79015999,-1.85057561,1.86249591e-05,0,0,0,0,0,0,0,0,0,0,0,0,0,0,0,0,0,0,0,0,0,0,0,0,0,0,0,0,0,0,0,0,147.154539,0.0394669884,0.967696673,-0.00384051527,-0.113534285,-0.171277625,0.224999691,-1.51211678,-4.31409623,0.000207874053,1500,1500,1500,1500,1500,1500,1500,1500,0,0,0,0,0.02,0,0,0,0,0.02,0,0,0,0,0.02,0,0,0,0,0.02,0,0,0,0,1,0,0,0,0,1,0,0,0,0,1,0,0,0,0,1
299701.66,29.15,0,0,0,0,0,0,0.367101461,-0,150.09763,-147.154539,2.94309079,1,0,0,0,0,0,0,0,0,0,0,0,0,0,0,150.09763,4.79015999,-1.85057561,1.86249591e-05,0,0,0,0,0,0,0,0,0,0,0,0,0,0,0,0,0,0,0,0,0,0,0,0,0,0,0,0,0,0,0,0,147.154539,0.0394669884,0.967696673,-0.00384051527,-0.113534285,-0.171277625,0.224999691,-1.51211678,-4.31409623,0.000207874053,1500,1500,1500,1500,1500,1500,1500,1500,0,0,0,0,0.02,0,0,0,0,0.02,0,0,0,0,0.02,0,0,0,0,0.02,0,0,0,0,1,0,0,0,0,1,0,0,0,0,1,0,0,0,0,1
299701.711,29.2,0,0,0,0,0,0,0.367101461,-0,150.09763,-147.154539,2.94309079,1,0,0,0,0,0,0,0,0,0,0,0,0,0,0,150.09763,4.79015999,-1.85057561,1.86249591e-05,0,0,0,0,0,0,0,0,0,0,0,0,0,0,0,0,0,0,0,0,0,0,0,0,0,0,0,0,0,0,0,0,147.154539,0.0394669884,0.967696673,-0.00384051527,-0.113534285,-0.171277625,0.224999691,-1.51211678,-4.31409623,0.000207874053,1500,1500,1500,1500,1500,1500,1500,1500,0,0,0,0,0.02,0,0,0,0,0.02,0,0,0,0,0.02,0,0,0,0,0.02,0,0,0,0,1,0,0,0,0,1,0,0,0,0,1,0,0,0,0,1
299701.76,29.25,0,0,0,0,0,0,0.367101461,-0,150.09763,-147.154539,2.94309079,1,0,0,0,0,0,0,0,0,0,0,0,0,0,0,150.09763,4.79015999,-1.85057561,1.86249591e-05,0,0,0,0,0,0,0,0,0,0,0,0,0,0,0,0,0,0,0,0,0,0,0,0,0,0,0,0,0,0,0,0,147.154539,0.0394669884,0.967696673,-0.00384051527,-0.113534285,-0.171277625,0.224999691,-1.51211678,-4.31409623,0.000207874053,1500,1500,1500,1500,1500,1500,1500,1500,0,0,0,0,0.02,0,0,0,0,0.02,0,0,0,0,0.02,0,0,0,0,0.02,0,0,0,0,1,0,0,0,0,1,0,0,0,0,1,0,0,0,0,1
299701.811,29.3,0,0,0,0,0,0,0.367101461,-0,150.09763,-147.154539,2.94309079,1,0,0,0,0,0,0,0,0,0,0,0,0,0,0,150.09763,4.79015999,-1.85057561,1.86249591e-05,0,0,0,0,0,0,0,0,0,0,0,0,0,0,0,0,0,0,0,0,0,0,0,0,0,0,0,0,0,0,0,0,147.154539,0.0394669884,0.967696673,-0.00384051527,-0.113534285,-0.171277625,0.224999691,-1.51211678,-4.31409623,0.000207874053,1500,1500,1500,1500,1500,1500,1500,1500,0,0,0,0,0.02,0,0,0,0,0.02,0,0,0,0,0.02,0,0,0,0,0.02,0,0,0,0,1,0,0,0,0,1,0,0,0,0,1,0,0,0,0,1
299701.861,29.35,0,0,0,0,0,0,0.367101461,-0,150.09763,-147.154539,2.94309079,1,0,0,0,0,0,0,0,0,0,0,0,0,0,0,150.09763,4.79015999,-1.85057561,1.86249591e-05,0,0,0,0,0,0,0,0,0,0,0,0,0,0,0,0,0,0,0,0,0,0,0,0,0,0,0,0,0,0,0,0,147.154539,0.0394669884,0.967696673,-0.00384051527,-0.113534285,-0.171277625,0.224999691,-1.51211678,-4.31409623,0.000207874053,1500,1500,1500,1500,1500,1500,1500,1500,0,0,0,0,0.02,0,0,0,0,0.02,0,0,0,0,0.02,0,0,0,0,0.02,0,0,0,0,1,0,0,0,0,1,0,0,0,0,1,0,0,0,0,1
299701.911,29.4,0,0,0,0,0,0,0.367101461,-0,150.09763,-147.154539,2.94309079,1,0,0,0,0,0,0,0,0,0,0,0,0,0,0,150.09763,4.79015999,-1.85057561,1.86249591e-05,0,0,0,0,0,0,0,0,0,0,0,0,0,0,0,0,0,0,0,0,0,0,0,0,0,0,0,0,0,0,0,0,147.154539,0.0394669884,0.967696673,-0.00384051527,-0.113534285,-0.171277625,0.224999691,-1.51211678,-4.31409623,0.000207874053,1500,1500,1500,1500,1500,1500,1500,1500,0,0,0,0,0.02,0,0,0,0,0.02,0,0,0,0,0.02,0,0,0,0,0.02,0,0,0,0,1,0,0,0,0,1,0,0,0,0,1,0,0,0,0,1
299701.961,29.45,0,0,0,0,0,0,0.367101461,-0,150.09763,-147.154539,2.94309079,1,0,0,0,0,0,0,0,0,0,0,0,0,0,0,150.09763,4.79015999,-1.85057561,1.86249591e-05,0,0,0,0,0,0,0,0,0,0,0,0,0,0,0,0,0,0,0,0,0,0,0,0,0,0,0,0,0,0,0,0,147.154539,0.0394669884,0.967696673,-0.00384051527,-0.113534285,-0.171277625,0.224999691,-1.51211678,-4.31409623,0.000207874053,1500,1500,1500,1500,1500,1500,1500,1500,0,0,0,0,0.02,0,0,0,0,0.02,0,0,0,0,0.02,0,0,0,0,0.02,0,0,0,0,1,0,0,0,0,1,0,0,0,0,1,0,0,0,0,1
299702.011,29.5,0,0,0,0,0,0,0.367101461,-0,150.09763,-147.154539,2.94309079,1,0,0,0,0,0,0,0,0,0,0,0,0,0,0,150.09763,4.79015999,-1.85057561,1.86249591e-05,0,0,0,0,0,0,0,0,0,0,0,0,0,0,0,0,0,0,0,0,0,0,0,0,0,0,0,0,0,0,0,0,147.154539,0.0394669884,0.967696673,-0.00384051527,-0.113534285,-0.171277625,0.224999691,-1.51211678,-4.31409623,0.000207874053,1500,1500,1500,1500,1500,1500,1500,1500,0,0,0,0,0.02,0,0,0,0,0.02,0,0,0,0,0.02,0,0,0,0,0.02,0,0,0,0,1,0,0,0,0,1,0,0,0,0,1,0,0,0,0,1
299702.061,29.55,0,0,0,0,0,0,0.367101461,-0,150.09763,-147.154539,2.94309079,1,0,0,0,0,0,0,0,0,0,0,0,0,0,0,150.09763,4.79015999,-1.85057561,1.86249591e-05,0,0,0,0,0,0,0,0,0,0,0,0,0,0,0,0,0,0,0,0,0,0,0,0,0,0,0,0,0,0,0,0,147.154539,0.0394669884,0.967696673,-0.00384051527,-0.113534285,-0.171277625,0.224999691,-1.51211678,-4.31409623,0.000207874053,1500,1500,1500,1500,1500,1500,1500,1500,0,0,0,0,0.02,0,0,0,0,0.02,0,0,0,0,0.02,0,0,0,0,0.02,0,0,0,0,1,0,0,0,0,1,0,0,0,0,1,0,0,0,0,1
299702.111,29.6,0,0,0,0,0,0,0.367101461,-0,150.09763,-147.154539,2.94309079,1,0,0,0,0,0,0,0,0,0,0,0,0,0,0,150.09763,4.79015999,-1.85057561,1.86249591e-05,0,0,0,0,0,0,0,0,0,0,0,0,0,0,0,0,0,0,0,0,0,0,0,0,0,0,0,0,0,0,0,0,147.154539,0.0394669884,0.967696673,-0.00384051527,-0.113534285,-0.171277625,0.224999691,-1.51211678,-4.31409623,0.000207874053,1500,1500,1500,1500,1500,1500,1500,1500,0,0,0,0,0.02,0,0,0,0,0.02,0,0,0,0,0.02,0,0,0,0,0.02,0,0,0,0,1,0,0,0,0,1,0,0,0,0,1,0,0,0,0,1
299702.161,29.65,0,0,0,0,0,0,0.367101461,-0,150.09763,-147.154539,2.94309079,1,0,0,0,0,0,0,0,0,0,0,0,0,0,0,150.09763,4.79015999,-1.85057561,1.86249591e-05,0,0,0,0,0,0,0,0,0,0,0,0,0,0,0,0,0,0,0,0,0,0,0,0,0,0,0,0,0,0,0,0,147.154539,0.0394669884,0.967696673,-0.00384051527,-0.113534285,-0.171277625,0.224999691,-1.51211678,-4.31409623,0.000207874053,1500,1500,1500,1500,1500,1500,1500,1500,0,0,0,0,0.02,0,0,0,0,0.02,0,0,0,0,0.02,0,0,0,0,0.02,0,0,0,0,1,0,0,0,0,1,0,0,0,0,1,0,0,0,0,1
299702.211,29.7,0,0,0,0,0,0,0.367101461,-0,150.09763,-147.154539,2.94309079,1,0,0,0,0,0,0,0,0,0,0,0,0,0,0,150.09763,4.79015999,-1.85057561,1.86249591e-05,0,0,0,0,0,0,0,0,0,0,0,0,0,0,0,0,0,0,0,0,0,0,0,0,0,0,0,0,0,0,0,0,147.154539,0.0394669884,0.967696673,-0.00384051527,-0.113534285,-0.171277625,0.224999691,-1.51211678,-4.31409623,0.000207874053,1500,1500,1500,1500,1500,1500,1500,1500,0,0,0,0,0.02,0,0,0,0,0.02,0,0,0,0,0.02,0,0,0,0,0.02,0,0,0,0,1,0,0,0,0,1,0,0,0,0,1,0,0,0,0,1
299702.261,29.75,0,0,0,0,0,0,0.367101461,-0,150.09763,-147.154539,2.94309079,1,0,0,0,0,0,0,0,0,0,0,0,0,0,0,150.09763,4.79015999,-1.85057561,1.86249591e-05,0,0,0,0,0,0,0,0,0,0,0,0,0,0,0,0,0,0,0,0,0,0,0,0,0,0,0,0,0,0,0,0,147.154539,0.0394669884,0.967696673,-0.00384051527,-0.113534285,-0.171277625,0.224999691,-1.51211678,-4.31409623,0.000207874053,1500,1500,1500,1500,1500,1500,1500,1500,0,0,0,0,0.02,0,0,0,0,0.02,0,0,0,0,0.02,0,0,0,0,0.02,0,0,0,0,1,0,0,0,0,1,0,0,0,0,1,0,0,0,0,1
299702.311,29.8,0,0,0,0,0,0,0.367101461,-0,150.09763,-147.154539,2.94309079,1,0,0,0,0,0,0,0,0,0,0,0,0,0,0,150.09763,4.79015999,-1.85057561,1.86249591e-05,0,0,0,0,0,0,0,0,0,0,0,0,0,0,0,0,0,0,0,0,0,0,0,0,0,0,0,0,0,0,0,0,147.154539,0.0394669884,0.967696673,-0.00384051527,-0.113534285,-0.171277625,0.224999691,-1.51211678,-4.31409623,0.000207874053,1500,1500,1500,1500,1500,1500,1500,1500,0,0,0,0,0.02,0,0,0,0,0.02,0,0,0,0,0.02,0,0,0,0,0.02,0,0,0,0,1,0,0,0,0,1,0,0,0,0,1,0,0,0,0,1
299702.361,29.85,0,0,0,0,0,0,0.367101461,-0,150.09763,-147.154539,2.94309079,1,0,0,0,0,0,0,0,0,0,0,0,0,0,0,150.09763,4.79015999,-1.85057561,1.86249591e-05,0,0,0,0,0,0,0,0,0,0,0,0,0,0,0,0,0,0,0,0,0,0,0,0,0,0,0,0,0,0,0,0,147.154539,0.0394669884,0.967696673,-0.00384051527,-0.113534285,-0.171277625,0.224999691,-1.51211678,-4.31409623,0.000207874053,1500,1500,1500,1500,1500,1500,1500,1500,0,0,0,0,0.02,0,0,0,0,0.02,0,0,0,0,0.02,0,0,0,0,0.02,0,0,0,0,1,0,0,0,0,1,0,0,0,0,1,0,0,0,0,1
299702.412,29.9,0,0,0,0,0,0,0.367101461,-0,150.09763,-147.154539,2.94309079,1,0,0,0,0,0,0,0,0,0,0,0,0,0,0,150.09763,4.79015999,-1.85057561,1.86249591e-05,0,0,0,0,0,0,0,0,0,0,0,0,0,0,0,0,0,0,0,0,0,0,0,0,0,0,0,0,0,0,0,0,147.154539,0.0394669884,0.967696673,-0.00384051527,-0.113534285,-0.171277625,0.224999691,-1.51211678,-4.31409623,0.000207874053,1500,1500,1500,1500,1500,1500,1500,1500,0,0,0,0,0.02,0,0,0,0,0.02,0,0,0,0,0.02,0,0,0,0,0.02,0,0,0,0,1,0,0,0,0,1,0,0,0,0,1,0,0,0,0,1
299702.462,29.95,0,0,0,0,0,0,0.367101461,-0,150.09763,-147.154539,2.94309079,1,0,0,0,0,0,0,0,0,0,0,0,0,0,0,150.09763,4.79015999,-1.85057561,1.86249591e-05,0,0,0,0,0,0,0,0,0,0,0,0,0,0,0,0,0,0,0,0,0,0,0,0,0,0,0,0,0,0,0,0,147.154539,0.0394669884,0.967696673,-0.00384051527,-0.113534285,-0.171277625,0.224999691,-1.51211678,-4.31409623,0.000207874053,1500,1500,1500,1500,1500,1500,1500,1500,0,0,0,0,0.02,0,0,0,0,0.02,0,0,0,0,0.02,0,0,0,0,0.02,0,0,0,0,1,0,0,0,0,1,0,0,0,0,1,0,0,0,0,1
299702.512,30,0,0,0,0,0,0,0.367101461,-0,150.09763,-147.154539,2.94309079,1,0,0,0,0,0,0,0,0,0,0,0,0,0,0,150.09763,4.79015999,-1.85057561,1.86249591e-05,0,0,0,0,0,0,0,0,0,0,0,0,0,0,0,0,0,0,0,0,0,0,0,0,0,0,0,0,0,0,0,0,147.154539,0.0394669884,0.967696673,-0.00384051527,-0.113534285,-0.171277625,0.224999691,-1.51211678,-4.31409623,0.000207874053,1500,1500,1500,1500,1500,1500,1500,1500,0,0,0,0,0.02,0,0,0,0,0.02,0,0,0,0,0.02,0,0,0,0,0.02,0,0,0,0,1,0,0,0,0,1,0,0,0,0,1,0,0,0,0,1
299702.562,30.05,0,0,0,0,0,0,0.367101461,-0,150.09763,-147.154539,2.94309079,1,0,0,0,0,0,0,0,0,0,0,0,0,0,0,150.09763,4.79015999,-1.85057561,1.86249591e-05,0,0,0,0,0,0,0,0,0,0,0,0,0,0,0,0,0,0,0,0,0,0,0,0,0,0,0,0,0,0,0,0,147.154539,0.0394669884,0.967696673,-0.00384051527,-0.113534285,-0.171277625,0.224999691,-1.51211678,-4.31409623,0.000207874053,1500,1500,1500,1500,1500,1500,1500,1500,0,0,0,0,0.02,0,0,0,0,0.02,0,0,0,0,0.02,0,0,0,0,0.02,0,0,0,0,1,0,0,0,0,1,0,0,0,0,1,0,0,0,0,1
299702.612,30.1,0,0,0,0,0,0,0.367101461,-0,150.09763,-147.154539,2.94309079,1,0,0,0,0,0,0,0,0,0,0,0,0,0,0,150.09763,4.79015999,-1.85057561,1.86249591e-05,0,0,0,0,0,0,0,0,0,0,0,0,0,0,0,0,0,0,0,0,0,0,0,0,0,0,0,0,0,0,0,0,147.154539,0.0394669884,0.967696673,-0.00384051527,-0.113534285,-0.171277625,0.224999691,-1.51211678,-4.31409623,0.000207874053,1500,1500,1500,1500,1500,1500,1500,1500,0,0,0,0,0.02,0,0,0,0,0.02,0,0,0,0,0.02,0,0,0,0,0.02,0,0,0,0,1,0,0,0,0,1,0,0,0,0,1,0,0,0,0,1
299702.662,30.15,0,0,0,0,0,0,0.367101461,-0,150.09763,-147.154539,2.94309079,1,0,0,0,0,0,0,0,0,0,0,0,0,0,0,150.09763,4.79015999,-1.85057561,1.86249591e-05,0,0,0,0,0,0,0,0,0,0,0,0,0,0,0,0,0,0,0,0,0,0,0,0,0,0,0,0,0,0,0,0,147.154539,0.0394669884,0.967696673,-0.00384051527,-0.113534285,-0.171277625,0.224999691,-1.51211678,-4.31409623,0.000207874053,1500,1500,1500,1500,1500,1500,1500,1500,0,0,0,0,0.02,0,0,0,0,0.02,0,0,0,0,0.02,0,0,0,0,0.02,0,0,0,0,1,0,0,0,0,1,0,0,0,0,1,0,0,0,0,1
299702.712,30.2,0,0,0,0,0,0,0.367101461,-0,150.09763,-147.154539,2.94309079,1,0,0,0,0,0,0,0,0,0,0,0,0,0,0,150.09763,4.79015999,-1.85057561,1.86249591e-05,0,0,0,0,0,0,0,0,0,0,0,0,0,0,0,0,0,0,0,0,0,0,0,0,0,0,0,0,0,0,0,0,147.154539,0.0394669884,0.967696673,-0.00384051527,-0.113534285,-0.171277625,0.224999691,-1.51211678,-4.31409623,0.000207874053,1500,1500,1500,1500,1500,1500,1500,1500,0,0,0,0,0.02,0,0,0,0,0.02,0,0,0,0,0.02,0,0,0,0,0.02,0,0,0,0,1,0,0,0,0,1,0,0,0,0,1,0,0,0,0,1
299702.763,30.25,0,0,0,0,0,0,0.367101461,-0,150.09763,-147.154539,2.94309079,1,0,0,0,0,0,0,0,0,0,0,0,0,0,0,150.09763,4.79015999,-1.85057561,1.86249591e-05,0,0,0,0,0,0,0,0,0,0,0,0,0,0,0,0,0,0,0,0,0,0,0,0,0,0,0,0,0,0,0,0,147.154539,0.0394669884,0.967696673,-0.00384051527,-0.113534285,-0.171277625,0.224999691,-1.51211678,-4.31409623,0.000207874053,1500,1500,1500,1500,1500,1500,1500,1500,0,0,0,0,0.02,0,0,0,0,0.02,0,0,0,0,0.02,0,0,0,0,0.02,0,0,0,0,1,0,0,0,0,1,0,0,0,0,1,0,0,0,0,1
299702.813,30.3,0,0,0,0,0,0,0.367101461,-0,150.09763,-147.154539,2.94309079,1,0,0,0,0,0,0,0,0,0,0,0,0,0,0,150.09763,4.79015999,-1.85057561,1.86249591e-05,0,0,0,0,0,0,0,0,0,0,0,0,0,0,0,0,0,0,0,0,0,0,0,0,0,0,0,0,0,0,0,0,147.154539,0.0394669884,0.967696673,-0.00384051527,-0.113534285,-0.171277625,0.224999691,-1.51211678,-4.31409623,0.000207874053,1500,1500,1500,1500,1500,1500,1500,1500,0,0,0,0,0.02,0,0,0,0,0.02,0,0,0,0,0.02,0,0,0,0,0.02,0,0,0,0,1,0,0,0,0,1,0,0,0,0,1,0,0,0,0,1
299702.863,30.35,0,0,0,0,0,0,0.367101461,-0,150.09763,-147.154539,2.94309079,1,0,0,0,0,0,0,0,0,0,0,0,0,0,0,150.09763,4.79015999,-1.85057561,1.86249591e-05,0,0,0,0,0,0,0,0,0,0,0,0,0,0,0,0,0,0,0,0,0,0,0,0,0,0,0,0,0,0,0,0,147.154539,0.0394669884,0.967696673,-0.00384051527,-0.113534285,-0.171277625,0.224999691,-1.51211678,-4.31409623,0.000207874053,1500,1500,1500,1500,1500,1500,1500,1500,0,0,0,0,0.02,0,0,0,0,0.02,0,0,0,0,0.02,0,0,0,0,0.02,0,0,0,0,1,0,0,0,0,1,0,0,0,0,1,0,0,0,0,1
299702.913,30.4,0,0,0,0,0,0,0.367101461,-0,150.09763,-147.154539,2.94309079,1,0,0,0,0,0,0,0,0,0,0,0,0,0,0,150.09763,4.79015999,-1.85057561,1.86249591e-05,0,0,0,0,0,0,0,0,0,0,0,0,0,0,0,0,0,0,0,0,0,0,0,0,0,0,0,0,0,0,0,0,147.154539,0.0394669884,0.967696673,-0.00384051527,-0.113534285,-0.171277625,0.224999691,-1.51211678,-4.31409623,0.000207874053,1500,1500,1500,1500,1500,1500,1500,1500,0,0,0,0,0.02,0,0,0,0,0.02,0,0,0,0,0.02,0,0,0,0,0.02,0,0,0,0,1,0,0,0,0,1,0,0,0,0,1,0,0,0,0,1
299702.963,30.45,0,0,0,0,0,0,0.367101461,-0,150.09763,-147.154539,2.94309079,1,0,0,0,0,0,0,0,0,0,0,0,0,0,0,150.09763,4.79015999,-1.85057561,1.86249591e-05,0,0,0,0,0,0,0,0,0,0,0,0,0,0,0,0,0,0,0,0,0,0,0,0,0,0,0,0,0,0,0,0,147.154539,0.0394669884,0.967696673,-0.00384051527,-0.113534285,-0.171277625,0.224999691,-1.51211678,-4.31409623,0.000207874053,1500,1500,1500,1500,1500,1500,1500,1500,0,0,0,0,0.02,0,0,0,0,0.02,0,0,0,0,0.02,0,0,0,0,0.02,0,0,0,0,1,0,0,0,0,1,0,0,0,0,1,0,0,0,0,1
299703.014,30.5,0,0,0,0,0,0,0.367101461,-0,150.09763,-147.154539,2.94309079,1,0,0,0,0,0,0,0,0,0,0,0,0,0,0,150.09763,4.79015999,-1.85057561,1.86249591e-05,0,0,0,0,0,0,0,0,0,0,0,0,0,0,0,0,0,0,0,0,0,0,0,0,0,0,0,0,0,0,0,0,147.154539,0.0394669884,0.967696673,-0.00384051527,-0.113534285,-0.171277625,0.224999691,-1.51211678,-4.31409623,0.000207874053,1500,1500,1500,1500,1500,1500,1500,1500,0,0,0,0,0.02,0,0,0,0,0.02,0,0,0,0,0.02,0,0,0,0,0.02,0,0,0,0,1,0,0,0,0,1,0,0,0,0,1,0,0,0,0,1
299703.064,30.55,0,0,0,0,0,0,0.367101461,-0,150.09763,-147.154539,2.94309079,1,0,0,0,0,0,0,0,0,0,0,0,0,0,0,150.09763,4.79015999,-1.85057561,1.86249591e-05,0,0,0,0,0,0,0,0,0,0,0,0,0,0,0,0,0,0,0,0,0,0,0,0,0,0,0,0,0,0,0,0,147.154539,0.0394669884,0.967696673,-0.00384051527,-0.113534285,-0.171277625,0.224999691,-1.51211678,-4.31409623,0.000207874053,1500,1500,1500,1500,1500,1500,1500,1500,0,0,0,0,0.02,0,0,0,0,0.02,0,0,0,0,0.02,0,0,0,0,0.02,0,0,0,0,1,0,0,0,0,1,0,0,0,0,1,0,0,0,0,1
299703.114,30.6,0,0,0,0,0,0,0.367101461,-0,150.09763,-147.154539,2.94309079,1,0,0,0,0,0,0,0,0,0,0,0,0,0,0,150.09763,4.79015999,-1.85057561,1.86249591e-05,0,0,0,0,0,0,0,0,0,0,0,0,0,0,0,0,0,0,0,0,0,0,0,0,0,0,0,0,0,0,0,0,147.154539,0.0394669884,0.967696673,-0.00384051527,-0.113534285,-0.171277625,0.224999691,-1.51211678,-4.31409623,0.000207874053,1500,1500,1500,1500,1500,1500,1500,1500,0,0,0,0,0.02,0,0,0,0,0.02,0,0,0,0,0.02,0,0,0,0,0.02,0,0,0,0,1,0,0,0,0,1,0,0,0,0,1,0,0,0,0,1
299703.164,30.65,0,0,0,0,0,0,0.367101461,-0,150.09763,-147.154539,2.94309079,1,0,0,0,0,0,0,0,0,0,0,0,0,0,0,150.09763,4.79015999,-1.85057561,1.86249591e-05,0,0,0,0,0,0,0,0,0,0,0,0,0,0,0,0,0,0,0,0,0,0,0,0,0,0,0,0,0,0,0,0,147.154539,0.0394669884,0.967696673,-0.00384051527,-0.113534285,-0.171277625,0.224999691,-1.51211678,-4.31409623,0.000207874053,1500,1500,1500,1500,1500,1500,1500,1500,0,0,0,0,0.02,0,0,0,0,0.02,0,0,0,0,0.02,0,0,0,0,0.02,0,0,0,0,1,0,0,0,0,1,0,0,0,0,1,0,0,0,0,1
299703.214,30.7,0,0,0,0,0,0,0.367101461,-0,150.09763,-147.154539,2.94309079,1,0,0,0,0,0,0,0,0,0,0,0,0,0,0,150.09763,4.79015999,-1.85057561,1.86249591e-05,0,0,0,0,0,0,0,0,0,0,0,0,0,0,0,0,0,0,0,0,0,0,0,0,0,0,0,0,0,0,0,0,147.154539,0.0394669884,0.967696673,-0.00384051527,-0.113534285,-0.171277625,0.224999691,-1.51211678,-4.31409623,0.000207874053,1500,1500,1500,1500,1500,1500,1500,1500,0,0,0,0,0.02,0,0,0,0,0.02,0,0,0,0,0.02,0,0,0,0,0.02,0,0,0,0,1,0,0,0,0,1,0,0,0,0,1,0,0,0,0,1
299703.264,30.75,0,0,0,0,0,0,0.367101461,-0,150.09763,-147.154539,2.94309079,1,0,0,0,0,0,0,0,0,0,0,0,0,0,0,150.09763,4.79015999,-1.85057561,1.86249591e-05,0,0,0,0,0,0,0,0,0,0,0,0,0,0,0,0,0,0,0,0,0,0,0,0,0,0,0,0,0,0,0,0,147.154539,0.0394669884,0.967696673,-0.00384051527,-0.113534285,-0.171277625,0.224999691,-1.51211678,-4.31409623,0.000207874053,1500,1500,1500,1500,1500,1500,1500,1500,0,0,0,0,0.02,0,0,0,0,0.02,0,0,0,0,0.02,0,0,0,0,0.02,0,0,0,0,1,0,0,0,0,1,0,0,0,0,1,0,0,0,0,1
299703.314,30.8,0,0,0,0,0,0,0.367101461,-0,150.09763,-147.154539,2.94309079,1,0,0,0,0,0,0,0,0,0,0,0,0,0,0,150.09763,4.79015999,-1.85057561,1.86249591e-05,0,0,0,0,0,0,0,0,0,0,0,0,0,0,0,0,0,0,0,0,0,0,0,0,0,0,0,0,0,0,0,0,147.154539,0.0394669884,0.967696673,-0.00384051527,-0.113534285,-0.171277625,0.224999691,-1.51211678,-4.31409623,0.000207874053,1500,1500,1500,1500,1500,1500,1500,1500,0,0,0,0,0.02,0,0,0,0,0.02,0,0,0,0,0.02,0,0,0,0,0.02,0,0,0,0,1,0,0,0,0,1,0,0,0,0,1,0,0,0,0,1
299703.364,30.85,0,0,0,0,0,0,0.367101461,-0,150.09763,-147.154539,2.94309079,1,0,0,0,0,0,0,0,0,0,0,0,0,0,0,150.09763,4.79015999,-1.85057561,1.86249591e-05,0,0,0,0,0,0,0,0,0,0,0,0,0,0,0,0,0,0,0,0,0,0,0,0,0,0,0,0,0,0,0,0,147.154539,0.0394669884,0.967696673,-0.00384051527,-0.113534285,-0.171277625,0.224999691,-1.51211678,-4.31409623,0.000207874053,1500,1500,1500,1500,1500,1500,1500,1500,0,0,0,0,0.02,0,0,0,0,0.02,0,0,0,0,0.02,0,0,0,0,0.02,0,0,0,0,1,0,0,0,0,1,0,0,0,0,1,0,0,0,0,1
299703.414,30.9,0,0,0,0,0,0,0.367101461,-0,150.09763,-147.154539,2.94309079,1,0,0,0,0,0,0,0,0,0,0,0,0,0,0,150.09763,4.79015999,-1.85057561,1.86249591e-05,0,0,0,0,0,0,0,0,0,0,0,0,0,0,0,0,0,0,0,0,0,0,0,0,0,0,0,0,0,0,0,0,147.154539,0.0394669884,0.967696673,-0.00384051527,-0.113534285,-0.171277625,0.224999691,-1.51211678,-4.31409623,0.000207874053,1500,1500,1500,1500,1500,1500,1500,1500,0,0,0,0,0.02,0,0,0,0,0.02,0,0,0,0,0.02,0,0,0,0,0.02,0,0,0,0,1,0,0,0,0,1,0,0,0,0,1,0,0,0,0,1
299703.465,30.95,0,0,0,0,0,0,0.367101461,-0,150.09763,-147.154539,2.94309079,1,0,0,0,0,0,0,0,0,0,0,0,0,0,0,150.09763,4.79015999,-1.85057561,1.86249591e-05,0,0,0,0,0,0,0,0,0,0,0,0,0,0,0,0,0,0,0,0,0,0,0,0,0,0,0,0,0,0,0,0,147.154539,0.0394669884,0.967696673,-0.00384051527,-0.113534285,-0.171277625,0.224999691,-1.51211678,-4.31409623,0.000207874053,1500,1500,1500,1500,1500,1500,1500,1500,0,0,0,0,0.02,0,0,0,0,0.02,0,0,0,0,0.02,0,0,0,0,0.02,0,0,0,0,1,0,0,0,0,1,0,0,0,0,1,0,0,0,0,1
299703.515,31,0,0,0,0,0,0,0.367101461,-0,150.09763,-147.154539,2.94309079,1,0,0,0,0,0,0,0,0,0,0,0,0,0,0,150.09763,4.79015999,-1.85057561,1.86249591e-05,0,0,0,0,0,0,0,0,0,0,0,0,0,0,0,0,0,0,0,0,0,0,0,0,0,0,0,0,0,0,0,0,147.154539,0.0394669884,0.967696673,-0.00384051527,-0.113534285,-0.171277625,0.224999691,-1.51211678,-4.31409623,0.000207874053,1500,1500,1500,1500,1500,1500,1500,1500,0,0,0,0,0.02,0,0,0,0,0.02,0,0,0,0,0.02,0,0,0,0,0.02,0,0,0,0,1,0,0,0,0,1,0,0,0,0,1,0,0,0,0,1
299703.565,31.05,0,0,0,0,0,0,0.367101461,-0,150.09763,-147.154539,2.94309079,1,0,0,0,0,0,0,0,0,0,0,0,0,0,0,150.09763,4.79015999,-1.85057561,1.86249591e-05,0,0,0,0,0,0,0,0,0,0,0,0,0,0,0,0,0,0,0,0,0,0,0,0,0,0,0,0,0,0,0,0,147.154539,0.0394669884,0.967696673,-0.00384051527,-0.113534285,-0.171277625,0.224999691,-1.51211678,-4.31409623,0.000207874053,1500,1500,1500,1500,1500,1500,1500,1500,0,0,0,0,0.02,0,0,0,0,0.02,0,0,0,0,0.02,0,0,0,0,0.02,0,0,0,0,1,0,0,0,0,1,0,0,0,0,1,0,0,0,0,1
299703.615,31.1,0,0,0,0,0,0,0.367101461,-0,150.09763,-147.154539,2.94309079,1,0,0,0,0,0,0,0,0,0,0,0,0,0,0,150.09763,4.79015999,-1.85057561,1.86249591e-05,0,0,0,0,0,0,0,0,0,0,0,0,0,0,0,0,0,0,0,0,0,0,0,0,0,0,0,0,0,0,0,0,147.154539,0.0394669884,0.967696673,-0.00384051527,-0.113534285,-0.171277625,0.224999691,-1.51211678,-4.31409623,0.000207874053,1500,1500,1500,1500,1500,1500,1500,1500,0,0,0,0,0.02,0,0,0,0,0.02,0,0,0,0,0.02,0,0,0,0,0.02,0,0,0,0,1,0,0,0,0,1,0,0,0,0,1,0,0,0,0,1
299703.665,31.15,0,0,0,0,0,0,0.367101461,-0,150.09763,-147.154539,2.94309079,1,0,0,0,0,0,0,0,0,0,0,0,0,0,0,150.09763,4.79015999,-1.85057561,1.86249591e-05,0,0,0,0,0,0,0,0,0,0,0,0,0,0,0,0,0,0,0,0,0,0,0,0,0,0,0,0,0,0,0,0,147.154539,0.0394669884,0.967696673,-0.00384051527,-0.113534285,-0.171277625,0.224999691,-1.51211678,-4.31409623,0.000207874053,1500,1500,1500,1500,1500,1500,1500,1500,0,0,0,0,0.02,0,0,0,0,0.02,0,0,0,0,0.02,0,0,0,0,0.02,0,0,0,0,1,0,0,0,0,1,0,0,0,0,1,0,0,0,0,1
299703.715,31.2,0,0,0,0,0,0,0.367101461,-0,150.09763,-147.154539,2.94309079,1,0,0,0,0,0,0,0,0,0,0,0,0,0,0,150.09763,4.79015999,-1.85057561,1.86249591e-05,0,0,0,0,0,0,0,0,0,0,0,0,0,0,0,0,0,0,0,0,0,0,0,0,0,0,0,0,0,0,0,0,147.154539,0.0394669884,0.967696673,-0.00384051527,-0.113534285,-0.171277625,0.224999691,-1.51211678,-4.31409623,0.000207874053,1500,1500,1500,1500,1500,1500,1500,1500,0,0,0,0,0.02,0,0,0,0,0.02,0,0,0,0,0.02,0,0,0,0,0.02,0,0,0,0,1,0,0,0,0,1,0,0,0,0,1,0,0,0,0,1
299703.765,31.25,0,0,0,0,0,0,0.367101461,-0,150.09763,-147.154539,2.94309079,1,0,0,0,0,0,0,0,0,0,0,0,0,0,0,150.09763,4.79015999,-1.85057561,1.86249591e-05,0,0,0,0,0,0,0,0,0,0,0,0,0,0,0,0,0,0,0,0,0,0,0,0,0,0,0,0,0,0,0,0,147.154539,0.0394669884,0.967696673,-0.00384051527,-0.113534285,-0.171277625,0.224999691,-1.51211678,-4.31409623,0.000207874053,1500,1500,1500,1500,1500,1500,1500,1500,0,0,0,0,0.02,0,0,0,0,0.02,0,0,0,0,0.02,0,0,0,0,0.02,0,0,0,0,1,0,0,0,0,1,0,0,0,0,1,0,0,0,0,1
299703.815,31.3,0,0,0,0,0,0,0.367101461,-0,150.09763,-147.154539,2.94309079,1,0,0,0,0,0,0,0,0,0,0,0,0,0,0,150.09763,4.79015999,-1.85057561,1.86249591e-05,0,0,0,0,0,0,0,0,0,0,0,0,0,0,0,0,0,0,0,0,0,0,0,0,0,0,0,0,0,0,0,0,147.154539,0.0394669884,0.967696673,-0.00384051527,-0.113534285,-0.171277625,0.224999691,-1.51211678,-4.31409623,0.000207874053,1500,1500,1500,1500,1500,1500,1500,1500,0,0,0,0,0.02,0,0,0,0,0.02,0,0,0,0,0.02,0,0,0,0,0.02,0,0,0,0,1,0,0,0,0,1,0,0,0,0,1,0,0,0,0,1
299703.865,31.35,0,0,0,0,0,0,0.367101461,-0,150.09763,-147.154539,2.94309079,1,0,0,0,0,0,0,0,0,0,0,0,0,0,0,150.09763,4.79015999,-1.85057561,1.86249591e-05,0,0,0,0,0,0,0,0,0,0,0,0,0,0,0,0,0,0,0,0,0,0,0,0,0,0,0,0,0,0,0,0,147.154539,0.0394669884,0.967696673,-0.00384051527,-0.113534285,-0.171277625,0.224999691,-1.51211678,-4.31409623,0.000207874053,1500,1500,1500,1500,1500,1500,1500,1500,0,0,0,0,0.02,0,0,0,0,0.02,0,0,0,0,0.02,0,0,0,0,0.02,0,0,0,0,1,0,0,0,0,1,0,0,0,0,1,0,0,0,0,1
299703.916,31.4,0,0,0,0,0,0,0.367101461,-0,150.09763,-147.154539,2.94309079,1,0,0,0,0,0,0,0,0,0,0,0,0,0,0,150.09763,4.79015999,-1.85057561,1.86249591e-05,0,0,0,0,0,0,0,0,0,0,0,0,0,0,0,0,0,0,0,0,0,0,0,0,0,0,0,0,0,0,0,0,147.154539,0.0394669884,0.967696673,-0.00384051527,-0.113534285,-0.171277625,0.224999691,-1.51211678,-4.31409623,0.000207874053,1500,1500,1500,1500,1500,1500,1500,1500,0,0,0,0,0.02,0,0,0,0,0.02,0,0,0,0,0.02,0,0,0,0,0.02,0,0,0,0,1,0,0,0,0,1,0,0,0,0,1,0,0,0,0,1
299703.965,31.45,0,0,0,0,0,0,0.367101461,-0,150.09763,-147.154539,2.94309079,1,0,0,0,0,0,0,0,0,0,0,0,0,0,0,150.09763,4.79015999,-1.85057561,1.86249591e-05,0,0,0,0,0,0,0,0,0,0,0,0,0,0,0,0,0,0,0,0,0,0,0,0,0,0,0,0,0,0,0,0,147.154539,0.0394669884,0.967696673,-0.00384051527,-0.113534285,-0.171277625,0.224999691,-1.51211678,-4.31409623,0.000207874053,1500,1500,1500,1500,1500,1500,1500,1500,0,0,0,0,0.02,0,0,0,0,0.02,0,0,0,0,0.02,0,0,0,0,0.02,0,0,0,0,1,0,0,0,0,1,0,0,0,0,1,0,0,0,0,1
299704.015,31.5,0,0,0,0,0,0,0.367101461,-0,150.09763,-147.154539,2.94309079,1,0,0,0,0,0,0,0,0,0,0,0,0,0,0,150.09763,4.79015999,-1.85057561,1.86249591e-05,0,0,0,0,0,0,0,0,0,0,0,0,0,0,0,0,0,0,0,0,0,0,0,0,0,0,0,0,0,0,0,0,147.154539,0.0394669884,0.967696673,-0.00384051527,-0.113534285,-0.171277625,0.224999691,-1.51211678,-4.31409623,0.000207874053,1500,1500,1500,1500,1500,1500,1500,1500,0,0,0,0,0.02,0,0,0,0,0.02,0,0,0,0,0.02,0,0,0,0,0.02,0,0,0,0,1,0,0,0,0,1,0,0,0,0,1,0,0,0,0,1
299704.065,31.55,0,0,0,0,0,0,0.367101461,-0,150.09763,-147.154539,2.94309079,1,0,0,0,0,0,0,0,0,0,0,0,0,0,0,150.09763,4.79015999,-1.85057561,1.86249591e-05,0,0,0,0,0,0,0,0,0,0,0,0,0,0,0,0,0,0,0,0,0,0,0,0,0,0,0,0,0,0,0,0,147.154539,0.0394669884,0.967696673,-0.00384051527,-0.113534285,-0.171277625,0.224999691,-1.51211678,-4.31409623,0.000207874053,1500,1500,1500,1500,1500,1500,1500,1500,0,0,0,0,0.02,0,0,0,0,0.02,0,0,0,0,0.02,0,0,0,0,0.02,0,0,0,0,1,0,0,0,0,1,0,0,0,0,1,0,0,0,0,1
299704.116,31.6,0,0,0,0,0,0,0.367101461,-0,150.09763,-147.154539,2.94309079,1,0,0,0,0,0,0,0,0,0,0,0,0,0,0,150.09763,4.79015999,-1.85057561,1.86249591e-05,0,0,0,0,0,0,0,0,0,0,0,0,0,0,0,0,0,0,0,0,0,0,0,0,0,0,0,0,0,0,0,0,147.154539,0.0394669884,0.967696673,-0.00384051527,-0.113534285,-0.171277625,0.224999691,-1.51211678,-4.31409623,0.000207874053,1500,1500,1500,1500,1500,1500,1500,1500,0,0,0,0,0.02,0,0,0,0,0.02,0,0,0,0,0.02,0,0,0,0,0.02,0,0,0,0,1,0,0,0,0,1,0,0,0,0,1,0,0,0,0,1
299704.166,31.65,0,0,0,0,0,0,0.367101461,-0,150.09763,-147.154539,2.94309079,1,0,0,0,0,0,0,0,0,0,0,0,0,0,0,150.09763,4.79015999,-1.85057561,1.86249591e-05,0,0,0,0,0,0,0,0,0,0,0,0,0,0,0,0,0,0,0,0,0,0,0,0,0,0,0,0,0,0,0,0,147.154539,0.0394669884,0.967696673,-0.00384051527,-0.113534285,-0.171277625,0.224999691,-1.51211678,-4.31409623,0.000207874053,1500,1500,1500,1500,1500,1500,1500,1500,0,0,0,0,0.02,0,0,0,0,0.02,0,0,0,0,0.02,0,0,0,0,0.02,0,0,0,0,1,0,0,0,0,1,0,0,0,0,1,0,0,0,0,1
299704.216,31.7,0,0,0,0,0,0,0.367101461,-0,150.09763,-147.154539,2.94309079,1,0,0,0,0,0,0,0,0,0,0,0,0,0,0,150.09763,4.79015999,-1.85057561,1.86249591e-05,0,0,0,0,0,0,0,0,0,0,0,0,0,0,0,0,0,0,0,0,0,0,0,0,0,0,0,0,0,0,0,0,147.154539,0.0394669884,0.967696673,-0.00384051527,-0.113534285,-0.171277625,0.224999691,-1.51211678,-4.31409623,0.000207874053,1500,1500,1500,1500,1500,1500,1500,1500,0,0,0,0,0.02,0,0,0,0,0.02,0,0,0,0,0.02,0,0,0,0,0.02,0,0,0,0,1,0,0,0,0,1,0,0,0,0,1,0,0,0,0,1
299704.266,31.75,0,0,0,0,0,0,0.367101461,-0,150.09763,-147.154539,2.94309079,1,0,0,0,0,0,0,0,0,0,0,0,0,0,0,150.09763,4.79015999,-1.85057561,1.86249591e-05,0,0,0,0,0,0,0,0,0,0,0,0,0,0,0,0,0,0,0,0,0,0,0,0,0,0,0,0,0,0,0,0,147.154539,0.0394669884,0.967696673,-0.00384051527,-0.113534285,-0.171277625,0.224999691,-1.51211678,-4.31409623,0.000207874053,1500,1500,1500,1500,1500,1500,1500,1500,0,0,0,0,0.02,0,0,0,0,0.02,0,0,0,0,0.02,0,0,0,0,0.02,0,0,0,0,1,0,0,0,0,1,0,0,0,0,1,0,0,0,0,1
299704.316,31.8,0,0,0,0,0,0,0.367101461,-0,150.09763,-147.154539,2.94309079,1,0,0,0,0,0,0,0,0,0,0,0,0,0,0,150.09763,4.79015999,-1.85057561,1.86249591e-05,0,0,0,0,0,0,0,0,0,0,0,0,0,0,0,0,0,0,0,0,0,0,0,0,0,0,0,0,0,0,0,0,147.154539,0.0394669884,0.967696673,-0.00384051527,-0.113534285,-0.171277625,0.224999691,-1.51211678,-4.31409623,0.000207874053,1500,1500,1500,1500,1500,1500,1500,1500,0,0,0,0,0.02,0,0,0,0,0.02,0,0,0,0,0.02,0,0,0,0,0.02,0,0,0,0,1,0,0,0,0,1,0,0,0,0,1,0,0,0,0,1
299704.366,31.85,0,0,0,0,0,0,0.367101461,-0,150.09763,-147.154539,2.94309079,1,0,0,0,0,0,0,0,0,0,0,0,0,0,0,150.09763,4.79015999,-1.85057561,1.86249591e-05,0,0,0,0,0,0,0,0,0,0,0,0,0,0,0,0,0,0,0,0,0,0,0,0,0,0,0,0,0,0,0,0,147.154539,0.0394669884,0.967696673,-0.00384051527,-0.113534285,-0.171277625,0.224999691,-1.51211678,-4.31409623,0.000207874053,1500,1500,1500,1500,1500,1500,1500,1500,0,0,0,0,0.02,0,0,0,0,0.02,0,0,0,0,0.02,0,0,0,0,0.02,0,0,0,0,1,0,0,0,0,1,0,0,0,0,1,0,0,0,0,1
299704.416,31.9,0,0,0,0,0,0,0.367101461,-0,150.09763,-147.154539,2.94309079,1,0,0,0,0,0,0,0,0,0,0,0,0,0,0,150.09763,4.79015999,-1.85057561,1.86249591e-05,0,0,0,0,0,0,0,0,0,0,0,0,0,0,0,0,0,0,0,0,0,0,0,0,0,0,0,0,0,0,0,0,147.154539,0.0394669884,0.967696673,-0.00384051527,-0.113534285,-0.171277625,0.224999691,-1.51211678,-4.31409623,0.000207874053,1500,1500,1500,1500,1500,1500,1500,1500,0,0,0,0,0.02,0,0,0,0,0.02,0,0,0,0,0.02,0,0,0,0,0.02,0,0,0,0,1,0,0,0,0,1,0,0,0,0,1,0,0,0,0,1
299704.466,31.95,0,0,0,0,0,0,0.367101461,-0,150.09763,-147.154539,2.94309079,1,0,0,0,0,0,0,0,0,0,0,0,0,0,0,150.09763,4.79015999,-1.85057561,1.86249591e-05,0,0,0,0,0,0,0,0,0,0,0,0,0,0,0,0,0,0,0,0,0,0,0,0,0,0,0,0,0,0,0,0,147.154539,0.0394669884,0.967696673,-0.00384051527,-0.113534285,-0.171277625,0.224999691,-1.51211678,-4.31409623,0.000207874053,1500,1500,1500,1500,1500,1500,1500,1500,0,0,0,0,0.02,0,0,0,0,0.02,0,0,0,0,0.02,0,0,0,0,0.02,0,0,0,0,1,0,0,0,0,1,0,0,0,0,1,0,0,0,0,1
299704.516,32,0,0,0,0,0,0,0.367101461,-0,150.09763,-147.154539,2.94309079,1,0,0,0,0,0,0,0,0,0,0,0,0,0,0,150.09763,4.79015999,-1.85057561,1.86249591e-05,0,0,0,0,0,0,0,0,0,0,0,0,0,0,0,0,0,0,0,0,0,0,0,0,0,0,0,0,0,0,0,0,147.154539,0.0394669884,0.967696673,-0.00384051527,-0.113534285,-0.171277625,0.224999691,-1.51211678,-4.31409623,0.000207874053,1500,1500,1500,1500,1500,1500,1500,1500,0,0,0,0,0.02,0,0,0,0,0.02,0,0,0,0,0.02,0,0,0,0,0.02,0,0,0,0,1,0,0,0,0,1,0,0,0,0,1,0,0,0,0,1
299704.566,32.05,0,0,0,0,0,0,0.367101461,-0,150.09763,-147.154539,2.94309079,1,0,0,0,0,0,0,0,0,0,0,0,0,0,0,150.09763,4.79015999,-1.85057561,1.86249591e-05,0,0,0,0,0,0,0,0,0,0,0,0,0,0,0,0,0,0,0,0,0,0,0,0,0,0,0,0,0,0,0,0,147.154539,0.0394669884,0.967696673,-0.00384051527,-0.113534285,-0.171277625,0.224999691,-1.51211678,-4.31409623,0.000207874053,1500,1500,1500,1500,1500,1500,1500,1500,0,0,0,0,0.02,0,0,0,0,0.02,0,0,0,0,0.02,0,0,0,0,0.02,0,0,0,0,1,0,0,0,0,1,0,0,0,0,1,0,0,0,0,1
299704.616,32.1,0,0,0,0,0,0,0.367101461,-0,150.09763,-147.154539,2.94309079,1,0,0,0,0,0,0,0,0,0,0,0,0,0,0,150.09763,4.79015999,-1.85057561,1.86249591e-05,0,0,0,0,0,0,0,0,0,0,0,0,0,0,0,0,0,0,0,0,0,0,0,0,0,0,0,0,0,0,0,0,147.154539,0.0394669884,0.967696673,-0.00384051527,-0.113534285,-0.171277625,0.224999691,-1.51211678,-4.31409623,0.000207874053,1500,1500,1500,1500,1500,1500,1500,1500,0,0,0,0,0.02,0,0,0,0,0.02,0,0,0,0,0.02,0,0,0,0,0.02,0,0,0,0,1,0,0,0,0,1,0,0,0,0,1,0,0,0,0,1
299704.666,32.15,0,0,0,0,0,0,0.367101461,-0,150.09763,-147.154539,2.94309079,1,0,0,0,0,0,0,0,0,0,0,0,0,0,0,150.09763,4.79015999,-1.85057561,1.86249591e-05,0,0,0,0,0,0,0,0,0,0,0,0,0,0,0,0,0,0,0,0,0,0,0,0,0,0,0,0,0,0,0,0,147.154539,0.0394669884,0.967696673,-0.00384051527,-0.113534285,-0.171277625,0.224999691,-1.51211678,-4.31409623,0.000207874053,1500,1500,1500,1500,1500,1500,1500,1500,0,0,0,0,0.02,0,0,0,0,0.02,0,0,0,0,0.02,0,0,0,0,0.02,0,0,0,0,1,0,0,0,0,1,0,0,0,0,1,0,0,0,0,1
299704.716,32.2,0,0,0,0,0,0,0.367101461,-0,150.09763,-147.154539,2.94309079,1,0,0,0,0,0,0,0,0,0,0,0,0,0,0,150.09763,4.79015999,-1.85057561,1.86249591e-05,0,0,0,0,0,0,0,0,0,0,0,0,0,0,0,0,0,0,0,0,0,0,0,0,0,0,0,0,0,0,0,0,147.154539,0.0394669884,0.967696673,-0.00384051527,-0.113534285,-0.171277625,0.224999691,-1.51211678,-4.31409623,0.000207874053,1500,1500,1500,1500,1500,1500,1500,1500,0,0,0,0,0.02,0,0,0,0,0.02,0,0,0,0,0.02,0,0,0,0,0.02,0,0,0,0,1,0,0,0,0,1,0,0,0,0,1,0,0,0,0,1
299704.766,32.25,0,0,0,0,0,0,0.367101461,-0,150.09763,-147.154539,2.94309079,1,0,0,0,0,0,0,0,0,0,0,0,0,0,0,150.09763,4.79015999,-1.85057561,1.86249591e-05,0,0,0,0,0,0,0,0,0,0,0,0,0,0,0,0,0,0,0,0,0,0,0,0,0,0,0,0,0,0,0,0,147.154539,0.0394669884,0.967696673,-0.00384051527,-0.113534285,-0.171277625,0.224999691,-1.51211678,-4.31409623,0.000207874053,1500,1500,1500,1500,1500,1500,1500,1500,0,0,0,0,0.02,0,0,0,0,0.02,0,0,0,0,0.02,0,0,0,0,0.02,0,0,0,0,1,0,0,0,0,1,0,0,0,0,1,0,0,0,0,1
299704.816,32.3,0,0,0,0,0,0,0.367101461,-0,150.09763,-147.154539,2.94309079,1,0,0,0,0,0,0,0,0,0,0,0,0,0,0,150.09763,4.79015999,-1.85057561,1.86249591e-05,0,0,0,0,0,0,0,0,0,0,0,0,0,0,0,0,0,0,0,0,0,0,0,0,0,0,0,0,0,0,0,0,147.154539,0.0394669884,0.967696673,-0.00384051527,-0.113534285,-0.171277625,0.224999691,-1.51211678,-4.31409623,0.000207874053,1500,1500,1500,1500,1500,1500,1500,1500,0,0,0,0,0.02,0,0,0,0,0.02,0,0,0,0,0.02,0,0,0,0,0.02,0,0,0,0,1,0,0,0,0,1,0,0,0,0,1,0,0,0,0,1
299704.866,32.35,0,0,0,0,0,0,0.367101461,-0,150.09763,-147.154539,2.94309079,1,0,0,0,0,0,0,0,0,0,0,0,0,0,0,150.09763,4.79015999,-1.85057561,1.86249591e-05,0,0,0,0,0,0,0,0,0,0,0,0,0,0,0,0,0,0,0,0,0,0,0,0,0,0,0,0,0,0,0,0,147.154539,0.0394669884,0.967696673,-0.00384051527,-0.113534285,-0.171277625,0.224999691,-1.51211678,-4.31409623,0.000207874053,1500,1500,1500,1500,1500,1500,1500,1500,0,0,0,0,0.02,0,0,0,0,0.02,0,0,0,0,0.02,0,0,0,0,0.02,0,0,0,0,1,0,0,0,0,1,0,0,0,0,1,0,0,0,0,1
299704.916,32.4,0,0,0,0,0,0,0.367101461,-0,150.09763,-147.154539,2.94309079,1,0,0,0,0,0,0,0,0,0,0,0,0,0,0,150.09763,4.79015999,-1.85057561,1.86249591e-05,0,0,0,0,0,0,0,0,0,0,0,0,0,0,0,0,0,0,0,0,0,0,0,0,0,0,0,0,0,0,0,0,147.154539,0.0394669884,0.967696673,-0.00384051527,-0.113534285,-0.171277625,0.224999691,-1.51211678,-4.31409623,0.000207874053,1500,1500,1500,1500,1500,1500,1500,1500,0,0,0,0,0.02,0,0,0,0,0.02,0,0,0,0,0.02,0,0,0,0,0.02,0,0,0,0,1,0,0,0,0,1,0,0,0,0,1,0,0,0,0,1
299704.966,32.45,0,0,0,0,0,0,0.367101461,-0,150.09763,-147.154539,2.94309079,1,0,0,0,0,0,0,0,0,0,0,0,0,0,0,150.09763,4.79015999,-1.85057561,1.86249591e-05,0,0,0,0,0,0,0,0,0,0,0,0,0,0,0,0,0,0,0,0,0,0,0,0,0,0,0,0,0,0,0,0,147.154539,0.0394669884,0.967696673,-0.00384051527,-0.113534285,-0.171277625,0.224999691,-1.51211678,-4.31409623,0.000207874053,1500,1500,1500,1500,1500,1500,1500,1500,0,0,0,0,0.02,0,0,0,0,0.02,0,0,0,0,0.02,0,0,0,0,0.02,0,0,0,0,1,0,0,0,0,1,0,0,0,0,1,0,0,0,0,1
299705.016,32.5,0,0,0,0,0,0,0.367101461,-0,150.09763,-147.154539,2.94309079,1,0,0,0,0,0,0,0,0,0,0,0,0,0,0,150.09763,4.79015999,-1.85057561,1.86249591e-05,0,0,0,0,0,0,0,0,0,0,0,0,0,0,0,0,0,0,0,0,0,0,0,0,0,0,0,0,0,0,0,0,147.154539,0.0394669884,0.967696673,-0.00384051527,-0.113534285,-0.171277625,0.224999691,-1.51211678,-4.31409623,0.000207874053,1500,1500,1500,1500,1500,1500,1500,1500,0,0,0,0,0.02,0,0,0,0,0.02,0,0,0,0,0.02,0,0,0,0,0.02,0,0,0,0,1,0,0,0,0,1,0,0,0,0,1,0,0,0,0,1
299705.066,32.55,0,0,0,0,0,0,0.367101461,-0,150.09763,-147.154539,2.94309079,1,0,0,0,0,0,0,0,0,0,0,0,0,0,0,150.09763,4.79015999,-1.85057561,1.86249591e-05,0,0,0,0,0,0,0,0,0,0,0,0,0,0,0,0,0,0,0,0,0,0,0,0,0,0,0,0,0,0,0,0,147.154539,0.0394669884,0.967696673,-0.00384051527,-0.113534285,-0.171277625,0.224999691,-1.51211678,-4.31409623,0.000207874053,1500,1500,1500,1500,1500,1500,1500,1500,0,0,0,0,0.02,0,0,0,0,0.02,0,0,0,0,0.02,0,0,0,0,0.02,0,0,0,0,1,0,0,0,0,1,0,0,0,0,1,0,0,0,0,1
299705.116,32.6,0,0,0,0,0,0,0.367101461,-0,150.09763,-147.154539,2.94309079,1,0,0,0,0,0,0,0,0,0,0,0,0,0,0,150.09763,4.79015999,-1.85057561,1.86249591e-05,0,0,0,0,0,0,0,0,0,0,0,0,0,0,0,0,0,0,0,0,0,0,0,0,0,0,0,0,0,0,0,0,147.154539,0.0394669884,0.967696673,-0.00384051527,-0.113534285,-0.171277625,0.224999691,-1.51211678,-4.31409623,0.000207874053,1500,1500,1500,1500,1500,1500,1500,1500,0,0,0,0,0.02,0,0,0,0,0.02,0,0,0,0,0.02,0,0,0,0,0.02,0,0,0,0,1,0,0,0,0,1,0,0,0,0,1,0,0,0,0,1
299705.166,32.65,0,0,0,0,0,0,0.367101461,-0,150.09763,-147.154539,2.94309079,1,0,0,0,0,0,0,0,0,0,0,0,0,0,0,150.09763,4.79015999,-1.85057561,1.86249591e-05,0,0,0,0,0,0,0,0,0,0,0,0,0,0,0,0,0,0,0,0,0,0,0,0,0,0,0,0,0,0,0,0,147.154539,0.0394669884,0.967696673,-0.00384051527,-0.113534285,-0.171277625,0.224999691,-1.51211678,-4.31409623,0.000207874053,1500,1500,1500,1500,1500,1500,1500,1500,0,0,0,0,0.02,0,0,0,0,0.02,0,0,0,0,0.02,0,0,0,0,0.02,0,0,0,0,1,0,0,0,0,1,0,0,0,0,1,0,0,0,0,1
299705.216,32.7,0,0,0,0,0,0,0.367101461,-0,150.09763,-147.154539,2.94309079,1,0,0,0,0,0,0,0,0,0,0,0,0,0,0,150.09763,4.79015999,-1.85057561,1.86249591e-05,0,0,0,0,0,0,0,0,0,0,0,0,0,0,0,0,0,0,0,0,0,0,0,0,0,0,0,0,0,0,0,0,147.154539,0.0394669884,0.967696673,-0.00384051527,-0.113534285,-0.171277625,0.224999691,-1.51211678,-4.31409623,0.000207874053,1500,1500,1500,1500,1500,1500,1500,1500,0,0,0,0,0.02,0,0,0,0,0.02,0,0,0,0,0.02,0,0,0,0,0.02,0,0,0,0,1,0,0,0,0,1,0,0,0,0,1,0,0,0,0,1
299705.266,32.75,0,0,0,0,0,0,0.367101461,-0,150.09763,-147.154539,2.94309079,1,0,0,0,0,0,0,0,0,0,0,0,0,0,0,150.09763,4.79015999,-1.85057561,1.86249591e-05,0,0,0,0,0,0,0,0,0,0,0,0,0,0,0,0,0,0,0,0,0,0,0,0,0,0,0,0,0,0,0,0,147.154539,0.0394669884,0.967696673,-0.00384051527,-0.113534285,-0.171277625,0.224999691,-1.51211678,-4.31409623,0.000207874053,1500,1500,1500,1500,1500,1500,1500,1500,0,0,0,0,0.02,0,0,0,0,0.02,0,0,0,0,0.02,0,0,0,0,0.02,0,0,0,0,1,0,0,0,0,1,0,0,0,0,1,0,0,0,0,1
299705.316,32.8,0,0,0,0,0,0,0.367101461,-0,150.09763,-147.154539,2.94309079,1,0,0,0,0,0,0,0,0,0,0,0,0,0,0,150.09763,4.79015999,-1.85057561,1.86249591e-05,0,0,0,0,0,0,0,0,0,0,0,0,0,0,0,0,0,0,0,0,0,0,0,0,0,0,0,0,0,0,0,0,147.154539,0.0394669884,0.967696673,-0.00384051527,-0.113534285,-0.171277625,0.224999691,-1.51211678,-4.31409623,0.000207874053,1500,1500,1500,1500,1500,1500,1500,1500,0,0,0,0,0.02,0,0,0,0,0.02,0,0,0,0,0.02,0,0,0,0,0.02,0,0,0,0,1,0,0,0,0,1,0,0,0,0,1,0,0,0,0,1
299705.366,32.85,0,0,0,0,0,0,0.367101461,-0,150.09763,-147.154539,2.94309079,1,0,0,0,0,0,0,0,0,0,0,0,0,0,0,150.09763,4.79015999,-1.85057561,1.86249591e-05,0,0,0,0,0,0,0,0,0,0,0,0,0,0,0,0,0,0,0,0,0,0,0,0,0,0,0,0,0,0,0,0,147.154539,0.0394669884,0.967696673,-0.00384051527,-0.113534285,-0.171277625,0.224999691,-1.51211678,-4.31409623,0.000207874053,1500,1500,1500,1500,1500,1500,1500,1500,0,0,0,0,0.02,0,0,0,0,0.02,0,0,0,0,0.02,0,0,0,0,0.02,0,0,0,0,1,0,0,0,0,1,0,0,0,0,1,0,0,0,0,1
299705.416,32.9,0,0,0,0,0,0,0.367101461,-0,150.09763,-147.154539,2.94309079,1,0,0,0,0,0,0,0,0,0,0,0,0,0,0,150.09763,4.79015999,-1.85057561,1.86249591e-05,0,0,0,0,0,0,0,0,0,0,0,0,0,0,0,0,0,0,0,0,0,0,0,0,0,0,0,0,0,0,0,0,147.154539,0.0394669884,0.967696673,-0.00384051527,-0.113534285,-0.171277625,0.224999691,-1.51211678,-4.31409623,0.000207874053,1500,1500,1500,1500,1500,1500,1500,1500,0,0,0,0,0.02,0,0,0,0,0.02,0,0,0,0,0.02,0,0,0,0,0.02,0,0,0,0,1,0,0,0,0,1,0,0,0,0,1,0,0,0,0,1
299705.466,32.95,0,0,0,0,0,0,0.367101461,-0,150.09763,-147.154539,2.94309079,1,0,0,0,0,0,0,0,0,0,0,0,0,0,0,150.09763,4.79015999,-1.85057561,1.86249591e-05,0,0,0,0,0,0,0,0,0,0,0,0,0,0,0,0,0,0,0,0,0,0,0,0,0,0,0,0,0,0,0,0,147.154539,0.0394669884,0.967696673,-0.00384051527,-0.113534285,-0.171277625,0.224999691,-1.51211678,-4.31409623,0.000207874053,1500,1500,1500,1500,1500,1500,1500,1500,0,0,0,0,0.02,0,0,0,0,0.02,0,0,0,0,0.02,0,0,0,0,0.02,0,0,0,0,1,0,0,0,0,1,0,0,0,0,1,0,0,0,0,1
299705.516,33,0,0,0,0,0,0,0.367101461,-0,150.09763,-147.154539,2.94309079,1,0,0,0,0,0,0,0,0,0,0,0,0,0,0,150.09763,4.79015999,-1.85057561,1.86249591e-05,0,0,0,0,0,0,0,0,0,0,0,0,0,0,0,0,0,0,0,0,0,0,0,0,0,0,0,0,0,0,0,0,147.154539,0.0394669884,0.967696673,-0.00384051527,-0.113534285,-0.171277625,0.224999691,-1.51211678,-4.31409623,0.000207874053,1500,1500,1500,1500,1500,1500,1500,1500,0,0,0,0,0.02,0,0,0,0,0.02,0,0,0,0,0.02,0,0,0,0,0.02,0,0,0,0,1,0,0,0,0,1,0,0,0,0,1,0,0,0,0,1
299705.566,33.05,0,0,0,0,0,0,0.367101461,-0,150.09763,-147.154539,2.94309079,1,0,0,0,0,0,0,0,0,0,0,0,0,0,0,150.09763,4.79015999,-1.85057561,1.86249591e-05,0,0,0,0,0,0,0,0,0,0,0,0,0,0,0,0,0,0,0,0,0,0,0,0,0,0,0,0,0,0,0,0,147.154539,0.0394669884,0.967696673,-0.00384051527,-0.113534285,-0.171277625,0.224999691,-1.51211678,-4.31409623,0.000207874053,1500,1500,1500,1500,1500,1500,1500,1500,0,0,0,0,0.02,0,0,0,0,0.02,0,0,0,0,0.02,0,0,0,0,0.02,0,0,0,0,1,0,0,0,0,1,0,0,0,0,1,0,0,0,0,1
299705.616,33.1,0,0,0,0,0,0,0.367101461,-0,150.09763,-147.154539,2.94309079,1,0,0,0,0,0,0,0,0,0,0,0,0,0,0,150.09763,4.79015999,-1.85057561,1.86249591e-05,0,0,0,0,0,0,0,0,0,0,0,0,0,0,0,0,0,0,0,0,0,0,0,0,0,0,0,0,0,0,0,0,147.154539,0.0394669884,0.967696673,-0.00384051527,-0.113534285,-0.171277625,0.224999691,-1.51211678,-4.31409623,0.000207874053,1500,1500,1500,1500,1500,1500,1500,1500,0,0,0,0,0.02,0,0,0,0,0.02,0,0,0,0,0.02,0,0,0,0,0.02,0,0,0,0,1,0,0,0,0,1,0,0,0,0,1,0,0,0,0,1
299705.666,33.15,0,0,0,0,0,0,0.367101461,-0,150.09763,-147.154539,2.94309079,1,0,0,0,0,0,0,0,0,0,0,0,0,0,0,150.09763,4.79015999,-1.85057561,1.86249591e-05,0,0,0,0,0,0,0,0,0,0,0,0,0,0,0,0,0,0,0,0,0,0,0,0,0,0,0,0,0,0,0,0,147.154539,0.0394669884,0.967696673,-0.00384051527,-0.113534285,-0.171277625,0.224999691,-1.51211678,-4.31409623,0.000207874053,1500,1500,1500,1500,1500,1500,1500,1500,0,0,0,0,0.02,0,0,0,0,0.02,0,0,0,0,0.02,0,0,0,0,0.02,0,0,0,0,1,0,0,0,0,1,0,0,0,0,1,0,0,0,0,1
299705.716,33.2,0,0,0,0,0,0,0.367101461,-0,150.09763,-147.154539,2.94309079,1,0,0,0,0,0,0,0,0,0,0,0,0,0,0,150.09763,4.79015999,-1.85057561,1.86249591e-05,0,0,0,0,0,0,0,0,0,0,0,0,0,0,0,0,0,0,0,0,0,0,0,0,0,0,0,0,0,0,0,0,147.154539,0.0394669884,0.967696673,-0.00384051527,-0.113534285,-0.171277625,0.224999691,-1.51211678,-4.31409623,0.000207874053,1500,1500,1500,1500,1500,1500,1500,1500,0,0,0,0,0.02,0,0,0,0,0.02,0,0,0,0,0.02,0,0,0,0,0.02,0,0,0,0,1,0,0,0,0,1,0,0,0,0,1,0,0,0,0,1
299705.766,33.25,0,0,0,0,0,0,0.367101461,-0,150.09763,-147.154539,2.94309079,1,0,0,0,0,0,0,0,0,0,0,0,0,0,0,150.09763,4.79015999,-1.85057561,1.86249591e-05,0,0,0,0,0,0,0,0,0,0,0,0,0,0,0,0,0,0,0,0,0,0,0,0,0,0,0,0,0,0,0,0,147.154539,0.0394669884,0.967696673,-0.00384051527,-0.113534285,-0.171277625,0.224999691,-1.51211678,-4.31409623,0.000207874053,1500,1500,1500,1500,1500,1500,1500,1500,0,0,0,0,0.02,0,0,0,0,0.02,0,0,0,0,0.02,0,0,0,0,0.02,0,0,0,0,1,0,0,0,0,1,0,0,0,0,1,0,0,0,0,1
299705.816,33.3,0,0,0,0,0,0,0.367101461,-0,150.09763,-147.154539,2.94309079,1,0,0,0,0,0,0,0,0,0,0,0,0,0,0,150.09763,4.79015999,-1.85057561,1.86249591e-05,0,0,0,0,0,0,0,0,0,0,0,0,0,0,0,0,0,0,0,0,0,0,0,0,0,0,0,0,0,0,0,0,147.154539,0.0394669884,0.967696673,-0.00384051527,-0.113534285,-0.171277625,0.224999691,-1.51211678,-4.31409623,0.000207874053,1500,1500,1500,1500,1500,1500,1500,1500,0,0,0,0,0.02,0,0,0,0,0.02,0,0,0,0,0.02,0,0,0,0,0.02,0,0,0,0,1,0,0,0,0,1,0,0,0,0,1,0,0,0,0,1
299705.866,33.35,0,0,0,0,0,0,0.367101461,-0,150.09763,-147.154539,2.94309079,1,0,0,0,0,0,0,0,0,0,0,0,0,0,0,150.09763,4.79015999,-1.85057561,1.86249591e-05,0,0,0,0,0,0,0,0,0,0,0,0,0,0,0,0,0,0,0,0,0,0,0,0,0,0,0,0,0,0,0,0,147.154539,0.0394669884,0.967696673,-0.00384051527,-0.113534285,-0.171277625,0.224999691,-1.51211678,-4.31409623,0.000207874053,1500,1500,1500,1500,1500,1500,1500,1500,0,0,0,0,0.02,0,0,0,0,0.02,0,0,0,0,0.02,0,0,0,0,0.02,0,0,0,0,1,0,0,0,0,1,0,0,0,0,1,0,0,0,0,1
299705.922,33.4,0,0,0,0,0,0,0.367101461,-0,150.09763,-147.154539,2.94309079,1,0,0,0,0,0,0,0,0,0,0,0,0,0,0,150.09763,4.79015999,-1.85057561,1.86249591e-05,0,0,0,0,0,0,0,0,0,0,0,0,0,0,0,0,0,0,0,0,0,0,0,0,0,0,0,0,0,0,0,0,147.154539,0.0394669884,0.967696673,-0.00384051527,-0.113534285,-0.171277625,0.224999691,-1.51211678,-4.31409623,0.000207874053,1500,1500,1500,1500,1500,1500,1500,1500,0,0,0,0,0.02,0,0,0,0,0.02,0,0,0,0,0.02,0,0,0,0,0.02,0,0,0,0,1,0,0,0,0,1,0,0,0,0,1,0,0,0,0,1
299705.972,33.45,0,0,0,0,0,0,0.367101461,-0,150.09763,-147.154539,2.94309079,1,0,0,0,0,0,0,0,0,0,0,0,0,0,0,150.09763,4.79015999,-1.85057561,1.86249591e-05,0,0,0,0,0,0,0,0,0,0,0,0,0,0,0,0,0,0,0,0,0,0,0,0,0,0,0,0,0,0,0,0,147.154539,0.0394669884,0.967696673,-0.00384051527,-0.113534285,-0.171277625,0.224999691,-1.51211678,-4.31409623,0.000207874053,1500,1500,1500,1500,1500,1500,1500,1500,0,0,0,0,0.02,0,0,0,0,0.02,0,0,0,0,0.02,0,0,0,0,0.02,0,0,0,0,1,0,0,0,0,1,0,0,0,0,1,0,0,0,0,1
299706.022,33.5,0,0,0,0,0,0,0.367101461,-0,150.09763,-147.154539,2.94309079,1,0,0,0,0,0,0,0,0,0,0,0,0,0,0,150.09763,4.79015999,-1.85057561,1.86249591e-05,0,0,0,0,0,0,0,0,0,0,0,0,0,0,0,0,0,0,0,0,0,0,0,0,0,0,0,0,0,0,0,0,147.154539,0.0394669884,0.967696673,-0.00384051527,-0.113534285,-0.171277625,0.224999691,-1.51211678,-4.31409623,0.000207874053,1500,1500,1500,1500,1500,1500,1500,1500,0,0,0,0,0.02,0,0,0,0,0.02,0,0,0,0,0.02,0,0,0,0,0.02,0,0,0,0,1,0,0,0,0,1,0,0,0,0,1,0,0,0,0,1
299706.072,33.55,0,0,0,0,0,0,0.367101461,-0,150.09763,-147.154539,2.94309079,1,0,0,0,0,0,0,0,0,0,0,0,0,0,0,150.09763,4.79015999,-1.85057561,1.86249591e-05,0,0,0,0,0,0,0,0,0,0,0,0,0,0,0,0,0,0,0,0,0,0,0,0,0,0,0,0,0,0,0,0,147.154539,0.0394669884,0.967696673,-0.00384051527,-0.113534285,-0.171277625,0.224999691,-1.51211678,-4.31409623,0.000207874053,1500,1500,1500,1500,1500,1500,1500,1500,0,0,0,0,0.02,0,0,0,0,0.02,0,0,0,0,0.02,0,0,0,0,0.02,0,0,0,0,1,0,0,0,0,1,0,0,0,0,1,0,0,0,0,1
299706.122,33.6,0,0,0,0,0,0,0.367101461,-0,150.09763,-147.154539,2.94309079,1,0,0,0,0,0,0,0,0,0,0,0,0,0,0,150.09763,4.79015999,-1.85057561,1.86249591e-05,0,0,0,0,0,0,0,0,0,0,0,0,0,0,0,0,0,0,0,0,0,0,0,0,0,0,0,0,0,0,0,0,147.154539,0.0394669884,0.967696673,-0.00384051527,-0.113534285,-0.171277625,0.224999691,-1.51211678,-4.31409623,0.000207874053,1500,1500,1500,1500,1500,1500,1500,1500,0,0,0,0,0.02,0,0,0,0,0.02,0,0,0,0,0.02,0,0,0,0,0.02,0,0,0,0,1,0,0,0,0,1,0,0,0,0,1,0,0,0,0,1
299706.172,33.65,0,0,0,0,0,0,0.367101461,-0,150.09763,-147.154539,2.94309079,1,0,0,0,0,0,0,0,0,0,0,0,0,0,0,150.09763,4.79015999,-1.85057561,1.86249591e-05,0,0,0,0,0,0,0,0,0,0,0,0,0,0,0,0,0,0,0,0,0,0,0,0,0,0,0,0,0,0,0,0,147.154539,0.0394669884,0.967696673,-0.00384051527,-0.113534285,-0.171277625,0.224999691,-1.51211678,-4.31409623,0.000207874053,1500,1500,1500,1500,1500,1500,1500,1500,0,0,0,0,0.02,0,0,0,0,0.02,0,0,0,0,0.02,0,0,0,0,0.02,0,0,0,0,1,0,0,0,0,1,0,0,0,0,1,0,0,0,0,1
299706.222,33.7,0,0,0,0,0,0,0.367101461,-0,150.09763,-147.154539,2.94309079,1,0,0,0,0,0,0,0,0,0,0,0,0,0,0,150.09763,4.79015999,-1.85057561,1.86249591e-05,0,0,0,0,0,0,0,0,0,0,0,0,0,0,0,0,0,0,0,0,0,0,0,0,0,0,0,0,0,0,0,0,147.154539,0.0394669884,0.967696673,-0.00384051527,-0.113534285,-0.171277625,0.224999691,-1.51211678,-4.31409623,0.000207874053,1500,1500,1500,1500,1500,1500,1500,1500,0,0,0,0,0.02,0,0,0,0,0.02,0,0,0,0,0.02,0,0,0,0,0.02,0,0,0,0,1,0,0,0,0,1,0,0,0,0,1,0,0,0,0,1
299706.272,33.75,0,0,0,0,0,0,0.367101461,-0,150.09763,-147.154539,2.94309079,1,0,0,0,0,0,0,0,0,0,0,0,0,0,0,150.09763,4.79015999,-1.85057561,1.86249591e-05,0,0,0,0,0,0,0,0,0,0,0,0,0,0,0,0,0,0,0,0,0,0,0,0,0,0,0,0,0,0,0,0,147.154539,0.0394669884,0.967696673,-0.00384051527,-0.113534285,-0.171277625,0.224999691,-1.51211678,-4.31409623,0.000207874053,1500,1500,1500,1500,1500,1500,1500,1500,0,0,0,0,0.02,0,0,0,0,0.02,0,0,0,0,0.02,0,0,0,0,0.02,0,0,0,0,1,0,0,0,0,1,0,0,0,0,1,0,0,0,0,1
299706.322,33.8,0,0,0,0,0,0,0.367101461,-0,150.09763,-147.154539,2.94309079,1,0,0,0,0,0,0,0,0,0,0,0,0,0,0,150.09763,4.79015999,-1.85057561,1.86249591e-05,0,0,0,0,0,0,0,0,0,0,0,0,0,0,0,0,0,0,0,0,0,0,0,0,0,0,0,0,0,0,0,0,147.154539,0.0394669884,0.967696673,-0.00384051527,-0.113534285,-0.171277625,0.224999691,-1.51211678,-4.31409623,0.000207874053,1500,1500,1500,1500,1500,1500,1500,1500,0,0,0,0,0.02,0,0,0,0,0.02,0,0,0,0,0.02,0,0,0,0,0.02,0,0,0,0,1,0,0,0,0,1,0,0,0,0,1,0,0,0,0,1
299706.372,33.85,0,0,0,0,0,0,0.367101461,-0,150.09763,-147.154539,2.94309079,1,0,0,0,0,0,0,0,0,0,0,0,0,0,0,150.09763,4.79015999,-1.85057561,1.86249591e-05,0,0,0,0,0,0,0,0,0,0,0,0,0,0,0,0,0,0,0,0,0,0,0,0,0,0,0,0,0,0,0,0,147.154539,0.0394669884,0.967696673,-0.00384051527,-0.113534285,-0.171277625,0.224999691,-1.51211678,-4.31409623,0.000207874053,1500,1500,1500,1500,1500,1500,1500,1500,0,0,0,0,0.02,0,0,0,0,0.02,0,0,0,0,0.02,0,0,0,0,0.02,0,0,0,0,1,0,0,0,0,1,0,0,0,0,1,0,0,0,0,1
299706.422,33.9,0,0,0,0,0,0,0.367101461,-0,150.09763,-147.154539,2.94309079,1,0,0,0,0,0,0,0,0,0,0,0,0,0,0,150.09763,4.79015999,-1.85057561,1.86249591e-05,0,0,0,0,0,0,0,0,0,0,0,0,0,0,0,0,0,0,0,0,0,0,0,0,0,0,0,0,0,0,0,0,147.154539,0.0394669884,0.967696673,-0.00384051527,-0.113534285,-0.171277625,0.224999691,-1.51211678,-4.31409623,0.000207874053,1500,1500,1500,1500,1500,1500,1500,1500,0,0,0,0,0.02,0,0,0,0,0.02,0,0,0,0,0.02,0,0,0,0,0.02,0,0,0,0,1,0,0,0,0,1,0,0,0,0,1,0,0,0,0,1
299706.472,33.95,0,0,0,0,0,0,0.367101461,-0,150.09763,-147.154539,2.94309079,1,0,0,0,0,0,0,0,0,0,0,0,0,0,0,150.09763,4.79015999,-1.85057561,1.86249591e-05,0,0,0,0,0,0,0,0,0,0,0,0,0,0,0,0,0,0,0,0,0,0,0,0,0,0,0,0,0,0,0,0,147.154539,0.0394669884,0.967696673,-0.00384051527,-0.113534285,-0.171277625,0.224999691,-1.51211678,-4.31409623,0.000207874053,1500,1500,1500,1500,1500,1500,1500,1500,0,0,0,0,0.02,0,0,0,0,0.02,0,0,0,0,0.02,0,0,0,0,0.02,0,0,0,0,1,0,0,0,0,1,0,0,0,0,1,0,0,0,0,1
299706.522,34,0,0,0,0,0,0,0.367101461,-0,150.09763,-147.154539,2.94309079,1,0,0,0,0,0,0,0,0,0,0,0,0,0,0,150.09763,4.79015999,-1.85057561,1.86249591e-05,0,0,0,0,0,0,0,0,0,0,0,0,0,0,0,0,0,0,0,0,0,0,0,0,0,0,0,0,0,0,0,0,147.154539,0.0394669884,0.967696673,-0.00384051527,-0.113534285,-0.171277625,0.224999691,-1.51211678,-4.31409623,0.000207874053,1500,1500,1500,1500,1500,1500,1500,1500,0,0,0,0,0.02,0,0,0,0,0.02,0,0,0,0,0.02,0,0,0,0,0.02,0,0,0,0,1,0,0,0,0,1,0,0,0,0,1,0,0,0,0,1
299706.573,34.05,0.311858251,-0.0253849548,0.0106634213,-0.0441580707,-0.0567886582,-0.0172481291,0.367235553,0.00376264574,150.09763,-147.154539,2.94309079,0,40.2004556,-0.246284844,-0.0508812944,0.0110987048,3.01105018,0.0403880393,10.066437,38.8719444,-1.94387682,-2.91591764,0.750148734,0.0536539357,-0.0975746044,-0.192488017,148.300237,4.70493371,-1.70382631,-0.303552452,0.0985416853,0.294289403,-0.00376264574,-0.0441580707,-0.0567886582,-0.0172481291,0,0,0,0,0,0,10.0664373,38.8719455,-1.94387687,-3.33699579e-05,1.19376574,0.0414716937,-12.6663072,-36.9083452,0.400913876,0.462581902,2.12573653,-0.0983105375,-12.6663072,-36.9083452,0.400913876,0.462581902,2.12573653,-0.0983105375,0.000790180496,-0.000324289806,147.158003,0.0302397648,0.959437911,-0.00104140084,-0.209731041,0.0632548112,-0.017656942,-0.384471919,-1.348666,-0.39044178,1330,1311,1286,1355,1566,1458,1579,1395,-0.105,-0.105,-0.0516412875,0,0.02,0.2625,0.2625,0.129103219,0.041254778,0.02,-0.165,-0.165,-0.0811505946,-0.0110851708,0.02,0.1975,0.1975,0.0971348026,0.0207116872,0.02,0.4725,0.4725,0.449633208,15.5047019,1,-0.3625,-0.3625,-0.446824153,-12.8192742,1,0.425,0.425,0.448282273,15.4325909,1,-0.535,-0.535,-0.452179954,-13.0954625,1
299706.623,34.1,0.318481467,-0.0171704594,0.00924290504,-0.044021097,-0.11424093,-0.034688136,0.367429293,0.00365794914,150.09763,-147.154539,2.94309079,0,40.2421719,-0.510828706,-0.101795692,0.0239662387,2.99581864,0.0819443917,10.3873425,38.8393928,-1.81889709,-2.89669874,0.764011865,0.0874119711,-0.172243155,-0.378772148,148.908779,4.31775502,-1.34908119,-0.242627081,0.0920134695,0.300030427,-0.00365794914,-0.044021097,-0.11424093,-0.034688136,0,0,0,0,0,0,10.3873428,38.8393939,-1.81889714,0.000876781576,1.1764246,0.0841920403,-11.1122842,-35.336739,0.329251513,0.419201991,2.12875007,-0.097139032,-11.1122842,-35.336739,0.329251513,0.419201991,2.12875007,-0.097139032,0.0030295854,-0.000424185194,147.16459,0.0133047922,0.929836142,0.00246433734,-0.0560957191,0.166103419,0.0224939447,0.282913039,-0.894616235,-0.282682571,1333,1314,1288,1359,1567,1461,1573,1396,-0.0975,-0.0975,-0.0772204125,-0.00968658629,0.02,0.26,0.26,0.199669753,0.0913688684,0.02,-0.1675,-0.1675,-0.127165019,-0.0322931829,0.02,0.1825,0.1825,0.144884253,0.0524065932,0.02,0.465,0.465,0.450421067,15.5486297,1,-0.3525,-0.3525,-0.444573619,-12.6991438,1,0.4175,0.4175,0.447581009,15.3951584,1,-0.53,-0.53,-0.455708044,-13.2680934,1
299706.673,34.15,0.329440239,-0.0123277272,0.00919977599,-0.0241949721,-0.144313327,-0.0439877063,0.367570635,0.00181084249,150.09763,-147.154539,2.94309079,0,40.2690467,-0.765378281,-0.121694912,0.0391858809,2.98905245,0.122387566,10.7221253,38.7912238,-1.57280755,-2.88477948,0.783639084,0.122089772,-0.224443292,-0.4568373,149.445572,3.69135243,-1.00248685,-0.240688126,0.0912062254,0.310130661,-0.00181084249,-0.0241949721,-0.144313327,-0.0439877063,0,0,0,0,0,0,10.7221256,38.7912248,-1.57280759,0.0045907832,1.16835611,0.125755234,-10.3337847,-34.6159891,0.112754976,0.243242589,2.12940118,0.0462463803,-10.3337847,-34.6159891,0.112754976,0.243242589,2.12940118,0.0462463803,0.004720971,0.00013383932,147.168947,0.000628101055,0.886214688,0.00244802037,0.0263721565,0.231281082,0.0562611947,0.419468429,-0.27998597,-0.0765823621,1333,1314,1288,1359,1567,1461,1573,1396,-0.0975,-0.0975,-0.0881030603,-0.0135592575,0.02,0.26,0.26,0.232044811,0.113550416,0.02,-0.1675,-0.1675,-0.148810005,-0.0455203972,0.02,0.1825,0.1825,0.165070015,0.0672241511,0.02,0.465,0.465,0.45106891,15.5860925,1,-0.3525,-0.3525,-0.442300313,-12.5777979,1,0.4175,0.4175,0.446838307,15.355514,1,-0.53,-0.53,-0.459009353,-13.4296277,1
299706.723,34.2,0.340506422,-0.00968003193,0.010317002,-0.0051538339,-0.143580262,-0.0415395263,0.367583217,-0.00135729146,150.09763,-147.154539,2.94309079,0,40.27206,-0.990445032,-0.130799411,0.0543731601,2.98544096,0.155725351,11.0282729,38.7241335,-1.28669611,-2.87586625,0.803766741,0.153025639,-0.229980486,-0.347088198,149.864713,2.96708366,-0.740938961,-0.311407824,0.0929208781,0.321159715,0.00135729146,-0.0051538339,-0.143580262,-0.0415395263,0,0,0,0,0,0,11.0282732,38.7241346,-1.28669614,0.00960504542,1.16456836,0.160083314,-10.3205326,-35.5045618,-0.209236444,0.0829093774,2.114729,0.30167701,-10.3205326,-35.5045618,-0.209236444,0.0829093774,2.114729,0.30167701,0.00439052017,0.000652730787,147.168478,-0.00429366925,0.83807846,0.000820246023,0.0476876189,0.202299182,0.0783437783,0.297566829,0.32030715,0.167663189,1333,1314,1288,1359,1567,1461,1573,1396,-0.0975,-0.0975,-0.093145746,-0.0153537347,0.02,0.26,0.26,0.247046422,0.123600405,0.02,-0.1675,-0.1675,-0.158839629,-0.0509799386,0.02,0.1825,0.1825,0.174423479,0.0735326796,0.02,0.465,0.465,0.451687966,15.6218905,1,-0.3525,-0.3525,-0.440083135,-12.459448,1,0.4175,0.4175,0.446113941,15.3168483,1,-0.53,-0.53,-0.462163961,-13.5551067,1
299706.773,34.25,0.347564187,-0.00854777108,0.0121062969,0.00622525795,-0.115839304,-0.028844392,0.36741945,-0.00503045282,150.09763,-147.154539,2.94309079,0,40.2703547,-1.19223032,-0.133108051,0.0687818759,2.98376891,0.183622774,11.2937726,38.6592895,-1.02500188,-2.86928975,0.822021807,0.181057107,-0.214014113,-0.151436747,149.97414,2.30044702,-0.572948886,-0.364198846,0.0949370479,0.329225845,0.00503045282,0.00622525795,-0.115839304,-0.028844392,0,0,0,0,0,0,11.293773,38.6592906,-1.0250019,0.0148930664,1.16296324,0.188868592,-10.6990775,-37.1116767,-0.628325564,-0.00376574613,2.05680371,0.461558792,-10.6990775,-37.1116767,-0.628325564,-0.00376574613,2.05680371,0.461558792,0.00246189846,0.000665900377,147.163651,-0.0032809199,0.794783931,-0.000328915849,0.0388662645,0.12682054,0.0727146621,0.13025701,0.789361329,0.319074991,1333,1314,1288,1359,1567,1461,1573,1396,-0.0975,-0.0975,-0.0954823721,-0.0161852404,0.02,0.26,0.26,0.253997709,0.127218015,0.02,-0.1675,-0.1675,-0.163487049,-0.0537708904,0.02,0.1825,0.1825,0.178757587,0.0758461668,0.02,0.465,0.465,0.452279512,15.6560977,1,-0.3525,-0.3525,-0.4379207,-12.3532694,1,0.4175,0.4175,0.445407461,15.2791374,1,-0.53,-0.53,-0.465178389,-13.6623773,1
299706.823,34.3,0.350199494,-0.00848163681,0.0138645017,0.0103281676,-0.0689513926,-0.0122525666,0.367084108,-0.00808225093,150.09763,-147.154539,2.94309079,0,40.266971,-1.386803,-0.134022729,0.0831368726,2.98280963,0.210477211,11.5213468,38.5995263,-0.839807718,-2.86390902,0.838215251,0.209251188,-0.204749225,0.00419673588,149.78167,1.81820623,-0.491463443,-0.346912832,0.0965226338,0.333715992,0.00808225093,0.0103281676,-0.0689513926,-0.0122525666,0,0,0,0,0,0,11.5213471,38.5995274,-0.839807738,0.0204533781,1.16215288,0.216579151,-11.0816681,-38.3823769,-0.990057378,-0.0279018606,1.97132879,0.430522035,-11.0816681,-38.3823769,-0.990057378,-0.0279018606,1.97132879,0.430522035,0.000627167922,0.000319128034,147.157836,0.000327272119,0.763999061,-0.000602696473,0.0267943497,0.0626481912,0.047317239,-0.000682863022,1.07845819,0.33468558,1333,1314,1288,1359,1567,1461,1573,1396,-0.0975,-0.0975,-0.096565093,-0.0165705347,0.02,0.26,0.26,0.257218722,0.128650792,0.02,-0.1675,-0.1675,-0.165640522,-0.0551119664,0.02,0.1825,0.1825,0.180765881,0.077054438,0.02,0.465,0.465,0.452844772,15.6887849,1,-0.3525,-0.3525,-0.435811656,-12.250073,1,0.4175,0.4175,0.444718423,15.2423575,1,-0.53,-0.53,-0.468058865,-13.7648812,1
299706.882,34.35,0.349852141,-0.00913013807,0.0151989815,0.00987703392,-0.0117030357,0.00306965416,0.366629064,-0.00981405005,150.09763,-147.154539,2.94309079,0,40.277095,-1.58999574,-0.134548996,0.0983126845,2.9832273,0.240616766,11.7287316,38.5570699,-0.761435465,-2.86015908,0.853630501,0.24085662,-0.214606183,0.0965705963,149.446072,1.60180685,-0.488743543,-0.280915364,0.0977080327,0.335719417,0.00981405005,0.00987703392,-0.0117030357,0.00306965416,0,0,0,0,0,0,11.7287319,38.557071,-0.761435482,0.0264448783,1.16211062,0.247612754,-11.3660262,-39.1012325,-1.17539922,-0.00832987834,1.93313295,0.293419343,-11.3660262,-39.1012325,-1.17539922,-0.00832987834,1.93313295,0.293419343,-3.29928745e-05,-1.08009291e-07,147.154697,0.00401803058,0.750750954,-0.000479063368,0.0198378134,0.0239972813,0.0177263166,-0.0554612046,1.19521566,0.288209422,1333,1314,1288,1359,1567,1461,1573,1396,-0.0975,-0.0975,-0.0970667927,-0.0167490683,0.02,0.26,0.26,0.258711241,0.129314697,0.02,-0.1675,-0.1675,-0.166638375,-0.0557333799,0.02,0.1825,0.1825,0.181696462,0.0777167468,0.02,0.465,0.465,0.453384913,15.7200196,1,-0.3525,-0.3525,-0.433754683,-12.1494245,1,0.4175,0.4175,0.444046398,15.2064857,1,-0.53,-0.53,-0.470811341,-13.8844842,1
299706.932,34.4,0.347935707,-0.010279599,0.0161071639,0.0070234474,0.0466625136,0.016040261,0.366124846,-0.0101147812,150.09763,-147.154539,2.94309079,0,40.3198684,-1.82107107,-0.134792851,0.115641228,2.98628462,0.27931579,11.9434376,38.5452691,-0.801738599,-2.85880494,0.870549766,0.2804701,-0.241400566,0.142632481,149.085412,1.68557955,-0.556229474,-0.179807384,0.0986653886,0.336240846,0.0101147812,0.0070234474,0.0466625136,0.016040261,0,0,0,0,0,0,11.943438,38.5452702,-0.801738618,0.033328817,1.16323351,0.28732851,-11.5920037,-39.4617528,-1.22058445,0.012209266,1.9129444,0.103040472,-11.5920037,-39.4617528,-1.22058445,0.012209266,1.9129444,0.103040472,0.000541010055,-2.84945822e-05,147.15604,0.00666423067,0.757054614,-0.000417650851,0.01511822,-0.00224890728,-0.0116586602,-0.0909189238,1.0832984,0.231856716,1333,1314,1288,1359,1567,1461,1573,1396,-0.0975,-0.0975,-0.097299265,-0.0168317953,0.02,0.26,0.26,0.259402829,0.12962233,0.02,-0.1675,-0.1675,-0.167100749,-0.0560213239,0.02,0.1825,0.1825,0.182127665,0.0780236404,0.02,0.465,0.465,0.453901052,15.7498663,1,-0.3525,-0.3525,-0.431748498,-12.0512611,1,0.4175,0.4175,0.443390965,15.1714996,1,-0.53,-0.53,-0.473441505,-14.0482778,1
299706.983,34.45,0.345284495,-0.0117230647,0.0166121225,0.00355750637,0.0918048793,0.0257807336,0.365639164,-0.00917145653,150.09763,-147.154539,2.94309079,0,40.358882,-2.04373729,-0.134905847,0.132363337,2.98914465,0.316541715,12.1266034,38.5367482,-0.948125223,-2.85773089,0.886067,0.317748145,-0.274238423,0.158495363,148.764536,2.04191035,-0.676661085,-0.0767034311,0.0993700141,0.335480113,0.00917145653,0.00355750637,0.0918048793,0.0257807336,0,0,0,0,0,0,12.1266038,38.5367493,-0.948125246,0.0399864134,1.16432963,0.325534168,-11.7749998,-39.5973373,-1.09602866,0.0459841309,1.8171388,-0.0921717224,-11.7749998,-39.5973373,-1.09602866,0.0459841309,1.8171388,-0.0921717224,0.00174540852,0.000220690307,147.160242,0.00799048829,0.780882702,-0.000592571437,0.00977464845,-0.0284128978,-0.0327479354,-0.062322912,0.680605661,0.171174917,1333,1314,1288,1359,1567,1461,1573,1396,-0.0975,-0.0975,-0.0974069856,-0.0168701285,0.02,0.26,0.26,0.259723289,0.129764878,0.02,-0.1675,-0.1675,-0.167314999,-0.0561547483,0.02,0.1825,0.1825,0.182327471,0.0781658454,0.02,0.465,0.465,0.454394256,15.7783867,1,-0.3525,-0.3525,-0.429791846,-11.9555213,1,0.4175,0.4175,0.442751715,15.1373773,1,-0.53,-0.53,-0.475954793,-14.204793,1
299707.032,34.5,0.342504373,-0.0132953898,0.0166699041,0.00168241288,0.113204122,0.0336515003,0.365225618,-0.00733998322,150.09763,-147.154539,2.94309079,0,40.3943486,-2.25832219,-0.134958205,0.148489747,2.99177755,0.352353915,12.2838387,38.5302415,-1.16164785,-2.85683212,0.900512903,0.352876946,-0.310039525,0.151008253,148.543339,2.57182419,-0.826606786,0.00224954833,0.0998317563,0.333551538,0.00733998322,0.00168241288,0.113204122,0.0336515003,0,0,0,0,0,0,12.2838391,38.5302425,-1.16164788,0.0464135854,1.16535921,0.362290543,-11.8889346,-39.5425064,-0.878168172,0.0673425822,1.74555359,-0.222184052,-11.8889346,-39.5425064,-0.878168172,0.0673425822,1.74555359,-0.222184052,0.00280089468,0.000414620813,147.163197,0.00856574323,0.815745701,-0.00079404515,0.00515993919,-0.0491596821,-0.0447917961,-0.0350477758,0.157243782,0.155051124,1333,1314,1288,1359,1567,1461,1573,1396,-0.0975,-0.0975,-0.0974569,-0.0168878909,0.02,0.26,0.26,0.259871781,0.12983093,0.02,-0.1675,-0.1675,-0.167414276,-0.0562165731,0.02,0.1825,0.1825,0.182420056,0.0782317389,0.02,0.465,0.465,0.454865543,15.8056397,1,-0.3525,-0.3525,-0.427883503,-11.8621454,1,0.4175,0.4175,0.442128247,15.1040975,1,-0.53,-0.53,-0.478356398,-14.354353,1
299707.082,34.55,0.339987156,-0.0149229399,0.016319934,0.00120391309,0.109185907,0.0414739385,0.364915712,-0.00512074272,150.09763,-147.154539,2.94309079,0,40.4182765,-2.45694602,-0.134982467,0.163421451,2.99356109,0.384551353,12.4074003,38.5202912,-1.39120841,-2.85571861,0.912886223,0.384062809,-0.35001429,0.132537928,148.44213,3.14497289,-0.980206783,0.0546826624,0.10006044,0.33076109,0.00512074272,0.00120391309,0.109185907,0.0414739385,0,0,0,0,0,0,12.4074007,38.5202923,-1.39120845,0.0523674929,1.1660611,0.395361926,-11.9782526,-39.4117703,-0.632189854,0.0845067286,1.76791792,-0.302164069,-11.9782526,-39.4117703,-0.632189854,0.0845067286,1.76791792,-0.302164069,0.00327215319,0.000313868814,147.162584,0.00914172109,0.853225614,-0.00091482221,0.000308743823,-0.0632086394,-0.0476224935,-0.00801570939,-0.32017649,0.16114686,1333,1314,1288,1359,1567,1461,1573,1396,-0.0975,-0.0975,-0.0974800288,-0.0168961214,0.02,0.26,0.26,0.259940587,0.129861537,0.02,-0.1675,-0.1675,-0.167460278,-0.0562452208,0.02,0.1825,0.1825,0.182462956,0.0782622719,0.02,0.465,0.465,0.455315888,15.8316817,1,-0.3525,-0.3525,-0.426022278,-11.7710749,1,0.4175,0.4175,0.441520174,15.0716394,1,-0.53,-0.53,-0.480651282,-14.4856789,1
299707.133,34.6,0.337838438,-0.0165415733,0.0156397619,0.00126070198,0.0842379501,0.0497282226,0.364716736,-0.00297844224,150.09763,-147.154539,2.94309079,0,40.4168949,-2.62859793,-0.129980702,0.176656602,2.9932818,0.414339244,12.4832649,38.4981962,-1.58391905,-2.85345158,0.921921866,0.412909925,-0.38393612,0.117552335,148.447926,3.64101978,-1.11151384,0.095326221,0.100033171,0.327426206,0.00297844224,0.00126070198,0.0842379501,0.0497282226,0,0,0,0,0,0,12.4832653,38.4981973,-1.58391909,0.0578439778,1.16586627,0.425905087,-12.0368928,-39.266173,-0.358230001,0.0942284019,1.85833157,-0.361379772,-12.0368928,-39.266173,-0.358230001,0.0942284019,1.85833157,-0.361379772,0.00295494617,3.50421146e-05,147.159318,0.0101601376,0.885554808,-0.00102498629,-0.00455078,-0.0711028985,-0.0396521173,-0.00813958739,-0.672406276,0.17511927,1332,1316,1286,1361,1569,1457,1572,1400,-0.1075,-0.1075,-0.101563805,-0.0187667325,0.02,0.25,0.25,0.256958992,0.128535259,0.02,-0.1725,-0.1725,-0.169518124,-0.0575267452,0.02,0.18,0.18,0.181727619,0.0777389213,0.02,0.46,0.46,0.455594039,15.8477663,1,-0.3475,-0.3475,-0.424122725,-11.678129,1,0.42,0.42,0.440969254,15.0422321,1,-0.535,-0.535,-0.482996371,-14.5899936,1
299707.182,34.65,0.335993855,-0.0181350387,0.0147415453,0.00127242684,0.0454005967,0.0588027464,0.36461424,-0.00127912552,150.09763,-147.154539,2.94309079,0,40.4125896,-2.79428602,-0.125329965,0.189550723,2.99281099,0.445006065,12.5366178,38.4825678,-1.71065259,-2.85161668,0.92896634,0.442923641,-0.417341189,0.109222732,148.529888,3.97110035,-1.19904868,0.133224618,0.0997678342,0.323809977,0.00127912552,0.00127242684,0.0454005967,0.0588027464,0,0,0,0,0,0,12.5366182,38.4825688,-1.71065264,0.0632489971,1.16561052,0.457300936,-12.0755896,-39.1482982,-0.157858126,0.107031969,1.9649432,-0.419821693,-12.0755896,-39.1482982,-0.157858126,0.107031969,1.9649432,-0.419821693,0.00185138017,-8.55010531e-05,147.155916,0.0117479208,0.906993931,-0.00117447219,-0.00791991161,-0.0733239194,-0.0274685633,-0.0066978125,-0.868101758,0.187468091,1332,1316,1286,1361,1569,1457,1572,1400,-0.1075,-0.1075,-0.104749349,-0.0207505316,0.02,0.25,0.25,0.254111216,0.127268506,0.02,-0.1725,-0.1725,-0.17111829,-0.0584237615,0.02,0.18,0.18,0.181020638,0.0772357528,0.02,0.46,0.46,0.455789826,15.8590881,1,-0.3475,-0.3475,-0.422230903,-11.5855614,1,0.42,0.42,0.440451522,15.0145962,1,-0.535,-0.535,-0.485307254,-14.6927867,1
299707.233,34.7,0.334340163,-0.0197081298,0.0137217624,0.00102419217,0.000623207456,0.0681530576,0.364580584,-0.000223974354,150.09763,-147.154539,2.94309079,0,40.4054529,-2.95563427,-0.122969318,0.20191288,2.99224679,0.474198628,12.5682773,38.4748622,-1.75354062,-2.85050328,0.933324521,0.471921974,-0.444917428,0.114041957,148.657419,4.08506173,-1.23017225,0.180650113,0.0993211819,0.320162654,0.000223974354,0.00102419217,0.000623207456,0.0681530576,0,0,0,0,0,0,12.5682776,38.4748632,-1.75354066,0.0683182138,1.16537929,0.487203432,-12.1235826,-39.0951533,-0.0259457245,0.118596982,2.04534695,-0.500719241,-12.1235826,-39.0951533,-0.0259457245,0.118596982,2.04534695,-0.500719241,9.01984711e-05,0.000244391231,147.154525,0.0138295809,0.914315535,-0.00134636718,-0.0114968218,-0.0713666961,-0.0129971526,-0.0153597936,-0.898146676,0.183699339,1332,1316,1286,1361,1569,1457,1572,1400,-0.1075,-0.1075,-0.106225433,-0.0216697634,0.02,0.25,0.25,0.252428814,0.126520137,0.02,-0.1725,-0.1725,-0.171859758,-0.0588195468,0.02,0.18,0.18,0.18060297,0.0769384922,0.02,0.46,0.46,0.455976914,15.8699068,1,-0.3475,-0.3475,-0.42038579,-11.4952793,1,0.42,0.42,0.439946572,14.9857414,1,-0.535,-0.535,-0.487515449,-14.791012,1
299707.283,34.75,0.332675702,-0.0212625683,0.0126822987,0.000621189133,-0.0409079623,0.0766071507,0.364581435,0.00013541295,150.09763,-147.154539,2.94309079,0,40.3725482,-3.13589774,-0.121742245,0.215588189,2.9897818,0.503018826,12.5962034,38.4474959,-1.70793471,-2.84794501,0.936234748,0.500974178,-0.474862615,0.130132015,148.797287,3.97582773,-1.20355945,0.239218034,0.0987684401,0.316694724,-0.00013541295,0.000621189133,-0.0409079623,0.0766071507,0,0,0,0,0,0,12.5962037,38.447497,-1.70793476,0.0738456138,1.16440699,0.51681679,-12.1626717,-39.1050815,-0.00159739707,0.136144135,2.13558199,-0.611438464,-12.1626717,-39.1050815,-0.00159739707,0.136144135,2.13558199,-0.611438464,-0.00194285234,0.00099796378,147.155657,0.0160620618,0.907095611,-0.00149609521,-0.0114159794,-0.0657472993,-4.13591114e-05,-0.00295686146,-0.728825233,0.159228391,1332,1316,1286,1361,1569,1457,1572,1400,-0.1075,-0.1075,-0.106909405,-0.0220957072,0.02,0.25,0.25,0.251434889,0.126078017,0.02,-0.1725,-0.1725,-0.172203331,-0.0590029416,0.02,0.18,0.18,0.180356221,0.0767628773,0.02,0.46,0.46,0.456155687,15.8802447,1,-0.3475,-0.3475,-0.418586234,-11.38836,1,0.42,0.42,0.439454089,14.941928,1,-0.535,-0.535,-0.489625518,-14.8848725,1
299707.333,34.8,0.330842528,-0.0228316149,0.0117640301,0.000320746227,-0.069693492,0.0841017753,0.364583593,-0.000130685534,150.09763,-147.154539,2.94309079,0,40.356107,-3.33446255,-0.121094953,0.230583604,2.98856291,0.537478904,12.6317854,38.4402481,-1.59185615,-2.84688504,0.938851785,0.536062973,-0.501876425,0.150438856,148.908643,3.68484408,-1.13216552,0.305891477,0.0982382238,0.313659698,0.000130685534,0.000320746227,-0.069693492,0.0841017753,0,0,0,0,0,0,12.6317857,38.4402491,-1.59185619,0.0798658992,1.16393409,0.552150554,-12.2203358,-39.1639018,-0.0189820032,0.146420021,2.23306437,-0.722466948,-12.2203358,-39.1639018,-0.0189820032,0.146420021,2.23306437,-0.722466948,-0.00365161264,0.00178763916,147.157811,0.0181006064,0.888079713,-0.00161534891,-0.0110765339,-0.0539652758,0.0116374894,-0.00776415112,-0.395370222,0.150038663,1332,1316,1286,1361,1569,1457,1572,1400,-0.1075,-0.1075,-0.107226336,-0.0222930765,0.02,0.25,0.25,0.2508477,0.125816823,0.02,-0.1725,-0.1725,-0.172362533,-0.0590879212,0.02,0.18,0.18,0.180210447,0.076659128,0.02,0.46,0.46,0.456326517,15.8901232,1,-0.3475,-0.3475,-0.416831109,-11.2790595,1,0.42,0.42,0.438973766,14.8991964,1,-0.535,-0.535,-0.491641823,-15.0037748,1
299707.383,34.85,0.328762424,-0.0243902495,0.0110791904,0.000186445153,-0.0800909817,0.0913288724,0.36456007,-0.000828303714,150.09763,-147.154539,2.94309079,0,40.3427758,-3.53082875,-0.12074852,0.245384401,2.98757625,0.571908529,12.6524941,38.4430788,-1.43700288,-2.84667373,0.939583554,0.571433404,-0.531019159,0.171427358,148.964535,3.29354991,-1.03853696,0.36867515,0.0977543164,0.311235376,0.000828303714,0.000186445153,-0.0800909817,0.0913288724,0,0,0,0,0,0,12.6524944,38.4430799,-1.43700292,0.0857909443,1.16355152,0.587444192,-12.2771984,-39.2559195,-0.130860687,0.162083231,2.29138756,-0.822220469,-12.2771984,-39.2559195,-0.130860687,0.162083231,2.29138756,-0.822220469,-0.00456586999,0.00220513578,147.158867,0.019634101,0.862599311,-0.00171898602,-0.0108356635,-0.0416912655,0.0160196176,0.00188377841,-0.00877328952,0.149406781,1332,1316,1286,1361,1569,1457,1572,1400,-0.1075,-0.1075,-0.107373193,-0.0223845314,0.02,0.25,0.25,0.250500802,0.125662515,0.02,-0.1725,-0.1725,-0.172436302,-0.0591272981,0.02,0.18,0.18,0.180124328,0.0765978352,0.02,0.46,0.46,0.456489755,15.8995628,1,-0.3475,-0.3475,-0.415119317,-11.1724576,1,0.42,0.42,0.438505302,14.8575198,1,-0.535,-0.535,-0.493568528,-15.1237605,1
299707.433,34.9,0.32642526,-0.0259145945,0.0106709036,0.000245752369,-0.0719763179,0.098706998,0.364496438,-0.00169435638,150.09763,-147.154539,2.94309079,0,40.3279665,-3.72053946,-0.120560525,0.25966921,2.98647451,0.605062036,12.6525283,38.4509309,-1.28112113,-2.84693698,0.938456978,0.60564553,-0.55648752,0.187825518,148.95263,2.8978185,-0.947464627,0.423162757,0.0972871369,0.309423621,0.00169435638,0.000245752369,-0.0719763179,0.098706998,0,0,0,0,0,0,12.6525287,38.450932,-1.28112116,0.0915008296,1.16311999,0.621432427,-12.3125029,-39.3259862,-0.23741165,0.17105,2.29211631,-0.906027678,-12.3125029,-39.3259862,-0.23741165,0.17105,2.29211631,-0.906027678,-0.00444698533,0.0021183491,147.158035,0.0205997,0.836885346,-0.00182114677,-0.0118922124,-0.0297658271,0.0165369541,-0.00462153249,0.332667075,0.154857865,1332,1316,1286,1361,1569,1457,1572,1400,-0.1075,-0.1075,-0.107441241,-0.0224269088,0.02,0.25,0.25,0.250295863,0.125571353,0.02,-0.1725,-0.1725,-0.172470484,-0.0591455441,0.02,0.18,0.18,0.18007345,0.0765616248,0.02,0.46,0.46,0.45664574,15.9085829,1,-0.3475,-0.3475,-0.41344979,-11.0684878,1,0.42,0.42,0.438048405,14.8168722,1,-0.535,-0.535,-0.495409617,-15.2384144,1
299707.483,34.95,0.323888447,-0.0273808365,0.0105058591,0.000280638972,-0.0492656135,0.106404289,0.36439093,-0.0024532401,150.09763,-147.154539,2.94309079,0,40.311796,-3.90383933,-0.120457186,0.273463605,2.98526672,0.636989865,12.6313228,38.4630264,-1.15786648,-2.84755996,0.935985388,0.638505642,-0.58291949,0.197665063,148.857329,2.58347713,-0.878291817,0.473867796,0.096765811,0.308117705,0.0024532401,0.000280638972,-0.0492656135,0.106404289,0,0,0,0,0,0,12.6313231,38.4630275,-1.15786651,0.0970100709,1.16264356,0.654166777,-12.3252793,-39.3782851,-0.321499446,0.183240149,2.24952694,-0.984899474,-12.3252793,-39.3782851,-0.321499446,0.183240149,2.24952694,-0.984899474,-0.00326073917,0.00168378682,147.15617,0.0210241198,0.816503183,-0.00190983464,-0.0135713046,-0.0215984534,0.0115390261,-0.00471129782,0.56793956,0.160573951,1332,1316,1286,1361,1569,1457,1572,1400,-0.1075,-0.1075,-0.107472773,-0.0224465452,0.02,0.25,0.25,0.250174789,0.125517497,0.02,-0.1725,-0.1725,-0.172486323,-0.0591539988,0.02,0.18,0.18,0.180043393,0.0765402325,0.02,0.46,0.46,0.456794793,15.9172021,1,-0.3475,-0.3475,-0.411821484,-10.9670849,1,0.42,0.42,0.437602788,14.7772282,1,-0.535,-0.535,-0.497168894,-15.3479735,1
299707.533,35,0.321258227,-0.028781689,0.0104972135,0.000312131381,-0.0180065889,0.114204397,0.364255659,-0.00287109758,150.09763,-147.154539,2.94309079,0,40.2943746,-4.08096336,-0.120399714,0.286789051,2.98396204,0.66774037,12.5885165,38.4791561,-1.09049482,-2.84844936,0.932618718,0.669860585,-0.612960562,0.199745788,148.725725,2.41038778,-0.842687371,0.527307672,0.096139406,0.307157795,0.00287109758,0.000312131381,-0.0180065889,0.114204397,0,0,0,0,0,0,12.5885169,38.4791572,-1.09049485,0.10232951,1.16212658,0.685696627,-12.3044261,-39.3941434,-0.375147721,0.199645971,2.18919408,-1.07158132,-12.3044261,-39.3941434,-0.375147721,0.199645971,2.18919408,-1.07158132,-0.00117750184,0.0011408597,147.154741,0.0210011174,0.80529576,-0.00199096606,-0.0157921288,-0.0167480874,0.00330527166,0.00567841995,0.66751573,0.159245112,1332,1316,1286,1361,1569,1457,1572,1400,-0.1075,-0.1075,-0.107487384,-0.0224556441,0.02,0.25,0.25,0.250103261,0.12548568,0.02,-0.1725,-0.1725,-0.172493663,-0.0591579164,0.02,0.18,0.18,0.180025635,0.0765275944,0.02,0.46,0.46,0.456937223,15.9254384,1,-0.3475,-0.3475,-0.410233381,-10.8681857,1,0.42,0.42,0.437168173,14.738563,1,-0.535,-0.535,-0.498849993,-15.452664,1
299707.584,35.05,0.318661946,-0.0300992727,0.0105952905,0.000224964516,0.014658779,0.121403641,0.364110449,-0.00286275617,150.09763,-147.154539,2.94309079,0,40.2936243,-4.22857752,-0.120367419,0.297892859,2.98390907,0.690849045,12.5053482,38.5214431,-1.08913138,-2.8512648,0.927103284,0.693177048,-0.637591239,0.194203062,148.579557,2.40440558,-0.843865209,0.580735201,0.095346835,0.306356868,0.00286275617,0.000224964516,0.014658779,0.121403641,0,0,0,0,0,0,12.5053485,38.5214442,-1.08913141,0.106761159,1.16210767,0.709454806,-12.2475221,-39.3790946,-0.372522681,0.210285981,2.12043731,-1.17019412,-12.2475221,-39.3790946,-0.372522681,0.210285981,2.12043731,-1.17019412,0.00138279932,0.000699431356,147.154656,0.0208091355,0.804906671,-0.00207249267,-0.0199798204,-0.0154775493,-0.00593208675,-0.00367925697,0.617816574,0.135709276,1332,1316,1286,1361,1569,1457,1572,1400,-0.1075,-0.1075,-0.107494154,-0.0224598603,0.02,0.25,0.25,0.250061005,0.125466883,0.02,-0.1725,-0.1725,-0.172497063,-0.0591597317,0.02,0.18,0.18,0.180015145,0.0765201282,0.02,0.46,0.46,0.457073323,15.9333087,1,-0.3475,-0.3475,-0.408684489,-10.8009868,1,0.42,0.42,0.43674429,14.7008524,1,-0.535,-0.535,-0.50045639,-15.5486422,1
299707.634,35.1,0.316180363,-0.0313013255,0.0107172544,-7.55503613e-05,0.0414984039,0.125771154,0.363976944,-0.00242738935,150.09763,-147.154539,2.94309079,0,40.2519201,-4.39174959,-0.121967288,0.312259126,2.98031166,0.66742094,12.4167426,38.5230221,-1.14920925,-2.85043702,0.923116861,0.66938639,-0.664791875,0.185671326,148.446864,2.55391127,-0.876402235,0.586941168,0.0943328055,0.305469002,0.00242738935,-7.55503613e-05,0.0414984039,0.125771154,0,0,0,0,0,0,12.416743,38.5230231,-1.14920928,0.113752048,1.16038825,0.686744657,-12.1596275,-39.3366117,-0.300703826,0.225027498,2.05443636,-1.24987344,-12.1596275,-39.3366117,-0.300703826,0.225027498,2.05443636,-1.24987344,0.00371024847,0.000453803319,147.155666,0.0207438037,0.814521439,-0.00216679822,-0.0230137704,-0.0212738676,-0.0129133189,0.00477126947,0.434405542,0.0291175266,1351,1302,1304,1347,1565,1453,1577,1403,-0.1175,-0.1175,-0.111570351,-0.0247189033,0.02,0.2425,0.2425,0.24777964,0.124057017,0.02,-0.1625,-0.1625,-0.169489862,-0.0575091449,0.02,0.1925,0.1925,0.185098909,0.0801383188,0.02,0.495,0.495,0.458268646,16.0024304,1,-0.3825,-0.3825,-0.407763809,-10.7641283,1,0.3725,0.3725,0.435530197,14.5928414,1,-0.49,-0.49,-0.500770541,-15.5654112,1
299707.685,35.15,0.313819455,-0.0324177608,0.0107813812,-0.000198051814,0.0571354178,0.12457099,0.363874449,-0.00165997345,150.09763,-147.154539,2.94309079,0,40.1930689,-4.56400927,-0.123814373,0.326940882,2.97569542,0.624977212,12.3311067,38.5059087,-1.25183987,-2.84872692,0.919186399,0.626179966,-0.6929866,0.172117951,148.353051,2.81385671,-0.928840279,0.553307498,0.0931843542,0.304220504,0.00165997345,-0.000198051814,0.0571354178,0.12457099,0,0,0,0,0,0,12.3311071,38.5059098,-1.2518399,0.120647667,1.15842395,0.64505887,-12.0547751,-39.2549122,-0.21783941,0.233825615,2.01245402,-1.25541126,-12.0547751,-39.2549122,-0.21783941,0.233825615,2.01245402,-1.25541126,0.00499690933,0.000346279779,147.156702,0.0212002365,0.831191055,-0.00226989612,-0.0258714957,-0.0292765179,-0.0192864506,-0.000926558023,0.176897395,-0.0615243407,1351,1302,1304,1347,1565,1453,1577,1403,-0.1175,-0.1175,-0.114752382,-0.0261343403,0.02,0.2425,0.2425,0.245619093,0.122711535,0.02,-0.1625,-0.1625,-0.166629453,-0.055727824,0.02,0.1925,0.1925,0.189070561,0.0829650027,0.02,0.495,0.495,0.459900876,16.0968171,1,-0.3825,-0.3825,-0.407140043,-10.7391565,1,0.3725,0.3725,0.433973976,14.4543932,1,-0.49,-0.49,-0.500504616,-15.5512165,1
299707.734,35.2,0.311711219,-0.0334543833,0.0107262829,-0.000275646996,0.0596665056,0.119563519,0.363815871,-0.000710378822,150.09763,-147.154539,2.94309079,0,40.1711052,-4.76745022,-0.124806824,0.343152673,2.97400528,0.574007691,12.2898109,38.5167374,-1.37234832,-2.84959729,0.917621388,0.574205788,-0.724555239,0.154044756,148.309063,3.12015388,-0.987830496,0.490229271,0.0919789935,0.302629781,0.000710378822,-0.000275646996,0.0596665056,0.119563519,0,0,0,0,0,0,12.2898112,38.5167385,-1.37234835,0.127663928,1.15772221,0.594984489,-11.9395639,-39.1546182,-0.0911540922,0.244357017,2.01220504,-1.20261586,-11.9395639,-39.1546182,-0.0911540922,0.244357017,2.01220504,-1.20261586,0.00499828846,0.000332378835,147.1569,0.0222960191,0.850784223,-0.00238117541,-0.0245632185,-0.0345632576,-0.020318697,0.00329838397,-0.0810914702,-0.129239761,1351,1302,1304,1347,1565,1453,1577,1403,-0.1175,-0.1175,-0.116226838,-0.0267902104,0.02,0.2425,0.2425,0.24434269,0.121916654,0.02,-0.1625,-0.1625,-0.164939588,-0.0546754596,0.02,0.1925,0.1925,0.190910903,0.0843558393,0.02,0.495,0.495,0.461460574,16.2389851,1,-0.3825,-0.3825,-0.406531679,-10.7148012,1,0.3725,0.3725,0.432456178,14.3193633,1,-0.49,-0.49,-0.500245256,-15.5373722,1
299707.785,35.25,0.309896644,-0.0344317893,0.0105446622,-0.000327165943,0.0502821738,0.112111371,0.363805327,0.00023339344,150.09763,-147.154539,2.94309079,0,40.1500336,-4.96621805,-0.125337815,0.358587254,2.97243393,0.52417565,12.256756,38.5262515,-1.48462348,-2.85059806,0.915893902,0.52339036,-0.754765261,0.13983657,148.311164,3.4073161,-1.0410624,0.411986863,0.0908004601,0.30076959,-0.00023339344,-0.000327165943,0.0502821738,0.112111371,0,0,0,0,0,0,12.2567564,38.5262526,-1.48462352,0.134114202,1.15710096,0.546027025,-11.8419049,-39.0831984,0.0313194372,0.251912101,2.04876584,-1.10699151,-11.8419049,-39.0831984,0.0313194372,0.251912101,2.04876584,-1.10699151,0.00396046883,0.000355543736,147.156206,0.0239050942,0.869088553,-0.00249626606,-0.023648847,-0.0395083118,-0.0181425456,0.00213879166,-0.293017673,-0.165005774,1351,1302,1304,1347,1565,1453,1577,1403,-0.1175,-0.1175,-0.116910056,-0.0270941205,0.02,0.2425,0.2425,0.24358862,0.121447057,0.02,-0.1625,-0.1625,-0.163941254,-0.0540537465,0.02,0.1925,0.1925,0.191763661,0.085038625,0.02,0.495,0.495,0.462950965,16.3782063,1,-0.3825,-0.3825,-0.405938334,-10.6910473,1,0.3725,0.3725,0.430975855,14.1876673,1,-0.49,-0.49,-0.499992299,-15.5238012,1
299707.834,35.3,0.30832973,-0.0353289869,0.010248249,-0.00045802457,0.0321379312,0.103460992,0.363838271,0.00101470581,150.09763,-147.154539,2.94309079,0,40.1363361,-5.14632714,-0.125603241,0.372389833,2.97143212,0.478476204,12.2228991,38.5430604,-1.56817246,-2.85223778,0.913390272,0.476949062,-0.780380207,0.128313223,148.35239,3.62154517,-1.07889255,0.332377726,0.08966416,0.298732833,-0.00101470581,-0.00045802457,0.0321379312,0.103460992,0,0,0,0,0,0,12.2228994,38.5430615,-1.5681725,0.13977585,1.15671711,0.501120057,-11.746618,-39.0169131,0.140203189,0.259352461,2.10403456,-0.993792332,-11.746618,-39.0169131,0.140203189,0.259352461,2.10403456,-0.993792332,0.00236833827,0.000414726598,147.155205,0.0257453066,0.882669918,-0.00260930819,-0.022394002,-0.0407260782,-0.0127241243,-0.00189202336,-0.425308819,-0.178032424,1351,1302,1304,1347,1565,1453,1577,1403,-0.1175,-0.1175,-0.117226638,-0.0272349432,0.02,0.2425,0.2425,0.243143132,0.121169629,0.02,-0.1625,-0.1625,-0.16335146,-0.0536864523,0.02,0.1925,0.1925,0.192158803,0.085355007,0.02,0.495,0.495,0.464375126,16.5112409,1,-0.3825,-0.3825,-0.40535964,-10.6678799,1,0.3725,0.3725,0.429532081,14.0737927,1,-0.49,-0.49,-0.499745589,-15.5084373,1
299707.885,35.35,0.307037957,-0.0361025842,0.00986613356,-0.000718604812,0.00954308662,0.0945281615,0.363903553,0.00153392763,150.09763,-147.154539,2.94309079,0,40.1420745,-5.29917629,-0.12573768,0.384023073,2.97188982,0.440085263,12.1832171,38.580555,-1.61034958,-2.85539807,0.909919092,0.438208814,-0.802021296,0.118678311,148.405671,3.7286234,-1.09564032,0.256652853,0.0885704691,0.296745727,-0.00153392763,-0.000718604812,0.00954308662,0.0945281615,0,0,0,0,0,0,12.1832175,38.580556,-1.61034962,0.144500309,1.15691483,0.463401651,-11.6577305,-38.9724669,0.20494481,0.266175148,2.1564355,-0.882047322,-11.6577305,-38.9724669,0.20494481,0.266175148,2.1564355,-0.882047322,0.000713944358,0.000527762189,147.15458,0.0274958499,0.889365694,-0.00270637394,-0.0210256094,-0.0376984291,-0.00768406408,-0.00755199738,-0.467762497,-0.18032474,1351,1302,1304,1347,1565,1453,1577,1403,-0.1175,-0.1175,-0.117373332,-0.0273001961,0.02,0.2425,0.2425,0.242879948,0.121005731,0.02,-0.1625,-0.1625,-0.163003024,-0.0534694631,0.02,0.1925,0.1925,0.1923419,0.0855016087,0.02,0.495,0.495,0.465736003,16.6383639,1,-0.3825,-0.3825,-0.404795233,-10.6452845,1,0.3725,0.3725,0.428123953,13.9923652,1,-0.49,-0.49,-0.499504969,-15.4934527,1
299707.935,35.4,0.305992438,-0.0367754675,0.00942309808,-0.000929909803,-0.0128769692,0.085443943,0.363987566,0.00176913162,150.09763,-147.154539,2.94309079,0,40.1458963,-5.44647654,-0.12580674,0.395175833,2.97219705,0.40312178,12.1555571,38.6139197,-1.60641306,-2.85821223,0.906765124,0.401280812,-0.822666612,0.112233312,148.473925,3.71758723,-1.09036924,0.186527403,0.0875786372,0.294981519,-0.00176913162,-0.000929909803,-0.0128769692,0.085443943,0,0,0,0,0,0,12.1555574,38.6139207,-1.6064131,0.148995098,1.15704902,0.427086289,-11.5774218,-38.9362864,0.235771241,0.276490463,2.20139568,-0.778298173,-11.5774218,-38.9362864,0.235771241,0.276490463,2.20139568,-0.778298173,-0.000640748893,0.000668784557,147.154641,0.0289330637,0.888483327,-0.0027765868,-0.0174780457,-0.0314676531,-0.00119115343,0.00413335841,-0.415391988,-0.184525169,1351,1302,1304,1347,1565,1453,1577,1403,-0.1175,-0.1175,-0.117441306,-0.0273304323,0.02,0.2425,0.2425,0.242724465,0.120908904,0.02,-0.1625,-0.1625,-0.162797175,-0.0533412708,0.02,0.1925,0.1925,0.192426741,0.0855695395,0.02,0.495,0.495,0.467036406,16.7598379,1,-0.3825,-0.3825,-0.404244762,-10.6232469,1,0.3725,0.3725,0.426750593,13.9129481,1,-0.49,-0.49,-0.499270291,-15.4788381,1
299707.985,35.45,0.305136752,-0.0373709221,0.00901838428,-0.000929929379,-0.030741888,0.0761795036,0.364075213,0.0016906714,150.09763,-147.154539,2.94309079,0,40.1479275,-5.58844378,-0.125842736,0.405893606,2.97236355,0.367529201,12.1404845,38.6428933,-1.56142858,-2.86063323,0.904170274,0.36609569,-0.84068498,0.110112391,148.543145,3.60090635,-1.06723847,0.117534358,0.0867398766,0.293577981,-0.0016906714,-0.000929929379,-0.030741888,0.0761795036,0,0,0,0,0,0,12.1404849,38.6428943,-1.56142862,0.153295952,1.15712356,0.392118365,-11.5144385,-38.9212724,0.203364405,0.280454077,2.23369077,-0.677197692,-11.5144385,-38.9212724,0.203364405,0.280454077,2.23369077,-0.677197692,-0.00147604124,0.000770584523,147.155175,0.0299836861,0.88085092,-0.00283024078,-0.0144562297,-0.0228784251,0.00374005233,0.00497455146,-0.284336521,-0.188369006,1351,1302,1304,1347,1565,1453,1577,1403,-0.1175,-0.1175,-0.117472803,-0.0273444428,0.02,0.2425,0.2425,0.242632609,0.1208517,0.02,-0.1625,-0.1625,-0.162675564,-0.0532655377,0.02,0.1925,0.1925,0.192466054,0.0856010165,0.02,0.495,0.495,0.468279023,16.875914,1,-0.3825,-0.3825,-0.403707882,-10.6017535,1,0.3725,0.3725,0.425411141,13.8354918,1,-0.49,-0.49,-0.499041406,-15.4645843,1
299708.035,35.5,0.304419769,-0.0379048654,0.00871667557,-0.000812583813,-0.0407738697,0.0668384598,0.364151946,0.00135217676,150.09763,-147.154539,2.94309079,0,40.1482878,-5.72528505,-0.125861777,0.416207427,2.97239972,0.333253314,12.1383722,38.6668432,-1.48825332,-2.86261746,0.902390757,0.332503604,-0.857865304,0.11023994,148.594496,3.411322,-1.03315229,0.0511249597,0.0860762408,0.292630681,-0.00135217676,-0.000812583813,-0.0407738697,0.0668384598,0,0,0,0,0,0,12.1383726,38.6668443,-1.48825336,0.157424547,1.15714335,0.358444578,-11.4678946,-38.9210002,0.17516485,0.28263534,2.24981465,-0.57554749,-11.4678946,-38.9210002,0.17516485,0.28263534,2.24981465,-0.57554749,-0.00173876582,0.00077046259,147.155664,0.0306257486,0.868579375,-0.0028788824,-0.0113512553,-0.013586635,0.00892955662,0.00434479904,-0.106240239,-0.187491442,1351,1302,1304,1347,1565,1453,1577,1403,-0.1175,-0.1175,-0.117487398,-0.0273509349,0.02,0.2425,0.2425,0.242578342,0.120817906,0.02,-0.1625,-0.1625,-0.162603719,-0.0532207963,0.02,0.1925,0.1925,0.192484271,0.085615602,0.02,0.495,0.495,0.469466422,16.986832,1,-0.3825,-0.3825,-0.403184258,-10.5807907,1,0.3725,0.3725,0.424104761,13.759948,1,-0.49,-0.49,-0.498818173,-15.4506825,1
299708.085,35.55,0.30379536,-0.0383868713,0.008554386,-0.000584193876,-0.0415491279,0.057753556,0.36420706,0.000856099702,150.09763,-147.154539,2.94309079,0,40.1338566,-5.84396513,-0.125871994,0.425145338,2.97132029,0.303817685,12.1339863,38.6741435,-1.40400298,-2.86327963,0.900597861,0.30389351,-0.871806292,0.112496888,148.619181,3.19398377,-0.996180969,-0.0106800351,0.0855904009,0.2921576,-0.000856099702,-0.000584193876,-0.0415491279,0.057753556,0,0,0,0,0,0,12.1339866,38.6741445,-1.40400302,0.160998119,1.15671616,0.329531141,-11.4146157,-38.9131966,0.106357361,0.284360509,2.24800842,-0.473100059,-11.4146157,-38.9131966,0.106357361,0.284360509,2.24800842,-0.473100059,-0.00153703138,0.000645676542,147.155708,0.0309549962,0.854588044,-0.00292696663,-0.00760335515,-0.00396838138,0.0106272873,0.00395903574,0.0800898139,-0.175363545,1351,1302,1304,1347,1565,1453,1577,1403,-0.1175,-0.1175,-0.117494161,-0.0273539431,0.02,0.2425,0.2425,0.242546283,0.120797941,0.02,-0.1625,-0.1625,-0.162561275,-0.0531943641,0.02,0.1925,0.1925,0.192492711,0.0856223604,0.02,0.495,0.495,0.470601057,17.0741057,1,-0.3825,-0.3825,-0.402673561,-10.5603455,1,0.3725,0.3725,0.422830634,13.6862693,1,-0.49,-0.49,-0.498600452,-15.4371238,1
299708.135,35.6,0.303257069,-0.0388172584,0.00852434408,-0.000280829961,-0.0336567266,0.0470647073,0.364236328,0.000340986421,150.09763,-147.154539,2.94309079,0,40.1627916,-5.98450517,-0.131995109,0.435653066,2.97284471,0.204681398,12.1758211,38.7149654,-1.33506202,-2.86648192,0.900301802,0.205503803,-0.889987088,0.109761009,148.617422,2.99531673,-0.966441247,-0.145501478,0.0852779488,0.292125,-0.000340986421,-0.000280829961,-0.0336567266,0.0470647073,0,0,0,0,0,0,12.1758214,38.7149665,-1.33506206,0.165153438,1.15690579,0.231013228,-11.3952243,-38.9229882,0.035117171,0.28421504,2.22946416,-0.350635195,-11.3952243,-38.9229882,0.035117171,0.28421504,2.22946416,-0.350635195,-0.0010173101,0.000416363431,147.155306,0.0310764349,0.841869815,-0.00297340387,-0.00277712374,0.00509756632,0.00944392482,0.00710932946,0.236620256,-0.300252935,1380,1271,1335,1316,1564,1455,1580,1399,-0.1125,-0.1125,-0.115992541,-0.0266859902,0.02,0.2525,0.2525,0.246596239,0.123320053,0.02,-0.16,-0.16,-0.161784067,-0.0527103571,0.02,0.2,0.2,0.195551417,0.0880714027,0.02,0.5725,0.5725,0.474044084,17.2885204,1,-0.46,-0.46,-0.404262513,-10.6239576,1,0.3,0.3,0.420365884,13.5437406,1,-0.4125,-0.4125,-0.497081741,-15.3425461,1
299708.185,35.65,0.302886429,-0.0392205578,0.00862231159,0.000142896803,-0.0192391597,0.0288127038,0.364241689,-8.52052926e-05,150.09763,-147.154539,2.94309079,0,40.1956917,-6.15299977,-0.136969896,0.448266465,2.97483893,0.0705349501,12.2739288,38.7461309,-1.28833783,-2.86944003,0.903737989,0.0718069313,-0.909351442,0.10938576,148.591453,2.85537953,-0.949486093,-0.331337776,0.0852629984,0.292487628,8.52052926e-05,0.000142896803,-0.0192391597,0.0288127038,0,0,0,0,0,0,12.2739291,38.7461319,-1.28833787,0.170150881,1.15739103,0.0976081518,-11.3898232,-38.9278992,-0.017805521,0.285320515,2.20396738,-0.151184114,-11.3898232,-38.9278992,-0.017805521,0.285320515,2.20396738,-0.151184114,-0.000357502961,0.000140257139,147.15479,0.0310825052,0.832989749,-0.00301203155,0.00430290377,0.0107852345,0.00671188117,0.0198161377,0.336432029,-0.435651006,1380,1271,1335,1316,1564,1455,1580,1399,-0.1125,-0.1125,-0.114563315,-0.0260502391,0.02,0.2525,0.2525,0.249764378,0.125293013,0.02,-0.16,-0.16,-0.161053986,-0.0522556993,0.02,0.2,0.2,0.197938663,0.0899828208,0.02,0.5725,0.5725,0.478419166,17.5609789,1,-0.46,-0.46,-0.406739318,-10.7231139,1,0.3,0.3,0.41739404,13.3487045,1,-0.4125,-0.4125,-0.494993411,-15.2124952,1
299708.235,35.7,0.302599723,-0.0395130323,0.00881563687,0.000668262136,-0.00142098289,0.00525646942,0.364230104,-0.000336036318,150.09763,-147.154539,2.94309079,0,40.187636,-6.28444954,-0.139194708,0.458170911,2.97406863,-0.0506594767,12.3700338,38.7288934,-1.27076972,-2.86899328,0.907757156,-0.0492511163,-0.922181548,0.110903241,148.544534,2.80033508,-0.948379899,-0.514380391,0.0855125313,0.293010041,0.000336036318,0.000668262136,-0.00142098289,0.00525646942,0,0,0,0,0,0,12.3700341,38.7288944,-1.27076975,0.174113797,1.15697506,-0.0230078993,-11.4305168,-38.925212,-0.0441608902,0.28021276,2.18573313,0.0856584309,-11.4305168,-38.925212,-0.0441608902,0.28021276,2.18573313,0.0856584309,-5.11853563e-06,4.05387874e-07,147.154541,0.0312123316,0.829621307,-0.0030385115,0.00689406532,0.0113691494,0.00295265222,0.00908065753,0.366074889,-0.511498159,1380,1271,1335,1316,1564,1455,1580,1399,-0.1125,-0.1125,-0.11371896,-0.0256746516,0.02,0.2525,0.2525,0.251232397,0.125987944,0.02,-0.16,-0.16,-0.160622671,-0.0519870976,0.02,0.2,0.2,0.19904484,0.0908685134,0.02,0.5725,0.5725,0.482599833,17.7750716,1,-0.46,-0.46,-0.409106061,-10.817864,1,0.3,0.3,0.41449557,13.1553091,1,-0.4125,-0.4125,-0.492956641,-15.0856552,1
299708.285,35.75,0.302375039,-0.0395794767,0.0090503963,0.000960512341,0.0161644168,-0.0211463808,0.364211798,-0.00035501228,150.09763,-147.154539,2.94309079,0,40.17797,-6.3704735,-0.140288267,0.464650265,2.97328134,-0.168499594,12.4693806,38.7004789,-1.28816439,-2.86790378,0.912045118,-0.167318668,-0.928467572,0.107676905,148.488856,2.83846291,-0.963775716,-0.695185865,0.0859158628,0.293512128,0.00035501228,0.000960512341,0.0161644168,-0.0211463808,0,0,0,0,0,0,12.469381,38.7004799,-1.28816443,0.176704868,1.15661986,-0.140469515,-11.4637508,-38.8729875,-0.049708777,0.274785299,2.17164155,0.339935946,-11.4637508,-38.8729875,-0.049708777,0.274785299,2.17164155,0.339935946,-0.000217073446,0.000100091763,147.154718,0.0315240773,0.832262747,-0.0030466009,0.0107248632,0.0109858911,-0.00219625164,0.00356392953,0.320361745,-0.561441102,1380,1271,1335,1316,1564,1455,1580,1399,-0.1125,-0.1125,-0.113220134,-0.025452763,0.02,0.2525,0.2525,0.251912631,0.126290527,0.02,-0.16,-0.16,-0.16036786,-0.0518284138,0.02,0.2,0.2,0.199557408,0.0912789162,0.02,0.5725,0.5725,0.486594723,17.9527731,1,-0.46,-0.46,-0.411367633,-10.9388213,1,0.3,0.3,0.411668665,12.9666887,1,-0.4125,-0.4125,-0.49097016,-14.961947,1
299708.335,35.8,0.30235262,-0.039409144,0.00927728791,0.00099289865,0.0293734785,-0.0489183604,0.364198479,-0.000147684525,150.09763,-147.154539,2.94309079,0,40.2251418,-6.43270549,-0.140843476,0.469333015,2.97680811,-0.27733331,12.6065983,38.7136282,-1.33799832,-2.87006591,0.9190707,-0.276775095,-0.932498436,0.0973476874,148.436958,2.9575928,-0.993185178,-0.881689252,0.0864813941,0.293938785,0.000147684525,0.00099289865,0.0293734785,-0.0489183604,0,0,0,0,0,0,12.6065987,38.7136292,-1.33799835,0.178574732,1.15801202,-0.249029413,-11.5230796,-38.8063697,-0.0126259554,0.270905207,2.14183618,0.633751159,-11.5230796,-38.8063697,-0.0126259554,0.270905207,2.14183618,0.633751159,-0.000916514076,0.000412490055,147.155125,0.0318606069,0.840127847,-0.0030381447,0.0149982993,0.00972062743,-0.00587425567,0.00743157695,0.194993972,-0.564309951,1380,1271,1335,1316,1564,1455,1580,1399,-0.1125,-0.1125,-0.112925439,-0.0253216762,0.02,0.2525,0.2525,0.252227831,0.126430735,0.02,-0.16,-0.16,-0.160217324,-0.051734667,0.02,0.2,0.2,0.199794916,0.0914690843,0.02,0.5725,0.5725,0.490412093,18.1335765,1,-0.46,-0.46,-0.413528708,-11.0734023,1,0.3,0.3,0.408911555,12.8214585,1,-0.4125,-0.4125,-0.489032725,-14.8585037,1
299708.385,35.85,0.302755043,-0.0390961838,0.00944329073,0.00131365667,0.0353611025,-0.0763493206,0.364200517,0.000239099496,150.09763,-147.154539,2.94309079,0,40.3810108,-6.52511772,-0.141129389,0.476282642,2.98852433,-0.384492881,12.8442215,38.8105607,-1.41048395,-2.87869992,0.933207092,-0.384927158,-0.94028602,0.0825177152,148.408159,3.1263036,-1.0327523,-1.07982036,0.0873401321,0.294361096,-0.000239099496,0.00131365667,0.0353611025,-0.0763493206,0,0,0,0,0,0,12.8442219,38.8105618,-1.41048399,0.181347326,1.16268171,-0.355782373,-11.6258723,-38.796105,0.0366076623,0.262030459,2.11624521,0.945859994,-11.6258723,-38.796105,0.0366076623,0.262030459,2.11624521,0.945859994,-0.00171121761,0.000843681938,147.155387,0.0320007725,0.851235982,-0.00300373438,0.0229862434,0.0088745981,-0.00844514802,0.0173567666,0.0347109055,-0.55732627,1380,1271,1335,1316,1564,1455,1580,1399,-0.1125,-0.1125,-0.11275134,-0.0252442331,0.02,0.2525,0.2525,0.252373885,0.126495703,0.02,-0.16,-0.16,-0.16012839,-0.0516792835,0.02,0.2,0.2,0.199904971,0.0915572024,0.02,0.5725,0.5725,0.49405983,18.3931914,1,-0.46,-0.46,-0.415593751,-11.202003,1,0.3,0.3,0.40622252,12.7377286,1,-0.4125,-0.4125,-0.487143125,-14.7744502,1
299708.435,35.9,0.303465327,-0.0387285179,0.00952955601,0.00203132248,0.0332709939,-0.102953268,0.364224272,0.000698414838,150.09763,-147.154539,2.94309079,0,40.5276107,-6.61341892,-0.141278795,0.482922337,2.99954886,-0.487530811,13.1296485,38.879898,-1.48672793,-2.88536385,0.950619486,-0.489072294,-0.944777329,0.0776508109,148.403947,3.30371858,-1.07843633,-1.27833005,0.0885515844,0.294609513,-0.000698414838,0.00203132248,0.0332709939,-0.102953268,0,0,0,0,0,0,13.1296488,38.8798991,-1.48672797,0.183995807,1.16707927,-0.458431781,-11.7829017,-38.8268599,0.0984289569,0.248073993,2.10995354,1.2692574,-11.7829017,-38.8268599,0.0984289569,0.248073993,2.10995354,1.2692574,-0.00213022317,0.00130406346,147.155287,0.0318386637,0.862985421,-0.00295090668,0.029929833,0.003879316,-0.00850363217,0.0192065686,-0.121937599,-0.533671391,1380,1271,1335,1316,1564,1455,1580,1399,-0.1125,-0.1125,-0.112648486,-0.0251984814,0.02,0.2525,0.2525,0.252441562,0.126525807,0.02,-0.16,-0.16,-0.16007585,-0.0516465642,0.02,0.2,0.2,0.199955966,0.0915980336,0.02,0.5725,0.5725,0.497545473,18.6412698,1,-0.46,-0.46,-0.41756703,-11.3248891,1,0.3,0.3,0.403599876,12.656066,1,-0.4125,-0.4125,-0.48530018,-14.692472,1
299708.485,35.95,0.304330064,-0.0383269821,0.00952213552,0.00294253551,0.0242777933,-0.128059617,0.364270687,0.00112964863,150.09763,-147.154539,2.94309079,0,40.6598991,-6.69227978,-0.141358023,0.488852026,3.00949859,-0.585125179,13.4547601,38.9178281,-1.55115315,-2.88969297,0.970957379,-0.587661356,-0.948612487,0.080526135,148.424988,3.45003661,-1.1249493,-1.46966245,0.0900904806,0.29458414,-0.00112964863,0.00294253551,0.0242777933,-0.128059617,0,0,0,0,0,0,13.4547604,38.9178292,-1.55115319,0.186360985,1.17104921,-0.555679164,-11.9894074,-38.8717504,0.148790845,0.2349026,2.12604274,1.59267931,-11.9894074,-38.8717504,0.148790845,0.2349026,2.12604274,1.59267931,-0.00183627114,0.00172564976,147.154932,0.0312785387,0.872855154,-0.00290281598,0.0366498357,-0.00131917463,-0.00750683777,0.0235417861,-0.235575781,-0.495563532,1380,1271,1335,1316,1564,1455,1580,1399,-0.1125,-0.1125,-0.112587722,-0.0251714524,0.02,0.2525,0.2525,0.252472922,0.126539757,0.02,-0.16,-0.16,-0.16004481,-0.0516272343,0.02,0.2,0.2,0.199979596,0.0916169536,0.02,0.5725,0.5725,0.500876225,18.870529,1,-0.46,-0.46,-0.419452622,-11.4423144,1,0.3,0.3,0.401041986,12.5764196,1,-0.4125,-0.4125,-0.483502737,-14.6125178,1
299708.536,36,0.305206786,-0.0379215952,0.00943175573,0.00394095861,0.0110516755,-0.151035333,0.364336081,0.00144652684,150.09763,-147.154539,2.94309079,0,40.7300725,-6.79213081,-0.141400642,0.496360292,3.01477729,-0.679161885,13.8375596,38.8726568,-1.59070468,-2.88774265,0.995807812,-0.682514242,-0.954460087,0.0937518674,148.466351,3.53610972,-1.1670249,-1.65251297,0.0919455232,0.294263481,-0.00144652684,0.00394095861,0.0110516755,-0.151035333,0,0,0,0,0,0,13.83756,38.8726578,-1.59070472,0.189355985,1.17315588,-0.649276527,-12.2454315,-38.9093445,0.177432894,0.220889784,2.16222468,1.90669786,-12.2454315,-38.9093445,0.177432894,0.220889784,2.16222468,1.90669786,-0.000773151227,0.00208919366,147.15461,0.0303633321,0.878971888,-0.002874964,0.0442414816,-0.00838080922,-0.00489996254,0.0278927387,-0.28702233,-0.454175335,1380,1271,1335,1316,1564,1455,1580,1399,-0.1125,-0.1125,-0.112551824,-0.0251554842,0.02,0.2525,0.2525,0.252487453,0.12654622,0.02,-0.16,-0.16,-0.160026473,-0.0516158147,0.02,0.2,0.2,0.199990545,0.0916257205,0.02,0.5725,0.5725,0.504058968,19.0687345,1,-0.46,-0.46,-0.421254424,-11.5377819,1,0.3,0.3,0.398547251,12.4599668,1,-0.4125,-0.4125,-0.481749673,-14.5345377,1
299708.586,36.05,0.30592325,-0.0376311258,0.00928688901,0.00510556214,-0.00304216973,-0.172121008,0.364413111,0.00159607773,150.09763,-147.154539,2.94309079,0,40.770298,-6.9121966,-0.141423879,0.505388857,3.01780355,-0.77359296,14.2777646,38.7762471,-1.60117487,-2.88189818,1.02528787,-0.777463775,-0.962084223,0.112911819,148.516851,3.54875196,-1.20169454,-1.83151982,0.0941999206,0.293609755,-0.00159607773,0.00510556214,-0.00304216973,-0.172121008,0,0,0,0,0,0,14.277765,38.7762482,-1.60117491,0.192957577,1.17436385,-0.743179315,-12.5630557,-38.924416,0.20673594,0.205684511,2.20972429,2.2125871,-12.5630557,-38.924416,0.20673594,0.205684511,2.20972429,2.2125871,0.000817297153,0.00244443577,147.15453,0.0292809395,0.880531954,-0.00287753632,0.051504713,-0.0138206627,-0.000505889211,0.0284477369,-0.268696474,-0.418171068,1380,1271,1335,1316,1564,1455,1580,1399,-0.1125,-0.1125,-0.112530617,-0.0251460506,0.02,0.2525,0.2525,0.252494186,0.126549216,0.02,-0.16,-0.16,-0.16001564,-0.0516090682,0.02,0.2,0.2,0.199995619,0.0916297828,0.02,0.5725,0.5725,0.50710028,19.2581324,1,-0.46,-0.46,-0.42297616,-11.6220271,1,0.3,0.3,0.39611411,12.319266,1,-0.4125,-0.4125,-0.480039892,-14.458483,1
299708.636,36.1,0.306513439,-0.0374351124,0.00913778944,0.00623774652,-0.0146277752,-0.194310346,0.364492754,0.00156328055,150.09763,-147.154539,2.94309079,0,40.8874217,-7.07057375,-0.138710288,0.520664629,3.02618318,-0.958525747,14.8104281,38.7289439,-1.58544497,-2.8796086,1.0624277,-0.962678361,-0.974478869,0.129506344,148.56669,3.49158877,-1.23158924,-2.11010117,0.0968502383,0.292806549,-0.00156328055,0.00623774652,-0.0146277752,-0.194310346,0,0,0,0,0,0,14.8104285,38.7289449,-1.58544501,0.201074701,1.17746143,-0.927415248,-12.9215256,-38.9266196,0.202204102,0.189712505,2.26218733,2.5573805,-12.9215256,-38.9266196,0.202204102,0.189712505,2.26218733,2.5573805,0.00252866451,0.00290136346,147.154667,0.0283111397,0.877806445,-0.00290561825,0.0637375194,-0.0124313104,0.00283800655,0.0372473953,-0.184208308,-0.550746301,1413,1241,1364,1287,1559,1445,1586,1408,-0.1375,-0.1375,-0.122697982,-0.0299087405,0.02,0.23,0.23,0.245727622,0.122779122,0.02,-0.1475,-0.1475,-0.156248573,-0.0495968688,0.02,0.215,0.215,0.206107559,0.0954367761,0.02,0.6475,0.6475,0.512289166,19.6321841,1,-0.5325,-0.5325,-0.426828018,-11.8105001,1,0.2175,0.2175,0.392350399,12.1016225,1,-0.34,-0.34,-0.477150244,-14.2792397,1
299708.69,36.15,0.30717736,-0.0373890829,0.00903668006,0.00761836148,-0.0209169447,-0.224235725,0.364566713,0.00138220266,150.09763,-147.154539,2.94309079,0,41.0956948,-7.28221505,-0.135303152,0.539706077,3.04164943,-1.18602645,15.4652653,38.7339015,-1.55420131,-2.88195383,1.10782685,-1.19022452,-0.992699046,0.148182433,148.611168,3.38546806,-1.25965684,-2.48063805,0.100134678,0.292115899,-0.00138220266,0.00761836148,-0.0209169447,-0.224235725,0,0,0,0,0,0,15.4652657,38.7339025,-1.55420135,0.210549963,1.18352872,-1.15398474,-13.3969764,-38.9999444,0.167617192,0.167699608,2.30830448,3.05111682,-13.3969764,-38.9999444,0.167617192,0.167699608,2.30830448,3.05111682,0.00402245089,0.00378007904,147.154822,0.0276586514,0.87220277,-0.00294650997,0.0754273451,-0.0105619486,0.00495605476,0.0272637066,-0.0633872799,-0.66681743,1413,1241,1364,1287,1559,1445,1586,1408,-0.1375,-0.1375,-0.130641198,-0.0342057632,0.02,0.23,0.23,0.239291525,0.11870801,0.02,-0.1475,-0.1475,-0.15266846,-0.0476858541,0.02,0.215,0.215,0.210879515,0.0984867598,0.02,0.6475,0.6475,0.518297525,20.1399874,1,-0.5325,-0.5325,-0.43152376,-12.0402646,1,0.2175,0.2175,0.388033327,11.8694763,1,-0.34,-0.34,-0.473763992,-14.0683607,1
299708.76,36.2,0.30776192,-0.0372636671,0.0090206432,0.00835581484,-0.0211642153,-0.25624675,0.364628863,0.00110301418,150.09763,-147.154539,2.94309079,0,41.2013172,-7.36869766,-0.133007589,0.548015681,3.04960247,-1.3737412,16.038841,38.6306613,-1.51377954,-2.87623247,1.14769496,-1.37755014,-0.993986234,0.173328195,148.634496,3.26204151,-1.28629545,-2.82377658,0.103821714,0.291436801,-0.00110301418,0.00835581484,-0.0211642153,-0.25624675,0,0,0,0,0,0,16.0388414,38.6306623,-1.51377957,0.214950553,1.18671773,-1.34131897,-13.9233092,-39.0293178,0.135118431,0.153897335,2.33717227,3.60808897,-13.9233092,-39.0293178,0.135118431,0.153897335,2.33717227,3.60808897,0.00483344186,0.00490383386,147.154825,0.02745747,0.865574376,-0.00296031801,0.0787057745,-0.0128021464,0.00662175408,0.0118851597,0.0499899897,-0.637465912,1413,1241,1364,1287,1559,1445,1586,1408,-0.1375,-0.1375,-0.134321841,-0.0364978856,0.02,0.23,0.23,0.235489224,0.116001856,0.02,-0.1475,-0.1475,-0.15055341,-0.0465568697,0.02,0.215,0.215,0.213090694,0.100060488,0.02,0.6475,0.6475,0.524038891,20.4814986,1,-0.5325,-0.5325,-0.436010838,-12.2598191,1,0.2175,0.2175,0.383822844,11.6634557,1,-0.34,-0.34,-0.470461347,-13.8626884,1
299708.818,36.25,0.3082172,-0.0369402461,0.00908404113,0.0084673351,-0.0166767355,-0.285085576,0.364676201,0.000803145318,150.09763,-147.154539,2.94309079,0,41.3085836,-7.46155017,-0.13180488,0.555964206,3.05776265,-1.52953323,16.6774914,38.49369,-1.47928659,-2.86799222,1.19279529,-1.53308204,-0.99499603,0.191778751,148.635956,3.15034679,-1.31303017,-3.11767505,0.107736606,0.290685393,-0.000803145318,0.0084673351,-0.0166767355,-0.285085576,0,0,0,0,0,0,16.6774918,38.4936911,-1.47928662,0.218702144,1.19003476,-1.49670245,-14.4424302,-38.9615255,0.0956944109,0.140553987,2.32991005,4.12768181,-14.4424302,-38.9615255,0.0956944109,0.140553987,2.32991005,4.12768181,0.00473352619,0.0061093785,147.154698,0.0275428971,0.859709613,-0.00292348926,0.0873156909,-0.0128661909,0.00599357616,0.0090038985,0.125935265,-0.559756085,1413,1241,1364,1287,1559,1445,1586,1408,-0.1375,-0.1375,-0.136027339,-0.037559985,0.02,0.23,0.23,0.23324291,0.114403121,0.02,-0.1475,-0.1475,-0.149303886,-0.0458279617,0.02,0.215,0.215,0.214115286,0.100789706,0.02,0.6475,0.6475,0.529525128,20.7499423,1,-0.5325,-0.5325,-0.440298523,-12.4709451,1,0.2175,0.2175,0.379716318,11.4625217,1,-0.34,-0.34,-0.467240245,-13.73575,1
299708.869,36.3,0.308787129,-0.0366986526,0.0092064358,0.00897256068,-0.00926881673,-0.311685045,0.364709677,0.000559989998,150.09763,-147.154539,2.94309079,0,41.531957,-7.65278197,-0.131165845,0.570868832,3.07465641,-1.70898692,17.4912217,38.411005,-1.462048,-2.86445079,1.24970809,-1.7126561,-1.01258896,0.208377854,148.628748,3.06889925,-1.34774222,-3.43813749,0.112193514,0.289946754,-0.000559989998,0.00897256068,-0.00926881673,-0.311685045,0,0,0,0,0,0,17.4912222,38.411006,-1.46204804,0.224963093,1.19683486,-1.67531473,-15.0465612,-38.9165756,0.0563069136,0.125459001,2.30619817,4.63679416,-15.0465612,-38.9165756,0.0563069136,0.125459001,2.30619817,4.63679416,0.00391388522,0.00759603214,147.154568,0.0278992317,0.855955309,-0.00285995792,0.100952143,-0.0129005842,0.00349989559,0.0200473994,0.165094276,-0.549288333,1413,1241,1364,1287,1559,1445,1586,1408,-0.1375,-0.1375,-0.136817614,-0.0380521292,0.02,0.23,0.23,0.231915838,0.113458624,0.02,-0.1475,-0.1475,-0.148565695,-0.0453682531,0.02,0.215,0.215,0.214590051,0.101127603,0.02,0.6475,0.6475,0.534767573,21.1549077,1,-0.5325,-0.5325,-0.444395677,-12.6896455,1,0.2175,0.2175,0.375711183,11.2665489,1,-0.34,-0.34,-0.464098672,-13.6239548,1
299708.919,36.35,0.309406128,-0.0366319173,0.00936290103,0.00980527808,-0.00099166058,-0.337378093,0.364733498,0.000415221924,150.09763,-147.154539,2.94309079,0,41.7510978,-7.84668231,-0.130807969,0.585734901,3.09120936,-1.88433723,18.3576465,38.2831807,-1.46170874,-2.85789606,1.30997161,-1.88833047,-1.02892868,0.234141593,148.614507,3.02648511,-1.3961204,-3.76000286,0.117233459,0.289024475,-0.000415221924,0.00980527808,-0.00099166058,-0.337378093,0,0,0,0,0,0,18.357647,38.2831818,-1.46170878,0.231064867,1.20348422,-1.84981188,-15.7509319,-38.911106,0.045729939,0.106165412,2.27671846,5.15877091,-15.7509319,-38.911106,0.045729939,0.106165412,2.27671846,5.15877091,0.00274057341,0.009369578,147.154519,0.0284638878,0.854967002,-0.00278790048,0.110950815,-0.0195000008,0.00216727436,0.0239729015,0.160214487,-0.521650091,1413,1241,1364,1287,1559,1445,1586,1408,-0.1375,-0.1375,-0.137183803,-0.0382801738,0.02,0.23,0.23,0.231131834,0.112900637,0.02,-0.1475,-0.1475,-0.148129589,-0.0450966675,0.02,0.215,0.215,0.214810042,0.101284174,0.02,0.6475,0.6475,0.53977706,21.5560069,1,-0.5325,-0.5325,-0.448310765,-12.8986275,1,0.2175,0.2175,0.371804935,11.0754146,1,-0.34,-0.34,-0.461034665,-13.5149198,1
299708.968,36.4,0.309803053,-0.0365783733,0.00951989072,0.0104225356,0.0059310185,-0.360420805,0.36475275,0.000376549195,150.09763,-147.154539,2.94309079,0,41.8183214,-7.93325664,-0.130605651,0.59240203,3.09631581,-2.03260161,19.1259836,37.9967576,-1.47268071,-2.83955647,1.36286409,-2.03693436,-1.02836855,0.269366278,148.591274,3.02133761,-1.45860529,-4.03734062,0.122539356,0.287595017,-0.000376549195,0.0104225356,0.0059310185,-0.360420805,0,0,0,0,0,0,19.1259841,37.9967586,-1.47268074,0.233818836,1.20555305,-1.99769533,-16.4854389,-38.8248182,0.0444245378,0.0901081936,2.24443035,5.64544168,-16.4854389,-38.8248182,0.0444245378,0.0901081936,2.24443035,5.64544168,0.00167386928,0.0110962085,147.154543,0.0289961375,0.856547524,-0.00271685424,0.111747068,-0.0326663792,-0.00028580042,0.00955709116,0.110176368,-0.453410705,1413,1241,1364,1287,1559,1445,1586,1408,-0.1375,-0.1375,-0.137353484,-0.0383858427,0.02,0.23,0.23,0.230668662,0.11257099,0.02,-0.1475,-0.1475,-0.147871947,-0.0449362209,0.02,0.215,0.215,0.214911979,0.101356724,0.02,0.6475,0.6475,0.54456394,21.7971726,1,-0.5325,-0.5325,-0.452051879,-13.0891958,1,0.2175,0.2175,0.367995133,10.8711633,1,-0.34,-0.34,-0.458046309,-13.3825056,1
299709.019,36.45,0.309901253,-0.0364722064,0.00963711725,0.0108335395,0.00995235042,-0.380930389,0.364772756,0.000436828858,150.09763,-147.154539,2.94309079,0,41.8474931,-8.01892549,-0.130490345,0.598931601,3.09854339,-2.17851351,19.9184615,37.6371576,-1.49403093,-2.81611712,1.41699682,-2.18339545,-1.02968566,0.299192313,148.565763,3.04143835,-1.5327718,-4.29979648,0.127943642,0.285539776,-0.000436828858,0.0108335395,0.00995235042,-0.380930389,0,0,0,0,0,0,19.918462,37.6371586,-1.49403097,0.236476175,1.20646258,-2.1432303,-17.2252541,-38.6326007,0.0511768758,0.0778047316,2.22504422,6.0903611,-17.2252541,-38.6326007,0.0511768758,0.0778047316,2.22504422,6.0903611,0.00118024271,0.012596,147.154576,0.0291678767,0.859934825,-0.0026517377,0.114736191,-0.0448294845,-0.00238951052,0.0140555401,0.0467123246,-0.413356172,1413,1241,1364,1287,1559,1445,1586,1408,-0.1375,-0.1375,-0.137432109,-0.0384348064,0.02,0.23,0.23,0.230395031,0.112376242,0.02,-0.1475,-0.1475,-0.147719738,-0.0448414326,0.02,0.215,0.215,0.214959214,0.101390342,0.02,0.6475,0.6475,0.549138106,22.0209884,1,-0.5325,-0.5325,-0.45562675,-13.2641156,1,0.2175,0.2175,0.364279395,10.6562939,1,-0.34,-0.34,-0.455131735,-13.2398944,1
299709.068,36.5,0.309896528,-0.0364196801,0.00968092436,0.0114642494,0.0109510568,-0.40041917,0.36479837,0.000587561004,150.09763,-147.154539,2.94309079,0,41.9365996,-8.16801914,-0.130424181,0.610192534,3.10526588,-2.33719541,20.8198892,37.2776829,-1.52266312,-2.79324472,1.47857864,-2.34287913,-1.03976383,0.325809436,148.554448,3.07066431,-1.61533485,-4.578589,0.133574735,0.283003172,-0.000587561004,0.0114642494,0.0109510568,-0.40041917,0,0,0,0,0,0,20.8198898,37.2776839,-1.52266315,0.240998076,1.20915775,-2.30125619,-18.0009083,-38.3754723,0.0887585206,0.0619913625,2.22350342,6.52631563,-18.0009083,-38.3754723,0.0887585206,0.0619913625,2.22350342,6.52631563,0.00145698621,0.0139517394,147.154581,0.0288771041,0.864188995,-0.00259332738,0.121721334,-0.0524396774,-0.00211806836,0.0223148288,-0.00779230496,-0.414825428,1413,1241,1364,1287,1559,1445,1586,1408,-0.1375,-0.1375,-0.137468541,-0.0384574947,0.02,0.23,0.23,0.230233375,0.11226119,0.02,-0.1475,-0.1475,-0.147629816,-0.0447854339,0.02,0.215,0.215,0.214981101,0.101405919,0.02,0.6475,0.6475,0.55350901,22.3285115,1,-0.5325,-0.5325,-0.459042763,-13.4312625,1,0.2175,0.2175,0.360655398,10.4467297,1,-0.34,-0.34,-0.452289122,-13.1008042,1
299709.119,36.55,0.309869765,-0.0364831102,0.00967849578,0.0123657013,0.00964630726,-0.419376536,0.364832229,0.000767333028,150.09763,-147.154539,2.94309079,0,42.0453557,-8.31103974,-0.130385998,0.620975542,3.11345792,-2.47893854,21.7513478,36.8967998,-1.55156281,-2.76886769,1.5428601,-2.48542181,-1.04775409,0.355343241,148.553451,3.09517175,-1.70271817,-4.85215268,0.13950373,0.280058693,-0.000767333028,0.0123657013,0.00964630726,-0.419376536,0,0,0,0,0,0,21.7513484,36.8968008,-1.55156285,0.245316553,1.21243418,-2.44237004,-18.8491228,-38.1202688,0.0936597637,0.0414083309,2.24002556,6.96664619,-18.8491228,-38.1202688,0.0936597637,0.0414083309,2.24002556,6.96664619,0.0024326889,0.0151902572,147.15456,0.0282700514,0.868422806,-0.00254895009,0.125868756,-0.0603461242,-0.00368080981,0.0144697277,-0.046153487,-0.386915026,1413,1241,1364,1287,1559,1445,1586,1408,-0.1375,-0.1375,-0.137485423,-0.0384680078,0.02,0.23,0.23,0.230137873,0.112193219,0.02,-0.1475,-0.1475,-0.147576692,-0.0447523511,0.02,0.215,0.215,0.214991243,0.101413137,0.02,0.6475,0.6475,0.557685684,22.6443504,1,-0.5325,-0.5325,-0.46230698,-13.5601961,1,0.2175,0.2175,0.357120879,10.2935675,1,-0.34,-0.34,-0.449516694,-12.9629983,1
299709.171,36.6,0.310022792,-0.0367649887,0.00963094561,0.0138628259,0.00735456769,-0.442970191,0.364875527,0.000963086425,150.09763,-147.154539,2.94309079,0,42.5259484,-8.71287475,-0.134389977,0.65736228,3.15444631,-2.81637108,23.0847069,36.727972,-1.59402394,-2.7661574,1.63916591,-2.82420097,-1.09155917,0.375025334,148.569154,3.10187667,-1.79979625,-5.38238719,0.145937061,0.276878364,-0.000963086425,0.0138628259,0.00735456769,-0.442970191,0,0,0,0,0,0,23.0847076,36.7279731,-1.59402398,0.263540349,1.23168216,-2.77803451,-19.8168987,-37.9455107,0.126502706,0.0184903858,2.27803024,7.54581834,-19.8168987,-37.9455107,0.126502706,0.0184903858,2.27803024,7.54581834,0.00395671487,0.0168090897,147.154547,0.0275808191,0.872157843,-0.00251609913,0.150553483,-0.0595282633,-0.00347595894,0.0577920947,-0.0362071795,-0.709914454,1477,1172,1429,1221,1527,1451,1587,1434,-0.1225,-0.1225,-0.132979232,-0.0356617752,0.02,0.165,0.165,0.210525985,0.0982351474,0.02,-0.0675,-0.0675,-0.123477041,-0.0303245917,0.02,0.2175,0.2175,0.216014207,0.102141196,0.02,0.82,0.82,0.566927019,23.5588677,1,-0.6975,-0.6975,-0.470448132,-13.8618654,1,0.0575,0.0575,0.350976617,10.0475883,1,-0.1775,-0.1775,-0.444073566,-12.6724517,1
299709.222,36.65,0.310772909,-0.0372769915,0.00958515352,0.015628684,0.0063229451,-0.482317992,0.364929028,0.00116258755,150.09763,-147.154539,2.94309079,0,43.2185008,-8.98005168,-0.136597531,0.682913138,3.21087235,-3.25917631,24.434308,36.7257159,-1.63865212,-2.77789844,1.73304202,-3.26774348,-1.11056251,0.400936161,148.606807,3.0907404,-1.90869746,-6.11172206,0.153277349,0.273791936,-0.00116258755,0.015628684,0.0063229451,-0.482317992,0,0,0,0,0,0,24.4343087,36.7257169,-1.63865216,0.277014809,1.25679512,-3.21966417,-21.0233328,-38.0065729,0.15426826,-0.0165528234,2.32636663,8.5609328,-21.0233328,-38.0065729,0.15426826,-0.0165528234,2.32636663,8.5609328,0.00572529286,0.0197699549,147.154543,0.0272753002,0.875509657,-0.00249519636,0.159178589,-0.0611556749,-0.00227528514,0.0331048503,-0.0099669982,-0.88538651,1477,1172,1429,1221,1527,1451,1587,1434,-0.1225,-0.1225,-0.128690895,-0.0331076745,0.02,0.165,0.165,0.191895728,0.0851443686,0.02,-0.0675,-0.0675,-0.100569977,-0.0181478257,0.02,0.2175,0.2175,0.216811529,0.102708662,0.02,0.82,0.82,0.578172814,24.5776653,1,-0.6975,-0.6975,-0.480537628,-14.4806233,1,0.0575,0.0575,0.343730653,9.72961626,1,-0.1775,-0.1775,-0.437491841,-12.3322852,1
299709.272,36.7,0.3115001,-0.0376446408,0.00958639299,0.0167272612,0.00612784187,-0.523751278,0.36499116,0.00131250219,150.09763,-147.154539,2.94309079,0,43.7323158,-9.30645065,-0.135178707,0.710244479,3.2517701,-3.63573773,25.8552217,36.4396929,-1.67333036,-2.76691179,1.83121948,-3.64525433,-1.12689267,0.454794285,148.633013,3.07092768,-2.02198428,-6.82842568,0.160964987,0.270262454,-0.00131250219,0.0167272612,0.00612784187,-0.523751278,0,0,0,0,0,0,25.8552224,36.4396939,-1.6733304,0.289592918,1.27447467,-3.59478945,-22.2919183,-37.9853579,0.174210052,-0.0467583465,2.36746827,9.68262599,-22.2919183,-37.9853579,0.174210052,-0.0467583465,2.36746827,9.68262599,0.00754172324,0.0229505854,147.154515,0.0269951709,0.878640363,-0.00246006827,0.16757478,-0.0751236643,-0.00141636204,0.028569904,-0.00166995842,-0.853999875,1477,1172,1429,1221,1527,1451,1587,1434,-0.1225,-0.1225,-0.126157441,-0.0317553521,0.02,0.165,0.165,0.180889392,0.0771423426,0.02,-0.0675,-0.0675,-0.087036999,-0.0131798916,0.02,0.2175,0.2175,0.217180984,0.102971609,0.02,0.82,0.82,0.58891888,25.4858813,1,-0.6975,-0.6975,-0.490178777,-14.9126636,1,0.0575,0.0575,0.336663593,9.43009909,1,-0.1775,-0.1775,-0.43107262,-12.0181901,1
299709.322,36.75,0.312070943,-0.0376558446,0.00960846472,0.01695146,0.00614928942,-0.561562135,0.365060153,0.00143617007,150.09763,-147.154539,2.94309079,0,44.1369303,-9.29137275,-0.135315459,0.710470022,3.2833404,-3.97179877,26.9932389,36.0953699,-1.7046593,-2.75102613,1.90774078,-3.98153961,-1.10435381,0.487695773,148.647625,3.04697259,-2.13549245,-7.44911576,0.168667912,0.266223472,-0.00143617007,0.01695146,0.00614928942,-0.561562135,0,0,0,0,0,0,26.9932396,36.0953709,-1.70465934,0.290499981,1.2877558,-3.93091683,-23.5356613,-37.7700135,0.201018366,-0.0634575034,2.39828458,10.7315815,-23.5356613,-37.7700135,0.201018366,-0.0634575034,2.39828458,10.7315815,0.00937004652,0.0257298274,147.154449,0.0264532435,0.881603151,-0.00240001065,0.160646825,-0.0813725362,-0.000679936363,0.011375436,-0.00365543721,-0.751547664,1477,1172,1429,1221,1527,1451,1587,1434,-0.1225,-0.1225,-0.124660734,-0.0309564305,0.02,0.165,0.165,0.174387095,0.0735132585,0.02,-0.0675,-0.0675,-0.0790420197,-0.0103348188,0.02,0.2175,0.2175,0.217352178,0.10309345,0.02,0.82,0.82,0.599187423,26.0676654,1,-0.6975,-0.6975,-0.499391503,-15.4863866,1,0.0575,0.0575,0.32977102,9.15314351,1,-0.1775,-0.1775,-0.424811889,-11.7118501,1
299709.372,36.8,0.312842956,-0.0374662534,0.00964763337,0.0176173697,0.00615200586,-0.597835464,0.365134743,0.00154742377,150.09763,-147.154539,2.94309079,0,44.6915405,-9.59666169,-0.135474215,0.734205282,3.32570954,-4.3601406,28.5500372,35.6554047,-1.74228437,-2.72936192,2.01359318,-4.37107006,-1.12190946,0.524994963,148.665896,3.01713959,-2.2518562,-8.14708252,0.176667662,0.261907838,-0.00154742377,0.0176173697,0.00615200586,-0.597835464,0,0,0,0,0,0,28.550038,35.6554057,-1.74228441,0.300436182,1.30505586,-4.31791541,-24.8207904,-37.4762642,0.221218702,-0.0930289201,2.42683818,11.7806164,-24.8207904,-37.4762642,0.221218702,-0.0930289201,2.42683818,11.7806164,0.0115252738,0.0286125224,147.154398,0.0254880513,0.884677295,-0.00229636046,0.179159989,-0.0891179275,-0.000988506861,0.0381284529,0.00181491747,-0.794546041,1477,1172,1429,1221,1527,1451,1587,1434,-0.1225,-0.1225,-0.123776513,-0.0304844456,0.02,0.165,0.165,0.170545685,0.0714627668,0.02,-0.0675,-0.0675,-0.0743187657,-0.00865401368,0.02,0.2175,0.2175,0.217431504,0.103149907,0.02,0.82,0.82,0.608999664,26.9917539,1,-0.6975,-0.6975,-0.508194843,-15.9617101,1,0.0575,0.0575,0.323048624,8.85411671,1,-0.1775,-0.1775,-0.418705737,-11.3958021,1
299709.421,36.85,0.313444701,-0.0373413223,0.00969479185,0.0186209778,0.0060387749,-0.632039912,0.365214744,0.00164465792,150.09763,-147.154539,2.94309079,0,44.9396438,-9.70017385,-0.135100758,0.742554988,3.3448361,-4.65947919,29.8439463,34.9270129,-1.76800615,-2.68502822,2.10230176,-4.67129678,-1.10287046,0.584608514,148.676565,2.98229771,-2.36972438,-8.75953196,0.185001064,0.256831051,-0.00164465792,0.0186209778,0.0060387749,-0.632039912,0,0,0,0,0,0,29.8439472,34.9270139,-1.7680062,0.304107138,1.3129698,-4.61679856,-26.1745047,-37.0895087,0.23102299,-0.126697651,2.45731622,12.8127305,-26.1745047,-37.0895087,0.23102299,-0.126697651,2.45731622,12.8127305,0.0140353732,0.0314716363,147.154362,0.0243308328,0.887883643,-0.00217581862,0.174902802,-0.108250441,-0.000796080291,0.0264898259,-0.0116732311,-0.660838583,1477,1172,1429,1221,1527,1451,1587,1434,-0.1225,-0.1225,-0.123254135,-0.0302056075,0.02,0.165,0.165,0.168276266,0.0697913297,0.02,-0.0675,-0.0675,-0.0715283735,-0.00766103184,0.02,0.2175,0.2175,0.217468261,0.103176068,0.02,0.82,0.82,0.618375878,27.6112558,1,-0.6975,-0.6975,-0.516606989,-16.2931816,1,0.0575,0.0575,0.316492205,8.62488664,1,-0.1775,-0.1775,-0.412750346,-11.0249298,1
299709.471,36.9,0.313874511,-0.0370863232,0.00971679659,0.0194973174,0.00551995518,-0.661471046,0.365299581,0.00175087203,150.09763,-147.154539,2.94309079,0,45.3588251,-9.83928711,-0.134833503,0.753379867,3.37665718,-4.95301611,31.2900623,34.2337261,-1.79910127,-2.64385074,2.20275592,-4.9658517,-1.09581764,0.619065012,148.685935,2.93955365,-2.48818904,-9.32945501,0.193350762,0.251100129,-0.00175087203,0.0194973174,0.00551995518,-0.661471046,0,0,0,0,0,0,31.2900632,34.233727,-1.79910131,0.308644098,1.32584505,-4.90972338,-27.5202091,-36.5293395,0.250924079,-0.157682514,2.4876389,13.7210832,-27.5202091,-36.5293395,0.250924079,-0.157682514,2.4876389,13.7210832,0.016791808,0.0337778322,147.154323,0.022899005,0.890908505,-0.00204507002,0.181692346,-0.114890165,-0.00109418848,0.0309395481,-0.0088947688,-0.611723898,1477,1172,1429,1221,1527,1451,1587,1434,-0.1225,-0.1225,-0.122945526,-0.0300408762,0.02,0.165,0.165,0.166935544,0.0687178417,0.02,-0.0675,-0.0675,-0.0698798725,-0.00703165222,0.02,0.2175,0.2175,0.217485293,0.10318819,0.02,0.82,0.82,0.627335442,28.2997317,1,-0.6975,-0.6975,-0.524645325,-16.6618854,1,0.0575,0.0575,0.310097665,8.45422079,1,-0.1775,-0.1775,-0.406941994,-10.7312278,1
299709.522,36.95,0.314542331,-0.036969269,0.00974030803,0.0208173015,0.00526786357,-0.68942543,0.365389939,0.00185942187,150.09763,-147.154539,2.94309079,0,45.8186623,-10.0652532,-0.134995384,0.770662257,3.41146291,-5.27222287,32.8652044,33.4245585,-1.83155507,-2.59524271,2.31255729,-5.28631512,-1.09506082,0.667649184,148.7056,2.88732518,-2.60896337,-9.90269423,0.20213429,0.244940408,-0.00185942187,0.0208173015,0.00526786357,-0.68942543,0,0,0,0,0,0,32.8652053,33.4245594,-1.83155512,0.31571282,1.33986543,-5.2279359,-28.9804805,-35.9563672,0.249889609,-0.195813855,2.51989484,14.6235329,-28.9804805,-35.9563672,0.249889609,-0.195813855,2.51989484,14.6235329,0.019786885,0.0361318462,147.154312,0.0214625879,0.893942637,-0.00190359678,0.189389817,-0.127579479,-0.00205297101,0.0355185419,-0.00413194749,-0.601560647,1477,1172,1429,1221,1527,1451,1587,1434,-0.1225,-0.1225,-0.122763207,-0.0299435567,0.02,0.165,0.165,0.166143476,0.0680836491,0.02,-0.0675,-0.0675,-0.0689059751,-0.006338515,0.02,0.2175,0.2175,0.217493185,0.103193807,0.02,0.82,0.82,0.63589687,29.011458,1,-0.6975,-0.6975,-0.532326462,-17.1029397,1,0.0575,0.0575,0.303861006,8.17853836,1,-0.1775,-0.1775,-0.401277051,-10.5044377,1
299709.571,37,0.315228855,-0.0368799306,0.00976905816,0.0219590506,0.00528751317,-0.716424775,0.365485727,0.00196317137,150.09763,-147.154539,2.94309079,0,46.2426244,-10.1513167,-0.135090305,0.77730523,3.44347849,-5.57756508,34.3299605,32.5489488,-1.86213293,-2.5421987,2.41487941,-5.59254529,-1.07502539,0.714187013,148.725217,2.82613853,-2.73238366,-10.4543504,0.211081604,0.238198821,-0.00196317137,0.0219590506,0.00528751317,-0.716424775,0,0,0,0,0,0,34.3299615,32.5489497,-1.86213298,0.318465726,1.3527175,-5.53289944,-30.4992973,-35.2951157,0.288643195,-0.228641406,2.55017259,15.5230003,-30.4992973,-35.2951157,0.288643195,-0.228641406,2.55017259,15.5230003,0.0228907585,0.0383219985,147.154294,0.0200902293,0.896881923,-0.00176133143,0.186342382,-0.138654079,-0.000227027366,0.0253576643,-0.00327708079,-0.554721457,1477,1172,1429,1221,1527,1451,1587,1434,-0.1225,-0.1225,-0.122655497,-0.0298860625,0.02,0.165,0.165,0.16567554,0.0677089824,0.02,-0.0675,-0.0675,-0.0683306185,-0.00592902512,0.02,0.2175,0.2175,0.217496842,0.10319641,0.02,0.82,0.82,0.644077854,29.6121873,1,-0.6975,-0.6975,-0.539666273,-17.5926759,1,0.0575,0.0575,0.297778332,7.92773265,1,-0.1775,-0.1775,-0.395751976,-10.2643509,1
299709.621,37.05,0.315838122,-0.0365546069,0.00980829965,0.0227226004,0.00515933908,-0.740223435,0.36558613,0.00204999655,150.09763,-147.154539,2.94309079,0,46.5748647,-10.204343,-0.13514605,0.781393757,3.46854195,-5.84242666,35.7327022,31.5114338,-1.88903057,-2.4767976,2.51416189,-5.85830798,-1.04854271,0.75505208,148.739273,2.75820932,-2.85507625,-10.9385543,0.219832495,0.230941782,-0.00204999655,0.0227226004,0.00515933908,-0.740223435,0,0,0,0,0,0,35.7327032,31.5114346,-1.88903062,0.320157463,1.36276346,-5.79752771,-31.9201102,-34.4448238,0.295235445,-0.258570947,2.57263797,16.3154588,-31.9201102,-34.4448238,0.295235445,-0.258570947,2.57263797,16.3154588,0.0260449023,0.0399162399,147.154259,0.0185770785,0.899673244,-0.00161241011,0.186670458,-0.148482374,-0.000425247104,0.0265676565,-0.00769591242,-0.507713847,1477,1172,1429,1221,1527,1451,1587,1434,-0.1225,-0.1225,-0.122591864,-0.0298520962,0.02,0.165,0.165,0.165399094,0.0674876377,0.02,-0.0675,-0.0675,-0.0679907107,-0.00568710771,0.02,0.2175,0.2175,0.217498537,0.103197616,0.02,0.82,0.82,0.6518953,30.1243113,1,-0.6975,-0.6975,-0.546679924,-18.0012221,1,0.0575,0.0575,0.291845838,7.71662047,1,-0.1775,-0.1775,-0.390363316,-10.0246516,1
299709.671,37.1,0.316415942,-0.0363256337,0.00987842949,0.0237805255,0.00474916908,-0.748084783,0.365690302,0.00209773317,150.09763,-147.154539,2.94309079,0,46.7004256,-10.2861612,-0.125343385,0.781377479,3.48540732,-5.56886014,37.0288585,30.1995502,-1.89773041,-2.38754552,2.6207271,-5.585896,-1.02875024,0.809306977,148.744664,2.69726498,-2.95971708,-10.7684639,0.228552724,0.223085653,-0.00209773317,0.0237805255,0.00474916908,-0.748084783,0,0,0,0,0,0,37.0288595,30.1995511,-1.89773046,0.316443001,1.37399661,-5.52360119,-33.2949302,-33.3840607,0.307702679,-0.282969805,2.58969813,16.5827646,-33.2949302,-33.3840607,0.307702679,-0.282969805,2.58969813,16.5827646,0.0285502319,0.0399247401,147.154283,0.0169406222,0.902349509,-0.00146467613,0.17998456,-0.160048731,-2.65241316e-05,0.0295684921,-0.0180579447,0.286522222,1239,1406,1185,1457,1520,1489,1546,1444,-0.0275,-0.0275,-0.0939732044,-0.0156481919,0.02,0.14,0.14,0.157714442,0.06153803,0.02,-0.05,-0.05,-0.0625249675,-0.00179705694,0.02,0.115,0.115,0.186661733,0.0812506042,0.02,0.235,0.235,0.647254526,29.8100147,1,-0.1075,-0.1075,-0.541418127,-17.696949,1,0.6525,0.6525,0.301012358,8.05182428,1,-0.7875,-0.7875,-0.400806193,-10.4855874,1
299709.722,37.15,0.317073479,-0.0366535859,0.00997190687,0.0255714904,0.00370662231,-0.720720016,0.365795417,0.00211131982,150.09763,-147.154539,2.94309079,0,46.7296086,-10.4927495,-0.112828558,0.791320246,3.49372727,-5.01888089,38.2913795,28.7041914,-1.89907784,-2.2753875,2.73294296,-5.03737212,-1.03103921,0.861380381,148.746778,2.6399006,-3.04835762,-10.0013917,0.2372254,0.214802323,-0.00211131982,0.0255714904,0.00370662231,-0.720720016,0,0,0,0,0,0,38.2913806,28.7041922,-1.89907789,0.317047976,1.38105256,-4.97271292,-34.5270799,-32.0829016,0.28546821,-0.299191299,2.59924171,15.6988505,-34.5270799,-32.0829016,0.28546821,-0.299191299,2.59924171,15.6988505,0.02901644,0.0367751841,147.154446,0.0156426689,0.904724107,-0.00137677822,0.180314645,-0.168679027,-0.00157696798,0.045550087,-0.02870942,0.771224842,1239,1406,1185,1457,1520,1489,1546,1444,-0.0275,-0.0275,-0.0667708744,-0.00481893206,0.02,0.14,0.14,0.150465294,0.0563787034,0.02,-0.05,-0.05,-0.0573994692,0,0.02,0.115,0.115,0.157336141,0.0612687871,0.02,0.235,0.235,0.637075925,29.1111072,1,-0.1075,-0.1075,-0.530704651,-16.9947271,1,0.6525,0.6525,0.316631402,8.6286017,1,-0.7875,-0.7875,-0.417989692,-11.3512104,1
299709.771,37.2,0.317662712,-0.0376553591,0.0100304653,0.0274055168,0.00224267129,-0.678086792,0.365901632,0.00214021165,150.09763,-147.154539,2.94309079,0,46.7535147,-10.4743973,-0.102269087,0.786634455,3.49882628,-4.47397058,39.2745675,27.3772323,-1.9000249,-2.17125944,2.82447401,-4.49276873,-1.00459803,0.902061904,148.755735,2.57115847,-3.13391957,-9.09350393,0.245609699,0.206153967,-0.00214021165,0.0274055168,0.00224267129,-0.678086792,0,0,0,0,0,0,39.2745686,27.377233,-1.90002495,0.313191707,1.38511747,-4.42788336,-35.769457,-30.7674002,0.255240145,-0.30084594,2.61461701,14.3868931,-35.769457,-30.7674002,0.255240145,-0.30084594,2.61461701,14.3868931,0.028274273,0.0323897405,147.15465,0.0153417376,0.906467981,-0.00140512672,0.163107139,-0.164952899,-0.00282238999,0.00920662563,-0.0325507775,0.929865988,1239,1406,1185,1457,1520,1489,1546,1444,-0.0275,-0.0275,-0.0507003496,0,0.02,0.14,0.14,0.14618266,0.0533306893,0.02,-0.05,-0.05,-0.05437144,0,0.02,0.115,0.115,0.14001124,0.0489383975,0.02,0.235,0.235,0.627148635,28.2847744,1,-0.1075,-0.1075,-0.520255691,-16.4275728,1,0.6525,0.6525,0.331556383,9.22563721,1,-0.7875,-0.7875,-0.434409608,-12.1814703,1
299709.821,37.25,0.31851606,-0.0385570338,0.0100780558,0.0279697429,0.000890218114,-0.632429928,0.366009511,0.00217240553,150.09763,-147.154539,2.94309079,0,46.9739143,-10.3700478,-0.0932037926,0.777506998,3.5169106,-3.99007846,40.2292055,26.3071691,-1.90763776,-2.0841326,2.91252457,-4.00842804,-0.984174904,0.910732152,148.778846,2.49017357,-3.21595533,-8.20881764,0.253302184,0.198060558,-0.00217240553,0.0279697429,0.000890218114,-0.632429928,0,0,0,0,0,0,40.2292066,26.3071698,-1.90763781,0.308780846,1.39327962,-3.94445036,-36.857452,-29.4996511,0.262141293,-0.275514322,2.62444274,13.0201008,-36.857452,-29.4996511,0.262141293,-0.275514322,2.62444274,13.0201008,0.0265984794,0.0277383451,147.154775,0.0159939595,0.907243464,-0.00152315767,0.15499894,-0.15024473,-0.00120917766,-0.00412621094,-0.0224915068,0.933371977,1239,1406,1185,1457,1520,1489,1546,1444,-0.0275,-0.0275,-0.0412062448,0,0.02,0.14,0.14,0.143652577,0.0515299911,0.02,-0.05,-0.05,-0.0525825485,0,0.02,0.115,0.115,0.129776078,0.0416738016,0.02,0.235,0.235,0.617466451,27.5546212,1,-0.1075,-0.1075,-0.510064716,-16.0603699,1,0.6525,0.6525,0.345818142,9.82247233,1,-0.7875,-0.7875,-0.450099873,-12.9936833,1
299709.871,37.3,0.319633677,-0.0395591131,0.0101645299,0.0282723636,-4.83920852e-05,-0.587114192,0.366118135,0.00216603596,150.09763,-147.154539,2.94309079,0,47.0036315,-10.3505682,-0.0883743929,0.775409051,3.51994991,-3.52299745,41.0196735,25.1041465,-1.91093152,-1.98529034,2.98734098,-3.54079565,-0.953146544,0.949279815,148.806169,2.40059665,-3.2944672,-7.39146959,0.260561713,0.190409658,-0.00216603596,0.0282723636,-4.83920852e-05,-0.587114192,0,0,0,0,0,0,41.0196746,25.1041472,-1.91093157,0.307563375,1.39499696,-3.47745505,-37.958371,-28.3375604,0.250649519,-0.24655175,2.63543881,11.7314337,-37.958371,-28.3375604,0.250649519,-0.24655175,2.63543881,11.7314337,0.0245475473,0.0235863088,147.154877,0.0174410851,0.907537757,-0.00170038841,0.136385073,-0.149245176,-0.000721482156,-0.0219883188,-0.0231871982,0.92995614,1239,1406,1185,1457,1520,1489,1546,1444,-0.0275,-0.0275,-0.0355973412,0,0.02,0.14,0.14,0.14215786,0.0504661791,0.02,-0.05,-0.05,-0.0515257116,0,0.02,0.115,0.115,0.123729375,0.0379082139,0.02,0.235,0.235,0.608023321,26.8962081,1,-0.1075,-0.1075,-0.500125358,-15.5309722,1,0.6525,0.6525,0.359446153,10.3866574,1,-0.7875,-0.7875,-0.46509291,-13.6593355,1
299709.921,37.35,0.320378293,-0.0403352084,0.0102579877,0.0274204825,-0.00123701923,-0.537812122,0.366225296,0.00212345968,150.09763,-147.154539,2.94309079,0,47.0258186,-10.2049545,-0.0855212922,0.764084885,3.52209371,-2.95657862,41.6279785,24.0629276,-1.91388331,-1.89397171,3.05006504,-2.97326444,-0.916283662,0.960901126,148.814911,2.31052471,-3.36292916,-6.46301881,0.266680558,0.18308344,-0.00212345968,0.0274204825,-0.00123701923,-0.537812122,0,0,0,0,0,0,41.6279797,24.0629282,-1.91388336,0.302820951,1.39615046,-2.9116769,-38.7983192,-27.1382029,0.242596921,-0.195534265,2.63617257,10.3673499,-38.7983192,-27.1382029,0.242596921,-0.195534265,2.63617257,10.3673499,0.0218515122,0.0192594768,147.154909,0.0193414773,0.907156188,-0.00192889041,0.122839992,-0.137232286,-0.000714688493,-0.020402086,-0.0218949421,1.07797017,1239,1406,1185,1457,1520,1489,1546,1444,-0.0275,-0.0275,-0.0322837271,0,0.02,0.14,0.14,0.141274815,0.0498377029,0.02,-0.05,-0.05,-0.0509013561,0,0.02,0.115,0.115,0.120157118,0.0356835894,0.02,0.235,0.235,0.598813342,26.0476974,1,-0.1075,-0.1075,-0.490431403,-14.9283959,1,0.6525,0.6525,0.372468576,11.1078868,1,-0.7875,-0.7875,-0.479419702,-14.4205704,1
299709.971,37.4,0.321437965,-0.0413216643,0.010358071,0.0268492819,-0.00187449965,-0.488414285,0.366330308,0.00207857683,150.09763,-147.154539,2.94309079,0,47.2878148,-10.2114873,-0.0838357444,0.764355192,3.54207664,-2.53213994,42.4327314,23.1554033,-1.92601416,-1.81559674,3.12328126,-2.54774431,-0.908869366,0.980758447,148.837969,2.21494866,-3.42720965,-5.68825879,0.272551176,0.176305372,-0.00207857683,0.0268492819,-0.00187449965,-0.488414285,0,0,0,0,0,0,42.4327326,23.1554039,-1.92601421,0.302795977,1.40429857,-2.48720946,-39.6836233,-26.1109241,0.239878917,-0.147825649,2.64104828,9.08651333,-39.6836233,-26.1109241,0.239878917,-0.147825649,2.64104828,9.08651333,0.0190764889,0.015654188,147.154951,0.0217840466,0.906560487,-0.00218578323,0.119159524,-0.127590997,-0.000186133553,-0.0176672248,-0.0041878749,0.988194572,1239,1406,1185,1457,1520,1489,1546,1444,-0.0275,-0.0275,-0.0303261184,0,0.02,0.14,0.14,0.140753132,0.0494664133,0.02,-0.05,-0.05,-0.0505325009,0,0.02,0.115,0.115,0.11804671,0.0343693312,0.02,0.235,0.235,0.589830759,25.5629498,1,-0.1075,-0.1075,-0.480976793,-14.5001584,1,0.6525,0.6525,0.384912322,11.7167643,1,-0.7875,-0.7875,-0.493109855,-15.0951967,1
299710.022,37.45,0.322428614,-0.0424803332,0.0104781158,0.0259963207,-0.00191631996,-0.436531127,0.366432666,0.00201476354,150.09763,-147.154539,2.94309079,0,47.3618009,-10.1645934,-0.0828399607,0.760698239,3.54780629,-2.0107411,42.9837952,22.2514867,-1.9314992,-1.73337636,3.17859243,-2.02500064,-0.878397554,1.01088878,148.854412,2.12368875,-3.48470187,-4.8253575,0.277889645,0.169896432,-0.00201476354,0.0259963207,-0.00191631996,-0.436531127,0,0,0,0,0,0,42.9837964,22.2514874,-1.93149925,0.301258625,1.40668843,-1.96601694,-40.5562244,-25.1610393,0.237386815,-0.0986045186,2.64578665,7.82095379,-40.5562244,-25.1610393,0.237386815,-0.0986045186,2.64578665,7.82095379,0.0160293585,0.0124732548,147.154971,0.0247257514,0.905809366,-0.00247001297,0.0992384835,-0.120729164,0.000453077014,-0.0417706036,0.000107169187,1.1229461,1239,1406,1185,1457,1520,1489,1546,1444,-0.0275,-0.0275,-0.0291696072,0,0.02,0.14,0.14,0.140444934,0.0492470637,0.02,-0.05,-0.05,-0.0503145896,0,0.02,0.115,0.115,0.116799927,0.0335928971,0.02,0.235,0.235,0.581069956,24.8225205,1,-0.1075,-0.1075,-0.471755618,-13.9432892,1,0.6525,0.6525,0.396803106,12.3591085,1,-0.7875,-0.7875,-0.506191659,-15.854783,1
299710.071,37.5,0.322969479,-0.0434992001,0.0105808293,0.0241249829,-0.00202811203,-0.383349517,0.366531695,0.00195180814,150.09763,-147.154539,2.94309079,0,47.2646978,-9.96535163,-0.0822516741,0.745638138,3.54060214,-1.61703579,43.2297591,21.4645731,-1.93046116,-1.66307507,3.20719041,-1.62934204,-0.830138133,1.02417937,148.854299,2.03394941,-3.53917679,-4.0734884,0.282163509,0.163962406,-0.00195180814,0.0241249829,-0.00202811203,-0.383349517,0,0,0,0,0,0,43.2297603,21.4645737,-1.93046121,0.295204253,1.40387594,-1.57318829,-41.2167103,-24.2449606,0.222639962,-0.0361615352,2.64071912,6.59031958,-41.2167103,-24.2449606,0.222639962,-0.0361615352,2.64071912,6.59031958,0.0128777855,0.00950457992,147.154934,0.0279119752,0.904894164,-0.00277674267,0.0739681375,-0.110816685,-0.00054358005,-0.0686931393,-0.00995309782,1.02944464,1239,1406,1185,1457,1520,1489,1546,1444,-0.0275,-0.0275,-0.0284863664,0,0.02,0.14,0.14,0.140262857,0.0491174769,0.02,-0.05,-0.05,-0.0501858524,0,0.02,0.115,0.115,0.116063357,0.0331341972,0.02,0.235,0.235,0.572525458,24.1003726,1,-0.1075,-0.1075,-0.462762115,-13.5763924,1,0.6525,0.6525,0.4081655,12.7982282,1,-0.7875,-0.7875,-0.518692148,-16.3673835,1
299710.121,37.55,0.32326244,-0.0441522133,0.0106487012,0.0212683104,-0.00238893525,-0.330377595,0.366628165,0.00190508398,150.09763,-147.154539,2.94309079,0,47.3044213,-9.62771552,-0.0819041275,0.720202343,3.54364725,-1.13344405,43.4327455,20.9825581,-1.93307008,-1.61194363,3.23340231,-1.14349023,-0.798247581,1.00191596,148.850481,1.95535223,-3.58302968,-3.25908825,0.285444505,0.158835554,-0.00190508398,0.0212683104,-0.00238893525,-0.330377595,0,0,0,0,0,0,43.4327467,20.9825587,-1.93307014,0.28502961,1.40512707,-1.09108213,-41.6505368,-23.3958458,0.245958052,0.0361598315,2.63219052,5.42712791,-41.6505368,-23.3958458,0.245958052,0.0361598315,2.63219052,5.42712791,0.00986160223,0.00683913937,147.154854,0.0309217498,0.903785545,-0.00307235376,0.0608637799,-0.0864680453,0.000377929221,-0.0803638585,-0.00703949685,1.18135184,1239,1406,1185,1457,1520,1489,1546,1444,-0.0275,-0.0275,-0.0280827231,0,0.02,0.14,0.14,0.14015529,0.04904092,0.02,-0.05,-0.05,-0.0501097974,0,0.02,0.115,0.115,0.115628207,0.0328632077,0.02,0.235,0.235,0.564191925,23.2668766,1,-0.1075,-0.1075,-0.453990662,-13.1840612,1,0.6525,0.6525,0.419022983,13.4573929,1,-0.7875,-0.7875,-0.530637153,-16.9902234,1
299710.171,37.6,0.323965048,-0.044962453,0.0106515726,0.0192331644,-0.00238323239,-0.292587447,0.366723088,0.00193531403,150.09763,-147.154539,2.94309079,0,47.7082809,-9.99168113,-0.144117902,0.749580238,3.56267093,-1.38896209,44.2865801,20.2626877,-2.01416141,-1.55886702,3.28607384,-1.39834284,-0.82853708,1.03548017,148.883866,1.86043266,-3.63269462,-3.27586796,0.288730787,0.154428789,-0.00193531403,0.0192331644,-0.00238323239,-0.292587447,0,0,0,0,0,0,44.2865813,20.2626883,-2.01416146,0.297956259,1.40562255,-1.34499873,-42.2393724,-22.7632126,0.239974909,0.0867449113,2.64038746,4.66353121,-42.2393724,-22.7632126,0.239974909,0.0867449113,2.64038746,4.66353121,0.0079110565,0.00524995023,147.154802,0.0336939972,0.902894673,-0.00333648303,0.0820391765,-0.0961691498,-0.00301854707,-0.0057107997,0.0141083894,0.0246871107,1494,1154,1435,1213,1534,1458,1600,1406,-0.105,-0.105,-0.0593580524,0,0.02,0.235,0.235,0.178771837,0.0758537729,0.02,-0.085,-0.085,-0.064310697,-0.00306798722,0.02,0.25,0.25,0.170300923,0.0713321164,0.02,0.865,0.865,0.570804212,23.9548995,1,-0.7175,-0.7175,-0.459334072,-13.4455164,1,0.015,0.015,0.415527264,13.2241471,1,-0.1625,-0.1625,-0.52807834,-16.845135,1
299710.222,37.65,0.324434151,-0.0465317125,0.0105821792,0.0188576837,-0.00118337261,-0.311701242,0.366822881,0.00205256268,150.09763,-147.154539,2.94309079,0,48.1141519,-10.490842,-0.176160262,0.790264151,3.58208726,-1.87307855,45.2042532,19.4257831,-2.06757249,-1.50445709,3.34040991,-1.88216905,-0.822495631,1.11664177,148.926475,1.75087156,-3.69214562,-3.88815481,0.292389289,0.149051342,-0.00205256268,0.0188576837,-0.00118337261,-0.311701242,0,0,0,0,0,0,45.2042545,19.4257836,-2.06757254,0.316078103,1.40655253,-1.8269189,-43.2787432,-22.2459612,0.269072756,0.0989860988,2.67931741,5.10673738,-43.2787432,-22.2459612,0.269072756,0.0989860988,2.67931741,5.10673738,0.00861818889,0.00585216279,147.154771,0.0363534775,0.902890087,-0.00356676757,0.0769279634,-0.113797005,-0.00205801827,-0.0113628357,0.0399004247,-0.703756844,1494,1154,1435,1213,1534,1458,1600,1406,-0.105,-0.105,-0.0838509195,-0.0120461015,0.02,0.235,0.235,0.208945592,0.0972041623,0.02,-0.085,-0.085,-0.0754132107,-0.00904348009,0.02,0.25,0.25,0.213069889,0.100045681,0.02,0.865,0.865,0.58387738,25.0597932,1,-0.7175,-0.7175,-0.470806182,-13.884163,1,0.015,0.015,0.405638211,12.7195347,1,-0.1625,-0.1625,-0.519052179,-16.3801954,1
299710.271,37.7,0.32488042,-0.0475689062,0.0105442712,0.0171496799,0.00163016977,-0.352140638,0.366928921,0.00217771631,150.09763,-147.154539,2.94309079,0,48.6714569,-10.703137,-0.194252564,0.807740744,3.61910419,-2.30327195,46.0985294,18.8136657,-2.11593048,-1.47078177,3.39834128,-2.31160107,-0.810263881,1.14264718,148.96175,1.64863022,-3.75594351,-4.55528705,0.295940919,0.143561103,-0.00217771631,0.0171496799,0.00163016977,-0.352140638,0,0,0,0,0,0,46.0985307,18.8136662,-2.11593053,0.323958963,1.41829967,-2.25617821,-44.2603629,-21.6658461,0.296114659,0.110186563,2.70503774,6.01608491,-44.2603629,-21.6658461,0.296114659,0.110186563,2.70503774,6.01608491,0.00989906272,0.00729878714,147.154672,0.0384481613,0.903550394,-0.00370528598,0.0722543014,-0.113780136,-0.0013122482,-0.0350038122,0.0612906913,-0.913484388,1494,1154,1435,1213,1534,1458,1600,1406,-0.105,-0.105,-0.0952001639,-0.0160848146,0.02,0.235,0.235,0.222927185,0.107061266,0.02,-0.085,-0.085,-0.0805577755,-0.0108742117,0.02,0.25,0.25,0.232887718,0.114150325,0.02,0.865,0.865,0.596369616,25.9172547,1,-0.7175,-0.7175,-0.481768506,-14.5353755,1,0.015,0.015,0.395993319,12.3122811,1,-0.1625,-0.1625,-0.510248874,-16.0669233,1
299710.322,37.75,0.32499811,-0.0481378075,0.0105623281,0.0159758219,0.00445144003,-0.399686643,0.367040211,0.00227689973,150.09763,-147.154539,2.94309079,0,49.0568981,-11.099488,-0.202372712,0.838222325,3.64582704,-2.78133618,46.9834454,17.8249839,-2.15514273,-1.41346089,3.45653684,-2.79015838,-0.800733683,1.19916154,148.964556,1.55577805,-3.82820751,-5.36035176,0.299194155,0.137497831,-0.00227689973,0.0159758219,0.00445144003,-0.399686643,0,0,0,0,0,0,46.9834467,17.8249844,-2.15514278,0.336525478,1.42756484,-2.7324985,-45.1005848,-20.9804949,0.328224512,0.110896641,2.72020438,7.14170863,-45.1005848,-20.9804949,0.328224512,0.110896641,2.72020438,7.14170863,0.0117469491,0.00922280657,147.154581,0.0394773777,0.905363263,-0.00373837439,0.0771866193,-0.132676007,-0.00158331927,0.00743550353,0.0559348483,-1.08954904,1494,1154,1435,1213,1534,1458,1600,1406,-0.105,-0.105,-0.100459056,-0.0180787494,0.02,0.235,0.235,0.229405827,0.111672212,0.02,-0.085,-0.085,-0.0829416092,-0.0117225167,0.02,0.25,0.25,0.242070693,0.120501767,0.02,0.865,0.865,0.608306734,26.9239432,1,-0.7175,-0.7175,-0.492243698,-15.0412567,1,0.015,0.015,0.386586561,11.7986854,1,-0.1625,-0.1625,-0.501662924,-15.6130453,1
299710.371,37.8,0.325091965,-0.0483135145,0.0105788978,0.0153641158,0.00676816512,-0.451428912,0.367157561,0.00241283888,150.09763,-147.154539,2.94309079,0,49.3526863,-11.1769279,-0.205248552,0.844429576,3.6669798,-3.2312411,47.6436416,16.9098128,-2.18978029,-1.36251033,3.49926755,-3.24027984,-0.762457107,1.22379587,148.966194,1.47040611,-3.90892658,-6.17434221,0.302429305,0.130867019,-0.00241283888,0.0153641158,0.00676816512,-0.451428912,0,0,0,0,0,0,47.6436429,16.9098132,-2.18978035,0.339232442,1.43533533,-3.18206271,-45.9352447,-20.1878126,0.364721635,0.0972384005,2.73328692,8.43929264,-45.9352447,-20.1878126,0.364721635,0.0972384005,2.73328692,8.43929264,0.0142527377,0.0114530236,147.154494,0.0396117344,0.90822022,-0.00369165402,0.0667552,-0.139709045,-0.00130338989,-0.00705339675,0.0310836125,-1.05219144,1494,1154,1435,1213,1534,1458,1600,1406,-0.105,-0.105,-0.102895866,-0.0195962738,0.02,0.235,0.235,0.232407832,0.113808783,0.02,-0.085,-0.085,-0.0840462048,-0.0121155952,0.02,0.25,0.25,0.246325802,0.123151638,0.02,0.865,0.865,0.619713404,27.6945503,1,-0.7175,-0.7175,-0.502253404,-15.6445644,1,0.015,0.015,0.377412056,11.3497733,1,-0.1625,-0.1625,-0.493288961,-15.1063505,1
299710.421,37.85,0.325119212,-0.048077146,0.0105983412,0.0154676016,0.00770342209,-0.500360272,0.367281702,0.00255572273,150.09763,-147.154539,2.94309079,0,49.6887404,-11.4752004,-0.206581128,0.867037489,3.69174576,-3.6597023,48.474101,15.6839692,-2.22900532,-1.28881397,3.55572171,-3.67014488,-0.747879667,1.26696858,148.963019,1.38861317,-3.99399581,-6.97956679,0.305516947,0.123661823,-0.00255572273,0.0154676016,0.00770342209,-0.500360272,0,0,0,0,0,0,48.4741024,15.6839696,-2.22900538,0.34835844,1.44490578,-3.60921152,-46.6704035,-19.2708769,0.393221324,0.0752515895,2.74721989,9.73181027,-46.6704035,-19.2708769,0.393221324,0.0752515895,2.74721989,9.73181027,0.017348151,0.0134341309,147.154409,0.0387302411,0.911779706,-0.00357150084,0.0733898408,-0.159750862,-0.00183056339,0.0423667894,0.00596622163,-0.986551515,1494,1154,1435,1213,1534,1458,1600,1406,-0.105,-0.105,-0.104025009,-0.0202994482,0.02,0.235,0.235,0.233798869,0.114798805,0.02,-0.085,-0.085,-0.0845580405,-0.0122977358,0.02,0.25,0.25,0.248297489,0.124379508,0.02,0.865,0.865,0.630613195,28.5649022,1,-0.7175,-0.7175,-0.511818309,-16.1227728,1,0.015,0.015,0.36846407,10.8982805,1,-0.1625,-0.1625,-0.485121753,-14.6845352,1
299710.471,37.9,0.324961581,-0.048264741,0.0105818696,0.0174050383,0.00746545327,-0.54470384,0.367413811,0.00272788656,150.09763,-147.154539,2.94309079,0,49.8971875,-11.9066422,-0.207198603,0.899564309,3.70718684,-4.06511798,49.2608309,14.1345391,-2.26400702,-1.19099563,3.60998637,-4.07764175,-0.719952099,1.34752738,148.959265,1.30019145,-4.0814349,-7.75866081,0.308734172,0.115123479,-0.00272788656,0.0174050383,0.00746545327,-0.54470384,0,0,0,0,0,0,49.2608322,14.1345395,-2.26400708,0.361384092,1.45092233,-4.01272887,-47.56078,-18.208613,0.403304812,0.0216079514,2.77875933,10.9953863,-47.56078,-18.208613,0.403304812,0.0216079514,2.77875933,10.9953863,0.0213180895,0.0151839904,147.154384,0.0373376887,0.915931444,-0.00342187233,0.0666648529,-0.187271374,-0.00369682413,0.0407157093,-0.0193158151,-0.898274226,1494,1154,1435,1213,1534,1458,1600,1406,-0.105,-0.105,-0.104548219,-0.0206252776,0.02,0.235,0.235,0.234443433,0.11525755,0.02,-0.085,-0.085,-0.0847952095,-0.0123821341,0.02,0.25,0.25,0.249211109,0.124948465,0.02,0.865,0.865,0.641028633,29.4222969,1,-0.7175,-0.7175,-0.520958179,-16.4650707,1,0.015,0.015,0.359737011,10.3983016,1,-0.1625,-0.1625,-0.477156193,-14.2796102,1
299710.522,37.95,0.324397085,-0.0482489663,0.0105036871,0.0184889589,0.00626024379,-0.584418316,0.367555349,0.00292583086,150.09763,-147.154539,2.94309079,0,50.1028703,-11.934924,-0.207484722,0.901729281,3.72254569,-4.43353912,49.83522,12.8050193,-2.29464587,-1.10903635,3.64978701,-4.44700173,-0.672391972,1.36883221,148.949184,1.2009994,-4.16531109,-8.4681299,0.311414156,0.105867367,-0.00292583086,0.0184889589,0.00626024379,-0.584418316,0,0,0,0,0,0,49.8352214,12.8050197,-2.29464593,0.362270727,1.45698306,-4.38102558,-48.2817089,-16.9745312,0.449476335,-0.0114138991,2.81405018,12.1671389,-48.2817089,-16.9745312,0.449476335,-0.0114138991,2.81405018,12.1671389,0.0252795362,0.016130635,147.154315,0.0356553716,0.919668328,-0.00327979164,0.0591589484,-0.191666775,-0.00332640078,0.0267330494,-0.0311297905,-0.79383895,1494,1154,1435,1213,1534,1458,1600,1406,-0.105,-0.105,-0.104790658,-0.020776257,0.02,0.235,0.235,0.234742104,0.115470119,0.02,-0.085,-0.085,-0.0849051064,-0.0124212418,0.02,0.25,0.25,0.249634452,0.125212102,0.02,0.865,0.865,0.650981241,30.0551904,1,-0.7175,-0.7175,-0.529691901,-16.9312646,1,0.015,0.015,0.351225424,10.0575491,1,-0.1625,-0.1625,-0.469387304,-13.8121547,1
299710.571,38,0.324183546,-0.0480569849,0.0104165933,0.0196716178,0.00499168872,-0.620133261,0.367706815,0.00312199226,150.09763,-147.154539,2.94309079,0,50.5574181,-12.1222975,-0.207617301,0.915837464,3.75667741,-4.80207098,50.6884814,11.3261991,-2.33255049,-1.01627206,3.711508,-4.81696674,-0.658107024,1.39852483,148.959877,1.09256923,-4.24112224,-9.13719636,0.314227395,0.0962862066,-0.00312199226,0.0196716178,0.00499168872,-0.620133261,0,0,0,0,0,0,50.6884828,11.3261994,-2.33255055,0.367909625,1.47056864,-4.748733,-49.0109925,-15.6576569,0.48105679,-0.0533959449,2.8496486,13.2580997,-49.0109925,-15.6576569,0.48105679,-0.0533959449,2.8496486,13.2580997,0.0293211452,0.0166828857,147.154258,0.0336500966,0.923019702,-0.0031143562,0.0679442536,-0.200644268,-0.00314965528,0.0315634429,-0.0226787728,-0.734726924,1494,1154,1435,1213,1534,1458,1600,1406,-0.105,-0.105,-0.104902998,-0.0208462162,0.02,0.235,0.235,0.234880499,0.115568617,0.02,-0.085,-0.085,-0.0849560292,-0.012439363,0.02,0.25,0.25,0.249830616,0.125334263,0.02,0.865,0.865,0.660491584,30.7787331,1,-0.7175,-0.7175,-0.538037523,-17.4840003,1,0.015,0.015,0.342923989,9.69373407,1,-0.1625,-0.1625,-0.46181023,-13.5425189,1
299710.621,38.05,0.324293921,-0.0479567605,0.010355875,0.0212153065,0.00418955453,-0.653786514,0.367867455,0.00329096347,150.09763,-147.154539,2.94309079,0,50.9619509,-12.3267556,-0.207678734,0.931220908,3.78707498,-5.17271798,51.4758608,9.68249349,-2.36591283,-0.911590365,3.76933748,-5.18914431,-0.619904143,1.43851155,148.980327,0.972079056,-4.31110038,-9.81740056,0.317251312,0.08613646,-0.00329096347,0.0212153065,0.00418955453,-0.653786514,0,0,0,0,0,0,51.4758622,9.68249376,-2.36591289,0.374051565,1.48268106,-5.1184804,-49.8472974,-14.2595003,0.498147117,-0.0987875841,2.88883881,14.3327855,-49.8472974,-14.2595003,0.498147117,-0.0987875841,2.88883881,14.3327855,0.0335523451,0.0171479332,147.154228,0.0316330202,0.926161671,-0.00293468011,0.067136106,-0.214379071,-0.00288227741,0.0348255966,-0.0143020432,-0.708185009,1494,1154,1435,1213,1534,1458,1600,1406,-0.105,-0.105,-0.104955052,-0.0208786332,0.02,0.235,0.235,0.234944627,0.115614258,0.02,-0.085,-0.085,-0.0849796253,-0.0124477599,0.02,0.25,0.25,0.249921513,0.125390869,0.02,0.865,0.865,0.669579318,31.5467932,1,-0.7175,-0.7175,-0.54601229,-17.9626149,1,0.015,0.015,0.334827517,9.35659367,1,-0.1625,-0.1625,-0.454420234,-13.2050803,1
299710.671,38.1,0.324148945,-0.0478650676,0.0103419258,0.0223668384,0.00322985289,-0.66958768,0.368035065,0.00338811354,150.09763,-147.154539,2.94309079,0,50.8936161,-12.334518,-0.192698618,0.921895067,3.78023126,-4.96722291,51.7097141,7.92872808,-2.36185648,-0.78437708,3.78811614,-4.98480401,-0.558132703,1.47725149,148.976724,0.868765968,-4.36671866,-9.78249191,0.319780451,0.0754214427,-0.00338811354,0.0223668384,0.00322985289,-0.66958768,0,0,0,0,0,0,51.7097155,7.9287283,-2.36185654,0.364374863,1.47899199,-4.91295116,-50.4159272,-12.6684996,0.508124671,-0.127250845,2.91372274,14.8497128,-50.4159272,-12.6684996,0.508124671,-0.127250845,2.91372274,14.8497128,0.0362249094,0.0164705611,147.154227,0.0295507388,0.928838568,-0.00276026191,0.0463173319,-0.21900635,-0.0016534155,0.0190856138,-0.0352224567,0.138224454,1277,1373,1221,1428,1567,1464,1576,1390,-0.09,-0.09,-0.100243916,-0.017944771,0.02,0.275,0.275,0.25198494,0.126322692,0.02,-0.1675,-0.1675,-0.120074919,-0.0285085856,0.02,0.19,0.19,0.231031579,0.112829283,0.02,0.3175,0.3175,0.66572591,31.2211181,1,-0.18,-0.18,-0.541613061,-17.7082215,1,0.5575,0.5575,0.339837878,9.55717827,1,-0.6975,-0.6975,-0.46027606,-13.4879243,1
299710.722,38.15,0.323683346,-0.0478359746,0.0103363251,0.0233244465,0.00080557026,-0.651366331,0.368205557,0.0034254525,150.09763,-147.154539,2.94309079,0,50.5711749,-12.2268263,-0.173990115,0.905561914,3.75480964,-4.55998495,51.604741,6.20084755,-2.33869173,-0.649173438,3.78532332,-4.57842787,-0.505011478,1.48726706,148.953369,0.775990574,-4.40597616,-9.23654631,0.321539562,0.0646570511,-0.0034254525,0.0233244465,0.00080557026,-0.651366331,0,0,0,0,0,0,51.6047424,6.20084772,-2.33869179,0.352909377,1.46822702,-4.50618703,-50.4911115,-10.9060219,0.50680279,-0.13625985,2.91810126,14.2506738,-50.4911115,-10.9060219,0.50680279,-0.13625985,2.91810126,14.2506738,0.0357878892,0.0137224531,147.15431,0.0274339578,0.93062676,-0.00264250342,0.0360186775,-0.214760349,-0.00156062959,0.0204926688,-0.0624895003,0.533985101,1277,1373,1221,1428,1567,1464,1576,1390,-0.09,-0.09,-0.0960518755,-0.0163879025,0.02,0.275,0.275,0.264335526,0.132973624,0.02,-0.1675,-0.1675,-0.14552467,-0.043474453,0.02,0.19,0.19,0.214240534,0.100878847,0.02,0.3175,0.3175,0.657128182,30.5200203,1,-0.18,-0.18,-0.532684803,-17.1268494,1,0.5575,0.5575,0.349510121,9.9866996,1,-0.6975,-0.6975,-0.470817571,-13.8848722,1
299710.771,38.2,0.323498833,-0.0482616067,0.0102852537,0.0250060712,-0.00214368734,-0.620775252,0.368378111,0.00347455666,150.09763,-147.154539,2.94309079,0,50.4761951,-12.3135002,-0.165701987,0.90781102,3.74718826,-4.15372262,51.7139159,4.44283835,-2.32982942,-0.507387536,3.80079241,-4.17318669,-0.485467837,1.51586306,148.955002,0.676478704,-4.42890704,-8.57330992,0.323248812,0.053942233,-0.00347455666,0.0250060712,-0.00214368734,-0.620775252,0,0,0,0,0,0,51.7139173,4.44283847,-2.32982948,0.351240823,1.46493519,-4.09954333,-50.5903712,-9.15966043,0.49599942,-0.14183635,2.93230318,13.304605,-50.5903712,-9.15966043,0.49599942,-0.14183635,2.93230318,13.304605,0.0343904692,0.0106410653,147.154479,0.0260222418,0.931488206,-0.00261137558,0.0385425486,-0.213175001,-0.00166252859,0.0351392537,-0.0556476801,0.673246244,1277,1373,1221,1428,1567,1464,1576,1390,-0.09,-0.09,-0.093575312,-0.0155065989,0.02,0.275,0.275,0.27005841,0.137051881,0.02,-0.1675,-0.1675,-0.157317305,-0.0501673433,0.02,0.19,0.19,0.204320763,0.0943240476,0.02,0.3175,0.3175,0.648742732,29.9026928,1,-0.18,-0.18,-0.523976984,-16.6262103,1,0.5575,0.5575,0.35875256,10.3588901,1,-0.6975,-0.6975,-0.48089065,-14.4963265,1
299710.822,38.25,0.323656009,-0.0488561659,0.010230173,0.0260987095,-0.0045049381,-0.588168209,0.368552872,0.00350739792,150.09763,-147.154539,2.94309079,0,50.5069994,-12.18092,-0.161258134,0.895559363,3.74939913,-3.80468789,51.8157494,3.01431708,-2.32374859,-0.390109465,3.81599591,-3.82382795,-0.449527079,1.51040733,148.975769,0.563526238,-4.43749888,-7.95926381,0.324922946,0.0436869187,-0.00350739792,0.0260987095,-0.0045049381,-0.588168209,0,0,0,0,0,0,51.8157508,3.01431716,-2.32374865,0.344981789,1.46577327,-3.75109194,-50.7460802,-7.48165992,0.485633606,-0.136200057,2.93871711,12.3357973,-50.7460802,-7.48165992,0.485633606,-0.136200057,2.93871711,12.3357973,0.0323584055,0.00795643235,147.154628,0.0257334721,0.931183671,-0.00266914451,0.037569496,-0.195073876,-0.000918266837,0.000494214642,-0.0384788159,0.668452384,1277,1373,1221,1428,1567,1464,1576,1390,-0.09,-0.09,-0.0921122139,-0.0149859446,0.02,0.275,0.275,0.272710218,0.13917513,0.02,-0.1675,-0.1675,-0.162781651,-0.0533316033,0.02,0.19,0.19,0.198460384,0.0904005524,0.02,0.3175,0.3175,0.64056432,29.3933818,1,-0.18,-0.18,-0.515484162,-16.2532249,1,0.5575,0.5575,0.367584293,10.8474057,1,-0.6975,-0.6975,-0.490516112,-14.9336712,1
299710.871,38.3,0.324264208,-0.0492204893,0.0102378763,0.0261586035,-0.00588818226,-0.553824974,0.36872773,0.00347520476,150.09763,-147.154539,2.94309079,0,50.5077516,-12.0545837,-0.158200667,0.884736519,3.74955893,-3.41608912,51.8485739,1.65568558,-2.31410459,-0.274951093,3.82618716,-3.43457559,-0.417192482,1.50421742,149.003626,0.44913779,-4.4336447,-7.27754672,0.326621841,0.0343251819,-0.00347520476,0.0261586035,-0.00588818226,-0.553824974,0,0,0,0,0,0,51.8485753,1.65568563,-2.31410465,0.339869345,1.46591251,-3.36304905,-50.8629274,-5.9360344,0.478354186,-0.110346051,2.9371541,11.3353068,-50.8629274,-5.9360344,0.478354186,-0.110346051,2.9371541,11.3353068,0.0296209575,0.00579644411,147.154719,0.0263084734,0.929927967,-0.00276982038,0.0353127203,-0.182506131,0.000784741701,-0.000563871705,-0.0218831625,0.747006378,1277,1373,1221,1428,1567,1464,1576,1390,-0.09,-0.09,-0.0912478485,-0.0146783537,0.02,0.275,0.275,0.273938985,0.140158978,0.02,-0.1675,-0.1675,-0.165313662,-0.0549084142,0.02,0.19,0.19,0.194998205,0.0876284571,0.02,0.3175,0.3175,0.632587834,28.731791,1,-0.18,-0.18,-0.507201029,-15.9086617,1,0.5575,0.5575,0.37602357,11.2818341,1,-0.6975,-0.6975,-0.499713848,-15.5064606,1
299710.921,38.35,0.324819779,-0.0496099072,0.0102936796,0.0260275931,-0.00681995298,-0.517199998,0.368899107,0.00338059291,150.09763,-147.154539,2.94309079,0,50.361269,-11.9709567,-0.156469932,0.877743044,3.73865612,-3.04154885,51.7127373,0.314057911,-2.29779628,-0.160603247,3.82286085,-3.05923902,-0.369892304,1.50670274,149.017134,0.333608393,-4.42179944,-6.61088868,0.327977824,0.0254754994,-0.00338059291,0.0260275931,-0.00681995298,-0.517199998,0,0,0,0,0,0,51.7127388,0.314057919,-2.29779633,0.336655813,1.46163833,-2.98887673,-50.9299576,-4.46823967,0.464039013,-0.0808551064,2.92801697,10.3077594,-50.9299576,-4.46823967,0.464039013,-0.0808551064,2.92801697,10.3077594,0.026618276,0.0040481373,147.154796,0.0275124307,0.928207631,-0.00291157948,0.0251948206,-0.173324417,0.00200209545,-0.00587846578,-0.0160220412,0.763533594,1277,1373,1221,1428,1567,1464,1576,1390,-0.09,-0.09,-0.0907372008,-0.014496636,0.02,0.275,0.275,0.274508358,0.140614863,0.02,-0.1675,-0.1675,-0.166486918,-0.0556390601,0.02,0.19,0.19,0.192952827,0.0859907655,0.02,0.3175,0.3175,0.624808287,28.0973876,1,-0.18,-0.18,-0.499122406,-15.4696286,1,0.5575,0.5575,0.384087832,11.6764216,1,-0.6975,-0.6975,-0.508502864,-15.9781519,1
299710.971,38.4,0.325060626,-0.0500496998,0.0103502236,0.0255424768,-0.00756108839,-0.480974881,0.369065002,0.00326321467,150.09763,-147.154539,2.94309079,0,50.1277658,-11.8755711,-0.15548246,0.870189165,3.7211872,-2.70028388,51.4567038,-0.931613426,-2.27727791,-0.0541990552,3.80941815,-2.71687176,-0.317314987,1.50774005,149.015027,0.21641049,-4.40372803,-6.01251801,0.328771725,0.0170803631,-0.00326321467,0.0255424768,-0.00756108839,-0.480974881,0,0,0,0,0,0,51.4567052,-0.931613451,-2.27727797,0.333413361,1.45472811,-2.64803144,-50.9129361,-3.07606365,0.430051786,-0.0510567441,2.91435191,9.32897598,-50.9129361,-3.07606365,0.430051786,-0.0510567441,2.91435191,9.32897598,0.0236152902,0.00263348869,147.154846,0.0292036744,0.92612435,-0.00309199888,0.0136259449,-0.16280624,0.00102376282,-0.0274636689,-0.0136977319,0.720002124,1277,1373,1221,1428,1567,1464,1576,1390,-0.09,-0.09,-0.0904355217,-0.0143892812,0.02,0.275,0.275,0.274772188,0.140826106,0.02,-0.1675,-0.1675,-0.167030569,-0.055977619,0.02,0.19,0.19,0.191744464,0.0850232541,0.02,0.3175,0.3175,0.617220819,27.5393244,1,-0.18,-0.18,-0.491243246,-14.9789535,1,0.5575,0.5575,0.391793742,12.0694328,1,-0.6975,-0.6975,-0.516901323,-16.3036556,1
299711.022,38.45,0.325232779,-0.0504565175,0.0103843173,0.0244968361,-0.00785641125,-0.446915559,0.369225553,0.00316026652,150.09763,-147.154539,2.94309079,0,50.1050501,-11.7653761,-0.154915305,0.86169391,3.71954357,-2.38556135,51.3785382,-2.0201062,-2.26475254,0.0396863811,3.80831103,-2.40075317,-0.293318138,1.50258444,149.014895,0.101637866,-4.38016773,-5.46026361,0.329277234,0.00927641019,-0.00316026652,0.0244968361,-0.00785641125,-0.446915559,0,0,0,0,0,0,51.3785396,-2.02010625,-2.2647526,0.329898918,1.45411371,-2.33379376,-50.8608261,-1.79654886,0.430486088,-0.00678647373,2.90042432,8.44451045,-50.8608261,-1.79654886,0.430486088,-0.00678647373,2.90042432,8.44451045,0.020713828,0.00159914626,147.154854,0.0312164739,0.923760739,-0.00328489326,0.0146691365,-0.150160828,0.00155945441,-0.0285662075,0.00396217968,0.700955834,1277,1373,1221,1428,1567,1464,1576,1390,-0.09,-0.09,-0.0902572964,-0.0143258584,0.02,0.275,0.275,0.274894439,0.14092399,0.02,-0.1675,-0.1675,-0.16728248,-0.0561344968,0.02,0.19,0.19,0.19103059,0.0844516702,0.02,0.3175,0.3175,0.609820685,27.0720997,1,-0.18,-0.18,-0.483558623,-14.6150038,1,0.5575,0.5575,0.399157225,12.4952397,1,-0.6975,-0.6975,-0.524926579,-16.6768984,1
299711.071,38.5,0.325302547,-0.0508532104,0.0104347957,0.0232079053,-0.00775179039,-0.410999446,0.369380446,0.00303965585,150.09763,-147.154539,2.94309079,0,49.8051163,-11.6943205,-0.154587758,0.856234902,3.69703184,-2.03896228,51.016502,-3.10209119,-2.24147004,0.134572675,3.78494794,-2.05295131,-0.244905361,1.50517186,149.006146,-0.00365525587,-4.35394795,-4.84339731,0.329507085,0.00204413729,-0.00303965585,0.0232079053,-0.00775179039,-0.410999446,0,0,0,0,0,0,51.0165035,-3.10209128,-2.2414701,0.327651626,1.44516044,-1.98750733,-50.7624747,-0.618559086,0.41189865,0.0349079385,2.88044484,7.55135082,-50.7624747,-0.618559086,0.41189865,0.0349079385,2.88044484,7.55135082,0.0177567392,0.000864743121,147.154846,0.0334128641,0.921351498,-0.00347987402,0.000297972869,-0.142925398,0.00130306321,-0.0285616723,-0.000600376473,0.779607157,1277,1373,1221,1428,1567,1464,1576,1390,-0.09,-0.09,-0.0901520049,-0.0142883896,0.02,0.275,0.275,0.274951086,0.140969346,0.02,-0.1675,-0.1675,-0.167399208,-0.0562071892,0.02,0.19,0.19,0.190608849,0.0841139912,0.02,0.3175,0.3175,0.602603262,26.3657969,1,-0.18,-0.18,-0.476063734,-14.2115773,1,0.5575,0.5575,0.406193497,12.7368249,1,-0.6975,-0.6975,-0.532595218,-17.120872,1
299711.121,38.55,0.325001467,-0.0516446856,0.0104424721,0.0224624144,-0.00769000815,-0.372119958,0.369529768,0.00294979758,150.09763,-147.154539,2.94309079,0,49.7263425,-11.7694124,-0.154397734,0.861817032,3.69113601,-1.70729273,50.8799584,-4.18520539,-2.2284368,0.229018471,3.77758199,-1.72031596,-0.222426868,1.52784694,148.989096,-0.104298684,-4.32610731,-4.25549176,0.329278148,-0.00502914763,-0.00294979758,0.0224624144,-0.00769000815,-0.372119958,0,0,0,0,0,0,50.8799598,-4.1852055,-2.22843686,0.329839603,1.44282602,-1.65550737,-50.6572138,0.527026462,0.401147742,0.0737147657,2.86265432,6.64285488,-50.6572138,0.527026462,0.401147742,0.0737147657,2.86265432,6.64285488,0.0149578001,0.00031276977,147.154863,0.0358182314,0.91902904,-0.00369871132,0.000785923561,-0.137622314,0.000452058153,-0.0213546812,0.0109286609,0.792928389,1277,1373,1221,1428,1567,1464,1576,1390,-0.09,-0.09,-0.0900898011,-0.0142662539,0.02,0.275,0.275,0.274977335,0.140990363,0.02,-0.1675,-0.1675,-0.167453296,-0.0562408726,0.02,0.19,0.19,0.190359695,0.0839144981,0.02,0.3175,0.3175,0.595564037,25.874254,1,-0.18,-0.18,-0.468753894,-13.7896143,1,0.5575,0.5575,0.412917099,13.0499883,1,-0.6975,-0.6975,-0.539923086,-17.6098113,1
299711.171,38.6,0.324910052,-0.0526063519,0.0104051759,0.0212319658,-0.00686113127,-0.337168862,0.369676355,0.00292814892,150.09763,-147.154539,2.94309079,0,49.7278938,-11.7948856,-0.188050609,0.861938162,3.68429893,-1.51409736,50.8019774,-5.10863558,-2.25367432,0.305025438,3.7667845,-1.52570666,-0.198199384,1.53771324,148.995288,-0.206379072,-4.29914124,-3.83973663,0.329182675,-0.0116042705,-0.00292814892,0.0212319658,-0.00686113127,-0.337168862,0,0,0,0,0,0,50.8019788,-5.10863572,-2.25367437,0.328809343,1.43577075,-1.4621999,-50.6481636,1.5672943,0.390822761,0.115760773,2.84904728,5.87053393,-50.6481636,1.5672943,0.390822761,0.115760773,2.84904728,5.87053393,0.0124800341,9.04298277e-05,147.154843,0.0385225273,0.916817797,-0.00392624596,-0.0019625144,-0.129221661,-0.00148449248,-0.0316432824,0.0184322046,0.611017803,1321,1333,1246,1407,1573,1462,1599,1363,-0.095,-0.095,-0.0920815043,-0.0149750164,0.02,0.3425,0.3425,0.302482648,0.16234452,0.02,-0.1825,-0.1825,-0.173587948,-0.0597420307,0.02,0.2475,0.2475,0.213600235,0.100423137,0.02,0.4175,0.4175,0.590384243,25.5977638,1,-0.2325,-0.2325,-0.462509492,-13.5674026,1,0.4475,0.4475,0.415993932,13.2552847,1,-0.635,-0.635,-0.545023058,-17.9054107,1
299711.222,38.65,0.324458653,-0.0536321034,0.0103274046,0.0196731124,-0.00599380325,-0.309152121,0.369823349,0.00294732584,150.09763,-147.154539,2.94309079,0,49.5379958,-11.818492,-0.213433839,0.862633451,3.66479451,-1.3367369,50.5265165,-5.97293985,-2.26505179,0.376199665,3.74240424,-1.34707279,-0.15809887,1.55339267,148.992977,-0.302752286,-4.27504948,-3.48388987,0.328637207,-0.0177915401,-0.00294732584,0.0196731124,-0.00599380325,-0.309152121,0,0,0,0,0,0,50.5265179,-5.97294002,-2.26505185,0.328437624,1.42473803,-1.28473558,-50.610897,2.55355718,0.419775386,0.157879697,2.8386941,5.2824195,-50.610897,2.55355718,0.419775386,0.157879697,2.8386941,5.2824195,0.0105275379,-2.6994139e-05,147.154803,0.0411760702,0.914915714,-0.00415004587,-0.0155088062,-0.119374861,-0.000430759517,-0.0447259263,0.0142924423,0.550938547,1321,1333,1246,1407,1573,1462,1599,1363,-0.095,-0.095,-0.0936476585,-0.015532344,0.02,0.3425,0.3425,0.323957185,0.177890629,0.02,-0.1825,-0.1825,-0.178370428,-0.0622948524,0.02,0.2475,0.2475,0.231791887,0.113370406,0.02,0.4175,0.4175,0.586115716,25.2489687,1,-0.2325,-0.2325,-0.456830537,-13.3230174,1,0.4475,0.4475,0.417393966,13.3486996,1,-0.635,-0.635,-0.54902136,-18.1366199,1
299711.271,38.7,0.323593204,-0.0546542194,0.0102226368,0.0179624044,-0.00539621513,-0.282809076,0.369971631,0.00298547383,150.09763,-147.154539,2.94309079,0,49.3169073,-11.8544354,-0.226372883,0.864501643,3.64551845,-1.15638421,50.2163134,-6.77725423,-2.26427189,0.44279877,3.71747506,-1.16563318,-0.127543937,1.56894304,148.978538,-0.390443177,-4.2530862,-3.14567295,0.327584825,-0.0235606105,-0.00298547383,0.0179624044,-0.00539621513,-0.282809076,0,0,0,0,0,0,50.2163148,-6.77725442,-2.26427195,0.328681174,1.41539823,-1.10422473,-50.4497646,3.46941265,0.432277448,0.204198317,2.82419793,4.74144949,-50.4497646,3.46941265,0.432277448,0.204198317,2.82419793,4.74144949,0.0088001699,-0.000137197472,147.154759,0.0435991981,0.913266968,-0.00436127729,-0.0230729774,-0.111694861,-0.000765636721,-0.0339959764,0.00922598818,0.527505009,1321,1333,1246,1407,1573,1462,1599,1363,-0.095,-0.095,-0.0943733664,-0.0157905925,0.02,0.3425,0.3425,0.333907827,0.186395497,0.02,-0.1825,-0.1825,-0.180586483,-0.063582104,0.02,0.2475,0.2475,0.240221342,0.119350083,0.02,0.4175,0.4175,0.581952579,24.8971165,1,-0.2325,-0.2325,-0.451291797,-13.0520046,1,0.4475,0.4475,0.418731787,13.4379634,1,-0.635,-0.635,-0.552841989,-18.3575548,1
299711.322,38.75,0.32249267,-0.0556691975,0.0101098928,0.0163735069,-0.00506409853,-0.257096045,0.370121866,0.00302614361,150.09763,-147.154539,2.94309079,0,49.0839542,-11.9006448,-0.231646616,0.867537425,3.62684961,-0.978115414,49.892585,-7.52019297,-2.25615256,0.504893992,3.69261072,-0.986446742,-0.102730794,1.58342156,148.954789,-0.469567156,-4.23221107,-2.81852864,0.326225521,-0.0289008903,-0.00302614361,0.0163735069,-0.00506409853,-0.257096045,0,0,0,0,0,0,49.8925864,-7.52019318,-2.25615261,0.329628292,1.40723568,-0.925752603,-50.2209363,4.32090273,0.441984875,0.242894262,2.81069361,4.23062141,-50.2209363,4.32090273,0.441984875,0.242894262,2.81069361,4.23062141,0.00728082038,-0.000238197319,147.154724,0.0458000431,0.911803535,-0.00455945049,-0.0284942672,-0.103642857,-0.000980855485,-0.0303520675,0.00481289539,0.52354881,1321,1333,1246,1407,1573,1462,1599,1363,-0.095,-0.095,-0.0947096372,-0.015910257,0.02,0.3425,0.3425,0.33851865,0.190087288,0.02,-0.1825,-0.1825,-0.181613335,-0.0643129298,0.02,0.2475,0.2475,0.244127293,0.121782516,0.02,0.4175,0.4175,0.577892231,24.5539515,1,-0.2325,-0.2325,-0.445889808,-12.7694002,1,0.4475,0.4475,0.420010159,13.5231701,1,-0.635,-0.635,-0.556492842,-18.5686721,1
299711.371,38.8,0.321228584,-0.0566998712,0.00997707776,0.0150370215,-0.00497501206,-0.231515315,0.370274559,0.00308056275,150.09763,-147.154539,2.94309079,0,48.8410288,-11.9555414,-0.234148589,0.871448487,3.60803868,-0.806352917,49.5593735,-8.20146839,-2.24506294,0.56225804,3.66729226,-0.813882052,-0.0830106708,1.59933942,148.930429,-0.54130862,-4.21137184,-2.50401601,0.32465303,-0.0338324534,-0.00308056275,0.0150370215,-0.00497501206,-0.231515315,0,0,0,0,0,0,49.5593748,-8.20146862,-2.245063,0.331058024,1.39939397,-0.753748556,-49.9747404,5.12686659,0.452012049,0.279765782,2.79678348,3.74276101,-49.9747404,5.12686659,0.452012049,0.279765782,2.79678348,3.74276101,0.00595263158,-0.000326276416,147.154701,0.0478569025,0.910422187,-0.00474861734,-0.0329347547,-0.0942467219,-0.00121873797,-0.0296667245,5.65262622e-05,0.523542674,1321,1333,1246,1407,1573,1462,1599,1363,-0.095,-0.095,-0.0948654548,-0.0159657058,0.02,0.3425,0.3425,0.340655165,0.191856236,0.02,-0.1825,-0.1825,-0.182089146,-0.064651572,0.02,0.2475,0.2475,0.245937191,0.122909631,0.02,0.4175,0.4175,0.573932132,24.2192592,1,-0.2325,-0.2325,-0.440621195,-12.4881689,1,0.4475,0.4475,0.421231724,13.5938094,1,-0.635,-0.635,-0.559981462,-18.7704079,1
299711.421,38.85,0.319857121,-0.0577099018,0.00984001471,0.0136802614,-0.00509290628,-0.206190263,0.370429902,0.00313130297,150.09763,-147.154539,2.94309079,0,48.6040796,-11.9826165,-0.235368993,0.873369573,3.58995835,-0.646676154,49.2324956,-8.78483178,-2.23229804,0.611878229,3.64245575,-0.65336553,-0.0661957648,1.60907579,148.903496,-0.60659093,-4.18950849,-2.20798266,0.322940243,-0.038305005,-0.00313130297,0.0136802614,-0.00509290628,-0.206190263,0,0,0,0,0,0,49.232497,-8.78483202,-2.23229809,0.331755319,1.39201837,-0.593952658,-49.6870632,5.84160492,0.458205781,0.312103876,2.78030506,3.27937654,-49.6870632,5.84160492,0.458205781,0.312103876,2.78030506,3.27937654,0.00476553189,-0.000399595776,147.154679,0.0498045264,0.909029914,-0.00493020679,-0.0350400934,-0.0846148823,-0.00153168606,-0.0377115852,-0.00440806237,0.517548674,1321,1333,1246,1407,1573,1462,1599,1363,-0.095,-0.095,-0.0949376559,-0.0159913991,0.02,0.3425,0.3425,0.34164516,0.192736979,0.02,-0.1825,-0.1825,-0.182309623,-0.0648084885,0.02,0.2475,0.2475,0.246775842,0.123431901,0.02,0.4175,0.4175,0.570069809,23.8928306,1,-0.2325,-0.2325,-0.435482664,-12.2339753,1,0.4475,0.4475,0.422399006,13.6613096,1,-0.635,-0.635,-0.563315058,-18.9484331,1
299711.471,38.9,0.318391824,-0.0586261326,0.00968690832,0.0121478271,-0.00538151075,-0.180325914,0.370587964,0.00318703968,150.09763,-147.154539,2.94309079,0,48.3132579,-11.9473739,-0.23593449,0.870666065,3.56796726,-0.476714796,48.8535701,-9.24051994,-2.2153497,0.652378329,3.613491,-0.482485361,-0.0514103666,1.61477714,148.879658,-0.663796306,-4.16601694,-1.89921082,0.32111523,-0.0422363027,-0.00318703968,0.0121478271,-0.00538151075,-0.180325914,0,0,0,0,0,0,48.8535714,-9.24052019,-2.21534975,0.330644775,1.38316994,-0.424146363,-49.362552,6.47225167,0.473711823,0.351877976,2.7654503,2.8217921,-49.362552,6.47225167,0.473711823,0.351877976,2.7654503,2.8217921,0.00367149163,-0.000452037611,147.154657,0.0515978956,0.907537219,-0.00510065074,-0.0375304006,-0.0729473312,-0.000964822968,-0.0309821582,-0.00767850235,0.543065925,1321,1333,1246,1407,1573,1462,1599,1363,-0.095,-0.095,-0.0949711116,-0.0160033046,0.02,0.3425,0.3425,0.342103893,0.193145089,0.02,-0.1825,-0.1825,-0.182411785,-0.0648811988,0.02,0.2475,0.2475,0.247164447,0.123673905,0.02,0.4175,0.4175,0.566302847,23.4922328,1,-0.2325,-0.2325,-0.430471004,-11.9887528,1,0.4475,0.4475,0.423514418,13.7258104,1,-0.635,-0.635,-0.566500519,-19.1184686,1
299711.522,38.95,0.316860364,-0.0594536923,0.00953756563,0.0104845865,-0.00586477119,-0.153368935,0.370748361,0.0032248827,150.09763,-147.154539,2.94309079,0,48.0252709,-11.9104571,-0.236196525,0.867865239,3.54625444,-0.311558773,48.4860839,-9.6237183,-2.19661883,0.687275848,3.58520142,-0.316484129,-0.0397365814,1.61889312,148.853113,-0.712583792,-4.13992632,-1.59308946,0.319226202,-0.0456170178,-0.0032248827,0.0104845865,-0.00586477119,-0.153368935,0,0,0,0,0,0,48.4860852,-9.62371856,-2.19661889,0.329512588,1.37447297,-0.259152769,-49.0102238,6.99583207,0.48847421,0.380214801,2.74500685,2.3667401,-49.0102238,6.99583207,0.48847421,0.380214801,2.74500685,2.3667401,0.00267648629,-0.000481245611,147.154636,0.0532176218,0.905872707,-0.00525337616,-0.0375800834,-0.0628925068,-0.000523834692,-0.0389948467,-0.0113636178,0.56233095,1321,1333,1246,1407,1573,1462,1599,1363,-0.095,-0.095,-0.094986614,-0.0160088213,0.02,0.3425,0.3425,0.342316456,0.193334194,0.02,-0.1825,-0.1825,-0.182459124,-0.0649148905,0.02,0.2475,0.2475,0.247344515,0.123786043,0.02,0.4175,0.4175,0.562628892,23.1000115,1,-0.2325,-0.2325,-0.425583083,-11.7495849,1,0.4475,0.4475,0.424580265,13.7874449,1,-0.635,-0.635,-0.569544428,-19.2809483,1
299711.571,39,0.315350859,-0.0603058532,0.00938836724,0.00900141355,-0.00635052673,-0.125288162,0.370910323,0.00325201054,150.09763,-147.154539,2.94309079,0,47.7931408,-11.9249195,-0.236317943,0.868941371,3.52877222,-0.148511506,48.1872616,-9.98428768,-2.17845738,0.720403652,3.5618852,-0.152776049,-0.0373748154,1.63118669,148.830354,-0.752943278,-4.11080224,-1.29109665,0.317393455,-0.0485589284,-0.00325201054,0.00900141355,-0.00635052673,-0.125288162,0,0,0,0,0,0,48.1872629,-9.98428796,-2.17845744,0.329935022,1.36748249,-0.0960418629,-48.669428,7.45115979,0.481343314,0.411922854,2.72780851,1.91794689,-48.669428,7.45115979,0.481343314,0.411922854,2.72780851,1.91794689,0.00182805998,-0.000463493197,147.154622,0.0546757843,0.904024122,-0.00538895891,-0.0343595159,-0.0562200212,-0.00129999366,-0.0263192998,-0.00692944311,0.581233216,1321,1333,1246,1407,1573,1462,1599,1363,-0.095,-0.095,-0.0949937973,-0.0160113775,0.02,0.3425,0.3425,0.342414951,0.19342182,0.02,-0.1825,-0.1825,-0.182481059,-0.0649305022,0.02,0.2475,0.2475,0.247427953,0.123838004,0.02,0.4175,0.4175,0.559045647,22.7471904,1,-0.2325,-0.2325,-0.420815844,-11.516322,1,0.4475,0.4475,0.425598748,13.8463406,1,-0.635,-0.635,-0.572453075,-19.479855,1
299711.621,39.05,0.313921605,-0.0613622466,0.009239938,0.00816982486,-0.00649345388,-0.0968902264,0.371073746,0.00327815348,150.09763,-147.154539,2.94309079,0,47.5888969,-12.0351745,-0.236374205,0.877227253,3.51340101,0.00577983312,47.9315967,-10.3680625,-2.16095501,0.754935023,3.54169692,0.00193855503,-0.0340874242,1.65744732,148.813756,-0.788073916,-4.07968646,-1.01290844,0.315711652,-0.051259089,-0.00327815348,0.00816982486,-0.00649345388,-0.0968902264,0,0,0,0,0,0,47.931598,-10.3680628,-2.16095507,0.333237375,1.36134286,0.0587346027,-48.4057496,7.88090191,0.487645509,0.43814722,2.71293923,1.48879007,-48.4057496,7.88090191,0.487645509,0.43814722,2.71293923,1.48879007,0.00117698811,-0.000383314286,147.154617,0.0561358063,0.902056775,-0.0055243346,-0.0332615611,-0.0519388865,-0.000828539729,-0.0146321595,0.000940285036,0.58615711,1321,1333,1246,1407,1573,1462,1599,1363,-0.095,-0.095,-0.0949971259,-0.016012562,0.02,0.3425,0.3425,0.342460591,0.193462423,0.02,-0.1825,-0.1825,-0.182491223,-0.0649377362,0.02,0.2475,0.2475,0.247466616,0.123862081,0.02,0.4175,0.4175,0.555550872,22.4829165,1,-0.2325,-0.2325,-0.41616631,-11.2376591,1,0.4475,0.4475,0.426571973,13.9026191,1,-0.635,-0.635,-0.57523247,-19.6776688,1
299711.671,39.1,0.312366726,-0.0625776084,0.0091100427,0.00758026351,-0.00630412941,-0.0697702938,0.371237957,0.00328445507,150.09763,-147.154539,2.94309079,0,47.3147528,-12.1202486,-0.228054849,0.886333622,3.49369089,0.102682392,47.6180204,-10.6590803,-2.13223127,0.782969886,3.51839439,0.099328269,-0.0227799822,1.68024701,148.789856,-0.822436764,-4.04823469,-0.805322602,0.313981026,-0.0536781688,-0.00328445507,0.00758026351,-0.00630412941,-0.0697702938,0,0,0,0,0,0,47.6180217,-10.6590806,-2.13223132,0.338498395,1.35406066,0.15601149,-48.1579433,8.26851111,0.504323303,0.461629864,2.69909133,1.10335577,-48.1579433,8.26851111,0.504323303,0.461629864,2.69909133,1.10335577,0.000694502207,-0.000274710732,147.154612,0.0577746167,0.900061059,-0.00567314406,-0.0366774881,-0.0443369346,0.000568017249,-0.016252429,0.0060662934,0.497226653,1342,1316,1268,1391,1570,1455,1599,1374,-0.1125,-0.1125,-0.102126522,-0.0191171647,0.02,0.315,0.315,0.334204993,0.186633431,0.02,-0.175,-0.175,-0.180238803,-0.0633346549,0.02,0.2475,0.2475,0.247484531,0.123873237,0.02,0.46,0.46,0.552858777,22.2793411,1,-0.2725,-0.2725,-0.412305825,-10.9972473,1,0.395,0.395,0.426336897,13.8890253,1,-0.58,-0.58,-0.576214362,-19.7475514,1
299711.722,39.15,0.310607583,-0.0637587084,0.00899599121,0.00676422253,-0.00592708958,-0.0477594398,0.371401743,0.00327187528,150.09763,-147.154539,2.94309079,0,47.0350105,-12.1717367,-0.21916246,0.892850738,3.4734062,0.16660533,47.30967,-10.8565152,-2.10300373,0.802683041,3.49547255,0.163896309,-0.0183973616,1.69783584,148.755835,-0.855281906,-4.01783791,-0.653150855,0.312108444,-0.0556861874,-0.00327187528,0.00676422253,-0.00592708958,-0.0477594398,0,0,0,0,0,0,47.3096713,-10.8565155,-2.10300379,0.342688247,1.34645944,0.220160978,-47.874881,8.58657996,0.510625356,0.486050109,2.68278688,0.807512807,-47.874881,8.58657996,0.510625356,0.486050109,2.68278688,0.807512807,0.000379585247,-0.000179456937,147.1546,0.0594735621,0.898115766,-0.00582953838,-0.0377889709,-0.0351424653,0.000631017838,-0.0250407887,0.00975846392,0.40933229,1342,1316,1268,1391,1570,1455,1599,1374,-0.1125,-0.1125,-0.107693248,-0.0225838462,0.02,0.315,0.315,0.326345878,0.180015715,0.02,-0.175,-0.175,-0.178094967,-0.0621478151,0.02,0.2475,0.2475,0.247492832,0.123878407,0.02,0.46,0.46,0.550566086,22.1059685,1,-0.2725,-0.2725,-0.408854007,-10.8077732,1,0.395,0.395,0.425563186,13.8442841,1,-0.58,-0.58,-0.576382584,-19.7595241,1
299711.772,39.2,0.30888919,-0.0648026205,0.00886994064,0.0054815077,-0.00522721394,-0.0298574569,0.371565486,0.00327955806,150.09763,-147.154539,2.94309079,0,46.8288925,-12.217935,-0.214152474,0.897818386,3.45845861,0.210610735,47.084759,-10.9983197,-2.0812033,0.816349526,3.47871139,0.208593467,-0.0241705239,1.71239421,148.731267,-0.883885267,-3.98979118,-0.539984562,0.310335195,-0.0572335753,-0.00327955806,0.0054815077,-0.00522721394,-0.0298574569,0,0,0,0,0,0,47.0847603,-10.99832,-2.08120335,0.345567732,1.34085044,0.264369657,-47.5815743,8.83146417,0.490240627,0.510829517,2.66693343,0.577349167,-47.5815743,8.83146417,0.490240627,0.510829517,2.66693343,0.577349167,0.000175960227,-9.98505045e-05,147.154582,0.0610761782,0.896306326,-0.00597230274,-0.0328152045,-0.0276013419,-0.000963377518,-0.0288533448,0.0179917523,0.328547187,1342,1316,1268,1391,1570,1455,1599,1374,-0.1125,-0.1125,-0.110272698,-0.0241416793,0.02,0.315,0.315,0.321702889,0.17588511,0.02,-0.175,-0.175,-0.176828437,-0.0614717589,0.02,0.2475,0.2475,0.247496679,0.123880803,0.02,0.46,0.46,0.548330001,21.9814475,1,-0.2725,-0.2725,-0.405487414,-10.6729952,1,0.395,0.395,0.424808578,13.8006475,1,-0.58,-0.58,-0.576543331,-19.7709647,1
299711.822,39.25,0.30730808,-0.0657563074,0.00875396682,0.00409973062,-0.00417613089,-0.0152247268,0.371729911,0.00329413265,150.09763,-147.154539,2.94309079,0,46.6381233,-12.2732525,-0.211951168,0.902682521,3.44443718,0.25067046,46.883809,-11.1103239,-2.06430342,0.826876633,3.46352353,0.249196083,-0.0311887398,1.7286542,148.709983,-0.906080974,-3.96618014,-0.447019951,0.308755696,-0.0584417187,-0.00329413265,0.00409973062,-0.00417613089,-0.0152247268,0,0,0,0,0,0,46.8838103,-11.1103242,-2.06430347,0.34793152,1.33546146,0.304672779,-47.338078,9.03281173,0.507638969,0.533722413,2.65269316,0.396932243,-47.338078,9.03281173,0.507638969,0.533722413,2.65269316,0.396932243,6.07619597e-05,-4.07371341e-05,147.154564,0.062405586,0.894776003,-0.00609187824,-0.0296909388,-0.0211078288,-0.00029947391,-0.0268687618,0.023448497,0.276063222,1342,1316,1268,1391,1570,1455,1599,1374,-0.1125,-0.1125,-0.111467937,-0.0246733474,0.02,0.315,0.315,0.318959916,0.173814963,0.02,-0.175,-0.175,-0.176080199,-0.0610723601,0.02,0.2475,0.2475,0.247498461,0.123881912,0.02,0.46,0.46,0.546149126,21.8747364,1,-0.2725,-0.2725,-0.402203943,-10.5415449,1,0.395,0.395,0.424072602,13.7580883,1,-0.58,-0.58,-0.576696935,-19.7818969,1
299711.871,39.3,0.305827289,-0.0666384564,0.00865325385,0.00278128281,-0.0029505903,-0.00253103242,0.371894975,0.0033115607,150.09763,-147.154539,2.94309079,0,46.448771,-12.330192,-0.211076286,0.907280523,3.43034031,0.290567286,46.6915779,-11.1918464,-2.05076591,0.834754719,3.44880086,0.289446311,-0.0359593101,1.74459412,148.690553,-0.921284401,-3.94846452,-0.363379717,0.307321394,-0.0593751956,-0.0033115607,0.00278128281,-0.0029505903,-0.00253103242,0,0,0,0,0,0,46.6915792,-11.1918467,-2.05076596,0.349955857,1.32992717,0.34482014,-47.0921415,9.16350503,0.512895706,0.551937455,2.6393446,0.24767193,-47.0921415,9.16350503,0.512895706,0.551937455,2.6393446,0.24767193,6.30640079e-06,-4.47991426e-06,147.154551,0.0634456215,0.893596061,-0.00618480621,-0.0265711429,-0.0168979565,-0.000361699277,-0.0204197525,0.0252021587,0.248138302,1342,1316,1268,1391,1570,1455,1599,1374,-0.1125,-0.1125,-0.112021773,-0.024919706,0.02,0.315,0.315,0.31733943,0.172949969,0.02,-0.175,-0.175,-0.175638157,-0.0608364043,0.02,0.2475,0.2475,0.247499287,0.123882427,0.02,0.46,0.46,0.544022096,21.77066,1,-0.2725,-0.2725,-0.399001542,-10.4088987,1,0.395,0.395,0.423354797,13.7165799,1,-0.58,-0.58,-0.576843713,-19.7923433,1
299711.921,39.35,0.304414433,-0.0674846721,0.00855509161,0.00181600864,-0.00173646921,0.00909670514,0.372061375,0.00334423024,150.09763,-147.154539,2.94309079,0,46.2571869,-12.3923408,-0.210590748,0.912133512,3.41602216,0.331308055,46.5038832,-11.2503205,-2.03983699,0.840832304,3.43435966,0.330355444,-0.041373874,1.76277446,148.674962,-0.930590897,-3.93711383,-0.286439434,0.30598979,-0.0601050052,-0.00334423024,0.00181600864,-0.00173646921,0.00909670514,0,0,0,0,0,0,46.5038845,-11.2503208,-2.03983705,0.351999718,1.32427075,0.385834366,-46.87466,9.27300557,0.500607531,0.566668834,2.62817859,0.111826414,-46.87466,9.27300557,0.500607531,0.566668834,2.62817859,0.111826414,-5.68029765e-06,1.07505268e-05,147.154543,0.06424696,0.892815688,-0.00625814251,-0.0250272372,-0.0122418287,-0.0015513097,-0.0178453885,0.0222326943,0.228277406,1342,1316,1268,1391,1570,1455,1599,1374,-0.1125,-0.1125,-0.112278404,-0.0250338611,0.02,0.315,0.315,0.316382082,0.172438951,0.02,-0.175,-0.175,-0.175377009,-0.0606970069,0.02,0.2475,0.2475,0.24749967,0.123882665,0.02,0.46,0.46,0.541947583,21.6691533,1,-0.2725,-0.2725,-0.395878207,-10.269966,1,0.395,0.395,0.422654714,13.6760964,1,-0.58,-0.58,-0.576983969,-19.8023255,1
299711.971,39.4,0.303056447,-0.0682910899,0.00847112552,0.00109673758,-0.000779374038,0.019878255,0.372229488,0.00337698896,150.09763,-147.154539,2.94309079,0,46.0685267,-12.4511489,-0.210318417,0.916658442,3.40188971,0.371454902,46.3252731,-11.2795174,-2.03127052,0.84465146,3.42057609,0.370564708,-0.0471815471,1.7786945,148.657576,-0.935315415,-3.93150357,-0.208030853,0.304735516,-0.0606385823,-0.00337698896,0.00109673758,-0.000779374038,0.019878255,0,0,0,0,0,0,46.3252744,-11.2795177,-2.03127057,0.353866524,1.31866694,0.426239969,-46.6647701,9.35164405,0.518103951,0.576567577,2.61484357,-0.0185219172,-46.6647701,9.35164405,0.518103951,0.576567577,2.61484357,-0.0185219172,1.10552951e-05,1.0845865e-05,147.154539,0.0649026223,0.892356352,-0.00631951352,-0.0235691363,-0.00806378086,-0.000709715068,-0.0188155567,0.0137940758,0.215872077,1342,1316,1268,1391,1570,1455,1599,1374,-0.1125,-0.1125,-0.112397319,-0.0250867571,0.02,0.315,0.315,0.315816503,0.172137052,0.02,-0.175,-0.175,-0.175222728,-0.060614654,0.02,0.2475,0.2475,0.247499847,0.123882776,0.02,0.46,0.46,0.53992429,21.5677953,1,-0.2725,-0.2725,-0.392831989,-10.1344635,1,0.395,0.395,0.421971917,13.6366124,1,-0.58,-0.58,-0.577117992,-19.8118642,1
299712.022,39.45,0.301713315,-0.0690059716,0.0083872985,0.000508853726,-0.000326039584,0.0305690542,0.372399285,0.00341489309,150.09763,-147.154539,2.94309079,0,45.8438809,-12.4652377,-0.210164255,0.917776929,3.38502975,0.421510783,46.1155636,-11.2406724,-2.02232965,0.843719197,3.40434429,0.420701996,-0.0520584842,1.78933774,148.642521,-0.93611631,-3.92970992,-0.117150187,0.303504595,-0.0609274128,-0.00341489309,0.000508853726,-0.000326039584,0.0305690542,0,0,0,0,0,0,46.1155648,-11.2406727,-2.0223297,0.354348197,1.31196165,0.476357842,-46.4475017,9.39241337,0.512696354,0.591240795,2.6044209,-0.15410751,-46.4475017,9.39241337,0.512696354,0.591240795,2.6044209,-0.15410751,5.08763184e-05,8.13193247e-06,147.154537,0.0654721723,0.892119113,-0.00637429289,-0.0239111755,-0.00221326636,-0.00138620234,-0.0139827725,0.00248546391,0.223371338,1342,1316,1268,1391,1570,1455,1599,1374,-0.1125,-0.1125,-0.112452421,-0.0251112674,0.02,0.315,0.315,0.315482372,0.171958698,0.02,-0.175,-0.175,-0.175131583,-0.0605660018,0.02,0.2475,0.2475,0.247499929,0.123882827,0.02,0.46,0.46,0.537950953,21.4097943,1,-0.2725,-0.2725,-0.389860981,-10.0041618,1,0.395,0.395,0.421305978,13.5981032,1,-0.58,-0.58,-0.57724606,-19.8209789,1
299712.071,39.5,0.300415282,-0.0695771441,0.00830173853,-0.00016296558,-0.000462558087,0.0411669577,0.372571098,0.00345114043,150.09763,-147.154539,2.94309079,0,45.6507175,-12.4527882,-0.210076296,0.916874857,3.37052408,0.463090168,45.9425318,-11.1503533,-2.01431592,0.838610354,3.39093478,0.462426818,-0.0606918983,1.79274505,148.629663,-0.933734106,-3.92861832,-0.0271979507,0.30232202,-0.0609097899,-0.00345114043,-0.00016296558,-0.000462558087,0.0411669577,0,0,0,0,0,0,45.942533,-11.1503536,-2.01431597,0.35400884,1.30618735,0.517882451,-46.2285118,9.39027032,0.528091272,0.600461255,2.5907911,-0.293960557,-46.2285118,9.39027032,0.528091272,0.600461255,2.5907911,-0.293960557,0.000115949233,1.61998313e-05,147.154536,0.0659669389,0.891889902,-0.00642285938,-0.0217993767,0.00379269412,-0.000738120534,-0.0201119431,-0.00857326619,0.214887984,1342,1316,1268,1391,1570,1455,1599,1374,-0.1125,-0.1125,-0.112477953,-0.0251226248,0.02,0.315,0.315,0.315284974,0.17185333,0.02,-0.175,-0.175,-0.175077736,-0.0605372592,0.02,0.2475,0.2475,0.247499967,0.12388285,0.02,0.46,0.46,0.536026337,21.2556943,1,-0.2725,-0.2725,-0.386963328,-9.91393603,1,0.395,0.395,0.420656481,13.5605449,1,-0.58,-0.58,-0.577368437,-19.8296887,1
299712.121,39.55,0.299211751,-0.0700344413,0.00821520569,-0.000815805403,-0.00105430328,0.0513220406,0.372744441,0.0034796309,150.09763,-147.154539,2.94309079,0,45.4622016,-12.4405245,-0.210025776,0.91597245,3.35635986,0.503609443,45.7797568,-11.0370089,-2.00520481,0.831733834,3.37830205,0.503064177,-0.0709436878,1.79682095,148.621142,-0.927865926,-3.92537744,0.0593584359,0.301242543,-0.0606270762,-0.0034796309,-0.000815805403,-0.00105430328,0.0513220406,0,0,0,0,0,0,45.779758,-11.0370092,-2.00520486,0.353660751,1.30054427,0.558347766,-46.0198249,9.34298483,0.517702981,0.613917361,2.58020087,-0.430482626,-46.0198249,9.34298483,0.517702981,0.613917361,2.58020087,-0.430482626,0.00020110387,4.27894819e-05,147.154536,0.0663695399,0.891498804,-0.00646077515,-0.0201503388,0.00833900791,-0.00142598184,-0.0121812723,-0.0155418971,0.205034724,1342,1316,1268,1391,1570,1455,1599,1374,-0.1125,-0.1125,-0.112489784,-0.0251278874,0.02,0.315,0.315,0.315168356,0.171791081,0.02,-0.175,-0.175,-0.175045925,-0.0605202787,0.02,0.2475,0.2475,0.247499985,0.123882861,0.02,0.46,0.46,0.53414924,21.105399,1,-0.2725,-0.2725,-0.384137219,-9.82593797,1,0.395,0.395,0.42002302,13.5239139,1,-0.58,-0.58,-0.577485375,-19.8380114,1
299712.171,39.6,0.298076471,-0.0704067491,0.00814425039,-0.00137516889,-0.00187350619,0.0607067984,0.372918809,0.00347981997,150.09763,-147.154539,2.94309079,0,45.2735839,-12.4185661,-0.194704578,0.914655593,3.34598063,0.533328089,45.6222995,-10.8924997,-1.97871943,0.822297636,3.36992548,0.532962414,-0.0799637225,1.79723193,148.610852,-0.919479912,-3.91808289,0.13460944,0.30024915,-0.0601228842,-0.00347981997,-0.00137516889,-0.00187350619,0.0607067984,0,0,0,0,0,0,45.6223008,-10.8925,-1.97871948,0.353336415,1.29875798,0.587969796,-45.8229215,9.26213723,0.534037681,0.62218757,2.56831627,-0.557811535,-45.8229215,9.26213723,0.534037681,0.62218757,2.56831627,-0.557811535,0.000297482413,8.68717605e-05,147.154538,0.0667215415,0.890843591,-0.00649042055,-0.018289511,0.0122183884,0.00105456327,-0.0119415806,-0.0166089034,0.180568951,1343,1313,1274,1382,1565,1460,1581,1392,-0.1,-0.1,-0.108733749,-0.0232318189,0.02,0.27,0.27,0.301561061,0.161524636,0.02,-0.1625,-0.1625,-0.171266465,-0.0585028551,0.02,0.2025,0.2025,0.233961592,0.114914617,0.02,0.4675,0.4675,0.532444911,20.9689369,1,-0.295,-0.295,-0.381760153,-9.75192202,1,0.3925,0.3925,0.419363059,13.4800839,1,-0.565,-0.565,-0.577310617,-19.8255736,1
299712.222,39.65,0.297009519,-0.0707053579,0.00810197377,-0.00185650099,-0.00256416076,0.0687308176,0.373091806,0.0034407179,150.09763,-147.154539,2.94309079,0,45.085442,-12.394546,-0.180298139,0.912926442,3.33562356,0.559197716,45.4694883,-10.7272161,-1.9511103,0.810875059,3.36191684,0.559033195,-0.0914083539,1.79997086,148.596225,-0.908921688,-3.90653578,0.198560575,0.299353992,-0.0594286172,-0.0034407179,-0.00185650099,-0.00256416076,0.0687308176,0,0,0,0,0,0,45.4694895,-10.7272164,-1.95111035,0.352692972,1.29696831,0.613733735,-45.6379835,9.15230199,0.520210768,0.633186594,2.56101954,-0.668423343,-45.6379835,9.15230199,0.520210768,0.633186594,2.56101954,-0.668423343,0.000394413536,0.000133617406,147.154541,0.0669849643,0.889898291,-0.00651341643,-0.016456492,0.0153304891,0.000739097968,-0.00490815945,-0.0107465622,0.157739863,1343,1313,1274,1382,1565,1460,1581,1392,-0.1,-0.1,-0.105159703,-0.0210060795,0.02,0.27,0.27,0.288645565,0.151934231,0.02,-0.1625,-0.1625,-0.16767903,-0.0563814487,0.02,0.2025,0.2025,0.221086801,0.105751437,0.02,0.4675,0.4675,0.530841415,20.8405484,1,-0.295,-0.295,-0.379618037,-9.68012468,1,0.3925,0.3925,0.418699808,13.4358296,1,-0.565,-0.565,-0.577006667,-19.803941,1
299712.271,39.7,0.295981227,-0.0709938032,0.00806226891,-0.00222579267,-0.00303719807,0.0759120443,0.373262567,0.00339174406,150.09763,-147.154539,2.94309079,0,44.9016539,-12.4032254,-0.171410167,0.913744368,3.32412656,0.584609138,45.3255957,-10.5783361,-1.92797449,0.80078779,3.35314197,0.584544089,-0.101302481,1.8068181,148.5815,-0.89651099,-3.89175069,0.255649241,0.29852827,-0.0586244192,-0.00339174406,-0.00222579267,-0.00303719807,0.0759120443,0,0,0,0,0,0,45.325597,-10.5783364,-1.92797454,0.353118592,1.29381763,0.639183347,-45.462209,9.01230261,0.516907645,0.635897357,2.54896664,-0.766832969,-45.462209,9.01230261,0.516907645,0.635897357,2.54896664,-0.766832969,0.000489291964,0.00017557807,147.154544,0.06719114,0.888730135,-0.00653107591,-0.0151358615,0.0164202474,0.00101955534,-0.00362047754,-0.00634050062,0.139912385,1343,1313,1274,1382,1565,1460,1581,1392,-0.1,-0.1,-0.103048236,-0.0196911627,0.02,0.27,0.27,0.281015381,0.145824901,0.02,-0.1625,-0.1625,-0.165559655,-0.0550616064,0.02,0.2025,0.2025,0.213480664,0.100338036,0.02,0.4675,0.4675,0.52927751,20.7378263,1,-0.295,-0.295,-0.37752881,-9.58719131,1,0.3925,0.3925,0.418052932,13.3926679,1,-0.565,-0.565,-0.576710222,-19.7828425,1
299712.322,39.75,0.295016614,-0.0713452384,0.00802052278,-0.00228144502,-0.00315999441,0.0819468779,0.373430978,0.00334508007,150.09763,-147.154539,2.94309079,0,44.7404721,-12.4297589,-0.166249463,0.915858432,3.31336356,0.604511365,45.207908,-10.4325388,-1.90881561,0.790711928,3.34543365,0.60453045,-0.112313764,1.81584945,148.570932,-0.88365611,-3.87514755,0.298704657,0.297802641,-0.0578073646,-0.00334508007,-0.00228144502,-0.00315999441,0.0819468779,0,0,0,0,0,0,45.2079093,-10.4325391,-1.90881566,0.354033339,1.29036275,0.659202323,-45.3118104,8.87208209,0.506359053,0.637595638,2.53914983,-0.850345584,-45.3118104,8.87208209,0.506359053,0.637595638,2.53914983,-0.850345584,0.000562819124,0.000200018695,147.154543,0.0674153819,0.887435852,-0.00654977762,-0.0134620292,0.0171597495,0.00109269457,-0.00476145365,0.000767372643,0.116351147,1343,1313,1274,1382,1565,1460,1581,1392,-0.1,-0.1,-0.10180083,-0.0189143395,0.02,0.27,0.27,0.276507639,0.142215646,0.02,-0.1625,-0.1625,-0.164307575,-0.0542818733,0.02,0.2025,0.2025,0.208987129,0.09723003,0.02,0.4675,0.4675,0.527752218,20.6631931,1,-0.295,-0.295,-0.375491167,-9.49655248,1,0.3925,0.3925,0.417422028,13.3505719,1,-0.565,-0.565,-0.576421095,-19.762265,1
299712.371,39.8,0.294098777,-0.0717280655,0.00798154517,-0.00234658659,-0.00292752293,0.0871067581,0.37359697,0.003300705,150.09763,-147.154539,2.94309079,0,44.5832699,-12.4556374,-0.163383572,0.917917521,3.30231367,0.623922205,45.0964813,-10.2744523,-1.89223412,0.779717269,3.33762418,0.624045557,-0.122991051,1.82643517,148.561481,-0.87063673,-3.85876655,0.339593439,0.297155466,-0.0569462654,-0.003300705,-0.00234658659,-0.00292752293,0.0871067581,0,0,0,0,0,0,45.0964826,-10.2744526,-1.89223417,0.354922723,1.28643102,0.678727028,-45.1711455,8.71354858,0.498555022,0.643872746,2.5318266,-0.924251259,-45.1711455,8.71354858,0.498555022,0.643872746,2.5318266,-0.924251259,0.000631293155,0.000203122016,147.154541,0.0676438711,0.886145663,-0.0065740017,-0.0118315816,0.0173471128,0.000855668846,0.000453042629,0.00901998405,0.101258003,1343,1313,1274,1382,1565,1460,1581,1392,-0.1,-0.1,-0.10106389,-0.0184554097,0.02,0.27,0.27,0.273844567,0.140083379,0.02,-0.1625,-0.1625,-0.163567875,-0.0538212245,0.02,0.2025,0.2025,0.20633245,0.0955768272,0.02,0.4675,0.4675,0.526264585,20.5904027,1,-0.295,-0.295,-0.373503833,-9.40815154,1,0.3925,0.3925,0.416806701,13.3095153,1,-0.565,-0.565,-0.576139107,-19.7421955,1
299712.421,39.85,0.293213425,-0.0721168205,0.0079503865,-0.00242932014,-0.00240622725,0.0916605799,0.373760882,0.00325728337,150.09763,-147.154539,2.94309079,0,44.429949,-12.4808768,-0.161690468,0.919882307,3.29123985,0.642853789,44.9907313,-10.1057696,-1.87784762,0.767892033,3.32993785,0.643086284,-0.133906177,1.83537787,148.550495,-0.857444709,-3.84435474,0.377313604,0.296565926,-0.0560254724,-0.00325728337,-0.00242932014,-0.00240622725,0.0916605799,0,0,0,0,0,0,44.9907326,-10.1057699,-1.87784767,0.355746683,1.28229476,0.697769667,-45.0434075,8.55833032,0.493774774,0.644761372,2.5199091,-0.988650624,-45.0434075,8.55833032,0.493774774,0.644761372,2.5199091,-0.988650624,0.000697376199,0.000186182437,147.154538,0.0679156598,0.884950276,-0.00660123862,-0.0112495625,0.0192257618,0.000552839919,-0.00503961222,0.0124834819,0.0924562444,1343,1313,1274,1382,1565,1460,1581,1392,-0.1,-0.1,-0.100628522,-0.0181842844,0.02,0.27,0.27,0.272271284,0.138823684,0.02,-0.1625,-0.1625,-0.163130876,-0.0535490835,0.02,0.2025,0.2025,0.204764125,0.0946001521,0.02,0.4675,0.4675,0.524813683,20.5194094,1,-0.295,-0.295,-0.371565566,-9.32193322,1,0.3925,0.3925,0.416206566,13.2694724,1,-0.565,-0.565,-0.575864082,-19.7226215,1
299712.471,39.9,0.292356688,-0.0724941476,0.00791590569,-0.00256069798,-0.00171218111,0.0957819714,0.373923011,0.00322794324,150.09763,-147.154539,2.94309079,0,44.2824571,-12.5034497,-0.16069022,0.921619232,3.28041781,0.660752993,44.8921074,-9.92552409,-1.86567725,0.755165552,3.32262109,0.661083659,-0.144617972,1.84240339,148.542756,-0.843672618,-3.8330683,0.412015501,0.296021451,-0.0550332111,-0.00322794324,-0.00256069798,-0.00171218111,0.0957819714,0,0,0,0,0,0,44.8921086,-9.92552436,-1.8656773,0.356463317,1.27814375,0.715768191,-44.9207256,8.39137514,0.495818106,0.650215051,2.50981389,-1.05106875,-44.9207256,8.39137514,0.495818106,0.650215051,2.50981389,-1.05106875,0.000764671237,0.00015508072,147.154536,0.0681857379,0.883977522,-0.00663014929,-0.0103721663,0.0205180248,0.00121868355,-0.00295926494,0.0143062046,0.0809013765,1343,1313,1274,1382,1565,1460,1581,1392,-0.1,-0.1,-0.100371317,-0.0180241096,0.02,0.27,0.27,0.271341823,0.138079484,0.02,-0.1625,-0.1625,-0.162872708,-0.0533883088,0.02,0.2025,0.2025,0.203837594,0.0940231544,0.02,0.4675,0.4675,0.523398603,20.450169,1,-0.295,-0.295,-0.369675156,-9.24073359,1,0.3925,0.3925,0.415621249,13.2304181,1,-0.565,-0.565,-0.575595847,-19.7035308,1
299712.522,39.95,0.291548348,-0.0728394545,0.00788752072,-0.00275209558,-0.000976563089,0.0994436425,0.374083682,0.00320414109,150.09763,-147.154539,2.94309079,0,44.1482122,-12.5158598,-0.160099296,0.922575778,3.27048172,0.675554708,44.8071842,-9.72673059,-1.85579479,0.740950848,3.31626437,0.675983239,-0.158145347,1.84964975,148.534452,-0.828944176,-3.82541777,0.443851232,0.295532949,-0.0539539722,-0.00320414109,-0.00275209558,-0.000976563089,0.0994436425,0,0,0,0,0,0,44.8071854,-9.72673086,-1.85579484,0.356858926,1.27427812,0.730624512,-44.8132279,8.22200409,0.471730174,0.654388807,2.50021182,-1.10526385,-44.8132279,8.22200409,0.471730174,0.654388807,2.50021182,-1.10526385,0.000832894887,0.000117809741,147.154534,0.0684370242,0.883204089,-0.00665760213,-0.00941131908,0.0226836599,-0.000251865933,-0.00565466944,0.0140441941,0.0722677743,1343,1313,1274,1382,1565,1460,1581,1392,-0.1,-0.1,-0.100219366,-0.017929482,0.02,0.27,0.27,0.270792719,0.137639828,0.02,-0.1625,-0.1625,-0.162720187,-0.0532933267,0.02,0.2025,0.2025,0.203290221,0.0936822772,0.02,0.4675,0.4675,0.522018461,20.3826381,1,-0.295,-0.295,-0.36783142,-9.17512287,1,0.3925,0.3925,0.415050383,13.1923281,1,-0.565,-0.565,-0.575334234,-19.6849115,1
299712.571,40,0.290781758,-0.073142793,0.00785385349,-0.00298869819,-0.000333437984,0.102734382,0.374243553,0.00319553121,150.09763,-147.154539,2.94309079,0,44.0172818,-12.5279635,-0.159750192,0.923499744,3.26072976,0.689990968,44.7262592,-9.52072905,-1.8476864,0.726203238,3.31016262,0.690470967,-0.170309071,1.8547297,148.521782,-0.812874775,-3.8212763,0.474393016,0.295084481,-0.0527847978,-0.00319553121,-0.00298869819,-0.000333437984,0.102734382,0,0,0,0,0,0,44.7262604,-9.52072932,-1.84768644,0.357235806,1.27044576,0.745114028,-44.6974923,8.03051088,0.479384834,0.660854178,2.49244523,-1.15600065,-44.6974923,8.03051088,0.479384834,0.660854178,2.49244523,-1.15600065,0.000901524107,8.40947295e-05,147.154534,0.0686492311,0.882663667,-0.0066817589,-0.00824370923,0.0238936532,-0.00034033017,0.00118851197,0.012635143,0.0652299209,1343,1313,1274,1382,1565,1460,1581,1392,-0.1,-0.1,-0.100129596,-0.0178735781,0.02,0.27,0.27,0.270468321,0.137380089,0.02,-0.1625,-0.1625,-0.162630082,-0.0532372134,0.02,0.2025,0.2025,0.202966845,0.0934808945,0.02,0.4675,0.4675,0.520672396,20.3167746,1,-0.295,-0.295,-0.366033205,-9.11113208,1,0.3925,0.3925,0.414493612,13.1551785,1,-0.565,-0.565,-0.575079081,-19.6667518,1
299712.621,40.05,0.290040288,-0.073406938,0.00781384743,-0.00320388905,0.00010734683,0.105892712,0.374403479,0.0031997838,150.09763,-147.154539,2.94309079,0,43.8734689,-12.5236531,-0.159543948,0.923183739,3.24997056,0.708424839,44.6317992,-9.29326864,-1.84018313,0.710006952,3.30298806,0.70894473,-0.180200878,1.85693634,148.510304,-0.795330676,-3.81989389,0.509211816,0.294652898,-0.0515359049,-0.0031997838,-0.00320388905,0.00010734683,0.105892712,0,0,0,0,0,0,44.6318004,-9.29326889,-1.84018317,0.357114629,1.26618781,0.763528934,-44.5927654,7.82803475,0.47977808,0.661477169,2.4818477,-1.20415023,-44.5927654,7.82803475,0.47977808,0.661477169,2.4818477,-1.20415023,0.000968543313,6.27655619e-05,147.154534,0.0688422935,0.88230083,-0.00670192751,-0.00867084808,0.0263365642,-0.000310998999,-0.010067882,0.00507457349,0.0708221138,1343,1313,1274,1382,1565,1460,1581,1392,-0.1,-0.1,-0.100076563,-0.0178405513,0.02,0.27,0.27,0.270276673,0.137226641,0.02,-0.1625,-0.1625,-0.162576849,-0.0532040629,0.02,0.2025,0.2025,0.202775801,0.0933619222,0.02,0.4675,0.4675,0.519359565,20.2297469,1,-0.295,-0.295,-0.364279389,-9.04872123,1,0.3925,0.3925,0.413950588,13.1189461,1,-0.565,-0.565,-0.574830228,-19.6490406,1
299712.671,40.1,0.289262335,-0.0735973022,0.007781552,-0.00357221758,0.000240835316,0.109473957,0.374563647,0.00319529113,150.09763,-147.154539,2.94309079,0,43.6997389,-12.4979106,-0.139030823,0.919911714,3.24048098,0.727588667,44.5069617,-9.04062788,-1.81154209,0.6903335,3.29688729,0.728226396,-0.189691793,1.85739055,148.496023,-0.776003986,-3.81980806,0.549028775,0.294168553,-0.0501646609,-0.00319529113,-0.00357221758,0.000240835316,0.109473957,0,0,0,0,0,0,44.5069629,-9.04062813,-1.81154214,0.355006164,1.26464108,0.782579495,-44.4846538,7.61304067,0.484303794,0.666463224,2.47333759,-1.25896636,-44.4846538,7.61304067,0.484303794,0.666463224,2.47333759,-1.25896636,0.00105486575,6.4570826e-05,147.154536,0.068980491,0.882010297,-0.00671626405,-0.0105875807,0.028935742,0.000836638622,-0.0111426531,-0.000119293089,0.0752482434,1346,1314,1278,1382,1566,1464,1559,1409,-0.09,-0.09,-0.0970366981,-0.0167383589,0.02,0.2275,0.2275,0.257377186,0.12872128,0.02,-0.165,-0.165,-0.163556753,-0.0538142984,0.02,0.1475,0.1475,0.186116004,0.0808622003,0.02,0.465,0.465,0.518037007,20.1179694,1,-0.295,-0.295,-0.362568875,-8.98785131,1,0.385,0.385,0.413294549,13.0751731,1,-0.555,-0.555,-0.574418955,-19.6197697,1
299712.722,40.15,0.288441534,-0.0737346634,0.00776655915,-0.00401112557,0.000114851891,0.113090611,0.374722656,0.0031682532,150.09763,-147.154539,2.94309079,0,43.5224134,-12.4704629,-0.123748445,0.916740218,3.22986572,0.744758077,44.3783877,-8.78014715,-1.78772312,0.670267927,3.28970397,0.745451855,-0.200615428,1.85659824,148.477029,-0.754485724,-3.81943043,0.587141858,0.293628475,-0.0486954832,-0.0031682532,-0.00401112557,0.000114851891,0.113090611,0,0,0,0,0,0,44.3783889,-8.78014739,-1.78772316,0.353075304,1.26210817,0.799628136,-44.3505409,7.37902835,0.484068752,0.672291456,2.46383496,-1.3153674,-44.3505409,7.37902835,0.484068752,0.672291456,2.46383496,-1.3153674,0.00114911409,8.74174119e-05,147.15454,0.0690237914,0.881726122,-0.00672035816,-0.0113950232,0.0306438346,0.00140061907,-0.00763478186,-0.00625654039,0.0732232494,1346,1314,1278,1382,1566,1464,1559,1409,-0.09,-0.09,-0.094157123,-0.0157136407,0.02,0.2275,0.2275,0.245150769,0.122419886,0.02,-0.165,-0.165,-0.164331244,-0.0542966128,0.02,0.1475,0.1475,0.170313467,0.071338812,0.02,0.465,0.465,0.516727518,20.0072965,1,-0.295,-0.295,-0.360900594,-8.92848427,1,0.385,0.385,0.412595954,13.0285605,1,-0.555,-0.555,-0.5739395,-19.5856461,1
299712.771,40.2,0.287617837,-0.0738464955,0.00774291638,-0.00429754599,-0.000266449132,0.116671628,0.374880318,0.00314283706,150.09763,-147.154539,2.94309079,0,43.3517513,-12.4414078,-0.112056483,0.913726869,3.21910201,0.760871823,44.2562223,-8.51118798,-1.76691408,0.649829896,3.28239901,0.761589328,-0.212571138,1.85583957,148.460749,-0.731204525,-3.81733625,0.623400105,0.293073466,-0.0471638275,-0.00314283706,-0.00429754599,-0.000266449132,0.116671628,0,0,0,0,0,0,44.2562236,-8.51118822,-1.76691412,0.351375246,1.25910984,0.81561404,-44.2096361,7.13035443,0.474918836,0.674779733,2.45590488,-1.36953894,-44.2096361,7.13035443,0.474918836,0.674779733,2.45590488,-1.36953894,0.00123240095,0.00013139648,147.154542,0.069004666,0.881318799,-0.00671505867,-0.0107917619,0.0315317972,0.00113615515,-0.00420640815,-0.00917806757,0.0709779888,1346,1314,1278,1382,1566,1464,1559,1409,-0.09,-0.09,-0.0924559348,-0.0151082602,0.02,0.2275,0.2275,0.237927678,0.117737339,0.02,-0.165,-0.165,-0.164690119,-0.0545201025,0.02,0.1475,0.1475,0.160977683,0.063947506,0.02,0.465,0.465,0.515450361,19.8993561,1,-0.295,-0.295,-0.359273502,-8.87381463,1,0.385,0.385,0.411914607,12.9830989,1,-0.555,-0.555,-0.573471882,-19.5523651,1
299712.822,40.25,0.286816858,-0.073939034,0.00771160265,-0.00447902912,-0.00078992863,0.120132637,0.375036742,0.00311735335,150.09763,-147.154539,2.94309079,0,43.1880655,-12.4103073,-0.105261161,0.911051933,3.20800625,0.775823914,44.1405002,-8.23342259,-1.75008596,0.629225853,3.27479184,0.776553731,-0.225778403,1.85547645,148.44751,-0.706910099,-3.8125366,0.659204714,0.292533312,-0.0455730891,-0.00311735335,-0.00447902912,-0.00078992863,0.120132637,0,0,0,0,0,0,44.1405015,-8.23342282,-1.75008601,0.350106053,1.25544257,0.830429289,-44.077543,6.87235453,0.461705624,0.675358545,2.44716427,-1.42332771,-44.077543,6.87235453,0.461705624,0.675358545,2.44716427,-1.42332771,0.00130624988,0.000189119523,147.154543,0.0689410131,0.880764845,-0.00670569965,-0.0109066156,0.0330345205,0.000525250007,-0.00491756266,-0.0116851777,0.0666937492,1346,1314,1278,1382,1566,1464,1559,1409,-0.09,-0.09,-0.091450911,-0.014750615,0.02,0.2275,0.2275,0.233660438,0.114700281,0.02,-0.165,-0.165,-0.164856411,-0.0546236608,0.02,0.1475,0.1475,0.155462312,0.0599351555,0.02,0.465,0.465,0.514204737,19.7940808,1,-0.295,-0.295,-0.357686584,-8.82440192,1,0.385,0.385,0.411250083,12.9387596,1,-0.555,-0.555,-0.573015809,-19.5199057,1
299712.871,40.3,0.286041961,-0.0740206224,0.00767280083,-0.00458871698,-0.00134472943,0.123476169,0.375191962,0.0030916575,150.09763,-147.154539,2.94309079,0,43.0284212,-12.3799747,-0.101311217,0.90858745,3.19671131,0.790406836,44.0284386,-7.95018452,-1.73500182,0.608370333,3.26698428,0.791161538,-0.239635388,1.85458958,148.437571,-0.682220413,-3.80461676,0.694376523,0.292015715,-0.0439311109,-0.0030916575,-0.00458871698,-0.00134472943,0.123476169,0,0,0,0,0,0,44.0284398,-7.95018474,-1.73500186,0.349012604,1.25138094,0.844878748,-43.9467358,6.6088511,0.448534113,0.677149603,2.43984517,-1.47356857,-43.9467358,6.6088511,0.448534113,0.677149603,2.43984517,-1.47356857,0.00137306341,0.000252287546,147.154545,0.0688747347,0.879985415,-0.00669454325,-0.0102102341,0.0339902947,-2.06803662e-05,-0.00196875681,-0.010618994,0.066145872,1346,1314,1278,1382,1566,1464,1559,1409,-0.09,-0.09,-0.0908571656,-0.0145393263,0.02,0.2275,0.2275,0.231139448,0.112906055,0.02,-0.165,-0.165,-0.164933465,-0.0546716465,0.02,0.1475,0.1475,0.152203955,0.0576161342,0.02,0.465,0.465,0.512989868,19.6914047,1,-0.295,-0.295,-0.356138847,-8.77620921,1,0.385,0.385,0.410601967,12.8955152,1,-0.555,-0.555,-0.572570997,-19.4882478,1
299712.921,40.35,0.285295372,-0.0740918117,0.00762889392,-0.00465436468,-0.00180586181,0.126708086,0.375345861,0.00306497528,150.09763,-147.154539,2.94309079,0,42.8734771,-12.3496324,-0.0989837922,0.906198751,3.1854801,0.804835268,43.9204822,-7.66088127,-1.72058022,0.587136359,3.25921039,0.805641328,-0.253250448,1.85369495,148.430064,-0.657501819,-3.79378906,0.728513487,0.291527301,-0.0422378844,-0.00306497528,-0.00465436468,-0.00180586181,0.126708086,0,0,0,0,0,0,43.9204834,-7.66088148,-1.72058027,0.347995378,1.24716344,0.859173674,-43.8191419,6.33965347,0.449072654,0.677330878,2.4318201,-1.52440054,-43.8191419,6.33965347,0.449072654,0.677330878,2.4318201,-1.52440054,0.00143572657,0.000310485136,147.154546,0.0688009077,0.879040386,-0.00668484526,-0.00989564592,0.035614673,0.000302147377,-0.0022131347,-0.00750266941,0.0630958068,1346,1314,1278,1382,1566,1464,1559,1409,-0.09,-0.09,-0.0905063942,-0.0144145017,0.02,0.2275,0.2275,0.229650104,0.111846067,0.02,-0.165,-0.165,-0.16496917,-0.0546938817,0.02,0.1475,0.1475,0.150278991,0.0562461086,0.02,0.465,0.465,0.511804994,19.5912637,1,-0.295,-0.295,-0.354629323,-8.72920638,1,0.385,0.385,0.409969852,12.8544112,1,-0.555,-0.555,-0.572137168,-19.4573715,1
299712.971,40.4,0.28459719,-0.0741326236,0.00758737368,-0.00477071806,-0.00205354067,0.129975459,0.375498226,0.00303321408,150.09763,-147.154539,2.94309079,0,42.7371319,-12.305266,-0.0976116351,0.902799873,3.17547584,0.822910567,43.8286913,-7.35010766,-1.70683067,0.564466227,3.25246866,0.823833532,-0.267751263,1.8492743,148.423416,-0.63258491,-3.78088564,0.7654074,0.291089718,-0.0404662942,-0.00303321408,-0.00477071806,-0.00205354067,0.129975459,0,0,0,0,0,0,43.8286925,-7.35010786,-1.70683071,0.346601862,1.24332802,0.877053762,-43.6976926,6.05824218,0.44996368,0.679558387,2.42370754,-1.57564475,-43.6976926,6.05824218,0.44996368,0.679558387,2.42370754,-1.57564475,0.00150633795,0.000353903049,147.154547,0.0687356718,0.8779648,-0.00667572928,-0.0083856991,0.0371647977,0.000808245511,-0.000868121339,-0.00201510815,0.0676271377,1346,1314,1278,1382,1566,1464,1559,1409,-0.09,-0.09,-0.0902991663,-0.0143407581,0.02,0.2275,0.2275,0.228770233,0.11121985,0.02,-0.165,-0.165,-0.164985714,-0.0547041847,0.02,0.1475,0.1475,0.149141765,0.0554367282,0.02,0.465,0.465,0.510649375,19.4935952,1,-0.295,-0.295,-0.35315707,-8.68336406,1,0.385,0.385,0.409353344,12.8352147,1,-0.555,-0.555,-0.57171405,-19.4272575,1
299713.022,40.45,0.283956814,-0.074142959,0.00755019542,-0.00489373596,-0.00201918957,0.133270404,0.375648902,0.00299868418,150.09763,-147.154539,2.94309079,0,42.6116659,-12.2695078,-0.0968023083,0.900074233,3.16618804,0.838509736,43.7477074,-7.04082655,-1.69384891,0.541852144,3.24646798,0.839536081,-0.283160871,1.84452655,148.417243,-0.607384864,-3.76716527,0.797186531,0.290714239,-0.0386148218,-0.00299868418,-0.00489373596,-0.00201918957,0.133270404,0,0,0,0,0,0,43.7477086,-7.04082675,-1.69384896,0.345492489,1.23971485,0.892495595,-43.5795474,5.77415688,0.442850603,0.680679829,2.41568305,-1.62749654,-43.5795474,5.77415688,0.442850603,0.680679829,2.41568305,-1.62749654,0.00158228183,0.000374785001,147.154548,0.0686502755,0.876842389,-0.00666644266,-0.0070391875,0.0386722964,0.000727618229,0.000154800159,0.00435537035,0.0623140337,1346,1314,1278,1382,1566,1464,1559,1409,-0.09,-0.09,-0.0901767407,-0.0142971921,0.02,0.2275,0.2275,0.228250425,0.110849895,0.02,-0.165,-0.165,-0.16499338,-0.0547089589,0.02,0.1475,0.1475,0.148469918,0.0549585645,0.02,0.465,0.465,0.509522288,19.408963,1,-0.295,-0.295,-0.351721167,-8.63865358,1,0.385,0.385,0.408752058,12.8164921,1,-0.555,-0.555,-0.571301378,-19.3978871,1
299713.071,40.5,0.283386024,-0.074155087,0.00751852528,-0.00494089699,-0.00168039453,0.136195062,0.375797868,0.00296547319,150.09763,-147.154539,2.94309079,0,42.4992581,-12.2445931,-0.0963247845,0.898179144,3.15782206,0.851032625,43.6798984,-6.73521465,-1.68215224,0.519435282,3.24143051,0.852137135,-0.297755225,1.84190671,148.411706,-0.581853763,-3.75419172,0.825331002,0.290416367,-0.0367209803,-0.00296547319,-0.00494089699,-0.00168039453,0.136195062,0,0,0,0,0,0,43.6798996,-6.73521484,-1.68215229,0.344723548,1.2364318,0.90490886,-43.4830552,5.48067391,0.443252931,0.680405958,2.40788953,-1.67528413,-43.4830552,5.48067391,0.443252931,0.680405958,2.40788953,-1.67528413,0.00164862319,0.000366906829,147.154546,0.0685347948,0.875778039,-0.00665896528,-0.00570414238,0.0390705523,0.00114622233,0.000131674433,0.00995510009,0.0547725083,1346,1314,1278,1382,1566,1464,1559,1409,-0.09,-0.09,-0.0901044144,-0.0142714542,0.02,0.2275,0.2275,0.227943334,0.110631334,0.02,-0.165,-0.165,-0.164996933,-0.0547111711,0.02,0.1475,0.1475,0.148073006,0.0546760762,0.02,0.465,0.465,0.508423028,19.3405066,1,-0.295,-0.295,-0.350320716,-8.59504702,1,0.385,0.385,0.408165617,12.7982318,1,-0.555,-0.555,-0.570898896,-19.3692418,1
299713.121,40.55,0.282851695,-0.0741762945,0.00749604104,-0.00493657734,-0.00112847368,0.138900187,0.375945152,0.0029322521,150.09763,-147.154539,2.94309079,0,42.3797635,-12.2301556,-0.096042956,0.897080814,3.14888756,0.865972877,43.6051951,-6.43609457,-1.67150762,0.497625459,3.23583784,0.867109143,-0.311751064,1.83906697,148.405379,-0.556027558,-3.74341027,0.852544265,0.29015858,-0.0347986185,-0.0029322521,-0.00493657734,-0.00112847368,0.138900187,0,0,0,0,0,0,43.6051963,-6.43609475,-1.67150767,0.344277791,1.23289969,0.919785587,-43.3901347,5.18972233,0.436173722,0.680840733,2.39835418,-1.71758256,-43.3901347,5.18972233,0.436173722,0.680840733,2.39835418,-1.71758256,0.00170965972,0.000337689484,147.154544,0.0684443792,0.874834793,-0.00665327181,-0.00563551629,0.0395572879,0.000926178743,0.00317512159,0.0119273064,0.0543916588,1346,1314,1278,1382,1566,1464,1559,1409,-0.09,-0.09,-0.0900616857,-0.0142562489,0.02,0.2275,0.2275,0.227761912,0.110502213,0.02,-0.165,-0.165,-0.164998579,-0.0547121961,0.02,0.1475,0.1475,0.147838519,0.0545091884,0.02,0.465,0.465,0.50735091,19.2737404,1,-0.295,-0.295,-0.348954843,-8.53856984,1,0.385,0.385,0.407593656,12.7804224,1,-0.555,-0.555,-0.570506351,-19.3413038,1
299713.171,40.6,0.282546447,-0.0742497199,0.00748611903,-0.00471768432,-0.000248272245,0.134833125,0.376090967,0.00290676733,150.09763,-147.154539,2.94309079,0,42.528805,-12.3334036,-0.0967228934,0.905914705,3.16214001,0.672121303,43.8109182,-6.21480617,-1.67364181,0.47513562,3.25460901,0.673293589,-0.350568332,1.84597542,148.413717,-0.53879119,-3.73454746,0.632958619,0.290144285,-0.0329235786,-0.00290676733,-0.00471768432,-0.000248272245,0.134833125,0,0,0,0,0,0,43.8109195,-6.21480635,-1.67364186,0.348444873,1.23941248,0.726388299,-43.3330209,4.91276248,0.43861639,0.677177546,2.39058853,-1.65150487,-43.3330209,4.91276248,0.43861639,0.677177546,2.39058853,-1.65150487,0.0016127684,0.000252009076,147.154541,0.0683550985,0.874105287,-0.00665183296,0.0107321132,0.0340803312,0.00127030568,0.016738197,0.0301242744,-0.333278526,1445,1217,1376,1285,1555,1471,1555,1416,-0.0725,-0.0725,-0.0847715092,-0.0123737002,0.02,0.21,0.21,0.222389798,0.1066788,0.02,-0.1375,-0.1375,-0.156725756,-0.0498515827,0.02,0.1375,0.1375,0.144691456,0.0522693769,0.02,0.7075,0.7075,0.513115521,19.7020244,1,-0.5375,-0.5375,-0.354276626,-8.71822426,1,0.1375,0.1375,0.402863879,12.6331488,1,-0.31,-0.31,-0.5659937,-19.0914153,1
299713.222,40.65,0.283096279,-0.0745364079,0.00757985457,-0.00353071471,0.00166914873,0.108718192,0.376234792,0.00283985915,150.09763,-147.154539,2.94309079,0,42.7343238,-12.5928915,-0.0971081019,0.926372763,3.17947909,0.368937039,44.0895562,-6.17195623,-1.68248974,0.462115017,3.2791854,0.369812349,-0.383650736,1.86810643,148.453934,-0.531523145,-3.7324709,0.202927137,0.291040194,-0.0314974823,-0.00283985915,-0.00353071471,0.00166914873,0.108718192,0,0,0,0,0,0,44.0895574,-6.1719564,-1.68248978,0.35717408,1.24746041,0.424345773,-43.4206893,4.72907464,0.426600101,0.666307491,2.38733531,-1.24238135,-43.4206893,4.72907464,0.426600101,0.666307491,2.38733531,-1.24238135,0.00104788701,3.14943356e-05,147.154538,0.0682951355,0.873820785,-0.00665724967,0.021840507,0.024368033,0.00264671817,0.0281265786,0.0428365762,-0.695436848,1445,1217,1376,1285,1555,1471,1555,1416,-0.0725,-0.0725,-0.0797497317,-0.0105866633,0.02,0.21,0.21,0.217319614,0.103070274,0.02,-0.1375,-0.1375,-0.148858145,-0.045550376,0.02,0.1375,0.1375,0.141748551,0.0501748673,0.02,0.7075,0.7075,0.521753377,20.3696674,1,-0.5375,-0.5375,-0.362418516,-8.98250067,1,0.1375,0.1375,0.396312021,12.3307106,1,-0.31,-0.31,-0.559673193,-18.7525817,1
299713.271,40.7,0.28377077,-0.0745815433,0.00772621177,-0.00265413914,0.00355046715,0.0706765153,0.376374177,0.00275568709,150.09763,-147.154539,2.94309079,0,42.7042256,-12.6903511,-0.0976891677,0.934342617,3.17838299,0.0971396996,44.1016222,-6.07510213,-1.68685891,0.445877106,3.28270831,0.0978285795,-0.384231937,1.86921563,148.44493,-0.528479305,-3.74184508,-0.223008905,0.29197157,-0.0303270276,-0.00275568709,-0.00265413914,0.00355046715,0.0706765153,0,0,0,0,0,0,44.1016234,-6.0751023,-1.68685895,0.360738759,1.2477222,0.152977249,-43.4965113,4.59986875,0.398186171,0.654285438,2.38548254,-0.686098294,-43.4965113,4.59986875,0.398186171,0.654285438,2.38548254,-0.686098294,0.000478693079,-9.83629117e-05,147.154548,0.068292934,0.874342996,-0.00666112269,0.0168383322,0.0223871254,-0.000183919998,0.0110945946,0.0308722274,-0.853140474,1445,1217,1376,1285,1555,1471,1555,1416,-0.0725,-0.0725,-0.0767829785,-0.00953092212,0.02,0.21,0.21,0.214324264,0.100938438,0.02,-0.1375,-0.1375,-0.144210136,-0.0426558265,0.02,0.1375,0.1375,0.140009948,0.0489374781,0.02,0.7075,0.7075,0.530007393,20.7737699,1,-0.5375,-0.5375,-0.370198606,-9.26112783,1,0.1375,0.1375,0.38992193,11.9618864,1,-0.31,-0.31,-0.55350874,-18.3961109,1
299713.322,40.75,0.284721053,-0.0743177004,0.00780463151,-0.00200310516,0.00510464144,0.0234509098,0.376512096,0.00277129979,150.09763,-147.154539,2.94309079,0,42.92314,-12.8728539,-0.0980324483,0.948445449,3.19553496,-0.214329692,44.3596823,-6.1179675,-1.70440262,0.438390845,3.30437991,-0.21404795,-0.401369137,1.87462094,148.440041,-0.530217075,-3.76011453,-0.723905205,0.293047921,-0.0294564198,-0.00277129979,-0.00200310516,0.00510464144,0.0234509098,0,0,0,0,0,0,44.3596835,-6.11796767,-1.70440267,0.366592466,1.25497772,-0.15768914,-43.5977398,4.49742872,0.410259585,0.641648808,2.39327667,-0.0625870769,-43.5977398,4.49742872,0.410259585,0.641648808,2.39327667,-0.0625870769,8.21842151e-05,-6.88998999e-05,147.15456,0.0680903486,0.875568312,-0.00663823583,0.0264957316,0.0114950365,-0.000833558292,0.0240063927,0.0317022753,-1.06436002,1445,1217,1376,1285,1555,1471,1555,1416,-0.0725,-0.0725,-0.0750302874,-0.00890721396,0.02,0.21,0.21,0.212554678,0.0996789978,0.02,-0.1375,-0.1375,-0.141464198,-0.0409457918,0.02,0.1375,0.1375,0.138982821,0.0482064564,0.02,0.7075,0.7075,0.537894625,21.4052843,1,-0.5375,-0.5375,-0.377632972,-9.59182464,1,0.1375,0.1375,0.38368961,11.6569365,1,-0.31,-0.31,-0.547496488,-18.0484414,1
299713.371,40.8,0.285872147,-0.0737736011,0.0078742494,-0.00110416369,0.0062380009,-0.0311211487,0.37665197,0.00282269306,150.09763,-147.154539,2.94309079,0,42.9589298,-12.9717633,-0.0982352508,0.956107119,3.19863376,-0.46978238,44.4083031,-6.22061268,-1.71829297,0.437037908,3.30969577,-0.470112761,-0.385239111,1.87289105,148.44052,-0.533547935,-3.78683361,-1.17782846,0.294189648,-0.0290795358,-0.00282269306,-0.00110416369,0.0062380009,-0.0311211487,0,0,0,0,0,0,44.4083044,-6.22061285,-1.71829301,0.36978343,1.25645793,-0.412706633,-43.7664994,4.46038757,0.419733202,0.625173693,2.40167991,0.596732692,-43.7664994,4.46038757,0.419733202,0.625173693,2.40167991,0.596732692,2.33006457e-05,0.000137025544,147.154564,0.0676285485,0.877469181,-0.00658196321,0.018884397,0.00140186507,-0.00105825119,0.0277195269,0.00895326045,-1.12080107,1445,1217,1376,1285,1555,1471,1555,1416,-0.0725,-0.0725,-0.0739948369,-0.0085387412,0.02,0.21,0.21,0.211509246,0.0989349486,0.02,-0.1375,-0.1375,-0.139841959,-0.0399355417,0.02,0.1375,0.1375,0.138376017,0.0477745852,0.02,0.7075,0.7075,0.545431373,21.8396165,1,-0.5375,-0.5375,-0.384736977,-9.84461296,1,0.1375,0.1375,0.377611167,11.3595159,1,-0.31,-0.31,-0.541632679,-17.7093559,1
299713.421,40.85,0.286711461,-0.0729131425,0.00792769993,-9.96930428e-05,0.00582413376,-0.0855567628,0.376794486,0.00287730223,150.09763,-147.154539,2.94309079,0,42.9569845,-13.0523388,-0.0983550619,0.962298542,3.19872815,-0.722934265,44.3993043,-6.43256623,-1.73193551,0.443670492,3.31050061,-0.724055561,-0.360877549,1.87125943,148.439632,-0.542830033,-3.81624648,-1.65865839,0.294827396,-0.0292602101,-0.00287730223,-9.96930428e-05,0.00582413376,-0.0855567628,0,0,0,0,0,0,44.3993056,-6.43256641,-1.73193555,0.372332841,1.25663973,-0.665503993,-43.8758601,4.47159138,0.42782022,0.602508022,2.4076027,1.33363104,-43.8758601,4.47159138,0.42782022,0.602508022,2.4076027,1.33363104,0.000423821632,0.000406153615,147.154548,0.0668417843,0.879708041,-0.00649204518,0.0110192586,-0.0122585288,-0.00124705889,0.0328368214,-0.0216480198,-1.11806887,1445,1217,1376,1285,1555,1471,1555,1416,-0.0725,-0.0725,-0.073383116,-0.00832105578,0.02,0.21,0.21,0.210891629,0.0984953811,0.02,-0.1375,-0.1375,-0.138883577,-0.0393387087,0.02,0.1375,0.1375,0.138017531,0.0475194454,0.02,0.7075,0.7075,0.552633211,22.2622838,1,-0.5375,-0.5375,-0.391525302,-10.0763392,1,0.1375,0.1375,0.371682801,11.0694386,1,-0.31,-0.31,-0.535913648,-17.3422884,1
299713.471,40.9,0.287470265,-0.0719753311,0.00795437763,0.00130229691,0.00423686774,-0.140335845,0.376939936,0.00293825596,150.09763,-147.154539,2.94309079,0,43.0399899,-13.1789615,-0.0984258437,0.971898645,3.20511235,-1.0124742,44.4618456,-6.79902469,-1.74728037,0.460362704,3.31681511,-1.01451459,-0.337807341,1.8759646,148.444499,-0.56191363,-3.84077533,-2.20322481,0.295244015,-0.0302138188,-0.00293825596,0.00130229691,0.00423686774,-0.140335845,0,0,0,0,0,0,44.4618469,-6.79902488,-1.74728042,0.376209594,1.25927177,-0.954486797,-44.0117946,4.57600521,0.450101466,0.57148079,2.42073582,2.17322977,-44.0117946,4.57600521,0.450101466,0.57148079,2.42073582,2.17322977,0.00135162059,0.000604971473,147.154518,0.0657353637,0.881814676,-0.00637722873,0.00692657558,-0.0298772148,-0.000463162022,0.03732356,-0.0401232667,-1.11312424,1445,1217,1376,1285,1555,1471,1555,1416,-0.0725,-0.0725,-0.0730217251,-0.00819245213,0.02,0.21,0.21,0.210526754,0.0982356945,0.02,-0.1375,-0.1375,-0.138317386,-0.0389861131,0.02,0.1375,0.1375,0.137805746,0.0473687145,0.02,0.7075,0.7075,0.559515021,22.7826843,1,-0.5375,-0.5375,-0.398011974,-10.3648806,1,0.1375,0.1375,0.365900807,10.7500551,1,-0.31,-0.31,-0.53033582,-16.9701175,1
299713.522,40.95,0.28818987,-0.0712733557,0.00796751697,0.00350888365,0.0022527494,-0.193975002,0.377088227,0.00299163331,150.09763,-147.154539,2.94309079,0,43.2683566,-13.5050625,-0.0984676599,0.996467557,3.22236953,-1.31388661,44.6732466,-7.46506826,-1.76660306,0.498995101,3.33448739,-1.31723526,-0.317812447,1.90904326,148.452407,-0.593641537,-3.85654506,-2.79378437,0.295553183,-0.0322486655,-0.00299163331,0.00350888365,0.0022527494,-0.193975002,0,0,0,0,0,0,44.6732478,-7.46506847,-1.76660311,0.386038744,1.26620659,-1.25446437,-44.2295051,4.81823593,0.437832911,0.532282867,2.44580214,3.09517733,-44.2295051,4.81823593,0.437832911,0.532282867,2.44580214,3.09517733,0.00287741145,0.000695150988,147.154494,0.0644821563,0.883582457,-0.00625800852,0.00814184884,-0.0569041683,-0.00163079793,0.0602706195,-0.0363276191,-1.08027248,1445,1217,1376,1285,1555,1471,1555,1416,-0.0725,-0.0725,-0.0728082234,-0.00811647598,0.02,0.21,0.21,0.210311195,0.0980822775,0.02,-0.1375,-0.1375,-0.137982893,-0.0387778076,0.02,0.1375,0.1375,0.137680628,0.0472796661,0.02,0.7075,0.7075,0.566091024,23.4696191,1,-0.5375,-0.5375,-0.404210399,-10.6218712,1,0.1375,0.1375,0.360261571,10.4239559,1,-0.31,-0.31,-0.524895709,-16.6752505,1
299713.571,41,0.288858039,-0.0708838115,0.00796216558,0.00594527355,0.000757067591,-0.243712795,0.377239396,0.00305129137,150.09763,-147.154539,2.94309079,0,43.5210398,-13.7361844,-0.098492364,1.01387517,3.24142094,-1.57573534,44.8675298,-8.15459594,-1.78345127,0.540772384,3.3509486,-1.58000098,-0.285809469,1.9360791,148.464444,-0.638801445,-3.86443888,-3.35676793,0.295767352,-0.0353677189,-0.00305129137,0.00594527355,0.000757067591,-0.243712795,0,0,0,0,0,0,44.8675311,-8.15459617,-1.78345131,0.392999648,1.27383661,-1.51529617,-44.5231665,5.22566862,0.469664034,0.491376388,2.47889736,4.03916202,-44.5231665,5.22566862,0.469664034,0.491376388,2.47889736,4.03916202,0.00484925147,0.000739587292,147.154485,0.0633980725,0.885028005,-0.00616214131,0.0035846464,-0.0726388169,-0.000190414059,0.0470821342,-0.0225350618,-0.94743662,1445,1217,1376,1285,1555,1471,1555,1416,-0.0725,-0.0725,-0.0726820915,-0.00807159098,0.02,0.21,0.21,0.210183847,0.0979916422,0.02,-0.1375,-0.1375,-0.137785282,-0.0386547454,0.02,0.1375,0.1375,0.137606711,0.0472270583,0.02,0.7075,0.7075,0.572374809,24.0876403,1,-0.5375,-0.5375,-0.410133384,-10.8619584,1,0.1375,0.1375,0.354761568,10.1991149,1,-0.31,-0.31,-0.519589915,-16.3993312,1
299713.621,41.05,0.289468233,-0.0704777828,0.00796158184,0.00749721149,9.8962705e-05,-0.286149626,0.377393189,0.00309976273,150.09763,-147.154539,2.94309079,0,43.8451529,-13.8693329,-0.0985069587,1.02390404,3.26582356,-1.81913328,45.0915033,-8.84756773,-1.80066905,0.583447215,3.36987472,-1.82394151,-0.255773007,1.94984441,148.475416,-0.69290585,-3.86720222,-3.85843111,0.295829397,-0.0390908614,-0.00309976273,0.00749721149,9.8962705e-05,-0.286149626,0,0,0,0,0,0,45.0915045,-8.84756797,-1.8006691,0.397010202,1.28358926,-1.75810827,-44.7994234,5.72956126,0.467814142,0.4560962,2.50749603,4.90761638,-44.7994234,5.72956126,0.467814142,0.4560962,2.50749603,4.90761638,0.00681520271,0.000789724623,147.154473,0.0624420787,0.886221151,-0.00607657944,0.00246608409,-0.0825176762,-0.000790322936,0.024018166,-0.00491361484,-0.810295395,1445,1217,1376,1285,1555,1471,1555,1416,-0.0725,-0.0725,-0.0726075756,-0.00804507394,0.02,0.21,0.21,0.210108613,0.0979380968,0.02,-0.1375,-0.1375,-0.137668538,-0.038582043,0.02,0.1375,0.1375,0.137563042,0.0471959788,0.02,0.7075,0.7075,0.578379363,24.595122,1,-0.5375,-0.5375,-0.41579317,-11.2144218,1,0.1375,0.1375,0.349397361,9.98168378,1,-0.31,-0.31,-0.514415122,-16.2151823,1
299713.671,41.1,0.289966536,-0.0700723039,0.00796191532,0.0086709024,0.000129244648,-0.32057509,0.377549406,0.00314799448,150.09763,-147.154539,2.94309079,0,43.9903689,-13.9767163,-0.107111206,1.03342721,3.27692144,-1.98266295,45.1055975,-9.62732897,-1.81995425,0.636929493,3.37320181,-1.9882074,-0.207985323,1.96411264,148.484052,-0.749768143,-3.86891183,-4.24339248,0.29567575,-0.0433507213,-0.00314799448,0.0086709024,0.000129244648,-0.32057509,0,0,0,0,0,0,45.1055988,-9.62732924,-1.81995429,0.401679647,1.28808552,-1.92116545,-45.0054158,6.31886518,0.470432007,0.426592658,2.53230095,5.6529984,-45.0054158,6.31886518,0.470432007,0.426592658,2.53230095,5.6529984,0.00862655186,0.000870259585,147.154462,0.0614957147,0.88743032,-0.00598417029,-0.00714503806,-0.0932237199,-0.00148529644,0.0211459381,0.000250651181,-0.590601577,1418,1243,1349,1312,1547,1475,1560,1416,-0.0625,-0.0625,-0.0695550199,-0.0068004498,0.02,0.21,0.21,0.210064166,0.0979064635,0.02,-0.1175,-0.1175,-0.131582502,-0.0347919607,0.02,0.15,0.15,0.142622897,0.0507971529,0.02,0.6425,0.6425,0.582138733,24.9128495,1,-0.47,-0.47,-0.419147002,-11.4232819,1,0.205,0.205,0.345303398,9.79957537,1,-0.3775,-0.3775,-0.510505896,-16.0760696,1
299713.722,41.15,0.290086126,-0.0697099649,0.00794539995,0.00970577229,3.5343575e-05,-0.345219998,0.377708254,0.003202179,150.09763,-147.154539,2.94309079,0,44.0103572,-14.0421536,-0.115181742,1.03928491,3.27876696,-2.11173889,44.9631317,-10.443128,-1.83432743,0.693823624,3.36489418,-2.1180092,-0.158990138,1.97504668,148.490156,-0.809457892,-3.87042548,-4.54167281,0.295007696,-0.0480673395,-0.003202179,0.00970577229,3.5343575e-05,-0.345219998,0,0,0,0,0,0,44.9631329,-10.4431283,-1.83432748,0.404579578,1.28899205,-2.04995347,-45.0507219,6.99751638,0.478470712,0.403042521,2.54778785,6.20767052,-45.0507219,6.99751638,0.478470712,0.403042521,2.54778785,6.20767052,0.010107617,0.000824670454,147.154458,0.0605434647,0.888689099,-0.00589261819,-0.0168533861,-0.10111987,-0.00117790686,0.0207557351,-0.00609872542,-0.448854738,1418,1243,1349,1312,1547,1475,1560,1416,-0.0625,-0.0625,-0.0666679471,-0.00474567716,0.02,0.21,0.21,0.210037908,0.0978877752,0.02,-0.1175,-0.1175,-0.125819626,-0.0315750307,0.02,0.15,0.15,0.146581677,0.053614675,0.02,0.6425,0.6425,0.584821004,25.1395447,1,-0.47,-0.47,-0.421406755,-11.5452355,1,0.205,0.205,0.341839295,9.64548451,1,-0.3775,-0.3775,-0.507221968,-15.9097794,1
299713.771,41.2,0.289958468,-0.0694302026,0.0079188276,0.0106691316,-0.000413314332,-0.364861703,0.377869785,0.00325459041,150.09763,-147.154539,2.94309079,0,44.0159264,-14.1011548,-0.119507485,1.0441716,3.27943508,-2.2345742,44.7790468,-11.3002011,-1.84419103,0.753587198,3.35350668,-2.24151957,-0.114722214,1.98519483,148.494166,-0.873351658,-3.86972614,-4.80453202,0.293947511,-0.0531684644,-0.00325459041,0.0106691316,-0.000413314332,-0.364861703,0,0,0,0,0,0,44.7790481,-11.3002014,-1.84419108,0.406799418,1.28938941,-2.17252918,-45.0015979,7.73960171,0.489843381,0.380218505,2.56024987,6.65899363,-45.0015979,7.73960171,0.489843381,0.380218505,2.56024987,6.65899363,0.0114140635,0.00061558965,147.154458,0.0595915071,0.889899992,-0.00580902503,-0.0233894048,-0.107502331,-0.000916840849,0.0179184876,-0.0123708273,-0.376121206,1418,1243,1349,1312,1547,1475,1560,1416,-0.0625,-0.0625,-0.0649623294,-0.00353176368,0.02,0.21,0.21,0.210022395,0.0978767346,0.02,-0.1175,-0.1175,-0.122415048,-0.0297577141,0.02,0.15,0.15,0.148416054,0.0549202285,0.02,0.6425,0.6425,0.587384084,25.3561663,1,-0.47,-0.47,-0.423566091,-11.6508927,1,0.205,0.205,0.33846072,9.50204521,1,-0.3775,-0.3775,-0.504019122,-15.7388159,1
299713.822,41.25,0.289722761,-0.0692179101,0.00788383231,0.011536222,-0.0011029971,-0.381665499,0.378033811,0.00330434678,150.09763,-147.154539,2.94309079,0,44.0225004,-14.1515073,-0.121896699,1.04818486,3.28010446,-2.35162268,44.5684337,-12.1855832,-1.85117058,0.815542364,3.34023413,-2.3591593,-0.071988076,1.99237916,148.49788,-0.941245468,-3.86488128,-5.04131804,0.292629796,-0.058567347,-0.00330434678,0.011536222,-0.0011029971,-0.381665499,0,0,0,0,0,0,44.568435,-12.1855836,-1.85117062,0.40853674,1.28975113,-2.28935611,-44.8909596,8.52294642,0.504197733,0.360888744,2.57306486,7.0549507,-44.8909596,8.52294642,0.504197733,0.360888744,2.57306486,7.0549507,0.0126053493,0.000271186284,147.154459,0.0586897079,0.890944699,-0.00573390524,-0.0272698616,-0.113828392,-0.000170852428,0.0192357054,-0.0144344024,-0.329360758,1418,1243,1349,1312,1547,1475,1560,1416,-0.0625,-0.0625,-0.0639546889,-0.0028146109,0.02,0.21,0.21,0.21001323,0.097870212,0.02,-0.1175,-0.1175,-0.1204037,-0.0286840844,0.02,0.15,0.15,0.149266048,0.0555251819,0.02,0.6425,0.6425,0.589833268,25.5631619,1,-0.47,-0.47,-0.425629473,-11.7518548,1,0.205,0.205,0.335165563,9.37012702,1,-0.3775,-0.3775,-0.500895353,-15.5720735,1
299713.872,41.3,0.289378578,-0.0690004075,0.00785007382,0.0121659602,-0.00195813336,-0.396338397,0.378199955,0.00333842479,150.09763,-147.154539,2.94309079,0,43.9632211,-14.1377451,-0.123161318,1.04724947,3.27575218,-2.4554094,44.2628236,-13.0393961,-1.85267671,0.875598297,3.31987183,-2.46335093,-0.0248577995,1.99117055,148.499902,-1.01217253,-3.85470713,-5.25055687,0.291046444,-0.0641419439,-0.00333842479,0.0121659602,-0.00195813336,-0.396338397,0,0,0,0,0,0,44.2628248,-13.0393964,-1.85267675,0.408223404,1.28807271,-2.39320339,-44.7243362,9.34577962,0.493041707,0.343887731,2.58252105,7.4034987,-44.7243362,9.34577962,0.493041707,0.343887731,2.58252105,7.4034987,0.0136521871,-0.000188863287,147.154458,0.0578019306,0.891730441,-0.00566635341,-0.0334856536,-0.115527044,-0.00064453969,0.0106606004,-0.0189493822,-0.290030594,1418,1243,1349,1312,1547,1475,1560,1416,-0.0625,-0.0625,-0.0633593975,-0.00239093316,0.02,0.21,0.21,0.210007816,0.0978663587,0.02,-0.1175,-0.1175,-0.11921544,-0.0281196059,0.02,0.15,0.15,0.149659909,0.0558054988,0.02,0.6425,0.6425,0.592173617,25.6932781,1,-0.47,-0.47,-0.427601165,-11.8483304,1,0.205,0.205,0.331951764,9.24146591,1,-0.3775,-0.3775,-0.497848711,-15.3903092,1
299713.921,41.35,0.288929908,-0.0687179034,0.00781307724,0.012625404,-0.00292529625,-0.409548725,0.378367453,0.00335802533,150.09763,-147.154539,2.94309079,0,43.8895203,-14.1185718,-0.123851495,1.04585309,3.27027491,-2.55734427,43.9169285,-13.9110071,-1.85112602,0.937157641,3.29662048,-2.56564716,0.0204044362,1.98762738,148.499823,-1.08485428,-3.83813418,-5.44345842,0.289199025,-0.0697987646,-0.00335802533,0.012625404,-0.00292529625,-0.409548725,0,0,0,0,0,0,43.9169297,-13.9110075,-1.85112607,0.407693658,1.28592369,-2.49522262,-44.4914587,10.1879332,0.493076939,0.328548256,2.59148547,7.72063379,-44.4914587,10.1879332,0.493076939,0.328548256,2.59148547,7.72063379,0.0145869586,-0.000745264054,147.154454,0.0568822057,0.892202125,-0.00559922025,-0.0381326779,-0.117501322,-0.000542927456,0.00590119339,-0.0200347217,-0.266073331,1418,1243,1349,1312,1547,1475,1560,1416,-0.0625,-0.0625,-0.0630077127,-0.00214063388,0.02,0.21,0.21,0.210004618,0.0978640822,0.02,-0.1175,-0.1175,-0.118513444,-0.0278073424,0.02,0.15,0.15,0.149842412,0.0559353891,0.02,0.6425,0.6425,0.594409969,25.8126515,1,-0.47,-0.47,-0.42948524,-11.940519,1,0.205,0.205,0.328817314,9.1107206,1,-0.3775,-0.3775,-0.494877291,-15.2052638,1
299713.971,41.4,0.288428779,-0.0684269781,0.00777350602,0.0130614369,-0.0038516929,-0.421957125,0.378535627,0.0033653368,150.09763,-147.154539,2.94309079,0,43.8086976,-14.1054796,-0.124242687,1.04489154,3.26423823,-2.65757855,43.5373406,-14.8077772,-1.8470735,1.00082408,3.2709878,-2.6662264,0.0644102212,1.98534558,148.500401,-1.15907845,-3.8148376,-5.63208808,0.287143473,-0.0755769329,-0.0033653368,0.0130614369,-0.0038516929,-0.421957125,0,0,0,0,0,0,43.5373418,-14.8077776,-1.84707355,0.407323868,1.28353846,-2.59551451,-44.2166842,11.0524366,0.50853506,0.315843369,2.59991101,8.01926632,-44.2166842,11.0524366,0.50853506,0.315843369,2.59991101,8.01926632,0.0154764569,-0.00135257087,147.154452,0.0559619037,0.892375399,-0.00553065535,-0.0421572726,-0.119793665,0.000531180334,0.00812326093,-0.0171092337,-0.255622262,1418,1243,1349,1312,1547,1475,1560,1416,-0.0625,-0.0625,-0.0627999452,-0.00199276269,0.02,0.21,0.21,0.210002728,0.0978627373,0.02,-0.1175,-0.1175,-0.11809872,-0.0276228642,0.02,0.15,0.15,0.149926979,0.0559955763,0.02,0.6425,0.6425,0.596546944,25.9267202,1,-0.47,-0.47,-0.431285593,-12.028611,1,0.205,0.205,0.325760254,8.97473589,1,-0.3775,-0.3775,-0.491979235,-15.0247872,1
299714.022,41.45,0.287901488,-0.0681426182,0.00773707686,0.013549108,-0.00457594568,-0.433701685,0.378703775,0.00335873364,150.09763,-147.154539,2.94309079,0,43.7377075,-14.1030079,-0.124466125,1.04471744,3.25892538,-2.75163025,43.1394827,-15.7318422,-1.84161738,1.06693621,3.24410065,-2.76060796,0.10926637,1.98217471,148.500142,-1.23431748,-3.78545475,-5.80699837,0.284906699,-0.0814775206,-0.00335873364,0.013549108,-0.00457594568,-0.433701685,0,0,0,0,0,0,43.1394839,-15.7318426,-1.84161743,0.407261491,1.28143338,-2.68957709,-43.9097233,11.9326634,0.4855678,0.301215856,2.60553402,8.30655765,-43.9097233,11.9326634,0.4855678,0.301215856,2.60553402,8.30655765,0.0163458385,-0.00196086731,147.154455,0.0550588173,0.892295365,-0.00546221027,-0.04519502,-0.122706349,-0.000666548015,0.00940546265,-0.0119930441,-0.235295304,1418,1243,1349,1312,1547,1475,1560,1416,-0.0625,-0.0625,-0.0626772009,-0.00190540372,0.02,0.21,0.21,0.210001612,0.0978619427,0.02,-0.1175,-0.1175,-0.11785371,-0.0275138786,0.02,0.15,0.15,0.149966164,0.0560234652,0.02,0.6425,0.6425,0.598588958,26.0357201,1,-0.47,-0.47,-0.433005944,-12.1127884,1,0.205,0.205,0.322778672,8.84210866,1,-0.3775,-0.3775,-0.489152733,-14.863842,1
299714.071,41.5,0.287413688,-0.067934162,0.00769990878,0.0141421448,-0.00496250498,-0.444362446,0.378871552,0.00335022772,150.09763,-147.154539,2.94309079,0,43.7086786,-14.139903,-0.124594575,1.04749807,3.25675812,-2.84008151,42.7522809,-16.7113489,-1.83691623,1.13757356,3.21815114,-2.8494242,0.151445962,1.98369941,148.500324,-1.3109475,-3.75126728,-5.97085031,0.28255033,-0.0875541828,-0.00335022772,0.0141421448,-0.00496250498,-0.444362446,0,0,0,0,0,0,42.752282,-16.7113494,-1.83691628,0.408374467,1.28057767,-2.77786601,-43.592224,12.8440322,0.500957783,0.289098448,2.6107628,8.57064127,-43.592224,12.8440322,0.500957783,0.289098448,2.6107628,8.57064127,0.0171840234,-0.00252196238,147.154462,0.0542555102,0.89207983,-0.00539651007,-0.046719657,-0.127690534,0.000642657041,0.0212905896,-0.00288745113,-0.22260816,1418,1243,1349,1312,1547,1475,1560,1416,-0.0625,-0.0625,-0.0626046863,-0.001853794,0.02,0.21,0.21,0.210000952,0.0978614734,0.02,-0.1175,-0.1175,-0.117708964,-0.0274494924,0.02,0.15,0.15,0.149984322,0.056036388,0.02,0.6425,0.6425,0.600540232,26.1639071,1,-0.47,-0.47,-0.434649847,-12.1932253,1,0.205,0.205,0.319870707,8.7150565,1,-0.3775,-0.3775,-0.486396017,-14.7412172,1
299714.121,41.55,0.28705998,-0.0678244552,0.00767286746,0.0148345969,-0.00484139987,-0.454743745,0.379038798,0.00334017521,150.09763,-147.154539,2.94309079,0,43.7539601,-14.183534,-0.124668813,1.05078235,3.26017286,-2.9277741,42.4070653,-17.7164068,-1.83492504,1.21027387,3.19556644,-2.9374009,0.192595408,1.98471198,148.501539,-1.39024727,-3.714077,-6.14244727,0.280163911,-0.0938282262,-0.00334017521,0.0148345969,-0.00484139987,-0.454743745,0,0,0,0,0,0,42.4070665,-17.7164072,-1.83492509,0.409686629,1.28194535,-2.86536663,-43.3013865,13.7990758,0.477654106,0.270428365,2.61251816,8.8375544,-43.3013865,13.7990758,0.477654106,0.270428365,2.61251816,8.8375544,0.018049645,-0.00298203157,147.154473,0.0536252287,0.89183353,-0.00533593698,-0.0469714002,-0.130865007,-0.000703431843,0.0127366799,0.00694561241,-0.214973567,1418,1243,1349,1312,1547,1475,1560,1416,-0.0625,-0.0625,-0.0625618463,-0.00182330414,0.02,0.21,0.21,0.210000562,0.097861196,0.02,-0.1175,-0.1175,-0.117623451,-0.0274114544,0.02,0.15,0.15,0.149992735,0.0560423761,0.02,0.6425,0.6425,0.602404796,26.3463749,1,-0.47,-0.47,-0.436220701,-12.2700877,1,0.205,0.205,0.317034539,8.63936115,1,-0.3775,-0.3775,-0.483707365,-14.6216201,1
299714.171,41.6,0.286730374,-0.0677233963,0.00763350727,0.0152998699,-0.00443180807,-0.463313492,0.379205977,0.00335121568,150.09763,-147.154539,2.94309079,0,43.6982027,-14.1704239,-0.141485101,1.0493344,3.25444241,-2.9671547,41.9339884,-18.6677497,-1.84650568,1.28009083,3.16156519,-2.97697466,0.243860671,1.97860079,148.506049,-1.46969566,-3.67687292,-6.25038528,0.277626672,-0.100169564,-0.00335121568,0.0152998699,-0.00443180807,-0.463313492,0,0,0,0,0,0,41.9339896,-18.6677502,-1.84650572,0.408831255,1.27866115,-2.90480491,-42.9629881,14.7624516,0.491000801,0.262455424,2.61375603,9.05619298,-42.9629881,14.7624516,0.491000801,0.262455424,2.61375603,9.05619298,0.0187348539,-0.00337544608,147.154477,0.0531215631,0.891683233,-0.0052806756,-0.0525334315,-0.129951182,-0.000605812009,0.0113209724,0.0067537304,-0.135799978,1400,1261,1335,1325,1541,1484,1567,1406,-0.04,-0.04,-0.0554396244,0,0.02,0.235,0.235,0.220631903,0.105427679,0.02,-0.1025,-0.1025,-0.112841657,-0.025284408,0.02,0.1675,0.1675,0.157438771,0.0613418303,0.02,0.5975,0.5975,0.602815323,26.3865494,1,-0.4375,-0.4375,-0.43667533,-12.292333,1,0.25,0.25,0.31507115,8.58695965,1,-0.4125,-0.4125,-0.48170946,-14.5327489,1
299714.222,41.65,0.286304291,-0.0675631293,0.00758629518,0.0155892443,-0.00425017995,-0.468258755,0.379374039,0.00336962609,150.09763,-147.154539,2.94309079,0,43.6063214,-14.1366474,-0.153197712,1.04696617,3.24626319,-2.98807795,41.4002363,-19.5951255,-1.85230326,1.34938002,3.12308181,-2.99808376,0.291379899,1.96742364,148.51056,-1.54866906,-3.63955413,-6.30945466,0.274816029,-0.106437094,-0.00336962609,0.0155892443,-0.00425017995,-0.468258755,0,0,0,0,0,0,41.4002374,-19.5951261,-1.85230331,0.407989722,1.27458342,-2.92587678,-42.5468976,15.7189841,0.486121946,0.252409181,2.60856555,9.18019965,-42.5468976,15.7189841,0.486121946,0.252409181,2.60856555,9.18019965,0.019100075,-0.00382640379,147.154481,0.0526404273,0.891566873,-0.00523068222,-0.05748261,-0.127945153,-0.000765642625,0.0045575804,0.00024558365,-0.0870536919,1400,1261,1335,1325,1541,1484,1567,1406,-0.04,-0.04,-0.0491213829,0,0.02,0.235,0.235,0.228342264,0.110915258,0.02,-0.1025,-0.1025,-0.108609618,-0.0231545162,0.02,0.1675,0.1675,0.162837934,0.0654369706,0.02,0.5975,0.5975,0.602684087,26.3737065,1,-0.4375,-0.4375,-0.436711976,-12.2941261,1,0.25,0.25,0.313464537,8.54408028,1,-0.4125,-0.4125,-0.480000672,-14.4567383,1
299714.272,41.7,0.285852974,-0.0673719201,0.00754500379,0.0157882031,-0.00431946301,-0.471955097,0.379542891,0.00338044473,150.09763,-147.154539,2.94309079,0,43.4957239,-14.0827701,-0.15930063,1.04315256,3.23742775,-3.01425326,40.8265846,-20.4936201,-1.85184101,1.41649835,3.08245,-3.02437808,0.338530244,1.95376532,148.514241,-1.62791849,-3.60037778,-6.36292196,0.271811184,-0.112638961,-0.00338044473,0.0157882031,-0.00431946301,-0.471955097,0,0,0,0,0,0,40.8265857,-20.4936207,-1.85184106,0.406611366,1.27072014,-2.95228915,-42.0659176,16.6466892,0.483207037,0.245899393,2.60583244,9.26943103,-42.0659176,16.6466892,0.483207037,0.245899393,2.60583244,9.26943103,0.0193286129,-0.00435743652,147.154484,0.0521601015,0.891463097,-0.00518653267,-0.0605794497,-0.127016586,-0.000441629842,0.00506192511,-0.00328042214,-0.0772180319,1400,1261,1335,1325,1541,1484,1567,1406,-0.04,-0.04,-0.0453887079,0,0.02,0.235,0.235,0.231915009,0.113458034,0.02,-0.1025,-0.1025,-0.106109425,-0.0215975196,0.02,0.1675,0.1675,0.165339742,0.0674401157,0.02,0.5975,0.5975,0.602556092,26.3611808,1,-0.4375,-0.4375,-0.436746994,-12.2958395,1,0.25,0.25,0.311897592,8.5022596,1,-0.4125,-0.4125,-0.478334074,-14.3529629,1
299714.321,41.75,0.285400106,-0.0671598609,0.00751261957,0.0159163565,-0.00456008036,-0.475334008,0.379711928,0.0033788693,150.09763,-147.154539,2.94309079,0,43.3878249,-14.0302388,-0.162326909,1.03935897,3.22910391,-3.03977795,40.2324121,-21.3849215,-1.84809308,1.48314895,3.04062295,-3.0500017,0.383030906,1.94000222,148.514461,-1.70686052,-3.55827894,-6.41469224,0.268641668,-0.118779194,-0.0033788693,0.0159163565,-0.00456008036,-0.475334008,0,0,0,0,0,0,40.2324132,-21.3849221,-1.84809313,0.405192188,1.26726002,-2.97804498,-41.5690691,17.5670812,0.493095118,0.241815837,2.60356094,9.349759,-41.5690691,17.5670812,0.493095118,0.241815837,2.60356094,9.349759,0.019489234,-0.00495061512,147.154485,0.0516673771,0.891274928,-0.00514573204,-0.0641943625,-0.126098454,0.000197339814,0.00741935941,-0.00568209896,-0.0746378569,1400,1261,1335,1325,1541,1484,1567,1406,-0.04,-0.04,-0.0431835275,0,0.02,0.235,0.235,0.23357051,0.114636278,0.02,-0.1025,-0.1025,-0.104632367,-0.020677681,0.02,0.1675,0.1675,0.166499002,0.0683683117,0.02,0.5975,0.5975,0.602431257,26.3489643,1,-0.4375,-0.4375,-0.436780455,-12.2974767,1,0.25,0.25,0.310369335,8.46147148,1,-0.4125,-0.4125,-0.476708625,-14.2517379,1
299714.371,41.8,0.2849427,-0.0669589375,0.00748819546,0.0160656787,-0.0048863063,-0.478617729,0.379880597,0.00336464896,150.09763,-147.154539,2.94309079,0,43.2684608,-13.9931335,-0.163846389,1.03666876,3.22004848,-3.06848847,39.6010865,-22.2790387,-1.84193157,1.54998599,2.99621905,-3.07883592,0.430548767,1.92723633,148.513573,-1.78505441,-3.51262323,-6.46630936,0.265303168,-0.124886414,-0.00336464896,0.0160656787,-0.0048863063,-0.478617729,0,0,0,0,0,0,39.6010876,-22.2790393,-1.84193162,0.404179139,1.26359316,-3.00691877,-41.0427123,18.4823932,0.473444551,0.232248586,2.59972671,9.43003023,-41.0427123,18.4823932,0.473444551,0.232248586,2.59972671,9.43003023,0.0196280719,-0.00558556948,147.154488,0.0511775983,0.891002777,-0.00510662534,-0.0682471598,-0.124763223,-0.00069558455,-0.000255889582,-0.00816036116,-0.0749761981,1400,1261,1335,1325,1541,1484,1567,1406,-0.04,-0.04,-0.0418807564,0,0.02,0.235,0.235,0.234337618,0.115182241,0.02,-0.1025,-0.1025,-0.103759755,-0.0201342611,0.02,0.1675,0.1675,0.167036168,0.0687984094,0.02,0.5975,0.5975,0.602309503,26.3370494,1,-0.4375,-0.4375,-0.436812429,-12.2990413,1,0.25,0.25,0.308878811,8.40174125,1,-0.4125,-0.4125,-0.475123309,-14.1530123,1
299714.421,41.85,0.28445969,-0.0667990973,0.00745945147,0.01622501,-0.00522713248,-0.481974448,0.380048533,0.00334943878,150.09763,-147.154539,2.94309079,0,43.14749,-13.9614982,-0.164619705,1.0343524,3.21092537,-3.09771213,38.9434793,-23.1667238,-1.83432638,1.61643243,2.94994555,-3.10816901,0.476992386,1.91453945,148.513254,-1.86246409,-3.46311719,-6.51795326,0.261769634,-0.130980699,-0.00334943878,0.01622501,-0.00522713248,-0.481974448,0,0,0,0,0,0,38.9434804,-23.1667245,-1.83432643,0.403292697,1.25993454,-3.03628163,-40.4880905,19.3838877,0.483628251,0.228502429,2.59840922,9.50999001,-40.4880905,19.3838877,0.483628251,0.228502429,2.59840922,9.50999001,0.0197553699,-0.00624159034,147.154492,0.0506987205,0.89060354,-0.00507023971,-0.0719398895,-0.124981612,0.000635282412,0.00860606803,-0.00664629596,-0.0766850313,1400,1261,1335,1325,1541,1484,1567,1406,-0.04,-0.04,-0.0411111086,0,0.02,0.235,0.235,0.234693072,0.115435223,0.02,-0.1025,-0.1025,-0.103244235,-0.0198132208,0.02,0.1675,0.1675,0.167285075,0.0689977034,0.02,0.5975,0.5975,0.602190756,26.3254287,1,-0.4375,-0.4375,-0.436842983,-12.3005363,1,0.25,0.25,0.307425088,8.33707648,1,-0.4125,-0.4125,-0.473577134,-14.0567241,1
299714.471,41.9,0.283962258,-0.0666628338,0.00743635311,0.0164024935,-0.00550910822,-0.485313844,0.380215393,0.00332446635,150.09763,-147.154539,2.94309079,0,43.0294851,-13.9306649,-0.16501894,1.03207234,3.20204558,-3.12620849,38.2648237,-24.0436429,-1.82585478,1.68221416,2.90214215,-3.13674596,0.523697394,1.90051233,148.510891,-1.93901428,-3.40988038,-6.57025707,0.258056539,-0.137041577,-0.00332446635,0.0164024935,-0.00550910822,-0.485313844,0,0,0,0,0,0,38.2648247,-24.0436436,-1.82585483,0.4024063,1.25638681,-3.06491365,-39.9105354,20.2966367,0.480238979,0.219690731,2.59487606,9.59049392,-39.9105354,20.2966367,0.480238979,0.219690731,2.59487606,9.59049392,0.0198725698,-0.00689470127,147.154497,0.0502567104,0.890119274,-0.00503614842,-0.0753790287,-0.123335473,0.000745359377,0.000844803108,-0.00572984689,-0.077556237,1400,1261,1335,1325,1541,1484,1567,1406,-0.04,-0.04,-0.040656418,0,0.02,0.235,0.235,0.234857779,0.115552447,0.02,-0.1025,-0.1025,-0.102939677,-0.0196235574,0.02,0.1675,0.1675,0.16740041,0.0690900502,0.02,0.5975,0.5975,0.602074941,26.314095,1,-0.4375,-0.4375,-0.436872179,-12.3019648,1,0.25,0.25,0.306007258,8.27400829,1,-0.4125,-0.4125,-0.472069134,-13.9628134,1
299714.522,41.95,0.283459549,-0.0665325671,0.00741303653,0.016542063,-0.00568755346,-0.488610264,0.38038089,0.00329717241,150.09763,-147.154539,2.94309079,0,42.9143738,-13.9006128,-0.165228097,1.02983597,3.19339022,-3.15399576,37.5650641,-24.90909,-1.81686789,1.74727358,2.85278493,-3.1645925,0.569586475,1.88322745,148.509238,-2.01437843,-3.35342078,-6.61835988,0.254178282,-0.143045588,-0.00329717241,0.016542063,-0.00568755346,-0.488610264,0,0,0,0,0,0,37.5650651,-24.9090907,-1.81686794,0.401528288,1.25293356,-3.09283315,-39.3003121,21.1869967,0.471893517,0.213850666,2.59111811,9.66977357,-39.3003121,21.1869967,0.471893517,0.213850666,2.59111811,9.66977357,0.0199634985,-0.00752472222,147.154501,0.0498542835,0.889527334,-0.00500262849,-0.0784822651,-0.1223985,0.000628938255,-0.00120378283,-0.00385426346,-0.0733736723,1400,1261,1335,1325,1541,1484,1567,1406,-0.04,-0.04,-0.040387797,0,0.02,0.235,0.235,0.234934099,0.115606765,0.02,-0.1025,-0.1025,-0.102759751,-0.0195115085,0.02,0.1675,0.1675,0.167453853,0.0691328408,0.02,0.5975,0.5975,0.601961985,26.303041,1,-0.4375,-0.4375,-0.436900077,-12.3033299,1,0.25,0.25,0.304624433,8.21249726,1,-0.4125,-0.4125,-0.470598367,-13.8712213,1
299714.571,42,0.282973475,-0.066415543,0.00739431988,0.0166887898,-0.00574591689,-0.491726879,0.380544859,0.00326541034,150.09763,-147.154539,2.94309079,0,42.8178643,-13.8871005,-0.16533929,1.02883411,3.18613537,-3.17674376,36.8546865,-25.7819736,-1.80840273,1.81316113,2.80258161,-3.18741935,0.614027575,1.86871084,148.506273,-2.08861403,-3.29439159,-6.66099816,0.250154273,-0.149001437,-0.00326541034,0.0166887898,-0.00574591689,-0.491726879,0,0,0,0,0,0,36.8546875,-25.7819743,-1.80840278,0.401137179,1.25004045,-3.1156406,-38.67689,22.0772558,0.467330912,0.21144221,2.5889879,9.74233412,-38.67689,22.0772558,0.467330912,0.21144221,2.5889879,9.74233412,0.0200373144,-0.00812569891,147.154504,0.0494919285,0.888921564,-0.00497049932,-0.0812742806,-0.122629297,0.000839500222,0.00853794393,0.00133781914,-0.0651269497,1400,1261,1335,1325,1541,1484,1567,1406,-0.04,-0.04,-0.0402291017,0,0.02,0.235,0.235,0.234969464,0.115631934,0.02,-0.1025,-0.1025,-0.102653455,-0.0194453126,0.02,0.1675,0.1675,0.167478617,0.0691526687,0.02,0.5975,0.5975,0.601851819,26.29226,1,-0.4375,-0.4375,-0.436926736,-12.3046343,1,0.25,0.25,0.303275751,8.15250494,1,-0.4125,-0.4125,-0.469163913,-13.8042052,1
299714.621,42.05,0.28253579,-0.0663452191,0.00737847498,0.0169293019,-0.00564957807,-0.494284083,0.380707381,0.00323475984,150.09763,-147.154539,2.94309079,0,42.7347331,-13.8849538,-0.165399248,1.02868126,3.17988643,-3.1958902,36.1294835,-26.6551098,-1.80062616,1.87927265,2.7512428,-3.20664535,0.659339604,1.85477615,148.504468,-2.16212056,-3.23342241,-6.69531299,0.246006711,-0.154944291,-0.00323475984,0.0169293019,-0.00564957807,-0.494284083,0,0,0,0,0,0,36.1294845,-26.6551105,-1.80062621,0.401081361,1.24754877,-3.13479649,-38.0416279,22.989066,0.451802137,0.203844,2.58212483,9.80475128,-38.0416279,22.989066,0.451802137,0.203844,2.58212483,9.80475128,0.0200997939,-0.00868372906,147.154512,0.0492132013,0.888328401,-0.00494177132,-0.0839965741,-0.120976909,0.000117300049,0.00177893578,0.00260155555,-0.0551825271,1400,1261,1335,1325,1541,1484,1567,1406,-0.04,-0.04,-0.0401353482,0,0.02,0.235,0.235,0.23498585,0.115643597,0.02,-0.1025,-0.1025,-0.102590658,-0.0194062055,0.02,0.1675,0.1675,0.167490092,0.0691618564,0.02,0.5975,0.5975,0.601744372,26.2817452,1,-0.4375,-0.4375,-0.43695221,-12.3058808,1,0.25,0.25,0.301960368,8.09399384,1,-0.4125,-0.4125,-0.467764876,-13.7544194,1
299714.671,42.1,0.282638465,-0.0664970513,0.00734675246,0.017965589,-0.00459790344,-0.510202049,0.380869092,0.00325394748,150.09763,-147.154539,2.94309079,0,43.3830849,-14.1302248,-0.174016415,1.05847946,3.23012455,-3.67985356,35.9787828,-27.9993261,-1.83044233,1.97761964,2.7497243,-3.69099477,0.673593521,1.87870319,148.515634,-2.25436501,-3.16105151,-7.29252093,0.242110643,-0.16134108,-0.00325394748,0.017965589,-0.00459790344,-0.510202049,0,0,0,0,0,0,35.9787838,-27.9993268,-1.83044237,0.419793311,1.26844347,-3.61768067,-37.6712218,24.03301,0.452032983,0.181152872,2.5939074,10.252502,-37.6712218,24.03301,0.452032983,0.181152872,2.5939074,10.252502,0.0214814721,-0.00944146184,147.154529,0.0491654089,0.888112642,-0.00491396476,-0.068109062,-0.143628263,-0.00161248478,0.0252692192,0.0521874723,-0.76292504,1612,1100,1554,1158,1503,1462,1593,1440,-0.095,-0.095,-0.0624696122,-0.00175765973,0.02,0.15,0.15,0.209419732,0.0974994338,0.02,-0.0075,-0.0075,-0.0739724919,-0.00853078957,0.02,0.2325,0.2325,0.193970295,0.0868054306,0.02,1,1,0.613833005,27.3283481,1,-0.855,-0.855,-0.449683703,-12.971913,1,-0.28,-0.28,0.291743615,7.71298278,1,0.135,0.135,-0.457171549,-13.3397032,1
299714.721,42.15,0.28317836,-0.0665239116,0.00734040785,0.0188087504,-0.00129101264,-0.556859149,0.381033432,0.00331357416,150.09763,-147.154539,2.94309079,0,43.8695945,-14.3792843,-0.170660081,1.08873302,3.26715369,-4.33784512,35.581659,-29.3575258,-1.8481026,2.0715122,2.73261873,-4.34950171,0.755252865,1.86803919,148.52697,-2.36832812,-3.08619337,-8.34342863,0.238266256,-0.168239531,-0.00331357416,0.0188087504,-0.00129101264,-0.556859149,0,0,0,0,0,0,35.58166,-29.3575267,-1.84810264,0.43878938,1.28349715,-4.27457638,-37.7010476,25.3231764,0.483568708,0.148913132,2.62319509,11.6029482,-37.7010476,25.3231764,0.483568708,0.148913132,2.62319509,11.6029482,0.0255080752,-0.0105076247,147.154481,0.0494684921,0.888896058,-0.00485373803,-0.0912331469,-0.151117319,-6.18106716e-05,0.0278235504,0.0744850925,-1.16462879,1612,1100,1554,1158,1503,1462,1593,1440,-0.095,-0.095,-0.0799264147,-0.0106495373,0.02,0.15,0.15,0.185103842,0.0801418295,0.02,-0.0075,-0.0075,-0.0467704535,0,0.02,0.2325,0.2325,0.214646515,0.101167789,0.02,1,1,0.630993094,28.5970097,1,-0.855,-0.855,-0.467694728,-13.7519231,1,-0.28,-0.28,0.276260172,7.10087519,1,0.135,0.135,-0.442550781,-12.5911675,1
299714.771,42.2,0.282840329,-0.0667505791,0.00734792579,0.019680531,0.00252088212,-0.616826691,0.381200786,0.00338616295,150.09763,-147.154539,2.94309079,0,44.3226992,-14.6508203,-0.166024207,1.11343809,3.30107837,-5.04205296,35.0133797,-30.8177878,-1.87162041,2.1644644,2.70690885,-5.05439405,0.868990717,1.86071925,148.52099,-2.49729262,-3.01949558,-9.5442046,0.232857447,-0.175592151,-0.00338616295,0.019680531,0.00252088212,-0.616826691,0,0,0,0,0,0,35.0133807,-30.8177887,-1.87162045,0.451221027,1.2969619,-4.97758949,-37.6926298,26.769314,0.492271235,0.105993653,2.65615532,13.4348631,-37.6926298,26.769314,0.492271235,0.105993653,2.65615532,13.4348631,0.0311047846,-0.0121012266,147.154413,0.0496134371,0.89111047,-0.00474747361,-0.12138531,-0.152021353,-0.00138928694,0.00607559384,0.0753650969,-1.24712688,1612,1100,1554,1158,1503,1462,1593,1440,-0.095,-0.095,-0.0880153623,-0.0135280495,0.02,0.15,0.15,0.17073856,0.0715657211,0.02,-0.0075,-0.0075,-0.0307001009,0,0.02,0.2325,0.2325,0.224227242,0.107986535,0.02,1,1,0.64739064,29.8184912,1,-0.855,-0.855,-0.484905399,-14.6749113,1,-0.28,-0.28,0.251541659,6.30627554,1,0.135,0.135,-0.428291001,-11.8820844,1
299714.822,42.25,0.281731475,-0.0667052444,0.00735235077,0.0199550016,0.00577027583,-0.675877529,0.381372302,0.00347719235,150.09763,-147.154539,2.94309079,0,44.7242139,-14.8458382,-0.161251994,1.13070485,3.33164051,-5.74289824,34.278492,-32.2808695,-1.90017724,2.25594796,2.67134524,-5.75619801,0.970100792,1.83781988,148.504888,-2.63615547,-2.96256313,-10.7670185,0.226082184,-0.182838123,-0.00347719235,0.0199550016,0.00577027583,-0.675877529,0,0,0,0,0,0,34.278493,-32.2808704,-1.90017729,0.459672978,1.30939657,-5.67757671,-37.4447294,28.2199311,0.522098616,0.0671278042,2.67799513,15.3222294,-37.4447294,28.2199311,0.522098616,0.0671278042,2.67799513,15.3222294,0.0367645535,-0.0141715061,147.154306,0.0491302781,0.894475761,-0.0045849124,-0.148923188,-0.153787797,-0.00242099537,0.00711273348,0.0525856908,-1.28852939,1612,1100,1554,1158,1503,1462,1593,1440,-0.095,-0.095,-0.0917635328,-0.0148618638,0.02,0.15,0.15,0.162251875,0.0649677251,0.02,-0.0075,-0.0075,-0.0212060979,0,0.02,0.2325,0.2325,0.228666657,0.111146133,0.02,1,1,0.66305953,30.9957659,1,-0.855,-0.855,-0.501351279,-15.5964102,1,-0.28,-0.28,0.227921562,5.53079189,1,0.135,0.135,-0.414383297,-11.1266219,1
299714.871,42.3,0.2798837,-0.0667647602,0.00731512199,0.0209468714,0.00775196623,-0.734075882,0.381549516,0.00360865495,150.09763,-147.154539,2.94309079,0,44.9654378,-15.1851945,-0.158329315,1.15759675,3.35006969,-6.35784351,33.1758799,-33.8841853,-1.93100588,2.35907661,2.60841081,-6.37307789,1.09871046,1.82521025,148.488197,-2.78220104,-2.91146668,-11.9331905,0.217743904,-0.190240435,-0.00360865495,0.0209468714,0.00775196623,-0.734075882,0,0,0,0,0,0,33.1758808,-33.8841862,-1.93100593,0.471225972,1.31693529,-6.29102882,-37.0143576,29.7815536,0.554286399,0.0191071703,2.71392281,17.2764257,-37.0143576,29.7815536,0.554286399,0.0191071703,2.71392281,17.2764257,0.0427624333,-0.0174188455,147.154212,0.0478179625,0.899042899,-0.00437057418,-0.187255871,-0.157222286,-0.00300911423,0.0371994156,0.0197969969,-1.09693972,1612,1100,1554,1158,1503,1462,1593,1440,-0.095,-0.095,-0.0935003202,-0.0154799126,0.02,0.15,0.15,0.157238132,0.0611990331,0.02,-0.0075,-0.0075,-0.0155972545,0,0.02,0.2325,0.2325,0.230723746,0.112610194,0.02,1,1,0.678032141,32.046821,1,-0.855,-0.855,-0.517066354,-16.3095284,1,-0.28,-0.28,0.20535107,4.74828359,1,0.135,0.135,-0.400818975,-10.4860991,1
299714.921,42.35,0.277294692,-0.0672359846,0.00721974595,0.0227747892,0.00818963339,-0.783891391,0.381734146,0.00377550615,150.09763,-147.154539,2.94309079,0,45.3218507,-15.5571675,-0.156613227,1.18628989,3.3770662,-6.9724598,31.9929834,-35.61866,-1.96982611,2.47169168,2.5415437,-6.98987491,1.21358831,1.82330407,148.478881,-2.93554594,-2.85590489,-13.0275563,0.207732018,-0.197801692,-0.00377550615,0.0227747892,0.00818963339,-0.783891391,0,0,0,0,0,0,31.9929843,-35.618661,-1.96982616,0.483105927,1.32782948,-6.90400845,-36.2813777,31.4094709,0.583998768,-0.0402839373,2.75978125,19.025483,-36.2813777,31.4094709,0.583998768,-0.0402839373,2.75978125,19.025483,0.0481391978,-0.0218488344,147.154154,0.0458542611,0.904305846,-0.00414027204,-0.211198292,-0.163976972,-0.00382033719,0.0483793217,0.00183193812,-1.05279868,1612,1100,1554,1158,1503,1462,1593,1440,-0.095,-0.095,-0.0943050943,-0.0157662974,0.02,0.15,0.15,0.154276126,0.059090929,0.02,-0.0075,-0.0075,-0.0122836759,0,0.02,0.2325,0.2325,0.231676938,0.113288595,0.02,1,1,0.692339415,33.1145314,1,-0.855,-0.855,-0.5320831,-17.0867017,1,-0.28,-0.28,0.183783542,3.96010761,1,0.135,0.135,-0.387589557,-9.93343525,1
299714.971,42.4,0.27493402,-0.0679915095,0.007078308,0.0248088578,0.00858020242,-0.831977308,0.3819286,0.00399802459,150.09763,-147.154539,2.94309079,0,46.0396892,-15.9562046,-0.155549455,1.21669447,3.43118241,-7.61101396,30.9285624,-37.5979378,-2.02404118,2.60244473,2.4863876,-7.63059957,1.31108579,1.82587751,148.488207,-3.09760309,-2.78721664,-14.1551111,0.19700403,-0.205720948,-0.00399802459,0.0248088578,0.00858020242,-0.831977308,0,0,0,0,0,0,30.9285633,-37.5979388,-2.02404123,0.495474031,1.34950408,-7.54080687,-35.5163475,33.273172,0.620673523,-0.104502248,2.81661794,20.8017472,-35.5163475,33.273172,0.620673523,-0.104502248,2.81661794,20.8017472,0.0534608115,-0.0270268128,147.154104,0.0437444134,0.909815454,-0.00389504189,-0.224980824,-0.171211858,-0.0045509489,0.0483599195,0.00734353364,-1.04285217,1612,1100,1554,1158,1503,1462,1593,1440,-0.095,-0.095,-0.094678002,-0.0158989994,0.02,0.15,0.15,0.152526239,0.0578455085,0.02,-0.0075,-0.0075,-0.0103260881,0,0.02,0.2325,0.2325,0.232118619,0.113602946,0.02,1,1,0.706010917,34.3769455,1,-0.855,-0.855,-0.546432546,-17.986917,1,-0.28,-0.28,0.163174409,3.28531895,1,0.135,0.135,-0.374686775,-9.46077139,1
299715.022,42.45,0.272419968,-0.0691412861,0.00692534476,0.0272909717,0.00903310404,-0.879512757,0.382134657,0.00423075784,150.09763,-147.154539,2.94309079,0,46.6362473,-16.4433792,-0.154897858,1.25355117,3.47613246,-8.23818035,29.5106213,-39.6252611,-2.07609934,2.73796685,2.40681724,-8.26034328,1.45028691,1.81617027,148.50094,-3.26882599,-2.70413454,-15.3022808,0.185111038,-0.213801197,-0.00423075784,0.0272909717,0.00903310404,-0.879512757,0,0,0,0,0,0,29.5106222,-39.6252622,-2.07609939,0.510310448,1.36749257,-8.1658297,-34.6334499,35.3309316,0.656844413,-0.172008174,2.88384009,22.6378916,-34.6334499,35.3309316,0.656844413,-0.172008174,2.88384009,22.6378916,0.0589122553,-0.0331111094,147.154079,0.0416138345,0.915740904,-0.00363978689,-0.252181027,-0.1687098,-0.00491024629,0.0488188146,0.00607801052,-0.973935871,1612,1100,1554,1158,1503,1462,1593,1440,-0.095,-0.095,-0.094850796,-0.0159604894,0.02,0.15,0.15,0.151492445,0.0571097421,0.02,-0.0075,-0.0075,-0.00916958932,0,0.02,0.2325,0.2325,0.232323279,0.113748606,0.02,1,1,0.7190749,35.6327744,1,-0.855,-0.855,-0.560144347,-18.7791849,1,-0.28,-0.28,0.143481084,2.57039686,1,0.135,0.135,-0.362102564,-8.97125728,1
299715.072,42.5,0.269508205,-0.0704897542,0.00675081689,0.0295889572,0.00927007565,-0.921151392,0.382352359,0.00446865611,150.09763,-147.154539,2.94309079,0,47.1960641,-16.8458733,-0.154502186,1.28394321,3.51828748,-8.79192452,27.9030349,-41.5712532,-2.1277523,2.87075073,2.31350369,-8.81653474,1.58315014,1.7850881,148.517135,-3.44401814,-2.60774767,-16.3249364,0.171971826,-0.221515818,-0.00446865611,0.0295889572,0.00927007565,-0.921151392,0,0,0,0,0,0,27.9030357,-41.5712544,-2.12775236,0.522509751,1.38434561,-8.71780292,-33.4506471,37.4258841,0.698223378,-0.230133424,2.95150683,24.3054457,-33.4506471,37.4258841,0.698223378,-0.230133424,2.95150683,24.3054457,0.0633544213,-0.0396686818,147.154052,0.0394434704,0.921724003,-0.00338955825,-0.271862643,-0.160517093,-0.00451437839,0.0521615087,0.00590628593,-0.87300129,1612,1100,1554,1158,1503,1462,1593,1440,-0.095,-0.095,-0.0949308634,-0.015988982,0.02,0.15,0.15,0.150881703,0.0566750678,0.02,-0.0075,-0.0075,-0.00848635583,0,0.02,0.2325,0.2325,0.232418113,0.1138161,0.02,1,1,0.731558358,36.7070314,1,-0.855,-0.855,-0.573246837,-19.5363483,1,-0.28,-0.28,0.124662871,1.92447745,1,0.135,0.135,-0.349829058,-8.57745684,1
299715.121,42.55,0.266826079,-0.0718388508,0.00657421711,0.0317616371,0.00987520178,-0.963761217,0.382582221,0.00471789002,150.09763,-147.154539,2.94309079,0,48.0204846,-17.2591069,-0.154263463,1.31508905,3.58031945,-9.44756918,26.2875692,-43.680992,-2.19138089,3.01449114,2.22500573,-9.47453971,1.70277067,1.75551316,148.540793,-3.62837546,-2.49032773,-17.4923793,0.158237286,-0.228963948,-0.00471789002,0.0317616371,0.00987520178,-0.963761217,0,0,0,0,0,0,26.28757,-43.6809933,-2.19138094,0.534977432,1.40911483,-9.37162937,-32.1430359,39.6536942,0.741533472,-0.291567822,3.01607854,26.0698388,-32.1430359,39.6536942,0.741533472,-0.291567822,3.01607854,26.0698388,0.0677086722,-0.0468905964,147.154011,0.037342518,0.927833956,-0.00312867413,-0.284911232,-0.154380096,-0.00443344784,0.0499237258,0.0144735804,-0.939180742,1612,1100,1554,1158,1503,1462,1593,1440,-0.095,-0.095,-0.0949679642,-0.0160021846,0.02,0.15,0.15,0.15052089,0.056418272,0.02,-0.0075,-0.0075,-0.00808271684,0,0.02,0.2325,0.2325,0.232462056,0.113847375,0.02,1,1,0.74348709,38.1241832,1,-0.855,-0.855,-0.585767092,-20.4017802,1,-0.28,-0.28,0.106680881,1.34979863,1,0.135,0.135,-0.337858586,-8.03545867,1
299715.171,42.6,0.263894736,-0.0729132122,0.00642861026,0.0332989941,0.00976197939,-0.983028794,0.382823637,0.00491812141,150.09763,-147.154539,2.94309079,0,47.962021,-17.1848683,-0.157892602,1.30665219,3.57557367,-9.14364324,24.1201695,-44.8216678,-2.22162215,3.11118284,2.06937123,-9.17259629,1.80709392,1.66685291,148.556419,-3.78261668,-2.39277867,-17.4440588,0.143818078,-0.23538696,-0.00491812141,0.0332989941,0.00976197939,-0.983028794,0,0,0,0,0,0,24.1201702,-44.821669,-2.22162221,0.529896157,1.40699563,-9.06803007,-30.1541171,41.3760637,0.762873527,-0.328538366,3.04243895,26.8648534,-30.1541171,41.3760637,0.762873527,-0.328538366,3.04243895,26.8648534,0.0682771978,-0.0527362988,147.153992,0.0349002022,0.933625372,-0.00287805054,-0.287425991,-0.113834022,-0.00359418617,0.0170596785,-0.0407860239,0.343493422,1260,1396,1192,1464,1518,1465,1585,1430,-0.0875,-0.0875,-0.0927260894,-0.0152043968,0.02,0.175,0.175,0.160443523,0.0635198154,0.02,-0.045,-0.045,-0.0230658119,0,0.02,0.2125,0.2125,0.226462193,0.109577184,0.02,0.26,0.26,0.738978934,37.5982566,1,-0.09,-0.09,-0.581232524,-20.099219,1,0.6,0.6,0.116281891,1.66351448,1,-0.77,-0.77,-0.347358266,-8.46755065,1
299715.221,42.65,0.261737108,-0.0733104522,0.00633006105,0.0343365448,0.00601937998,-0.953141161,0.383072944,0.00504430008,150.09763,-147.154539,2.94309079,0,47.3985381,-16.8163908,-0.160841632,1.27634366,3.53295198,-8.46850445,21.7776032,-45.2794556,-2.22377673,3.16807539,1.88705872,-8.49874568,1.81431049,1.60186308,148.567772,-3.90284359,-2.30529008,-16.436132,0.130364018,-0.240662049,-0.00504430008,0.0343365448,0.00601937998,-0.953141161,0,0,0,0,0,0,21.7776038,-45.2794569,-2.22377679,0.51624281,1.38983039,-8.39451256,-27.2893252,41.9354589,0.765120299,-0.328592005,3.02434529,25.55329,-27.2893252,41.9354589,0.765120299,-0.328592005,3.02434529,25.55329,0.0610895423,-0.0551422632,147.154092,0.031481106,0.937962731,-0.00274578066,-0.25264983,-0.108596018,-0.00250586273,0.0282597276,-0.102290631,0.758983174,1260,1396,1192,1464,1518,1465,1585,1430,-0.0875,-0.0875,-0.0905874561,-0.0144433482,0.02,0.175,0.175,0.168254975,0.0697742822,0.02,-0.045,-0.045,-0.0348363691,0,0.02,0.2125,0.2125,0.22074855,0.105510699,0.02,0.26,0.26,0.727152902,36.2919085,1,-0.09,-0.09,-0.56910395,-19.2574361,1,0.6,0.6,0.137776855,2.36740763,1,-0.77,-0.77,-0.366139182,-9.11490332,1
299715.272,42.7,0.261856591,-0.073488963,0.00623722181,0.0357206862,0.000981275252,-0.914945614,0.383328839,0.0051912391,150.09763,-147.154539,2.94309079,0,47.2676052,-16.5618844,-0.161286676,1.25597365,3.52317556,-7.87681682,19.7374936,-45.978253,-2.2316202,3.24336385,1.72639016,-7.90788512,1.80209994,1.57359026,148.593521,-4.00232446,-2.19443329,-15.4013601,0.118852702,-0.246453821,-0.0051912391,0.0357206862,0.000981275252,-0.914945614,0,0,0,0,0,0,19.7374941,-45.9782543,-2.23162025,0.507376489,1.38597018,-7.80394475,-24.6840563,42.4571986,0.736716051,-0.333900819,3.03063165,23.9932627,-24.6840563,42.4571986,0.736716051,-0.333900819,3.03063165,23.9932627,0.0528344222,-0.0566573482,147.154286,0.0285155577,0.940613751,-0.00272359495,-0.214374106,-0.121434158,-0.00294432116,0.0199604672,-0.102276542,0.834027421,1260,1396,1192,1464,1518,1465,1585,1430,-0.0875,-0.0875,-0.0893239996,-0.0139937378,0.02,0.175,0.175,0.171874562,0.072172103,0.02,-0.045,-0.045,-0.0402904848,0,0.02,0.2125,0.2125,0.217373058,0.103108311,0.02,0.26,0.26,0.715618856,35.3099365,1,-0.09,-0.09,-0.557274831,-18.613892,1,0.6,0.6,0.158316648,3.09833145,1,-0.77,-0.77,-0.38408553,-9.82432852,1
299715.322,42.75,0.263539293,-0.0732873549,0.00618006082,0.0364585874,-0.00397100637,-0.873660245,0.383591551,0.00530781622,150.09763,-147.154539,2.94309079,0,46.9724528,-16.2595142,-0.161028288,1.23263039,3.50110814,-7.27507667,17.703724,-46.3945449,-2.22112999,3.29882335,1.56235287,-7.30620931,1.80611404,1.50399682,148.618016,-4.07708014,-2.06218772,-14.3370049,0.108917383,-0.252412001,-0.00530781622,0.0364585874,-0.00397100637,-0.873660245,0,0,0,0,0,0,17.7037244,-46.3945461,-2.22113004,0.497700359,1.37724479,-7.20353501,-22.3301137,42.9482945,0.718536348,-0.320146697,3.03827803,22.3849034,-22.3301137,42.9482945,0.718536348,-0.320146697,3.03827803,22.3849034,0.0444979107,-0.0566981687,147.154488,0.0265384895,0.941166411,-0.00279098375,-0.19152835,-0.121130222,-0.00203828693,0.0169299261,-0.0965999037,0.899284408,1260,1396,1192,1464,1518,1465,1585,1430,-0.0875,-0.0875,-0.088577578,-0.0137281181,0.02,0.175,0.175,0.173551768,0.0730673722,0.02,-0.045,-0.045,-0.0428177549,0,0.02,0.2125,0.2125,0.215378893,0.101689034,0.02,0.26,0.26,0.704369586,34.2090226,1,-0.09,-0.09,-0.545737774,-17.9467405,1,0.6,0.6,0.177943715,3.77058665,1,-0.77,-0.77,-0.401234398,-10.5027301,1
299715.371,42.8,0.266089186,-0.0730152721,0.00616414686,0.0371848771,-0.0083865116,-0.829607998,0.38385867,0.00536757744,150.09763,-147.154539,2.94309079,0,46.8308105,-16.1473269,-0.160761574,1.22386323,3.49055129,-6.65534333,15.7149723,-46.9260007,-2.20837537,3.36339874,1.39795756,-6.68645257,1.82547602,1.45019451,148.640558,-4.12673719,-1.91316685,-13.2442016,0.0998454643,-0.258419299,-0.00536757744,0.0371848771,-0.0083865116,-0.829607998,0,0,0,0,0,0,15.7149727,-46.926002,-2.20837543,0.494004066,1.37309134,-6.58429528,-20.1579941,43.4125784,0.688554475,-0.305369771,3.03514533,20.7388727,-20.1579941,43.4125784,0.688554475,-0.305369771,3.03514533,20.7388727,0.0367491246,-0.0555186535,147.154733,0.0256716036,0.940011729,-0.00293235299,-0.176429932,-0.129603895,-0.00195151149,0.0200290301,-0.0736316373,0.97492954,1260,1396,1192,1464,1518,1465,1585,1430,-0.0875,-0.0875,-0.0881366088,-0.013571196,0.02,0.175,0.175,0.174328934,0.0734822126,0.02,-0.045,-0.045,-0.0439888145,0,0.02,0.2125,0.2125,0.214200785,0.100850557,0.02,0.26,0.26,0.693398062,33.2040042,1,-0.09,-0.09,-0.534485569,-17.2470023,1,0.6,0.6,0.196698615,4.44949701,1,-0.77,-0.77,-0.417621221,-11.3282638,1
299715.421,42.85,0.269493009,-0.0730866367,0.00617675507,0.0380928719,-0.0114049606,-0.783634663,0.38412823,0.00540510716,150.09763,-147.154539,2.94309079,0,46.774818,-16.144655,-0.160551151,1.22347935,3.48640537,-6.09679649,13.7813135,-47.4744552,-2.19334323,3.42723112,1.23753401,-6.12743405,1.86211481,1.39313454,148.66458,-4.1582948,-1.74751502,-12.2189781,0.0913074577,-0.264849909,-0.00540510716,0.0380928719,-0.0114049606,-0.783634663,0,0,0,0,0,0,13.7813139,-47.4744565,-2.19334329,0.493740954,1.37147721,-6.02576018,-18.163711,44.0193813,0.675007277,-0.285357988,3.02448145,19.1108448,-18.163711,44.0193813,0.675007277,-0.285357988,3.02448145,19.1108448,0.0301817117,-0.0531823856,147.155003,0.0262868069,0.93759023,-0.00314212223,-0.168481177,-0.130738842,-0.000355455538,0.00793453572,-0.0457781388,0.927281919,1260,1396,1192,1464,1518,1465,1585,1430,-0.0875,-0.0875,-0.0878760942,-0.0134784899,0.02,0.175,0.175,0.174689048,0.0736744369,0.02,-0.045,-0.045,-0.0445314476,0,0.02,0.2125,0.2125,0.213504786,0.100355204,0.02,0.26,0.26,0.682697426,32.3645946,1,-0.09,-0.09,-0.523511181,-16.6013463,1,0.6,0.6,0.214620104,5.05744963,1,-0.77,-0.77,-0.433279864,-12.1261915,1
299715.471,42.9,0.273279837,-0.0731763316,0.00623883104,0.0381493789,-0.0128360492,-0.740931383,0.384398393,0.00539658871,150.09763,-147.154539,2.94309079,0,46.9751748,-16.1101868,-0.160402347,1.220785,3.50151452,-5.61909116,12.1019362,-48.1144091,-2.18578885,3.49514004,1.09751627,-5.64841213,1.88507026,1.3317399,148.685365,-4.17772919,-1.56941739,-11.3175076,0.0832646103,-0.2712042,-0.00539658871,0.0381493789,-0.0128360492,-0.740931383,0,0,0,0,0,0,12.1019365,-48.1144104,-2.1857889,0.492604567,1.37753089,-5.54820649,-16.3552734,44.7427894,0.645277461,-0.252083371,3.005554,17.6649494,-16.3552734,44.7427894,0.645277461,-0.252083371,3.005554,17.6649494,0.0248820074,-0.0500046258,147.155171,0.0282321469,0.934123889,-0.00338938624,-0.156486862,-0.130967074,-0.000469256417,-0.0133127303,-0.00732202586,0.854408934,1260,1396,1192,1464,1518,1465,1585,1430,-0.0875,-0.0875,-0.087722188,-0.0134237212,0.02,0.175,0.175,0.174855915,0.0737635077,0.02,-0.045,-0.045,-0.0447828872,0,0.02,0.2125,0.2125,0.213093605,0.10006256,0.02,0.26,0.26,0.672260989,31.7130935,1,-0.09,-0.09,-0.512807752,-16.1579829,1,0.6,0.6,0.231745217,5.6668595,1,-0.77,-0.77,-0.448242685,-12.8949935,1
299715.522,42.95,0.277174251,-0.073141426,0.00635868189,0.0373764489,-0.0128062676,-0.699591383,0.384667048,0.00533985276,150.09763,-147.154539,2.94309079,0,46.9133584,-15.9932338,-0.160303088,1.21193234,3.49689282,-5.13120306,10.430505,-48.4064088,-2.16715768,3.53538331,0.956564278,-5.15871436,1.91483795,1.2378309,148.697802,-4.188907,-1.39132224,-10.4329726,0.0756663995,-0.277240101,-0.00533985276,0.0373764489,-0.0128062676,-0.699591383,0,0,0,0,0,0,10.4305053,-48.4064102,-2.16715774,0.48903818,1.37570373,-5.06083297,-14.6790853,45.4223337,0.649088597,-0.201732108,2.9757915,16.3037082,-14.6790853,45.4223337,0.649088597,-0.201732108,2.9757915,16.3037082,0.020619963,-0.0460736836,147.155237,0.0310849999,0.930259815,-0.00364464776,-0.152781923,-0.111399557,0.00169000935,-0.02914796,0.00362061464,0.868963683,1260,1396,1192,1464,1518,1465,1585,1430,-0.0875,-0.0875,-0.0876312637,-0.0133913651,0.02,0.175,0.175,0.174933235,0.0738047805,0.02,-0.045,-0.045,-0.0448993966,0,0.02,0.2125,0.2125,0.212850688,0.099889673,0.02,0.26,0.26,0.662082229,30.9131683,1,-0.09,-0.09,-0.502368591,-15.6507129,1,0.6,0.6,0.248109341,6.21311692,1,-0.77,-0.77,-0.462540603,-13.5685097,1
299715.571,43,0.280226992,-0.0730864653,0.00651834982,0.0363242333,-0.0127792365,-0.658614199,0.384930789,0.00521121268,150.09763,-147.154539,2.94309079,0,46.6900084,-16.0504359,-0.16023919,1.21620102,3.48011367,-4.65798166,8.62347831,-48.5658064,-2.14409022,3.56345025,0.805072334,-4.68410184,1.9645598,1.15134727,148.695994,-4.19438788,-1.21748693,-9.57224868,0.0679421957,-0.282187043,-0.00521121268,0.0363242333,-0.0127792365,-0.658614199,0,0,0,0,0,0,8.62347855,-48.5658078,-2.14409028,0.49072133,1.36902027,-4.58735987,-13.0300628,45.9056046,0.630979049,-0.151858111,2.93957226,14.9845291,-13.0300628,45.9056046,0.630979049,-0.151858111,2.93957226,14.9845291,0.0168457591,-0.0420360274,147.155269,0.0342784758,0.926381446,-0.00392780747,-0.15991489,-0.0964474746,0.00204717576,-0.0212077372,0.00347630891,0.886357087,1260,1396,1192,1464,1518,1465,1585,1430,-0.0875,-0.0875,-0.0875775476,-0.0133722499,0.02,0.175,0.175,0.174969063,0.073823905,0.02,-0.045,-0.045,-0.0449533834,0,0.02,0.2125,0.2125,0.212707179,0.0997875351,0.02,0.26,0.26,0.652154783,30.1439333,1,-0.09,-0.09,-0.492187174,-15.0377366,1,0.6,0.6,0.263746294,6.6277129,1,-0.77,-0.77,-0.476203165,-14.2202604,1
299715.621,43.05,0.28307153,-0.0733283241,0.00667233491,0.0352508239,-0.0122549802,-0.616401791,0.38518824,0.00509001341,150.09763,-147.154539,2.94309079,0,46.765185,-15.9986902,-0.160199004,1.21229087,3.48577725,-4.20773125,7.15322744,-48.8594199,-2.13417682,3.59944708,0.679088251,-4.231798,1.98371245,1.08975233,148.697191,-4.19584494,-1.04736311,-8.75050543,0.0602251872,-0.286767274,-0.00509001341,0.0352508239,-0.0122549802,-0.616401791,0,0,0,0,0,0,7.15322764,-48.8594212,-2.13417687,0.489150088,1.37128605,-4.13733712,-11.4402497,46.3719732,0.635157442,-0.0957046157,2.9053914,13.6756714,-11.4402497,46.3719732,0.635157442,-0.0957046157,2.9053914,13.6756714,0.0137077603,-0.0377979365,147.155287,0.0379201036,0.92260667,-0.0042337839,-0.149571277,-0.0900674416,0.00258823862,-0.0411479053,0.0199023934,0.846897039,1260,1396,1192,1464,1518,1465,1585,1430,-0.0875,-0.0875,-0.0875458134,-0.013360957,0.02,0.175,0.175,0.174985665,0.0738327667,0.02,-0.045,-0.045,-0.0449783993,0,0.02,0.2125,0.2125,0.212622397,0.0997271944,0.02,0.26,0.26,0.642472447,29.5122105,1,-0.09,-0.09,-0.482257137,-14.5571109,1,0.6,0.6,0.278688387,7.19808626,1,-0.77,-0.77,-0.489258604,-14.8685514,1
299715.671,43.1,0.285706669,-0.0733990283,0.00681911902,0.0332162306,-0.0112459159,-0.587666974,0.385439628,0.00498158584,150.09763,-147.154539,2.94309079,0,46.7498059,-15.9470283,-0.188652623,1.20413472,3.46979732,-4.18563557,5.72676768,-49.0149279,-2.15142396,3.60319727,0.569960009,-4.20726681,2.00766443,1.0004692,148.700402,-4.2012148,-0.86592165,-8.46877773,0.0528958043,-0.290803366,-0.00498158584,0.0332162306,-0.0112459159,-0.587666974,0,0,0,0,0,0,5.72676784,-49.0149292,-2.15142402,0.483329057,1.35587606,-4.11546876,-10.0385714,46.9146924,0.64153287,-0.0357476529,2.88428954,12.8180226,-10.0385714,46.9146924,0.64153287,-0.0357476529,2.88428954,12.8180226,0.0115123231,-0.0344963772,147.155198,0.0416645696,0.919077503,-0.00452733455,-0.151036022,-0.0712287149,0.00210023141,-0.0596423479,0.0182633825,0.228332261,1448,1219,1386,1282,1568,1436,1615,1379,-0.16,-0.16,-0.118354433,-0.0277366109,0.02,0.3025,0.3025,0.229214641,0.111536141,0.02,-0.17,-0.17,-0.0981481116,-0.0171338637,0.02,0.2875,0.2875,0.244455579,0.121986956,0.02,0.7025,0.7025,0.64182313,29.4717742,1,-0.545,-0.545,-0.48162919,-14.5291784,1,0.13,0.13,0.280026958,7.25167456,1,-0.285,-0.285,-0.489101936,-14.8615824,1
299715.721,43.15,0.287253747,-0.0732472152,0.00693546752,0.0302899513,-0.0101023041,-0.58521748,0.38568593,0.00486872293,150.09763,-147.154539,2.94309079,0,46.6937481,-15.923541,-0.192777712,1.19784989,3.45414774,-4.31429252,4.28832969,-49.101065,-2.14431284,3.60248107,0.468018426,-4.33384238,2.04180261,0.895671374,148.696706,-4.20610101,-0.684439917,-8.5669576,0.045272908,-0.293575309,-0.00486872293,0.0302899513,-0.0101023041,-0.58521748,0,0,0,0,0,0,4.28832981,-49.1010663,-2.14431289,0.478105848,1.34274214,-4.24422905,-8.75825364,47.4776817,0.646034006,0.0140532187,2.88774253,12.7596999,-8.75825364,47.4776817,0.646034006,0.0140532187,2.88774253,12.7596999,0.0103539218,-0.0333335482,147.155007,0.044720597,0.916065021,-0.00475379876,-0.160256744,-0.0476377296,0.00257489179,-0.0652512477,0.0273794044,-0.0903881101,1448,1219,1386,1282,1568,1436,1615,1379,-0.16,-0.16,-0.14070272,-0.040471581,0.02,0.3025,0.3025,0.268541809,0.135967298,0.02,-0.17,-0.17,-0.136706036,-0.037982644,0.02,0.2875,0.2875,0.267554534,0.135264639,0.02,0.7025,0.7025,0.644519425,29.6396862,1,-0.545,-0.545,-0.484445196,-14.6544405,1,0.13,0.13,0.276322779,7.10338161,1,-0.285,-0.285,-0.484062642,-14.6374236,1
299715.772,43.2,0.287879346,-0.0729566299,0.00703124473,0.0275799221,-0.00856774428,-0.592085033,0.385926267,0.00475291998,150.09763,-147.154539,2.94309079,0,46.6242584,-15.8893158,-0.198516789,1.19281954,3.44250218,-4.44161049,2.84670766,-49.1289038,-2.13969784,3.60256182,0.366398879,-4.45969098,2.06894497,0.800673085,148.682744,-4.20833166,-0.516393021,-8.75248347,0.0372265125,-0.295284266,-0.00475291998,0.0275799221,-0.00856774428,-0.592085033,0,0,0,0,0,0,2.84670774,-49.1289051,-2.13969789,0.474622477,1.33421227,-4.37169762,-7.4478233,47.8991047,0.644124674,0.0509843357,2.88590558,12.9717054,-7.4478233,47.8991047,0.644124674,0.0509843357,2.88590558,12.9717054,0.00973199626,-0.0330184839,147.154817,0.0468883546,0.913710356,-0.00488704751,-0.167651468,-0.0281509657,0.00187401107,-0.0593366467,0.0319207834,-0.20439526,1448,1219,1386,1282,1568,1436,1615,1379,-0.16,-0.16,-0.151058231,-0.0468263363,0.02,0.3025,0.3025,0.286764815,0.150428353,0.02,-0.17,-0.17,-0.154572597,-0.0487022559,0.02,0.2875,0.2875,0.278257882,0.143617029,0.02,0.7025,0.7025,0.647095906,29.8001366,1,-0.545,-0.545,-0.487136068,-14.7741363,1,0.13,0.13,0.272710057,6.95875002,1,-0.285,-0.285,-0.479147767,-14.4036356,1
299715.822,43.25,0.287835932,-0.0725127611,0.00709917462,0.0254493581,-0.00699050161,-0.602882738,0.386161283,0.00465331236,150.09763,-147.154539,2.94309079,0,46.5052794,-15.8029559,-0.201551239,1.18528428,3.4307345,-4.57776123,1.41629903,-49.0506185,-2.13212699,3.59824217,0.266338373,-4.59482895,2.08682508,0.712916862,148.663749,-4.21015502,-0.361301907,-8.98487188,0.0288536016,-0.296122399,-0.00465331236,0.0254493581,-0.00699050161,-0.602882738,0,0,0,0,0,0,1.41629907,-49.0506199,-2.13212704,0.470990683,1.32780909,-4.50822835,-6.11126826,48.1452624,0.662352655,0.0790850951,2.88044979,13.2970374,-6.11126826,48.1452624,0.662352655,0.0790850951,2.88044979,13.2970374,0.00934419441,-0.03325651,147.154661,0.0481780564,0.912130364,-0.00494332708,-0.173819634,-0.0130666163,0.00240044614,-0.0374621647,0.0300131777,-0.254462628,1448,1219,1386,1282,1568,1436,1615,1379,-0.16,-0.16,-0.155856658,-0.0493876702,0.02,0.3025,0.3025,0.295208797,0.156725877,0.02,-0.17,-0.17,-0.162851414,-0.0533750481,0.02,0.2875,0.2875,0.283217486,0.14758808,0.02,0.7025,0.7025,0.649557896,29.9534572,1,-0.545,-0.545,-0.489707365,-14.8885132,1,0.13,0.13,0.269186533,6.82130788,1,-0.285,-0.285,-0.474354242,-14.1051186,1
299715.871,43.3,0.287450867,-0.0719580149,0.00714816348,0.023961453,-0.00560208879,-0.615399107,0.386391643,0.00457274129,150.09763,-147.154539,2.94309079,0,46.4451292,-15.7067237,-0.202600209,1.17754409,3.42489219,-4.71800797,-0.00761670834,-48.9833497,-2.1268855,3.59624143,0.16718048,-4.73446873,2.09504199,0.634853135,148.644809,-4.21247359,-0.216646555,-9.23445718,0.0202473474,-0.296379758,-0.00457274129,0.023961453,-0.00560208879,-0.615399107,0,0,0,0,0,0,-0.00761670852,-48.983351,-2.12688556,0.467600193,1.32468095,-4.64889852,-4.74850494,48.2710512,0.645586166,0.0895801133,2.87056439,13.6677944,-4.74850494,48.2710512,0.645586166,0.0895801133,2.87056439,13.6677944,0.00900747231,-0.0339242407,147.154543,0.0487171455,0.911242153,-0.00494076944,-0.177968951,-0.00566934858,0.000632186393,-0.0294600138,0.0250008965,-0.278159782,1448,1219,1386,1282,1568,1436,1615,1379,-0.16,-0.16,-0.158080102,-0.0505745139,0.02,0.3025,0.3025,0.29912148,0.159510592,0.02,-0.17,-0.17,-0.166687564,-0.0557640127,0.02,0.2875,0.2875,0.285515614,0.149428144,0.02,0.7025,0.7025,0.651910482,30.1254593,1,-0.545,-0.545,-0.492164402,-15.0363185,1,0.13,0.13,0.265750005,6.69901648,1,-0.285,-0.285,-0.469679069,-13.8225374,1
299715.921,43.35,0.287051412,-0.0714628666,0.0071693743,0.0232026717,-0.00442020991,-0.627408566,0.386619221,0.00453244304,150.09763,-147.154539,2.94309079,0,46.4696484,-15.693143,-0.203252543,1.1762505,3.42609714,-4.83353782,-1.51123767,-48.9789334,-2.1270892,3.59985808,0.0612488351,-4.84995516,2.11379732,0.572774245,148.632643,-4.21539048,-0.0804896116,-9.45598945,0.0113737309,-0.296397594,-0.00453244304,0.0232026717,-0.00442020991,-0.627408566,0,0,0,0,0,0,-1.51123772,-48.9789348,-2.12708926,0.466920446,1.32477476,-4.76448812,-3.34756338,48.3713419,0.668798794,0.0921172029,2.86341625,14.0287358,-3.34756338,48.3713419,0.668798794,0.0921172029,2.86341625,14.0287358,0.00863246136,-0.034873245,147.154469,0.0486872397,0.911015136,-0.00489589299,-0.184445272,-0.00295983041,0.00104912651,-0.00478734341,0.0211371735,-0.253712773,1448,1219,1386,1282,1568,1436,1615,1379,-0.16,-0.16,-0.159110378,-0.0511244609,0.02,0.3025,0.3025,0.300934497,0.160967217,0.02,-0.17,-0.17,-0.168465119,-0.0568709857,0.02,0.2875,0.2875,0.286580496,0.150280773,0.02,0.7025,0.7025,0.654158527,30.2954558,1,-0.545,-0.545,-0.494512256,-15.1825312,1,0.13,0.13,0.262398326,6.57974447,1,-0.285,-0.285,-0.465119327,-13.6602755,1
299715.971,43.4,0.286704937,-0.0711035512,0.00717983697,0.0230372661,-0.00348780362,-0.638255592,0.386845195,0.00451739104,150.09763,-147.154539,2.94309079,0,46.4973619,-15.6713504,-0.203627246,1.17446851,3.42787309,-4.94278343,-3.03368321,-48.9275125,-2.12900035,3.60050111,-0.0462135813,-4.95934011,2.12847911,0.504449635,148.624006,-4.21906778,0.051920862,-9.65941624,0.00220895961,-0.296232694,-0.00451739104,0.0230372661,-0.00348780362,-0.638255592,0,0,0,0,0,0,-3.0336833,-48.9275138,-2.1290004,0.466123489,1.32529641,-4.87382962,-1.91162862,48.4562282,0.661264809,0.0821727019,2.85890798,14.3644266,-1.91162862,48.4562282,0.661264809,0.0821727019,2.85890798,14.3644266,0.00814148163,-0.0360024669,147.154431,0.0483534554,0.911304194,-0.00482988588,-0.188950246,0.00211777853,-0.000172277285,-0.00286387637,0.0142282931,-0.229062752,1448,1219,1386,1282,1568,1436,1615,1379,-0.16,-0.16,-0.159587777,-0.0513792895,0.02,0.3025,0.3025,0.301774594,0.161714604,0.02,-0.17,-0.17,-0.169288783,-0.0573839231,0.02,0.2875,0.2875,0.28707393,0.150675855,0.02,0.7025,0.7025,0.656306675,30.4578981,1,-0.545,-0.545,-0.496755778,-15.3222467,1,0.13,0.13,0.2591294,6.47503516,1,-0.285,-0.285,-0.460672165,-13.50202,1
299716.022,43.45,0.28638665,-0.0707343618,0.0071812613,0.0230007941,-0.00290453679,-0.648486952,0.387071122,0.00451944139,150.09763,-147.154539,2.94309079,0,46.5076591,-15.5931213,-0.203800872,1.16851934,3.42850467,-5.05172882,-4.52897865,-48.7964797,-2.13101982,3.59560879,-0.151591561,-5.06839849,2.1335349,0.433692786,148.618605,-4.2222765,0.183543959,-9.86333858,-0.00707902907,-0.295791464,-0.00451944139,0.0230007941,-0.00290453679,-0.648486952,0,0,0,0,0,0,-4.52897877,-48.7964811,-2.13101988,0.463710272,1.32546179,-4.98311922,-0.431456981,48.4883087,0.653029601,0.0713303465,2.85802099,14.6783497,-0.431456981,48.4883087,0.653029601,0.0713303465,2.85802099,14.6783497,0.00743508519,-0.0371778892,147.154401,0.0477771466,0.911873741,-0.00475326813,-0.189817001,0.00852023656,-0.000806190253,-0.00652267806,0.00657113008,-0.229036856,1448,1219,1386,1282,1568,1436,1615,1379,-0.16,-0.16,-0.159808988,-0.0514973692,0.02,0.3025,0.3025,0.302163869,0.16206092,0.02,-0.17,-0.17,-0.169670444,-0.0576216026,0.02,0.2875,0.2875,0.287302572,0.150858924,0.02,0.7025,0.7025,0.658359366,30.613122,1,-0.545,-0.545,-0.498899605,-15.4557536,1,0.13,0.13,0.255941183,6.40412575,1,-0.285,-0.285,-0.456334803,-13.298761,1
299716.071,43.5,0.28606743,-0.070285972,0.0071749046,0.0230104015,-0.00272497207,-0.658661746,0.387297425,0.00452959531,150.09763,-147.154539,2.94309079,0,46.5035381,-15.5183175,-0.203881325,1.16286335,3.42812862,-5.15748425,-6.05015945,-48.6033452,-2.13288754,3.58643327,-0.259078526,-5.17439228,2.13655106,0.360266432,148.614408,-4.22296993,0.314866335,-10.0664168,-0.0164153634,-0.295016975,-0.00452959531,0.0230104015,-0.00272497207,-0.658661746,0,0,0,0,0,0,-6.05015962,-48.6033465,-2.13288759,0.461435414,1.32527165,-5.08920379,1.05965638,48.4470304,0.667844398,0.0631554763,2.85954182,14.9869246,1.05965638,48.4470304,0.667844398,0.0631554763,2.85954182,14.9869246,0.00647944937,-0.038409838,147.154373,0.0469403198,0.912594058,-0.00466729897,-0.191842168,0.0145027373,-0.000416415072,0.00185692506,-0.00144544432,-0.229982948,1448,1219,1386,1282,1568,1436,1615,1379,-0.16,-0.16,-0.159911491,-0.0515520838,0.02,0.3025,0.3025,0.302344247,0.162221392,0.02,-0.17,-0.17,-0.169847294,-0.0577317359,0.02,0.2875,0.2875,0.287408518,0.150943753,0.02,0.7025,0.7025,0.660320842,30.7643026,1,-0.545,-0.545,-0.500948166,-15.5748926,1,0.13,0.13,0.252831684,6.33496711,1,-0.285,-0.285,-0.452104532,-13.0917721,1
299716.121,43.55,0.285751248,-0.0698153334,0.00716076735,0.0232223424,-0.00283966565,-0.66869771,0.387524408,0.00454453182,150.09763,-147.154539,2.94309079,0,46.4913695,-15.456297,-0.203918604,1.15818516,3.42718288,-5.26252875,-7.60198459,-48.3532931,-2.13424586,3.57337392,-0.369025233,-5.27977304,2.13774338,0.287782103,148.612405,-4.21940122,0.446816798,-10.2658645,-0.0258454269,-0.293923061,-0.00454453182,0.0232223424,-0.00283966565,-0.66869771,0,0,0,0,0,0,-7.6019848,-48.3532945,-2.13424591,0.459560553,1.32487578,-5.19452119,2.58624435,48.3787288,0.668636879,0.0495007391,2.86602355,15.296069,2.58624435,48.3787288,0.668636879,0.0495007391,2.86602355,15.296069,0.0053166201,-0.0397323503,147.154356,0.0459504619,0.913363341,-0.00457498323,-0.193471581,0.0221166334,-0.000285818982,0.00572947311,-0.0054814141,-0.225105226,1448,1219,1386,1282,1568,1436,1615,1379,-0.16,-0.16,-0.159958988,-0.0515774368,0.02,0.3025,0.3025,0.302427829,0.16229575,0.02,-0.17,-0.17,-0.169929241,-0.0577827684,0.02,0.2875,0.2875,0.28745761,0.15098306,0.02,0.7025,0.7025,0.662195156,30.9227124,1,-0.545,-0.545,-0.502905696,-15.6793828,1,0.13,0.13,0.249798959,6.26572745,1,-0.285,-0.285,-0.447978706,-12.8809027,1
299716.171,43.6,0.28532293,-0.0693738382,0.0071478768,0.023469679,-0.00333901277,-0.672037622,0.387751924,0.00454654389,150.09763,-147.154539,2.94309079,0,46.2860765,-15.4163413,-0.196891406,1.14916321,3.41315286,-5.12894986,-9.21109625,-47.8619189,-2.12029415,3.54278258,-0.486864726,-5.14664644,2.14145947,0.206940998,148.607724,-4.2103129,0.568109081,-10.1624519,-0.0353609282,-0.292386116,-0.00454654389,0.023469679,-0.00333901277,-0.672037622,0,0,0,0,0,0,-9.21109651,-47.8619202,-2.12029421,0.452344597,1.32015592,-5.0611181,4.14407737,48.1221068,0.668370146,0.0411536304,2.86546827,15.3806843,4.14407737,48.1221068,0.668370146,0.0411536304,2.86546827,15.3806843,0.00380691164,-0.0403767899,147.154359,0.0448300116,0.913994173,-0.00448482865,-0.195361876,0.0333764023,-4.85428756e-05,0.00868783497,-0.0204299997,0.134568001,1340,1334,1275,1399,1577,1450,1596,1375,-0.125,-0.125,-0.149447716,-0.045917532,0.02,0.3125,0.3125,0.306539617,0.165953776,0.02,-0.1925,-0.1925,-0.179131596,-0.0627011533,0.02,0.24,0.24,0.273186297,0.139556315,0.02,0.415,0.415,0.658600555,30.6313607,1,-0.2525,-0.2525,-0.499282382,-15.4795911,1,0.4,0.4,0.253445007,6.34860807,1,-0.5625,-0.5625,-0.450205207,-12.9988374,1
299716.222,43.65,0.284828274,-0.0692385769,0.00713506519,0.0240954817,-0.00474665299,-0.659765064,0.387978807,0.00452857671,150.09763,-147.154539,2.94309079,0,45.9712342,-15.4332772,-0.191172305,1.14483964,3.39083884,-4.89255268,-10.849473,-47.2170417,-2.10163781,3.50064349,-0.61190909,-4.91086346,2.15199248,0.140908329,148.602068,-4.19290243,0.681867352,-9.81153575,-0.0449831064,-0.290473617,-0.00452857671,0.0240954817,-0.00474665299,-0.659765064,0,0,0,0,0,0,-10.8494733,-47.217043,-2.10163786,0.447255527,1.31209793,-4.82464639,5.76173803,47.6156224,0.661756219,0.0351667127,2.85688622,14.9569511,5.76173803,47.6156224,0.661756219,0.0351667127,2.85688622,14.9569511,0.0017651608,-0.0395535181,147.154429,0.0437244579,0.914272169,-0.00443117618,-0.195739891,0.0390471803,0.000666044146,0.0174859948,-0.0359104954,0.319225649,1340,1334,1275,1399,1577,1450,1596,1375,-0.125,-0.125,-0.139443161,-0.0396871901,0.02,0.3125,0.3125,0.309738141,0.168799323,0.02,-0.1925,-0.1925,-0.186305491,-0.0676524072,0.02,0.24,0.24,0.259605718,0.12971258,0.02,0.415,0.415,0.652586036,30.1765445,1,-0.2525,-0.2525,-0.493189303,-15.1001443,1,0.4,0.4,0.259957466,6.49345225,1,-0.5625,-0.5625,-0.455195247,-13.243002,1
299716.272,43.7,0.284525083,-0.0693233811,0.00710955761,0.02486087,-0.00655474089,-0.64229838,0.388204603,0.00450842331,150.09763,-147.154539,2.94309079,0,45.782645,-15.3863974,-0.189802652,1.13885222,3.37730588,-4.66561587,-12.3468854,-46.6478262,-2.08867521,3.46380083,-0.729814786,-4.68407995,2.15074249,0.0861596241,148.603352,-4.16329678,0.797807594,-9.42790334,-0.0544853712,-0.288473488,-0.00450842331,0.02486087,-0.00655474089,-0.64229838,0,0,0,0,0,0,-12.3468857,-46.6478275,-2.08867527,0.443387075,1.30709523,-4.59791585,7.33507852,47.0650483,0.631332483,0.032159718,2.84948269,14.3875005,7.33507852,47.0650483,0.631332483,0.032159718,2.84948269,14.3875005,-0.000345687654,-0.0381919658,147.154528,0.0430323009,0.913931663,-0.00443090171,-0.190095053,0.0364134862,-7.30652686e-05,0.00844614202,-0.0345061075,0.365891576,1340,1334,1275,1399,1577,1450,1596,1375,-0.125,-0.125,-0.133532695,-0.0360064442,0.02,0.3125,0.3125,0.311220239,0.16968363,0.02,-0.1925,-0.1925,-0.189629654,-0.0700182636,0.02,0.24,0.24,0.251582617,0.12614373,0.02,0.415,0.415,0.646720016,29.776728,1,-0.2525,-0.2525,-0.487246663,-14.7790558,1,0.4,0.4,0.266180531,6.71433704,1,-0.5625,-0.5625,-0.459963544,-13.4763167,1
299716.322,43.75,0.284535494,-0.0693830936,0.00707864974,0.0250806836,-0.00809030491,-0.62492228,0.3884296,0.00448602868,150.09763,-147.154539,2.94309079,0,45.6197282,-15.275441,-0.18878548,1.12907811,3.36563564,-4.47310118,-13.7131907,-46.0671622,-2.07347886,3.42598582,-0.838120973,-4.49122803,2.13867068,0.0281946183,148.611182,-4.12098191,0.916515043,-9.08303841,-0.0635923235,-0.286543106,-0.00448602868,0.0250806836,-0.00809030491,-0.62492228,0,0,0,0,0,0,-13.713191,-46.0671634,-2.07347891,0.438628191,1.30279331,-4.40588936,8.84829757,46.5658535,0.61732692,0.0398166648,2.84210121,13.83433,8.84829757,46.5658535,0.61732692,0.0398166648,2.84210121,13.83433,-0.00218226907,-0.0365315246,147.154598,0.042833213,0.912808588,-0.00446533544,-0.18082976,0.0375412792,0.00026421416,-0.00208361112,-0.0271263167,0.349070463,1340,1334,1275,1399,1577,1450,1596,1375,-0.125,-0.125,-0.130040924,-0.0338319423,0.02,0.3125,0.3125,0.311906998,0.170050213,0.02,-0.1925,-0.1925,-0.19116997,-0.0709063578,0.02,0.24,0.24,0.24684275,0.123473568,0.02,0.415,0.415,0.640998828,29.4204408,1,-0.2525,-0.2525,-0.481450747,-14.5212409,1,0.4,0.4,0.272127062,6.9354104,1,-0.5625,-0.5625,-0.464519953,-13.6389464,1
299716.371,43.8,0.28461373,-0.069330181,0.00707276592,0.0248526601,-0.00929206111,-0.606999197,0.388652565,0.00442482399,150.09763,-147.154539,2.94309079,0,45.3417128,-15.1370537,-0.187935298,1.1178743,3.34510214,-4.2497,-14.9885841,-45.3450297,-2.05116163,3.37670851,-0.941870139,-4.2673202,2.12313962,-0.03823239,148.613524,-4.06839358,1.03203984,-8.70805358,-0.0722491069,-0.284472025,-0.00442482399,0.0248526601,-0.00929206111,-0.606999197,0,0,0,0,0,0,-14.9885845,-45.345031,-2.05116168,0.433679488,1.29482984,-4.18309708,10.2641874,46.0058826,0.603512476,0.0520525366,2.82937583,13.2701718,10.2641874,46.0058826,0.603512476,0.0520525366,2.82937583,13.2701718,-0.00370705992,-0.0345940531,147.154643,0.0429689327,0.911095261,-0.0045165062,-0.171975705,0.043407615,0.000965709596,-0.0107121943,-0.0238603749,0.38804254,1340,1334,1275,1399,1577,1450,1596,1375,-0.125,-0.125,-0.127978065,-0.0327271756,0.02,0.3125,0.3125,0.312225221,0.170220076,0.02,-0.1925,-0.1925,-0.191883705,-0.0712873397,0.02,0.24,0.24,0.244042543,0.121729738,0.02,0.415,0.415,0.635418897,28.9710616,1,-0.2525,-0.2525,-0.475797933,-14.1950245,1,0.4,0.4,0.277809347,7.16289479,1,-0.5625,-0.5625,-0.468873889,-13.7938844,1
299716.421,43.85,0.284645721,-0.0692933206,0.00707944353,0.0245742931,-0.0103176928,-0.587051267,0.388871575,0.0043352186,150.09763,-147.154539,2.94309079,0,45.0894374,-15.0629155,-0.187457776,1.11184517,3.32636226,-4.00845071,-16.2551938,-44.627771,-2.02846228,3.32690949,-1.04627527,-4.02561101,2.11405104,-0.0960212439,148.612148,-4.0072922,1.14236115,-8.29264267,-0.0805750437,-0.282178415,-0.0043352186,0.0245742931,-0.0103176928,-0.587051267,0,0,0,0,0,0,-16.2551943,-44.6277723,-2.02846234,0.4310014,1.28749491,-3.94217399,11.60172,45.3730234,0.586470822,0.0669440503,2.81187301,12.6508277,11.60172,45.3730234,0.586470822,0.0669440503,2.81187301,12.6508277,-0.0049655791,-0.0324432611,147.15469,0.0433566599,0.908939712,-0.00458308198,-0.16749466,0.0447792812,0.00116425152,-0.00795144511,-0.0166779517,0.430137063,1340,1334,1275,1399,1577,1450,1596,1375,-0.125,-0.125,-0.126759374,-0.0320766552,0.02,0.3125,0.3125,0.312372676,0.170298785,0.02,-0.1925,-0.1925,-0.192214428,-0.071463875,0.02,0.24,0.24,0.242388243,0.120699522,0.02,0.415,0.415,0.629976735,28.5112145,1,-0.2525,-0.2525,-0.470284687,-13.8516869,1,0.4,0.4,0.283239128,7.38027046,1,-0.5625,-0.5625,-0.473034349,-14.0229222,1
299716.471,43.9,0.284889263,-0.0692933717,0.00709637019,0.0242011098,-0.0107931529,-0.566470235,0.389085864,0.00423745308,150.09763,-147.154539,2.94309079,0,44.9701942,-14.9312708,-0.187188131,1.10168494,3.3175369,-3.80032686,-17.3972442,-44.0294722,-2.00940891,3.28560411,-1.14038687,-3.8166174,2.09632288,-0.140901265,148.611479,-3.9394728,1.24968198,-7.89372366,-0.0885842808,-0.279967002,-0.00423745308,0.0242011098,-0.0107931529,-0.566470235,0,0,0,0,0,0,-17.3972447,-44.0294734,-2.00940896,0.426791508,1.28406053,-3.73462937,12.890146,44.7741573,0.585195728,0.0865765635,2.79124603,12.0288534,12.890146,44.7741573,0.585195728,0.0865765635,2.79124603,12.0288534,-0.00582298455,-0.030234555,147.154726,0.0440912093,0.906476908,-0.00466229493,-0.158576599,0.0409772047,0.00229796109,-0.0151921097,-0.0023922708,0.414408817,1340,1334,1275,1399,1577,1450,1596,1375,-0.125,-0.125,-0.126039398,-0.0316923424,0.02,0.3125,0.3125,0.312441002,0.170335257,0.02,-0.1925,-0.1925,-0.192367675,-0.0715456761,0.02,0.24,0.24,0.24141092,0.120090893,0.02,0.415,0.415,0.624668941,28.0862304,1,-0.2525,-0.2525,-0.464907564,-13.6527398,1,0.4,0.4,0.288427627,7.58798662,1,-0.5625,-0.5625,-0.477009931,-14.2705017,1
299716.522,43.95,0.285336862,-0.0691846796,0.00713185753,0.0234736779,-0.0106646796,-0.54664708,0.389294924,0.00413000789,150.09763,-147.154539,2.94309079,0,44.8351633,-14.8071191,-0.187034606,1.09219834,3.30746867,-3.60706604,-18.4807004,-43.4048618,-1.98980151,3.24177854,-1.22962861,-3.62243799,2.07332528,-0.190074133,148.610373,-3.86851438,1.35295241,-7.51854553,-0.0961510935,-0.277866644,-0.00413000789,0.0234736779,-0.0106646796,-0.54664708,0,0,0,0,0,0,-18.480701,-43.404863,-1.98980156,0.422916562,1.28009638,-3.54191482,14.1237718,44.2122905,0.56467164,0.107286251,2.76505595,11.4381334,14.1237718,44.2122905,0.56467164,0.107286251,2.76505595,11.4381334,-0.00629938739,-0.0280306736,147.154731,0.0450640782,0.903862685,-0.0047409735,-0.150091369,0.0411188074,0.00191582315,-0.0224866592,0.00548285032,0.390203183,1340,1334,1275,1399,1577,1450,1596,1375,-0.125,-0.125,-0.125614053,-0.031465299,0.02,0.3125,0.3125,0.312472662,0.170352156,0.02,-0.1925,-0.1925,-0.192438684,-0.0715835802,0.02,0.24,0.24,0.24083354,0.11973133,0.02,0.415,0.415,0.619492196,27.6807745,1,-0.2525,-0.2525,-0.459663203,-13.4616209,1,0.4,0.4,0.293385565,7.77141277,1,-0.5625,-0.5625,-0.48080885,-14.4926879,1
299716.571,44,0.285773416,-0.0690879146,0.00717620596,0.022833273,-0.0101835303,-0.528548252,0.389498561,0.00401969577,150.09763,-147.154539,2.94309079,0,44.6692558,-14.7567264,-0.186946584,1.08832159,3.2950444,-3.4343046,-19.5722191,-42.7338745,-1.97041864,3.19406323,-1.31866103,-3.44895676,2.05908776,-0.245278592,148.605798,-3.79704504,1.45285361,-7.19426571,-0.103431678,-0.275662499,-0.00401969577,0.022833273,-0.0101835303,-0.528548252,0,0,0,0,0,0,-19.5722196,-42.7338757,-1.97041869,0.421317566,1.27517151,-3.3693751,15.2885512,43.6595124,0.554972596,0.130816615,2.74417358,10.9111563,15.2885512,43.6595124,0.554972596,0.130816615,2.74417358,10.9111563,-0.00655143119,-0.0260915318,147.154733,0.0461524272,0.901394853,-0.00482074452,-0.147029545,0.0445084334,0.00208043613,-0.0113970972,0.0131921682,0.356167329,1340,1334,1275,1399,1577,1450,1596,1375,-0.125,-0.125,-0.125362769,-0.0313311669,0.02,0.3125,0.3125,0.312487332,0.170359987,0.02,-0.1925,-0.1925,-0.192471588,-0.0716011438,0.02,0.24,0.24,0.240492437,0.119518907,0.02,0.415,0.415,0.614443266,27.3663521,1,-0.2525,-0.2525,-0.454548325,-13.2113479,1,0.4,0.4,0.298123186,7.94000456,1,-0.5625,-0.5625,-0.484438956,-14.6541629,1
299716.621,44.05,0.286106373,-0.0690436446,0.00722102025,0.0221454501,-0.00950209437,-0.511445779,0.389696817,0.00391491367,150.09763,-147.154539,2.94309079,0,44.5060198,-14.6802863,-0.186895822,1.08252252,3.28280026,-3.25889716,-20.5788546,-42.059841,-1.95244823,3.14555991,-1.40127809,-3.27275355,2.04270154,-0.298381565,148.600814,-3.7269355,1.54884489,-6.88175918,-0.110465829,-0.273262814,-0.00391491367,0.0221454501,-0.00950209437,-0.511445779,0,0,0,0,0,0,-20.5788552,-42.0598421,-1.95244828,0.418973597,1.27030586,-3.19430399,16.4118058,43.1036196,0.53848077,0.151208999,2.71908929,10.4222398,16.4118058,43.1036196,0.53848077,0.151208999,2.71908929,10.4222398,-0.00664941603,-0.0242958971,147.154726,0.0473288147,0.899098988,-0.00490392982,-0.140064679,0.0488043634,0.00208307635,-0.0157288348,0.0146468346,0.355446339,1340,1334,1275,1399,1577,1450,1596,1375,-0.125,-0.125,-0.125214316,-0.0312519246,0.02,0.3125,0.3125,0.31249413,0.170363616,0.02,-0.1925,-0.1925,-0.192486835,-0.0716092822,0.02,0.24,0.24,0.240290921,0.119393413,0.02,0.415,0.415,0.609518994,27.0425759,1,-0.2525,-0.2525,-0.449559734,-12.9652957,1,0.4,0.4,0.302650283,8.12468272,1,-0.5625,-0.5625,-0.487907752,-14.8084625,1
299716.671,44.1,0.286253493,-0.0688776765,0.00726374062,0.0210976314,-0.00893929203,-0.492709141,0.389889858,0.00381173641,150.09763,-147.154539,2.94309079,0,44.2457444,-14.5151632,-0.186866407,1.07007563,3.26324623,-3.04849848,-21.423942,-41.3000524,-1.93162158,3.08959849,-1.47281286,-3.06143499,2.01078116,-0.350966539,148.592291,-3.65965106,1.63782221,-6.51937914,-0.117031101,-0.270622087,-0.00381173641,0.0210976314,-0.00893929203,-0.492709141,0,0,0,0,0,0,-21.4239426,-41.3000536,-1.93162163,0.413990268,1.2625164,-2.98463185,17.4350425,42.4640373,0.539403563,0.175018063,2.69049598,9.89426976,17.4350425,42.4640373,0.539403563,0.175018063,2.69049598,9.89426976,-0.00665231504,-0.022318907,147.154705,0.0484664733,0.896929025,-0.00498522528,-0.129765451,0.052957646,0.00279220013,-0.0256890374,0.00744096099,0.404843447,1340,1334,1275,1399,1577,1450,1596,1375,-0.125,-0.125,-0.125126613,-0.0312051101,0.02,0.3125,0.3125,0.31249728,0.170365297,0.02,-0.1925,-0.1925,-0.1924939,-0.0716130533,0.02,0.24,0.24,0.240171869,0.119319274,0.02,0.415,0.415,0.604716303,26.5725807,1,-0.2525,-0.2525,-0.444694312,-12.7055862,1,0.4,0.4,0.306976208,8.31710934,1,-0.5625,-0.5625,-0.491222405,-14.9776556,1
299716.721,44.15,0.286326915,-0.0686813394,0.00730851894,0.0200831029,-0.00864121969,-0.472079865,0.390077576,0.00370581408,150.09763,-147.154539,2.94309079,0,43.9981959,-14.3933992,-0.186849296,1.06090163,3.24464172,-2.84157058,-22.2486761,-40.5510253,-1.9122899,3.03388938,-1.54250328,-2.85375794,1.98723729,-0.39526386,148.581994,-3.5943275,1.71979964,-6.13791974,-0.12321519,-0.267869171,-0.00370581408,0.0200831029,-0.00864121969,-0.472079865,0,0,0,0,0,0,-22.2486768,-40.5510264,-1.91228994,0.410319999,1.25510116,-2.7782397,18.3807173,41.790058,0.518526809,0.198455238,2.66469635,9.32607697,18.3807173,41.790058,0.518526809,0.198455238,2.66469635,9.32607697,-0.0066155211,-0.0202896082,147.154691,0.0494886459,0.894869045,-0.00506428027,-0.123000749,0.055061519,0.00229739587,-0.022842017,0.0026146201,0.427549044,1340,1334,1275,1399,1577,1450,1596,1375,-0.125,-0.125,-0.1250748,-0.0311774531,0.02,0.3125,0.3125,0.31249874,0.170366076,0.02,-0.1925,-0.1925,-0.192497173,-0.0716148007,0.02,0.24,0.24,0.240101537,0.119275474,0.02,0.415,0.415,0.600032191,26.1141898,1,-0.2525,-0.2525,-0.439949018,-12.4525158,1,0.4,0.4,0.311109903,8.48123673,1,-0.5625,-0.5625,-0.494389765,-15.1749031,1
299716.772,44.2,0.286418739,-0.068729042,0.00734041254,0.0195597986,-0.00841486128,-0.45302777,0.390260467,0.00361716135,150.09763,-147.154539,2.94309079,0,43.8724433,-14.4388137,-0.186839311,1.06430663,3.23519175,-2.69351378,-23.1984119,-39.8940155,-1.89914263,2.9854744,-1.61942004,-2.70530074,1.98589857,-0.437515911,148.576051,-3.52853959,1.79971133,-5.84200607,-0.129337501,-0.265063386,-0.00361716135,0.0195597986,-0.00841486128,-0.45302777,0,0,0,0,0,0,-23.1984125,-39.8940166,-1.89914268,0.411672262,1.25133526,-2.62998307,19.3005115,41.1744874,0.497444478,0.212760116,2.64216469,8.81979409,19.3005115,41.1744874,0.497444478,0.212760116,2.64216469,8.81979409,-0.00657775151,-0.0186184781,147.154698,0.0505191688,0.892998761,-0.00514991217,-0.126017844,0.0547076956,0.00144280718,-0.0141718482,0.00560144994,0.357516461,1340,1334,1275,1399,1577,1450,1596,1375,-0.125,-0.125,-0.12504419,-0.031161114,0.02,0.3125,0.3125,0.312499416,0.170366437,0.02,-0.1925,-0.1925,-0.19249869,-0.0716156104,0.02,0.24,0.24,0.240059985,0.119249598,0.02,0.415,0.415,0.59546373,25.8688997,1,-0.2525,-0.2525,-0.435320885,-12.2260594,1,0.4,0.4,0.315059909,8.58665965,1,-0.5625,-0.5625,-0.497416377,-15.3633855,1
299716.822,44.25,0.286491874,-0.0690557273,0.00736188316,0.0192239897,-0.00799727049,-0.436005674,0.390439403,0.00354674355,150.09763,-147.154539,2.94309079,0,43.7447385,-14.480994,-0.186833469,1.06747261,3.22559229,-2.55103816,-24.0910273,-39.2351699,-1.8868194,2.93667207,-1.69174443,-2.56236162,1.98740733,-0.4840901,148.572077,-3.46309991,1.87779219,-5.57362447,-0.135448048,-0.262160248,-0.00354674355,0.0192239897,-0.00799727049,-0.436005674,0,0,0,0,0,0,-24.0910279,-39.235171,-1.88681945,0.412931696,1.24750808,-2.48732186,20.2324006,40.6159468,0.502697126,0.230975306,2.62691246,8.38622818,20.2324006,40.6159468,0.502697126,0.230975306,2.62691246,8.38622818,-0.0064724789,-0.0172281148,147.154707,0.051690666,0.891259065,-0.00524689685,-0.123564387,0.0581255645,0.00210306167,-0.0102056062,0.00987653491,0.332464154,1340,1334,1275,1399,1577,1450,1596,1375,-0.125,-0.125,-0.125026107,-0.0311514612,0.02,0.3125,0.3125,0.312499729,0.170366604,0.02,-0.1925,-0.1925,-0.192499393,-0.0716159856,0.02,0.24,0.24,0.240035438,0.119234311,0.02,0.415,0.415,0.591008064,25.6310625,1,-0.2525,-0.2525,-0.430807021,-12.0051943,1,0.4,0.4,0.318834389,8.6873979,1,-0.5625,-0.5625,-0.500308496,-15.5407478,1
299716.871,44.3,0.286418098,-0.0694077347,0.00738334881,0.0185154333,-0.00754553921,-0.419192908,0.390614892,0.00347799166,150.09763,-147.154539,2.94309079,0,43.5580005,-14.4013336,-0.186830044,1.06147864,3.21155194,-2.38924659,-24.8009148,-38.5505,-1.87251068,2.88527615,-1.7508324,-2.39980612,1.96871411,-0.530248461,148.566171,-3.39943818,1.95248828,-5.29006536,-0.141249911,-0.259091257,-0.00347799166,0.0185154333,-0.00754553921,-0.419192908,0,0,0,0,0,0,-24.8009155,-38.5505011,-1.87251072,0.41053837,1.2419083,-2.32588078,21.1085051,40.0208461,0.48247357,0.249586907,2.60714398,7.96026023,21.1085051,40.0208461,0.48247357,0.249586907,2.60714398,7.96026023,-0.00628533848,-0.0158124991,147.154697,0.0529487315,0.889596346,-0.00534900541,-0.112425738,0.0609674379,0.00127361052,-0.0293294826,0.00669398535,0.355128457,1340,1334,1275,1399,1577,1450,1596,1375,-0.125,-0.125,-0.125015423,-0.0311457586,0.02,0.3125,0.3125,0.312499875,0.170366682,0.02,-0.1925,-0.1925,-0.192499719,-0.0716161595,0.02,0.24,0.24,0.240020936,0.11922528,0.02,0.415,0.415,0.58666241,25.2951732,1,-0.2525,-0.2525,-0.426404605,-11.7897823,1,0.4,0.4,0.322441142,8.82709459,1,-0.5625,-0.5625,-0.503072097,-15.6882651,1
299716.921,44.35,0.286252408,-0.0695704752,0.00740641991,0.0173742096,-0.00726078035,-0.401173265,0.390786906,0.00340493997,150.09763,-147.154539,2.94309079,0,43.364229,-14.2878703,-0.186828033,1.05294413,3.19698171,-2.22289993,-25.4249503,-37.8781413,-1.8581741,2.83432629,-1.80344795,-2.23267495,1.94585652,-0.565040191,148.557482,-3.33809736,2.02120681,-4.9905221,-0.14652493,-0.255984906,-0.00340493997,0.0173742096,-0.00726078035,-0.401173265,0,0,0,0,0,0,-25.424951,-37.8781424,-1.85817415,0.407132403,1.23609655,-2.16003336,21.8971108,39.3824792,0.467529232,0.276422865,2.58646591,7.50798395,21.8971108,39.3824792,0.467529232,0.276422865,2.58646591,7.50798395,-0.00603735515,-0.0142670958,147.154673,0.0540891423,0.887939368,-0.00544258036,-0.102786912,0.0611585299,0.000691450489,-0.0285841975,0.00322882207,0.371254947,1340,1334,1275,1399,1577,1450,1596,1375,-0.125,-0.125,-0.125009112,-0.0311423896,0.02,0.3125,0.3125,0.312499942,0.170366718,0.02,-0.1925,-0.1925,-0.19249987,-0.07161624,0.02,0.24,0.24,0.240012369,0.119219945,0.02,0.415,0.415,0.58242405,24.9369633,1,-0.2525,-0.2525,-0.422110885,-11.5796889,1,0.4,0.4,0.325887622,8.98040154,1,-0.5625,-0.5625,-0.505712893,-15.8292271,1
299716.972,44.4,0.28606467,-0.0696362572,0.00742497453,0.0162802317,-0.00716763081,-0.382703484,0.390955363,0.00333361085,150.09763,-147.154539,2.94309079,0,43.1515357,-14.1969779,-0.18682685,1.0461078,3.18098799,-2.05636489,-26.0140656,-37.1956276,-1.8433116,2.78220899,-1.85328571,-2.06550428,1.92454582,-0.599623265,148.549429,-3.27851944,2.08360478,-4.69232647,-0.15139912,-0.252908297,-0.00333361085,0.0162802317,-0.00716763081,-0.382703484,0,0,0,0,0,0,-26.0140663,-37.1956286,-1.84331164,0.404404412,1.22971658,-1.99389825,22.608598,38.7323643,0.457908417,0.298832588,2.56586797,7.05291103,22.608598,38.7323643,0.457908417,0.298832588,2.56586797,7.05291103,-0.00578543291,-0.0127822457,147.154654,0.0550739121,0.886348689,-0.00552565248,-0.0961124452,0.0613233138,0.000438406468,-0.0265702953,-0.00102022686,0.3833144,1340,1334,1275,1399,1577,1450,1596,1375,-0.125,-0.125,-0.125005383,-0.0311403993,0.02,0.3125,0.3125,0.312499973,0.170366735,0.02,-0.1925,-0.1925,-0.19249994,-0.0716162774,0.02,0.24,0.24,0.240007307,0.119216793,0.02,0.415,0.415,0.578290335,24.5875977,1,-0.2525,-0.2525,-0.417923177,-11.3470682,1,0.4,0.4,0.329180952,9.12689599,1,-0.5625,-0.5625,-0.508236339,-15.9639252,1
299717.022,44.45,0.285786503,-0.0697277399,0.00743631504,0.0154160981,-0.00729703672,-0.363803714,0.391120253,0.00326263578,150.09763,-147.154539,2.94309079,0,42.9052701,-14.1270949,-0.186826154,1.04085188,3.16246931,-1.89387279,-26.5617719,-36.4911776,-1.82706049,2.72815668,-1.89974876,-1.90248644,1.90702561,-0.635201917,148.542363,-3.21954083,2.1404951,-4.40137019,-0.155976571,-0.249779097,-0.00326263578,0.0154160981,-0.00729703672,-0.363803714,0,0,0,0,0,0,-26.5617726,-36.4911786,-1.82706054,0.402307202,1.2223291,-1.83171362,23.2696753,38.0859228,0.456519772,0.31907482,2.546357,6.59681973,23.2696753,38.0859228,0.456519772,0.31907482,2.546357,6.59681973,-0.00555136543,-0.0114014017,147.154647,0.0559415877,0.884768351,-0.0056057168,-0.0899455461,0.0629488193,0.00110848903,-0.0244183625,-0.00575665972,0.381452373,1340,1334,1275,1399,1577,1450,1596,1375,-0.125,-0.125,-0.12500318,-0.0311392234,0.02,0.3125,0.3125,0.312499988,0.170366742,0.02,-0.1925,-0.1925,-0.192499972,-0.0716162947,0.02,0.24,0.24,0.240004317,0.11921493,0.02,0.415,0.415,0.574258682,24.246858,1,-0.2525,-0.2525,-0.413838865,-11.0927174,1,0.4,0.4,0.332327935,9.25652551,1,-0.5625,-0.5625,-0.510647652,-16.0811141,1
299717.072,44.5,0.285363171,-0.0698260722,0.00743864819,0.0145441366,-0.00763416484,-0.345313517,0.391281481,0.00318901861,150.09763,-147.154539,2.94309079,0,42.6402476,-14.0380951,-0.186825744,1.03415867,3.14253991,-1.74347248,-27.0346219,-35.7931507,-1.80923151,2.67449633,-1.94010104,-1.75151786,1.88792236,-0.668874985,148.534092,-3.15977863,2.19250604,-4.12867291,-0.16021667,-0.246568477,-0.00318901861,0.0145441366,-0.00763416484,-0.345313517,0,0,0,0,0,0,-27.0346226,-35.7931517,-1.80923156,0.399636786,1.21437872,-1.68170491,23.8627655,37.4386849,0.450875785,0.342349417,2.53060376,6.16395107,23.8627655,37.4386849,0.450875785,0.342349417,2.53060376,6.16395107,-0.00533252131,-0.0101094478,147.154641,0.0567579411,0.883079398,-0.00568409442,-0.0837074456,0.0643719768,0.00142001275,-0.0170494439,-0.00698611007,0.371061509,1340,1334,1275,1399,1577,1450,1596,1375,-0.125,-0.125,-0.125001879,-0.0311385288,0.02,0.3125,0.3125,0.312499994,0.170366746,0.02,-0.1925,-0.1925,-0.192499987,-0.0716163027,0.02,0.24,0.24,0.24000255,0.11921383,0.02,0.415,0.415,0.570326572,23.9145312,1,-0.2525,-0.2525,-0.409855394,-10.8478627,1,0.4,0.4,0.335335076,9.37691329,1,-0.5625,-0.5625,-0.512951813,-16.1631094,1
299717.122,44.55,0.284864333,-0.0698033077,0.00743715465,0.013361932,-0.00802838697,-0.327060978,0.391438873,0.0031072572,150.09763,-147.154539,2.94309079,0,42.3826483,-13.8377694,-0.186825503,1.01909393,3.12316861,-1.59892772,-27.3567796,-35.1598034,-1.78954821,2.62551113,-1.96884551,-1.60612674,1.85603212,-0.69076494,148.526304,-3.09940749,2.23799409,-3.8522268,-0.164016471,-0.243408609,-0.0031072572,0.013361932,-0.00802838697,-0.327060978,0,0,0,0,0,0,-27.3567803,-35.1598043,-1.78954825,0.393626765,1.20665091,-1.53804157,24.3840459,36.7952475,0.438563373,0.360959544,2.51000777,5.74544349,24.3840459,36.7952475,0.438563373,0.360959544,2.51000777,5.74544349,-0.00507054417,-0.00884173488,147.154626,0.0574936808,0.881193403,-0.00575173264,-0.0717296645,0.0619072966,0.00147192762,-0.0326387935,-0.0080687426,0.374192089,1340,1334,1275,1399,1577,1450,1596,1375,-0.125,-0.125,-0.12500111,-0.0311381184,0.02,0.3125,0.3125,0.312499997,0.170366747,0.02,-0.1925,-0.1925,-0.192499994,-0.0716163064,0.02,0.24,0.24,0.240001507,0.11921318,0.02,0.415,0.415,0.566491545,23.5123776,1,-0.2525,-0.2525,-0.405970275,-10.692326,1,0.4,0.4,0.338208589,9.49195139,1,-0.5625,-0.5625,-0.515153584,-16.241461,1
299717.172,44.6,0.284358015,-0.0696096531,0.00743297474,0.0119499774,-0.00839453639,-0.308643672,0.391591922,0.00301709334,150.09763,-147.154539,2.94309079,0,42.1267017,-13.634891,-0.18682536,1.00383732,3.10392152,-1.45652168,-27.6318835,-34.553664,-1.76846519,2.57832098,-1.99387054,-1.46294729,1.82514567,-0.708705282,148.518957,-3.03920626,2.27538381,-3.57749619,-0.167362224,-0.240403383,-0.00301709334,0.0119499774,-0.00839453639,-0.308643672,0,0,0,0,0,0,-27.6318842,-34.5536649,-1.76846524,0.387540264,1.19897261,-1.3965282,24.8000926,36.1517918,0.440235671,0.383020638,2.48984118,5.33214624,24.8000926,36.1517918,0.440235671,0.383020638,2.48984118,5.33214624,-0.00475113841,-0.00761200042,147.154607,0.0580216124,0.879112808,-0.00579692948,-0.0644799036,0.0581526205,0.00245863154,-0.0287096332,-0.00540086909,0.379148532,1340,1334,1275,1399,1577,1450,1596,1375,-0.125,-0.125,-0.125000656,-0.0311378759,0.02,0.3125,0.3125,0.312499999,0.170366748,0.02,-0.1925,-0.1925,-0.192499997,-0.0716163081,0.02,0.24,0.24,0.24000089,0.119212796,0.02,0.415,0.415,0.562751205,23.1130693,1,-0.2525,-0.2525,-0.402181081,-10.5406296,1,0.4,0.4,0.340954412,9.60612298,1,-0.5625,-0.5625,-0.517257515,-16.316331,1
299717.222,44.65,0.283896402,-0.0693363237,0.00743394257,0.0106630168,-0.00862191526,-0.290162667,0.391740129,0.0029151147,150.09763,-147.154539,2.94309079,0,41.8948002,-13.456695,-0.186825276,0.990436899,3.08648259,-1.32091046,-27.8951163,-33.9867871,-1.74717297,2.5339687,-2.0176803,-1.32669262,1.79705493,-0.72357681,148.511383,-2.97967092,2.30520096,-3.31681049,-0.170384072,-0.237586075,-0.0029151147,0.0106630168,-0.00862191526,-0.290162667,0,0,0,0,0,0,-27.8951171,-33.986788,-1.74717301,0.382194297,1.19201562,-1.26170103,25.155783,35.5401661,0.41397336,0.399996618,2.46795527,4.92682547,25.155783,35.5401661,0.41397336,0.399996618,2.46795527,4.92682547,-0.0043915215,-0.00650727309,147.154592,0.0583569068,0.87692982,-0.00582050187,-0.060440381,0.054062962,0.00161853105,-0.025164536,-0.00151897871,0.368813872,1340,1334,1275,1399,1577,1450,1596,1375,-0.125,-0.125,-0.125000387,-0.0311377327,0.02,0.3125,0.3125,0.312499999,0.170366749,0.02,-0.1925,-0.1925,-0.192499999,-0.0716163089,0.02,0.24,0.24,0.240000526,0.11921257,0.02,0.415,0.415,0.559103215,22.7515437,1,-0.2525,-0.2525,-0.398485442,-10.3859414,1,0.4,0.4,0.343578218,9.72283562,1,-0.5625,-0.5625,-0.519267953,-16.3878739,1
299717.272,44.7,0.283558853,-0.0691570412,0.00743626171,0.009885079,-0.00849930738,-0.272711606,0.391883331,0.00281514213,150.09763,-147.154539,2.94309079,0,41.733344,-13.3642595,-0.186825227,0.983485702,3.07434112,-1.19935437,-28.223621,-33.4776027,-1.72848961,2.49406131,-2.0458766,-1.20470556,1.78258361,-0.737319918,148.505673,-2.92120709,2.32994987,-3.08469622,-0.173313291,-0.234971297,-0.00281514213,0.009885079,-0.00849930738,-0.272711606,0,0,0,0,0,0,-28.2236218,-33.4776036,-1.72848965,0.379421182,1.18717198,-1.14055166,25.5268129,34.9939166,0.393622217,0.412652121,2.44747008,4.55641146,25.5268129,34.9939166,0.393622217,0.412652121,2.44747008,4.55641146,-0.00401776656,-0.00564223886,147.154589,0.0586145114,0.87476974,-0.00583368967,-0.0595510519,0.0504237661,0.00106780551,-0.0109775006,0.00750373661,0.349969504,1340,1334,1275,1399,1577,1450,1596,1375,-0.125,-0.125,-0.125000229,-0.0311376481,0.02,0.3125,0.3125,0.3125,0.170366749,0.02,-0.1925,-0.1925,-0.192499999,-0.0716163093,0.02,0.24,0.24,0.240000311,0.119212436,0.02,0.415,0.415,0.555545294,22.4824947,1,-0.2525,-0.2525,-0.394881048,-10.2256101,1,0.4,0.4,0.346085431,9.83436191,1,-0.5625,-0.5625,-0.521189054,-16.4773944,1
299717.322,44.75,0.283301734,-0.0690866307,0.007439529,0.0094284099,-0.00794077652,-0.255698459,0.392021793,0.0027240995,150.09763,-147.154539,2.94309079,0,41.581868,-13.2832145,-0.186825197,0.977391088,3.06295014,-1.07914078,-28.529383,-32.9951178,-1.71083165,2.45605959,-2.07220717,-1.08408047,1.76746981,-0.753642359,148.501305,-2.86534389,2.35222258,-2.85961284,-0.176157502,-0.232515212,-0.0027240995,0.0094284099,-0.00794077652,-0.255698459,0,0,0,0,0,0,-28.5293838,-32.9951187,-1.7108317,0.376989802,1.18262771,-1.02069467,25.8994152,34.4948662,0.38471433,0.422822272,2.42873629,4.20594467,25.8994152,34.4948662,0.38471433,0.422822272,2.42873629,4.20594467,-0.00360368126,-0.00494070582,147.154588,0.0589272688,0.872722623,-0.00584944491,-0.0562404291,0.0478998046,0.00129677151,-0.0105005582,0.0149536727,0.345025841,1340,1334,1275,1399,1577,1450,1596,1375,-0.125,-0.125,-0.125000135,-0.0311375981,0.02,0.3125,0.3125,0.3125,0.170366749,0.02,-0.1925,-0.1925,-0.1925,-0.0716163094,0.02,0.24,0.24,0.240000184,0.119212356,0.02,0.415,0.415,0.552075218,22.2200886,1,-0.2525,-0.2525,-0.391365648,-10.0692375,1,0.4,0.4,0.348481231,9.9409323,1,-0.5625,-0.5625,-0.523024787,-16.5753833,1
299717.372,44.8,0.283072326,-0.0690635338,0.00744956384,0.00900438292,-0.00704116344,-0.239127964,0.392155783,0.00263903424,150.09763,-147.154539,2.94309079,0,41.4730252,-13.2119549,-0.18682518,0.972032349,3.05476518,-0.975389436,-28.8260318,-32.5697011,-1.69615514,2.42260471,-2.09728508,-0.979899713,1.75305543,-0.767335297,148.496017,-2.81326503,2.37410923,-2.65577988,-0.17883683,-0.230194905,-0.00263903424,0.00900438292,-0.00704116344,-0.239127964,0,0,0,0,0,0,-28.8260326,-32.569702,-1.69615518,0.374851996,1.17936244,-0.91725686,26.2539538,34.0303173,0.365578717,0.432789473,2.41051843,3.87505044,26.2539538,34.0303173,0.365578717,0.432789473,2.41051843,3.87505044,-0.00316001128,-0.00433439663,147.154584,0.0593252307,0.870876138,-0.00587089863,-0.0539305832,0.0440678282,0.000641185287,-0.00866343566,0.0225564988,0.318524674,1340,1334,1275,1399,1577,1450,1596,1375,-0.125,-0.125,-0.12500008,-0.0311375685,0.02,0.3125,0.3125,0.3125,0.170366749,0.02,-0.1925,-0.1925,-0.1925,-0.0716163095,0.02,0.24,0.24,0.240000108,0.11921231,0.02,0.415,0.415,0.548690819,21.9991025,1,-0.2525,-0.2525,-0.387937043,-9.94425508,1,0.4,0.4,0.350770568,10.0393394,1,-0.5625,-0.5625,-0.524778946,-16.6690179,1
299717.422,44.85,0.281790455,-0.0687532945,0.00753807736,0.00800818443,-0.00664771033,-0.226980708,0.392283848,0.00244488745,150.09763,-147.154539,2.94309079,0,40.1913024,-12.7952605,-0.106459231,0.950221609,2.9920815,-0.938828911,-28.2943662,-31.2420319,-1.56047811,2.34920207,-2.0806586,-0.942858407,1.66188915,-0.848098383,148.454058,-2.76476949,2.39647279,-2.52133328,-0.18060753,-0.227122841,-0.00244488745,0.00800818443,-0.00664771033,-0.226980708,0,0,0,0,0,0,-28.294367,-31.2420328,-1.56047815,0.371875844,1.17496625,-0.882529789,26.3901363,33.3620943,0.339114856,0.441592909,2.38098827,3.62717202,26.3901363,33.3620943,0.339114856,0.441592909,2.38098827,3.62717202,-0.00285286013,-0.00379820339,147.154569,0.0596593236,0.8692283,-0.00589080284,-0.0136288204,0.0837686155,0.00541625106,-0.0432121962,-0.0185926457,0.232567862,1340,1334,1275,1399,1577,1450,1596,1375,-0.125,0,-0.078661705,-0.0101994809,0.02,0.3125,0,0.196654145,0.0889543335,0.02,-0.1925,0,-0.121138953,-0.0290765524,0.02,0.24,0,0.151030447,0.0567809311,0.02,0.415,0,0.536359679,21.2823843,1,-0.2525,0,-0.37909875,-9.65702563,1,0.4,0,0.343399849,9.71490138,1,-0.5625,0,-0.513560606,-16.1847737,1
299717.472,44.9,0.278280677,-0.067820563,0.00764306516,0.00572356916,-0.00908495577,-0.215433631,0.392397827,0.00211859907,150.09763,-147.154539,2.94309079,0,38.6158255,-12.3067234,-0.0420213901,0.919741741,2.89445348,-0.883733292,-27.5283765,-29.7117572,-1.42798922,2.24929274,-2.03907668,-0.887478915,1.57624984,-0.898117408,148.375848,-2.71543712,2.40791741,-2.37673802,-0.180587146,-0.222304592,-0.00211859907,0.00572356916,-0.00908495577,-0.215433631,0,0,0,0,0,0,-27.5283773,-29.711758,-1.42798926,0.363477855,1.1488333,-0.829583732,26.0669735,32.2174151,0.315701813,0.456255757,2.3286758,3.37598671,26.0669735,32.2174151,0.315701813,0.456255757,2.3286758,3.37598671,-0.00285887945,-0.0029748985,147.154558,0.0593753616,0.867107772,-0.00587308467,0.0113743433,0.108695682,0.00781210305,-0.0458713195,-0.079231398,0.17360219,1340,1334,1275,1399,1577,1450,1596,1375,-0.125,0,-0.0464715665,0,0.02,0.3125,0,0.116178847,0.0332061186,0.02,-0.1925,0,-0.0715661695,-0.00767448184,0.02,0.24,0,0.089225392,0.0164897533,0.02,0.415,0,0.523116911,20.4363857,1,-0.2525,0,-0.369738768,-9.24299728,1,0.4,0,0.334921277,9.36034726,1,-0.5625,0,-0.500880749,-15.5712939,1
299717.522,44.95,0.273679897,-0.0664097377,0.00767131522,0.00288348472,-0.0142557354,-0.208412605,0.392494482,0.00175352441,150.09763,-147.154539,2.94309079,0,36.9277191,-11.5672725,0,0.869858893,2.77696447,-0.842536338,-26.4443811,-28.2214759,-1.30431267,2.14219705,-1.96821942,-0.845670014,1.47299013,-0.910820754,148.30965,-2.65300976,2.3990322,-2.25449087,-0.179421677,-0.216710558,-0.00175352441,0.00288348472,-0.0142557354,-0.208412605,0,0,0,0,0,0,-26.4443819,-28.2214767,-1.30431271,0.347018185,1.1078316,-0.791640361,25.4832708,30.8785864,0.247349505,0.467021392,2.27096579,3.19916155,25.4832708,30.8785864,0.247349505,0.467021392,2.27096579,3.19916155,-0.00324268137,-0.0020905458,147.154598,0.0581911364,0.863629684,-0.00577889394,0.0395623803,0.119576664,0.00742571638,-0.0681223024,-0.132140828,0.156731405,1340,1334,1275,1399,1577,1450,1596,1375,-0.125,0,-0.0274543565,0,0.02,0.3125,0,0.0686358502,0,0.02,-0.1925,0,-0.0422796837,0,0.02,0.24,0,0.0527123553,0,0.02,0.415,0,0.510201108,19.4557095,1,-0.2525,0,-0.360609885,-8.9181392,1,0.4,0,0.326652041,9.01440454,1,-0.5625,0,-0.488513959,-14.8354279,1
299717.572,45,0.268681889,-0.0646496098,0.0075952633,0.000286591097,-0.0212177452,-0.201696889,0.392572408,0.00137758127,150.09763,-147.154539,2.94309079,0,35.4969199,-11.0041719,0,0.82751373,2.66936838,-0.813770652,-25.5940036,-26.9179878,-1.22148862,2.04314954,-1.90560207,-0.816547524,1.41075457,-0.894403841,148.276038,-2.56801603,2.3613169,-2.14862299,-0.177567964,-0.210948251,-0.00137758127,0.000286591097,-0.0212177452,-0.201696889,0,0,0,0,0,0,-25.5940044,-26.9179885,-1.22148865,0.330125167,1.06490763,-0.765352316,24.756474,29.4867601,0.198297144,0.469908189,2.21245843,3.02816436,24.756474,29.4867601,0.198297144,0.469908189,2.21245843,3.02816436,-0.00382721388,-0.00118753878,147.154736,0.0560660581,0.858091308,-0.00558109836,0.0430973967,0.115491854,0.00742353639,-0.0516095696,-0.144700611,0.114059882,1340,1334,1275,1399,1577,1450,1596,1375,-0.125,0,-0.0162194165,0,0.02,0.3125,0,0.0405485169,0,0.02,-0.1925,0,-0.0249778864,0,0.02,0.24,0,0.0311412742,0,0.02,0.415,0,0.497604198,18.6454493,1,-0.2525,0,-0.351706396,-8.63819365,1,0.4,0,0.318586973,8.68079455,1,-0.5625,0,-0.476452507,-14.2357881,1
299717.622,45.05,0.263711929,-0.0626372342,0.00747638197,-0.00183466929,-0.0281407988,-0.195924375,0.392630539,0.000952455988,150.09763,-147.154539,2.94309079,0,34.1437164,-10.4619258,0,0.786736818,2.56760747,-0.754875623,-24.7660542,-25.7023298,-1.13051393,1.9498586,-1.84551994,-0.757302938,1.34645077,-0.869221107,148.264463,-2.45634355,2.29451036,-2.042421,-0.175364649,-0.205427523,-0.000952455988,-0.00183466929,-0.0281407988,-0.195924375,0,0,0,0,0,0,-24.7660549,-25.7023305,-1.13051396,0.313857782,1.02431152,-0.708843169,23.9659388,28.1388697,0.140883594,0.467029632,2.15211115,2.87463635,23.9659388,28.1388697,0.140883594,0.467029632,2.15211115,2.87463635,-0.0044062244,-0.00040660766,147.154952,0.0532995503,0.85020594,-0.005301537,0.0395970164,0.108193151,0.00873102845,-0.0167236673,-0.122582984,0.124988324,1340,1334,1275,1399,1577,1450,1596,1375,-0.125,0,-0.00958206656,0,0.02,0.3125,0,0.023955152,0,0.02,-0.1925,0,-0.0147563736,0,0.02,0.24,0,0.0183975646,0,0.02,0.415,0,0.485318307,17.8959953,1,-0.2525,0,-0.343022734,-8.2746967,1,0.4,0,0.310721033,8.47085805,1,-0.5625,0,-0.464688852,-13.6449568,1
