t_s,forward_m,lateral_m,relative_z_m,relative_yaw_rad
0.034133266,0.0,0.0,0.0,0.0
0.07251547900000001,1.4865208231221933e-06,3.086907485750456e-07,-1.397069041564336e-07,-9.518283260289003e-08
0.11932352400000001,3.3175953446928936e-06,7.940482922837556e-07,-3.129618469932538e-07,-1.9011214321182747e-07
0.19551264100000001,5.342161369876222e-06,1.4050746139321877e-06,-5.051017697432769e-07,-2.851458142076268e-07
0.30325572100000003,7.393228182700603e-06,2.0776789939785877e-06,-6.998928593349163e-07,-3.805549321189063e-07
0.447756105,9.478463412996212e-06,2.8045920930952038e-06,-8.975976566460986e-07,-4.860581519032978e-07
0.5071916870000001,1.1049242559841453e-05,3.3786504154963107e-06,-1.045735052773722e-06,-5.823824034299619e-07
0.5676607960000001,1.2176108430600122e-05,3.80771193140116e-06,-1.1506411006223516e-06,-6.788829171522408e-07
0.6220436970000001,1.2766109903354893e-05,4.046673699382428e-06,-1.203221929313436e-06,-7.753284005580885e-07
0.6834508300000001,1.2770388037780732e-05,4.070019198823372e-06,-1.1986935988250735e-06,-8.715711393305579e-07
0.7284490010000001,1.2349977022188408e-05,3.930495510098305e-06,-1.1537455923971152e-06,-9.484065185953619e-07
0.745663818,1.2188251776287279e-05,3.874507109757951e-06,-1.1369887452650218e-06,-9.67599349462956e-07
0.794819644,1.1201503297322314e-05,3.5272457166818498e-06,-1.0363453594175454e-06,-1.053947732498889e-06
0.849373707,9.673907746747599e-06,2.9875703684701796e-06,-8.825262064471318e-07,-1.15001608581111e-06
0.9055482410000001,7.815183493051906e-06,2.3404089029852526e-06,-6.965057292029897e-07,-1.246444438579358e-06
0.9510068810000001,5.7787984509172636e-06,1.6529140091404332e-06,-4.93262552470064e-07,-1.3433709099333591e-06
1.0111247060000002,3.7328420432002896e-06,9.963891160688606e-07,-2.8917225858293705e-07,-1.4407611186777742e-06
1.05883235,1.8461250949129742e-06,4.3883016555707905e-07,-1.00649920842244e-07,-1.53839632314881e-06
1.111110671,2.7427603850755974e-07,3.788505993858913e-08,5.7197086511528994e-08,-1.6359313262019905e-06
1.169735884,-8.530277793837091e-07,-1.6505603135499257e-07,1.717972396564349e-07,-1.7330034388326928e-06
1.2209610610000001,-1.4426666154301353e-06,-1.4906750445376423e-07,2.341289887519693e-07,-1.8293549173946738e-06
1.284625624,-1.445683659406074e-06,8.418654487900344e-08,2.3944532812070207e-07,-1.9249243432684145e-06
1.3254595040000001,-8.61360580562569e-07,5.104102882417672e-07,1.8766495457622767e-07,-2.0198622187665266e-06
1.3374143630000002,-6.77401047282393e-07,6.15189283562083e-07,1.7078383629520744e-07,-2.0388000397872838e-06
1.3856538120000002,2.624484035825648e-07,1.0848956459284527e-06,8.340708435028432e-08,-2.1144895156061038e-06
1.4443349870000002,1.8331844051635216e-06,1.7472784206286916e-06,-6.437528665692582e-08,-2.20920835085685e-06
1.500122012,3.721291657356904e-06,2.4279555429713953e-06,-2.4312916990787414e-07,-2.304375351800704e-06
1.5658092540000002,5.770999338061483e-06,3.055447591568232e-06,-4.377334210659001e-07,-2.4001942129837255e-06
1.61795712,7.81324889948351e-06,3.5639016276784547e-06,-6.317440720549072e-07,-2.496664604972731e-06
1.668532028,9.679671315969738e-06,3.899933585176114e-06,-8.087505818377139e-07,-2.5936033165321296e-06
1.7130367830000002,1.1216449801482967e-05,4.028110153091214e-06,-9.53730846076084e-07,-2.690727360504756e-06
1.756409957,1.2296934393706695e-05,3.934538856996772e-06,-1.0542926249801354e-06,-2.787767028049344e-06
1.8057966810000001,1.283199957683347e-05,3.6282471434946345e-06,-1.1016988796797023e-06,-2.8845654110319402e-06
1.8819071820000002,1.2777303022447429e-05,3.1402628060277566e-06,-1.091593693880455e-06,-2.9811294247942706e-06
1.9395714400000001,1.2137011390429614e-05,2.5207647127345465e-06,-1.024374533198369e-06,-3.0776000196499167e-06
1.960561763,1.1727159359342421e-05,2.2502218224437977e-06,-9.824945221836856e-07,-3.1162079363451192e-06
1.9983257460000001,1.0963740177333136e-05,1.8340389101148535e-06,-9.051825340389286e-07,-3.1741826014942013e-06
2.057541568,9.35426932321511e-06,1.1515106918901127e-06,-7.434742823608786e-07,-3.2710532074605895e-06
2.12244241,7.441484615834179e-06,5.441661971638793e-07,-5.522217770836946e-07,-3.3682637163932788e-06
2.1824376190000003,5.176021848556227e-06,3.779668561927479e-08,-3.2613962797078955e-07,-3.4754411184266133e-06
2.229079462,3.154199933880988e-06,-2.2382705918910695e-07,-1.2428997175906176e-07,-3.5728029056025375e-06
2.266686383,1.3407960450563733e-06,-2.678393457149266e-07,5.727577878644752e-08,-3.669753699148721e-06
2.3103023040000004,-1.1461727031727557e-07,-8.991167412455811e-08,2.0402018685583556e-07,-3.7660281925129104e-06
2.3588625860000003,-1.0919613215180175e-06,2.913013179267367e-07,3.042722307444734e-07,-3.86153180681655e-06
2.402048686,-1.5104414923545546e-06,8.361209721460151e-07,3.501723183640948e-07,-3.9563957289922395e-06
2.4403546830000002,-1.3351472034949582e-06,1.4878662526170702e-06,3.383103062137849e-07,-4.0509546353330065e-06
2.4852984890000003,-5.800676230548083e-07,2.178251684407546e-06,2.7001516034186324e-07,-4.145643126926187e-06
2.513121344,1.2735643767524783e-07,2.580745397877642e-06,2.042585980355227e-07,-4.202696198080364e-06
2.530049067,6.927969248185708e-07,2.8346152722085063e-06,1.5127298969019876e-07,-4.240877962550121e-06
2.585172243,2.378540203681254e-06,3.387817635712966e-06,-7.759513254157469e-09,-4.336940769855505e-06
2.6261118580000002,4.338090335287837e-06,3.7795511548227263e-06,-1.9359209890712492e-07,-4.433899071034943e-06
2.6720536740000003,6.409780222415399e-06,3.9684433850213056e-06,-3.9051185751759476e-07,-4.531599089717418e-06
2.7189470260000004,8.422753187329337e-06,3.9343247603480024e-06,-5.818780779431876e-07,-4.62973158663721e-06
2.7726606560000002,1.0046766821700491e-05,3.7149855282738784e-06,-7.359419612606999e-07,-4.718126941624799e-06
2.829279027,1.15061538938278e-05,3.28446565297832e-06,-8.735814072124981e-07,-4.8161673271569005e-06
2.8850841640000002,1.2486820071264048e-05,2.7004494661905956e-06,-9.645922429690756e-07,-4.913893590843239e-06
2.929829804,1.2907829915480729e-05,2.0229559684144345e-06,-1.0010235876878326e-06,-5.0113471179074056e-06
2.96898847,1.2734196109276886e-05,1.3217834397858517e-06,-9.79422277502806e-07,-5.108701257341962e-06
3.0194645700000002,1.1979901584631554e-05,6.697368794177031e-07,-9.011323365282209e-07,-5.206152530316378e-06
3.065919634,1.0998593734732522e-05,2.2952002910866523e-07,-8.016057532200804e-07,-5.284271314626953e-06
3.088934746,1.0707012409591728e-05,1.348079638270439e-07,-7.722080024308298e-07,-5.3038250964330375e-06
3.1418828050000003,9.020568629872838e-06,-2.2726915102514562e-07,-6.029063872592388e-07,-5.401702192958271e-06
3.198806525,7.059832115607656e-06,-3.788969264330778e-07,-4.0682321211793493e-07,-5.499609803551448e-06
3.2570506320000003,4.986701035478569e-06,-3.045215451647307e-07,-1.9975519383041984e-07,-5.5972697894325215e-06
3.307210871,2.9722648702071556e-06,-1.2188894518998554e-08,1.6132374325295018e-09,-5.694402087716811e-06
3.36975178,1.1826946113192947e-06,4.673780849067485e-07,1.8108807120498227e-07,-5.790840696140026e-06
3.424168013,-2.3441073153813355e-07,1.084048305074004e-06,3.2429379726028884e-07,-5.8866213521104675e-06
3.4854777190000004,-1.162110373359327e-06,1.773515766570341e-06,4.1984464282940337e-07,-5.982004076012685e-06
3.542825671,-1.5236737240912234e-06,2.4639334864152045e-06,4.602684711141336e-07,-6.077420520542565e-06
3.618119171,-1.2888592441011391e-06,3.0831994379891235e-06,4.426094727394414e-07,-6.17335682245795e-06
3.6780890260000003,-3.657651301218136e-07,3.6047208797974493e-06,3.584051077032413e-07,-6.279946100213193e-06
3.7326940800000004,1.0029416075107285e-06,3.879132214528387e-06,2.3020676154228426e-07,-6.378001739669368e-06
3.732802661,1.0029416075107285e-06,3.879132214528387e-06,2.3020676154228426e-07,-6.378001739669368e-06
3.792506749,2.760387316268787e-06,3.932508541903812e-06,6.402294028262645e-08,-6.477082593942366e-06
3.849011651,4.7615721922285805e-06,3.758707932208718e-06,-1.2606482457933055e-07,-6.57689495322117e-06
3.897293841,6.841421916398311e-06,3.3753616262158594e-06,-3.23991851902683e-07,-6.677031199213457e-06
3.9598148220000002,8.828445383096791e-06,2.8219463673622504e-06,-5.130325592128671e-07,-6.777100002295425e-06
4.0115502,1.0558878190243212e-05,2.1555868496594865e-06,-6.77178055741301e-07,-6.87684005576101e-06
4.075959131,1.1890131485150414e-05,1.445073145625264e-06,-8.024566091613394e-07,-6.976180030584342e-06
4.142753679,1.2655424352616763e-05,8.28496977166014e-07,-8.729859204414936e-07,-7.0653293976435415e-06
4.183189402,1.2960310398844895e-05,2.3380880136296245e-07,-8.980862140628432e-07,-7.164289228053475e-06
4.232170761,1.2667613601771482e-05,-2.0648417272138869e-07,-8.647903306790994e-07,-7.263344303090753e-06
4.273797581,1.1801169027876718e-05,-4.4644297427324437e-07,-7.754112965052684e-07,-7.362581851216969e-06
4.3109093750000005,1.0432352314945899e-05,-4.6100618301030537e-07,-6.369268998884792e-07,-7.461934899028197e-06
4.326982852,9.768269503622776e-06,-4.0259586934576294e-07,-5.701424400372801e-07,-7.501666291780485e-06
4.352395178,8.674150020154873e-06,-2.4878661341882194e-07,-4.603923586810055e-07,-7.5612011884225e-06
4.398819273,8.848257391922264e-06,-2.3493715130183384e-07,-2.690385830783626e-07,-5.0859113389930565e-06
4.4490569,3.4971092530812996e-05,9.363551565677487e-07,-1.806580934848867e-07,7.386909596161412e-06
4.4913036580000005,0.00017084848264598912,2.687500911816816e-06,-5.583411507581459e-07,2.722284013036555e-05
4.531179239,0.0006931018725659236,4.443425044901893e-06,-2.6100555337027487e-06,4.907274304188391e-05
4.576842085,0.0018354525037834895,5.934974765984343e-06,-7.424165043179443e-06,6.675706851845045e-05
4.621283303,0.003760419849981173,6.952046304867565e-06,-1.5961752803828055e-05,7.478583975296246e-05
4.674055094,0.0065672532005115174,7.472222127422383e-06,-2.8316383486437502e-05,7.071598197948929e-05
4.743600364000001,0.01012225672734211,8.469863830722024e-06,-5.059358018022486e-05,6.408500319031819e-05
4.7910634210000005,0.014047165019994534,9.626581640833305e-06,-7.788736540315089e-05,5.965115746436156e-05
4.841251734,0.0181108969867298,1.0732969448591753e-05,-0.00010382686612409042,5.833995143490096e-05
4.868405478000001,0.02055445063231287,1.1353358090067482e-05,-0.00011970787557868956,5.767302335940346e-05
4.888594048000001,0.022171421787875074,1.1567429666612402e-05,-0.00013121096302770585,5.6697389229473694e-05
4.9448396080000006,0.026141233730006548,1.1566603507138118e-05,-0.00016395654525391823,5.066667007406208e-05
4.9987990380000005,0.029976054836906445,1.067784662356597e-05,-0.0001950183718265608,3.962165497127227e-05
5.057110775,0.033656865836726564,8.037841357155676e-06,-0.00023974866335463307,2.3269808939232464e-05
5.118004085,0.03719861623063403,3.7322507429512494e-06,-0.00038679735197821863,-5.108904860663956e-07
5.174643215000001,0.04060414906309163,-1.3619836081378632e-06,-0.0007233220356525072,-3.2195695773613616e-05
5.256794259,0.04386940313753708,-6.19664111453187e-06,-0.0012837719236697964,-6.823220861990257e-05
5.3045727330000005,0.04699634876142887,-1.0342837072017428e-05,-0.002046231362762607,-0.00010715580253150051
5.360364597,0.04999063712876038,-1.3607688935896564e-05,-0.002947021859213139,-0.0001464995626079547
5.402731725000001,0.052859577531437475,-1.610912562488185e-05,-0.0038967505204842157,-0.00018425207427500006
5.453347949,0.05575671839229038,-1.761797371854514e-05,-0.004800294143200157,-0.00020818034037903613
5.494786887,0.05830053949373928,-1.8023669917565716e-05,-0.0054711875129732634,-0.00021240677543403458
5.51135238,0.05896737619320043,-1.797780163047792e-05,-0.005630062402004032,-0.00021158744823015883
5.558704499,0.062405001287107666,-1.7002594389480825e-05,-0.00631925595384164,-0.00019990725949169173
5.611604145,0.06590290026876668,-1.553380355016421e-05,-0.006741174766223268,-0.0001762110886716376
5.660742926,0.06937116943291516,-1.3599114733660875e-05,-0.006812593090444574,-0.00014423623754977085
5.710720263000001,0.07275085271674342,-1.2582453848715409e-05,-0.0065062017132383465,-0.0001140330224379114
5.766296657000001,0.07596924275912786,-1.2499233678154436e-05,-0.005853505901538103,-8.535106626717437e-05
5.823009851,0.07901212405181263,-1.365424746069017e-05,-0.004951165706201355,-5.645175719648009e-05
5.872962867,0.08189221789561678,-1.5394765522932973e-05,-0.003945588012579382,-2.7110829501334126e-05
5.937515396,0.08462698527186788,-1.72602671561804e-05,-0.002980709899705669,-1.8430154919203305e-07
5.987757736000001,0.08723336880360864,-1.933070099349771e-05,-0.0021047330281207532,2.4565506228581792e-05
6.045904366,0.08983434532075392,-2.0269298778754347e-05,-0.0014450956461870001,4.69520716479281e-05
6.092255583,0.09277591665785591,-1.9901433808701433e-05,-0.0011929734360719424,5.997580184829853e-05
6.092313219,0.09277591665785591,-1.9901433808701433e-05,-0.0011929734360719424,5.997580184829853e-05
6.144485540000001,0.09634029549436844,-2.1433111949527274e-05,-0.001461768350550785,-2.928681705103128e-05
6.186509548,0.10066340902856215,-4.73187298107174e-05,-0.0022544969341248278,-0.000699279055737229
6.23559135,0.10582025225010848,-0.0001426820709254744,-0.003456280094874309,-0.00275607375096126
6.323881996000001,0.11188797234059539,-0.00036134435271393514,-0.004867903200169943,-0.007138645423814809
6.381440990000001,0.11893071996676298,-0.0007500559003722953,-0.006318002579696835,-0.014442265986236361
6.4378031700000005,0.12688200897411067,-0.0013201280685013596,-0.007548814799314241,-0.02438927962462603
6.487453810000001,0.13534044271521742,-0.0020074726429348023,-0.00830800962367273,-0.03565372655020438
6.5366802150000005,0.14456402568137322,-0.00277556270588989,-0.008448319089790823,-0.047705393330170105
6.5966948190000005,0.1525111783655323,-0.0034165959349809864,-0.007898867033771073,-0.05736936059132899
6.657577081,0.1599383118337151,-0.003986592362551307,-0.006788029920804517,-0.06520555862274643
6.716546396,0.1671609218658266,-0.004497782742707086,-0.005319065693939917,-0.070804641950972
6.729109291,0.1686103993742158,-0.004593356213871786,-0.005005380067240051,-0.07163877315938551
6.7696289290000005,0.17449007593751864,-0.004956492262943152,-0.003770827461301196,-0.07405141148481292
6.816390993000001,0.18208458954960663,-0.00537219368752022,-0.002399762960104357,-0.07526498314177264
6.864276901,0.19000588680379565,-0.005778674418994485,-0.0013540373682366935,-0.07504174109837311
6.935744102,0.19833675788205113,-0.006217302031140546,-0.0009320500244086594,-0.07402584263514322
6.981575136,0.2071665281210476,-0.006715796832349027,-0.0013386292776095265,-0.07283709255344395
7.030577242000001,0.216285239275509,-0.007258119320368881,-0.002584546519880493,-0.07197909350653682
7.077050917,0.22545677971862366,-0.00781607414849716,-0.004448878606179485,-0.07149374442746986
7.144442120000001,0.2345879780881061,-0.008379509988269921,-0.00659248978703475,-0.07123551577499765
7.194296410000001,0.24366871906128643,-0.008945200373599279,-0.008651896119531544,-0.07107308488910138
7.2396744,0.25267010579118937,-0.009517877700876825,-0.010361595076672447,-0.0709618355848193
7.300802479000001,0.2612868748856129,-0.010078134459782473,-0.011503607008923389,-0.0709054895437285
7.320602109,0.2646267469388085,-0.010297807112800424,-0.01174143883674228,-0.07090189516663682
7.349226013000001,0.2696253397784878,-0.010630560733512217,-0.011821537710161034,-0.07093940400396592
7.404336208,0.27801273997211357,-0.01120980807589409,-0.011161976292997866,-0.07132935691522842
7.480642767000001,0.28611897601536973,-0.011792799513539206,-0.009602287265052412,-0.0722235570663407
7.541358372,0.2937551604069681,-0.012354098696813294,-0.007430095080807941,-0.07354642264861462
7.596388718,0.30118709088907863,-0.012919742761988595,-0.005006200621141876,-0.07534650535941632
7.644374742,0.3086490594953952,-0.013519095824398615,-0.0027126740473061295,-0.07772812763802277
7.690877181,0.31628647697220735,-0.014164686671525262,-0.0008182370798575089,-0.08059396624775071
7.7282027310000005,0.3241784541675312,-0.014845659521561283,0.0004064458690085093,-0.08353237603272545
7.7786290860000005,0.33228169267761853,-0.015545873237132059,0.0005872445878295496,-0.08621273735268102
7.823103505000001,0.34023856289629606,-0.016227583679698912,-0.0004883514869433725,-0.08842286764391659
7.863737682000001,0.347870062485302,-0.01686904728780294,-0.0026805465835614273,-0.08989053408003099
7.891002799000001,0.3523709532948571,-0.017237145838135924,-0.004356217377300298,-0.09035055511251032
7.921255535,0.3553613291791427,-0.017477544567082292,-0.005557784844967828,-0.09049278515528836
7.967611466,0.36285570518379373,-0.018066409639362457,-0.008637304307242855,-0.0903865441666398
8.009172838000001,0.3704578777772827,-0.018659038409136196,-0.0114459278704655,-0.08989307958017011
8.055353195,0.3782494569348163,-0.019283822588501122,-0.013749034722865261,-0.08944980877443333
8.104985801,0.38630016980495097,-0.01996307071792196,-0.01528543341059363,-0.0894745244555123
8.155732716000001,0.3947501028884559,-0.020715816436588735,-0.015712475884698485,-0.09020056294155163
8.197850649000001,0.4036467286695243,-0.021541151911405054,-0.014776414773722824,-0.09154698163883888
8.24514774,0.41264917133898554,-0.022390383236791652,-0.012568144931661807,-0.09317890703451522
8.292428597,0.4216199526080334,-0.023231254499958134,-0.009523383830049248,-0.09464340970315961
8.337205553,0.43055103934866223,-0.024054115614648,-0.006196445396412065,-0.09558319757483044
8.388619822,0.43946732271940037,-0.024860348949413958,-0.0030762117198793737,-0.09588156777262274
8.419996399,0.44661834699287695,-0.025500378127273543,-0.0009421563327418614,-0.09572705695869617
8.429898045,0.44841432818676824,-0.025660854807223063,-0.00048553387352201494,-0.09564801925163857
8.490905499,0.45838526888594383,-0.026551421870890192,0.0013613561707112032,-0.09505294409117365
8.536243662,0.4656286285765252,-0.027202048441966303,0.001791825095776467,-0.09454829826871336
8.587163911000001,0.4744432869728486,-0.027996371386697173,0.0009941821285485153,-0.09396351952406391
8.640689494,0.4825549197107744,-0.02872844361105677,-0.0012369921694960206,-0.0935137779078479
8.690701171,0.4898158252581167,-0.02938070229841207,-0.004521807327136473,-0.09317685370656212
8.739871034,0.49626730191579527,-0.029960811772663853,-0.008303885011878953,-0.09292800792658731
8.784902171,0.5020027085401242,-0.030475730393709904,-0.012034759617969182,-0.09273290039395193
8.846883835,0.5071236035632866,-0.030934439130978646,-0.0153581418166715,-0.09256808372318072
8.909322691,0.5117605855545247,-0.03134959795467334,-0.017969820547212634,-0.09242398267056888
8.948499544,0.5161023207765151,-0.03173946102277633,-0.01957681085048557,-0.09229842410498071
9.000680545,0.5210348987874628,-0.032187439102352555,-0.01973368984440249,-0.09220114208124594
9.009729728,0.5219659346378169,-0.03227253480390983,-0.019550682142939868,-0.09218940212844759
9.042166282,0.5256952759968083,-0.032614402553600624,-0.018143153301754866,-0.09215794433784277
9.093286673,0.5302194368867823,-0.03303029700205846,-0.014992085871320837,-0.09215763448404189
9.163200265,0.5344341375266669,-0.03341794715124153,-0.010792707769231247,-0.09219487706108427
9.213962875,0.5382716375459308,-0.03377041714783219,-0.006222533422122201,-0.09225670242634111
9.257573021,0.541737426193634,-0.03408833478901003,-0.001845356372913165,-0.09233739507968812
9.307323027,0.5448820206406002,-0.03437574704417641,0.001992967554948488,-0.0924178107960489
9.361569461,0.5478622228686656,-0.034648002074119,0.005068928335868028,-0.09250032969677571
9.421284593000001,0.5511043271491284,-0.03494526684320058,0.006948432187233955,-0.09258752005963541
9.468963696000001,0.5546544777391209,-0.035271947611780465,0.007138482609902352,-0.09267574608514909
9.521341174,0.5582993444573174,-0.0356086871618086,0.005359062660056035,-0.09276003250520079
9.577849399,0.5618169929724466,-0.03593517273397422,0.0019185526112868168,-0.09283687227266015
9.615791392,0.563177327286952,-0.036061679923634335,0.0002384633844170203,-0.09286302791592488
9.641585800000001,0.5652420999033914,-0.036253211005604684,-0.0024399164984915123,-0.09287930095053082
9.695606798,0.5689615733564176,-0.036586816527101225,-0.006975965117332117,-0.09261556501066395
9.746555350000001,0.5733504791808971,-0.03692834138664066,-0.011114569172134936,-0.09126082311626416
9.797106179,0.5784768213145443,-0.03723973748947382,-0.014574341007405178,-0.08799369936633172
9.844131535,0.5839303124481412,-0.03749664498730172,-0.01706797412442651,-0.08292907287284933
9.892862317,0.5897712116860584,-0.03771935247816484,-0.0182054552529054,-0.07632016222803192
9.950867905,0.5955431599881839,-0.037929638743737955,-0.01782145179784511,-0.06963490990974239
9.994868878,0.6020417752717059,-0.03819442046741569,-0.015855635426356263,-0.06277976830411837
10.040688028,0.6082017927659538,-0.03848139124486718,-0.012682668585439094,-0.05727671523739202
10.0872644,0.6138737498214221,-0.03876899536882187,-0.00892993259295849,-0.05323903872476197
10.127857439000001,0.6190949190641372,-0.0390413586958285,-0.005159402301584182,-0.05034147850720674
10.166944975,0.6229860601736581,-0.03924837083536542,-0.0024292176429711043,-0.04864902910796209
10.180869579000001,0.6239224343502945,-0.03929967412357214,-0.001798567913932736,-0.04829658883299035
10.230312907,0.6284068904701132,-0.039542276390707676,0.0009442439039205608,-0.04687023113086825
10.288171872000001,0.6326012261731592,-0.039764888777106454,0.002675773703941342,-0.04588059917687103
10.34004943,0.6365905530684955,-0.03997439644340258,0.002958577440671739,-0.045227993034255246
10.400431277000001,0.6406321366102613,-0.040205624708614746,0.001484141998961741,-0.0450540200915374
10.464452745000001,0.645525785455331,-0.040523670930751605,-0.0018991462481824373,-0.0454689087638813
10.515931982000001,0.6506448284790416,-0.04087869828167127,-0.005847238523815745,-0.046354402019045865
10.565578272,0.6565294143027428,-0.04130074092892188,-0.00990839302767288,-0.047986974402599566
10.614671845,0.6631463566956556,-0.041809147446462955,-0.01357521948098428,-0.05084362024799276
10.664083408000002,0.6699991380622133,-0.04237020950532614,-0.016522543787692356,-0.05479907617991084
10.728059718,0.6766580738686668,-0.04292092051860444,-0.018487673689918327,-0.05922311510812357
10.771315410000001,0.6817350492383057,-0.04332768078987177,-0.019135200252363704,-0.06273248594248851
10.779434128,0.6829755915522063,-0.04342491008221643,-0.019151997873188553,-0.0635855135590744
10.838090869,0.6889977849159097,-0.04388444483669158,-0.018324475452815236,-0.06766395071721437
10.88963975,0.6946995870859126,-0.04430666912780033,-0.016123881227978698,-0.07110544689937832
10.935646252000002,0.6998699178380217,-0.04467715084608928,-0.01336589117892939,-0.07339655463322045
10.993308025000001,0.705765559525024,-0.04508440469958495,-0.009981720094202062,-0.07501605196534575
11.036472076,0.7115384463182712,-0.045485322253140836,-0.006744639722496615,-0.07598583029445201
11.080508135,0.7173669565192115,-0.04588193377348968,-0.0039838676935451955,-0.07637676738123293
11.128608836000002,0.7236360366563345,-0.04628053680154379,-0.0019751038343657212,-0.07586831337773985
11.16818432,0.7306324727603811,-0.04665613351589634,-0.0011522770744523125,-0.07374674320971372
11.213152833,0.7386433480869371,-0.046967848731765634,-0.001860822137782936,-0.06905166800015372
11.262775801,0.7474605633261444,-0.04716278134617136,-0.004043611701019523,-0.061589417658600376
11.304469141,0.7567920093019381,-0.04722094196872968,-0.007185100977915138,-0.05178574332287852
11.312249113,0.7587006243607408,-0.04721637104957033,-0.007868510546554575,-0.04959428776319633
11.345292647,0.7663283173823127,-0.04714856786850314,-0.010615616206147926,-0.040346425092822165
11.385836341000001,0.7755766998460433,-0.04699405740282554,-0.013794150983065134,-0.028358329972008548
11.42940727,0.7842139791844023,-0.04682299015184959,-0.016416242369939216,-0.016575050486984395
11.465852806000001,0.7921560931323761,-0.04667572284894469,-0.018265407743733975,-0.005470771956251559
11.510184875,0.7994740379849845,-0.046570202995008525,-0.019049898199045345,0.004630677654089385
11.545742846000001,0.8065782442488454,-0.04648023013171743,-0.01851453248431545,0.01381920847118681
11.5863866,0.8137475045061456,-0.04638996161545818,-0.016666966292226082,0.021609391790149365
11.634341323000001,0.8211912610561258,-0.046324101422594854,-0.013904971503777785,0.027139438318567223
11.679285821,0.8290849232154165,-0.046299790130235344,-0.010799854822324484,0.030168597841555896
11.72477409,0.8374554540320087,-0.046302889332188034,-0.00785025769719161,0.031084863411627337
11.781183829000001,0.8457993522997345,-0.04630288592549045,-0.005385162596380222,0.030770485376404935
11.800873378,0.849019264437641,-0.04629628660707552,-0.004621714899373575,0.03049370112961292
11.839357421,0.8536823743833394,-0.04627879997993385,-0.003769663178122107,0.030020155201500785
11.898344029,0.8610302942349742,-0.046233667594785866,-0.003296419079271473,0.029160373120858007
11.944942814000001,0.8679173366441256,-0.04618711101058975,-0.004171553303464859,0.02844967167984587
11.988957416,0.8743006021268904,-0.04615423979006352,-0.0063465579754429235,0.02799657814606814
12.035653517,0.8806367002986537,-0.04611368070664306,-0.00948457684056736,0.027833864983591944
12.095824720000001,0.8873900504172725,-0.046039335162823485,-0.012992770070456072,0.02794007863559178
12.152787866,0.8948593881157869,-0.04591818795868751,-0.01626461690797998,0.02817399087846427
12.198300104000001,0.9033117826200365,-0.04575377311574305,-0.01895412389150586,0.02838654552513905
12.246729054000001,0.9127019479173775,-0.04554970630242,-0.020822649909518653,0.028501622460827127
12.305830667,0.9222463897864998,-0.045330672578792655,-0.021452237637346494,0.028565319402892166
12.342563835,0.9314977726822279,-0.045114553296173004,-0.0205120115007571,0.028586945326421916
12.363089418000001,0.9366864301935748,-0.044993075844331584,-0.01920570466188687,0.028584940923651728
12.392193025000001,0.9400263905166055,-0.044914417377775386,-0.018068344867090524,0.02858791097202052
12.435837704,0.9483756661366723,-0.04471353926011113,-0.014582531579679703,0.028619044100982188
12.497389117,0.9572316890700108,-0.04449001234964009,-0.010745871150209751,0.028702021358173718
12.554199223000001,0.9669151340060193,-0.04423197494014891,-0.007150531704016361,0.02885334706753103
12.607909732000001,0.9767922156444092,-0.04396125678953007,-0.004158008218077214,0.02903367012145489
12.665392608000001,0.9861482480617417,-0.04369865219799087,-0.002076720772208218,0.029195959329782906
12.706463484,0.9947988251350348,-0.0434517703289332,-0.0012210081998970113,0.02933186719366797
12.763921037000001,1.0033647422878882,-0.0432061921120112,-0.0017592606633979324,0.029448909149532687
12.809501560000001,1.0122963867612613,-0.04294935911270487,-0.0036101500624726723,0.029557032749993675
12.852451077000001,1.021013677338345,-0.04269887488681591,-0.006369068970449088,0.02965513257448065
12.907597338,1.0294495933711179,-0.04245731489752506,-0.00947572688027909,0.02973247898423768
12.951425632000001,1.0364412168610193,-0.04225386105468063,-0.011853220235042983,0.029791933104716374
12.961643854,1.038254995334485,-0.042200007033851135,-0.012398313373864434,0.029807445203384953
13.00602533,1.0488619748962127,-0.0418782673050868,-0.015007298640103861,0.029903858747882046
13.050440554000001,1.0596172019750572,-0.04154940718704666,-0.016591347995624894,0.02999748271573376
13.098712658,1.0716849137367288,-0.04117911610668628,-0.017026163255565163,0.0300897591519159
13.161165354000001,1.0849753001184186,-0.0407748644664586,-0.01598623684497047,0.030159287378681548
13.211940513,1.0983998161291328,-0.040371444599557924,-0.013580175044275666,0.030223685097148054
13.264403101000001,1.110733928234563,-0.04000043164531031,-0.010281131954532063,0.030262867765685274
13.304402759,1.1219747445737271,-0.03966093926716217,-0.006675728496093436,0.030298278396323444
13.346506377,1.1329925868599895,-0.03932671830405425,-0.0033419107843853935,0.03032714227360911
13.392152337,1.1444213897651847,-0.038983644294297744,-0.0006410649339781971,0.030340114633020374
13.437811576000001,1.1566010572100192,-0.03861441682705635,0.001200697414792784,0.030327546800526347
13.502125874,1.1697235660243508,-0.03821549987460261,0.0018413620683767062,0.03029949729299888
13.502193416,1.1697235660243508,-0.03821549987460261,0.0018413620683767062,0.03029949729299888
13.554980746,1.1839994215210143,-0.03777853124017542,0.0008812380024980637,0.030284057231897584
13.611334984,1.1987163993226257,-0.037326883939143796,-0.00155985525507496,0.030332601583433625
13.664181560000001,1.2132989663653786,-0.03687570830782118,-0.004799982531414115,0.030371905770846502
13.710554831000001,1.2276857772512897,-0.036430592201569474,-0.008134850520188142,0.03042098220484831
13.757266221,1.2419795732821772,-0.035991134161008985,-0.011096730303354008,0.03050873921304554
13.812692443000001,1.2563373917957033,-0.0355491391689079,-0.01344016114424551,0.030583383789583165
13.851268391000001,1.2709866322146672,-0.03509526177700934,-0.014967199159084843,0.03059209786207543
13.892290841000001,1.2862547944574716,-0.03462792409974479,-0.015412178717620129,0.030545135799139787
13.930003776000001,1.3012102097891773,-0.03416535967595161,-0.014599159297081332,0.030535115430131043
13.970802725,1.3146038684390258,-0.03374491989081127,-0.012733329321278686,0.03054487161674247
14.01132055,1.3262247888231435,-0.03337621055764402,-0.010265330390495597,0.03055989429300167
14.019515423000001,1.328355312911469,-0.03330854611436765,-0.009744136448352259,0.030562395294979863
14.046619921000001,1.3353630289522467,-0.033085466302070654,-0.00793285503767005,0.030569112995261872
14.103704889000001,1.344320903862906,-0.032804241337767485,-0.005563101123370884,0.03056550906791323
14.157611795000001,1.3522562426515101,-0.03255736732354135,-0.0036511186765801895,0.03055402579955416
14.207438660000001,1.3595236607700198,-0.03233252312593222,-0.0024669428035904994,0.03053906477735588
14.250454153000002,1.3670014543939215,-0.03210887571005177,-0.0023670397526048825,0.03035639390376723
14.321456447000001,1.3750061499701787,-0.03189517372149577,-0.003535366890286329,0.029658029160461386
14.379639613,1.3828036652325617,-0.03170197883735551,-0.005744336569960096,0.028565983143210957
14.432451979000001,1.3900511011113597,-0.031524885552793896,-0.008523879678872803,0.027349951787099872
14.485445731,1.396663878562429,-0.031363430121313145,-0.01137942420282989,0.02617853039227187
14.526055833000001,1.40268172964254,-0.031218133370936783,-0.013905050205663683,0.025150429027375864
14.570009302,1.4085478665228472,-0.03107089292663995,-0.01590720180884786,0.024367680477673646
14.603023789000002,1.412319908015268,-0.030968412126283394,-0.016715208242638835,0.02407833470342849
14.634627199,1.4150335560511633,-0.030890630008074047,-0.01704307261699134,0.023969296781414025
14.673709519,1.4227831046419914,-0.030660353572894896,-0.016969708710765752,0.023952185938598984
14.709393055000001,1.4319363506428107,-0.030387113177167673,-0.015483245496750397,0.024191525157584028
14.750478559000001,1.4422597350806776,-0.030095613811914477,-0.012765961888335564,0.024469889708600884
14.801196614,1.4535449310656068,-0.02979518962414115,-0.009329231030780538,0.024613752824126426
14.851997812,1.4656015572756007,-0.029487098597179157,-0.005793881939247569,0.02457107382930154
14.892960116000001,1.4783012966354925,-0.029185069045200556,-0.002671419558797461,0.024431253540622887
14.937378015,1.4914508301344043,-0.02912435823542772,-0.00045818489462967626,0.024199697386241937
14.981479559,1.504923364868604,-0.029625039154608436,0.00039064285236511953,0.023976151195469416
15.036932255000002,1.518671629037064,-0.030795040891622133,-0.00039059400757390783,0.02364799702610419
15.10787337,1.5323007609393058,-0.03256567202104713,-0.0026401840683464295,0.022796587521366003
15.150890507000002,1.5429194867701084,-0.03434267572859194,-0.005182866869704261,0.02191533916857982
15.158523985,1.5455324553587695,-0.034831360402625154,-0.005880537170382505,0.02168320895808764
15.199414566000002,1.5583984683235583,-0.03751832020311235,-0.009490793780673301,0.020513525060139336
15.244784826,1.5710262040254832,-0.040572261577794,-0.012919781148317377,0.019371144483267155
15.292800709000002,1.5835384839836613,-0.043942033605755375,-0.015779305467652827,0.01823963382667742
15.348183139000001,1.5960301279645426,-0.047569164275707614,-0.017868792764767938,0.017115551553094546
15.402055594,1.6083624591721264,-0.05136208747685213,-0.018962899932193023,0.01608119297022935
15.460505428000001,1.6198438866220533,-0.055244179566955674,-0.018811327232212793,0.01530604831088582
15.517787619000002,1.63018120635199,-0.059108587473050665,-0.017398137989150575,0.014689714684214443
15.560320409000001,1.6394563264395132,-0.06297649178114074,-0.015021974524243364,0.01426900887810791
15.615213665,1.6483283708483647,-0.06692622069155299,-0.012192240641855867,0.013882158382461863
15.659550987000001,1.6576247847318175,-0.07085074105121646,-0.009417563909502435,0.013508995901161005
15.707215017000001,1.6678134736924564,-0.07450936952612287,-0.007099847711217189,0.013173597729291874
15.707339730000001,1.6678134736924564,-0.07450936952612287,-0.007099847711217189,0.013173597729291874
15.763787241000001,1.6782890304960862,-0.07771063751015368,-0.005460682012218165,0.01303380370967753
15.817993625000002,1.6882969142616657,-0.08039336491845012,-0.004835853261535017,0.013123459149888921
15.876756468000002,1.6983375200295154,-0.0826010656968527,-0.005470182094184151,0.013524663747870104
15.933823924,1.7089412117783769,-0.0843989592235568,-0.0072071194102723,0.014761400496754586
15.986593072000002,1.720202299468396,-0.08580973412437479,-0.009589740431078742,0.017418819330362857
16.037512364,1.733190157218704,-0.08692954101695033,-0.0123392860966961,0.02239889081243871
16.079304527,1.745356958858071,-0.08755177067856641,-0.0145713550557931,0.028934412182786858
16.148037629,1.7578054460413362,-0.08780930550214067,-0.016227032498804972,0.03731228776648419
16.192013224,1.770713724496475,-0.08774261597596329,-0.01704888322899345,0.04712328857311318
16.237938189,1.7842524805685167,-0.08741752320654107,-0.016756020557006313,0.05744635929028148
16.280930261,1.797272693076482,-0.08698389591595787,-0.015275900882346538,0.06690741372198472
16.291003528,1.7997297728968225,-0.08689534730300609,-0.014857159061618996,0.06859802030970494
16.326173762,1.8091931959682193,-0.08654424690236284,-0.012892736037404928,0.07445427670842722
16.377061559,1.8205021516104092,-0.08610936381831934,-0.01008773544911179,0.0796430403476747
16.420253599000002,1.8310471130857293,-0.08568917222184178,-0.00732004639998729,0.08285410157113784
16.469600217,1.8406071474267507,-0.08528812725051703,-0.004936474971782956,0.08480710322721954
16.515134041,1.849219738673487,-0.08490073906208549,-0.0031011939121202703,0.08604162707722966
16.560799374000002,1.8577697355697866,-0.08448041419697828,-0.0020644888436985864,0.08690744291203888
16.61117399,1.8635660131530265,-0.08417858164067941,-0.0021783952249545546,0.08732424295266147
16.656534299,1.870657145059969,-0.08379014356558796,-0.0034998581808860507,0.0878191517122103
16.707894998,1.877892663582954,-0.08337376571606794,-0.005929842923605988,0.08825094524295879
16.754876359,1.88546578318956,-0.08291881575031723,-0.008945339057093937,0.08854382998691644
16.813584123000002,1.8933101220756037,-0.08242609133741931,-0.011990536244401828,0.0886869678583677
16.844416121000002,1.8980731650004503,-0.08211218856130773,-0.013644586140412085,0.08880357430626375
16.877873566,1.9012300337986123,-0.08189602731290561,-0.014640098293853265,0.08894921386355531
16.953495227,1.908884882638939,-0.08135022466048601,-0.016643943485533996,0.08973856313840287
17.010672599,1.9168052362300576,-0.08073348205277663,-0.017757364732604808,0.09172929282783487
17.0591085,1.9237129019932016,-0.08014680766366603,-0.017422857927804625,0.09505728090009899
17.115858609,1.9302348740747644,-0.07955806556014562,-0.015657125505244895,0.10025526089769003
17.175102698,1.9362503523150842,-0.07900094309532332,-0.01270157828174634,0.1071994079346474
17.232704228,1.9417406526366343,-0.07848376865611745,-0.009103552168591489,0.11541643698249111
17.295346348000002,1.9467208083823146,-0.07799659073933361,-0.005404365246361897,0.12464543059115765
17.365275026000003,1.951301712315095,-0.07751081772156698,-0.0020309574056613933,0.13510719183964146
17.418791989000002,1.9559075489339979,-0.07690918062655791,0.0007880923097847159,0.14729221192586234
17.490376118,1.9606969151181426,-0.07613657774880021,0.0026781136830081875,0.16174879650128443
17.525695055,1.963583108498945,-0.0756133263597547,0.003166367330976305,0.1715966353217476
17.551980414000003,1.965529872665396,-0.07523680621614023,0.0031468492322298536,0.1785795700171372
17.625073320000002,1.9707178495400768,-0.07411952660114421,0.0016880674409146534,0.19684887074155774
17.687487043,1.9764394751239924,-0.07270135195805824,-0.0017263531415427913,0.2151506557443379
17.746067405,1.9827551393236313,-0.07095688552895744,-0.006478828238598799,0.2329323015347131
17.812574055000002,1.9896499740943334,-0.0688690424028585,-0.011683187854561683,0.2500434200182269
17.866177928000003,1.9962138126659237,-0.06675096945748848,-0.016148301833714296,0.26481328520537467
17.92198775,2.0034765691271397,-0.0643301386404623,-0.02047099605474989,0.2800565989045966
17.977171333,2.0105198937029507,-0.06194249581643161,-0.023924604208754863,0.2940553221415245
18.02924548,2.0178148356250634,-0.05939873782600612,-0.026333742684128247,0.30754188403113586
18.125363718000003,2.0253075391446944,-0.056735469652855516,-0.027410083529783358,0.3203613566778182
18.194399939,2.032900348786225,-0.05400167107276764,-0.02697309663754688,0.3325180401507736
18.248846813,2.0409680006897077,-0.05102903341244692,-0.02519510279643067,0.3438937709239487
18.248918423000003,2.0409680006897077,-0.05102903341244692,-0.02519510279643067,0.3438937709239487
18.307777601,2.049762927802872,-0.047746917133691134,-0.022608421154273528,0.35351709201089754
18.383633035000003,2.0593949133057428,-0.044158639354601126,-0.019820405299474042,0.3607721149795798
18.457333455,2.0698968368562483,-0.040276246533145786,-0.017312602960911527,0.3655189357453273
18.519293961000002,2.0812967218174734,-0.03608430412640998,-0.015487789238515681,0.36820604382641436
18.569679551,2.093688019681063,-0.03150879644345573,-0.014853810337633,0.3694790964077045
18.622081027,2.1072540931741215,-0.026455063848269532,-0.015776714695354466,0.37010380344637966
18.678530146,2.121395967222447,-0.02113422451534004,-0.018115909736619473,0.37081992580263795
18.749209865,2.1355269400071832,-0.015777700292061332,-0.021265308073577627,0.3716583444829853
18.804184962,2.149535139763486,-0.010436072742858472,-0.024519436028561548,0.372418540878007
18.859860288,2.1634125607265666,-0.0051197234242860365,-0.027423327380351026,0.3729479667404247
18.925249658000002,2.17645430728379,-0.00010934685914740054,-0.029718743687150218,0.3732214577637016
18.938816481,2.178917593551008,0.0008370702355811032,-0.030085810434759108,0.3732547308205458
18.989184530000003,2.188278343245711,0.004434620056596108,-0.031207154509295454,0.3733310513803383
19.061891619,2.199076143854834,0.00859087151289487,-0.03168497817837568,0.373355429474124
19.121082716,2.209483697536104,0.012608104700269239,-0.03099772922213606,0.373377456034131
19.211542353000002,2.219982720556708,0.016670960537714555,-0.0292292609716287,0.37336638272601286
19.301940979,2.2309170190707226,0.020896282974797918,-0.02680400938069938,0.37304525013013284
19.396454153,2.2424310561171885,0.025301823696129593,-0.02428331974526854,0.371975930974531
19.492604812,2.25453214852168,0.02986411117661015,-0.022082814971682074,0.3700068595396314
19.577071982,2.267267137581307,0.03463733259956436,-0.020564437362919574,0.367513294408488
19.669505585,2.280785067709975,0.039720370450798285,-0.020165434703241503,0.3650597310389914
19.781868744,2.2953011516378568,0.04520938289834436,-0.021103539538154248,0.3629200744674485
19.900373144,2.310251271511483,0.05085691270192356,-0.023080000824519997,0.360769323111868
19.942150196,2.316199514724494,0.053085292543725376,-0.024022995970239158,0.3597196491691292
20.022581946000003,2.324861755536221,0.05629695911093743,-0.02547737799051686,0.35771919113793277
20.132047335000003,2.3382374463018816,0.06117640606162397,-0.0278062981393169,0.3532585773485397
20.240498038000002,2.350523774784431,0.06556059049168494,-0.029782333133591132,0.347568398612868
20.338219155,2.3625872646664483,0.06974099317201314,-0.03122447710656806,0.3405521738837041
20.415816644,2.3750957833896535,0.07394578891318042,-0.03187906033785126,0.3323330964103082
20.478985552,2.38842688484568,0.07833244230698479,-0.031539577286383236,0.32360109732290315
20.563377605000003,2.4036395437101135,0.0832887816499586,-0.029996797827699484,0.31493166447202114
20.66067979,2.4175860218630225,0.0878494686058161,-0.027785565356962638,0.3090072281875179
20.722022203,2.4314871039721284,0.09243612370330433,-0.025196966203096416,0.30521571421824256
20.788027373000002,2.4453702074916652,0.09703775821569877,-0.022637037126793436,0.303310396601382
20.853376138,2.4593573153044743,0.10168239823180523,-0.020462937970705752,0.3028113055719829
20.884791249000003,2.4678648896884523,0.1044951194993344,-0.019508666511092843,0.30291513230562117
20.900927439,2.4736113574083145,0.10638653453200568,-0.019068934425667594,0.303070923606495
20.965619998,2.4883889815778932,0.11121522425809113,-0.01879678211227165,0.30361852468561884
21.031716812000003,2.5039897427080873,0.11625945381692054,-0.019775404711541156,0.30410095670068815
21.083608426,2.519843084823064,0.12135046357838296,-0.021703169352411678,0.30425925110374297
21.128042351,2.534616161370935,0.12608402709590874,-0.024053114536974562,0.30429377962252446
21.172264259000002,2.54789406049184,0.13033248081099866,-0.026357483614913413,0.30434318965711543
21.236075164000003,2.560534331487855,0.13437243446484348,-0.02830140394067604,0.3044712964028638
21.293702427000003,2.5732641816198547,0.13842757463010338,-0.029758416952016753,0.3046185934793919
21.332000525,2.5866575476351006,0.14267303602109133,-0.030506592415194933,0.30465189185880975
21.381189253000002,2.599551990457057,0.1467520277527179,-0.030385870057917597,0.30467394429760314
21.43092803,2.61438615188489,0.15147145515005184,-0.029250365679385326,0.3051399650168496
21.482897049,2.6291252657798134,0.15622818825922735,-0.027159001850146414,0.3065935075487752
21.482984167,2.6291252657798134,0.15622818825922735,-0.027159001850146414,0.3065935075487752
21.529092429000002,2.6434348072636067,0.16094283723561317,-0.024425112500007007,0.30942691640478304
21.585067944000002,2.657204613440472,0.1655817583070581,-0.02148078059774927,0.31368909137350875
21.639102797,2.6699275382337775,0.16995239770019485,-0.018694274546441125,0.3189980595038286
21.682362198,2.681264770063128,0.17389594808763967,-0.016417061592459037,0.3245546601804189
21.733861555,2.6913036784263817,0.17739796485530085,-0.014925488547571808,0.3296669822890182
21.773117242,2.7003017540160865,0.18053594790618105,-0.014339615766416292,0.3340437764859962
21.81533478,2.7086738824637258,0.18345362585046612,-0.014861874564719546,0.33760910929107685
21.871974177000002,2.7176939611824524,0.1865879429051374,-0.016849447441450893,0.34041273215360274
21.912875953,2.726136970577758,0.18954036668741087,-0.01959168048304971,0.34255030173789125
21.962084439,2.7349000348240353,0.19268918246521974,-0.02262886132046016,0.34550632533368414
22.020546665,2.7434846665397905,0.19588771256844817,-0.025421253185141324,0.35006364127344103
22.020637297,2.7434846665397905,0.19588771256844817,-0.025421253185141324,0.35006364127344103
22.065727999,2.7516225484582857,0.1990171913574685,-0.027690790956093503,0.35633571316519674
22.120490348,2.759273549389933,0.20202145499225188,-0.029254396369018942,0.36440129908536356
22.162099231000003,2.766483197703271,0.20488498487817075,-0.02979040953136547,0.3744066289546661
22.214737290000002,2.7733228423999603,0.20762180012343995,-0.028991469753353427,0.3864758362626166
22.262367301,2.779572411842279,0.2101402571730661,-0.02681655310959674,0.4003109373620369
22.317655488,2.785162137164092,0.21241479483029996,-0.023604511325614697,0.41611368611143246
22.368530460000002,2.7900991106649746,0.2144525797924204,-0.019919044583884604,0.43443020262758053
22.411916669,2.7943945924652573,0.2162630617247939,-0.0162633861932181,0.4550573431712269
22.467831872,2.798172521195748,0.21790746645518982,-0.013040239594287684,0.47718602725592146
22.513681677,2.8017285674925594,0.21957627817294664,-0.01046064778823974,0.5000288209707741
22.566092158,2.8053752766137587,0.22148878138265535,-0.008914753476007786,0.5228190447051354
22.590535296000002,2.806931801417961,0.22237744121546793,-0.008671316726030165,0.5318246728109273
22.62347724,2.809442421039287,0.22389201713233278,-0.00877155400977414,0.5452231578565188
22.668946654000003,2.814150552843991,0.2269428817854704,-0.010196519604183552,0.56696433383518
22.736707552000002,2.8193913288926127,0.23059933390505574,-0.012887886342002774,0.5874119967803055
22.784129427,2.8251037198881987,0.23483328315235974,-0.016221295413903047,0.6065587705532152
22.839379752000003,2.831259647130549,0.23962946760064255,-0.019576225613880283,0.6245480966644054
22.899691649,2.837851510564366,0.24496918076908966,-0.022529056718674334,0.6415229998688478
22.94831019,2.8450573078705004,0.2509373442420456,-0.02476356148297032,0.6571737021934237
23.000963841,2.8526709793322125,0.25725346080037825,-0.025965972622227662,0.6708297530048464
23.062614871,2.8602832537651754,0.26351202165765036,-0.025799237424353083,0.6821000124801576
23.121714425,2.8680619770541997,0.26984813589806667,-0.02421209273215763,0.6909556273939538
23.171143209,2.8761943091903204,0.27644524924234426,-0.021561530159995845,0.697317511178094
23.200581549000002,2.8813023030165925,0.28061281020660267,-0.0197122749478702,0.7003753554859107
23.220452672,2.884793160310318,0.2834859927202582,-0.018456066265734927,0.7023216396061791
23.265163877000003,2.893711588279298,0.29096490050774837,-0.01547201960427158,0.707471653554978
23.321089620000002,2.902741275228553,0.29877343037068366,-0.012968498358573055,0.7137663015873604
23.371542599,2.9108475999541614,0.3060032261252683,-0.01144120787623093,0.7208355931124918
23.434583987,2.9198650199024203,0.3143061060292606,-0.010939652580588155,0.7303590890172351
23.485020511000002,2.9290860785765913,0.32304939226066026,-0.011958339186079248,0.7415696899084023
23.525695958,2.93828734158241,0.33197579184817166,-0.014493913532222402,0.7533426369505523
23.570184724,2.947152699914698,0.3407103342362778,-0.018107551880617967,0.7642096581045947
23.610528010000003,2.955164923126568,0.34863786495376986,-0.02212550877290631,0.7731574913482164
23.664106896,2.962588555568679,0.3559650281859198,-0.0260232979587679,0.7799931993958431
23.707637911000003,2.970010969988932,0.36325250044520163,-0.029368509091769246,0.7850341215364973
23.75228439,2.976173374978542,0.36932407576456777,-0.03153424831610485,0.7885110831846794
23.763449975,2.9777550816883984,0.3708916596369101,-0.031993378653384696,0.7893886568734617
23.806932679000003,2.9856924490019874,0.37881630524106785,-0.0336761747714488,0.7939755833703172
23.848967284,2.993470541883301,0.38666475398425837,-0.034113257647997774,0.7990337873373123
23.923294464,3.0013445872521505,0.3947036255121444,-0.033125486744844834,0.8045736895668395
23.990639219000002,3.009399697236255,0.4030493035055988,-0.030939453898820246,0.8104003575636559
24.035141519,3.017654288564244,0.4117693282666134,-0.028085871936473605,0.8165376950886433
24.074569614,3.0260906127508345,0.42085816037094975,-0.025133965323393515,0.8230594999948531
24.120442867,3.03457303061602,0.4301403077046239,-0.022505445009476155,0.829686174181276
24.168869348,3.042548608991624,0.4389300032458836,-0.02052078439856364,0.8356792058619679
24.210164993000003,3.049808119911616,0.44694974387818626,-0.0195370896593714,0.840643132402149
24.267983672000003,3.056505472354184,0.45434730664509665,-0.019696906292475225,0.8445445925049427
24.321663864,3.063029630195436,0.4615225559452494,-0.021033069146044303,0.8471436525066927
24.331679745000002,3.0643428367946566,0.4629609811228486,-0.021432868550091855,0.8474796918744795
24.374551526,3.0695501834568506,0.46864809186103884,-0.023402663597061446,0.8482895278921123
24.42431304,3.075703742935966,0.4753516378934578,-0.02636888220665512,0.8484691241387908
24.469779947000003,3.0813013050046405,0.48145405646761485,-0.02938266833414438,0.8482345033752225
24.53450661,3.0863440919050693,0.4869564505040212,-0.032036321462571626,0.8478437038541744
24.575423578000002,3.0908940771544513,0.4919271430332163,-0.0341379790279277,0.8473995659762075
24.612744591000002,3.0952259397043393,0.49667252617335156,-0.035394141404722745,0.8469246577675493
24.661104931,3.0999221530751693,0.501822449043139,-0.03543695112105649,0.8461264366126982
24.712807766,3.1049110410084326,0.507273779487737,-0.0340098237109846,0.8447041999925039
24.756526056000002,3.109735372335754,0.5125366491949015,-0.031183745326360035,0.842862803512342
24.802169796,3.11419541205295,0.5174010132062308,-0.027378828611243522,0.8408565078077763
24.850858429000002,3.118235298957129,0.5218079744701402,-0.02318854816062088,0.8388730248808883
24.865187354000003,3.119366205514982,0.5230425257750445,-0.021937834694382263,0.8383030979170311
24.910021995,3.122209440914282,0.5261469065262271,-0.018755567991234234,0.8368742014737497
24.956205233000002,3.125444312339819,0.5296829880075403,-0.015265895077712366,0.8353142204290777
24.995282399,3.1283822126323515,0.5328927880963131,-0.012481045888302233,0.8339909588351486
25.054556527000003,3.1310900084493,0.5358401492232447,-0.010787780526616442,0.8328453842551041
25.102997236,3.133638973238609,0.5385971051371093,-0.010604615313383747,0.8318149793042708
25.148948025000003,3.136137737994541,0.5413033733046527,-0.012169711862402233,0.8309757604014477
25.189362363,3.138940854955123,0.5443730780809187,-0.015189487089702691,0.8305288954154689
25.229182367,3.1424408099061902,0.548243951465897,-0.018965189207689637,0.8304913409795974
25.266632417,3.1468557294509707,0.5531386783352102,-0.022796513184904277,0.8306981443545343
25.308623448000002,3.1522809926317015,0.5591377201895871,-0.02620169836129904,0.8309108016035464
25.354397292,3.1587127887167004,0.5662054402052022,-0.02880188661530103,0.8309118385381702
25.379030858,3.16302199632793,0.5709245205606142,-0.029799629429303143,0.8308017053949972
25.397029333000003,3.1660820434388364,0.5742716185731297,-0.03018581916095009,0.8306901595371301
25.442779988,3.174444536311508,0.5834073062436774,-0.030050014012871995,0.8303743037608846
25.479849268000002,3.183437282417322,0.5932416107806511,-0.028348569662805856,0.8301440381481318
25.523872317000002,3.192682813458288,0.6033753032685937,-0.025576909810636872,0.8300476398002332
25.576316264000003,3.2020771104406176,0.6136720620337126,-0.022388210338410985,0.8300932713780629
25.620214473,3.2116000257731203,0.6241031352336498,-0.019364919292186644,0.8301969358589608
25.660367673000003,3.2212665783625303,0.6346833255720374,-0.016899178448223418,0.8302715574178261
25.714928381,3.231124932839509,0.645463686772864,-0.015384910146905129,0.8302943790935775
25.768313497,3.2412815853860373,0.6565650072778918,-0.015249936480671078,0.8302714330655225
25.822865221,3.251271706337401,0.6674838634519737,-0.016607710587728364,0.8302281265529952
25.861445479,3.2603663942074737,0.677423640944899,-0.019193963125956115,0.8301984018960322
25.905184206,3.2671788035867935,0.6848703472426328,-0.02178226025349228,0.8301808753579106
25.916979286,3.268845497511319,0.6866920330719722,-0.02246483021451684,0.8301806839751232
25.965366821,3.276277638813131,0.694813245984624,-0.025525952190069923,0.8301977776869228
26.006458006000003,3.2845406036007483,0.7038434200115171,-0.028631696929253048,0.8302253671178763
26.057539566000003,3.2924694503560654,0.7125151789812764,-0.031155493000366463,0.8302699833037924
26.097563243000003,3.2997553978273273,0.7204839211674562,-0.03291860338691477,0.8303232620422788
26.176455642,3.306433757107173,0.7277912387921535,-0.03366266702581977,0.830369796200112
26.228924194,3.3126743168841406,0.7346194983089396,-0.033125139051476515,0.830409026542462
26.289283827000002,3.318371223150611,0.7408540731593652,-0.031247901108793275,0.8304316378305096
26.347537283,3.3237727628976583,0.7467645042085335,-0.028348846398816407,0.830439947324894
26.403093945000002,3.3290202292180777,0.7525065615018981,-0.02495744537301292,0.8304467986801666
26.468808187,3.3339337990929474,0.7578838746846397,-0.02158911469317748,0.8304548251655719
26.521187546,3.338461352920381,0.7628346941267137,-0.018615713485602425,0.8304744693339126
26.521231696,3.338461352920381,0.7628346941267137,-0.018615713485602425,0.8304744693339126
26.558010796,3.3426776640887916,0.7674448970021095,-0.016274796354417975,0.8304916307557886
26.623591440000002,3.3469525600359717,0.7721190800460502,-0.014867942838796222,0.8305078282612975
26.67712866,3.3516915804976493,0.7773035184429605,-0.01471124879030028,0.8305187620612238
26.733997459,3.3570945721117162,0.7832164701613082,-0.015912837665887136,0.830532520740253
26.809425450000003,3.3630341280261584,0.789716850780589,-0.018190755450759433,0.8305524623807843
26.881805161000003,3.3700607722393183,0.7974062431994096,-0.02129539076764453,0.8305730593345685
26.947409301,3.376821078797824,0.8048009454413201,-0.024091506142140284,0.8305836286090956
27.005558084,3.383894558087791,0.8125364635715097,-0.02651018964357088,0.830590346888696
27.076633407000003,3.3912817255705487,0.820614631209925,-0.028193881171128643,0.8305949752432196
27.142165767,3.3990831268201975,0.8291449512387304,-0.028871239682277117,0.8305931970247226
27.202044819,3.4073788755669896,0.8382088129832584,-0.02828092707252905,0.8305174463157892
27.214292102,3.4090675182814456,0.840051248209181,-0.028009670916576357,0.8304737562949837
27.279335918,3.416699559740861,0.8483612820633522,-0.026268370668061092,0.8300288207805027
27.322144299,3.4235092552653215,0.8557355741274173,-0.024222194018504672,0.8290638762353961
27.382285873,3.432094966714378,0.8649270422982911,-0.021434735147287998,0.8266911522294441
27.427152203000002,3.440796523849623,0.8741035601606445,-0.01883569522811457,0.8228920682875808
27.493083525000003,3.449614415605618,0.8832999050878437,-0.01671191923992077,0.8182457838076407
27.559737053000003,3.458411484972356,0.8924540227375488,-0.015420754888428534,0.8137565218845823
27.616750955,3.4668015913729398,0.9012145518233,-0.015256399770794182,0.8100615211257952
27.670455602,3.4746331209589725,0.9094261960666874,-0.016346072478618856,0.8074100914523492
27.734500997,3.4822420399228817,0.9174178599946902,-0.018793133883412194,0.8056406825784183
27.802291448000002,3.488235610919232,0.9237178302508738,-0.021797489417423876,0.8048078502878102
27.87469803,3.493569767138814,0.9293302336671703,-0.025042138049693574,0.8044736625081275
27.897188708,3.495621294825502,0.9314886501253159,-0.02631647397093151,0.8044257267405996
27.927189300000002,3.4987030711369713,0.9347261321363911,-0.028121936727784846,0.8043188090148906
27.980839795,3.504056628379285,0.9403003859861593,-0.03062351977248734,0.8034705584744833
28.035204333000003,3.509945274764806,0.9462867757008189,-0.032307618972933216,0.8008490406330955
28.102669973,3.5166137252817387,0.9528710563901178,-0.03286058789741908,0.7957773485423798
28.171368342,3.5241135182419763,0.9601389352637937,-0.031923742357796825,0.7890038480154711
28.223921003,3.5320175651388808,0.967799801709265,-0.02946297888467897,0.782530403577591
28.279723676000003,3.5400631259042106,0.9757092425387354,-0.02590622645988261,0.7780948188518383
28.332411213,3.5481985978754977,0.9838540143536861,-0.02187276912694458,0.7762395294510455
28.387496093000003,3.556417875939819,0.9921772781838,-0.01798374986932727,0.7765406558433892
28.455422967,3.5647473687770894,1.0006245660074293,-0.014655310662034515,0.7779867680460177
28.518736609,3.573244100518902,1.0091916936814438,-0.012277438698316323,0.7794908717010647
28.556155599,3.5784461931071307,1.0144115910469729,-0.011476266766735521,0.7801988652451816
28.574461213000003,3.581085261673753,1.0170586499836916,-0.011280160336341605,0.7805306149613922
28.635967540000003,3.5901609568479476,1.026190618400286,-0.011679247019039107,0.7819315600475111
28.707363569,3.599393710042091,1.0356178521450525,-0.01373521576240977,0.7846390585779718
28.771410709,3.60830831492359,1.0449320209262982,-0.0171291514416273,0.7894031197945314
28.824357953000003,3.616763410791826,1.0539980574878782,-0.021302608857093563,0.7964306551870487
28.881139334,3.6247770583772803,1.062834623904598,-0.02558421547570977,0.8055145677384296
28.950700905,3.6324551916891594,1.0715416262633723,-0.029479050208962465,0.816190194915084
29.008641226,3.6399333857155076,1.0802388846550368,-0.032664537902451274,0.8278365905258015
29.091712987,3.647336300803258,1.0889835823160643,-0.03502072058771277,0.839520835519825
29.166789147000003,3.6548307589019506,1.0978118235342247,-0.03630724983347711,0.8499868411458329
29.257473112000003,3.6626542003778195,1.1068913510333314,-0.03625812072184631,0.8582495669207001
29.342869657,3.6704263067666822,1.1158001080715494,-0.034838535284116845,0.8643119076339933
29.343235287000002,3.6704263067666822,1.1158001080715494,-0.034838535284116845,0.8643119076339933
29.432988341,3.6782231685526288,1.1246861425275645,-0.03211852566503215,0.8685326478115705
29.508588707,3.684491017339001,1.1318261436368282,-0.029158043086835894,0.8707897945898524
29.579133222000003,3.69014970348736,1.1382798409951707,-0.02621228343147919,0.87202508031371
29.625981823000004,3.695583498979537,1.1444884954510377,-0.023660230197214416,0.8726209149132659
29.694706913,3.700796361152262,1.150467974237492,-0.02167939755727144,0.8730102192848139
29.741103558000002,3.7056923253946508,1.1561076223080629,-0.02059691959537402,0.8733423949857234
29.797834695000002,3.7103337902982414,1.161466179554945,-0.020680587550721552,0.8736247506793707
29.892611479000003,3.71482971040902,1.1666642723435563,-0.02199059769468692,0.8738755305881499
29.958319629000002,3.7193621522304685,1.1719084813649498,-0.024224412942102758,0.8739548809744351
30.025716747,3.7241202533506645,1.1774081664991978,-0.026898869113690105,0.8735995723768403
30.091126489,3.729230040757676,1.1832676646788873,-0.029502825229585694,0.8722900594713425
30.117163596,3.730302727360574,1.1844891945108385,-0.029978467643136386,0.8718575638366931
30.188832187000003,3.7348048463432297,1.189562607632897,-0.031674004259357846,0.8692982171699255
30.251526008000003,3.7409489391649755,1.1963479592266564,-0.033163554875141776,0.8640321168933559
30.320853241000002,3.747692769273807,1.2036805227080476,-0.033577451532459834,0.8568532838942957
30.387943081000003,3.7549278940774373,1.2115251428415514,-0.03259839205259707,0.8491243411585916
30.444326273,3.7622885264455705,1.2195550874672152,-0.030309318870041624,0.8423429087265992
30.489591794000003,3.769622927716967,1.2276086307843554,-0.027142875567148894,0.8368687466906205
30.564757333000003,3.7762175583681725,1.2348346025696118,-0.024020781496802646,0.8325516916785122
30.625297698,3.7836630796488264,1.2428594579452903,-0.02075211816561373,0.8272555241252323
30.68153561,3.7913011283269693,1.2508645867577357,-0.017996922137282212,0.8205139062386017
30.731374371,3.7988464360959,1.2585646211886015,-0.016065815512370296,0.8122114520203301
30.793135824,3.8060526458473416,1.2657762279573994,-0.015237735476640757,0.8030260824431481
30.815386767000003,3.8089183390672123,1.268606784174335,-0.015275777046826367,0.7991442413862831
30.850693238,3.8132651316433,1.2728690491139611,-0.015757068419253395,0.7932010952788314
30.93242104,3.8205264291842207,1.279948003888342,-0.017621592810852515,0.7839292011867514
30.988275648000002,3.827720847268156,1.2869962693820625,-0.0204588815393294,0.7767612360531817
31.043537675000003,3.834514896485501,1.293721129753734,-0.023691464024429676,0.7720095056050525
31.106047748,3.8406962589206763,1.2998901502008857,-0.026819842311669118,0.7690985458465751
31.19136422,3.8462583188555515,1.3054636587177315,-0.02946363312765765,0.7674357672892121
31.254407428,3.8512678461478007,1.3105063329069813,-0.03148033565744801,0.7666056702674262
31.301918199000003,3.855842644616011,1.3151273579604252,-0.03255524377264418,0.7662926588260831
31.342508925,3.860140427114855,1.3194744600338995,-0.03238073236018624,0.7662719145944722
31.384743151000002,3.864160618231757,1.3235366201057703,-0.03084157631324691,0.7663798605043708
31.424551909,3.867848747034115,1.3272543939519104,-0.02815074107857507,0.7665422756238227
31.460143999000003,3.870558677764063,1.3299787183857963,-0.025479266732805206,0.7666717900108361
31.471040634,3.8712035415429726,1.330626612053643,-0.024775245811936575,0.766702779356758
31.517151023,3.874245655167179,1.3336816385174148,-0.02121851840492095,0.7668485156578304
31.564990173,3.877012777093313,1.336459616063668,-0.017906353998407232,0.7669819508259162
31.607272446000003,3.8795490419072762,1.3390070807173846,-0.015080474492737639,0.7671049718890263
31.65031211,3.8818915593222734,1.341364136360266,-0.01310079434755429,0.7672185248864452
31.711270295000002,3.884085546102134,1.3435756228603388,-0.012417918040694809,0.7673211766763485
31.764879222,3.886176263032332,1.3456825252016191,-0.013422948750199448,0.7674183526772068
31.810566609000002,3.888153854299725,1.347667903061237,-0.016098491772870815,0.7674910835743515
31.884949354000003,3.8901669352207384,1.3496683815004495,-0.019931829956679192,0.7674333539524864
31.946706748,3.892706855175865,1.3521641082998896,-0.02464920821899519,0.767188726020574
31.993351247000003,3.895512882655743,1.354898692042104,-0.028743377562053363,0.766834441842796
32.030311976,3.898177234665696,1.3574866118792126,-0.031605877292191664,0.7665312762300112
32.037861283000005,3.8989044243003277,1.3581921331828866,-0.032252202086474946,0.766458948326066
32.081079962000004,3.9029025802022845,1.3620706945208205,-0.034944238993871224,0.7661487199041513
32.133655610000005,3.907493861737844,1.3665305204355607,-0.03641411585287524,0.7659545524972103
32.176681026000004,3.9127345557787243,1.3716197518613933,-0.03629713538151447,0.7658582793765899
32.228409009,3.91853147837345,1.3772415023651376,-0.03452889653319546,0.765794750575862
32.275575085,3.9246919209394484,1.3832018930751306,-0.03151149131525455,0.7657428325042969
32.326217722,3.931112487648855,1.389402558744429,-0.027896880079728237,0.7656788307775821
32.384109919000004,3.937726873137421,1.395786287959266,-0.024334746721214273,0.7656174720642609
32.430130514000005,3.9445097149844166,1.4023334647756052,-0.02124045695868415,0.765560787937468
32.481870574000006,3.951384400267137,1.4089617247987691,-0.018957069611109212,0.7654980619767559
32.528547553,3.9580018301929125,1.4153397141770447,-0.01778267332166661,0.765430605434023
32.572937129,3.964267275247282,1.4213782561640382,-0.01804716191603095,0.7653649156631531
32.586299372,3.965472647265975,1.4225401715879042,-0.018286714356322786,0.7653541481791053
32.634729524,3.9700608311776286,1.4269611723935434,-0.019835548882742193,0.7653228723441301
32.679686592,3.9752462692210297,1.4319545766301496,-0.022863034624513223,0.7652992151647169
32.721577553,3.979916704880225,1.4364500690342925,-0.026596885628773714,0.7652873402493621
32.762211116,3.984349607066104,1.4407172930539676,-0.030391505396624274,0.7652808559027551
32.808665373000004,3.9887640599726497,1.4449682463882676,-0.033807226529241174,0.7652815956464476
32.859165998,3.993307414207755,1.4493458474664016,-0.03654394493594848,0.765295696900949
32.907193257,3.997873234366972,1.453746106114946,-0.03833089088095576,0.7653259820801933
32.946742396000005,4.002340661711876,1.4580503556482045,-0.038800486450641825,0.7653654580649941
32.990704902000004,4.006661790602577,1.4622128746172898,-0.03761371585698614,0.765409114174352
33.030182891,4.010282806650967,1.4657010154764472,-0.035164561481825785,0.7654488959732928
33.088417541000005,4.013953193591703,1.469237876919822,-0.031304625746758075,0.765490459563824
33.106928194000005,4.015315316219462,1.4705507773416882,-0.02956234840312133,0.7655067001804925
33.131142304,4.017248290760264,1.4724139272481247,-0.026872155802413533,0.7655302833523228
33.175827298,4.020201678953479,1.4752613820890796,-0.022448034892638913,0.765564449504668
33.217660495000004,4.022868206878866,1.4778326491200842,-0.018455811160500546,0.7655922008399954
33.268937158,4.025301886095413,1.4801798480802852,-0.015085689425462956,0.7656148637252189
33.325617706,4.027549213420339,1.4823491294499187,-0.012697907006678277,0.7656341742555304
33.368198892,4.0296573252805015,1.4843861962049585,-0.01173763435754438,0.7656517081328695
33.417856163,4.031671591359463,1.486334013682195,-0.012595570682012336,0.7656681864687521
33.465996406,4.033573566449581,1.48817258362219,-0.015204090431570227,0.765684252125218
33.513069424,4.035343699776489,1.4898819209722227,-0.018971208361656555,0.7657025843927805
33.57118873,4.037134490689508,1.4916131011195262,-0.023599064589691743,0.7659369696312928
33.613505682,4.038630201656307,1.4930660703301732,-0.027622191061962953,0.7669189467377643
33.646441337,4.0394734985838925,1.4938915472154637,-0.029800067753612103,0.7681670530439924
33.668340193,4.040015719347021,1.4944261755732806,-0.03113648153128934,0.7693954696670244
33.719796606,4.041310167384822,1.4957189604970704,-0.033900160741361485,0.7743087906172443
33.768557031,4.042527071131897,1.4969581667677403,-0.0355212536971955,0.7820550310419704
33.825385877,4.043687297567599,1.4981465802293088,-0.035576208346445926,0.7919790677799721
33.870274832,4.04479328497325,1.4992664381265055,-0.033864649949452374,0.80283890471629
33.912705550000005,4.045818022953574,1.5002933190846055,-0.030652833867505835,0.8135403039861565
33.959964702,4.046749436592726,1.5012289750007373,-0.026550336653106132,0.8234935791795457
34.003882822,4.047589532806001,1.502080885156029,-0.02220812052544263,0.8324528112672864
34.047959227,4.048348441675164,1.5028583044661141,-0.01811955254833686,0.8404089049732882
34.090402526000005,4.049041857836535,1.5035715763697652,-0.01456171810038831,0.8474932601529639
34.132609735,4.049677635507015,1.5042347371802798,-0.01186539054042135,0.8538917540820602
34.173802397,4.050153676425424,1.5047382746748956,-0.010641072392445272,0.8586551697639984
34.180730167,4.050269077089903,1.5048614711849693,-0.010502375067273584,0.8598147512409412
34.22125965,4.0508468278893215,1.505489665306634,-0.010997286866509692,0.8655452654474897
34.273618285000005,4.051514197098913,1.5062581309647132,-0.013493210213556761,0.8713861667714924
34.316210539000004,4.052344823025382,1.5072674702270983,-0.01749831368518462,0.8776434930433913
34.363377491,4.053379685378353,1.5085914079141718,-0.022184750506603734,0.8845014421099134
34.418496086000005,4.054708637082287,1.51036882910454,-0.02685849922469974,0.8920783598057103
34.46717588,4.056420839485782,1.5127476453462756,-0.031016143847572453,0.9004906458498293
34.51795553,4.058549557741131,1.5157834674418662,-0.034436308261674875,0.9096723209945407
34.57231981,4.061090385687288,1.5194579939727226,-0.036774001204167184,0.9194526526074999
34.612481467,4.063729327068336,1.5233111428733648,-0.03761053698527339,0.9287416161253722
34.662540705000005,4.067051124154479,1.5282021484973611,-0.03687463101041333,0.9395940797288327
34.725947598000005,4.070620415853751,1.5335065586608536,-0.03449160885133007,0.9503072500321357
34.736047929,4.0713501049022645,1.534596180448933,-0.033861767392193376,0.9523682869170671
34.784165866,4.0742919187606566,1.5390000335450043,-0.031026427201003903,0.9601598372423702
34.82883111,4.077890131220405,1.5443853212486904,-0.027170226452565283,0.9685055458882195
34.866868368,4.081275349027463,1.5494347246715823,-0.023466262188219567,0.9751068272116797
34.918278231,4.084411770101208,1.5540897927606157,-0.020255373829349388,0.980037957288505
34.960227411000005,4.087321585405618,1.5584057865892955,-0.017769702141941623,0.9836370094578518
35.034079778,4.090043404883035,1.5624513611467352,-0.016400651429149926,0.9861764412401043
35.088552187000005,4.092630439958705,1.5663103408631218,-0.016564365819627502,0.9878776942377754
35.136633190000005,4.095094931122132,1.5699683537080233,-0.018454748259830955,0.9889795889882823
35.182529073000005,4.097411442306551,1.5733560563072402,-0.02172867009346824,0.9895890426174574
35.227469203000005,4.099623275989422,1.5765296940100697,-0.0257134035706319,0.9896853247769655
35.280786751,4.101800478673545,1.5796235172946647,-0.0297980971479066,0.9893122613018094
35.301788486,4.102681380691698,1.580877811203381,-0.03133747033265788,0.9891089593628224
35.327619572,4.104027496834581,1.582806454865295,-0.03348320020597506,0.9888550956022868
35.367673808,4.106377514343574,1.5862448638690536,-0.03654305860118767,0.9889745589421722
35.40695944,4.108930865612573,1.5901363620816513,-0.038634712769178514,0.9905330902842155
35.466630495000004,4.111754315621293,1.5946405184102104,-0.039343084173646514,0.9942051339941731
35.519153638,4.114892391805574,1.5998289577565372,-0.038330929486217524,1.0001465315523477
35.569717822,4.118240030782438,1.6054899361636434,-0.03568576389304523,1.0077872148136655
35.608865949000005,4.121690914578983,1.611423603698623,-0.031949842595682454,1.016412506315538
35.650984336,4.1251534856205945,1.6174823776237626,-0.027803367302212556,1.0254709218825053
35.702737142000004,4.128471122342239,1.6233836258268368,-0.023829849565705552,1.0344300676623122
35.761190964,4.131551036580119,1.6289191100314655,-0.02037333968717614,1.042745097081977
35.801298604,4.134361995775636,1.6340185889450092,-0.017693933801139816,1.0501425603384296
35.823749144000004,4.13591993582541,1.6368730935718498,-0.016592680259693404,1.0541110842414878
35.844208468000005,4.136911039185473,1.6386993036858684,-0.016123189590348752,1.0565537628861135
35.891792635,4.139260317057438,1.6430524152285024,-0.016061842724332753,1.0619756053305924
35.951032328000004,4.141469589384052,1.6471430997346155,-0.01775293204624928,1.066529023555475
36.026785748,4.143534191929532,1.650922089547419,-0.02091787007338275,1.0701648684458374
36.091765507000005,4.145444937275828,1.6543691208905875,-0.024904807323421374,1.0728926182719754
36.163764089000004,4.147199991897499,1.657497350588277,-0.029051284811291156,1.0747894905559299
36.210391827,4.148811768376804,1.6603510747038657,-0.032848127295698526,1.0759781341845198
36.250832114000005,4.150311633839797,1.6629943141174015,-0.03606377774953795,1.0765909885467002
36.301668313,4.15183266089541,1.6656383223064606,-0.03841248475313075,1.0765181644777124
36.353977655,4.153538844520348,1.6685765649939004,-0.03948793189111943,1.07565128634549
36.396967067000006,4.155556338221082,1.6720449383205425,-0.03889283718816927,1.0740712526690515
36.441404886,4.1573943844775325,1.67522543989222,-0.037148630785352466,1.0725065294508473
36.451429255,4.157882072492015,1.6760742486549722,-0.036556258767497574,1.0721001470308975
36.499750415,4.160469678567729,1.6806140180575269,-0.03289010397394643,1.0701088617868668
36.576650395,4.163271384934402,1.6855782346074466,-0.028575606772549667,1.0683318084625333
36.628126753000004,4.16625504485654,1.6908986966995916,-0.024287528060096264,1.0669209064427847
36.671834884,4.169403981328756,1.696550750950895,-0.0204692135572494,1.0660389403964812
36.712042528000005,4.172705342175729,1.7025117444088445,-0.017488807133496542,1.0657930738573882
36.753189412000005,4.176095724109158,1.7086755015932455,-0.01566320497506568,1.0661426809905634
36.809686178,4.179435370330451,1.714763247809025,-0.015395851364547464,1.0668575008714374
36.849635671,4.1827371780601705,1.7207978675824556,-0.01687416064986036,1.0677147820890915
36.90668565,4.185998031506332,1.7267730483148234,-0.019888960275888157,1.0685701339390181
36.961469023,4.189251036028606,1.7327448294270653,-0.02379441718143749,1.0693439263478302
37.006678365,4.192528050930463,1.738753832319313,-0.027877739211724428,1.0700039498393603
37.00672989,4.192528050930463,1.738753832319313,-0.027877739211724428,1.0700039498393603
37.106552522,4.19619266306016,1.7454589620325498,-0.031902990086466576,1.0706286385026653
37.163882237,4.199602290523137,1.7516924228111397,-0.034857865191976645,1.071133420085654
37.210756769,4.203109080151912,1.7580989599796386,-0.03689621905597684,1.0715826972526445
37.261315556,4.206747581664099,1.7647448062510862,-0.03767276276015441,1.0719718689689897
37.300638348,4.210471089012718,1.7715497704637935,-0.03688942801388384,1.0723324604816222
37.344181928000005,4.214027121544609,1.7780535119009209,-0.03458389706658638,1.0726593068059898
37.389834293,4.217411766126173,1.7842502651261134,-0.031242639118168047,1.0729338719838821
37.431480818000004,4.220699690904835,1.790272485356292,-0.02749899165183467,1.0731485215601524
37.470030926,4.223944692413996,1.7962201520041272,-0.023881325833444822,1.0733086125851872
37.513273049000006,4.227183694986355,1.8021600496717238,-0.02076664419699481,1.0735044437391001
37.555727354000005,4.2304299564482335,1.808146991851981,-0.0183771841125292,1.074004547573016
37.567354061,4.23140679569307,1.8099608555944233,-0.01785536238563923,1.074269422902722
37.592738863,4.233369181138188,1.813630321309126,-0.01715920781163971,1.0750536979063727
37.637228819,4.236714967588961,1.8199865340451817,-0.017199583768967797,1.0774041913969026
37.682783866,4.240133910412603,1.8266448912361797,-0.018822930525880577,1.0814186957427074
37.725452987000004,4.243523405407047,1.8334297911503987,-0.021687913679248494,1.0870369319427162
37.7766207,4.246840347711148,1.8402496981510212,-0.025166233606133903,1.0939573192667091
37.856984988,4.2500556682915684,1.8470250873189673,-0.028667188193477022,1.1017825003238921
37.911263253,4.253116016302254,1.8535909127938917,-0.03171738056286022,1.1099274723549433
37.963508333,4.255987931355828,1.8597885890228332,-0.03413834102060809,1.1177258789352804
38.021121768,4.258674616178537,1.8655552692451904,-0.035639716866252225,1.1248248587399732
38.08027914,4.261240136521764,1.8710063816535003,-0.035887627461526406,1.1311712851262048
38.12713531,4.263780296055475,1.8763654256167626,-0.03467863868862353,1.1367586431838572
38.162593235,4.2652789304331264,1.8795326887414714,-0.03331235504039054,1.139717645503845
38.184676459,4.266265296888741,1.8816271944230683,-0.03218991427469864,1.1415806682274372
38.243883761,4.268692770695651,1.886843647927033,-0.02891989419621588,1.1461886290109418
38.30238155,4.271082505419165,1.892123559673231,-0.02543279755832928,1.1513182199947756
38.361488030000004,4.2734559063641155,1.8975547957154422,-0.022191438191368373,1.1574464947237113
38.420413147000005,4.275823135342107,1.9031828249448537,-0.019498982551541033,1.1646446576443596
38.474541468000005,4.278178081862515,1.908997053292469,-0.017662711812008847,1.1727002736843197
38.536304597000004,4.280767748221512,1.9156367943330854,-0.017131789223188254,1.1822592894969133
38.580184758,4.283151972527406,1.9219385087617662,-0.018278917977001985,1.1913963578911186
38.641901884,4.285490788379782,1.928246608014317,-0.020831423516690317,1.2003554982490257
38.696805328,4.287742226927772,1.934432137063932,-0.02423893803944044,1.208921311202248
38.743321631,4.289897417437491,1.9404593888659005,-0.027891693432672615,1.2170698093457164
38.774148530000005,4.291137929312164,1.9439608667483212,-0.029985756090131876,1.2217081837241166
38.79031836,4.291935462807519,1.9462243153687118,-0.0312766073600701,1.2246627973275195
38.836683320000006,4.29382109833917,1.9516033817169347,-0.034117353834167474,1.2315204887590177
38.896784356000005,4.295575073032882,1.9565763422109823,-0.03619655920057563,1.2375268527708672
38.951012777,4.297233541284458,1.9611826660047242,-0.037158751304481874,1.2425269556371115
38.984644071000005,4.298690759239801,1.9651494240121843,-0.03679185610847502,1.2462805313107348
39.036179999000005,4.300277802120126,1.9694273423178736,-0.03494471614785655,1.249536986269319
39.083633265,4.301828363127841,1.9735981004918526,-0.03187478158286028,1.2516572542998448
39.155233963,4.303343913251776,1.9776844299347147,-0.02813358542774569,1.2526554500120135
39.209152016000004,4.3048182442617575,1.981662372968181,-0.02427641488387966,1.2527415012430703
39.257090188,4.306228079287653,1.9854566731876722,-0.020742021981422387,1.252204131010335
39.303245254000004,4.307597276166525,1.9891382355910716,-0.017782975802908774,1.2512402222798222
39.352688678,4.308969189243152,1.992841197976472,-0.01575840190563349,1.2500431071883957
39.352788111,4.308969189243152,1.992841197976472,-0.01575840190563349,1.2500431071883957
39.402801822,4.310381961671269,1.9966681924650451,-0.015114856189046733,1.2487622463197736
39.440615565,4.311866143709792,2.000701031031028,-0.016193849005833205,1.2475557394297214
39.479978294000006,4.3133919894106665,2.004887823307751,-0.01891044742653103,1.2466448977603333
39.529085867,4.31492917767214,2.0091841749274275,-0.022683778718986303,1.2461619638166301
39.584042999000005,4.31643677829601,2.0134805463561936,-0.026808984322840068,1.2460999243725241
39.638126594,4.317862571860577,2.017615284274829,-0.030708943678464884,1.2463733191526538
39.682110698,4.31918963765096,2.0215177249945726,-0.03405148777347644,1.2469011466050595
39.729155916,4.320417968109615,2.0251706325844956,-0.03661478148749164,1.2475787908366116
39.781458456,4.321570090880481,2.0285985366318395,-0.03804160261836531,1.24830799746337
39.829356723000004,4.3226775340181565,2.031861182879241,-0.03794754219311669,1.2490168768436798
39.877106748,4.3237376754554,2.034965254279664,-0.03617820641720382,1.2496851987546855
39.884695155,4.323941977098154,2.0355628872684175,-0.03564051013065661,1.2498135208603065
39.916409224000006,4.324729067242576,2.037868589721274,-0.03301500900513343,1.2503096435128196
39.961863570000006,4.325648864884527,2.040577953950919,-0.029063887019100343,1.250890869851022
40.005393546,4.326544850486962,2.043235668839396,-0.024932578612213874,1.2514166071579684
40.046373934,4.327463792523035,2.0459772909869227,-0.021095665707421496,1.2518792998282613
40.116539501000005,4.328434760411622,2.048885253088862,-0.01782309208023558,1.2522745696443505
40.186510329,4.329476076162406,2.0520060178136577,-0.015493688347674506,1.252602385794075
40.267286894,4.330599739659223,2.05537010029666,-0.014598110787399365,1.2528685627436553
40.307254406000006,4.331815899697307,2.0590111828570796,-0.015519373472983378,1.2530893682190256
40.351463859,4.333098007866434,2.062853267740207,-0.018209670991796045,1.2532678841399179
40.411538719,4.33440194445354,2.06676422877217,-0.022080557960618474,1.253405018409284
40.476074834,4.335664922785571,2.0705575965283773,-0.026388072924499517,1.2535047998580764
40.501466686,4.336388094840484,2.0727309660817057,-0.028930420313349692,1.2535490232820052
40.520463856,4.336853563086431,2.074130615002196,-0.030531845427681503,1.2535728188667
40.561872560000005,4.3379571735642894,2.077450931573651,-0.03413149801074766,1.2536164589402516
40.623765286,4.338982175604557,2.0805323980561488,-0.03699582610343288,1.2536404716108718
40.679741708,4.3399740389979575,2.0835150831312905,-0.03876525368071804,1.253647260642206
40.730415174,4.341024059897495,2.086676358421634,-0.03903267194441584,1.253635868178359
40.788975186,4.342179673965027,2.0901610227503555,-0.037573974135195476,1.2536090833859284
40.846859064,4.343402121518797,2.093850279184201,-0.03459367878939412,1.2535698224403857
40.905814412000005,4.344612166217565,2.097503135038379,-0.030679273773409732,1.2535190631770663
40.969938078000006,4.345871783170205,2.101305836876964,-0.026066455874626193,1.2534512632560693
41.019158452,4.346953630572559,2.1045728911957426,-0.022144445661558265,1.2533795548502689
41.06290699,4.348047985955746,2.107886161118523,-0.018773502882304616,1.2533013090812464
41.086672879000005,4.348721925101831,2.1099286362151424,-0.01713666519339141,1.2532501386778414
41.105451926,4.349173472468751,2.1112970442303607,-0.016263911133770126,1.2532142236204313
41.147073744000004,4.350294692291851,2.1146948628803277,-0.015061070893304662,1.25312062889297
41.190234663000005,4.351393997705325,2.1180244168052305,-0.015613519802901599,1.2530234480857996
41.230452373000006,4.352440649507151,2.1211905148066275,-0.018012348473583573,1.252928127923992
41.274959358000004,4.3534116568441865,2.1241254872038766,-0.02178191056339418,1.25283705151273
41.331424767,4.354340344959579,2.126939092354076,-0.026189006039580076,1.2528077750510105
41.406480825,4.355276856346836,2.12981509806664,-0.030577167573755837,1.253117058545305
41.474181042000005,4.356249312186704,2.132911842302738,-0.034466329990984645,1.2543790569589848
41.533471887000005,4.357243042105359,2.1362404463573226,-0.03764484007165658,1.256988204698362
41.587621512000005,4.358247573040184,2.1397282678614387,-0.03976328991731859,1.261010116941972
41.656061354,4.359305721889375,2.1435334240464146,-0.04041307281198847,1.2664988012048175
41.707271402,4.360221312960343,2.146927890014466,-0.03968447505535189,1.2719374891499438
41.717236355000004,4.360458355081283,2.14782048885561,-0.039330858692971926,1.2734168268792823
41.771106135000004,4.361674768108927,2.152480749565206,-0.036698769592174885,1.2813390598447432
41.817914155000004,4.362917332910768,2.1573562996560027,-0.033103928899760104,1.2896248400854582
41.865299884,4.3641814379897514,2.162353440830014,-0.029215304709446555,1.297410577750587
41.925435392000004,4.365480175136711,2.1674348725557135,-0.025554159658825126,1.3039961986856483
41.982740699000004,4.366844087054298,2.17264823034964,-0.022449189497153688,1.308952772264622
42.047670126,4.368281740198177,2.17802841657021,-0.02020951589999287,1.3122158139327889
42.113113831,4.369782815600669,2.183589492736906,-0.019278650578530065,1.3140081506497345
42.161324833,4.371331498930211,2.1893006632141354,-0.020010706050020644,1.3147997413187682
42.212373024,4.37284677737626,2.1948215510435656,-0.022398610409081865,1.3150521166238336
42.254388605,4.37432271679595,2.2000828980697444,-0.02595565103538977,1.314978222328471
42.306172652,4.375768543547794,2.2051794285442945,-0.029985797632622546,1.3147314441920117
42.314756355,4.376054300543871,2.2061869829727527,-0.03079441685951656,1.314670465409774
42.359974416,4.377185457220709,2.210193549497764,-0.03388374019158713,1.3144060588234692
42.417210023,4.378550394728226,2.215068189904175,-0.03724738784382409,1.3140524250564856
42.471632232000005,4.379839291852549,2.2197171505929703,-0.03987427443714231,1.313686690145558
42.524213098000004,4.381047682103442,2.2241145529547315,-0.04142905833483357,1.3133096912562057
42.577184833000004,4.3821899652119,2.228300079063921,-0.041524228588775025,1.3129415412991519
42.621741382,4.383276253210518,2.232279255649266,-0.03993726997414715,1.312596365512458
42.668994466,4.38433186716467,2.236149148404336,-0.03687337069428076,1.3123998869968216
42.722478494,4.3853901978643535,2.240073200641541,-0.03287930792197824,1.3126792271379626
42.785660717000006,4.386463560752067,2.24421608814694,-0.028609594958961093,1.314139950611899
42.837553865000004,4.3874436928031795,2.2483006232005076,-0.024982664891516904,1.317245843396417
42.885420234,4.38855944122854,2.2534587712588103,-0.021519048846247557,1.3233580930793865
42.906104091,4.3890164742689155,2.255749803240006,-0.02036996426889759,1.3266282648250498
42.938932631,4.389709030993834,2.2594320287128284,-0.018968359531000845,1.3323281043850816
42.992598533000006,4.390867900590801,2.266189107329287,-0.017775436680952383,1.3435522958085722
43.052492679000004,4.392038898978088,2.2736882121486195,-0.018312625609627764,1.3563586456197327
43.117420675000005,4.393185773596267,2.2816316354861508,-0.020517722181530917,1.3697327965365544
43.175752202000005,4.39426412695555,2.289671279487294,-0.023831130650552312,1.382899869738694
43.269565140000005,4.395356934239772,2.298486302840407,-0.027908084889123774,1.3970049307564227
43.312401663,4.396277703054176,2.3065011426665345,-0.03141035472625686,1.4096678573608679
43.35512217,4.397137553372537,2.3146013763451108,-0.03435027549892722,1.4223566109032986
43.406929537,4.39795110833341,2.322865218439657,-0.03655175577328973,1.435207136980713
43.45638411,4.398725310161593,2.331381068586069,-0.037690551779106074,1.4483217783357265
43.506399567,4.399462235421485,2.340317446227082,-0.03746067140361187,1.4618755455366534
43.539738788,4.399871462605721,2.345827325132452,-0.03662958637293123,1.4701079825715229
43.563096339000005,4.400124983184453,2.349508138539806,-0.03581935076043852,1.4755359354154614
43.624332098000004,4.400679087674124,2.358638914263454,-0.033121829194514674,1.4888076253118205
43.694567654000004,4.401115934295935,2.3676210886660267,-0.029928909360959155,1.5017310590768225
43.74463076,4.401431623550211,2.3764793129250896,-0.026787290743188863,1.5144812939928758
43.795302786,4.4016280843409294,2.3852369770820063,-0.024055113926049754,1.52709483425258
43.843066748000005,4.401714819480523,2.393870168884866,-0.022024693484249847,1.5392362369925563
43.895932898000005,4.401729985617671,2.4023897693110228,-0.020991472358745655,1.550424318145513
43.958282447,4.401719571776168,2.4109545545314424,-0.02128361364525011,1.5602307853500823
44.019784488000006,4.401744529384571,2.4194951006940073,-0.02294409697155475,1.5678023236500886
44.07978825,4.401850599427646,2.42789085271512,-0.025613660105555103,1.5722309731573008
44.127547284,4.4020752454501455,2.436253306566754,-0.028747402003466593,1.5730796802159923
44.165169568,4.402364880922937,2.4430396611736627,-0.03124510552154458,1.5708629647188541
44.174745120000004,4.402453984077191,2.444763741335578,-0.03183186022634632,1.5699084804638141
44.23370569,4.4030021964257315,2.4535994771856804,-0.03444336622734201,1.5629244186698312
44.282954795,4.40369746500199,2.4628055505259114,-0.036406631547631574,1.5528099178349066
44.335995889,4.404505579979428,2.4723683472475053,-0.037379234092857705,1.5406458492022181
44.377012803,4.405392877673174,2.4822368040260696,-0.03702001209072814,1.5275768585558693
44.419301392,4.406294795261879,2.4919502221815,-0.03523016207780161,1.5151085613585886
44.470785888,4.407149677096693,2.5011988858921437,-0.032319367252102604,1.5043933753283456
44.517243750000006,4.407935316257657,2.509967592430843,-0.02884719307026007,1.495937979931854
44.553892141000006,4.40864692594213,2.518413813568414,-0.02536051506938819,1.4899073168914254
44.634806871,4.409300467069651,2.5267303141156114,-0.022262324382442356,1.4861154686096638
44.697900661000006,4.409908197856933,2.5347485846427467,-0.019802526631533035,1.4838710042839098
44.763437226,4.410489201258908,2.542247008259193,-0.01826124960830411,1.4824957305011925
44.763610232000005,4.410489201258908,2.542247008259193,-0.01826124960830411,1.4824957305011925
44.809382146000004,4.41104902094006,2.549253955788794,-0.017984663269499768,1.4817003009323073
44.863947773,4.411572162356317,2.555816037715579,-0.019163013916229432,1.4811459464090027
44.907527235,4.412026014815655,2.561779901462603,-0.021656909592489892,1.4807542390707429
44.947806867000004,4.412410913649281,2.5671374074944406,-0.024990117343405283,1.4804865221909338
44.992686038,4.412749810149425,2.5719454199116343,-0.028578593757032644,1.48027376374303
45.032577084,4.413057655866439,2.5762892892032836,-0.031923006304527934,1.4800858986700578
45.077347586,4.413343096057986,2.580253978471512,-0.034731517312473814,1.4799158079631312
45.122485896,4.413615466999394,2.5839333114819105,-0.036729729813746226,1.4797591284746168
45.162946079,4.413879874028883,2.5874092235814867,-0.037515954839114296,1.4796097900256768
45.211192448000006,4.414137268565685,2.5907494942280738,-0.03670338379150928,1.4794676537216567
45.248642834,4.414377947320912,2.593902628692476,-0.03420470785301355,1.4793385380845734
45.259683071000005,4.414423499433713,2.594506273300652,-0.03352847311062357,1.4793139881094344
45.323213364000004,4.414596798270381,2.5968218744610896,-0.030391925912433337,1.4792194312396494
45.382325997,4.4147951080900905,2.599487870774959,-0.025913831243747576,1.4791078876951036
45.449534423,4.414976319597053,2.601913163481269,-0.021375511328571073,1.4790032683880647
45.515998333000006,4.415145471917179,2.6041267698476305,-0.017236293778981282,1.4789044554284894
45.573353951,4.415303820262842,2.606164591663495,-0.013720577574271142,1.4788111937915087
45.626860261000004,4.4154533239987135,2.6080617398785195,-0.011196337161456293,1.478727074270244
45.683443419,4.415611546853568,2.6100412968241526,-0.010149995154090763,1.478682429296868
45.744452321000004,4.415811354308971,2.6124893299963836,-0.011044531135917413,1.4786900870307984
45.826732431,4.41607164720418,2.6156332913273834,-0.013865225812676574,1.478757292441838
45.886920162,4.416404482806791,2.619561901380907,-0.01798299344880716,1.4788636117296474
45.942335892,4.416811456152866,2.6242623590662535,-0.022538940543883168,1.4789792863842206
45.973802340000006,4.417089921925599,2.6274339498809227,-0.02519757260879918,1.4790418798648113
45.996353488000004,4.4172886798878,2.629687768897312,-0.02687495557500641,1.479077708788957
46.045847183,4.417830235278466,2.635791110717838,-0.03058662169971349,1.4791462637425037
46.106046316000004,4.41843088720532,2.642503948114863,-0.03338877457324041,1.4791916282334456
46.166190050000004,4.419061429566461,2.6494976361699343,-0.034959628301432955,1.4792237597139386
46.219252724,4.419689357580189,2.656440727145238,-0.03499886502813976,1.4792592354394614
46.265344634,4.420292709064062,2.663113951073989,-0.03347698821860501,1.4793031882160799
46.327755521,4.420848974646516,2.669291128606146,-0.03076034890622137,1.4793558651048693
46.390969887000004,4.4213564586637455,2.674943889216375,-0.027451903523834642,1.4794137254831188
46.456550764000006,4.421841596983701,2.6803448108874304,-0.024101418340375713,1.4794755145733578
46.513899759000005,4.422326137174856,2.685733398221307,-0.021131710138341364,1.4795427200124254
46.572385318,4.4228002549413885,2.690982074138495,-0.018782020934266286,1.4796091265259976
46.621736105000004,4.4231666585992375,2.6950200041408268,-0.0176200998090571,1.4796583641126115
46.631194098,4.423256175923391,2.6960047378600063,-0.017457262393882678,1.4796705060454607
46.695628585,4.423692940261215,2.700806311547772,-0.01754834568424779,1.4797313577521258
46.747747996,4.4241038831296144,2.705330898023537,-0.019222079802616254,1.4797891774052543
46.802013078,4.4244947949704105,2.709649576749716,-0.022166839172568897,1.4798451562407953
46.859677117000004,4.424896328071298,2.7140909869232965,-0.02578735463764581,1.479897130363102
46.916410524,4.4253329422671746,2.7189143372146285,-0.029487778618324967,1.4799476527619753
46.973645808,4.425818500506165,2.724303943840425,-0.03275678050263364,1.4800143338171934
47.02814586,4.426352753390881,2.7303349016624585,-0.03536798315042711,1.48026415206973
47.083607305,4.426921706630456,2.7370263636118004,-0.0369450681978426,1.4810371673008869
47.139876663,4.427505675487776,2.744468859589532,-0.0370861893447344,1.4828597555636367
47.192649228,4.428060153403071,2.752643239723646,-0.03559293825263621,1.486437807685849
47.257443161000005,4.428532797569253,2.7613631699929213,-0.03273083059987514,1.4923913822191215
47.257807886,4.428532797569253,2.7613631699929213,-0.03273083059987514,1.4923913822191215
47.317033523000006,4.428888606513008,2.770509589460298,-0.029123300569362853,1.5007940539211897
47.373451917000004,4.429114710796522,2.779972694962961,-0.02543436915119468,1.5112919142022483
47.436503937000005,4.42918776795286,2.7896922997878972,-0.022134039889737056,1.5233762536619
47.500149191000006,4.4291029099396315,2.799654467301823,-0.01955249718488794,1.5364733463996947
47.575467337000006,4.4288854546012715,2.809853871686317,-0.01803173954020265,1.5498834339864342
47.642875984,4.428566988433931,2.820342668298787,-0.017881355690568812,1.562884612312763
47.704977823,4.4282253062203525,2.8310946256678906,-0.019248187617382784,1.574495844005673
47.758169401,4.427936264539269,2.8416946198528334,-0.02185194791452305,1.5834245372704219
47.812967163,4.427731284494387,2.8520130702784305,-0.0250857798668338,1.589417645301448
47.878677954000004,4.427598540974329,2.86206984219557,-0.02838723761756401,1.5929976310472982
47.931171152000005,4.427511768476287,2.8717803379729308,-0.03128066776310623,1.594940319730902
47.945322052,4.4274971572057416,2.8736478377354366,-0.03179067457370255,1.5952045966748902
48.002247855,4.427442943183355,2.8808098237082325,-0.03357422404726418,1.5960210897202465
48.050558075000005,4.427379096297653,2.8890896094482152,-0.035042744588914876,1.596683492355097
48.103750670000004,4.4273182968290214,2.8967871427648135,-0.0353925355191792,1.5970897758210596
48.160976468,4.4272593957951925,2.90400346390801,-0.03440741304051187,1.5973088739566448
48.215066804,4.427200119028467,2.910724255258697,-0.032217917593201806,1.5973726610132906
48.273642869,4.4271266697065075,2.917249933133601,-0.02924647940021119,1.5974795285157577
48.324729973000004,4.42700784712247,2.923843961838398,-0.026018966412605704,1.5983000771232763
48.37652498200001,4.426793701166556,2.930749121057303,-0.0230034053526329,1.6008093450180905
48.435833229,4.426426334695134,2.9381861876308224,-0.020520718157690965,1.605880122108819
48.488847263000004,4.425860514600671,2.9462386731124033,-0.018894590160589586,1.6138510701186357
48.538923119,4.4250691213417515,2.954946532934319,-0.018533354989171524,1.6246250148557584
48.562462509,4.42468535404331,2.958646525645343,-0.018810781681958155,1.629655080476581
48.597452857,4.42404236399197,2.9643655229292905,-0.019666672246761774,1.6377540091825928
48.65142945,4.422813808917718,2.974117432788043,-0.022042910377782943,1.6521386255242019
48.711062342000005,4.421412484183378,2.98395269899538,-0.02509382087403922,1.6670856246211394
48.752446325,4.419939230611143,2.9935038468365303,-0.028238022495456705,1.6819361909334094
48.798927247,4.418515631648468,3.0023892614014334,-0.03103823136561701,1.695976594024349
48.850981538000006,4.417200622861893,3.0105033221893707,-0.03327614944910828,1.7088244606936207
48.904726265,4.416030154863556,3.0178756786059444,-0.03471755833453949,1.7202572175459772
48.964815081000005,4.414984660477599,3.024674414162776,-0.0350680359270793,1.7302377020512927
49.013932293,4.414020709005626,3.0310506673066553,-0.034141182661585945,1.738786742303326
49.06449631300001,4.413147605816025,3.0368571333463383,-0.03206142291039682,1.7457592338276506
49.120389507000006,4.412355871836642,3.042129806136378,-0.02921921826105256,1.7512760199973973
49.16870599000001,4.411772851517681,3.045999355567917,-0.02671594225625551,1.7547271868017307
49.177833680000006,4.411633397464254,3.0469220854924255,-0.026086977666848643,1.7554698767132988
49.241612798000006,4.4109620361562705,3.0513506590641377,-0.023091795933704584,1.7585230738631614
49.3087893,4.410307370150674,3.055728516573018,-0.020508238392140443,1.7603294432192678
49.378625846000006,4.4096527242858325,3.060103942302759,-0.018665240737435917,1.7610831659896924
49.444994242,4.4090106612626405,3.0643767982200125,-0.017971295535125775,1.7611278558293824
49.501649991,4.408389722214989,3.0685177318490227,-0.01872220009914738,1.7607869216437333
49.551916797000004,4.407819446846076,3.0724127919045707,-0.020887444713362013,1.7603189139765085
49.607873911000006,4.407305662565278,3.0760019189413166,-0.02404185852545282,1.7598606038804772
49.664237562000004,4.406839094541397,3.0792896037695017,-0.027622964055452504,1.7594382148669871
49.713196302,4.406437001761445,3.0820708911419024,-0.030770826676742802,1.7591521664498087
49.775804549,4.4059458144692,3.085276149817729,-0.03386507455498455,1.7590427944965414
49.830061068000006,4.405345107762866,3.0889111821491286,-0.03630092744278113,1.7591881021122293
49.830144298,4.405345107762866,3.0889111821491286,-0.03630092744278113,1.7591881021122293
49.869942552000005,4.404590831539279,3.093203526055257,-0.03769287080269812,1.7595568068127736
49.909441498,4.403670219184513,3.098300483010399,-0.03761602543091469,1.7600219011384441
49.953520887,4.402604416865479,3.1041506350342964,-0.035829544771720845,1.7604330551723701
50.005167768,4.401431678855513,3.1105626727559454,-0.032585309383271865,1.7607097763755817
50.05718705,4.400172123556598,3.117408780412055,-0.02850577791977016,1.7608542062955204
50.099197672,4.398836444534293,3.1246151926024313,-0.02427788958807242,1.7609172571378295
50.13893945900001,4.397429977381216,3.1321455397312516,-0.020429302427777296,1.760954886492549
50.183792233000005,4.395952709566309,3.1399843409167243,-0.01728158558210069,1.7610116999522802
50.235884793000004,4.394250020366434,3.1489494013232644,-0.015033654793169537,1.7611052584230997
50.284972057000004,4.392626117054051,3.157464749397919,-0.014494511566134904,1.7611983450608786
50.330314369,4.390944173025848,3.1662785666196447,-0.015652609608976076,1.761309045668511
50.340709252,4.390615976159232,3.167998954750238,-0.01607891620579449,1.7613293297766517
50.391649532,4.389359364954227,3.17459333797921,-0.018326120709937,1.7614030649213834
50.45827902600001,4.387928215602792,3.182115205045031,-0.021958008947406404,1.7614751155468766
50.499346178,4.386646728882204,3.188841975238912,-0.025884857441031084,1.7615147422760276
50.551766568000005,4.3854977632292,3.1948506137918096,-0.029582246443167426,1.7615296089024155
50.596158924,4.384440427986771,3.2003634827376732,-0.03273193660483942,1.761532822650688
50.651312182000005,4.383389745912722,3.205824097582334,-0.03507132359843945,1.7615329842105267
50.700660065,4.382395576010908,3.2109896911834084,-0.036213868930316306,1.7615301040450353
50.757031226,4.381183578806578,3.2172925419344134,-0.03609793941826278,1.761523952618782
50.807228272,4.37986093212218,3.224178627114915,-0.034351396116191646,1.7615139917367097
50.860871465,4.378465423155877,3.231442848412574,-0.03120546071273389,1.761497096550707
50.904931656,4.377017630463598,3.238973111122363,-0.027235008186084264,1.7614778065203252
50.927644782,4.37612872250226,3.243593032547066,-0.024735297674602474,1.7614679439302368
50.950226126000004,4.37552880269224,3.2467124152057942,-0.02310753581930247,1.7614634810998822
50.995087357,4.374004504454621,3.2546556396381994,-0.01934046264843292,1.7614553236984472
51.044250561000005,4.372441029037494,3.262811388512178,-0.01628912228087198,1.761442581603777
51.084072611,4.370839273023064,3.2711804007695506,-0.014308695453320919,1.7614048672822065
51.132033528,4.369184827705089,3.279824620432767,-0.013742244859689223,1.7613506034069977
51.179341847,4.367453306257802,3.288874872787346,-0.014851907092123806,1.761293475180728
51.228915087000004,4.365750931828195,3.2977814661117497,-0.017470002721839517,1.7612412451745245
51.27880651500001,4.364182102929375,3.30599847976359,-0.021051972046810197,1.7611961173357682
51.332960111000006,4.362724616857178,3.3136267695760195,-0.02492921332565934,1.7611588028499796
51.384398834,4.361307296427067,3.3210343064851777,-0.028546828162668292,1.761141192426909
51.425346178000005,4.359881902134776,3.328461534077764,-0.03157445807205017,1.7611443517507586
51.46473266,4.358714660081548,3.334531211712522,-0.033431732250644886,1.7611253278728451
51.474141022000005,4.3584182115703225,3.3360760128996865,-0.03379828090092041,1.7611006295289124
51.537012649000005,4.356903341272992,3.344033228099681,-0.034915855335499346,1.7606802402842607
51.5778875,4.355316636044497,3.352563060304598,-0.03461467700028786,1.759470440951574
51.624506703,4.353707915726518,3.361464479653181,-0.03281335457786594,1.7573268466241705
51.675867075000006,4.352124756070467,3.3704587794629326,-0.029867530311376234,1.7543912730316067
51.731451087,4.350413692905428,3.3803585229975925,-0.026022540461957178,1.7505826780359168
51.794438773,4.348882503022926,3.389357972078855,-0.022603598371184308,1.746867242318783
51.848814899000004,4.3473651550173615,3.398393324043577,-0.019628140540415617,1.7431076802501093
51.903211639000006,4.345858344582428,3.407497842399209,-0.01744694735081853,1.7394092251672428
51.941863243,4.344357812717516,3.4167331313735287,-0.01634240520720598,1.735746330567659
51.986851052000006,4.3428380369078585,3.4263023163998105,-0.016657186547957004,1.73200301334579
52.02505517,4.341618370729249,3.4341081597988343,-0.01799147990990524,1.7289280474723925
52.037428923,4.3413171745272985,3.4360499090536747,-0.0184577275168899,1.728168248778779
52.079272417000006,4.3398439242114994,3.4456339967397818,-0.021360674407248648,1.7244690297403835
52.132512312,4.338427934959835,3.4549912930948583,-0.024750335485505093,1.7209508867476617
52.182287699,4.3370625602809465,3.464157413220012,-0.028094411073925296,1.717577806315833
52.223729652,4.33573671935166,3.4732117007102805,-0.03093909833600006,1.7142747537336298
52.270933698,4.334437381333439,3.4822418495510323,-0.03313596895493265,1.7109545836232802
52.321744864,4.333145528221142,3.491364626045918,-0.03440263547299416,1.7075345296494298
52.373494955000005,4.331829210956625,3.500817689837983,-0.0344433641550389,1.7039489455320838
52.428430329,4.330506502225579,3.510525301950872,-0.03313621843716119,1.7002499508252789
52.496779375,4.32922571731056,3.520142725758338,-0.03074090631620996,1.6967088876430256
52.553882805,4.328032866287267,3.52922274815738,-0.02774119672005937,1.6935173238578969
52.606913167,4.326948464595454,3.5375042535040815,-0.02463595349238845,1.6908369536513428
52.619841059,4.326744843987561,3.539062908821792,-0.02404151979121416,1.690367227077
52.654118052,4.3259685663523975,3.544991463998676,-0.021830104509959036,1.6887223758297576
52.69327613,4.325078671987273,3.5517637421897477,-0.01955084517938155,1.6871764322849407
52.74807439200001,4.324346200436798,3.557322771028843,-0.018198087544424646,1.6862233288482649
52.791962743000006,4.323593171969297,3.5630551921114266,-0.017813630881074016,1.6855394588440855
52.841448802,4.322875907210338,3.5685205286799517,-0.01890552346575025,1.6851911008263634
52.88907368,4.322167524267823,3.5739261734445,-0.021427847698061386,1.6851014523947363
52.945790111,4.321458069246965,3.5794997894729526,-0.0249093649797959,1.684724172725378
53.0071755,4.320768420590407,3.5854445266665924,-0.028702037095121535,1.6831853040056417
53.076851434000005,4.320123627748273,3.5919049201536946,-0.03223272964821444,1.6798158400183714
53.136544389,4.319542945580853,3.5990008672492033,-0.035159559510194005,1.6742662240691402
53.195815533,4.319028419983155,3.6067649223573666,-0.03723759545473315,1.6666093786891671
53.218197700000005,4.318837758673458,3.610056306976034,-0.037748437058817697,1.663033164408483
53.283943406000006,4.318562061446133,3.615212277220211,-0.03809535896562233,1.6571667703011101
53.35211519600001,4.318132681084029,3.6243960491762266,-0.0374376950543589,1.6463445484938446
53.427455393,4.317766138410065,3.633952538075775,-0.03533776577456793,1.6350537600682453
53.481856839,4.317483978514831,3.6436188312099977,-0.032265807466003604,1.6237812185951617
53.558872365000006,4.317299397272997,3.653333907284603,-0.02884892080222834,1.6124983958577408
53.642484984000006,4.317240773184519,3.663132272246818,-0.025630387786830577,1.6009843109638477
53.73013713500001,4.317328368609213,3.673061074555623,-0.02293462005585356,1.589179065086238
53.800214148,4.317552582080064,3.683124582960128,-0.02110283819641301,1.5773010072015783
53.855085232,4.3178743668119415,3.6933608359945245,-0.020433145348421333,1.5658270936045686
53.928866007,4.318228306415066,3.7039185134621815,-0.021195094421972316,1.5555101721686933
53.987786056000004,4.31853843039808,3.714492761926092,-0.023269840023857125,1.5475140552818558
54.020375877000006,4.318683413227901,3.720602395721687,-0.02494673296273542,1.5440761063240673
54.038798291000006,4.318765399466681,3.7245089170678822,-0.0261638053873382,1.5422866568548208
54.102281179,4.318930433831029,3.7336142280945634,-0.029319205392446035,1.5392260799723432
54.16322348200001,4.319051966539434,3.741757917246375,-0.03226955799629627,1.5376876634795318
54.223405918000005,4.319141785134181,3.7491954811385426,-0.034715605436917096,1.5372558132188152
54.290394295000006,4.319212314473124,3.7564222584721163,-0.036453135070717235,1.537725749061614
54.346976406,4.31927333299859,3.7638250500702997,-0.03714781419793611,1.5389784173635765
54.426065398000006,4.3193353997115045,3.7723452881317328,-0.03638416720377924,1.5412631289136298
54.477631492,4.31939014074098,3.7798609316731078,-0.03427201630905552,1.5438653046111592
54.537665104000006,4.319441653058992,3.7870977630057294,-0.031134855279812967,1.5468456922580136
54.617070118,4.319475950132933,3.7942776267100404,-0.027493057963305256,1.550300770173725
54.673335618,4.319464086763809,3.801582274470532,-0.023899558434127388,1.5546191929997621
54.709135046,4.319398641866342,3.8076331939959465,-0.021319809680146795,1.5590978600482028
54.726906869000004,4.319370676537847,3.8091895443229276,-0.02073603203966723,1.5604116982846388
54.810258353,4.319142623774973,3.8172849407551332,-0.018324987281943872,1.5683009314521172
54.900212466000006,4.318738232455101,3.8259331137023205,-0.016998421706425848,1.5784186708633068
54.969800851,4.318147744706833,3.835246644946473,-0.01714294976602926,1.5905106630870884
55.021543227,4.317422495312052,3.8450453208454696,-0.018820277538853403,1.6034712986596331
55.104593394000005,4.316645363699953,3.8548107716774074,-0.021633657740838697,1.6155476666351443
55.173871459000004,4.315960317394579,3.8633956403264493,-0.02459745379838374,1.6247630541928886
55.218750215,4.315256133366624,3.8727527076720776,-0.027856775472244855,1.6327550256466887
55.276926097,4.314635955029822,3.8818965149000673,-0.030671024833728855,1.6383768046913558
55.331491524,4.314096553065367,3.8905165076464585,-0.03287737584958372,1.64218445711736
55.390028525000005,4.313622526046572,3.8987517183955767,-0.03422607765571828,1.6446438335657636
55.456560737000004,4.313172292567379,3.907048887695652,-0.034441734030019266,1.6460300237920553
55.468028194000006,4.313080783692875,3.9087442525950404,-0.03432992870113627,1.6462360406884753
55.504088062,4.312698986404943,3.91559131807955,-0.03337145666655261,1.6469818398971623
55.54334516,4.3121686523600005,3.924217471262995,-0.03120729557537827,1.648102419645607
55.587507341000006,4.311545898772027,3.932912228806253,-0.028401297339112452,1.6501840256961653
55.636941658000005,4.310792933909148,3.9417548413849177,-0.025457678431150543,1.6540929766399108
55.684746799,4.309756709850903,3.9518097687429807,-0.02254983973984659,1.6612451124124186
55.731089425,4.308592674136809,3.9612768734016552,-0.020581944471884883,1.6703920579386693
55.771559461,4.30724351490913,3.970882089361064,-0.0196053197296141,1.681510172759142
55.812447183,4.305796589511034,3.980419342269622,-0.01991920051035223,1.6939288778449035
55.86202719400001,4.304359715406522,3.9894839156042146,-0.021579593440917866,1.706576672904269
55.921310184000006,4.302966771594587,3.9978960559314247,-0.0242728316510904,1.7185047315544832
55.974258683,4.301542384268431,4.005951427483482,-0.02750384578906051,1.729863404463955
55.995880294,4.3009484887029945,4.009129549174694,-0.028831139787298343,1.7344062955359165
56.018884605000004,4.300021244818813,4.013904091225913,-0.030755469213876507,1.7413062411781652
56.065418226000006,4.2984047361827,4.021820112524779,-0.03357553999160501,1.7527591096027246
56.122167194000006,4.2968095379002476,4.029421633368325,-0.03579343075368824,1.7634415059628303
56.183792731000004,4.295113439485647,4.0375063880565945,-0.03717366068862671,1.7740118618183351
56.238607778,4.293879353090341,4.04349171391134,-0.03723630682780632,1.7806782280787403
56.296855147,4.292313466453116,4.051317348291824,-0.03602121221732579,1.787199573897145
56.343609104,4.29075803883883,4.059483237900279,-0.033520865282382184,1.7905787515359621
56.392702533000005,4.289227563304034,4.068048359979528,-0.030204606903588394,1.7901101110273494
56.442148355,4.287736006728906,4.0770067635316325,-0.026648369193115196,1.7856754195436249
56.486309015,4.286304247505363,4.086299287377918,-0.02334958860998204,1.7777582816983366
56.533346373,4.284957713308768,4.095872230142888,-0.02065284840893411,1.7671122286476868
56.558383298,4.2841982830171155,4.101742448851036,-0.019494145454726053,1.7597502611561613
56.578268113,4.283713993627158,4.10571367445323,-0.01895546370589929,1.754510434076902
56.639759438000006,4.282582178732983,4.115876910981697,-0.018554358807435944,1.7402924023586552
56.692818082,4.281561505790182,4.1263829998753,-0.019628247448997937,1.7245836849667617
56.752857058000004,4.280677842502933,4.136869092118788,-0.02198635808494198,1.70814645559822
56.81609411,4.279959155512456,4.147085646318698,-0.025092589069682814,1.6914152512065705
56.869027389,4.279405397138927,4.156989805829829,-0.02837621234718024,1.6743963714967018
56.922445912,4.278999507789596,4.166584181588497,-0.031354730276092924,1.656870564283689
56.985322469,4.278717161632749,4.175679118476989,-0.033774262989978654,1.6380481277155128
57.038309825000006,4.2785083855787995,4.184104948959333,-0.03542147217218139,1.6176602010748469
57.091340579000004,4.278332147584262,4.19194083272214,-0.03598596969860535,1.5965322350440803
57.129674476000005,4.278166093911652,4.199325006023962,-0.035217352603791,1.5759934327446719
57.160800035,4.2780411027597935,4.204749593652169,-0.03364843765833159,1.5610536441064151
57.176512108000004,4.278010759519525,4.206029004143631,-0.03314354689649979,1.5575837222430602
57.224662034000005,4.27786705219046,4.211982045058462,-0.030145224296686868,1.5417882587171543
57.27248521600001,4.2777381392246445,4.217249064689217,-0.026760140234731722,1.5284178909606883
57.324452937000004,4.277629670647525,4.221937488293415,-0.023444324162404717,1.5171009328166227
57.371324357000006,4.277539464307119,4.226163723466366,-0.020533439375827744,1.5076537151969902
57.422050947,4.277483186882958,4.230091160360423,-0.01826869991821667,1.499815942368495
57.466237007000004,4.277481236018767,4.234114741687702,-0.0170795610568395,1.4933188925547618
57.509721603,4.277568350313952,4.2385920357289,-0.01735061806203675,1.4875279132970425
57.55486529900001,4.2777921446977665,4.2437297567357355,-0.01921144133740238,1.481369549747475
57.60270486700001,4.278209493612735,4.24958402897892,-0.022292855536911294,1.4738585940020783
57.671218965,4.278819074296217,4.255868307961581,-0.025927499167825663,1.4647839533678202
57.730378384000005,4.279567442567498,4.262290577752147,-0.02949813114702815,1.4545021603481505
57.741415445,4.279740254350162,4.2636144314897875,-0.03016627001371497,1.452282665672611
57.78773463700001,4.280530930382004,4.269124566529567,-0.03260150500291781,1.4428556048421013
57.830147324,4.281766324546172,4.276562113079554,-0.03497539918723869,1.4298884190586731
57.883371687,4.283279966075374,4.284688233327293,-0.036295232769740005,1.4157236764662187
57.966153975000005,4.285105832262097,4.293638168883127,-0.03622383158560827,1.4003754343690948
58.014203176,4.287192509421833,4.3031203381795,-0.03467805982564076,1.3847599273781317
58.058129793000006,4.289294010361536,4.312318122207729,-0.03199659597683324,1.3704512789167422
58.105179414000006,4.291264512688535,4.320787347981127,-0.02873888706716654,1.35796313055115
58.152307313,4.293064534182285,4.328428675831923,-0.025443863195135585,1.347282743623028
58.20751914,4.2946952120192545,4.335281762534907,-0.02251513237466385,1.3383173280602447
58.256946325,4.296173468522862,4.341432532629996,-0.020141770031303463,1.3308318165110888
58.309673063000005,4.297524831202789,4.346983249992589,-0.018671202101836815,1.3246815880886238
58.3314104,4.29804698090175,4.349114973917178,-0.018426918113171764,1.3225837710904245
58.376544898000006,4.29883998639237,4.352335056431325,-0.01850967399719805,1.3197744496051265
58.435946746000006,4.300205775539466,4.3578759135138005,-0.019914776741865592,1.3158359726648245
58.495864662,4.301638199036454,4.36368178805543,-0.02267005404341138,1.3125623520362528
58.544830854000004,4.303176019132252,4.369802842036344,-0.02617373700530523,1.309343952486173
58.59995931700001,4.305054254389777,4.376949547144362,-0.030148490316751264,1.3049993164152944
58.65300552,4.306984735537945,4.383864459349473,-0.03335550898704531,1.2997728881289712
58.716650339000005,4.309143424489404,4.391188215519079,-0.035895310248514556,1.2932983565861333
58.77712918900001,4.31148869526826,4.398874866927355,-0.03750656171654332,1.285908530046422
58.839938569000005,4.313903625860495,4.406700808003815,-0.03783076457505363,1.2782274139566563
58.89102749600001,4.316247841646981,4.41432218640529,-0.03665891462159465,1.2709702100536202
58.970870171,4.318396773584143,4.421352631654305,-0.03415598175166068,1.2648181871316468
59.025058458000004,4.319410264553886,4.424678721769281,-0.03255765733979343,1.262256336485635
59.044262450000005,4.320209614689484,4.427311464799895,-0.03118567447847509,1.2605039564031328
59.097201285000004,4.32222415442812,4.4340160271163755,-0.027643661405661213,1.2574212027338643
59.142549144,4.324345829991779,4.441167607912712,-0.02432231229638049,1.2561159813345604
59.205120308000005,4.326595295950048,4.448788762825657,-0.021573542580132887,1.2561235711211993
59.253593802000005,4.3288289998725595,4.456323798931454,-0.01964102868364659,1.2567915342184734
59.294065721,4.330974077237214,4.4634759467319105,-0.018918691243375196,1.2576827581424355
59.343328883000005,4.333019070356402,4.470249778967995,-0.019662541399632416,1.2585564340392972
59.383318901,4.334889157341283,4.476469585849004,-0.02176229136815311,1.259248464242393
59.435646022,4.336561543253798,4.482080038095029,-0.024790555805438097,1.259799828924712
59.501166883,4.338199106617145,4.487593798157682,-0.028511187669088667,1.2602895275084838
59.548040157,4.339534956289193,4.492088251314596,-0.03173222758200578,1.2606695930502743
59.586785541000005,4.340519911206592,4.495388574770873,-0.033977234776240706,1.2609389972728022
59.60780708,4.34075661682913,4.4961794953324725,-0.03447665439047465,1.261002103407109
59.656087493,4.341893985974646,4.499964230583758,-0.03648000496257342,1.2612984545704007
59.749417536,4.342971195168778,4.503525553997071,-0.03735845204663679,1.2615675675692917
59.815516085000006,4.344024916033313,4.506986837944669,-0.03672283829331591,1.2617709817346647
59.870928514000006,4.3451715262368324,4.510699328741301,-0.03443653445320494,1.2616776850309754
59.939532282,4.346481075361871,4.514840061126968,-0.030805955625064163,1.2609140481982364
60.012718091,4.347848017822777,4.519095395504368,-0.02645515206967397,1.259500185188428
60.102735813,4.349362056044856,4.523694410871976,-0.022022512282706463,1.2573049205865556
60.172361668,4.351181854132372,4.5290564660331185,-0.017993653956187572,1.25417934568735
60.23343355,4.353426826956422,4.535437597145692,-0.014761452724777469,1.249701630998034
60.297538079000006,4.3558638901334685,4.542083569041569,-0.012865731410635961,1.2441722366757144
60.350703013,4.359058854777896,4.550429349201011,-0.01233403552925294,1.2362207798904645
60.350723037,4.359058854777896,4.550429349201011,-0.01233403552925294,1.2362207798904645
60.411395083,4.362771277053662,4.5597828999245085,-0.01372235085481932,1.2264240434092717
60.46244361,4.366814575347194,4.56967582542643,-0.016737605821714574,1.215806121068466
60.517813042,4.371044742993682,4.579820267772399,-0.020628997797126014,1.2053832774815014
60.581877944000006,4.375379831917671,4.590137668058337,-0.024617359833924435,1.19601101684966
60.636584504000005,4.379676894501559,4.600444466805116,-0.02817010651228924,1.1883104232962427
60.692565848,4.383670335906508,4.610131277970675,-0.03101036044721628,1.1824486811877308
60.758198808,4.387272075338494,4.618968987865631,-0.032966592072183776,1.1781380262942747
60.800695111,4.390547071234308,4.6271054036234744,-0.03381818625321098,1.1750860422262432
60.855134272,4.3937663333908885,4.635194085593807,-0.033404760643549025,1.1732017930144836
60.917872473,4.397085133080267,4.643582505688534,-0.03182574563963225,1.172416083188192
60.982882798000006,4.40056879262458,4.6523845045829075,-0.029528603856004976,1.1726156329511601
60.990675139000004,4.401290196417111,4.654201952570851,-0.029030598668323915,1.1727441380980765
61.030674281,4.404263299811522,4.661670736196416,-0.027040906109737306,1.1734598323011265
61.082972870000006,4.408178524574552,4.6714454089534065,-0.02478065217374148,1.1745752415979986
61.137826308,4.412326303532305,4.6816931908141814,-0.02309379404891032,1.175422986825457
61.174225662000005,4.41659289977136,4.692103317848554,-0.022430118739719562,1.1755198986502389
61.21657703100001,4.42079294122834,4.702243788140499,-0.023051518858055453,1.174730690574073
61.26203078,4.424877422043377,4.71201325421031,-0.02489987973829,1.173166185271666
61.312457636000005,4.428855267441628,4.721431465370188,-0.027575001731942383,1.1711138674035366
61.360245167,4.432550984739545,4.730117020004131,-0.030593143737718265,1.1688885924543153
61.401894235,4.435884062493483,4.737945379100345,-0.03349480715539577,1.1668090963778517
61.443338836,4.438895414573517,4.745027616834503,-0.0359721008328876,1.165051479158056
61.485499064,4.441801782006793,4.751885615773141,-0.03780691590839946,1.163701977293835
61.506962942,4.443607637124976,4.756144829568286,-0.03847557271700863,1.1629617982546907
61.525599150000005,4.444872546949882,4.759112893368797,-0.03869719607495836,1.162382068880731
61.572051423000005,4.448364023241245,4.7671617775913795,-0.03833855757141902,1.1600560614257187
61.632512875,4.452306433433299,4.775929900308536,-0.03659473342558528,1.1557544945321472
61.69043426100001,4.456605988855401,4.785119158348163,-0.033682348443490606,1.1493025858970134
61.741317336,4.461641286293318,4.795506371784464,-0.02971971578032806,1.1401972507832057
61.802143365000006,4.466183840574695,4.80468256234275,-0.026045680434975127,1.131269485448129
61.859665266,4.4704054887162545,4.813138823378939,-0.022704327550956083,1.1228209812420258
61.928984984,4.474228333847925,4.820756581683721,-0.020061072369252142,1.1153641053861594
61.989870190000005,4.477671657693621,4.827597028534451,-0.0183501743073895,1.1090767676010007
62.046496338000004,4.48082415024487,4.833843345119392,-0.01785351906471233,1.104007195065266
62.13072716400001,4.483929059871287,4.840011460762854,-0.01888355027267974,1.1002140610170412
62.173052266000006,4.486157865196651,4.844473128018773,-0.020524686223703736,1.0983455890831724
62.196433362,4.48681182291862,4.845784313574966,-0.021111555124037173,1.097891309971904
62.254197117000004,4.4902498378948765,4.8526330644064695,-0.024582508544635062,1.0956358300037388
62.343271002,4.493902460099834,4.859745867287772,-0.028417449092686176,1.0925318166585054
62.411758228000004,4.497525511491129,4.86662467454949,-0.03203010643392934,1.0880956597326206
62.497897386000005,4.501258546448593,4.873490312317608,-0.035092226323870324,1.0821227957199573
62.596174138,4.505209934699973,4.880545176099575,-0.037385387066644404,1.0748385786432249
62.658617812,4.5091381120111595,4.887486217220138,-0.03860700332582323,1.0671356523180997
62.718902792,4.513165235497234,4.894560843726538,-0.03846630277762786,1.0591761460715272
62.773346071000006,4.51747714844429,4.902031182535909,-0.03690091817919894,1.0510148947593545
62.82029757,4.522147356370209,4.90992273819389,-0.03425536149237762,1.042499243778827
62.888554828000004,4.527219718123327,4.918211012762809,-0.031113005959832574,1.0332229550419014
62.937756096,4.53266931444774,4.926808826800403,-0.028039364425866742,1.0230734364617797
62.937840637,4.53266931444774,4.926808826800403,-0.028039364425866742,1.0230734364617797
62.991642926000004,4.538466632036423,4.935657783878624,-0.02541151077622872,1.0120999150750265
63.047371885000004,4.544604395144081,4.944725060150861,-0.02362526577484103,1.0004438033289123
63.099565840000004,4.551132572731484,4.954074362384108,-0.023037932605345146,0.9881299688020726
63.154915393,4.5581722683355075,4.963878828552817,-0.02385527524165587,0.9750432865026427
63.211191263,4.565519851709572,4.973852583249608,-0.025960466187307296,0.9616923275779643
63.265482349,4.572956222388038,4.9837060895859535,-0.02885808588298766,0.9486824096824111
63.31676087300001,4.580223654651322,4.993136190584148,-0.03195070059488303,0.9363412674983995
63.36562755200001,4.586923670543621,5.0017334970634435,-0.03476325980725903,0.9251520193258953
63.417573661000006,4.59297065007398,5.009438210123333,-0.03704687114392702,0.9152511890142461
63.464899207,4.5989049274389675,5.0170025350502865,-0.03872241936438614,0.9059396247931921
63.509916006000005,4.6038024201411405,5.023274655161815,-0.039181888110850105,0.8987508760696409
63.51898348500001,4.604755883067515,5.024500203292777,-0.0391267135702823,0.8974414919483897
63.560836102,4.608566119251301,5.029409732680001,-0.03837862082177723,0.8927446254974897
63.616678244000006,4.61342661559741,5.035724608416247,-0.03635801768966762,0.8886842480605941
63.694685208,4.618549966369528,5.042461650857476,-0.03350916365187517,0.8870361754707633
63.756680180000004,4.623811942186317,5.049418776206257,-0.030370849066690297,0.8873614171707179
63.81894870400001,4.628853627448829,5.056071290518784,-0.02739822133269476,0.8886647504533608
63.88408389200001,4.633528294905549,5.062207449361247,-0.024894007149057318,0.8902444160289874
63.94725141200001,4.6379022993343035,5.067925437877476,-0.023177960335067693,0.8918321977266243
64.006018971,4.642358160269567,5.073726050231026,-0.022495622773770707,0.8933323994651391
64.05161995600001,4.64705859076413,5.079814574309161,-0.023050444313657548,0.8945753689954823
64.107139278,4.651683463103943,5.08578229023391,-0.024790057589387238,0.8954320254567057
64.17270343300001,4.656348938106728,5.09174934891857,-0.027368979853640507,0.8957351100626257
64.20081914100001,4.65828360916452,5.0942033820725,-0.028520948104204247,0.8956917385661693
64.23147972800001,4.661293428113728,5.097998727532502,-0.03027576463534498,0.8954790559588443
64.287333565,4.666615832803896,5.104666724108363,-0.03300118983990308,0.8948609017545703
64.335955012,4.672019865138374,5.111410396385858,-0.0352256533679729,0.8940971727246408
64.38515662500001,4.677175716000289,5.117841497563056,-0.03672168515897234,0.8933546094613369
64.435197652,4.682046199765057,5.123921723761452,-0.037131090258100574,0.8926837845292258
64.49294725,4.686647282946632,5.129673952962513,-0.036180358362727816,0.8921007527716295
64.549782084,4.690895982177156,5.134989259417117,-0.03387879310429165,0.8916211793327579
64.596640222,4.695062891220969,5.140198531345504,-0.030624708847983628,0.8912444842064842
64.641524587,4.699461964347106,5.145687559422571,-0.027001708051164197,0.8909496860380609
64.681234892,4.7042778412325585,5.151682956650521,-0.023547115291358778,0.8907055472152553
64.742850837,4.70957702557986,5.1582673506348025,-0.020632108200381305,0.8904807145173826
64.78801805,4.712951613548859,5.162459555146385,-0.019292554113420346,0.8903563346041196
64.809807472,4.715215716725218,5.165272554778984,-0.018622538731994376,0.8902774185675258
64.851311181,4.7207677335715585,5.172173549424654,-0.01789157915551154,0.89008908271594
64.891899474,4.726285789347575,5.179029694717064,-0.018689101389640972,0.8899131839816636
64.938150151,4.731916016432113,5.186019177554104,-0.020823078620042845,0.8897742017698476
64.983809604,4.737743547727807,5.193245509526313,-0.02377954489214773,0.889676606690708
65.03999466100001,4.74381461978116,5.2007655346905235,-0.026978182166437215,0.8896195169480825
65.08034902,4.750149529319341,5.208606962787707,-0.02988483889447391,0.8896098968365808
65.131573042,4.756778078483804,5.2167983508985385,-0.03220021646307103,0.889644998161997
65.175646223,4.763727475314565,5.225378881423601,-0.03371562914623938,0.8896816402835369
65.22133666500001,4.771121769325357,5.234504196865466,-0.034077480616028444,0.8897003457341082
65.28052867000001,4.778925228230475,5.244128135473033,-0.03304853700830468,0.8896993713894623
65.320059234,4.78522392841583,5.251900475500249,-0.03134043148918453,0.8896902265566187
65.327405352,4.786796153644012,5.253841104795213,-0.030821113748298323,0.8896878716599618
65.374295356,4.794628520481211,5.263511395781155,-0.02788914195759773,0.8896880432766247
65.43622724000001,4.802218413722185,5.272883659936079,-0.024813160612517926,0.8896879187530788
65.49431308,4.809190113640879,5.28149209740133,-0.022006286251954554,0.8896881529038636
65.592255175,4.8154397184768465,5.289212298395525,-0.01974693964390839,0.8897019372407008
65.65228128000001,4.82103590136799,5.2961261669749975,-0.01829729288385573,0.8897349278843638
65.749061189,4.826648343737282,5.303061294471486,-0.017959383009481855,0.8897823085924703
65.802138571,4.830642421851712,5.3079992805388505,-0.018771742251316614,0.889860735843541
65.87505495900001,4.835698371955793,5.314275655467166,-0.021079163310077087,0.8902969087822495
65.940639794,4.8409396634245825,5.320867586549214,-0.024401903561965588,0.89172487720178
66.00072545,4.846435728909019,5.327941725679742,-0.028055027608049676,0.894981182543095
66.064092614,4.852195724299316,5.335571795457961,-0.03145416261609135,0.900414945258743
66.084054385,4.853378087776817,5.337165100011794,-0.032074537513686385,0.9017567640300689
66.157130139,4.858217663060816,5.343763725857034,-0.034274502203163415,0.9078502348228317
66.274138629,4.864531776070789,5.352503285444598,-0.03622931074462721,0.9165266665454288
66.363342325,4.871248432834159,5.361819677517783,-0.03704421154165316,0.9252969957747157
66.426257412,4.878485441854432,5.371769224767921,-0.03645870552248476,0.9330950454179224
66.489809136,4.885953474875861,5.3819441267339805,-0.03457365267325141,0.9392680251460839
66.531512795,4.893414406319348,5.392148677984742,-0.03186238339346481,0.9444845832418323
66.61048286,4.900713038628068,5.40231704434738,-0.028901958068553446,0.9500183536866392
66.678509854,4.907497335060447,5.411948256458811,-0.02615250728755092,0.9562441744946626
66.72278898100001,4.913618873257382,5.420752372688213,-0.023889756234047432,0.9627386467379033
66.771717556,4.91913455278787,5.428751515881099,-0.022402453869073136,0.9689674309800302
66.81774356300001,4.924440854753413,5.436484063427185,-0.02191234215422544,0.9745130772760032
66.83369553700001,4.9266249376276745,5.439660945346115,-0.022054187587767782,0.9763870845579745
66.86463403100001,4.930002209291017,5.444551782441518,-0.022657001963927836,0.9786828154981111
66.93739598,4.935845272207581,5.45293217922583,-0.024615008589526033,0.9808524940407638
66.99667490600001,4.942517054004826,5.462408159588862,-0.027645531924065714,0.9809981074972112
67.049511593,4.94874136122015,5.471229606605105,-0.03061591733205049,0.9798988700279478
67.10487350300001,4.955071712998276,5.480257178377753,-0.03332602387235728,0.9785404148444831
67.154559981,4.961512745712657,5.489540577542389,-0.03549175977613761,0.977584107959623
67.225666327,4.968119482859576,5.499160501004201,-0.03687086475147405,0.9772465602492777
67.312861127,4.975027372467564,5.509314402149609,-0.037162823828310265,0.977465897949079
67.359470722,4.981987024251996,5.51959322764628,-0.03614742894050205,0.9778651443218996
67.410599018,4.9884180391120365,5.529097061966993,-0.03398381997248123,0.9782628427607057
67.456078996,4.994445992717279,5.537998813076331,-0.031127613835757684,0.9785672143408836
67.489533123,4.997990841901995,5.543248620784439,-0.029312477099641687,0.9788531770280365
67.515347359,5.0003479510311335,5.5467573430154395,-0.02812494169895907,0.9791979420969193
67.558163099,5.006275386350759,5.5557037486180265,-0.025419611671300135,0.9810695809005034
67.60412104000001,5.012309753094505,5.565042240363422,-0.02329869368935067,0.9847969254497767
67.646585421,5.0185142128509295,5.574844326348008,-0.022014756059520746,0.9899635133682062
67.707236092,5.025034508743086,5.585199668183483,-0.02191151116882173,0.9953926629803477
67.753481737,5.031949516468651,5.596092958590976,-0.023155614935039037,0.9997929659766993
67.806584587,5.038948201072451,5.6070177817701365,-0.025430591147220016,1.0026341888969683
67.84874960100001,5.045601666257507,5.617393695616549,-0.02814654013539497,1.0047106762388416
67.907385715,5.051583596343844,5.626760327147696,-0.030786322093494745,1.006613288781953
67.96770059100001,5.0568843349801575,5.635087217151064,-0.03299846684767771,1.0083875664460742
68.026078487,5.061608725218659,5.642518514568495,-0.03464920277172279,1.0099794541971718
68.070142441,5.065106698693096,5.648017885954392,-0.03536761417034717,1.0110891387039753
68.085179568,5.06597195037144,5.649377334287361,-0.03544288513379168,1.0113375897604542
68.154703873,5.070412941188968,5.656354864884943,-0.03510945174871882,1.012447986129796
68.21259319500001,5.075087046091134,5.663745666035167,-0.033602333664577544,1.0137167759951715
68.289683235,5.079976150543848,5.671606752363606,-0.031180582570269233,1.0157529001742387
68.35561204000001,5.084557756478516,5.679129651822617,-0.028576079170991475,1.0186652188088812
68.411263875,5.089841812355376,5.687976041600213,-0.02565843370633558,1.0231096688413677
68.463156134,5.095307104351811,5.697297192173023,-0.02306677653998057,1.028561588793156
68.54936744700001,5.100918462440476,5.7070869113529925,-0.02122716606844166,1.0350818323325957
68.608053469,5.106668015091728,5.717394697456834,-0.020590191837472904,1.042997168684966
68.660175561,5.112601624933538,5.7283541141244365,-0.021462767452023912,1.052589493681381
68.699759825,5.118501795397513,5.739552656638103,-0.023916217811176255,1.0633132013346822
68.747977804,5.124206934119942,5.750608134585747,-0.02760808462858333,1.0739006580082426
68.757675135,5.125323568491642,5.7527910824225685,-0.028441575699215904,1.0759157351266897
68.794512267,5.129716375933737,5.761436250805614,-0.03189381393293833,1.0835706786984423
68.838130795,5.135063257517227,5.772093245010096,-0.036127965464383016,1.092468088842163
68.904450337,5.1402690086574445,5.782710559571022,-0.039863732581418065,1.1014560951564485
68.956916324,5.145332260719158,5.793376724555244,-0.04284981736518567,1.111319898612714
69.011219489,5.150250727696308,5.804135904118728,-0.04497176560778182,1.122471398324104
69.05764964000001,5.155077799336014,5.815103242150524,-0.04617966831920706,1.135047670659983
69.113281219,5.159911024047961,5.82650292604366,-0.046561673155415484,1.1488828064446224
69.167805384,5.164760920059782,5.8383996190650285,-0.046365200018742,1.1634457102987088
69.211956172,5.169585093774506,5.850665264505546,-0.04590983831304263,1.177973013530997
69.270330075,5.174378747925803,5.863219994403211,-0.045467316584053896,1.1917932979257742
69.330885525,5.1789919343123545,5.875498335381398,-0.04534062198877009,1.2041911764044928
69.354440928,5.180762878096369,5.880229468044151,-0.04542244242364912,1.2086557902689443
69.385326715,5.1833291819391265,5.8870836155384705,-0.04572141390753892,1.2147634999683863
69.451627148,5.187297329012476,5.897665241665124,-0.04672141511959238,1.2232609251642041
69.519646169,5.190822888939392,5.907033922741775,-0.048263722142312004,1.2297388509745857
69.57494156300001,5.193928051921526,5.915246310280836,-0.05010975439243692,1.2344540566540283
69.63632933000001,5.196686541530154,5.9225255560958905,-0.05196882629671584,1.2378644496492373
69.69672272700001,5.19916008392088,5.929044630311636,-0.053583203422176484,1.240294369262682
69.789418776,5.201409652038869,5.9349729423755315,-0.05468159431003872,1.2419797781885127
69.834910069,5.2035041488148,5.940491858278704,-0.05495556064601148,1.2431087583955738
69.90312505700001,5.205537976593529,5.945835930694011,-0.05407997773777007,1.243626684419917
69.971250184,5.207618748216893,5.9512919969827625,-0.051920232171881464,1.2432618138939189
70.030192109,5.209684463087836,5.956726576929548,-0.04863120606977023,1.2422812203892908
70.06076307500001,5.21086960539057,5.959857764409586,-0.04628175099747345,1.2415402402287712
70.09237671400001,5.211629572775562,5.961870584427334,-0.04462692948543934,1.2410186837773645
70.145572282,5.2134135998568665,5.9666120486952385,-0.04041419447784789,1.2397271372116776
70.199083161,5.2150269979111155,5.970927598575918,-0.036446608512060275,1.2386154622818515
70.249550375,5.2164888455261655,5.974861257929506,-0.03300553807129436,1.2377594661056872
70.29822827000001,5.21782799305991,5.978475826240925,-0.030367990710540527,1.237118533309132
70.360987826,5.219074437153566,5.98183604696659,-0.02894135962478106,1.23664878567997
70.41972752400001,5.220260437662467,5.985023455659087,-0.02914960824092072,1.236304404888076
70.47346033800001,5.221384385800284,5.98805038470294,-0.031163394096835773,1.236042154928866
70.519548911,5.222427082281105,5.990874897330233,-0.03464743100022294,1.2358312937626212
70.57158995,5.2233801618446165,5.993472867701241,-0.03892621880302982,1.235645795995047
70.62689462200001,5.224245376544412,5.995847014132952,-0.043340503486440474,1.2354751339942407
70.670246684,5.224883553178486,5.997603664299932,-0.04661011084189692,1.2353474255993404
70.68002084300001,5.225036489388014,5.998025034018752,-0.04737285249969281,1.2353166234523942
70.73479516,5.2257689760983945,6.000043053511024,-0.050795251571665534,1.235168066507376
70.79088261300001,5.226459866012371,6.001942430173174,-0.05329680979260376,1.2350271746518067
70.85167919300001,5.227127444342893,6.003774008310625,-0.05447573256089111,1.23492234914294
70.89849994100001,5.2278657896756116,6.005831610793713,-0.05395651245500399,1.2350707748716794
70.95964721,5.228828623920458,6.008586135496868,-0.05169712555473949,1.2355958667079685
71.016652377,5.230131470364354,6.0123754278878625,-0.04813809524369994,1.2364276905467722
71.06235062600001,5.231833443557937,6.017331512087205,-0.04398772265608841,1.2373337733120249
71.10674453200001,5.233935760200865,6.0234313083045405,-0.03991314312741179,1.2381025694675727
71.15945233000001,5.236413950339379,6.030591758357985,-0.036369112087515476,1.2386368191863035
71.20449686500001,5.2392217478072896,6.0386998178278635,-0.03384315380805791,1.2389649030422767
71.251375972,5.24232445692911,6.047669577196935,-0.03281003241715241,1.2392162218125375
71.25140550100001,5.24232445692911,6.047669577196935,-0.03281003241715241,1.2392162218125375
71.295803672,5.2457485785859195,6.057592696876272,-0.03355386283655837,1.239538449158643
71.35549861700001,5.249289108859572,6.067875053915168,-0.035987422139021064,1.2399704464334034
71.44769116500001,5.252605701548338,6.07750655330358,-0.03950443133355097,1.2404023549269676
71.503745221,5.2560131405237165,6.087417130041865,-0.043762107983694176,1.2409317812424017
71.55992298000001,5.259040689958409,6.096346461599967,-0.04737548816005743,1.2419530695187337
71.621838041,5.262078037101528,6.10556362344648,-0.05040087568557461,1.2443795979070291
71.678591477,5.2651483890321655,6.115299285037903,-0.05266128651047386,1.2489997406019817
71.757000182,5.268263563963408,6.125672528003785,-0.05390479767372469,1.2560871418807174
71.832854184,5.271488969009722,6.136880226800183,-0.05387612848873713,1.2654847241846927
