wall_mono_s,sim_time,lin_vel_body_x,lin_vel_body_y,lin_vel_body_z,ang_vel_body_x,ang_vel_body_y,ang_vel_body_z,base_depth_m,base_vz_down_mps,buoy_force_world_z,weight_force_world_z,net_static_force_world_z,initial_depth_hold_active,thr_force_body_x,thr_force_body_y,thr_force_body_z,thr_torque_body_x,thr_torque_body_y,thr_torque_body_z,thr_force_world_x,thr_force_world_y,thr_force_world_z,thr_torque_world_x,thr_torque_world_y,thr_torque_world_z,xfrc_force_world_x,xfrc_force_world_y,xfrc_force_world_z,xfrc_torque_world_x,xfrc_torque_world_y,xfrc_torque_world_z,qvel_0,qvel_1,qvel_2,qvel_3,qvel_4,qvel_5,qfrc_applied_0,qfrc_applied_1,qfrc_applied_2,qfrc_applied_3,qfrc_applied_4,qfrc_applied_5,qfrc_actuator_0,qfrc_actuator_1,qfrc_actuator_2,qfrc_actuator_3,qfrc_actuator_4,qfrc_actuator_5,qfrc_fluid_0,qfrc_fluid_1,qfrc_fluid_2,qfrc_fluid_3,qfrc_fluid_4,qfrc_fluid_5,qfrc_passive_0,qfrc_passive_1,qfrc_passive_2,qfrc_passive_3,qfrc_passive_4,qfrc_passive_5,qfrc_bias_0,qfrc_bias_1,qfrc_bias_2,qfrc_bias_3,qfrc_bias_4,qfrc_bias_5,qacc_0,qacc_1,qacc_2,qacc_3,qacc_4,qacc_5,sitl_ch1_pwm,sitl_ch2_pwm,sitl_ch3_pwm,sitl_ch4_pwm,sitl_ch5_pwm,sitl_ch6_pwm,sitl_ch7_pwm,sitl_ch8_pwm,ver_lf_servo_norm,ver_lf_target,ver_lf_state,ver_lf_force,ver_lf_direct_gain,ver_lr_servo_norm,ver_lr_target,ver_lr_state,ver_lr_force,ver_lr_direct_gain,ver_rf_servo_norm,ver_rf_target,ver_rf_state,ver_rf_force,ver_rf_direct_gain,ver_rr_servo_norm,ver_rr_target,ver_rr_state,ver_rr_force,ver_rr_direct_gain,yaw_lf_servo_norm,yaw_lf_target,yaw_lf_state,yaw_lf_force,yaw_lf_direct_gain,yaw_lr_servo_norm,yaw_lr_target,yaw_lr_state,yaw_lr_force,yaw_lr_direct_gain,yaw_rf_servo_norm,yaw_rf_target,yaw_rf_state,yaw_rf_force,yaw_rf_direct_gain,yaw_rr_servo_norm,yaw_rr_target,yaw_rr_state,yaw_rr_force,yaw_rr_direct_gain
299148.676,0,0,0,0,0,0,0,0.367101461,-0,150.09763,-147.154539,2.94309079,1,0,0,0,0,0,0,0,0,0,0,0,0,0,0,150.09763,4.79015999,-1.85057561,1.86249591e-05,0,0,0,0,0,0,0,0,0,0,0,0,0,0,0,0,0,0,0,0,0,0,0,0,0,0,0,0,0,0,0,0,147.154539,0.0394669884,0.967696673,-0.00384051527,-0.113534285,-0.171277625,0.224999691,-1.51211678,-4.31409623,0.000207874053,1500,1500,1500,1500,1500,1500,1500,1500,0,0,0,0,0.02,0,0,0,0,0.02,0,0,0,0,0.02,0,0,0,0,0.02,0,0,0,0,1,0,0,0,0,1,0,0,0,0,1,0,0,0,0,1
299148.726,0.05,0,0,0,0,0,0,0.367101461,-0,150.09763,-147.154539,2.94309079,1,0,0,0,0,0,0,0,0,0,0,0,0,0,0,150.09763,4.79015999,-1.85057561,1.86249591e-05,0,0,0,0,0,0,0,0,0,0,0,0,0,0,0,0,0,0,0,0,0,0,0,0,0,0,0,0,0,0,0,0,147.154539,0.0394669884,0.967696673,-0.00384051527,-0.113534285,-0.171277625,0.224999691,-1.51211678,-4.31409623,0.000207874053,1500,1500,1500,1500,1500,1500,1500,1500,0,0,0,0,0.02,0,0,0,0,0.02,0,0,0,0,0.02,0,0,0,0,0.02,0,0,0,0,1,0,0,0,0,1,0,0,0,0,1,0,0,0,0,1
299148.776,0.1,0,0,0,0,0,0,0.367101461,-0,150.09763,-147.154539,2.94309079,1,0,0,0,0,0,0,0,0,0,0,0,0,0,0,150.09763,4.79015999,-1.85057561,1.86249591e-05,0,0,0,0,0,0,0,0,0,0,0,0,0,0,0,0,0,0,0,0,0,0,0,0,0,0,0,0,0,0,0,0,147.154539,0.0394669884,0.967696673,-0.00384051527,-0.113534285,-0.171277625,0.224999691,-1.51211678,-4.31409623,0.000207874053,1500,1500,1500,1500,1500,1500,1500,1500,0,0,0,0,0.02,0,0,0,0,0.02,0,0,0,0,0.02,0,0,0,0,0.02,0,0,0,0,1,0,0,0,0,1,0,0,0,0,1,0,0,0,0,1
299148.826,0.15,0,0,0,0,0,0,0.367101461,-0,150.09763,-147.154539,2.94309079,1,0,0,0,0,0,0,0,0,0,0,0,0,0,0,150.09763,4.79015999,-1.85057561,1.86249591e-05,0,0,0,0,0,0,0,0,0,0,0,0,0,0,0,0,0,0,0,0,0,0,0,0,0,0,0,0,0,0,0,0,147.154539,0.0394669884,0.967696673,-0.00384051527,-0.113534285,-0.171277625,0.224999691,-1.51211678,-4.31409623,0.000207874053,1500,1500,1500,1500,1500,1500,1500,1500,0,0,0,0,0.02,0,0,0,0,0.02,0,0,0,0,0.02,0,0,0,0,0.02,0,0,0,0,1,0,0,0,0,1,0,0,0,0,1,0,0,0,0,1
299148.877,0.2,0,0,0,0,0,0,0.367101461,-0,150.09763,-147.154539,2.94309079,1,0,0,0,0,0,0,0,0,0,0,0,0,0,0,150.09763,4.79015999,-1.85057561,1.86249591e-05,0,0,0,0,0,0,0,0,0,0,0,0,0,0,0,0,0,0,0,0,0,0,0,0,0,0,0,0,0,0,0,0,147.154539,0.0394669884,0.967696673,-0.00384051527,-0.113534285,-0.171277625,0.224999691,-1.51211678,-4.31409623,0.000207874053,1500,1500,1500,1500,1500,1500,1500,1500,0,0,0,0,0.02,0,0,0,0,0.02,0,0,0,0,0.02,0,0,0,0,0.02,0,0,0,0,1,0,0,0,0,1,0,0,0,0,1,0,0,0,0,1
299148.926,0.25,0,0,0,0,0,0,0.367101461,-0,150.09763,-147.154539,2.94309079,1,0,0,0,0,0,0,0,0,0,0,0,0,0,0,150.09763,4.79015999,-1.85057561,1.86249591e-05,0,0,0,0,0,0,0,0,0,0,0,0,0,0,0,0,0,0,0,0,0,0,0,0,0,0,0,0,0,0,0,0,147.154539,0.0394669884,0.967696673,-0.00384051527,-0.113534285,-0.171277625,0.224999691,-1.51211678,-4.31409623,0.000207874053,1500,1500,1500,1500,1500,1500,1500,1500,0,0,0,0,0.02,0,0,0,0,0.02,0,0,0,0,0.02,0,0,0,0,0.02,0,0,0,0,1,0,0,0,0,1,0,0,0,0,1,0,0,0,0,1
299148.977,0.3,0,0,0,0,0,0,0.367101461,-0,150.09763,-147.154539,2.94309079,1,0,0,0,0,0,0,0,0,0,0,0,0,0,0,150.09763,4.79015999,-1.85057561,1.86249591e-05,0,0,0,0,0,0,0,0,0,0,0,0,0,0,0,0,0,0,0,0,0,0,0,0,0,0,0,0,0,0,0,0,147.154539,0.0394669884,0.967696673,-0.00384051527,-0.113534285,-0.171277625,0.224999691,-1.51211678,-4.31409623,0.000207874053,1500,1500,1500,1500,1500,1500,1500,1500,0,0,0,0,0.02,0,0,0,0,0.02,0,0,0,0,0.02,0,0,0,0,0.02,0,0,0,0,1,0,0,0,0,1,0,0,0,0,1,0,0,0,0,1
299149.027,0.35,0,0,0,0,0,0,0.367101461,-0,150.09763,-147.154539,2.94309079,1,0,0,0,0,0,0,0,0,0,0,0,0,0,0,150.09763,4.79015999,-1.85057561,1.86249591e-05,0,0,0,0,0,0,0,0,0,0,0,0,0,0,0,0,0,0,0,0,0,0,0,0,0,0,0,0,0,0,0,0,147.154539,0.0394669884,0.967696673,-0.00384051527,-0.113534285,-0.171277625,0.224999691,-1.51211678,-4.31409623,0.000207874053,1500,1500,1500,1500,1500,1500,1500,1500,0,0,0,0,0.02,0,0,0,0,0.02,0,0,0,0,0.02,0,0,0,0,0.02,0,0,0,0,1,0,0,0,0,1,0,0,0,0,1,0,0,0,0,1
299149.079,0.4,0,0,0,0,0,0,0.367101461,-0,150.09763,-147.154539,2.94309079,1,0,0,0,0,0,0,0,0,0,0,0,0,0,0,150.09763,4.79015999,-1.85057561,1.86249591e-05,0,0,0,0,0,0,0,0,0,0,0,0,0,0,0,0,0,0,0,0,0,0,0,0,0,0,0,0,0,0,0,0,147.154539,0.0394669884,0.967696673,-0.00384051527,-0.113534285,-0.171277625,0.224999691,-1.51211678,-4.31409623,0.000207874053,1500,1500,1500,1500,1500,1500,1500,1500,0,0,0,0,0.02,0,0,0,0,0.02,0,0,0,0,0.02,0,0,0,0,0.02,0,0,0,0,1,0,0,0,0,1,0,0,0,0,1,0,0,0,0,1
299149.132,0.45,0,0,0,0,0,0,0.367101461,-0,150.09763,-147.154539,2.94309079,1,0,0,0,0,0,0,0,0,0,0,0,0,0,0,150.09763,4.79015999,-1.85057561,1.86249591e-05,0,0,0,0,0,0,0,0,0,0,0,0,0,0,0,0,0,0,0,0,0,0,0,0,0,0,0,0,0,0,0,0,147.154539,0.0394669884,0.967696673,-0.00384051527,-0.113534285,-0.171277625,0.224999691,-1.51211678,-4.31409623,0.000207874053,1500,1500,1500,1500,1500,1500,1500,1500,0,0,0,0,0.02,0,0,0,0,0.02,0,0,0,0,0.02,0,0,0,0,0.02,0,0,0,0,1,0,0,0,0,1,0,0,0,0,1,0,0,0,0,1
299149.185,0.5,0,0,0,0,0,0,0.367101461,-0,150.09763,-147.154539,2.94309079,1,0,0,0,0,0,0,0,0,0,0,0,0,0,0,150.09763,4.79015999,-1.85057561,1.86249591e-05,0,0,0,0,0,0,0,0,0,0,0,0,0,0,0,0,0,0,0,0,0,0,0,0,0,0,0,0,0,0,0,0,147.154539,0.0394669884,0.967696673,-0.00384051527,-0.113534285,-0.171277625,0.224999691,-1.51211678,-4.31409623,0.000207874053,1500,1500,1500,1500,1500,1500,1500,1500,0,0,0,0,0.02,0,0,0,0,0.02,0,0,0,0,0.02,0,0,0,0,0.02,0,0,0,0,1,0,0,0,0,1,0,0,0,0,1,0,0,0,0,1
299149.239,0.55,0,0,0,0,0,0,0.367101461,-0,150.09763,-147.154539,2.94309079,1,0,0,0,0,0,0,0,0,0,0,0,0,0,0,150.09763,4.79015999,-1.85057561,1.86249591e-05,0,0,0,0,0,0,0,0,0,0,0,0,0,0,0,0,0,0,0,0,0,0,0,0,0,0,0,0,0,0,0,0,147.154539,0.0394669884,0.967696673,-0.00384051527,-0.113534285,-0.171277625,0.224999691,-1.51211678,-4.31409623,0.000207874053,1500,1500,1500,1500,1500,1500,1500,1500,0,0,0,0,0.02,0,0,0,0,0.02,0,0,0,0,0.02,0,0,0,0,0.02,0,0,0,0,1,0,0,0,0,1,0,0,0,0,1,0,0,0,0,1
299149.292,0.6,0,0,0,0,0,0,0.367101461,-0,150.09763,-147.154539,2.94309079,1,0,0,0,0,0,0,0,0,0,0,0,0,0,0,150.09763,4.79015999,-1.85057561,1.86249591e-05,0,0,0,0,0,0,0,0,0,0,0,0,0,0,0,0,0,0,0,0,0,0,0,0,0,0,0,0,0,0,0,0,147.154539,0.0394669884,0.967696673,-0.00384051527,-0.113534285,-0.171277625,0.224999691,-1.51211678,-4.31409623,0.000207874053,1500,1500,1500,1500,1500,1500,1500,1500,0,0,0,0,0.02,0,0,0,0,0.02,0,0,0,0,0.02,0,0,0,0,0.02,0,0,0,0,1,0,0,0,0,1,0,0,0,0,1,0,0,0,0,1
299149.347,0.65,0,0,0,0,0,0,0.367101461,-0,150.09763,-147.154539,2.94309079,1,0,0,0,0,0,0,0,0,0,0,0,0,0,0,150.09763,4.79015999,-1.85057561,1.86249591e-05,0,0,0,0,0,0,0,0,0,0,0,0,0,0,0,0,0,0,0,0,0,0,0,0,0,0,0,0,0,0,0,0,147.154539,0.0394669884,0.967696673,-0.00384051527,-0.113534285,-0.171277625,0.224999691,-1.51211678,-4.31409623,0.000207874053,1500,1500,1500,1500,1500,1500,1500,1500,0,0,0,0,0.02,0,0,0,0,0.02,0,0,0,0,0.02,0,0,0,0,0.02,0,0,0,0,1,0,0,0,0,1,0,0,0,0,1,0,0,0,0,1
299149.399,0.7,0,0,0,0,0,0,0.367101461,-0,150.09763,-147.154539,2.94309079,1,0,0,0,0,0,0,0,0,0,0,0,0,0,0,150.09763,4.79015999,-1.85057561,1.86249591e-05,0,0,0,0,0,0,0,0,0,0,0,0,0,0,0,0,0,0,0,0,0,0,0,0,0,0,0,0,0,0,0,0,147.154539,0.0394669884,0.967696673,-0.00384051527,-0.113534285,-0.171277625,0.224999691,-1.51211678,-4.31409623,0.000207874053,1500,1500,1500,1500,1500,1500,1500,1500,0,0,0,0,0.02,0,0,0,0,0.02,0,0,0,0,0.02,0,0,0,0,0.02,0,0,0,0,1,0,0,0,0,1,0,0,0,0,1,0,0,0,0,1
299149.453,0.75,0,0,0,0,0,0,0.367101461,-0,150.09763,-147.154539,2.94309079,1,0,0,0,0,0,0,0,0,0,0,0,0,0,0,150.09763,4.79015999,-1.85057561,1.86249591e-05,0,0,0,0,0,0,0,0,0,0,0,0,0,0,0,0,0,0,0,0,0,0,0,0,0,0,0,0,0,0,0,0,147.154539,0.0394669884,0.967696673,-0.00384051527,-0.113534285,-0.171277625,0.224999691,-1.51211678,-4.31409623,0.000207874053,1500,1500,1500,1500,1500,1500,1500,1500,0,0,0,0,0.02,0,0,0,0,0.02,0,0,0,0,0.02,0,0,0,0,0.02,0,0,0,0,1,0,0,0,0,1,0,0,0,0,1,0,0,0,0,1
299149.504,0.8,0,0,0,0,0,0,0.367101461,-0,150.09763,-147.154539,2.94309079,1,0,0,0,0,0,0,0,0,0,0,0,0,0,0,150.09763,4.79015999,-1.85057561,1.86249591e-05,0,0,0,0,0,0,0,0,0,0,0,0,0,0,0,0,0,0,0,0,0,0,0,0,0,0,0,0,0,0,0,0,147.154539,0.0394669884,0.967696673,-0.00384051527,-0.113534285,-0.171277625,0.224999691,-1.51211678,-4.31409623,0.000207874053,1500,1500,1500,1500,1500,1500,1500,1500,0,0,0,0,0.02,0,0,0,0,0.02,0,0,0,0,0.02,0,0,0,0,0.02,0,0,0,0,1,0,0,0,0,1,0,0,0,0,1,0,0,0,0,1
299149.557,0.85,0,0,0,0,0,0,0.367101461,-0,150.09763,-147.154539,2.94309079,1,0,0,0,0,0,0,0,0,0,0,0,0,0,0,150.09763,4.79015999,-1.85057561,1.86249591e-05,0,0,0,0,0,0,0,0,0,0,0,0,0,0,0,0,0,0,0,0,0,0,0,0,0,0,0,0,0,0,0,0,147.154539,0.0394669884,0.967696673,-0.00384051527,-0.113534285,-0.171277625,0.224999691,-1.51211678,-4.31409623,0.000207874053,1500,1500,1500,1500,1500,1500,1500,1500,0,0,0,0,0.02,0,0,0,0,0.02,0,0,0,0,0.02,0,0,0,0,0.02,0,0,0,0,1,0,0,0,0,1,0,0,0,0,1,0,0,0,0,1
299149.608,0.9,0,0,0,0,0,0,0.367101461,-0,150.09763,-147.154539,2.94309079,1,0,0,0,0,0,0,0,0,0,0,0,0,0,0,150.09763,4.79015999,-1.85057561,1.86249591e-05,0,0,0,0,0,0,0,0,0,0,0,0,0,0,0,0,0,0,0,0,0,0,0,0,0,0,0,0,0,0,0,0,147.154539,0.0394669884,0.967696673,-0.00384051527,-0.113534285,-0.171277625,0.224999691,-1.51211678,-4.31409623,0.000207874053,1500,1500,1500,1500,1500,1500,1500,1500,0,0,0,0,0.02,0,0,0,0,0.02,0,0,0,0,0.02,0,0,0,0,0.02,0,0,0,0,1,0,0,0,0,1,0,0,0,0,1,0,0,0,0,1
299149.661,0.95,0,0,0,0,0,0,0.367101461,-0,150.09763,-147.154539,2.94309079,1,0,0,0,0,0,0,0,0,0,0,0,0,0,0,150.09763,4.79015999,-1.85057561,1.86249591e-05,0,0,0,0,0,0,0,0,0,0,0,0,0,0,0,0,0,0,0,0,0,0,0,0,0,0,0,0,0,0,0,0,147.154539,0.0394669884,0.967696673,-0.00384051527,-0.113534285,-0.171277625,0.224999691,-1.51211678,-4.31409623,0.000207874053,1500,1500,1500,1500,1500,1500,1500,1500,0,0,0,0,0.02,0,0,0,0,0.02,0,0,0,0,0.02,0,0,0,0,0.02,0,0,0,0,1,0,0,0,0,1,0,0,0,0,1,0,0,0,0,1
299149.717,1,0,0,0,0,0,0,0.367101461,-0,150.09763,-147.154539,2.94309079,1,0,0,0,0,0,0,0,0,0,0,0,0,0,0,150.09763,4.79015999,-1.85057561,1.86249591e-05,0,0,0,0,0,0,0,0,0,0,0,0,0,0,0,0,0,0,0,0,0,0,0,0,0,0,0,0,0,0,0,0,147.154539,0.0394669884,0.967696673,-0.00384051527,-0.113534285,-0.171277625,0.224999691,-1.51211678,-4.31409623,0.000207874053,1500,1500,1500,1500,1500,1500,1500,1500,0,0,0,0,0.02,0,0,0,0,0.02,0,0,0,0,0.02,0,0,0,0,0.02,0,0,0,0,1,0,0,0,0,1,0,0,0,0,1,0,0,0,0,1
299149.772,1.05,0,0,0,0,0,0,0.367101461,-0,150.09763,-147.154539,2.94309079,1,0,0,0,0,0,0,0,0,0,0,0,0,0,0,150.09763,4.79015999,-1.85057561,1.86249591e-05,0,0,0,0,0,0,0,0,0,0,0,0,0,0,0,0,0,0,0,0,0,0,0,0,0,0,0,0,0,0,0,0,147.154539,0.0394669884,0.967696673,-0.00384051527,-0.113534285,-0.171277625,0.224999691,-1.51211678,-4.31409623,0.000207874053,1500,1500,1500,1500,1500,1500,1500,1500,0,0,0,0,0.02,0,0,0,0,0.02,0,0,0,0,0.02,0,0,0,0,0.02,0,0,0,0,1,0,0,0,0,1,0,0,0,0,1,0,0,0,0,1
299149.823,1.1,0,0,0,0,0,0,0.367101461,-0,150.09763,-147.154539,2.94309079,1,0,0,0,0,0,0,0,0,0,0,0,0,0,0,150.09763,4.79015999,-1.85057561,1.86249591e-05,0,0,0,0,0,0,0,0,0,0,0,0,0,0,0,0,0,0,0,0,0,0,0,0,0,0,0,0,0,0,0,0,147.154539,0.0394669884,0.967696673,-0.00384051527,-0.113534285,-0.171277625,0.224999691,-1.51211678,-4.31409623,0.000207874053,1500,1500,1500,1500,1500,1500,1500,1500,0,0,0,0,0.02,0,0,0,0,0.02,0,0,0,0,0.02,0,0,0,0,0.02,0,0,0,0,1,0,0,0,0,1,0,0,0,0,1,0,0,0,0,1
299149.876,1.15,0,0,0,0,0,0,0.367101461,-0,150.09763,-147.154539,2.94309079,1,0,0,0,0,0,0,0,0,0,0,0,0,0,0,150.09763,4.79015999,-1.85057561,1.86249591e-05,0,0,0,0,0,0,0,0,0,0,0,0,0,0,0,0,0,0,0,0,0,0,0,0,0,0,0,0,0,0,0,0,147.154539,0.0394669884,0.967696673,-0.00384051527,-0.113534285,-0.171277625,0.224999691,-1.51211678,-4.31409623,0.000207874053,1500,1500,1500,1500,1500,1500,1500,1500,0,0,0,0,0.02,0,0,0,0,0.02,0,0,0,0,0.02,0,0,0,0,0.02,0,0,0,0,1,0,0,0,0,1,0,0,0,0,1,0,0,0,0,1
299149.931,1.2,0,0,0,0,0,0,0.367101461,-0,150.09763,-147.154539,2.94309079,1,0,0,0,0,0,0,0,0,0,0,0,0,0,0,150.09763,4.79015999,-1.85057561,1.86249591e-05,0,0,0,0,0,0,0,0,0,0,0,0,0,0,0,0,0,0,0,0,0,0,0,0,0,0,0,0,0,0,0,0,147.154539,0.0394669884,0.967696673,-0.00384051527,-0.113534285,-0.171277625,0.224999691,-1.51211678,-4.31409623,0.000207874053,1500,1500,1500,1500,1500,1500,1500,1500,0,0,0,0,0.02,0,0,0,0,0.02,0,0,0,0,0.02,0,0,0,0,0.02,0,0,0,0,1,0,0,0,0,1,0,0,0,0,1,0,0,0,0,1
299149.987,1.25,0,0,0,0,0,0,0.367101461,-0,150.09763,-147.154539,2.94309079,1,0,0,0,0,0,0,0,0,0,0,0,0,0,0,150.09763,4.79015999,-1.85057561,1.86249591e-05,0,0,0,0,0,0,0,0,0,0,0,0,0,0,0,0,0,0,0,0,0,0,0,0,0,0,0,0,0,0,0,0,147.154539,0.0394669884,0.967696673,-0.00384051527,-0.113534285,-0.171277625,0.224999691,-1.51211678,-4.31409623,0.000207874053,1500,1500,1500,1500,1500,1500,1500,1500,0,0,0,0,0.02,0,0,0,0,0.02,0,0,0,0,0.02,0,0,0,0,0.02,0,0,0,0,1,0,0,0,0,1,0,0,0,0,1,0,0,0,0,1
299150.04,1.3,0,0,0,0,0,0,0.367101461,-0,150.09763,-147.154539,2.94309079,1,0,0,0,0,0,0,0,0,0,0,0,0,0,0,150.09763,4.79015999,-1.85057561,1.86249591e-05,0,0,0,0,0,0,0,0,0,0,0,0,0,0,0,0,0,0,0,0,0,0,0,0,0,0,0,0,0,0,0,0,147.154539,0.0394669884,0.967696673,-0.00384051527,-0.113534285,-0.171277625,0.224999691,-1.51211678,-4.31409623,0.000207874053,1500,1500,1500,1500,1500,1500,1500,1500,0,0,0,0,0.02,0,0,0,0,0.02,0,0,0,0,0.02,0,0,0,0,0.02,0,0,0,0,1,0,0,0,0,1,0,0,0,0,1,0,0,0,0,1
299150.092,1.35,0,0,0,0,0,0,0.367101461,-0,150.09763,-147.154539,2.94309079,1,0,0,0,0,0,0,0,0,0,0,0,0,0,0,150.09763,4.79015999,-1.85057561,1.86249591e-05,0,0,0,0,0,0,0,0,0,0,0,0,0,0,0,0,0,0,0,0,0,0,0,0,0,0,0,0,0,0,0,0,147.154539,0.0394669884,0.967696673,-0.00384051527,-0.113534285,-0.171277625,0.224999691,-1.51211678,-4.31409623,0.000207874053,1500,1500,1500,1500,1500,1500,1500,1500,0,0,0,0,0.02,0,0,0,0,0.02,0,0,0,0,0.02,0,0,0,0,0.02,0,0,0,0,1,0,0,0,0,1,0,0,0,0,1,0,0,0,0,1
299150.147,1.4,0,0,0,0,0,0,0.367101461,-0,150.09763,-147.154539,2.94309079,1,0,0,0,0,0,0,0,0,0,0,0,0,0,0,150.09763,4.79015999,-1.85057561,1.86249591e-05,0,0,0,0,0,0,0,0,0,0,0,0,0,0,0,0,0,0,0,0,0,0,0,0,0,0,0,0,0,0,0,0,147.154539,0.0394669884,0.967696673,-0.00384051527,-0.113534285,-0.171277625,0.224999691,-1.51211678,-4.31409623,0.000207874053,1500,1500,1500,1500,1500,1500,1500,1500,0,0,0,0,0.02,0,0,0,0,0.02,0,0,0,0,0.02,0,0,0,0,0.02,0,0,0,0,1,0,0,0,0,1,0,0,0,0,1,0,0,0,0,1
299150.203,1.45,0,0,0,0,0,0,0.367101461,-0,150.09763,-147.154539,2.94309079,1,0,0,0,0,0,0,0,0,0,0,0,0,0,0,150.09763,4.79015999,-1.85057561,1.86249591e-05,0,0,0,0,0,0,0,0,0,0,0,0,0,0,0,0,0,0,0,0,0,0,0,0,0,0,0,0,0,0,0,0,147.154539,0.0394669884,0.967696673,-0.00384051527,-0.113534285,-0.171277625,0.224999691,-1.51211678,-4.31409623,0.000207874053,1500,1500,1500,1500,1500,1500,1500,1500,0,0,0,0,0.02,0,0,0,0,0.02,0,0,0,0,0.02,0,0,0,0,0.02,0,0,0,0,1,0,0,0,0,1,0,0,0,0,1,0,0,0,0,1
299150.256,1.5,0,0,0,0,0,0,0.367101461,-0,150.09763,-147.154539,2.94309079,1,0,0,0,0,0,0,0,0,0,0,0,0,0,0,150.09763,4.79015999,-1.85057561,1.86249591e-05,0,0,0,0,0,0,0,0,0,0,0,0,0,0,0,0,0,0,0,0,0,0,0,0,0,0,0,0,0,0,0,0,147.154539,0.0394669884,0.967696673,-0.00384051527,-0.113534285,-0.171277625,0.224999691,-1.51211678,-4.31409623,0.000207874053,1500,1500,1500,1500,1500,1500,1500,1500,0,0,0,0,0.02,0,0,0,0,0.02,0,0,0,0,0.02,0,0,0,0,0.02,0,0,0,0,1,0,0,0,0,1,0,0,0,0,1,0,0,0,0,1
299150.311,1.55,0,0,0,0,0,0,0.367101461,-0,150.09763,-147.154539,2.94309079,1,0,0,0,0,0,0,0,0,0,0,0,0,0,0,150.09763,4.79015999,-1.85057561,1.86249591e-05,0,0,0,0,0,0,0,0,0,0,0,0,0,0,0,0,0,0,0,0,0,0,0,0,0,0,0,0,0,0,0,0,147.154539,0.0394669884,0.967696673,-0.00384051527,-0.113534285,-0.171277625,0.224999691,-1.51211678,-4.31409623,0.000207874053,1500,1500,1500,1500,1500,1500,1500,1500,0,0,0,0,0.02,0,0,0,0,0.02,0,0,0,0,0.02,0,0,0,0,0.02,0,0,0,0,1,0,0,0,0,1,0,0,0,0,1,0,0,0,0,1
299150.362,1.6,0,0,0,0,0,0,0.367101461,-0,150.09763,-147.154539,2.94309079,1,0,0,0,0,0,0,0,0,0,0,0,0,0,0,150.09763,4.79015999,-1.85057561,1.86249591e-05,0,0,0,0,0,0,0,0,0,0,0,0,0,0,0,0,0,0,0,0,0,0,0,0,0,0,0,0,0,0,0,0,147.154539,0.0394669884,0.967696673,-0.00384051527,-0.113534285,-0.171277625,0.224999691,-1.51211678,-4.31409623,0.000207874053,1500,1500,1500,1500,1500,1500,1500,1500,0,0,0,0,0.02,0,0,0,0,0.02,0,0,0,0,0.02,0,0,0,0,0.02,0,0,0,0,1,0,0,0,0,1,0,0,0,0,1,0,0,0,0,1
299150.414,1.65,0,0,0,0,0,0,0.367101461,-0,150.09763,-147.154539,2.94309079,1,0,0,0,0,0,0,0,0,0,0,0,0,0,0,150.09763,4.79015999,-1.85057561,1.86249591e-05,0,0,0,0,0,0,0,0,0,0,0,0,0,0,0,0,0,0,0,0,0,0,0,0,0,0,0,0,0,0,0,0,147.154539,0.0394669884,0.967696673,-0.00384051527,-0.113534285,-0.171277625,0.224999691,-1.51211678,-4.31409623,0.000207874053,1500,1500,1500,1500,1500,1500,1500,1500,0,0,0,0,0.02,0,0,0,0,0.02,0,0,0,0,0.02,0,0,0,0,0.02,0,0,0,0,1,0,0,0,0,1,0,0,0,0,1,0,0,0,0,1
299150.466,1.7,0,0,0,0,0,0,0.367101461,-0,150.09763,-147.154539,2.94309079,1,0,0,0,0,0,0,0,0,0,0,0,0,0,0,150.09763,4.79015999,-1.85057561,1.86249591e-05,0,0,0,0,0,0,0,0,0,0,0,0,0,0,0,0,0,0,0,0,0,0,0,0,0,0,0,0,0,0,0,0,147.154539,0.0394669884,0.967696673,-0.00384051527,-0.113534285,-0.171277625,0.224999691,-1.51211678,-4.31409623,0.000207874053,1500,1500,1500,1500,1500,1500,1500,1500,0,0,0,0,0.02,0,0,0,0,0.02,0,0,0,0,0.02,0,0,0,0,0.02,0,0,0,0,1,0,0,0,0,1,0,0,0,0,1,0,0,0,0,1
299150.518,1.75,0,0,0,0,0,0,0.367101461,-0,150.09763,-147.154539,2.94309079,1,0,0,0,0,0,0,0,0,0,0,0,0,0,0,150.09763,4.79015999,-1.85057561,1.86249591e-05,0,0,0,0,0,0,0,0,0,0,0,0,0,0,0,0,0,0,0,0,0,0,0,0,0,0,0,0,0,0,0,0,147.154539,0.0394669884,0.967696673,-0.00384051527,-0.113534285,-0.171277625,0.224999691,-1.51211678,-4.31409623,0.000207874053,1500,1500,1500,1500,1500,1500,1500,1500,0,0,0,0,0.02,0,0,0,0,0.02,0,0,0,0,0.02,0,0,0,0,0.02,0,0,0,0,1,0,0,0,0,1,0,0,0,0,1,0,0,0,0,1
299150.571,1.8,0,0,0,0,0,0,0.367101461,-0,150.09763,-147.154539,2.94309079,1,0,0,0,0,0,0,0,0,0,0,0,0,0,0,150.09763,4.79015999,-1.85057561,1.86249591e-05,0,0,0,0,0,0,0,0,0,0,0,0,0,0,0,0,0,0,0,0,0,0,0,0,0,0,0,0,0,0,0,0,147.154539,0.0394669884,0.967696673,-0.00384051527,-0.113534285,-0.171277625,0.224999691,-1.51211678,-4.31409623,0.000207874053,1500,1500,1500,1500,1500,1500,1500,1500,0,0,0,0,0.02,0,0,0,0,0.02,0,0,0,0,0.02,0,0,0,0,0.02,0,0,0,0,1,0,0,0,0,1,0,0,0,0,1,0,0,0,0,1
299150.624,1.85,0,0,0,0,0,0,0.367101461,-0,150.09763,-147.154539,2.94309079,1,0,0,0,0,0,0,0,0,0,0,0,0,0,0,150.09763,4.79015999,-1.85057561,1.86249591e-05,0,0,0,0,0,0,0,0,0,0,0,0,0,0,0,0,0,0,0,0,0,0,0,0,0,0,0,0,0,0,0,0,147.154539,0.0394669884,0.967696673,-0.00384051527,-0.113534285,-0.171277625,0.224999691,-1.51211678,-4.31409623,0.000207874053,1500,1500,1500,1500,1500,1500,1500,1500,0,0,0,0,0.02,0,0,0,0,0.02,0,0,0,0,0.02,0,0,0,0,0.02,0,0,0,0,1,0,0,0,0,1,0,0,0,0,1,0,0,0,0,1
299150.677,1.9,0,0,0,0,0,0,0.367101461,-0,150.09763,-147.154539,2.94309079,1,0,0,0,0,0,0,0,0,0,0,0,0,0,0,150.09763,4.79015999,-1.85057561,1.86249591e-05,0,0,0,0,0,0,0,0,0,0,0,0,0,0,0,0,0,0,0,0,0,0,0,0,0,0,0,0,0,0,0,0,147.154539,0.0394669884,0.967696673,-0.00384051527,-0.113534285,-0.171277625,0.224999691,-1.51211678,-4.31409623,0.000207874053,1500,1500,1500,1500,1500,1500,1500,1500,0,0,0,0,0.02,0,0,0,0,0.02,0,0,0,0,0.02,0,0,0,0,0.02,0,0,0,0,1,0,0,0,0,1,0,0,0,0,1,0,0,0,0,1
299150.729,1.95,0,0,0,0,0,0,0.367101461,-0,150.09763,-147.154539,2.94309079,1,0,0,0,0,0,0,0,0,0,0,0,0,0,0,150.09763,4.79015999,-1.85057561,1.86249591e-05,0,0,0,0,0,0,0,0,0,0,0,0,0,0,0,0,0,0,0,0,0,0,0,0,0,0,0,0,0,0,0,0,147.154539,0.0394669884,0.967696673,-0.00384051527,-0.113534285,-0.171277625,0.224999691,-1.51211678,-4.31409623,0.000207874053,1500,1500,1500,1500,1500,1500,1500,1500,0,0,0,0,0.02,0,0,0,0,0.02,0,0,0,0,0.02,0,0,0,0,0.02,0,0,0,0,1,0,0,0,0,1,0,0,0,0,1,0,0,0,0,1
299150.782,2,0,0,0,0,0,0,0.367101461,-0,150.09763,-147.154539,2.94309079,1,0,0,0,0,0,0,0,0,0,0,0,0,0,0,150.09763,4.79015999,-1.85057561,1.86249591e-05,0,0,0,0,0,0,0,0,0,0,0,0,0,0,0,0,0,0,0,0,0,0,0,0,0,0,0,0,0,0,0,0,147.154539,0.0394669884,0.967696673,-0.00384051527,-0.113534285,-0.171277625,0.224999691,-1.51211678,-4.31409623,0.000207874053,1500,1500,1500,1500,1500,1500,1500,1500,0,0,0,0,0.02,0,0,0,0,0.02,0,0,0,0,0.02,0,0,0,0,0.02,0,0,0,0,1,0,0,0,0,1,0,0,0,0,1,0,0,0,0,1
299150.836,2.05,0,0,0,0,0,0,0.367101461,-0,150.09763,-147.154539,2.94309079,1,0,0,0,0,0,0,0,0,0,0,0,0,0,0,150.09763,4.79015999,-1.85057561,1.86249591e-05,0,0,0,0,0,0,0,0,0,0,0,0,0,0,0,0,0,0,0,0,0,0,0,0,0,0,0,0,0,0,0,0,147.154539,0.0394669884,0.967696673,-0.00384051527,-0.113534285,-0.171277625,0.224999691,-1.51211678,-4.31409623,0.000207874053,1500,1500,1500,1500,1500,1500,1500,1500,0,0,0,0,0.02,0,0,0,0,0.02,0,0,0,0,0.02,0,0,0,0,0.02,0,0,0,0,1,0,0,0,0,1,0,0,0,0,1,0,0,0,0,1
299150.89,2.1,0,0,0,0,0,0,0.367101461,-0,150.09763,-147.154539,2.94309079,1,0,0,0,0,0,0,0,0,0,0,0,0,0,0,150.09763,4.79015999,-1.85057561,1.86249591e-05,0,0,0,0,0,0,0,0,0,0,0,0,0,0,0,0,0,0,0,0,0,0,0,0,0,0,0,0,0,0,0,0,147.154539,0.0394669884,0.967696673,-0.00384051527,-0.113534285,-0.171277625,0.224999691,-1.51211678,-4.31409623,0.000207874053,1500,1500,1500,1500,1500,1500,1500,1500,0,0,0,0,0.02,0,0,0,0,0.02,0,0,0,0,0.02,0,0,0,0,0.02,0,0,0,0,1,0,0,0,0,1,0,0,0,0,1,0,0,0,0,1
299150.944,2.15,0,0,0,0,0,0,0.367101461,-0,150.09763,-147.154539,2.94309079,1,0,0,0,0,0,0,0,0,0,0,0,0,0,0,150.09763,4.79015999,-1.85057561,1.86249591e-05,0,0,0,0,0,0,0,0,0,0,0,0,0,0,0,0,0,0,0,0,0,0,0,0,0,0,0,0,0,0,0,0,147.154539,0.0394669884,0.967696673,-0.00384051527,-0.113534285,-0.171277625,0.224999691,-1.51211678,-4.31409623,0.000207874053,1500,1500,1500,1500,1500,1500,1500,1500,0,0,0,0,0.02,0,0,0,0,0.02,0,0,0,0,0.02,0,0,0,0,0.02,0,0,0,0,1,0,0,0,0,1,0,0,0,0,1,0,0,0,0,1
299150.996,2.2,0,0,0,0,0,0,0.367101461,-0,150.09763,-147.154539,2.94309079,1,0,0,0,0,0,0,0,0,0,0,0,0,0,0,150.09763,4.79015999,-1.85057561,1.86249591e-05,0,0,0,0,0,0,0,0,0,0,0,0,0,0,0,0,0,0,0,0,0,0,0,0,0,0,0,0,0,0,0,0,147.154539,0.0394669884,0.967696673,-0.00384051527,-0.113534285,-0.171277625,0.224999691,-1.51211678,-4.31409623,0.000207874053,1500,1500,1500,1500,1500,1500,1500,1500,0,0,0,0,0.02,0,0,0,0,0.02,0,0,0,0,0.02,0,0,0,0,0.02,0,0,0,0,1,0,0,0,0,1,0,0,0,0,1,0,0,0,0,1
299151.05,2.25,0,0,0,0,0,0,0.367101461,-0,150.09763,-147.154539,2.94309079,1,0,0,0,0,0,0,0,0,0,0,0,0,0,0,150.09763,4.79015999,-1.85057561,1.86249591e-05,0,0,0,0,0,0,0,0,0,0,0,0,0,0,0,0,0,0,0,0,0,0,0,0,0,0,0,0,0,0,0,0,147.154539,0.0394669884,0.967696673,-0.00384051527,-0.113534285,-0.171277625,0.224999691,-1.51211678,-4.31409623,0.000207874053,1500,1500,1500,1500,1500,1500,1500,1500,0,0,0,0,0.02,0,0,0,0,0.02,0,0,0,0,0.02,0,0,0,0,0.02,0,0,0,0,1,0,0,0,0,1,0,0,0,0,1,0,0,0,0,1
299151.102,2.3,0,0,0,0,0,0,0.367101461,-0,150.09763,-147.154539,2.94309079,1,0,0,0,0,0,0,0,0,0,0,0,0,0,0,150.09763,4.79015999,-1.85057561,1.86249591e-05,0,0,0,0,0,0,0,0,0,0,0,0,0,0,0,0,0,0,0,0,0,0,0,0,0,0,0,0,0,0,0,0,147.154539,0.0394669884,0.967696673,-0.00384051527,-0.113534285,-0.171277625,0.224999691,-1.51211678,-4.31409623,0.000207874053,1500,1500,1500,1500,1500,1500,1500,1500,0,0,0,0,0.02,0,0,0,0,0.02,0,0,0,0,0.02,0,0,0,0,0.02,0,0,0,0,1,0,0,0,0,1,0,0,0,0,1,0,0,0,0,1
299151.156,2.35,0,0,0,0,0,0,0.367101461,-0,150.09763,-147.154539,2.94309079,1,0,0,0,0,0,0,0,0,0,0,0,0,0,0,150.09763,4.79015999,-1.85057561,1.86249591e-05,0,0,0,0,0,0,0,0,0,0,0,0,0,0,0,0,0,0,0,0,0,0,0,0,0,0,0,0,0,0,0,0,147.154539,0.0394669884,0.967696673,-0.00384051527,-0.113534285,-0.171277625,0.224999691,-1.51211678,-4.31409623,0.000207874053,1500,1500,1500,1500,1500,1500,1500,1500,0,0,0,0,0.02,0,0,0,0,0.02,0,0,0,0,0.02,0,0,0,0,0.02,0,0,0,0,1,0,0,0,0,1,0,0,0,0,1,0,0,0,0,1
299151.208,2.4,0,0,0,0,0,0,0.367101461,-0,150.09763,-147.154539,2.94309079,1,0,0,0,0,0,0,0,0,0,0,0,0,0,0,150.09763,4.79015999,-1.85057561,1.86249591e-05,0,0,0,0,0,0,0,0,0,0,0,0,0,0,0,0,0,0,0,0,0,0,0,0,0,0,0,0,0,0,0,0,147.154539,0.0394669884,0.967696673,-0.00384051527,-0.113534285,-0.171277625,0.224999691,-1.51211678,-4.31409623,0.000207874053,1500,1500,1500,1500,1500,1500,1500,1500,0,0,0,0,0.02,0,0,0,0,0.02,0,0,0,0,0.02,0,0,0,0,0.02,0,0,0,0,1,0,0,0,0,1,0,0,0,0,1,0,0,0,0,1
299151.262,2.45,0,0,0,0,0,0,0.367101461,-0,150.09763,-147.154539,2.94309079,1,0,0,0,0,0,0,0,0,0,0,0,0,0,0,150.09763,4.79015999,-1.85057561,1.86249591e-05,0,0,0,0,0,0,0,0,0,0,0,0,0,0,0,0,0,0,0,0,0,0,0,0,0,0,0,0,0,0,0,0,147.154539,0.0394669884,0.967696673,-0.00384051527,-0.113534285,-0.171277625,0.224999691,-1.51211678,-4.31409623,0.000207874053,1500,1500,1500,1500,1500,1500,1500,1500,0,0,0,0,0.02,0,0,0,0,0.02,0,0,0,0,0.02,0,0,0,0,0.02,0,0,0,0,1,0,0,0,0,1,0,0,0,0,1,0,0,0,0,1
299151.315,2.5,0,0,0,0,0,0,0.367101461,-0,150.09763,-147.154539,2.94309079,1,0,0,0,0,0,0,0,0,0,0,0,0,0,0,150.09763,4.79015999,-1.85057561,1.86249591e-05,0,0,0,0,0,0,0,0,0,0,0,0,0,0,0,0,0,0,0,0,0,0,0,0,0,0,0,0,0,0,0,0,147.154539,0.0394669884,0.967696673,-0.00384051527,-0.113534285,-0.171277625,0.224999691,-1.51211678,-4.31409623,0.000207874053,1500,1500,1500,1500,1500,1500,1500,1500,0,0,0,0,0.02,0,0,0,0,0.02,0,0,0,0,0.02,0,0,0,0,0.02,0,0,0,0,1,0,0,0,0,1,0,0,0,0,1,0,0,0,0,1
299151.373,2.55,0,0,0,0,0,0,0.367101461,-0,150.09763,-147.154539,2.94309079,1,0,0,0,0,0,0,0,0,0,0,0,0,0,0,150.09763,4.79015999,-1.85057561,1.86249591e-05,0,0,0,0,0,0,0,0,0,0,0,0,0,0,0,0,0,0,0,0,0,0,0,0,0,0,0,0,0,0,0,0,147.154539,0.0394669884,0.967696673,-0.00384051527,-0.113534285,-0.171277625,0.224999691,-1.51211678,-4.31409623,0.000207874053,1500,1500,1500,1500,1500,1500,1500,1500,0,0,0,0,0.02,0,0,0,0,0.02,0,0,0,0,0.02,0,0,0,0,0.02,0,0,0,0,1,0,0,0,0,1,0,0,0,0,1,0,0,0,0,1
299151.427,2.6,0,0,0,0,0,0,0.367101461,-0,150.09763,-147.154539,2.94309079,1,0,0,0,0,0,0,0,0,0,0,0,0,0,0,150.09763,4.79015999,-1.85057561,1.86249591e-05,0,0,0,0,0,0,0,0,0,0,0,0,0,0,0,0,0,0,0,0,0,0,0,0,0,0,0,0,0,0,0,0,147.154539,0.0394669884,0.967696673,-0.00384051527,-0.113534285,-0.171277625,0.224999691,-1.51211678,-4.31409623,0.000207874053,1500,1500,1500,1500,1500,1500,1500,1500,0,0,0,0,0.02,0,0,0,0,0.02,0,0,0,0,0.02,0,0,0,0,0.02,0,0,0,0,1,0,0,0,0,1,0,0,0,0,1,0,0,0,0,1
299151.482,2.65,0,0,0,0,0,0,0.367101461,-0,150.09763,-147.154539,2.94309079,1,0,0,0,0,0,0,0,0,0,0,0,0,0,0,150.09763,4.79015999,-1.85057561,1.86249591e-05,0,0,0,0,0,0,0,0,0,0,0,0,0,0,0,0,0,0,0,0,0,0,0,0,0,0,0,0,0,0,0,0,147.154539,0.0394669884,0.967696673,-0.00384051527,-0.113534285,-0.171277625,0.224999691,-1.51211678,-4.31409623,0.000207874053,1500,1500,1500,1500,1500,1500,1500,1500,0,0,0,0,0.02,0,0,0,0,0.02,0,0,0,0,0.02,0,0,0,0,0.02,0,0,0,0,1,0,0,0,0,1,0,0,0,0,1,0,0,0,0,1
299151.535,2.7,0,0,0,0,0,0,0.367101461,-0,150.09763,-147.154539,2.94309079,1,0,0,0,0,0,0,0,0,0,0,0,0,0,0,150.09763,4.79015999,-1.85057561,1.86249591e-05,0,0,0,0,0,0,0,0,0,0,0,0,0,0,0,0,0,0,0,0,0,0,0,0,0,0,0,0,0,0,0,0,147.154539,0.0394669884,0.967696673,-0.00384051527,-0.113534285,-0.171277625,0.224999691,-1.51211678,-4.31409623,0.000207874053,1500,1500,1500,1500,1500,1500,1500,1500,0,0,0,0,0.02,0,0,0,0,0.02,0,0,0,0,0.02,0,0,0,0,0.02,0,0,0,0,1,0,0,0,0,1,0,0,0,0,1,0,0,0,0,1
299151.588,2.75,0,0,0,0,0,0,0.367101461,-0,150.09763,-147.154539,2.94309079,1,0,0,0,0,0,0,0,0,0,0,0,0,0,0,150.09763,4.79015999,-1.85057561,1.86249591e-05,0,0,0,0,0,0,0,0,0,0,0,0,0,0,0,0,0,0,0,0,0,0,0,0,0,0,0,0,0,0,0,0,147.154539,0.0394669884,0.967696673,-0.00384051527,-0.113534285,-0.171277625,0.224999691,-1.51211678,-4.31409623,0.000207874053,1500,1500,1500,1500,1500,1500,1500,1500,0,0,0,0,0.02,0,0,0,0,0.02,0,0,0,0,0.02,0,0,0,0,0.02,0,0,0,0,1,0,0,0,0,1,0,0,0,0,1,0,0,0,0,1
299151.641,2.8,0,0,0,0,0,0,0.367101461,-0,150.09763,-147.154539,2.94309079,1,0,0,0,0,0,0,0,0,0,0,0,0,0,0,150.09763,4.79015999,-1.85057561,1.86249591e-05,0,0,0,0,0,0,0,0,0,0,0,0,0,0,0,0,0,0,0,0,0,0,0,0,0,0,0,0,0,0,0,0,147.154539,0.0394669884,0.967696673,-0.00384051527,-0.113534285,-0.171277625,0.224999691,-1.51211678,-4.31409623,0.000207874053,1500,1500,1500,1500,1500,1500,1500,1500,0,0,0,0,0.02,0,0,0,0,0.02,0,0,0,0,0.02,0,0,0,0,0.02,0,0,0,0,1,0,0,0,0,1,0,0,0,0,1,0,0,0,0,1
299151.695,2.85,0,0,0,0,0,0,0.367101461,-0,150.09763,-147.154539,2.94309079,1,0,0,0,0,0,0,0,0,0,0,0,0,0,0,150.09763,4.79015999,-1.85057561,1.86249591e-05,0,0,0,0,0,0,0,0,0,0,0,0,0,0,0,0,0,0,0,0,0,0,0,0,0,0,0,0,0,0,0,0,147.154539,0.0394669884,0.967696673,-0.00384051527,-0.113534285,-0.171277625,0.224999691,-1.51211678,-4.31409623,0.000207874053,1500,1500,1500,1500,1500,1500,1500,1500,0,0,0,0,0.02,0,0,0,0,0.02,0,0,0,0,0.02,0,0,0,0,0.02,0,0,0,0,1,0,0,0,0,1,0,0,0,0,1,0,0,0,0,1
299151.748,2.9,0,0,0,0,0,0,0.367101461,-0,150.09763,-147.154539,2.94309079,1,0,0,0,0,0,0,0,0,0,0,0,0,0,0,150.09763,4.79015999,-1.85057561,1.86249591e-05,0,0,0,0,0,0,0,0,0,0,0,0,0,0,0,0,0,0,0,0,0,0,0,0,0,0,0,0,0,0,0,0,147.154539,0.0394669884,0.967696673,-0.00384051527,-0.113534285,-0.171277625,0.224999691,-1.51211678,-4.31409623,0.000207874053,1500,1500,1500,1500,1500,1500,1500,1500,0,0,0,0,0.02,0,0,0,0,0.02,0,0,0,0,0.02,0,0,0,0,0.02,0,0,0,0,1,0,0,0,0,1,0,0,0,0,1,0,0,0,0,1
299151.803,2.95,0,0,0,0,0,0,0.367101461,-0,150.09763,-147.154539,2.94309079,1,0,0,0,0,0,0,0,0,0,0,0,0,0,0,150.09763,4.79015999,-1.85057561,1.86249591e-05,0,0,0,0,0,0,0,0,0,0,0,0,0,0,0,0,0,0,0,0,0,0,0,0,0,0,0,0,0,0,0,0,147.154539,0.0394669884,0.967696673,-0.00384051527,-0.113534285,-0.171277625,0.224999691,-1.51211678,-4.31409623,0.000207874053,1500,1500,1500,1500,1500,1500,1500,1500,0,0,0,0,0.02,0,0,0,0,0.02,0,0,0,0,0.02,0,0,0,0,0.02,0,0,0,0,1,0,0,0,0,1,0,0,0,0,1,0,0,0,0,1
299151.859,3,0,0,0,0,0,0,0.367101461,-0,150.09763,-147.154539,2.94309079,1,0,0,0,0,0,0,0,0,0,0,0,0,0,0,150.09763,4.79015999,-1.85057561,1.86249591e-05,0,0,0,0,0,0,0,0,0,0,0,0,0,0,0,0,0,0,0,0,0,0,0,0,0,0,0,0,0,0,0,0,147.154539,0.0394669884,0.967696673,-0.00384051527,-0.113534285,-0.171277625,0.224999691,-1.51211678,-4.31409623,0.000207874053,1500,1500,1500,1500,1500,1500,1500,1500,0,0,0,0,0.02,0,0,0,0,0.02,0,0,0,0,0.02,0,0,0,0,0.02,0,0,0,0,1,0,0,0,0,1,0,0,0,0,1,0,0,0,0,1
299151.92,3.05,0,0,0,0,0,0,0.367101461,-0,150.09763,-147.154539,2.94309079,1,0,0,0,0,0,0,0,0,0,0,0,0,0,0,150.09763,4.79015999,-1.85057561,1.86249591e-05,0,0,0,0,0,0,0,0,0,0,0,0,0,0,0,0,0,0,0,0,0,0,0,0,0,0,0,0,0,0,0,0,147.154539,0.0394669884,0.967696673,-0.00384051527,-0.113534285,-0.171277625,0.224999691,-1.51211678,-4.31409623,0.000207874053,1500,1500,1500,1500,1500,1500,1500,1500,0,0,0,0,0.02,0,0,0,0,0.02,0,0,0,0,0.02,0,0,0,0,0.02,0,0,0,0,1,0,0,0,0,1,0,0,0,0,1,0,0,0,0,1
299151.975,3.1,0,0,0,0,0,0,0.367101461,-0,150.09763,-147.154539,2.94309079,1,0,0,0,0,0,0,0,0,0,0,0,0,0,0,150.09763,4.79015999,-1.85057561,1.86249591e-05,0,0,0,0,0,0,0,0,0,0,0,0,0,0,0,0,0,0,0,0,0,0,0,0,0,0,0,0,0,0,0,0,147.154539,0.0394669884,0.967696673,-0.00384051527,-0.113534285,-0.171277625,0.224999691,-1.51211678,-4.31409623,0.000207874053,1500,1500,1500,1500,1500,1500,1500,1500,0,0,0,0,0.02,0,0,0,0,0.02,0,0,0,0,0.02,0,0,0,0,0.02,0,0,0,0,1,0,0,0,0,1,0,0,0,0,1,0,0,0,0,1
299152.029,3.15,0,0,0,0,0,0,0.367101461,-0,150.09763,-147.154539,2.94309079,1,0,0,0,0,0,0,0,0,0,0,0,0,0,0,150.09763,4.79015999,-1.85057561,1.86249591e-05,0,0,0,0,0,0,0,0,0,0,0,0,0,0,0,0,0,0,0,0,0,0,0,0,0,0,0,0,0,0,0,0,147.154539,0.0394669884,0.967696673,-0.00384051527,-0.113534285,-0.171277625,0.224999691,-1.51211678,-4.31409623,0.000207874053,1500,1500,1500,1500,1500,1500,1500,1500,0,0,0,0,0.02,0,0,0,0,0.02,0,0,0,0,0.02,0,0,0,0,0.02,0,0,0,0,1,0,0,0,0,1,0,0,0,0,1,0,0,0,0,1
299152.08,3.2,0,0,0,0,0,0,0.367101461,-0,150.09763,-147.154539,2.94309079,1,0,0,0,0,0,0,0,0,0,0,0,0,0,0,150.09763,4.79015999,-1.85057561,1.86249591e-05,0,0,0,0,0,0,0,0,0,0,0,0,0,0,0,0,0,0,0,0,0,0,0,0,0,0,0,0,0,0,0,0,147.154539,0.0394669884,0.967696673,-0.00384051527,-0.113534285,-0.171277625,0.224999691,-1.51211678,-4.31409623,0.000207874053,1500,1500,1500,1500,1500,1500,1500,1500,0,0,0,0,0.02,0,0,0,0,0.02,0,0,0,0,0.02,0,0,0,0,0.02,0,0,0,0,1,0,0,0,0,1,0,0,0,0,1,0,0,0,0,1
299152.135,3.25,0,0,0,0,0,0,0.367101461,-0,150.09763,-147.154539,2.94309079,1,0,0,0,0,0,0,0,0,0,0,0,0,0,0,150.09763,4.79015999,-1.85057561,1.86249591e-05,0,0,0,0,0,0,0,0,0,0,0,0,0,0,0,0,0,0,0,0,0,0,0,0,0,0,0,0,0,0,0,0,147.154539,0.0394669884,0.967696673,-0.00384051527,-0.113534285,-0.171277625,0.224999691,-1.51211678,-4.31409623,0.000207874053,1500,1500,1500,1500,1500,1500,1500,1500,0,0,0,0,0.02,0,0,0,0,0.02,0,0,0,0,0.02,0,0,0,0,0.02,0,0,0,0,1,0,0,0,0,1,0,0,0,0,1,0,0,0,0,1
299152.188,3.3,0,0,0,0,0,0,0.367101461,-0,150.09763,-147.154539,2.94309079,1,0,0,0,0,0,0,0,0,0,0,0,0,0,0,150.09763,4.79015999,-1.85057561,1.86249591e-05,0,0,0,0,0,0,0,0,0,0,0,0,0,0,0,0,0,0,0,0,0,0,0,0,0,0,0,0,0,0,0,0,147.154539,0.0394669884,0.967696673,-0.00384051527,-0.113534285,-0.171277625,0.224999691,-1.51211678,-4.31409623,0.000207874053,1500,1500,1500,1500,1500,1500,1500,1500,0,0,0,0,0.02,0,0,0,0,0.02,0,0,0,0,0.02,0,0,0,0,0.02,0,0,0,0,1,0,0,0,0,1,0,0,0,0,1,0,0,0,0,1
299152.242,3.35,0,0,0,0,0,0,0.367101461,-0,150.09763,-147.154539,2.94309079,1,0,0,0,0,0,0,0,0,0,0,0,0,0,0,150.09763,4.79015999,-1.85057561,1.86249591e-05,0,0,0,0,0,0,0,0,0,0,0,0,0,0,0,0,0,0,0,0,0,0,0,0,0,0,0,0,0,0,0,0,147.154539,0.0394669884,0.967696673,-0.00384051527,-0.113534285,-0.171277625,0.224999691,-1.51211678,-4.31409623,0.000207874053,1500,1500,1500,1500,1500,1500,1500,1500,0,0,0,0,0.02,0,0,0,0,0.02,0,0,0,0,0.02,0,0,0,0,0.02,0,0,0,0,1,0,0,0,0,1,0,0,0,0,1,0,0,0,0,1
299152.294,3.4,0,0,0,0,0,0,0.367101461,-0,150.09763,-147.154539,2.94309079,1,0,0,0,0,0,0,0,0,0,0,0,0,0,0,150.09763,4.79015999,-1.85057561,1.86249591e-05,0,0,0,0,0,0,0,0,0,0,0,0,0,0,0,0,0,0,0,0,0,0,0,0,0,0,0,0,0,0,0,0,147.154539,0.0394669884,0.967696673,-0.00384051527,-0.113534285,-0.171277625,0.224999691,-1.51211678,-4.31409623,0.000207874053,1500,1500,1500,1500,1500,1500,1500,1500,0,0,0,0,0.02,0,0,0,0,0.02,0,0,0,0,0.02,0,0,0,0,0.02,0,0,0,0,1,0,0,0,0,1,0,0,0,0,1,0,0,0,0,1
299152.347,3.45,0,0,0,0,0,0,0.367101461,-0,150.09763,-147.154539,2.94309079,1,0,0,0,0,0,0,0,0,0,0,0,0,0,0,150.09763,4.79015999,-1.85057561,1.86249591e-05,0,0,0,0,0,0,0,0,0,0,0,0,0,0,0,0,0,0,0,0,0,0,0,0,0,0,0,0,0,0,0,0,147.154539,0.0394669884,0.967696673,-0.00384051527,-0.113534285,-0.171277625,0.224999691,-1.51211678,-4.31409623,0.000207874053,1500,1500,1500,1500,1500,1500,1500,1500,0,0,0,0,0.02,0,0,0,0,0.02,0,0,0,0,0.02,0,0,0,0,0.02,0,0,0,0,1,0,0,0,0,1,0,0,0,0,1,0,0,0,0,1
299152.399,3.5,0,0,0,0,0,0,0.367101461,-0,150.09763,-147.154539,2.94309079,1,0,0,0,0,0,0,0,0,0,0,0,0,0,0,150.09763,4.79015999,-1.85057561,1.86249591e-05,0,0,0,0,0,0,0,0,0,0,0,0,0,0,0,0,0,0,0,0,0,0,0,0,0,0,0,0,0,0,0,0,147.154539,0.0394669884,0.967696673,-0.00384051527,-0.113534285,-0.171277625,0.224999691,-1.51211678,-4.31409623,0.000207874053,1500,1500,1500,1500,1500,1500,1500,1500,0,0,0,0,0.02,0,0,0,0,0.02,0,0,0,0,0.02,0,0,0,0,0.02,0,0,0,0,1,0,0,0,0,1,0,0,0,0,1,0,0,0,0,1
299152.453,3.55,0,0,0,0,0,0,0.367101461,-0,150.09763,-147.154539,2.94309079,1,0,0,0,0,0,0,0,0,0,0,0,0,0,0,150.09763,4.79015999,-1.85057561,1.86249591e-05,0,0,0,0,0,0,0,0,0,0,0,0,0,0,0,0,0,0,0,0,0,0,0,0,0,0,0,0,0,0,0,0,147.154539,0.0394669884,0.967696673,-0.00384051527,-0.113534285,-0.171277625,0.224999691,-1.51211678,-4.31409623,0.000207874053,1500,1500,1500,1500,1500,1500,1500,1500,0,0,0,0,0.02,0,0,0,0,0.02,0,0,0,0,0.02,0,0,0,0,0.02,0,0,0,0,1,0,0,0,0,1,0,0,0,0,1,0,0,0,0,1
299152.505,3.6,0,0,0,0,0,0,0.367101461,-0,150.09763,-147.154539,2.94309079,1,0,0,0,0,0,0,0,0,0,0,0,0,0,0,150.09763,4.79015999,-1.85057561,1.86249591e-05,0,0,0,0,0,0,0,0,0,0,0,0,0,0,0,0,0,0,0,0,0,0,0,0,0,0,0,0,0,0,0,0,147.154539,0.0394669884,0.967696673,-0.00384051527,-0.113534285,-0.171277625,0.224999691,-1.51211678,-4.31409623,0.000207874053,1500,1500,1500,1500,1500,1500,1500,1500,0,0,0,0,0.02,0,0,0,0,0.02,0,0,0,0,0.02,0,0,0,0,0.02,0,0,0,0,1,0,0,0,0,1,0,0,0,0,1,0,0,0,0,1
299152.559,3.65,0,0,0,0,0,0,0.367101461,-0,150.09763,-147.154539,2.94309079,1,0,0,0,0,0,0,0,0,0,0,0,0,0,0,150.09763,4.79015999,-1.85057561,1.86249591e-05,0,0,0,0,0,0,0,0,0,0,0,0,0,0,0,0,0,0,0,0,0,0,0,0,0,0,0,0,0,0,0,0,147.154539,0.0394669884,0.967696673,-0.00384051527,-0.113534285,-0.171277625,0.224999691,-1.51211678,-4.31409623,0.000207874053,1500,1500,1500,1500,1500,1500,1500,1500,0,0,0,0,0.02,0,0,0,0,0.02,0,0,0,0,0.02,0,0,0,0,0.02,0,0,0,0,1,0,0,0,0,1,0,0,0,0,1,0,0,0,0,1
299152.612,3.7,0,0,0,0,0,0,0.367101461,-0,150.09763,-147.154539,2.94309079,1,0,0,0,0,0,0,0,0,0,0,0,0,0,0,150.09763,4.79015999,-1.85057561,1.86249591e-05,0,0,0,0,0,0,0,0,0,0,0,0,0,0,0,0,0,0,0,0,0,0,0,0,0,0,0,0,0,0,0,0,147.154539,0.0394669884,0.967696673,-0.00384051527,-0.113534285,-0.171277625,0.224999691,-1.51211678,-4.31409623,0.000207874053,1500,1500,1500,1500,1500,1500,1500,1500,0,0,0,0,0.02,0,0,0,0,0.02,0,0,0,0,0.02,0,0,0,0,0.02,0,0,0,0,1,0,0,0,0,1,0,0,0,0,1,0,0,0,0,1
299152.665,3.75,0,0,0,0,0,0,0.367101461,-0,150.09763,-147.154539,2.94309079,1,0,0,0,0,0,0,0,0,0,0,0,0,0,0,150.09763,4.79015999,-1.85057561,1.86249591e-05,0,0,0,0,0,0,0,0,0,0,0,0,0,0,0,0,0,0,0,0,0,0,0,0,0,0,0,0,0,0,0,0,147.154539,0.0394669884,0.967696673,-0.00384051527,-0.113534285,-0.171277625,0.224999691,-1.51211678,-4.31409623,0.000207874053,1500,1500,1500,1500,1500,1500,1500,1500,0,0,0,0,0.02,0,0,0,0,0.02,0,0,0,0,0.02,0,0,0,0,0.02,0,0,0,0,1,0,0,0,0,1,0,0,0,0,1,0,0,0,0,1
299152.716,3.8,0,0,0,0,0,0,0.367101461,-0,150.09763,-147.154539,2.94309079,1,0,0,0,0,0,0,0,0,0,0,0,0,0,0,150.09763,4.79015999,-1.85057561,1.86249591e-05,0,0,0,0,0,0,0,0,0,0,0,0,0,0,0,0,0,0,0,0,0,0,0,0,0,0,0,0,0,0,0,0,147.154539,0.0394669884,0.967696673,-0.00384051527,-0.113534285,-0.171277625,0.224999691,-1.51211678,-4.31409623,0.000207874053,1500,1500,1500,1500,1500,1500,1500,1500,0,0,0,0,0.02,0,0,0,0,0.02,0,0,0,0,0.02,0,0,0,0,0.02,0,0,0,0,1,0,0,0,0,1,0,0,0,0,1,0,0,0,0,1
299152.768,3.85,0,0,0,0,0,0,0.367101461,-0,150.09763,-147.154539,2.94309079,1,0,0,0,0,0,0,0,0,0,0,0,0,0,0,150.09763,4.79015999,-1.85057561,1.86249591e-05,0,0,0,0,0,0,0,0,0,0,0,0,0,0,0,0,0,0,0,0,0,0,0,0,0,0,0,0,0,0,0,0,147.154539,0.0394669884,0.967696673,-0.00384051527,-0.113534285,-0.171277625,0.224999691,-1.51211678,-4.31409623,0.000207874053,1500,1500,1500,1500,1500,1500,1500,1500,0,0,0,0,0.02,0,0,0,0,0.02,0,0,0,0,0.02,0,0,0,0,0.02,0,0,0,0,1,0,0,0,0,1,0,0,0,0,1,0,0,0,0,1
299152.82,3.9,0,0,0,0,0,0,0.367101461,-0,150.09763,-147.154539,2.94309079,1,0,0,0,0,0,0,0,0,0,0,0,0,0,0,150.09763,4.79015999,-1.85057561,1.86249591e-05,0,0,0,0,0,0,0,0,0,0,0,0,0,0,0,0,0,0,0,0,0,0,0,0,0,0,0,0,0,0,0,0,147.154539,0.0394669884,0.967696673,-0.00384051527,-0.113534285,-0.171277625,0.224999691,-1.51211678,-4.31409623,0.000207874053,1500,1500,1500,1500,1500,1500,1500,1500,0,0,0,0,0.02,0,0,0,0,0.02,0,0,0,0,0.02,0,0,0,0,0.02,0,0,0,0,1,0,0,0,0,1,0,0,0,0,1,0,0,0,0,1
299152.873,3.95,0,0,0,0,0,0,0.367101461,-0,150.09763,-147.154539,2.94309079,1,0,0,0,0,0,0,0,0,0,0,0,0,0,0,150.09763,4.79015999,-1.85057561,1.86249591e-05,0,0,0,0,0,0,0,0,0,0,0,0,0,0,0,0,0,0,0,0,0,0,0,0,0,0,0,0,0,0,0,0,147.154539,0.0394669884,0.967696673,-0.00384051527,-0.113534285,-0.171277625,0.224999691,-1.51211678,-4.31409623,0.000207874053,1500,1500,1500,1500,1500,1500,1500,1500,0,0,0,0,0.02,0,0,0,0,0.02,0,0,0,0,0.02,0,0,0,0,0.02,0,0,0,0,1,0,0,0,0,1,0,0,0,0,1,0,0,0,0,1
299152.925,4,0,0,0,0,0,0,0.367101461,-0,150.09763,-147.154539,2.94309079,1,0,0,0,0,0,0,0,0,0,0,0,0,0,0,150.09763,4.79015999,-1.85057561,1.86249591e-05,0,0,0,0,0,0,0,0,0,0,0,0,0,0,0,0,0,0,0,0,0,0,0,0,0,0,0,0,0,0,0,0,147.154539,0.0394669884,0.967696673,-0.00384051527,-0.113534285,-0.171277625,0.224999691,-1.51211678,-4.31409623,0.000207874053,1500,1500,1500,1500,1500,1500,1500,1500,0,0,0,0,0.02,0,0,0,0,0.02,0,0,0,0,0.02,0,0,0,0,0.02,0,0,0,0,1,0,0,0,0,1,0,0,0,0,1,0,0,0,0,1
299152.981,4.05,0,0,0,0,0,0,0.367101461,-0,150.09763,-147.154539,2.94309079,1,0,0,0,0,0,0,0,0,0,0,0,0,0,0,150.09763,4.79015999,-1.85057561,1.86249591e-05,0,0,0,0,0,0,0,0,0,0,0,0,0,0,0,0,0,0,0,0,0,0,0,0,0,0,0,0,0,0,0,0,147.154539,0.0394669884,0.967696673,-0.00384051527,-0.113534285,-0.171277625,0.224999691,-1.51211678,-4.31409623,0.000207874053,1500,1500,1500,1500,1500,1500,1500,1500,0,0,0,0,0.02,0,0,0,0,0.02,0,0,0,0,0.02,0,0,0,0,0.02,0,0,0,0,1,0,0,0,0,1,0,0,0,0,1,0,0,0,0,1
299153.032,4.1,0,0,0,0,0,0,0.367101461,-0,150.09763,-147.154539,2.94309079,1,0,0,0,0,0,0,0,0,0,0,0,0,0,0,150.09763,4.79015999,-1.85057561,1.86249591e-05,0,0,0,0,0,0,0,0,0,0,0,0,0,0,0,0,0,0,0,0,0,0,0,0,0,0,0,0,0,0,0,0,147.154539,0.0394669884,0.967696673,-0.00384051527,-0.113534285,-0.171277625,0.224999691,-1.51211678,-4.31409623,0.000207874053,1500,1500,1500,1500,1500,1500,1500,1500,0,0,0,0,0.02,0,0,0,0,0.02,0,0,0,0,0.02,0,0,0,0,0.02,0,0,0,0,1,0,0,0,0,1,0,0,0,0,1,0,0,0,0,1
299153.085,4.15,0,0,0,0,0,0,0.367101461,-0,150.09763,-147.154539,2.94309079,1,0,0,0,0,0,0,0,0,0,0,0,0,0,0,150.09763,4.79015999,-1.85057561,1.86249591e-05,0,0,0,0,0,0,0,0,0,0,0,0,0,0,0,0,0,0,0,0,0,0,0,0,0,0,0,0,0,0,0,0,147.154539,0.0394669884,0.967696673,-0.00384051527,-0.113534285,-0.171277625,0.224999691,-1.51211678,-4.31409623,0.000207874053,1500,1500,1500,1500,1500,1500,1500,1500,0,0,0,0,0.02,0,0,0,0,0.02,0,0,0,0,0.02,0,0,0,0,0.02,0,0,0,0,1,0,0,0,0,1,0,0,0,0,1,0,0,0,0,1
299153.137,4.2,0,0,0,0,0,0,0.367101461,-0,150.09763,-147.154539,2.94309079,1,0,0,0,0,0,0,0,0,0,0,0,0,0,0,150.09763,4.79015999,-1.85057561,1.86249591e-05,0,0,0,0,0,0,0,0,0,0,0,0,0,0,0,0,0,0,0,0,0,0,0,0,0,0,0,0,0,0,0,0,147.154539,0.0394669884,0.967696673,-0.00384051527,-0.113534285,-0.171277625,0.224999691,-1.51211678,-4.31409623,0.000207874053,1500,1500,1500,1500,1500,1500,1500,1500,0,0,0,0,0.02,0,0,0,0,0.02,0,0,0,0,0.02,0,0,0,0,0.02,0,0,0,0,1,0,0,0,0,1,0,0,0,0,1,0,0,0,0,1
299153.189,4.25,0,0,0,0,0,0,0.367101461,-0,150.09763,-147.154539,2.94309079,1,0,0,0,0,0,0,0,0,0,0,0,0,0,0,150.09763,4.79015999,-1.85057561,1.86249591e-05,0,0,0,0,0,0,0,0,0,0,0,0,0,0,0,0,0,0,0,0,0,0,0,0,0,0,0,0,0,0,0,0,147.154539,0.0394669884,0.967696673,-0.00384051527,-0.113534285,-0.171277625,0.224999691,-1.51211678,-4.31409623,0.000207874053,1500,1500,1500,1500,1500,1500,1500,1500,0,0,0,0,0.02,0,0,0,0,0.02,0,0,0,0,0.02,0,0,0,0,0.02,0,0,0,0,1,0,0,0,0,1,0,0,0,0,1,0,0,0,0,1
299153.242,4.3,0,0,0,0,0,0,0.367101461,-0,150.09763,-147.154539,2.94309079,1,0,0,0,0,0,0,0,0,0,0,0,0,0,0,150.09763,4.79015999,-1.85057561,1.86249591e-05,0,0,0,0,0,0,0,0,0,0,0,0,0,0,0,0,0,0,0,0,0,0,0,0,0,0,0,0,0,0,0,0,147.154539,0.0394669884,0.967696673,-0.00384051527,-0.113534285,-0.171277625,0.224999691,-1.51211678,-4.31409623,0.000207874053,1500,1500,1500,1500,1500,1500,1500,1500,0,0,0,0,0.02,0,0,0,0,0.02,0,0,0,0,0.02,0,0,0,0,0.02,0,0,0,0,1,0,0,0,0,1,0,0,0,0,1,0,0,0,0,1
299153.296,4.35,0,0,0,0,0,0,0.367101461,-0,150.09763,-147.154539,2.94309079,1,0,0,0,0,0,0,0,0,0,0,0,0,0,0,150.09763,4.79015999,-1.85057561,1.86249591e-05,0,0,0,0,0,0,0,0,0,0,0,0,0,0,0,0,0,0,0,0,0,0,0,0,0,0,0,0,0,0,0,0,147.154539,0.0394669884,0.967696673,-0.00384051527,-0.113534285,-0.171277625,0.224999691,-1.51211678,-4.31409623,0.000207874053,1500,1500,1500,1500,1500,1500,1500,1500,0,0,0,0,0.02,0,0,0,0,0.02,0,0,0,0,0.02,0,0,0,0,0.02,0,0,0,0,1,0,0,0,0,1,0,0,0,0,1,0,0,0,0,1
299153.348,4.4,0,0,0,0,0,0,0.367101461,-0,150.09763,-147.154539,2.94309079,1,0,0,0,0,0,0,0,0,0,0,0,0,0,0,150.09763,4.79015999,-1.85057561,1.86249591e-05,0,0,0,0,0,0,0,0,0,0,0,0,0,0,0,0,0,0,0,0,0,0,0,0,0,0,0,0,0,0,0,0,147.154539,0.0394669884,0.967696673,-0.00384051527,-0.113534285,-0.171277625,0.224999691,-1.51211678,-4.31409623,0.000207874053,1500,1500,1500,1500,1500,1500,1500,1500,0,0,0,0,0.02,0,0,0,0,0.02,0,0,0,0,0.02,0,0,0,0,0.02,0,0,0,0,1,0,0,0,0,1,0,0,0,0,1,0,0,0,0,1
299153.401,4.45,0,0,0,0,0,0,0.367101461,-0,150.09763,-147.154539,2.94309079,1,0,0,0,0,0,0,0,0,0,0,0,0,0,0,150.09763,4.79015999,-1.85057561,1.86249591e-05,0,0,0,0,0,0,0,0,0,0,0,0,0,0,0,0,0,0,0,0,0,0,0,0,0,0,0,0,0,0,0,0,147.154539,0.0394669884,0.967696673,-0.00384051527,-0.113534285,-0.171277625,0.224999691,-1.51211678,-4.31409623,0.000207874053,1500,1500,1500,1500,1500,1500,1500,1500,0,0,0,0,0.02,0,0,0,0,0.02,0,0,0,0,0.02,0,0,0,0,0.02,0,0,0,0,1,0,0,0,0,1,0,0,0,0,1,0,0,0,0,1
299153.454,4.5,0,0,0,0,0,0,0.367101461,-0,150.09763,-147.154539,2.94309079,1,0,0,0,0,0,0,0,0,0,0,0,0,0,0,150.09763,4.79015999,-1.85057561,1.86249591e-05,0,0,0,0,0,0,0,0,0,0,0,0,0,0,0,0,0,0,0,0,0,0,0,0,0,0,0,0,0,0,0,0,147.154539,0.0394669884,0.967696673,-0.00384051527,-0.113534285,-0.171277625,0.224999691,-1.51211678,-4.31409623,0.000207874053,1500,1500,1500,1500,1500,1500,1500,1500,0,0,0,0,0.02,0,0,0,0,0.02,0,0,0,0,0.02,0,0,0,0,0.02,0,0,0,0,1,0,0,0,0,1,0,0,0,0,1,0,0,0,0,1
299153.507,4.55,0,0,0,0,0,0,0.367101461,-0,150.09763,-147.154539,2.94309079,1,0,0,0,0,0,0,0,0,0,0,0,0,0,0,150.09763,4.79015999,-1.85057561,1.86249591e-05,0,0,0,0,0,0,0,0,0,0,0,0,0,0,0,0,0,0,0,0,0,0,0,0,0,0,0,0,0,0,0,0,147.154539,0.0394669884,0.967696673,-0.00384051527,-0.113534285,-0.171277625,0.224999691,-1.51211678,-4.31409623,0.000207874053,1500,1500,1500,1500,1500,1500,1500,1500,0,0,0,0,0.02,0,0,0,0,0.02,0,0,0,0,0.02,0,0,0,0,0.02,0,0,0,0,1,0,0,0,0,1,0,0,0,0,1,0,0,0,0,1
299153.56,4.6,0,0,0,0,0,0,0.367101461,-0,150.09763,-147.154539,2.94309079,1,0,0,0,0,0,0,0,0,0,0,0,0,0,0,150.09763,4.79015999,-1.85057561,1.86249591e-05,0,0,0,0,0,0,0,0,0,0,0,0,0,0,0,0,0,0,0,0,0,0,0,0,0,0,0,0,0,0,0,0,147.154539,0.0394669884,0.967696673,-0.00384051527,-0.113534285,-0.171277625,0.224999691,-1.51211678,-4.31409623,0.000207874053,1500,1500,1500,1500,1500,1500,1500,1500,0,0,0,0,0.02,0,0,0,0,0.02,0,0,0,0,0.02,0,0,0,0,0.02,0,0,0,0,1,0,0,0,0,1,0,0,0,0,1,0,0,0,0,1
299153.616,4.65,0,0,0,0,0,0,0.367101461,-0,150.09763,-147.154539,2.94309079,1,0,0,0,0,0,0,0,0,0,0,0,0,0,0,150.09763,4.79015999,-1.85057561,1.86249591e-05,0,0,0,0,0,0,0,0,0,0,0,0,0,0,0,0,0,0,0,0,0,0,0,0,0,0,0,0,0,0,0,0,147.154539,0.0394669884,0.967696673,-0.00384051527,-0.113534285,-0.171277625,0.224999691,-1.51211678,-4.31409623,0.000207874053,1500,1500,1500,1500,1500,1500,1500,1500,0,0,0,0,0.02,0,0,0,0,0.02,0,0,0,0,0.02,0,0,0,0,0.02,0,0,0,0,1,0,0,0,0,1,0,0,0,0,1,0,0,0,0,1
299153.671,4.7,0,0,0,0,0,0,0.367101461,-0,150.09763,-147.154539,2.94309079,1,0,0,0,0,0,0,0,0,0,0,0,0,0,0,150.09763,4.79015999,-1.85057561,1.86249591e-05,0,0,0,0,0,0,0,0,0,0,0,0,0,0,0,0,0,0,0,0,0,0,0,0,0,0,0,0,0,0,0,0,147.154539,0.0394669884,0.967696673,-0.00384051527,-0.113534285,-0.171277625,0.224999691,-1.51211678,-4.31409623,0.000207874053,1500,1500,1500,1500,1500,1500,1500,1500,0,0,0,0,0.02,0,0,0,0,0.02,0,0,0,0,0.02,0,0,0,0,0.02,0,0,0,0,1,0,0,0,0,1,0,0,0,0,1,0,0,0,0,1
299153.725,4.75,0,0,0,0,0,0,0.367101461,-0,150.09763,-147.154539,2.94309079,1,0,0,0,0,0,0,0,0,0,0,0,0,0,0,150.09763,4.79015999,-1.85057561,1.86249591e-05,0,0,0,0,0,0,0,0,0,0,0,0,0,0,0,0,0,0,0,0,0,0,0,0,0,0,0,0,0,0,0,0,147.154539,0.0394669884,0.967696673,-0.00384051527,-0.113534285,-0.171277625,0.224999691,-1.51211678,-4.31409623,0.000207874053,1500,1500,1500,1500,1500,1500,1500,1500,0,0,0,0,0.02,0,0,0,0,0.02,0,0,0,0,0.02,0,0,0,0,0.02,0,0,0,0,1,0,0,0,0,1,0,0,0,0,1,0,0,0,0,1
299153.778,4.8,0,0,0,0,0,0,0.367101461,-0,150.09763,-147.154539,2.94309079,1,0,0,0,0,0,0,0,0,0,0,0,0,0,0,150.09763,4.79015999,-1.85057561,1.86249591e-05,0,0,0,0,0,0,0,0,0,0,0,0,0,0,0,0,0,0,0,0,0,0,0,0,0,0,0,0,0,0,0,0,147.154539,0.0394669884,0.967696673,-0.00384051527,-0.113534285,-0.171277625,0.224999691,-1.51211678,-4.31409623,0.000207874053,1500,1500,1500,1500,1500,1500,1500,1500,0,0,0,0,0.02,0,0,0,0,0.02,0,0,0,0,0.02,0,0,0,0,0.02,0,0,0,0,1,0,0,0,0,1,0,0,0,0,1,0,0,0,0,1
299153.832,4.85,0,0,0,0,0,0,0.367101461,-0,150.09763,-147.154539,2.94309079,1,0,0,0,0,0,0,0,0,0,0,0,0,0,0,150.09763,4.79015999,-1.85057561,1.86249591e-05,0,0,0,0,0,0,0,0,0,0,0,0,0,0,0,0,0,0,0,0,0,0,0,0,0,0,0,0,0,0,0,0,147.154539,0.0394669884,0.967696673,-0.00384051527,-0.113534285,-0.171277625,0.224999691,-1.51211678,-4.31409623,0.000207874053,1500,1500,1500,1500,1500,1500,1500,1500,0,0,0,0,0.02,0,0,0,0,0.02,0,0,0,0,0.02,0,0,0,0,0.02,0,0,0,0,1,0,0,0,0,1,0,0,0,0,1,0,0,0,0,1
299153.887,4.9,0,0,0,0,0,0,0.367101461,-0,150.09763,-147.154539,2.94309079,1,0,0,0,0,0,0,0,0,0,0,0,0,0,0,150.09763,4.79015999,-1.85057561,1.86249591e-05,0,0,0,0,0,0,0,0,0,0,0,0,0,0,0,0,0,0,0,0,0,0,0,0,0,0,0,0,0,0,0,0,147.154539,0.0394669884,0.967696673,-0.00384051527,-0.113534285,-0.171277625,0.224999691,-1.51211678,-4.31409623,0.000207874053,1500,1500,1500,1500,1500,1500,1500,1500,0,0,0,0,0.02,0,0,0,0,0.02,0,0,0,0,0.02,0,0,0,0,0.02,0,0,0,0,1,0,0,0,0,1,0,0,0,0,1,0,0,0,0,1
299153.942,4.95,0,0,0,0,0,0,0.367101461,-0,150.09763,-147.154539,2.94309079,1,0,0,0,0,0,0,0,0,0,0,0,0,0,0,150.09763,4.79015999,-1.85057561,1.86249591e-05,0,0,0,0,0,0,0,0,0,0,0,0,0,0,0,0,0,0,0,0,0,0,0,0,0,0,0,0,0,0,0,0,147.154539,0.0394669884,0.967696673,-0.00384051527,-0.113534285,-0.171277625,0.224999691,-1.51211678,-4.31409623,0.000207874053,1500,1500,1500,1500,1500,1500,1500,1500,0,0,0,0,0.02,0,0,0,0,0.02,0,0,0,0,0.02,0,0,0,0,0.02,0,0,0,0,1,0,0,0,0,1,0,0,0,0,1,0,0,0,0,1
299153.995,5,0,0,0,0,0,0,0.367101461,-0,150.09763,-147.154539,2.94309079,1,0,0,0,0,0,0,0,0,0,0,0,0,0,0,150.09763,4.79015999,-1.85057561,1.86249591e-05,0,0,0,0,0,0,0,0,0,0,0,0,0,0,0,0,0,0,0,0,0,0,0,0,0,0,0,0,0,0,0,0,147.154539,0.0394669884,0.967696673,-0.00384051527,-0.113534285,-0.171277625,0.224999691,-1.51211678,-4.31409623,0.000207874053,1500,1500,1500,1500,1500,1500,1500,1500,0,0,0,0,0.02,0,0,0,0,0.02,0,0,0,0,0.02,0,0,0,0,0.02,0,0,0,0,1,0,0,0,0,1,0,0,0,0,1,0,0,0,0,1
299154.05,5.05,0,0,0,0,0,0,0.367101461,-0,150.09763,-147.154539,2.94309079,1,0,0,0,0,0,0,0,0,0,0,0,0,0,0,150.09763,4.79015999,-1.85057561,1.86249591e-05,0,0,0,0,0,0,0,0,0,0,0,0,0,0,0,0,0,0,0,0,0,0,0,0,0,0,0,0,0,0,0,0,147.154539,0.0394669884,0.967696673,-0.00384051527,-0.113534285,-0.171277625,0.224999691,-1.51211678,-4.31409623,0.000207874053,1500,1500,1500,1500,1500,1500,1500,1500,0,0,0,0,0.02,0,0,0,0,0.02,0,0,0,0,0.02,0,0,0,0,0.02,0,0,0,0,1,0,0,0,0,1,0,0,0,0,1,0,0,0,0,1
299154.102,5.1,0,0,0,0,0,0,0.367101461,-0,150.09763,-147.154539,2.94309079,1,0,0,0,0,0,0,0,0,0,0,0,0,0,0,150.09763,4.79015999,-1.85057561,1.86249591e-05,0,0,0,0,0,0,0,0,0,0,0,0,0,0,0,0,0,0,0,0,0,0,0,0,0,0,0,0,0,0,0,0,147.154539,0.0394669884,0.967696673,-0.00384051527,-0.113534285,-0.171277625,0.224999691,-1.51211678,-4.31409623,0.000207874053,1500,1500,1500,1500,1500,1500,1500,1500,0,0,0,0,0.02,0,0,0,0,0.02,0,0,0,0,0.02,0,0,0,0,0.02,0,0,0,0,1,0,0,0,0,1,0,0,0,0,1,0,0,0,0,1
299154.157,5.15,0,0,0,0,0,0,0.367101461,-0,150.09763,-147.154539,2.94309079,1,0,0,0,0,0,0,0,0,0,0,0,0,0,0,150.09763,4.79015999,-1.85057561,1.86249591e-05,0,0,0,0,0,0,0,0,0,0,0,0,0,0,0,0,0,0,0,0,0,0,0,0,0,0,0,0,0,0,0,0,147.154539,0.0394669884,0.967696673,-0.00384051527,-0.113534285,-0.171277625,0.224999691,-1.51211678,-4.31409623,0.000207874053,1500,1500,1500,1500,1500,1500,1500,1500,0,0,0,0,0.02,0,0,0,0,0.02,0,0,0,0,0.02,0,0,0,0,0.02,0,0,0,0,1,0,0,0,0,1,0,0,0,0,1,0,0,0,0,1
299154.21,5.2,0,0,0,0,0,0,0.367101461,-0,150.09763,-147.154539,2.94309079,1,0,0,0,0,0,0,0,0,0,0,0,0,0,0,150.09763,4.79015999,-1.85057561,1.86249591e-05,0,0,0,0,0,0,0,0,0,0,0,0,0,0,0,0,0,0,0,0,0,0,0,0,0,0,0,0,0,0,0,0,147.154539,0.0394669884,0.967696673,-0.00384051527,-0.113534285,-0.171277625,0.224999691,-1.51211678,-4.31409623,0.000207874053,1500,1500,1500,1500,1500,1500,1500,1500,0,0,0,0,0.02,0,0,0,0,0.02,0,0,0,0,0.02,0,0,0,0,0.02,0,0,0,0,1,0,0,0,0,1,0,0,0,0,1,0,0,0,0,1
299154.262,5.25,0,0,0,0,0,0,0.367101461,-0,150.09763,-147.154539,2.94309079,1,0,0,0,0,0,0,0,0,0,0,0,0,0,0,150.09763,4.79015999,-1.85057561,1.86249591e-05,0,0,0,0,0,0,0,0,0,0,0,0,0,0,0,0,0,0,0,0,0,0,0,0,0,0,0,0,0,0,0,0,147.154539,0.0394669884,0.967696673,-0.00384051527,-0.113534285,-0.171277625,0.224999691,-1.51211678,-4.31409623,0.000207874053,1500,1500,1500,1500,1500,1500,1500,1500,0,0,0,0,0.02,0,0,0,0,0.02,0,0,0,0,0.02,0,0,0,0,0.02,0,0,0,0,1,0,0,0,0,1,0,0,0,0,1,0,0,0,0,1
299154.315,5.3,0,0,0,0,0,0,0.367101461,-0,150.09763,-147.154539,2.94309079,1,0,0,0,0,0,0,0,0,0,0,0,0,0,0,150.09763,4.79015999,-1.85057561,1.86249591e-05,0,0,0,0,0,0,0,0,0,0,0,0,0,0,0,0,0,0,0,0,0,0,0,0,0,0,0,0,0,0,0,0,147.154539,0.0394669884,0.967696673,-0.00384051527,-0.113534285,-0.171277625,0.224999691,-1.51211678,-4.31409623,0.000207874053,1500,1500,1500,1500,1500,1500,1500,1500,0,0,0,0,0.02,0,0,0,0,0.02,0,0,0,0,0.02,0,0,0,0,0.02,0,0,0,0,1,0,0,0,0,1,0,0,0,0,1,0,0,0,0,1
299154.369,5.35,0,0,0,0,0,0,0.367101461,-0,150.09763,-147.154539,2.94309079,1,0,0,0,0,0,0,0,0,0,0,0,0,0,0,150.09763,4.79015999,-1.85057561,1.86249591e-05,0,0,0,0,0,0,0,0,0,0,0,0,0,0,0,0,0,0,0,0,0,0,0,0,0,0,0,0,0,0,0,0,147.154539,0.0394669884,0.967696673,-0.00384051527,-0.113534285,-0.171277625,0.224999691,-1.51211678,-4.31409623,0.000207874053,1500,1500,1500,1500,1500,1500,1500,1500,0,0,0,0,0.02,0,0,0,0,0.02,0,0,0,0,0.02,0,0,0,0,0.02,0,0,0,0,1,0,0,0,0,1,0,0,0,0,1,0,0,0,0,1
299154.421,5.4,0,0,0,0,0,0,0.367101461,-0,150.09763,-147.154539,2.94309079,1,0,0,0,0,0,0,0,0,0,0,0,0,0,0,150.09763,4.79015999,-1.85057561,1.86249591e-05,0,0,0,0,0,0,0,0,0,0,0,0,0,0,0,0,0,0,0,0,0,0,0,0,0,0,0,0,0,0,0,0,147.154539,0.0394669884,0.967696673,-0.00384051527,-0.113534285,-0.171277625,0.224999691,-1.51211678,-4.31409623,0.000207874053,1500,1500,1500,1500,1500,1500,1500,1500,0,0,0,0,0.02,0,0,0,0,0.02,0,0,0,0,0.02,0,0,0,0,0.02,0,0,0,0,1,0,0,0,0,1,0,0,0,0,1,0,0,0,0,1
299154.474,5.45,0,0,0,0,0,0,0.367101461,-0,150.09763,-147.154539,2.94309079,1,0,0,0,0,0,0,0,0,0,0,0,0,0,0,150.09763,4.79015999,-1.85057561,1.86249591e-05,0,0,0,0,0,0,0,0,0,0,0,0,0,0,0,0,0,0,0,0,0,0,0,0,0,0,0,0,0,0,0,0,147.154539,0.0394669884,0.967696673,-0.00384051527,-0.113534285,-0.171277625,0.224999691,-1.51211678,-4.31409623,0.000207874053,1500,1500,1500,1500,1500,1500,1500,1500,0,0,0,0,0.02,0,0,0,0,0.02,0,0,0,0,0.02,0,0,0,0,0.02,0,0,0,0,1,0,0,0,0,1,0,0,0,0,1,0,0,0,0,1
299154.526,5.5,0,0,0,0,0,0,0.367101461,-0,150.09763,-147.154539,2.94309079,1,0,0,0,0,0,0,0,0,0,0,0,0,0,0,150.09763,4.79015999,-1.85057561,1.86249591e-05,0,0,0,0,0,0,0,0,0,0,0,0,0,0,0,0,0,0,0,0,0,0,0,0,0,0,0,0,0,0,0,0,147.154539,0.0394669884,0.967696673,-0.00384051527,-0.113534285,-0.171277625,0.224999691,-1.51211678,-4.31409623,0.000207874053,1500,1500,1500,1500,1500,1500,1500,1500,0,0,0,0,0.02,0,0,0,0,0.02,0,0,0,0,0.02,0,0,0,0,0.02,0,0,0,0,1,0,0,0,0,1,0,0,0,0,1,0,0,0,0,1
299154.58,5.55,0,0,0,0,0,0,0.367101461,-0,150.09763,-147.154539,2.94309079,1,0,0,0,0,0,0,0,0,0,0,0,0,0,0,150.09763,4.79015999,-1.85057561,1.86249591e-05,0,0,0,0,0,0,0,0,0,0,0,0,0,0,0,0,0,0,0,0,0,0,0,0,0,0,0,0,0,0,0,0,147.154539,0.0394669884,0.967696673,-0.00384051527,-0.113534285,-0.171277625,0.224999691,-1.51211678,-4.31409623,0.000207874053,1500,1500,1500,1500,1500,1500,1500,1500,0,0,0,0,0.02,0,0,0,0,0.02,0,0,0,0,0.02,0,0,0,0,0.02,0,0,0,0,1,0,0,0,0,1,0,0,0,0,1,0,0,0,0,1
299154.631,5.6,0,0,0,0,0,0,0.367101461,-0,150.09763,-147.154539,2.94309079,1,0,0,0,0,0,0,0,0,0,0,0,0,0,0,150.09763,4.79015999,-1.85057561,1.86249591e-05,0,0,0,0,0,0,0,0,0,0,0,0,0,0,0,0,0,0,0,0,0,0,0,0,0,0,0,0,0,0,0,0,147.154539,0.0394669884,0.967696673,-0.00384051527,-0.113534285,-0.171277625,0.224999691,-1.51211678,-4.31409623,0.000207874053,1500,1500,1500,1500,1500,1500,1500,1500,0,0,0,0,0.02,0,0,0,0,0.02,0,0,0,0,0.02,0,0,0,0,0.02,0,0,0,0,1,0,0,0,0,1,0,0,0,0,1,0,0,0,0,1
299154.685,5.65,0,0,0,0,0,0,0.367101461,-0,150.09763,-147.154539,2.94309079,1,0,0,0,0,0,0,0,0,0,0,0,0,0,0,150.09763,4.79015999,-1.85057561,1.86249591e-05,0,0,0,0,0,0,0,0,0,0,0,0,0,0,0,0,0,0,0,0,0,0,0,0,0,0,0,0,0,0,0,0,147.154539,0.0394669884,0.967696673,-0.00384051527,-0.113534285,-0.171277625,0.224999691,-1.51211678,-4.31409623,0.000207874053,1500,1500,1500,1500,1500,1500,1500,1500,0,0,0,0,0.02,0,0,0,0,0.02,0,0,0,0,0.02,0,0,0,0,0.02,0,0,0,0,1,0,0,0,0,1,0,0,0,0,1,0,0,0,0,1
299154.738,5.7,0,0,0,0,0,0,0.367101461,-0,150.09763,-147.154539,2.94309079,1,0,0,0,0,0,0,0,0,0,0,0,0,0,0,150.09763,4.79015999,-1.85057561,1.86249591e-05,0,0,0,0,0,0,0,0,0,0,0,0,0,0,0,0,0,0,0,0,0,0,0,0,0,0,0,0,0,0,0,0,147.154539,0.0394669884,0.967696673,-0.00384051527,-0.113534285,-0.171277625,0.224999691,-1.51211678,-4.31409623,0.000207874053,1500,1500,1500,1500,1500,1500,1500,1500,0,0,0,0,0.02,0,0,0,0,0.02,0,0,0,0,0.02,0,0,0,0,0.02,0,0,0,0,1,0,0,0,0,1,0,0,0,0,1,0,0,0,0,1
299154.793,5.75,0,0,0,0,0,0,0.367101461,-0,150.09763,-147.154539,2.94309079,1,0,0,0,0,0,0,0,0,0,0,0,0,0,0,150.09763,4.79015999,-1.85057561,1.86249591e-05,0,0,0,0,0,0,0,0,0,0,0,0,0,0,0,0,0,0,0,0,0,0,0,0,0,0,0,0,0,0,0,0,147.154539,0.0394669884,0.967696673,-0.00384051527,-0.113534285,-0.171277625,0.224999691,-1.51211678,-4.31409623,0.000207874053,1500,1500,1500,1500,1500,1500,1500,1500,0,0,0,0,0.02,0,0,0,0,0.02,0,0,0,0,0.02,0,0,0,0,0.02,0,0,0,0,1,0,0,0,0,1,0,0,0,0,1,0,0,0,0,1
299154.845,5.8,0,0,0,0,0,0,0.367101461,-0,150.09763,-147.154539,2.94309079,1,0,0,0,0,0,0,0,0,0,0,0,0,0,0,150.09763,4.79015999,-1.85057561,1.86249591e-05,0,0,0,0,0,0,0,0,0,0,0,0,0,0,0,0,0,0,0,0,0,0,0,0,0,0,0,0,0,0,0,0,147.154539,0.0394669884,0.967696673,-0.00384051527,-0.113534285,-0.171277625,0.224999691,-1.51211678,-4.31409623,0.000207874053,1500,1500,1500,1500,1500,1500,1500,1500,0,0,0,0,0.02,0,0,0,0,0.02,0,0,0,0,0.02,0,0,0,0,0.02,0,0,0,0,1,0,0,0,0,1,0,0,0,0,1,0,0,0,0,1
299154.898,5.85,0,0,0,0,0,0,0.367101461,-0,150.09763,-147.154539,2.94309079,1,0,0,0,0,0,0,0,0,0,0,0,0,0,0,150.09763,4.79015999,-1.85057561,1.86249591e-05,0,0,0,0,0,0,0,0,0,0,0,0,0,0,0,0,0,0,0,0,0,0,0,0,0,0,0,0,0,0,0,0,147.154539,0.0394669884,0.967696673,-0.00384051527,-0.113534285,-0.171277625,0.224999691,-1.51211678,-4.31409623,0.000207874053,1500,1500,1500,1500,1500,1500,1500,1500,0,0,0,0,0.02,0,0,0,0,0.02,0,0,0,0,0.02,0,0,0,0,0.02,0,0,0,0,1,0,0,0,0,1,0,0,0,0,1,0,0,0,0,1
299154.951,5.9,0,0,0,0,0,0,0.367101461,-0,150.09763,-147.154539,2.94309079,1,0,0,0,0,0,0,0,0,0,0,0,0,0,0,150.09763,4.79015999,-1.85057561,1.86249591e-05,0,0,0,0,0,0,0,0,0,0,0,0,0,0,0,0,0,0,0,0,0,0,0,0,0,0,0,0,0,0,0,0,147.154539,0.0394669884,0.967696673,-0.00384051527,-0.113534285,-0.171277625,0.224999691,-1.51211678,-4.31409623,0.000207874053,1500,1500,1500,1500,1500,1500,1500,1500,0,0,0,0,0.02,0,0,0,0,0.02,0,0,0,0,0.02,0,0,0,0,0.02,0,0,0,0,1,0,0,0,0,1,0,0,0,0,1,0,0,0,0,1
299155.004,5.95,0,0,0,0,0,0,0.367101461,-0,150.09763,-147.154539,2.94309079,1,0,0,0,0,0,0,0,0,0,0,0,0,0,0,150.09763,4.79015999,-1.85057561,1.86249591e-05,0,0,0,0,0,0,0,0,0,0,0,0,0,0,0,0,0,0,0,0,0,0,0,0,0,0,0,0,0,0,0,0,147.154539,0.0394669884,0.967696673,-0.00384051527,-0.113534285,-0.171277625,0.224999691,-1.51211678,-4.31409623,0.000207874053,1500,1500,1500,1500,1500,1500,1500,1500,0,0,0,0,0.02,0,0,0,0,0.02,0,0,0,0,0.02,0,0,0,0,0.02,0,0,0,0,1,0,0,0,0,1,0,0,0,0,1,0,0,0,0,1
299155.057,6,0,0,0,0,0,0,0.367101461,-0,150.09763,-147.154539,2.94309079,1,0,0,0,0,0,0,0,0,0,0,0,0,0,0,150.09763,4.79015999,-1.85057561,1.86249591e-05,0,0,0,0,0,0,0,0,0,0,0,0,0,0,0,0,0,0,0,0,0,0,0,0,0,0,0,0,0,0,0,0,147.154539,0.0394669884,0.967696673,-0.00384051527,-0.113534285,-0.171277625,0.224999691,-1.51211678,-4.31409623,0.000207874053,1500,1500,1500,1500,1500,1500,1500,1500,0,0,0,0,0.02,0,0,0,0,0.02,0,0,0,0,0.02,0,0,0,0,0.02,0,0,0,0,1,0,0,0,0,1,0,0,0,0,1,0,0,0,0,1
299155.111,6.05,0,0,0,0,0,0,0.367101461,-0,150.09763,-147.154539,2.94309079,1,0,0,0,0,0,0,0,0,0,0,0,0,0,0,150.09763,4.79015999,-1.85057561,1.86249591e-05,0,0,0,0,0,0,0,0,0,0,0,0,0,0,0,0,0,0,0,0,0,0,0,0,0,0,0,0,0,0,0,0,147.154539,0.0394669884,0.967696673,-0.00384051527,-0.113534285,-0.171277625,0.224999691,-1.51211678,-4.31409623,0.000207874053,1500,1500,1500,1500,1500,1500,1500,1500,0,0,0,0,0.02,0,0,0,0,0.02,0,0,0,0,0.02,0,0,0,0,0.02,0,0,0,0,1,0,0,0,0,1,0,0,0,0,1,0,0,0,0,1
299155.163,6.1,0,0,0,0,0,0,0.367101461,-0,150.09763,-147.154539,2.94309079,1,0,0,0,0,0,0,0,0,0,0,0,0,0,0,150.09763,4.79015999,-1.85057561,1.86249591e-05,0,0,0,0,0,0,0,0,0,0,0,0,0,0,0,0,0,0,0,0,0,0,0,0,0,0,0,0,0,0,0,0,147.154539,0.0394669884,0.967696673,-0.00384051527,-0.113534285,-0.171277625,0.224999691,-1.51211678,-4.31409623,0.000207874053,1500,1500,1500,1500,1500,1500,1500,1500,0,0,0,0,0.02,0,0,0,0,0.02,0,0,0,0,0.02,0,0,0,0,0.02,0,0,0,0,1,0,0,0,0,1,0,0,0,0,1,0,0,0,0,1
299155.217,6.15,0,0,0,0,0,0,0.367101461,-0,150.09763,-147.154539,2.94309079,1,0,0,0,0,0,0,0,0,0,0,0,0,0,0,150.09763,4.79015999,-1.85057561,1.86249591e-05,0,0,0,0,0,0,0,0,0,0,0,0,0,0,0,0,0,0,0,0,0,0,0,0,0,0,0,0,0,0,0,0,147.154539,0.0394669884,0.967696673,-0.00384051527,-0.113534285,-0.171277625,0.224999691,-1.51211678,-4.31409623,0.000207874053,1500,1500,1500,1500,1500,1500,1500,1500,0,0,0,0,0.02,0,0,0,0,0.02,0,0,0,0,0.02,0,0,0,0,0.02,0,0,0,0,1,0,0,0,0,1,0,0,0,0,1,0,0,0,0,1
299155.271,6.2,0,0,0,0,0,0,0.367101461,-0,150.09763,-147.154539,2.94309079,1,0,0,0,0,0,0,0,0,0,0,0,0,0,0,150.09763,4.79015999,-1.85057561,1.86249591e-05,0,0,0,0,0,0,0,0,0,0,0,0,0,0,0,0,0,0,0,0,0,0,0,0,0,0,0,0,0,0,0,0,147.154539,0.0394669884,0.967696673,-0.00384051527,-0.113534285,-0.171277625,0.224999691,-1.51211678,-4.31409623,0.000207874053,1500,1500,1500,1500,1500,1500,1500,1500,0,0,0,0,0.02,0,0,0,0,0.02,0,0,0,0,0.02,0,0,0,0,0.02,0,0,0,0,1,0,0,0,0,1,0,0,0,0,1,0,0,0,0,1
299155.324,6.25,0,0,0,0,0,0,0.367101461,-0,150.09763,-147.154539,2.94309079,1,0,0,0,0,0,0,0,0,0,0,0,0,0,0,150.09763,4.79015999,-1.85057561,1.86249591e-05,0,0,0,0,0,0,0,0,0,0,0,0,0,0,0,0,0,0,0,0,0,0,0,0,0,0,0,0,0,0,0,0,147.154539,0.0394669884,0.967696673,-0.00384051527,-0.113534285,-0.171277625,0.224999691,-1.51211678,-4.31409623,0.000207874053,1500,1500,1500,1500,1500,1500,1500,1500,0,0,0,0,0.02,0,0,0,0,0.02,0,0,0,0,0.02,0,0,0,0,0.02,0,0,0,0,1,0,0,0,0,1,0,0,0,0,1,0,0,0,0,1
299155.377,6.3,0,0,0,0,0,0,0.367101461,-0,150.09763,-147.154539,2.94309079,1,0,0,0,0,0,0,0,0,0,0,0,0,0,0,150.09763,4.79015999,-1.85057561,1.86249591e-05,0,0,0,0,0,0,0,0,0,0,0,0,0,0,0,0,0,0,0,0,0,0,0,0,0,0,0,0,0,0,0,0,147.154539,0.0394669884,0.967696673,-0.00384051527,-0.113534285,-0.171277625,0.224999691,-1.51211678,-4.31409623,0.000207874053,1500,1500,1500,1500,1500,1500,1500,1500,0,0,0,0,0.02,0,0,0,0,0.02,0,0,0,0,0.02,0,0,0,0,0.02,0,0,0,0,1,0,0,0,0,1,0,0,0,0,1,0,0,0,0,1
299155.431,6.35,0,0,0,0,0,0,0.367101461,-0,150.09763,-147.154539,2.94309079,1,0,0,0,0,0,0,0,0,0,0,0,0,0,0,150.09763,4.79015999,-1.85057561,1.86249591e-05,0,0,0,0,0,0,0,0,0,0,0,0,0,0,0,0,0,0,0,0,0,0,0,0,0,0,0,0,0,0,0,0,147.154539,0.0394669884,0.967696673,-0.00384051527,-0.113534285,-0.171277625,0.224999691,-1.51211678,-4.31409623,0.000207874053,1500,1500,1500,1500,1500,1500,1500,1500,0,0,0,0,0.02,0,0,0,0,0.02,0,0,0,0,0.02,0,0,0,0,0.02,0,0,0,0,1,0,0,0,0,1,0,0,0,0,1,0,0,0,0,1
299155.486,6.4,0,0,0,0,0,0,0.367101461,-0,150.09763,-147.154539,2.94309079,1,0,0,0,0,0,0,0,0,0,0,0,0,0,0,150.09763,4.79015999,-1.85057561,1.86249591e-05,0,0,0,0,0,0,0,0,0,0,0,0,0,0,0,0,0,0,0,0,0,0,0,0,0,0,0,0,0,0,0,0,147.154539,0.0394669884,0.967696673,-0.00384051527,-0.113534285,-0.171277625,0.224999691,-1.51211678,-4.31409623,0.000207874053,1500,1500,1500,1500,1500,1500,1500,1500,0,0,0,0,0.02,0,0,0,0,0.02,0,0,0,0,0.02,0,0,0,0,0.02,0,0,0,0,1,0,0,0,0,1,0,0,0,0,1,0,0,0,0,1
299155.54,6.45,0,0,0,0,0,0,0.367101461,-0,150.09763,-147.154539,2.94309079,1,0,0,0,0,0,0,0,0,0,0,0,0,0,0,150.09763,4.79015999,-1.85057561,1.86249591e-05,0,0,0,0,0,0,0,0,0,0,0,0,0,0,0,0,0,0,0,0,0,0,0,0,0,0,0,0,0,0,0,0,147.154539,0.0394669884,0.967696673,-0.00384051527,-0.113534285,-0.171277625,0.224999691,-1.51211678,-4.31409623,0.000207874053,1500,1500,1500,1500,1500,1500,1500,1500,0,0,0,0,0.02,0,0,0,0,0.02,0,0,0,0,0.02,0,0,0,0,0.02,0,0,0,0,1,0,0,0,0,1,0,0,0,0,1,0,0,0,0,1
299155.594,6.5,0,0,0,0,0,0,0.367101461,-0,150.09763,-147.154539,2.94309079,1,0,0,0,0,0,0,0,0,0,0,0,0,0,0,150.09763,4.79015999,-1.85057561,1.86249591e-05,0,0,0,0,0,0,0,0,0,0,0,0,0,0,0,0,0,0,0,0,0,0,0,0,0,0,0,0,0,0,0,0,147.154539,0.0394669884,0.967696673,-0.00384051527,-0.113534285,-0.171277625,0.224999691,-1.51211678,-4.31409623,0.000207874053,1500,1500,1500,1500,1500,1500,1500,1500,0,0,0,0,0.02,0,0,0,0,0.02,0,0,0,0,0.02,0,0,0,0,0.02,0,0,0,0,1,0,0,0,0,1,0,0,0,0,1,0,0,0,0,1
299155.649,6.55,0,0,0,0,0,0,0.367101461,-0,150.09763,-147.154539,2.94309079,1,0,0,0,0,0,0,0,0,0,0,0,0,0,0,150.09763,4.79015999,-1.85057561,1.86249591e-05,0,0,0,0,0,0,0,0,0,0,0,0,0,0,0,0,0,0,0,0,0,0,0,0,0,0,0,0,0,0,0,0,147.154539,0.0394669884,0.967696673,-0.00384051527,-0.113534285,-0.171277625,0.224999691,-1.51211678,-4.31409623,0.000207874053,1500,1500,1500,1500,1500,1500,1500,1500,0,0,0,0,0.02,0,0,0,0,0.02,0,0,0,0,0.02,0,0,0,0,0.02,0,0,0,0,1,0,0,0,0,1,0,0,0,0,1,0,0,0,0,1
299155.702,6.6,0,0,0,0,0,0,0.367101461,-0,150.09763,-147.154539,2.94309079,1,0,0,0,0,0,0,0,0,0,0,0,0,0,0,150.09763,4.79015999,-1.85057561,1.86249591e-05,0,0,0,0,0,0,0,0,0,0,0,0,0,0,0,0,0,0,0,0,0,0,0,0,0,0,0,0,0,0,0,0,147.154539,0.0394669884,0.967696673,-0.00384051527,-0.113534285,-0.171277625,0.224999691,-1.51211678,-4.31409623,0.000207874053,1500,1500,1500,1500,1500,1500,1500,1500,0,0,0,0,0.02,0,0,0,0,0.02,0,0,0,0,0.02,0,0,0,0,0.02,0,0,0,0,1,0,0,0,0,1,0,0,0,0,1,0,0,0,0,1
299155.757,6.65,0,0,0,0,0,0,0.367101461,-0,150.09763,-147.154539,2.94309079,1,0,0,0,0,0,0,0,0,0,0,0,0,0,0,150.09763,4.79015999,-1.85057561,1.86249591e-05,0,0,0,0,0,0,0,0,0,0,0,0,0,0,0,0,0,0,0,0,0,0,0,0,0,0,0,0,0,0,0,0,147.154539,0.0394669884,0.967696673,-0.00384051527,-0.113534285,-0.171277625,0.224999691,-1.51211678,-4.31409623,0.000207874053,1500,1500,1500,1500,1500,1500,1500,1500,0,0,0,0,0.02,0,0,0,0,0.02,0,0,0,0,0.02,0,0,0,0,0.02,0,0,0,0,1,0,0,0,0,1,0,0,0,0,1,0,0,0,0,1
299155.81,6.7,0,0,0,0,0,0,0.367101461,-0,150.09763,-147.154539,2.94309079,1,0,0,0,0,0,0,0,0,0,0,0,0,0,0,150.09763,4.79015999,-1.85057561,1.86249591e-05,0,0,0,0,0,0,0,0,0,0,0,0,0,0,0,0,0,0,0,0,0,0,0,0,0,0,0,0,0,0,0,0,147.154539,0.0394669884,0.967696673,-0.00384051527,-0.113534285,-0.171277625,0.224999691,-1.51211678,-4.31409623,0.000207874053,1500,1500,1500,1500,1500,1500,1500,1500,0,0,0,0,0.02,0,0,0,0,0.02,0,0,0,0,0.02,0,0,0,0,0.02,0,0,0,0,1,0,0,0,0,1,0,0,0,0,1,0,0,0,0,1
299155.864,6.75,0,0,0,0,0,0,0.367101461,-0,150.09763,-147.154539,2.94309079,1,0,0,0,0,0,0,0,0,0,0,0,0,0,0,150.09763,4.79015999,-1.85057561,1.86249591e-05,0,0,0,0,0,0,0,0,0,0,0,0,0,0,0,0,0,0,0,0,0,0,0,0,0,0,0,0,0,0,0,0,147.154539,0.0394669884,0.967696673,-0.00384051527,-0.113534285,-0.171277625,0.224999691,-1.51211678,-4.31409623,0.000207874053,1500,1500,1500,1500,1500,1500,1500,1500,0,0,0,0,0.02,0,0,0,0,0.02,0,0,0,0,0.02,0,0,0,0,0.02,0,0,0,0,1,0,0,0,0,1,0,0,0,0,1,0,0,0,0,1
299155.917,6.8,0,0,0,0,0,0,0.367101461,-0,150.09763,-147.154539,2.94309079,1,0,0,0,0,0,0,0,0,0,0,0,0,0,0,150.09763,4.79015999,-1.85057561,1.86249591e-05,0,0,0,0,0,0,0,0,0,0,0,0,0,0,0,0,0,0,0,0,0,0,0,0,0,0,0,0,0,0,0,0,147.154539,0.0394669884,0.967696673,-0.00384051527,-0.113534285,-0.171277625,0.224999691,-1.51211678,-4.31409623,0.000207874053,1500,1500,1500,1500,1500,1500,1500,1500,0,0,0,0,0.02,0,0,0,0,0.02,0,0,0,0,0.02,0,0,0,0,0.02,0,0,0,0,1,0,0,0,0,1,0,0,0,0,1,0,0,0,0,1
299155.971,6.85,0,0,0,0,0,0,0.367101461,-0,150.09763,-147.154539,2.94309079,1,0,0,0,0,0,0,0,0,0,0,0,0,0,0,150.09763,4.79015999,-1.85057561,1.86249591e-05,0,0,0,0,0,0,0,0,0,0,0,0,0,0,0,0,0,0,0,0,0,0,0,0,0,0,0,0,0,0,0,0,147.154539,0.0394669884,0.967696673,-0.00384051527,-0.113534285,-0.171277625,0.224999691,-1.51211678,-4.31409623,0.000207874053,1500,1500,1500,1500,1500,1500,1500,1500,0,0,0,0,0.02,0,0,0,0,0.02,0,0,0,0,0.02,0,0,0,0,0.02,0,0,0,0,1,0,0,0,0,1,0,0,0,0,1,0,0,0,0,1
299156.023,6.9,0,0,0,0,0,0,0.367101461,-0,150.09763,-147.154539,2.94309079,1,0,0,0,0,0,0,0,0,0,0,0,0,0,0,150.09763,4.79015999,-1.85057561,1.86249591e-05,0,0,0,0,0,0,0,0,0,0,0,0,0,0,0,0,0,0,0,0,0,0,0,0,0,0,0,0,0,0,0,0,147.154539,0.0394669884,0.967696673,-0.00384051527,-0.113534285,-0.171277625,0.224999691,-1.51211678,-4.31409623,0.000207874053,1500,1500,1500,1500,1500,1500,1500,1500,0,0,0,0,0.02,0,0,0,0,0.02,0,0,0,0,0.02,0,0,0,0,0.02,0,0,0,0,1,0,0,0,0,1,0,0,0,0,1,0,0,0,0,1
299156.077,6.95,0,0,0,0,0,0,0.367101461,-0,150.09763,-147.154539,2.94309079,1,0,0,0,0,0,0,0,0,0,0,0,0,0,0,150.09763,4.79015999,-1.85057561,1.86249591e-05,0,0,0,0,0,0,0,0,0,0,0,0,0,0,0,0,0,0,0,0,0,0,0,0,0,0,0,0,0,0,0,0,147.154539,0.0394669884,0.967696673,-0.00384051527,-0.113534285,-0.171277625,0.224999691,-1.51211678,-4.31409623,0.000207874053,1500,1500,1500,1500,1500,1500,1500,1500,0,0,0,0,0.02,0,0,0,0,0.02,0,0,0,0,0.02,0,0,0,0,0.02,0,0,0,0,1,0,0,0,0,1,0,0,0,0,1,0,0,0,0,1
299156.131,7,0,0,0,0,0,0,0.367101461,-0,150.09763,-147.154539,2.94309079,1,0,0,0,0,0,0,0,0,0,0,0,0,0,0,150.09763,4.79015999,-1.85057561,1.86249591e-05,0,0,0,0,0,0,0,0,0,0,0,0,0,0,0,0,0,0,0,0,0,0,0,0,0,0,0,0,0,0,0,0,147.154539,0.0394669884,0.967696673,-0.00384051527,-0.113534285,-0.171277625,0.224999691,-1.51211678,-4.31409623,0.000207874053,1500,1500,1500,1500,1500,1500,1500,1500,0,0,0,0,0.02,0,0,0,0,0.02,0,0,0,0,0.02,0,0,0,0,0.02,0,0,0,0,1,0,0,0,0,1,0,0,0,0,1,0,0,0,0,1
299156.183,7.05,0,0,0,0,0,0,0.367101461,-0,150.09763,-147.154539,2.94309079,1,0,0,0,0,0,0,0,0,0,0,0,0,0,0,150.09763,4.79015999,-1.85057561,1.86249591e-05,0,0,0,0,0,0,0,0,0,0,0,0,0,0,0,0,0,0,0,0,0,0,0,0,0,0,0,0,0,0,0,0,147.154539,0.0394669884,0.967696673,-0.00384051527,-0.113534285,-0.171277625,0.224999691,-1.51211678,-4.31409623,0.000207874053,1500,1500,1500,1500,1500,1500,1500,1500,0,0,0,0,0.02,0,0,0,0,0.02,0,0,0,0,0.02,0,0,0,0,0.02,0,0,0,0,1,0,0,0,0,1,0,0,0,0,1,0,0,0,0,1
299156.235,7.1,0,0,0,0,0,0,0.367101461,-0,150.09763,-147.154539,2.94309079,1,0,0,0,0,0,0,0,0,0,0,0,0,0,0,150.09763,4.79015999,-1.85057561,1.86249591e-05,0,0,0,0,0,0,0,0,0,0,0,0,0,0,0,0,0,0,0,0,0,0,0,0,0,0,0,0,0,0,0,0,147.154539,0.0394669884,0.967696673,-0.00384051527,-0.113534285,-0.171277625,0.224999691,-1.51211678,-4.31409623,0.000207874053,1500,1500,1500,1500,1500,1500,1500,1500,0,0,0,0,0.02,0,0,0,0,0.02,0,0,0,0,0.02,0,0,0,0,0.02,0,0,0,0,1,0,0,0,0,1,0,0,0,0,1,0,0,0,0,1
299156.288,7.15,0,0,0,0,0,0,0.367101461,-0,150.09763,-147.154539,2.94309079,1,0,0,0,0,0,0,0,0,0,0,0,0,0,0,150.09763,4.79015999,-1.85057561,1.86249591e-05,0,0,0,0,0,0,0,0,0,0,0,0,0,0,0,0,0,0,0,0,0,0,0,0,0,0,0,0,0,0,0,0,147.154539,0.0394669884,0.967696673,-0.00384051527,-0.113534285,-0.171277625,0.224999691,-1.51211678,-4.31409623,0.000207874053,1500,1500,1500,1500,1500,1500,1500,1500,0,0,0,0,0.02,0,0,0,0,0.02,0,0,0,0,0.02,0,0,0,0,0.02,0,0,0,0,1,0,0,0,0,1,0,0,0,0,1,0,0,0,0,1
299156.341,7.2,0,0,0,0,0,0,0.367101461,-0,150.09763,-147.154539,2.94309079,1,0,0,0,0,0,0,0,0,0,0,0,0,0,0,150.09763,4.79015999,-1.85057561,1.86249591e-05,0,0,0,0,0,0,0,0,0,0,0,0,0,0,0,0,0,0,0,0,0,0,0,0,0,0,0,0,0,0,0,0,147.154539,0.0394669884,0.967696673,-0.00384051527,-0.113534285,-0.171277625,0.224999691,-1.51211678,-4.31409623,0.000207874053,1500,1500,1500,1500,1500,1500,1500,1500,0,0,0,0,0.02,0,0,0,0,0.02,0,0,0,0,0.02,0,0,0,0,0.02,0,0,0,0,1,0,0,0,0,1,0,0,0,0,1,0,0,0,0,1
299156.397,7.25,0,0,0,0,0,0,0.367101461,-0,150.09763,-147.154539,2.94309079,1,0,0,0,0,0,0,0,0,0,0,0,0,0,0,150.09763,4.79015999,-1.85057561,1.86249591e-05,0,0,0,0,0,0,0,0,0,0,0,0,0,0,0,0,0,0,0,0,0,0,0,0,0,0,0,0,0,0,0,0,147.154539,0.0394669884,0.967696673,-0.00384051527,-0.113534285,-0.171277625,0.224999691,-1.51211678,-4.31409623,0.000207874053,1500,1500,1500,1500,1500,1500,1500,1500,0,0,0,0,0.02,0,0,0,0,0.02,0,0,0,0,0.02,0,0,0,0,0.02,0,0,0,0,1,0,0,0,0,1,0,0,0,0,1,0,0,0,0,1
299156.449,7.3,0,0,0,0,0,0,0.367101461,-0,150.09763,-147.154539,2.94309079,1,0,0,0,0,0,0,0,0,0,0,0,0,0,0,150.09763,4.79015999,-1.85057561,1.86249591e-05,0,0,0,0,0,0,0,0,0,0,0,0,0,0,0,0,0,0,0,0,0,0,0,0,0,0,0,0,0,0,0,0,147.154539,0.0394669884,0.967696673,-0.00384051527,-0.113534285,-0.171277625,0.224999691,-1.51211678,-4.31409623,0.000207874053,1500,1500,1500,1500,1500,1500,1500,1500,0,0,0,0,0.02,0,0,0,0,0.02,0,0,0,0,0.02,0,0,0,0,0.02,0,0,0,0,1,0,0,0,0,1,0,0,0,0,1,0,0,0,0,1
299156.504,7.35,0,0,0,0,0,0,0.367101461,-0,150.09763,-147.154539,2.94309079,1,0,0,0,0,0,0,0,0,0,0,0,0,0,0,150.09763,4.79015999,-1.85057561,1.86249591e-05,0,0,0,0,0,0,0,0,0,0,0,0,0,0,0,0,0,0,0,0,0,0,0,0,0,0,0,0,0,0,0,0,147.154539,0.0394669884,0.967696673,-0.00384051527,-0.113534285,-0.171277625,0.224999691,-1.51211678,-4.31409623,0.000207874053,1500,1500,1500,1500,1500,1500,1500,1500,0,0,0,0,0.02,0,0,0,0,0.02,0,0,0,0,0.02,0,0,0,0,0.02,0,0,0,0,1,0,0,0,0,1,0,0,0,0,1,0,0,0,0,1
299156.558,7.4,0,0,0,0,0,0,0.367101461,-0,150.09763,-147.154539,2.94309079,1,0,0,0,0,0,0,0,0,0,0,0,0,0,0,150.09763,4.79015999,-1.85057561,1.86249591e-05,0,0,0,0,0,0,0,0,0,0,0,0,0,0,0,0,0,0,0,0,0,0,0,0,0,0,0,0,0,0,0,0,147.154539,0.0394669884,0.967696673,-0.00384051527,-0.113534285,-0.171277625,0.224999691,-1.51211678,-4.31409623,0.000207874053,1500,1500,1500,1500,1500,1500,1500,1500,0,0,0,0,0.02,0,0,0,0,0.02,0,0,0,0,0.02,0,0,0,0,0.02,0,0,0,0,1,0,0,0,0,1,0,0,0,0,1,0,0,0,0,1
299156.611,7.45,0,0,0,0,0,0,0.367101461,-0,150.09763,-147.154539,2.94309079,1,0,0,0,0,0,0,0,0,0,0,0,0,0,0,150.09763,4.79015999,-1.85057561,1.86249591e-05,0,0,0,0,0,0,0,0,0,0,0,0,0,0,0,0,0,0,0,0,0,0,0,0,0,0,0,0,0,0,0,0,147.154539,0.0394669884,0.967696673,-0.00384051527,-0.113534285,-0.171277625,0.224999691,-1.51211678,-4.31409623,0.000207874053,1500,1500,1500,1500,1500,1500,1500,1500,0,0,0,0,0.02,0,0,0,0,0.02,0,0,0,0,0.02,0,0,0,0,0.02,0,0,0,0,1,0,0,0,0,1,0,0,0,0,1,0,0,0,0,1
299156.663,7.5,0,0,0,0,0,0,0.367101461,-0,150.09763,-147.154539,2.94309079,1,0,0,0,0,0,0,0,0,0,0,0,0,0,0,150.09763,4.79015999,-1.85057561,1.86249591e-05,0,0,0,0,0,0,0,0,0,0,0,0,0,0,0,0,0,0,0,0,0,0,0,0,0,0,0,0,0,0,0,0,147.154539,0.0394669884,0.967696673,-0.00384051527,-0.113534285,-0.171277625,0.224999691,-1.51211678,-4.31409623,0.000207874053,1500,1500,1500,1500,1500,1500,1500,1500,0,0,0,0,0.02,0,0,0,0,0.02,0,0,0,0,0.02,0,0,0,0,0.02,0,0,0,0,1,0,0,0,0,1,0,0,0,0,1,0,0,0,0,1
299156.715,7.55,0,0,0,0,0,0,0.367101461,-0,150.09763,-147.154539,2.94309079,1,0,0,0,0,0,0,0,0,0,0,0,0,0,0,150.09763,4.79015999,-1.85057561,1.86249591e-05,0,0,0,0,0,0,0,0,0,0,0,0,0,0,0,0,0,0,0,0,0,0,0,0,0,0,0,0,0,0,0,0,147.154539,0.0394669884,0.967696673,-0.00384051527,-0.113534285,-0.171277625,0.224999691,-1.51211678,-4.31409623,0.000207874053,1500,1500,1500,1500,1500,1500,1500,1500,0,0,0,0,0.02,0,0,0,0,0.02,0,0,0,0,0.02,0,0,0,0,0.02,0,0,0,0,1,0,0,0,0,1,0,0,0,0,1,0,0,0,0,1
299156.768,7.6,0,0,0,0,0,0,0.367101461,-0,150.09763,-147.154539,2.94309079,1,0,0,0,0,0,0,0,0,0,0,0,0,0,0,150.09763,4.79015999,-1.85057561,1.86249591e-05,0,0,0,0,0,0,0,0,0,0,0,0,0,0,0,0,0,0,0,0,0,0,0,0,0,0,0,0,0,0,0,0,147.154539,0.0394669884,0.967696673,-0.00384051527,-0.113534285,-0.171277625,0.224999691,-1.51211678,-4.31409623,0.000207874053,1500,1500,1500,1500,1500,1500,1500,1500,0,0,0,0,0.02,0,0,0,0,0.02,0,0,0,0,0.02,0,0,0,0,0.02,0,0,0,0,1,0,0,0,0,1,0,0,0,0,1,0,0,0,0,1
299156.821,7.65,0,0,0,0,0,0,0.367101461,-0,150.09763,-147.154539,2.94309079,1,0,0,0,0,0,0,0,0,0,0,0,0,0,0,150.09763,4.79015999,-1.85057561,1.86249591e-05,0,0,0,0,0,0,0,0,0,0,0,0,0,0,0,0,0,0,0,0,0,0,0,0,0,0,0,0,0,0,0,0,147.154539,0.0394669884,0.967696673,-0.00384051527,-0.113534285,-0.171277625,0.224999691,-1.51211678,-4.31409623,0.000207874053,1500,1500,1500,1500,1500,1500,1500,1500,0,0,0,0,0.02,0,0,0,0,0.02,0,0,0,0,0.02,0,0,0,0,0.02,0,0,0,0,1,0,0,0,0,1,0,0,0,0,1,0,0,0,0,1
299156.875,7.7,0,0,0,0,0,0,0.367101461,-0,150.09763,-147.154539,2.94309079,1,0,0,0,0,0,0,0,0,0,0,0,0,0,0,150.09763,4.79015999,-1.85057561,1.86249591e-05,0,0,0,0,0,0,0,0,0,0,0,0,0,0,0,0,0,0,0,0,0,0,0,0,0,0,0,0,0,0,0,0,147.154539,0.0394669884,0.967696673,-0.00384051527,-0.113534285,-0.171277625,0.224999691,-1.51211678,-4.31409623,0.000207874053,1500,1500,1500,1500,1500,1500,1500,1500,0,0,0,0,0.02,0,0,0,0,0.02,0,0,0,0,0.02,0,0,0,0,0.02,0,0,0,0,1,0,0,0,0,1,0,0,0,0,1,0,0,0,0,1
299156.928,7.75,0,0,0,0,0,0,0.367101461,-0,150.09763,-147.154539,2.94309079,1,0,0,0,0,0,0,0,0,0,0,0,0,0,0,150.09763,4.79015999,-1.85057561,1.86249591e-05,0,0,0,0,0,0,0,0,0,0,0,0,0,0,0,0,0,0,0,0,0,0,0,0,0,0,0,0,0,0,0,0,147.154539,0.0394669884,0.967696673,-0.00384051527,-0.113534285,-0.171277625,0.224999691,-1.51211678,-4.31409623,0.000207874053,1500,1500,1500,1500,1500,1500,1500,1500,0,0,0,0,0.02,0,0,0,0,0.02,0,0,0,0,0.02,0,0,0,0,0.02,0,0,0,0,1,0,0,0,0,1,0,0,0,0,1,0,0,0,0,1
299156.981,7.8,0,0,0,0,0,0,0.367101461,-0,150.09763,-147.154539,2.94309079,1,0,0,0,0,0,0,0,0,0,0,0,0,0,0,150.09763,4.79015999,-1.85057561,1.86249591e-05,0,0,0,0,0,0,0,0,0,0,0,0,0,0,0,0,0,0,0,0,0,0,0,0,0,0,0,0,0,0,0,0,147.154539,0.0394669884,0.967696673,-0.00384051527,-0.113534285,-0.171277625,0.224999691,-1.51211678,-4.31409623,0.000207874053,1500,1500,1500,1500,1500,1500,1500,1500,0,0,0,0,0.02,0,0,0,0,0.02,0,0,0,0,0.02,0,0,0,0,0.02,0,0,0,0,1,0,0,0,0,1,0,0,0,0,1,0,0,0,0,1
299157.035,7.85,0,0,0,0,0,0,0.367101461,-0,150.09763,-147.154539,2.94309079,1,0,0,0,0,0,0,0,0,0,0,0,0,0,0,150.09763,4.79015999,-1.85057561,1.86249591e-05,0,0,0,0,0,0,0,0,0,0,0,0,0,0,0,0,0,0,0,0,0,0,0,0,0,0,0,0,0,0,0,0,147.154539,0.0394669884,0.967696673,-0.00384051527,-0.113534285,-0.171277625,0.224999691,-1.51211678,-4.31409623,0.000207874053,1500,1500,1500,1500,1500,1500,1500,1500,0,0,0,0,0.02,0,0,0,0,0.02,0,0,0,0,0.02,0,0,0,0,0.02,0,0,0,0,1,0,0,0,0,1,0,0,0,0,1,0,0,0,0,1
299157.088,7.9,0,0,0,0,0,0,0.367101461,-0,150.09763,-147.154539,2.94309079,1,0,0,0,0,0,0,0,0,0,0,0,0,0,0,150.09763,4.79015999,-1.85057561,1.86249591e-05,0,0,0,0,0,0,0,0,0,0,0,0,0,0,0,0,0,0,0,0,0,0,0,0,0,0,0,0,0,0,0,0,147.154539,0.0394669884,0.967696673,-0.00384051527,-0.113534285,-0.171277625,0.224999691,-1.51211678,-4.31409623,0.000207874053,1500,1500,1500,1500,1500,1500,1500,1500,0,0,0,0,0.02,0,0,0,0,0.02,0,0,0,0,0.02,0,0,0,0,0.02,0,0,0,0,1,0,0,0,0,1,0,0,0,0,1,0,0,0,0,1
299157.14,7.95,0,0,0,0,0,0,0.367101461,-0,150.09763,-147.154539,2.94309079,1,0,0,0,0,0,0,0,0,0,0,0,0,0,0,150.09763,4.79015999,-1.85057561,1.86249591e-05,0,0,0,0,0,0,0,0,0,0,0,0,0,0,0,0,0,0,0,0,0,0,0,0,0,0,0,0,0,0,0,0,147.154539,0.0394669884,0.967696673,-0.00384051527,-0.113534285,-0.171277625,0.224999691,-1.51211678,-4.31409623,0.000207874053,1500,1500,1500,1500,1500,1500,1500,1500,0,0,0,0,0.02,0,0,0,0,0.02,0,0,0,0,0.02,0,0,0,0,0.02,0,0,0,0,1,0,0,0,0,1,0,0,0,0,1,0,0,0,0,1
299157.192,8,0,0,0,0,0,0,0.367101461,-0,150.09763,-147.154539,2.94309079,1,0,0,0,0,0,0,0,0,0,0,0,0,0,0,150.09763,4.79015999,-1.85057561,1.86249591e-05,0,0,0,0,0,0,0,0,0,0,0,0,0,0,0,0,0,0,0,0,0,0,0,0,0,0,0,0,0,0,0,0,147.154539,0.0394669884,0.967696673,-0.00384051527,-0.113534285,-0.171277625,0.224999691,-1.51211678,-4.31409623,0.000207874053,1500,1500,1500,1500,1500,1500,1500,1500,0,0,0,0,0.02,0,0,0,0,0.02,0,0,0,0,0.02,0,0,0,0,0.02,0,0,0,0,1,0,0,0,0,1,0,0,0,0,1,0,0,0,0,1
299157.246,8.05,0,0,0,0,0,0,0.367101461,-0,150.09763,-147.154539,2.94309079,1,0,0,0,0,0,0,0,0,0,0,0,0,0,0,150.09763,4.79015999,-1.85057561,1.86249591e-05,0,0,0,0,0,0,0,0,0,0,0,0,0,0,0,0,0,0,0,0,0,0,0,0,0,0,0,0,0,0,0,0,147.154539,0.0394669884,0.967696673,-0.00384051527,-0.113534285,-0.171277625,0.224999691,-1.51211678,-4.31409623,0.000207874053,1500,1500,1500,1500,1500,1500,1500,1500,0,0,0,0,0.02,0,0,0,0,0.02,0,0,0,0,0.02,0,0,0,0,0.02,0,0,0,0,1,0,0,0,0,1,0,0,0,0,1,0,0,0,0,1
299157.297,8.1,0,0,0,0,0,0,0.367101461,-0,150.09763,-147.154539,2.94309079,1,0,0,0,0,0,0,0,0,0,0,0,0,0,0,150.09763,4.79015999,-1.85057561,1.86249591e-05,0,0,0,0,0,0,0,0,0,0,0,0,0,0,0,0,0,0,0,0,0,0,0,0,0,0,0,0,0,0,0,0,147.154539,0.0394669884,0.967696673,-0.00384051527,-0.113534285,-0.171277625,0.224999691,-1.51211678,-4.31409623,0.000207874053,1500,1500,1500,1500,1500,1500,1500,1500,0,0,0,0,0.02,0,0,0,0,0.02,0,0,0,0,0.02,0,0,0,0,0.02,0,0,0,0,1,0,0,0,0,1,0,0,0,0,1,0,0,0,0,1
299157.351,8.15,0,0,0,0,0,0,0.367101461,-0,150.09763,-147.154539,2.94309079,1,0,0,0,0,0,0,0,0,0,0,0,0,0,0,150.09763,4.79015999,-1.85057561,1.86249591e-05,0,0,0,0,0,0,0,0,0,0,0,0,0,0,0,0,0,0,0,0,0,0,0,0,0,0,0,0,0,0,0,0,147.154539,0.0394669884,0.967696673,-0.00384051527,-0.113534285,-0.171277625,0.224999691,-1.51211678,-4.31409623,0.000207874053,1500,1500,1500,1500,1500,1500,1500,1500,0,0,0,0,0.02,0,0,0,0,0.02,0,0,0,0,0.02,0,0,0,0,0.02,0,0,0,0,1,0,0,0,0,1,0,0,0,0,1,0,0,0,0,1
299157.403,8.2,0,0,0,0,0,0,0.367101461,-0,150.09763,-147.154539,2.94309079,1,0,0,0,0,0,0,0,0,0,0,0,0,0,0,150.09763,4.79015999,-1.85057561,1.86249591e-05,0,0,0,0,0,0,0,0,0,0,0,0,0,0,0,0,0,0,0,0,0,0,0,0,0,0,0,0,0,0,0,0,147.154539,0.0394669884,0.967696673,-0.00384051527,-0.113534285,-0.171277625,0.224999691,-1.51211678,-4.31409623,0.000207874053,1500,1500,1500,1500,1500,1500,1500,1500,0,0,0,0,0.02,0,0,0,0,0.02,0,0,0,0,0.02,0,0,0,0,0.02,0,0,0,0,1,0,0,0,0,1,0,0,0,0,1,0,0,0,0,1
299157.455,8.25,0,0,0,0,0,0,0.367101461,-0,150.09763,-147.154539,2.94309079,1,0,0,0,0,0,0,0,0,0,0,0,0,0,0,150.09763,4.79015999,-1.85057561,1.86249591e-05,0,0,0,0,0,0,0,0,0,0,0,0,0,0,0,0,0,0,0,0,0,0,0,0,0,0,0,0,0,0,0,0,147.154539,0.0394669884,0.967696673,-0.00384051527,-0.113534285,-0.171277625,0.224999691,-1.51211678,-4.31409623,0.000207874053,1500,1500,1500,1500,1500,1500,1500,1500,0,0,0,0,0.02,0,0,0,0,0.02,0,0,0,0,0.02,0,0,0,0,0.02,0,0,0,0,1,0,0,0,0,1,0,0,0,0,1,0,0,0,0,1
299157.507,8.3,0,0,0,0,0,0,0.367101461,-0,150.09763,-147.154539,2.94309079,1,0,0,0,0,0,0,0,0,0,0,0,0,0,0,150.09763,4.79015999,-1.85057561,1.86249591e-05,0,0,0,0,0,0,0,0,0,0,0,0,0,0,0,0,0,0,0,0,0,0,0,0,0,0,0,0,0,0,0,0,147.154539,0.0394669884,0.967696673,-0.00384051527,-0.113534285,-0.171277625,0.224999691,-1.51211678,-4.31409623,0.000207874053,1500,1500,1500,1500,1500,1500,1500,1500,0,0,0,0,0.02,0,0,0,0,0.02,0,0,0,0,0.02,0,0,0,0,0.02,0,0,0,0,1,0,0,0,0,1,0,0,0,0,1,0,0,0,0,1
299157.561,8.35,0,0,0,0,0,0,0.367101461,-0,150.09763,-147.154539,2.94309079,1,0,0,0,0,0,0,0,0,0,0,0,0,0,0,150.09763,4.79015999,-1.85057561,1.86249591e-05,0,0,0,0,0,0,0,0,0,0,0,0,0,0,0,0,0,0,0,0,0,0,0,0,0,0,0,0,0,0,0,0,147.154539,0.0394669884,0.967696673,-0.00384051527,-0.113534285,-0.171277625,0.224999691,-1.51211678,-4.31409623,0.000207874053,1500,1500,1500,1500,1500,1500,1500,1500,0,0,0,0,0.02,0,0,0,0,0.02,0,0,0,0,0.02,0,0,0,0,0.02,0,0,0,0,1,0,0,0,0,1,0,0,0,0,1,0,0,0,0,1
299157.614,8.4,0,0,0,0,0,0,0.367101461,-0,150.09763,-147.154539,2.94309079,1,0,0,0,0,0,0,0,0,0,0,0,0,0,0,150.09763,4.79015999,-1.85057561,1.86249591e-05,0,0,0,0,0,0,0,0,0,0,0,0,0,0,0,0,0,0,0,0,0,0,0,0,0,0,0,0,0,0,0,0,147.154539,0.0394669884,0.967696673,-0.00384051527,-0.113534285,-0.171277625,0.224999691,-1.51211678,-4.31409623,0.000207874053,1500,1500,1500,1500,1500,1500,1500,1500,0,0,0,0,0.02,0,0,0,0,0.02,0,0,0,0,0.02,0,0,0,0,0.02,0,0,0,0,1,0,0,0,0,1,0,0,0,0,1,0,0,0,0,1
299157.668,8.45,0,0,0,0,0,0,0.367101461,-0,150.09763,-147.154539,2.94309079,1,0,0,0,0,0,0,0,0,0,0,0,0,0,0,150.09763,4.79015999,-1.85057561,1.86249591e-05,0,0,0,0,0,0,0,0,0,0,0,0,0,0,0,0,0,0,0,0,0,0,0,0,0,0,0,0,0,0,0,0,147.154539,0.0394669884,0.967696673,-0.00384051527,-0.113534285,-0.171277625,0.224999691,-1.51211678,-4.31409623,0.000207874053,1500,1500,1500,1500,1500,1500,1500,1500,0,0,0,0,0.02,0,0,0,0,0.02,0,0,0,0,0.02,0,0,0,0,0.02,0,0,0,0,1,0,0,0,0,1,0,0,0,0,1,0,0,0,0,1
299157.72,8.5,0,0,0,0,0,0,0.367101461,-0,150.09763,-147.154539,2.94309079,1,0,0,0,0,0,0,0,0,0,0,0,0,0,0,150.09763,4.79015999,-1.85057561,1.86249591e-05,0,0,0,0,0,0,0,0,0,0,0,0,0,0,0,0,0,0,0,0,0,0,0,0,0,0,0,0,0,0,0,0,147.154539,0.0394669884,0.967696673,-0.00384051527,-0.113534285,-0.171277625,0.224999691,-1.51211678,-4.31409623,0.000207874053,1500,1500,1500,1500,1500,1500,1500,1500,0,0,0,0,0.02,0,0,0,0,0.02,0,0,0,0,0.02,0,0,0,0,0.02,0,0,0,0,1,0,0,0,0,1,0,0,0,0,1,0,0,0,0,1
299157.773,8.55,0,0,0,0,0,0,0.367101461,-0,150.09763,-147.154539,2.94309079,1,0,0,0,0,0,0,0,0,0,0,0,0,0,0,150.09763,4.79015999,-1.85057561,1.86249591e-05,0,0,0,0,0,0,0,0,0,0,0,0,0,0,0,0,0,0,0,0,0,0,0,0,0,0,0,0,0,0,0,0,147.154539,0.0394669884,0.967696673,-0.00384051527,-0.113534285,-0.171277625,0.224999691,-1.51211678,-4.31409623,0.000207874053,1500,1500,1500,1500,1500,1500,1500,1500,0,0,0,0,0.02,0,0,0,0,0.02,0,0,0,0,0.02,0,0,0,0,0.02,0,0,0,0,1,0,0,0,0,1,0,0,0,0,1,0,0,0,0,1
299157.825,8.6,0,0,0,0,0,0,0.367101461,-0,150.09763,-147.154539,2.94309079,1,0,0,0,0,0,0,0,0,0,0,0,0,0,0,150.09763,4.79015999,-1.85057561,1.86249591e-05,0,0,0,0,0,0,0,0,0,0,0,0,0,0,0,0,0,0,0,0,0,0,0,0,0,0,0,0,0,0,0,0,147.154539,0.0394669884,0.967696673,-0.00384051527,-0.113534285,-0.171277625,0.224999691,-1.51211678,-4.31409623,0.000207874053,1500,1500,1500,1500,1500,1500,1500,1500,0,0,0,0,0.02,0,0,0,0,0.02,0,0,0,0,0.02,0,0,0,0,0.02,0,0,0,0,1,0,0,0,0,1,0,0,0,0,1,0,0,0,0,1
299157.879,8.65,0,0,0,0,0,0,0.367101461,-0,150.09763,-147.154539,2.94309079,1,0,0,0,0,0,0,0,0,0,0,0,0,0,0,150.09763,4.79015999,-1.85057561,1.86249591e-05,0,0,0,0,0,0,0,0,0,0,0,0,0,0,0,0,0,0,0,0,0,0,0,0,0,0,0,0,0,0,0,0,147.154539,0.0394669884,0.967696673,-0.00384051527,-0.113534285,-0.171277625,0.224999691,-1.51211678,-4.31409623,0.000207874053,1500,1500,1500,1500,1500,1500,1500,1500,0,0,0,0,0.02,0,0,0,0,0.02,0,0,0,0,0.02,0,0,0,0,0.02,0,0,0,0,1,0,0,0,0,1,0,0,0,0,1,0,0,0,0,1
299157.931,8.7,0,0,0,0,0,0,0.367101461,-0,150.09763,-147.154539,2.94309079,1,0,0,0,0,0,0,0,0,0,0,0,0,0,0,150.09763,4.79015999,-1.85057561,1.86249591e-05,0,0,0,0,0,0,0,0,0,0,0,0,0,0,0,0,0,0,0,0,0,0,0,0,0,0,0,0,0,0,0,0,147.154539,0.0394669884,0.967696673,-0.00384051527,-0.113534285,-0.171277625,0.224999691,-1.51211678,-4.31409623,0.000207874053,1500,1500,1500,1500,1500,1500,1500,1500,0,0,0,0,0.02,0,0,0,0,0.02,0,0,0,0,0.02,0,0,0,0,0.02,0,0,0,0,1,0,0,0,0,1,0,0,0,0,1,0,0,0,0,1
299157.984,8.75,0,0,0,0,0,0,0.367101461,-0,150.09763,-147.154539,2.94309079,1,0,0,0,0,0,0,0,0,0,0,0,0,0,0,150.09763,4.79015999,-1.85057561,1.86249591e-05,0,0,0,0,0,0,0,0,0,0,0,0,0,0,0,0,0,0,0,0,0,0,0,0,0,0,0,0,0,0,0,0,147.154539,0.0394669884,0.967696673,-0.00384051527,-0.113534285,-0.171277625,0.224999691,-1.51211678,-4.31409623,0.000207874053,1500,1500,1500,1500,1500,1500,1500,1500,0,0,0,0,0.02,0,0,0,0,0.02,0,0,0,0,0.02,0,0,0,0,0.02,0,0,0,0,1,0,0,0,0,1,0,0,0,0,1,0,0,0,0,1
299158.038,8.8,0,0,0,0,0,0,0.367101461,-0,150.09763,-147.154539,2.94309079,1,0,0,0,0,0,0,0,0,0,0,0,0,0,0,150.09763,4.79015999,-1.85057561,1.86249591e-05,0,0,0,0,0,0,0,0,0,0,0,0,0,0,0,0,0,0,0,0,0,0,0,0,0,0,0,0,0,0,0,0,147.154539,0.0394669884,0.967696673,-0.00384051527,-0.113534285,-0.171277625,0.224999691,-1.51211678,-4.31409623,0.000207874053,1500,1500,1500,1500,1500,1500,1500,1500,0,0,0,0,0.02,0,0,0,0,0.02,0,0,0,0,0.02,0,0,0,0,0.02,0,0,0,0,1,0,0,0,0,1,0,0,0,0,1,0,0,0,0,1
299158.093,8.85,0,0,0,0,0,0,0.367101461,-0,150.09763,-147.154539,2.94309079,1,0,0,0,0,0,0,0,0,0,0,0,0,0,0,150.09763,4.79015999,-1.85057561,1.86249591e-05,0,0,0,0,0,0,0,0,0,0,0,0,0,0,0,0,0,0,0,0,0,0,0,0,0,0,0,0,0,0,0,0,147.154539,0.0394669884,0.967696673,-0.00384051527,-0.113534285,-0.171277625,0.224999691,-1.51211678,-4.31409623,0.000207874053,1500,1500,1500,1500,1500,1500,1500,1500,0,0,0,0,0.02,0,0,0,0,0.02,0,0,0,0,0.02,0,0,0,0,0.02,0,0,0,0,1,0,0,0,0,1,0,0,0,0,1,0,0,0,0,1
299158.15,8.9,0,0,0,0,0,0,0.367101461,-0,150.09763,-147.154539,2.94309079,1,0,0,0,0,0,0,0,0,0,0,0,0,0,0,150.09763,4.79015999,-1.85057561,1.86249591e-05,0,0,0,0,0,0,0,0,0,0,0,0,0,0,0,0,0,0,0,0,0,0,0,0,0,0,0,0,0,0,0,0,147.154539,0.0394669884,0.967696673,-0.00384051527,-0.113534285,-0.171277625,0.224999691,-1.51211678,-4.31409623,0.000207874053,1500,1500,1500,1500,1500,1500,1500,1500,0,0,0,0,0.02,0,0,0,0,0.02,0,0,0,0,0.02,0,0,0,0,0.02,0,0,0,0,1,0,0,0,0,1,0,0,0,0,1,0,0,0,0,1
299158.203,8.95,0,0,0,0,0,0,0.367101461,-0,150.09763,-147.154539,2.94309079,1,0,0,0,0,0,0,0,0,0,0,0,0,0,0,150.09763,4.79015999,-1.85057561,1.86249591e-05,0,0,0,0,0,0,0,0,0,0,0,0,0,0,0,0,0,0,0,0,0,0,0,0,0,0,0,0,0,0,0,0,147.154539,0.0394669884,0.967696673,-0.00384051527,-0.113534285,-0.171277625,0.224999691,-1.51211678,-4.31409623,0.000207874053,1500,1500,1500,1500,1500,1500,1500,1500,0,0,0,0,0.02,0,0,0,0,0.02,0,0,0,0,0.02,0,0,0,0,0.02,0,0,0,0,1,0,0,0,0,1,0,0,0,0,1,0,0,0,0,1
299158.256,9,0,0,0,0,0,0,0.367101461,-0,150.09763,-147.154539,2.94309079,1,0,0,0,0,0,0,0,0,0,0,0,0,0,0,150.09763,4.79015999,-1.85057561,1.86249591e-05,0,0,0,0,0,0,0,0,0,0,0,0,0,0,0,0,0,0,0,0,0,0,0,0,0,0,0,0,0,0,0,0,147.154539,0.0394669884,0.967696673,-0.00384051527,-0.113534285,-0.171277625,0.224999691,-1.51211678,-4.31409623,0.000207874053,1500,1500,1500,1500,1500,1500,1500,1500,0,0,0,0,0.02,0,0,0,0,0.02,0,0,0,0,0.02,0,0,0,0,0.02,0,0,0,0,1,0,0,0,0,1,0,0,0,0,1,0,0,0,0,1
299158.308,9.05,0,0,0,0,0,0,0.367101461,-0,150.09763,-147.154539,2.94309079,1,0,0,0,0,0,0,0,0,0,0,0,0,0,0,150.09763,4.79015999,-1.85057561,1.86249591e-05,0,0,0,0,0,0,0,0,0,0,0,0,0,0,0,0,0,0,0,0,0,0,0,0,0,0,0,0,0,0,0,0,147.154539,0.0394669884,0.967696673,-0.00384051527,-0.113534285,-0.171277625,0.224999691,-1.51211678,-4.31409623,0.000207874053,1500,1500,1500,1500,1500,1500,1500,1500,0,0,0,0,0.02,0,0,0,0,0.02,0,0,0,0,0.02,0,0,0,0,0.02,0,0,0,0,1,0,0,0,0,1,0,0,0,0,1,0,0,0,0,1
299158.359,9.1,0,0,0,0,0,0,0.367101461,-0,150.09763,-147.154539,2.94309079,1,0,0,0,0,0,0,0,0,0,0,0,0,0,0,150.09763,4.79015999,-1.85057561,1.86249591e-05,0,0,0,0,0,0,0,0,0,0,0,0,0,0,0,0,0,0,0,0,0,0,0,0,0,0,0,0,0,0,0,0,147.154539,0.0394669884,0.967696673,-0.00384051527,-0.113534285,-0.171277625,0.224999691,-1.51211678,-4.31409623,0.000207874053,1500,1500,1500,1500,1500,1500,1500,1500,0,0,0,0,0.02,0,0,0,0,0.02,0,0,0,0,0.02,0,0,0,0,0.02,0,0,0,0,1,0,0,0,0,1,0,0,0,0,1,0,0,0,0,1
299158.411,9.15,0,0,0,0,0,0,0.367101461,-0,150.09763,-147.154539,2.94309079,1,0,0,0,0,0,0,0,0,0,0,0,0,0,0,150.09763,4.79015999,-1.85057561,1.86249591e-05,0,0,0,0,0,0,0,0,0,0,0,0,0,0,0,0,0,0,0,0,0,0,0,0,0,0,0,0,0,0,0,0,147.154539,0.0394669884,0.967696673,-0.00384051527,-0.113534285,-0.171277625,0.224999691,-1.51211678,-4.31409623,0.000207874053,1500,1500,1500,1500,1500,1500,1500,1500,0,0,0,0,0.02,0,0,0,0,0.02,0,0,0,0,0.02,0,0,0,0,0.02,0,0,0,0,1,0,0,0,0,1,0,0,0,0,1,0,0,0,0,1
299158.463,9.2,0,0,0,0,0,0,0.367101461,-0,150.09763,-147.154539,2.94309079,1,0,0,0,0,0,0,0,0,0,0,0,0,0,0,150.09763,4.79015999,-1.85057561,1.86249591e-05,0,0,0,0,0,0,0,0,0,0,0,0,0,0,0,0,0,0,0,0,0,0,0,0,0,0,0,0,0,0,0,0,147.154539,0.0394669884,0.967696673,-0.00384051527,-0.113534285,-0.171277625,0.224999691,-1.51211678,-4.31409623,0.000207874053,1500,1500,1500,1500,1500,1500,1500,1500,0,0,0,0,0.02,0,0,0,0,0.02,0,0,0,0,0.02,0,0,0,0,0.02,0,0,0,0,1,0,0,0,0,1,0,0,0,0,1,0,0,0,0,1
299158.517,9.25,0,0,0,0,0,0,0.367101461,-0,150.09763,-147.154539,2.94309079,1,0,0,0,0,0,0,0,0,0,0,0,0,0,0,150.09763,4.79015999,-1.85057561,1.86249591e-05,0,0,0,0,0,0,0,0,0,0,0,0,0,0,0,0,0,0,0,0,0,0,0,0,0,0,0,0,0,0,0,0,147.154539,0.0394669884,0.967696673,-0.00384051527,-0.113534285,-0.171277625,0.224999691,-1.51211678,-4.31409623,0.000207874053,1500,1500,1500,1500,1500,1500,1500,1500,0,0,0,0,0.02,0,0,0,0,0.02,0,0,0,0,0.02,0,0,0,0,0.02,0,0,0,0,1,0,0,0,0,1,0,0,0,0,1,0,0,0,0,1
299158.568,9.3,0,0,0,0,0,0,0.367101461,-0,150.09763,-147.154539,2.94309079,1,0,0,0,0,0,0,0,0,0,0,0,0,0,0,150.09763,4.79015999,-1.85057561,1.86249591e-05,0,0,0,0,0,0,0,0,0,0,0,0,0,0,0,0,0,0,0,0,0,0,0,0,0,0,0,0,0,0,0,0,147.154539,0.0394669884,0.967696673,-0.00384051527,-0.113534285,-0.171277625,0.224999691,-1.51211678,-4.31409623,0.000207874053,1500,1500,1500,1500,1500,1500,1500,1500,0,0,0,0,0.02,0,0,0,0,0.02,0,0,0,0,0.02,0,0,0,0,0.02,0,0,0,0,1,0,0,0,0,1,0,0,0,0,1,0,0,0,0,1
299158.622,9.35,0,0,0,0,0,0,0.367101461,-0,150.09763,-147.154539,2.94309079,1,0,0,0,0,0,0,0,0,0,0,0,0,0,0,150.09763,4.79015999,-1.85057561,1.86249591e-05,0,0,0,0,0,0,0,0,0,0,0,0,0,0,0,0,0,0,0,0,0,0,0,0,0,0,0,0,0,0,0,0,147.154539,0.0394669884,0.967696673,-0.00384051527,-0.113534285,-0.171277625,0.224999691,-1.51211678,-4.31409623,0.000207874053,1500,1500,1500,1500,1500,1500,1500,1500,0,0,0,0,0.02,0,0,0,0,0.02,0,0,0,0,0.02,0,0,0,0,0.02,0,0,0,0,1,0,0,0,0,1,0,0,0,0,1,0,0,0,0,1
299158.675,9.4,0,0,0,0,0,0,0.367101461,-0,150.09763,-147.154539,2.94309079,1,0,0,0,0,0,0,0,0,0,0,0,0,0,0,150.09763,4.79015999,-1.85057561,1.86249591e-05,0,0,0,0,0,0,0,0,0,0,0,0,0,0,0,0,0,0,0,0,0,0,0,0,0,0,0,0,0,0,0,0,147.154539,0.0394669884,0.967696673,-0.00384051527,-0.113534285,-0.171277625,0.224999691,-1.51211678,-4.31409623,0.000207874053,1500,1500,1500,1500,1500,1500,1500,1500,0,0,0,0,0.02,0,0,0,0,0.02,0,0,0,0,0.02,0,0,0,0,0.02,0,0,0,0,1,0,0,0,0,1,0,0,0,0,1,0,0,0,0,1
299158.727,9.45,0,0,0,0,0,0,0.367101461,-0,150.09763,-147.154539,2.94309079,1,0,0,0,0,0,0,0,0,0,0,0,0,0,0,150.09763,4.79015999,-1.85057561,1.86249591e-05,0,0,0,0,0,0,0,0,0,0,0,0,0,0,0,0,0,0,0,0,0,0,0,0,0,0,0,0,0,0,0,0,147.154539,0.0394669884,0.967696673,-0.00384051527,-0.113534285,-0.171277625,0.224999691,-1.51211678,-4.31409623,0.000207874053,1500,1500,1500,1500,1500,1500,1500,1500,0,0,0,0,0.02,0,0,0,0,0.02,0,0,0,0,0.02,0,0,0,0,0.02,0,0,0,0,1,0,0,0,0,1,0,0,0,0,1,0,0,0,0,1
299158.779,9.5,0,0,0,0,0,0,0.367101461,-0,150.09763,-147.154539,2.94309079,1,0,0,0,0,0,0,0,0,0,0,0,0,0,0,150.09763,4.79015999,-1.85057561,1.86249591e-05,0,0,0,0,0,0,0,0,0,0,0,0,0,0,0,0,0,0,0,0,0,0,0,0,0,0,0,0,0,0,0,0,147.154539,0.0394669884,0.967696673,-0.00384051527,-0.113534285,-0.171277625,0.224999691,-1.51211678,-4.31409623,0.000207874053,1500,1500,1500,1500,1500,1500,1500,1500,0,0,0,0,0.02,0,0,0,0,0.02,0,0,0,0,0.02,0,0,0,0,0.02,0,0,0,0,1,0,0,0,0,1,0,0,0,0,1,0,0,0,0,1
299158.831,9.55,0,0,0,0,0,0,0.367101461,-0,150.09763,-147.154539,2.94309079,1,0,0,0,0,0,0,0,0,0,0,0,0,0,0,150.09763,4.79015999,-1.85057561,1.86249591e-05,0,0,0,0,0,0,0,0,0,0,0,0,0,0,0,0,0,0,0,0,0,0,0,0,0,0,0,0,0,0,0,0,147.154539,0.0394669884,0.967696673,-0.00384051527,-0.113534285,-0.171277625,0.224999691,-1.51211678,-4.31409623,0.000207874053,1500,1500,1500,1500,1500,1500,1500,1500,0,0,0,0,0.02,0,0,0,0,0.02,0,0,0,0,0.02,0,0,0,0,0.02,0,0,0,0,1,0,0,0,0,1,0,0,0,0,1,0,0,0,0,1
299158.884,9.6,0,0,0,0,0,0,0.367101461,-0,150.09763,-147.154539,2.94309079,1,0,0,0,0,0,0,0,0,0,0,0,0,0,0,150.09763,4.79015999,-1.85057561,1.86249591e-05,0,0,0,0,0,0,0,0,0,0,0,0,0,0,0,0,0,0,0,0,0,0,0,0,0,0,0,0,0,0,0,0,147.154539,0.0394669884,0.967696673,-0.00384051527,-0.113534285,-0.171277625,0.224999691,-1.51211678,-4.31409623,0.000207874053,1500,1500,1500,1500,1500,1500,1500,1500,0,0,0,0,0.02,0,0,0,0,0.02,0,0,0,0,0.02,0,0,0,0,0.02,0,0,0,0,1,0,0,0,0,1,0,0,0,0,1,0,0,0,0,1
299158.937,9.65,0,0,0,0,0,0,0.367101461,-0,150.09763,-147.154539,2.94309079,1,0,0,0,0,0,0,0,0,0,0,0,0,0,0,150.09763,4.79015999,-1.85057561,1.86249591e-05,0,0,0,0,0,0,0,0,0,0,0,0,0,0,0,0,0,0,0,0,0,0,0,0,0,0,0,0,0,0,0,0,147.154539,0.0394669884,0.967696673,-0.00384051527,-0.113534285,-0.171277625,0.224999691,-1.51211678,-4.31409623,0.000207874053,1500,1500,1500,1500,1500,1500,1500,1500,0,0,0,0,0.02,0,0,0,0,0.02,0,0,0,0,0.02,0,0,0,0,0.02,0,0,0,0,1,0,0,0,0,1,0,0,0,0,1,0,0,0,0,1
299158.989,9.7,0,0,0,0,0,0,0.367101461,-0,150.09763,-147.154539,2.94309079,1,0,0,0,0,0,0,0,0,0,0,0,0,0,0,150.09763,4.79015999,-1.85057561,1.86249591e-05,0,0,0,0,0,0,0,0,0,0,0,0,0,0,0,0,0,0,0,0,0,0,0,0,0,0,0,0,0,0,0,0,147.154539,0.0394669884,0.967696673,-0.00384051527,-0.113534285,-0.171277625,0.224999691,-1.51211678,-4.31409623,0.000207874053,1500,1500,1500,1500,1500,1500,1500,1500,0,0,0,0,0.02,0,0,0,0,0.02,0,0,0,0,0.02,0,0,0,0,0.02,0,0,0,0,1,0,0,0,0,1,0,0,0,0,1,0,0,0,0,1
299159.044,9.75,0,0,0,0,0,0,0.367101461,-0,150.09763,-147.154539,2.94309079,1,0,0,0,0,0,0,0,0,0,0,0,0,0,0,150.09763,4.79015999,-1.85057561,1.86249591e-05,0,0,0,0,0,0,0,0,0,0,0,0,0,0,0,0,0,0,0,0,0,0,0,0,0,0,0,0,0,0,0,0,147.154539,0.0394669884,0.967696673,-0.00384051527,-0.113534285,-0.171277625,0.224999691,-1.51211678,-4.31409623,0.000207874053,1500,1500,1500,1500,1500,1500,1500,1500,0,0,0,0,0.02,0,0,0,0,0.02,0,0,0,0,0.02,0,0,0,0,0.02,0,0,0,0,1,0,0,0,0,1,0,0,0,0,1,0,0,0,0,1
299159.097,9.8,0,0,0,0,0,0,0.367101461,-0,150.09763,-147.154539,2.94309079,1,0,0,0,0,0,0,0,0,0,0,0,0,0,0,150.09763,4.79015999,-1.85057561,1.86249591e-05,0,0,0,0,0,0,0,0,0,0,0,0,0,0,0,0,0,0,0,0,0,0,0,0,0,0,0,0,0,0,0,0,147.154539,0.0394669884,0.967696673,-0.00384051527,-0.113534285,-0.171277625,0.224999691,-1.51211678,-4.31409623,0.000207874053,1500,1500,1500,1500,1500,1500,1500,1500,0,0,0,0,0.02,0,0,0,0,0.02,0,0,0,0,0.02,0,0,0,0,0.02,0,0,0,0,1,0,0,0,0,1,0,0,0,0,1,0,0,0,0,1
299159.152,9.85,0,0,0,0,0,0,0.367101461,-0,150.09763,-147.154539,2.94309079,1,0,0,0,0,0,0,0,0,0,0,0,0,0,0,150.09763,4.79015999,-1.85057561,1.86249591e-05,0,0,0,0,0,0,0,0,0,0,0,0,0,0,0,0,0,0,0,0,0,0,0,0,0,0,0,0,0,0,0,0,147.154539,0.0394669884,0.967696673,-0.00384051527,-0.113534285,-0.171277625,0.224999691,-1.51211678,-4.31409623,0.000207874053,1500,1500,1500,1500,1500,1500,1500,1500,0,0,0,0,0.02,0,0,0,0,0.02,0,0,0,0,0.02,0,0,0,0,0.02,0,0,0,0,1,0,0,0,0,1,0,0,0,0,1,0,0,0,0,1
299159.205,9.9,0,0,0,0,0,0,0.367101461,-0,150.09763,-147.154539,2.94309079,1,0,0,0,0,0,0,0,0,0,0,0,0,0,0,150.09763,4.79015999,-1.85057561,1.86249591e-05,0,0,0,0,0,0,0,0,0,0,0,0,0,0,0,0,0,0,0,0,0,0,0,0,0,0,0,0,0,0,0,0,147.154539,0.0394669884,0.967696673,-0.00384051527,-0.113534285,-0.171277625,0.224999691,-1.51211678,-4.31409623,0.000207874053,1500,1500,1500,1500,1500,1500,1500,1500,0,0,0,0,0.02,0,0,0,0,0.02,0,0,0,0,0.02,0,0,0,0,0.02,0,0,0,0,1,0,0,0,0,1,0,0,0,0,1,0,0,0,0,1
299159.258,9.95,0,0,0,0,0,0,0.367101461,-0,150.09763,-147.154539,2.94309079,1,0,0,0,0,0,0,0,0,0,0,0,0,0,0,150.09763,4.79015999,-1.85057561,1.86249591e-05,0,0,0,0,0,0,0,0,0,0,0,0,0,0,0,0,0,0,0,0,0,0,0,0,0,0,0,0,0,0,0,0,147.154539,0.0394669884,0.967696673,-0.00384051527,-0.113534285,-0.171277625,0.224999691,-1.51211678,-4.31409623,0.000207874053,1500,1500,1500,1500,1500,1500,1500,1500,0,0,0,0,0.02,0,0,0,0,0.02,0,0,0,0,0.02,0,0,0,0,0.02,0,0,0,0,1,0,0,0,0,1,0,0,0,0,1,0,0,0,0,1
299159.312,10,0,0,0,0,0,0,0.367101461,-0,150.09763,-147.154539,2.94309079,1,0,0,0,0,0,0,0,0,0,0,0,0,0,0,150.09763,4.79015999,-1.85057561,1.86249591e-05,0,0,0,0,0,0,0,0,0,0,0,0,0,0,0,0,0,0,0,0,0,0,0,0,0,0,0,0,0,0,0,0,147.154539,0.0394669884,0.967696673,-0.00384051527,-0.113534285,-0.171277625,0.224999691,-1.51211678,-4.31409623,0.000207874053,1500,1500,1500,1500,1500,1500,1500,1500,0,0,0,0,0.02,0,0,0,0,0.02,0,0,0,0,0.02,0,0,0,0,0.02,0,0,0,0,1,0,0,0,0,1,0,0,0,0,1,0,0,0,0,1
299159.367,10.05,0,0,0,0,0,0,0.367101461,-0,150.09763,-147.154539,2.94309079,1,0,0,0,0,0,0,0,0,0,0,0,0,0,0,150.09763,4.79015999,-1.85057561,1.86249591e-05,0,0,0,0,0,0,0,0,0,0,0,0,0,0,0,0,0,0,0,0,0,0,0,0,0,0,0,0,0,0,0,0,147.154539,0.0394669884,0.967696673,-0.00384051527,-0.113534285,-0.171277625,0.224999691,-1.51211678,-4.31409623,0.000207874053,1500,1500,1500,1500,1500,1500,1500,1500,0,0,0,0,0.02,0,0,0,0,0.02,0,0,0,0,0.02,0,0,0,0,0.02,0,0,0,0,1,0,0,0,0,1,0,0,0,0,1,0,0,0,0,1
299159.419,10.1,0,0,0,0,0,0,0.367101461,-0,150.09763,-147.154539,2.94309079,1,0,0,0,0,0,0,0,0,0,0,0,0,0,0,150.09763,4.79015999,-1.85057561,1.86249591e-05,0,0,0,0,0,0,0,0,0,0,0,0,0,0,0,0,0,0,0,0,0,0,0,0,0,0,0,0,0,0,0,0,147.154539,0.0394669884,0.967696673,-0.00384051527,-0.113534285,-0.171277625,0.224999691,-1.51211678,-4.31409623,0.000207874053,1500,1500,1500,1500,1500,1500,1500,1500,0,0,0,0,0.02,0,0,0,0,0.02,0,0,0,0,0.02,0,0,0,0,0.02,0,0,0,0,1,0,0,0,0,1,0,0,0,0,1,0,0,0,0,1
299159.472,10.15,0,0,0,0,0,0,0.367101461,-0,150.09763,-147.154539,2.94309079,1,0,0,0,0,0,0,0,0,0,0,0,0,0,0,150.09763,4.79015999,-1.85057561,1.86249591e-05,0,0,0,0,0,0,0,0,0,0,0,0,0,0,0,0,0,0,0,0,0,0,0,0,0,0,0,0,0,0,0,0,147.154539,0.0394669884,0.967696673,-0.00384051527,-0.113534285,-0.171277625,0.224999691,-1.51211678,-4.31409623,0.000207874053,1500,1500,1500,1500,1500,1500,1500,1500,0,0,0,0,0.02,0,0,0,0,0.02,0,0,0,0,0.02,0,0,0,0,0.02,0,0,0,0,1,0,0,0,0,1,0,0,0,0,1,0,0,0,0,1
299159.525,10.2,0,0,0,0,0,0,0.367101461,-0,150.09763,-147.154539,2.94309079,1,0,0,0,0,0,0,0,0,0,0,0,0,0,0,150.09763,4.79015999,-1.85057561,1.86249591e-05,0,0,0,0,0,0,0,0,0,0,0,0,0,0,0,0,0,0,0,0,0,0,0,0,0,0,0,0,0,0,0,0,147.154539,0.0394669884,0.967696673,-0.00384051527,-0.113534285,-0.171277625,0.224999691,-1.51211678,-4.31409623,0.000207874053,1500,1500,1500,1500,1500,1500,1500,1500,0,0,0,0,0.02,0,0,0,0,0.02,0,0,0,0,0.02,0,0,0,0,0.02,0,0,0,0,1,0,0,0,0,1,0,0,0,0,1,0,0,0,0,1
299159.579,10.25,0,0,0,0,0,0,0.367101461,-0,150.09763,-147.154539,2.94309079,1,0,0,0,0,0,0,0,0,0,0,0,0,0,0,150.09763,4.79015999,-1.85057561,1.86249591e-05,0,0,0,0,0,0,0,0,0,0,0,0,0,0,0,0,0,0,0,0,0,0,0,0,0,0,0,0,0,0,0,0,147.154539,0.0394669884,0.967696673,-0.00384051527,-0.113534285,-0.171277625,0.224999691,-1.51211678,-4.31409623,0.000207874053,1500,1500,1500,1500,1500,1500,1500,1500,0,0,0,0,0.02,0,0,0,0,0.02,0,0,0,0,0.02,0,0,0,0,0.02,0,0,0,0,1,0,0,0,0,1,0,0,0,0,1,0,0,0,0,1
299159.631,10.3,0,0,0,0,0,0,0.367101461,-0,150.09763,-147.154539,2.94309079,1,0,0,0,0,0,0,0,0,0,0,0,0,0,0,150.09763,4.79015999,-1.85057561,1.86249591e-05,0,0,0,0,0,0,0,0,0,0,0,0,0,0,0,0,0,0,0,0,0,0,0,0,0,0,0,0,0,0,0,0,147.154539,0.0394669884,0.967696673,-0.00384051527,-0.113534285,-0.171277625,0.224999691,-1.51211678,-4.31409623,0.000207874053,1500,1500,1500,1500,1500,1500,1500,1500,0,0,0,0,0.02,0,0,0,0,0.02,0,0,0,0,0.02,0,0,0,0,0.02,0,0,0,0,1,0,0,0,0,1,0,0,0,0,1,0,0,0,0,1
299159.684,10.35,0,0,0,0,0,0,0.367101461,-0,150.09763,-147.154539,2.94309079,1,0,0,0,0,0,0,0,0,0,0,0,0,0,0,150.09763,4.79015999,-1.85057561,1.86249591e-05,0,0,0,0,0,0,0,0,0,0,0,0,0,0,0,0,0,0,0,0,0,0,0,0,0,0,0,0,0,0,0,0,147.154539,0.0394669884,0.967696673,-0.00384051527,-0.113534285,-0.171277625,0.224999691,-1.51211678,-4.31409623,0.000207874053,1500,1500,1500,1500,1500,1500,1500,1500,0,0,0,0,0.02,0,0,0,0,0.02,0,0,0,0,0.02,0,0,0,0,0.02,0,0,0,0,1,0,0,0,0,1,0,0,0,0,1,0,0,0,0,1
299159.735,10.4,0,0,0,0,0,0,0.367101461,-0,150.09763,-147.154539,2.94309079,1,0,0,0,0,0,0,0,0,0,0,0,0,0,0,150.09763,4.79015999,-1.85057561,1.86249591e-05,0,0,0,0,0,0,0,0,0,0,0,0,0,0,0,0,0,0,0,0,0,0,0,0,0,0,0,0,0,0,0,0,147.154539,0.0394669884,0.967696673,-0.00384051527,-0.113534285,-0.171277625,0.224999691,-1.51211678,-4.31409623,0.000207874053,1500,1500,1500,1500,1500,1500,1500,1500,0,0,0,0,0.02,0,0,0,0,0.02,0,0,0,0,0.02,0,0,0,0,0.02,0,0,0,0,1,0,0,0,0,1,0,0,0,0,1,0,0,0,0,1
299159.789,10.45,0,0,0,0,0,0,0.367101461,-0,150.09763,-147.154539,2.94309079,1,0,0,0,0,0,0,0,0,0,0,0,0,0,0,150.09763,4.79015999,-1.85057561,1.86249591e-05,0,0,0,0,0,0,0,0,0,0,0,0,0,0,0,0,0,0,0,0,0,0,0,0,0,0,0,0,0,0,0,0,147.154539,0.0394669884,0.967696673,-0.00384051527,-0.113534285,-0.171277625,0.224999691,-1.51211678,-4.31409623,0.000207874053,1500,1500,1500,1500,1500,1500,1500,1500,0,0,0,0,0.02,0,0,0,0,0.02,0,0,0,0,0.02,0,0,0,0,0.02,0,0,0,0,1,0,0,0,0,1,0,0,0,0,1,0,0,0,0,1
299159.841,10.5,0,0,0,0,0,0,0.367101461,-0,150.09763,-147.154539,2.94309079,1,0,0,0,0,0,0,0,0,0,0,0,0,0,0,150.09763,4.79015999,-1.85057561,1.86249591e-05,0,0,0,0,0,0,0,0,0,0,0,0,0,0,0,0,0,0,0,0,0,0,0,0,0,0,0,0,0,0,0,0,147.154539,0.0394669884,0.967696673,-0.00384051527,-0.113534285,-0.171277625,0.224999691,-1.51211678,-4.31409623,0.000207874053,1500,1500,1500,1500,1500,1500,1500,1500,0,0,0,0,0.02,0,0,0,0,0.02,0,0,0,0,0.02,0,0,0,0,0.02,0,0,0,0,1,0,0,0,0,1,0,0,0,0,1,0,0,0,0,1
299159.894,10.55,0,0,0,0,0,0,0.367101461,-0,150.09763,-147.154539,2.94309079,1,0,0,0,0,0,0,0,0,0,0,0,0,0,0,150.09763,4.79015999,-1.85057561,1.86249591e-05,0,0,0,0,0,0,0,0,0,0,0,0,0,0,0,0,0,0,0,0,0,0,0,0,0,0,0,0,0,0,0,0,147.154539,0.0394669884,0.967696673,-0.00384051527,-0.113534285,-0.171277625,0.224999691,-1.51211678,-4.31409623,0.000207874053,1500,1500,1500,1500,1500,1500,1500,1500,0,0,0,0,0.02,0,0,0,0,0.02,0,0,0,0,0.02,0,0,0,0,0.02,0,0,0,0,1,0,0,0,0,1,0,0,0,0,1,0,0,0,0,1
299159.945,10.6,0,0,0,0,0,0,0.367101461,-0,150.09763,-147.154539,2.94309079,1,0,0,0,0,0,0,0,0,0,0,0,0,0,0,150.09763,4.79015999,-1.85057561,1.86249591e-05,0,0,0,0,0,0,0,0,0,0,0,0,0,0,0,0,0,0,0,0,0,0,0,0,0,0,0,0,0,0,0,0,147.154539,0.0394669884,0.967696673,-0.00384051527,-0.113534285,-0.171277625,0.224999691,-1.51211678,-4.31409623,0.000207874053,1500,1500,1500,1500,1500,1500,1500,1500,0,0,0,0,0.02,0,0,0,0,0.02,0,0,0,0,0.02,0,0,0,0,0.02,0,0,0,0,1,0,0,0,0,1,0,0,0,0,1,0,0,0,0,1
299159.998,10.65,0,0,0,0,0,0,0.367101461,-0,150.09763,-147.154539,2.94309079,1,0,0,0,0,0,0,0,0,0,0,0,0,0,0,150.09763,4.79015999,-1.85057561,1.86249591e-05,0,0,0,0,0,0,0,0,0,0,0,0,0,0,0,0,0,0,0,0,0,0,0,0,0,0,0,0,0,0,0,0,147.154539,0.0394669884,0.967696673,-0.00384051527,-0.113534285,-0.171277625,0.224999691,-1.51211678,-4.31409623,0.000207874053,1500,1500,1500,1500,1500,1500,1500,1500,0,0,0,0,0.02,0,0,0,0,0.02,0,0,0,0,0.02,0,0,0,0,0.02,0,0,0,0,1,0,0,0,0,1,0,0,0,0,1,0,0,0,0,1
299160.053,10.7,0,0,0,0,0,0,0.367101461,-0,150.09763,-147.154539,2.94309079,1,0,0,0,0,0,0,0,0,0,0,0,0,0,0,150.09763,4.79015999,-1.85057561,1.86249591e-05,0,0,0,0,0,0,0,0,0,0,0,0,0,0,0,0,0,0,0,0,0,0,0,0,0,0,0,0,0,0,0,0,147.154539,0.0394669884,0.967696673,-0.00384051527,-0.113534285,-0.171277625,0.224999691,-1.51211678,-4.31409623,0.000207874053,1500,1500,1500,1500,1500,1500,1500,1500,0,0,0,0,0.02,0,0,0,0,0.02,0,0,0,0,0.02,0,0,0,0,0.02,0,0,0,0,1,0,0,0,0,1,0,0,0,0,1,0,0,0,0,1
299160.107,10.75,0,0,0,0,0,0,0.367101461,-0,150.09763,-147.154539,2.94309079,1,0,0,0,0,0,0,0,0,0,0,0,0,0,0,150.09763,4.79015999,-1.85057561,1.86249591e-05,0,0,0,0,0,0,0,0,0,0,0,0,0,0,0,0,0,0,0,0,0,0,0,0,0,0,0,0,0,0,0,0,147.154539,0.0394669884,0.967696673,-0.00384051527,-0.113534285,-0.171277625,0.224999691,-1.51211678,-4.31409623,0.000207874053,1500,1500,1500,1500,1500,1500,1500,1500,0,0,0,0,0.02,0,0,0,0,0.02,0,0,0,0,0.02,0,0,0,0,0.02,0,0,0,0,1,0,0,0,0,1,0,0,0,0,1,0,0,0,0,1
299160.16,10.8,0,0,0,0,0,0,0.367101461,-0,150.09763,-147.154539,2.94309079,1,0,0,0,0,0,0,0,0,0,0,0,0,0,0,150.09763,4.79015999,-1.85057561,1.86249591e-05,0,0,0,0,0,0,0,0,0,0,0,0,0,0,0,0,0,0,0,0,0,0,0,0,0,0,0,0,0,0,0,0,147.154539,0.0394669884,0.967696673,-0.00384051527,-0.113534285,-0.171277625,0.224999691,-1.51211678,-4.31409623,0.000207874053,1500,1500,1500,1500,1500,1500,1500,1500,0,0,0,0,0.02,0,0,0,0,0.02,0,0,0,0,0.02,0,0,0,0,0.02,0,0,0,0,1,0,0,0,0,1,0,0,0,0,1,0,0,0,0,1
299160.213,10.85,0,0,0,0,0,0,0.367101461,-0,150.09763,-147.154539,2.94309079,1,0,0,0,0,0,0,0,0,0,0,0,0,0,0,150.09763,4.79015999,-1.85057561,1.86249591e-05,0,0,0,0,0,0,0,0,0,0,0,0,0,0,0,0,0,0,0,0,0,0,0,0,0,0,0,0,0,0,0,0,147.154539,0.0394669884,0.967696673,-0.00384051527,-0.113534285,-0.171277625,0.224999691,-1.51211678,-4.31409623,0.000207874053,1500,1500,1500,1500,1500,1500,1500,1500,0,0,0,0,0.02,0,0,0,0,0.02,0,0,0,0,0.02,0,0,0,0,0.02,0,0,0,0,1,0,0,0,0,1,0,0,0,0,1,0,0,0,0,1
299160.267,10.9,0,0,0,0,0,0,0.367101461,-0,150.09763,-147.154539,2.94309079,1,0,0,0,0,0,0,0,0,0,0,0,0,0,0,150.09763,4.79015999,-1.85057561,1.86249591e-05,0,0,0,0,0,0,0,0,0,0,0,0,0,0,0,0,0,0,0,0,0,0,0,0,0,0,0,0,0,0,0,0,147.154539,0.0394669884,0.967696673,-0.00384051527,-0.113534285,-0.171277625,0.224999691,-1.51211678,-4.31409623,0.000207874053,1500,1500,1500,1500,1500,1500,1500,1500,0,0,0,0,0.02,0,0,0,0,0.02,0,0,0,0,0.02,0,0,0,0,0.02,0,0,0,0,1,0,0,0,0,1,0,0,0,0,1,0,0,0,0,1
299160.318,10.95,0,0,0,0,0,0,0.367101461,-0,150.09763,-147.154539,2.94309079,1,0,0,0,0,0,0,0,0,0,0,0,0,0,0,150.09763,4.79015999,-1.85057561,1.86249591e-05,0,0,0,0,0,0,0,0,0,0,0,0,0,0,0,0,0,0,0,0,0,0,0,0,0,0,0,0,0,0,0,0,147.154539,0.0394669884,0.967696673,-0.00384051527,-0.113534285,-0.171277625,0.224999691,-1.51211678,-4.31409623,0.000207874053,1500,1500,1500,1500,1500,1500,1500,1500,0,0,0,0,0.02,0,0,0,0,0.02,0,0,0,0,0.02,0,0,0,0,0.02,0,0,0,0,1,0,0,0,0,1,0,0,0,0,1,0,0,0,0,1
299160.37,11,0,0,0,0,0,0,0.367101461,-0,150.09763,-147.154539,2.94309079,1,0,0,0,0,0,0,0,0,0,0,0,0,0,0,150.09763,4.79015999,-1.85057561,1.86249591e-05,0,0,0,0,0,0,0,0,0,0,0,0,0,0,0,0,0,0,0,0,0,0,0,0,0,0,0,0,0,0,0,0,147.154539,0.0394669884,0.967696673,-0.00384051527,-0.113534285,-0.171277625,0.224999691,-1.51211678,-4.31409623,0.000207874053,1500,1500,1500,1500,1500,1500,1500,1500,0,0,0,0,0.02,0,0,0,0,0.02,0,0,0,0,0.02,0,0,0,0,0.02,0,0,0,0,1,0,0,0,0,1,0,0,0,0,1,0,0,0,0,1
299160.424,11.05,0,0,0,0,0,0,0.367101461,-0,150.09763,-147.154539,2.94309079,1,0,0,0,0,0,0,0,0,0,0,0,0,0,0,150.09763,4.79015999,-1.85057561,1.86249591e-05,0,0,0,0,0,0,0,0,0,0,0,0,0,0,0,0,0,0,0,0,0,0,0,0,0,0,0,0,0,0,0,0,147.154539,0.0394669884,0.967696673,-0.00384051527,-0.113534285,-0.171277625,0.224999691,-1.51211678,-4.31409623,0.000207874053,1500,1500,1500,1500,1500,1500,1500,1500,0,0,0,0,0.02,0,0,0,0,0.02,0,0,0,0,0.02,0,0,0,0,0.02,0,0,0,0,1,0,0,0,0,1,0,0,0,0,1,0,0,0,0,1
299160.477,11.1,0,0,0,0,0,0,0.367101461,-0,150.09763,-147.154539,2.94309079,1,0,0,0,0,0,0,0,0,0,0,0,0,0,0,150.09763,4.79015999,-1.85057561,1.86249591e-05,0,0,0,0,0,0,0,0,0,0,0,0,0,0,0,0,0,0,0,0,0,0,0,0,0,0,0,0,0,0,0,0,147.154539,0.0394669884,0.967696673,-0.00384051527,-0.113534285,-0.171277625,0.224999691,-1.51211678,-4.31409623,0.000207874053,1500,1500,1500,1500,1500,1500,1500,1500,0,0,0,0,0.02,0,0,0,0,0.02,0,0,0,0,0.02,0,0,0,0,0.02,0,0,0,0,1,0,0,0,0,1,0,0,0,0,1,0,0,0,0,1
299160.53,11.15,0,0,0,0,0,0,0.367101461,-0,150.09763,-147.154539,2.94309079,1,0,0,0,0,0,0,0,0,0,0,0,0,0,0,150.09763,4.79015999,-1.85057561,1.86249591e-05,0,0,0,0,0,0,0,0,0,0,0,0,0,0,0,0,0,0,0,0,0,0,0,0,0,0,0,0,0,0,0,0,147.154539,0.0394669884,0.967696673,-0.00384051527,-0.113534285,-0.171277625,0.224999691,-1.51211678,-4.31409623,0.000207874053,1500,1500,1500,1500,1500,1500,1500,1500,0,0,0,0,0.02,0,0,0,0,0.02,0,0,0,0,0.02,0,0,0,0,0.02,0,0,0,0,1,0,0,0,0,1,0,0,0,0,1,0,0,0,0,1
299160.583,11.2,0,0,0,0,0,0,0.367101461,-0,150.09763,-147.154539,2.94309079,1,0,0,0,0,0,0,0,0,0,0,0,0,0,0,150.09763,4.79015999,-1.85057561,1.86249591e-05,0,0,0,0,0,0,0,0,0,0,0,0,0,0,0,0,0,0,0,0,0,0,0,0,0,0,0,0,0,0,0,0,147.154539,0.0394669884,0.967696673,-0.00384051527,-0.113534285,-0.171277625,0.224999691,-1.51211678,-4.31409623,0.000207874053,1500,1500,1500,1500,1500,1500,1500,1500,0,0,0,0,0.02,0,0,0,0,0.02,0,0,0,0,0.02,0,0,0,0,0.02,0,0,0,0,1,0,0,0,0,1,0,0,0,0,1,0,0,0,0,1
299160.635,11.25,0,0,0,0,0,0,0.367101461,-0,150.09763,-147.154539,2.94309079,1,0,0,0,0,0,0,0,0,0,0,0,0,0,0,150.09763,4.79015999,-1.85057561,1.86249591e-05,0,0,0,0,0,0,0,0,0,0,0,0,0,0,0,0,0,0,0,0,0,0,0,0,0,0,0,0,0,0,0,0,147.154539,0.0394669884,0.967696673,-0.00384051527,-0.113534285,-0.171277625,0.224999691,-1.51211678,-4.31409623,0.000207874053,1500,1500,1500,1500,1500,1500,1500,1500,0,0,0,0,0.02,0,0,0,0,0.02,0,0,0,0,0.02,0,0,0,0,0.02,0,0,0,0,1,0,0,0,0,1,0,0,0,0,1,0,0,0,0,1
299160.686,11.3,0,0,0,0,0,0,0.367101461,-0,150.09763,-147.154539,2.94309079,1,0,0,0,0,0,0,0,0,0,0,0,0,0,0,150.09763,4.79015999,-1.85057561,1.86249591e-05,0,0,0,0,0,0,0,0,0,0,0,0,0,0,0,0,0,0,0,0,0,0,0,0,0,0,0,0,0,0,0,0,147.154539,0.0394669884,0.967696673,-0.00384051527,-0.113534285,-0.171277625,0.224999691,-1.51211678,-4.31409623,0.000207874053,1500,1500,1500,1500,1500,1500,1500,1500,0,0,0,0,0.02,0,0,0,0,0.02,0,0,0,0,0.02,0,0,0,0,0.02,0,0,0,0,1,0,0,0,0,1,0,0,0,0,1,0,0,0,0,1
299160.738,11.35,0,0,0,0,0,0,0.367101461,-0,150.09763,-147.154539,2.94309079,1,0,0,0,0,0,0,0,0,0,0,0,0,0,0,150.09763,4.79015999,-1.85057561,1.86249591e-05,0,0,0,0,0,0,0,0,0,0,0,0,0,0,0,0,0,0,0,0,0,0,0,0,0,0,0,0,0,0,0,0,147.154539,0.0394669884,0.967696673,-0.00384051527,-0.113534285,-0.171277625,0.224999691,-1.51211678,-4.31409623,0.000207874053,1500,1500,1500,1500,1500,1500,1500,1500,0,0,0,0,0.02,0,0,0,0,0.02,0,0,0,0,0.02,0,0,0,0,0.02,0,0,0,0,1,0,0,0,0,1,0,0,0,0,1,0,0,0,0,1
299160.79,11.4,0,0,0,0,0,0,0.367101461,-0,150.09763,-147.154539,2.94309079,1,0,0,0,0,0,0,0,0,0,0,0,0,0,0,150.09763,4.79015999,-1.85057561,1.86249591e-05,0,0,0,0,0,0,0,0,0,0,0,0,0,0,0,0,0,0,0,0,0,0,0,0,0,0,0,0,0,0,0,0,147.154539,0.0394669884,0.967696673,-0.00384051527,-0.113534285,-0.171277625,0.224999691,-1.51211678,-4.31409623,0.000207874053,1500,1500,1500,1500,1500,1500,1500,1500,0,0,0,0,0.02,0,0,0,0,0.02,0,0,0,0,0.02,0,0,0,0,0.02,0,0,0,0,1,0,0,0,0,1,0,0,0,0,1,0,0,0,0,1
299160.842,11.45,0,0,0,0,0,0,0.367101461,-0,150.09763,-147.154539,2.94309079,1,0,0,0,0,0,0,0,0,0,0,0,0,0,0,150.09763,4.79015999,-1.85057561,1.86249591e-05,0,0,0,0,0,0,0,0,0,0,0,0,0,0,0,0,0,0,0,0,0,0,0,0,0,0,0,0,0,0,0,0,147.154539,0.0394669884,0.967696673,-0.00384051527,-0.113534285,-0.171277625,0.224999691,-1.51211678,-4.31409623,0.000207874053,1500,1500,1500,1500,1500,1500,1500,1500,0,0,0,0,0.02,0,0,0,0,0.02,0,0,0,0,0.02,0,0,0,0,0.02,0,0,0,0,1,0,0,0,0,1,0,0,0,0,1,0,0,0,0,1
299160.893,11.5,0,0,0,0,0,0,0.367101461,-0,150.09763,-147.154539,2.94309079,1,0,0,0,0,0,0,0,0,0,0,0,0,0,0,150.09763,4.79015999,-1.85057561,1.86249591e-05,0,0,0,0,0,0,0,0,0,0,0,0,0,0,0,0,0,0,0,0,0,0,0,0,0,0,0,0,0,0,0,0,147.154539,0.0394669884,0.967696673,-0.00384051527,-0.113534285,-0.171277625,0.224999691,-1.51211678,-4.31409623,0.000207874053,1500,1500,1500,1500,1500,1500,1500,1500,0,0,0,0,0.02,0,0,0,0,0.02,0,0,0,0,0.02,0,0,0,0,0.02,0,0,0,0,1,0,0,0,0,1,0,0,0,0,1,0,0,0,0,1
299160.945,11.55,0,0,0,0,0,0,0.367101461,-0,150.09763,-147.154539,2.94309079,1,0,0,0,0,0,0,0,0,0,0,0,0,0,0,150.09763,4.79015999,-1.85057561,1.86249591e-05,0,0,0,0,0,0,0,0,0,0,0,0,0,0,0,0,0,0,0,0,0,0,0,0,0,0,0,0,0,0,0,0,147.154539,0.0394669884,0.967696673,-0.00384051527,-0.113534285,-0.171277625,0.224999691,-1.51211678,-4.31409623,0.000207874053,1500,1500,1500,1500,1500,1500,1500,1500,0,0,0,0,0.02,0,0,0,0,0.02,0,0,0,0,0.02,0,0,0,0,0.02,0,0,0,0,1,0,0,0,0,1,0,0,0,0,1,0,0,0,0,1
299160.998,11.6,0,0,0,0,0,0,0.367101461,-0,150.09763,-147.154539,2.94309079,1,0,0,0,0,0,0,0,0,0,0,0,0,0,0,150.09763,4.79015999,-1.85057561,1.86249591e-05,0,0,0,0,0,0,0,0,0,0,0,0,0,0,0,0,0,0,0,0,0,0,0,0,0,0,0,0,0,0,0,0,147.154539,0.0394669884,0.967696673,-0.00384051527,-0.113534285,-0.171277625,0.224999691,-1.51211678,-4.31409623,0.000207874053,1500,1500,1500,1500,1500,1500,1500,1500,0,0,0,0,0.02,0,0,0,0,0.02,0,0,0,0,0.02,0,0,0,0,0.02,0,0,0,0,1,0,0,0,0,1,0,0,0,0,1,0,0,0,0,1
299161.052,11.65,0,0,0,0,0,0,0.367101461,-0,150.09763,-147.154539,2.94309079,1,0,0,0,0,0,0,0,0,0,0,0,0,0,0,150.09763,4.79015999,-1.85057561,1.86249591e-05,0,0,0,0,0,0,0,0,0,0,0,0,0,0,0,0,0,0,0,0,0,0,0,0,0,0,0,0,0,0,0,0,147.154539,0.0394669884,0.967696673,-0.00384051527,-0.113534285,-0.171277625,0.224999691,-1.51211678,-4.31409623,0.000207874053,1500,1500,1500,1500,1500,1500,1500,1500,0,0,0,0,0.02,0,0,0,0,0.02,0,0,0,0,0.02,0,0,0,0,0.02,0,0,0,0,1,0,0,0,0,1,0,0,0,0,1,0,0,0,0,1
299161.106,11.7,0,0,0,0,0,0,0.367101461,-0,150.09763,-147.154539,2.94309079,1,0,0,0,0,0,0,0,0,0,0,0,0,0,0,150.09763,4.79015999,-1.85057561,1.86249591e-05,0,0,0,0,0,0,0,0,0,0,0,0,0,0,0,0,0,0,0,0,0,0,0,0,0,0,0,0,0,0,0,0,147.154539,0.0394669884,0.967696673,-0.00384051527,-0.113534285,-0.171277625,0.224999691,-1.51211678,-4.31409623,0.000207874053,1500,1500,1500,1500,1500,1500,1500,1500,0,0,0,0,0.02,0,0,0,0,0.02,0,0,0,0,0.02,0,0,0,0,0.02,0,0,0,0,1,0,0,0,0,1,0,0,0,0,1,0,0,0,0,1
299161.159,11.75,0,0,0,0,0,0,0.367101461,-0,150.09763,-147.154539,2.94309079,1,0,0,0,0,0,0,0,0,0,0,0,0,0,0,150.09763,4.79015999,-1.85057561,1.86249591e-05,0,0,0,0,0,0,0,0,0,0,0,0,0,0,0,0,0,0,0,0,0,0,0,0,0,0,0,0,0,0,0,0,147.154539,0.0394669884,0.967696673,-0.00384051527,-0.113534285,-0.171277625,0.224999691,-1.51211678,-4.31409623,0.000207874053,1500,1500,1500,1500,1500,1500,1500,1500,0,0,0,0,0.02,0,0,0,0,0.02,0,0,0,0,0.02,0,0,0,0,0.02,0,0,0,0,1,0,0,0,0,1,0,0,0,0,1,0,0,0,0,1
299161.211,11.8,0,0,0,0,0,0,0.367101461,-0,150.09763,-147.154539,2.94309079,1,0,0,0,0,0,0,0,0,0,0,0,0,0,0,150.09763,4.79015999,-1.85057561,1.86249591e-05,0,0,0,0,0,0,0,0,0,0,0,0,0,0,0,0,0,0,0,0,0,0,0,0,0,0,0,0,0,0,0,0,147.154539,0.0394669884,0.967696673,-0.00384051527,-0.113534285,-0.171277625,0.224999691,-1.51211678,-4.31409623,0.000207874053,1500,1500,1500,1500,1500,1500,1500,1500,0,0,0,0,0.02,0,0,0,0,0.02,0,0,0,0,0.02,0,0,0,0,0.02,0,0,0,0,1,0,0,0,0,1,0,0,0,0,1,0,0,0,0,1
299161.265,11.85,0,0,0,0,0,0,0.367101461,-0,150.09763,-147.154539,2.94309079,1,0,0,0,0,0,0,0,0,0,0,0,0,0,0,150.09763,4.79015999,-1.85057561,1.86249591e-05,0,0,0,0,0,0,0,0,0,0,0,0,0,0,0,0,0,0,0,0,0,0,0,0,0,0,0,0,0,0,0,0,147.154539,0.0394669884,0.967696673,-0.00384051527,-0.113534285,-0.171277625,0.224999691,-1.51211678,-4.31409623,0.000207874053,1500,1500,1500,1500,1500,1500,1500,1500,0,0,0,0,0.02,0,0,0,0,0.02,0,0,0,0,0.02,0,0,0,0,0.02,0,0,0,0,1,0,0,0,0,1,0,0,0,0,1,0,0,0,0,1
299161.316,11.9,0,0,0,0,0,0,0.367101461,-0,150.09763,-147.154539,2.94309079,1,0,0,0,0,0,0,0,0,0,0,0,0,0,0,150.09763,4.79015999,-1.85057561,1.86249591e-05,0,0,0,0,0,0,0,0,0,0,0,0,0,0,0,0,0,0,0,0,0,0,0,0,0,0,0,0,0,0,0,0,147.154539,0.0394669884,0.967696673,-0.00384051527,-0.113534285,-0.171277625,0.224999691,-1.51211678,-4.31409623,0.000207874053,1500,1500,1500,1500,1500,1500,1500,1500,0,0,0,0,0.02,0,0,0,0,0.02,0,0,0,0,0.02,0,0,0,0,0.02,0,0,0,0,1,0,0,0,0,1,0,0,0,0,1,0,0,0,0,1
299161.369,11.95,0,0,0,0,0,0,0.367101461,-0,150.09763,-147.154539,2.94309079,1,0,0,0,0,0,0,0,0,0,0,0,0,0,0,150.09763,4.79015999,-1.85057561,1.86249591e-05,0,0,0,0,0,0,0,0,0,0,0,0,0,0,0,0,0,0,0,0,0,0,0,0,0,0,0,0,0,0,0,0,147.154539,0.0394669884,0.967696673,-0.00384051527,-0.113534285,-0.171277625,0.224999691,-1.51211678,-4.31409623,0.000207874053,1500,1500,1500,1500,1500,1500,1500,1500,0,0,0,0,0.02,0,0,0,0,0.02,0,0,0,0,0.02,0,0,0,0,0.02,0,0,0,0,1,0,0,0,0,1,0,0,0,0,1,0,0,0,0,1
299161.419,12,0,0,0,0,0,0,0.367101461,-0,150.09763,-147.154539,2.94309079,1,0,0,0,0,0,0,0,0,0,0,0,0,0,0,150.09763,4.79015999,-1.85057561,1.86249591e-05,0,0,0,0,0,0,0,0,0,0,0,0,0,0,0,0,0,0,0,0,0,0,0,0,0,0,0,0,0,0,0,0,147.154539,0.0394669884,0.967696673,-0.00384051527,-0.113534285,-0.171277625,0.224999691,-1.51211678,-4.31409623,0.000207874053,1500,1500,1500,1500,1500,1500,1500,1500,0,0,0,0,0.02,0,0,0,0,0.02,0,0,0,0,0.02,0,0,0,0,0.02,0,0,0,0,1,0,0,0,0,1,0,0,0,0,1,0,0,0,0,1
299161.474,12.05,0,0,0,0,0,0,0.367101461,-0,150.09763,-147.154539,2.94309079,1,0,0,0,0,0,0,0,0,0,0,0,0,0,0,150.09763,4.79015999,-1.85057561,1.86249591e-05,0,0,0,0,0,0,0,0,0,0,0,0,0,0,0,0,0,0,0,0,0,0,0,0,0,0,0,0,0,0,0,0,147.154539,0.0394669884,0.967696673,-0.00384051527,-0.113534285,-0.171277625,0.224999691,-1.51211678,-4.31409623,0.000207874053,1500,1500,1500,1500,1500,1500,1500,1500,0,0,0,0,0.02,0,0,0,0,0.02,0,0,0,0,0.02,0,0,0,0,0.02,0,0,0,0,1,0,0,0,0,1,0,0,0,0,1,0,0,0,0,1
299161.527,12.1,0,0,0,0,0,0,0.367101461,-0,150.09763,-147.154539,2.94309079,1,0,0,0,0,0,0,0,0,0,0,0,0,0,0,150.09763,4.79015999,-1.85057561,1.86249591e-05,0,0,0,0,0,0,0,0,0,0,0,0,0,0,0,0,0,0,0,0,0,0,0,0,0,0,0,0,0,0,0,0,147.154539,0.0394669884,0.967696673,-0.00384051527,-0.113534285,-0.171277625,0.224999691,-1.51211678,-4.31409623,0.000207874053,1500,1500,1500,1500,1500,1500,1500,1500,0,0,0,0,0.02,0,0,0,0,0.02,0,0,0,0,0.02,0,0,0,0,0.02,0,0,0,0,1,0,0,0,0,1,0,0,0,0,1,0,0,0,0,1
299161.58,12.15,0,0,0,0,0,0,0.367101461,-0,150.09763,-147.154539,2.94309079,1,0,0,0,0,0,0,0,0,0,0,0,0,0,0,150.09763,4.79015999,-1.85057561,1.86249591e-05,0,0,0,0,0,0,0,0,0,0,0,0,0,0,0,0,0,0,0,0,0,0,0,0,0,0,0,0,0,0,0,0,147.154539,0.0394669884,0.967696673,-0.00384051527,-0.113534285,-0.171277625,0.224999691,-1.51211678,-4.31409623,0.000207874053,1500,1500,1500,1500,1500,1500,1500,1500,0,0,0,0,0.02,0,0,0,0,0.02,0,0,0,0,0.02,0,0,0,0,0.02,0,0,0,0,1,0,0,0,0,1,0,0,0,0,1,0,0,0,0,1
299161.631,12.2,0,0,0,0,0,0,0.367101461,-0,150.09763,-147.154539,2.94309079,1,0,0,0,0,0,0,0,0,0,0,0,0,0,0,150.09763,4.79015999,-1.85057561,1.86249591e-05,0,0,0,0,0,0,0,0,0,0,0,0,0,0,0,0,0,0,0,0,0,0,0,0,0,0,0,0,0,0,0,0,147.154539,0.0394669884,0.967696673,-0.00384051527,-0.113534285,-0.171277625,0.224999691,-1.51211678,-4.31409623,0.000207874053,1500,1500,1500,1500,1500,1500,1500,1500,0,0,0,0,0.02,0,0,0,0,0.02,0,0,0,0,0.02,0,0,0,0,0.02,0,0,0,0,1,0,0,0,0,1,0,0,0,0,1,0,0,0,0,1
299161.682,12.25,0,0,0,0,0,0,0.367101461,-0,150.09763,-147.154539,2.94309079,1,0,0,0,0,0,0,0,0,0,0,0,0,0,0,150.09763,4.79015999,-1.85057561,1.86249591e-05,0,0,0,0,0,0,0,0,0,0,0,0,0,0,0,0,0,0,0,0,0,0,0,0,0,0,0,0,0,0,0,0,147.154539,0.0394669884,0.967696673,-0.00384051527,-0.113534285,-0.171277625,0.224999691,-1.51211678,-4.31409623,0.000207874053,1500,1500,1500,1500,1500,1500,1500,1500,0,0,0,0,0.02,0,0,0,0,0.02,0,0,0,0,0.02,0,0,0,0,0.02,0,0,0,0,1,0,0,0,0,1,0,0,0,0,1,0,0,0,0,1
299161.734,12.3,0,0,0,0,0,0,0.367101461,-0,150.09763,-147.154539,2.94309079,1,0,0,0,0,0,0,0,0,0,0,0,0,0,0,150.09763,4.79015999,-1.85057561,1.86249591e-05,0,0,0,0,0,0,0,0,0,0,0,0,0,0,0,0,0,0,0,0,0,0,0,0,0,0,0,0,0,0,0,0,147.154539,0.0394669884,0.967696673,-0.00384051527,-0.113534285,-0.171277625,0.224999691,-1.51211678,-4.31409623,0.000207874053,1500,1500,1500,1500,1500,1500,1500,1500,0,0,0,0,0.02,0,0,0,0,0.02,0,0,0,0,0.02,0,0,0,0,0.02,0,0,0,0,1,0,0,0,0,1,0,0,0,0,1,0,0,0,0,1
299161.786,12.35,0,0,0,0,0,0,0.367101461,-0,150.09763,-147.154539,2.94309079,1,0,0,0,0,0,0,0,0,0,0,0,0,0,0,150.09763,4.79015999,-1.85057561,1.86249591e-05,0,0,0,0,0,0,0,0,0,0,0,0,0,0,0,0,0,0,0,0,0,0,0,0,0,0,0,0,0,0,0,0,147.154539,0.0394669884,0.967696673,-0.00384051527,-0.113534285,-0.171277625,0.224999691,-1.51211678,-4.31409623,0.000207874053,1500,1500,1500,1500,1500,1500,1500,1500,0,0,0,0,0.02,0,0,0,0,0.02,0,0,0,0,0.02,0,0,0,0,0.02,0,0,0,0,1,0,0,0,0,1,0,0,0,0,1,0,0,0,0,1
299161.839,12.4,0,0,0,0,0,0,0.367101461,-0,150.09763,-147.154539,2.94309079,1,0,0,0,0,0,0,0,0,0,0,0,0,0,0,150.09763,4.79015999,-1.85057561,1.86249591e-05,0,0,0,0,0,0,0,0,0,0,0,0,0,0,0,0,0,0,0,0,0,0,0,0,0,0,0,0,0,0,0,0,147.154539,0.0394669884,0.967696673,-0.00384051527,-0.113534285,-0.171277625,0.224999691,-1.51211678,-4.31409623,0.000207874053,1500,1500,1500,1500,1500,1500,1500,1500,0,0,0,0,0.02,0,0,0,0,0.02,0,0,0,0,0.02,0,0,0,0,0.02,0,0,0,0,1,0,0,0,0,1,0,0,0,0,1,0,0,0,0,1
299161.894,12.45,0,0,0,0,0,0,0.367101461,-0,150.09763,-147.154539,2.94309079,1,0,0,0,0,0,0,0,0,0,0,0,0,0,0,150.09763,4.79015999,-1.85057561,1.86249591e-05,0,0,0,0,0,0,0,0,0,0,0,0,0,0,0,0,0,0,0,0,0,0,0,0,0,0,0,0,0,0,0,0,147.154539,0.0394669884,0.967696673,-0.00384051527,-0.113534285,-0.171277625,0.224999691,-1.51211678,-4.31409623,0.000207874053,1500,1500,1500,1500,1500,1500,1500,1500,0,0,0,0,0.02,0,0,0,0,0.02,0,0,0,0,0.02,0,0,0,0,0.02,0,0,0,0,1,0,0,0,0,1,0,0,0,0,1,0,0,0,0,1
299161.948,12.5,0,0,0,0,0,0,0.367101461,-0,150.09763,-147.154539,2.94309079,1,0,0,0,0,0,0,0,0,0,0,0,0,0,0,150.09763,4.79015999,-1.85057561,1.86249591e-05,0,0,0,0,0,0,0,0,0,0,0,0,0,0,0,0,0,0,0,0,0,0,0,0,0,0,0,0,0,0,0,0,147.154539,0.0394669884,0.967696673,-0.00384051527,-0.113534285,-0.171277625,0.224999691,-1.51211678,-4.31409623,0.000207874053,1500,1500,1500,1500,1500,1500,1500,1500,0,0,0,0,0.02,0,0,0,0,0.02,0,0,0,0,0.02,0,0,0,0,0.02,0,0,0,0,1,0,0,0,0,1,0,0,0,0,1,0,0,0,0,1
299162.001,12.55,0,0,0,0,0,0,0.367101461,-0,150.09763,-147.154539,2.94309079,1,0,0,0,0,0,0,0,0,0,0,0,0,0,0,150.09763,4.79015999,-1.85057561,1.86249591e-05,0,0,0,0,0,0,0,0,0,0,0,0,0,0,0,0,0,0,0,0,0,0,0,0,0,0,0,0,0,0,0,0,147.154539,0.0394669884,0.967696673,-0.00384051527,-0.113534285,-0.171277625,0.224999691,-1.51211678,-4.31409623,0.000207874053,1500,1500,1500,1500,1500,1500,1500,1500,0,0,0,0,0.02,0,0,0,0,0.02,0,0,0,0,0.02,0,0,0,0,0.02,0,0,0,0,1,0,0,0,0,1,0,0,0,0,1,0,0,0,0,1
299162.055,12.6,0,0,0,0,0,0,0.367101461,-0,150.09763,-147.154539,2.94309079,1,0,0,0,0,0,0,0,0,0,0,0,0,0,0,150.09763,4.79015999,-1.85057561,1.86249591e-05,0,0,0,0,0,0,0,0,0,0,0,0,0,0,0,0,0,0,0,0,0,0,0,0,0,0,0,0,0,0,0,0,147.154539,0.0394669884,0.967696673,-0.00384051527,-0.113534285,-0.171277625,0.224999691,-1.51211678,-4.31409623,0.000207874053,1500,1500,1500,1500,1500,1500,1500,1500,0,0,0,0,0.02,0,0,0,0,0.02,0,0,0,0,0.02,0,0,0,0,0.02,0,0,0,0,1,0,0,0,0,1,0,0,0,0,1,0,0,0,0,1
299162.108,12.65,0,0,0,0,0,0,0.367101461,-0,150.09763,-147.154539,2.94309079,1,0,0,0,0,0,0,0,0,0,0,0,0,0,0,150.09763,4.79015999,-1.85057561,1.86249591e-05,0,0,0,0,0,0,0,0,0,0,0,0,0,0,0,0,0,0,0,0,0,0,0,0,0,0,0,0,0,0,0,0,147.154539,0.0394669884,0.967696673,-0.00384051527,-0.113534285,-0.171277625,0.224999691,-1.51211678,-4.31409623,0.000207874053,1500,1500,1500,1500,1500,1500,1500,1500,0,0,0,0,0.02,0,0,0,0,0.02,0,0,0,0,0.02,0,0,0,0,0.02,0,0,0,0,1,0,0,0,0,1,0,0,0,0,1,0,0,0,0,1
299162.161,12.7,0,0,0,0,0,0,0.367101461,-0,150.09763,-147.154539,2.94309079,1,0,0,0,0,0,0,0,0,0,0,0,0,0,0,150.09763,4.79015999,-1.85057561,1.86249591e-05,0,0,0,0,0,0,0,0,0,0,0,0,0,0,0,0,0,0,0,0,0,0,0,0,0,0,0,0,0,0,0,0,147.154539,0.0394669884,0.967696673,-0.00384051527,-0.113534285,-0.171277625,0.224999691,-1.51211678,-4.31409623,0.000207874053,1500,1500,1500,1500,1500,1500,1500,1500,0,0,0,0,0.02,0,0,0,0,0.02,0,0,0,0,0.02,0,0,0,0,0.02,0,0,0,0,1,0,0,0,0,1,0,0,0,0,1,0,0,0,0,1
299162.214,12.75,0,0,0,0,0,0,0.367101461,-0,150.09763,-147.154539,2.94309079,1,0,0,0,0,0,0,0,0,0,0,0,0,0,0,150.09763,4.79015999,-1.85057561,1.86249591e-05,0,0,0,0,0,0,0,0,0,0,0,0,0,0,0,0,0,0,0,0,0,0,0,0,0,0,0,0,0,0,0,0,147.154539,0.0394669884,0.967696673,-0.00384051527,-0.113534285,-0.171277625,0.224999691,-1.51211678,-4.31409623,0.000207874053,1500,1500,1500,1500,1500,1500,1500,1500,0,0,0,0,0.02,0,0,0,0,0.02,0,0,0,0,0.02,0,0,0,0,0.02,0,0,0,0,1,0,0,0,0,1,0,0,0,0,1,0,0,0,0,1
299162.266,12.8,0,0,0,0,0,0,0.367101461,-0,150.09763,-147.154539,2.94309079,1,0,0,0,0,0,0,0,0,0,0,0,0,0,0,150.09763,4.79015999,-1.85057561,1.86249591e-05,0,0,0,0,0,0,0,0,0,0,0,0,0,0,0,0,0,0,0,0,0,0,0,0,0,0,0,0,0,0,0,0,147.154539,0.0394669884,0.967696673,-0.00384051527,-0.113534285,-0.171277625,0.224999691,-1.51211678,-4.31409623,0.000207874053,1500,1500,1500,1500,1500,1500,1500,1500,0,0,0,0,0.02,0,0,0,0,0.02,0,0,0,0,0.02,0,0,0,0,0.02,0,0,0,0,1,0,0,0,0,1,0,0,0,0,1,0,0,0,0,1
299162.321,12.85,0,0,0,0,0,0,0.367101461,-0,150.09763,-147.154539,2.94309079,1,0,0,0,0,0,0,0,0,0,0,0,0,0,0,150.09763,4.79015999,-1.85057561,1.86249591e-05,0,0,0,0,0,0,0,0,0,0,0,0,0,0,0,0,0,0,0,0,0,0,0,0,0,0,0,0,0,0,0,0,147.154539,0.0394669884,0.967696673,-0.00384051527,-0.113534285,-0.171277625,0.224999691,-1.51211678,-4.31409623,0.000207874053,1500,1500,1500,1500,1500,1500,1500,1500,0,0,0,0,0.02,0,0,0,0,0.02,0,0,0,0,0.02,0,0,0,0,0.02,0,0,0,0,1,0,0,0,0,1,0,0,0,0,1,0,0,0,0,1
299162.374,12.9,0,0,0,0,0,0,0.367101461,-0,150.09763,-147.154539,2.94309079,1,0,0,0,0,0,0,0,0,0,0,0,0,0,0,150.09763,4.79015999,-1.85057561,1.86249591e-05,0,0,0,0,0,0,0,0,0,0,0,0,0,0,0,0,0,0,0,0,0,0,0,0,0,0,0,0,0,0,0,0,147.154539,0.0394669884,0.967696673,-0.00384051527,-0.113534285,-0.171277625,0.224999691,-1.51211678,-4.31409623,0.000207874053,1500,1500,1500,1500,1500,1500,1500,1500,0,0,0,0,0.02,0,0,0,0,0.02,0,0,0,0,0.02,0,0,0,0,0.02,0,0,0,0,1,0,0,0,0,1,0,0,0,0,1,0,0,0,0,1
299162.428,12.95,0,0,0,0,0,0,0.367101461,-0,150.09763,-147.154539,2.94309079,1,0,0,0,0,0,0,0,0,0,0,0,0,0,0,150.09763,4.79015999,-1.85057561,1.86249591e-05,0,0,0,0,0,0,0,0,0,0,0,0,0,0,0,0,0,0,0,0,0,0,0,0,0,0,0,0,0,0,0,0,147.154539,0.0394669884,0.967696673,-0.00384051527,-0.113534285,-0.171277625,0.224999691,-1.51211678,-4.31409623,0.000207874053,1500,1500,1500,1500,1500,1500,1500,1500,0,0,0,0,0.02,0,0,0,0,0.02,0,0,0,0,0.02,0,0,0,0,0.02,0,0,0,0,1,0,0,0,0,1,0,0,0,0,1,0,0,0,0,1
299162.48,13,0,0,0,0,0,0,0.367101461,-0,150.09763,-147.154539,2.94309079,1,0,0,0,0,0,0,0,0,0,0,0,0,0,0,150.09763,4.79015999,-1.85057561,1.86249591e-05,0,0,0,0,0,0,0,0,0,0,0,0,0,0,0,0,0,0,0,0,0,0,0,0,0,0,0,0,0,0,0,0,147.154539,0.0394669884,0.967696673,-0.00384051527,-0.113534285,-0.171277625,0.224999691,-1.51211678,-4.31409623,0.000207874053,1500,1500,1500,1500,1500,1500,1500,1500,0,0,0,0,0.02,0,0,0,0,0.02,0,0,0,0,0.02,0,0,0,0,0.02,0,0,0,0,1,0,0,0,0,1,0,0,0,0,1,0,0,0,0,1
299162.534,13.05,0,0,0,0,0,0,0.367101461,-0,150.09763,-147.154539,2.94309079,1,0,0,0,0,0,0,0,0,0,0,0,0,0,0,150.09763,4.79015999,-1.85057561,1.86249591e-05,0,0,0,0,0,0,0,0,0,0,0,0,0,0,0,0,0,0,0,0,0,0,0,0,0,0,0,0,0,0,0,0,147.154539,0.0394669884,0.967696673,-0.00384051527,-0.113534285,-0.171277625,0.224999691,-1.51211678,-4.31409623,0.000207874053,1500,1500,1500,1500,1500,1500,1500,1500,0,0,0,0,0.02,0,0,0,0,0.02,0,0,0,0,0.02,0,0,0,0,0.02,0,0,0,0,1,0,0,0,0,1,0,0,0,0,1,0,0,0,0,1
299162.587,13.1,0,0,0,0,0,0,0.367101461,-0,150.09763,-147.154539,2.94309079,1,0,0,0,0,0,0,0,0,0,0,0,0,0,0,150.09763,4.79015999,-1.85057561,1.86249591e-05,0,0,0,0,0,0,0,0,0,0,0,0,0,0,0,0,0,0,0,0,0,0,0,0,0,0,0,0,0,0,0,0,147.154539,0.0394669884,0.967696673,-0.00384051527,-0.113534285,-0.171277625,0.224999691,-1.51211678,-4.31409623,0.000207874053,1500,1500,1500,1500,1500,1500,1500,1500,0,0,0,0,0.02,0,0,0,0,0.02,0,0,0,0,0.02,0,0,0,0,0.02,0,0,0,0,1,0,0,0,0,1,0,0,0,0,1,0,0,0,0,1
299162.641,13.15,0,0,0,0,0,0,0.367101461,-0,150.09763,-147.154539,2.94309079,1,0,0,0,0,0,0,0,0,0,0,0,0,0,0,150.09763,4.79015999,-1.85057561,1.86249591e-05,0,0,0,0,0,0,0,0,0,0,0,0,0,0,0,0,0,0,0,0,0,0,0,0,0,0,0,0,0,0,0,0,147.154539,0.0394669884,0.967696673,-0.00384051527,-0.113534285,-0.171277625,0.224999691,-1.51211678,-4.31409623,0.000207874053,1500,1500,1500,1500,1500,1500,1500,1500,0,0,0,0,0.02,0,0,0,0,0.02,0,0,0,0,0.02,0,0,0,0,0.02,0,0,0,0,1,0,0,0,0,1,0,0,0,0,1,0,0,0,0,1
299162.694,13.2,0,0,0,0,0,0,0.367101461,-0,150.09763,-147.154539,2.94309079,1,0,0,0,0,0,0,0,0,0,0,0,0,0,0,150.09763,4.79015999,-1.85057561,1.86249591e-05,0,0,0,0,0,0,0,0,0,0,0,0,0,0,0,0,0,0,0,0,0,0,0,0,0,0,0,0,0,0,0,0,147.154539,0.0394669884,0.967696673,-0.00384051527,-0.113534285,-0.171277625,0.224999691,-1.51211678,-4.31409623,0.000207874053,1500,1500,1500,1500,1500,1500,1500,1500,0,0,0,0,0.02,0,0,0,0,0.02,0,0,0,0,0.02,0,0,0,0,0.02,0,0,0,0,1,0,0,0,0,1,0,0,0,0,1,0,0,0,0,1
299162.746,13.25,0,0,0,0,0,0,0.367101461,-0,150.09763,-147.154539,2.94309079,1,0,0,0,0,0,0,0,0,0,0,0,0,0,0,150.09763,4.79015999,-1.85057561,1.86249591e-05,0,0,0,0,0,0,0,0,0,0,0,0,0,0,0,0,0,0,0,0,0,0,0,0,0,0,0,0,0,0,0,0,147.154539,0.0394669884,0.967696673,-0.00384051527,-0.113534285,-0.171277625,0.224999691,-1.51211678,-4.31409623,0.000207874053,1500,1500,1500,1500,1500,1500,1500,1500,0,0,0,0,0.02,0,0,0,0,0.02,0,0,0,0,0.02,0,0,0,0,0.02,0,0,0,0,1,0,0,0,0,1,0,0,0,0,1,0,0,0,0,1
299162.799,13.3,0,0,0,0,0,0,0.367101461,-0,150.09763,-147.154539,2.94309079,1,0,0,0,0,0,0,0,0,0,0,0,0,0,0,150.09763,4.79015999,-1.85057561,1.86249591e-05,0,0,0,0,0,0,0,0,0,0,0,0,0,0,0,0,0,0,0,0,0,0,0,0,0,0,0,0,0,0,0,0,147.154539,0.0394669884,0.967696673,-0.00384051527,-0.113534285,-0.171277625,0.224999691,-1.51211678,-4.31409623,0.000207874053,1500,1500,1500,1500,1500,1500,1500,1500,0,0,0,0,0.02,0,0,0,0,0.02,0,0,0,0,0.02,0,0,0,0,0.02,0,0,0,0,1,0,0,0,0,1,0,0,0,0,1,0,0,0,0,1
299162.854,13.35,0,0,0,0,0,0,0.367101461,-0,150.09763,-147.154539,2.94309079,1,0,0,0,0,0,0,0,0,0,0,0,0,0,0,150.09763,4.79015999,-1.85057561,1.86249591e-05,0,0,0,0,0,0,0,0,0,0,0,0,0,0,0,0,0,0,0,0,0,0,0,0,0,0,0,0,0,0,0,0,147.154539,0.0394669884,0.967696673,-0.00384051527,-0.113534285,-0.171277625,0.224999691,-1.51211678,-4.31409623,0.000207874053,1500,1500,1500,1500,1500,1500,1500,1500,0,0,0,0,0.02,0,0,0,0,0.02,0,0,0,0,0.02,0,0,0,0,0.02,0,0,0,0,1,0,0,0,0,1,0,0,0,0,1,0,0,0,0,1
299162.906,13.4,0,0,0,0,0,0,0.367101461,-0,150.09763,-147.154539,2.94309079,1,0,0,0,0,0,0,0,0,0,0,0,0,0,0,150.09763,4.79015999,-1.85057561,1.86249591e-05,0,0,0,0,0,0,0,0,0,0,0,0,0,0,0,0,0,0,0,0,0,0,0,0,0,0,0,0,0,0,0,0,147.154539,0.0394669884,0.967696673,-0.00384051527,-0.113534285,-0.171277625,0.224999691,-1.51211678,-4.31409623,0.000207874053,1500,1500,1500,1500,1500,1500,1500,1500,0,0,0,0,0.02,0,0,0,0,0.02,0,0,0,0,0.02,0,0,0,0,0.02,0,0,0,0,1,0,0,0,0,1,0,0,0,0,1,0,0,0,0,1
299162.959,13.45,0,0,0,0,0,0,0.367101461,-0,150.09763,-147.154539,2.94309079,1,0,0,0,0,0,0,0,0,0,0,0,0,0,0,150.09763,4.79015999,-1.85057561,1.86249591e-05,0,0,0,0,0,0,0,0,0,0,0,0,0,0,0,0,0,0,0,0,0,0,0,0,0,0,0,0,0,0,0,0,147.154539,0.0394669884,0.967696673,-0.00384051527,-0.113534285,-0.171277625,0.224999691,-1.51211678,-4.31409623,0.000207874053,1500,1500,1500,1500,1500,1500,1500,1500,0,0,0,0,0.02,0,0,0,0,0.02,0,0,0,0,0.02,0,0,0,0,0.02,0,0,0,0,1,0,0,0,0,1,0,0,0,0,1,0,0,0,0,1
299163.012,13.5,0,0,0,0,0,0,0.367101461,-0,150.09763,-147.154539,2.94309079,1,0,0,0,0,0,0,0,0,0,0,0,0,0,0,150.09763,4.79015999,-1.85057561,1.86249591e-05,0,0,0,0,0,0,0,0,0,0,0,0,0,0,0,0,0,0,0,0,0,0,0,0,0,0,0,0,0,0,0,0,147.154539,0.0394669884,0.967696673,-0.00384051527,-0.113534285,-0.171277625,0.224999691,-1.51211678,-4.31409623,0.000207874053,1500,1500,1500,1500,1500,1500,1500,1500,0,0,0,0,0.02,0,0,0,0,0.02,0,0,0,0,0.02,0,0,0,0,0.02,0,0,0,0,1,0,0,0,0,1,0,0,0,0,1,0,0,0,0,1
299163.067,13.55,0,0,0,0,0,0,0.367101461,-0,150.09763,-147.154539,2.94309079,1,0,0,0,0,0,0,0,0,0,0,0,0,0,0,150.09763,4.79015999,-1.85057561,1.86249591e-05,0,0,0,0,0,0,0,0,0,0,0,0,0,0,0,0,0,0,0,0,0,0,0,0,0,0,0,0,0,0,0,0,147.154539,0.0394669884,0.967696673,-0.00384051527,-0.113534285,-0.171277625,0.224999691,-1.51211678,-4.31409623,0.000207874053,1500,1500,1500,1500,1500,1500,1500,1500,0,0,0,0,0.02,0,0,0,0,0.02,0,0,0,0,0.02,0,0,0,0,0.02,0,0,0,0,1,0,0,0,0,1,0,0,0,0,1,0,0,0,0,1
299163.121,13.6,0,0,0,0,0,0,0.367101461,-0,150.09763,-147.154539,2.94309079,1,0,0,0,0,0,0,0,0,0,0,0,0,0,0,150.09763,4.79015999,-1.85057561,1.86249591e-05,0,0,0,0,0,0,0,0,0,0,0,0,0,0,0,0,0,0,0,0,0,0,0,0,0,0,0,0,0,0,0,0,147.154539,0.0394669884,0.967696673,-0.00384051527,-0.113534285,-0.171277625,0.224999691,-1.51211678,-4.31409623,0.000207874053,1500,1500,1500,1500,1500,1500,1500,1500,0,0,0,0,0.02,0,0,0,0,0.02,0,0,0,0,0.02,0,0,0,0,0.02,0,0,0,0,1,0,0,0,0,1,0,0,0,0,1,0,0,0,0,1
299163.175,13.65,0,0,0,0,0,0,0.367101461,-0,150.09763,-147.154539,2.94309079,1,0,0,0,0,0,0,0,0,0,0,0,0,0,0,150.09763,4.79015999,-1.85057561,1.86249591e-05,0,0,0,0,0,0,0,0,0,0,0,0,0,0,0,0,0,0,0,0,0,0,0,0,0,0,0,0,0,0,0,0,147.154539,0.0394669884,0.967696673,-0.00384051527,-0.113534285,-0.171277625,0.224999691,-1.51211678,-4.31409623,0.000207874053,1500,1500,1500,1500,1500,1500,1500,1500,0,0,0,0,0.02,0,0,0,0,0.02,0,0,0,0,0.02,0,0,0,0,0.02,0,0,0,0,1,0,0,0,0,1,0,0,0,0,1,0,0,0,0,1
299163.228,13.7,0,0,0,0,0,0,0.367101461,-0,150.09763,-147.154539,2.94309079,1,0,0,0,0,0,0,0,0,0,0,0,0,0,0,150.09763,4.79015999,-1.85057561,1.86249591e-05,0,0,0,0,0,0,0,0,0,0,0,0,0,0,0,0,0,0,0,0,0,0,0,0,0,0,0,0,0,0,0,0,147.154539,0.0394669884,0.967696673,-0.00384051527,-0.113534285,-0.171277625,0.224999691,-1.51211678,-4.31409623,0.000207874053,1500,1500,1500,1500,1500,1500,1500,1500,0,0,0,0,0.02,0,0,0,0,0.02,0,0,0,0,0.02,0,0,0,0,0.02,0,0,0,0,1,0,0,0,0,1,0,0,0,0,1,0,0,0,0,1
299163.279,13.75,0,0,0,0,0,0,0.367101461,-0,150.09763,-147.154539,2.94309079,1,0,0,0,0,0,0,0,0,0,0,0,0,0,0,150.09763,4.79015999,-1.85057561,1.86249591e-05,0,0,0,0,0,0,0,0,0,0,0,0,0,0,0,0,0,0,0,0,0,0,0,0,0,0,0,0,0,0,0,0,147.154539,0.0394669884,0.967696673,-0.00384051527,-0.113534285,-0.171277625,0.224999691,-1.51211678,-4.31409623,0.000207874053,1500,1500,1500,1500,1500,1500,1500,1500,0,0,0,0,0.02,0,0,0,0,0.02,0,0,0,0,0.02,0,0,0,0,0.02,0,0,0,0,1,0,0,0,0,1,0,0,0,0,1,0,0,0,0,1
299163.331,13.8,0,0,0,0,0,0,0.367101461,-0,150.09763,-147.154539,2.94309079,1,0,0,0,0,0,0,0,0,0,0,0,0,0,0,150.09763,4.79015999,-1.85057561,1.86249591e-05,0,0,0,0,0,0,0,0,0,0,0,0,0,0,0,0,0,0,0,0,0,0,0,0,0,0,0,0,0,0,0,0,147.154539,0.0394669884,0.967696673,-0.00384051527,-0.113534285,-0.171277625,0.224999691,-1.51211678,-4.31409623,0.000207874053,1500,1500,1500,1500,1500,1500,1500,1500,0,0,0,0,0.02,0,0,0,0,0.02,0,0,0,0,0.02,0,0,0,0,0.02,0,0,0,0,1,0,0,0,0,1,0,0,0,0,1,0,0,0,0,1
299163.383,13.85,0,0,0,0,0,0,0.367101461,-0,150.09763,-147.154539,2.94309079,1,0,0,0,0,0,0,0,0,0,0,0,0,0,0,150.09763,4.79015999,-1.85057561,1.86249591e-05,0,0,0,0,0,0,0,0,0,0,0,0,0,0,0,0,0,0,0,0,0,0,0,0,0,0,0,0,0,0,0,0,147.154539,0.0394669884,0.967696673,-0.00384051527,-0.113534285,-0.171277625,0.224999691,-1.51211678,-4.31409623,0.000207874053,1500,1500,1500,1500,1500,1500,1500,1500,0,0,0,0,0.02,0,0,0,0,0.02,0,0,0,0,0.02,0,0,0,0,0.02,0,0,0,0,1,0,0,0,0,1,0,0,0,0,1,0,0,0,0,1
299163.435,13.9,0,0,0,0,0,0,0.367101461,-0,150.09763,-147.154539,2.94309079,1,0,0,0,0,0,0,0,0,0,0,0,0,0,0,150.09763,4.79015999,-1.85057561,1.86249591e-05,0,0,0,0,0,0,0,0,0,0,0,0,0,0,0,0,0,0,0,0,0,0,0,0,0,0,0,0,0,0,0,0,147.154539,0.0394669884,0.967696673,-0.00384051527,-0.113534285,-0.171277625,0.224999691,-1.51211678,-4.31409623,0.000207874053,1500,1500,1500,1500,1500,1500,1500,1500,0,0,0,0,0.02,0,0,0,0,0.02,0,0,0,0,0.02,0,0,0,0,0.02,0,0,0,0,1,0,0,0,0,1,0,0,0,0,1,0,0,0,0,1
299163.487,13.95,0,0,0,0,0,0,0.367101461,-0,150.09763,-147.154539,2.94309079,1,0,0,0,0,0,0,0,0,0,0,0,0,0,0,150.09763,4.79015999,-1.85057561,1.86249591e-05,0,0,0,0,0,0,0,0,0,0,0,0,0,0,0,0,0,0,0,0,0,0,0,0,0,0,0,0,0,0,0,0,147.154539,0.0394669884,0.967696673,-0.00384051527,-0.113534285,-0.171277625,0.224999691,-1.51211678,-4.31409623,0.000207874053,1500,1500,1500,1500,1500,1500,1500,1500,0,0,0,0,0.02,0,0,0,0,0.02,0,0,0,0,0.02,0,0,0,0,0.02,0,0,0,0,1,0,0,0,0,1,0,0,0,0,1,0,0,0,0,1
299163.538,14,0,0,0,0,0,0,0.367101461,-0,150.09763,-147.154539,2.94309079,1,0,0,0,0,0,0,0,0,0,0,0,0,0,0,150.09763,4.79015999,-1.85057561,1.86249591e-05,0,0,0,0,0,0,0,0,0,0,0,0,0,0,0,0,0,0,0,0,0,0,0,0,0,0,0,0,0,0,0,0,147.154539,0.0394669884,0.967696673,-0.00384051527,-0.113534285,-0.171277625,0.224999691,-1.51211678,-4.31409623,0.000207874053,1500,1500,1500,1500,1500,1500,1500,1500,0,0,0,0,0.02,0,0,0,0,0.02,0,0,0,0,0.02,0,0,0,0,0.02,0,0,0,0,1,0,0,0,0,1,0,0,0,0,1,0,0,0,0,1
299163.592,14.05,0,0,0,0,0,0,0.367101461,-0,150.09763,-147.154539,2.94309079,1,0,0,0,0,0,0,0,0,0,0,0,0,0,0,150.09763,4.79015999,-1.85057561,1.86249591e-05,0,0,0,0,0,0,0,0,0,0,0,0,0,0,0,0,0,0,0,0,0,0,0,0,0,0,0,0,0,0,0,0,147.154539,0.0394669884,0.967696673,-0.00384051527,-0.113534285,-0.171277625,0.224999691,-1.51211678,-4.31409623,0.000207874053,1500,1500,1500,1500,1500,1500,1500,1500,0,0,0,0,0.02,0,0,0,0,0.02,0,0,0,0,0.02,0,0,0,0,0.02,0,0,0,0,1,0,0,0,0,1,0,0,0,0,1,0,0,0,0,1
299163.645,14.1,0,0,0,0,0,0,0.367101461,-0,150.09763,-147.154539,2.94309079,1,0,0,0,0,0,0,0,0,0,0,0,0,0,0,150.09763,4.79015999,-1.85057561,1.86249591e-05,0,0,0,0,0,0,0,0,0,0,0,0,0,0,0,0,0,0,0,0,0,0,0,0,0,0,0,0,0,0,0,0,147.154539,0.0394669884,0.967696673,-0.00384051527,-0.113534285,-0.171277625,0.224999691,-1.51211678,-4.31409623,0.000207874053,1500,1500,1500,1500,1500,1500,1500,1500,0,0,0,0,0.02,0,0,0,0,0.02,0,0,0,0,0.02,0,0,0,0,0.02,0,0,0,0,1,0,0,0,0,1,0,0,0,0,1,0,0,0,0,1
299163.697,14.15,0,0,0,0,0,0,0.367101461,-0,150.09763,-147.154539,2.94309079,1,0,0,0,0,0,0,0,0,0,0,0,0,0,0,150.09763,4.79015999,-1.85057561,1.86249591e-05,0,0,0,0,0,0,0,0,0,0,0,0,0,0,0,0,0,0,0,0,0,0,0,0,0,0,0,0,0,0,0,0,147.154539,0.0394669884,0.967696673,-0.00384051527,-0.113534285,-0.171277625,0.224999691,-1.51211678,-4.31409623,0.000207874053,1500,1500,1500,1500,1500,1500,1500,1500,0,0,0,0,0.02,0,0,0,0,0.02,0,0,0,0,0.02,0,0,0,0,0.02,0,0,0,0,1,0,0,0,0,1,0,0,0,0,1,0,0,0,0,1
299163.75,14.2,0,0,0,0,0,0,0.367101461,-0,150.09763,-147.154539,2.94309079,1,0,0,0,0,0,0,0,0,0,0,0,0,0,0,150.09763,4.79015999,-1.85057561,1.86249591e-05,0,0,0,0,0,0,0,0,0,0,0,0,0,0,0,0,0,0,0,0,0,0,0,0,0,0,0,0,0,0,0,0,147.154539,0.0394669884,0.967696673,-0.00384051527,-0.113534285,-0.171277625,0.224999691,-1.51211678,-4.31409623,0.000207874053,1500,1500,1500,1500,1500,1500,1500,1500,0,0,0,0,0.02,0,0,0,0,0.02,0,0,0,0,0.02,0,0,0,0,0.02,0,0,0,0,1,0,0,0,0,1,0,0,0,0,1,0,0,0,0,1
299163.802,14.25,0,0,0,0,0,0,0.367101461,-0,150.09763,-147.154539,2.94309079,1,0,0,0,0,0,0,0,0,0,0,0,0,0,0,150.09763,4.79015999,-1.85057561,1.86249591e-05,0,0,0,0,0,0,0,0,0,0,0,0,0,0,0,0,0,0,0,0,0,0,0,0,0,0,0,0,0,0,0,0,147.154539,0.0394669884,0.967696673,-0.00384051527,-0.113534285,-0.171277625,0.224999691,-1.51211678,-4.31409623,0.000207874053,1500,1500,1500,1500,1500,1500,1500,1500,0,0,0,0,0.02,0,0,0,0,0.02,0,0,0,0,0.02,0,0,0,0,0.02,0,0,0,0,1,0,0,0,0,1,0,0,0,0,1,0,0,0,0,1
299163.854,14.3,0,0,0,0,0,0,0.367101461,-0,150.09763,-147.154539,2.94309079,1,0,0,0,0,0,0,0,0,0,0,0,0,0,0,150.09763,4.79015999,-1.85057561,1.86249591e-05,0,0,0,0,0,0,0,0,0,0,0,0,0,0,0,0,0,0,0,0,0,0,0,0,0,0,0,0,0,0,0,0,147.154539,0.0394669884,0.967696673,-0.00384051527,-0.113534285,-0.171277625,0.224999691,-1.51211678,-4.31409623,0.000207874053,1500,1500,1500,1500,1500,1500,1500,1500,0,0,0,0,0.02,0,0,0,0,0.02,0,0,0,0,0.02,0,0,0,0,0.02,0,0,0,0,1,0,0,0,0,1,0,0,0,0,1,0,0,0,0,1
299163.905,14.35,0,0,0,0,0,0,0.367101461,-0,150.09763,-147.154539,2.94309079,1,0,0,0,0,0,0,0,0,0,0,0,0,0,0,150.09763,4.79015999,-1.85057561,1.86249591e-05,0,0,0,0,0,0,0,0,0,0,0,0,0,0,0,0,0,0,0,0,0,0,0,0,0,0,0,0,0,0,0,0,147.154539,0.0394669884,0.967696673,-0.00384051527,-0.113534285,-0.171277625,0.224999691,-1.51211678,-4.31409623,0.000207874053,1500,1500,1500,1500,1500,1500,1500,1500,0,0,0,0,0.02,0,0,0,0,0.02,0,0,0,0,0.02,0,0,0,0,0.02,0,0,0,0,1,0,0,0,0,1,0,0,0,0,1,0,0,0,0,1
299163.958,14.4,0,0,0,0,0,0,0.367101461,-0,150.09763,-147.154539,2.94309079,1,0,0,0,0,0,0,0,0,0,0,0,0,0,0,150.09763,4.79015999,-1.85057561,1.86249591e-05,0,0,0,0,0,0,0,0,0,0,0,0,0,0,0,0,0,0,0,0,0,0,0,0,0,0,0,0,0,0,0,0,147.154539,0.0394669884,0.967696673,-0.00384051527,-0.113534285,-0.171277625,0.224999691,-1.51211678,-4.31409623,0.000207874053,1500,1500,1500,1500,1500,1500,1500,1500,0,0,0,0,0.02,0,0,0,0,0.02,0,0,0,0,0.02,0,0,0,0,0.02,0,0,0,0,1,0,0,0,0,1,0,0,0,0,1,0,0,0,0,1
299164.011,14.45,0,0,0,0,0,0,0.367101461,-0,150.09763,-147.154539,2.94309079,1,0,0,0,0,0,0,0,0,0,0,0,0,0,0,150.09763,4.79015999,-1.85057561,1.86249591e-05,0,0,0,0,0,0,0,0,0,0,0,0,0,0,0,0,0,0,0,0,0,0,0,0,0,0,0,0,0,0,0,0,147.154539,0.0394669884,0.967696673,-0.00384051527,-0.113534285,-0.171277625,0.224999691,-1.51211678,-4.31409623,0.000207874053,1500,1500,1500,1500,1500,1500,1500,1500,0,0,0,0,0.02,0,0,0,0,0.02,0,0,0,0,0.02,0,0,0,0,0.02,0,0,0,0,1,0,0,0,0,1,0,0,0,0,1,0,0,0,0,1
299164.062,14.5,0,0,0,0,0,0,0.367101461,-0,150.09763,-147.154539,2.94309079,1,0,0,0,0,0,0,0,0,0,0,0,0,0,0,150.09763,4.79015999,-1.85057561,1.86249591e-05,0,0,0,0,0,0,0,0,0,0,0,0,0,0,0,0,0,0,0,0,0,0,0,0,0,0,0,0,0,0,0,0,147.154539,0.0394669884,0.967696673,-0.00384051527,-0.113534285,-0.171277625,0.224999691,-1.51211678,-4.31409623,0.000207874053,1500,1500,1500,1500,1500,1500,1500,1500,0,0,0,0,0.02,0,0,0,0,0.02,0,0,0,0,0.02,0,0,0,0,0.02,0,0,0,0,1,0,0,0,0,1,0,0,0,0,1,0,0,0,0,1
299164.117,14.55,0,0,0,0,0,0,0.367101461,-0,150.09763,-147.154539,2.94309079,1,0,0,0,0,0,0,0,0,0,0,0,0,0,0,150.09763,4.79015999,-1.85057561,1.86249591e-05,0,0,0,0,0,0,0,0,0,0,0,0,0,0,0,0,0,0,0,0,0,0,0,0,0,0,0,0,0,0,0,0,147.154539,0.0394669884,0.967696673,-0.00384051527,-0.113534285,-0.171277625,0.224999691,-1.51211678,-4.31409623,0.000207874053,1500,1500,1500,1500,1500,1500,1500,1500,0,0,0,0,0.02,0,0,0,0,0.02,0,0,0,0,0.02,0,0,0,0,0.02,0,0,0,0,1,0,0,0,0,1,0,0,0,0,1,0,0,0,0,1
299164.168,14.6,0,0,0,0,0,0,0.367101461,-0,150.09763,-147.154539,2.94309079,1,0,0,0,0,0,0,0,0,0,0,0,0,0,0,150.09763,4.79015999,-1.85057561,1.86249591e-05,0,0,0,0,0,0,0,0,0,0,0,0,0,0,0,0,0,0,0,0,0,0,0,0,0,0,0,0,0,0,0,0,147.154539,0.0394669884,0.967696673,-0.00384051527,-0.113534285,-0.171277625,0.224999691,-1.51211678,-4.31409623,0.000207874053,1500,1500,1500,1500,1500,1500,1500,1500,0,0,0,0,0.02,0,0,0,0,0.02,0,0,0,0,0.02,0,0,0,0,0.02,0,0,0,0,1,0,0,0,0,1,0,0,0,0,1,0,0,0,0,1
299164.221,14.65,0,0,0,0,0,0,0.367101461,-0,150.09763,-147.154539,2.94309079,1,0,0,0,0,0,0,0,0,0,0,0,0,0,0,150.09763,4.79015999,-1.85057561,1.86249591e-05,0,0,0,0,0,0,0,0,0,0,0,0,0,0,0,0,0,0,0,0,0,0,0,0,0,0,0,0,0,0,0,0,147.154539,0.0394669884,0.967696673,-0.00384051527,-0.113534285,-0.171277625,0.224999691,-1.51211678,-4.31409623,0.000207874053,1500,1500,1500,1500,1500,1500,1500,1500,0,0,0,0,0.02,0,0,0,0,0.02,0,0,0,0,0.02,0,0,0,0,0.02,0,0,0,0,1,0,0,0,0,1,0,0,0,0,1,0,0,0,0,1
299164.274,14.7,0,0,0,0,0,0,0.367101461,-0,150.09763,-147.154539,2.94309079,1,0,0,0,0,0,0,0,0,0,0,0,0,0,0,150.09763,4.79015999,-1.85057561,1.86249591e-05,0,0,0,0,0,0,0,0,0,0,0,0,0,0,0,0,0,0,0,0,0,0,0,0,0,0,0,0,0,0,0,0,147.154539,0.0394669884,0.967696673,-0.00384051527,-0.113534285,-0.171277625,0.224999691,-1.51211678,-4.31409623,0.000207874053,1500,1500,1500,1500,1500,1500,1500,1500,0,0,0,0,0.02,0,0,0,0,0.02,0,0,0,0,0.02,0,0,0,0,0.02,0,0,0,0,1,0,0,0,0,1,0,0,0,0,1,0,0,0,0,1
299164.326,14.75,0,0,0,0,0,0,0.367101461,-0,150.09763,-147.154539,2.94309079,1,0,0,0,0,0,0,0,0,0,0,0,0,0,0,150.09763,4.79015999,-1.85057561,1.86249591e-05,0,0,0,0,0,0,0,0,0,0,0,0,0,0,0,0,0,0,0,0,0,0,0,0,0,0,0,0,0,0,0,0,147.154539,0.0394669884,0.967696673,-0.00384051527,-0.113534285,-0.171277625,0.224999691,-1.51211678,-4.31409623,0.000207874053,1500,1500,1500,1500,1500,1500,1500,1500,0,0,0,0,0.02,0,0,0,0,0.02,0,0,0,0,0.02,0,0,0,0,0.02,0,0,0,0,1,0,0,0,0,1,0,0,0,0,1,0,0,0,0,1
299164.379,14.8,0,0,0,0,0,0,0.367101461,-0,150.09763,-147.154539,2.94309079,1,0,0,0,0,0,0,0,0,0,0,0,0,0,0,150.09763,4.79015999,-1.85057561,1.86249591e-05,0,0,0,0,0,0,0,0,0,0,0,0,0,0,0,0,0,0,0,0,0,0,0,0,0,0,0,0,0,0,0,0,147.154539,0.0394669884,0.967696673,-0.00384051527,-0.113534285,-0.171277625,0.224999691,-1.51211678,-4.31409623,0.000207874053,1500,1500,1500,1500,1500,1500,1500,1500,0,0,0,0,0.02,0,0,0,0,0.02,0,0,0,0,0.02,0,0,0,0,0.02,0,0,0,0,1,0,0,0,0,1,0,0,0,0,1,0,0,0,0,1
299164.433,14.85,0,0,0,0,0,0,0.367101461,-0,150.09763,-147.154539,2.94309079,1,0,0,0,0,0,0,0,0,0,0,0,0,0,0,150.09763,4.79015999,-1.85057561,1.86249591e-05,0,0,0,0,0,0,0,0,0,0,0,0,0,0,0,0,0,0,0,0,0,0,0,0,0,0,0,0,0,0,0,0,147.154539,0.0394669884,0.967696673,-0.00384051527,-0.113534285,-0.171277625,0.224999691,-1.51211678,-4.31409623,0.000207874053,1500,1500,1500,1500,1500,1500,1500,1500,0,0,0,0,0.02,0,0,0,0,0.02,0,0,0,0,0.02,0,0,0,0,0.02,0,0,0,0,1,0,0,0,0,1,0,0,0,0,1,0,0,0,0,1
299164.486,14.9,0,0,0,0,0,0,0.367101461,-0,150.09763,-147.154539,2.94309079,1,0,0,0,0,0,0,0,0,0,0,0,0,0,0,150.09763,4.79015999,-1.85057561,1.86249591e-05,0,0,0,0,0,0,0,0,0,0,0,0,0,0,0,0,0,0,0,0,0,0,0,0,0,0,0,0,0,0,0,0,147.154539,0.0394669884,0.967696673,-0.00384051527,-0.113534285,-0.171277625,0.224999691,-1.51211678,-4.31409623,0.000207874053,1500,1500,1500,1500,1500,1500,1500,1500,0,0,0,0,0.02,0,0,0,0,0.02,0,0,0,0,0.02,0,0,0,0,0.02,0,0,0,0,1,0,0,0,0,1,0,0,0,0,1,0,0,0,0,1
299164.54,14.95,0,0,0,0,0,0,0.367101461,-0,150.09763,-147.154539,2.94309079,1,0,0,0,0,0,0,0,0,0,0,0,0,0,0,150.09763,4.79015999,-1.85057561,1.86249591e-05,0,0,0,0,0,0,0,0,0,0,0,0,0,0,0,0,0,0,0,0,0,0,0,0,0,0,0,0,0,0,0,0,147.154539,0.0394669884,0.967696673,-0.00384051527,-0.113534285,-0.171277625,0.224999691,-1.51211678,-4.31409623,0.000207874053,1500,1500,1500,1500,1500,1500,1500,1500,0,0,0,0,0.02,0,0,0,0,0.02,0,0,0,0,0.02,0,0,0,0,0.02,0,0,0,0,1,0,0,0,0,1,0,0,0,0,1,0,0,0,0,1
299164.592,15,0,0,0,0,0,0,0.367101461,-0,150.09763,-147.154539,2.94309079,1,0,0,0,0,0,0,0,0,0,0,0,0,0,0,150.09763,4.79015999,-1.85057561,1.86249591e-05,0,0,0,0,0,0,0,0,0,0,0,0,0,0,0,0,0,0,0,0,0,0,0,0,0,0,0,0,0,0,0,0,147.154539,0.0394669884,0.967696673,-0.00384051527,-0.113534285,-0.171277625,0.224999691,-1.51211678,-4.31409623,0.000207874053,1500,1500,1500,1500,1500,1500,1500,1500,0,0,0,0,0.02,0,0,0,0,0.02,0,0,0,0,0.02,0,0,0,0,0.02,0,0,0,0,1,0,0,0,0,1,0,0,0,0,1,0,0,0,0,1
299164.648,15.05,0,0,0,0,0,0,0.367101461,-0,150.09763,-147.154539,2.94309079,1,0,0,0,0,0,0,0,0,0,0,0,0,0,0,150.09763,4.79015999,-1.85057561,1.86249591e-05,0,0,0,0,0,0,0,0,0,0,0,0,0,0,0,0,0,0,0,0,0,0,0,0,0,0,0,0,0,0,0,0,147.154539,0.0394669884,0.967696673,-0.00384051527,-0.113534285,-0.171277625,0.224999691,-1.51211678,-4.31409623,0.000207874053,1500,1500,1500,1500,1500,1500,1500,1500,0,0,0,0,0.02,0,0,0,0,0.02,0,0,0,0,0.02,0,0,0,0,0.02,0,0,0,0,1,0,0,0,0,1,0,0,0,0,1,0,0,0,0,1
299164.701,15.1,0,0,0,0,0,0,0.367101461,-0,150.09763,-147.154539,2.94309079,1,0,0,0,0,0,0,0,0,0,0,0,0,0,0,150.09763,4.79015999,-1.85057561,1.86249591e-05,0,0,0,0,0,0,0,0,0,0,0,0,0,0,0,0,0,0,0,0,0,0,0,0,0,0,0,0,0,0,0,0,147.154539,0.0394669884,0.967696673,-0.00384051527,-0.113534285,-0.171277625,0.224999691,-1.51211678,-4.31409623,0.000207874053,1500,1500,1500,1500,1500,1500,1500,1500,0,0,0,0,0.02,0,0,0,0,0.02,0,0,0,0,0.02,0,0,0,0,0.02,0,0,0,0,1,0,0,0,0,1,0,0,0,0,1,0,0,0,0,1
299164.754,15.15,0,0,0,0,0,0,0.367101461,-0,150.09763,-147.154539,2.94309079,1,0,0,0,0,0,0,0,0,0,0,0,0,0,0,150.09763,4.79015999,-1.85057561,1.86249591e-05,0,0,0,0,0,0,0,0,0,0,0,0,0,0,0,0,0,0,0,0,0,0,0,0,0,0,0,0,0,0,0,0,147.154539,0.0394669884,0.967696673,-0.00384051527,-0.113534285,-0.171277625,0.224999691,-1.51211678,-4.31409623,0.000207874053,1500,1500,1500,1500,1500,1500,1500,1500,0,0,0,0,0.02,0,0,0,0,0.02,0,0,0,0,0.02,0,0,0,0,0.02,0,0,0,0,1,0,0,0,0,1,0,0,0,0,1,0,0,0,0,1
299164.807,15.2,0,0,0,0,0,0,0.367101461,-0,150.09763,-147.154539,2.94309079,1,0,0,0,0,0,0,0,0,0,0,0,0,0,0,150.09763,4.79015999,-1.85057561,1.86249591e-05,0,0,0,0,0,0,0,0,0,0,0,0,0,0,0,0,0,0,0,0,0,0,0,0,0,0,0,0,0,0,0,0,147.154539,0.0394669884,0.967696673,-0.00384051527,-0.113534285,-0.171277625,0.224999691,-1.51211678,-4.31409623,0.000207874053,1500,1500,1500,1500,1500,1500,1500,1500,0,0,0,0,0.02,0,0,0,0,0.02,0,0,0,0,0.02,0,0,0,0,0.02,0,0,0,0,1,0,0,0,0,1,0,0,0,0,1,0,0,0,0,1
299164.861,15.25,0,0,0,0,0,0,0.367101461,-0,150.09763,-147.154539,2.94309079,1,0,0,0,0,0,0,0,0,0,0,0,0,0,0,150.09763,4.79015999,-1.85057561,1.86249591e-05,0,0,0,0,0,0,0,0,0,0,0,0,0,0,0,0,0,0,0,0,0,0,0,0,0,0,0,0,0,0,0,0,147.154539,0.0394669884,0.967696673,-0.00384051527,-0.113534285,-0.171277625,0.224999691,-1.51211678,-4.31409623,0.000207874053,1500,1500,1500,1500,1500,1500,1500,1500,0,0,0,0,0.02,0,0,0,0,0.02,0,0,0,0,0.02,0,0,0,0,0.02,0,0,0,0,1,0,0,0,0,1,0,0,0,0,1,0,0,0,0,1
299164.914,15.3,0,0,0,0,0,0,0.367101461,-0,150.09763,-147.154539,2.94309079,1,0,0,0,0,0,0,0,0,0,0,0,0,0,0,150.09763,4.79015999,-1.85057561,1.86249591e-05,0,0,0,0,0,0,0,0,0,0,0,0,0,0,0,0,0,0,0,0,0,0,0,0,0,0,0,0,0,0,0,0,147.154539,0.0394669884,0.967696673,-0.00384051527,-0.113534285,-0.171277625,0.224999691,-1.51211678,-4.31409623,0.000207874053,1500,1500,1500,1500,1500,1500,1500,1500,0,0,0,0,0.02,0,0,0,0,0.02,0,0,0,0,0.02,0,0,0,0,0.02,0,0,0,0,1,0,0,0,0,1,0,0,0,0,1,0,0,0,0,1
299164.967,15.35,0,0,0,0,0,0,0.367101461,-0,150.09763,-147.154539,2.94309079,1,0,0,0,0,0,0,0,0,0,0,0,0,0,0,150.09763,4.79015999,-1.85057561,1.86249591e-05,0,0,0,0,0,0,0,0,0,0,0,0,0,0,0,0,0,0,0,0,0,0,0,0,0,0,0,0,0,0,0,0,147.154539,0.0394669884,0.967696673,-0.00384051527,-0.113534285,-0.171277625,0.224999691,-1.51211678,-4.31409623,0.000207874053,1500,1500,1500,1500,1500,1500,1500,1500,0,0,0,0,0.02,0,0,0,0,0.02,0,0,0,0,0.02,0,0,0,0,0.02,0,0,0,0,1,0,0,0,0,1,0,0,0,0,1,0,0,0,0,1
299165.018,15.4,0,0,0,0,0,0,0.367101461,-0,150.09763,-147.154539,2.94309079,1,0,0,0,0,0,0,0,0,0,0,0,0,0,0,150.09763,4.79015999,-1.85057561,1.86249591e-05,0,0,0,0,0,0,0,0,0,0,0,0,0,0,0,0,0,0,0,0,0,0,0,0,0,0,0,0,0,0,0,0,147.154539,0.0394669884,0.967696673,-0.00384051527,-0.113534285,-0.171277625,0.224999691,-1.51211678,-4.31409623,0.000207874053,1500,1500,1500,1500,1500,1500,1500,1500,0,0,0,0,0.02,0,0,0,0,0.02,0,0,0,0,0.02,0,0,0,0,0.02,0,0,0,0,1,0,0,0,0,1,0,0,0,0,1,0,0,0,0,1
299165.071,15.45,0,0,0,0,0,0,0.367101461,-0,150.09763,-147.154539,2.94309079,1,0,0,0,0,0,0,0,0,0,0,0,0,0,0,150.09763,4.79015999,-1.85057561,1.86249591e-05,0,0,0,0,0,0,0,0,0,0,0,0,0,0,0,0,0,0,0,0,0,0,0,0,0,0,0,0,0,0,0,0,147.154539,0.0394669884,0.967696673,-0.00384051527,-0.113534285,-0.171277625,0.224999691,-1.51211678,-4.31409623,0.000207874053,1500,1500,1500,1500,1500,1500,1500,1500,0,0,0,0,0.02,0,0,0,0,0.02,0,0,0,0,0.02,0,0,0,0,0.02,0,0,0,0,1,0,0,0,0,1,0,0,0,0,1,0,0,0,0,1
299165.123,15.5,0,0,0,0,0,0,0.367101461,-0,150.09763,-147.154539,2.94309079,1,0,0,0,0,0,0,0,0,0,0,0,0,0,0,150.09763,4.79015999,-1.85057561,1.86249591e-05,0,0,0,0,0,0,0,0,0,0,0,0,0,0,0,0,0,0,0,0,0,0,0,0,0,0,0,0,0,0,0,0,147.154539,0.0394669884,0.967696673,-0.00384051527,-0.113534285,-0.171277625,0.224999691,-1.51211678,-4.31409623,0.000207874053,1500,1500,1500,1500,1500,1500,1500,1500,0,0,0,0,0.02,0,0,0,0,0.02,0,0,0,0,0.02,0,0,0,0,0.02,0,0,0,0,1,0,0,0,0,1,0,0,0,0,1,0,0,0,0,1
299165.176,15.55,0,0,0,0,0,0,0.367101461,-0,150.09763,-147.154539,2.94309079,1,0,0,0,0,0,0,0,0,0,0,0,0,0,0,150.09763,4.79015999,-1.85057561,1.86249591e-05,0,0,0,0,0,0,0,0,0,0,0,0,0,0,0,0,0,0,0,0,0,0,0,0,0,0,0,0,0,0,0,0,147.154539,0.0394669884,0.967696673,-0.00384051527,-0.113534285,-0.171277625,0.224999691,-1.51211678,-4.31409623,0.000207874053,1500,1500,1500,1500,1500,1500,1500,1500,0,0,0,0,0.02,0,0,0,0,0.02,0,0,0,0,0.02,0,0,0,0,0.02,0,0,0,0,1,0,0,0,0,1,0,0,0,0,1,0,0,0,0,1
299165.229,15.6,0,0,0,0,0,0,0.367101461,-0,150.09763,-147.154539,2.94309079,1,0,0,0,0,0,0,0,0,0,0,0,0,0,0,150.09763,4.79015999,-1.85057561,1.86249591e-05,0,0,0,0,0,0,0,0,0,0,0,0,0,0,0,0,0,0,0,0,0,0,0,0,0,0,0,0,0,0,0,0,147.154539,0.0394669884,0.967696673,-0.00384051527,-0.113534285,-0.171277625,0.224999691,-1.51211678,-4.31409623,0.000207874053,1500,1500,1500,1500,1500,1500,1500,1500,0,0,0,0,0.02,0,0,0,0,0.02,0,0,0,0,0.02,0,0,0,0,0.02,0,0,0,0,1,0,0,0,0,1,0,0,0,0,1,0,0,0,0,1
299165.282,15.65,0,0,0,0,0,0,0.367101461,-0,150.09763,-147.154539,2.94309079,1,0,0,0,0,0,0,0,0,0,0,0,0,0,0,150.09763,4.79015999,-1.85057561,1.86249591e-05,0,0,0,0,0,0,0,0,0,0,0,0,0,0,0,0,0,0,0,0,0,0,0,0,0,0,0,0,0,0,0,0,147.154539,0.0394669884,0.967696673,-0.00384051527,-0.113534285,-0.171277625,0.224999691,-1.51211678,-4.31409623,0.000207874053,1500,1500,1500,1500,1500,1500,1500,1500,0,0,0,0,0.02,0,0,0,0,0.02,0,0,0,0,0.02,0,0,0,0,0.02,0,0,0,0,1,0,0,0,0,1,0,0,0,0,1,0,0,0,0,1
299165.335,15.7,0,0,0,0,0,0,0.367101461,-0,150.09763,-147.154539,2.94309079,1,0,0,0,0,0,0,0,0,0,0,0,0,0,0,150.09763,4.79015999,-1.85057561,1.86249591e-05,0,0,0,0,0,0,0,0,0,0,0,0,0,0,0,0,0,0,0,0,0,0,0,0,0,0,0,0,0,0,0,0,147.154539,0.0394669884,0.967696673,-0.00384051527,-0.113534285,-0.171277625,0.224999691,-1.51211678,-4.31409623,0.000207874053,1500,1500,1500,1500,1500,1500,1500,1500,0,0,0,0,0.02,0,0,0,0,0.02,0,0,0,0,0.02,0,0,0,0,0.02,0,0,0,0,1,0,0,0,0,1,0,0,0,0,1,0,0,0,0,1
299165.388,15.75,0,0,0,0,0,0,0.367101461,-0,150.09763,-147.154539,2.94309079,1,0,0,0,0,0,0,0,0,0,0,0,0,0,0,150.09763,4.79015999,-1.85057561,1.86249591e-05,0,0,0,0,0,0,0,0,0,0,0,0,0,0,0,0,0,0,0,0,0,0,0,0,0,0,0,0,0,0,0,0,147.154539,0.0394669884,0.967696673,-0.00384051527,-0.113534285,-0.171277625,0.224999691,-1.51211678,-4.31409623,0.000207874053,1500,1500,1500,1500,1500,1500,1500,1500,0,0,0,0,0.02,0,0,0,0,0.02,0,0,0,0,0.02,0,0,0,0,0.02,0,0,0,0,1,0,0,0,0,1,0,0,0,0,1,0,0,0,0,1
299165.441,15.8,0,0,0,0,0,0,0.367101461,-0,150.09763,-147.154539,2.94309079,1,0,0,0,0,0,0,0,0,0,0,0,0,0,0,150.09763,4.79015999,-1.85057561,1.86249591e-05,0,0,0,0,0,0,0,0,0,0,0,0,0,0,0,0,0,0,0,0,0,0,0,0,0,0,0,0,0,0,0,0,147.154539,0.0394669884,0.967696673,-0.00384051527,-0.113534285,-0.171277625,0.224999691,-1.51211678,-4.31409623,0.000207874053,1500,1500,1500,1500,1500,1500,1500,1500,0,0,0,0,0.02,0,0,0,0,0.02,0,0,0,0,0.02,0,0,0,0,0.02,0,0,0,0,1,0,0,0,0,1,0,0,0,0,1,0,0,0,0,1
299165.494,15.85,0,0,0,0,0,0,0.367101461,-0,150.09763,-147.154539,2.94309079,1,0,0,0,0,0,0,0,0,0,0,0,0,0,0,150.09763,4.79015999,-1.85057561,1.86249591e-05,0,0,0,0,0,0,0,0,0,0,0,0,0,0,0,0,0,0,0,0,0,0,0,0,0,0,0,0,0,0,0,0,147.154539,0.0394669884,0.967696673,-0.00384051527,-0.113534285,-0.171277625,0.224999691,-1.51211678,-4.31409623,0.000207874053,1500,1500,1500,1500,1500,1500,1500,1500,0,0,0,0,0.02,0,0,0,0,0.02,0,0,0,0,0.02,0,0,0,0,0.02,0,0,0,0,1,0,0,0,0,1,0,0,0,0,1,0,0,0,0,1
299165.547,15.9,0,0,0,0,0,0,0.367101461,-0,150.09763,-147.154539,2.94309079,1,0,0,0,0,0,0,0,0,0,0,0,0,0,0,150.09763,4.79015999,-1.85057561,1.86249591e-05,0,0,0,0,0,0,0,0,0,0,0,0,0,0,0,0,0,0,0,0,0,0,0,0,0,0,0,0,0,0,0,0,147.154539,0.0394669884,0.967696673,-0.00384051527,-0.113534285,-0.171277625,0.224999691,-1.51211678,-4.31409623,0.000207874053,1500,1500,1500,1500,1500,1500,1500,1500,0,0,0,0,0.02,0,0,0,0,0.02,0,0,0,0,0.02,0,0,0,0,0.02,0,0,0,0,1,0,0,0,0,1,0,0,0,0,1,0,0,0,0,1
299165.598,15.95,0,0,0,0,0,0,0.367101461,-0,150.09763,-147.154539,2.94309079,1,0,0,0,0,0,0,0,0,0,0,0,0,0,0,150.09763,4.79015999,-1.85057561,1.86249591e-05,0,0,0,0,0,0,0,0,0,0,0,0,0,0,0,0,0,0,0,0,0,0,0,0,0,0,0,0,0,0,0,0,147.154539,0.0394669884,0.967696673,-0.00384051527,-0.113534285,-0.171277625,0.224999691,-1.51211678,-4.31409623,0.000207874053,1500,1500,1500,1500,1500,1500,1500,1500,0,0,0,0,0.02,0,0,0,0,0.02,0,0,0,0,0.02,0,0,0,0,0.02,0,0,0,0,1,0,0,0,0,1,0,0,0,0,1,0,0,0,0,1
299165.651,16,0,0,0,0,0,0,0.367101461,-0,150.09763,-147.154539,2.94309079,1,0,0,0,0,0,0,0,0,0,0,0,0,0,0,150.09763,4.79015999,-1.85057561,1.86249591e-05,0,0,0,0,0,0,0,0,0,0,0,0,0,0,0,0,0,0,0,0,0,0,0,0,0,0,0,0,0,0,0,0,147.154539,0.0394669884,0.967696673,-0.00384051527,-0.113534285,-0.171277625,0.224999691,-1.51211678,-4.31409623,0.000207874053,1500,1500,1500,1500,1500,1500,1500,1500,0,0,0,0,0.02,0,0,0,0,0.02,0,0,0,0,0.02,0,0,0,0,0.02,0,0,0,0,1,0,0,0,0,1,0,0,0,0,1,0,0,0,0,1
299165.706,16.05,0,0,0,0,0,0,0.367101461,-0,150.09763,-147.154539,2.94309079,1,0,0,0,0,0,0,0,0,0,0,0,0,0,0,150.09763,4.79015999,-1.85057561,1.86249591e-05,0,0,0,0,0,0,0,0,0,0,0,0,0,0,0,0,0,0,0,0,0,0,0,0,0,0,0,0,0,0,0,0,147.154539,0.0394669884,0.967696673,-0.00384051527,-0.113534285,-0.171277625,0.224999691,-1.51211678,-4.31409623,0.000207874053,1500,1500,1500,1500,1500,1500,1500,1500,0,0,0,0,0.02,0,0,0,0,0.02,0,0,0,0,0.02,0,0,0,0,0.02,0,0,0,0,1,0,0,0,0,1,0,0,0,0,1,0,0,0,0,1
299165.757,16.1,0,0,0,0,0,0,0.367101461,-0,150.09763,-147.154539,2.94309079,1,0,0,0,0,0,0,0,0,0,0,0,0,0,0,150.09763,4.79015999,-1.85057561,1.86249591e-05,0,0,0,0,0,0,0,0,0,0,0,0,0,0,0,0,0,0,0,0,0,0,0,0,0,0,0,0,0,0,0,0,147.154539,0.0394669884,0.967696673,-0.00384051527,-0.113534285,-0.171277625,0.224999691,-1.51211678,-4.31409623,0.000207874053,1500,1500,1500,1500,1500,1500,1500,1500,0,0,0,0,0.02,0,0,0,0,0.02,0,0,0,0,0.02,0,0,0,0,0.02,0,0,0,0,1,0,0,0,0,1,0,0,0,0,1,0,0,0,0,1
299165.809,16.15,0,0,0,0,0,0,0.367101461,-0,150.09763,-147.154539,2.94309079,1,0,0,0,0,0,0,0,0,0,0,0,0,0,0,150.09763,4.79015999,-1.85057561,1.86249591e-05,0,0,0,0,0,0,0,0,0,0,0,0,0,0,0,0,0,0,0,0,0,0,0,0,0,0,0,0,0,0,0,0,147.154539,0.0394669884,0.967696673,-0.00384051527,-0.113534285,-0.171277625,0.224999691,-1.51211678,-4.31409623,0.000207874053,1500,1500,1500,1500,1500,1500,1500,1500,0,0,0,0,0.02,0,0,0,0,0.02,0,0,0,0,0.02,0,0,0,0,0.02,0,0,0,0,1,0,0,0,0,1,0,0,0,0,1,0,0,0,0,1
299165.86,16.2,0,0,0,0,0,0,0.367101461,-0,150.09763,-147.154539,2.94309079,1,0,0,0,0,0,0,0,0,0,0,0,0,0,0,150.09763,4.79015999,-1.85057561,1.86249591e-05,0,0,0,0,0,0,0,0,0,0,0,0,0,0,0,0,0,0,0,0,0,0,0,0,0,0,0,0,0,0,0,0,147.154539,0.0394669884,0.967696673,-0.00384051527,-0.113534285,-0.171277625,0.224999691,-1.51211678,-4.31409623,0.000207874053,1500,1500,1500,1500,1500,1500,1500,1500,0,0,0,0,0.02,0,0,0,0,0.02,0,0,0,0,0.02,0,0,0,0,0.02,0,0,0,0,1,0,0,0,0,1,0,0,0,0,1,0,0,0,0,1
299165.915,16.25,0,0,0,0,0,0,0.367101461,-0,150.09763,-147.154539,2.94309079,1,0,0,0,0,0,0,0,0,0,0,0,0,0,0,150.09763,4.79015999,-1.85057561,1.86249591e-05,0,0,0,0,0,0,0,0,0,0,0,0,0,0,0,0,0,0,0,0,0,0,0,0,0,0,0,0,0,0,0,0,147.154539,0.0394669884,0.967696673,-0.00384051527,-0.113534285,-0.171277625,0.224999691,-1.51211678,-4.31409623,0.000207874053,1500,1500,1500,1500,1500,1500,1500,1500,0,0,0,0,0.02,0,0,0,0,0.02,0,0,0,0,0.02,0,0,0,0,0.02,0,0,0,0,1,0,0,0,0,1,0,0,0,0,1,0,0,0,0,1
299165.967,16.3,0,0,0,0,0,0,0.367101461,-0,150.09763,-147.154539,2.94309079,1,0,0,0,0,0,0,0,0,0,0,0,0,0,0,150.09763,4.79015999,-1.85057561,1.86249591e-05,0,0,0,0,0,0,0,0,0,0,0,0,0,0,0,0,0,0,0,0,0,0,0,0,0,0,0,0,0,0,0,0,147.154539,0.0394669884,0.967696673,-0.00384051527,-0.113534285,-0.171277625,0.224999691,-1.51211678,-4.31409623,0.000207874053,1500,1500,1500,1500,1500,1500,1500,1500,0,0,0,0,0.02,0,0,0,0,0.02,0,0,0,0,0.02,0,0,0,0,0.02,0,0,0,0,1,0,0,0,0,1,0,0,0,0,1,0,0,0,0,1
299166.02,16.35,0,0,0,0,0,0,0.367101461,-0,150.09763,-147.154539,2.94309079,1,0,0,0,0,0,0,0,0,0,0,0,0,0,0,150.09763,4.79015999,-1.85057561,1.86249591e-05,0,0,0,0,0,0,0,0,0,0,0,0,0,0,0,0,0,0,0,0,0,0,0,0,0,0,0,0,0,0,0,0,147.154539,0.0394669884,0.967696673,-0.00384051527,-0.113534285,-0.171277625,0.224999691,-1.51211678,-4.31409623,0.000207874053,1500,1500,1500,1500,1500,1500,1500,1500,0,0,0,0,0.02,0,0,0,0,0.02,0,0,0,0,0.02,0,0,0,0,0.02,0,0,0,0,1,0,0,0,0,1,0,0,0,0,1,0,0,0,0,1
299166.074,16.4,0,0,0,0,0,0,0.367101461,-0,150.09763,-147.154539,2.94309079,1,0,0,0,0,0,0,0,0,0,0,0,0,0,0,150.09763,4.79015999,-1.85057561,1.86249591e-05,0,0,0,0,0,0,0,0,0,0,0,0,0,0,0,0,0,0,0,0,0,0,0,0,0,0,0,0,0,0,0,0,147.154539,0.0394669884,0.967696673,-0.00384051527,-0.113534285,-0.171277625,0.224999691,-1.51211678,-4.31409623,0.000207874053,1500,1500,1500,1500,1500,1500,1500,1500,0,0,0,0,0.02,0,0,0,0,0.02,0,0,0,0,0.02,0,0,0,0,0.02,0,0,0,0,1,0,0,0,0,1,0,0,0,0,1,0,0,0,0,1
299166.129,16.45,0,0,0,0,0,0,0.367101461,-0,150.09763,-147.154539,2.94309079,1,0,0,0,0,0,0,0,0,0,0,0,0,0,0,150.09763,4.79015999,-1.85057561,1.86249591e-05,0,0,0,0,0,0,0,0,0,0,0,0,0,0,0,0,0,0,0,0,0,0,0,0,0,0,0,0,0,0,0,0,147.154539,0.0394669884,0.967696673,-0.00384051527,-0.113534285,-0.171277625,0.224999691,-1.51211678,-4.31409623,0.000207874053,1500,1500,1500,1500,1500,1500,1500,1500,0,0,0,0,0.02,0,0,0,0,0.02,0,0,0,0,0.02,0,0,0,0,0.02,0,0,0,0,1,0,0,0,0,1,0,0,0,0,1,0,0,0,0,1
299166.183,16.5,0,0,0,0,0,0,0.367101461,-0,150.09763,-147.154539,2.94309079,1,0,0,0,0,0,0,0,0,0,0,0,0,0,0,150.09763,4.79015999,-1.85057561,1.86249591e-05,0,0,0,0,0,0,0,0,0,0,0,0,0,0,0,0,0,0,0,0,0,0,0,0,0,0,0,0,0,0,0,0,147.154539,0.0394669884,0.967696673,-0.00384051527,-0.113534285,-0.171277625,0.224999691,-1.51211678,-4.31409623,0.000207874053,1500,1500,1500,1500,1500,1500,1500,1500,0,0,0,0,0.02,0,0,0,0,0.02,0,0,0,0,0.02,0,0,0,0,0.02,0,0,0,0,1,0,0,0,0,1,0,0,0,0,1,0,0,0,0,1
299166.236,16.55,0,0,0,0,0,0,0.367101461,-0,150.09763,-147.154539,2.94309079,1,0,0,0,0,0,0,0,0,0,0,0,0,0,0,150.09763,4.79015999,-1.85057561,1.86249591e-05,0,0,0,0,0,0,0,0,0,0,0,0,0,0,0,0,0,0,0,0,0,0,0,0,0,0,0,0,0,0,0,0,147.154539,0.0394669884,0.967696673,-0.00384051527,-0.113534285,-0.171277625,0.224999691,-1.51211678,-4.31409623,0.000207874053,1500,1500,1500,1500,1500,1500,1500,1500,0,0,0,0,0.02,0,0,0,0,0.02,0,0,0,0,0.02,0,0,0,0,0.02,0,0,0,0,1,0,0,0,0,1,0,0,0,0,1,0,0,0,0,1
299166.288,16.6,0,0,0,0,0,0,0.367101461,-0,150.09763,-147.154539,2.94309079,1,0,0,0,0,0,0,0,0,0,0,0,0,0,0,150.09763,4.79015999,-1.85057561,1.86249591e-05,0,0,0,0,0,0,0,0,0,0,0,0,0,0,0,0,0,0,0,0,0,0,0,0,0,0,0,0,0,0,0,0,147.154539,0.0394669884,0.967696673,-0.00384051527,-0.113534285,-0.171277625,0.224999691,-1.51211678,-4.31409623,0.000207874053,1500,1500,1500,1500,1500,1500,1500,1500,0,0,0,0,0.02,0,0,0,0,0.02,0,0,0,0,0.02,0,0,0,0,0.02,0,0,0,0,1,0,0,0,0,1,0,0,0,0,1,0,0,0,0,1
299166.341,16.65,0,0,0,0,0,0,0.367101461,-0,150.09763,-147.154539,2.94309079,1,0,0,0,0,0,0,0,0,0,0,0,0,0,0,150.09763,4.79015999,-1.85057561,1.86249591e-05,0,0,0,0,0,0,0,0,0,0,0,0,0,0,0,0,0,0,0,0,0,0,0,0,0,0,0,0,0,0,0,0,147.154539,0.0394669884,0.967696673,-0.00384051527,-0.113534285,-0.171277625,0.224999691,-1.51211678,-4.31409623,0.000207874053,1500,1500,1500,1500,1500,1500,1500,1500,0,0,0,0,0.02,0,0,0,0,0.02,0,0,0,0,0.02,0,0,0,0,0.02,0,0,0,0,1,0,0,0,0,1,0,0,0,0,1,0,0,0,0,1
299166.393,16.7,0,0,0,0,0,0,0.367101461,-0,150.09763,-147.154539,2.94309079,1,0,0,0,0,0,0,0,0,0,0,0,0,0,0,150.09763,4.79015999,-1.85057561,1.86249591e-05,0,0,0,0,0,0,0,0,0,0,0,0,0,0,0,0,0,0,0,0,0,0,0,0,0,0,0,0,0,0,0,0,147.154539,0.0394669884,0.967696673,-0.00384051527,-0.113534285,-0.171277625,0.224999691,-1.51211678,-4.31409623,0.000207874053,1500,1500,1500,1500,1500,1500,1500,1500,0,0,0,0,0.02,0,0,0,0,0.02,0,0,0,0,0.02,0,0,0,0,0.02,0,0,0,0,1,0,0,0,0,1,0,0,0,0,1,0,0,0,0,1
299166.445,16.75,0,0,0,0,0,0,0.367101461,-0,150.09763,-147.154539,2.94309079,1,0,0,0,0,0,0,0,0,0,0,0,0,0,0,150.09763,4.79015999,-1.85057561,1.86249591e-05,0,0,0,0,0,0,0,0,0,0,0,0,0,0,0,0,0,0,0,0,0,0,0,0,0,0,0,0,0,0,0,0,147.154539,0.0394669884,0.967696673,-0.00384051527,-0.113534285,-0.171277625,0.224999691,-1.51211678,-4.31409623,0.000207874053,1500,1500,1500,1500,1500,1500,1500,1500,0,0,0,0,0.02,0,0,0,0,0.02,0,0,0,0,0.02,0,0,0,0,0.02,0,0,0,0,1,0,0,0,0,1,0,0,0,0,1,0,0,0,0,1
299166.496,16.8,0,0,0,0,0,0,0.367101461,-0,150.09763,-147.154539,2.94309079,1,0,0,0,0,0,0,0,0,0,0,0,0,0,0,150.09763,4.79015999,-1.85057561,1.86249591e-05,0,0,0,0,0,0,0,0,0,0,0,0,0,0,0,0,0,0,0,0,0,0,0,0,0,0,0,0,0,0,0,0,147.154539,0.0394669884,0.967696673,-0.00384051527,-0.113534285,-0.171277625,0.224999691,-1.51211678,-4.31409623,0.000207874053,1500,1500,1500,1500,1500,1500,1500,1500,0,0,0,0,0.02,0,0,0,0,0.02,0,0,0,0,0.02,0,0,0,0,0.02,0,0,0,0,1,0,0,0,0,1,0,0,0,0,1,0,0,0,0,1
299166.549,16.85,0,0,0,0,0,0,0.367101461,-0,150.09763,-147.154539,2.94309079,1,0,0,0,0,0,0,0,0,0,0,0,0,0,0,150.09763,4.79015999,-1.85057561,1.86249591e-05,0,0,0,0,0,0,0,0,0,0,0,0,0,0,0,0,0,0,0,0,0,0,0,0,0,0,0,0,0,0,0,0,147.154539,0.0394669884,0.967696673,-0.00384051527,-0.113534285,-0.171277625,0.224999691,-1.51211678,-4.31409623,0.000207874053,1500,1500,1500,1500,1500,1500,1500,1500,0,0,0,0,0.02,0,0,0,0,0.02,0,0,0,0,0.02,0,0,0,0,0.02,0,0,0,0,1,0,0,0,0,1,0,0,0,0,1,0,0,0,0,1
299166.601,16.9,0,0,0,0,0,0,0.367101461,-0,150.09763,-147.154539,2.94309079,1,0,0,0,0,0,0,0,0,0,0,0,0,0,0,150.09763,4.79015999,-1.85057561,1.86249591e-05,0,0,0,0,0,0,0,0,0,0,0,0,0,0,0,0,0,0,0,0,0,0,0,0,0,0,0,0,0,0,0,0,147.154539,0.0394669884,0.967696673,-0.00384051527,-0.113534285,-0.171277625,0.224999691,-1.51211678,-4.31409623,0.000207874053,1500,1500,1500,1500,1500,1500,1500,1500,0,0,0,0,0.02,0,0,0,0,0.02,0,0,0,0,0.02,0,0,0,0,0.02,0,0,0,0,1,0,0,0,0,1,0,0,0,0,1,0,0,0,0,1
299166.654,16.95,0,0,0,0,0,0,0.367101461,-0,150.09763,-147.154539,2.94309079,1,0,0,0,0,0,0,0,0,0,0,0,0,0,0,150.09763,4.79015999,-1.85057561,1.86249591e-05,0,0,0,0,0,0,0,0,0,0,0,0,0,0,0,0,0,0,0,0,0,0,0,0,0,0,0,0,0,0,0,0,147.154539,0.0394669884,0.967696673,-0.00384051527,-0.113534285,-0.171277625,0.224999691,-1.51211678,-4.31409623,0.000207874053,1500,1500,1500,1500,1500,1500,1500,1500,0,0,0,0,0.02,0,0,0,0,0.02,0,0,0,0,0.02,0,0,0,0,0.02,0,0,0,0,1,0,0,0,0,1,0,0,0,0,1,0,0,0,0,1
299166.705,17,0,0,0,0,0,0,0.367101461,-0,150.09763,-147.154539,2.94309079,1,0,0,0,0,0,0,0,0,0,0,0,0,0,0,150.09763,4.79015999,-1.85057561,1.86249591e-05,0,0,0,0,0,0,0,0,0,0,0,0,0,0,0,0,0,0,0,0,0,0,0,0,0,0,0,0,0,0,0,0,147.154539,0.0394669884,0.967696673,-0.00384051527,-0.113534285,-0.171277625,0.224999691,-1.51211678,-4.31409623,0.000207874053,1500,1500,1500,1500,1500,1500,1500,1500,0,0,0,0,0.02,0,0,0,0,0.02,0,0,0,0,0.02,0,0,0,0,0.02,0,0,0,0,1,0,0,0,0,1,0,0,0,0,1,0,0,0,0,1
299166.757,17.05,0,0,0,0,0,0,0.367101461,-0,150.09763,-147.154539,2.94309079,1,0,0,0,0,0,0,0,0,0,0,0,0,0,0,150.09763,4.79015999,-1.85057561,1.86249591e-05,0,0,0,0,0,0,0,0,0,0,0,0,0,0,0,0,0,0,0,0,0,0,0,0,0,0,0,0,0,0,0,0,147.154539,0.0394669884,0.967696673,-0.00384051527,-0.113534285,-0.171277625,0.224999691,-1.51211678,-4.31409623,0.000207874053,1500,1500,1500,1500,1500,1500,1500,1500,0,0,0,0,0.02,0,0,0,0,0.02,0,0,0,0,0.02,0,0,0,0,0.02,0,0,0,0,1,0,0,0,0,1,0,0,0,0,1,0,0,0,0,1
299166.808,17.1,0,0,0,0,0,0,0.367101461,-0,150.09763,-147.154539,2.94309079,1,0,0,0,0,0,0,0,0,0,0,0,0,0,0,150.09763,4.79015999,-1.85057561,1.86249591e-05,0,0,0,0,0,0,0,0,0,0,0,0,0,0,0,0,0,0,0,0,0,0,0,0,0,0,0,0,0,0,0,0,147.154539,0.0394669884,0.967696673,-0.00384051527,-0.113534285,-0.171277625,0.224999691,-1.51211678,-4.31409623,0.000207874053,1500,1500,1500,1500,1500,1500,1500,1500,0,0,0,0,0.02,0,0,0,0,0.02,0,0,0,0,0.02,0,0,0,0,0.02,0,0,0,0,1,0,0,0,0,1,0,0,0,0,1,0,0,0,0,1
299166.86,17.15,0,0,0,0,0,0,0.367101461,-0,150.09763,-147.154539,2.94309079,1,0,0,0,0,0,0,0,0,0,0,0,0,0,0,150.09763,4.79015999,-1.85057561,1.86249591e-05,0,0,0,0,0,0,0,0,0,0,0,0,0,0,0,0,0,0,0,0,0,0,0,0,0,0,0,0,0,0,0,0,147.154539,0.0394669884,0.967696673,-0.00384051527,-0.113534285,-0.171277625,0.224999691,-1.51211678,-4.31409623,0.000207874053,1500,1500,1500,1500,1500,1500,1500,1500,0,0,0,0,0.02,0,0,0,0,0.02,0,0,0,0,0.02,0,0,0,0,0.02,0,0,0,0,1,0,0,0,0,1,0,0,0,0,1,0,0,0,0,1
299166.911,17.2,0,0,0,0,0,0,0.367101461,-0,150.09763,-147.154539,2.94309079,1,0,0,0,0,0,0,0,0,0,0,0,0,0,0,150.09763,4.79015999,-1.85057561,1.86249591e-05,0,0,0,0,0,0,0,0,0,0,0,0,0,0,0,0,0,0,0,0,0,0,0,0,0,0,0,0,0,0,0,0,147.154539,0.0394669884,0.967696673,-0.00384051527,-0.113534285,-0.171277625,0.224999691,-1.51211678,-4.31409623,0.000207874053,1500,1500,1500,1500,1500,1500,1500,1500,0,0,0,0,0.02,0,0,0,0,0.02,0,0,0,0,0.02,0,0,0,0,0.02,0,0,0,0,1,0,0,0,0,1,0,0,0,0,1,0,0,0,0,1
299166.963,17.25,0,0,0,0,0,0,0.367101461,-0,150.09763,-147.154539,2.94309079,1,0,0,0,0,0,0,0,0,0,0,0,0,0,0,150.09763,4.79015999,-1.85057561,1.86249591e-05,0,0,0,0,0,0,0,0,0,0,0,0,0,0,0,0,0,0,0,0,0,0,0,0,0,0,0,0,0,0,0,0,147.154539,0.0394669884,0.967696673,-0.00384051527,-0.113534285,-0.171277625,0.224999691,-1.51211678,-4.31409623,0.000207874053,1500,1500,1500,1500,1500,1500,1500,1500,0,0,0,0,0.02,0,0,0,0,0.02,0,0,0,0,0.02,0,0,0,0,0.02,0,0,0,0,1,0,0,0,0,1,0,0,0,0,1,0,0,0,0,1
299167.016,17.3,0,0,0,0,0,0,0.367101461,-0,150.09763,-147.154539,2.94309079,1,0,0,0,0,0,0,0,0,0,0,0,0,0,0,150.09763,4.79015999,-1.85057561,1.86249591e-05,0,0,0,0,0,0,0,0,0,0,0,0,0,0,0,0,0,0,0,0,0,0,0,0,0,0,0,0,0,0,0,0,147.154539,0.0394669884,0.967696673,-0.00384051527,-0.113534285,-0.171277625,0.224999691,-1.51211678,-4.31409623,0.000207874053,1500,1500,1500,1500,1500,1500,1500,1500,0,0,0,0,0.02,0,0,0,0,0.02,0,0,0,0,0.02,0,0,0,0,0.02,0,0,0,0,1,0,0,0,0,1,0,0,0,0,1,0,0,0,0,1
299167.07,17.35,0,0,0,0,0,0,0.367101461,-0,150.09763,-147.154539,2.94309079,1,0,0,0,0,0,0,0,0,0,0,0,0,0,0,150.09763,4.79015999,-1.85057561,1.86249591e-05,0,0,0,0,0,0,0,0,0,0,0,0,0,0,0,0,0,0,0,0,0,0,0,0,0,0,0,0,0,0,0,0,147.154539,0.0394669884,0.967696673,-0.00384051527,-0.113534285,-0.171277625,0.224999691,-1.51211678,-4.31409623,0.000207874053,1500,1500,1500,1500,1500,1500,1500,1500,0,0,0,0,0.02,0,0,0,0,0.02,0,0,0,0,0.02,0,0,0,0,0.02,0,0,0,0,1,0,0,0,0,1,0,0,0,0,1,0,0,0,0,1
299167.121,17.4,0,0,0,0,0,0,0.367101461,-0,150.09763,-147.154539,2.94309079,1,0,0,0,0,0,0,0,0,0,0,0,0,0,0,150.09763,4.79015999,-1.85057561,1.86249591e-05,0,0,0,0,0,0,0,0,0,0,0,0,0,0,0,0,0,0,0,0,0,0,0,0,0,0,0,0,0,0,0,0,147.154539,0.0394669884,0.967696673,-0.00384051527,-0.113534285,-0.171277625,0.224999691,-1.51211678,-4.31409623,0.000207874053,1500,1500,1500,1500,1500,1500,1500,1500,0,0,0,0,0.02,0,0,0,0,0.02,0,0,0,0,0.02,0,0,0,0,0.02,0,0,0,0,1,0,0,0,0,1,0,0,0,0,1,0,0,0,0,1
299167.173,17.45,0,0,0,0,0,0,0.367101461,-0,150.09763,-147.154539,2.94309079,1,0,0,0,0,0,0,0,0,0,0,0,0,0,0,150.09763,4.79015999,-1.85057561,1.86249591e-05,0,0,0,0,0,0,0,0,0,0,0,0,0,0,0,0,0,0,0,0,0,0,0,0,0,0,0,0,0,0,0,0,147.154539,0.0394669884,0.967696673,-0.00384051527,-0.113534285,-0.171277625,0.224999691,-1.51211678,-4.31409623,0.000207874053,1500,1500,1500,1500,1500,1500,1500,1500,0,0,0,0,0.02,0,0,0,0,0.02,0,0,0,0,0.02,0,0,0,0,0.02,0,0,0,0,1,0,0,0,0,1,0,0,0,0,1,0,0,0,0,1
299167.226,17.5,0,0,0,0,0,0,0.367101461,-0,150.09763,-147.154539,2.94309079,1,0,0,0,0,0,0,0,0,0,0,0,0,0,0,150.09763,4.79015999,-1.85057561,1.86249591e-05,0,0,0,0,0,0,0,0,0,0,0,0,0,0,0,0,0,0,0,0,0,0,0,0,0,0,0,0,0,0,0,0,147.154539,0.0394669884,0.967696673,-0.00384051527,-0.113534285,-0.171277625,0.224999691,-1.51211678,-4.31409623,0.000207874053,1500,1500,1500,1500,1500,1500,1500,1500,0,0,0,0,0.02,0,0,0,0,0.02,0,0,0,0,0.02,0,0,0,0,0.02,0,0,0,0,1,0,0,0,0,1,0,0,0,0,1,0,0,0,0,1
299167.28,17.55,0,0,0,0,0,0,0.367101461,-0,150.09763,-147.154539,2.94309079,1,0,0,0,0,0,0,0,0,0,0,0,0,0,0,150.09763,4.79015999,-1.85057561,1.86249591e-05,0,0,0,0,0,0,0,0,0,0,0,0,0,0,0,0,0,0,0,0,0,0,0,0,0,0,0,0,0,0,0,0,147.154539,0.0394669884,0.967696673,-0.00384051527,-0.113534285,-0.171277625,0.224999691,-1.51211678,-4.31409623,0.000207874053,1500,1500,1500,1500,1500,1500,1500,1500,0,0,0,0,0.02,0,0,0,0,0.02,0,0,0,0,0.02,0,0,0,0,0.02,0,0,0,0,1,0,0,0,0,1,0,0,0,0,1,0,0,0,0,1
299167.332,17.6,0,0,0,0,0,0,0.367101461,-0,150.09763,-147.154539,2.94309079,1,0,0,0,0,0,0,0,0,0,0,0,0,0,0,150.09763,4.79015999,-1.85057561,1.86249591e-05,0,0,0,0,0,0,0,0,0,0,0,0,0,0,0,0,0,0,0,0,0,0,0,0,0,0,0,0,0,0,0,0,147.154539,0.0394669884,0.967696673,-0.00384051527,-0.113534285,-0.171277625,0.224999691,-1.51211678,-4.31409623,0.000207874053,1500,1500,1500,1500,1500,1500,1500,1500,0,0,0,0,0.02,0,0,0,0,0.02,0,0,0,0,0.02,0,0,0,0,0.02,0,0,0,0,1,0,0,0,0,1,0,0,0,0,1,0,0,0,0,1
299167.385,17.65,0,0,0,0,0,0,0.367101461,-0,150.09763,-147.154539,2.94309079,1,0,0,0,0,0,0,0,0,0,0,0,0,0,0,150.09763,4.79015999,-1.85057561,1.86249591e-05,0,0,0,0,0,0,0,0,0,0,0,0,0,0,0,0,0,0,0,0,0,0,0,0,0,0,0,0,0,0,0,0,147.154539,0.0394669884,0.967696673,-0.00384051527,-0.113534285,-0.171277625,0.224999691,-1.51211678,-4.31409623,0.000207874053,1500,1500,1500,1500,1500,1500,1500,1500,0,0,0,0,0.02,0,0,0,0,0.02,0,0,0,0,0.02,0,0,0,0,0.02,0,0,0,0,1,0,0,0,0,1,0,0,0,0,1,0,0,0,0,1
299167.437,17.7,0,0,0,0,0,0,0.367101461,-0,150.09763,-147.154539,2.94309079,1,0,0,0,0,0,0,0,0,0,0,0,0,0,0,150.09763,4.79015999,-1.85057561,1.86249591e-05,0,0,0,0,0,0,0,0,0,0,0,0,0,0,0,0,0,0,0,0,0,0,0,0,0,0,0,0,0,0,0,0,147.154539,0.0394669884,0.967696673,-0.00384051527,-0.113534285,-0.171277625,0.224999691,-1.51211678,-4.31409623,0.000207874053,1500,1500,1500,1500,1500,1500,1500,1500,0,0,0,0,0.02,0,0,0,0,0.02,0,0,0,0,0.02,0,0,0,0,0.02,0,0,0,0,1,0,0,0,0,1,0,0,0,0,1,0,0,0,0,1
299167.49,17.75,0,0,0,0,0,0,0.367101461,-0,150.09763,-147.154539,2.94309079,1,0,0,0,0,0,0,0,0,0,0,0,0,0,0,150.09763,4.79015999,-1.85057561,1.86249591e-05,0,0,0,0,0,0,0,0,0,0,0,0,0,0,0,0,0,0,0,0,0,0,0,0,0,0,0,0,0,0,0,0,147.154539,0.0394669884,0.967696673,-0.00384051527,-0.113534285,-0.171277625,0.224999691,-1.51211678,-4.31409623,0.000207874053,1500,1500,1500,1500,1500,1500,1500,1500,0,0,0,0,0.02,0,0,0,0,0.02,0,0,0,0,0.02,0,0,0,0,0.02,0,0,0,0,1,0,0,0,0,1,0,0,0,0,1,0,0,0,0,1
299167.542,17.8,0,0,0,0,0,0,0.367101461,-0,150.09763,-147.154539,2.94309079,1,0,0,0,0,0,0,0,0,0,0,0,0,0,0,150.09763,4.79015999,-1.85057561,1.86249591e-05,0,0,0,0,0,0,0,0,0,0,0,0,0,0,0,0,0,0,0,0,0,0,0,0,0,0,0,0,0,0,0,0,147.154539,0.0394669884,0.967696673,-0.00384051527,-0.113534285,-0.171277625,0.224999691,-1.51211678,-4.31409623,0.000207874053,1500,1500,1500,1500,1500,1500,1500,1500,0,0,0,0,0.02,0,0,0,0,0.02,0,0,0,0,0.02,0,0,0,0,0.02,0,0,0,0,1,0,0,0,0,1,0,0,0,0,1,0,0,0,0,1
299167.595,17.85,0,0,0,0,0,0,0.367101461,-0,150.09763,-147.154539,2.94309079,1,0,0,0,0,0,0,0,0,0,0,0,0,0,0,150.09763,4.79015999,-1.85057561,1.86249591e-05,0,0,0,0,0,0,0,0,0,0,0,0,0,0,0,0,0,0,0,0,0,0,0,0,0,0,0,0,0,0,0,0,147.154539,0.0394669884,0.967696673,-0.00384051527,-0.113534285,-0.171277625,0.224999691,-1.51211678,-4.31409623,0.000207874053,1500,1500,1500,1500,1500,1500,1500,1500,0,0,0,0,0.02,0,0,0,0,0.02,0,0,0,0,0.02,0,0,0,0,0.02,0,0,0,0,1,0,0,0,0,1,0,0,0,0,1,0,0,0,0,1
299167.649,17.9,0,0,0,0,0,0,0.367101461,-0,150.09763,-147.154539,2.94309079,1,0,0,0,0,0,0,0,0,0,0,0,0,0,0,150.09763,4.79015999,-1.85057561,1.86249591e-05,0,0,0,0,0,0,0,0,0,0,0,0,0,0,0,0,0,0,0,0,0,0,0,0,0,0,0,0,0,0,0,0,147.154539,0.0394669884,0.967696673,-0.00384051527,-0.113534285,-0.171277625,0.224999691,-1.51211678,-4.31409623,0.000207874053,1500,1500,1500,1500,1500,1500,1500,1500,0,0,0,0,0.02,0,0,0,0,0.02,0,0,0,0,0.02,0,0,0,0,0.02,0,0,0,0,1,0,0,0,0,1,0,0,0,0,1,0,0,0,0,1
299167.701,17.95,0,0,0,0,0,0,0.367101461,-0,150.09763,-147.154539,2.94309079,1,0,0,0,0,0,0,0,0,0,0,0,0,0,0,150.09763,4.79015999,-1.85057561,1.86249591e-05,0,0,0,0,0,0,0,0,0,0,0,0,0,0,0,0,0,0,0,0,0,0,0,0,0,0,0,0,0,0,0,0,147.154539,0.0394669884,0.967696673,-0.00384051527,-0.113534285,-0.171277625,0.224999691,-1.51211678,-4.31409623,0.000207874053,1500,1500,1500,1500,1500,1500,1500,1500,0,0,0,0,0.02,0,0,0,0,0.02,0,0,0,0,0.02,0,0,0,0,0.02,0,0,0,0,1,0,0,0,0,1,0,0,0,0,1,0,0,0,0,1
299167.753,18,0,0,0,0,0,0,0.367101461,-0,150.09763,-147.154539,2.94309079,1,0,0,0,0,0,0,0,0,0,0,0,0,0,0,150.09763,4.79015999,-1.85057561,1.86249591e-05,0,0,0,0,0,0,0,0,0,0,0,0,0,0,0,0,0,0,0,0,0,0,0,0,0,0,0,0,0,0,0,0,147.154539,0.0394669884,0.967696673,-0.00384051527,-0.113534285,-0.171277625,0.224999691,-1.51211678,-4.31409623,0.000207874053,1500,1500,1500,1500,1500,1500,1500,1500,0,0,0,0,0.02,0,0,0,0,0.02,0,0,0,0,0.02,0,0,0,0,0.02,0,0,0,0,1,0,0,0,0,1,0,0,0,0,1,0,0,0,0,1
299167.807,18.05,0,0,0,0,0,0,0.367101461,-0,150.09763,-147.154539,2.94309079,1,0,0,0,0,0,0,0,0,0,0,0,0,0,0,150.09763,4.79015999,-1.85057561,1.86249591e-05,0,0,0,0,0,0,0,0,0,0,0,0,0,0,0,0,0,0,0,0,0,0,0,0,0,0,0,0,0,0,0,0,147.154539,0.0394669884,0.967696673,-0.00384051527,-0.113534285,-0.171277625,0.224999691,-1.51211678,-4.31409623,0.000207874053,1500,1500,1500,1500,1500,1500,1500,1500,0,0,0,0,0.02,0,0,0,0,0.02,0,0,0,0,0.02,0,0,0,0,0.02,0,0,0,0,1,0,0,0,0,1,0,0,0,0,1,0,0,0,0,1
299167.859,18.1,0,0,0,0,0,0,0.367101461,-0,150.09763,-147.154539,2.94309079,1,0,0,0,0,0,0,0,0,0,0,0,0,0,0,150.09763,4.79015999,-1.85057561,1.86249591e-05,0,0,0,0,0,0,0,0,0,0,0,0,0,0,0,0,0,0,0,0,0,0,0,0,0,0,0,0,0,0,0,0,147.154539,0.0394669884,0.967696673,-0.00384051527,-0.113534285,-0.171277625,0.224999691,-1.51211678,-4.31409623,0.000207874053,1500,1500,1500,1500,1500,1500,1500,1500,0,0,0,0,0.02,0,0,0,0,0.02,0,0,0,0,0.02,0,0,0,0,0.02,0,0,0,0,1,0,0,0,0,1,0,0,0,0,1,0,0,0,0,1
299167.914,18.15,0,0,0,0,0,0,0.367101461,-0,150.09763,-147.154539,2.94309079,1,0,0,0,0,0,0,0,0,0,0,0,0,0,0,150.09763,4.79015999,-1.85057561,1.86249591e-05,0,0,0,0,0,0,0,0,0,0,0,0,0,0,0,0,0,0,0,0,0,0,0,0,0,0,0,0,0,0,0,0,147.154539,0.0394669884,0.967696673,-0.00384051527,-0.113534285,-0.171277625,0.224999691,-1.51211678,-4.31409623,0.000207874053,1500,1500,1500,1500,1500,1500,1500,1500,0,0,0,0,0.02,0,0,0,0,0.02,0,0,0,0,0.02,0,0,0,0,0.02,0,0,0,0,1,0,0,0,0,1,0,0,0,0,1,0,0,0,0,1
299167.967,18.2,0,0,0,0,0,0,0.367101461,-0,150.09763,-147.154539,2.94309079,1,0,0,0,0,0,0,0,0,0,0,0,0,0,0,150.09763,4.79015999,-1.85057561,1.86249591e-05,0,0,0,0,0,0,0,0,0,0,0,0,0,0,0,0,0,0,0,0,0,0,0,0,0,0,0,0,0,0,0,0,147.154539,0.0394669884,0.967696673,-0.00384051527,-0.113534285,-0.171277625,0.224999691,-1.51211678,-4.31409623,0.000207874053,1500,1500,1500,1500,1500,1500,1500,1500,0,0,0,0,0.02,0,0,0,0,0.02,0,0,0,0,0.02,0,0,0,0,0.02,0,0,0,0,1,0,0,0,0,1,0,0,0,0,1,0,0,0,0,1
299168.022,18.25,0,0,0,0,0,0,0.367101461,-0,150.09763,-147.154539,2.94309079,1,0,0,0,0,0,0,0,0,0,0,0,0,0,0,150.09763,4.79015999,-1.85057561,1.86249591e-05,0,0,0,0,0,0,0,0,0,0,0,0,0,0,0,0,0,0,0,0,0,0,0,0,0,0,0,0,0,0,0,0,147.154539,0.0394669884,0.967696673,-0.00384051527,-0.113534285,-0.171277625,0.224999691,-1.51211678,-4.31409623,0.000207874053,1500,1500,1500,1500,1500,1500,1500,1500,0,0,0,0,0.02,0,0,0,0,0.02,0,0,0,0,0.02,0,0,0,0,0.02,0,0,0,0,1,0,0,0,0,1,0,0,0,0,1,0,0,0,0,1
299168.074,18.3,0,0,0,0,0,0,0.367101461,-0,150.09763,-147.154539,2.94309079,1,0,0,0,0,0,0,0,0,0,0,0,0,0,0,150.09763,4.79015999,-1.85057561,1.86249591e-05,0,0,0,0,0,0,0,0,0,0,0,0,0,0,0,0,0,0,0,0,0,0,0,0,0,0,0,0,0,0,0,0,147.154539,0.0394669884,0.967696673,-0.00384051527,-0.113534285,-0.171277625,0.224999691,-1.51211678,-4.31409623,0.000207874053,1500,1500,1500,1500,1500,1500,1500,1500,0,0,0,0,0.02,0,0,0,0,0.02,0,0,0,0,0.02,0,0,0,0,0.02,0,0,0,0,1,0,0,0,0,1,0,0,0,0,1,0,0,0,0,1
299168.129,18.35,0,0,0,0,0,0,0.367101461,-0,150.09763,-147.154539,2.94309079,1,0,0,0,0,0,0,0,0,0,0,0,0,0,0,150.09763,4.79015999,-1.85057561,1.86249591e-05,0,0,0,0,0,0,0,0,0,0,0,0,0,0,0,0,0,0,0,0,0,0,0,0,0,0,0,0,0,0,0,0,147.154539,0.0394669884,0.967696673,-0.00384051527,-0.113534285,-0.171277625,0.224999691,-1.51211678,-4.31409623,0.000207874053,1500,1500,1500,1500,1500,1500,1500,1500,0,0,0,0,0.02,0,0,0,0,0.02,0,0,0,0,0.02,0,0,0,0,0.02,0,0,0,0,1,0,0,0,0,1,0,0,0,0,1,0,0,0,0,1
299168.182,18.4,0,0,0,0,0,0,0.367101461,-0,150.09763,-147.154539,2.94309079,1,0,0,0,0,0,0,0,0,0,0,0,0,0,0,150.09763,4.79015999,-1.85057561,1.86249591e-05,0,0,0,0,0,0,0,0,0,0,0,0,0,0,0,0,0,0,0,0,0,0,0,0,0,0,0,0,0,0,0,0,147.154539,0.0394669884,0.967696673,-0.00384051527,-0.113534285,-0.171277625,0.224999691,-1.51211678,-4.31409623,0.000207874053,1500,1500,1500,1500,1500,1500,1500,1500,0,0,0,0,0.02,0,0,0,0,0.02,0,0,0,0,0.02,0,0,0,0,0.02,0,0,0,0,1,0,0,0,0,1,0,0,0,0,1,0,0,0,0,1
299168.235,18.45,0,0,0,0,0,0,0.367101461,-0,150.09763,-147.154539,2.94309079,1,0,0,0,0,0,0,0,0,0,0,0,0,0,0,150.09763,4.79015999,-1.85057561,1.86249591e-05,0,0,0,0,0,0,0,0,0,0,0,0,0,0,0,0,0,0,0,0,0,0,0,0,0,0,0,0,0,0,0,0,147.154539,0.0394669884,0.967696673,-0.00384051527,-0.113534285,-0.171277625,0.224999691,-1.51211678,-4.31409623,0.000207874053,1500,1500,1500,1500,1500,1500,1500,1500,0,0,0,0,0.02,0,0,0,0,0.02,0,0,0,0,0.02,0,0,0,0,0.02,0,0,0,0,1,0,0,0,0,1,0,0,0,0,1,0,0,0,0,1
299168.287,18.5,0,0,0,0,0,0,0.367101461,-0,150.09763,-147.154539,2.94309079,1,0,0,0,0,0,0,0,0,0,0,0,0,0,0,150.09763,4.79015999,-1.85057561,1.86249591e-05,0,0,0,0,0,0,0,0,0,0,0,0,0,0,0,0,0,0,0,0,0,0,0,0,0,0,0,0,0,0,0,0,147.154539,0.0394669884,0.967696673,-0.00384051527,-0.113534285,-0.171277625,0.224999691,-1.51211678,-4.31409623,0.000207874053,1500,1500,1500,1500,1500,1500,1500,1500,0,0,0,0,0.02,0,0,0,0,0.02,0,0,0,0,0.02,0,0,0,0,0.02,0,0,0,0,1,0,0,0,0,1,0,0,0,0,1,0,0,0,0,1
299168.342,18.55,0,0,0,0,0,0,0.367101461,-0,150.09763,-147.154539,2.94309079,1,0,0,0,0,0,0,0,0,0,0,0,0,0,0,150.09763,4.79015999,-1.85057561,1.86249591e-05,0,0,0,0,0,0,0,0,0,0,0,0,0,0,0,0,0,0,0,0,0,0,0,0,0,0,0,0,0,0,0,0,147.154539,0.0394669884,0.967696673,-0.00384051527,-0.113534285,-0.171277625,0.224999691,-1.51211678,-4.31409623,0.000207874053,1500,1500,1500,1500,1500,1500,1500,1500,0,0,0,0,0.02,0,0,0,0,0.02,0,0,0,0,0.02,0,0,0,0,0.02,0,0,0,0,1,0,0,0,0,1,0,0,0,0,1,0,0,0,0,1
299168.394,18.6,0,0,0,0,0,0,0.367101461,-0,150.09763,-147.154539,2.94309079,1,0,0,0,0,0,0,0,0,0,0,0,0,0,0,150.09763,4.79015999,-1.85057561,1.86249591e-05,0,0,0,0,0,0,0,0,0,0,0,0,0,0,0,0,0,0,0,0,0,0,0,0,0,0,0,0,0,0,0,0,147.154539,0.0394669884,0.967696673,-0.00384051527,-0.113534285,-0.171277625,0.224999691,-1.51211678,-4.31409623,0.000207874053,1500,1500,1500,1500,1500,1500,1500,1500,0,0,0,0,0.02,0,0,0,0,0.02,0,0,0,0,0.02,0,0,0,0,0.02,0,0,0,0,1,0,0,0,0,1,0,0,0,0,1,0,0,0,0,1
299168.448,18.65,0,0,0,0,0,0,0.367101461,-0,150.09763,-147.154539,2.94309079,1,0,0,0,0,0,0,0,0,0,0,0,0,0,0,150.09763,4.79015999,-1.85057561,1.86249591e-05,0,0,0,0,0,0,0,0,0,0,0,0,0,0,0,0,0,0,0,0,0,0,0,0,0,0,0,0,0,0,0,0,147.154539,0.0394669884,0.967696673,-0.00384051527,-0.113534285,-0.171277625,0.224999691,-1.51211678,-4.31409623,0.000207874053,1500,1500,1500,1500,1500,1500,1500,1500,0,0,0,0,0.02,0,0,0,0,0.02,0,0,0,0,0.02,0,0,0,0,0.02,0,0,0,0,1,0,0,0,0,1,0,0,0,0,1,0,0,0,0,1
299168.501,18.7,0,0,0,0,0,0,0.367101461,-0,150.09763,-147.154539,2.94309079,1,0,0,0,0,0,0,0,0,0,0,0,0,0,0,150.09763,4.79015999,-1.85057561,1.86249591e-05,0,0,0,0,0,0,0,0,0,0,0,0,0,0,0,0,0,0,0,0,0,0,0,0,0,0,0,0,0,0,0,0,147.154539,0.0394669884,0.967696673,-0.00384051527,-0.113534285,-0.171277625,0.224999691,-1.51211678,-4.31409623,0.000207874053,1500,1500,1500,1500,1500,1500,1500,1500,0,0,0,0,0.02,0,0,0,0,0.02,0,0,0,0,0.02,0,0,0,0,0.02,0,0,0,0,1,0,0,0,0,1,0,0,0,0,1,0,0,0,0,1
299168.555,18.75,0,0,0,0,0,0,0.367101461,-0,150.09763,-147.154539,2.94309079,1,0,0,0,0,0,0,0,0,0,0,0,0,0,0,150.09763,4.79015999,-1.85057561,1.86249591e-05,0,0,0,0,0,0,0,0,0,0,0,0,0,0,0,0,0,0,0,0,0,0,0,0,0,0,0,0,0,0,0,0,147.154539,0.0394669884,0.967696673,-0.00384051527,-0.113534285,-0.171277625,0.224999691,-1.51211678,-4.31409623,0.000207874053,1500,1500,1500,1500,1500,1500,1500,1500,0,0,0,0,0.02,0,0,0,0,0.02,0,0,0,0,0.02,0,0,0,0,0.02,0,0,0,0,1,0,0,0,0,1,0,0,0,0,1,0,0,0,0,1
299168.605,18.8,0,0,0,0,0,0,0.367101461,-0,150.09763,-147.154539,2.94309079,1,0,0,0,0,0,0,0,0,0,0,0,0,0,0,150.09763,4.79015999,-1.85057561,1.86249591e-05,0,0,0,0,0,0,0,0,0,0,0,0,0,0,0,0,0,0,0,0,0,0,0,0,0,0,0,0,0,0,0,0,147.154539,0.0394669884,0.967696673,-0.00384051527,-0.113534285,-0.171277625,0.224999691,-1.51211678,-4.31409623,0.000207874053,1500,1500,1500,1500,1500,1500,1500,1500,0,0,0,0,0.02,0,0,0,0,0.02,0,0,0,0,0.02,0,0,0,0,0.02,0,0,0,0,1,0,0,0,0,1,0,0,0,0,1,0,0,0,0,1
299168.659,18.85,0,0,0,0,0,0,0.367101461,-0,150.09763,-147.154539,2.94309079,1,0,0,0,0,0,0,0,0,0,0,0,0,0,0,150.09763,4.79015999,-1.85057561,1.86249591e-05,0,0,0,0,0,0,0,0,0,0,0,0,0,0,0,0,0,0,0,0,0,0,0,0,0,0,0,0,0,0,0,0,147.154539,0.0394669884,0.967696673,-0.00384051527,-0.113534285,-0.171277625,0.224999691,-1.51211678,-4.31409623,0.000207874053,1500,1500,1500,1500,1500,1500,1500,1500,0,0,0,0,0.02,0,0,0,0,0.02,0,0,0,0,0.02,0,0,0,0,0.02,0,0,0,0,1,0,0,0,0,1,0,0,0,0,1,0,0,0,0,1
299168.713,18.9,0,0,0,0,0,0,0.367101461,-0,150.09763,-147.154539,2.94309079,1,0,0,0,0,0,0,0,0,0,0,0,0,0,0,150.09763,4.79015999,-1.85057561,1.86249591e-05,0,0,0,0,0,0,0,0,0,0,0,0,0,0,0,0,0,0,0,0,0,0,0,0,0,0,0,0,0,0,0,0,147.154539,0.0394669884,0.967696673,-0.00384051527,-0.113534285,-0.171277625,0.224999691,-1.51211678,-4.31409623,0.000207874053,1500,1500,1500,1500,1500,1500,1500,1500,0,0,0,0,0.02,0,0,0,0,0.02,0,0,0,0,0.02,0,0,0,0,0.02,0,0,0,0,1,0,0,0,0,1,0,0,0,0,1,0,0,0,0,1
299168.766,18.95,0,0,0,0,0,0,0.367101461,-0,150.09763,-147.154539,2.94309079,1,0,0,0,0,0,0,0,0,0,0,0,0,0,0,150.09763,4.79015999,-1.85057561,1.86249591e-05,0,0,0,0,0,0,0,0,0,0,0,0,0,0,0,0,0,0,0,0,0,0,0,0,0,0,0,0,0,0,0,0,147.154539,0.0394669884,0.967696673,-0.00384051527,-0.113534285,-0.171277625,0.224999691,-1.51211678,-4.31409623,0.000207874053,1500,1500,1500,1500,1500,1500,1500,1500,0,0,0,0,0.02,0,0,0,0,0.02,0,0,0,0,0.02,0,0,0,0,0.02,0,0,0,0,1,0,0,0,0,1,0,0,0,0,1,0,0,0,0,1
299168.822,19,0,0,0,0,0,0,0.367101461,-0,150.09763,-147.154539,2.94309079,1,0,0,0,0,0,0,0,0,0,0,0,0,0,0,150.09763,4.79015999,-1.85057561,1.86249591e-05,0,0,0,0,0,0,0,0,0,0,0,0,0,0,0,0,0,0,0,0,0,0,0,0,0,0,0,0,0,0,0,0,147.154539,0.0394669884,0.967696673,-0.00384051527,-0.113534285,-0.171277625,0.224999691,-1.51211678,-4.31409623,0.000207874053,1500,1500,1500,1500,1500,1500,1500,1500,0,0,0,0,0.02,0,0,0,0,0.02,0,0,0,0,0.02,0,0,0,0,0.02,0,0,0,0,1,0,0,0,0,1,0,0,0,0,1,0,0,0,0,1
299168.875,19.05,0,0,0,0,0,0,0.367101461,-0,150.09763,-147.154539,2.94309079,1,0,0,0,0,0,0,0,0,0,0,0,0,0,0,150.09763,4.79015999,-1.85057561,1.86249591e-05,0,0,0,0,0,0,0,0,0,0,0,0,0,0,0,0,0,0,0,0,0,0,0,0,0,0,0,0,0,0,0,0,147.154539,0.0394669884,0.967696673,-0.00384051527,-0.113534285,-0.171277625,0.224999691,-1.51211678,-4.31409623,0.000207874053,1500,1500,1500,1500,1500,1500,1500,1500,0,0,0,0,0.02,0,0,0,0,0.02,0,0,0,0,0.02,0,0,0,0,0.02,0,0,0,0,1,0,0,0,0,1,0,0,0,0,1,0,0,0,0,1
299168.926,19.1,0,0,0,0,0,0,0.367101461,-0,150.09763,-147.154539,2.94309079,1,0,0,0,0,0,0,0,0,0,0,0,0,0,0,150.09763,4.79015999,-1.85057561,1.86249591e-05,0,0,0,0,0,0,0,0,0,0,0,0,0,0,0,0,0,0,0,0,0,0,0,0,0,0,0,0,0,0,0,0,147.154539,0.0394669884,0.967696673,-0.00384051527,-0.113534285,-0.171277625,0.224999691,-1.51211678,-4.31409623,0.000207874053,1500,1500,1500,1500,1500,1500,1500,1500,0,0,0,0,0.02,0,0,0,0,0.02,0,0,0,0,0.02,0,0,0,0,0.02,0,0,0,0,1,0,0,0,0,1,0,0,0,0,1,0,0,0,0,1
299168.98,19.15,0,0,0,0,0,0,0.367101461,-0,150.09763,-147.154539,2.94309079,1,0,0,0,0,0,0,0,0,0,0,0,0,0,0,150.09763,4.79015999,-1.85057561,1.86249591e-05,0,0,0,0,0,0,0,0,0,0,0,0,0,0,0,0,0,0,0,0,0,0,0,0,0,0,0,0,0,0,0,0,147.154539,0.0394669884,0.967696673,-0.00384051527,-0.113534285,-0.171277625,0.224999691,-1.51211678,-4.31409623,0.000207874053,1500,1500,1500,1500,1500,1500,1500,1500,0,0,0,0,0.02,0,0,0,0,0.02,0,0,0,0,0.02,0,0,0,0,0.02,0,0,0,0,1,0,0,0,0,1,0,0,0,0,1,0,0,0,0,1
299169.031,19.2,0,0,0,0,0,0,0.367101461,-0,150.09763,-147.154539,2.94309079,1,0,0,0,0,0,0,0,0,0,0,0,0,0,0,150.09763,4.79015999,-1.85057561,1.86249591e-05,0,0,0,0,0,0,0,0,0,0,0,0,0,0,0,0,0,0,0,0,0,0,0,0,0,0,0,0,0,0,0,0,147.154539,0.0394669884,0.967696673,-0.00384051527,-0.113534285,-0.171277625,0.224999691,-1.51211678,-4.31409623,0.000207874053,1500,1500,1500,1500,1500,1500,1500,1500,0,0,0,0,0.02,0,0,0,0,0.02,0,0,0,0,0.02,0,0,0,0,0.02,0,0,0,0,1,0,0,0,0,1,0,0,0,0,1,0,0,0,0,1
299169.084,19.25,0,0,0,0,0,0,0.367101461,-0,150.09763,-147.154539,2.94309079,1,0,0,0,0,0,0,0,0,0,0,0,0,0,0,150.09763,4.79015999,-1.85057561,1.86249591e-05,0,0,0,0,0,0,0,0,0,0,0,0,0,0,0,0,0,0,0,0,0,0,0,0,0,0,0,0,0,0,0,0,147.154539,0.0394669884,0.967696673,-0.00384051527,-0.113534285,-0.171277625,0.224999691,-1.51211678,-4.31409623,0.000207874053,1500,1500,1500,1500,1500,1500,1500,1500,0,0,0,0,0.02,0,0,0,0,0.02,0,0,0,0,0.02,0,0,0,0,0.02,0,0,0,0,1,0,0,0,0,1,0,0,0,0,1,0,0,0,0,1
299169.136,19.3,0,0,0,0,0,0,0.367101461,-0,150.09763,-147.154539,2.94309079,1,0,0,0,0,0,0,0,0,0,0,0,0,0,0,150.09763,4.79015999,-1.85057561,1.86249591e-05,0,0,0,0,0,0,0,0,0,0,0,0,0,0,0,0,0,0,0,0,0,0,0,0,0,0,0,0,0,0,0,0,147.154539,0.0394669884,0.967696673,-0.00384051527,-0.113534285,-0.171277625,0.224999691,-1.51211678,-4.31409623,0.000207874053,1500,1500,1500,1500,1500,1500,1500,1500,0,0,0,0,0.02,0,0,0,0,0.02,0,0,0,0,0.02,0,0,0,0,0.02,0,0,0,0,1,0,0,0,0,1,0,0,0,0,1,0,0,0,0,1
299169.189,19.35,0,0,0,0,0,0,0.367101461,-0,150.09763,-147.154539,2.94309079,1,0,0,0,0,0,0,0,0,0,0,0,0,0,0,150.09763,4.79015999,-1.85057561,1.86249591e-05,0,0,0,0,0,0,0,0,0,0,0,0,0,0,0,0,0,0,0,0,0,0,0,0,0,0,0,0,0,0,0,0,147.154539,0.0394669884,0.967696673,-0.00384051527,-0.113534285,-0.171277625,0.224999691,-1.51211678,-4.31409623,0.000207874053,1500,1500,1500,1500,1500,1500,1500,1500,0,0,0,0,0.02,0,0,0,0,0.02,0,0,0,0,0.02,0,0,0,0,0.02,0,0,0,0,1,0,0,0,0,1,0,0,0,0,1,0,0,0,0,1
299169.24,19.4,0,0,0,0,0,0,0.367101461,-0,150.09763,-147.154539,2.94309079,1,0,0,0,0,0,0,0,0,0,0,0,0,0,0,150.09763,4.79015999,-1.85057561,1.86249591e-05,0,0,0,0,0,0,0,0,0,0,0,0,0,0,0,0,0,0,0,0,0,0,0,0,0,0,0,0,0,0,0,0,147.154539,0.0394669884,0.967696673,-0.00384051527,-0.113534285,-0.171277625,0.224999691,-1.51211678,-4.31409623,0.000207874053,1500,1500,1500,1500,1500,1500,1500,1500,0,0,0,0,0.02,0,0,0,0,0.02,0,0,0,0,0.02,0,0,0,0,0.02,0,0,0,0,1,0,0,0,0,1,0,0,0,0,1,0,0,0,0,1
299169.293,19.45,0,0,0,0,0,0,0.367101461,-0,150.09763,-147.154539,2.94309079,1,0,0,0,0,0,0,0,0,0,0,0,0,0,0,150.09763,4.79015999,-1.85057561,1.86249591e-05,0,0,0,0,0,0,0,0,0,0,0,0,0,0,0,0,0,0,0,0,0,0,0,0,0,0,0,0,0,0,0,0,147.154539,0.0394669884,0.967696673,-0.00384051527,-0.113534285,-0.171277625,0.224999691,-1.51211678,-4.31409623,0.000207874053,1500,1500,1500,1500,1500,1500,1500,1500,0,0,0,0,0.02,0,0,0,0,0.02,0,0,0,0,0.02,0,0,0,0,0.02,0,0,0,0,1,0,0,0,0,1,0,0,0,0,1,0,0,0,0,1
299169.344,19.5,0,0,0,0,0,0,0.367101461,-0,150.09763,-147.154539,2.94309079,1,0,0,0,0,0,0,0,0,0,0,0,0,0,0,150.09763,4.79015999,-1.85057561,1.86249591e-05,0,0,0,0,0,0,0,0,0,0,0,0,0,0,0,0,0,0,0,0,0,0,0,0,0,0,0,0,0,0,0,0,147.154539,0.0394669884,0.967696673,-0.00384051527,-0.113534285,-0.171277625,0.224999691,-1.51211678,-4.31409623,0.000207874053,1500,1500,1500,1500,1500,1500,1500,1500,0,0,0,0,0.02,0,0,0,0,0.02,0,0,0,0,0.02,0,0,0,0,0.02,0,0,0,0,1,0,0,0,0,1,0,0,0,0,1,0,0,0,0,1
299169.395,19.55,0,0,0,0,0,0,0.367101461,-0,150.09763,-147.154539,2.94309079,1,0,0,0,0,0,0,0,0,0,0,0,0,0,0,150.09763,4.79015999,-1.85057561,1.86249591e-05,0,0,0,0,0,0,0,0,0,0,0,0,0,0,0,0,0,0,0,0,0,0,0,0,0,0,0,0,0,0,0,0,147.154539,0.0394669884,0.967696673,-0.00384051527,-0.113534285,-0.171277625,0.224999691,-1.51211678,-4.31409623,0.000207874053,1500,1500,1500,1500,1500,1500,1500,1500,0,0,0,0,0.02,0,0,0,0,0.02,0,0,0,0,0.02,0,0,0,0,0.02,0,0,0,0,1,0,0,0,0,1,0,0,0,0,1,0,0,0,0,1
299169.447,19.6,0,0,0,0,0,0,0.367101461,-0,150.09763,-147.154539,2.94309079,1,0,0,0,0,0,0,0,0,0,0,0,0,0,0,150.09763,4.79015999,-1.85057561,1.86249591e-05,0,0,0,0,0,0,0,0,0,0,0,0,0,0,0,0,0,0,0,0,0,0,0,0,0,0,0,0,0,0,0,0,147.154539,0.0394669884,0.967696673,-0.00384051527,-0.113534285,-0.171277625,0.224999691,-1.51211678,-4.31409623,0.000207874053,1500,1500,1500,1500,1500,1500,1500,1500,0,0,0,0,0.02,0,0,0,0,0.02,0,0,0,0,0.02,0,0,0,0,0.02,0,0,0,0,1,0,0,0,0,1,0,0,0,0,1,0,0,0,0,1
299169.499,19.65,0,0,0,0,0,0,0.367101461,-0,150.09763,-147.154539,2.94309079,1,0,0,0,0,0,0,0,0,0,0,0,0,0,0,150.09763,4.79015999,-1.85057561,1.86249591e-05,0,0,0,0,0,0,0,0,0,0,0,0,0,0,0,0,0,0,0,0,0,0,0,0,0,0,0,0,0,0,0,0,147.154539,0.0394669884,0.967696673,-0.00384051527,-0.113534285,-0.171277625,0.224999691,-1.51211678,-4.31409623,0.000207874053,1500,1500,1500,1500,1500,1500,1500,1500,0,0,0,0,0.02,0,0,0,0,0.02,0,0,0,0,0.02,0,0,0,0,0.02,0,0,0,0,1,0,0,0,0,1,0,0,0,0,1,0,0,0,0,1
299169.551,19.7,0,0,0,0,0,0,0.367101461,-0,150.09763,-147.154539,2.94309079,1,0,0,0,0,0,0,0,0,0,0,0,0,0,0,150.09763,4.79015999,-1.85057561,1.86249591e-05,0,0,0,0,0,0,0,0,0,0,0,0,0,0,0,0,0,0,0,0,0,0,0,0,0,0,0,0,0,0,0,0,147.154539,0.0394669884,0.967696673,-0.00384051527,-0.113534285,-0.171277625,0.224999691,-1.51211678,-4.31409623,0.000207874053,1500,1500,1500,1500,1500,1500,1500,1500,0,0,0,0,0.02,0,0,0,0,0.02,0,0,0,0,0.02,0,0,0,0,0.02,0,0,0,0,1,0,0,0,0,1,0,0,0,0,1,0,0,0,0,1
299169.603,19.75,0,0,0,0,0,0,0.367101461,-0,150.09763,-147.154539,2.94309079,1,0,0,0,0,0,0,0,0,0,0,0,0,0,0,150.09763,4.79015999,-1.85057561,1.86249591e-05,0,0,0,0,0,0,0,0,0,0,0,0,0,0,0,0,0,0,0,0,0,0,0,0,0,0,0,0,0,0,0,0,147.154539,0.0394669884,0.967696673,-0.00384051527,-0.113534285,-0.171277625,0.224999691,-1.51211678,-4.31409623,0.000207874053,1500,1500,1500,1500,1500,1500,1500,1500,0,0,0,0,0.02,0,0,0,0,0.02,0,0,0,0,0.02,0,0,0,0,0.02,0,0,0,0,1,0,0,0,0,1,0,0,0,0,1,0,0,0,0,1
299169.655,19.8,0,0,0,0,0,0,0.367101461,-0,150.09763,-147.154539,2.94309079,1,0,0,0,0,0,0,0,0,0,0,0,0,0,0,150.09763,4.79015999,-1.85057561,1.86249591e-05,0,0,0,0,0,0,0,0,0,0,0,0,0,0,0,0,0,0,0,0,0,0,0,0,0,0,0,0,0,0,0,0,147.154539,0.0394669884,0.967696673,-0.00384051527,-0.113534285,-0.171277625,0.224999691,-1.51211678,-4.31409623,0.000207874053,1500,1500,1500,1500,1500,1500,1500,1500,0,0,0,0,0.02,0,0,0,0,0.02,0,0,0,0,0.02,0,0,0,0,0.02,0,0,0,0,1,0,0,0,0,1,0,0,0,0,1,0,0,0,0,1
299169.708,19.85,0,0,0,0,0,0,0.367101461,-0,150.09763,-147.154539,2.94309079,1,0,0,0,0,0,0,0,0,0,0,0,0,0,0,150.09763,4.79015999,-1.85057561,1.86249591e-05,0,0,0,0,0,0,0,0,0,0,0,0,0,0,0,0,0,0,0,0,0,0,0,0,0,0,0,0,0,0,0,0,147.154539,0.0394669884,0.967696673,-0.00384051527,-0.113534285,-0.171277625,0.224999691,-1.51211678,-4.31409623,0.000207874053,1500,1500,1500,1500,1500,1500,1500,1500,0,0,0,0,0.02,0,0,0,0,0.02,0,0,0,0,0.02,0,0,0,0,0.02,0,0,0,0,1,0,0,0,0,1,0,0,0,0,1,0,0,0,0,1
299169.761,19.9,0,0,0,0,0,0,0.367101461,-0,150.09763,-147.154539,2.94309079,1,0,0,0,0,0,0,0,0,0,0,0,0,0,0,150.09763,4.79015999,-1.85057561,1.86249591e-05,0,0,0,0,0,0,0,0,0,0,0,0,0,0,0,0,0,0,0,0,0,0,0,0,0,0,0,0,0,0,0,0,147.154539,0.0394669884,0.967696673,-0.00384051527,-0.113534285,-0.171277625,0.224999691,-1.51211678,-4.31409623,0.000207874053,1500,1500,1500,1500,1500,1500,1500,1500,0,0,0,0,0.02,0,0,0,0,0.02,0,0,0,0,0.02,0,0,0,0,0.02,0,0,0,0,1,0,0,0,0,1,0,0,0,0,1,0,0,0,0,1
299169.814,19.95,0,0,0,0,0,0,0.367101461,-0,150.09763,-147.154539,2.94309079,1,0,0,0,0,0,0,0,0,0,0,0,0,0,0,150.09763,4.79015999,-1.85057561,1.86249591e-05,0,0,0,0,0,0,0,0,0,0,0,0,0,0,0,0,0,0,0,0,0,0,0,0,0,0,0,0,0,0,0,0,147.154539,0.0394669884,0.967696673,-0.00384051527,-0.113534285,-0.171277625,0.224999691,-1.51211678,-4.31409623,0.000207874053,1500,1500,1500,1500,1500,1500,1500,1500,0,0,0,0,0.02,0,0,0,0,0.02,0,0,0,0,0.02,0,0,0,0,0.02,0,0,0,0,1,0,0,0,0,1,0,0,0,0,1,0,0,0,0,1
299169.867,20,0,0,0,0,0,0,0.367101461,-0,150.09763,-147.154539,2.94309079,1,0,0,0,0,0,0,0,0,0,0,0,0,0,0,150.09763,4.79015999,-1.85057561,1.86249591e-05,0,0,0,0,0,0,0,0,0,0,0,0,0,0,0,0,0,0,0,0,0,0,0,0,0,0,0,0,0,0,0,0,147.154539,0.0394669884,0.967696673,-0.00384051527,-0.113534285,-0.171277625,0.224999691,-1.51211678,-4.31409623,0.000207874053,1500,1500,1500,1500,1500,1500,1500,1500,0,0,0,0,0.02,0,0,0,0,0.02,0,0,0,0,0.02,0,0,0,0,0.02,0,0,0,0,1,0,0,0,0,1,0,0,0,0,1,0,0,0,0,1
299169.919,20.05,0,0,0,0,0,0,0.367101461,-0,150.09763,-147.154539,2.94309079,1,0,0,0,0,0,0,0,0,0,0,0,0,0,0,150.09763,4.79015999,-1.85057561,1.86249591e-05,0,0,0,0,0,0,0,0,0,0,0,0,0,0,0,0,0,0,0,0,0,0,0,0,0,0,0,0,0,0,0,0,147.154539,0.0394669884,0.967696673,-0.00384051527,-0.113534285,-0.171277625,0.224999691,-1.51211678,-4.31409623,0.000207874053,1500,1500,1500,1500,1500,1500,1500,1500,0,0,0,0,0.02,0,0,0,0,0.02,0,0,0,0,0.02,0,0,0,0,0.02,0,0,0,0,1,0,0,0,0,1,0,0,0,0,1,0,0,0,0,1
299169.972,20.1,0,0,0,0,0,0,0.367101461,-0,150.09763,-147.154539,2.94309079,1,0,0,0,0,0,0,0,0,0,0,0,0,0,0,150.09763,4.79015999,-1.85057561,1.86249591e-05,0,0,0,0,0,0,0,0,0,0,0,0,0,0,0,0,0,0,0,0,0,0,0,0,0,0,0,0,0,0,0,0,147.154539,0.0394669884,0.967696673,-0.00384051527,-0.113534285,-0.171277625,0.224999691,-1.51211678,-4.31409623,0.000207874053,1500,1500,1500,1500,1500,1500,1500,1500,0,0,0,0,0.02,0,0,0,0,0.02,0,0,0,0,0.02,0,0,0,0,0.02,0,0,0,0,1,0,0,0,0,1,0,0,0,0,1,0,0,0,0,1
299170.024,20.15,0,0,0,0,0,0,0.367101461,-0,150.09763,-147.154539,2.94309079,1,0,0,0,0,0,0,0,0,0,0,0,0,0,0,150.09763,4.79015999,-1.85057561,1.86249591e-05,0,0,0,0,0,0,0,0,0,0,0,0,0,0,0,0,0,0,0,0,0,0,0,0,0,0,0,0,0,0,0,0,147.154539,0.0394669884,0.967696673,-0.00384051527,-0.113534285,-0.171277625,0.224999691,-1.51211678,-4.31409623,0.000207874053,1500,1500,1500,1500,1500,1500,1500,1500,0,0,0,0,0.02,0,0,0,0,0.02,0,0,0,0,0.02,0,0,0,0,0.02,0,0,0,0,1,0,0,0,0,1,0,0,0,0,1,0,0,0,0,1
299170.076,20.2,0,0,0,0,0,0,0.367101461,-0,150.09763,-147.154539,2.94309079,1,0,0,0,0,0,0,0,0,0,0,0,0,0,0,150.09763,4.79015999,-1.85057561,1.86249591e-05,0,0,0,0,0,0,0,0,0,0,0,0,0,0,0,0,0,0,0,0,0,0,0,0,0,0,0,0,0,0,0,0,147.154539,0.0394669884,0.967696673,-0.00384051527,-0.113534285,-0.171277625,0.224999691,-1.51211678,-4.31409623,0.000207874053,1500,1500,1500,1500,1500,1500,1500,1500,0,0,0,0,0.02,0,0,0,0,0.02,0,0,0,0,0.02,0,0,0,0,0.02,0,0,0,0,1,0,0,0,0,1,0,0,0,0,1,0,0,0,0,1
299170.13,20.25,0,0,0,0,0,0,0.367101461,-0,150.09763,-147.154539,2.94309079,1,0,0,0,0,0,0,0,0,0,0,0,0,0,0,150.09763,4.79015999,-1.85057561,1.86249591e-05,0,0,0,0,0,0,0,0,0,0,0,0,0,0,0,0,0,0,0,0,0,0,0,0,0,0,0,0,0,0,0,0,147.154539,0.0394669884,0.967696673,-0.00384051527,-0.113534285,-0.171277625,0.224999691,-1.51211678,-4.31409623,0.000207874053,1500,1500,1500,1500,1500,1500,1500,1500,0,0,0,0,0.02,0,0,0,0,0.02,0,0,0,0,0.02,0,0,0,0,0.02,0,0,0,0,1,0,0,0,0,1,0,0,0,0,1,0,0,0,0,1
299170.184,20.3,0,0,0,0,0,0,0.367101461,-0,150.09763,-147.154539,2.94309079,1,0,0,0,0,0,0,0,0,0,0,0,0,0,0,150.09763,4.79015999,-1.85057561,1.86249591e-05,0,0,0,0,0,0,0,0,0,0,0,0,0,0,0,0,0,0,0,0,0,0,0,0,0,0,0,0,0,0,0,0,147.154539,0.0394669884,0.967696673,-0.00384051527,-0.113534285,-0.171277625,0.224999691,-1.51211678,-4.31409623,0.000207874053,1500,1500,1500,1500,1500,1500,1500,1500,0,0,0,0,0.02,0,0,0,0,0.02,0,0,0,0,0.02,0,0,0,0,0.02,0,0,0,0,1,0,0,0,0,1,0,0,0,0,1,0,0,0,0,1
299170.238,20.35,0,0,0,0,0,0,0.367101461,-0,150.09763,-147.154539,2.94309079,1,0,0,0,0,0,0,0,0,0,0,0,0,0,0,150.09763,4.79015999,-1.85057561,1.86249591e-05,0,0,0,0,0,0,0,0,0,0,0,0,0,0,0,0,0,0,0,0,0,0,0,0,0,0,0,0,0,0,0,0,147.154539,0.0394669884,0.967696673,-0.00384051527,-0.113534285,-0.171277625,0.224999691,-1.51211678,-4.31409623,0.000207874053,1500,1500,1500,1500,1500,1500,1500,1500,0,0,0,0,0.02,0,0,0,0,0.02,0,0,0,0,0.02,0,0,0,0,0.02,0,0,0,0,1,0,0,0,0,1,0,0,0,0,1,0,0,0,0,1
299170.289,20.4,0,0,0,0,0,0,0.367101461,-0,150.09763,-147.154539,2.94309079,1,0,0,0,0,0,0,0,0,0,0,0,0,0,0,150.09763,4.79015999,-1.85057561,1.86249591e-05,0,0,0,0,0,0,0,0,0,0,0,0,0,0,0,0,0,0,0,0,0,0,0,0,0,0,0,0,0,0,0,0,147.154539,0.0394669884,0.967696673,-0.00384051527,-0.113534285,-0.171277625,0.224999691,-1.51211678,-4.31409623,0.000207874053,1500,1500,1500,1500,1500,1500,1500,1500,0,0,0,0,0.02,0,0,0,0,0.02,0,0,0,0,0.02,0,0,0,0,0.02,0,0,0,0,1,0,0,0,0,1,0,0,0,0,1,0,0,0,0,1
299170.345,20.45,0,0,0,0,0,0,0.367101461,-0,150.09763,-147.154539,2.94309079,1,0,0,0,0,0,0,0,0,0,0,0,0,0,0,150.09763,4.79015999,-1.85057561,1.86249591e-05,0,0,0,0,0,0,0,0,0,0,0,0,0,0,0,0,0,0,0,0,0,0,0,0,0,0,0,0,0,0,0,0,147.154539,0.0394669884,0.967696673,-0.00384051527,-0.113534285,-0.171277625,0.224999691,-1.51211678,-4.31409623,0.000207874053,1500,1500,1500,1500,1500,1500,1500,1500,0,0,0,0,0.02,0,0,0,0,0.02,0,0,0,0,0.02,0,0,0,0,0.02,0,0,0,0,1,0,0,0,0,1,0,0,0,0,1,0,0,0,0,1
299170.398,20.5,0,0,0,0,0,0,0.367101461,-0,150.09763,-147.154539,2.94309079,1,0,0,0,0,0,0,0,0,0,0,0,0,0,0,150.09763,4.79015999,-1.85057561,1.86249591e-05,0,0,0,0,0,0,0,0,0,0,0,0,0,0,0,0,0,0,0,0,0,0,0,0,0,0,0,0,0,0,0,0,147.154539,0.0394669884,0.967696673,-0.00384051527,-0.113534285,-0.171277625,0.224999691,-1.51211678,-4.31409623,0.000207874053,1500,1500,1500,1500,1500,1500,1500,1500,0,0,0,0,0.02,0,0,0,0,0.02,0,0,0,0,0.02,0,0,0,0,0.02,0,0,0,0,1,0,0,0,0,1,0,0,0,0,1,0,0,0,0,1
299170.451,20.55,0,0,0,0,0,0,0.367101461,-0,150.09763,-147.154539,2.94309079,1,0,0,0,0,0,0,0,0,0,0,0,0,0,0,150.09763,4.79015999,-1.85057561,1.86249591e-05,0,0,0,0,0,0,0,0,0,0,0,0,0,0,0,0,0,0,0,0,0,0,0,0,0,0,0,0,0,0,0,0,147.154539,0.0394669884,0.967696673,-0.00384051527,-0.113534285,-0.171277625,0.224999691,-1.51211678,-4.31409623,0.000207874053,1500,1500,1500,1500,1500,1500,1500,1500,0,0,0,0,0.02,0,0,0,0,0.02,0,0,0,0,0.02,0,0,0,0,0.02,0,0,0,0,1,0,0,0,0,1,0,0,0,0,1,0,0,0,0,1
299170.503,20.6,0,0,0,0,0,0,0.367101461,-0,150.09763,-147.154539,2.94309079,1,0,0,0,0,0,0,0,0,0,0,0,0,0,0,150.09763,4.79015999,-1.85057561,1.86249591e-05,0,0,0,0,0,0,0,0,0,0,0,0,0,0,0,0,0,0,0,0,0,0,0,0,0,0,0,0,0,0,0,0,147.154539,0.0394669884,0.967696673,-0.00384051527,-0.113534285,-0.171277625,0.224999691,-1.51211678,-4.31409623,0.000207874053,1500,1500,1500,1500,1500,1500,1500,1500,0,0,0,0,0.02,0,0,0,0,0.02,0,0,0,0,0.02,0,0,0,0,0.02,0,0,0,0,1,0,0,0,0,1,0,0,0,0,1,0,0,0,0,1
299170.555,20.65,0,0,0,0,0,0,0.367101461,-0,150.09763,-147.154539,2.94309079,1,0,0,0,0,0,0,0,0,0,0,0,0,0,0,150.09763,4.79015999,-1.85057561,1.86249591e-05,0,0,0,0,0,0,0,0,0,0,0,0,0,0,0,0,0,0,0,0,0,0,0,0,0,0,0,0,0,0,0,0,147.154539,0.0394669884,0.967696673,-0.00384051527,-0.113534285,-0.171277625,0.224999691,-1.51211678,-4.31409623,0.000207874053,1500,1500,1500,1500,1500,1500,1500,1500,0,0,0,0,0.02,0,0,0,0,0.02,0,0,0,0,0.02,0,0,0,0,0.02,0,0,0,0,1,0,0,0,0,1,0,0,0,0,1,0,0,0,0,1
299170.609,20.7,0,0,0,0,0,0,0.367101461,-0,150.09763,-147.154539,2.94309079,1,0,0,0,0,0,0,0,0,0,0,0,0,0,0,150.09763,4.79015999,-1.85057561,1.86249591e-05,0,0,0,0,0,0,0,0,0,0,0,0,0,0,0,0,0,0,0,0,0,0,0,0,0,0,0,0,0,0,0,0,147.154539,0.0394669884,0.967696673,-0.00384051527,-0.113534285,-0.171277625,0.224999691,-1.51211678,-4.31409623,0.000207874053,1500,1500,1500,1500,1500,1500,1500,1500,0,0,0,0,0.02,0,0,0,0,0.02,0,0,0,0,0.02,0,0,0,0,0.02,0,0,0,0,1,0,0,0,0,1,0,0,0,0,1,0,0,0,0,1
299170.662,20.75,0,0,0,0,0,0,0.367101461,-0,150.09763,-147.154539,2.94309079,1,0,0,0,0,0,0,0,0,0,0,0,0,0,0,150.09763,4.79015999,-1.85057561,1.86249591e-05,0,0,0,0,0,0,0,0,0,0,0,0,0,0,0,0,0,0,0,0,0,0,0,0,0,0,0,0,0,0,0,0,147.154539,0.0394669884,0.967696673,-0.00384051527,-0.113534285,-0.171277625,0.224999691,-1.51211678,-4.31409623,0.000207874053,1500,1500,1500,1500,1500,1500,1500,1500,0,0,0,0,0.02,0,0,0,0,0.02,0,0,0,0,0.02,0,0,0,0,0.02,0,0,0,0,1,0,0,0,0,1,0,0,0,0,1,0,0,0,0,1
299170.713,20.8,0,0,0,0,0,0,0.367101461,-0,150.09763,-147.154539,2.94309079,1,0,0,0,0,0,0,0,0,0,0,0,0,0,0,150.09763,4.79015999,-1.85057561,1.86249591e-05,0,0,0,0,0,0,0,0,0,0,0,0,0,0,0,0,0,0,0,0,0,0,0,0,0,0,0,0,0,0,0,0,147.154539,0.0394669884,0.967696673,-0.00384051527,-0.113534285,-0.171277625,0.224999691,-1.51211678,-4.31409623,0.000207874053,1500,1500,1500,1500,1500,1500,1500,1500,0,0,0,0,0.02,0,0,0,0,0.02,0,0,0,0,0.02,0,0,0,0,0.02,0,0,0,0,1,0,0,0,0,1,0,0,0,0,1,0,0,0,0,1
299170.765,20.85,0,0,0,0,0,0,0.367101461,-0,150.09763,-147.154539,2.94309079,1,0,0,0,0,0,0,0,0,0,0,0,0,0,0,150.09763,4.79015999,-1.85057561,1.86249591e-05,0,0,0,0,0,0,0,0,0,0,0,0,0,0,0,0,0,0,0,0,0,0,0,0,0,0,0,0,0,0,0,0,147.154539,0.0394669884,0.967696673,-0.00384051527,-0.113534285,-0.171277625,0.224999691,-1.51211678,-4.31409623,0.000207874053,1500,1500,1500,1500,1500,1500,1500,1500,0,0,0,0,0.02,0,0,0,0,0.02,0,0,0,0,0.02,0,0,0,0,0.02,0,0,0,0,1,0,0,0,0,1,0,0,0,0,1,0,0,0,0,1
299170.817,20.9,0,0,0,0,0,0,0.367101461,-0,150.09763,-147.154539,2.94309079,1,0,0,0,0,0,0,0,0,0,0,0,0,0,0,150.09763,4.79015999,-1.85057561,1.86249591e-05,0,0,0,0,0,0,0,0,0,0,0,0,0,0,0,0,0,0,0,0,0,0,0,0,0,0,0,0,0,0,0,0,147.154539,0.0394669884,0.967696673,-0.00384051527,-0.113534285,-0.171277625,0.224999691,-1.51211678,-4.31409623,0.000207874053,1500,1500,1500,1500,1500,1500,1500,1500,0,0,0,0,0.02,0,0,0,0,0.02,0,0,0,0,0.02,0,0,0,0,0.02,0,0,0,0,1,0,0,0,0,1,0,0,0,0,1,0,0,0,0,1
299170.87,20.95,0,0,0,0,0,0,0.367101461,-0,150.09763,-147.154539,2.94309079,1,0,0,0,0,0,0,0,0,0,0,0,0,0,0,150.09763,4.79015999,-1.85057561,1.86249591e-05,0,0,0,0,0,0,0,0,0,0,0,0,0,0,0,0,0,0,0,0,0,0,0,0,0,0,0,0,0,0,0,0,147.154539,0.0394669884,0.967696673,-0.00384051527,-0.113534285,-0.171277625,0.224999691,-1.51211678,-4.31409623,0.000207874053,1500,1500,1500,1500,1500,1500,1500,1500,0,0,0,0,0.02,0,0,0,0,0.02,0,0,0,0,0.02,0,0,0,0,0.02,0,0,0,0,1,0,0,0,0,1,0,0,0,0,1,0,0,0,0,1
299170.921,21,0,0,0,0,0,0,0.367101461,-0,150.09763,-147.154539,2.94309079,1,0,0,0,0,0,0,0,0,0,0,0,0,0,0,150.09763,4.79015999,-1.85057561,1.86249591e-05,0,0,0,0,0,0,0,0,0,0,0,0,0,0,0,0,0,0,0,0,0,0,0,0,0,0,0,0,0,0,0,0,147.154539,0.0394669884,0.967696673,-0.00384051527,-0.113534285,-0.171277625,0.224999691,-1.51211678,-4.31409623,0.000207874053,1500,1500,1500,1500,1500,1500,1500,1500,0,0,0,0,0.02,0,0,0,0,0.02,0,0,0,0,0.02,0,0,0,0,0.02,0,0,0,0,1,0,0,0,0,1,0,0,0,0,1,0,0,0,0,1
299170.974,21.05,0,0,0,0,0,0,0.367101461,-0,150.09763,-147.154539,2.94309079,1,0,0,0,0,0,0,0,0,0,0,0,0,0,0,150.09763,4.79015999,-1.85057561,1.86249591e-05,0,0,0,0,0,0,0,0,0,0,0,0,0,0,0,0,0,0,0,0,0,0,0,0,0,0,0,0,0,0,0,0,147.154539,0.0394669884,0.967696673,-0.00384051527,-0.113534285,-0.171277625,0.224999691,-1.51211678,-4.31409623,0.000207874053,1500,1500,1500,1500,1500,1500,1500,1500,0,0,0,0,0.02,0,0,0,0,0.02,0,0,0,0,0.02,0,0,0,0,0.02,0,0,0,0,1,0,0,0,0,1,0,0,0,0,1,0,0,0,0,1
299171.025,21.1,0,0,0,0,0,0,0.367101461,-0,150.09763,-147.154539,2.94309079,1,0,0,0,0,0,0,0,0,0,0,0,0,0,0,150.09763,4.79015999,-1.85057561,1.86249591e-05,0,0,0,0,0,0,0,0,0,0,0,0,0,0,0,0,0,0,0,0,0,0,0,0,0,0,0,0,0,0,0,0,147.154539,0.0394669884,0.967696673,-0.00384051527,-0.113534285,-0.171277625,0.224999691,-1.51211678,-4.31409623,0.000207874053,1500,1500,1500,1500,1500,1500,1500,1500,0,0,0,0,0.02,0,0,0,0,0.02,0,0,0,0,0.02,0,0,0,0,0.02,0,0,0,0,1,0,0,0,0,1,0,0,0,0,1,0,0,0,0,1
299171.078,21.15,0,0,0,0,0,0,0.367101461,-0,150.09763,-147.154539,2.94309079,1,0,0,0,0,0,0,0,0,0,0,0,0,0,0,150.09763,4.79015999,-1.85057561,1.86249591e-05,0,0,0,0,0,0,0,0,0,0,0,0,0,0,0,0,0,0,0,0,0,0,0,0,0,0,0,0,0,0,0,0,147.154539,0.0394669884,0.967696673,-0.00384051527,-0.113534285,-0.171277625,0.224999691,-1.51211678,-4.31409623,0.000207874053,1500,1500,1500,1500,1500,1500,1500,1500,0,0,0,0,0.02,0,0,0,0,0.02,0,0,0,0,0.02,0,0,0,0,0.02,0,0,0,0,1,0,0,0,0,1,0,0,0,0,1,0,0,0,0,1
299171.131,21.2,0,0,0,0,0,0,0.367101461,-0,150.09763,-147.154539,2.94309079,1,0,0,0,0,0,0,0,0,0,0,0,0,0,0,150.09763,4.79015999,-1.85057561,1.86249591e-05,0,0,0,0,0,0,0,0,0,0,0,0,0,0,0,0,0,0,0,0,0,0,0,0,0,0,0,0,0,0,0,0,147.154539,0.0394669884,0.967696673,-0.00384051527,-0.113534285,-0.171277625,0.224999691,-1.51211678,-4.31409623,0.000207874053,1500,1500,1500,1500,1500,1500,1500,1500,0,0,0,0,0.02,0,0,0,0,0.02,0,0,0,0,0.02,0,0,0,0,0.02,0,0,0,0,1,0,0,0,0,1,0,0,0,0,1,0,0,0,0,1
299171.185,21.25,0,0,0,0,0,0,0.367101461,-0,150.09763,-147.154539,2.94309079,1,0,0,0,0,0,0,0,0,0,0,0,0,0,0,150.09763,4.79015999,-1.85057561,1.86249591e-05,0,0,0,0,0,0,0,0,0,0,0,0,0,0,0,0,0,0,0,0,0,0,0,0,0,0,0,0,0,0,0,0,147.154539,0.0394669884,0.967696673,-0.00384051527,-0.113534285,-0.171277625,0.224999691,-1.51211678,-4.31409623,0.000207874053,1500,1500,1500,1500,1500,1500,1500,1500,0,0,0,0,0.02,0,0,0,0,0.02,0,0,0,0,0.02,0,0,0,0,0.02,0,0,0,0,1,0,0,0,0,1,0,0,0,0,1,0,0,0,0,1
299171.237,21.3,0,0,0,0,0,0,0.367101461,-0,150.09763,-147.154539,2.94309079,1,0,0,0,0,0,0,0,0,0,0,0,0,0,0,150.09763,4.79015999,-1.85057561,1.86249591e-05,0,0,0,0,0,0,0,0,0,0,0,0,0,0,0,0,0,0,0,0,0,0,0,0,0,0,0,0,0,0,0,0,147.154539,0.0394669884,0.967696673,-0.00384051527,-0.113534285,-0.171277625,0.224999691,-1.51211678,-4.31409623,0.000207874053,1500,1500,1500,1500,1500,1500,1500,1500,0,0,0,0,0.02,0,0,0,0,0.02,0,0,0,0,0.02,0,0,0,0,0.02,0,0,0,0,1,0,0,0,0,1,0,0,0,0,1,0,0,0,0,1
299171.291,21.35,0,0,0,0,0,0,0.367101461,-0,150.09763,-147.154539,2.94309079,1,0,0,0,0,0,0,0,0,0,0,0,0,0,0,150.09763,4.79015999,-1.85057561,1.86249591e-05,0,0,0,0,0,0,0,0,0,0,0,0,0,0,0,0,0,0,0,0,0,0,0,0,0,0,0,0,0,0,0,0,147.154539,0.0394669884,0.967696673,-0.00384051527,-0.113534285,-0.171277625,0.224999691,-1.51211678,-4.31409623,0.000207874053,1500,1500,1500,1500,1500,1500,1500,1500,0,0,0,0,0.02,0,0,0,0,0.02,0,0,0,0,0.02,0,0,0,0,0.02,0,0,0,0,1,0,0,0,0,1,0,0,0,0,1,0,0,0,0,1
299171.343,21.4,0,0,0,0,0,0,0.367101461,-0,150.09763,-147.154539,2.94309079,1,0,0,0,0,0,0,0,0,0,0,0,0,0,0,150.09763,4.79015999,-1.85057561,1.86249591e-05,0,0,0,0,0,0,0,0,0,0,0,0,0,0,0,0,0,0,0,0,0,0,0,0,0,0,0,0,0,0,0,0,147.154539,0.0394669884,0.967696673,-0.00384051527,-0.113534285,-0.171277625,0.224999691,-1.51211678,-4.31409623,0.000207874053,1500,1500,1500,1500,1500,1500,1500,1500,0,0,0,0,0.02,0,0,0,0,0.02,0,0,0,0,0.02,0,0,0,0,0.02,0,0,0,0,1,0,0,0,0,1,0,0,0,0,1,0,0,0,0,1
299171.396,21.45,0,0,0,0,0,0,0.367101461,-0,150.09763,-147.154539,2.94309079,1,0,0,0,0,0,0,0,0,0,0,0,0,0,0,150.09763,4.79015999,-1.85057561,1.86249591e-05,0,0,0,0,0,0,0,0,0,0,0,0,0,0,0,0,0,0,0,0,0,0,0,0,0,0,0,0,0,0,0,0,147.154539,0.0394669884,0.967696673,-0.00384051527,-0.113534285,-0.171277625,0.224999691,-1.51211678,-4.31409623,0.000207874053,1500,1500,1500,1500,1500,1500,1500,1500,0,0,0,0,0.02,0,0,0,0,0.02,0,0,0,0,0.02,0,0,0,0,0.02,0,0,0,0,1,0,0,0,0,1,0,0,0,0,1,0,0,0,0,1
299171.447,21.5,0,0,0,0,0,0,0.367101461,-0,150.09763,-147.154539,2.94309079,1,0,0,0,0,0,0,0,0,0,0,0,0,0,0,150.09763,4.79015999,-1.85057561,1.86249591e-05,0,0,0,0,0,0,0,0,0,0,0,0,0,0,0,0,0,0,0,0,0,0,0,0,0,0,0,0,0,0,0,0,147.154539,0.0394669884,0.967696673,-0.00384051527,-0.113534285,-0.171277625,0.224999691,-1.51211678,-4.31409623,0.000207874053,1500,1500,1500,1500,1500,1500,1500,1500,0,0,0,0,0.02,0,0,0,0,0.02,0,0,0,0,0.02,0,0,0,0,0.02,0,0,0,0,1,0,0,0,0,1,0,0,0,0,1,0,0,0,0,1
299171.502,21.55,0,0,0,0,0,0,0.367101461,-0,150.09763,-147.154539,2.94309079,1,0,0,0,0,0,0,0,0,0,0,0,0,0,0,150.09763,4.79015999,-1.85057561,1.86249591e-05,0,0,0,0,0,0,0,0,0,0,0,0,0,0,0,0,0,0,0,0,0,0,0,0,0,0,0,0,0,0,0,0,147.154539,0.0394669884,0.967696673,-0.00384051527,-0.113534285,-0.171277625,0.224999691,-1.51211678,-4.31409623,0.000207874053,1500,1500,1500,1500,1500,1500,1500,1500,0,0,0,0,0.02,0,0,0,0,0.02,0,0,0,0,0.02,0,0,0,0,0.02,0,0,0,0,1,0,0,0,0,1,0,0,0,0,1,0,0,0,0,1
299171.553,21.6,0,0,0,0,0,0,0.367101461,-0,150.09763,-147.154539,2.94309079,1,0,0,0,0,0,0,0,0,0,0,0,0,0,0,150.09763,4.79015999,-1.85057561,1.86249591e-05,0,0,0,0,0,0,0,0,0,0,0,0,0,0,0,0,0,0,0,0,0,0,0,0,0,0,0,0,0,0,0,0,147.154539,0.0394669884,0.967696673,-0.00384051527,-0.113534285,-0.171277625,0.224999691,-1.51211678,-4.31409623,0.000207874053,1500,1500,1500,1500,1500,1500,1500,1500,0,0,0,0,0.02,0,0,0,0,0.02,0,0,0,0,0.02,0,0,0,0,0.02,0,0,0,0,1,0,0,0,0,1,0,0,0,0,1,0,0,0,0,1
299171.607,21.65,0,0,0,0,0,0,0.367101461,-0,150.09763,-147.154539,2.94309079,1,0,0,0,0,0,0,0,0,0,0,0,0,0,0,150.09763,4.79015999,-1.85057561,1.86249591e-05,0,0,0,0,0,0,0,0,0,0,0,0,0,0,0,0,0,0,0,0,0,0,0,0,0,0,0,0,0,0,0,0,147.154539,0.0394669884,0.967696673,-0.00384051527,-0.113534285,-0.171277625,0.224999691,-1.51211678,-4.31409623,0.000207874053,1500,1500,1500,1500,1500,1500,1500,1500,0,0,0,0,0.02,0,0,0,0,0.02,0,0,0,0,0.02,0,0,0,0,0.02,0,0,0,0,1,0,0,0,0,1,0,0,0,0,1,0,0,0,0,1
299171.659,21.7,0,0,0,0,0,0,0.367101461,-0,150.09763,-147.154539,2.94309079,1,0,0,0,0,0,0,0,0,0,0,0,0,0,0,150.09763,4.79015999,-1.85057561,1.86249591e-05,0,0,0,0,0,0,0,0,0,0,0,0,0,0,0,0,0,0,0,0,0,0,0,0,0,0,0,0,0,0,0,0,147.154539,0.0394669884,0.967696673,-0.00384051527,-0.113534285,-0.171277625,0.224999691,-1.51211678,-4.31409623,0.000207874053,1500,1500,1500,1500,1500,1500,1500,1500,0,0,0,0,0.02,0,0,0,0,0.02,0,0,0,0,0.02,0,0,0,0,0.02,0,0,0,0,1,0,0,0,0,1,0,0,0,0,1,0,0,0,0,1
299171.711,21.75,0,0,0,0,0,0,0.367101461,-0,150.09763,-147.154539,2.94309079,1,0,0,0,0,0,0,0,0,0,0,0,0,0,0,150.09763,4.79015999,-1.85057561,1.86249591e-05,0,0,0,0,0,0,0,0,0,0,0,0,0,0,0,0,0,0,0,0,0,0,0,0,0,0,0,0,0,0,0,0,147.154539,0.0394669884,0.967696673,-0.00384051527,-0.113534285,-0.171277625,0.224999691,-1.51211678,-4.31409623,0.000207874053,1500,1500,1500,1500,1500,1500,1500,1500,0,0,0,0,0.02,0,0,0,0,0.02,0,0,0,0,0.02,0,0,0,0,0.02,0,0,0,0,1,0,0,0,0,1,0,0,0,0,1,0,0,0,0,1
299171.762,21.8,0,0,0,0,0,0,0.367101461,-0,150.09763,-147.154539,2.94309079,1,0,0,0,0,0,0,0,0,0,0,0,0,0,0,150.09763,4.79015999,-1.85057561,1.86249591e-05,0,0,0,0,0,0,0,0,0,0,0,0,0,0,0,0,0,0,0,0,0,0,0,0,0,0,0,0,0,0,0,0,147.154539,0.0394669884,0.967696673,-0.00384051527,-0.113534285,-0.171277625,0.224999691,-1.51211678,-4.31409623,0.000207874053,1500,1500,1500,1500,1500,1500,1500,1500,0,0,0,0,0.02,0,0,0,0,0.02,0,0,0,0,0.02,0,0,0,0,0.02,0,0,0,0,1,0,0,0,0,1,0,0,0,0,1,0,0,0,0,1
299171.814,21.85,0,0,0,0,0,0,0.367101461,-0,150.09763,-147.154539,2.94309079,1,0,0,0,0,0,0,0,0,0,0,0,0,0,0,150.09763,4.79015999,-1.85057561,1.86249591e-05,0,0,0,0,0,0,0,0,0,0,0,0,0,0,0,0,0,0,0,0,0,0,0,0,0,0,0,0,0,0,0,0,147.154539,0.0394669884,0.967696673,-0.00384051527,-0.113534285,-0.171277625,0.224999691,-1.51211678,-4.31409623,0.000207874053,1500,1500,1500,1500,1500,1500,1500,1500,0,0,0,0,0.02,0,0,0,0,0.02,0,0,0,0,0.02,0,0,0,0,0.02,0,0,0,0,1,0,0,0,0,1,0,0,0,0,1,0,0,0,0,1
299171.866,21.9,0,0,0,0,0,0,0.367101461,-0,150.09763,-147.154539,2.94309079,1,0,0,0,0,0,0,0,0,0,0,0,0,0,0,150.09763,4.79015999,-1.85057561,1.86249591e-05,0,0,0,0,0,0,0,0,0,0,0,0,0,0,0,0,0,0,0,0,0,0,0,0,0,0,0,0,0,0,0,0,147.154539,0.0394669884,0.967696673,-0.00384051527,-0.113534285,-0.171277625,0.224999691,-1.51211678,-4.31409623,0.000207874053,1500,1500,1500,1500,1500,1500,1500,1500,0,0,0,0,0.02,0,0,0,0,0.02,0,0,0,0,0.02,0,0,0,0,0.02,0,0,0,0,1,0,0,0,0,1,0,0,0,0,1,0,0,0,0,1
299171.919,21.95,0,0,0,0,0,0,0.367101461,-0,150.09763,-147.154539,2.94309079,1,0,0,0,0,0,0,0,0,0,0,0,0,0,0,150.09763,4.79015999,-1.85057561,1.86249591e-05,0,0,0,0,0,0,0,0,0,0,0,0,0,0,0,0,0,0,0,0,0,0,0,0,0,0,0,0,0,0,0,0,147.154539,0.0394669884,0.967696673,-0.00384051527,-0.113534285,-0.171277625,0.224999691,-1.51211678,-4.31409623,0.000207874053,1500,1500,1500,1500,1500,1500,1500,1500,0,0,0,0,0.02,0,0,0,0,0.02,0,0,0,0,0.02,0,0,0,0,0.02,0,0,0,0,1,0,0,0,0,1,0,0,0,0,1,0,0,0,0,1
299171.97,22,0,0,0,0,0,0,0.367101461,-0,150.09763,-147.154539,2.94309079,1,0,0,0,0,0,0,0,0,0,0,0,0,0,0,150.09763,4.79015999,-1.85057561,1.86249591e-05,0,0,0,0,0,0,0,0,0,0,0,0,0,0,0,0,0,0,0,0,0,0,0,0,0,0,0,0,0,0,0,0,147.154539,0.0394669884,0.967696673,-0.00384051527,-0.113534285,-0.171277625,0.224999691,-1.51211678,-4.31409623,0.000207874053,1500,1500,1500,1500,1500,1500,1500,1500,0,0,0,0,0.02,0,0,0,0,0.02,0,0,0,0,0.02,0,0,0,0,0.02,0,0,0,0,1,0,0,0,0,1,0,0,0,0,1,0,0,0,0,1
299172.024,22.05,0,0,0,0,0,0,0.367101461,-0,150.09763,-147.154539,2.94309079,1,0,0,0,0,0,0,0,0,0,0,0,0,0,0,150.09763,4.79015999,-1.85057561,1.86249591e-05,0,0,0,0,0,0,0,0,0,0,0,0,0,0,0,0,0,0,0,0,0,0,0,0,0,0,0,0,0,0,0,0,147.154539,0.0394669884,0.967696673,-0.00384051527,-0.113534285,-0.171277625,0.224999691,-1.51211678,-4.31409623,0.000207874053,1500,1500,1500,1500,1500,1500,1500,1500,0,0,0,0,0.02,0,0,0,0,0.02,0,0,0,0,0.02,0,0,0,0,0.02,0,0,0,0,1,0,0,0,0,1,0,0,0,0,1,0,0,0,0,1
299172.076,22.1,0,0,0,0,0,0,0.367101461,-0,150.09763,-147.154539,2.94309079,1,0,0,0,0,0,0,0,0,0,0,0,0,0,0,150.09763,4.79015999,-1.85057561,1.86249591e-05,0,0,0,0,0,0,0,0,0,0,0,0,0,0,0,0,0,0,0,0,0,0,0,0,0,0,0,0,0,0,0,0,147.154539,0.0394669884,0.967696673,-0.00384051527,-0.113534285,-0.171277625,0.224999691,-1.51211678,-4.31409623,0.000207874053,1500,1500,1500,1500,1500,1500,1500,1500,0,0,0,0,0.02,0,0,0,0,0.02,0,0,0,0,0.02,0,0,0,0,0.02,0,0,0,0,1,0,0,0,0,1,0,0,0,0,1,0,0,0,0,1
299172.13,22.15,0,0,0,0,0,0,0.367101461,-0,150.09763,-147.154539,2.94309079,1,0,0,0,0,0,0,0,0,0,0,0,0,0,0,150.09763,4.79015999,-1.85057561,1.86249591e-05,0,0,0,0,0,0,0,0,0,0,0,0,0,0,0,0,0,0,0,0,0,0,0,0,0,0,0,0,0,0,0,0,147.154539,0.0394669884,0.967696673,-0.00384051527,-0.113534285,-0.171277625,0.224999691,-1.51211678,-4.31409623,0.000207874053,1500,1500,1500,1500,1500,1500,1500,1500,0,0,0,0,0.02,0,0,0,0,0.02,0,0,0,0,0.02,0,0,0,0,0.02,0,0,0,0,1,0,0,0,0,1,0,0,0,0,1,0,0,0,0,1
299172.183,22.2,0,0,0,0,0,0,0.367101461,-0,150.09763,-147.154539,2.94309079,1,0,0,0,0,0,0,0,0,0,0,0,0,0,0,150.09763,4.79015999,-1.85057561,1.86249591e-05,0,0,0,0,0,0,0,0,0,0,0,0,0,0,0,0,0,0,0,0,0,0,0,0,0,0,0,0,0,0,0,0,147.154539,0.0394669884,0.967696673,-0.00384051527,-0.113534285,-0.171277625,0.224999691,-1.51211678,-4.31409623,0.000207874053,1500,1500,1500,1500,1500,1500,1500,1500,0,0,0,0,0.02,0,0,0,0,0.02,0,0,0,0,0.02,0,0,0,0,0.02,0,0,0,0,1,0,0,0,0,1,0,0,0,0,1,0,0,0,0,1
299172.236,22.25,0,0,0,0,0,0,0.367101461,-0,150.09763,-147.154539,2.94309079,1,0,0,0,0,0,0,0,0,0,0,0,0,0,0,150.09763,4.79015999,-1.85057561,1.86249591e-05,0,0,0,0,0,0,0,0,0,0,0,0,0,0,0,0,0,0,0,0,0,0,0,0,0,0,0,0,0,0,0,0,147.154539,0.0394669884,0.967696673,-0.00384051527,-0.113534285,-0.171277625,0.224999691,-1.51211678,-4.31409623,0.000207874053,1500,1500,1500,1500,1500,1500,1500,1500,0,0,0,0,0.02,0,0,0,0,0.02,0,0,0,0,0.02,0,0,0,0,0.02,0,0,0,0,1,0,0,0,0,1,0,0,0,0,1,0,0,0,0,1
299172.288,22.3,0,0,0,0,0,0,0.367101461,-0,150.09763,-147.154539,2.94309079,1,0,0,0,0,0,0,0,0,0,0,0,0,0,0,150.09763,4.79015999,-1.85057561,1.86249591e-05,0,0,0,0,0,0,0,0,0,0,0,0,0,0,0,0,0,0,0,0,0,0,0,0,0,0,0,0,0,0,0,0,147.154539,0.0394669884,0.967696673,-0.00384051527,-0.113534285,-0.171277625,0.224999691,-1.51211678,-4.31409623,0.000207874053,1500,1500,1500,1500,1500,1500,1500,1500,0,0,0,0,0.02,0,0,0,0,0.02,0,0,0,0,0.02,0,0,0,0,0.02,0,0,0,0,1,0,0,0,0,1,0,0,0,0,1,0,0,0,0,1
299172.342,22.35,0,0,0,0,0,0,0.367101461,-0,150.09763,-147.154539,2.94309079,1,0,0,0,0,0,0,0,0,0,0,0,0,0,0,150.09763,4.79015999,-1.85057561,1.86249591e-05,0,0,0,0,0,0,0,0,0,0,0,0,0,0,0,0,0,0,0,0,0,0,0,0,0,0,0,0,0,0,0,0,147.154539,0.0394669884,0.967696673,-0.00384051527,-0.113534285,-0.171277625,0.224999691,-1.51211678,-4.31409623,0.000207874053,1500,1500,1500,1500,1500,1500,1500,1500,0,0,0,0,0.02,0,0,0,0,0.02,0,0,0,0,0.02,0,0,0,0,0.02,0,0,0,0,1,0,0,0,0,1,0,0,0,0,1,0,0,0,0,1
299172.396,22.4,0,0,0,0,0,0,0.367101461,-0,150.09763,-147.154539,2.94309079,1,0,0,0,0,0,0,0,0,0,0,0,0,0,0,150.09763,4.79015999,-1.85057561,1.86249591e-05,0,0,0,0,0,0,0,0,0,0,0,0,0,0,0,0,0,0,0,0,0,0,0,0,0,0,0,0,0,0,0,0,147.154539,0.0394669884,0.967696673,-0.00384051527,-0.113534285,-0.171277625,0.224999691,-1.51211678,-4.31409623,0.000207874053,1500,1500,1500,1500,1500,1500,1500,1500,0,0,0,0,0.02,0,0,0,0,0.02,0,0,0,0,0.02,0,0,0,0,0.02,0,0,0,0,1,0,0,0,0,1,0,0,0,0,1,0,0,0,0,1
299172.451,22.45,0,0,0,0,0,0,0.367101461,-0,150.09763,-147.154539,2.94309079,1,0,0,0,0,0,0,0,0,0,0,0,0,0,0,150.09763,4.79015999,-1.85057561,1.86249591e-05,0,0,0,0,0,0,0,0,0,0,0,0,0,0,0,0,0,0,0,0,0,0,0,0,0,0,0,0,0,0,0,0,147.154539,0.0394669884,0.967696673,-0.00384051527,-0.113534285,-0.171277625,0.224999691,-1.51211678,-4.31409623,0.000207874053,1500,1500,1500,1500,1500,1500,1500,1500,0,0,0,0,0.02,0,0,0,0,0.02,0,0,0,0,0.02,0,0,0,0,0.02,0,0,0,0,1,0,0,0,0,1,0,0,0,0,1,0,0,0,0,1
299172.503,22.5,0,0,0,0,0,0,0.367101461,-0,150.09763,-147.154539,2.94309079,1,0,0,0,0,0,0,0,0,0,0,0,0,0,0,150.09763,4.79015999,-1.85057561,1.86249591e-05,0,0,0,0,0,0,0,0,0,0,0,0,0,0,0,0,0,0,0,0,0,0,0,0,0,0,0,0,0,0,0,0,147.154539,0.0394669884,0.967696673,-0.00384051527,-0.113534285,-0.171277625,0.224999691,-1.51211678,-4.31409623,0.000207874053,1500,1500,1500,1500,1500,1500,1500,1500,0,0,0,0,0.02,0,0,0,0,0.02,0,0,0,0,0.02,0,0,0,0,0.02,0,0,0,0,1,0,0,0,0,1,0,0,0,0,1,0,0,0,0,1
299172.555,22.55,0,0,0,0,0,0,0.367101461,-0,150.09763,-147.154539,2.94309079,1,0,0,0,0,0,0,0,0,0,0,0,0,0,0,150.09763,4.79015999,-1.85057561,1.86249591e-05,0,0,0,0,0,0,0,0,0,0,0,0,0,0,0,0,0,0,0,0,0,0,0,0,0,0,0,0,0,0,0,0,147.154539,0.0394669884,0.967696673,-0.00384051527,-0.113534285,-0.171277625,0.224999691,-1.51211678,-4.31409623,0.000207874053,1500,1500,1500,1500,1500,1500,1500,1500,0,0,0,0,0.02,0,0,0,0,0.02,0,0,0,0,0.02,0,0,0,0,0.02,0,0,0,0,1,0,0,0,0,1,0,0,0,0,1,0,0,0,0,1
299172.607,22.6,0,0,0,0,0,0,0.367101461,-0,150.09763,-147.154539,2.94309079,1,0,0,0,0,0,0,0,0,0,0,0,0,0,0,150.09763,4.79015999,-1.85057561,1.86249591e-05,0,0,0,0,0,0,0,0,0,0,0,0,0,0,0,0,0,0,0,0,0,0,0,0,0,0,0,0,0,0,0,0,147.154539,0.0394669884,0.967696673,-0.00384051527,-0.113534285,-0.171277625,0.224999691,-1.51211678,-4.31409623,0.000207874053,1500,1500,1500,1500,1500,1500,1500,1500,0,0,0,0,0.02,0,0,0,0,0.02,0,0,0,0,0.02,0,0,0,0,0.02,0,0,0,0,1,0,0,0,0,1,0,0,0,0,1,0,0,0,0,1
299172.662,22.65,0,0,0,0,0,0,0.367101461,-0,150.09763,-147.154539,2.94309079,1,0,0,0,0,0,0,0,0,0,0,0,0,0,0,150.09763,4.79015999,-1.85057561,1.86249591e-05,0,0,0,0,0,0,0,0,0,0,0,0,0,0,0,0,0,0,0,0,0,0,0,0,0,0,0,0,0,0,0,0,147.154539,0.0394669884,0.967696673,-0.00384051527,-0.113534285,-0.171277625,0.224999691,-1.51211678,-4.31409623,0.000207874053,1500,1500,1500,1500,1500,1500,1500,1500,0,0,0,0,0.02,0,0,0,0,0.02,0,0,0,0,0.02,0,0,0,0,0.02,0,0,0,0,1,0,0,0,0,1,0,0,0,0,1,0,0,0,0,1
299172.715,22.7,0,0,0,0,0,0,0.367101461,-0,150.09763,-147.154539,2.94309079,1,0,0,0,0,0,0,0,0,0,0,0,0,0,0,150.09763,4.79015999,-1.85057561,1.86249591e-05,0,0,0,0,0,0,0,0,0,0,0,0,0,0,0,0,0,0,0,0,0,0,0,0,0,0,0,0,0,0,0,0,147.154539,0.0394669884,0.967696673,-0.00384051527,-0.113534285,-0.171277625,0.224999691,-1.51211678,-4.31409623,0.000207874053,1500,1500,1500,1500,1500,1500,1500,1500,0,0,0,0,0.02,0,0,0,0,0.02,0,0,0,0,0.02,0,0,0,0,0.02,0,0,0,0,1,0,0,0,0,1,0,0,0,0,1,0,0,0,0,1
299172.768,22.75,0,0,0,0,0,0,0.367101461,-0,150.09763,-147.154539,2.94309079,1,0,0,0,0,0,0,0,0,0,0,0,0,0,0,150.09763,4.79015999,-1.85057561,1.86249591e-05,0,0,0,0,0,0,0,0,0,0,0,0,0,0,0,0,0,0,0,0,0,0,0,0,0,0,0,0,0,0,0,0,147.154539,0.0394669884,0.967696673,-0.00384051527,-0.113534285,-0.171277625,0.224999691,-1.51211678,-4.31409623,0.000207874053,1500,1500,1500,1500,1500,1500,1500,1500,0,0,0,0,0.02,0,0,0,0,0.02,0,0,0,0,0.02,0,0,0,0,0.02,0,0,0,0,1,0,0,0,0,1,0,0,0,0,1,0,0,0,0,1
299172.82,22.8,0,0,0,0,0,0,0.367101461,-0,150.09763,-147.154539,2.94309079,1,0,0,0,0,0,0,0,0,0,0,0,0,0,0,150.09763,4.79015999,-1.85057561,1.86249591e-05,0,0,0,0,0,0,0,0,0,0,0,0,0,0,0,0,0,0,0,0,0,0,0,0,0,0,0,0,0,0,0,0,147.154539,0.0394669884,0.967696673,-0.00384051527,-0.113534285,-0.171277625,0.224999691,-1.51211678,-4.31409623,0.000207874053,1500,1500,1500,1500,1500,1500,1500,1500,0,0,0,0,0.02,0,0,0,0,0.02,0,0,0,0,0.02,0,0,0,0,0.02,0,0,0,0,1,0,0,0,0,1,0,0,0,0,1,0,0,0,0,1
299172.874,22.85,0,0,0,0,0,0,0.367101461,-0,150.09763,-147.154539,2.94309079,1,0,0,0,0,0,0,0,0,0,0,0,0,0,0,150.09763,4.79015999,-1.85057561,1.86249591e-05,0,0,0,0,0,0,0,0,0,0,0,0,0,0,0,0,0,0,0,0,0,0,0,0,0,0,0,0,0,0,0,0,147.154539,0.0394669884,0.967696673,-0.00384051527,-0.113534285,-0.171277625,0.224999691,-1.51211678,-4.31409623,0.000207874053,1500,1500,1500,1500,1500,1500,1500,1500,0,0,0,0,0.02,0,0,0,0,0.02,0,0,0,0,0.02,0,0,0,0,0.02,0,0,0,0,1,0,0,0,0,1,0,0,0,0,1,0,0,0,0,1
299172.926,22.9,0,0,0,0,0,0,0.367101461,-0,150.09763,-147.154539,2.94309079,1,0,0,0,0,0,0,0,0,0,0,0,0,0,0,150.09763,4.79015999,-1.85057561,1.86249591e-05,0,0,0,0,0,0,0,0,0,0,0,0,0,0,0,0,0,0,0,0,0,0,0,0,0,0,0,0,0,0,0,0,147.154539,0.0394669884,0.967696673,-0.00384051527,-0.113534285,-0.171277625,0.224999691,-1.51211678,-4.31409623,0.000207874053,1500,1500,1500,1500,1500,1500,1500,1500,0,0,0,0,0.02,0,0,0,0,0.02,0,0,0,0,0.02,0,0,0,0,0.02,0,0,0,0,1,0,0,0,0,1,0,0,0,0,1,0,0,0,0,1
299172.979,22.95,0,0,0,0,0,0,0.367101461,-0,150.09763,-147.154539,2.94309079,1,0,0,0,0,0,0,0,0,0,0,0,0,0,0,150.09763,4.79015999,-1.85057561,1.86249591e-05,0,0,0,0,0,0,0,0,0,0,0,0,0,0,0,0,0,0,0,0,0,0,0,0,0,0,0,0,0,0,0,0,147.154539,0.0394669884,0.967696673,-0.00384051527,-0.113534285,-0.171277625,0.224999691,-1.51211678,-4.31409623,0.000207874053,1500,1500,1500,1500,1500,1500,1500,1500,0,0,0,0,0.02,0,0,0,0,0.02,0,0,0,0,0.02,0,0,0,0,0.02,0,0,0,0,1,0,0,0,0,1,0,0,0,0,1,0,0,0,0,1
299173.03,23,0,0,0,0,0,0,0.367101461,-0,150.09763,-147.154539,2.94309079,1,0,0,0,0,0,0,0,0,0,0,0,0,0,0,150.09763,4.79015999,-1.85057561,1.86249591e-05,0,0,0,0,0,0,0,0,0,0,0,0,0,0,0,0,0,0,0,0,0,0,0,0,0,0,0,0,0,0,0,0,147.154539,0.0394669884,0.967696673,-0.00384051527,-0.113534285,-0.171277625,0.224999691,-1.51211678,-4.31409623,0.000207874053,1500,1500,1500,1500,1500,1500,1500,1500,0,0,0,0,0.02,0,0,0,0,0.02,0,0,0,0,0.02,0,0,0,0,0.02,0,0,0,0,1,0,0,0,0,1,0,0,0,0,1,0,0,0,0,1
299173.082,23.05,0,0,0,0,0,0,0.367101461,-0,150.09763,-147.154539,2.94309079,1,0,0,0,0,0,0,0,0,0,0,0,0,0,0,150.09763,4.79015999,-1.85057561,1.86249591e-05,0,0,0,0,0,0,0,0,0,0,0,0,0,0,0,0,0,0,0,0,0,0,0,0,0,0,0,0,0,0,0,0,147.154539,0.0394669884,0.967696673,-0.00384051527,-0.113534285,-0.171277625,0.224999691,-1.51211678,-4.31409623,0.000207874053,1500,1500,1500,1500,1500,1500,1500,1500,0,0,0,0,0.02,0,0,0,0,0.02,0,0,0,0,0.02,0,0,0,0,0.02,0,0,0,0,1,0,0,0,0,1,0,0,0,0,1,0,0,0,0,1
299173.136,23.1,0,0,0,0,0,0,0.367101461,-0,150.09763,-147.154539,2.94309079,1,0,0,0,0,0,0,0,0,0,0,0,0,0,0,150.09763,4.79015999,-1.85057561,1.86249591e-05,0,0,0,0,0,0,0,0,0,0,0,0,0,0,0,0,0,0,0,0,0,0,0,0,0,0,0,0,0,0,0,0,147.154539,0.0394669884,0.967696673,-0.00384051527,-0.113534285,-0.171277625,0.224999691,-1.51211678,-4.31409623,0.000207874053,1500,1500,1500,1500,1500,1500,1500,1500,0,0,0,0,0.02,0,0,0,0,0.02,0,0,0,0,0.02,0,0,0,0,0.02,0,0,0,0,1,0,0,0,0,1,0,0,0,0,1,0,0,0,0,1
299173.188,23.15,0,0,0,0,0,0,0.367101461,-0,150.09763,-147.154539,2.94309079,1,0,0,0,0,0,0,0,0,0,0,0,0,0,0,150.09763,4.79015999,-1.85057561,1.86249591e-05,0,0,0,0,0,0,0,0,0,0,0,0,0,0,0,0,0,0,0,0,0,0,0,0,0,0,0,0,0,0,0,0,147.154539,0.0394669884,0.967696673,-0.00384051527,-0.113534285,-0.171277625,0.224999691,-1.51211678,-4.31409623,0.000207874053,1500,1500,1500,1500,1500,1500,1500,1500,0,0,0,0,0.02,0,0,0,0,0.02,0,0,0,0,0.02,0,0,0,0,0.02,0,0,0,0,1,0,0,0,0,1,0,0,0,0,1,0,0,0,0,1
299173.241,23.2,0,0,0,0,0,0,0.367101461,-0,150.09763,-147.154539,2.94309079,1,0,0,0,0,0,0,0,0,0,0,0,0,0,0,150.09763,4.79015999,-1.85057561,1.86249591e-05,0,0,0,0,0,0,0,0,0,0,0,0,0,0,0,0,0,0,0,0,0,0,0,0,0,0,0,0,0,0,0,0,147.154539,0.0394669884,0.967696673,-0.00384051527,-0.113534285,-0.171277625,0.224999691,-1.51211678,-4.31409623,0.000207874053,1500,1500,1500,1500,1500,1500,1500,1500,0,0,0,0,0.02,0,0,0,0,0.02,0,0,0,0,0.02,0,0,0,0,0.02,0,0,0,0,1,0,0,0,0,1,0,0,0,0,1,0,0,0,0,1
299173.293,23.25,0,0,0,0,0,0,0.367101461,-0,150.09763,-147.154539,2.94309079,1,0,0,0,0,0,0,0,0,0,0,0,0,0,0,150.09763,4.79015999,-1.85057561,1.86249591e-05,0,0,0,0,0,0,0,0,0,0,0,0,0,0,0,0,0,0,0,0,0,0,0,0,0,0,0,0,0,0,0,0,147.154539,0.0394669884,0.967696673,-0.00384051527,-0.113534285,-0.171277625,0.224999691,-1.51211678,-4.31409623,0.000207874053,1500,1500,1500,1500,1500,1500,1500,1500,0,0,0,0,0.02,0,0,0,0,0.02,0,0,0,0,0.02,0,0,0,0,0.02,0,0,0,0,1,0,0,0,0,1,0,0,0,0,1,0,0,0,0,1
299173.347,23.3,0,0,0,0,0,0,0.367101461,-0,150.09763,-147.154539,2.94309079,1,0,0,0,0,0,0,0,0,0,0,0,0,0,0,150.09763,4.79015999,-1.85057561,1.86249591e-05,0,0,0,0,0,0,0,0,0,0,0,0,0,0,0,0,0,0,0,0,0,0,0,0,0,0,0,0,0,0,0,0,147.154539,0.0394669884,0.967696673,-0.00384051527,-0.113534285,-0.171277625,0.224999691,-1.51211678,-4.31409623,0.000207874053,1500,1500,1500,1500,1500,1500,1500,1500,0,0,0,0,0.02,0,0,0,0,0.02,0,0,0,0,0.02,0,0,0,0,0.02,0,0,0,0,1,0,0,0,0,1,0,0,0,0,1,0,0,0,0,1
299173.399,23.35,0,0,0,0,0,0,0.367101461,-0,150.09763,-147.154539,2.94309079,1,0,0,0,0,0,0,0,0,0,0,0,0,0,0,150.09763,4.79015999,-1.85057561,1.86249591e-05,0,0,0,0,0,0,0,0,0,0,0,0,0,0,0,0,0,0,0,0,0,0,0,0,0,0,0,0,0,0,0,0,147.154539,0.0394669884,0.967696673,-0.00384051527,-0.113534285,-0.171277625,0.224999691,-1.51211678,-4.31409623,0.000207874053,1500,1500,1500,1500,1500,1500,1500,1500,0,0,0,0,0.02,0,0,0,0,0.02,0,0,0,0,0.02,0,0,0,0,0.02,0,0,0,0,1,0,0,0,0,1,0,0,0,0,1,0,0,0,0,1
299173.451,23.4,0,0,0,0,0,0,0.367101461,-0,150.09763,-147.154539,2.94309079,1,0,0,0,0,0,0,0,0,0,0,0,0,0,0,150.09763,4.79015999,-1.85057561,1.86249591e-05,0,0,0,0,0,0,0,0,0,0,0,0,0,0,0,0,0,0,0,0,0,0,0,0,0,0,0,0,0,0,0,0,147.154539,0.0394669884,0.967696673,-0.00384051527,-0.113534285,-0.171277625,0.224999691,-1.51211678,-4.31409623,0.000207874053,1500,1500,1500,1500,1500,1500,1500,1500,0,0,0,0,0.02,0,0,0,0,0.02,0,0,0,0,0.02,0,0,0,0,0.02,0,0,0,0,1,0,0,0,0,1,0,0,0,0,1,0,0,0,0,1
299173.504,23.45,0,0,0,0,0,0,0.367101461,-0,150.09763,-147.154539,2.94309079,1,0,0,0,0,0,0,0,0,0,0,0,0,0,0,150.09763,4.79015999,-1.85057561,1.86249591e-05,0,0,0,0,0,0,0,0,0,0,0,0,0,0,0,0,0,0,0,0,0,0,0,0,0,0,0,0,0,0,0,0,147.154539,0.0394669884,0.967696673,-0.00384051527,-0.113534285,-0.171277625,0.224999691,-1.51211678,-4.31409623,0.000207874053,1500,1500,1500,1500,1500,1500,1500,1500,0,0,0,0,0.02,0,0,0,0,0.02,0,0,0,0,0.02,0,0,0,0,0.02,0,0,0,0,1,0,0,0,0,1,0,0,0,0,1,0,0,0,0,1
299173.556,23.5,0,0,0,0,0,0,0.367101461,-0,150.09763,-147.154539,2.94309079,1,0,0,0,0,0,0,0,0,0,0,0,0,0,0,150.09763,4.79015999,-1.85057561,1.86249591e-05,0,0,0,0,0,0,0,0,0,0,0,0,0,0,0,0,0,0,0,0,0,0,0,0,0,0,0,0,0,0,0,0,147.154539,0.0394669884,0.967696673,-0.00384051527,-0.113534285,-0.171277625,0.224999691,-1.51211678,-4.31409623,0.000207874053,1500,1500,1500,1500,1500,1500,1500,1500,0,0,0,0,0.02,0,0,0,0,0.02,0,0,0,0,0.02,0,0,0,0,0.02,0,0,0,0,1,0,0,0,0,1,0,0,0,0,1,0,0,0,0,1
299173.61,23.55,0,0,0,0,0,0,0.367101461,-0,150.09763,-147.154539,2.94309079,1,0,0,0,0,0,0,0,0,0,0,0,0,0,0,150.09763,4.79015999,-1.85057561,1.86249591e-05,0,0,0,0,0,0,0,0,0,0,0,0,0,0,0,0,0,0,0,0,0,0,0,0,0,0,0,0,0,0,0,0,147.154539,0.0394669884,0.967696673,-0.00384051527,-0.113534285,-0.171277625,0.224999691,-1.51211678,-4.31409623,0.000207874053,1500,1500,1500,1500,1500,1500,1500,1500,0,0,0,0,0.02,0,0,0,0,0.02,0,0,0,0,0.02,0,0,0,0,0.02,0,0,0,0,1,0,0,0,0,1,0,0,0,0,1,0,0,0,0,1
299173.664,23.6,0,0,0,0,0,0,0.367101461,-0,150.09763,-147.154539,2.94309079,1,0,0,0,0,0,0,0,0,0,0,0,0,0,0,150.09763,4.79015999,-1.85057561,1.86249591e-05,0,0,0,0,0,0,0,0,0,0,0,0,0,0,0,0,0,0,0,0,0,0,0,0,0,0,0,0,0,0,0,0,147.154539,0.0394669884,0.967696673,-0.00384051527,-0.113534285,-0.171277625,0.224999691,-1.51211678,-4.31409623,0.000207874053,1500,1500,1500,1500,1500,1500,1500,1500,0,0,0,0,0.02,0,0,0,0,0.02,0,0,0,0,0.02,0,0,0,0,0.02,0,0,0,0,1,0,0,0,0,1,0,0,0,0,1,0,0,0,0,1
299173.717,23.65,0,0,0,0,0,0,0.367101461,-0,150.09763,-147.154539,2.94309079,1,0,0,0,0,0,0,0,0,0,0,0,0,0,0,150.09763,4.79015999,-1.85057561,1.86249591e-05,0,0,0,0,0,0,0,0,0,0,0,0,0,0,0,0,0,0,0,0,0,0,0,0,0,0,0,0,0,0,0,0,147.154539,0.0394669884,0.967696673,-0.00384051527,-0.113534285,-0.171277625,0.224999691,-1.51211678,-4.31409623,0.000207874053,1500,1500,1500,1500,1500,1500,1500,1500,0,0,0,0,0.02,0,0,0,0,0.02,0,0,0,0,0.02,0,0,0,0,0.02,0,0,0,0,1,0,0,0,0,1,0,0,0,0,1,0,0,0,0,1
299173.773,23.7,0,0,0,0,0,0,0.367101461,-0,150.09763,-147.154539,2.94309079,1,0,0,0,0,0,0,0,0,0,0,0,0,0,0,150.09763,4.79015999,-1.85057561,1.86249591e-05,0,0,0,0,0,0,0,0,0,0,0,0,0,0,0,0,0,0,0,0,0,0,0,0,0,0,0,0,0,0,0,0,147.154539,0.0394669884,0.967696673,-0.00384051527,-0.113534285,-0.171277625,0.224999691,-1.51211678,-4.31409623,0.000207874053,1500,1500,1500,1500,1500,1500,1500,1500,0,0,0,0,0.02,0,0,0,0,0.02,0,0,0,0,0.02,0,0,0,0,0.02,0,0,0,0,1,0,0,0,0,1,0,0,0,0,1,0,0,0,0,1
299173.827,23.75,0,0,0,0,0,0,0.367101461,-0,150.09763,-147.154539,2.94309079,1,0,0,0,0,0,0,0,0,0,0,0,0,0,0,150.09763,4.79015999,-1.85057561,1.86249591e-05,0,0,0,0,0,0,0,0,0,0,0,0,0,0,0,0,0,0,0,0,0,0,0,0,0,0,0,0,0,0,0,0,147.154539,0.0394669884,0.967696673,-0.00384051527,-0.113534285,-0.171277625,0.224999691,-1.51211678,-4.31409623,0.000207874053,1500,1500,1500,1500,1500,1500,1500,1500,0,0,0,0,0.02,0,0,0,0,0.02,0,0,0,0,0.02,0,0,0,0,0.02,0,0,0,0,1,0,0,0,0,1,0,0,0,0,1,0,0,0,0,1
299173.882,23.8,0,0,0,0,0,0,0.367101461,-0,150.09763,-147.154539,2.94309079,1,0,0,0,0,0,0,0,0,0,0,0,0,0,0,150.09763,4.79015999,-1.85057561,1.86249591e-05,0,0,0,0,0,0,0,0,0,0,0,0,0,0,0,0,0,0,0,0,0,0,0,0,0,0,0,0,0,0,0,0,147.154539,0.0394669884,0.967696673,-0.00384051527,-0.113534285,-0.171277625,0.224999691,-1.51211678,-4.31409623,0.000207874053,1500,1500,1500,1500,1500,1500,1500,1500,0,0,0,0,0.02,0,0,0,0,0.02,0,0,0,0,0.02,0,0,0,0,0.02,0,0,0,0,1,0,0,0,0,1,0,0,0,0,1,0,0,0,0,1
299173.937,23.85,0,0,0,0,0,0,0.367101461,-0,150.09763,-147.154539,2.94309079,1,0,0,0,0,0,0,0,0,0,0,0,0,0,0,150.09763,4.79015999,-1.85057561,1.86249591e-05,0,0,0,0,0,0,0,0,0,0,0,0,0,0,0,0,0,0,0,0,0,0,0,0,0,0,0,0,0,0,0,0,147.154539,0.0394669884,0.967696673,-0.00384051527,-0.113534285,-0.171277625,0.224999691,-1.51211678,-4.31409623,0.000207874053,1500,1500,1500,1500,1500,1500,1500,1500,0,0,0,0,0.02,0,0,0,0,0.02,0,0,0,0,0.02,0,0,0,0,0.02,0,0,0,0,1,0,0,0,0,1,0,0,0,0,1,0,0,0,0,1
299173.989,23.9,0,0,0,0,0,0,0.367101461,-0,150.09763,-147.154539,2.94309079,1,0,0,0,0,0,0,0,0,0,0,0,0,0,0,150.09763,4.79015999,-1.85057561,1.86249591e-05,0,0,0,0,0,0,0,0,0,0,0,0,0,0,0,0,0,0,0,0,0,0,0,0,0,0,0,0,0,0,0,0,147.154539,0.0394669884,0.967696673,-0.00384051527,-0.113534285,-0.171277625,0.224999691,-1.51211678,-4.31409623,0.000207874053,1500,1500,1500,1500,1500,1500,1500,1500,0,0,0,0,0.02,0,0,0,0,0.02,0,0,0,0,0.02,0,0,0,0,0.02,0,0,0,0,1,0,0,0,0,1,0,0,0,0,1,0,0,0,0,1
299174.042,23.95,0,0,0,0,0,0,0.367101461,-0,150.09763,-147.154539,2.94309079,1,0,0,0,0,0,0,0,0,0,0,0,0,0,0,150.09763,4.79015999,-1.85057561,1.86249591e-05,0,0,0,0,0,0,0,0,0,0,0,0,0,0,0,0,0,0,0,0,0,0,0,0,0,0,0,0,0,0,0,0,147.154539,0.0394669884,0.967696673,-0.00384051527,-0.113534285,-0.171277625,0.224999691,-1.51211678,-4.31409623,0.000207874053,1500,1500,1500,1500,1500,1500,1500,1500,0,0,0,0,0.02,0,0,0,0,0.02,0,0,0,0,0.02,0,0,0,0,0.02,0,0,0,0,1,0,0,0,0,1,0,0,0,0,1,0,0,0,0,1
299174.094,24,0,0,0,0,0,0,0.367101461,-0,150.09763,-147.154539,2.94309079,1,0,0,0,0,0,0,0,0,0,0,0,0,0,0,150.09763,4.79015999,-1.85057561,1.86249591e-05,0,0,0,0,0,0,0,0,0,0,0,0,0,0,0,0,0,0,0,0,0,0,0,0,0,0,0,0,0,0,0,0,147.154539,0.0394669884,0.967696673,-0.00384051527,-0.113534285,-0.171277625,0.224999691,-1.51211678,-4.31409623,0.000207874053,1500,1500,1500,1500,1500,1500,1500,1500,0,0,0,0,0.02,0,0,0,0,0.02,0,0,0,0,0.02,0,0,0,0,0.02,0,0,0,0,1,0,0,0,0,1,0,0,0,0,1,0,0,0,0,1
299174.146,24.05,0,0,0,0,0,0,0.367101461,-0,150.09763,-147.154539,2.94309079,1,0,0,0,0,0,0,0,0,0,0,0,0,0,0,150.09763,4.79015999,-1.85057561,1.86249591e-05,0,0,0,0,0,0,0,0,0,0,0,0,0,0,0,0,0,0,0,0,0,0,0,0,0,0,0,0,0,0,0,0,147.154539,0.0394669884,0.967696673,-0.00384051527,-0.113534285,-0.171277625,0.224999691,-1.51211678,-4.31409623,0.000207874053,1500,1500,1500,1500,1500,1500,1500,1500,0,0,0,0,0.02,0,0,0,0,0.02,0,0,0,0,0.02,0,0,0,0,0.02,0,0,0,0,1,0,0,0,0,1,0,0,0,0,1,0,0,0,0,1
299174.2,24.1,0,0,0,0,0,0,0.367101461,-0,150.09763,-147.154539,2.94309079,1,0,0,0,0,0,0,0,0,0,0,0,0,0,0,150.09763,4.79015999,-1.85057561,1.86249591e-05,0,0,0,0,0,0,0,0,0,0,0,0,0,0,0,0,0,0,0,0,0,0,0,0,0,0,0,0,0,0,0,0,147.154539,0.0394669884,0.967696673,-0.00384051527,-0.113534285,-0.171277625,0.224999691,-1.51211678,-4.31409623,0.000207874053,1500,1500,1500,1500,1500,1500,1500,1500,0,0,0,0,0.02,0,0,0,0,0.02,0,0,0,0,0.02,0,0,0,0,0.02,0,0,0,0,1,0,0,0,0,1,0,0,0,0,1,0,0,0,0,1
299174.254,24.15,0,0,0,0,0,0,0.367101461,-0,150.09763,-147.154539,2.94309079,1,0,0,0,0,0,0,0,0,0,0,0,0,0,0,150.09763,4.79015999,-1.85057561,1.86249591e-05,0,0,0,0,0,0,0,0,0,0,0,0,0,0,0,0,0,0,0,0,0,0,0,0,0,0,0,0,0,0,0,0,147.154539,0.0394669884,0.967696673,-0.00384051527,-0.113534285,-0.171277625,0.224999691,-1.51211678,-4.31409623,0.000207874053,1500,1500,1500,1500,1500,1500,1500,1500,0,0,0,0,0.02,0,0,0,0,0.02,0,0,0,0,0.02,0,0,0,0,0.02,0,0,0,0,1,0,0,0,0,1,0,0,0,0,1,0,0,0,0,1
299174.305,24.2,0,0,0,0,0,0,0.367101461,-0,150.09763,-147.154539,2.94309079,1,0,0,0,0,0,0,0,0,0,0,0,0,0,0,150.09763,4.79015999,-1.85057561,1.86249591e-05,0,0,0,0,0,0,0,0,0,0,0,0,0,0,0,0,0,0,0,0,0,0,0,0,0,0,0,0,0,0,0,0,147.154539,0.0394669884,0.967696673,-0.00384051527,-0.113534285,-0.171277625,0.224999691,-1.51211678,-4.31409623,0.000207874053,1500,1500,1500,1500,1500,1500,1500,1500,0,0,0,0,0.02,0,0,0,0,0.02,0,0,0,0,0.02,0,0,0,0,0.02,0,0,0,0,1,0,0,0,0,1,0,0,0,0,1,0,0,0,0,1
299174.357,24.25,0,0,0,0,0,0,0.367101461,-0,150.09763,-147.154539,2.94309079,1,0,0,0,0,0,0,0,0,0,0,0,0,0,0,150.09763,4.79015999,-1.85057561,1.86249591e-05,0,0,0,0,0,0,0,0,0,0,0,0,0,0,0,0,0,0,0,0,0,0,0,0,0,0,0,0,0,0,0,0,147.154539,0.0394669884,0.967696673,-0.00384051527,-0.113534285,-0.171277625,0.224999691,-1.51211678,-4.31409623,0.000207874053,1500,1500,1500,1500,1500,1500,1500,1500,0,0,0,0,0.02,0,0,0,0,0.02,0,0,0,0,0.02,0,0,0,0,0.02,0,0,0,0,1,0,0,0,0,1,0,0,0,0,1,0,0,0,0,1
299174.41,24.3,0,0,0,0,0,0,0.367101461,-0,150.09763,-147.154539,2.94309079,1,0,0,0,0,0,0,0,0,0,0,0,0,0,0,150.09763,4.79015999,-1.85057561,1.86249591e-05,0,0,0,0,0,0,0,0,0,0,0,0,0,0,0,0,0,0,0,0,0,0,0,0,0,0,0,0,0,0,0,0,147.154539,0.0394669884,0.967696673,-0.00384051527,-0.113534285,-0.171277625,0.224999691,-1.51211678,-4.31409623,0.000207874053,1500,1500,1500,1500,1500,1500,1500,1500,0,0,0,0,0.02,0,0,0,0,0.02,0,0,0,0,0.02,0,0,0,0,0.02,0,0,0,0,1,0,0,0,0,1,0,0,0,0,1,0,0,0,0,1
299174.466,24.35,0,0,0,0,0,0,0.367101461,-0,150.09763,-147.154539,2.94309079,1,0,0,0,0,0,0,0,0,0,0,0,0,0,0,150.09763,4.79015999,-1.85057561,1.86249591e-05,0,0,0,0,0,0,0,0,0,0,0,0,0,0,0,0,0,0,0,0,0,0,0,0,0,0,0,0,0,0,0,0,147.154539,0.0394669884,0.967696673,-0.00384051527,-0.113534285,-0.171277625,0.224999691,-1.51211678,-4.31409623,0.000207874053,1500,1500,1500,1500,1500,1500,1500,1500,0,0,0,0,0.02,0,0,0,0,0.02,0,0,0,0,0.02,0,0,0,0,0.02,0,0,0,0,1,0,0,0,0,1,0,0,0,0,1,0,0,0,0,1
299174.519,24.4,0,0,0,0,0,0,0.367101461,-0,150.09763,-147.154539,2.94309079,1,0,0,0,0,0,0,0,0,0,0,0,0,0,0,150.09763,4.79015999,-1.85057561,1.86249591e-05,0,0,0,0,0,0,0,0,0,0,0,0,0,0,0,0,0,0,0,0,0,0,0,0,0,0,0,0,0,0,0,0,147.154539,0.0394669884,0.967696673,-0.00384051527,-0.113534285,-0.171277625,0.224999691,-1.51211678,-4.31409623,0.000207874053,1500,1500,1500,1500,1500,1500,1500,1500,0,0,0,0,0.02,0,0,0,0,0.02,0,0,0,0,0.02,0,0,0,0,0.02,0,0,0,0,1,0,0,0,0,1,0,0,0,0,1,0,0,0,0,1
299174.574,24.45,0,0,0,0,0,0,0.367101461,-0,150.09763,-147.154539,2.94309079,1,0,0,0,0,0,0,0,0,0,0,0,0,0,0,150.09763,4.79015999,-1.85057561,1.86249591e-05,0,0,0,0,0,0,0,0,0,0,0,0,0,0,0,0,0,0,0,0,0,0,0,0,0,0,0,0,0,0,0,0,147.154539,0.0394669884,0.967696673,-0.00384051527,-0.113534285,-0.171277625,0.224999691,-1.51211678,-4.31409623,0.000207874053,1500,1500,1500,1500,1500,1500,1500,1500,0,0,0,0,0.02,0,0,0,0,0.02,0,0,0,0,0.02,0,0,0,0,0.02,0,0,0,0,1,0,0,0,0,1,0,0,0,0,1,0,0,0,0,1
299174.626,24.5,0,0,0,0,0,0,0.367101461,-0,150.09763,-147.154539,2.94309079,1,0,0,0,0,0,0,0,0,0,0,0,0,0,0,150.09763,4.79015999,-1.85057561,1.86249591e-05,0,0,0,0,0,0,0,0,0,0,0,0,0,0,0,0,0,0,0,0,0,0,0,0,0,0,0,0,0,0,0,0,147.154539,0.0394669884,0.967696673,-0.00384051527,-0.113534285,-0.171277625,0.224999691,-1.51211678,-4.31409623,0.000207874053,1500,1500,1500,1500,1500,1500,1500,1500,0,0,0,0,0.02,0,0,0,0,0.02,0,0,0,0,0.02,0,0,0,0,0.02,0,0,0,0,1,0,0,0,0,1,0,0,0,0,1,0,0,0,0,1
299174.68,24.55,0,0,0,0,0,0,0.367101461,-0,150.09763,-147.154539,2.94309079,1,0,0,0,0,0,0,0,0,0,0,0,0,0,0,150.09763,4.79015999,-1.85057561,1.86249591e-05,0,0,0,0,0,0,0,0,0,0,0,0,0,0,0,0,0,0,0,0,0,0,0,0,0,0,0,0,0,0,0,0,147.154539,0.0394669884,0.967696673,-0.00384051527,-0.113534285,-0.171277625,0.224999691,-1.51211678,-4.31409623,0.000207874053,1500,1500,1500,1500,1500,1500,1500,1500,0,0,0,0,0.02,0,0,0,0,0.02,0,0,0,0,0.02,0,0,0,0,0.02,0,0,0,0,1,0,0,0,0,1,0,0,0,0,1,0,0,0,0,1
299174.736,24.6,0,0,0,0,0,0,0.367101461,-0,150.09763,-147.154539,2.94309079,1,0,0,0,0,0,0,0,0,0,0,0,0,0,0,150.09763,4.79015999,-1.85057561,1.86249591e-05,0,0,0,0,0,0,0,0,0,0,0,0,0,0,0,0,0,0,0,0,0,0,0,0,0,0,0,0,0,0,0,0,147.154539,0.0394669884,0.967696673,-0.00384051527,-0.113534285,-0.171277625,0.224999691,-1.51211678,-4.31409623,0.000207874053,1500,1500,1500,1500,1500,1500,1500,1500,0,0,0,0,0.02,0,0,0,0,0.02,0,0,0,0,0.02,0,0,0,0,0.02,0,0,0,0,1,0,0,0,0,1,0,0,0,0,1,0,0,0,0,1
299174.788,24.65,0,0,0,0,0,0,0.367101461,-0,150.09763,-147.154539,2.94309079,1,0,0,0,0,0,0,0,0,0,0,0,0,0,0,150.09763,4.79015999,-1.85057561,1.86249591e-05,0,0,0,0,0,0,0,0,0,0,0,0,0,0,0,0,0,0,0,0,0,0,0,0,0,0,0,0,0,0,0,0,147.154539,0.0394669884,0.967696673,-0.00384051527,-0.113534285,-0.171277625,0.224999691,-1.51211678,-4.31409623,0.000207874053,1500,1500,1500,1500,1500,1500,1500,1500,0,0,0,0,0.02,0,0,0,0,0.02,0,0,0,0,0.02,0,0,0,0,0.02,0,0,0,0,1,0,0,0,0,1,0,0,0,0,1,0,0,0,0,1
299174.841,24.7,0,0,0,0,0,0,0.367101461,-0,150.09763,-147.154539,2.94309079,1,0,0,0,0,0,0,0,0,0,0,0,0,0,0,150.09763,4.79015999,-1.85057561,1.86249591e-05,0,0,0,0,0,0,0,0,0,0,0,0,0,0,0,0,0,0,0,0,0,0,0,0,0,0,0,0,0,0,0,0,147.154539,0.0394669884,0.967696673,-0.00384051527,-0.113534285,-0.171277625,0.224999691,-1.51211678,-4.31409623,0.000207874053,1500,1500,1500,1500,1500,1500,1500,1500,0,0,0,0,0.02,0,0,0,0,0.02,0,0,0,0,0.02,0,0,0,0,0.02,0,0,0,0,1,0,0,0,0,1,0,0,0,0,1,0,0,0,0,1
299174.894,24.75,0,0,0,0,0,0,0.367101461,-0,150.09763,-147.154539,2.94309079,1,0,0,0,0,0,0,0,0,0,0,0,0,0,0,150.09763,4.79015999,-1.85057561,1.86249591e-05,0,0,0,0,0,0,0,0,0,0,0,0,0,0,0,0,0,0,0,0,0,0,0,0,0,0,0,0,0,0,0,0,147.154539,0.0394669884,0.967696673,-0.00384051527,-0.113534285,-0.171277625,0.224999691,-1.51211678,-4.31409623,0.000207874053,1500,1500,1500,1500,1500,1500,1500,1500,0,0,0,0,0.02,0,0,0,0,0.02,0,0,0,0,0.02,0,0,0,0,0.02,0,0,0,0,1,0,0,0,0,1,0,0,0,0,1,0,0,0,0,1
299174.946,24.8,0,0,0,0,0,0,0.367101461,-0,150.09763,-147.154539,2.94309079,1,0,0,0,0,0,0,0,0,0,0,0,0,0,0,150.09763,4.79015999,-1.85057561,1.86249591e-05,0,0,0,0,0,0,0,0,0,0,0,0,0,0,0,0,0,0,0,0,0,0,0,0,0,0,0,0,0,0,0,0,147.154539,0.0394669884,0.967696673,-0.00384051527,-0.113534285,-0.171277625,0.224999691,-1.51211678,-4.31409623,0.000207874053,1500,1500,1500,1500,1500,1500,1500,1500,0,0,0,0,0.02,0,0,0,0,0.02,0,0,0,0,0.02,0,0,0,0,0.02,0,0,0,0,1,0,0,0,0,1,0,0,0,0,1,0,0,0,0,1
299174.999,24.85,0,0,0,0,0,0,0.367101461,-0,150.09763,-147.154539,2.94309079,1,0,0,0,0,0,0,0,0,0,0,0,0,0,0,150.09763,4.79015999,-1.85057561,1.86249591e-05,0,0,0,0,0,0,0,0,0,0,0,0,0,0,0,0,0,0,0,0,0,0,0,0,0,0,0,0,0,0,0,0,147.154539,0.0394669884,0.967696673,-0.00384051527,-0.113534285,-0.171277625,0.224999691,-1.51211678,-4.31409623,0.000207874053,1500,1500,1500,1500,1500,1500,1500,1500,0,0,0,0,0.02,0,0,0,0,0.02,0,0,0,0,0.02,0,0,0,0,0.02,0,0,0,0,1,0,0,0,0,1,0,0,0,0,1,0,0,0,0,1
299175.051,24.9,0,0,0,0,0,0,0.367101461,-0,150.09763,-147.154539,2.94309079,1,0,0,0,0,0,0,0,0,0,0,0,0,0,0,150.09763,4.79015999,-1.85057561,1.86249591e-05,0,0,0,0,0,0,0,0,0,0,0,0,0,0,0,0,0,0,0,0,0,0,0,0,0,0,0,0,0,0,0,0,147.154539,0.0394669884,0.967696673,-0.00384051527,-0.113534285,-0.171277625,0.224999691,-1.51211678,-4.31409623,0.000207874053,1500,1500,1500,1500,1500,1500,1500,1500,0,0,0,0,0.02,0,0,0,0,0.02,0,0,0,0,0.02,0,0,0,0,0.02,0,0,0,0,1,0,0,0,0,1,0,0,0,0,1,0,0,0,0,1
299175.107,24.95,0,0,0,0,0,0,0.367101461,-0,150.09763,-147.154539,2.94309079,1,0,0,0,0,0,0,0,0,0,0,0,0,0,0,150.09763,4.79015999,-1.85057561,1.86249591e-05,0,0,0,0,0,0,0,0,0,0,0,0,0,0,0,0,0,0,0,0,0,0,0,0,0,0,0,0,0,0,0,0,147.154539,0.0394669884,0.967696673,-0.00384051527,-0.113534285,-0.171277625,0.224999691,-1.51211678,-4.31409623,0.000207874053,1500,1500,1500,1500,1500,1500,1500,1500,0,0,0,0,0.02,0,0,0,0,0.02,0,0,0,0,0.02,0,0,0,0,0.02,0,0,0,0,1,0,0,0,0,1,0,0,0,0,1,0,0,0,0,1
299175.16,25,0,0,0,0,0,0,0.367101461,-0,150.09763,-147.154539,2.94309079,1,0,0,0,0,0,0,0,0,0,0,0,0,0,0,150.09763,4.79015999,-1.85057561,1.86249591e-05,0,0,0,0,0,0,0,0,0,0,0,0,0,0,0,0,0,0,0,0,0,0,0,0,0,0,0,0,0,0,0,0,147.154539,0.0394669884,0.967696673,-0.00384051527,-0.113534285,-0.171277625,0.224999691,-1.51211678,-4.31409623,0.000207874053,1500,1500,1500,1500,1500,1500,1500,1500,0,0,0,0,0.02,0,0,0,0,0.02,0,0,0,0,0.02,0,0,0,0,0.02,0,0,0,0,1,0,0,0,0,1,0,0,0,0,1,0,0,0,0,1
299175.214,25.05,0,0,0,0,0,0,0.367101461,-0,150.09763,-147.154539,2.94309079,1,0,0,0,0,0,0,0,0,0,0,0,0,0,0,150.09763,4.79015999,-1.85057561,1.86249591e-05,0,0,0,0,0,0,0,0,0,0,0,0,0,0,0,0,0,0,0,0,0,0,0,0,0,0,0,0,0,0,0,0,147.154539,0.0394669884,0.967696673,-0.00384051527,-0.113534285,-0.171277625,0.224999691,-1.51211678,-4.31409623,0.000207874053,1500,1500,1500,1500,1500,1500,1500,1500,0,0,0,0,0.02,0,0,0,0,0.02,0,0,0,0,0.02,0,0,0,0,0.02,0,0,0,0,1,0,0,0,0,1,0,0,0,0,1,0,0,0,0,1
299175.268,25.1,0,0,0,0,0,0,0.367101461,-0,150.09763,-147.154539,2.94309079,1,0,0,0,0,0,0,0,0,0,0,0,0,0,0,150.09763,4.79015999,-1.85057561,1.86249591e-05,0,0,0,0,0,0,0,0,0,0,0,0,0,0,0,0,0,0,0,0,0,0,0,0,0,0,0,0,0,0,0,0,147.154539,0.0394669884,0.967696673,-0.00384051527,-0.113534285,-0.171277625,0.224999691,-1.51211678,-4.31409623,0.000207874053,1500,1500,1500,1500,1500,1500,1500,1500,0,0,0,0,0.02,0,0,0,0,0.02,0,0,0,0,0.02,0,0,0,0,0.02,0,0,0,0,1,0,0,0,0,1,0,0,0,0,1,0,0,0,0,1
299175.321,25.15,0,0,0,0,0,0,0.367101461,-0,150.09763,-147.154539,2.94309079,1,0,0,0,0,0,0,0,0,0,0,0,0,0,0,150.09763,4.79015999,-1.85057561,1.86249591e-05,0,0,0,0,0,0,0,0,0,0,0,0,0,0,0,0,0,0,0,0,0,0,0,0,0,0,0,0,0,0,0,0,147.154539,0.0394669884,0.967696673,-0.00384051527,-0.113534285,-0.171277625,0.224999691,-1.51211678,-4.31409623,0.000207874053,1500,1500,1500,1500,1500,1500,1500,1500,0,0,0,0,0.02,0,0,0,0,0.02,0,0,0,0,0.02,0,0,0,0,0.02,0,0,0,0,1,0,0,0,0,1,0,0,0,0,1,0,0,0,0,1
299175.375,25.2,0,0,0,0,0,0,0.367101461,-0,150.09763,-147.154539,2.94309079,1,0,0,0,0,0,0,0,0,0,0,0,0,0,0,150.09763,4.79015999,-1.85057561,1.86249591e-05,0,0,0,0,0,0,0,0,0,0,0,0,0,0,0,0,0,0,0,0,0,0,0,0,0,0,0,0,0,0,0,0,147.154539,0.0394669884,0.967696673,-0.00384051527,-0.113534285,-0.171277625,0.224999691,-1.51211678,-4.31409623,0.000207874053,1500,1500,1500,1500,1500,1500,1500,1500,0,0,0,0,0.02,0,0,0,0,0.02,0,0,0,0,0.02,0,0,0,0,0.02,0,0,0,0,1,0,0,0,0,1,0,0,0,0,1,0,0,0,0,1
299175.429,25.25,0,0,0,0,0,0,0.367101461,-0,150.09763,-147.154539,2.94309079,1,0,0,0,0,0,0,0,0,0,0,0,0,0,0,150.09763,4.79015999,-1.85057561,1.86249591e-05,0,0,0,0,0,0,0,0,0,0,0,0,0,0,0,0,0,0,0,0,0,0,0,0,0,0,0,0,0,0,0,0,147.154539,0.0394669884,0.967696673,-0.00384051527,-0.113534285,-0.171277625,0.224999691,-1.51211678,-4.31409623,0.000207874053,1500,1500,1500,1500,1500,1500,1500,1500,0,0,0,0,0.02,0,0,0,0,0.02,0,0,0,0,0.02,0,0,0,0,0.02,0,0,0,0,1,0,0,0,0,1,0,0,0,0,1,0,0,0,0,1
299175.482,25.3,0,0,0,0,0,0,0.367101461,-0,150.09763,-147.154539,2.94309079,1,0,0,0,0,0,0,0,0,0,0,0,0,0,0,150.09763,4.79015999,-1.85057561,1.86249591e-05,0,0,0,0,0,0,0,0,0,0,0,0,0,0,0,0,0,0,0,0,0,0,0,0,0,0,0,0,0,0,0,0,147.154539,0.0394669884,0.967696673,-0.00384051527,-0.113534285,-0.171277625,0.224999691,-1.51211678,-4.31409623,0.000207874053,1500,1500,1500,1500,1500,1500,1500,1500,0,0,0,0,0.02,0,0,0,0,0.02,0,0,0,0,0.02,0,0,0,0,0.02,0,0,0,0,1,0,0,0,0,1,0,0,0,0,1,0,0,0,0,1
299175.539,25.35,0,0,0,0,0,0,0.367101461,-0,150.09763,-147.154539,2.94309079,1,0,0,0,0,0,0,0,0,0,0,0,0,0,0,150.09763,4.79015999,-1.85057561,1.86249591e-05,0,0,0,0,0,0,0,0,0,0,0,0,0,0,0,0,0,0,0,0,0,0,0,0,0,0,0,0,0,0,0,0,147.154539,0.0394669884,0.967696673,-0.00384051527,-0.113534285,-0.171277625,0.224999691,-1.51211678,-4.31409623,0.000207874053,1500,1500,1500,1500,1500,1500,1500,1500,0,0,0,0,0.02,0,0,0,0,0.02,0,0,0,0,0.02,0,0,0,0,0.02,0,0,0,0,1,0,0,0,0,1,0,0,0,0,1,0,0,0,0,1
299175.591,25.4,0,0,0,0,0,0,0.367101461,-0,150.09763,-147.154539,2.94309079,1,0,0,0,0,0,0,0,0,0,0,0,0,0,0,150.09763,4.79015999,-1.85057561,1.86249591e-05,0,0,0,0,0,0,0,0,0,0,0,0,0,0,0,0,0,0,0,0,0,0,0,0,0,0,0,0,0,0,0,0,147.154539,0.0394669884,0.967696673,-0.00384051527,-0.113534285,-0.171277625,0.224999691,-1.51211678,-4.31409623,0.000207874053,1500,1500,1500,1500,1500,1500,1500,1500,0,0,0,0,0.02,0,0,0,0,0.02,0,0,0,0,0.02,0,0,0,0,0.02,0,0,0,0,1,0,0,0,0,1,0,0,0,0,1,0,0,0,0,1
299175.644,25.45,0,0,0,0,0,0,0.367101461,-0,150.09763,-147.154539,2.94309079,1,0,0,0,0,0,0,0,0,0,0,0,0,0,0,150.09763,4.79015999,-1.85057561,1.86249591e-05,0,0,0,0,0,0,0,0,0,0,0,0,0,0,0,0,0,0,0,0,0,0,0,0,0,0,0,0,0,0,0,0,147.154539,0.0394669884,0.967696673,-0.00384051527,-0.113534285,-0.171277625,0.224999691,-1.51211678,-4.31409623,0.000207874053,1500,1500,1500,1500,1500,1500,1500,1500,0,0,0,0,0.02,0,0,0,0,0.02,0,0,0,0,0.02,0,0,0,0,0.02,0,0,0,0,1,0,0,0,0,1,0,0,0,0,1,0,0,0,0,1
299175.696,25.5,0,0,0,0,0,0,0.367101461,-0,150.09763,-147.154539,2.94309079,1,0,0,0,0,0,0,0,0,0,0,0,0,0,0,150.09763,4.79015999,-1.85057561,1.86249591e-05,0,0,0,0,0,0,0,0,0,0,0,0,0,0,0,0,0,0,0,0,0,0,0,0,0,0,0,0,0,0,0,0,147.154539,0.0394669884,0.967696673,-0.00384051527,-0.113534285,-0.171277625,0.224999691,-1.51211678,-4.31409623,0.000207874053,1500,1500,1500,1500,1500,1500,1500,1500,0,0,0,0,0.02,0,0,0,0,0.02,0,0,0,0,0.02,0,0,0,0,0.02,0,0,0,0,1,0,0,0,0,1,0,0,0,0,1,0,0,0,0,1
299175.75,25.55,0,0,0,0,0,0,0.367101461,-0,150.09763,-147.154539,2.94309079,1,0,0,0,0,0,0,0,0,0,0,0,0,0,0,150.09763,4.79015999,-1.85057561,1.86249591e-05,0,0,0,0,0,0,0,0,0,0,0,0,0,0,0,0,0,0,0,0,0,0,0,0,0,0,0,0,0,0,0,0,147.154539,0.0394669884,0.967696673,-0.00384051527,-0.113534285,-0.171277625,0.224999691,-1.51211678,-4.31409623,0.000207874053,1500,1500,1500,1500,1500,1500,1500,1500,0,0,0,0,0.02,0,0,0,0,0.02,0,0,0,0,0.02,0,0,0,0,0.02,0,0,0,0,1,0,0,0,0,1,0,0,0,0,1,0,0,0,0,1
299175.804,25.6,0,0,0,0,0,0,0.367101461,-0,150.09763,-147.154539,2.94309079,1,0,0,0,0,0,0,0,0,0,0,0,0,0,0,150.09763,4.79015999,-1.85057561,1.86249591e-05,0,0,0,0,0,0,0,0,0,0,0,0,0,0,0,0,0,0,0,0,0,0,0,0,0,0,0,0,0,0,0,0,147.154539,0.0394669884,0.967696673,-0.00384051527,-0.113534285,-0.171277625,0.224999691,-1.51211678,-4.31409623,0.000207874053,1500,1500,1500,1500,1500,1500,1500,1500,0,0,0,0,0.02,0,0,0,0,0.02,0,0,0,0,0.02,0,0,0,0,0.02,0,0,0,0,1,0,0,0,0,1,0,0,0,0,1,0,0,0,0,1
299175.859,25.65,0,0,0,0,0,0,0.367101461,-0,150.09763,-147.154539,2.94309079,1,0,0,0,0,0,0,0,0,0,0,0,0,0,0,150.09763,4.79015999,-1.85057561,1.86249591e-05,0,0,0,0,0,0,0,0,0,0,0,0,0,0,0,0,0,0,0,0,0,0,0,0,0,0,0,0,0,0,0,0,147.154539,0.0394669884,0.967696673,-0.00384051527,-0.113534285,-0.171277625,0.224999691,-1.51211678,-4.31409623,0.000207874053,1500,1500,1500,1500,1500,1500,1500,1500,0,0,0,0,0.02,0,0,0,0,0.02,0,0,0,0,0.02,0,0,0,0,0.02,0,0,0,0,1,0,0,0,0,1,0,0,0,0,1,0,0,0,0,1
299175.913,25.7,0,0,0,0,0,0,0.367101461,-0,150.09763,-147.154539,2.94309079,1,0,0,0,0,0,0,0,0,0,0,0,0,0,0,150.09763,4.79015999,-1.85057561,1.86249591e-05,0,0,0,0,0,0,0,0,0,0,0,0,0,0,0,0,0,0,0,0,0,0,0,0,0,0,0,0,0,0,0,0,147.154539,0.0394669884,0.967696673,-0.00384051527,-0.113534285,-0.171277625,0.224999691,-1.51211678,-4.31409623,0.000207874053,1500,1500,1500,1500,1500,1500,1500,1500,0,0,0,0,0.02,0,0,0,0,0.02,0,0,0,0,0.02,0,0,0,0,0.02,0,0,0,0,1,0,0,0,0,1,0,0,0,0,1,0,0,0,0,1
299175.967,25.75,0,0,0,0,0,0,0.367101461,-0,150.09763,-147.154539,2.94309079,1,0,0,0,0,0,0,0,0,0,0,0,0,0,0,150.09763,4.79015999,-1.85057561,1.86249591e-05,0,0,0,0,0,0,0,0,0,0,0,0,0,0,0,0,0,0,0,0,0,0,0,0,0,0,0,0,0,0,0,0,147.154539,0.0394669884,0.967696673,-0.00384051527,-0.113534285,-0.171277625,0.224999691,-1.51211678,-4.31409623,0.000207874053,1500,1500,1500,1500,1500,1500,1500,1500,0,0,0,0,0.02,0,0,0,0,0.02,0,0,0,0,0.02,0,0,0,0,0.02,0,0,0,0,1,0,0,0,0,1,0,0,0,0,1,0,0,0,0,1
299176.02,25.8,0,0,0,0,0,0,0.367101461,-0,150.09763,-147.154539,2.94309079,1,0,0,0,0,0,0,0,0,0,0,0,0,0,0,150.09763,4.79015999,-1.85057561,1.86249591e-05,0,0,0,0,0,0,0,0,0,0,0,0,0,0,0,0,0,0,0,0,0,0,0,0,0,0,0,0,0,0,0,0,147.154539,0.0394669884,0.967696673,-0.00384051527,-0.113534285,-0.171277625,0.224999691,-1.51211678,-4.31409623,0.000207874053,1500,1500,1500,1500,1500,1500,1500,1500,0,0,0,0,0.02,0,0,0,0,0.02,0,0,0,0,0.02,0,0,0,0,0.02,0,0,0,0,1,0,0,0,0,1,0,0,0,0,1,0,0,0,0,1
299176.073,25.85,0,0,0,0,0,0,0.367101461,-0,150.09763,-147.154539,2.94309079,1,0,0,0,0,0,0,0,0,0,0,0,0,0,0,150.09763,4.79015999,-1.85057561,1.86249591e-05,0,0,0,0,0,0,0,0,0,0,0,0,0,0,0,0,0,0,0,0,0,0,0,0,0,0,0,0,0,0,0,0,147.154539,0.0394669884,0.967696673,-0.00384051527,-0.113534285,-0.171277625,0.224999691,-1.51211678,-4.31409623,0.000207874053,1500,1500,1500,1500,1500,1500,1500,1500,0,0,0,0,0.02,0,0,0,0,0.02,0,0,0,0,0.02,0,0,0,0,0.02,0,0,0,0,1,0,0,0,0,1,0,0,0,0,1,0,0,0,0,1
299176.127,25.9,0,0,0,0,0,0,0.367101461,-0,150.09763,-147.154539,2.94309079,1,0,0,0,0,0,0,0,0,0,0,0,0,0,0,150.09763,4.79015999,-1.85057561,1.86249591e-05,0,0,0,0,0,0,0,0,0,0,0,0,0,0,0,0,0,0,0,0,0,0,0,0,0,0,0,0,0,0,0,0,147.154539,0.0394669884,0.967696673,-0.00384051527,-0.113534285,-0.171277625,0.224999691,-1.51211678,-4.31409623,0.000207874053,1500,1500,1500,1500,1500,1500,1500,1500,0,0,0,0,0.02,0,0,0,0,0.02,0,0,0,0,0.02,0,0,0,0,0.02,0,0,0,0,1,0,0,0,0,1,0,0,0,0,1,0,0,0,0,1
299176.182,25.95,0,0,0,0,0,0,0.367101461,-0,150.09763,-147.154539,2.94309079,1,0,0,0,0,0,0,0,0,0,0,0,0,0,0,150.09763,4.79015999,-1.85057561,1.86249591e-05,0,0,0,0,0,0,0,0,0,0,0,0,0,0,0,0,0,0,0,0,0,0,0,0,0,0,0,0,0,0,0,0,147.154539,0.0394669884,0.967696673,-0.00384051527,-0.113534285,-0.171277625,0.224999691,-1.51211678,-4.31409623,0.000207874053,1500,1500,1500,1500,1500,1500,1500,1500,0,0,0,0,0.02,0,0,0,0,0.02,0,0,0,0,0.02,0,0,0,0,0.02,0,0,0,0,1,0,0,0,0,1,0,0,0,0,1,0,0,0,0,1
299176.237,26,0,0,0,0,0,0,0.367101461,-0,150.09763,-147.154539,2.94309079,1,0,0,0,0,0,0,0,0,0,0,0,0,0,0,150.09763,4.79015999,-1.85057561,1.86249591e-05,0,0,0,0,0,0,0,0,0,0,0,0,0,0,0,0,0,0,0,0,0,0,0,0,0,0,0,0,0,0,0,0,147.154539,0.0394669884,0.967696673,-0.00384051527,-0.113534285,-0.171277625,0.224999691,-1.51211678,-4.31409623,0.000207874053,1500,1500,1500,1500,1500,1500,1500,1500,0,0,0,0,0.02,0,0,0,0,0.02,0,0,0,0,0.02,0,0,0,0,0.02,0,0,0,0,1,0,0,0,0,1,0,0,0,0,1,0,0,0,0,1
299176.291,26.05,0,0,0,0,0,0,0.367101461,-0,150.09763,-147.154539,2.94309079,1,0,0,0,0,0,0,0,0,0,0,0,0,0,0,150.09763,4.79015999,-1.85057561,1.86249591e-05,0,0,0,0,0,0,0,0,0,0,0,0,0,0,0,0,0,0,0,0,0,0,0,0,0,0,0,0,0,0,0,0,147.154539,0.0394669884,0.967696673,-0.00384051527,-0.113534285,-0.171277625,0.224999691,-1.51211678,-4.31409623,0.000207874053,1500,1500,1500,1500,1500,1500,1500,1500,0,0,0,0,0.02,0,0,0,0,0.02,0,0,0,0,0.02,0,0,0,0,0.02,0,0,0,0,1,0,0,0,0,1,0,0,0,0,1,0,0,0,0,1
299176.345,26.1,0,0,0,0,0,0,0.367101461,-0,150.09763,-147.154539,2.94309079,1,0,0,0,0,0,0,0,0,0,0,0,0,0,0,150.09763,4.79015999,-1.85057561,1.86249591e-05,0,0,0,0,0,0,0,0,0,0,0,0,0,0,0,0,0,0,0,0,0,0,0,0,0,0,0,0,0,0,0,0,147.154539,0.0394669884,0.967696673,-0.00384051527,-0.113534285,-0.171277625,0.224999691,-1.51211678,-4.31409623,0.000207874053,1500,1500,1500,1500,1500,1500,1500,1500,0,0,0,0,0.02,0,0,0,0,0.02,0,0,0,0,0.02,0,0,0,0,0.02,0,0,0,0,1,0,0,0,0,1,0,0,0,0,1,0,0,0,0,1
299176.398,26.15,0,0,0,0,0,0,0.367101461,-0,150.09763,-147.154539,2.94309079,1,0,0,0,0,0,0,0,0,0,0,0,0,0,0,150.09763,4.79015999,-1.85057561,1.86249591e-05,0,0,0,0,0,0,0,0,0,0,0,0,0,0,0,0,0,0,0,0,0,0,0,0,0,0,0,0,0,0,0,0,147.154539,0.0394669884,0.967696673,-0.00384051527,-0.113534285,-0.171277625,0.224999691,-1.51211678,-4.31409623,0.000207874053,1500,1500,1500,1500,1500,1500,1500,1500,0,0,0,0,0.02,0,0,0,0,0.02,0,0,0,0,0.02,0,0,0,0,0.02,0,0,0,0,1,0,0,0,0,1,0,0,0,0,1,0,0,0,0,1
299176.453,26.2,0,0,0,0,0,0,0.367101461,-0,150.09763,-147.154539,2.94309079,1,0,0,0,0,0,0,0,0,0,0,0,0,0,0,150.09763,4.79015999,-1.85057561,1.86249591e-05,0,0,0,0,0,0,0,0,0,0,0,0,0,0,0,0,0,0,0,0,0,0,0,0,0,0,0,0,0,0,0,0,147.154539,0.0394669884,0.967696673,-0.00384051527,-0.113534285,-0.171277625,0.224999691,-1.51211678,-4.31409623,0.000207874053,1500,1500,1500,1500,1500,1500,1500,1500,0,0,0,0,0.02,0,0,0,0,0.02,0,0,0,0,0.02,0,0,0,0,0.02,0,0,0,0,1,0,0,0,0,1,0,0,0,0,1,0,0,0,0,1
299176.508,26.25,0,0,0,0,0,0,0.367101461,-0,150.09763,-147.154539,2.94309079,1,0,0,0,0,0,0,0,0,0,0,0,0,0,0,150.09763,4.79015999,-1.85057561,1.86249591e-05,0,0,0,0,0,0,0,0,0,0,0,0,0,0,0,0,0,0,0,0,0,0,0,0,0,0,0,0,0,0,0,0,147.154539,0.0394669884,0.967696673,-0.00384051527,-0.113534285,-0.171277625,0.224999691,-1.51211678,-4.31409623,0.000207874053,1500,1500,1500,1500,1500,1500,1500,1500,0,0,0,0,0.02,0,0,0,0,0.02,0,0,0,0,0.02,0,0,0,0,0.02,0,0,0,0,1,0,0,0,0,1,0,0,0,0,1,0,0,0,0,1
299176.561,26.3,0,0,0,0,0,0,0.367101461,-0,150.09763,-147.154539,2.94309079,1,0,0,0,0,0,0,0,0,0,0,0,0,0,0,150.09763,4.79015999,-1.85057561,1.86249591e-05,0,0,0,0,0,0,0,0,0,0,0,0,0,0,0,0,0,0,0,0,0,0,0,0,0,0,0,0,0,0,0,0,147.154539,0.0394669884,0.967696673,-0.00384051527,-0.113534285,-0.171277625,0.224999691,-1.51211678,-4.31409623,0.000207874053,1500,1500,1500,1500,1500,1500,1500,1500,0,0,0,0,0.02,0,0,0,0,0.02,0,0,0,0,0.02,0,0,0,0,0.02,0,0,0,0,1,0,0,0,0,1,0,0,0,0,1,0,0,0,0,1
299176.615,26.35,0,0,0,0,0,0,0.367101461,-0,150.09763,-147.154539,2.94309079,1,0,0,0,0,0,0,0,0,0,0,0,0,0,0,150.09763,4.79015999,-1.85057561,1.86249591e-05,0,0,0,0,0,0,0,0,0,0,0,0,0,0,0,0,0,0,0,0,0,0,0,0,0,0,0,0,0,0,0,0,147.154539,0.0394669884,0.967696673,-0.00384051527,-0.113534285,-0.171277625,0.224999691,-1.51211678,-4.31409623,0.000207874053,1500,1500,1500,1500,1500,1500,1500,1500,0,0,0,0,0.02,0,0,0,0,0.02,0,0,0,0,0.02,0,0,0,0,0.02,0,0,0,0,1,0,0,0,0,1,0,0,0,0,1,0,0,0,0,1
299176.668,26.4,0,0,0,0,0,0,0.367101461,-0,150.09763,-147.154539,2.94309079,1,0,0,0,0,0,0,0,0,0,0,0,0,0,0,150.09763,4.79015999,-1.85057561,1.86249591e-05,0,0,0,0,0,0,0,0,0,0,0,0,0,0,0,0,0,0,0,0,0,0,0,0,0,0,0,0,0,0,0,0,147.154539,0.0394669884,0.967696673,-0.00384051527,-0.113534285,-0.171277625,0.224999691,-1.51211678,-4.31409623,0.000207874053,1500,1500,1500,1500,1500,1500,1500,1500,0,0,0,0,0.02,0,0,0,0,0.02,0,0,0,0,0.02,0,0,0,0,0.02,0,0,0,0,1,0,0,0,0,1,0,0,0,0,1,0,0,0,0,1
299176.721,26.45,0,0,0,0,0,0,0.367101461,-0,150.09763,-147.154539,2.94309079,1,0,0,0,0,0,0,0,0,0,0,0,0,0,0,150.09763,4.79015999,-1.85057561,1.86249591e-05,0,0,0,0,0,0,0,0,0,0,0,0,0,0,0,0,0,0,0,0,0,0,0,0,0,0,0,0,0,0,0,0,147.154539,0.0394669884,0.967696673,-0.00384051527,-0.113534285,-0.171277625,0.224999691,-1.51211678,-4.31409623,0.000207874053,1500,1500,1500,1500,1500,1500,1500,1500,0,0,0,0,0.02,0,0,0,0,0.02,0,0,0,0,0.02,0,0,0,0,0.02,0,0,0,0,1,0,0,0,0,1,0,0,0,0,1,0,0,0,0,1
299176.773,26.5,0,0,0,0,0,0,0.367101461,-0,150.09763,-147.154539,2.94309079,1,0,0,0,0,0,0,0,0,0,0,0,0,0,0,150.09763,4.79015999,-1.85057561,1.86249591e-05,0,0,0,0,0,0,0,0,0,0,0,0,0,0,0,0,0,0,0,0,0,0,0,0,0,0,0,0,0,0,0,0,147.154539,0.0394669884,0.967696673,-0.00384051527,-0.113534285,-0.171277625,0.224999691,-1.51211678,-4.31409623,0.000207874053,1500,1500,1500,1500,1500,1500,1500,1500,0,0,0,0,0.02,0,0,0,0,0.02,0,0,0,0,0.02,0,0,0,0,0.02,0,0,0,0,1,0,0,0,0,1,0,0,0,0,1,0,0,0,0,1
299176.829,26.55,0,0,0,0,0,0,0.367101461,-0,150.09763,-147.154539,2.94309079,1,0,0,0,0,0,0,0,0,0,0,0,0,0,0,150.09763,4.79015999,-1.85057561,1.86249591e-05,0,0,0,0,0,0,0,0,0,0,0,0,0,0,0,0,0,0,0,0,0,0,0,0,0,0,0,0,0,0,0,0,147.154539,0.0394669884,0.967696673,-0.00384051527,-0.113534285,-0.171277625,0.224999691,-1.51211678,-4.31409623,0.000207874053,1500,1500,1500,1500,1500,1500,1500,1500,0,0,0,0,0.02,0,0,0,0,0.02,0,0,0,0,0.02,0,0,0,0,0.02,0,0,0,0,1,0,0,0,0,1,0,0,0,0,1,0,0,0,0,1
299176.884,26.6,0,0,0,0,0,0,0.367101461,-0,150.09763,-147.154539,2.94309079,1,0,0,0,0,0,0,0,0,0,0,0,0,0,0,150.09763,4.79015999,-1.85057561,1.86249591e-05,0,0,0,0,0,0,0,0,0,0,0,0,0,0,0,0,0,0,0,0,0,0,0,0,0,0,0,0,0,0,0,0,147.154539,0.0394669884,0.967696673,-0.00384051527,-0.113534285,-0.171277625,0.224999691,-1.51211678,-4.31409623,0.000207874053,1500,1500,1500,1500,1500,1500,1500,1500,0,0,0,0,0.02,0,0,0,0,0.02,0,0,0,0,0.02,0,0,0,0,0.02,0,0,0,0,1,0,0,0,0,1,0,0,0,0,1,0,0,0,0,1
299176.939,26.65,0,0,0,0,0,0,0.367101461,-0,150.09763,-147.154539,2.94309079,1,0,0,0,0,0,0,0,0,0,0,0,0,0,0,150.09763,4.79015999,-1.85057561,1.86249591e-05,0,0,0,0,0,0,0,0,0,0,0,0,0,0,0,0,0,0,0,0,0,0,0,0,0,0,0,0,0,0,0,0,147.154539,0.0394669884,0.967696673,-0.00384051527,-0.113534285,-0.171277625,0.224999691,-1.51211678,-4.31409623,0.000207874053,1500,1500,1500,1500,1500,1500,1500,1500,0,0,0,0,0.02,0,0,0,0,0.02,0,0,0,0,0.02,0,0,0,0,0.02,0,0,0,0,1,0,0,0,0,1,0,0,0,0,1,0,0,0,0,1
299176.992,26.7,0,0,0,0,0,0,0.367101461,-0,150.09763,-147.154539,2.94309079,1,0,0,0,0,0,0,0,0,0,0,0,0,0,0,150.09763,4.79015999,-1.85057561,1.86249591e-05,0,0,0,0,0,0,0,0,0,0,0,0,0,0,0,0,0,0,0,0,0,0,0,0,0,0,0,0,0,0,0,0,147.154539,0.0394669884,0.967696673,-0.00384051527,-0.113534285,-0.171277625,0.224999691,-1.51211678,-4.31409623,0.000207874053,1500,1500,1500,1500,1500,1500,1500,1500,0,0,0,0,0.02,0,0,0,0,0.02,0,0,0,0,0.02,0,0,0,0,0.02,0,0,0,0,1,0,0,0,0,1,0,0,0,0,1,0,0,0,0,1
299177.046,26.75,0,0,0,0,0,0,0.367101461,-0,150.09763,-147.154539,2.94309079,1,0,0,0,0,0,0,0,0,0,0,0,0,0,0,150.09763,4.79015999,-1.85057561,1.86249591e-05,0,0,0,0,0,0,0,0,0,0,0,0,0,0,0,0,0,0,0,0,0,0,0,0,0,0,0,0,0,0,0,0,147.154539,0.0394669884,0.967696673,-0.00384051527,-0.113534285,-0.171277625,0.224999691,-1.51211678,-4.31409623,0.000207874053,1500,1500,1500,1500,1500,1500,1500,1500,0,0,0,0,0.02,0,0,0,0,0.02,0,0,0,0,0.02,0,0,0,0,0.02,0,0,0,0,1,0,0,0,0,1,0,0,0,0,1,0,0,0,0,1
299177.098,26.8,0,0,0,0,0,0,0.367101461,-0,150.09763,-147.154539,2.94309079,1,0,0,0,0,0,0,0,0,0,0,0,0,0,0,150.09763,4.79015999,-1.85057561,1.86249591e-05,0,0,0,0,0,0,0,0,0,0,0,0,0,0,0,0,0,0,0,0,0,0,0,0,0,0,0,0,0,0,0,0,147.154539,0.0394669884,0.967696673,-0.00384051527,-0.113534285,-0.171277625,0.224999691,-1.51211678,-4.31409623,0.000207874053,1500,1500,1500,1500,1500,1500,1500,1500,0,0,0,0,0.02,0,0,0,0,0.02,0,0,0,0,0.02,0,0,0,0,0.02,0,0,0,0,1,0,0,0,0,1,0,0,0,0,1,0,0,0,0,1
299177.151,26.85,0,0,0,0,0,0,0.367101461,-0,150.09763,-147.154539,2.94309079,1,0,0,0,0,0,0,0,0,0,0,0,0,0,0,150.09763,4.79015999,-1.85057561,1.86249591e-05,0,0,0,0,0,0,0,0,0,0,0,0,0,0,0,0,0,0,0,0,0,0,0,0,0,0,0,0,0,0,0,0,147.154539,0.0394669884,0.967696673,-0.00384051527,-0.113534285,-0.171277625,0.224999691,-1.51211678,-4.31409623,0.000207874053,1500,1500,1500,1500,1500,1500,1500,1500,0,0,0,0,0.02,0,0,0,0,0.02,0,0,0,0,0.02,0,0,0,0,0.02,0,0,0,0,1,0,0,0,0,1,0,0,0,0,1,0,0,0,0,1
299177.203,26.9,0,0,0,0,0,0,0.367101461,-0,150.09763,-147.154539,2.94309079,1,0,0,0,0,0,0,0,0,0,0,0,0,0,0,150.09763,4.79015999,-1.85057561,1.86249591e-05,0,0,0,0,0,0,0,0,0,0,0,0,0,0,0,0,0,0,0,0,0,0,0,0,0,0,0,0,0,0,0,0,147.154539,0.0394669884,0.967696673,-0.00384051527,-0.113534285,-0.171277625,0.224999691,-1.51211678,-4.31409623,0.000207874053,1500,1500,1500,1500,1500,1500,1500,1500,0,0,0,0,0.02,0,0,0,0,0.02,0,0,0,0,0.02,0,0,0,0,0.02,0,0,0,0,1,0,0,0,0,1,0,0,0,0,1,0,0,0,0,1
299177.255,26.95,0,0,0,0,0,0,0.367101461,-0,150.09763,-147.154539,2.94309079,1,0,0,0,0,0,0,0,0,0,0,0,0,0,0,150.09763,4.79015999,-1.85057561,1.86249591e-05,0,0,0,0,0,0,0,0,0,0,0,0,0,0,0,0,0,0,0,0,0,0,0,0,0,0,0,0,0,0,0,0,147.154539,0.0394669884,0.967696673,-0.00384051527,-0.113534285,-0.171277625,0.224999691,-1.51211678,-4.31409623,0.000207874053,1500,1500,1500,1500,1500,1500,1500,1500,0,0,0,0,0.02,0,0,0,0,0.02,0,0,0,0,0.02,0,0,0,0,0.02,0,0,0,0,1,0,0,0,0,1,0,0,0,0,1,0,0,0,0,1
299177.308,27,0,0,0,0,0,0,0.367101461,-0,150.09763,-147.154539,2.94309079,1,0,0,0,0,0,0,0,0,0,0,0,0,0,0,150.09763,4.79015999,-1.85057561,1.86249591e-05,0,0,0,0,0,0,0,0,0,0,0,0,0,0,0,0,0,0,0,0,0,0,0,0,0,0,0,0,0,0,0,0,147.154539,0.0394669884,0.967696673,-0.00384051527,-0.113534285,-0.171277625,0.224999691,-1.51211678,-4.31409623,0.000207874053,1500,1500,1500,1500,1500,1500,1500,1500,0,0,0,0,0.02,0,0,0,0,0.02,0,0,0,0,0.02,0,0,0,0,0.02,0,0,0,0,1,0,0,0,0,1,0,0,0,0,1,0,0,0,0,1
299177.362,27.05,0,0,0,0,0,0,0.367101461,-0,150.09763,-147.154539,2.94309079,1,0,0,0,0,0,0,0,0,0,0,0,0,0,0,150.09763,4.79015999,-1.85057561,1.86249591e-05,0,0,0,0,0,0,0,0,0,0,0,0,0,0,0,0,0,0,0,0,0,0,0,0,0,0,0,0,0,0,0,0,147.154539,0.0394669884,0.967696673,-0.00384051527,-0.113534285,-0.171277625,0.224999691,-1.51211678,-4.31409623,0.000207874053,1500,1500,1500,1500,1500,1500,1500,1500,0,0,0,0,0.02,0,0,0,0,0.02,0,0,0,0,0.02,0,0,0,0,0.02,0,0,0,0,1,0,0,0,0,1,0,0,0,0,1,0,0,0,0,1
299177.414,27.1,0,0,0,0,0,0,0.367101461,-0,150.09763,-147.154539,2.94309079,1,0,0,0,0,0,0,0,0,0,0,0,0,0,0,150.09763,4.79015999,-1.85057561,1.86249591e-05,0,0,0,0,0,0,0,0,0,0,0,0,0,0,0,0,0,0,0,0,0,0,0,0,0,0,0,0,0,0,0,0,147.154539,0.0394669884,0.967696673,-0.00384051527,-0.113534285,-0.171277625,0.224999691,-1.51211678,-4.31409623,0.000207874053,1500,1500,1500,1500,1500,1500,1500,1500,0,0,0,0,0.02,0,0,0,0,0.02,0,0,0,0,0.02,0,0,0,0,0.02,0,0,0,0,1,0,0,0,0,1,0,0,0,0,1,0,0,0,0,1
299177.467,27.15,0,0,0,0,0,0,0.367101461,-0,150.09763,-147.154539,2.94309079,1,0,0,0,0,0,0,0,0,0,0,0,0,0,0,150.09763,4.79015999,-1.85057561,1.86249591e-05,0,0,0,0,0,0,0,0,0,0,0,0,0,0,0,0,0,0,0,0,0,0,0,0,0,0,0,0,0,0,0,0,147.154539,0.0394669884,0.967696673,-0.00384051527,-0.113534285,-0.171277625,0.224999691,-1.51211678,-4.31409623,0.000207874053,1500,1500,1500,1500,1500,1500,1500,1500,0,0,0,0,0.02,0,0,0,0,0.02,0,0,0,0,0.02,0,0,0,0,0.02,0,0,0,0,1,0,0,0,0,1,0,0,0,0,1,0,0,0,0,1
299177.519,27.2,0,0,0,0,0,0,0.367101461,-0,150.09763,-147.154539,2.94309079,1,0,0,0,0,0,0,0,0,0,0,0,0,0,0,150.09763,4.79015999,-1.85057561,1.86249591e-05,0,0,0,0,0,0,0,0,0,0,0,0,0,0,0,0,0,0,0,0,0,0,0,0,0,0,0,0,0,0,0,0,147.154539,0.0394669884,0.967696673,-0.00384051527,-0.113534285,-0.171277625,0.224999691,-1.51211678,-4.31409623,0.000207874053,1500,1500,1500,1500,1500,1500,1500,1500,0,0,0,0,0.02,0,0,0,0,0.02,0,0,0,0,0.02,0,0,0,0,0.02,0,0,0,0,1,0,0,0,0,1,0,0,0,0,1,0,0,0,0,1
299177.572,27.25,0,0,0,0,0,0,0.367101461,-0,150.09763,-147.154539,2.94309079,1,0,0,0,0,0,0,0,0,0,0,0,0,0,0,150.09763,4.79015999,-1.85057561,1.86249591e-05,0,0,0,0,0,0,0,0,0,0,0,0,0,0,0,0,0,0,0,0,0,0,0,0,0,0,0,0,0,0,0,0,147.154539,0.0394669884,0.967696673,-0.00384051527,-0.113534285,-0.171277625,0.224999691,-1.51211678,-4.31409623,0.000207874053,1500,1500,1500,1500,1500,1500,1500,1500,0,0,0,0,0.02,0,0,0,0,0.02,0,0,0,0,0.02,0,0,0,0,0.02,0,0,0,0,1,0,0,0,0,1,0,0,0,0,1,0,0,0,0,1
299177.623,27.3,0,0,0,0,0,0,0.367101461,-0,150.09763,-147.154539,2.94309079,1,0,0,0,0,0,0,0,0,0,0,0,0,0,0,150.09763,4.79015999,-1.85057561,1.86249591e-05,0,0,0,0,0,0,0,0,0,0,0,0,0,0,0,0,0,0,0,0,0,0,0,0,0,0,0,0,0,0,0,0,147.154539,0.0394669884,0.967696673,-0.00384051527,-0.113534285,-0.171277625,0.224999691,-1.51211678,-4.31409623,0.000207874053,1500,1500,1500,1500,1500,1500,1500,1500,0,0,0,0,0.02,0,0,0,0,0.02,0,0,0,0,0.02,0,0,0,0,0.02,0,0,0,0,1,0,0,0,0,1,0,0,0,0,1,0,0,0,0,1
299177.678,27.35,0,0,0,0,0,0,0.367101461,-0,150.09763,-147.154539,2.94309079,1,0,0,0,0,0,0,0,0,0,0,0,0,0,0,150.09763,4.79015999,-1.85057561,1.86249591e-05,0,0,0,0,0,0,0,0,0,0,0,0,0,0,0,0,0,0,0,0,0,0,0,0,0,0,0,0,0,0,0,0,147.154539,0.0394669884,0.967696673,-0.00384051527,-0.113534285,-0.171277625,0.224999691,-1.51211678,-4.31409623,0.000207874053,1500,1500,1500,1500,1500,1500,1500,1500,0,0,0,0,0.02,0,0,0,0,0.02,0,0,0,0,0.02,0,0,0,0,0.02,0,0,0,0,1,0,0,0,0,1,0,0,0,0,1,0,0,0,0,1
299177.727,27.4,0,0,0,0,0,0,0.367101461,-0,150.09763,-147.154539,2.94309079,1,0,0,0,0,0,0,0,0,0,0,0,0,0,0,150.09763,4.79015999,-1.85057561,1.86249591e-05,0,0,0,0,0,0,0,0,0,0,0,0,0,0,0,0,0,0,0,0,0,0,0,0,0,0,0,0,0,0,0,0,147.154539,0.0394669884,0.967696673,-0.00384051527,-0.113534285,-0.171277625,0.224999691,-1.51211678,-4.31409623,0.000207874053,1500,1500,1500,1500,1500,1500,1500,1500,0,0,0,0,0.02,0,0,0,0,0.02,0,0,0,0,0.02,0,0,0,0,0.02,0,0,0,0,1,0,0,0,0,1,0,0,0,0,1,0,0,0,0,1
299177.777,27.45,0,0,0,0,0,0,0.367101461,-0,150.09763,-147.154539,2.94309079,1,0,0,0,0,0,0,0,0,0,0,0,0,0,0,150.09763,4.79015999,-1.85057561,1.86249591e-05,0,0,0,0,0,0,0,0,0,0,0,0,0,0,0,0,0,0,0,0,0,0,0,0,0,0,0,0,0,0,0,0,147.154539,0.0394669884,0.967696673,-0.00384051527,-0.113534285,-0.171277625,0.224999691,-1.51211678,-4.31409623,0.000207874053,1500,1500,1500,1500,1500,1500,1500,1500,0,0,0,0,0.02,0,0,0,0,0.02,0,0,0,0,0.02,0,0,0,0,0.02,0,0,0,0,1,0,0,0,0,1,0,0,0,0,1,0,0,0,0,1
299177.828,27.5,0,0,0,0,0,0,0.367101461,-0,150.09763,-147.154539,2.94309079,1,0,0,0,0,0,0,0,0,0,0,0,0,0,0,150.09763,4.79015999,-1.85057561,1.86249591e-05,0,0,0,0,0,0,0,0,0,0,0,0,0,0,0,0,0,0,0,0,0,0,0,0,0,0,0,0,0,0,0,0,147.154539,0.0394669884,0.967696673,-0.00384051527,-0.113534285,-0.171277625,0.224999691,-1.51211678,-4.31409623,0.000207874053,1500,1500,1500,1500,1500,1500,1500,1500,0,0,0,0,0.02,0,0,0,0,0.02,0,0,0,0,0.02,0,0,0,0,0.02,0,0,0,0,1,0,0,0,0,1,0,0,0,0,1,0,0,0,0,1
299177.878,27.55,0,0,0,0,0,0,0.367101461,-0,150.09763,-147.154539,2.94309079,1,0,0,0,0,0,0,0,0,0,0,0,0,0,0,150.09763,4.79015999,-1.85057561,1.86249591e-05,0,0,0,0,0,0,0,0,0,0,0,0,0,0,0,0,0,0,0,0,0,0,0,0,0,0,0,0,0,0,0,0,147.154539,0.0394669884,0.967696673,-0.00384051527,-0.113534285,-0.171277625,0.224999691,-1.51211678,-4.31409623,0.000207874053,1500,1500,1500,1500,1500,1500,1500,1500,0,0,0,0,0.02,0,0,0,0,0.02,0,0,0,0,0.02,0,0,0,0,0.02,0,0,0,0,1,0,0,0,0,1,0,0,0,0,1,0,0,0,0,1
299177.929,27.6,0,0,0,0,0,0,0.367101461,-0,150.09763,-147.154539,2.94309079,1,0,0,0,0,0,0,0,0,0,0,0,0,0,0,150.09763,4.79015999,-1.85057561,1.86249591e-05,0,0,0,0,0,0,0,0,0,0,0,0,0,0,0,0,0,0,0,0,0,0,0,0,0,0,0,0,0,0,0,0,147.154539,0.0394669884,0.967696673,-0.00384051527,-0.113534285,-0.171277625,0.224999691,-1.51211678,-4.31409623,0.000207874053,1500,1500,1500,1500,1500,1500,1500,1500,0,0,0,0,0.02,0,0,0,0,0.02,0,0,0,0,0.02,0,0,0,0,0.02,0,0,0,0,1,0,0,0,0,1,0,0,0,0,1,0,0,0,0,1
299177.98,27.65,0,0,0,0,0,0,0.367101461,-0,150.09763,-147.154539,2.94309079,1,0,0,0,0,0,0,0,0,0,0,0,0,0,0,150.09763,4.79015999,-1.85057561,1.86249591e-05,0,0,0,0,0,0,0,0,0,0,0,0,0,0,0,0,0,0,0,0,0,0,0,0,0,0,0,0,0,0,0,0,147.154539,0.0394669884,0.967696673,-0.00384051527,-0.113534285,-0.171277625,0.224999691,-1.51211678,-4.31409623,0.000207874053,1500,1500,1500,1500,1500,1500,1500,1500,0,0,0,0,0.02,0,0,0,0,0.02,0,0,0,0,0.02,0,0,0,0,0.02,0,0,0,0,1,0,0,0,0,1,0,0,0,0,1,0,0,0,0,1
299178.032,27.7,0,0,0,0,0,0,0.367101461,-0,150.09763,-147.154539,2.94309079,1,0,0,0,0,0,0,0,0,0,0,0,0,0,0,150.09763,4.79015999,-1.85057561,1.86249591e-05,0,0,0,0,0,0,0,0,0,0,0,0,0,0,0,0,0,0,0,0,0,0,0,0,0,0,0,0,0,0,0,0,147.154539,0.0394669884,0.967696673,-0.00384051527,-0.113534285,-0.171277625,0.224999691,-1.51211678,-4.31409623,0.000207874053,1500,1500,1500,1500,1500,1500,1500,1500,0,0,0,0,0.02,0,0,0,0,0.02,0,0,0,0,0.02,0,0,0,0,0.02,0,0,0,0,1,0,0,0,0,1,0,0,0,0,1,0,0,0,0,1
299178.085,27.75,0,0,0,0,0,0,0.367101461,-0,150.09763,-147.154539,2.94309079,1,0,0,0,0,0,0,0,0,0,0,0,0,0,0,150.09763,4.79015999,-1.85057561,1.86249591e-05,0,0,0,0,0,0,0,0,0,0,0,0,0,0,0,0,0,0,0,0,0,0,0,0,0,0,0,0,0,0,0,0,147.154539,0.0394669884,0.967696673,-0.00384051527,-0.113534285,-0.171277625,0.224999691,-1.51211678,-4.31409623,0.000207874053,1500,1500,1500,1500,1500,1500,1500,1500,0,0,0,0,0.02,0,0,0,0,0.02,0,0,0,0,0.02,0,0,0,0,0.02,0,0,0,0,1,0,0,0,0,1,0,0,0,0,1,0,0,0,0,1
299178.137,27.8,0,0,0,0,0,0,0.367101461,-0,150.09763,-147.154539,2.94309079,1,0,0,0,0,0,0,0,0,0,0,0,0,0,0,150.09763,4.79015999,-1.85057561,1.86249591e-05,0,0,0,0,0,0,0,0,0,0,0,0,0,0,0,0,0,0,0,0,0,0,0,0,0,0,0,0,0,0,0,0,147.154539,0.0394669884,0.967696673,-0.00384051527,-0.113534285,-0.171277625,0.224999691,-1.51211678,-4.31409623,0.000207874053,1500,1500,1500,1500,1500,1500,1500,1500,0,0,0,0,0.02,0,0,0,0,0.02,0,0,0,0,0.02,0,0,0,0,0.02,0,0,0,0,1,0,0,0,0,1,0,0,0,0,1,0,0,0,0,1
299178.192,27.85,0,0,0,0,0,0,0.367101461,-0,150.09763,-147.154539,2.94309079,1,0,0,0,0,0,0,0,0,0,0,0,0,0,0,150.09763,4.79015999,-1.85057561,1.86249591e-05,0,0,0,0,0,0,0,0,0,0,0,0,0,0,0,0,0,0,0,0,0,0,0,0,0,0,0,0,0,0,0,0,147.154539,0.0394669884,0.967696673,-0.00384051527,-0.113534285,-0.171277625,0.224999691,-1.51211678,-4.31409623,0.000207874053,1500,1500,1500,1500,1500,1500,1500,1500,0,0,0,0,0.02,0,0,0,0,0.02,0,0,0,0,0.02,0,0,0,0,0.02,0,0,0,0,1,0,0,0,0,1,0,0,0,0,1,0,0,0,0,1
299178.244,27.9,0,0,0,0,0,0,0.367101461,-0,150.09763,-147.154539,2.94309079,1,0,0,0,0,0,0,0,0,0,0,0,0,0,0,150.09763,4.79015999,-1.85057561,1.86249591e-05,0,0,0,0,0,0,0,0,0,0,0,0,0,0,0,0,0,0,0,0,0,0,0,0,0,0,0,0,0,0,0,0,147.154539,0.0394669884,0.967696673,-0.00384051527,-0.113534285,-0.171277625,0.224999691,-1.51211678,-4.31409623,0.000207874053,1500,1500,1500,1500,1500,1500,1500,1500,0,0,0,0,0.02,0,0,0,0,0.02,0,0,0,0,0.02,0,0,0,0,0.02,0,0,0,0,1,0,0,0,0,1,0,0,0,0,1,0,0,0,0,1
299178.297,27.95,0,0,0,0,0,0,0.367101461,-0,150.09763,-147.154539,2.94309079,1,0,0,0,0,0,0,0,0,0,0,0,0,0,0,150.09763,4.79015999,-1.85057561,1.86249591e-05,0,0,0,0,0,0,0,0,0,0,0,0,0,0,0,0,0,0,0,0,0,0,0,0,0,0,0,0,0,0,0,0,147.154539,0.0394669884,0.967696673,-0.00384051527,-0.113534285,-0.171277625,0.224999691,-1.51211678,-4.31409623,0.000207874053,1500,1500,1500,1500,1500,1500,1500,1500,0,0,0,0,0.02,0,0,0,0,0.02,0,0,0,0,0.02,0,0,0,0,0.02,0,0,0,0,1,0,0,0,0,1,0,0,0,0,1,0,0,0,0,1
299178.348,28,0,0,0,0,0,0,0.367101461,-0,150.09763,-147.154539,2.94309079,1,0,0,0,0,0,0,0,0,0,0,0,0,0,0,150.09763,4.79015999,-1.85057561,1.86249591e-05,0,0,0,0,0,0,0,0,0,0,0,0,0,0,0,0,0,0,0,0,0,0,0,0,0,0,0,0,0,0,0,0,147.154539,0.0394669884,0.967696673,-0.00384051527,-0.113534285,-0.171277625,0.224999691,-1.51211678,-4.31409623,0.000207874053,1500,1500,1500,1500,1500,1500,1500,1500,0,0,0,0,0.02,0,0,0,0,0.02,0,0,0,0,0.02,0,0,0,0,0.02,0,0,0,0,1,0,0,0,0,1,0,0,0,0,1,0,0,0,0,1
299178.4,28.05,0,0,0,0,0,0,0.367101461,-0,150.09763,-147.154539,2.94309079,1,0,0,0,0,0,0,0,0,0,0,0,0,0,0,150.09763,4.79015999,-1.85057561,1.86249591e-05,0,0,0,0,0,0,0,0,0,0,0,0,0,0,0,0,0,0,0,0,0,0,0,0,0,0,0,0,0,0,0,0,147.154539,0.0394669884,0.967696673,-0.00384051527,-0.113534285,-0.171277625,0.224999691,-1.51211678,-4.31409623,0.000207874053,1500,1500,1500,1500,1500,1500,1500,1500,0,0,0,0,0.02,0,0,0,0,0.02,0,0,0,0,0.02,0,0,0,0,0.02,0,0,0,0,1,0,0,0,0,1,0,0,0,0,1,0,0,0,0,1
299178.453,28.1,0,0,0,0,0,0,0.367101461,-0,150.09763,-147.154539,2.94309079,1,0,0,0,0,0,0,0,0,0,0,0,0,0,0,150.09763,4.79015999,-1.85057561,1.86249591e-05,0,0,0,0,0,0,0,0,0,0,0,0,0,0,0,0,0,0,0,0,0,0,0,0,0,0,0,0,0,0,0,0,147.154539,0.0394669884,0.967696673,-0.00384051527,-0.113534285,-0.171277625,0.224999691,-1.51211678,-4.31409623,0.000207874053,1500,1500,1500,1500,1500,1500,1500,1500,0,0,0,0,0.02,0,0,0,0,0.02,0,0,0,0,0.02,0,0,0,0,0.02,0,0,0,0,1,0,0,0,0,1,0,0,0,0,1,0,0,0,0,1
299178.506,28.15,0,0,0,0,0,0,0.367101461,-0,150.09763,-147.154539,2.94309079,1,0,0,0,0,0,0,0,0,0,0,0,0,0,0,150.09763,4.79015999,-1.85057561,1.86249591e-05,0,0,0,0,0,0,0,0,0,0,0,0,0,0,0,0,0,0,0,0,0,0,0,0,0,0,0,0,0,0,0,0,147.154539,0.0394669884,0.967696673,-0.00384051527,-0.113534285,-0.171277625,0.224999691,-1.51211678,-4.31409623,0.000207874053,1500,1500,1500,1500,1500,1500,1500,1500,0,0,0,0,0.02,0,0,0,0,0.02,0,0,0,0,0.02,0,0,0,0,0.02,0,0,0,0,1,0,0,0,0,1,0,0,0,0,1,0,0,0,0,1
299178.556,28.2,0,0,0,0,0,0,0.367101461,-0,150.09763,-147.154539,2.94309079,1,0,0,0,0,0,0,0,0,0,0,0,0,0,0,150.09763,4.79015999,-1.85057561,1.86249591e-05,0,0,0,0,0,0,0,0,0,0,0,0,0,0,0,0,0,0,0,0,0,0,0,0,0,0,0,0,0,0,0,0,147.154539,0.0394669884,0.967696673,-0.00384051527,-0.113534285,-0.171277625,0.224999691,-1.51211678,-4.31409623,0.000207874053,1500,1500,1500,1500,1500,1500,1500,1500,0,0,0,0,0.02,0,0,0,0,0.02,0,0,0,0,0.02,0,0,0,0,0.02,0,0,0,0,1,0,0,0,0,1,0,0,0,0,1,0,0,0,0,1
299178.609,28.25,0,0,0,0,0,0,0.367101461,-0,150.09763,-147.154539,2.94309079,1,0,0,0,0,0,0,0,0,0,0,0,0,0,0,150.09763,4.79015999,-1.85057561,1.86249591e-05,0,0,0,0,0,0,0,0,0,0,0,0,0,0,0,0,0,0,0,0,0,0,0,0,0,0,0,0,0,0,0,0,147.154539,0.0394669884,0.967696673,-0.00384051527,-0.113534285,-0.171277625,0.224999691,-1.51211678,-4.31409623,0.000207874053,1500,1500,1500,1500,1500,1500,1500,1500,0,0,0,0,0.02,0,0,0,0,0.02,0,0,0,0,0.02,0,0,0,0,0.02,0,0,0,0,1,0,0,0,0,1,0,0,0,0,1,0,0,0,0,1
299178.661,28.3,0,0,0,0,0,0,0.367101461,-0,150.09763,-147.154539,2.94309079,1,0,0,0,0,0,0,0,0,0,0,0,0,0,0,150.09763,4.79015999,-1.85057561,1.86249591e-05,0,0,0,0,0,0,0,0,0,0,0,0,0,0,0,0,0,0,0,0,0,0,0,0,0,0,0,0,0,0,0,0,147.154539,0.0394669884,0.967696673,-0.00384051527,-0.113534285,-0.171277625,0.224999691,-1.51211678,-4.31409623,0.000207874053,1500,1500,1500,1500,1500,1500,1500,1500,0,0,0,0,0.02,0,0,0,0,0.02,0,0,0,0,0.02,0,0,0,0,0.02,0,0,0,0,1,0,0,0,0,1,0,0,0,0,1,0,0,0,0,1
299178.714,28.35,0,0,0,0,0,0,0.367101461,-0,150.09763,-147.154539,2.94309079,1,0,0,0,0,0,0,0,0,0,0,0,0,0,0,150.09763,4.79015999,-1.85057561,1.86249591e-05,0,0,0,0,0,0,0,0,0,0,0,0,0,0,0,0,0,0,0,0,0,0,0,0,0,0,0,0,0,0,0,0,147.154539,0.0394669884,0.967696673,-0.00384051527,-0.113534285,-0.171277625,0.224999691,-1.51211678,-4.31409623,0.000207874053,1500,1500,1500,1500,1500,1500,1500,1500,0,0,0,0,0.02,0,0,0,0,0.02,0,0,0,0,0.02,0,0,0,0,0.02,0,0,0,0,1,0,0,0,0,1,0,0,0,0,1,0,0,0,0,1
299178.766,28.4,0,0,0,0,0,0,0.367101461,-0,150.09763,-147.154539,2.94309079,1,0,0,0,0,0,0,0,0,0,0,0,0,0,0,150.09763,4.79015999,-1.85057561,1.86249591e-05,0,0,0,0,0,0,0,0,0,0,0,0,0,0,0,0,0,0,0,0,0,0,0,0,0,0,0,0,0,0,0,0,147.154539,0.0394669884,0.967696673,-0.00384051527,-0.113534285,-0.171277625,0.224999691,-1.51211678,-4.31409623,0.000207874053,1500,1500,1500,1500,1500,1500,1500,1500,0,0,0,0,0.02,0,0,0,0,0.02,0,0,0,0,0.02,0,0,0,0,0.02,0,0,0,0,1,0,0,0,0,1,0,0,0,0,1,0,0,0,0,1
299178.818,28.45,0,0,0,0,0,0,0.367101461,-0,150.09763,-147.154539,2.94309079,1,0,0,0,0,0,0,0,0,0,0,0,0,0,0,150.09763,4.79015999,-1.85057561,1.86249591e-05,0,0,0,0,0,0,0,0,0,0,0,0,0,0,0,0,0,0,0,0,0,0,0,0,0,0,0,0,0,0,0,0,147.154539,0.0394669884,0.967696673,-0.00384051527,-0.113534285,-0.171277625,0.224999691,-1.51211678,-4.31409623,0.000207874053,1500,1500,1500,1500,1500,1500,1500,1500,0,0,0,0,0.02,0,0,0,0,0.02,0,0,0,0,0.02,0,0,0,0,0.02,0,0,0,0,1,0,0,0,0,1,0,0,0,0,1,0,0,0,0,1
299178.87,28.5,0,0,0,0,0,0,0.367101461,-0,150.09763,-147.154539,2.94309079,1,0,0,0,0,0,0,0,0,0,0,0,0,0,0,150.09763,4.79015999,-1.85057561,1.86249591e-05,0,0,0,0,0,0,0,0,0,0,0,0,0,0,0,0,0,0,0,0,0,0,0,0,0,0,0,0,0,0,0,0,147.154539,0.0394669884,0.967696673,-0.00384051527,-0.113534285,-0.171277625,0.224999691,-1.51211678,-4.31409623,0.000207874053,1500,1500,1500,1500,1500,1500,1500,1500,0,0,0,0,0.02,0,0,0,0,0.02,0,0,0,0,0.02,0,0,0,0,0.02,0,0,0,0,1,0,0,0,0,1,0,0,0,0,1,0,0,0,0,1
299178.924,28.55,0,0,0,0,0,0,0.367101461,-0,150.09763,-147.154539,2.94309079,1,0,0,0,0,0,0,0,0,0,0,0,0,0,0,150.09763,4.79015999,-1.85057561,1.86249591e-05,0,0,0,0,0,0,0,0,0,0,0,0,0,0,0,0,0,0,0,0,0,0,0,0,0,0,0,0,0,0,0,0,147.154539,0.0394669884,0.967696673,-0.00384051527,-0.113534285,-0.171277625,0.224999691,-1.51211678,-4.31409623,0.000207874053,1500,1500,1500,1500,1500,1500,1500,1500,0,0,0,0,0.02,0,0,0,0,0.02,0,0,0,0,0.02,0,0,0,0,0.02,0,0,0,0,1,0,0,0,0,1,0,0,0,0,1,0,0,0,0,1
299178.976,28.6,0,0,0,0,0,0,0.367101461,-0,150.09763,-147.154539,2.94309079,1,0,0,0,0,0,0,0,0,0,0,0,0,0,0,150.09763,4.79015999,-1.85057561,1.86249591e-05,0,0,0,0,0,0,0,0,0,0,0,0,0,0,0,0,0,0,0,0,0,0,0,0,0,0,0,0,0,0,0,0,147.154539,0.0394669884,0.967696673,-0.00384051527,-0.113534285,-0.171277625,0.224999691,-1.51211678,-4.31409623,0.000207874053,1500,1500,1500,1500,1500,1500,1500,1500,0,0,0,0,0.02,0,0,0,0,0.02,0,0,0,0,0.02,0,0,0,0,0.02,0,0,0,0,1,0,0,0,0,1,0,0,0,0,1,0,0,0,0,1
299179.03,28.65,0,0,0,0,0,0,0.367101461,-0,150.09763,-147.154539,2.94309079,1,0,0,0,0,0,0,0,0,0,0,0,0,0,0,150.09763,4.79015999,-1.85057561,1.86249591e-05,0,0,0,0,0,0,0,0,0,0,0,0,0,0,0,0,0,0,0,0,0,0,0,0,0,0,0,0,0,0,0,0,147.154539,0.0394669884,0.967696673,-0.00384051527,-0.113534285,-0.171277625,0.224999691,-1.51211678,-4.31409623,0.000207874053,1500,1500,1500,1500,1500,1500,1500,1500,0,0,0,0,0.02,0,0,0,0,0.02,0,0,0,0,0.02,0,0,0,0,0.02,0,0,0,0,1,0,0,0,0,1,0,0,0,0,1,0,0,0,0,1
299179.082,28.7,0,0,0,0,0,0,0.367101461,-0,150.09763,-147.154539,2.94309079,1,0,0,0,0,0,0,0,0,0,0,0,0,0,0,150.09763,4.79015999,-1.85057561,1.86249591e-05,0,0,0,0,0,0,0,0,0,0,0,0,0,0,0,0,0,0,0,0,0,0,0,0,0,0,0,0,0,0,0,0,147.154539,0.0394669884,0.967696673,-0.00384051527,-0.113534285,-0.171277625,0.224999691,-1.51211678,-4.31409623,0.000207874053,1500,1500,1500,1500,1500,1500,1500,1500,0,0,0,0,0.02,0,0,0,0,0.02,0,0,0,0,0.02,0,0,0,0,0.02,0,0,0,0,1,0,0,0,0,1,0,0,0,0,1,0,0,0,0,1
299179.134,28.75,0,0,0,0,0,0,0.367101461,-0,150.09763,-147.154539,2.94309079,1,0,0,0,0,0,0,0,0,0,0,0,0,0,0,150.09763,4.79015999,-1.85057561,1.86249591e-05,0,0,0,0,0,0,0,0,0,0,0,0,0,0,0,0,0,0,0,0,0,0,0,0,0,0,0,0,0,0,0,0,147.154539,0.0394669884,0.967696673,-0.00384051527,-0.113534285,-0.171277625,0.224999691,-1.51211678,-4.31409623,0.000207874053,1500,1500,1500,1500,1500,1500,1500,1500,0,0,0,0,0.02,0,0,0,0,0.02,0,0,0,0,0.02,0,0,0,0,0.02,0,0,0,0,1,0,0,0,0,1,0,0,0,0,1,0,0,0,0,1
299179.186,28.8,0,0,0,0,0,0,0.367101461,-0,150.09763,-147.154539,2.94309079,1,0,0,0,0,0,0,0,0,0,0,0,0,0,0,150.09763,4.79015999,-1.85057561,1.86249591e-05,0,0,0,0,0,0,0,0,0,0,0,0,0,0,0,0,0,0,0,0,0,0,0,0,0,0,0,0,0,0,0,0,147.154539,0.0394669884,0.967696673,-0.00384051527,-0.113534285,-0.171277625,0.224999691,-1.51211678,-4.31409623,0.000207874053,1500,1500,1500,1500,1500,1500,1500,1500,0,0,0,0,0.02,0,0,0,0,0.02,0,0,0,0,0.02,0,0,0,0,0.02,0,0,0,0,1,0,0,0,0,1,0,0,0,0,1,0,0,0,0,1
299179.242,28.85,0,0,0,0,0,0,0.367101461,-0,150.09763,-147.154539,2.94309079,1,0,0,0,0,0,0,0,0,0,0,0,0,0,0,150.09763,4.79015999,-1.85057561,1.86249591e-05,0,0,0,0,0,0,0,0,0,0,0,0,0,0,0,0,0,0,0,0,0,0,0,0,0,0,0,0,0,0,0,0,147.154539,0.0394669884,0.967696673,-0.00384051527,-0.113534285,-0.171277625,0.224999691,-1.51211678,-4.31409623,0.000207874053,1500,1500,1500,1500,1500,1500,1500,1500,0,0,0,0,0.02,0,0,0,0,0.02,0,0,0,0,0.02,0,0,0,0,0.02,0,0,0,0,1,0,0,0,0,1,0,0,0,0,1,0,0,0,0,1
299179.293,28.9,0,0,0,0,0,0,0.367101461,-0,150.09763,-147.154539,2.94309079,1,0,0,0,0,0,0,0,0,0,0,0,0,0,0,150.09763,4.79015999,-1.85057561,1.86249591e-05,0,0,0,0,0,0,0,0,0,0,0,0,0,0,0,0,0,0,0,0,0,0,0,0,0,0,0,0,0,0,0,0,147.154539,0.0394669884,0.967696673,-0.00384051527,-0.113534285,-0.171277625,0.224999691,-1.51211678,-4.31409623,0.000207874053,1500,1500,1500,1500,1500,1500,1500,1500,0,0,0,0,0.02,0,0,0,0,0.02,0,0,0,0,0.02,0,0,0,0,0.02,0,0,0,0,1,0,0,0,0,1,0,0,0,0,1,0,0,0,0,1
299179.346,28.95,0,0,0,0,0,0,0.367101461,-0,150.09763,-147.154539,2.94309079,1,0,0,0,0,0,0,0,0,0,0,0,0,0,0,150.09763,4.79015999,-1.85057561,1.86249591e-05,0,0,0,0,0,0,0,0,0,0,0,0,0,0,0,0,0,0,0,0,0,0,0,0,0,0,0,0,0,0,0,0,147.154539,0.0394669884,0.967696673,-0.00384051527,-0.113534285,-0.171277625,0.224999691,-1.51211678,-4.31409623,0.000207874053,1500,1500,1500,1500,1500,1500,1500,1500,0,0,0,0,0.02,0,0,0,0,0.02,0,0,0,0,0.02,0,0,0,0,0.02,0,0,0,0,1,0,0,0,0,1,0,0,0,0,1,0,0,0,0,1
299179.398,29,0,0,0,0,0,0,0.367101461,-0,150.09763,-147.154539,2.94309079,1,0,0,0,0,0,0,0,0,0,0,0,0,0,0,150.09763,4.79015999,-1.85057561,1.86249591e-05,0,0,0,0,0,0,0,0,0,0,0,0,0,0,0,0,0,0,0,0,0,0,0,0,0,0,0,0,0,0,0,0,147.154539,0.0394669884,0.967696673,-0.00384051527,-0.113534285,-0.171277625,0.224999691,-1.51211678,-4.31409623,0.000207874053,1500,1500,1500,1500,1500,1500,1500,1500,0,0,0,0,0.02,0,0,0,0,0.02,0,0,0,0,0.02,0,0,0,0,0.02,0,0,0,0,1,0,0,0,0,1,0,0,0,0,1,0,0,0,0,1
299179.45,29.05,0,0,0,0,0,0,0.367101461,-0,150.09763,-147.154539,2.94309079,1,0,0,0,0,0,0,0,0,0,0,0,0,0,0,150.09763,4.79015999,-1.85057561,1.86249591e-05,0,0,0,0,0,0,0,0,0,0,0,0,0,0,0,0,0,0,0,0,0,0,0,0,0,0,0,0,0,0,0,0,147.154539,0.0394669884,0.967696673,-0.00384051527,-0.113534285,-0.171277625,0.224999691,-1.51211678,-4.31409623,0.000207874053,1500,1500,1500,1500,1500,1500,1500,1500,0,0,0,0,0.02,0,0,0,0,0.02,0,0,0,0,0.02,0,0,0,0,0.02,0,0,0,0,1,0,0,0,0,1,0,0,0,0,1,0,0,0,0,1
299179.501,29.1,0,0,0,0,0,0,0.367101461,-0,150.09763,-147.154539,2.94309079,1,0,0,0,0,0,0,0,0,0,0,0,0,0,0,150.09763,4.79015999,-1.85057561,1.86249591e-05,0,0,0,0,0,0,0,0,0,0,0,0,0,0,0,0,0,0,0,0,0,0,0,0,0,0,0,0,0,0,0,0,147.154539,0.0394669884,0.967696673,-0.00384051527,-0.113534285,-0.171277625,0.224999691,-1.51211678,-4.31409623,0.000207874053,1500,1500,1500,1500,1500,1500,1500,1500,0,0,0,0,0.02,0,0,0,0,0.02,0,0,0,0,0.02,0,0,0,0,0.02,0,0,0,0,1,0,0,0,0,1,0,0,0,0,1,0,0,0,0,1
299179.552,29.15,0,0,0,0,0,0,0.367101461,-0,150.09763,-147.154539,2.94309079,1,0,0,0,0,0,0,0,0,0,0,0,0,0,0,150.09763,4.79015999,-1.85057561,1.86249591e-05,0,0,0,0,0,0,0,0,0,0,0,0,0,0,0,0,0,0,0,0,0,0,0,0,0,0,0,0,0,0,0,0,147.154539,0.0394669884,0.967696673,-0.00384051527,-0.113534285,-0.171277625,0.224999691,-1.51211678,-4.31409623,0.000207874053,1500,1500,1500,1500,1500,1500,1500,1500,0,0,0,0,0.02,0,0,0,0,0.02,0,0,0,0,0.02,0,0,0,0,0.02,0,0,0,0,1,0,0,0,0,1,0,0,0,0,1,0,0,0,0,1
299179.604,29.2,0,0,0,0,0,0,0.367101461,-0,150.09763,-147.154539,2.94309079,1,0,0,0,0,0,0,0,0,0,0,0,0,0,0,150.09763,4.79015999,-1.85057561,1.86249591e-05,0,0,0,0,0,0,0,0,0,0,0,0,0,0,0,0,0,0,0,0,0,0,0,0,0,0,0,0,0,0,0,0,147.154539,0.0394669884,0.967696673,-0.00384051527,-0.113534285,-0.171277625,0.224999691,-1.51211678,-4.31409623,0.000207874053,1500,1500,1500,1500,1500,1500,1500,1500,0,0,0,0,0.02,0,0,0,0,0.02,0,0,0,0,0.02,0,0,0,0,0.02,0,0,0,0,1,0,0,0,0,1,0,0,0,0,1,0,0,0,0,1
299179.657,29.25,0,0,0,0,0,0,0.367101461,-0,150.09763,-147.154539,2.94309079,1,0,0,0,0,0,0,0,0,0,0,0,0,0,0,150.09763,4.79015999,-1.85057561,1.86249591e-05,0,0,0,0,0,0,0,0,0,0,0,0,0,0,0,0,0,0,0,0,0,0,0,0,0,0,0,0,0,0,0,0,147.154539,0.0394669884,0.967696673,-0.00384051527,-0.113534285,-0.171277625,0.224999691,-1.51211678,-4.31409623,0.000207874053,1500,1500,1500,1500,1500,1500,1500,1500,0,0,0,0,0.02,0,0,0,0,0.02,0,0,0,0,0.02,0,0,0,0,0.02,0,0,0,0,1,0,0,0,0,1,0,0,0,0,1,0,0,0,0,1
299179.711,29.3,0,0,0,0,0,0,0.367101461,-0,150.09763,-147.154539,2.94309079,1,0,0,0,0,0,0,0,0,0,0,0,0,0,0,150.09763,4.79015999,-1.85057561,1.86249591e-05,0,0,0,0,0,0,0,0,0,0,0,0,0,0,0,0,0,0,0,0,0,0,0,0,0,0,0,0,0,0,0,0,147.154539,0.0394669884,0.967696673,-0.00384051527,-0.113534285,-0.171277625,0.224999691,-1.51211678,-4.31409623,0.000207874053,1500,1500,1500,1500,1500,1500,1500,1500,0,0,0,0,0.02,0,0,0,0,0.02,0,0,0,0,0.02,0,0,0,0,0.02,0,0,0,0,1,0,0,0,0,1,0,0,0,0,1,0,0,0,0,1
299179.765,29.35,0,0,0,0,0,0,0.367101461,-0,150.09763,-147.154539,2.94309079,1,0,0,0,0,0,0,0,0,0,0,0,0,0,0,150.09763,4.79015999,-1.85057561,1.86249591e-05,0,0,0,0,0,0,0,0,0,0,0,0,0,0,0,0,0,0,0,0,0,0,0,0,0,0,0,0,0,0,0,0,147.154539,0.0394669884,0.967696673,-0.00384051527,-0.113534285,-0.171277625,0.224999691,-1.51211678,-4.31409623,0.000207874053,1500,1500,1500,1500,1500,1500,1500,1500,0,0,0,0,0.02,0,0,0,0,0.02,0,0,0,0,0.02,0,0,0,0,0.02,0,0,0,0,1,0,0,0,0,1,0,0,0,0,1,0,0,0,0,1
299179.819,29.4,0,0,0,0,0,0,0.367101461,-0,150.09763,-147.154539,2.94309079,1,0,0,0,0,0,0,0,0,0,0,0,0,0,0,150.09763,4.79015999,-1.85057561,1.86249591e-05,0,0,0,0,0,0,0,0,0,0,0,0,0,0,0,0,0,0,0,0,0,0,0,0,0,0,0,0,0,0,0,0,147.154539,0.0394669884,0.967696673,-0.00384051527,-0.113534285,-0.171277625,0.224999691,-1.51211678,-4.31409623,0.000207874053,1500,1500,1500,1500,1500,1500,1500,1500,0,0,0,0,0.02,0,0,0,0,0.02,0,0,0,0,0.02,0,0,0,0,0.02,0,0,0,0,1,0,0,0,0,1,0,0,0,0,1,0,0,0,0,1
299179.874,29.45,0,0,0,0,0,0,0.367101461,-0,150.09763,-147.154539,2.94309079,1,0,0,0,0,0,0,0,0,0,0,0,0,0,0,150.09763,4.79015999,-1.85057561,1.86249591e-05,0,0,0,0,0,0,0,0,0,0,0,0,0,0,0,0,0,0,0,0,0,0,0,0,0,0,0,0,0,0,0,0,147.154539,0.0394669884,0.967696673,-0.00384051527,-0.113534285,-0.171277625,0.224999691,-1.51211678,-4.31409623,0.000207874053,1500,1500,1500,1500,1500,1500,1500,1500,0,0,0,0,0.02,0,0,0,0,0.02,0,0,0,0,0.02,0,0,0,0,0.02,0,0,0,0,1,0,0,0,0,1,0,0,0,0,1,0,0,0,0,1
299179.926,29.5,0,0,0,0,0,0,0.367101461,-0,150.09763,-147.154539,2.94309079,1,0,0,0,0,0,0,0,0,0,0,0,0,0,0,150.09763,4.79015999,-1.85057561,1.86249591e-05,0,0,0,0,0,0,0,0,0,0,0,0,0,0,0,0,0,0,0,0,0,0,0,0,0,0,0,0,0,0,0,0,147.154539,0.0394669884,0.967696673,-0.00384051527,-0.113534285,-0.171277625,0.224999691,-1.51211678,-4.31409623,0.000207874053,1500,1500,1500,1500,1500,1500,1500,1500,0,0,0,0,0.02,0,0,0,0,0.02,0,0,0,0,0.02,0,0,0,0,0.02,0,0,0,0,1,0,0,0,0,1,0,0,0,0,1,0,0,0,0,1
299179.979,29.55,0,0,0,0,0,0,0.367101461,-0,150.09763,-147.154539,2.94309079,1,0,0,0,0,0,0,0,0,0,0,0,0,0,0,150.09763,4.79015999,-1.85057561,1.86249591e-05,0,0,0,0,0,0,0,0,0,0,0,0,0,0,0,0,0,0,0,0,0,0,0,0,0,0,0,0,0,0,0,0,147.154539,0.0394669884,0.967696673,-0.00384051527,-0.113534285,-0.171277625,0.224999691,-1.51211678,-4.31409623,0.000207874053,1500,1500,1500,1500,1500,1500,1500,1500,0,0,0,0,0.02,0,0,0,0,0.02,0,0,0,0,0.02,0,0,0,0,0.02,0,0,0,0,1,0,0,0,0,1,0,0,0,0,1,0,0,0,0,1
299180.032,29.6,0,0,0,0,0,0,0.367101461,-0,150.09763,-147.154539,2.94309079,1,0,0,0,0,0,0,0,0,0,0,0,0,0,0,150.09763,4.79015999,-1.85057561,1.86249591e-05,0,0,0,0,0,0,0,0,0,0,0,0,0,0,0,0,0,0,0,0,0,0,0,0,0,0,0,0,0,0,0,0,147.154539,0.0394669884,0.967696673,-0.00384051527,-0.113534285,-0.171277625,0.224999691,-1.51211678,-4.31409623,0.000207874053,1500,1500,1500,1500,1500,1500,1500,1500,0,0,0,0,0.02,0,0,0,0,0.02,0,0,0,0,0.02,0,0,0,0,0.02,0,0,0,0,1,0,0,0,0,1,0,0,0,0,1,0,0,0,0,1
299180.085,29.65,0,0,0,0,0,0,0.367101461,-0,150.09763,-147.154539,2.94309079,1,0,0,0,0,0,0,0,0,0,0,0,0,0,0,150.09763,4.79015999,-1.85057561,1.86249591e-05,0,0,0,0,0,0,0,0,0,0,0,0,0,0,0,0,0,0,0,0,0,0,0,0,0,0,0,0,0,0,0,0,147.154539,0.0394669884,0.967696673,-0.00384051527,-0.113534285,-0.171277625,0.224999691,-1.51211678,-4.31409623,0.000207874053,1500,1500,1500,1500,1500,1500,1500,1500,0,0,0,0,0.02,0,0,0,0,0.02,0,0,0,0,0.02,0,0,0,0,0.02,0,0,0,0,1,0,0,0,0,1,0,0,0,0,1,0,0,0,0,1
299180.136,29.7,0,0,0,0,0,0,0.367101461,-0,150.09763,-147.154539,2.94309079,1,0,0,0,0,0,0,0,0,0,0,0,0,0,0,150.09763,4.79015999,-1.85057561,1.86249591e-05,0,0,0,0,0,0,0,0,0,0,0,0,0,0,0,0,0,0,0,0,0,0,0,0,0,0,0,0,0,0,0,0,147.154539,0.0394669884,0.967696673,-0.00384051527,-0.113534285,-0.171277625,0.224999691,-1.51211678,-4.31409623,0.000207874053,1500,1500,1500,1500,1500,1500,1500,1500,0,0,0,0,0.02,0,0,0,0,0.02,0,0,0,0,0.02,0,0,0,0,0.02,0,0,0,0,1,0,0,0,0,1,0,0,0,0,1,0,0,0,0,1
299180.188,29.75,0,0,0,0,0,0,0.367101461,-0,150.09763,-147.154539,2.94309079,1,0,0,0,0,0,0,0,0,0,0,0,0,0,0,150.09763,4.79015999,-1.85057561,1.86249591e-05,0,0,0,0,0,0,0,0,0,0,0,0,0,0,0,0,0,0,0,0,0,0,0,0,0,0,0,0,0,0,0,0,147.154539,0.0394669884,0.967696673,-0.00384051527,-0.113534285,-0.171277625,0.224999691,-1.51211678,-4.31409623,0.000207874053,1500,1500,1500,1500,1500,1500,1500,1500,0,0,0,0,0.02,0,0,0,0,0.02,0,0,0,0,0.02,0,0,0,0,0.02,0,0,0,0,1,0,0,0,0,1,0,0,0,0,1,0,0,0,0,1
299180.24,29.8,0,0,0,0,0,0,0.367101461,-0,150.09763,-147.154539,2.94309079,1,0,0,0,0,0,0,0,0,0,0,0,0,0,0,150.09763,4.79015999,-1.85057561,1.86249591e-05,0,0,0,0,0,0,0,0,0,0,0,0,0,0,0,0,0,0,0,0,0,0,0,0,0,0,0,0,0,0,0,0,147.154539,0.0394669884,0.967696673,-0.00384051527,-0.113534285,-0.171277625,0.224999691,-1.51211678,-4.31409623,0.000207874053,1500,1500,1500,1500,1500,1500,1500,1500,0,0,0,0,0.02,0,0,0,0,0.02,0,0,0,0,0.02,0,0,0,0,0.02,0,0,0,0,1,0,0,0,0,1,0,0,0,0,1,0,0,0,0,1
299180.294,29.85,0,0,0,0,0,0,0.367101461,-0,150.09763,-147.154539,2.94309079,1,0,0,0,0,0,0,0,0,0,0,0,0,0,0,150.09763,4.79015999,-1.85057561,1.86249591e-05,0,0,0,0,0,0,0,0,0,0,0,0,0,0,0,0,0,0,0,0,0,0,0,0,0,0,0,0,0,0,0,0,147.154539,0.0394669884,0.967696673,-0.00384051527,-0.113534285,-0.171277625,0.224999691,-1.51211678,-4.31409623,0.000207874053,1500,1500,1500,1500,1500,1500,1500,1500,0,0,0,0,0.02,0,0,0,0,0.02,0,0,0,0,0.02,0,0,0,0,0.02,0,0,0,0,1,0,0,0,0,1,0,0,0,0,1,0,0,0,0,1
299180.347,29.9,0,0,0,0,0,0,0.367101461,-0,150.09763,-147.154539,2.94309079,1,0,0,0,0,0,0,0,0,0,0,0,0,0,0,150.09763,4.79015999,-1.85057561,1.86249591e-05,0,0,0,0,0,0,0,0,0,0,0,0,0,0,0,0,0,0,0,0,0,0,0,0,0,0,0,0,0,0,0,0,147.154539,0.0394669884,0.967696673,-0.00384051527,-0.113534285,-0.171277625,0.224999691,-1.51211678,-4.31409623,0.000207874053,1500,1500,1500,1500,1500,1500,1500,1500,0,0,0,0,0.02,0,0,0,0,0.02,0,0,0,0,0.02,0,0,0,0,0.02,0,0,0,0,1,0,0,0,0,1,0,0,0,0,1,0,0,0,0,1
299180.4,29.95,0,0,0,0,0,0,0.367101461,-0,150.09763,-147.154539,2.94309079,1,0,0,0,0,0,0,0,0,0,0,0,0,0,0,150.09763,4.79015999,-1.85057561,1.86249591e-05,0,0,0,0,0,0,0,0,0,0,0,0,0,0,0,0,0,0,0,0,0,0,0,0,0,0,0,0,0,0,0,0,147.154539,0.0394669884,0.967696673,-0.00384051527,-0.113534285,-0.171277625,0.224999691,-1.51211678,-4.31409623,0.000207874053,1500,1500,1500,1500,1500,1500,1500,1500,0,0,0,0,0.02,0,0,0,0,0.02,0,0,0,0,0.02,0,0,0,0,0.02,0,0,0,0,1,0,0,0,0,1,0,0,0,0,1,0,0,0,0,1
299180.453,30,0,0,0,0,0,0,0.367101461,-0,150.09763,-147.154539,2.94309079,1,0,0,0,0,0,0,0,0,0,0,0,0,0,0,150.09763,4.79015999,-1.85057561,1.86249591e-05,0,0,0,0,0,0,0,0,0,0,0,0,0,0,0,0,0,0,0,0,0,0,0,0,0,0,0,0,0,0,0,0,147.154539,0.0394669884,0.967696673,-0.00384051527,-0.113534285,-0.171277625,0.224999691,-1.51211678,-4.31409623,0.000207874053,1500,1500,1500,1500,1500,1500,1500,1500,0,0,0,0,0.02,0,0,0,0,0.02,0,0,0,0,0.02,0,0,0,0,0.02,0,0,0,0,1,0,0,0,0,1,0,0,0,0,1,0,0,0,0,1
299180.508,30.05,0,0,0,0,0,0,0.367101461,-0,150.09763,-147.154539,2.94309079,1,0,0,0,0,0,0,0,0,0,0,0,0,0,0,150.09763,4.79015999,-1.85057561,1.86249591e-05,0,0,0,0,0,0,0,0,0,0,0,0,0,0,0,0,0,0,0,0,0,0,0,0,0,0,0,0,0,0,0,0,147.154539,0.0394669884,0.967696673,-0.00384051527,-0.113534285,-0.171277625,0.224999691,-1.51211678,-4.31409623,0.000207874053,1500,1500,1500,1500,1500,1500,1500,1500,0,0,0,0,0.02,0,0,0,0,0.02,0,0,0,0,0.02,0,0,0,0,0.02,0,0,0,0,1,0,0,0,0,1,0,0,0,0,1,0,0,0,0,1
299180.559,30.1,0,0,0,0,0,0,0.367101461,-0,150.09763,-147.154539,2.94309079,1,0,0,0,0,0,0,0,0,0,0,0,0,0,0,150.09763,4.79015999,-1.85057561,1.86249591e-05,0,0,0,0,0,0,0,0,0,0,0,0,0,0,0,0,0,0,0,0,0,0,0,0,0,0,0,0,0,0,0,0,147.154539,0.0394669884,0.967696673,-0.00384051527,-0.113534285,-0.171277625,0.224999691,-1.51211678,-4.31409623,0.000207874053,1500,1500,1500,1500,1500,1500,1500,1500,0,0,0,0,0.02,0,0,0,0,0.02,0,0,0,0,0.02,0,0,0,0,0.02,0,0,0,0,1,0,0,0,0,1,0,0,0,0,1,0,0,0,0,1
299180.612,30.15,0,0,0,0,0,0,0.367101461,-0,150.09763,-147.154539,2.94309079,1,0,0,0,0,0,0,0,0,0,0,0,0,0,0,150.09763,4.79015999,-1.85057561,1.86249591e-05,0,0,0,0,0,0,0,0,0,0,0,0,0,0,0,0,0,0,0,0,0,0,0,0,0,0,0,0,0,0,0,0,147.154539,0.0394669884,0.967696673,-0.00384051527,-0.113534285,-0.171277625,0.224999691,-1.51211678,-4.31409623,0.000207874053,1500,1500,1500,1500,1500,1500,1500,1500,0,0,0,0,0.02,0,0,0,0,0.02,0,0,0,0,0.02,0,0,0,0,0.02,0,0,0,0,1,0,0,0,0,1,0,0,0,0,1,0,0,0,0,1
299180.668,30.2,0,0,0,0,0,0,0.367101461,-0,150.09763,-147.154539,2.94309079,1,0,0,0,0,0,0,0,0,0,0,0,0,0,0,150.09763,4.79015999,-1.85057561,1.86249591e-05,0,0,0,0,0,0,0,0,0,0,0,0,0,0,0,0,0,0,0,0,0,0,0,0,0,0,0,0,0,0,0,0,147.154539,0.0394669884,0.967696673,-0.00384051527,-0.113534285,-0.171277625,0.224999691,-1.51211678,-4.31409623,0.000207874053,1500,1500,1500,1500,1500,1500,1500,1500,0,0,0,0,0.02,0,0,0,0,0.02,0,0,0,0,0.02,0,0,0,0,0.02,0,0,0,0,1,0,0,0,0,1,0,0,0,0,1,0,0,0,0,1
299180.719,30.25,0,0,0,0,0,0,0.367101461,-0,150.09763,-147.154539,2.94309079,1,0,0,0,0,0,0,0,0,0,0,0,0,0,0,150.09763,4.79015999,-1.85057561,1.86249591e-05,0,0,0,0,0,0,0,0,0,0,0,0,0,0,0,0,0,0,0,0,0,0,0,0,0,0,0,0,0,0,0,0,147.154539,0.0394669884,0.967696673,-0.00384051527,-0.113534285,-0.171277625,0.224999691,-1.51211678,-4.31409623,0.000207874053,1500,1500,1500,1500,1500,1500,1500,1500,0,0,0,0,0.02,0,0,0,0,0.02,0,0,0,0,0.02,0,0,0,0,0.02,0,0,0,0,1,0,0,0,0,1,0,0,0,0,1,0,0,0,0,1
299180.771,30.3,0,0,0,0,0,0,0.367101461,-0,150.09763,-147.154539,2.94309079,1,0,0,0,0,0,0,0,0,0,0,0,0,0,0,150.09763,4.79015999,-1.85057561,1.86249591e-05,0,0,0,0,0,0,0,0,0,0,0,0,0,0,0,0,0,0,0,0,0,0,0,0,0,0,0,0,0,0,0,0,147.154539,0.0394669884,0.967696673,-0.00384051527,-0.113534285,-0.171277625,0.224999691,-1.51211678,-4.31409623,0.000207874053,1500,1500,1500,1500,1500,1500,1500,1500,0,0,0,0,0.02,0,0,0,0,0.02,0,0,0,0,0.02,0,0,0,0,0.02,0,0,0,0,1,0,0,0,0,1,0,0,0,0,1,0,0,0,0,1
299180.826,30.35,0,0,0,0,0,0,0.367101461,-0,150.09763,-147.154539,2.94309079,1,0,0,0,0,0,0,0,0,0,0,0,0,0,0,150.09763,4.79015999,-1.85057561,1.86249591e-05,0,0,0,0,0,0,0,0,0,0,0,0,0,0,0,0,0,0,0,0,0,0,0,0,0,0,0,0,0,0,0,0,147.154539,0.0394669884,0.967696673,-0.00384051527,-0.113534285,-0.171277625,0.224999691,-1.51211678,-4.31409623,0.000207874053,1500,1500,1500,1500,1500,1500,1500,1500,0,0,0,0,0.02,0,0,0,0,0.02,0,0,0,0,0.02,0,0,0,0,0.02,0,0,0,0,1,0,0,0,0,1,0,0,0,0,1,0,0,0,0,1
299180.877,30.4,0,0,0,0,0,0,0.367101461,-0,150.09763,-147.154539,2.94309079,1,0,0,0,0,0,0,0,0,0,0,0,0,0,0,150.09763,4.79015999,-1.85057561,1.86249591e-05,0,0,0,0,0,0,0,0,0,0,0,0,0,0,0,0,0,0,0,0,0,0,0,0,0,0,0,0,0,0,0,0,147.154539,0.0394669884,0.967696673,-0.00384051527,-0.113534285,-0.171277625,0.224999691,-1.51211678,-4.31409623,0.000207874053,1500,1500,1500,1500,1500,1500,1500,1500,0,0,0,0,0.02,0,0,0,0,0.02,0,0,0,0,0.02,0,0,0,0,0.02,0,0,0,0,1,0,0,0,0,1,0,0,0,0,1,0,0,0,0,1
299180.931,30.45,0,0,0,0,0,0,0.367101461,-0,150.09763,-147.154539,2.94309079,1,0,0,0,0,0,0,0,0,0,0,0,0,0,0,150.09763,4.79015999,-1.85057561,1.86249591e-05,0,0,0,0,0,0,0,0,0,0,0,0,0,0,0,0,0,0,0,0,0,0,0,0,0,0,0,0,0,0,0,0,147.154539,0.0394669884,0.967696673,-0.00384051527,-0.113534285,-0.171277625,0.224999691,-1.51211678,-4.31409623,0.000207874053,1500,1500,1500,1500,1500,1500,1500,1500,0,0,0,0,0.02,0,0,0,0,0.02,0,0,0,0,0.02,0,0,0,0,0.02,0,0,0,0,1,0,0,0,0,1,0,0,0,0,1,0,0,0,0,1
299180.984,30.5,0,0,0,0,0,0,0.367101461,-0,150.09763,-147.154539,2.94309079,1,0,0,0,0,0,0,0,0,0,0,0,0,0,0,150.09763,4.79015999,-1.85057561,1.86249591e-05,0,0,0,0,0,0,0,0,0,0,0,0,0,0,0,0,0,0,0,0,0,0,0,0,0,0,0,0,0,0,0,0,147.154539,0.0394669884,0.967696673,-0.00384051527,-0.113534285,-0.171277625,0.224999691,-1.51211678,-4.31409623,0.000207874053,1500,1500,1500,1500,1500,1500,1500,1500,0,0,0,0,0.02,0,0,0,0,0.02,0,0,0,0,0.02,0,0,0,0,0.02,0,0,0,0,1,0,0,0,0,1,0,0,0,0,1,0,0,0,0,1
299181.035,30.55,0,0,0,0,0,0,0.367101461,-0,150.09763,-147.154539,2.94309079,1,0,0,0,0,0,0,0,0,0,0,0,0,0,0,150.09763,4.79015999,-1.85057561,1.86249591e-05,0,0,0,0,0,0,0,0,0,0,0,0,0,0,0,0,0,0,0,0,0,0,0,0,0,0,0,0,0,0,0,0,147.154539,0.0394669884,0.967696673,-0.00384051527,-0.113534285,-0.171277625,0.224999691,-1.51211678,-4.31409623,0.000207874053,1500,1500,1500,1500,1500,1500,1500,1500,0,0,0,0,0.02,0,0,0,0,0.02,0,0,0,0,0.02,0,0,0,0,0.02,0,0,0,0,1,0,0,0,0,1,0,0,0,0,1,0,0,0,0,1
299181.087,30.6,0,0,0,0,0,0,0.367101461,-0,150.09763,-147.154539,2.94309079,1,0,0,0,0,0,0,0,0,0,0,0,0,0,0,150.09763,4.79015999,-1.85057561,1.86249591e-05,0,0,0,0,0,0,0,0,0,0,0,0,0,0,0,0,0,0,0,0,0,0,0,0,0,0,0,0,0,0,0,0,147.154539,0.0394669884,0.967696673,-0.00384051527,-0.113534285,-0.171277625,0.224999691,-1.51211678,-4.31409623,0.000207874053,1500,1500,1500,1500,1500,1500,1500,1500,0,0,0,0,0.02,0,0,0,0,0.02,0,0,0,0,0.02,0,0,0,0,0.02,0,0,0,0,1,0,0,0,0,1,0,0,0,0,1,0,0,0,0,1
299181.138,30.65,0,0,0,0,0,0,0.367101461,-0,150.09763,-147.154539,2.94309079,1,0,0,0,0,0,0,0,0,0,0,0,0,0,0,150.09763,4.79015999,-1.85057561,1.86249591e-05,0,0,0,0,0,0,0,0,0,0,0,0,0,0,0,0,0,0,0,0,0,0,0,0,0,0,0,0,0,0,0,0,147.154539,0.0394669884,0.967696673,-0.00384051527,-0.113534285,-0.171277625,0.224999691,-1.51211678,-4.31409623,0.000207874053,1500,1500,1500,1500,1500,1500,1500,1500,0,0,0,0,0.02,0,0,0,0,0.02,0,0,0,0,0.02,0,0,0,0,0.02,0,0,0,0,1,0,0,0,0,1,0,0,0,0,1,0,0,0,0,1
299181.188,30.7,0,0,0,0,0,0,0.367101461,-0,150.09763,-147.154539,2.94309079,1,0,0,0,0,0,0,0,0,0,0,0,0,0,0,150.09763,4.79015999,-1.85057561,1.86249591e-05,0,0,0,0,0,0,0,0,0,0,0,0,0,0,0,0,0,0,0,0,0,0,0,0,0,0,0,0,0,0,0,0,147.154539,0.0394669884,0.967696673,-0.00384051527,-0.113534285,-0.171277625,0.224999691,-1.51211678,-4.31409623,0.000207874053,1500,1500,1500,1500,1500,1500,1500,1500,0,0,0,0,0.02,0,0,0,0,0.02,0,0,0,0,0.02,0,0,0,0,0.02,0,0,0,0,1,0,0,0,0,1,0,0,0,0,1,0,0,0,0,1
299181.24,30.75,0,0,0,0,0,0,0.367101461,-0,150.09763,-147.154539,2.94309079,1,0,0,0,0,0,0,0,0,0,0,0,0,0,0,150.09763,4.79015999,-1.85057561,1.86249591e-05,0,0,0,0,0,0,0,0,0,0,0,0,0,0,0,0,0,0,0,0,0,0,0,0,0,0,0,0,0,0,0,0,147.154539,0.0394669884,0.967696673,-0.00384051527,-0.113534285,-0.171277625,0.224999691,-1.51211678,-4.31409623,0.000207874053,1500,1500,1500,1500,1500,1500,1500,1500,0,0,0,0,0.02,0,0,0,0,0.02,0,0,0,0,0.02,0,0,0,0,0.02,0,0,0,0,1,0,0,0,0,1,0,0,0,0,1,0,0,0,0,1
299181.292,30.8,0,0,0,0,0,0,0.367101461,-0,150.09763,-147.154539,2.94309079,1,0,0,0,0,0,0,0,0,0,0,0,0,0,0,150.09763,4.79015999,-1.85057561,1.86249591e-05,0,0,0,0,0,0,0,0,0,0,0,0,0,0,0,0,0,0,0,0,0,0,0,0,0,0,0,0,0,0,0,0,147.154539,0.0394669884,0.967696673,-0.00384051527,-0.113534285,-0.171277625,0.224999691,-1.51211678,-4.31409623,0.000207874053,1500,1500,1500,1500,1500,1500,1500,1500,0,0,0,0,0.02,0,0,0,0,0.02,0,0,0,0,0.02,0,0,0,0,0.02,0,0,0,0,1,0,0,0,0,1,0,0,0,0,1,0,0,0,0,1
299181.346,30.85,0,0,0,0,0,0,0.367101461,-0,150.09763,-147.154539,2.94309079,1,0,0,0,0,0,0,0,0,0,0,0,0,0,0,150.09763,4.79015999,-1.85057561,1.86249591e-05,0,0,0,0,0,0,0,0,0,0,0,0,0,0,0,0,0,0,0,0,0,0,0,0,0,0,0,0,0,0,0,0,147.154539,0.0394669884,0.967696673,-0.00384051527,-0.113534285,-0.171277625,0.224999691,-1.51211678,-4.31409623,0.000207874053,1500,1500,1500,1500,1500,1500,1500,1500,0,0,0,0,0.02,0,0,0,0,0.02,0,0,0,0,0.02,0,0,0,0,0.02,0,0,0,0,1,0,0,0,0,1,0,0,0,0,1,0,0,0,0,1
299181.399,30.9,0,0,0,0,0,0,0.367101461,-0,150.09763,-147.154539,2.94309079,1,0,0,0,0,0,0,0,0,0,0,0,0,0,0,150.09763,4.79015999,-1.85057561,1.86249591e-05,0,0,0,0,0,0,0,0,0,0,0,0,0,0,0,0,0,0,0,0,0,0,0,0,0,0,0,0,0,0,0,0,147.154539,0.0394669884,0.967696673,-0.00384051527,-0.113534285,-0.171277625,0.224999691,-1.51211678,-4.31409623,0.000207874053,1500,1500,1500,1500,1500,1500,1500,1500,0,0,0,0,0.02,0,0,0,0,0.02,0,0,0,0,0.02,0,0,0,0,0.02,0,0,0,0,1,0,0,0,0,1,0,0,0,0,1,0,0,0,0,1
299181.454,30.95,0,0,0,0,0,0,0.367101461,-0,150.09763,-147.154539,2.94309079,1,0,0,0,0,0,0,0,0,0,0,0,0,0,0,150.09763,4.79015999,-1.85057561,1.86249591e-05,0,0,0,0,0,0,0,0,0,0,0,0,0,0,0,0,0,0,0,0,0,0,0,0,0,0,0,0,0,0,0,0,147.154539,0.0394669884,0.967696673,-0.00384051527,-0.113534285,-0.171277625,0.224999691,-1.51211678,-4.31409623,0.000207874053,1500,1500,1500,1500,1500,1500,1500,1500,0,0,0,0,0.02,0,0,0,0,0.02,0,0,0,0,0.02,0,0,0,0,0.02,0,0,0,0,1,0,0,0,0,1,0,0,0,0,1,0,0,0,0,1
299181.505,31,0,0,0,0,0,0,0.367101461,-0,150.09763,-147.154539,2.94309079,1,0,0,0,0,0,0,0,0,0,0,0,0,0,0,150.09763,4.79015999,-1.85057561,1.86249591e-05,0,0,0,0,0,0,0,0,0,0,0,0,0,0,0,0,0,0,0,0,0,0,0,0,0,0,0,0,0,0,0,0,147.154539,0.0394669884,0.967696673,-0.00384051527,-0.113534285,-0.171277625,0.224999691,-1.51211678,-4.31409623,0.000207874053,1500,1500,1500,1500,1500,1500,1500,1500,0,0,0,0,0.02,0,0,0,0,0.02,0,0,0,0,0.02,0,0,0,0,0.02,0,0,0,0,1,0,0,0,0,1,0,0,0,0,1,0,0,0,0,1
299181.556,31.05,0,0,0,0,0,0,0.367101461,-0,150.09763,-147.154539,2.94309079,1,0,0,0,0,0,0,0,0,0,0,0,0,0,0,150.09763,4.79015999,-1.85057561,1.86249591e-05,0,0,0,0,0,0,0,0,0,0,0,0,0,0,0,0,0,0,0,0,0,0,0,0,0,0,0,0,0,0,0,0,147.154539,0.0394669884,0.967696673,-0.00384051527,-0.113534285,-0.171277625,0.224999691,-1.51211678,-4.31409623,0.000207874053,1500,1500,1500,1500,1500,1500,1500,1500,0,0,0,0,0.02,0,0,0,0,0.02,0,0,0,0,0.02,0,0,0,0,0.02,0,0,0,0,1,0,0,0,0,1,0,0,0,0,1,0,0,0,0,1
299181.608,31.1,0,0,0,0,0,0,0.367101461,-0,150.09763,-147.154539,2.94309079,1,0,0,0,0,0,0,0,0,0,0,0,0,0,0,150.09763,4.79015999,-1.85057561,1.86249591e-05,0,0,0,0,0,0,0,0,0,0,0,0,0,0,0,0,0,0,0,0,0,0,0,0,0,0,0,0,0,0,0,0,147.154539,0.0394669884,0.967696673,-0.00384051527,-0.113534285,-0.171277625,0.224999691,-1.51211678,-4.31409623,0.000207874053,1500,1500,1500,1500,1500,1500,1500,1500,0,0,0,0,0.02,0,0,0,0,0.02,0,0,0,0,0.02,0,0,0,0,0.02,0,0,0,0,1,0,0,0,0,1,0,0,0,0,1,0,0,0,0,1
299181.661,31.15,0,0,0,0,0,0,0.367101461,-0,150.09763,-147.154539,2.94309079,1,0,0,0,0,0,0,0,0,0,0,0,0,0,0,150.09763,4.79015999,-1.85057561,1.86249591e-05,0,0,0,0,0,0,0,0,0,0,0,0,0,0,0,0,0,0,0,0,0,0,0,0,0,0,0,0,0,0,0,0,147.154539,0.0394669884,0.967696673,-0.00384051527,-0.113534285,-0.171277625,0.224999691,-1.51211678,-4.31409623,0.000207874053,1500,1500,1500,1500,1500,1500,1500,1500,0,0,0,0,0.02,0,0,0,0,0.02,0,0,0,0,0.02,0,0,0,0,0.02,0,0,0,0,1,0,0,0,0,1,0,0,0,0,1,0,0,0,0,1
299181.712,31.2,0,0,0,0,0,0,0.367101461,-0,150.09763,-147.154539,2.94309079,1,0,0,0,0,0,0,0,0,0,0,0,0,0,0,150.09763,4.79015999,-1.85057561,1.86249591e-05,0,0,0,0,0,0,0,0,0,0,0,0,0,0,0,0,0,0,0,0,0,0,0,0,0,0,0,0,0,0,0,0,147.154539,0.0394669884,0.967696673,-0.00384051527,-0.113534285,-0.171277625,0.224999691,-1.51211678,-4.31409623,0.000207874053,1500,1500,1500,1500,1500,1500,1500,1500,0,0,0,0,0.02,0,0,0,0,0.02,0,0,0,0,0.02,0,0,0,0,0.02,0,0,0,0,1,0,0,0,0,1,0,0,0,0,1,0,0,0,0,1
299181.762,31.25,0,0,0,0,0,0,0.367101461,-0,150.09763,-147.154539,2.94309079,1,0,0,0,0,0,0,0,0,0,0,0,0,0,0,150.09763,4.79015999,-1.85057561,1.86249591e-05,0,0,0,0,0,0,0,0,0,0,0,0,0,0,0,0,0,0,0,0,0,0,0,0,0,0,0,0,0,0,0,0,147.154539,0.0394669884,0.967696673,-0.00384051527,-0.113534285,-0.171277625,0.224999691,-1.51211678,-4.31409623,0.000207874053,1500,1500,1500,1500,1500,1500,1500,1500,0,0,0,0,0.02,0,0,0,0,0.02,0,0,0,0,0.02,0,0,0,0,0.02,0,0,0,0,1,0,0,0,0,1,0,0,0,0,1,0,0,0,0,1
299181.812,31.3,0,0,0,0,0,0,0.367101461,-0,150.09763,-147.154539,2.94309079,1,0,0,0,0,0,0,0,0,0,0,0,0,0,0,150.09763,4.79015999,-1.85057561,1.86249591e-05,0,0,0,0,0,0,0,0,0,0,0,0,0,0,0,0,0,0,0,0,0,0,0,0,0,0,0,0,0,0,0,0,147.154539,0.0394669884,0.967696673,-0.00384051527,-0.113534285,-0.171277625,0.224999691,-1.51211678,-4.31409623,0.000207874053,1500,1500,1500,1500,1500,1500,1500,1500,0,0,0,0,0.02,0,0,0,0,0.02,0,0,0,0,0.02,0,0,0,0,0.02,0,0,0,0,1,0,0,0,0,1,0,0,0,0,1,0,0,0,0,1
299181.862,31.35,0,0,0,0,0,0,0.367101461,-0,150.09763,-147.154539,2.94309079,1,0,0,0,0,0,0,0,0,0,0,0,0,0,0,150.09763,4.79015999,-1.85057561,1.86249591e-05,0,0,0,0,0,0,0,0,0,0,0,0,0,0,0,0,0,0,0,0,0,0,0,0,0,0,0,0,0,0,0,0,147.154539,0.0394669884,0.967696673,-0.00384051527,-0.113534285,-0.171277625,0.224999691,-1.51211678,-4.31409623,0.000207874053,1500,1500,1500,1500,1500,1500,1500,1500,0,0,0,0,0.02,0,0,0,0,0.02,0,0,0,0,0.02,0,0,0,0,0.02,0,0,0,0,1,0,0,0,0,1,0,0,0,0,1,0,0,0,0,1
299181.912,31.4,0,0,0,0,0,0,0.367101461,-0,150.09763,-147.154539,2.94309079,1,0,0,0,0,0,0,0,0,0,0,0,0,0,0,150.09763,4.79015999,-1.85057561,1.86249591e-05,0,0,0,0,0,0,0,0,0,0,0,0,0,0,0,0,0,0,0,0,0,0,0,0,0,0,0,0,0,0,0,0,147.154539,0.0394669884,0.967696673,-0.00384051527,-0.113534285,-0.171277625,0.224999691,-1.51211678,-4.31409623,0.000207874053,1500,1500,1500,1500,1500,1500,1500,1500,0,0,0,0,0.02,0,0,0,0,0.02,0,0,0,0,0.02,0,0,0,0,0.02,0,0,0,0,1,0,0,0,0,1,0,0,0,0,1,0,0,0,0,1
299181.962,31.45,0,0,0,0,0,0,0.367101461,-0,150.09763,-147.154539,2.94309079,1,0,0,0,0,0,0,0,0,0,0,0,0,0,0,150.09763,4.79015999,-1.85057561,1.86249591e-05,0,0,0,0,0,0,0,0,0,0,0,0,0,0,0,0,0,0,0,0,0,0,0,0,0,0,0,0,0,0,0,0,147.154539,0.0394669884,0.967696673,-0.00384051527,-0.113534285,-0.171277625,0.224999691,-1.51211678,-4.31409623,0.000207874053,1500,1500,1500,1500,1500,1500,1500,1500,0,0,0,0,0.02,0,0,0,0,0.02,0,0,0,0,0.02,0,0,0,0,0.02,0,0,0,0,1,0,0,0,0,1,0,0,0,0,1,0,0,0,0,1
299182.012,31.5,0,0,0,0,0,0,0.367101461,-0,150.09763,-147.154539,2.94309079,1,0,0,0,0,0,0,0,0,0,0,0,0,0,0,150.09763,4.79015999,-1.85057561,1.86249591e-05,0,0,0,0,0,0,0,0,0,0,0,0,0,0,0,0,0,0,0,0,0,0,0,0,0,0,0,0,0,0,0,0,147.154539,0.0394669884,0.967696673,-0.00384051527,-0.113534285,-0.171277625,0.224999691,-1.51211678,-4.31409623,0.000207874053,1500,1500,1500,1500,1500,1500,1500,1500,0,0,0,0,0.02,0,0,0,0,0.02,0,0,0,0,0.02,0,0,0,0,0.02,0,0,0,0,1,0,0,0,0,1,0,0,0,0,1,0,0,0,0,1
299182.062,31.55,0,0,0,0,0,0,0.367101461,-0,150.09763,-147.154539,2.94309079,1,0,0,0,0,0,0,0,0,0,0,0,0,0,0,150.09763,4.79015999,-1.85057561,1.86249591e-05,0,0,0,0,0,0,0,0,0,0,0,0,0,0,0,0,0,0,0,0,0,0,0,0,0,0,0,0,0,0,0,0,147.154539,0.0394669884,0.967696673,-0.00384051527,-0.113534285,-0.171277625,0.224999691,-1.51211678,-4.31409623,0.000207874053,1500,1500,1500,1500,1500,1500,1500,1500,0,0,0,0,0.02,0,0,0,0,0.02,0,0,0,0,0.02,0,0,0,0,0.02,0,0,0,0,1,0,0,0,0,1,0,0,0,0,1,0,0,0,0,1
299182.112,31.6,0,0,0,0,0,0,0.367101461,-0,150.09763,-147.154539,2.94309079,1,0,0,0,0,0,0,0,0,0,0,0,0,0,0,150.09763,4.79015999,-1.85057561,1.86249591e-05,0,0,0,0,0,0,0,0,0,0,0,0,0,0,0,0,0,0,0,0,0,0,0,0,0,0,0,0,0,0,0,0,147.154539,0.0394669884,0.967696673,-0.00384051527,-0.113534285,-0.171277625,0.224999691,-1.51211678,-4.31409623,0.000207874053,1500,1500,1500,1500,1500,1500,1500,1500,0,0,0,0,0.02,0,0,0,0,0.02,0,0,0,0,0.02,0,0,0,0,0.02,0,0,0,0,1,0,0,0,0,1,0,0,0,0,1,0,0,0,0,1
299182.162,31.65,0,0,0,0,0,0,0.367101461,-0,150.09763,-147.154539,2.94309079,1,0,0,0,0,0,0,0,0,0,0,0,0,0,0,150.09763,4.79015999,-1.85057561,1.86249591e-05,0,0,0,0,0,0,0,0,0,0,0,0,0,0,0,0,0,0,0,0,0,0,0,0,0,0,0,0,0,0,0,0,147.154539,0.0394669884,0.967696673,-0.00384051527,-0.113534285,-0.171277625,0.224999691,-1.51211678,-4.31409623,0.000207874053,1500,1500,1500,1500,1500,1500,1500,1500,0,0,0,0,0.02,0,0,0,0,0.02,0,0,0,0,0.02,0,0,0,0,0.02,0,0,0,0,1,0,0,0,0,1,0,0,0,0,1,0,0,0,0,1
299182.212,31.7,0,0,0,0,0,0,0.367101461,-0,150.09763,-147.154539,2.94309079,1,0,0,0,0,0,0,0,0,0,0,0,0,0,0,150.09763,4.79015999,-1.85057561,1.86249591e-05,0,0,0,0,0,0,0,0,0,0,0,0,0,0,0,0,0,0,0,0,0,0,0,0,0,0,0,0,0,0,0,0,147.154539,0.0394669884,0.967696673,-0.00384051527,-0.113534285,-0.171277625,0.224999691,-1.51211678,-4.31409623,0.000207874053,1500,1500,1500,1500,1500,1500,1500,1500,0,0,0,0,0.02,0,0,0,0,0.02,0,0,0,0,0.02,0,0,0,0,0.02,0,0,0,0,1,0,0,0,0,1,0,0,0,0,1,0,0,0,0,1
299182.262,31.75,0,0,0,0,0,0,0.367101461,-0,150.09763,-147.154539,2.94309079,1,0,0,0,0,0,0,0,0,0,0,0,0,0,0,150.09763,4.79015999,-1.85057561,1.86249591e-05,0,0,0,0,0,0,0,0,0,0,0,0,0,0,0,0,0,0,0,0,0,0,0,0,0,0,0,0,0,0,0,0,147.154539,0.0394669884,0.967696673,-0.00384051527,-0.113534285,-0.171277625,0.224999691,-1.51211678,-4.31409623,0.000207874053,1500,1500,1500,1500,1500,1500,1500,1500,0,0,0,0,0.02,0,0,0,0,0.02,0,0,0,0,0.02,0,0,0,0,0.02,0,0,0,0,1,0,0,0,0,1,0,0,0,0,1,0,0,0,0,1
299182.312,31.8,0,0,0,0,0,0,0.367101461,-0,150.09763,-147.154539,2.94309079,1,0,0,0,0,0,0,0,0,0,0,0,0,0,0,150.09763,4.79015999,-1.85057561,1.86249591e-05,0,0,0,0,0,0,0,0,0,0,0,0,0,0,0,0,0,0,0,0,0,0,0,0,0,0,0,0,0,0,0,0,147.154539,0.0394669884,0.967696673,-0.00384051527,-0.113534285,-0.171277625,0.224999691,-1.51211678,-4.31409623,0.000207874053,1500,1500,1500,1500,1500,1500,1500,1500,0,0,0,0,0.02,0,0,0,0,0.02,0,0,0,0,0.02,0,0,0,0,0.02,0,0,0,0,1,0,0,0,0,1,0,0,0,0,1,0,0,0,0,1
299182.362,31.85,0,0,0,0,0,0,0.367101461,-0,150.09763,-147.154539,2.94309079,1,0,0,0,0,0,0,0,0,0,0,0,0,0,0,150.09763,4.79015999,-1.85057561,1.86249591e-05,0,0,0,0,0,0,0,0,0,0,0,0,0,0,0,0,0,0,0,0,0,0,0,0,0,0,0,0,0,0,0,0,147.154539,0.0394669884,0.967696673,-0.00384051527,-0.113534285,-0.171277625,0.224999691,-1.51211678,-4.31409623,0.000207874053,1500,1500,1500,1500,1500,1500,1500,1500,0,0,0,0,0.02,0,0,0,0,0.02,0,0,0,0,0.02,0,0,0,0,0.02,0,0,0,0,1,0,0,0,0,1,0,0,0,0,1,0,0,0,0,1
299182.412,31.9,0,0,0,0,0,0,0.367101461,-0,150.09763,-147.154539,2.94309079,1,0,0,0,0,0,0,0,0,0,0,0,0,0,0,150.09763,4.79015999,-1.85057561,1.86249591e-05,0,0,0,0,0,0,0,0,0,0,0,0,0,0,0,0,0,0,0,0,0,0,0,0,0,0,0,0,0,0,0,0,147.154539,0.0394669884,0.967696673,-0.00384051527,-0.113534285,-0.171277625,0.224999691,-1.51211678,-4.31409623,0.000207874053,1500,1500,1500,1500,1500,1500,1500,1500,0,0,0,0,0.02,0,0,0,0,0.02,0,0,0,0,0.02,0,0,0,0,0.02,0,0,0,0,1,0,0,0,0,1,0,0,0,0,1,0,0,0,0,1
299182.462,31.95,0,0,0,0,0,0,0.367101461,-0,150.09763,-147.154539,2.94309079,1,0,0,0,0,0,0,0,0,0,0,0,0,0,0,150.09763,4.79015999,-1.85057561,1.86249591e-05,0,0,0,0,0,0,0,0,0,0,0,0,0,0,0,0,0,0,0,0,0,0,0,0,0,0,0,0,0,0,0,0,147.154539,0.0394669884,0.967696673,-0.00384051527,-0.113534285,-0.171277625,0.224999691,-1.51211678,-4.31409623,0.000207874053,1500,1500,1500,1500,1500,1500,1500,1500,0,0,0,0,0.02,0,0,0,0,0.02,0,0,0,0,0.02,0,0,0,0,0.02,0,0,0,0,1,0,0,0,0,1,0,0,0,0,1,0,0,0,0,1
299182.512,32,0,0,0,0,0,0,0.367101461,-0,150.09763,-147.154539,2.94309079,1,0,0,0,0,0,0,0,0,0,0,0,0,0,0,150.09763,4.79015999,-1.85057561,1.86249591e-05,0,0,0,0,0,0,0,0,0,0,0,0,0,0,0,0,0,0,0,0,0,0,0,0,0,0,0,0,0,0,0,0,147.154539,0.0394669884,0.967696673,-0.00384051527,-0.113534285,-0.171277625,0.224999691,-1.51211678,-4.31409623,0.000207874053,1500,1500,1500,1500,1500,1500,1500,1500,0,0,0,0,0.02,0,0,0,0,0.02,0,0,0,0,0.02,0,0,0,0,0.02,0,0,0,0,1,0,0,0,0,1,0,0,0,0,1,0,0,0,0,1
299182.562,32.05,0,0,0,0,0,0,0.367101461,-0,150.09763,-147.154539,2.94309079,1,0,0,0,0,0,0,0,0,0,0,0,0,0,0,150.09763,4.79015999,-1.85057561,1.86249591e-05,0,0,0,0,0,0,0,0,0,0,0,0,0,0,0,0,0,0,0,0,0,0,0,0,0,0,0,0,0,0,0,0,147.154539,0.0394669884,0.967696673,-0.00384051527,-0.113534285,-0.171277625,0.224999691,-1.51211678,-4.31409623,0.000207874053,1500,1500,1500,1500,1500,1500,1500,1500,0,0,0,0,0.02,0,0,0,0,0.02,0,0,0,0,0.02,0,0,0,0,0.02,0,0,0,0,1,0,0,0,0,1,0,0,0,0,1,0,0,0,0,1
299182.612,32.1,0,0,0,0,0,0,0.367101461,-0,150.09763,-147.154539,2.94309079,1,0,0,0,0,0,0,0,0,0,0,0,0,0,0,150.09763,4.79015999,-1.85057561,1.86249591e-05,0,0,0,0,0,0,0,0,0,0,0,0,0,0,0,0,0,0,0,0,0,0,0,0,0,0,0,0,0,0,0,0,147.154539,0.0394669884,0.967696673,-0.00384051527,-0.113534285,-0.171277625,0.224999691,-1.51211678,-4.31409623,0.000207874053,1500,1500,1500,1500,1500,1500,1500,1500,0,0,0,0,0.02,0,0,0,0,0.02,0,0,0,0,0.02,0,0,0,0,0.02,0,0,0,0,1,0,0,0,0,1,0,0,0,0,1,0,0,0,0,1
299182.662,32.15,0.311439216,-0.0344255525,-0.0195587787,-0.0167359188,-0.0067402371,-0.000339577164,0.367396323,0.0347120943,150.09763,-147.154539,2.94309079,0,40.1517244,-0.0582809321,-0.145529841,-0.0134037239,2.97101153,0.0115535803,9.8551584,38.8680295,-2.08271164,-2.88373985,0.7144208,0.0294966689,-2.54588106,-5.26596504,155.146566,4.76175404,-1.88016242,-0.990451441,0.108255158,0.292225424,-0.0347120943,-0.0167359188,-0.0067402371,-0.000339577164,0,0,0,0,0,0,9.85515867,38.8680305,-2.08271169,-0.016038022,1.15551329,0.0118100167,-14.825706,-39.5562425,4.69166302,0.363863352,2.1936314,0.26019892,-14.825706,-39.5562425,4.69166302,0.363863352,2.1936314,0.26019892,1.23603357e-05,6.97105293e-06,147.15476,0.0387409142,0.967585076,-0.00368609961,-0.565067728,-0.452745127,0.717086776,-1.15021179,-1.55318593,-0.781142099,1330,1311,1286,1355,1566,1458,1579,1395,-0.105,-0.105,-0.104911341,-0.0208514124,0.02,0.2625,0.2625,0.262278354,0.131509503,0.02,-0.165,-0.165,-0.164860679,-0.0546263193,0.02,0.1975,0.1975,0.197333237,0.0894980691,0.02,0.4725,0.4725,0.44891538,15.4663852,1,-0.3625,-0.3625,-0.448269918,-12.8964471,1,0.425,0.425,0.448681455,15.4538987,1,-0.535,-0.535,-0.449580089,-12.9663822,1
299182.712,32.2,0.313233446,-0.0226437909,0.000498647306,-0.0487310532,-0.0801235031,-0.00996802366,0.368487795,0.0134558671,150.09763,-147.154539,2.94309079,0,40.2219343,-0.332488965,-0.145609959,0.00720969341,2.97625359,0.0535366029,10.1510854,38.8704512,-1.99480288,-2.8830675,0.738049075,0.0648762191,-0.0997397438,-0.188715267,151.106135,4.60175858,-1.61042751,-0.406134433,0.0955484467,0.294905578,-0.0134558671,-0.0487310532,-0.0801235031,-0.00996802366,0,0,0,0,0,0,10.1510857,38.8704523,-1.99480293,-0.00781880755,1.15758151,0.0549995558,-11.9687696,-35.9557748,1.59973677,0.464175284,2.06420882,0.147343735,-11.9687696,-35.9557748,1.59973677,0.464175284,2.06420882,0.147343735,0.000888902438,0.000160554675,147.160456,0.0259425498,0.952175309,0.000456460722,-0.148457961,0.127713758,0.245134557,-0.174351729,-1.29080717,-0.21924802,1330,1311,1286,1355,1566,1458,1579,1395,-0.105,-0.105,-0.104958918,-0.0208810409,0.02,0.2625,0.2625,0.262397296,0.131594156,0.02,-0.165,-0.165,-0.164935443,-0.0546728784,0.02,0.1975,0.1975,0.197422727,0.0895697218,0.02,0.4725,0.4725,0.449963409,15.5223276,1,-0.3625,-0.3625,-0.446152251,-12.783409,1,0.425,0.425,0.448096758,15.4226883,1,-0.535,-0.535,-0.45337589,-13.1539802,1
299182.762,32.25,0.321839154,-0.0157868507,0.00720815129,-0.0402682261,-0.13074546,-0.02370217,0.368915999,0.00504265282,150.09763,-147.154539,2.94309079,0,40.2615557,-0.594637945,-0.142099059,0.0256626377,2.98006702,0.094430653,10.4511342,38.8457724,-1.77381444,-2.88143344,0.760335914,0.0980091601,-0.181798546,-0.368797531,150.185498,4.11729906,-1.22696166,-0.228237771,0.0912283167,0.302856343,-0.00504265282,-0.0402682261,-0.13074546,-0.02370217,0,0,0,0,0,0,10.4511345,38.8457734,-1.77381448,-0.00121499695,1.1596195,0.0970470627,-10.7935014,-35.0387378,0.500380714,0.38091704,2.13956151,-0.125037061,-10.7935014,-35.0387378,0.500380714,0.38091704,2.13956151,-0.125037061,0.00264562937,0.00039157609,147.167131,0.00949036174,0.915943806,0.00304206589,-0.0250775151,0.194393951,0.120688545,0.373355522,-0.696702724,-0.284908799,1333,1314,1288,1359,1567,1461,1573,1396,-0.0975,-0.0975,-0.102611688,-0.019419302,0.02,0.26,0.26,0.261654768,0.131065689,0.02,-0.1675,-0.1675,-0.166033249,-0.0553565374,0.02,0.1825,0.1825,0.192726075,0.0858092102,0.02,0.465,0.465,0.450723385,15.5661118,1,-0.3525,-0.3525,-0.44390848,-12.6636396,1,0.4175,0.4175,0.447392705,15.385107,1,-0.53,-0.53,-0.45684203,-13.3235798,1
299182.813,32.3,0.332767916,-0.0117635445,0.0102418206,-0.0184708682,-0.149467093,-0.0340484663,0.369031251,-1.95640893e-05,150.09763,-147.154539,2.94309079,0,40.286056,-0.845222325,-0.139208754,0.0434441734,2.98265097,0.134176323,10.7614753,38.8032478,-1.48280161,-2.87842489,0.783017307,0.132858963,-0.220220181,-0.382915987,150.195024,3.43036578,-0.893509125,-0.221080768,0.091293605,0.313354168,1.95640893e-05,-0.0184708682,-0.149467093,-0.0340484663,0,0,0,0,0,0,10.7614756,38.8032488,-1.48280165,0.005240125,1.16110875,0.137895305,-10.3432385,-35.0952605,-0.0763339914,0.20369655,2.16822683,0.00156147154,-10.3432385,-35.0952605,-0.0763339914,0.20369655,2.16822683,0.00156147154,0.00392511144,0.000687441932,147.16983,-0.00116698134,0.868665538,0.00209542299,0.0319361071,0.215611503,0.0978282462,0.428672878,-0.0329753223,-0.09151685,1333,1314,1288,1359,1567,1461,1573,1396,-0.0975,-0.0975,-0.10051987,-0.0181166215,0.02,0.26,0.26,0.2609776,0.130583738,0.02,-0.1675,-0.1675,-0.166820352,-0.0558467066,0.02,0.1825,0.1825,0.188541335,0.0825883449,0.02,0.465,0.465,0.451357794,15.6027977,1,-0.3525,-0.3525,-0.441651596,-12.5431703,1,0.4175,0.4175,0.446654651,15.3457107,1,-0.53,-0.53,-0.460092948,-13.4814081,1
299182.863,32.35,0.341446937,-0.00961208341,0.0126886421,-0.00108492291,-0.136684893,-0.0316087654,0.368911669,-0.00454152818,150.09763,-147.154539,2.94309079,0,40.2804892,-1.05670041,-0.13751588,0.058812727,2.98262682,0.164147559,11.0331333,38.7364407,-1.1880528,-2.87338218,0.802570963,0.161309665,-0.209100367,-0.215232136,150.342219,2.70527973,-0.660546263,-0.315795327,0.0927988249,0.322558001,0.00454152818,-0.00108492291,-0.136684893,-0.0316087654,0,0,0,0,0,0,11.0331336,38.7364418,-1.18805283,0.0110498694,1.16134367,0.168797046,-10.5528506,-36.5548687,-0.563981911,0.0584817748,2.1598955,0.301516842,-10.5528506,-36.5548687,-0.563981911,0.0584817748,2.1598955,0.301516842,0.00324090842,0.000826099233,147.167169,-0.0041579044,0.820787265,0.000397708181,0.0351783446,0.152782882,0.0918257606,0.26187314,0.547951346,0.172888047,1333,1314,1288,1359,1567,1461,1573,1396,-0.0975,-0.0975,-0.0992840715,-0.0175381035,0.02,0.26,0.26,0.260577544,0.130299012,0.02,-0.1675,-0.1675,-0.167185072,-0.056073836,0.02,0.1825,0.1825,0.186069085,0.0808288076,0.02,0.465,0.465,0.451964013,15.6378534,1,-0.3525,-0.3525,-0.439450435,-12.42812,1,0.4175,0.4175,0.44593482,15.3072871,1,-0.53,-0.53,-0.463199405,-13.5919537,1
299182.914,32.4,0.345503443,-0.00878345394,0.0149622852,0.00800541213,-0.0989861193,-0.0190326258,0.368577328,-0.00852349464,150.09763,-147.154539,2.94309079,0,40.2780934,-1.25585742,-0.136462736,0.0734995187,2.98267157,0.191684976,11.2764248,38.6764045,-0.947936575,-2.86880401,0.82008435,0.189473514,-0.193026767,-0.0349860459,150.275048,2.09687303,-0.524539655,-0.356064221,0.0941960222,0.32814279,0.00852349464,0.00800541213,-0.0989861193,-0.0190326258,0,0,0,0,0,0,11.2764251,38.6764056,-0.947936598,0.0167347644,1.16150135,0.197210754,-10.9248957,-38.0548272,-1.03963785,-0.0138049137,2.08390606,0.429857955,-10.9248957,-38.0548272,-1.03963785,-0.0138049137,2.08390606,0.429857955,0.00141173299,0.000574235149,147.16122,-0.00213486572,0.781465138,-0.000454275019,0.0235641629,0.0806126341,0.0700268362,0.0828078174,0.953012301,0.30235942,1333,1314,1288,1359,1567,1461,1573,1396,-0.0975,-0.0975,-0.0985539893,-0.0172782983,0.02,0.26,0.26,0.2603412,0.130130802,0.02,-0.1675,-0.1675,-0.167354072,-0.0561790808,0.02,0.1825,0.1825,0.184608535,0.0797893125,0.02,0.465,0.465,0.452543292,15.6713513,1,-0.3525,-0.3525,-0.437303622,-12.3230755,1,0.4175,0.4175,0.445232762,15.2698122,1,-0.53,-0.53,-0.466167821,-13.697587,1
299182.964,32.45,0.345890118,-0.00888288664,0.0168084605,0.0103975887,-0.0455151236,-0.003855367,0.36807265,-0.011313843,150.09763,-147.154539,2.94309079,0,40.273814,-1.44815451,-0.135853971,0.0877921869,2.98248469,0.21826243,11.4837297,38.6209183,-0.802700234,-2.86455019,0.835228306,0.217501249,-0.193499108,0.0807100126,150.014209,1.71733554,-0.475942529,-0.322731417,0.0952222316,0.330760989,0.011313843,0.0103975887,-0.0455151236,-0.003855367,0,0,0,0,0,0,11.48373,38.6209194,-0.802700252,0.0223356041,1.16151057,0.224634316,-11.204971,-38.9882264,-1.36740908,-0.0221448967,2.0068533,0.364674916,-11.204971,-38.9882264,-1.36740908,-0.0221448967,2.0068533,0.364674916,0.000132706762,0.000161279721,147.156017,0.00155157501,0.757478318,-0.000520480459,0.0172132997,0.0332396844,0.0399995124,-0.0194966662,1.17234586,0.296141247,1333,1314,1288,1359,1567,1461,1573,1396,-0.0975,-0.0975,-0.0981226732,-0.0171248112,0.02,0.26,0.26,0.260201573,0.130031428,0.02,-0.1675,-0.1675,-0.167432381,-0.0562278481,0.02,0.1825,0.1825,0.183745675,0.0791752021,0.02,0.465,0.465,0.45309683,15.7033607,1,-0.3525,-0.3525,-0.435209813,-12.2206246,1,0.4175,0.4175,0.444548038,15.2332626,1,-0.53,-0.53,-0.469004329,-13.7985262,1
299183.018,32.5,0.34418355,-0.00962055693,0.0181661328,0.00902147922,0.0147742201,0.00974368048,0.36746629,-0.0126321579,150.09763,-147.154539,2.94309079,0,40.3001458,-1.66620927,-0.135500539,0.104092067,2.98454551,0.252833542,11.6950183,38.5943357,-0.774703418,-2.86237366,0.851409386,0.253359363,-0.214762341,0.140558979,149.676034,1.6298129,-0.505456697,-0.245434607,0.0960287143,0.331615326,0.0126321579,0.00902147922,0.0147742201,0.00974368048,0,0,0,0,0,0,11.6950186,38.5943368,-0.774703436,0.0287794093,1.16238275,0.26016487,-11.4247133,-39.4691058,-1.52921038,0.000415837702,1.99815968,0.216186549,-11.4247133,-39.4691058,-1.52921038,0.000415837702,1.99815968,0.216186549,9.41998193e-05,-6.13186782e-05,147.154737,0.00486882069,0.752647476,-0.000375429154,0.0139467754,0.00599601202,0.00832573363,-0.065977505,1.21241405,0.254730584,1333,1314,1288,1359,1567,1461,1573,1396,-0.0975,-0.0975,-0.0978678613,-0.0170341345,0.02,0.26,0.26,0.260119085,0.12997272,0.02,-0.1675,-0.1675,-0.167468668,-0.0562504453,0.02,0.1825,0.1825,0.183235917,0.0788123996,0.02,0.465,0.465,0.453625771,15.7339476,1,-0.3525,-0.3525,-0.4331677,-12.1207032,1,0.4175,0.4175,0.443880219,15.1976154,1,-0.53,-0.53,-0.471714791,-13.9407467,1
299183.069,32.55,0.341538281,-0.0108176254,0.0190832834,0.0056942145,0.0702457295,0.0208197493,0.366831896,-0.0125315629,150.09763,-147.154539,2.94309079,0,40.3413701,-1.89442279,-0.135294619,0.121196599,2.98769367,0.291067001,11.8952682,38.584785,-0.866163465,-2.86137388,0.86769401,0.292179288,-0.24424515,0.167798068,149.34639,1.84552019,-0.600670998,-0.138129192,0.0967157247,0.331344917,0.0125315629,0.0056942145,0.0702457295,0.0208197493,0,0,0,0,0,0,11.8952686,38.5847861,-0.866163485,0.0355686899,1.16366848,0.299402469,-11.5923892,-39.6630321,-1.51593268,0.0244508258,1.92654308,0.0135829939,-11.5923892,-39.6630321,-1.51593268,0.0244508258,1.92654308,0.0135829939,0.00107290912,6.90925709e-05,147.157893,0.00699039646,0.767478078,-0.000413621086,0.0103710775,-0.017384335,-0.0178844265,-0.0799409961,0.949091116,0.191390592,1333,1314,1288,1359,1567,1461,1573,1396,-0.0975,-0.0975,-0.0977173242,-0.0169805648,0.02,0.26,0.26,0.260070353,0.129938036,0.02,-0.1675,-0.1675,-0.167485482,-0.0562609162,0.02,0.1825,0.1825,0.182934763,0.078598064,0.02,0.465,0.465,0.454131207,15.7631754,1,-0.3525,-0.3525,-0.431176007,-12.0232489,1,0.4175,0.4175,0.443228889,15.1628483,1,-0.53,-0.53,-0.474304809,-14.1020402,1
299183.12,32.6,0.338621,-0.0122573564,0.0195450605,0.00291917332,0.106311997,0.0291800627,0.366233578,-0.0112894752,150.09763,-147.154539,2.94309079,0,40.3789162,-2.11434143,-0.1351743,0.137701044,2.99054576,0.327846141,12.0674195,38.5774296,-1.0511392,-2.86048779,0.882823921,0.328694634,-0.281948506,0.16688406,149.074818,2.3015867,-0.739935136,-0.045348257,0.0972319064,0.329961213,0.0112894752,0.00291917332,0.106311997,0.0291800627,0,0,0,0,0,0,12.0674198,38.5774307,-1.05113922,0.0421328135,1.16482401,0.337149253,-11.7163944,-39.6536456,-1.37275564,0.0549025058,1.82000197,-0.149681442,-11.7163944,-39.6536456,-1.37275564,0.0549025058,1.82000197,-0.149681442,0.00229510612,0.000358995504,147.162181,0.00801902383,0.797677307,-0.000627881957,0.00695588542,-0.0388900332,-0.0367833283,-0.0457129691,0.45868369,0.154629073,1333,1314,1288,1359,1567,1461,1573,1396,-0.0975,-0.0975,-0.0976283902,-0.016948917,0.02,0.26,0.26,0.260041563,0.129917546,0.02,-0.1675,-0.1675,-0.167493273,-0.056265768,0.02,0.1825,0.1825,0.182756848,0.0784714393,0.02,0.465,0.465,0.454614184,15.7911044,1,-0.3525,-0.3525,-0.42923349,-11.9282007,1,0.4175,0.4175,0.442593641,15.1289396,1,-0.53,-0.53,-0.476779734,-14.2561662,1
299183.174,32.65,0.33593945,-0.0138176044,0.0195243542,0.00164688467,0.116311553,0.0366285733,0.36571804,-0.00933001095,150.09763,-147.154539,2.94309079,0,40.4129932,-2.32628819,-0.135103837,0.153619833,2.99312536,0.363229548,12.2154507,38.5717385,-1.28204792,-2.85971653,0.896892474,0.363234644,-0.322358249,0.148861805,148.900307,2.87659727,-0.89758487,0.0228895951,0.0975751534,0.327654187,0.00933001095,0.00164688467,0.116311553,0.0366285733,0,0,0,0,0,0,12.2154511,38.5717395,-1.28204795,0.0484716085,1.16586364,0.373465226,-11.8014263,-39.5155783,-1.13582903,0.0780553017,1.78443501,-0.257685825,-11.8014263,-39.5155783,-1.13582903,0.0780553017,1.78443501,-0.257685825,0.00312075723,0.000443617578,147.163675,0.00864448797,0.835384344,-0.00081271328,0.00427919096,-0.0546824609,-0.0448995629,-0.0101621197,-0.0693659905,0.151114272,1333,1314,1288,1359,1567,1461,1573,1396,-0.0975,-0.0975,-0.0975758501,-0.0169302202,0.02,0.26,0.26,0.260024554,0.129905441,0.02,-0.1675,-0.1675,-0.167496883,-0.0562680162,0.02,0.1825,0.1825,0.18265174,0.0783966323,0.02,0.465,0.465,0.455075698,15.8177923,1,-0.3525,-0.3525,-0.427338933,-11.8354993,1,0.4175,0.4175,0.441974077,15.0958681,1,-0.53,-0.53,-0.479144681,-14.4034434,1
299183.225,32.7,0.333746309,-0.0154302987,0.0190495749,0.00143377981,0.10190372,0.044394966,0.365308937,-0.00712189006,150.09763,-147.154539,2.94309079,0,40.4261287,-2.51290174,-0.135062495,0.167641655,2.99412323,0.392403983,12.3189196,38.5561908,-1.50637543,-2.85824955,0.907774953,0.39142388,-0.359363695,0.127214908,148.832436,3.43794746,-1.04658067,0.0688317903,0.0977415864,0.324743385,0.00712189006,0.00143377981,0.10190372,0.044394966,0,0,0,0,0,0,12.3189199,38.5561919,-1.50637547,0.0540584982,1.16626797,0.403460762,-11.8476896,-39.3207979,-0.868550829,0.0876266346,1.83937359,-0.326677944,-11.8476896,-39.3207979,-0.868550829,0.0876266346,1.83937359,-0.326677944,0.00324169726,0.000223505241,147.161542,0.0094890101,0.872022923,-0.000936604874,0.000520214992,-0.0630520925,-0.0437739564,-0.00819673185,-0.506008984,0.158433239,1333,1314,1288,1359,1567,1461,1573,1396,-0.0975,-0.0975,-0.0975448105,-0.0169191745,0.02,0.26,0.26,0.260014506,0.129898289,0.02,-0.1675,-0.1675,-0.167498556,-0.056269058,0.02,0.1825,0.1825,0.182589645,0.078352438,0.02,0.465,0.465,0.455516704,15.8432943,1,-0.3525,-0.3525,-0.425491153,-11.7450867,1,0.4175,0.4175,0.44136981,15.0636132,1,-0.53,-0.53,-0.481404537,-14.5191853,1
299183.278,32.75,0.332034928,-0.0170206588,0.0182400706,0.00137709899,0.0691770366,0.0526599088,0.365006508,-0.00511613297,150.09763,-147.154539,2.94309079,0,40.4229644,-2.68250824,-0.128574246,0.180846205,2.99366529,0.4233815,12.3869859,38.5355426,-1.67420728,-2.85600201,0.916255827,0.42156477,-0.393888946,0.109546069,148.849729,3.87571039,-1.16169227,0.109233971,0.0976839531,0.321513153,0.00511613297,0.00137709899,0.0691770366,0.0526599088,0,0,0,0,0,0,12.3869862,38.5355436,-1.67420732,0.0595968353,1.1659816,0.435184549,-11.8969715,-39.1447028,-0.642377587,0.0989424092,1.94276046,-0.385253499,-11.8969715,-39.1447028,-0.642377587,0.0989424092,1.94276046,-0.385253499,0.00254683117,-4.56021763e-05,147.157757,0.0108036824,0.900505059,-0.00108077132,-0.00353189824,-0.0665470531,-0.0366490446,-0.00821385905,-0.795307657,0.174202977,1332,1316,1286,1361,1569,1457,1572,1400,-0.1075,-0.1075,-0.102593371,-0.0194078948,0.02,0.25,0.25,0.256170405,0.128184478,0.02,-0.1725,-0.1725,-0.17003543,-0.057845746,0.02,0.18,0.18,0.181593419,0.0776434092,0.02,0.46,0.46,0.455733333,15.8558213,1,-0.3475,-0.3475,-0.423575308,-11.6513436,1,0.42,0.42,0.440837306,15.0351888,1,-0.535,-0.535,-0.483768751,-14.6243507,1
299183.329,32.8,0.330720451,-0.0185846618,0.0171911889,0.00129261524,0.0257515396,0.0616832848,0.364792818,-0.00359613166,150.09763,-147.154539,2.94309079,0,40.417917,-2.84627308,-0.12464126,0.193535247,2.99319034,0.453723261,12.4330952,38.5230401,-1.76588569,-2.85445416,0.922388217,0.451442711,-0.424386201,0.102585338,148.930735,4.11606091,-1.22545205,0.150466759,0.0974479741,0.318225394,0.00359613166,0.00129261524,0.0257515396,0.0616832848,0,0,0,0,0,0,12.4330955,38.5230411,-1.76588573,0.0648837062,1.1657521,0.466246876,-11.9377487,-39.0152452,-0.457105282,0.109197677,2.03222666,-0.447535566,-11.9377487,-39.0152452,-0.457105282,0.109197677,2.03222666,-0.447535566,0.0011105536,-7.59470879e-06,147.154973,0.0126654809,0.916068534,-0.00125098207,-0.00685874308,-0.0643730859,-0.0239595575,-0.0181074887,-0.925281691,0.186235497,1332,1316,1286,1361,1569,1457,1572,1400,-0.1075,-0.1075,-0.105226418,-0.0210476266,0.02,0.25,0.25,0.253645336,0.127061272,0.02,-0.1725,-0.1725,-0.171357994,-0.0585517122,0.02,0.18,0.18,0.180941356,0.0771793264,0.02,0.46,0.46,0.455922931,15.8667851,1,-0.3475,-0.3475,-0.421697002,-11.5594374,1,0.42,0.42,0.440322831,15.0077269,1,-0.535,-0.535,-0.486045313,-14.7256171,1
299183.383,32.85,0.329616423,-0.0201133926,0.0160289149,0.000942610879,-0.0199151496,0.0705554471,0.364638415,-0.00272990008,150.09763,-147.154539,2.94309079,0,40.4056514,-3.01020336,-0.122616601,0.206055783,2.99225745,0.482099509,12.4614398,38.513389,-1.76759949,-2.85320854,0.925980557,0.479838149,-0.453648902,0.106754868,149.04627,4.12602532,-1.22981526,0.203658765,0.097066803,0.31508499,0.00272990008,0.000942610879,-0.0199151496,0.0705554471,0,0,0,0,0,0,12.4614402,38.51339,-1.76759954,0.0699945934,1.16538253,0.495344417,-11.979325,-38.9676987,-0.371315726,0.125752043,2.10712489,-0.543742208,-11.979325,-38.9676987,-0.371315726,0.125752043,2.10712489,-0.543742208,-0.000850705512,0.000536384926,147.154794,0.0148827491,0.916616109,-0.00142327405,-0.00858744663,-0.0592568589,-0.0108810362,-0.01556777,-0.869776493,0.171990653,1332,1316,1286,1361,1569,1457,1572,1400,-0.1075,-0.1075,-0.106446492,-0.0218074281,0.02,0.25,0.25,0.252153583,0.126397708,0.02,-0.1725,-0.1725,-0.171970829,-0.0588788353,0.02,0.18,0.18,0.180556132,0.0769051567,0.02,0.46,0.46,0.456104103,15.8772617,1,-0.3475,-0.3475,-0.419865071,-11.4679997,1,0.42,0.42,0.439821058,14.9745752,1,-0.535,-0.535,-0.48822071,-14.8223836,1
299183.435,32.9,0.328480134,-0.0216409998,0.0148936711,0.000551972062,-0.0578162497,0.0783133719,0.364509794,-0.0025370113,150.09763,-147.154539,2.94309079,0,40.372418,-3.19589663,-0.121558961,0.220120983,2.98977334,0.512651381,12.4912727,38.4875775,-1.68378953,-2.85075109,0.928588887,0.510832833,-0.47970782,0.123186114,149.16226,3.91954985,-1.17994968,0.265549459,0.0966535083,0.312289809,0.0025370113,0.000551972062,-0.0578162497,0.0783133719,0,0,0,0,0,0,12.4912731,38.4875786,-1.68378957,0.0756664581,1.16440522,0.52671334,-12.0252691,-38.9825711,-0.332721854,0.136961847,2.20263403,-0.657200741,-12.0252691,-38.9825711,-0.332721854,0.136961847,2.20263403,-0.657200741,-0.00282362026,0.0013777372,147.156786,0.0171008492,0.903095704,-0.0015626753,-0.00873180302,-0.0497334099,0.00314925164,-0.0188426795,-0.612355857,0.149917145,1332,1316,1286,1361,1569,1457,1572,1400,-0.1075,-0.1075,-0.107011837,-0.0221594968,0.02,0.25,0.25,0.251272288,0.126005689,0.02,-0.1725,-0.1725,-0.172254799,-0.0590304141,0.02,0.18,0.18,0.18032855,0.0767431835,0.02,0.46,0.46,0.456277225,15.8872728,1,-0.3475,-0.3475,-0.418078371,-11.3567329,1,0.42,0.42,0.439331675,14.9310375,1,-0.535,-0.535,-0.49029944,-14.9201779,1
299183.487,32.95,0.32713292,-0.0231743163,0.0139548157,0.000245676947,-0.0794121226,0.0854349099,0.364374842,-0.00292285677,150.09763,-147.154539,2.94309079,0,40.3598911,-3.39689111,-0.1209983,0.235289479,2.98885004,0.548004895,12.5276324,38.4858177,-1.54096873,-2.85012057,0.930870075,0.546981458,-0.509004064,0.144368555,149.24586,3.55968817,-1.0935507,0.331323404,0.0962826343,0.310042557,0.00292285677,0.000245676947,-0.0794121226,0.0854349099,0,0,0,0,0,0,12.5276327,38.4858187,-1.54096877,0.0817500039,1.16405061,0.562951232,-12.0895376,-39.0646837,-0.398628989,0.154370755,2.28657726,-0.763305243,-12.0895376,-39.0646837,-0.398628989,0.154370755,2.28657726,-0.763305243,-0.00423269063,0.00205527282,147.158792,0.0189438966,0.879650388,-0.00166885848,-0.0076376068,-0.0377252143,0.011181351,-0.00439854885,-0.231247127,0.146020165,1332,1316,1286,1361,1569,1457,1572,1400,-0.1075,-0.1075,-0.1072738,-0.0223226347,0.02,0.25,0.25,0.250751639,0.125774093,0.02,-0.1725,-0.1725,-0.172386381,-0.0591006511,0.02,0.18,0.18,0.1801941,0.0766474933,0.02,0.46,0.46,0.456442654,15.8968391,1,-0.3475,-0.3475,-0.416335785,-11.2482132,1,0.42,0.42,0.438854374,14.8885747,1,-0.535,-0.535,-0.492285797,-15.0438784,1
299183.539,33,0.325474693,-0.0246999007,0.0133002448,0.000250073937,-0.0814376181,0.0926014072,0.364210698,-0.00365664262,150.09763,-147.154539,2.94309079,0,40.3458127,-3.5910622,-0.120696808,0.249920098,2.98780697,0.582045666,12.5436918,38.4897291,-1.3752965,-2.8500284,0.931000882,0.582068035,-0.535311998,0.165634043,149.277557,3.13999784,-0.996073793,0.389435826,0.0959590096,0.308394099,0.00365664262,0.000250073937,-0.0814376181,0.0926014072,0,0,0,0,0,0,12.5436922,38.4897302,-1.37529653,0.0876040895,1.1636452,0.597846356,-12.136707,-39.1693299,-0.476179335,0.166097655,2.31833842,-0.852737866,-12.136707,-39.1693299,-0.476179335,0.166097655,2.31833842,-0.852737866,-0.0047195778,0.00224240282,147.159016,0.0202319855,0.852374516,-0.00177486668,-0.00725224399,-0.0260538567,0.0169906769,-0.0016355764,0.156431105,0.150933547,1332,1316,1286,1361,1569,1457,1572,1400,-0.1075,-0.1075,-0.107395186,-0.0223982278,0.02,0.25,0.25,0.250444052,0.125637271,0.02,-0.1725,-0.1725,-0.172447353,-0.0591331967,0.02,0.18,0.18,0.18011467,0.0765909617,0.02,0.46,0.46,0.456600732,15.9059802,1,-0.3475,-0.3475,-0.414636224,-11.142373,1,0.42,0.42,0.438388858,14.8471604,1,-0.535,-0.535,-0.494183886,-15.162082,1
299183.59,33.05,0.323477808,-0.026187199,0.012988755,0.000269630111,-0.0658491302,0.100130326,0.364005488,-0.00450972774,150.09763,-147.154539,2.94309079,0,40.3303037,-3.77866105,-0.120532471,0.264043349,2.98665204,0.61482565,12.5388563,38.4980926,-1.22480701,-2.85035437,0.929496494,0.615902677,-0.562149517,0.184555449,149.245585,2.75712048,-0.910637038,0.440611061,0.0956038064,0.307246764,0.00450972774,0.000269630111,-0.0658491302,0.100130326,0,0,0,0,0,0,12.5388567,38.4980937,-1.22480704,0.0932478723,1.163192,0.631451776,-12.1810257,-39.2838984,-0.578744274,0.180776182,2.29433995,-0.931028234,-12.1810257,-39.2838984,-0.578744274,0.180776182,2.29433995,-0.931028234,-0.0041326752,0.00196481309,147.157464,0.0209524378,0.827542067,-0.00186833894,-0.00917517702,-0.0180739802,0.016334971,0.00295095951,0.464026354,0.159228659,1332,1316,1286,1361,1569,1457,1572,1400,-0.1075,-0.1075,-0.107451432,-0.0224332553,0.02,0.25,0.25,0.250262336,0.12555644,0.02,-0.1725,-0.1725,-0.172475605,-0.0591482774,0.02,0.18,0.18,0.180067744,0.0765575641,0.02,0.46,0.46,0.456751785,15.9147151,1,-0.3475,-0.3475,-0.412978624,-11.0391459,1,0.42,0.42,0.437934835,14.8067686,1,-0.535,-0.535,-0.495997631,-15.275033,1
299183.64,33.1,0.321207462,-0.02762201,0.0129267707,0.000346519944,-0.0377749311,0.108011264,0.363761186,-0.00517999886,150.09763,-147.154539,2.94309079,0,40.3134786,-3.95992895,-0.120441769,0.277683443,2.98539447,0.646394655,12.5124031,38.5104873,-1.11992552,-2.85099435,0.926849428,0.648302111,-0.590290511,0.194017246,149.137835,2.48888548,-0.853821607,0.491067025,0.0951572709,0.306443726,0.00517999886,0.000346519944,-0.0377749311,0.108011264,0,0,0,0,0,0,12.5124034,38.5104884,-1.11992555,0.0986946573,1.16269533,0.663818361,-12.1927685,-39.3504775,-0.67716381,0.194530507,2.23915134,-1.00778524,-12.1927685,-39.3504775,-0.67716381,0.194530507,2.23915134,-1.00778524,-0.00251495391,0.0014353293,147.155492,0.021153736,0.810174836,-0.00195382741,-0.0116961276,-0.0132978376,0.00886125619,0.00656804479,0.64728821,0.166316478,1332,1316,1286,1361,1569,1457,1572,1400,-0.1075,-0.1075,-0.107477495,-0.022449486,0.02,0.25,0.25,0.250154982,0.125508687,0.02,-0.1725,-0.1725,-0.172488696,-0.0591552653,0.02,0.18,0.18,0.180040022,0.0765378335,0.02,0.46,0.46,0.456896126,15.9230619,1,-0.3475,-0.3475,-0.411361951,-10.9384675,1,0.42,0.42,0.437492023,14.767374,1,-0.535,-0.535,-0.497730778,-15.3829648,1
299183.693,33.15,0.318796728,-0.0290058762,0.0130255381,0.000410630184,-0.0039874336,0.115853735,0.363492936,-0.00547360233,150.09763,-147.154539,2.94309079,0,40.2988234,-4.1317195,-0.120391142,0.290606983,2.98429739,0.67586647,12.4615178,38.5308609,-1.07893556,-2.85217508,0.923251068,0.678220937,-0.615470514,0.197261092,149.005712,2.38244208,-0.834077758,0.545669582,0.0945763834,0.305818619,0.00547360233,0.000410630184,-0.0039874336,0.115853735,0,0,0,0,0,0,12.4615181,38.530862,-1.07893559,0.103853265,1.16226089,0.694046054,-12.1621526,-39.3755421,-0.710579628,0.202820262,2.17422092,-1.10084905,-12.1621526,-39.3755421,-0.710579628,0.202820262,2.17422092,-1.10084905,-0.000127709616,0.000901239385,147.154528,0.0210174961,0.80329522,-0.00203394161,-0.015435157,-0.011436006,0.000500784782,-0.00755182745,0.684638397,0.157029542,1332,1316,1286,1361,1569,1457,1572,1400,-0.1075,-0.1075,-0.107489572,-0.0224570068,0.02,0.25,0.25,0.25009156,0.125480475,0.02,-0.1725,-0.1725,-0.172494762,-0.0591585033,0.02,0.18,0.18,0.180023644,0.0765261772,0.02,0.46,0.46,0.457034052,15.9310378,1,-0.3475,-0.3475,-0.409785194,-10.8450524,1,0.42,0.42,0.437060143,14.7289521,1,-0.535,-0.535,-0.499386909,-15.4861005,1
299183.744,33.2,0.31638871,-0.0302885121,0.0132101764,0.000162116262,0.0279884378,0.122664302,0.363221175,-0.00532943428,150.09763,-147.154539,2.94309079,0,40.2977705,-4.2707282,-0.120362604,0.3010632,2.98422137,0.696787961,12.3666116,38.5747129,-1.1056024,-2.8550816,0.917289615,0.699155579,-0.639801068,0.189864699,148.867989,2.44815367,-0.850068605,0.599686469,0.0937688895,0.30518784,0.00532943428,0.000162116262,0.0279884378,0.122664302,0,0,0,0,0,0,12.366612,38.5747139,-1.10560243,0.108026288,1.16223258,0.715579185,-12.1072742,-39.3745508,-0.678612988,0.217411254,2.10557722,-1.20418257,-12.1072742,-39.3745508,-0.678612988,0.217411254,2.10557722,-1.20418257,0.00249322728,0.000548412765,147.155037,0.0208233726,0.807526035,-0.00211884474,-0.0207885647,-0.0139138425,-0.00807940495,-0.00910049202,0.572324705,0.126156242,1332,1316,1286,1361,1569,1457,1572,1400,-0.1075,-0.1075,-0.107495168,-0.0224604917,0.02,0.25,0.25,0.250054092,0.125463808,0.02,-0.1725,-0.1725,-0.172497573,-0.0591600037,0.02,0.18,0.18,0.180013968,0.0765192909,0.02,0.46,0.46,0.45716585,15.9386592,1,-0.3475,-0.3475,-0.408247367,-10.7834871,1,0.42,0.42,0.436638927,14.6914789,1,-0.535,-0.535,-0.500969446,-15.5760285,1
299183.795,33.25,0.314069006,-0.0314635183,0.0133679138,-0.000104815225,0.0512464837,0.126082682,0.362967843,-0.0047636958,150.09763,-147.154539,2.94309079,0,40.2493711,-4.43803104,-0.122262913,0.31601284,2.9800815,0.66574772,12.2789739,38.5685794,-1.18929835,-2.85363656,0.91384904,0.667538928,-0.667688538,0.18106289,148.751968,2.65809598,-0.893502621,0.595464458,0.0927372711,0.304309999,0.0047636958,-0.000104815225,0.0512464837,0.126082682,0,0,0,0,0,0,12.2789742,38.5685804,-1.18929838,0.11541384,1.160272,0.685275076,-12.010326,-39.3274633,-0.621896072,0.230135014,2.04329191,-1.27413565,-12.010326,-39.3274633,-0.621896072,0.230135014,2.04329191,-1.27413565,0.0045522741,0.000387713074,147.156273,0.0208967493,0.820998302,-0.00221831923,-0.0234794863,-0.0221595881,-0.0160927571,-0.00238976464,0.340516655,0.00912544957,1351,1302,1304,1347,1565,1453,1577,1403,-0.1175,-0.1175,-0.112093431,-0.0249515809,0.02,0.2425,0.2425,0.247454623,0.123854612,0.02,-0.1625,-0.1625,-0.16906219,-0.057242812,0.02,0.1925,0.1925,0.185751382,0.0806026937,0.02,0.495,0.495,0.458541656,16.0182177,1,-0.3825,-0.3825,-0.407440556,-10.7511872,1,0.3725,0.3725,0.435287547,14.5712542,1,-0.49,-0.49,-0.501054105,-15.5805475,1
299183.848,33.3,0.311879781,-0.0325570593,0.0134136201,-0.000234214187,0.061586147,0.124207744,0.362751286,-0.00389717744,150.09763,-147.154539,2.94309079,0,40.1944327,-4.61299779,-0.123959502,0.330765483,2.97578964,0.622305168,12.196876,38.5540905,-1.30608388,-2.85221328,0.910215357,0.62320215,-0.696318943,0.168467651,148.676298,2.95504093,-0.951359382,0.55614339,0.091574564,0.302999571,0.00389717744,-0.000234214187,0.061586147,0.124207744,0,0,0,0,0,0,12.1968763,38.5540916,-1.30608391,0.122257987,1.1584559,0.642602376,-11.8903867,-39.2382476,-0.498066323,0.243022405,2.01539559,-1.26774134,-11.8903867,-39.2382476,-0.498066323,0.243022405,2.01539559,-1.26774134,0.00535919058,0.000345077109,147.157056,0.0216162195,0.840015744,-0.0023278384,-0.0249419619,-0.0303336892,-0.0195145304,0.00327902166,0.0645143494,-0.0751914645,1351,1302,1304,1347,1565,1453,1577,1403,-0.1175,-0.1175,-0.114994762,-0.0262421559,0.02,0.2425,0.2425,0.24542708,0.122591959,0.02,-0.1625,-0.1625,-0.166376794,-0.0555704805,0.02,0.1925,0.1925,0.189372897,0.0831801798,0.02,0.495,0.495,0.460161754,16.117659,1,-0.3825,-0.3825,-0.406824771,-10.7265349,1,0.3725,0.3725,0.433737317,14.433339,1,-0.49,-0.49,-0.500781178,-15.565979,1
299183.902,33.35,0.309957128,-0.0335853026,0.0133107817,-0.000314980451,0.0585486101,0.118764049,0.362581906,-0.00290995996,150.09763,-147.154539,2.94309079,0,40.1745277,-4.8173216,-0.124891347,0.346979376,2.97426233,0.570836292,12.1579562,38.5662416,-1.4296753,-2.85324836,0.908722852,0.570685337,-0.728107396,0.152790495,148.644032,3.26975856,-1.01000919,0.488513291,0.0903788719,0.301341574,0.00290995996,-0.000314980451,0.0585486101,0.118764049,0,0,0,0,0,0,12.1579565,38.5662427,-1.42967533,0.129236444,1.15782419,0.592032523,-11.7797315,-39.1583259,-0.384804815,0.250271068,2.03066713,-1.20308861,-11.7797315,-39.1583259,-0.384804815,0.250271068,2.03066713,-1.20308861,0.00487288003,0.000361018615,147.156809,0.0229712275,0.860106396,-0.00244415812,-0.0239784131,-0.0367391743,-0.0208195439,0.00046220691,-0.188382629,-0.135605523,1351,1302,1304,1347,1565,1453,1577,1403,-0.1175,-0.1175,-0.116339149,-0.0268401689,0.02,0.2425,0.2425,0.244229253,0.121846011,0.02,-0.1625,-0.1625,-0.164790323,-0.0545825046,0.02,0.1925,0.1925,0.191050996,0.0844680091,0.02,0.495,0.495,0.46170986,16.2622715,1,-0.3825,-0.3825,-0.406224191,-10.7024913,1,0.3725,0.3725,0.432225362,14.2988289,1,-0.49,-0.49,-0.50051499,-15.5517702,1
299183.954,33.4,0.308310878,-0.0345515826,0.0130428848,-0.000447539334,0.0444360731,0.111182946,0.362461429,-0.0019673834,150.09763,-147.154539,2.94309079,0,40.1530949,-5.0145814,-0.125379823,0.362264455,2.97266731,0.521183751,12.1250896,38.5753845,-1.53450009,-2.85426413,0.906803918,0.520097937,-0.757430766,0.139645067,148.653315,3.53842095,-1.05784244,0.409556029,0.0892110387,0.299432072,0.0019673834,-0.000447539334,0.0444360731,0.111182946,0,0,0,0,0,0,12.12509,38.5753855,-1.53450013,0.13560538,1.15719578,0.543247925,-11.6823773,-39.0817366,-0.259532235,0.261338612,2.08040435,-1.10185642,-11.6823773,-39.0817366,-0.259532235,0.261338612,2.08040435,-1.10185642,0.00348319649,0.000407559545,147.155834,0.0247657607,0.877196569,-0.00256275959,-0.0225691915,-0.0398236909,-0.0176734524,0.0051612377,-0.372354451,-0.165893168,1351,1302,1304,1347,1565,1453,1577,1403,-0.1175,-0.1175,-0.116962097,-0.0271172698,0.02,0.2425,0.2425,0.243521604,0.121405323,0.02,-0.1625,-0.1625,-0.163853071,-0.0539988307,0.02,0.1925,0.1925,0.191828576,0.0850906011,0.02,0.495,0.495,0.463189173,16.4004579,1,-0.3825,-0.3825,-0.405638438,-10.6790413,1,0.3725,0.3725,0.430750738,14.1676399,1,-0.49,-0.49,-0.500255374,-15.5379123,1
299184.008,33.45,0.306911388,-0.035435419,0.0126455615,-0.000621296046,0.0231561775,0.102582989,0.362383493,-0.00122234178,150.09763,-147.154539,2.94309079,0,40.1453984,-5.18990473,-0.125624385,0.375688418,2.97211704,0.477380019,12.0894363,38.5989652,-1.60290829,-2.85641144,0.903963865,0.475684947,-0.782949317,0.129902962,148.694015,3.71359987,-1.08697318,0.329907126,0.088097058,0.297413579,0.00122234178,-0.000621296046,0.0231561775,0.102582989,0,0,0,0,0,0,12.0894366,38.5989663,-1.60290833,0.141104729,1.15699232,0.500215613,-11.5959612,-39.0300219,-0.175905298,0.268339198,2.13706259,-0.988154223,-11.5959612,-39.0300219,-0.175905298,0.268339198,2.13706259,-0.988154223,0.00172326296,0.000493433484,147.154873,0.0266641745,0.888249233,-0.00267195251,-0.0214696377,-0.0398911212,-0.0131148112,0.00045806385,-0.469855067,-0.176952773,1351,1302,1304,1347,1565,1453,1577,1403,-0.1175,-0.1175,-0.117250752,-0.0272456698,0.02,0.2425,0.2425,0.24310354,0.121144974,0.02,-0.1625,-0.1625,-0.163299364,-0.0536540093,0.02,0.1925,0.1925,0.192188883,0.0853790911,0.02,0.495,0.495,0.464602749,16.5325038,1,-0.3825,-0.3825,-0.405067148,-10.6561703,1,0.3725,0.3725,0.429312522,14.0610963,1,-0.49,-0.49,-0.500002168,-15.5243965,1
299184.06,33.5,0.305776258,-0.0361959944,0.0121538484,-0.000928723278,-0.000619946978,0.0937278693,0.362335859,-0.000748452371,150.09763,-147.154539,2.94309079,0,40.1506295,-5.34139435,-0.12574847,0.387209563,2.97253589,0.439100024,12.0499601,38.6364566,-1.62543456,-2.85956335,0.90024581,0.437223825,-0.803944653,0.120176706,148.739878,3.77037212,-1.09363562,0.25630035,0.0870355351,0.295519009,0.000748452371,-0.000928723278,-0.000619946978,0.0937278693,0,0,0,0,0,0,12.0499605,38.6364577,-1.6254346,0.145778543,1.15717418,0.462602172,-11.5178409,-38.9853065,-0.0991577228,0.277127895,2.18969454,-0.880009994,-11.5178409,-38.9853065,-0.0991577228,0.277127895,2.18969454,-0.880009994,6.92780786e-05,0.000636120066,147.154523,0.0283753568,0.891715516,-0.0027589602,-0.0202922934,-0.0351209242,-0.00644425993,-0.000916406989,-0.469010788,-0.180628569,1351,1302,1304,1347,1565,1453,1577,1403,-0.1175,-0.1175,-0.117384506,-0.0273051665,0.02,0.2425,0.2425,0.242856558,0.120991165,0.02,-0.1625,-0.1625,-0.162972246,-0.0534502966,0.02,0.1925,0.1925,0.192355838,0.0855127686,0.02,0.495,0.495,0.465953511,16.6586819,1,-0.3825,-0.3825,-0.404509963,-10.633864,1,0.3725,0.3725,0.427909816,13.9799823,1,-0.49,-0.49,-0.499755214,-15.5090367,1
299184.113,33.55,0.304867329,-0.0368604758,0.0116271569,-0.00113457725,-0.0221466434,0.0846338885,0.362304378,-0.000570224188,150.09763,-147.154539,2.94309079,0,40.1539563,-5.48736854,-0.125812326,0.398257336,2.97280512,0.402237518,12.0225205,38.6698987,-1.60161988,-2.86236168,0.896885857,0.400569064,-0.82206759,0.115568334,148.79372,3.70829855,-1.07893983,0.18595312,0.0860917299,0.293917887,0.000570224188,-0.00113457725,-0.0221466434,0.0846338885,0,0,0,0,0,0,12.0225208,38.6698998,-1.60161992,0.150228283,1.15729276,0.426381952,-11.4353594,-38.9578551,-0.0823656747,0.279911176,2.23038386,-0.777833627,-11.4353594,-38.9578551,-0.0823656747,0.279911176,2.23038386,-0.777833627,-0.00115440174,0.000783253147,147.154864,0.0296793887,0.887555682,-0.00281725832,-0.0169472601,-0.0274195419,-0.000869581504,-0.00453123613,-0.3773929,-0.18654672,1351,1302,1304,1347,1565,1453,1577,1403,-0.1175,-0.1175,-0.117446484,-0.0273327354,0.02,0.2425,0.2425,0.242710647,0.120900299,0.02,-0.1625,-0.1625,-0.162778992,-0.0533299477,0.02,0.1925,0.1925,0.1924332,0.0855747106,0.02,0.495,0.495,0.467244249,16.779253,1,-0.3825,-0.3825,-0.403966535,-10.6121084,1,0.3725,0.3725,0.426541742,13.9008709,1,-0.49,-0.49,-0.499514357,-15.4940373,1
299184.166,33.6,0.304128713,-0.037457732,0.0111555811,-0.00111435338,-0.0372878378,0.0753527404,0.36227416,-0.000680829988,150.09763,-147.154539,2.94309079,0,40.1555175,-5.62805505,-0.125845671,0.408875946,2.97293563,0.366740017,12.0077366,38.6988048,-1.54051799,-2.86475468,0.894164173,0.365616005,-0.842061018,0.113446556,148.847636,3.55016923,-1.04859828,0.11718657,0.0853179207,0.292737238,0.000680829988,-0.00111435338,-0.0372878378,0.0753527404,0,0,0,0,0,0,12.0077369,38.6988058,-1.54051803,0.154487863,1.15735255,0.39150347,-11.3697092,-38.9542451,-0.0942094715,0.285866473,2.25856549,-0.67472105,-11.3697092,-38.9542451,-0.0942094715,0.285866473,2.25856549,-0.67472105,-0.00178386238,0.000854296531,147.155478,0.030541671,0.877271193,-0.00286164579,-0.0129111676,-0.0180337265,0.00522973251,0.0045447347,-0.214596771,-0.188270994,1351,1302,1304,1347,1565,1453,1577,1403,-0.1175,-0.1175,-0.117475202,-0.02734551,0.02,0.2425,0.2425,0.242624445,0.120846617,0.02,-0.1625,-0.1625,-0.162664822,-0.0532588482,0.02,0.1925,0.1925,0.192469047,0.0856034126,0.02,0.495,0.495,0.46847763,16.8944664,1,-0.3825,-0.3825,-0.403436525,-10.59089,1,0.3725,0.3725,0.425207447,13.8237129,1,-0.49,-0.49,-0.499279446,-15.4794083,1
299184.22,33.65,0.303502268,-0.037997807,0.0108185654,-0.000885757538,-0.0434410472,0.0660863642,0.362231994,-0.00102480518,150.09763,-147.154539,2.94309079,0,40.1554313,-5.76365927,-0.125863341,0.419095175,2.97293775,0.332553605,12.0058528,38.7224461,-1.45806083,-2.8666995,0.892340915,0.332194521,-0.859204478,0.114434273,148.887494,3.33656017,-1.0110322,0.0489563909,0.0847261937,0.292037746,0.00102480518,-0.000885757538,-0.0434410472,0.0660863642,0,0,0,0,0,0,12.0058531,38.7224472,-1.45806086,0.158577781,1.15735849,0.357913716,-11.3149804,-38.9599818,-0.141426896,0.287793607,2.26696458,-0.571905236,-11.3149804,-38.9599818,-0.141426896,0.287793607,2.26696458,-0.571905236,-0.00183617604,0.000793111769,147.155817,0.031010033,0.863477573,-0.00290868475,-0.00905403353,-0.00816068716,0.00901912658,0.00856869757,-0.0221274576,-0.187706131,1351,1302,1304,1347,1565,1453,1577,1403,-0.1175,-0.1175,-0.117488509,-0.0273514294,0.02,0.2425,0.2425,0.242573519,0.120814903,0.02,-0.1625,-0.1625,-0.162597373,-0.0532168443,0.02,0.1925,0.1925,0.192485657,0.0856167123,0.02,0.495,0.495,0.469656203,17.00456,1,-0.3825,-0.3825,-0.4029196,-10.5701954,1,0.3725,0.3725,0.423906096,13.7484598,1,-0.49,-0.49,-0.499050336,-15.4651404,1
299184.272,33.7,0.302936049,-0.0384826271,0.0106656537,-0.000641538398,-0.0401284119,0.0572230714,0.362168414,-0.00151032005,150.09763,-147.154539,2.94309079,0,40.1365834,-5.87715151,-0.12587284,0.427642092,2.97152587,0.304280925,11.9968988,38.7258638,-1.37257865,-2.86705486,0.890251531,0.304761041,-0.873394126,0.117336973,148.901445,3.11624653,-0.974330013,-0.0117523344,0.0842943323,0.291793978,0.00151032005,-0.000641538398,-0.0401284119,0.0572230714,0,0,0,0,0,0,11.9968991,38.7258649,-1.37257868,0.161994848,1.15679849,0.330140401,-11.2735459,-38.9683982,-0.20227374,0.287040199,2.25424502,-0.468366453,-11.2735459,-38.9683982,-0.20227374,0.287040199,2.25424502,-0.468366453,-0.00147284927,0.000615285588,147.15563,0.0312134714,0.849307484,-0.00295492341,-0.00695308783,-0.000477322247,0.0103811322,0.00426728933,0.156485541,-0.171929129,1351,1302,1304,1347,1565,1453,1577,1403,-0.1175,-0.1175,-0.117494676,-0.0273541722,0.02,0.2425,0.2425,0.242543434,0.120796167,0.02,-0.1625,-0.1625,-0.162557526,-0.0531920293,0.02,0.1925,0.1925,0.192493354,0.0856228749,0.02,0.495,0.495,0.470782405,17.0853992,1,-0.3825,-0.3825,-0.402415438,-10.5500118,1,0.3725,0.3725,0.422636875,13.6750648,1,-0.49,-0.49,-0.498826882,-15.4512248,1
299184.325,33.75,0.302459645,-0.038930011,0.0106740436,-0.0003388894,-0.0287401901,0.0452525967,0.362080016,-0.00199085442,150.09763,-147.154539,2.94309079,0,40.1799781,-6.02844985,-0.133293098,0.438942992,2.97400583,0.183493864,12.0533742,38.7786729,-1.31198831,-2.87122134,0.890534651,0.184628412,-0.893790474,0.113740187,148.894902,2.93430713,-0.948482071,-0.171678785,0.0840546641,0.291965917,0.00199085442,-0.0003388894,-0.0287401901,0.0452525967,0,0,0,0,0,0,12.0533745,38.7786739,-1.31198835,0.166457064,1.15728436,0.210019049,-11.2469803,-38.9759544,-0.273427355,0.291252302,2.23186462,-0.329145573,-11.2469803,-38.9759544,-0.273427355,0.291252302,2.23186462,-0.329145573,-0.000835553638,0.000347019133,147.155099,0.0312443293,0.837693775,-0.00299707398,-0.000702254152,0.00846640627,0.00848438044,0.0188899776,0.295882468,-0.330693705,1380,1271,1335,1316,1564,1455,1580,1399,-0.1125,-0.1125,-0.115643411,-0.0265306894,0.02,0.2525,0.2525,0.247438939,0.123844845,0.02,-0.16,-0.16,-0.161607218,-0.0526002246,0.02,0.2,0.2,0.196185584,0.0885791667,0.02,0.5725,0.5725,0.47489738,17.3416595,1,-0.46,-0.46,-0.404616044,-10.6381108,1,0.3,0.3,0.419821408,13.5106664,1,-0.4125,-0.4125,-0.496922564,-15.3326333,1
299184.377,33.8,0.302119697,-0.0393390794,0.0108319774,0.000138760929,-0.0119938656,0.0258075731,0.361970132,-0.00236832567,150.09763,-147.154539,2.94309079,0,40.2092694,-6.19755994,-0.137577609,0.451615683,2.97580891,0.0495173591,12.1560829,38.8048065,-1.2769721,-2.87387795,0.894469997,0.0509536779,-0.911468237,0.113726664,148.868018,2.82655499,-0.937109611,-0.361390357,0.0841087345,0.29244958,0.00236832567,0.000138760929,-0.0119938656,0.0258075731,0,0,0,0,0,0,12.1560832,38.8048076,-1.27697213,0.171485979,1.15774462,0.0767866249,-11.2603926,-38.9882189,-0.325895528,0.284219923,2.20613381,-0.117721975,-11.2603926,-38.9882189,-0.325895528,0.284219923,2.20613381,-0.117721975,-0.000199087579,8.45440723e-05,147.154636,0.0312316683,0.83088729,-0.00303245335,0.00479425887,0.0124975997,0.00536833923,0.0124770732,0.36712606,-0.456594101,1380,1271,1335,1316,1564,1455,1580,1399,-0.1125,-0.1125,-0.114357057,-0.0259584909,0.02,0.2525,0.2525,0.250154859,0.125508632,0.02,-0.16,-0.16,-0.160949508,-0.0521906355,0.02,0.2,0.2,0.198232516,0.0902181031,0.02,0.5725,0.5725,0.479234544,17.6117566,1,-0.46,-0.46,-0.407077139,-10.7366382,1,0.3,0.3,0.416863007,13.3132722,1,-0.4125,-0.4125,-0.494838163,-15.2028271,1
299184.431,33.85,0.301838046,-0.0396044183,0.0110809759,0.000607354928,0.00667471022,0.0016354675,0.361846087,-0.00255183528,150.09763,-147.154539,2.94309079,0,40.1901778,-6.31758656,-0.139476856,0.460665782,2.97424241,-0.0682658358,12.2457091,38.7762842,-1.27441702,-2.8726126,0.898118126,-0.066871356,-0.922954027,0.114829227,148.827478,2.81211603,-0.94206317,-0.540208325,0.0843855088,0.293007255,0.00255183528,0.000607354928,0.00667471022,0.0016354675,0,0,0,0,0,0,12.2457095,38.7762853,-1.27441705,0.175110875,1.15703271,-0.0404684561,-11.2951689,-38.9775751,-0.332304905,0.282359071,2.19419279,0.119590365,-11.2951689,-38.9775751,-0.332304905,0.282359071,2.19419279,0.119590365,8.21415324e-06,2.07371875e-06,147.15457,0.0313868779,0.830116086,-0.00305221711,0.00791329195,0.0113957772,0.00229214231,0.0132547393,0.36736034,-0.522776023,1380,1271,1335,1316,1564,1455,1580,1399,-0.1125,-0.1125,-0.113597107,-0.0256204489,0.02,0.2525,0.2525,0.251413334,0.126068429,0.02,-0.16,-0.16,-0.160560948,-0.0519486594,0.02,0.2,0.2,0.199181002,0.090977536,0.02,0.5725,0.5725,0.483378977,17.8097297,1,-0.46,-0.46,-0.40942887,-10.8307873,1,0.3,0.3,0.413977649,13.1207517,1,-0.4125,-0.4125,-0.492805227,-15.0762259,1
299184.483,33.9,0.301630554,-0.0396281885,0.0113777527,0.000796761352,0.0233190604,-0.0251295088,0.361718246,-0.00252051453,150.09763,-147.154539,2.94309079,0,40.1846358,-6.39763771,-0.140430809,0.466693917,2.97377638,-0.186831789,12.3471636,38.7503923,-1.30732229,-2.87177515,0.902450474,-0.185865309,-0.929109844,0.110772594,148.778901,2.89071448,-0.96302002,-0.723904197,0.0847941662,0.29348034,0.00252051453,0.000796761352,0.0233190604,-0.0251295088,0,0,0,0,0,0,12.347164,38.7503933,-1.30732232,0.177520698,1.15681298,-0.158682188,-11.3452987,-38.9256994,-0.34684001,0.277092506,2.17377286,0.384048139,-11.3452987,-38.9256994,-0.34684001,0.277092506,2.17377286,0.384048139,-0.000374625838,0.000159618416,147.154909,0.0317119137,0.835338731,-0.00305491854,0.00982489828,0.00897079622,-0.00355359222,0.00592130652,0.28155121,-0.565525457,1380,1271,1335,1316,1564,1455,1580,1399,-0.1125,-0.1125,-0.113148146,-0.0254207412,0.02,0.2525,0.2525,0.251996472,0.126327822,0.02,-0.16,-0.16,-0.160331396,-0.0518057054,0.02,0.2,0.2,0.199620502,0.091329434,0.02,0.5725,0.5725,0.487339245,17.985891,1,-0.46,-0.46,-0.411676097,-10.9580309,1,0.3,0.3,0.411163531,12.9329845,1,-0.4125,-0.4125,-0.490822484,-14.9527505,1
299184.536,33.95,0.3016529,-0.0394067143,0.0116352478,0.000878734158,0.0339106426,-0.0529108441,0.361597977,-0.00226868288,150.09763,-147.154539,2.94309079,0,40.2585476,-6.46184648,-0.140916499,0.471524557,2.97931841,-0.294782852,12.4980011,38.7872377,-1.36972133,-2.87576409,0.910358622,-0.294616001,-0.930990979,0.0984106556,148.739373,3.04071705,-0.99626864,-0.912057429,0.0853571759,0.293831452,0.00226868288,0.000878734158,0.0339106426,-0.0529108441,0,0,0,0,0,0,12.4980014,38.7872388,-1.36972136,0.179449101,1.15901206,-0.266350734,-11.4003119,-38.8597663,-0.307179357,0.269674727,2.14367234,0.680809798,-11.4003119,-38.8597663,-0.307179357,0.269674727,2.14367234,0.680809798,-0.00114884907,0.000495812203,147.155319,0.031985301,0.845164222,-0.00303953077,0.0154330082,0.00834999191,-0.00702782872,0.00663597908,0.131314993,-0.564747585,1380,1271,1335,1316,1564,1455,1580,1399,-0.1125,-0.1125,-0.11288291,-0.0253027585,0.02,0.2525,0.2525,0.252266681,0.126448016,0.02,-0.16,-0.16,-0.160195781,-0.0517212514,0.02,0.2,0.2,0.199824152,0.0914924927,0.02,0.5725,0.5725,0.49112353,18.1842105,1,-0.46,-0.46,-0.413823465,-11.0917584,1,0.3,0.3,0.408418893,12.8061182,1,-0.4125,-0.4125,-0.488888695,-14.852097,1
299184.588,34,0.302113009,-0.0390625846,0.0118132155,0.00125943214,0.0364544324,-0.0803307263,0.361494407,-0.00187039386,150.09763,-147.154539,2.94309079,0,40.4126286,-6.55308852,-0.141167345,0.478385946,2.99090178,-0.40124971,12.7416491,38.880555,-1.44784731,-2.88415605,0.924792301,-0.402182754,-0.93698319,0.0857353433,148.721364,3.22412609,-1.03754409,-1.11199289,0.0862290639,0.29415225,0.00187039386,0.00125943214,0.0364544324,-0.0803307263,0,0,0,0,0,0,12.7416495,38.8805561,-1.44784735,0.18218635,1.16362986,-0.372416131,-11.5126476,-38.8509561,-0.248804691,0.260275312,2.12536342,0.996418354,-11.5126476,-38.8509561,-0.248804691,0.260275312,2.12536342,0.996418354,-0.00185939937,0.000910546851,147.155439,0.031994976,0.857191026,-0.0029973005,0.0228905676,0.00656396799,-0.00876485628,0.0168923325,-0.0363659095,-0.555436801,1380,1271,1335,1316,1564,1455,1580,1399,-0.1125,-0.1125,-0.112726215,-0.0252330569,0.02,0.2525,0.2525,0.252391887,0.126503711,0.02,-0.16,-0.16,-0.160115663,-0.0516713579,0.02,0.2,0.2,0.199918517,0.0915680491,0.02,0.5725,0.5725,0.494739654,18.4415754,1,-0.46,-0.46,-0.41587541,-11.2195433,1,0.3,0.3,0.405742021,12.7227671,1,-0.4125,-0.4125,-0.487002651,-14.7682016,1
299184.642,34.05,0.302853756,-0.0386665384,0.0118772691,0.00205145667,0.030966142,-0.106754569,0.361412524,-0.00141942973,150.09763,-147.154539,2.94309079,0,40.5575273,-6.64026844,-0.141298817,0.484941277,3.00179887,-0.503623668,13.03318,38.946678,-1.52271007,-2.89057972,0.942567284,-0.505684794,-0.941983901,0.0834278096,148.72665,3.39810702,-1.08234625,-1.30983665,0.0874499771,0.294274359,0.00141942973,0.00205145667,0.030966142,-0.106754569,0,0,0,0,0,0,13.0331803,38.9466791,-1.5227101,0.184801149,1.16797695,-0.4744065,-11.6741869,-38.8914198,-0.18652241,0.247422571,2.12676167,1.32120913,-11.6741869,-38.8914198,-0.18652241,0.247422571,2.12676167,1.32120913,-0.00204770924,0.00133044485,147.155185,0.0316449098,0.868711469,-0.00293897378,0.0307693161,0.00151598158,-0.008278531,0.0261721682,-0.183385361,-0.528129405,1380,1271,1335,1316,1564,1455,1580,1399,-0.1125,-0.1125,-0.112633643,-0.0251918788,0.02,0.2525,0.2525,0.252449904,0.126529518,0.02,-0.16,-0.16,-0.160068331,-0.0516418819,0.02,0.2,0.2,0.199962243,0.0916030597,0.02,0.5725,0.5725,0.498195087,18.6875038,1,-0.46,-0.46,-0.417836173,-11.3416499,1,0.3,0.3,0.403131241,12.6414738,1,-0.4125,-0.4125,-0.485163174,-14.6863777,1
299184.694,34.1,0.303722059,-0.0382483181,0.0118286523,0.00301534651,0.0194045245,-0.131515346,0.361352286,-0.00101985871,150.09763,-147.154539,2.94309079,0,40.6842925,-6.71414989,-0.141368739,0.490496534,3.01133332,-0.59952653,13.3596665,38.9786622,-1.57944858,-2.89441795,0.963053532,-0.602511345,-0.944553858,0.088008442,148.752467,3.5252481,-1.12572466,-1.50008032,0.0890049706,0.294132206,0.00101985871,0.00301534651,0.0194045245,-0.131515346,0,0,0,0,0,0,13.3596669,38.9786633,-1.57944862,0.187016964,1.17178131,-0.569984286,-11.8816458,-38.9430097,-0.130102262,0.232299413,2.15206709,1.64518024,-11.8816458,-38.9430097,-0.130102262,0.232299413,2.15206709,1.64518024,-0.00146175178,0.00171063829,147.154785,0.0308997625,0.877355707,-0.0028915384,0.0372764869,-0.00357910743,-0.00594132618,0.0250386176,-0.27408603,-0.486538973,1380,1271,1335,1316,1564,1455,1580,1399,-0.1125,-0.1125,-0.112578953,-0.0251675517,0.02,0.2525,0.2525,0.252476787,0.126541476,0.02,-0.16,-0.16,-0.160040368,-0.0516244681,0.02,0.2,0.2,0.199982505,0.0916192825,0.02,0.5725,0.5725,0.501496972,18.9091861,1,-0.46,-0.46,-0.419709805,-11.4583305,1,0.3,0.3,0.400584922,12.5621877,1,-0.4125,-0.4125,-0.483369114,-14.606574,1
299184.747,34.15,0.304562829,-0.0378543871,0.0116970275,0.00402988937,0.00494849602,-0.154087561,0.361308772,-0.000756814192,150.09763,-147.154539,2.94309079,0,40.7423684,-6.8238766,-0.141406456,0.498747484,3.01570223,-0.694638513,13.7568139,38.9190554,-1.60719206,-2.89133499,0.989046784,-0.698355273,-0.951085295,0.103393328,148.791692,3.58227251,-1.16293301,-1.68393475,0.0908980538,0.293712288,0.000756814192,0.00402988937,0.00494849602,-0.154087561,0,0,0,0,0,0,13.7568143,38.9190565,-1.6071921,0.190308267,1.17352503,-0.664613474,-12.1433507,-38.9777272,-0.10696105,0.215796595,2.19494358,1.96054529,-12.1433507,-38.9777272,-0.10696105,0.215796595,2.19494358,1.96054529,-0.000163478106,0.00205003837,147.15454,0.0298441591,0.881613419,-0.00286740013,0.045579518,-0.0099685164,-0.00355933736,0.0282922339,-0.295249449,-0.445796727,1380,1271,1335,1316,1564,1455,1580,1399,-0.1125,-0.1125,-0.112546644,-0.0251531798,0.02,0.2525,0.2525,0.252489244,0.126547017,0.02,-0.16,-0.16,-0.160023849,-0.0516141805,0.02,0.2,0.2,0.199991893,0.0916267996,0.02,0.5725,0.5725,0.504652131,19.1056738,1,-0.46,-0.46,-0.421500179,-11.5498068,1,0.3,0.3,0.398101471,12.4341888,1,-0.4125,-0.4125,-0.481619349,-14.5287406,1
299184.798,34.2,0.30523142,-0.0375860391,0.0115150192,0.00516651155,-0.00887186276,-0.174742838,0.361274095,-0.000662992214,150.09763,-147.154539,2.94309079,0,40.7805094,-6.94171343,-0.141427075,0.50760846,3.01857166,-0.78880405,14.2004219,38.8204675,-1.60519602,-2.88524804,1.01897303,-0.792900233,-0.958766488,0.12312432,148.835839,3.56356289,-1.19198351,-1.86384904,0.093201357,0.293014011,0.000662992214,0.00516651155,-0.00887186276,-0.174742838,0,0,0,0,0,0,14.2004223,38.8204686,-1.60519606,0.193843019,1.17467039,-0.758260532,-12.4690843,-38.991121,-0.0943658479,0.199413204,2.24450824,2.26694582,-12.4690843,-38.991121,-0.0943658479,0.199413204,2.24450824,2.26694582,0.00150824583,0.00240219414,147.154573,0.0287012245,0.881163867,-0.00287299282,0.0528821631,-0.0139093914,0.000274207071,0.0251135228,-0.248440895,-0.409344585,1380,1271,1335,1316,1564,1455,1580,1399,-0.1125,-0.1125,-0.112527556,-0.0251446892,0.02,0.2525,0.2525,0.252495016,0.126549585,0.02,-0.16,-0.16,-0.160014089,-0.0516081028,0.02,0.2,0.2,0.199996244,0.0916302828,0.02,0.5725,0.5725,0.507667084,19.2934302,1,-0.46,-0.46,-0.423210994,-11.6335176,1,0.3,0.3,0.395679337,12.2941245,1,-0.4125,-0.4125,-0.479912787,-14.4512772,1
299184.849,34.25,0.305802413,-0.0374292628,0.0113412709,0.00633662287,-0.0188870172,-0.197573868,0.361239601,-0.000739800777,150.09763,-147.154539,2.94309079,0,40.9222885,-7.11800006,-0.13818893,0.524716578,3.0287607,-0.990947351,14.7611163,38.7934732,-1.57943023,-2.88445634,1.05834012,-0.995250401,-0.974216898,0.138946375,148.878204,3.47987414,-1.21751218,-2.16458004,0.0959397526,0.292246569,0.000739800777,0.00633662287,-0.0188870172,-0.197573868,0,0,0,0,0,0,14.7611167,38.7934743,-1.57943027,0.202982981,1.17846527,-0.959628178,-12.8483569,-39.0093881,-0.110525042,0.180501611,2.29415424,2.62940957,-12.8483569,-39.0093881,-0.110525042,0.180501611,2.29415424,2.62940957,0.00313509161,0.00291559977,147.154761,0.0277670461,0.87674884,-0.00289902046,0.0652500428,-0.0114823011,0.0031990013,0.0297724676,-0.142975215,-0.56643853,1413,1241,1364,1287,1559,1445,1586,1408,-0.1375,-0.1375,-0.124002579,-0.0306051166,0.02,0.23,0.23,0.244765195,0.12217977,0.02,-0.1475,-0.1475,-0.155712768,-0.0493108636,0.02,0.215,0.215,0.206891764,0.0959251404,0.02,0.6475,0.6475,0.513226344,19.7113907,1,-0.5325,-0.5325,-0.427434791,-11.8401897,1,0.2175,0.2175,0.391683397,12.0630519,1,-0.34,-0.34,-0.476812763,-14.2582231,1
299184.902,34.3,0.30643704,-0.0374202536,0.0112324093,0.00764473693,-0.0228323076,-0.227938753,0.361197715,-0.000946338495,150.09763,-147.154539,2.94309079,0,41.1322725,-7.32368666,-0.134949612,0.543108221,3.04439257,-1.21612524,15.4176771,38.7999471,-1.54200386,-2.88689433,1.10398602,-1.2203726,-0.993776075,0.157804553,148.915546,3.35790874,-1.24244198,-2.53892689,0.0993191453,0.29161359,0.000946338495,0.00764473693,-0.0228323076,-0.227938753,0,0,0,0,0,0,15.4176776,38.7999482,-1.5420039,0.21207759,1.18462011,-1.18390105,-13.3355349,-39.0946385,-0.126427012,0.161453387,2.33594905,3.13731804,-13.3355349,-39.0946385,-0.126427012,0.161453387,2.33594905,3.13731804,0.00438208042,0.0038584304,147.154877,0.0272269353,0.870127905,-0.00293079984,0.0765937646,-0.0098956888,0.00629277406,0.0276935531,-0.0124555332,-0.668739429,1413,1241,1364,1287,1559,1445,1586,1408,-0.1375,-0.1375,-0.131245709,-0.0345822224,0.02,0.23,0.23,0.238722945,0.118303343,0.02,-0.1475,-0.1475,-0.152351919,-0.0475168887,0.02,0.215,0.215,0.211242892,0.0987453804,0.02,0.6475,0.6475,0.519193057,20.2156744,1,-0.5325,-0.5325,-0.43210357,-12.0686349,1,0.2175,0.2175,0.387382793,11.8376454,1,-0.34,-0.34,-0.473434844,-14.047863,1
299184.954,34.35,0.30693993,-0.0372879679,0.0112308771,0.00820439554,-0.0207443163,-0.259469292,0.361143024,-0.00123884477,150.09763,-147.154539,2.94309079,0,41.214006,-7.38695179,-0.132813739,0.549536888,3.05056508,-1.396884,15.9708738,38.6763755,-1.49938411,-2.8795698,1.14252793,-1.40068937,-0.990696765,0.184495473,148.933714,3.23128837,-1.26739243,-2.87250395,0.10303778,0.290951454,0.00123884477,0.00820439554,-0.0207443163,-0.259469292,0,0,0,0,0,0,15.9708743,38.6763766,-1.49938415,0.215646673,1.18710766,-1.36438145,-13.8488109,-39.1107404,-0.178907502,0.145998891,2.35042092,3.68969456,-13.8488109,-39.1107404,-0.178907502,0.145998891,2.35042092,3.68969456,0.00481668414,0.00501795439,147.15481,0.0271676272,0.863252699,-0.00292584792,0.0797027238,-0.0126631551,0.00633353182,0.00916130358,0.0915833596,-0.62642455,1413,1241,1364,1287,1559,1445,1586,1408,-0.1375,-0.1375,-0.134601953,-0.0366723253,0.02,0.23,0.23,0.23515332,0.115762788,0.02,-0.1475,-0.1475,-0.150366404,-0.0464570487,0.02,0.215,0.215,0.213259071,0.100180325,0.02,0.6475,0.6475,0.524894628,20.5233701,1,-0.5325,-0.5325,-0.436564883,-12.2869287,1,0.2175,0.2175,0.383188372,11.6324107,1,-0.34,-0.34,-0.470140326,-13.8426967,1
299185.006,34.4,0.307338383,-0.0369851862,0.0113173976,0.00829058622,-0.0144612097,-0.287676821,0.361073355,-0.00153133937,150.09763,-147.154539,2.94309079,0,41.3351184,-7.49093952,-0.131707143,0.558255525,3.0597705,-1.55271366,16.6294436,38.5490509,-1.46826741,-2.87207555,1.18901509,-1.55633853,-0.995903961,0.202615852,148.93517,3.12705324,-1.29494418,-3.16716121,0.107007645,0.290213746,0.00153133937,0.00829058622,-0.0144612097,-0.287676821,0,0,0,0,0,0,16.6294441,38.549052,-1.46826745,0.219665065,1.19084367,-1.51975357,-14.3719776,-39.0399505,-0.209870567,0.136443741,2.3351807,4.20206182,-14.3719776,-39.0399505,-0.209870567,0.136443741,2.3351807,4.20206182,0.00434535535,0.00628058341,147.154649,0.0273665716,0.857845122,-0.00287411068,0.0892307892,-0.0126145309,0.00572676994,0.0176038762,0.155129304,-0.55737305,1413,1241,1364,1287,1559,1445,1586,1408,-0.1375,-0.1375,-0.136157134,-0.037640815,0.02,0.23,0.23,0.233044466,0.114261885,0.02,-0.1475,-0.1475,-0.149193407,-0.045759161,0.02,0.215,0.215,0.214193307,0.100845235,0.02,0.6475,0.6475,0.530342839,20.8006284,1,-0.5325,-0.5325,-0.440827948,-12.4992051,1,0.2175,0.2175,0.379097512,11.4322433,1,-0.34,-0.34,-0.46692715,-13.7246083,1
299185.06,34.45,0.307868834,-0.0368042985,0.0114826178,0.00887453177,-0.0060175812,-0.314179837,0.360990261,-0.00176892622,150.09763,-147.154539,2.94309079,0,41.5667252,-7.69112347,-0.131111328,0.573796033,3.07728109,-1.73399408,17.4591505,38.4710045,-1.45708269,-2.86895095,1.24685276,-1.73784777,-1.01522998,0.218241318,148.928051,3.06022506,-1.33283725,-3.48901457,0.111556187,0.289463957,0.00176892622,0.00887453177,-0.0060175812,-0.314179837,0,0,0,0,0,0,17.459151,38.4710055,-1.45708273,0.226157259,1.19788825,-1.70015318,-15.0006935,-39.0136006,-0.229397943,0.118767949,2.30613934,4.71604968,-15.0006935,-39.0136006,-0.229397943,0.118767949,2.30613934,4.71604968,0.00326550091,0.00785660158,147.154534,0.0277982051,0.85503261,-0.00280091041,0.101779567,-0.0141670569,0.00462540466,0.0257442876,0.177183092,-0.545191921,1413,1241,1364,1287,1559,1445,1586,1408,-0.1375,-0.1375,-0.136877757,-0.0380895834,0.02,0.23,0.23,0.231798602,0.113375185,0.02,-0.1475,-0.1475,-0.148500427,-0.0453276072,0.02,0.215,0.215,0.214626203,0.101153333,0.02,0.6475,0.6475,0.535548947,21.2174707,1,-0.5325,-0.5325,-0.444901576,-12.7166497,1,0.2175,0.2175,0.375107655,11.237018,1,-0.34,-0.34,-0.463793307,-13.6130882,1
299185.114,34.5,0.308408118,-0.0367817859,0.0116800942,0.00973830792,0.00240210799,-0.339595995,0.360897772,-0.0019041902,150.09763,-147.154539,2.94309079,0,41.7722261,-7.87204978,-0.130777256,0.587666594,3.09280545,-1.90527126,18.3146402,38.3319449,-1.46324963,-2.86157976,1.30609773,-1.90953558,-1.03078952,0.245616645,148.915722,3.03527857,-1.38558268,-3.80361258,0.116644838,0.288458014,0.0019041902,0.00973830792,0.00240210799,-0.339595995,0,0,0,0,0,0,18.3146407,38.3319459,-1.46324967,0.23184995,1.20412545,-1.87063429,-15.716965,-39.0105926,-0.246096733,0.099706202,2.27415417,5.23919009,-15.716965,-39.0105926,-0.246096733,0.099706202,2.27415417,5.23919009,0.00199629458,0.00966973584,147.154522,0.0283726263,0.855169051,-0.00272180541,0.110107718,-0.0224801426,0.00252003315,0.0255230957,0.15349454,-0.503800572,1413,1241,1364,1287,1559,1445,1586,1408,-0.1375,-0.1375,-0.137211672,-0.0382975289,0.02,0.23,0.23,0.231062573,0.112851343,0.02,-0.1475,-0.1475,-0.14809103,-0.0450726549,0.02,0.215,0.215,0.214826794,0.101296097,0.02,0.6475,0.6475,0.540523712,21.5994827,1,-0.5325,-0.5325,-0.448794184,-12.9244317,1,0.2175,0.2175,0.371216308,11.0466129,1,-0.34,-0.34,-0.460736839,-13.5043215,1
299185.166,34.55,0.308699484,-0.0367236004,0.0118632446,0.010284314,0.0086831688,-0.362093234,0.360801445,-0.00192887623,150.09763,-147.154539,2.94309079,0,41.8254648,-7.95538406,-0.130588198,0.594079351,3.09685787,-2.05282004,19.0803439,38.0318855,-1.48015624,-2.84229073,1.35847684,-2.0575357,-1.02828936,0.280197796,148.896053,3.04596983,-1.45256016,-4.08048061,0.121920421,0.286903086,0.00192887623,0.010284314,0.0086831688,-0.362093234,0,0,0,0,0,0,19.0803444,38.0318865,-1.48015628,0.234495998,1.2057723,-2.01781641,-16.442795,-38.9003773,-0.243395982,0.0830937209,2.24542125,5.71691193,-16.442795,-38.9003773,-0.243395982,0.0830937209,2.24542125,5.71691193,0.00101593927,0.0113440729,147.154565,0.0287943073,0.857769905,-0.00264779434,0.111491716,-0.0354991875,0.000751615462,0.0156656244,0.0929236895,-0.444340607,1413,1241,1364,1287,1559,1445,1586,1408,-0.1375,-0.1375,-0.137366397,-0.0383938845,0.02,0.23,0.23,0.230627745,0.112541868,0.02,-0.1475,-0.1475,-0.147849167,-0.0449220348,0.02,0.215,0.215,0.214919742,0.101362249,0.02,0.6475,0.6475,0.545277414,21.8320832,1,-0.5325,-0.5325,-0.452513816,-13.1117985,1,0.2175,0.2175,0.367421039,10.8379653,1,-0.34,-0.34,-0.457755836,-13.3682927,1
299185.218,34.6,0.308731235,-0.0366075265,0.0119855009,0.0107106155,0.0116560756,-0.382306444,0.360706611,-0.00184876194,150.09763,-147.154539,2.94309079,0,41.8536571,-8.04033473,-0.130480355,0.60054905,3.09901008,-2.19801379,19.8752857,37.6709127,-1.50597812,-2.81880688,1.41252869,-2.20337871,-1.02871523,0.309519303,148.877238,3.07749399,-1.53001845,-4.34047694,0.127289891,0.284745965,0.00184876194,0.0107106155,0.0116560756,-0.382306444,0,0,0,0,0,0,19.8752862,37.6709138,-1.50597816,0.237125927,1.2066507,-2.16263638,-17.1912788,-38.6768522,-0.253768118,0.0683187794,2.22995358,6.15361889,-17.1912788,-38.6768522,-0.253768118,0.0683187794,2.22995358,6.15361889,0.000742901806,0.0127775567,147.154593,0.0287643671,0.861884519,-0.00258104996,0.113878752,-0.0457611047,-0.00277852722,0.0138462812,0.0242311281,-0.408966206,1413,1241,1364,1287,1559,1445,1586,1408,-0.1375,-0.1375,-0.137438093,-0.0384385328,0.02,0.23,0.23,0.230370857,0.112359038,0.02,-0.1475,-0.1475,-0.14770628,-0.0448330518,0.02,0.215,0.215,0.214962811,0.101392902,0.02,0.6475,0.6475,0.549819875,22.0543476,1,-0.5325,-0.5325,-0.456068159,-13.285714,1,0.2175,0.2175,0.363719475,10.6239156,1,-0.34,-0.34,-0.454848434,-13.2260323,1
299185.271,34.65,0.308708393,-0.0365539054,0.0120414827,0.0114810328,0.0115681088,-0.40184552,0.360617778,-0.00170109299,150.09763,-147.154539,2.94309079,0,41.9541387,-8.20103029,-0.130418427,0.612679201,3.10658682,-2.35932681,20.7944653,37.3182349,-1.53727797,-2.79652942,1.47516868,-2.36558259,-1.03807198,0.334930436,148.865244,3.11247743,-1.61487908,-4.62315243,0.132910134,0.282149565,0.00170109299,0.0114810328,0.0115681088,-0.40184552,0,0,0,0,0,0,20.7944659,37.3182359,-1.53727801,0.241992638,1.20968594,-2.32324234,-17.9817915,-38.4350512,-0.225693339,0.0515827841,2.23508536,6.59434424,-17.9817915,-38.4350512,-0.225693339,0.0515827841,2.23508536,6.59434424,0.00129297256,0.0140972905,147.154585,0.028278144,0.866528938,-0.00252194871,0.121757038,-0.0539102387,-0.00332139558,0.0258386069,-0.0290030806,-0.413263025,1413,1241,1364,1287,1559,1445,1586,1408,-0.1375,-0.1375,-0.137471314,-0.0384592214,0.02,0.23,0.23,0.230219094,0.112251026,0.02,-0.1475,-0.1475,-0.147621866,-0.0447804826,0.02,0.215,0.215,0.214982768,0.101407106,0.02,0.6475,0.6475,0.554160483,22.3777757,1,-0.5325,-0.5325,-0.459464558,-13.4519011,1,0.2175,0.2175,0.360109304,10.4151508,1,-0.34,-0.34,-0.452012816,-13.0872844,1
299185.322,34.7,0.308679063,-0.0366035486,0.0120250585,0.0123978621,0.00936336765,-0.420608009,0.360537657,-0.00151253974,150.09763,-147.154539,2.94309079,0,42.0635359,-8.33909071,-0.130382668,0.623087386,3.11482631,-2.49762433,21.7246642,36.938924,-1.56631693,-2.77223671,1.53937454,-2.50470312,-1.0457605,0.363324534,148.865783,3.13764685,-1.70283294,-4.89538953,0.138813278,0.279174788,0.00151253974,0.0123978621,0.00936336765,-0.420608009,0,0,0,0,0,0,21.7246648,36.938925,-1.56631697,0.246160493,1.21298084,-2.46093239,-18.8249872,-38.168471,-0.190312472,0.0337957212,2.25893976,7.03229316,-18.8249872,-38.168471,-0.190312472,0.0337957212,2.25893976,7.03229316,0.00250560966,0.0152528335,147.15455,0.0274961596,0.870801915,-0.00247861083,0.126157256,-0.0612192236,-0.00250732393,0.0274448649,-0.0616123733,-0.382855917,1413,1241,1364,1287,1559,1445,1586,1408,-0.1375,-0.1375,-0.137486708,-0.0384688079,0.02,0.23,0.23,0.230129436,0.112187215,0.02,-0.1475,-0.1475,-0.147571995,-0.044749426,0.02,0.215,0.215,0.214992015,0.101413687,0.02,0.6475,0.6475,0.558308208,22.6914255,1,-0.5325,-0.5325,-0.462710031,-13.574539,1,0.2175,0.2175,0.356588267,10.2722449,1,-0.34,-0.34,-0.44924721,-12.9486136,1
299185.376,34.75,0.308967409,-0.036958827,0.0119586003,0.0141925388,0.00676858249,-0.447653375,0.360467112,-0.00130382549,150.09763,-147.154539,2.94309079,0,42.6878828,-8.78927387,-0.13511179,0.664320292,3.16760709,-2.90299052,23.1590619,36.8860318,-1.61351557,-2.77981677,1.64262429,-2.91149691,-1.09511277,0.378712315,148.885311,3.1401965,-1.80306902,-5.51853252,0.145403975,0.27606896,0.00130382549,0.0141925388,0.00676858249,-0.447653375,0,0,0,0,0,0,23.1590625,36.8860329,-1.61351561,0.267045121,1.23752034,-2.86431779,-19.8556948,-38.0698931,-0.168536431,0.00196006053,2.30277997,7.70447601,-19.8556948,-38.0698931,-0.168536431,0.00196006053,2.30277997,7.70447601,0.00422290286,0.0171535102,147.154541,0.0267459903,0.87441746,-0.00244721437,0.153033937,-0.0572118921,-0.00326371263,0.0575961883,-0.0375059027,-0.780976116,1477,1172,1429,1221,1527,1451,1587,1434,-0.1225,-0.1225,-0.131931772,-0.0350094686,0.02,0.165,0.165,0.20598053,0.0953576686,0.02,-0.0675,-0.0675,-0.117885994,-0.0275282393,0.02,0.2175,0.2175,0.216225854,0.102291829,0.02,0.82,0.82,0.569035442,23.7839571,1,-0.6975,-0.6975,-0.472281028,-13.9760091,1,0.0575,0.0575,0.349672603,9.99392716,1,-0.1775,-0.1775,-0.443013925,-12.6158895,1
299185.428,34.8,0.309768971,-0.0374093428,0.0118939548,0.0156764147,0.00571009521,-0.488400525,0.36040759,-0.0010946761,150.09763,-147.154539,2.94309079,0,43.3182338,-9.04961243,-0.13624533,0.688882086,3.21896147,-3.32763046,24.49257,36.8206826,-1.65371621,-2.78633944,1.73518007,-3.33689355,-1.10962793,0.412343824,148.924001,3.1257957,-1.91165555,-6.24607223,0.152758078,0.273025355,0.0010946761,0.0156764147,0.00571009521,-0.488400525,0,0,0,0,0,0,24.4925706,36.8206836,-1.65371625,0.279839612,1.26037785,-3.28781226,-21.0699964,-38.1324577,-0.138026024,-0.03169831,2.35357025,8.76457976,-21.0699964,-38.1324577,-0.138026024,-0.03169831,2.35357025,8.76457976,0.00604006841,0.020146822,147.154524,0.0263822939,0.8775141,-0.00242250119,0.159535416,-0.0624225711,-0.00151747723,0.0349994533,-0.0116441051,-0.88488504,1477,1172,1429,1221,1527,1451,1587,1434,-0.1225,-0.1225,-0.128072079,-0.032777359,0.02,0.165,0.165,0.189210376,0.0830645107,0.02,-0.0675,-0.0675,-0.0972669125,-0.0168202824,0.02,0.2175,0.2175,0.2169096,0.102778461,0.02,0.82,0.82,0.580187545,24.7479426,1,-0.6975,-0.6975,-0.482289076,-14.5585315,1,0.0575,0.0575,0.342458836,9.67304306,1,-0.1775,-0.1775,-0.436458363,-12.2817166,1
299185.48,34.85,0.310464204,-0.0377587237,0.0118961931,0.0167398487,0.00555386805,-0.529604401,0.360356562,-0.000957697639,150.09763,-147.154539,2.94309079,0,43.8324944,-9.32946142,-0.135095533,0.71233525,3.25960204,-3.70130157,25.8838673,36.5448193,-1.68708593,-2.77593611,1.83072728,-3.71142515,-1.12499962,0.464344506,148.948097,3.10323074,-2.02361113,-6.94974858,0.160476008,0.269443495,0.000957697639,0.0167398487,0.00555386805,-0.529604401,0,0,0,0,0,0,25.8838681,36.5448203,-1.68708597,0.290643601,1.27777891,-3.66025204,-22.3476202,-38.1010055,-0.122756526,-0.0618095708,2.39653839,9.88672841,-22.3476202,-38.1010055,-0.122756526,-0.0618095708,2.39653839,9.88672841,0.00787652315,0.0233238779,147.154494,0.0259948543,0.880422315,-0.00237755993,0.165874203,-0.0748391785,-0.00117750934,0.0283297172,0.00209286839,-0.835483456,1477,1172,1429,1221,1527,1451,1587,1434,-0.1225,-0.1225,-0.125791859,-0.0315602092,0.02,0.165,0.165,0.179302945,0.0761372713,0.02,-0.0675,-0.0675,-0.0850856225,-0.0124854798,0.02,0.2175,0.2175,0.217226427,0.103003951,0.02,0.82,0.82,0.590844082,25.6223094,1,-0.6975,-0.6975,-0.491852396,-15.0168883,1,0.0575,0.0575,0.335423177,9.38044033,1,-0.1775,-0.1775,-0.430064658,-11.9688701,1
299185.531,34.9,0.311011422,-0.0376477598,0.0119189144,0.0168002385,0.0056637845,-0.566501503,0.360311653,-0.00084582408,150.09763,-147.154539,2.94309079,0,44.2307969,-9.33296292,-0.135355691,0.713787597,3.29056064,-4.03671761,27.0482605,36.1791283,-1.71703,-2.75834646,1.90901429,-4.04716696,-1.09752366,0.495871279,148.963174,3.0768622,-2.13571443,-7.57749374,0.16809756,0.265413188,0.00084582408,0.0168002385,0.0056637845,-0.566501503,0,0,0,0,0,0,27.0482612,36.1791293,-1.71703004,0.291937681,1.29073309,-3.99565268,-23.5746051,-37.8531549,-0.0851089728,-0.0808049069,2.42261652,10.9150821,-23.5746051,-37.8531549,-0.0851089728,-0.0808049069,2.42261652,10.9150821,0.00965782664,0.0259975926,147.154421,0.0253199248,0.883138895,-0.00230319758,0.16293786,-0.0803126457,0.000217276587,0.0150186402,-0.000308965484,-0.76382365,1477,1172,1429,1221,1527,1451,1587,1434,-0.1225,-0.1225,-0.124444756,-0.0308411444,0.02,0.165,0.165,0.173449859,0.0730129745,0.02,-0.0675,-0.0675,-0.0778891904,-0.00992457586,0.02,0.2175,0.2175,0.217373235,0.103108436,0.02,0.82,0.82,0.601027076,26.21155,1,-0.6975,-0.6975,-0.500990751,-15.5771657,1,0.0575,0.0575,0.32856123,9.09932941,1,-0.1775,-0.1775,-0.423828814,-11.6637478,1
299185.582,34.95,0.311799011,-0.0375179208,0.0119678412,0.0176871462,0.00591272586,-0.603133509,0.360271735,-0.000749759912,150.09763,-147.154539,2.94309079,0,44.7724679,-9.63645406,-0.135493935,0.737309967,3.33189134,-4.42549334,28.609172,35.7196755,-1.75315414,-2.7351936,2.01501735,-4.43717684,-1.1194624,0.538656202,148.98301,3.04549787,-2.25126677,-8.2731751,0.176217323,0.261062236,0.000749759912,0.0176871462,0.00591272586,-0.603133509,0,0,0,0,0,0,28.6091728,35.7196765,-1.75315418,0.301742252,1.30757966,-4.38309307,-24.9013254,-37.5955095,-0.0776083975,-0.113145093,2.45410649,11.9878007,-24.9013254,-37.5955095,-0.0776083975,-0.113145093,2.45410649,11.9878007,0.0118113827,0.0290406322,147.154382,0.0242940449,0.886138083,-0.00218583657,0.177680225,-0.0915581914,-4.53452093e-05,0.0373032751,0.005493651,-0.777546619,1477,1172,1429,1221,1527,1451,1587,1434,-0.1225,-0.1225,-0.123648918,-0.0304163371,0.02,0.165,0.165,0.169991986,0.0711650715,0.02,-0.0675,-0.0675,-0.0736377001,-0.0084116514,0.02,0.2175,0.2175,0.217441261,0.103156852,0.02,0.82,0.82,0.610757568,27.1368251,1,-0.6975,-0.6975,-0.509723025,-16.0432824,1,0.0575,0.0575,0.321868704,8.80163128,1,-0.1775,-0.1775,-0.417746934,-11.3360926,1
299185.634,35,0.31225098,-0.0373577314,0.0120228933,0.0185912475,0.00588788545,-0.636034894,0.360236392,-0.000670762144,150.09763,-147.154539,2.94309079,0,44.9881621,-9.71863841,-0.135025483,0.744029844,3.34855592,-4.70704418,29.878913,34.9642436,-1.77683161,-2.68848078,2.10236544,-4.71961891,-1.0944398,0.596864035,148.989549,3.00997589,-2.36832086,-8.86846932,0.184474614,0.255852032,0.000670762144,0.0185912475,0.00588788545,-0.636034894,0,0,0,0,0,0,29.8789138,34.9642445,-1.77683166,0.304747396,1.31449691,-4.6642823,-26.2394663,-37.1710527,-0.0687671319,-0.146537866,2.48129281,12.9856558,-26.2394663,-37.1710527,-0.0687671319,-0.146537866,2.48129281,12.9856558,0.0142503845,0.0317774419,147.154343,0.0230557046,0.889208653,-0.00205596814,0.173233154,-0.109972189,-0.000847907318,0.0226596725,-0.00977604832,-0.643592396,1477,1172,1429,1221,1527,1451,1587,1434,-0.1225,-0.1225,-0.123178755,-0.0301653706,0.02,0.165,0.165,0.167949153,0.0695294174,0.02,-0.0675,-0.0675,-0.0711260152,-0.00751784966,0.02,0.2175,0.2175,0.217472782,0.103179286,0.02,0.82,0.82,0.620055666,27.7168551,1,-0.6975,-0.6975,-0.518067264,-16.3451465,1,0.0575,0.0575,0.315341418,8.59417291,1,-0.1775,-0.1775,-0.411815216,-10.9666946,1
299185.687,35.05,0.312662711,-0.0371203832,0.0120518124,0.019539744,0.00556957647,-0.665079827,0.360205272,-0.000574352685,150.09763,-147.154539,2.94309079,0,45.4424784,-9.88575257,-0.134873211,0.756944798,3.38300303,-5.00847787,31.3745437,34.2801807,-1.80896536,-2.64817648,2.20622559,-5.02217637,-1.09250871,0.63130215,148.998688,2.96685319,-2.48688366,-9.44101977,0.192852398,0.250085975,0.000574352685,0.019539744,0.00556957647,-0.665079827,0,0,0,0,0,0,31.3745446,34.2801816,-1.80896541,0.31010879,1.3284096,-4.9649807,-27.6067127,-36.6140677,-0.0524479176,-0.178409046,2.51079615,13.8908538,-27.6067127,-36.6140677,-0.0524479176,-0.178409046,2.51079615,13.8908538,0.0169554438,0.0341255238,147.154309,0.0215815561,0.892196736,-0.00191437105,0.182499627,-0.116421076,-0.0012625257,0.035793663,-0.00518500979,-0.609924436,1477,1172,1429,1221,1527,1451,1587,1434,-0.1225,-0.1225,-0.122900993,-0.0300171051,0.02,0.165,0.165,0.166742293,0.0685631098,0.02,-0.0675,-0.0675,-0.0696421682,-0.00686247459,0.02,0.2175,0.2175,0.217487388,0.103189681,0.02,0.82,0.82,0.628940585,28.4282521,1,-0.6975,-0.6975,-0.52604071,-16.7363691,1,0.0575,0.0575,0.30897529,8.40603285,1,-0.1775,-0.1775,-0.406029953,-10.6947152,1
299185.739,35.1,0.313267891,-0.0370484407,0.0120754082,0.0209154533,0.00549479741,-0.692892688,0.360179327,-0.000467385526,150.09763,-147.154539,2.94309079,0,45.9136235,-10.1032579,-0.135018653,0.773561948,3.41863659,-5.33064955,32.9559856,33.4763442,-1.84180879,-2.60010311,2.31628532,-5.34561362,-1.09042337,0.681169985,149.016973,2.91476902,-2.60875505,-10.0187532,0.201655764,0.243837856,0.000467385526,0.0209154533,0.00549479741,-0.692892688,0,0,0,0,0,0,32.9559865,33.4763451,-1.84180884,0.3168947,1.34274677,-5.28619536,-29.0893937,-36.0433326,-0.0308324492,-0.219653677,2.54186589,14.7985635,-29.0893937,-36.0433326,-0.0308324492,-0.219653677,2.54186589,14.7985635,0.019913733,0.0365388237,147.154302,0.0201239162,0.895253692,-0.00176520272,0.188966996,-0.128462122,-0.000854220692,0.0336342837,-0.000747436388,-0.602086951,1477,1172,1429,1221,1527,1451,1587,1434,-0.1225,-0.1225,-0.122736898,-0.0299295133,0.02,0.165,0.165,0.166029308,0.067992237,0.02,-0.0675,-0.0675,-0.0687655448,-0.00623856866,0.02,0.2175,0.2175,0.217494156,0.103194498,0.02,0.82,0.82,0.637430685,29.1410901,1,-0.6975,-0.6975,-0.53365984,-17.191907,1,0.0575,0.0575,0.302766343,8.12984535,1,-0.1775,-0.1775,-0.400387528,-10.4688266,1
299185.792,35.15,0.313861819,-0.0369385709,0.0121011909,0.021934919,0.00558574518,-0.719361286,0.360158653,-0.000362365579,150.09763,-147.154539,2.94309079,0,46.3072101,-10.1612358,-0.135103963,0.77807579,3.4483546,-5.6247855,34.3876304,32.5824359,-1.87147786,-2.54551662,2.41629854,-5.6406214,-1.06467916,0.725368147,149.034449,2.85479173,-2.73285283,-10.5536318,0.210529767,0.23702223,0.000362365579,0.021934919,0.00558574518,-0.719361286,0,0,0,0,0,0,34.3876313,32.5824368,-1.87147791,0.31878794,1.35467429,-5.58007621,-30.5771637,-35.3589002,-0.013326183,-0.252291499,2.57205439,15.6827716,-30.5771637,-35.3589002,-0.013326183,-0.252291499,2.57205439,15.6827716,0.0229518297,0.0386573556,147.154278,0.0186995863,0.898210057,-0.00161510745,0.185878569,-0.139307077,-0.000496715471,0.0241678617,-0.00140686187,-0.541675619,1477,1172,1429,1221,1527,1451,1587,1434,-0.1225,-0.1225,-0.122639954,-0.029877766,0.02,0.165,0.165,0.165608092,0.0676549782,0.02,-0.0675,-0.0675,-0.0682476554,-0.00586997907,0.02,0.2175,0.2175,0.217497292,0.10319673,0.02,0.82,0.82,0.645543511,29.7034612,1,-0.6975,-0.6975,-0.540940399,-17.6693235,1,0.0575,0.0575,0.296710696,7.88974003,1,-0.1775,-0.1775,-0.394884416,-10.2257599,1
299185.845,35.2,0.314402435,-0.036630634,0.0121460464,0.0227440086,0.00545052061,-0.742709123,0.360142636,-0.000282406597,150.09763,-147.154539,2.94309079,0,46.6512764,-10.2335906,-0.135154078,0.783607725,3.47429951,-5.88960154,35.8183935,31.5360472,-1.89911976,-2.47953306,2.51755062,-5.90644217,-1.04090573,0.767087469,149.047417,2.78794018,-2.85661185,-11.0358328,0.219242183,0.229692363,0.000282406597,0.0227440086,0.00545052061,-0.742709123,0,0,0,0,0,0,35.8183945,31.536048,-1.89911981,0.321049438,1.36506717,-5.8445739,-32.0247918,-34.5106581,-0.0151348631,-0.285342833,2.59502377,16.4677589,-32.0247918,-34.5106581,-0.0151348631,-0.285342833,2.59502377,16.4677589,0.0261140686,0.0402299525,147.154246,0.017100315,0.901049654,-0.001457955,0.185374588,-0.150249608,-0.0015363371,0.0237365784,-0.00707998476,-0.499716214,1477,1172,1429,1221,1527,1451,1587,1434,-0.1225,-0.1225,-0.122582682,-0.0298471948,0.02,0.165,0.165,0.165359247,0.0674557332,0.02,-0.0675,-0.0675,-0.067941698,-0.00565222463,0.02,0.2175,0.2175,0.217498745,0.103197764,0.02,0.82,0.82,0.653295828,30.2302188,1,-0.6975,-0.6975,-0.547897433,-18.0716267,1,0.0575,0.0575,0.290804562,7.67956589,1,-0.1775,-0.1775,-0.389517175,-9.99345651,1
299185.897,35.25,0.314882289,-0.0364770251,0.0122218105,0.0239139233,0.00498379264,-0.745661909,0.360129986,-0.000243227998,150.09763,-147.154539,2.94309079,0,46.7332428,-10.2939339,-0.123445794,0.781202767,3.48883199,-5.52108276,37.0719831,30.1996278,-1.90442803,-2.38739736,2.62363001,-5.53908663,-1.022843,0.820785909,149.052175,2.73085565,-2.95869705,-10.7327726,0.227903124,0.221742029,0.000243227998,0.0239139233,0.00498379264,-0.745661909,0,0,0,0,0,0,37.0719841,30.1996287,-1.90442808,0.315916962,1.37594629,-5.47578961,-33.3594223,-33.4046452,-0.00655913895,-0.306927254,2.61074054,16.5781759,-33.3594223,-33.4046452,-0.00655913895,-0.306927254,2.61074054,16.5781759,0.028355617,0.0398126183,147.154289,0.0154289171,0.903764283,-0.00130664714,0.177866025,-0.159966055,-0.000552606543,0.0290585457,-0.0179935943,0.373826202,1239,1406,1185,1457,1520,1489,1546,1444,-0.0275,-0.0275,-0.0899026242,-0.0141996457,0.02,0.14,0.14,0.156621124,0.0607598991,0.02,-0.05,-0.05,-0.0617471675,-0.00124348509,0.02,0.115,0.115,0.182275738,0.0781290262,0.02,0.235,0.235,0.646491768,29.7625139,1,-0.1075,-0.1075,-0.540504031,-17.6440897,1,0.6525,0.6525,0.302598801,8.12239269,1,-0.7875,-0.7875,-0.402709631,-10.5617895,1
299185.949,35.3,0.315495542,-0.0369366131,0.0123221752,0.0259260753,0.00386031353,-0.715576016,0.360117855,-0.000238153833,150.09763,-147.154539,2.94309079,0,46.7535536,-10.5400747,-0.112236235,0.794153146,3.49617431,-4.96590527,38.3529955,28.6777242,-1.90693921,-2.27289564,2.73739643,-4.98545238,-1.02869024,0.87832366,149.058,2.67414182,-3.04786553,-9.93158955,0.236552511,0.21341035,0.000238153833,0.0259260753,0.00386031353,-0.715576016,0,0,0,0,0,0,38.3529966,28.6777249,-1.90693926,0.317741779,1.38241988,-4.91952908,-34.6016515,-32.100169,-0.025024786,-0.322815584,2.61948993,15.6162308,-34.6016515,-32.100169,-0.025024786,-0.322815584,2.61948993,15.6162308,0.0287207772,0.0364973559,147.154473,0.0141838792,0.906187922,-0.00122686512,0.178964457,-0.170440956,-0.00149060746,0.049657697,-0.0306811592,0.815622325,1239,1406,1185,1457,1520,1489,1546,1444,-0.0275,-0.0275,-0.0643660672,-0.00310739498,0.02,0.14,0.14,0.149819386,0.0559190012,0.02,-0.05,-0.05,-0.0569399624,0,0.02,0.115,0.115,0.154744993,0.059424629,0.02,0.235,0.235,0.636332,29.0482335,1,-0.1075,-0.1075,-0.529813123,-16.9377353,1,0.6525,0.6525,0.318147347,8.66906124,1,-0.7875,-0.7875,-0.419808547,-11.4644797,1
299186.002,35.35,0.316070634,-0.0379804257,0.0123688215,0.027665777,0.00233469478,-0.672100047,0.360106837,-0.000198525526,150.09763,-147.154539,2.94309079,0,46.7884806,-10.4775425,-0.100908018,0.786679312,3.50168247,-4.42825168,39.3023437,27.3977735,-1.90755968,-2.17185032,2.82648744,-4.44793124,-0.999666816,0.912313417,149.071831,2.60453627,-3.13482635,-9.02581352,0.244844224,0.204819937,0.000198525526,0.027665777,0.00233469478,-0.672100047,0,0,0,0,0,0,39.3023448,27.3977743,-1.90755973,0.313094401,1.38639919,-4.38215062,-35.8230647,-30.7718063,-0.0422713825,-0.320573304,2.63319044,14.2808586,-35.8230647,-30.7718063,-0.0422713825,-0.320573304,2.63319044,14.2808586,0.0278978779,0.0320220548,147.154671,0.0139968329,0.907871437,-0.00126876605,0.16069519,-0.163133986,-0.00190268246,0.00864853432,-0.0346585927,0.938059647,1239,1406,1185,1457,1520,1489,1546,1444,-0.0275,-0.0275,-0.0492796435,0,0.02,0.14,0.14,0.145801073,0.0530591075,0.02,-0.05,-0.05,-0.0540999737,0,0.02,0.115,0.115,0.138480448,0.0478489104,0.02,0.235,0.235,0.626423077,28.2266805,1,-0.1075,-0.1075,-0.519386175,-16.392081,1,0.6525,0.6525,0.333004964,9.28362967,1,-0.7875,-0.7875,-0.436147639,-12.2665128,1
299186.054,35.4,0.316999256,-0.0388959538,0.0124203374,0.0282331042,0.000956070958,-0.626336812,0.360097735,-0.000168009555,150.09763,-147.154539,2.94309079,0,47.0125588,-10.3840049,-0.0924801593,0.7784622,3.51993723,-3.94540345,40.2599536,26.3340392,-1.91606606,-2.08508433,2.91486882,-3.96461006,-0.98133926,0.91861684,149.100516,2.52285942,-3.21787495,-8.14116219,0.252495959,0.196872197,0.000168009555,0.0282331042,0.000956070958,-0.626336812,0,0,0,0,0,0,40.2599547,26.3340399,-1.91606611,0.309105187,1.3945627,-3.89971393,-36.9018454,-29.4961831,-0.0672186742,-0.294855668,2.64456928,12.9134544,-36.9018454,-29.4961831,-0.0672186742,-0.294855668,2.64456928,12.9134544,0.0262184564,0.0273971478,147.154796,0.0147480243,0.908607916,-0.00139926288,0.154120876,-0.147209591,-0.00259168298,-0.00572005598,-0.0217233329,0.93933445,1239,1406,1185,1457,1520,1489,1546,1444,-0.0275,-0.0275,-0.0403669237,0,0.02,0.14,0.14,0.143427143,0.0513695467,0.02,-0.05,-0.05,-0.0524221723,0,0.02,0.115,0.115,0.128871721,0.0411106127,0.02,0.235,0.235,0.616758807,27.5105526,1,-0.1075,-0.1075,-0.509216669,-16.0162538,1,0.6525,0.6525,0.347202353,9.88404505,1,-0.7875,-0.7875,-0.451760671,-13.0749468,1
299186.104,35.45,0.318142327,-0.0399029628,0.0125073852,0.0284876989,-6.09969888e-05,-0.581073278,0.360089482,-0.000174993854,150.09763,-147.154539,2.94309079,0,47.0072899,-10.3312597,-0.0879468866,0.773901297,3.52029625,-3.47647153,40.9953193,25.1422381,-1.91823541,-1.9869527,2.98570171,-3.49497747,-0.943857649,0.958204854,149.133363,2.43247735,-3.29730713,-7.32384539,0.2596807,0.189338215,0.000174993854,0.0284876989,-6.09969888e-05,-0.581073278,0,0,0,0,0,0,40.9953204,25.1422388,-1.91823546,0.306928367,1.39517982,-3.43101408,-37.9776645,-28.3351596,-0.0784545332,-0.262331811,2.65399352,11.625641,-37.9776645,-28.3351596,-0.0784545332,-0.262331811,2.65399352,11.625641,0.0241805342,0.0232521899,147.154894,0.0162924484,0.908863308,-0.00159017961,0.133287693,-0.14584747,-0.00090854045,-0.0251570561,-0.0247933597,0.939716151,1239,1406,1185,1457,1520,1489,1546,1444,-0.0275,-0.0275,-0.0351014892,0,0.02,0.14,0.14,0.142024679,0.0503713921,0.02,-0.05,-0.05,-0.0514309649,0,0.02,0.115,0.115,0.123195101,0.0375754946,0.02,0.235,0.235,0.607333149,26.8286673,1,-0.1075,-0.1075,-0.499298249,-15.4805792,1,0.6525,0.6525,0.360768854,10.4532905,1,-0.7875,-0.7875,-0.466679907,-13.71581,1
299186.156,35.5,0.318995997,-0.0406661449,0.012604945,0.0276654323,-0.00130838208,-0.531141673,0.360079637,-0.000219658377,150.09763,-147.154539,2.94309079,0,47.068341,-10.2216176,-0.0852687311,0.765305018,3.52533347,-2.91419364,41.6498539,24.1145207,-1.922764,-1.89670088,3.05193783,-2.93161964,-0.916553785,0.968765336,149.152584,2.34143126,-3.36621657,-6.39893058,0.265781198,0.182204393,0.000219658377,0.0276654323,-0.00130838208,-0.531141673,0,0,0,0,0,0,41.649855,24.1145214,-1.92276405,0.303287909,1.39746932,-2.8692186,-38.8202204,-27.1496532,-0.0830809182,-0.209382409,2.65152021,10.2484407,-38.8202204,-27.1496532,-0.0830809182,-0.209382409,2.65152021,10.2484407,0.0214746527,0.0189228753,147.154928,0.0183089481,0.908428486,-0.00183025117,0.123162358,-0.133924407,-0.000438389198,-0.0185719165,-0.0225512883,1.06404597,1239,1406,1185,1457,1520,1489,1546,1444,-0.0275,-0.0275,-0.0319907889,0,0.02,0.14,0.14,0.141196135,0.0497817049,0.02,-0.05,-0.05,-0.0508453819,0,0.02,0.115,0.115,0.119841481,0.0354870263,0.02,0.235,0.235,0.59814021,26.0117666,1,-0.1075,-0.1075,-0.489624716,-14.8848368,1,0.6525,0.6525,0.3737325,11.1697312,1,-0.7875,-0.7875,-0.480936178,-14.4983517,1
299186.211,35.55,0.320175436,-0.0416373912,0.0127227093,0.0271009449,-0.00194296761,-0.48212565,0.360067134,-0.000279267038,150.09763,-147.154539,2.94309079,0,47.3294316,-10.2190231,-0.083686537,0.76490243,3.54523108,-2.48579141,42.4417374,23.2264085,-1.93478825,-1.8196069,3.12437378,-2.50204262,-0.906445628,0.985543087,149.1841,2.24504891,-3.43076269,-5.61402162,0.271656872,0.17562507,0.000279267038,0.0271009449,-0.00194296761,-0.48212565,0,0,0,0,0,0,42.4417386,23.2264091,-1.93478831,0.303002594,1.40557259,-2.44082777,-39.7075017,-26.1359154,-0.0882673758,-0.161391791,2.65920987,8.981309,-39.7075017,-26.1359154,-0.0882673758,-0.161391791,2.65920987,8.981309,0.0187389427,0.0153815471,147.154969,0.0208808206,0.907772871,-0.00210013612,0.118216278,-0.123588372,0.000231692926,-0.0242164849,-0.00299419473,1.00585591,1239,1406,1185,1457,1520,1489,1546,1444,-0.0275,-0.0275,-0.0301530571,0,0.02,0.14,0.14,0.14070665,0.0494333309,0.02,-0.05,-0.05,-0.0504994326,0,0.02,0.115,0.115,0.117860238,0.0342532062,0.02,0.235,0.235,0.589174247,25.5074639,1,-0.1075,-0.1075,-0.480190023,-14.4651611,1,0.6525,0.6525,0.386120082,11.7758604,1,-0.7875,-0.7875,-0.494558943,-15.1854387,1
299186.262,35.6,0.321248035,-0.042763479,0.0128693738,0.026188934,-0.00201167758,-0.429793185,0.360050881,-0.000368254831,150.09763,-147.154539,2.94309079,0,47.3891999,-10.1651918,-0.0827518123,0.760731742,3.54988138,-1.96387168,42.971635,22.3327278,-1.93961183,-1.73808226,3.17821025,-1.97868952,-0.871219828,1.01485882,149.207496,2.15260701,-3.48878136,-4.75565294,0.276964367,0.169409239,0.000368254831,0.026188934,-0.00201167758,-0.429793185,0,0,0,0,0,0,42.9716362,22.3327284,-1.93961188,0.301265081,1.40752548,-1.91914489,-40.556839,-25.1885013,-0.0988398947,-0.10896074,2.66012745,7.70722885,-40.556839,-25.1885013,-0.0988398947,-0.10896074,2.66012745,7.70722885,0.0156776838,0.0121977725,147.154986,0.0239513081,0.906947767,-0.00239749995,0.0984529681,-0.116934969,0.000831353584,-0.0454319897,-0.00135283502,1.12639733,1239,1406,1185,1457,1520,1489,1546,1444,-0.0275,-0.0275,-0.0290673665,0,0.02,0.14,0.14,0.140417473,0.0492275194,0.02,-0.05,-0.05,-0.0502950536,0,0.02,0.115,0.115,0.116689764,0.033524293,0.02,0.235,0.235,0.580429653,24.7684046,1,-0.1075,-0.1075,-0.470988274,-13.8955027,1,0.6525,0.6525,0.397957196,12.4258459,1,-0.7875,-0.7875,-0.507576355,-15.9286961,1
299186.317,35.65,0.321851899,-0.0437125833,0.0129969632,0.0242282802,-0.00220759181,-0.377255241,0.360030088,-0.000456767137,150.09763,-147.154539,2.94309079,0,47.2663133,-9.9560688,-0.082199598,0.744933278,3.54073231,-1.58593894,43.1858343,21.551453,-1.93727391,-1.66866145,3.20415732,-1.59870512,-0.82100225,1.02510313,149.213404,2.06154756,-3.54355971,-4.0176875,0.281179785,0.163678214,0.000456767137,0.0242282802,-0.00220759181,-0.377255241,0,0,0,0,0,0,43.1858355,21.5514536,-1.93727396,0.294918977,1.40393331,-1.54213228,-41.1906003,-24.2734363,-0.121266217,-0.0444496352,2.65572367,6.49068552,-41.1906003,-24.2734363,-0.121266217,-0.0444496352,2.65572367,6.49068552,0.0125864858,0.00926352884,147.154943,0.0272263069,0.905951277,-0.00271635656,0.0735658443,-0.106915057,9.66053564e-05,-0.0672884439,-0.0101801635,1.01584623,1239,1406,1185,1457,1520,1489,1546,1444,-0.0275,-0.0275,-0.0284259649,0,0.02,0.14,0.14,0.140246633,0.0491059306,0.02,-0.05,-0.05,-0.050174311,0,0.02,0.115,0.115,0.115998275,0.0330936675,0.02,0.235,0.235,0.571900965,24.0475928,1,-0.1075,-0.1075,-0.462013716,-13.5497601,1,0.6525,0.6525,0.409268306,12.8325668,1,-0.7875,-0.7875,-0.520015311,-16.4147417,1
299186.369,35.7,0.322291535,-0.0442864295,0.0130941981,0.021325831,-0.00256881545,-0.323664718,0.360005443,-0.000530749084,150.09763,-147.154539,2.94309079,0,47.3420776,-9.61740938,-0.0818733622,0.719423309,3.54648413,-1.08426034,43.411138,21.10639,-1.94086942,-1.61966038,3.23249918,-1.09470973,-0.791910467,1.00050322,149.216276,1.98290581,-3.5865678,-3.18382936,0.284472617,0.158815345,0.000530749084,0.021325831,-0.00256881545,-0.323664718,0,0,0,0,0,0,43.4111392,21.1063906,-1.94086947,0.284716413,1.40626202,-1.04194376,-41.6175686,-23.4520528,-0.103086081,0.0295759088,2.64584044,5.31799184,-41.6175686,-23.4520528,-0.103086081,0.0295759088,2.64584044,5.31799184,0.00956730969,0.00661065442,147.15486,0.030340395,0.904765726,-0.00301939257,0.0611197784,-0.0820248831,0.00124679206,-0.0810976652,-0.00623640074,1.19982771,1239,1406,1185,1457,1520,1489,1546,1444,-0.0275,-0.0275,-0.0280470392,0,0.02,0.14,0.14,0.140145706,0.0490340986,0.02,-0.05,-0.05,-0.050102979,0,0.02,0.115,0.115,0.115589758,0.0328392636,0.02,0.235,0.235,0.56358285,23.2018535,1,-0.1075,-0.1075,-0.453260742,-13.1483459,1,0.6525,0.6525,0.420076784,13.5270228,1,-0.7875,-0.7875,-0.531901519,-17.0745861,1
299186.424,35.75,0.323131789,-0.0453164192,0.0130731922,0.0198732308,-0.00233717445,-0.301763792,0.359979436,-0.000469171984,150.09763,-147.154539,2.94309079,0,47.7664402,-10.1936397,-0.150982277,0.765672938,3.56349618,-1.57889775,44.4104956,20.2274634,-2.03063928,-1.55984811,3.28926999,-1.5891051,-0.823763386,1.06267318,149.260829,1.87537095,-3.64367632,-3.52992282,0.288072417,0.154244665,0.000469171984,0.0198732308,-0.00233717445,-0.301763792,0,0,0,0,0,0,44.4104968,20.227464,-2.03063933,0.304920434,1.4037888,-1.53404578,-42.3740438,-22.8689252,-0.105067894,0.0700477183,2.66378629,4.88868579,-42.3740438,-22.8689252,-0.105067894,0.0700477183,2.66378629,4.88868579,0.00839481947,0.00562628865,147.154818,0.0332252052,0.904029179,-0.0032908656,0.0823289847,-0.104702237,-0.00227473737,-0.0027980088,0.0156706557,-0.218439758,1494,1154,1435,1213,1534,1458,1600,1406,-0.105,-0.105,-0.0670679998,-0.00503040064,0.02,0.235,0.235,0.188254734,0.0823843661,0.02,-0.085,-0.085,-0.0678013512,-0.00555233772,0.02,0.25,0.25,0.183753329,0.0791806494,0.02,0.865,0.865,0.575298029,24.3346995,1,-0.7175,-0.7175,-0.463420352,-13.5998163,1,0.015,0.015,0.411690802,12.9681658,1,-0.1625,-0.1625,-0.524408912,-16.649266,1
299186.478,35.8,0.323637828,-0.0467842545,0.0130034108,0.0189890311,-0.000757256322,-0.327511684,0.359959032,-0.000344711906,150.09763,-147.154539,2.94309079,0,48.3702832,-10.5678536,-0.181783313,0.796546989,3.59982052,-2.03708887,45.4289084,19.5765613,-2.09031022,-1.52024299,3.35309701,-2.04658927,-0.824319122,1.11516327,149.299161,1.76374313,-3.70559074,-4.15874205,0.291818647,0.148793229,0.000344711906,0.0189890311,-0.000757256322,-0.327511684,0,0,0,0,0,0,45.4289097,19.5765619,-2.09031027,0.318880017,1.41268391,-1.99059037,-43.4215825,-22.3293611,-0.0762529578,0.0810098725,2.70162814,5.47720006,-43.4215825,-22.3293611,-0.0762529578,0.0810098725,2.70162814,5.47720006,0.00929258814,0.00645416241,147.154761,0.0358879293,0.904061409,-0.00351169607,0.0822549474,-0.108948448,-0.00190213798,-0.0294990485,0.0538583442,-0.77488377,1494,1154,1435,1213,1534,1458,1600,1406,-0.105,-0.105,-0.087423473,-0.0133174213,0.02,0.235,0.235,0.213339675,0.100237692,0.02,-0.085,-0.085,-0.077030673,-0.00961906605,0.02,0.25,0.25,0.219303322,0.104482108,0.02,0.865,0.865,0.588171505,25.4227161,1,-0.7175,-0.7175,-0.47471088,-14.1273282,1,0.015,0.015,0.401896471,12.6030261,1,-0.1625,-0.1625,-0.515473349,-16.2528401,1
299186.531,35.85,0.324111735,-0.0475779288,0.0129961525,0.0169144615,0.00221776363,-0.368920908,0.359944767,-0.000240697413,150.09763,-147.154539,2.94309079,0,48.6807326,-10.7761364,-0.19690158,0.813447881,3.61908655,-2.45745644,46.1360566,18.7860477,-2.12751128,-1.47370004,3.39755567,-2.46645508,-0.789398648,1.15691396,149.326575,1.66356252,-3.77173111,-4.82911692,0.295370747,0.143299301,0.000240697413,0.0169144615,0.00221776363,-0.368920908,0,0,0,0,0,0,46.1360579,18.7860482,-2.12751134,0.326366526,1.4178511,-2.41004151,-44.3432128,-21.7309955,-0.0528192146,0.0946359467,2.72151748,6.42188676,-44.3432128,-21.7309955,-0.0528192146,0.0946359467,2.72151748,6.42188676,0.0105698817,0.00797182521,147.154644,0.0377377722,0.904888872,-0.00362274237,0.0706879125,-0.119790202,-0.00120972508,-0.0293372408,0.0548671347,-0.937350172,1494,1154,1435,1213,1534,1458,1600,1406,-0.105,-0.105,-0.0968555758,-0.0166739052,0.02,0.235,0.235,0.224963269,0.108510377,0.02,-0.085,-0.085,-0.081307258,-0.0111409206,0.02,0.25,0.25,0.2357761,0.116206029,0.02,0.865,0.865,0.600472923,26.1573202,1,-0.7175,-0.7175,-0.485499691,-14.7013467,1,0.015,0.015,0.392343963,12.1012504,1,-0.1625,-0.1625,-0.506758406,-15.8850351,1
299186.584,35.9,0.32428069,-0.0481295954,0.0130091685,0.0160042979,0.00500759853,-0.418558745,0.359935435,-0.000127293491,150.09763,-147.154539,2.94309079,0,49.166574,-11.1414532,-0.203276392,0.84149905,3.65373171,-2.95469764,47.1030578,17.8359055,-2.16972922,-1.42047855,3.46176516,-2.96420931,-0.785301345,1.20711257,149.33471,1.57068398,-3.8471223,-5.67483512,0.298786852,0.137003025,0.000127293491,0.0160042979,0.00500759853,-0.418558745,0,0,0,0,0,0,47.1030591,17.835906,-2.16972928,0.337905374,1.43050819,-2.90567533,-45.2701458,-21.0219897,-0.0307176345,0.0865574897,2.73650682,7.63034461,-45.2701458,-21.0219897,-0.0307176345,0.0865574897,2.73650682,7.63034461,0.0126587017,0.0100781653,147.154556,0.0385262657,0.906938127,-0.00363042655,0.074053181,-0.133786524,-0.00173928368,-0.0107112152,0.0508476407,-1.08708529,1494,1154,1435,1213,1534,1458,1600,1406,-0.105,-0.105,-0.101226123,-0.0185564409,0.02,0.235,0.235,0.230349286,0.112343686,0.02,-0.085,-0.085,-0.0832888964,-0.0118461014,0.02,0.25,0.25,0.24340908,0.121335249,0.02,0.865,0.865,0.612227703,27.2283778,1,-0.7175,-0.7175,-0.49580908,-15.263291,1,0.015,0.015,0.383027308,11.6245298,1,-0.1625,-0.1625,-0.498258636,-15.4158372,1
299186.636,35.95,0.324288126,-0.0480602626,0.0130453032,0.015211167,0.00697367958,-0.469109585,0.35993204,-1.4130671e-05,150.09763,-147.154539,2.94309079,0,49.4238812,-11.2311489,-0.205667289,0.848563027,3.67217474,-3.39585611,47.7529417,16.8435287,-2.20298386,-1.36380135,3.50386641,-3.40583783,-0.746169481,1.23143444,149.329568,1.48691178,-3.92900619,-6.48115897,0.301907514,0.130270515,1.4130671e-05,0.015211167,0.00697367958,-0.469109585,0,0,0,0,0,0,47.752943,16.8435291,-2.20298392,0.340915108,1.43731041,-3.34643915,-46.0324353,-20.186185,0.000404829037,0.0713992433,2.74818375,8.92024259,-46.0324353,-20.186185,0.000404829037,0.0713992433,2.74818375,8.92024259,0.0152113815,0.0122045446,147.154454,0.0383054096,0.909865076,-0.0035562086,0.0682577256,-0.143890939,-0.00197633877,-0.00425878513,0.0239251826,-1.04017355,1494,1154,1435,1213,1534,1458,1600,1406,-0.105,-0.105,-0.103251301,-0.0198176214,0.02,0.235,0.235,0.232845002,0.114119923,0.02,-0.085,-0.085,-0.084207127,-0.0121728606,0.02,0.25,0.25,0.24694597,0.123537848,0.02,0.865,0.865,0.623460136,27.989444,1,-0.7175,-0.7175,-0.505660352,-15.8264225,1,0.015,0.015,0.373940681,11.1799175,1,-0.1625,-0.1625,-0.489968725,-14.9001391,1
299186.69,36,0.324301181,-0.0479462889,0.0130630937,0.0159281814,0.00769551401,-0.516265026,0.359934921,0.000128482332,150.09763,-147.154539,2.94309079,0,49.7443276,-11.6438272,-0.206775158,0.87974419,3.69585228,-3.80573829,48.6400831,15.4672595,-2.24182745,-1.2784114,3.56488149,-3.81761733,-0.733123651,1.29335333,149.326868,1.40509666,-4.01464771,-7.2660959,0.30513809,0.122687145,-0.000128482332,0.0159281814,0.00769551401,-0.516265026,0,0,0,0,0,0,48.6400845,15.46726,-2.24182751,0.35344321,1.44649891,-3.75450555,-46.845306,-19.239632,0.0344777336,0.0395164649,2.7687165,10.2039671,-46.845306,-19.239632,0.0344777336,0.0395164649,2.7687165,10.2039671,0.018533133,0.014181991,147.15439,0.0371702281,0.913577371,-0.00341321897,0.0733529002,-0.170806997,-0.00253021033,0.0463376224,0.000232335907,-0.941033728,1494,1154,1435,1213,1534,1458,1600,1406,-0.105,-0.105,-0.104189707,-0.0204020138,0.02,0.235,0.235,0.23400144,0.114942978,0.02,-0.085,-0.085,-0.084632607,-0.0123242708,0.02,0.25,0.25,0.248584856,0.124558466,0.02,0.865,0.865,0.634193434,28.8674902,1,-0.7175,-0.7175,-0.515073863,-16.2386241,1,0.015,0.015,0.365078404,10.7024981,1,-0.1625,-0.1625,-0.481883494,-14.5404904,1
299186.742,36.05,0.323903228,-0.048206292,0.013028003,0.0177766874,0.00725291688,-0.558956308,0.359945764,0.000304938567,150.09763,-147.154539,2.94309079,0,49.9327041,-11.8942739,-0.207288511,0.898646244,3.70982357,-4.20193552,49.325018,14.0236003,-2.2743975,-1.1884393,3.61173152,-4.21540336,-0.693822019,1.35562874,149.313078,1.31357935,-4.1025955,-8.0339786,0.308227329,0.113752267,-0.000304938567,0.0177766874,0.00725291688,-0.558956308,0,0,0,0,0,0,49.3250194,14.0236007,-2.27439756,0.361025075,1.45195331,-4.14960083,-47.7105098,-18.1207096,0.0724455448,-0.00793910858,2.80249043,11.4458284,-47.7105098,-18.1207096,0.0724455448,-0.00793910858,2.80249043,11.4458284,0.0225397775,0.0157755234,147.15436,0.0356721083,0.917665386,-0.00326095099,0.0622060116,-0.187909057,-0.00304673237,0.0287497741,-0.0221268551,-0.854800457,1494,1154,1435,1213,1534,1458,1600,1406,-0.105,-0.105,-0.104624535,-0.0206728034,0.02,0.235,0.235,0.234537298,0.115324356,0.02,-0.085,-0.085,-0.0848297613,-0.0123944297,0.02,0.25,0.25,0.249344266,0.125031388,0.02,0.865,0.865,0.644449777,29.6353488,1,-0.7175,-0.7175,-0.524069066,-16.6311255,1,0.015,0.015,0.356434937,10.2661065,1,-0.1625,-0.1625,-0.473997887,-14.0829266,1
299186.793,36.1,0.323342284,-0.0480878351,0.0129297478,0.0186368976,0.00601494033,-0.596879824,0.359966356,0.000514688891,150.09763,-147.154539,2.94309079,0,50.2400642,-11.9923175,-0.207526382,0.906050849,3.73284686,-4.56650121,50.0272699,12.6438347,-2.3083548,-1.10270415,3.66127448,-4.58117015,-0.664112379,1.37857416,149.301246,1.21328619,-4.18490725,-8.72104693,0.310882749,0.104414284,-0.000514688891,0.0186368976,0.00601494033,-0.596879824,0,0,0,0,0,0,50.0272713,12.6438351,-2.30835486,0.363998108,1.46108289,-4.51373514,-48.4042924,-16.8584094,0.120873021,-0.0418270465,2.83598048,12.5749439,-48.4042924,-16.8584094,0.120873021,-0.0418270465,2.83598048,12.5749439,0.0264088863,0.016552297,147.154282,0.0337978467,0.921239025,-0.00310390723,0.0645505438,-0.194638506,-0.00275110314,0.0357830043,-0.0265825111,-0.768505129,1494,1154,1435,1213,1534,1458,1600,1406,-0.105,-0.105,-0.104826021,-0.020798279,0.02,0.235,0.235,0.234785598,0.115501075,0.02,-0.085,-0.085,-0.0849211166,-0.0124269391,0.02,0.25,0.25,0.249696153,0.125250526,0.02,0.865,0.865,0.65425036,30.3024002,1,-0.7175,-0.7175,-0.532664549,-17.1254979,1,0.015,0.015,0.348004879,9.91974313,1,-0.1625,-0.1625,-0.466306977,-13.702539,1
299186.846,36.15,0.323252956,-0.0479713272,0.0128349553,0.0200323071,0.00499098431,-0.631496981,0.359997469,0.000720425695,150.09763,-147.154539,2.94309079,0,50.6876226,-12.1917407,-0.207636605,0.921062173,3.76646147,-4.93855651,50.8812758,11.1135991,-2.34529857,-1.00636803,3.72310053,-4.95476274,-0.643036793,1.41272242,149.312927,1.10295285,-4.26032964,-9.38674434,0.313864837,0.0946528773,-0.000720425695,0.0200323071,0.00499098431,-0.631496981,0,0,0,0,0,0,50.8812772,11.1135994,-2.34529863,0.369995504,1.47446737,-4.88491298,-49.1933704,-15.5331882,0.136591929,-0.0875480899,2.87386921,13.6550102,-49.1933704,-15.5331882,0.136591929,-0.0875480899,2.87386921,13.6550102,0.0304929742,0.0171404889,147.154239,0.0317279994,0.924575252,-0.00292324735,0.0698821791,-0.20558249,-0.00329477151,0.0376152426,-0.0177877341,-0.722169298,1494,1154,1435,1213,1534,1458,1600,1406,-0.105,-0.105,-0.104919383,-0.0208564205,0.02,0.235,0.235,0.234900653,0.115582961,0.02,-0.085,-0.085,-0.0849634479,-0.012442003,0.02,0.25,0.25,0.249859206,0.125352068,0.02,0.865,0.865,0.663615434,31.0427488,1,-0.7175,-0.7175,-0.540878075,-17.6657195,1,0.015,0.015,0.339782959,9.55497966,1,-0.1625,-0.1625,-0.458805956,-13.4196755,1
299186.899,36.2,0.32330158,-0.0479131157,0.0127671863,0.0215159406,0.00432443752,-0.664321671,0.360038163,0.000893108379,150.09763,-147.154539,2.94309079,0,51.0148352,-12.3311073,-0.207687679,0.931549351,3.79104849,-5.2899594,51.5698823,9.46148152,-2.37494417,-0.900487178,3.77387677,-5.30758705,-0.594350245,1.45056517,149.326573,0.980947049,-4.33066953,-10.0493006,0.316847157,0.0842856512,-0.000893108379,0.0215159406,0.00432443752,-0.664321671,0,0,0,0,0,0,51.5698837,9.46148178,-2.37494423,0.374183313,1.48426416,-5.23570267,-50.0337447,-14.0978266,0.164620274,-0.132290893,2.91225112,14.7197995,-50.0337447,-14.0978266,0.164620274,-0.132290893,2.91225112,14.7197995,0.034694202,0.0175651295,147.154208,0.0296481022,0.927683331,-0.00273531727,0.0623649824,-0.217200766,-0.00245683154,0.0325333405,-0.0145316374,-0.666021378,1494,1154,1435,1213,1534,1458,1600,1406,-0.105,-0.105,-0.104962645,-0.0208833615,0.02,0.235,0.235,0.234953965,0.115620904,0.02,-0.085,-0.085,-0.0849830629,-0.0124489832,0.02,0.25,0.25,0.249934761,0.125399119,0.02,0.865,0.865,0.672564352,31.7306361,1,-0.7175,-0.7175,-0.548726617,-18.1195759,1,0.015,0.015,0.331764039,9.23395053,1,-0.1625,-0.1625,-0.451490136,-13.0617095,1
299186.952,36.25,0.323067532,-0.0478408883,0.0127448317,0.0226881757,0.00327068315,-0.676187225,0.360085916,0.000991897586,150.09763,-147.154539,2.94309079,0,50.9486806,-12.3694738,-0.190813239,0.923694096,3.78427118,-5.03080653,51.8130399,7.65544862,-2.36882762,-0.768030681,3.79383971,-5.04973689,-0.538420886,1.48916299,149.319221,0.879364239,-4.38533736,-9.9294591,0.319260556,0.0734132448,-0.000991897586,0.0226881757,0.00327068315,-0.676187225,0,0,0,0,0,0,51.8130414,7.65544883,-2.36882768,0.364593891,1.48055128,-4.97638098,-50.5403454,-12.4509179,0.17257123,-0.164462045,2.93261587,15.110241,-50.5403454,-12.4509179,0.17257123,-0.164462045,2.93261587,15.110241,0.037068277,0.016631547,147.154218,0.02746423,0.930320751,-0.00255421004,0.0461146747,-0.221650092,-0.00167880508,0.0162171642,-0.0363222465,0.193796763,1277,1373,1221,1428,1567,1464,1576,1390,-0.09,-0.09,-0.0998243112,-0.0177303518,0.02,0.275,0.275,0.253361349,0.126934949,0.02,-0.1675,-0.1675,-0.12290643,-0.030020007,0.02,0.19,0.19,0.229344619,0.111628649,0.02,0.3175,0.3175,0.667240611,31.3491348,1,-0.18,-0.18,-0.542922448,-17.7839391,1,0.5575,0.5575,0.338301716,9.49567963,1,-0.6975,-0.6975,-0.458885378,-13.4235616,1
299187.003,36.3,0.322637911,-0.0478862643,0.0127306076,0.0238188486,0.000852107382,-0.656232479,0.360136711,0.00103715426,150.09763,-147.154539,2.94309079,0,50.6153815,-12.24287,-0.173005873,0.906283437,3.75806472,-4.6239618,51.6838386,5.92564389,-2.34567886,-0.6324317,3.78967368,-4.64368672,-0.483067212,1.49574362,149.298636,0.784748642,-4.42451165,-9.36988093,0.321029933,0.0625236684,-0.00103715426,0.0238188486,0.000852107382,-0.656232479,0,0,0,0,0,0,51.68384,5.92564405,-2.34567892,0.352905722,1.46948829,-4.5700933,-50.6256334,-10.6560089,0.164249076,-0.171433001,2.93676486,14.4553184,-50.6256334,-10.6560089,0.164249076,-0.171433001,2.93676486,14.4553184,0.0365267578,0.0138004714,147.154317,0.0253737442,0.932101689,-0.0024382261,0.0338343057,-0.21548983,-0.0019255457,0.0137484689,-0.0639762973,0.541993638,1277,1373,1221,1428,1567,1464,1576,1390,-0.09,-0.09,-0.0958039822,-0.0162996878,0.02,0.275,0.275,0.264973312,0.133427545,0.02,-0.1675,-0.1675,-0.146836705,-0.0442915237,0.02,0.19,0.19,0.213243916,0.100169539,0.02,0.3175,0.3175,0.658605484,30.6317334,1,-0.18,-0.18,-0.533961861,-17.2120588,1,0.5575,0.5575,0.348042222,9.92140424,1,-0.6975,-0.6975,-0.469488688,-13.8157625,1
299187.056,36.35,0.322451567,-0.0482685185,0.0126665611,0.0255194049,-0.00217342628,-0.625306273,0.360190047,0.00109585165,150.09763,-147.154539,2.94309079,0,50.5039671,-12.3266633,-0.165299545,0.908571134,3.74925659,-4.20740985,51.7680962,4.1509633,-2.33631407,-0.488746725,3.80377797,-4.22813481,-0.460439064,1.51942951,149.299339,0.683624584,-4.44693099,-8.68040954,0.322662158,0.0517913228,-0.00109585165,0.0255194049,-0.00217342628,-0.625306273,0,0,0,0,0,0,51.7680976,4.15096341,-2.33631413,0.351405965,1.46575,-4.15317264,-50.6836387,-8.87487276,0.142086662,-0.178587365,2.94787513,13.4855707,-50.6836387,-8.87487276,0.142086662,-0.178587365,2.94787513,13.4855707,0.0350898178,0.010641872,147.154491,0.0239807587,0.932910686,-0.00241548711,0.0374620542,-0.213273425,-0.00285305569,0.0246163412,-0.0581287194,0.69570529,1277,1373,1221,1428,1567,1464,1576,1390,-0.09,-0.09,-0.0934288622,-0.0154544837,0.02,0.275,0.275,0.27035394,0.137288506,0.02,-0.1675,-0.1675,-0.157925262,-0.0504918623,0.02,0.19,0.19,0.203731983,0.0939573849,0.02,0.3175,0.3175,0.65018356,29.99487,1,-0.18,-0.18,-0.525222511,-16.6926948,1,0.5575,0.5575,0.35734989,10.3027357,1,-0.6975,-0.6975,-0.479620818,-14.4330949,1
299187.108,36.4,0.322605263,-0.0488756095,0.0125909207,0.0267414165,-0.00463421256,-0.592139177,0.360246287,0.00114522603,150.09763,-147.154539,2.94309079,0,50.4999815,-12.2223799,-0.160944627,0.898537799,3.74887734,-3.85701462,51.83718,2.6730442,-2.32856568,-0.367588924,3.81683345,-3.87745716,-0.428844856,1.51919209,149.318852,0.567673576,-4.45482529,-8.06255515,0.324273716,0.0414674393,-0.00114522603,0.0267414165,-0.00463421256,-0.592139177,0,0,0,0,0,0,51.8371814,2.67304428,-2.32856574,0.346086237,1.46557005,-3.80323626,-50.8189229,-7.17735247,0.143007127,-0.166439007,2.95914881,12.4922107,-50.8189229,-7.17735247,0.143007127,-0.166439007,2.95914881,12.4922107,0.03303472,0.00789110939,147.154652,0.0237666792,0.93254209,-0.00248582115,0.0357301264,-0.197031871,-0.00111107145,0.00577054146,-0.0380391649,0.668595325,1277,1373,1221,1428,1567,1464,1576,1390,-0.09,-0.09,-0.0920256947,-0.0149551561,0.02,0.275,0.275,0.272847158,0.139284774,0.02,-0.1675,-0.1675,-0.16306336,-0.0535070375,0.02,0.19,0.19,0.198112547,0.0901220459,0.02,0.3175,0.3175,0.641969573,29.480894,1,-0.18,-0.18,-0.516698937,-16.2964536,1,0.5575,0.5575,0.366243953,10.7698981,1,-0.6975,-0.6975,-0.489302707,-14.8705132,1
299187.161,36.45,0.323240026,-0.0492320178,0.0125869303,0.0268463144,-0.00600297934,-0.558248904,0.360303386,0.00112256786,150.09763,-147.154539,2.94309079,0,50.5390059,-12.0850277,-0.158023836,0.886952097,3.75191852,-3.47665915,51.8953603,1.32374309,-2.32018694,-0.253353485,3.829143,-3.49631396,-0.39514957,1.50841072,149.350617,0.449308533,-4.450011,-7.39071434,0.325940397,0.0320634751,-0.00112256786,0.0268463144,-0.00600297934,-0.558248904,0,0,0,0,0,0,51.8953618,1.32374313,-2.320187,0.340708856,1.46686019,-3.42348512,-50.9275181,-5.60191987,0.125795494,-0.144238081,2.95292372,11.4998805,-50.9275181,-5.60191987,0.125795494,-0.144238081,2.95292372,11.4998805,0.0303134187,0.00573194023,147.154745,0.0244752242,0.931193194,-0.00259977812,0.0353232424,-0.181406054,0.000175024606,-0.0140729998,-0.0219075844,0.73612889,1277,1373,1221,1428,1567,1464,1576,1390,-0.09,-0.09,-0.0911967349,-0.0146601646,0.02,0.275,0.275,0.274002439,0.140209784,0.02,-0.1675,-0.1675,-0.165444197,-0.054989705,0.02,0.19,0.19,0.19479271,0.0874639217,0.02,0.3175,0.3175,0.633958391,28.8476252,1,-0.18,-0.18,-0.508385811,-15.9719037,1,0.5575,0.5575,0.374742791,11.2191651,1,-0.6975,-0.6975,-0.498554363,-15.4342537,1
299187.214,36.5,0.323873857,-0.0495857169,0.01264906,0.0266857449,-0.00684229021,-0.521714581,0.360357251,0.00102337683,150.09763,-147.154539,2.94309079,0,50.4019211,-11.9980268,-0.156369348,0.879739065,3.74172129,-3.09857818,51.7592644,-0.0242517435,-2.30406194,-0.138293822,3.82604491,-3.11734839,-0.347068785,1.51009064,149.370711,0.330658613,-4.43730034,-6.71945208,0.327312297,0.0232097635,-0.00102337683,0.0266857449,-0.00684229021,-0.521714581,0,0,0,0,0,0,51.7592659,-0.0242517442,-2.304062,0.337428261,1.46286648,-3.04578695,-50.9896482,-4.12875953,0.103471902,-0.113904625,2.94270232,10.4694128,-50.9896482,-4.12875953,0.103471902,-0.113904625,2.94270232,10.4694128,0.0272562584,0.00399971934,147.15482,0.0258112891,0.929398955,-0.00275248074,0.026176139,-0.172400731,0.00142408642,-0.019315485,-0.0148335832,0.757560542,1277,1373,1221,1428,1567,1464,1576,1390,-0.09,-0.09,-0.090707004,-0.0144858902,0.02,0.275,0.275,0.274537761,0.140638405,0.02,-0.1675,-0.1675,-0.166547404,-0.0556767277,0.02,0.19,0.19,0.192831425,0.0858935617,0.02,0.3175,0.3175,0.626145006,28.2044159,1,-0.18,-0.18,-0.500277936,-15.5391166,1,0.5575,0.5575,0.382863966,11.6165374,1,-0.6975,-0.6975,-0.507394903,-15.9190105,1
299187.267,36.55,0.32420279,-0.0500000299,0.0127152159,0.0261039307,-0.00747953234,-0.485211463,0.360405357,0.000900421198,150.09763,-147.154539,2.94309079,0,50.1603422,-11.9045319,-0.155424837,0.872345416,3.72364299,-2.74981378,51.4872708,-1.28438973,-2.28325433,-0.0304317308,3.81161125,-2.76743077,-0.296080062,1.51194062,149.374975,0.211344439,-4.41871945,-6.10363398,0.328136114,0.0148061603,-0.000900421198,0.0261039307,-0.00747953234,-0.485211463,0,0,0,0,0,0,51.4872722,-1.28438977,-2.28325439,0.334260584,1.4557117,-2.69743391,-50.9721193,-2.74804141,0.0898597126,-0.0730114558,2.93146929,9.47906352,-50.9721193,-2.74804141,0.0898597126,-0.0730114558,2.93146929,9.47906352,0.0241488507,0.00259646289,147.154865,0.0276264039,0.927263458,-0.00294106572,0.0131916207,-0.164122138,0.00166166257,-0.020041135,-0.0118755842,0.728828741,1277,1373,1221,1428,1567,1464,1576,1390,-0.09,-0.09,-0.0904176821,-0.0143829328,0.02,0.275,0.275,0.274785813,0.140837015,0.02,-0.1675,-0.1675,-0.167058596,-0.055995073,0.02,0.19,0.19,0.191672742,0.0849658283,0.02,0.3175,0.3175,0.618524533,27.6205133,1,-0.18,-0.18,-0.492370246,-15.0491374,1,0.5575,0.5575,0.390624262,12.0018055,1,-0.6975,-0.6975,-0.515842596,-16.2659801,1
299187.318,36.6,0.324377443,-0.0504210675,0.0127646853,0.0250465354,-0.00778397153,-0.450881628,0.360447178,0.000783362939,150.09763,-147.154539,2.94309079,0,50.116247,-11.7988166,-0.154882096,0.864196715,3.72038972,-2.43437068,51.3809232,-2.39196991,-2.27012828,0.0649651827,3.8085291,-2.45054726,-0.266314526,1.50411548,149.37488,0.0935804719,-4.39504598,-5.55484995,0.328593806,0.00693679851,-0.000783362939,0.0250465354,-0.00778397153,-0.450881628,0,0,0,0,0,0,51.3809246,-2.39196997,-2.27012834,0.330890217,1.45445391,-2.38245595,-50.9008393,-1.45859621,0.0657378461,-0.0371094552,2.91328282,8.58390794,-50.9008393,-1.45859621,0.0657378461,-0.0371094552,2.91328282,8.58390794,0.0211859487,0.00154942161,147.154873,0.0297581903,0.924882938,-0.00314556174,0.0134972772,-0.151623963,0.000788819596,-0.0394895051,0.00160586961,0.695298441,1277,1373,1221,1428,1567,1464,1576,1390,-0.09,-0.09,-0.0902467572,-0.0143221079,0.02,0.275,0.275,0.274900752,0.140929044,0.02,-0.1675,-0.1675,-0.167295467,-0.0561425845,0.02,0.19,0.19,0.190988219,0.0844177443,0.02,0.3175,0.3175,0.611092211,27.157665,1,-0.18,-0.18,-0.484657797,-14.6638974,1,0.5575,0.5575,0.398039713,12.4306175,1,-0.6975,-0.6975,-0.5239149,-16.6228963,1
299187.372,36.65,0.324548547,-0.0508366259,0.0128166056,0.0236355758,-0.00760184341,-0.415505101,0.360483511,0.000667414217,150.09763,-147.154539,2.94309079,0,49.8690161,-11.710829,-0.154568526,0.857469698,3.70183982,-2.09413811,51.0595137,-3.45740002,-2.24913844,0.15839546,3.7883224,-2.10898341,-0.221781994,1.50526933,149.374858,-0.0144484216,-4.36869348,-4.94815413,0.328877873,-0.000349973368,-0.000667414217,0.0236355758,-0.00760184341,-0.415505101,0,0,0,0,0,0,51.0595151,-3.45740011,-2.2491385,0.328140236,1.44708023,-2.04261052,-50.8133205,-0.276655242,0.055852721,0.00921868047,2.89326172,7.70124579,-50.8133205,-0.276655242,0.055852721,0.00921868047,2.89326172,7.70124579,0.018191492,0.000832582315,147.154857,0.0320603339,0.922459823,-0.00334659674,0.00108445583,-0.143179168,0.00177196858,-0.0362334534,-0.000415051923,0.767373633,1277,1373,1221,1428,1567,1464,1576,1390,-0.09,-0.09,-0.0901457786,-0.014286174,0.02,0.275,0.275,0.274954012,0.140971688,0.02,-0.1675,-0.1675,-0.167405226,-0.0562109368,0.02,0.19,0.19,0.190583817,0.0840939486,0.02,0.3175,0.3175,0.603843393,26.4871571,1,-0.18,-0.18,-0.477135769,-14.2783383,1,0.5575,0.5575,0.405125644,12.7035746,1,-0.6975,-0.6975,-0.531628495,-17.056369,1
299187.423,36.7,0.324278431,-0.0516028766,0.0128427041,0.0227911022,-0.00757798917,-0.376687509,0.360513953,0.000562036508,150.09763,-147.154539,2.94309079,0,49.7065776,-11.7933145,-0.154386551,0.863610728,3.68965142,-1.75195584,50.8326769,-4.5719166,-2.2330448,0.255675382,3.77425287,-1.76588384,-0.192658676,1.53096404,149.357264,-0.115953449,-4.34091049,-4.34305422,0.328621141,-0.00745298247,-0.000562036508,0.0227911022,-0.00757798917,-0.376687509,0,0,0,0,0,0,50.8326783,-4.57191672,-2.23304485,0.330552923,1.44223485,-1.7000653,-50.6665293,0.861576585,0.0329933017,0.0496434327,2.87615068,6.78226688,-50.6665293,0.861576585,0.0329933017,0.0496434327,2.87615068,6.78226688,0.0153349324,0.000266034066,147.15487,0.0344860171,0.920143812,-0.0035695226,-0.00172612495,-0.140230578,-7.00329047e-05,-0.0230339705,0.00672396075,0.800036068,1277,1373,1221,1428,1567,1464,1576,1390,-0.09,-0.09,-0.0900861227,-0.014264945,0.02,0.275,0.275,0.27497869,0.140991448,0.02,-0.1675,-0.1675,-0.167456084,-0.0562426091,0.02,0.19,0.19,0.190344906,0.0839026574,0.02,0.3175,0.3175,0.59677355,25.9388161,1,-0.18,-0.18,-0.469799461,-13.8268216,1,0.5575,0.5575,0.411896697,12.9819038,1,-0.6975,-0.6975,-0.538999321,-17.5481746,1
299187.477,36.75,0.324044538,-0.0526836359,0.0127832054,0.0218688169,-0.00707662863,-0.343144162,0.360541506,0.000554795738,150.09763,-147.154539,2.94309079,0,49.6644698,-11.8658004,-0.197150774,0.866672469,3.67770074,-1.58597998,50.708488,-5.5597604,-2.26582322,0.335040426,3.75822493,-1.59857113,-0.167763762,1.55005591,149.35652,-0.221699459,-4.31308278,-3.95603543,0.328334044,-0.0142606554,-0.000554795738,0.0218688169,-0.00707662863,-0.343144162,0,0,0,0,0,0,50.7084894,-5.55976056,-2.26582327,0.3303383,1.43199928,-1.5337705,-50.6414208,1.94704135,0.0481026613,0.0929092257,2.86452792,6.03512069,-50.6414208,1.94704135,0.0481026613,0.0929092257,2.86452792,6.03512069,0.0129901763,-1.48056372e-05,147.154865,0.0372301517,0.917954843,-0.00381163581,-0.00615739312,-0.133048689,-0.00115379578,-0.0321099578,0.0123131769,0.584157554,1321,1333,1246,1407,1573,1462,1599,1363,-0.095,-0.095,-0.0925767894,-0.0151512672,0.02,0.3425,0.3425,0.309227471,0.168345008,0.02,-0.1825,-0.1825,-0.17508795,-0.060542711,0.02,0.2475,0.2475,0.219328101,0.104499744,0.02,0.4175,0.4175,0.592152013,25.6921249,1,-0.2325,-0.2325,-0.463838006,-13.6146788,1,0.4475,0.4475,0.413861721,13.1130166,1,-0.635,-0.635,-0.543482868,-17.8163465,1
299187.53,36.8,0.323569408,-0.0537954254,0.0126705425,0.0204162474,-0.0063361314,-0.316853653,0.360570449,0.000603484721,150.09763,-147.154539,2.94309079,0,49.5295554,-11.9126475,-0.217650576,0.869436629,3.66331242,-1.41960033,50.4805944,-6.45550089,-2.2740922,0.408323954,3.73857026,-1.43087629,-0.132493288,1.56438132,149.354662,-0.322598334,-4.28671957,-3.62219991,0.327711981,-0.0206458577,-0.000603484721,0.0204162474,-0.0063361314,-0.316853653,0,0,0,0,0,0,50.4805958,-6.45550107,-2.27409226,0.33098497,1.42361889,-1.36718472,-50.5949717,2.97519333,0.050823268,0.133257585,2.85256905,5.47298606,-50.5949717,2.97519333,0.050823268,0.133257585,2.85256905,5.47298606,0.0111173039,-0.000148074847,147.154826,0.0400005535,0.91596305,-0.00404952808,-0.0156252394,-0.123014396,-0.00146167323,-0.04544091,0.0143335569,0.517136808,1321,1333,1246,1407,1573,1462,1599,1363,-0.095,-0.095,-0.0938771584,-0.0156140132,0.02,0.3425,0.3425,0.327082529,0.180671072,0.02,-0.1825,-0.1825,-0.179065483,-0.0626658632,0.02,0.2475,0.2475,0.234446005,0.115259381,0.02,0.4175,0.4175,0.587839839,25.394685,1,-0.2325,-0.2325,-0.458126251,-13.3864172,1,0.4475,0.4475,0.415356504,13.2127534,1,-0.635,-0.635,-0.547549612,-18.0515134,1
299187.586,36.85,0.322739404,-0.0548231546,0.0125543513,0.0187030691,-0.00569052261,-0.291648386,0.360601819,0.000650735314,150.09763,-147.154539,2.94309079,0,49.3117618,-11.9455564,-0.228031237,0.871216586,3.64476976,-1.23635991,50.1629063,-7.27507526,-2.27030498,0.47628484,3.71368311,-1.2464595,-0.101623954,1.57762034,149.336138,-0.414084604,-4.2624306,-3.28368207,0.326636997,-0.0265397799,-0.000650735314,0.0187030691,-0.00569052261,-0.291648386,0,0,0,0,0,0,50.1629077,-7.27507546,-2.27030503,0.331277449,1.41487483,-1.18379949,-50.4350821,3.93081041,0.0680116205,0.182348931,2.83842024,4.94560433,-50.4350821,3.93081041,0.0680116205,0.182348931,2.83842024,4.94560433,0.00939542628,-0.000242827096,147.15478,0.042558814,0.914197674,-0.00427116857,-0.0246797952,-0.112902678,-0.00152907514,-0.0395692205,0.0100002937,0.513271058,1321,1333,1246,1407,1573,1462,1599,1363,-0.095,-0.095,-0.0944797096,-0.0158284355,0.02,0.3425,0.3425,0.335356016,0.187555032,0.02,-0.1825,-0.1825,-0.18090855,-0.063811324,0.02,0.2475,0.2475,0.241451179,0.120115964,0.02,0.4175,0.4175,0.583634134,25.039235,1,-0.2325,-0.2325,-0.452555519,-13.1138391,1,0.4475,0.4475,0.416784863,13.3080583,1,-0.635,-0.635,-0.551435641,-18.2762302,1
299187.64,36.9,0.321696171,-0.0557985114,0.0124278606,0.0170608325,-0.00525547071,-0.266587431,0.360635795,0.000705024034,150.09763,-147.154539,2.94309079,0,49.0858258,-11.984897,-0.232415046,0.873809546,3.62682274,-1.05636655,49.8347395,-8.0309388,-2.26115782,0.539487447,3.68877275,-1.0654602,-0.0769412319,1.58995837,149.309939,-0.496718109,-4.23960679,-2.9555066,0.325273111,-0.0319655,-0.000705024034,0.0170608325,-0.00525547071,-0.266587431,0,0,0,0,0,0,49.8347408,-8.03093902,-2.26115788,0.332092213,1.40712082,-1.00363303,-50.1943981,4.80728125,0.0809004476,0.224307155,2.82447657,4.43781864,-50.1943981,4.80728125,0.0809004476,0.224307155,2.82447657,4.43781864,0.00784094494,-0.00032265178,147.15474,0.0448760521,0.912637863,-0.00447705553,-0.0288074163,-0.104893377,-0.00163904655,-0.0347692198,0.00692457101,0.515647312,1321,1333,1246,1407,1573,1462,1599,1363,-0.095,-0.095,-0.0947589134,-0.0159277923,0.02,0.3425,0.3425,0.339189697,0.19062458,0.02,-0.1825,-0.1825,-0.181762571,-0.0644191433,0.02,0.2475,0.2475,0.244697161,0.122137402,0.02,0.4175,0.4175,0.579532267,24.6925611,1,-0.2325,-0.2325,-0.447122328,-12.8351904,1,0.4475,0.4475,0.418149751,13.399128,1,-0.635,-0.635,-0.555148988,-18.4909612,1
299187.696,36.95,0.320510512,-0.056775394,0.0122820989,0.0156424223,-0.00504508266,-0.241323711,0.360672923,0.000774922279,150.09763,-147.154539,2.94309079,0,48.8533587,-12.0293792,-0.234532319,0.876965103,3.60888361,-0.879820654,49.5002072,-8.72232501,-2.24992351,0.597827777,3.66349496,-0.888031365,-0.0564152786,1.60305242,149.282127,-0.571489648,-4.21742438,-2.63688234,0.323716283,-0.0369710262,-0.000774922279,0.0156424223,-0.00504508266,-0.241323711,0,0,0,0,0,0,49.5002086,-8.72232525,-2.24992357,0.333237174,1.3996799,-0.826891408,-49.9345484,5.62134271,0.0964103498,0.260941708,2.80760348,3.94631691,-49.9345484,5.62134271,0.0964103498,0.260941708,2.80760348,3.94631691,0.00645739668,-0.000390492387,147.154713,0.0470219222,0.911215735,-0.00467193003,-0.0326258325,-0.0956544229,-0.00169103444,-0.0344727884,0.00135631383,0.52265716,1321,1333,1246,1407,1573,1462,1599,1363,-0.095,-0.095,-0.0948882878,-0.0159738311,0.02,0.3425,0.3425,0.340966107,0.192132864,0.02,-0.1825,-0.1825,-0.182158298,-0.0647007881,0.02,0.2475,0.2475,0.24620125,0.123074074,0.02,0.4175,0.4175,0.575531676,24.3544465,1,-0.2325,-0.2325,-0.441823284,-12.5523348,1,0.4475,0.4475,0.419453987,13.4861509,1,-0.635,-0.635,-0.558697324,-18.6961503,1
299187.749,37,0.31923443,-0.0577594723,0.0121279581,0.014274095,-0.00504372454,-0.215965472,0.360713519,0.000848068829,150.09763,-147.154539,2.94309079,0,48.6220993,-12.0584298,-0.235546801,0.879054065,3.59127531,-0.714664501,49.1684827,-9.32867472,-2.23738408,0.649407401,3.63836668,-0.722009448,-0.0394429609,1.61538292,149.253275,-0.639356632,-4.19489322,-2.33363093,0.322038538,-0.041547683,-0.000848068829,0.014274095,-0.00504372454,-0.215965472,0,0,0,0,0,0,49.1684841,-9.32867498,-2.23738414,0.334013047,1.39252005,-0.661607428,-49.6371294,6.34102918,0.100412214,0.296573386,2.79262375,3.47263754,-49.6371294,6.34102918,0.100412214,0.296573386,2.79262375,3.47263754,0.00521302277,-0.000446377542,147.154689,0.0490269043,0.909823024,-0.00485857907,-0.0339083924,-0.087622775,-0.00247565195,-0.0330461958,-0.00111053128,0.517804114,1321,1333,1246,1407,1573,1462,1599,1363,-0.095,-0.095,-0.094948236,-0.0159951642,0.02,0.3425,0.3425,0.341789241,0.19286516,0.02,-0.1825,-0.1825,-0.182341666,-0.0648312937,0.02,0.2475,0.2475,0.246898199,0.123508099,0.02,0.4175,0.4175,0.57162986,24.0246801,1,-0.2325,-0.2325,-0.436655074,-12.2913418,1,0.4475,0.4475,0.420700266,13.5630769,1,-0.635,-0.635,-0.562087983,-18.8829336,1
299187.802,37.05,0.317886031,-0.0587099858,0.0119618069,0.0128305257,-0.00520491735,-0.190581453,0.360758025,0.000925819879,150.09763,-147.154539,2.94309079,0,48.3570478,-12.0447872,-0.236016881,0.877983823,3.5712426,-0.548865971,48.8062947,-9.82571804,-2.22205738,0.692854057,3.61074472,-0.555300806,-0.0246237972,1.62361837,149.224615,-0.699894281,-4.17137914,-2.03115942,0.320275085,-0.0456518473,-0.000925819879,0.0128305257,-0.00520491735,-0.190581453,0,0,0,0,0,0,48.806296,-9.82571831,-2.22205743,0.333559449,1.38446561,-0.495868921,-49.3323578,6.99348275,0.136667217,0.331935124,2.77647367,3.01718777,-49.3323578,6.99348275,0.136667217,0.331935124,2.77647367,3.01718777,0.00409133473,-0.000484153759,147.154667,0.0509055545,0.908373383,-0.00503555545,-0.0367081664,-0.0763068416,-0.00109377962,-0.0383070851,-0.00630049592,0.53321232,1321,1333,1246,1407,1573,1462,1599,1363,-0.095,-0.095,-0.0949760142,-0.0160050492,0.02,0.3425,0.3425,0.342170656,0.193204484,0.02,-0.1825,-0.1825,-0.182426633,-0.064891766,0.02,0.2475,0.2475,0.247221144,0.123709213,0.02,0.4175,0.4175,0.567824381,23.6546675,1,-0.2325,-0.2325,-0.431614467,-12.0447029,1,0.4475,0.4475,0.421891165,13.6319428,1,-0.635,-0.635,-0.565327972,-19.0558797,1
299187.854,37.1,0.316450943,-0.0595736477,0.0117954211,0.0111683088,-0.00560977651,-0.164046196,0.360805938,0.000990418539,150.09763,-147.154539,2.94309079,0,48.0701642,-12.0050285,-0.236234702,0.874973433,3.54962224,-0.381332554,48.4297901,-10.2281214,-2.20412545,0.729286889,3.58179768,-0.3868812,-0.0121963539,1.62823116,149.194869,-0.751755482,-4.14590813,-1.72230531,0.31842483,-0.0492119535,-0.000990418539,0.0111683088,-0.00560977651,-0.164046196,0,0,0,0,0,0,48.4297915,-10.2281216,-2.2041255,0.332346152,1.37581142,-0.328510437,-48.9656568,7.54045005,0.133823992,0.36746926,2.75845777,2.55777314,-48.9656568,7.54045005,0.133823992,0.36746926,2.75845777,2.55777314,0.00304757798,-0.000509808303,147.154644,0.0526051707,0.906800035,-0.00519591174,-0.0366344377,-0.0663510645,-0.00181938662,-0.0362754951,-0.0100370635,0.553774919,1321,1333,1246,1407,1573,1462,1599,1363,-0.095,-0.095,-0.0949888857,-0.0160096296,0.02,0.3425,0.3425,0.342347392,0.193361716,0.02,-0.1825,-0.1825,-0.182466004,-0.064919787,0.02,0.2475,0.2475,0.247370787,0.123802403,0.02,0.4175,0.4175,0.564112858,23.2584357,1,-0.2325,-0.2325,-0.426698314,-11.8041536,1,0.4475,0.4475,0.423029144,13.6977485,1,-0.635,-0.635,-0.568423985,-19.2211406,1
299187.908,37.15,0.315005189,-0.0603935525,0.0116174308,0.00965809001,-0.0061258719,-0.136539186,0.3608572,0.0010542987,150.09763,-147.154539,2.94309079,0,47.8045304,-11.9822557,-0.236335634,0.873251397,3.52962492,-0.214027699,48.0861267,-10.5760298,-2.18527843,0.761627462,3.55509205,-0.218796772,-0.00604646532,1.63485757,149.168513,-0.79515669,-4.11769118,-1.41281674,0.316590572,-0.0522737452,-0.0010542987,0.00965809001,-0.0061258719,-0.136539186,0,0,0,0,0,0,48.086128,-10.5760301,-2.18527848,0.33165345,1.36782031,-0.161305778,-48.6159107,8.03042401,0.145254803,0.39854004,2.73965808,2.10242436,-48.6159107,8.03042401,0.145254803,0.39854004,2.73965808,2.10242436,0.00214766377,-0.000501896813,147.154628,0.0541352257,0.905047462,-0.00534086149,-0.0356716233,-0.0565932681,-0.00157920289,-0.035682772,-0.0104788091,0.579128936,1321,1333,1246,1407,1573,1462,1599,1363,-0.095,-0.095,-0.09499485,-0.0160117521,0.02,0.3425,0.3425,0.342429286,0.193434572,0.02,-0.1825,-0.1825,-0.182484247,-0.0649327711,0.02,0.2475,0.2475,0.247440126,0.123845585,0.02,0.4175,0.4175,0.560492974,22.8719868,1,-0.2325,-0.2325,-0.42190354,-11.5695434,1,0.4475,0.4475,0.424116555,13.76063,1,-0.635,-0.635,-0.571382421,-19.4036551,1
299187.96,37.2,0.31362854,-0.0613250814,0.0114525038,0.00855729715,-0.00647947467,-0.108204565,0.360911168,0.00109968521,150.09763,-147.154539,2.94309079,0,47.6016902,-12.070366,-0.236382402,0.879872886,3.51436131,-0.0574085713,47.8205958,-10.9617696,-2.16812006,0.796394776,3.53414162,-0.0616908612,-0.00277784968,1.65510512,149.144735,-0.83220471,-4.08678296,-1.12564085,0.314885504,-0.0549937105,-0.00109968521,0.00855729715,-0.00647947467,-0.108204565,0,0,0,0,0,0,47.8205971,-10.9617699,-2.16812011,0.334292351,1.36172487,-0.00429896089,-48.3190827,8.46048942,0.16060868,0.425765141,2.72202849,1.66120611,-48.3190827,8.46048942,0.16060868,0.425765141,2.72202849,1.66120611,0.0014180564,-0.000440065427,147.154621,0.0556144648,0.903119567,-0.00547767797,-0.0329018326,-0.0529603346,-0.00121815964,-0.0210773025,-0.00451215988,0.583009185,1321,1333,1246,1407,1573,1462,1599,1363,-0.095,-0.095,-0.0949976136,-0.0160127355,0.02,0.3425,0.3425,0.342467233,0.193468332,0.02,-0.1825,-0.1825,-0.182492701,-0.0649387876,0.02,0.2475,0.2475,0.247472256,0.123865594,0.02,0.4175,0.4175,0.556962465,22.5896608,1,-0.2325,-0.2325,-0.41722715,-11.303723,1,0.4475,0.4475,0.425155644,13.8207172,1,-0.635,-0.635,-0.574209393,-19.6048549,1
299188.013,37.25,0.312142087,-0.0624412648,0.0112995127,0.00800647943,-0.00652973266,-0.0821685968,0.360967009,0.00112867939,150.09763,-147.154539,2.94309079,0,47.3136733,-12.1491059,-0.22633558,0.889033576,3.49374256,0.0286851316,47.4829512,-11.2711329,-2.13695925,0.82592225,3.50922701,0.0248756408,0.0093086931,1.67652738,149.117558,-0.868672475,-4.05419858,-0.930302739,0.31314702,-0.0574829892,-0.00112867939,0.00800647943,-0.00652973266,-0.0821685968,0,0,0,0,0,0,47.4829525,-11.2711332,-2.1369593,0.339894001,1.35416869,0.0821411997,-48.0507625,8.85259073,0.157341749,0.452466326,2.70889504,1.28086013,-48.0507625,8.85259073,0.157341749,0.452466326,2.70889504,1.28086013,0.000904650236,-0.000344645458,147.154618,0.0572077989,0.901124868,-0.00562606547,-0.0362328611,-0.0468284036,-0.00129748022,-0.0119893682,0.00118861001,0.473117541,1342,1316,1268,1391,1570,1455,1599,1374,-0.1125,-0.1125,-0.103327888,-0.0198653158,0.02,0.315,0.315,0.332655135,0.185392492,0.02,-0.175,-0.175,-0.179815967,-0.0630664611,0.02,0.2475,0.2475,0.247487144,0.123874865,0.02,0.46,0.46,0.554402318,22.3960632,1,-0.2725,-0.2725,-0.413497462,-11.0714565,1,0.395,0.395,0.424687529,13.7936476,1,-0.58,-0.58,-0.574850329,-19.6504712,1
299188.064,37.3,0.310440302,-0.0635577704,0.0111494129,0.00731601646,-0.00636881174,-0.0610228326,0.361024003,0.00114864449,150.09763,-147.154539,2.94309079,0,47.0172904,-12.2192599,-0.218135308,0.89672834,3.4721765,0.0997912787,47.1483508,-11.5141407,-2.10738574,0.849104065,3.48421945,0.0965754094,0.0159858447,1.69654009,149.083905,-0.903615311,-4.0215969,-0.775523783,0.311256421,-0.0596129347,-0.00114864449,0.00731601646,-0.00636881174,-0.0610228326,0,0,0,0,0,0,47.1483521,-11.514141,-2.1073858,0.344417802,1.34603522,0.153556027,-47.7640825,9.19651823,0.177415869,0.476598467,2.69243948,0.988950241,-47.7640825,9.19651823,0.177415869,0.476598467,2.69243948,0.988950241,0.000558026172,-0.000252937829,147.154609,0.0589140258,0.899093782,-0.00578334065,-0.0384560996,-0.0388768216,-0.000262591362,-0.0175184338,0.00507836093,0.39990962,1342,1316,1268,1391,1570,1455,1599,1374,-0.1125,-0.1125,-0.108249924,-0.0229305165,0.02,0.315,0.315,0.325430257,0.179201138,0.02,-0.175,-0.175,-0.177845165,-0.0620144743,0.02,0.2475,0.2475,0.247494043,0.123879161,0.02,0.46,0.46,0.552071517,22.2198087,1,-0.2725,-0.2725,-0.410016222,-10.8546621,1,0.395,0.395,0.423954541,13.7512613,1,-0.58,-0.58,-0.575079165,-19.6667578,1
299188.117,37.35,0.308711133,-0.0645758265,0.0110025565,0.00604883431,-0.00592339483,-0.0430909164,0.361081871,0.00116788453,150.09763,-147.154539,2.94309079,0,46.7849471,-12.2381197,-0.213635624,0.899494633,3.45522851,0.153358607,46.8872389,-11.6573136,-2.08383112,0.863073306,3.46461242,0.150926328,0.0151935029,1.70805252,149.051499,-0.934438532,-3.99024228,-0.649491906,0.309398782,-0.0613191492,-0.00116788453,0.00604883431,-0.00592339483,-0.0430909164,0,0,0,0,0,0,46.8872402,-11.6573139,-2.08383117,0.346331634,1.33960895,0.207206339,-47.4524946,9.45676241,0.176947386,0.496254476,2.67474242,0.751987065,-47.4524946,9.45676241,0.176947386,0.496254476,2.67474242,0.751987065,0.000305884689,-0.000167519138,147.154592,0.0605430001,0.897133057,-0.0059293001,-0.0346466339,-0.0297161224,-0.000646266846,-0.0372377913,0.0123604202,0.336681641,1342,1316,1268,1391,1570,1455,1599,1374,-0.1125,-0.1125,-0.110530645,-0.0242564196,0.02,0.315,0.315,0.321161961,0.175403876,0.02,-0.175,-0.175,-0.176680859,-0.0613929842,0.02,0.2475,0.2475,0.24749724,0.123881152,0.02,0.46,0.46,0.549798263,22.0532901,1,-0.2725,-0.2725,-0.406620934,-10.7183745,1,0.395,0.395,0.423239651,13.7099214,1,-0.58,-0.58,-0.575297832,-19.6823206,1
299188.169,37.4,0.307123946,-0.0655102346,0.0108540873,0.00463817042,-0.00506229697,-0.0280826251,0.361141098,0.00120262915,150.09763,-147.154539,2.94309079,0,46.5965006,-12.2941765,-0.21177412,0.904319446,3.44133453,0.19517296,46.6794714,-11.7976711,-2.06576815,0.875674876,3.44883887,0.193322142,0.00708362646,1.72700375,149.027423,-0.958790788,-3.96209476,-0.549046197,0.307745844,-0.0626843201,-0.00120262915,0.00463817042,-0.00506229697,-0.0280826251,0,0,0,0,0,0,46.6794727,-11.7976714,-2.0657682,0.348622679,1.33424093,0.249267343,-47.1813461,9.66184493,0.187632876,0.524217697,2.66108407,0.56135844,-47.1813461,9.66184493,0.187632876,0.524217697,2.66108407,0.56135844,0.000144436301,-9.36859716e-05,147.154574,0.0619019263,0.895354312,-0.006048964,-0.0304245171,-0.0248940706,-0.000343563096,-0.0235937826,0.0215609221,0.283892099,1342,1316,1268,1391,1570,1455,1599,1374,-0.1125,-0.1125,-0.111587461,-0.0247265145,0.02,0.315,0.315,0.318640348,0.173644382,0.02,-0.175,-0.175,-0.175993014,-0.0610258217,0.02,0.2475,0.2475,0.247498721,0.123882074,0.02,0.46,0.46,0.547581136,21.9448052,1,-0.2725,-0.2725,-0.403309477,-10.5858037,1,0.395,0.395,0.422542411,13.6696023,1,-0.58,-0.58,-0.575506782,-19.6971919,1
299188.221,37.45,0.305662279,-0.066392941,0.010725363,0.00338385786,-0.00387317307,-0.0152055148,0.361202149,0.00123656402,150.09763,-147.154539,2.94309079,0,46.4124992,-12.3486416,-0.210978443,0.90870382,3.42762989,0.235897693,46.4839038,-11.9035664,-2.05069388,0.885350858,3.43383404,0.234466801,0.00294546029,1.74182024,149.005925,-0.976708646,-3.93932934,-0.46253096,0.306273948,-0.0637953004,-0.00123656402,0.00338385786,-0.00387317307,-0.0152055148,0,0,0,0,0,0,46.483905,-11.9035667,-2.05069393,0.35054523,1.32885666,0.290231724,-46.932652,9.82834194,0.187831184,0.540233371,2.64558444,0.40208579,-46.932652,9.82834194,0.187831184,0.540233371,2.64558444,0.40208579,5.22504308e-05,-3.87694581e-05,147.154558,0.0629867714,0.893909686,-0.00614450906,-0.02677383,-0.0198777217,-0.00107225727,-0.0263350028,0.0253763534,0.248757643,1342,1316,1268,1391,1570,1455,1599,1374,-0.1125,-0.1125,-0.112077157,-0.0249443421,0.02,0.315,0.315,0.317150636,0.172849194,0.02,-0.175,-0.175,-0.17558665,-0.0608089105,0.02,0.2475,0.2475,0.247499407,0.123882502,0.02,0.46,0.46,0.54541875,21.8389988,1,-0.2725,-0.2725,-0.400079779,-10.4565062,1,0.395,0.395,0.421862387,13.6302786,1,-0.58,-0.58,-0.575706447,-19.7114024,1
299188.275,37.5,0.304296443,-0.0672261073,0.0106110903,0.00242450041,-0.00257149523,-0.00355231198,0.361264982,0.00127606394,150.09763,-147.154539,2.94309079,0,46.2231857,-12.4112204,-0.210536074,0.913573717,3.41347592,0.278232028,46.2901204,-11.9890012,-2.03818791,0.893453672,3.41889532,0.277025606,-0.00291894753,1.759145,148.98652,-0.988778424,-3.92318062,-0.380867443,0.304940673,-0.0646853523,-0.00127606394,0.00242450041,-0.00257149523,-0.00355231198,0,0,0,0,0,0,46.2901217,-11.9890015,-2.03818796,0.352586566,1.32326161,0.332841407,-46.701596,9.97140073,0.181424043,0.558373442,2.63300909,0.261972888,-46.701596,9.97140073,0.181424043,0.558373442,2.63300909,0.261972888,7.48882163e-06,-5.80076838e-06,147.154548,0.0638304151,0.892864379,-0.00622059799,-0.0247838421,-0.0155457183,-0.00181202233,-0.0156791418,0.0255541352,0.23126662,1342,1316,1268,1391,1570,1455,1599,1374,-0.1125,-0.1125,-0.112304068,-0.0250452767,0.02,0.315,0.315,0.316270547,0.172379415,0.02,-0.175,-0.175,-0.17534658,-0.0606807641,0.02,0.2475,0.2475,0.247499725,0.1238827,0.02,0.46,0.46,0.543309754,21.7358048,1,-0.2725,-0.2725,-0.396929823,-10.3167441,1,0.395,0.395,0.421199152,13.5919258,1,-0.58,-0.58,-0.575897239,-19.7249814,1
299188.331,37.55,0.302993428,-0.0680045665,0.0105078434,0.00178531482,-0.00139835439,0.00740132996,0.36133007,0.00132256112,150.09763,-147.154539,2.94309079,0,46.0381119,-12.4723092,-0.210287567,0.918261445,3.39960903,0.319536539,46.1071807,-12.0467198,-2.02852127,0.899402052,3.40474873,0.318451379,-0.00809871419,1.7738108,148.968143,-0.9969625,-3.91361712,-0.303242119,0.303700662,-0.0653650702,-0.00132256112,0.00178531482,-0.00139835439,0.00740132996,0,0,0,0,0,0,46.1071819,-12.0467201,-2.02852132,0.35451308,1.31776115,0.37441471,-46.4873846,10.0870634,0.209753152,0.571184089,2.62038599,0.131234133,-46.4873846,10.0870634,0.209753152,0.571184089,2.62038599,0.131234133,-5.17754376e-06,7.10908091e-06,147.154542,0.0645514616,0.892194628,-0.006287697,-0.0236721304,-0.0106088844,-0.000387372157,-0.0149754763,0.0196643775,0.21941309,1342,1316,1268,1391,1570,1455,1599,1374,-0.1125,-0.1125,-0.112409211,-0.0250920467,0.02,0.315,0.315,0.315750611,0.17210188,0.02,-0.175,-0.175,-0.175204752,-0.0606050582,0.02,0.2475,0.2475,0.247499873,0.123882792,0.02,0.46,0.46,0.541252829,21.6351586,1,-0.2725,-0.2725,-0.39385764,-10.1800867,1,0.395,0.395,0.420552293,13.55452,1,-0.58,-0.58,-0.576079553,-19.7379569,1
299188.382,37.6,0.30174273,-0.0687264174,0.0104168516,0.00127721068,-0.000566163315,0.0178683877,0.361397274,0.00136965953,150.09763,-147.154539,2.94309079,0,45.8403459,-12.5156169,-0.210146701,0.921572229,3.38476788,0.364118596,45.9177647,-12.0623081,-2.0203345,0.902304609,3.39006231,0.363118784,-0.0128785749,1.78679381,148.950391,-1.0019239,-3.90943614,-0.220696755,0.302532908,-0.0658346998,-0.00136965953,0.00127721068,-0.000566163315,0.0178683877,0,0,0,0,0,0,45.917766,-12.0623084,-2.02033455,0.355866355,1.31185963,0.419187322,-46.276765,10.1602757,0.212754815,0.585342533,2.60933855,0.0033889158,-46.276765,10.1602757,0.212754815,0.585342533,2.60933855,0.0033889158,5.5441208e-06,6.96343105e-06,147.154539,0.0652157644,0.891846741,-0.00635025394,-0.0226796218,-0.00663706391,-0.000789935763,-0.00931465189,0.011408036,0.219444452,1342,1316,1268,1391,1570,1455,1599,1374,-0.1125,-0.1125,-0.112457931,-0.0251137185,0.02,0.315,0.315,0.315443444,0.171937919,0.02,-0.175,-0.175,-0.175120963,-0.0605603328,0.02,0.2475,0.2475,0.247499941,0.123882834,0.02,0.46,0.46,0.539246689,21.5135412,1,-0.2725,-0.2725,-0.390861309,-10.0468034,1,0.395,0.395,0.419921404,13.5173385,1,-0.58,-0.58,-0.576253766,-19.7503559,1
299188.438,37.65,0.300489751,-0.0693245685,0.0103241386,0.000650763248,-0.000303174375,0.0285330111,0.361467063,0.00142014038,150.09763,-147.154539,2.94309079,0,45.6364462,-12.5147194,-0.210066237,0.921536016,3.36945326,0.408526025,45.7281238,-12.0098323,-2.01250452,0.900099046,3.37534489,0.407683765,-0.0178565616,1.79190285,148.933466,-1.00383719,-3.90824213,-0.130989379,0.301371548,-0.0660168202,-0.00142014038,0.000650763248,-0.000303174375,0.0285330111,0,0,0,0,0,0,45.7281251,-12.0098327,-2.01250457,0.355870708,1.30576164,0.463590803,-46.0629315,10.1932885,0.231840259,0.595593101,2.59701236,-0.130311515,-46.0629315,10.1932885,0.231840259,0.595593101,2.59701236,-0.130311515,4.10240626e-05,6.33837559e-06,147.154537,0.0658371457,0.891642097,-0.00640915965,-0.0223198684,-0.000299498336,-0.000163724465,-0.0163553365,-0.000998771982,0.221263588,1342,1316,1268,1391,1570,1455,1599,1374,-0.1125,-0.1125,-0.112480507,-0.0251237605,0.02,0.315,0.315,0.315261977,0.171841054,0.02,-0.175,-0.175,-0.175071462,-0.06053391,0.02,0.2475,0.2475,0.247499973,0.123882854,0.02,0.46,0.46,0.537290081,21.3568797,1,-0.2725,-0.2725,-0.387938958,-9.94431472,1,0.395,0.395,0.419306093,13.4762829,1,-0.58,-0.58,-0.576420237,-19.7622039,1
299188.488,37.7,0.29930084,-0.0698105342,0.0102290894,-8.00631188e-05,-0.000591339148,0.0389915131,0.36153922,0.00146770844,150.09763,-147.154539,2.94309079,0,45.4453421,-12.5057519,-0.210019977,0.920879838,3.35509345,0.449599981,45.5574511,-11.925492,-2.00458219,0.895388528,3.36207986,0.448898917,-0.0265049869,1.79760841,148.919958,-1.0020465,-3.90685192,-0.0434258734,0.300283769,-0.0659262274,-0.00146770844,-8.00631188e-05,-0.000591339148,0.0389915131,0,0,0,0,0,0,45.5574523,-11.9254923,-2.00458224,0.355619861,1.30003993,0.504625304,-45.8568725,10.1768248,0.221064439,0.609038762,2.58607634,-0.265549025,-45.8568725,10.1768248,0.221064439,0.609038762,2.58607634,-0.265549025,0.000102228534,1.69268392e-05,147.154536,0.0663317174,0.891403971,-0.00645860835,-0.0210323754,0.00422521109,-0.0012418468,-0.0120776261,-0.0103058843,0.213687487,1342,1316,1268,1391,1570,1455,1599,1374,-0.1125,-0.1125,-0.112490967,-0.0251284137,0.02,0.315,0.315,0.31515477,0.171783828,0.02,-0.175,-0.175,-0.175042218,-0.0605183001,0.02,0.2475,0.2475,0.247499987,0.123882863,0.02,0.46,0.46,0.535381782,21.2040861,1,-0.2725,-0.2725,-0.38508876,-9.85556661,1,0.395,0.395,0.418705973,13.436241,1,-0.58,-0.58,-0.576579311,-19.7735254,1
299188.54,37.75,0.298168055,-0.0702130262,0.0101565082,-0.00081332598,-0.00121887526,0.0486084463,0.361613291,0.00148202851,150.09763,-147.154539,2.94309079,0,45.2567461,-12.4776314,-0.190307281,0.919142904,3.34583112,0.477576063,45.3956315,-11.7997968,-1.97534888,0.887374266,3.35446665,0.477083695,-0.0342356402,1.79948457,148.904378,-0.997091554,-3.90270374,0.027411922,0.299270409,-0.0656076454,-0.00148202851,-0.00081332598,-0.00121887526,0.0486084463,0,0,0,0,0,0,45.3956328,-11.7997971,-1.97534893,0.355153977,1.29938888,0.532477655,-45.6548961,10.1130792,0.222257004,0.616103856,2.57324692,-0.389501683,-45.6548961,10.1130792,0.222257004,0.616103856,2.57324692,-0.389501683,0.000182269508,4.27858141e-05,147.154537,0.0667383212,0.890967562,-0.00649533194,-0.0193772737,0.00875444976,-8.21833754e-06,-0.0187089424,-0.0146738263,0.18610627,1343,1313,1274,1382,1565,1460,1581,1392,-0.1,-0.1,-0.10769706,-0.0225862199,0.02,0.27,0.27,0.297819691,0.158584089,0.02,-0.1625,-0.1625,-0.170227235,-0.0579481286,0.02,0.2025,0.2025,0.230228249,0.112257541,0.02,0.4675,0.4675,0.533691131,21.0687192,1,-0.295,-0.295,-0.382820528,-9.78493947,1,0.3925,0.3925,0.418063827,13.3933949,1,-0.565,-0.565,-0.57632816,-19.7556507,1
299188.592,37.8,0.297095552,-0.0705488233,0.0100984044,-0.00144018713,-0.00189255698,0.0569729164,0.361687229,0.00147092949,150.09763,-147.154539,2.94309079,0,45.0726242,-12.4485487,-0.177722389,0.917034825,3.33533318,0.503825767,45.2429574,-11.6535793,-1.95148602,0.877465542,3.34600744,0.50351673,-0.0434680114,1.80224336,148.888851,-0.98876913,-3.89496978,0.0917584542,0.29834405,-0.0651032745,-0.00147092949,-0.00144018713,-0.00189255698,0.0569729164,0,0,0,0,0,0,45.2429586,-11.6535796,-1.95148606,0.354360433,1.29726862,0.558599396,-45.4696568,10.0186338,0.215264752,0.624363548,2.56326574,-0.500823982,-45.4696568,10.0186338,0.215264752,0.624363548,2.56326574,-0.500823982,0.000268963208,7.75659017e-05,147.15454,0.067019414,0.890290504,-0.00651976367,-0.017549561,0.0116113315,4.60690273e-05,-0.0141598674,-0.014036399,0.162888615,1343,1313,1274,1382,1565,1460,1581,1392,-0.1,-0.1,-0.10454725,-0.0206246741,0.02,0.27,0.27,0.286435248,0.150164476,0.02,-0.1625,-0.1625,-0.167065077,-0.0559991088,0.02,0.2025,0.2025,0.218881226,0.104181696,0.02,0.4675,0.4675,0.532056866,20.937867,1,-0.295,-0.295,-0.380652231,-9.71742408,1,0.3925,0.3925,0.417432654,13.3512809,1,-0.565,-0.565,-0.576048467,-19.7357445,1
299188.644,37.85,0.296068779,-0.0708563383,0.0100453127,-0.0019192881,-0.00253866671,0.0645384609,0.361760106,0.00144460267,150.09763,-147.154539,2.94309079,0,44.8792477,-12.4339847,-0.169888472,0.916085462,3.32283951,0.533242738,45.0853168,-11.5051139,-1.93035472,0.867576756,3.33586634,0.533037644,-0.05198183,1.80718918,148.873994,-0.977495701,-3.88365674,0.156283141,0.297489453,-0.0644676817,-0.00144460267,-0.0019192881,-0.00253866671,0.0645384609,0,0,0,0,0,0,45.0853181,-11.5051143,-1.93035477,0.354069363,1.29355004,0.587952287,-45.2806901,9.89222663,0.213371237,0.63327885,2.55449264,-0.602682593,-45.2806901,9.89222663,0.213371237,0.63327885,2.55449264,-0.602682593,0.000357307927,0.000117997527,147.154543,0.0672031485,0.889360282,-0.0065344514,-0.0162614901,0.0132902443,-3.62100813e-05,-0.00442580689,-0.0113764843,0.153501906,1343,1313,1274,1382,1565,1460,1581,1392,-0.1,-0.1,-0.102686413,-0.019465837,0.02,0.27,0.27,0.279709575,0.144779369,0.02,-0.1625,-0.1625,-0.165196945,-0.0548357286,0.02,0.2025,0.2025,0.21217766,0.0994106686,0.02,0.4675,0.4675,0.530462951,20.8102456,1,-0.295,-0.295,-0.37853747,-9.63205869,1,0.3925,0.3925,0.416817064,13.3102068,1,-0.565,-0.565,-0.575775679,-19.7163298,1
299188.696,37.9,0.295073161,-0.0711879237,0.00998671984,-0.00214110018,-0.00303515921,0.0714624084,0.361831622,0.00141662894,150.09763,-147.154539,2.94309079,0,44.7086777,-12.4498174,-0.165418963,0.917399421,3.31119627,0.557099191,44.9547691,-11.3711532,-1.91227331,0.858556916,3.32696432,0.556947374,-0.0618461413,1.81675262,148.861343,-0.965058189,-3.86910662,0.209022783,0.296695628,-0.0637673069,-0.00141662894,-0.00214110018,-0.00303515921,0.0714624084,0,0,0,0,0,0,44.9547703,-11.3711535,-1.91227336,0.354667684,1.28963624,0.611878405,-45.116405,9.76321306,0.223336756,0.636105673,2.54480931,-0.698449327,-45.116405,9.76321306,0.223336756,0.636105673,2.54480931,-0.698449327,0.000438229416,0.000157001384,147.154544,0.0673623016,0.888212973,-0.0065474581,-0.0145413281,0.0141318358,0.00133067365,-0.00209608097,-0.00643227789,0.131979836,1343,1313,1274,1382,1565,1460,1581,1392,-0.1,-0.1,-0.101587072,-0.0187812221,0.02,0.27,0.27,0.275736198,0.141597969,0.02,-0.1625,-0.1625,-0.164093294,-0.0541484297,0.02,0.2025,0.2025,0.208217344,0.0967506457,0.02,0.4675,0.4675,0.528908391,20.7197651,1,-0.295,-0.295,-0.376474923,-9.54031209,1,0.3925,0.3925,0.416216674,13.2701468,1,-0.565,-0.565,-0.575509627,-19.6973944,1
299188.747,37.95,0.29414099,-0.0715691709,0.00993012261,-0.00210879997,-0.00319900112,0.0772826599,0.361901687,0.00138661498,150.09763,-147.154539,2.94309079,0,44.5522605,-12.4752006,-0.162892931,0.91940793,3.30011389,0.577680642,44.8417495,-11.2331549,-1.89599905,0.849097574,3.3189128,0.577606026,-0.0723678827,1.82626669,148.851183,-0.952580942,-3.85265666,0.253772581,0.296000697,-0.0630432476,-0.00138661498,-0.00210879997,-0.00319900112,0.0772826599,0,0,0,0,0,0,44.8417507,-11.2331552,-1.89599909,0.355528873,1.28563503,0.632571542,-44.9812134,9.63821902,0.212613685,0.637548825,2.53387145,-0.780872705,-44.9812134,9.63821902,0.212613685,0.637548825,2.53387145,-0.780872705,0.000501018151,0.000180929269,147.154544,0.0675676558,0.886918785,-0.00656540628,-0.0131903647,0.0151727026,0.000902105157,-0.00337242338,-0.000472895951,0.112743333,1343,1313,1274,1382,1565,1460,1581,1392,-0.1,-0.1,-0.100937607,-0.018376767,0.02,0.27,0.27,0.273388817,0.139718469,0.02,-0.1625,-0.1625,-0.163441282,-0.053742389,0.02,0.2025,0.2025,0.205877678,0.0952936177,0.02,0.4675,0.4675,0.527392212,20.6455779,1,-0.295,-0.295,-0.3744633,-9.45083071,1,0.3925,0.3925,0.415631107,13.2310759,1,-0.565,-0.565,-0.575250143,-19.6789266,1
299188.8,38,0.293247698,-0.0719563709,0.00988040159,-0.00211795284,-0.00301768894,0.0823240645,0.361970097,0.00135367355,150.09763,-147.154539,2.94309079,0,44.3997052,-12.4999571,-0.161400608,0.921328514,3.28904358,0.597753934,44.7351135,-11.0833377,-1.88096971,0.838702921,3.31106973,0.597794587,-0.0822609304,1.83535466,148.841817,-0.940438415,-3.83616178,0.293722495,0.295376123,-0.0622515472,-0.00135367355,-0.00211795284,-0.00301768894,0.0823240645,0,0,0,0,0,0,44.7351147,-11.083338,-1.88096975,0.356330464,1.28146678,0.652753763,-44.8457182,9.49633394,0.196769073,0.644421987,2.52674671,-0.854728285,-44.8457182,9.49633394,0.196769073,0.644421987,2.52674671,-0.854728285,0.00056094781,0.000185698771,147.154542,0.0678154666,0.885616322,-0.00659053437,-0.0119640622,0.0163129032,3.85058762e-05,0.00206161698,0.00780892068,0.0968163838,1343,1313,1274,1382,1565,1460,1581,1392,-0.1,-0.1,-0.100553917,-0.018137824,0.02,0.27,0.27,0.272002037,0.138608103,0.02,-0.1625,-0.1625,-0.163056088,-0.0535025093,0.02,0.2025,0.2025,0.204495456,0.0944328383,0.02,0.4675,0.4675,0.525913468,20.5732224,1,-0.295,-0.295,-0.372501344,-9.36355864,1,0.3925,0.3925,0.415059998,13.1929696,1,-0.565,-0.565,-0.574997066,-19.6609147,1
299188.852,38.05,0.292382424,-0.0723339601,0.0098376354,-0.0021923263,-0.00253195292,0.0868195929,0.362036963,0.00132168646,150.09763,-147.154539,2.94309079,0,44.2509165,-12.5241023,-0.160518977,0.923179031,3.27809207,0.617331615,44.634276,-10.9232072,-1.86747663,0.827510554,3.30350858,0.617497227,-0.0933241177,1.84384382,148.831596,-0.928160936,-3.8214402,0.333090216,0.294806074,-0.0613843303,-0.00132168646,-0.0021923263,-0.00253195292,0.0868195929,0,0,0,0,0,0,44.6342772,-10.9232075,-1.86747668,0.357089617,1.2772444,0.672437684,-44.7224606,9.35677794,0.193278621,0.64745391,2.51595378,-0.919755291,-44.7224606,9.35677794,0.193278621,0.64745391,2.51595378,-0.919755291,0.000621586746,0.000170936174,147.154539,0.0681022563,0.884409488,-0.00661945884,-0.0110024391,0.0184134744,0.000261841308,-0.00287959903,0.0121954229,0.0900086165,1343,1313,1274,1382,1565,1460,1581,1392,-0.1,-0.1,-0.100327242,-0.0179966619,0.02,0.27,0.27,0.271182758,0.137952124,0.02,-0.1625,-0.1625,-0.162828525,-0.0533607938,0.02,0.2025,0.2025,0.203678871,0.0939243092,0.02,0.4675,0.4675,0.524471234,20.5026533,1,-0.295,-0.295,-0.370587829,-9.27844132,1,0.3925,0.3925,0.41450299,13.1558042,1,-0.565,-0.565,-0.574750238,-19.6433476,1
299188.903,38.1,0.291546502,-0.0726824431,0.0097974422,-0.00235899925,-0.00183687933,0.0908897748,0.362102456,0.00129766954,150.09763,-147.154539,2.94309079,0,44.1138438,-12.5396091,-0.15999813,0.924365696,3.26792446,0.634202499,44.5464775,-10.7454787,-1.8559731,0.814910137,3.2968653,0.634504254,-0.103045711,1.84928872,148.822416,-0.915417692,-3.8097701,0.367701976,0.294284475,-0.0604270645,-0.00129766954,-0.00235899925,-0.00183687933,0.0908897748,0,0,0,0,0,0,44.5464788,-10.745479,-1.85597315,0.357575375,1.27327476,0.689376798,-44.6010008,9.19262229,0.202175854,0.651491033,2.50729584,-0.980351662,-44.6010008,9.19262229,0.202175854,0.651491033,2.50729584,-0.980351662,0.00068602471,0.000140538556,147.154536,0.0683939451,0.883397421,-0.00664935233,-0.00918329342,0.0196031625,0.000829708521,-0.00217419725,0.0164341332,0.0791850688,1343,1313,1274,1382,1565,1460,1581,1392,-0.1,-0.1,-0.100193327,-0.0179132664,0.02,0.27,0.27,0.270698747,0.137564586,0.02,-0.1625,-0.1625,-0.162694085,-0.0532770714,0.02,0.2025,0.2025,0.20319645,0.0936238816,0.02,0.4675,0.4675,0.52306461,20.4338266,1,-0.295,-0.295,-0.368721559,-9.20679913,1,0.3925,0.3925,0.413959734,13.1195564,1,-0.565,-0.565,-0.574509504,-19.6262142,1
299188.958,38.15,0.290759438,-0.0729919195,0.00976361428,-0.00257779567,-0.00105004493,0.0945225978,0.362166844,0.00127949167,150.09763,-147.154539,2.94309079,0,43.983762,-12.5511264,-0.159690425,0.925243942,3.25822516,0.649659749,44.4667406,-10.555909,-1.84644495,0.801390977,3.2907977,0.650067969,-0.114600328,1.85585208,148.813509,-0.901576355,-3.8019281,0.400441154,0.293822962,-0.0593774478,-0.00127949167,-0.00257779567,-0.00105004493,0.0945225978,0,0,0,0,0,0,44.4667418,-10.5559093,-1.84644499,0.357933039,1.26945652,0.704884725,-44.5058175,9.02956532,0.194799907,0.653224965,2.49652092,-1.03582173,-44.5058175,9.02956532,0.194799907,0.653224965,2.49652092,-1.03582173,0.000751483964,0.000100862403,147.154535,0.0686378777,0.882617451,-0.00667763476,-0.00897362096,0.0221976716,0.000542174503,-0.0119028788,0.0147355534,0.0702596675,1343,1313,1274,1382,1565,1460,1581,1392,-0.1,-0.1,-0.100114213,-0.0178639983,0.02,0.27,0.27,0.270412804,0.137335638,0.02,-0.1625,-0.1625,-0.162614661,-0.0532276101,0.02,0.2025,0.2025,0.202911447,0.0934463958,0.02,0.4675,0.4675,0.521692714,20.3666992,1,-0.295,-0.295,-0.366901367,-9.14202625,1,0.3925,0.3925,0.413429891,13.0842035,1,-0.565,-0.565,-0.574274713,-19.6095038,1
299189.012,38.2,0.290007606,-0.0732702066,0.00973124859,-0.00281437514,-0.000335193357,0.0978681919,0.362230539,0.00127053436,150.09763,-147.154539,2.94309079,0,43.8568919,-12.5623594,-0.15950864,0.926095835,3.24873348,0.664735358,44.3911334,-10.3591411,-1.83868294,0.787342755,3.28502652,0.665197682,-0.126391532,1.86064907,148.805769,-0.886362702,-3.79792557,0.431174301,0.293398643,-0.0582499958,-0.00127053436,-0.00281437514,-0.000335193357,0.0978681919,0,0,0,0,0,0,44.3911346,-10.3591414,-1.83868299,0.358277203,1.26570017,0.720009759,-44.4052179,8.85072748,0.197947998,0.660482703,2.48794605,-1.08555182,-44.4052179,8.85072748,0.197947998,0.660482703,2.48794605,-1.08555182,0.000817134996,6.27596025e-05,147.154534,0.0688599342,0.882074026,-0.00670105621,-0.00798512066,0.0231496265,0.000510360448,-0.00287500269,0.0126807847,0.06592027,1343,1313,1274,1382,1565,1460,1581,1392,-0.1,-0.1,-0.100067475,-0.0178348918,0.02,0.27,0.27,0.270243875,0.13720038,0.02,-0.1625,-0.1625,-0.162567739,-0.0531983895,0.02,0.2025,0.2025,0.202743074,0.0933415411,0.02,0.4675,0.4675,0.520354692,20.3012292,1,-0.295,-0.295,-0.365126116,-9.07885262,1,0.3925,0.3925,0.41291313,13.0497236,1,-0.565,-0.565,-0.57404572,-19.593206,1
299189.065,38.25,0.289247157,-0.0735029766,0.00972938481,-0.00312531548,0.000214616903,0.101113939,0.362293388,0.0012375514,150.09763,-147.154539,2.94309079,0,43.6873404,-12.5429007,-0.135076258,0.922873933,3.24024673,0.681673812,44.2728747,-10.128025,-1.80609837,0.7687975,3.28009208,0.682290783,-0.134646009,1.86161018,148.789947,-0.869557891,-3.7971438,0.464422024,0.29296202,-0.0570329477,-0.0012375514,-0.00312531548,0.000214616903,0.101113939,0,0,0,0,0,0,44.272876,-10.1280253,-1.80609841,0.355934829,1.26498464,0.736862595,-44.296168,8.65609782,0.181938037,0.66453244,2.47902045,-1.13501662,-44.296168,8.65609782,0.181938037,0.66453244,2.47902045,-1.13501662,0.000888956625,3.38483371e-05,147.154535,0.069025742,0.881751797,-0.00672030964,-0.00974901124,0.0264599286,0.000599370653,-0.0117419008,0.00794806182,0.0662922072,1346,1314,1278,1382,1566,1464,1559,1409,-0.09,-0.09,-0.0963327951,-0.0164878698,0.02,0.2275,0.2275,0.25438904,0.127392088,0.02,-0.165,-0.165,-0.163761871,-0.0539420358,0.02,0.1475,0.1475,0.182254732,0.0781140756,0.02,0.465,0.465,0.518995305,20.1989611,1,-0.295,-0.295,-0.363394696,-9.01723875,1,0.385,0.385,0.41224593,13.0052058,1,-0.555,-0.555,-0.573604783,-19.5618238,1
299189.117,38.3,0.288435925,-0.0736623875,0.00972750687,-0.00359377891,0.000449377508,0.104620947,0.362354275,0.00120424078,150.09763,-147.154539,2.94309079,0,43.5103211,-12.5143422,-0.120995069,0.919840747,3.2294435,0.699976864,44.1467052,-9.88214615,-1.78411028,0.750149522,3.27288066,0.70064816,-0.145168984,1.86299055,148.767086,-0.850127309,-3.79831169,0.504133919,0.29246035,-0.055694396,-0.00120424078,-0.00359377891,0.000449377508,0.104620947,0,0,0,0,0,0,44.1467064,-9.88214642,-1.78411032,0.354192488,1.26224465,0.755039991,-44.1725352,8.43992745,0.174766016,0.669471033,2.46945282,-1.18663646,-44.1725352,8.43992745,0.174766016,0.669471033,2.46945282,-1.18663646,0.00097807501,2.65956172e-05,147.154538,0.0690979907,0.881529861,-0.00672857388,-0.0107301911,0.0284394189,0.000241859146,-0.0104470724,0.000395621797,0.07367916,1346,1314,1278,1382,1566,1464,1559,1409,-0.09,-0.09,-0.093741273,-0.0155656574,0.02,0.2275,0.2275,0.24338544,0.121320527,0.02,-0.165,-0.165,-0.164426289,-0.0543558024,0.02,0.1475,0.1475,0.168032314,0.0695960026,0.02,0.465,0.465,0.517662156,20.0862885,1,-0.295,-0.295,-0.361706025,-8.95714613,1,0.385,0.385,0.411573226,12.9603207,1,-0.555,-0.555,-0.573145429,-19.5291309,1
299189.169,38.35,0.287618501,-0.0737866198,0.00970631597,-0.00395735163,0.000302812678,0.108270182,0.362413925,0.00118638782,150.09763,-147.154539,2.94309079,0,43.3376724,-12.4864888,-0.110328098,0.917018946,3.21835043,0.717828012,44.025201,-9.63031806,-1.76552418,0.731219094,3.26543412,0.718497671,-0.157041252,1.86325148,148.748086,-0.828580092,-3.79939446,0.541907775,0.291936464,-0.0542803061,-0.00118638782,-0.00395735163,0.000302812678,0.108270182,0,0,0,0,0,0,44.0252022,-9.63031832,-1.76552422,0.352629661,1.25900223,0.772768585,-44.0357832,8.20736463,0.174726585,0.675998943,2.4606945,-1.24200436,-44.0357832,8.20736463,0.174726585,0.675998943,2.4606945,-1.24200436,0.00106410233,4.70337102e-05,147.154541,0.0690867139,0.881326418,-0.00672703402,-0.0110313179,0.0295374726,0.000237249549,0.000408270307,-0.0063398959,0.0734354433,1346,1314,1278,1382,1566,1464,1559,1409,-0.09,-0.09,-0.0922102599,-0.015020835,0.02,0.2275,0.2275,0.236884761,0.11699508,0.02,-0.165,-0.165,-0.16473416,-0.0545475292,0.02,0.1475,0.1475,0.159630029,0.0629013819,0.02,0.465,0.465,0.516361923,19.9763978,1,-0.295,-0.295,-0.360059047,-8.89853721,1,0.385,0.385,0.41091713,12.9165439,1,-0.555,-0.555,-0.572697417,-19.4972452,1
299189.222,38.4,0.286822227,-0.0738865569,0.00966926994,-0.00415658447,-0.00017050673,0.111899759,0.362472937,0.00117734331,150.09763,-147.154539,2.94309079,0,43.1741531,-12.4544564,-0.104294949,0.914326904,3.20713347,0.733892937,43.9126573,-9.36719918,-1.75099034,0.711853011,3.25791332,0.734550012,-0.16935034,1.86141004,148.732878,-0.805709475,-3.79855156,0.579574783,0.291420179,-0.0528028055,-0.00117734331,-0.00415658447,-0.00017050673,0.111899759,0,0,0,0,0,0,43.9126585,-9.36719943,-1.75099038,0.351385484,1.25520289,0.788692567,-43.8929294,7.96636507,0.172626889,0.677789542,2.45186764,-1.2971771,-43.8929294,7.96636507,0.172626889,0.677789542,2.45186764,-1.2971771,0.00113882963,9.3308708e-05,147.154542,0.0690423064,0.880984419,-0.006719546,-0.00987390492,0.0306026374,0.000309037676,0.00201763935,-0.0112088244,0.0719073448,1346,1314,1278,1382,1566,1464,1559,1409,-0.09,-0.09,-0.0913057719,-0.0146989662,0.02,0.2275,0.2275,0.233044306,0.114261771,0.02,-0.165,-0.165,-0.164876818,-0.0546363695,0.02,0.1475,0.1475,0.154666149,0.0593685141,0.02,0.465,0.465,0.515093793,19.8692203,1,-0.295,-0.295,-0.358452734,-8.84825792,1,0.385,0.385,0.410277234,12.8738479,1,-0.555,-0.555,-0.572260466,-19.4661468,1
299189.274,38.45,0.28606777,-0.0739573964,0.00962171967,-0.0042825579,-0.000827187443,0.115479371,0.362531616,0.00116998937,150.09763,-147.154539,2.94309079,0,43.0235804,-12.4143057,-0.10074202,0.91114291,3.19644999,0.751876189,43.8124341,-9.08865689,-1.73796877,0.691522058,3.2508822,0.752564895,-0.182499362,1.85898189,148.720796,-0.782248198,-3.79445353,0.616849699,0.290936855,-0.0512523522,-0.00116998937,-0.0042825579,-0.000827187443,0.115479371,0,0,0,0,0,0,43.8124353,-9.08865714,-1.73796881,0.350016304,1.25134093,0.806499156,-43.7627131,7.71525201,0.167742298,0.677696081,2.44387205,-1.35199389,-43.7627131,7.71525201,0.167742298,0.677696081,2.44387205,-1.35199389,0.00120792242,0.0001568802,147.154543,0.0689970849,0.880443297,-0.00671008385,-0.00907393168,0.0325261535,-5.94910679e-05,-0.000214238633,-0.0129267045,0.0719105996,1346,1314,1278,1382,1566,1464,1559,1409,-0.09,-0.09,-0.0907714207,-0.0145088133,0.02,0.2275,0.2275,0.230775451,0.112646993,0.02,-0.165,-0.165,-0.164942921,-0.0546775354,0.02,0.1475,0.1475,0.151733599,0.0572813752,0.02,0.465,0.465,0.513856973,19.764689,1,-0.295,-0.295,-0.35688608,-8.79947621,1,0.385,0.385,0.409653137,12.8445495,1,-0.555,-0.555,-0.571834303,-19.4358162,1
299189.327,38.5,0.285374193,-0.0739852363,0.00956821486,-0.00443363168,-0.00147316548,0.119161242,0.362589942,0.00116029644,150.09763,-147.154539,2.94309079,0,42.8835291,-12.3683425,-0.0986482738,0.90759043,3.1862968,0.771259053,43.7220752,-8.7969583,-1.72521349,0.67031508,3.24433401,0.772025053,-0.196601372,1.8547809,148.711145,-0.758278876,-3.78667121,0.656163191,0.290511652,-0.0496068899,-0.00116029644,-0.00443363168,-0.00147316548,0.119161242,0,0,0,0,0,0,43.7220764,-8.79695854,-1.72521354,0.348541361,1.24752727,0.825679782,-43.6447661,7.45644026,0.156463025,0.679227397,2.43658345,-1.40960521,-43.6447661,7.45644026,0.156463025,0.679227397,2.43658345,-1.40960521,0.00128238355,0.000224406778,147.154545,0.0689299335,0.879661054,-0.00669997944,-0.00785927239,0.0343101621,-0.000500708616,-0.000797493122,-0.0110886974,0.0733737532,1346,1314,1278,1382,1566,1464,1559,1409,-0.09,-0.09,-0.090455738,-0.0143964753,0.02,0.2275,0.2275,0.229435063,0.111693019,0.02,-0.165,-0.165,-0.164973551,-0.0546966104,0.02,0.1475,0.1475,0.150001115,0.0560483405,0.02,0.465,0.465,0.51265069,19.6627387,1,-0.295,-0.295,-0.355358107,-8.75189892,1,0.385,0.385,0.409044449,12.8255965,1,-0.555,-0.555,-0.571418663,-19.4062344,1
299189.38,38.55,0.28472888,-0.0739832742,0.00951130247,-0.00457075671,-0.00195523377,0.122875228,0.362647716,0.00114773193,150.09763,-147.154539,2.94309079,0,42.7469356,-12.3235141,-0.0974137661,0.904163163,3.17624905,0.790163352,43.6349419,-8.49937356,-1.71216047,0.648678933,3.23788827,0.791026157,-0.210078673,1.85086979,148.70313,-0.73385794,-3.77566849,0.695712557,0.290138789,-0.0478803275,-0.00114773193,-0.00457075671,-0.00195523377,0.122875228,0,0,0,0,0,0,43.6349431,-8.4993738,-1.71216051,0.347140337,1.24365897,0.844386837,-43.5354928,7.18716409,0.158634475,0.678820811,2.42814472,-1.46673685,-43.5354928,7.18716409,0.158634475,0.678820811,2.42814472,-1.46673685,0.00135895527,0.000282918975,147.154547,0.0688570603,0.878678819,-0.00668880943,-0.00730809723,0.0363467295,-0.00025110449,-0.0035538853,-0.00720699868,0.0746490568,1346,1314,1278,1382,1566,1464,1559,1409,-0.09,-0.09,-0.0902692398,-0.0143301085,0.02,0.2275,0.2275,0.228643192,0.111129433,0.02,-0.165,-0.165,-0.164987745,-0.0547054491,0.02,0.1475,0.1475,0.148977603,0.0553198913,0.02,0.465,0.465,0.51147419,19.5633054,1,-0.295,-0.295,-0.35386786,-8.70549631,1,0.385,0.385,0.408450789,12.8071114,1,-0.555,-0.555,-0.571013285,-19.377383,1
299189.433,38.6,0.28411831,-0.0739633311,0.00945959671,-0.00470076329,-0.00217338383,0.126566477,0.362704607,0.00112716248,150.09763,-147.154539,2.94309079,0,42.6137147,-12.2797925,-0.0966855728,0.900842381,3.16636339,0.808600903,43.5508033,-8.19588055,-1.69894333,0.626599673,3.23159011,0.809572567,-0.223537824,1.8460491,148.695555,-0.709057576,-3.76258768,0.734026315,0.289809189,-0.046084564,-0.00112716248,-0.00470076329,-0.00217338383,0.126566477,0,0,0,0,0,0,43.5508045,-8.19588077,-1.69894338,0.345795768,1.2397981,0.862632014,-43.4328771,6.9094725,0.15595222,0.681424347,2.4211455,-1.52440539,-43.4328771,6.9094725,0.15595222,0.681424347,2.4211455,-1.52440539,0.00143808079,0.000322680967,147.154548,0.0687641262,0.877573618,-0.00667781556,-0.00645925652,0.0374288656,5.02558696e-06,6.90583271e-05,-0.000945698046,0.0741617464,1346,1314,1278,1382,1566,1464,1559,1409,-0.09,-0.09,-0.0901590608,-0.0142909005,0.02,0.2275,0.2275,0.228175372,0.110796478,0.02,-0.165,-0.165,-0.164994321,-0.0547095448,0.02,0.1475,0.1475,0.148372934,0.0548895399,0.02,0.465,0.465,0.510326738,19.4663272,1,-0.295,-0.295,-0.352414408,-8.66023939,1,0.385,0.385,0.407871787,12.7890827,1,-0.555,-0.555,-0.570617915,-19.349244,1
299189.486,38.65,0.28354448,-0.0739417087,0.00941324878,-0.00476546774,-0.0020769453,0.130072984,0.362760348,0.00110330177,150.09763,-147.154539,2.94309079,0,42.4962447,-12.2496121,-0.0962558944,0.898553488,3.15760803,0.823216309,43.4830312,-7.89775924,-1.68655728,0.604806105,3.22650663,0.824279383,-0.237883537,1.84252207,148.688537,-0.684071502,-3.7489351,0.766529175,0.28952756,-0.0442391895,-0.00110330177,-0.00476546774,-0.0020769453,0.130072984,0,0,0,0,0,0,43.4830324,-7.89775946,-1.68655733,0.34487103,1.23635428,0.877114627,-43.334841,6.62821431,0.154496525,0.680099348,2.41295501,-1.5786774,-43.334841,6.62821431,0.154496525,0.680099348,2.41295501,-1.5786774,0.00151219301,0.000336287611,147.154548,0.0686632012,0.876432237,-0.00666783927,-0.00549776466,0.0385456011,0.000172915369,-0.0028702582,0.00549363805,0.065957213,1346,1314,1278,1382,1566,1464,1559,1409,-0.09,-0.09,-0.0900939695,-0.0142677373,0.02,0.2275,0.2275,0.227898995,0.110599776,0.02,-0.165,-0.165,-0.164997369,-0.0547114425,0.02,0.1475,0.1475,0.14801571,0.054635298,0.02,0.465,0.465,0.509207617,19.3893669,1,-0.295,-0.295,-0.350996841,-8.61609987,1,0.385,0.385,0.407307081,12.7714991,1,-0.555,-0.555,-0.570232308,-19.3217997,1
299189.539,38.7,0.283017833,-0.0739407921,0.00937650537,-0.00477873747,-0.00166141641,0.133168178,0.362814809,0.00107735308,150.09763,-147.154539,2.94309079,0,42.3848559,-12.2306373,-0.0960022919,0.897115217,3.14927794,0.837621524,43.4216897,-7.6042181,-1.67524595,0.583373161,3.22188658,0.838748914,-0.251571855,1.84058153,148.681829,-0.658980548,-3.73645588,0.795796871,0.2893053,-0.0423700746,-0.00107735308,-0.00477873747,-0.00166141641,0.133168178,0,0,0,0,0,0,43.4216909,-7.60421831,-1.67524599,0.344290423,1.23306008,0.891436353,-43.2545524,6.33790209,0.155132659,0.680989098,2.40511891,-1.6263481,-43.2545524,6.33790209,0.155132659,0.680989098,2.40511891,-1.6263481,0.00157793999,0.000320381302,147.154545,0.0685589659,0.875359945,-0.00666103353,-0.00470075002,0.0382303906,0.000494394266,0.000930995741,0.0105842823,0.0619917815,1346,1314,1278,1382,1566,1464,1559,1409,-0.09,-0.09,-0.0900555151,-0.014254053,0.02,0.2275,0.2275,0.227735717,0.110483569,0.02,-0.165,-0.165,-0.164998781,-0.0547123219,0.02,0.1475,0.1475,0.14780467,0.0544850975,0.02,0.465,0.465,0.508116127,19.3213943,1,-0.295,-0.295,-0.349614274,-8.56790278,1,0.385,0.385,0.406756317,12.7543497,1,-0.555,-0.555,-0.569856221,-19.2975913,1
299189.591,38.75,0.282888405,-0.0740869853,0.00936976502,-0.00427746814,-0.00057395449,0.125166845,0.362868006,0.0010514578,150.09763,-147.154539,2.94309079,0,42.6319444,-12.4137637,-0.09679212,0.912182587,3.17035229,0.581905127,43.7370056,-7.47279491,-1.68085064,0.56569145,3.24991293,0.582995251,-0.297972969,1.85671303,148.699714,-0.646124787,-3.72523688,0.490777497,0.289520398,-0.040682039,-0.0010514578,-0.00427746814,-0.00057395449,0.125166845,0,0,0,0,0,0,43.7370068,-7.47279512,-1.68085068,0.351080479,1.24296255,0.636525705,-43.2384586,6.09583103,0.161428977,0.675201326,2.39818294,-1.49763087,-43.2384586,6.09583103,0.161428977,0.675201326,2.39818294,-1.49763087,0.0013832809,0.000207155205,147.15454,0.0684667458,0.874469051,-0.00666052891,0.0155926418,0.0292933273,0.00147270303,0.0219830444,0.0363731606,-0.420969638,1445,1217,1376,1285,1555,1471,1555,1416,-0.0725,-0.0725,-0.0835454292,-0.0119373905,0.02,0.21,0.21,0.221151888,0.105797761,0.02,-0.1375,-0.1375,-0.154804865,-0.0488262375,0.02,0.1375,0.1375,0.143972925,0.0517579875,0.02,0.7075,0.7075,0.51580999,19.9297505,1,-0.5375,-0.5375,-0.356824196,-8.79754929,1,0.1375,0.1375,0.40083361,12.5699313,1,-0.31,-0.31,-0.564158277,-18.993443,1
299189.642,38.8,0.283466185,-0.0744066967,0.0094936766,-0.00304984455,0.00153589055,0.0959418321,0.362918451,0.00095646996,150.09763,-147.154539,2.94309079,0,42.7304984,-12.6284895,-0.0972499579,0.929206212,3.17947641,0.285823712,43.9013379,-7.43067829,-1.68560044,0.552986716,3.26591716,0.28667132,-0.314713035,1.87541102,148.740526,-0.641529076,-3.72276656,0.0664441112,0.290474344,-0.0394907343,-0.00095646996,-0.00304984455,0.00153589055,0.0959418321,0,0,0,0,0,0,43.9013391,-7.4306785,-1.68560048,0.358398496,1.24763002,0.341389075,-43.3386674,5.94213793,0.148854282,0.664689211,2.39577175,-1.04950793,-43.3386674,5.94213793,0.148854282,0.664689211,2.39577175,-1.04950793,0.000812657714,-2.72196579e-06,147.154538,0.0684486466,0.874169478,-0.00667088036,0.0193393724,0.0216345824,0.00283331112,0.02473742,0.0432077778,-0.724719175,1445,1217,1376,1285,1555,1471,1555,1416,-0.0725,-0.0725,-0.0790253912,-0.0103289014,0.02,0.21,0.21,0.216588285,0.102549776,0.02,-0.1375,-0.1375,-0.147723325,-0.0448436666,0.02,0.1375,0.1375,0.141324058,0.0498727499,0.02,0.7075,0.7075,0.524328112,20.4956503,1,-0.5375,-0.5375,-0.36485288,-9.06912932,1,0.1375,0.1375,0.39433188,12.2162053,1,-0.31,-0.31,-0.557883087,-18.6490655,1
299189.694,38.85,0.284086156,-0.0743803121,0.00962326996,-0.00245093816,0.00346834826,0.0563180677,0.362963999,0.000886474518,150.09763,-147.154539,2.94309079,0,42.7784785,-12.7519086,-0.0977729731,0.939064183,3.18413518,0.00149869254,43.9919172,-7.38001541,-1.69279331,0.539758452,3.27554833,0.00213981562,-0.322268965,1.87839862,148.727679,-0.641180601,-3.73170772,-0.378099289,0.291349846,-0.0384714488,-0.000886474518,-0.00245093816,0.00346834826,0.0563180677,0,0,0,0,0,0,43.9919184,-7.38001561,-1.69279335,0.362677926,1.25011778,0.0576070919,-43.4001137,5.82765809,0.123224071,0.649714018,2.39347404,-0.486844733,-43.4001137,5.82765809,0.123224071,0.649714018,2.39347404,-0.486844733,0.000318191995,-9.35543654e-05,147.154549,0.0684092432,0.87469999,-0.00667032095,0.0204901663,0.0174947334,-0.000125691918,0.0082479062,0.0362080448,-0.909981253,1445,1217,1376,1285,1555,1471,1555,1416,-0.0725,-0.0725,-0.0763550544,-0.00937864215,0.02,0.21,0.21,0.213892211,0.10063094,0.02,-0.1375,-0.1375,-0.143539711,-0.0422383185,0.02,0.1375,0.1375,0.139759168,0.0487589939,0.02,0.7075,0.7075,0.532467715,20.9707628,1,-0.5375,-0.5375,-0.372524794,-9.36460175,1,0.1375,0.1375,0.387990678,11.8673895,1,-0.31,-0.31,-0.551762831,-18.2951505,1
299189.747,38.9,0.285117436,-0.0741004414,0.00971122058,-0.00183650396,0.0053014934,0.00657975176,0.36300845,0.000898950789,150.09763,-147.154539,2.94309079,0,42.9859562,-12.9261778,-0.0980819586,0.952510021,3.20035821,-0.305005579,44.2305428,-7.45806692,-1.71010221,0.535066911,3.29596397,-0.304829972,-0.334784002,1.88561223,148.729324,-0.644238716,-3.75041463,-0.874612737,0.292513161,-0.037842398,-0.000898950789,-0.00183650396,0.0053014934,0.00657975176,0,0,0,0,0,0,44.230544,-7.45806712,-1.71010225,0.368246796,1.25696146,-0.248130404,-43.5404278,5.7562149,0.127475008,0.636911767,2.40475248,0.143873767,-43.5404278,5.7562149,0.127475008,0.636911767,2.40475248,0.143873767,1.64468525e-05,-2.13465944e-05,147.154561,0.068101493,0.876017984,-0.00663627959,0.0264708224,0.0065224981,-0.000574183358,0.023479788,0.0363808933,-1.10291918,1445,1217,1376,1285,1555,1471,1555,1416,-0.0725,-0.0725,-0.0747774794,-0.00881725038,0.02,0.21,0.21,0.21229943,0.0994973346,0.02,-0.1375,-0.1375,-0.141068125,-0.0406991374,0.02,0.1375,0.1375,0.138834665,0.0481010119,0.02,0.7075,0.7075,0.540245618,21.5858754,1,-0.5375,-0.5375,-0.379855791,-9.69070049,1,0.1375,0.1375,0.381806041,11.5647727,1,-0.31,-0.31,-0.545793686,-17.9499737,1
299189.799,38.95,0.286134463,-0.0734804407,0.00979515688,-0.00106594023,0.00637039472,-0.0480004152,0.363054291,0.000933838113,150.09763,-147.154539,2.94309079,0,42.9517782,-12.9982003,-0.0982645004,0.95812745,3.19815472,-0.53969626,44.196925,-7.58191945,-1.72175241,0.536006444,3.29519725,-0.540227766,-0.3097961,1.88099241,148.730749,-0.648310217,-3.77822443,-1.31497341,0.293488455,-0.0376856009,-0.000933838113,-0.00106594023,0.00637039472,-0.0480004152,0,0,0,0,0,0,44.1969263,-7.58191966,-1.72175245,0.370608806,1.25630202,-0.482504192,-43.6833548,5.7426986,0.135119645,0.618995694,2.41033267,0.817248957,-43.6833548,5.7426986,0.135119645,0.618995694,2.41033267,0.817248957,9.42959954e-05,0.00022088387,147.154562,0.0674756513,0.878043405,-0.00656429775,0.015159048,-0.00335880612,-0.00079461837,0.0254201709,0.00559747737,-1.1053415,1445,1217,1376,1285,1555,1471,1555,1416,-0.0725,-0.0725,-0.0738454836,-0.00848559274,0.02,0.21,0.21,0.211358452,0.0988276261,0.02,-0.1375,-0.1375,-0.139607968,-0.0397898238,0.02,0.1375,0.1375,0.13828849,0.047712291,0.02,0.7075,0.7075,0.547677895,21.9495397,1,-0.5375,-0.5375,-0.386861021,-9.91075044,1,0.1375,0.1375,0.375774104,11.2696276,1,-0.31,-0.31,-0.539971919,-17.6130696,1
299189.852,39,0.286892154,-0.0726054846,0.0098584502,-3.11423295e-05,0.00582675203,-0.102201874,0.363101982,0.000976037843,150.09763,-147.154539,2.94309079,0,42.9965137,-13.0895404,-0.0983723419,0.965115165,3.20173547,-0.809638576,44.2225659,-7.83535052,-1.73720588,0.545118497,3.29895871,-0.811042022,-0.288854034,1.87992664,148.731037,-0.659668915,-3.80750659,-1.82200825,0.294002064,-0.0381269627,-0.000976037843,-3.11423295e-05,0.00582675203,-0.102201874,0,0,0,0,0,0,44.2225671,-7.83535074,-1.73720592,0.373467951,1.25786025,-0.752044619,-43.7872918,5.78200874,0.151350159,0.591769972,2.41556935,1.58152297,-43.7872918,5.78200874,0.151350159,0.591769972,2.41556935,1.58152297,0.000636556618,0.000483442501,147.154542,0.0664925902,0.880347028,-0.00645615493,0.00988837568,-0.0181399073,-0.000466543559,0.0323566262,-0.0232586287,-1.12005843,1445,1217,1376,1285,1555,1471,1555,1416,-0.0725,-0.0725,-0.0732948815,-0.00828965686,0.02,0.21,0.21,0.210802543,0.0984319774,0.02,-0.1375,-0.1375,-0.13874534,-0.0392526218,0.02,0.1375,0.1375,0.137965822,0.0474826434,0.02,0.7075,0.7075,0.554779904,22.4246161,1,-0.5375,-0.5375,-0.39355496,-10.1666228,1,0.1375,0.1375,0.369891095,10.9808008,1,-0.31,-0.31,-0.534293892,-17.234213,1
299189.904,39.05,0.287589932,-0.0717145534,0.00989611132,0.00150553143,0.00419321246,-0.156612123,0.363152044,0.00102444505,150.09763,-147.154539,2.94309079,0,43.1109157,-13.2707879,-0.0984360523,0.978815245,3.21046648,-1.10495771,44.3041236,-8.29108501,-1.75416246,0.568285253,3.30705961,-1.10748112,-0.264684322,1.89067186,148.73469,-0.68086292,-3.83134515,-2.38174765,0.294302093,-0.0393949708,-0.00102444505,0.00150553143,0.00419321246,-0.156612123,0,0,0,0,0,0,44.3041249,-8.29108524,-1.75416251,0.378975644,1.26142001,-1.04656627,-43.9213613,5.91965076,0.15532866,0.557975986,2.43100451,2.44718226,-43.9213613,5.91965076,0.15532866,0.557975986,2.43100451,2.44718226,0.00171790882,0.000643807494,147.15451,0.0652201019,0.882511452,-0.00632567911,0.00719911666,-0.0393128464,-0.00125497399,0.0474362419,-0.0385836726,-1.1095579,1445,1217,1376,1285,1555,1471,1555,1416,-0.0725,-0.0725,-0.0729695981,-0.00817390236,0.02,0.21,0.21,0.210474124,0.098198237,0.02,-0.1375,-0.1375,-0.138235719,-0.038935255,0.02,0.1375,0.1375,0.137775197,0.0473469727,0.02,0.7075,0.7075,0.561566321,22.9865744,1,-0.5375,-0.5375,-0.399951441,-10.4511522,1,0.1375,0.1375,0.364153338,10.6490045,1,-0.31,-0.31,-0.528756056,-16.8813105,1
299189.957,39.1,0.288292117,-0.0711737928,0.00990909068,0.00400249978,0.00233478934,-0.209472629,0.363204744,0.00108152577,150.09763,-147.154539,2.94309079,0,43.3590965,-13.5939507,-0.098473691,1.00315861,3.22920529,-1.39835943,44.5057544,-8.9947692,-1.77437156,0.610024557,3.32432813,-1.40221811,-0.24272662,1.92799321,148.743611,-0.715279895,-3.84645377,-2.97305227,0.294521292,-0.0418462187,-0.00108152577,0.00400249978,0.00233478934,-0.209472629,0,0,0,0,0,0,44.5057556,-8.99476945,-1.7743716,0.388712044,1.26894088,-1.33854609,-44.1810527,6.23989061,0.166598641,0.512617986,2.4589661,3.38606846,-44.1810527,6.23989061,0.166598641,0.512617986,2.4589661,3.38606846,0.00341182107,0.000690281738,147.154489,0.0639040938,0.884380839,-0.00619960454,0.0048890118,-0.0624352652,-0.00101734795,0.0519701812,-0.0341202053,-1.05013982,1445,1217,1376,1285,1555,1471,1555,1416,-0.0725,-0.0725,-0.072777428,-0.00810551719,0.02,0.21,0.21,0.210280102,0.0980601484,0.02,-0.1375,-0.1375,-0.137934646,-0.0387477618,0.02,0.1375,0.1375,0.13766258,0.0472668216,0.02,0.7075,0.7075,0.568051171,23.678879,1,-0.5375,-0.5375,-0.406063681,-10.6960654,1,0.1375,0.1375,0.358557248,10.351071,1,-0.31,-0.31,-0.52335495,-16.593007,1
299190.013,39.15,0.288906809,-0.0708120891,0.00990806473,0.00619391438,0.000949979814,-0.257078145,0.363260347,0.00113897949,150.09763,-147.154539,2.94309079,0,43.6260915,-13.7793806,-0.098495927,1.01712746,3.24932799,-1.65070826,44.6795646,-9.67692963,-1.79176733,0.651587779,3.33955057,-1.65540139,-0.209091879,1.94840553,148.754182,-0.761967123,-3.85388552,-3.51475217,0.294554084,-0.0451976597,-0.00113897949,0.00619391438,0.000949979814,-0.257078145,0,0,0,0,0,0,44.6795659,-9.6769299,-1.79176738,0.394299465,1.2769953,-1.59007903,-44.4527501,6.67845669,0.173662947,0.474206202,2.49254906,4.31199109,-44.4527501,6.67845669,0.173662947,0.474206202,2.49254906,4.31199109,0.0054042423,0.000667830875,147.154478,0.06277481,0.885913985,-0.00609823953,0.00102768519,-0.0760311164,-0.000987930153,0.0394186515,-0.0199117468,-0.902981705,1445,1217,1376,1285,1555,1471,1555,1416,-0.0725,-0.0725,-0.0726638982,-0.00806511678,0.02,0.21,0.21,0.210165478,0.0979785688,0.02,-0.1375,-0.1375,-0.137756779,-0.038636995,0.02,0.1375,0.1375,0.137596049,0.0472194701,0.02,0.7075,0.7075,0.574247853,24.2459428,1,-0.5375,-0.5375,-0.411904312,-10.972243,1,0.1375,0.1375,0.353099325,10.1325687,1,-0.31,-0.31,-0.518087197,-16.3458559,1
299190.068,39.2,0.289515961,-0.0704045368,0.00990701374,0.00758573021,0.00037525297,-0.297538479,0.363318694,0.00119196393,150.09763,-147.154539,2.94309079,0,43.9387613,-13.9158914,-0.0985090636,1.02740756,3.27286714,-1.89261393,44.8623486,-10.4102431,-1.80914184,0.697346766,3.35570165,-1.89794283,-0.177568905,1.96180677,148.765039,-0.81649607,-3.85622109,-4.00471137,0.294463558,-0.049085359,-0.00119196393,0.00758573021,0.00037525297,-0.297538479,0,0,0,0,0,0,44.8623498,-10.4102434,-1.80914188,0.398409279,1.28640173,-1.83138406,-44.7028976,7.22295871,0.189592146,0.441525752,2.52278507,5.15680653,-44.7028976,7.22295871,0.189592146,0.441525752,2.52278507,5.15680653,0.00734657474,0.000654820455,147.154463,0.0617207479,0.887205797,-0.00600115548,-0.00120598361,-0.0864949838,-0.000592866205,0.0290284735,-0.00294784541,-0.777343968,1445,1217,1376,1285,1555,1471,1555,1416,-0.0725,-0.0725,-0.0725968274,-0.00804124912,0.02,0.21,0.21,0.210097761,0.0979303734,0.02,-0.1375,-0.1375,-0.137651699,-0.0385715565,0.02,0.1375,0.1375,0.137556744,0.0471914959,0.02,0.7075,0.7075,0.580169174,24.74639,1,-0.5375,-0.5375,-0.417485403,-11.3198057,1,0.1375,0.1375,0.347776158,9.90956915,1,-0.31,-0.31,-0.512949506,-16.1630273,1
299190.122,39.25,0.289927528,-0.0700082038,0.00990163554,0.00876767534,0.000276742239,-0.329309438,0.363379597,0.00124511572,150.09763,-147.154539,2.94309079,0,44.0275812,-14.0055647,-0.109233225,1.03586087,3.27980721,-2.03342296,44.7863056,-11.1999152,-1.82877284,0.752678415,3.3523989,-2.03957074,-0.125817785,1.97223337,148.773043,-0.872713766,-3.85743833,-4.35458117,0.294046548,-0.0534905621,-0.00124511572,0.00876767534,0.000276742239,-0.329309438,0,0,0,0,0,0,44.7863069,-11.1999155,-1.82877289,0.402809354,1.28927995,-1.97179853,-44.8499199,7.85174673,0.20503211,0.41279983,2.54409146,5.85319822,-44.8499199,7.85174673,0.20503211,0.41279983,2.54409146,5.85319822,0.00909601916,0.000634686717,147.154453,0.0606528645,0.888505138,-0.00589955706,-0.0126930294,-0.0956686552,-0.000233266126,0.0276369698,-0.00402595456,-0.54769437,1418,1243,1349,1312,1547,1475,1560,1416,-0.0625,-0.0625,-0.0688501361,-0.00629877351,0.02,0.21,0.21,0.210057755,0.0979019007,0.02,-0.1175,-0.1175,-0.130175486,-0.0339157406,0.02,0.15,0.15,0.143674843,0.0515458385,0.02,0.6425,0.6425,0.583278683,25.0091937,1,-0.47,-0.47,-0.420171774,-11.4848074,1,0.205,0.205,0.344053206,9.7439641,1,-0.3775,-0.3775,-0.509407449,-16.0264374,1
299190.175,39.3,0.289954177,-0.069652698,0.00987841933,0.00984853425,-7.51313748e-05,-0.352424981,0.363443247,0.00130091011,150.09763,-147.154539,2.94309079,0,44.0305474,-14.0712871,-0.116266045,1.04159217,3.28034144,-2.16022886,44.5937339,-12.029622,-1.84142134,0.810606528,3.34043738,-2.16714976,-0.0754034874,1.9803366,148.776871,-0.932798054,-3.85703661,-4.6418236,0.293089574,-0.0583040719,-0.00130091011,0.00984853425,-7.51313748e-05,-0.352424981,0,0,0,0,0,0,44.5937351,-12.0296224,-1.84142138,0.405570005,1.28964916,-2.09831526,-44.8356587,8.54468871,0.206725832,0.386534258,2.5597382,6.37746348,-44.8356587,8.54468871,0.206725832,0.386534258,2.5597382,6.37746348,0.0105443156,0.000465306791,147.154451,0.0595991187,0.889782148,-0.00580263191,-0.0217963831,-0.103442583,-0.000577452236,0.0239684454,-0.0105060642,-0.425487763,1418,1243,1349,1312,1547,1475,1560,1416,-0.0625,-0.0625,-0.0662515176,-0.00444929808,0.02,0.21,0.21,0.21003412,0.0978850796,0.02,-0.1175,-0.1175,-0.124988392,-0.0311313297,0.02,0.15,0.15,0.147069116,0.053961593,0.02,0.6425,0.6425,0.585910299,25.2316076,1,-0.47,-0.47,-0.422385989,-11.5931498,1,0.205,0.205,0.34061997,9.59124628,1,-0.3775,-0.3775,-0.506150643,-15.8525936,1
299190.227,39.35,0.289782826,-0.069374102,0.00984517452,0.0108240397,-0.000724092656,-0.371147918,0.363509657,0.00135353627,150.09763,-147.154539,2.94309079,0,44.037404,-14.1252119,-0.120103866,1.04603912,3.28109076,-2.2803211,44.3762967,-12.8899171,-1.85021983,0.870740638,3.32669098,-2.28791534,-0.0313999183,1.98615844,148.778857,-0.997289161,-3.85297285,-4.89662264,0.291778614,-0.063460639,-0.00135353627,0.0108240397,-0.000724092656,-0.371147918,0,0,0,0,0,0,44.376298,-12.8899174,-1.85021988,0.407579553,1.29007167,-2.21817023,-44.7421347,9.29950088,0.201938694,0.364300676,2.57156641,6.81108797,-44.7421347,9.29950088,0.201938694,0.364300676,2.57156641,6.81108797,0.0118207243,0.000145165363,147.154452,0.0585884669,0.890928315,-0.00571569223,-0.0272827306,-0.109817874,-0.00141570109,0.0234521802,-0.015103876,-0.360359432,1418,1243,1349,1312,1547,1475,1560,1416,-0.0625,-0.0625,-0.0647163122,-0.00335666959,0.02,0.21,0.21,0.210020157,0.0978751421,0.02,-0.1175,-0.1175,-0.121923974,-0.0294955856,0.02,0.15,0.15,0.148641918,0.0550809796,0.02,0.6425,0.6425,0.588424973,25.4441382,1,-0.47,-0.47,-0.424501811,-11.6966778,1,0.205,0.205,0.337271501,9.45443604,1,-0.3775,-0.3775,-0.502974247,-15.683042,1
299190.28,39.4,0.289522467,-0.069151231,0.00980456132,0.0117024689,-0.00151272806,-0.3872683,0.363578659,0.0014015126,150.09763,-147.154539,2.94309079,0,44.0225734,-14.1553747,-0.122228546,1.0485054,3.28013731,-2.39102094,44.1086439,-13.7609134,-1.85508245,0.93193216,3.30925206,-2.39916626,0.0119982049,1.98999553,148.780564,-1.06552685,-3.84384455,-5.12234356,0.290222455,-0.0688810041,-0.0014015126,0.0117024689,-0.00151272806,-0.3872683,0,0,0,0,0,0,44.1086452,-13.7609137,-1.85508249,0.408682475,1.28977923,-2.32873735,-44.6043862,10.1132277,0.211893104,0.342449869,2.58264127,7.19202595,-44.6043862,10.1132277,0.211893104,0.342449869,2.58264127,7.19202595,0.0129800646,-0.000283778335,147.154455,0.0576293266,0.891848681,-0.00563900217,-0.03307062,-0.113087825,-0.000985511769,0.0141442565,-0.0184459062,-0.311030232,1418,1243,1349,1312,1547,1475,1560,1416,-0.0625,-0.0625,-0.0638093474,-0.00271116924,0.02,0.21,0.21,0.210011909,0.0978692712,0.02,-0.1175,-0.1175,-0.120113584,-0.0285292248,0.02,0.15,0.15,0.149370706,0.0555996691,0.02,0.6425,0.6425,0.590827903,25.6214457,1,-0.47,-0.47,-0.426523613,-11.7956054,1,0.205,0.205,0.334005706,9.32369333,1,-0.3775,-0.3775,-0.499876277,-15.5165759,1
299190.332,39.45,0.289129412,-0.0688763232,0.00976109552,0.0122497532,-0.00244360725,-0.401286818,0.363649702,0.0014350793,150.09763,-147.154539,2.94309079,0,43.9528663,-14.1323129,-0.123332628,1.04685272,3.27498891,-2.49401209,43.7588145,-14.6054007,-1.8548196,0.991433933,3.28571141,-2.50254041,0.0579853565,1.98474493,148.779775,-1.13631855,-3.82871167,-5.32449567,0.288371834,-0.0744036212,-0.0014350793,0.0122497532,-0.00244360725,-0.401286818,0,0,0,0,0,0,43.7588157,-14.6054011,-1.85481965,0.408072192,1.28777673,-2.43182998,-44.3785456,10.9353201,0.224109775,0.329155061,2.59356939,7.52643966,-44.3785456,10.9353201,0.224109775,0.329155061,2.59356939,7.52643966,0.0139595441,-0.000817740366,147.154452,0.0566832786,0.892459744,-0.00556815996,-0.0384049025,-0.114637755,-0.000194894957,0.0120309142,-0.0199664932,-0.279036548,1418,1243,1349,1312,1547,1475,1560,1416,-0.0625,-0.0625,-0.063273533,-0.00232982216,0.02,0.21,0.21,0.210007035,0.0978658029,0.02,-0.1175,-0.1175,-0.119044047,-0.0280433663,0.02,0.15,0.15,0.149708405,0.0558400139,0.02,0.6425,0.6425,0.593124054,25.7440111,1,-0.47,-0.47,-0.428455571,-11.8901369,1,0.205,0.205,0.330820544,9.19617866,1,-0.3775,-0.3775,-0.496854796,-15.328413,1
299190.385,39.5,0.288660196,-0.068563172,0.00971424158,0.012715626,-0.0033920169,-0.41415055,0.363722013,0.00145583723,150.09763,-147.154539,2.94309079,0,43.8746587,-14.1166192,-0.123948303,1.04571217,3.26916716,-2.5955814,43.373904,-15.4775664,-1.85185471,1.05319389,3.25967598,-2.60447804,0.102510779,1.97959499,148.779079,-1.20859678,-3.80696779,-5.51484481,0.286287537,-0.080022176,-0.00145583723,0.012715626,-0.0033920169,-0.41415055,0,0,0,0,0,0,43.3739052,-15.4775668,-1.85185476,0.407640996,1.28548725,-2.53346835,-44.0997187,11.7678794,0.232681635,0.313044592,2.60257695,7.83359745,-44.0997187,11.7678794,0.232681635,0.313044592,2.60257695,7.83359745,0.0148614546,-0.00141852756,147.15445,0.055729542,0.892765852,-0.00549690748,-0.042672856,-0.117158307,0.000293328721,0.00923738551,-0.0186178176,-0.262575882,1418,1243,1349,1312,1547,1475,1560,1416,-0.0625,-0.0625,-0.0629569859,-0.00210453087,0.02,0.21,0.21,0.210004156,0.0978637538,0.02,-0.1175,-0.1175,-0.118412188,-0.0277623018,0.02,0.15,0.15,0.149864884,0.0559513823,0.02,0.6425,0.6425,0.595318171,25.86113,1,-0.47,-0.47,-0.43030168,-11.9804677,1,0.205,0.205,0.327714023,9.06164383,1,-0.3775,-0.3775,-0.493907915,-15.1448959,1
299190.438,39.55,0.288145536,-0.0682566125,0.00967386422,0.0131906814,-0.00420817023,-0.426311019,0.363794873,0.00145731606,150.09763,-147.154539,2.94309079,0,43.7929682,-14.1034562,-0.124297841,1.04474239,3.26306153,-2.6945345,42.9579101,-16.3693211,-1.84669494,1.11668297,3.23144438,-2.70376769,0.147254582,1.9746098,148.776286,-1.2822183,-3.77880426,-5.70022353,0.284001366,-0.085766236,-0.00145731606,0.0131906814,-0.00420817023,-0.426311019,0,0,0,0,0,0,42.9579113,-16.3693216,-1.84669498,0.407266182,1.28307249,-2.63247936,-43.7951771,12.6358298,0.212165993,0.297273973,2.60851016,8.12894103,-43.7951771,12.6358298,0.212165993,0.297273973,2.60851016,8.12894103,0.0157308766,-0.00204170992,147.154451,0.0547827351,0.892787288,-0.00542551635,-0.0471651493,-0.118787757,-0.000796927838,0.00617802847,-0.0157685612,-0.250825562,1418,1243,1349,1312,1547,1475,1560,1416,-0.0625,-0.0625,-0.062769977,-0.00197143384,0.02,0.21,0.21,0.210002455,0.0978625433,0.02,-0.1175,-0.1175,-0.1180389,-0.0275962552,0.02,0.15,0.15,0.149937391,0.056002987,0.02,0.6425,0.6425,0.597414789,25.9730446,1,-0.47,-0.47,-0.432065753,-12.0667845,1,0.205,0.205,0.324684203,8.92687083,1,-0.3775,-0.3775,-0.491033794,-14.9659098,1
299190.491,39.6,0.287618096,-0.067981959,0.00962752322,0.0137047422,-0.00477446232,-0.437673301,0.363867834,0.00145697849,150.09763,-147.154539,2.94309079,0,43.732788,-14.112522,-0.124497765,1.04543445,3.25855922,-2.78415483,42.5332908,-17.2992911,-1.84098393,1.18354619,3.20264229,-2.7937359,0.190419357,1.97215938,148.774737,-1.35660199,-3.74522056,-5.86737663,0.281542499,-0.0916457928,-0.00145697849,0.0137047422,-0.00477446232,-0.437673301,0,0,0,0,0,0,42.533292,-17.2992916,-1.84098398,0.407548474,1.28128945,-2.72205981,-43.4487041,13.5083769,0.222854001,0.284842479,2.61639519,8.40867236,-43.4487041,13.5083769,0.222854001,0.284842479,2.61639519,8.40867236,0.0165690742,-0.00264773651,147.154454,0.053893492,0.892619717,-0.00535464186,-0.0490976971,-0.123229777,0.0002601666,0.0169308278,-0.00651076799,-0.225931688,1418,1243,1349,1312,1547,1475,1560,1416,-0.0625,-0.0625,-0.0626594963,-0.00189280311,0.02,0.21,0.21,0.210001451,0.0978618281,0.02,-0.1175,-0.1175,-0.11781837,-0.0274981586,0.02,0.15,0.15,0.149970989,0.0560268991,0.02,0.6425,0.6425,0.599418238,26.079986,1,-0.47,-0.47,-0.433751435,-12.1492656,1,0.205,0.205,0.32172919,8.79542538,1,-0.3775,-0.3775,-0.488230634,-14.822825,1
299190.544,39.65,0.28716218,-0.0678171966,0.0095901699,0.0143758535,-0.0049319892,-0.448190335,0.363940489,0.00144986178,150.09763,-147.154539,2.94309079,0,43.7405559,-14.1611202,-0.12461283,1.04909442,3.25915761,-2.87473991,42.1425101,-18.2872017,-1.83743964,1.25487168,3.17659273,-2.88468243,0.231983534,1.9729713,148.773301,-1.43306731,-3.70757938,-6.03814627,0.278988468,-0.0977318395,-0.00144986178,0.0143758535,-0.0049319892,-0.448190335,0,0,0,0,0,0,42.1425112,-18.2872022,-1.83743969,0.409011803,1.28153622,-2.81243106,-43.1168002,14.4305138,0.214043535,0.266998581,2.61811152,8.67398508,-43.1168002,14.4305138,0.214043535,0.266998581,2.61811152,8.67398508,0.0174117459,-0.00318389215,147.154465,0.0531304812,0.892364557,-0.00528818586,-0.0496900748,-0.127747809,-0.000271767653,0.014682016,0.00196553283,-0.222408812,1418,1243,1349,1312,1547,1475,1560,1416,-0.0625,-0.0625,-0.0625942269,-0.00184634985,0.02,0.21,0.21,0.210000857,0.0978614056,0.02,-0.1175,-0.1175,-0.117688086,-0.0274402053,0.02,0.15,0.15,0.149986557,0.0560379792,0.02,0.6425,0.6425,0.601332661,26.2414549,1,-0.47,-0.47,-0.435362211,-12.2280815,1,0.205,0.205,0.318847136,8.68773811,1,-0.3775,-0.3775,-0.485496685,-14.701213,1
299190.596,39.7,0.28684229,-0.0677403493,0.00955584364,0.0150226612,-0.00459092006,-0.458429779,0.364013026,0.00145165118,150.09763,-147.154539,2.94309079,0,43.7834809,-14.2036312,-0.124679395,1.0522941,3.26239422,-2.96114967,41.7543863,-19.2860997,-1.83561177,1.32726234,3.15091507,-2.97137261,0.274907925,1.97377603,148.774366,-1.51208944,-3.66808622,-6.2087946,0.276396284,-0.103997503,-0.00145165118,0.0150226612,-0.00459092006,-0.458429779,0,0,0,0,0,0,41.7543874,-19.2861002,-1.83561181,0.410289983,1.28283233,-2.89865377,-42.8007248,15.3757986,0.214565489,0.252816168,2.6212231,8.94100084,-42.8007248,15.3757986,0.214565489,0.252816168,2.6212231,8.94100084,0.0182512995,-0.00361581785,147.154473,0.0525568709,0.892164488,-0.00522685357,-0.0513767084,-0.131016754,-0.000369452579,0.0133079217,0.0109271963,-0.211642564,1418,1243,1349,1312,1547,1475,1560,1416,-0.0625,-0.0625,-0.0625556671,-0.0018189063,0.02,0.21,0.21,0.210000506,0.097861156,0.02,-0.1175,-0.1175,-0.117611117,-0.0274059679,0.02,0.15,0.15,0.149993771,0.0560431134,0.02,0.6425,0.6425,0.603162013,26.4204767,1,-0.47,-0.47,-0.43690141,-12.3033951,1,0.205,0.205,0.31603624,8.61271724,1,-0.3775,-0.3775,-0.482830238,-14.5826036,1
299190.65,39.75,0.286478842,-0.0676510512,0.00951000657,0.015423262,-0.00413588393,-0.466042693,0.364085978,0.00147170293,150.09763,-147.154539,2.94309079,0,43.6998673,-14.1752046,-0.144423995,1.0496989,3.25422505,-2.98711788,41.2173694,-20.20751,-1.84950816,1.39527951,3.11170933,-2.99752928,0.32736109,1.96420372,148.775966,-1.59046469,-3.62951941,-6.29640921,0.273579094,-0.110282087,-0.00147170293,0.015423262,-0.00413588393,-0.466042693,0,0,0,0,0,0,41.2173705,-20.2075106,-1.84950821,0.408979662,1.27835562,-2.92474706,-42.4206836,16.338943,0.224402302,0.243503803,2.61953004,9.13774978,-42.4206836,16.338943,0.224402302,0.243503803,2.61953004,9.13774978,0.0188417689,-0.00401354855,147.154476,0.052067442,0.892066083,-0.00517101925,-0.058533078,-0.128003967,-0.000436907371,0.00871793069,0.00593998724,-0.11913833,1400,1261,1335,1325,1541,1484,1567,1406,-0.04,-0.04,-0.0538970148,0,0.02,0.235,0.235,0.222680737,0.106885865,0.02,-0.1025,-0.1025,-0.111808397,-0.0248247917,0.02,0.1675,0.1675,0.158873462,0.0623629219,0.02,0.5975,0.5975,0.603172813,26.4215336,1,-0.4375,-0.4375,-0.437041145,-12.3102324,1,0.25,0.25,0.314317934,8.56685684,1,-0.4125,-0.4125,-0.481025438,-14.5023222,1
299190.702,39.8,0.286030276,-0.067512008,0.0094558236,0.0156712894,-0.00400183831,-0.470499368,0.364160297,0.0014991284,150.09763,-147.154539,2.94309079,0,43.5993099,-14.1331749,-0.15478582,1.0467604,3.24559299,-3.00978968,40.6399177,-21.109952,-1.85403128,1.46273153,3.07020112,-3.02038022,0.375198636,1.95058269,148.778227,-1.66880721,-3.59055133,-6.35472417,0.270499112,-0.116483326,-0.0014991284,0.0156712894,-0.00400183831,-0.470499368,0,0,0,0,0,0,40.6399189,-21.1099525,-1.85403133,0.407940906,1.27422316,-2.9476038,-41.9498125,17.2659582,0.21332052,0.232638624,2.61344857,9.24912312,-41.9498125,17.2659582,0.21332052,0.232638624,2.61344857,9.24912312,0.0191434804,-0.00449054868,147.154479,0.0515763872,0.892023777,-0.00512073438,-0.0624847687,-0.126890074,-0.00107027149,0.00207951145,-0.00134269327,-0.0862315035,1400,1261,1335,1325,1541,1484,1567,1406,-0.04,-0.04,-0.0482100439,0,0.02,0.235,0.235,0.229291631,0.111590937,0.02,-0.1025,-0.1025,-0.107999192,-0.0227743728,0.02,0.1675,0.1675,0.163502727,0.065969256,0.02,0.5975,0.5975,0.603032751,26.407827,1,-0.4375,-0.4375,-0.437061535,-12.3112301,1,0.25,0.25,0.312729918,8.5244738,1,-0.4125,-0.4125,-0.479333539,-14.4152045,1
299190.753,39.85,0.285559872,-0.0673411722,0.00940682358,0.0158380801,-0.00415385895,-0.47408349,0.364235804,0.0015184696,150.09763,-147.154539,2.94309079,0,43.4886385,-14.0796139,-0.160084943,1.04295222,3.23683612,-3.03536517,40.0309842,-21.9911201,-1.85304296,1.52862734,3.02703561,-3.04608815,0.420431523,1.93738548,148.779124,-1.74709768,-3.54941085,-6.40684145,0.267228534,-0.122608018,-0.0015184696,0.0158380801,-0.00415385895,-0.47408349,0,0,0,0,0,0,40.0309853,-21.9911207,-1.85304301,0.406553684,1.27044532,-2.97341495,-41.4311432,18.1831574,0.23014347,0.22936983,2.61191936,9.33642717,-41.4311432,18.1831574,0.23014347,0.22936983,2.61191936,9.33642717,0.0193307104,-0.00505828335,147.15448,0.0510602234,0.89194377,-0.00507575606,-0.065828045,-0.125475109,-6.18238876e-05,0.00793882444,-0.00492870279,-0.0759536258,1400,1261,1335,1325,1541,1484,1567,1406,-0.04,-0.04,-0.0448503093,0,0.02,0.235,0.235,0.232354917,0.113771123,0.02,-0.1025,-0.1025,-0.105748799,-0.0213729394,0.02,0.1675,0.1675,0.165647786,0.0676867604,0.02,0.5975,0.5975,0.602896147,26.3944588,1,-0.4375,-0.4375,-0.437081019,-12.3121835,1,0.25,0.25,0.311181111,8.48313721,1,-0.4125,-0.4125,-0.477683413,-14.3124429,1
299190.804,39.9,0.285098908,-0.0671550435,0.00937011136,0.0159849052,-0.00447696536,-0.477384579,0.364311842,0.00152125625,150.09763,-147.154539,2.94309079,0,43.3765411,-14.0315338,-0.162718949,1.03948021,3.22823251,-3.0614287,39.3968156,-22.8671672,-1.8488706,1.59419719,2.98228351,-3.07227445,0.46522428,1.9218063,148.77774,-1.82484609,-3.50493373,-6.45729942,0.263803652,-0.128671903,-0.00152125625,0.0159849052,-0.00447696536,-0.477384579,0,0,0,0,0,0,39.3968167,-22.8671679,-1.84887065,0.405254891,1.26689693,-2.99969003,-40.8958362,19.0915018,0.218406786,0.221167199,2.6087983,9.41407048,-40.8958362,19.0915018,0.218406786,0.221167199,2.6087983,9.41407048,0.0194651251,-0.0056894003,147.154483,0.0505360854,0.891788167,-0.00503410308,-0.0697643573,-0.123754723,-0.000526660889,0.00260697762,-0.00827452706,-0.0748522746,1400,1261,1335,1325,1541,1484,1567,1406,-0.04,-0.04,-0.0428654537,0,0.02,0.235,0.235,0.233774349,0.114781354,0.02,-0.1025,-0.1025,-0.104419317,-0.0205450041,0.02,0.1675,0.1675,0.166641741,0.0684825993,0.02,0.5975,0.5975,0.602762916,26.3814207,1,-0.4375,-0.4375,-0.437099637,-12.3130945,1,0.25,0.25,0.309670544,8.43695926,1,-0.4125,-0.4125,-0.476074029,-14.2122184,1
299190.857,39.95,0.284621655,-0.0669864427,0.00933461521,0.0161600959,-0.00488938978,-0.480713884,0.364387882,0.00151661525,150.09763,-147.154539,2.94309079,0,43.2527056,-13.9991466,-0.164044952,1.03713596,3.21885569,-3.09077242,38.7247531,-23.7444512,-1.84230554,1.65985586,2.9348821,-3.10175799,0.512391599,1.90733205,148.776636,-1.90179104,-3.45642414,-6.50895819,0.260195412,-0.134699028,-0.00151661525,0.0161600959,-0.00488938978,-0.480713884,0,0,0,0,0,0,38.7247542,-23.7444519,-1.84230558,0.404374548,1.26311163,-3.02917626,-40.3218438,19.9895206,0.21498612,0.214797323,2.607052,9.49369658,-40.3218438,19.9895206,0.21498612,0.214797323,2.607052,9.49369658,0.0195849675,-0.0063657762,147.154487,0.0500178107,0.89149812,-0.00499520334,-0.0731256031,-0.123428846,-0.00024130009,0.00488648735,-0.00841602676,-0.0769723784,1400,1261,1335,1325,1541,1484,1567,1406,-0.04,-0.04,-0.0416928456,0,0.02,0.235,0.235,0.234432071,0.115249464,0.02,-0.1025,-0.1025,-0.10363389,-0.0200558785,0.02,0.1675,0.1675,0.167102309,0.0688513667,0.02,0.5975,0.5975,0.602632974,26.3687045,1,-0.4375,-0.4375,-0.437117428,-12.313965,1,0.25,0.25,0.308197273,8.37142495,1,-0.4125,-0.4125,-0.47450438,-14.1144684,1
299190.91,40,0.284130315,-0.0668366175,0.00930121309,0.0163534797,-0.00527808714,-0.484085217,0.36446346,0.00150421204,150.09763,-147.154539,2.94309079,0,43.1319154,-13.9675712,-0.1647217,1.0348184,3.20975199,-3.11938828,38.031988,-24.6106715,-1.83440513,1.72483605,2.88600068,-3.13047614,0.557405919,1.89308912,148.77434,-1.97782299,-3.40371689,-6.55939495,0.256408838,-0.140686203,-0.00150421204,0.0163534797,-0.00527808714,-0.484085217,0,0,0,0,0,0,38.031989,-24.6106722,-1.83440518,0.403484187,1.25946467,-3.05793105,-39.7364883,20.8904711,0.223633618,0.210479551,2.60634359,9.57405471,-39.7364883,20.8904711,0.223633618,0.210479551,2.60634359,9.57405471,0.0196951114,-0.00705195054,147.154493,0.0495415857,0.891092447,-0.00495957114,-0.0772173603,-0.122146793,0.000526653457,0.0075534763,-0.00682032958,-0.0758793599,1400,1261,1335,1325,1541,1484,1567,1406,-0.04,-0.04,-0.0410000951,0,0.02,0.235,0.235,0.234736839,0.115466372,0.02,-0.1025,-0.1025,-0.103169876,-0.0197669141,0.02,0.1675,0.1675,0.167315722,0.0690222422,0.02,0.5975,0.5975,0.60250624,26.3563022,1,-0.4375,-0.4375,-0.437134429,-12.3147968,1,0.25,0.25,0.306760377,8.30750869,1,-0.4125,-0.4125,-0.472973487,-14.019132,1
299190.963,40.05,0.283629707,-0.0666903522,0.00927175489,0.0165390819,-0.00557374546,-0.487419598,0.364538199,0.00148358526,150.09763,-147.154539,2.94309079,0,43.0140958,-13.9367871,-0.165072101,1.03253842,3.20088821,-3.1472944,37.3184202,-25.4651981,-1.82562973,1.78909105,2.83559842,-3.1584518,0.604054617,1.87472929,148.771858,-2.05285115,-3.34708545,-6.61087457,0.252454886,-0.146613253,-0.00148358526,0.0165390819,-0.00557374546,-0.487419598,0,0,0,0,0,0,37.3184213,-25.4651988,-1.82562978,0.402595658,1.2559248,-3.08597262,-39.1140231,21.7830878,0.210404772,0.200194373,2.60136041,9.65264338,-39.1140231,21.7830878,0.210404772,0.200194373,2.60136041,9.65264338,0.0197870738,-0.00772136761,147.154499,0.0491040539,0.890555934,-0.00492637641,-0.0803800091,-0.120006522,0.000229878405,-0.00402953348,-0.00633459326,-0.0762901559,1400,1261,1335,1325,1541,1484,1567,1406,-0.04,-0.04,-0.0405908337,0,0.02,0.235,0.235,0.234878059,0.115566881,0.02,-0.1025,-0.1025,-0.102895748,-0.0195962005,0.02,0.1675,0.1675,0.167414611,0.0691014207,0.02,0.5975,0.5975,0.602382636,26.3442062,1,-0.4375,-0.4375,-0.437150673,-12.3155917,1,0.25,0.25,0.305358959,8.24517053,1,-0.4125,-0.4125,-0.471480391,-13.9261494,1
299191.015,40.1,0.283129697,-0.0665413438,0.00924284128,0.0166649547,-0.0057410802,-0.490699477,0.364611754,0.00146017373,150.09763,-147.154539,2.94309079,0,42.8991742,-13.9067741,-0.165256216,1.03030276,3.1922477,-3.17450845,36.5840378,-26.307296,-1.81636518,1.85255476,2.78365649,-3.1857135,0.648387913,1.85597961,148.769178,-2.12655715,-3.28725233,-6.658443,0.248347167,-0.152469058,-0.00146017373,0.0166649547,-0.0057410802,-0.490699477,0,0,0,0,0,0,36.5840388,-26.3072967,-1.81636523,0.401716582,1.25247794,-3.11331873,-38.4705863,22.652843,0.217545468,0.197698898,2.59858618,9.73113787,-38.4705863,22.652843,0.217545468,0.197698898,2.59858618,9.73113787,0.0198484439,-0.00835668808,147.154502,0.0487170964,0.889935752,-0.00489351742,-0.0835733946,-0.119919647,0.00129074493,0.00465486593,-0.00235963759,-0.0720670031,1400,1261,1335,1325,1541,1484,1567,1406,-0.04,-0.04,-0.0403490513,0,0.02,0.235,0.235,0.234943496,0.115613453,0.02,-0.1025,-0.1025,-0.102733799,-0.0194953467,0.02,0.1675,0.1675,0.167460433,0.0691381096,0.02,0.5975,0.5975,0.602262083,26.3324088,1,-0.4375,-0.4375,-0.437166196,-12.3163512,1,0.25,0.25,0.303992141,8.18437151,1,-0.4125,-0.4125,-0.47002416,-13.8354625,1
299191.072,40.15,0.282660919,-0.0664236313,0.00922422105,0.016865705,-0.00574402749,-0.493581336,0.364683878,0.00142811326,150.09763,-147.154539,2.94309079,0,42.8134272,-13.9038605,-0.165354379,1.03009655,3.18580224,-3.19378739,35.8452639,-27.1695007,-1.80818182,1.91788722,2.73127669,-3.20508174,0.692614655,1.84068048,148.765309,-2.19899553,-3.22511887,-6.69490629,0.244105573,-0.158293916,-0.00142811326,0.016865705,-0.00574402749,-0.493581336,0,0,0,0,0,0,35.8452648,-27.1695014,-1.80818186,0.401642063,1.24990781,-3.13261049,-37.8164167,23.542456,0.203347144,0.193109282,2.59513909,9.79760827,-37.8164167,23.542456,0.203347144,0.193109282,2.59513909,9.79760827,0.0199038966,-0.00894858052,147.154508,0.0483790339,0.889293476,-0.00486275891,-0.0860645429,-0.119539466,0.000412036896,0.00714792135,0.00227602963,-0.0599892267,1400,1261,1335,1325,1541,1484,1567,1406,-0.04,-0.04,-0.0402062116,0,0.02,0.235,0.235,0.234973818,0.115635034,0.02,-0.1025,-0.1025,-0.102638123,-0.0194357645,0.02,0.1675,0.1675,0.167481666,0.0691551101,0.02,0.5975,0.5975,0.602144507,26.3209027,1,-0.4375,-0.4375,-0.43718103,-12.317077,1,0.25,0.25,0.30265907,8.12507362,1,-0.4125,-0.4125,-0.468603883,-13.7842761,1
299191.125,40.2,0.282229062,-0.0663490202,0.00920284438,0.017085642,-0.0055930713,-0.495972712,0.364754697,0.00140324033,150.09763,-147.154539,2.94309079,0,42.7302318,-13.9014737,-0.165407456,1.02992481,3.17954837,-3.21246499,35.0848139,-28.0172369,-1.80036572,1.9822337,2.67729744,-3.22382261,0.737392251,1.82289183,148.7634,-2.27095893,-3.1611966,-6.72744407,0.23973284,-0.164088194,-0.00140324033,0.017085642,-0.0055930713,-0.495972712,0,0,0,0,0,0,35.0848148,-28.0172377,-1.80036576,0.401578211,1.24741413,-3.15129859,-37.1445396,24.4211917,0.195164587,0.185801656,2.58747076,9.85472339,-37.1445396,24.4211917,0.195164587,0.185801656,2.58747076,9.85472339,0.0199320671,-0.00949047829,147.154515,0.0481309363,0.888686792,-0.00483616432,-0.0890116537,-0.11806267,9.64103634e-05,0.000897330457,0.00285844615,-0.0526974905,1400,1261,1335,1325,1541,1484,1567,1406,-0.04,-0.04,-0.0401218252,0,0.02,0.235,0.235,0.234987868,0.115645033,0.02,-0.1025,-0.1025,-0.1025816,-0.0194005647,0.02,0.1675,0.1675,0.167491505,0.0691629876,0.02,0.5975,0.5975,0.602029834,26.3096807,1,-0.4375,-0.4375,-0.437195204,-12.3177706,1,0.25,0.25,0.301358913,8.0672398,1,-0.4125,-0.4125,-0.467218673,-13.7349824,1
299191.176,40.25,0.282542161,-0.0665211443,0.00916466288,0.0182335577,-0.00400668901,-0.518998138,0.364825373,0.00144415464,150.09763,-147.154539,2.94309079,0,43.4896752,-14.1346473,-0.174730094,1.06226164,3.23802499,-3.81608547,34.9828046,-29.3939664,-1.83541748,2.08283733,2.68059146,-3.82778422,0.755040185,1.84081207,148.776516,-2.36786159,-3.08280011,-7.49981006,0.235750415,-0.170528358,-0.00144415464,0.0182335577,-0.00400668901,-0.518998138,0,0,0,0,0,0,34.9828055,-29.3939672,-1.83541752,0.423375597,1.27152289,-3.75389312,-36.8631126,25.5294843,0.200238022,0.159877812,2.60712301,10.5091776,-36.8631126,25.5294843,0.200238022,0.159877812,2.60712301,10.5091776,0.0219142237,-0.0103858379,147.154523,0.0481982422,0.888623742,-0.00480513987,-0.0754475015,-0.139874669,-0.00115231649,0.0216830725,0.0591732457,-0.859400044,1612,1100,1554,1158,1503,1462,1593,1440,-0.095,-0.095,-0.067108318,-0.00505909567,0.02,0.15,0.15,0.203482966,0.0938023094,0.02,-0.0075,-0.0075,-0.0673310674,-0.00521762976,0.02,0.2325,0.2325,0.19946448,0.0912045104,0.02,1,1,0.61762143,27.5642725,1,-0.855,-0.855,-0.453579157,-13.1639261,1,-0.28,-0.28,0.288558182,7.59321324,1,0.135,0.135,-0.453954193,-13.1822768,1
299191.229,40.3,0.282915742,-0.0665576532,0.00916383042,0.0190561302,-0.000490782553,-0.569153512,0.364899213,0.00150320425,150.09763,-147.154539,2.94309079,0,43.9380931,-14.5102876,-0.169210896,1.09977423,3.27230145,-4.50280896,34.4308961,-30.8580131,-1.85189624,2.18208816,2.65381203,-4.51536506,0.857605014,1.84261034,148.783521,-2.48334827,-3.00534553,-8.61214049,0.23139525,-0.177358458,-0.00150320425,0.0190561302,-0.000490782553,-0.569153512,0,0,0,0,0,0,34.430897,-30.858014,-1.85189629,0.443909241,1.28555515,-4.43896382,-36.8573893,26.8522611,0.22566149,0.122375611,2.63781285,11.9789411,-36.8573893,26.8522611,0.22566149,0.122375611,2.63781285,11.9789411,0.0262703039,-0.0116798108,147.154468,0.0484825148,0.88966011,-0.00473328792,-0.105781447,-0.1510623,-0.000164829307,0.0306293935,0.0751359599,-1.22803592,1612,1100,1554,1158,1503,1462,1593,1440,-0.095,-0.095,-0.0820758489,-0.0114144294,0.02,0.15,0.15,0.181596534,0.0776456261,0.02,-0.0075,-0.0075,-0.0428468493,0,0.02,0.2325,0.2325,0.217192352,0.102979699,0.02,1,1,0.634613172,28.9029648,1,-0.855,-0.855,-0.471417081,-13.9222067,1,-0.28,-0.28,0.270902695,6.88639414,1,0.135,0.135,-0.439412862,-12.4262815,1
299191.283,40.35,0.282388204,-0.0667154367,0.00917690317,0.0195826171,0.00332531242,-0.629310123,0.364976093,0.00157275336,150.09763,-147.154539,2.94309079,0,44.3860172,-14.696418,-0.165047441,1.11748995,3.3058892,-5.17339921,33.8131173,-32.2378965,-1.87658994,2.26990412,2.62472071,-5.18653286,0.958627055,1.81709108,148.774659,-2.6117613,-2.93746109,-9.79490274,0.225451274,-0.184480559,-0.00157275336,0.0195826171,0.00332531242,-0.629310123,0,0,0,0,0,0,33.8131183,-32.2378974,-1.87658999,0.453211872,1.29891505,-5.10873511,-36.7563409,28.3020047,0.24887493,0.0825470069,2.66706755,13.8338499,-36.7563409,28.3020047,0.24887493,0.0825470069,2.66706755,13.8338499,0.0318013543,-0.0134770758,147.154382,0.048506005,0.892052413,-0.00461274474,-0.13393863,-0.146945512,-0.000888156239,0.00658498722,0.0704424109,-1.22722637,1612,1100,1554,1158,1503,1462,1593,1440,-0.095,-0.095,-0.0890113443,-0.0138824771,0.02,0.15,0.15,0.168666522,0.0701037993,0.02,-0.0075,-0.0075,-0.0283821237,0,0.02,0.2325,0.2325,0.225406905,0.108826119,0.02,1,1,0.650849854,30.0452549,1,-0.855,-0.855,-0.488462341,-14.8331318,1,-0.28,-0.28,0.246422252,6.16058513,1,0.135,0.135,-0.425230558,-11.7323357,1
299191.335,40.4,0.281133294,-0.0666550522,0.00917950722,0.0198600162,0.00637170413,-0.688867754,0.365056906,0.001665651,150.09763,-147.154539,2.94309079,0,44.795511,-14.9067478,-0.160496678,1.13564491,3.33707533,-5.90131196,32.9978308,-33.7102646,-1.90680756,2.36151442,2.58469326,-5.91556036,1.06230335,1.79224485,148.75687,-2.75123141,-2.87751154,-11.0553143,0.218148528,-0.191499881,-0.001665651,0.0198600162,0.00637170413,-0.688867754,0,0,0,0,0,0,32.9978317,-33.7102656,-1.9068076,0.461859919,1.31161209,-5.83572243,-36.437058,29.7717753,0.280665747,0.0422544611,2.69190232,15.7589328,-36.437058,29.7717753,0.280665747,0.0422544611,2.69190232,15.7589328,0.0374784424,-0.0159280807,147.154269,0.0477910771,0.895646124,-0.00443211149,-0.161860167,-0.14931977,-0.00180748675,0.0177273384,0.0478186101,-1.29983761,1612,1100,1554,1158,1503,1462,1593,1440,-0.095,-0.095,-0.0922250404,-0.0150260947,0.02,0.15,0.15,0.161027761,0.0639876025,0.02,-0.0075,-0.0075,-0.0198366891,0,0.02,0.2325,0.2325,0.229213277,0.111535171,0.02,1,1,0.666365026,31.2751337,1,-0.855,-0.855,-0.504750162,-15.7778378,1,-0.28,-0.28,0.223029645,5.3567094,1,0.135,0.135,-0.411398417,-10.9407384,1
299191.389,40.45,0.279069689,-0.0668006386,0.00913665592,0.0210653904,0.00802936389,-0.744696076,0.365143372,0.00179580772,150.09763,-147.154539,2.94309079,0,45.0033392,-15.2575827,-0.157918786,1.1632212,3.35296391,-6.47288433,31.7729656,-35.2823632,-1.937217,2.46392913,2.51243163,-6.4892544,1.19146065,1.77905927,148.73577,-2.89540155,-2.82362963,-12.1634563,0.209168167,-0.198635491,-0.00179580772,0.0210653904,0.00802936389,-0.744696076,0,0,0,0,0,0,31.7729665,-35.2823642,-1.93721705,0.473578474,1.31811818,-6.40575114,-35.8782899,31.308808,0.328395708,-0.00989116145,2.72857853,17.655513,-35.8782899,31.308808,0.328395708,-0.00989116145,2.72857853,17.655513,0.043204768,-0.0195763752,147.154184,0.0462433528,0.900385532,-0.00420322507,-0.199899875,-0.15129004,-0.00178133239,0.0432569229,0.0129581733,-1.05841642,1612,1100,1554,1158,1503,1462,1593,1440,-0.095,-0.095,-0.0937141687,-0.0155560121,0.02,0.15,0.15,0.156514953,0.0606843359,0.02,-0.0075,-0.0075,-0.0147882385,0,0.02,0.2325,0.2325,0.230977033,0.112790462,0.02,1,1,0.681190751,32.2506603,1,-0.855,-0.855,-0.520314201,-16.430696,1,-0.28,-0.28,0.200676535,4.60273015,1,0.135,0.135,-0.397907792,-10.3602463,1
299191.442,40.5,0.276437977,-0.0673706803,0.00902147377,0.0229806309,0.00834618514,-0.794191852,0.365237524,0.00197888642,150.09763,-147.154539,2.94309079,0,45.4780386,-15.6367036,-0.156357424,1.19237019,3.38884285,-7.10819386,30.595407,-37.0510665,-1.98052496,2.57916097,2.44736458,-7.12676349,1.29870587,1.77703638,148.723189,-3.048238,-2.76172714,-13.2632926,0.198668236,-0.205923708,-0.00197888642,0.0229806309,0.00834618514,-0.794191852,0,0,0,0,0,0,30.5954078,-37.0510676,-1.98052501,0.485591197,1.33254758,-7.03939256,-35.0832237,32.9675508,0.359090168,-0.0714628339,2.77898107,19.4132234,-35.0832237,32.9675508,0.359090168,-0.0714628339,2.77898107,19.4132234,0.0484213106,-0.0243869455,147.154127,0.0441315132,0.905714632,-0.00396245452,-0.219140487,-0.158352422,-0.00365397722,0.0516251382,0.00482961621,-1.03439232,1612,1100,1554,1158,1503,1462,1593,1440,-0.095,-0.095,-0.0944041852,-0.0158015596,0.02,0.15,0.15,0.153848888,0.0587868575,0.02,-0.0075,-0.0075,-0.0118057274,0,0.02,0.2325,0.2325,0.231794304,0.113372126,0.02,1,1,0.695357666,33.3696224,1,-0.855,-0.855,-0.535186622,-17.2937789,1,-0.28,-0.28,0.179316729,3.80723145,1,0.135,0.135,-0.384750251,-9.84502628,1
299191.496,40.55,0.274097546,-0.0682093893,0.00886418853,0.0251192881,0.00881363669,-0.842234384,0.365342514,0.00221734219,150.09763,-147.154539,2.94309079,0,46.1651103,-16.0738758,-0.155392182,1.22559839,3.44063505,-7.75672173,29.3780548,-39.0179998,-2.03386945,2.70949506,2.38191478,-7.77765463,1.40795655,1.7759424,148.725355,-3.21006002,-2.68573199,-14.4161852,0.187498554,-0.213545467,-0.00221734219,0.0251192881,0.00881363669,-0.842234384,0,0,0,0,0,0,29.3780557,-39.0180009,-2.03386951,0.499059215,1.35328838,-7.68599689,-34.242545,34.8407432,0.391907312,-0.137369939,2.83771913,21.2051762,-34.242545,34.8407432,0.391907312,-0.137369939,2.83771913,21.2051762,0.0536323708,-0.0298908085,147.154082,0.0419400989,0.911299445,-0.00370490964,-0.237700353,-0.164994686,-0.00471077888,0.060170019,0.00892991062,-1.04609484,1612,1100,1554,1158,1503,1462,1593,1440,-0.095,-0.095,-0.0947239177,-0.0159153388,0.02,0.15,0.15,0.152273836,0.0576658699,0.02,-0.0075,-0.0075,-0.010043727,0,0.02,0.2325,0.2325,0.232173002,0.113641651,0.02,1,1,0.708895047,34.672018,1,-0.855,-0.855,-0.549398157,-18.1584089,1,-0.28,-0.28,0.158906088,3.11930711,1,0.135,0.135,-0.371917572,-9.33759119,1
299191.548,40.6,0.271483458,-0.0694380049,0.00867031388,0.0275725435,0.00928178152,-0.888823259,0.365460282,0.0024858709,150.09763,-147.154539,2.94309079,0,46.7392614,-16.5377326,-0.154802096,1.26067742,3.48389265,-8.35828554,27.8454036,-40.9678611,-2.08493779,2.84086751,2.29397739,-8.38181914,1.54655238,1.75644367,148.732717,-3.37908988,-2.59608462,-15.5272862,0.17505632,-0.221176946,-0.0024858709,0.0275725435,0.00928178152,-0.888823259,0,0,0,0,0,0,27.8454044,-40.9678623,-2.08493785,0.513171926,1.37059694,-8.28551974,-33.2383891,36.8965855,0.429333569,-0.206838534,2.9045306,23.0217944,-33.2383891,36.8965855,0.429333569,-0.206838534,2.9045306,23.0217944,0.0587414395,-0.0362383922,147.154056,0.0397474856,0.917222085,-0.00344115008,-0.264018827,-0.157861602,-0.00530164551,0.052614527,0.00574864506,-0.930554263,1612,1100,1554,1158,1503,1462,1593,1440,-0.095,-0.095,-0.0948720719,-0.0159680606,0.02,0.15,0.15,0.151343331,0.0570036156,0.02,-0.0075,-0.0075,-0.00900277669,0,0.02,0.2325,0.2325,0.232348479,0.113766541,0.02,1,1,0.721830867,35.8657841,1,-0.855,-0.855,-0.562978175,-18.9304508,1,-0.28,-0.28,0.139402435,2.42525508,1,0.135,0.135,-0.359401732,-8.8778074,1
299191.604,40.65,0.268543196,-0.0708156246,0.00846255418,0.0299125228,0.00951943936,-0.929745771,0.365591507,0.00275325172,150.09763,-147.154539,2.94309079,0,47.3873262,-16.9362034,-0.154444291,1.29075351,3.53267892,-8.93610959,26.2039197,-42.9091208,-2.13996818,2.97365001,2.19963809,-8.96208221,1.67009643,1.72420637,148.742672,-3.55279892,-2.49127845,-16.5691233,0.161477663,-0.228364596,-0.00275325172,0.0299125228,0.00951943936,-0.929745771,0,0,0,0,0,0,26.2039204,-42.909122,-2.13996823,0.525237133,1.39009226,-8.86159054,-31.9403348,38.9609397,0.473561696,-0.268097031,2.96812363,24.6705933,-31.9403348,38.9609397,0.473561696,-0.268097031,2.96812363,24.6705933,0.0628562661,-0.0430558393,147.154033,0.0374879589,0.923242549,-0.0031833324,-0.278905819,-0.15127079,-0.00535634353,0.0500775944,0.00812580106,-0.899181586,1612,1100,1554,1158,1503,1462,1593,1440,-0.095,-0.095,-0.094940722,-0.0159924902,0.02,0.15,0.15,0.15079361,0.0566123707,0.02,-0.0075,-0.0075,-0.00838780668,0,0.02,0.2325,0.2325,0.23242979,0.113824411,0.02,1,1,0.734191859,37.0233198,1,-0.855,-0.855,-0.575954738,-19.7290736,1,-0.28,-0.28,0.120765464,1.80312184,1,0.135,0.135,-0.34719491,-8.4602842,1
299191.658,40.7,0.265862983,-0.0721808595,0.0082433059,0.0320833624,0.0102016161,-0.972870809,0.365736708,0.00304376878,150.09763,-147.154539,2.94309079,0,48.1657627,-17.3476437,-0.154228648,1.32175699,3.59124964,-9.58681013,24.4378137,-44.9316204,-2.20181074,3.1122067,2.10061789,-9.61522844,1.79579173,1.68057222,148.760157,-3.73499577,-2.36516367,-17.75184,0.147338358,-0.235261788,-0.00304376878,0.0320833624,0.0102016161,-0.972870809,0,0,0,0,0,0,24.4378144,-44.9316216,-2.20181079,0.53764351,1.4134786,-9.51048076,-30.5297608,41.1743362,0.521120444,-0.327972265,3.0359787,26.4701447,-30.5297608,41.1743362,0.521120444,-0.327972265,3.0359787,26.4701447,0.0669923336,-0.050593778,147.153988,0.0353573306,0.929379427,-0.00291191498,-0.294848556,-0.141254662,-0.00508643835,0.0525092195,0.0145774689,-0.937537023,1612,1100,1554,1158,1503,1462,1593,1440,-0.095,-0.095,-0.0949725324,-0.0160038102,0.02,0.15,0.15,0.150468847,0.056381232,0.02,-0.0075,-0.0075,-0.00802449622,0,0.02,0.2325,0.2325,0.232467467,0.113851226,0.02,1,1,0.746003565,38.4152229,1,-0.855,-0.855,-0.588354663,-20.5744313,1,-0.28,-0.28,0.102956663,1.21726956,1,0.135,0.135,-0.335289475,-7.90975107,1
299191.711,40.75,0.262936041,-0.0730505693,0.00807567355,0.0333276988,0.00903739953,-0.971326915,0.365894609,0.00325067275,150.09763,-147.154539,2.94309079,0,47.6600427,-17.010912,-0.159193658,1.2925425,3.55274055,-8.85534404,22.0850104,-45.4778236,-2.21269461,3.17527609,1.91763047,-8.88538489,1.86130406,1.57986687,148.768979,-3.86702705,-2.28040433,-17.0322612,0.132884047,-0.240749828,-0.00325067275,0.0333276988,0.00903739953,-0.971326915,0,0,0,0,0,0,22.085011,-45.4778249,-2.21269467,0.523649288,1.39780621,-8.78049627,-28.0737681,42.3196616,0.544112382,-0.347041865,3.03208122,26.3622709,-28.0737681,42.3196616,0.544112382,-0.347041865,3.03208122,26.3622709,0.0643176689,-0.0547763428,147.154014,0.0325096522,0.934722462,-0.00268779916,-0.280850409,-0.0991406283,-0.00333075051,0.0211361315,-0.0679374089,0.564017801,1260,1396,1192,1464,1518,1465,1585,1430,-0.0875,-0.0875,-0.0919146041,-0.0149156237,0.02,0.175,0.175,0.163633015,0.0660735752,0.02,-0.045,-0.045,-0.0278666841,0,0.02,0.2125,0.2125,0.22429633,0.108035707,0.02,0.26,0.26,0.734004095,37.000769,1,-0.09,-0.09,-0.576050242,-19.7358708,1,0.6,0.6,0.12504376,1.9363374,1,-0.77,-0.77,-0.354606691,-8.72850168,1
299191.765,40.8,0.261433374,-0.0733485411,0.00794821823,0.0345331772,0.00455583886,-0.93738842,0.366061055,0.00340813325,150.09763,-147.154539,2.94309079,0,47.3373093,-16.7153531,-0.161284897,1.26821453,3.52832831,-8.2311158,19.8853571,-46.0422609,-2.22096322,3.23942331,1.74586032,-8.26237523,1.85010127,1.54205188,148.783038,-3.97832585,-2.18413677,-16.0147624,0.119929406,-0.245702392,-0.00340813325,0.0345331772,0.00455583886,-0.93738842,0,0,0,0,0,0,19.8853577,-46.0422622,-2.22096328,0.512680584,1.38797232,-8.15756847,-25.2512732,42.7404703,0.509554612,-0.352351138,3.02154938,24.9133054,-25.2512732,42.7404703,0.509554612,-0.352351138,3.02154938,24.9133054,0.0564869108,-0.056718,147.154147,0.0290877851,0.93852937,-0.0025906219,-0.23982446,-0.109565529,-0.0046923004,0.0272775859,-0.101010505,0.779607928,1260,1396,1192,1464,1518,1465,1585,1430,-0.0875,-0.0875,-0.0901080488,-0.0142727475,0.02,0.175,0.175,0.169732887,0.0709576163,0.02,-0.045,-0.045,-0.0370609462,0,0.02,0.2125,0.2125,0.219469007,0.104600029,0.02,0.26,0.26,0.722300892,35.9034181,1,-0.09,-0.09,-0.564049619,-18.987643,1,0.6,0.6,0.146149373,2.66534992,1,-0.77,-0.77,-0.373065509,-9.38865392,1
299191.819,40.85,0.26220963,-0.0734293808,0.00783334372,0.035790364,-0.000414106966,-0.898298452,0.366236327,0.00358535761,150.09763,-147.154539,2.94309079,0,47.1270149,-16.3820596,-0.161215007,1.24221532,3.51264736,-7.63471805,17.8700795,-46.5304159,-2.22127373,3.299219,1.58515812,-7.66636405,1.84125811,1.48898946,148.808438,-4.06742887,-2.06471078,-14.9801152,0.108907662,-0.25134174,-0.00358535761,0.035790364,-0.000414106966,-0.898298452,0,0,0,0,0,0,17.87008,-46.5304172,-2.22127378,0.501746236,1.38179698,-7.5626372,-22.7375711,43.2077364,0.498606962,-0.350432778,3.0278092,23.3479705,-22.7375711,43.2077364,0.498606962,-0.350432778,3.0278092,23.3479705,0.0482786273,-0.0575458504,147.154349,0.0264535578,0.940541663,-0.00259624915,-0.20567563,-0.113159173,-0.00394143938,0.00832634288,-0.103003257,0.854441138,1260,1396,1192,1464,1518,1465,1585,1430,-0.0875,-0.0875,-0.0890407766,-0.0138929508,0.02,0.175,0.175,0.172559381,0.0725376501,0.02,-0.045,-0.045,-0.0413212857,0,0.02,0.2125,0.2125,0.216617132,0.102570307,0.02,0.26,0.26,0.710886642,34.8678882,1,-0.09,-0.09,-0.552345292,-18.3288324,1,0.6,0.6,0.166317117,3.411134,1,-0.77,-0.77,-0.390704072,-10.0398091,1
299191.872,40.9,0.264202493,-0.073153205,0.00777127722,0.0365639945,-0.00528918794,-0.855916685,0.366418879,0.00370210327,150.09763,-147.154539,2.94309079,0,46.8035301,-16.1249056,-0.160939374,1.22237961,3.48843902,-7.03339524,15.8184089,-46.8563488,-2.2066769,3.34755693,1.41817264,-7.06503476,1.85009055,1.42131193,148.831896,-4.13076146,-1.92637825,-13.9020541,0.0992016163,-0.257014251,-0.00370210327,0.0365639945,-0.00528918794,-0.855916685,0,0,0,0,0,0,15.8184093,-46.8563501,-2.20667696,0.493533894,1.37221136,-6.96244585,-20.4343518,43.597448,0.492106106,-0.336746274,3.03222373,21.7186749,-20.4343518,43.597448,0.492106106,-0.336746274,3.03222373,21.7186749,0.0401389832,-0.0569853173,147.154569,0.0248107745,0.94054362,-0.00269027451,-0.187150098,-0.113882232,-0.00172711546,0.00767527803,-0.0948982412,0.911317314,1260,1396,1192,1464,1518,1465,1585,1430,-0.0875,-0.0875,-0.0884102562,-0.0136685754,0.02,0.175,0.175,0.173869092,0.0732367556,0.02,-0.045,-0.045,-0.0432953965,0,0.02,0.2125,0.2125,0.214932309,0.101371194,0.02,0.26,0.26,0.699754211,33.7412014,1,-0.09,-0.09,-0.540929946,-17.6687191,1,0.6,0.6,0.185588668,4.02434436,1,-0.77,-0.77,-0.407558832,-10.7559222,1
299191.924,40.95,0.267137396,-0.0729999605,0.00775086352,0.03755195,-0.00925139691,-0.810487321,0.366605902,0.00377195809,150.09763,-147.154539,2.94309079,0,46.7625769,-16.1544989,-0.160687464,1.22433188,3.48544373,-6.41088948,13.80492,-47.4587375,-2.19651267,3.41689357,1.25043138,-6.44267569,1.875868,1.37994779,148.857362,-4.1702375,-1.77213798,-12.8090109,0.0902496496,-0.262993914,-0.00377195809,0.03755195,-0.00925139691,-0.810487321,0,0,0,0,0,0,13.8049204,-47.4587389,-2.19651273,0.494148546,1.37106826,-6.33980986,-18.3102704,44.0625055,0.457880032,-0.321694894,3.02800033,20.0565484,-18.3102704,44.0625055,0.457880032,-0.321694894,3.02800033,20.0565484,0.032875701,-0.0552201606,147.154842,0.0244575914,0.939001565,-0.00285778127,-0.176653712,-0.127151128,-0.0017556143,0.0188552222,-0.0646816834,0.972079031,1260,1396,1192,1464,1518,1465,1585,1430,-0.0875,-0.0875,-0.0880377589,-0.0135360195,0.02,0.175,0.175,0.174475972,0.0735606996,0.02,-0.045,-0.045,-0.0442101389,0,0.02,0.2125,0.2125,0.213936954,0.100662784,0.02,0.26,0.26,0.688896641,32.8333774,1,-0.09,-0.09,-0.529796446,-16.9368451,1,0.6,0.6,0.204003849,4.70633448,1,-0.77,-0.77,-0.423664617,-11.6557136,1
299191.977,41,0.270673007,-0.0730927411,0.00776407853,0.0381951494,-0.0118004031,-0.76578074,0.36679572,0.0038101672,150.09763,-147.154539,2.94309079,0,46.7775649,-16.1146059,-0.160497369,1.22118025,3.48662755,-5.89244292,11.9673359,-47.9568825,-2.18338149,3.47534693,1.09764452,-5.92333324,1.90646065,1.31324593,148.884721,-4.194648,-1.6005753,-11.844549,0.0817483171,-0.26917032,-0.0038101672,0.0381951494,-0.0118004031,-0.76578074,0,0,0,0,0,0,11.9673362,-47.9568838,-2.18338155,0.492800072,1.37157547,-5.82153882,-16.3736524,44.660634,0.451545978,-0.292337123,3.01636423,18.4998429,-16.3736524,44.660634,0.451545978,-0.292337123,3.01636423,18.4998429,0.0268366087,-0.0524705222,147.155079,0.0255986611,0.93621842,-0.0030917405,-0.166494871,-0.126095167,0.000213865746,0.00402123073,-0.033126297,0.891714161,1260,1396,1192,1464,1518,1465,1585,1430,-0.0875,-0.0875,-0.0878176959,-0.0134577084,0.02,0.175,0.175,0.174757181,0.0737108054,0.02,-0.045,-0.045,-0.0446340026,0,0.02,0.2125,0.2125,0.21334892,0.100244272,0.02,0.26,0.26,0.678307145,32.0627236,1,-0.09,-0.09,-0.518937833,-16.3761264,1,0.6,0.6,0.221600716,5.30585988,1,-0.77,-0.77,-0.43905471,-12.4087569,1
299192.031,41.05,0.274658205,-0.0731286979,0.007849467,0.0380239298,-0.0125322322,-0.72451718,0.366985905,0.00379056948,150.09763,-147.154539,2.94309079,0,46.9932201,-16.0585991,-0.16036594,1.21688341,3.50288153,-5.42508855,10.3325314,-48.5259529,-2.17663734,3.53682577,0.960573927,-5.45442308,1.92509065,1.2480398,148.910698,-4.20804493,-1.42126194,-10.9664941,0.0738281688,-0.275342157,-0.00379056948,0.0380239298,-0.0125322322,-0.72451718,0,0,0,0,0,0,10.3325317,-48.5259542,-2.1766374,0.491034741,1.3780824,-5.35443086,-14.6253312,45.3661492,0.423654326,-0.25480801,2.99399216,17.1247505,-14.6253312,45.3661492,0.423654326,-0.25480801,2.99399216,17.1247505,0.0221631593,-0.048977039,147.15521,0.0279939301,0.932639171,-0.00334457366,-0.155589832,-0.122594706,9.89716313e-05,-0.0230484344,0.000505480743,0.86008853,1260,1396,1192,1464,1518,1465,1585,1430,-0.0875,-0.0875,-0.0876876876,-0.013411444,0.02,0.175,0.175,0.174887485,0.0737803598,0.02,-0.045,-0.045,-0.044830408,0,0.02,0.2125,0.2125,0.213001523,0.0999970241,0.02,0.26,0.26,0.667979105,31.4115495,1,-0.09,-0.09,-0.50834732,-15.9698492,1,0.6,0.6,0.238415631,5.90423115,1,-0.77,-0.77,-0.453760913,-13.1728195,1
299192.084,41.1,0.278259321,-0.0729911373,0.00800331882,0.036996329,-0.0124979215,-0.682896774,0.367173332,0.00369129477,150.09763,-147.154539,2.94309079,0,46.7451101,-15.9540445,-0.160279433,1.20897269,3.48424681,-4.95154174,8.59184759,-48.5923244,-2.15144494,3.55879661,0.814315568,-4.97907755,1.95783231,1.13986688,148.925127,-4.21454214,-1.24436272,-10.0981278,0.0661597523,-0.280750285,-0.00369129477,0.036996329,-0.0124979215,-0.682896774,0,0,0,0,0,0,8.59184783,-48.5923257,-2.151445,0.487849891,1.37066264,-4.88134408,-12.9547552,45.9104753,0.421204439,-0.200728143,2.96006661,15.7621381,-12.9547552,45.9104753,0.421204439,-0.200728143,2.96006661,15.7621381,0.0181319926,-0.0448038529,147.155251,0.0310284381,0.928778313,-0.00361435171,-0.15763386,-0.0982787474,0.00288363672,-0.028198263,-0.00195683296,0.838148711,1260,1396,1192,1464,1518,1465,1585,1430,-0.0875,-0.0875,-0.0876108816,-0.013384112,0.02,0.175,0.175,0.174947864,0.0738125892,0.02,-0.045,-0.045,-0.0449214163,0,0.02,0.2125,0.2125,0.212796288,0.0998509558,0.02,0.26,0.26,0.657906065,30.5788435,1,-0.09,-0.09,-0.498018288,-15.4008696,1,0.6,0.6,0.254483342,6.37170178,1,-0.77,-0.77,-0.467813618,-13.7561539,1
299192.14,41.15,0.28112764,-0.0731024906,0.00817459105,0.0361735376,-0.0124549563,-0.641149911,0.36735417,0.00354786326,150.09763,-147.154539,2.94309079,0,46.6888625,-16.064712,-0.16022422,1.21726736,3.48003135,-4.4611619,6.85483305,-48.850771,-2.1363418,3.59353572,0.666880694,-4.48732601,2.00298977,1.07448052,148.932576,-4.21502467,-1.07281338,-9.22247871,0.0582279904,-0.285300735,-0.00354786326,0.0361735376,-0.0124549563,-0.641149911,0,0,0,0,0,0,6.85483324,-48.8507724,-2.13634185,0.491142397,1.36898982,-4.39047728,-11.3015992,46.3447663,0.400009987,-0.147889835,2.92870146,14.4388102,-11.3015992,46.3447663,0.400009987,-0.147889835,2.92870146,14.4388102,0.0146747573,-0.0407052348,147.155298,0.0343955052,0.925018682,-0.00391760556,-0.159823663,-0.0923195638,0.00258317168,-0.0177062313,0.010827951,0.886945185,1260,1396,1192,1464,1518,1465,1585,1430,-0.0875,-0.0875,-0.0875655064,-0.0133679649,0.02,0.175,0.175,0.174975842,0.0738275233,0.02,-0.045,-0.045,-0.0449635867,0,0.02,0.2125,0.2125,0.212675041,0.0997646618,0.02,0.26,0.26,0.648081729,29.8615288,1,-0.09,-0.09,-0.487944281,-14.8100874,1,0.6,0.6,0.269837054,6.84445713,1,-0.77,-0.77,-0.481241864,-14.5119493,1
299192.193,41.2,0.284006521,-0.0732777176,0.00837024925,0.034778681,-0.0116328482,-0.599748333,0.367527597,0.00339417614,150.09763,-147.154539,2.94309079,0,46.7802892,-15.9919304,-0.160189699,1.21177838,3.48691545,-4.01107035,5.44219867,-49.0919143,-2.12823395,3.62453614,0.544806648,-4.03504586,2.01500957,1.00893655,148.941283,-4.2129007,-0.904940003,-8.4103764,0.0506581533,-0.289584102,-0.00339417614,0.034778681,-0.0116328482,-0.599748333,0,0,0,0,0,0,5.44219882,-49.0919157,-2.12823401,0.488943139,1.37174158,-3.94070597,-9.76069185,46.766457,0.392810297,-0.0875992751,2.89268325,13.1734247,-9.76069185,46.766457,0.392810297,-0.0875992751,2.89268325,13.1734247,0.0118999616,-0.0363448203,147.155282,0.0382410557,0.921305827,-0.00422773385,-0.149440799,-0.0853467781,0.00318983546,-0.0340494313,0.0241226382,0.885065324,1260,1396,1192,1464,1518,1465,1585,1430,-0.0875,-0.0875,-0.0875386997,-0.0133584255,0.02,0.175,0.175,0.174988806,0.0738344433,0.02,-0.045,-0.045,-0.0449831272,0,0.02,0.2125,0.2125,0.21260341,0.0997136813,0.02,0.26,0.26,0.638499957,29.2314609,1,-0.09,-0.09,-0.478119001,-14.3395692,1,0.6,0.6,0.284508492,7.43108813,1,-0.77,-0.77,-0.494073398,-15.1552013,1
299192.245,41.25,0.286476706,-0.0733469494,0.0085350269,0.032562055,-0.0105971727,-0.575281405,0.367693752,0.00326914343,150.09763,-147.154539,2.94309079,0,46.7481248,-15.9224826,-0.190679618,1.20106924,3.46705635,-4.10262574,4.05713233,-49.1718835,-2.14814605,3.61807095,0.443588254,-4.12400013,2.03560147,0.912096188,148.951481,-4.21634301,-0.721350324,-8.27945083,0.0433093025,-0.293197844,-0.00326914343,0.032562055,-0.0105971727,-0.575281405,0,0,0,0,0,0,4.05713245,-49.1718849,-2.14814611,0.481373036,1.35320216,-4.03256693,-8.39851573,47.2928164,0.389075638,-0.031347744,2.87916804,12.4589585,-8.39851573,47.2928164,0.389075638,-0.031347744,2.87916804,12.4589585,0.0100401038,-0.0333702448,147.155173,0.0420230801,0.917986998,-0.00452471848,-0.151146998,-0.0630045722,0.00209649935,-0.0684324375,0.0210405557,0.130790529,1448,1219,1386,1282,1568,1436,1615,1379,-0.16,-0.16,-0.123175542,-0.0301636555,0.02,0.3025,0.3025,0.237702091,0.117576786,0.02,-0.17,-0.17,-0.106469905,-0.0218220085,0.02,0.2875,0.2875,0.249435968,0.125088496,0.02,0.7025,0.7025,0.639920093,29.3514853,1,-0.545,-0.545,-0.479624417,-14.433319,1,0.13,0.13,0.282825258,7.3637016,1,-0.285,-0.285,-0.490992307,-14.9633262,1
299192.296,41.3,0.287835732,-0.0731253724,0.00867963617,0.02938465,-0.00935921654,-0.576171225,0.367853674,0.0031281698,150.09763,-147.154539,2.94309079,0,46.6886664,-15.8844515,-0.193646821,1.19435054,3.45240718,-4.23908413,2.65473255,-49.1991255,-2.14086873,3.61416032,0.34487341,-4.25844224,2.06425124,0.806508023,148.949134,-4.21784788,-0.543481174,-8.41865846,0.0357200002,-0.295505783,-0.0031281698,0.02938465,-0.00935921654,-0.576171225,0,0,0,0,0,0,2.65473262,-49.1991268,-2.14086878,0.476373347,1.34122745,-4.16919265,-7.14092299,47.8017675,0.399363744,0.0184821645,2.88168753,12.4993253,-7.14092299,47.8017675,0.399363744,0.0184821645,2.88168753,12.4993253,0.00908160822,-0.0323870234,147.154962,0.0449569424,0.915160032,-0.00473856374,-0.159478016,-0.0387831119,0.00319919393,-0.0702574462,0.0276024849,-0.133275341,1448,1219,1386,1282,1568,1436,1615,1379,-0.16,-0.16,-0.142936674,-0.0418627772,0.02,0.3025,0.3025,0.272474634,0.138986502,0.02,-0.17,-0.17,-0.1405621,-0.0403840099,0.02,0.2875,0.2875,0.269862294,0.136907106,0.02,0.7025,0.7025,0.642700954,29.5264408,1,-0.545,-0.545,-0.48252951,-14.5692266,1,0.13,0.13,0.279051989,7.21264269,1,-0.285,-0.285,-0.485906339,-14.7194353,1
299192.35,41.35,0.288323947,-0.0728048312,0.00879922161,0.0266738363,-0.00780674132,-0.584355016,0.368006389,0.00299071577,150.09763,-147.154539,2.94309079,0,46.6327956,-15.8623052,-0.199325804,1.19055279,3.44252739,-4.36606059,1.22721337,-49.1954577,-2.1379836,3.61256825,0.244411092,-4.38412017,2.08925145,0.715339089,148.936467,-4.21718302,-0.380874495,-8.61570367,0.0277014734,-0.296806013,-0.00299071577,0.0266738363,-0.00780674132,-0.584355016,0,0,0,0,0,0,1.2272134,-49.1954591,-2.13798365,0.473576609,1.33384803,-4.29626657,-5.84862128,48.1548664,0.395423915,0.0531339191,2.88013606,12.7495819,-5.84862128,48.1548664,0.395423915,0.0531339191,2.88013606,12.7495819,0.00856119733,-0.0321678959,147.154774,0.0469368344,0.913065248,-0.00485569713,-0.167766562,-0.021828215,0.00230899961,-0.0543191879,0.0315092098,-0.216889808,1448,1219,1386,1282,1568,1436,1615,1379,-0.16,-0.16,-0.152093377,-0.047378883,0.02,0.3025,0.3025,0.288587165,0.151887471,0.02,-0.17,-0.17,-0.156359379,-0.0496560154,0.02,0.2875,0.2875,0.279327227,0.144473231,0.02,0.7025,0.7025,0.645358242,29.6919235,1,-0.545,-0.545,-0.485305509,-14.692709,1,0.13,0.13,0.275371883,7.06531344,1,-0.285,-0.285,-0.480945943,-14.4987861,1
299192.402,41.4,0.288232454,-0.072416031,0.00888465418,0.0247068101,-0.00626199392,-0.595369148,0.368152975,0.00287977042,150.09763,-147.154539,2.94309079,0,46.5253027,-15.7911524,-0.201777331,1.18428786,3.43195567,-4.50229406,-0.191835406,-49.0858898,-2.1315754,3.60617796,0.145226858,-4.51950206,2.10665656,0.630953966,148.919232,-4.21685219,-0.230957593,-8.84924579,0.0193292436,-0.297340827,-0.00287977042,0.0247068101,-0.00626199392,-0.595369148,0,0,0,0,0,0,-0.191835412,-49.0858912,-2.13157546,0.470527789,1.3281242,-4.43281311,-4.51939611,48.3542537,0.407041201,0.0771414747,2.87571767,13.0785755,-4.51939611,48.3542537,0.407041201,0.0771414747,2.87571767,13.0785755,0.00822298393,-0.0324702056,147.154631,0.048045136,0.911755821,-0.00489986726,-0.17347142,-0.00705832551,0.00251312949,-0.0363515421,0.0282544727,-0.264318385,1448,1219,1386,1282,1568,1436,1615,1379,-0.16,-0.16,-0.156336313,-0.0496437034,0.02,0.3025,0.3025,0.296053218,0.157326864,0.02,-0.17,-0.17,-0.163679354,-0.0538906482,0.02,0.2875,0.2875,0.283712987,0.147984818,0.02,0.7025,0.7025,0.647897449,29.8500527,1,-0.545,-0.545,-0.487958151,-14.8107043,1,0.13,0.13,0.271782638,6.92162176,1,-0.285,-0.285,-0.476108021,-14.2143353,1
299192.454,41.45,0.287750582,-0.0719477552,0.00894845147,0.0233669912,-0.00504396833,-0.607860017,0.368294371,0.00278703248,150.09763,-147.154539,2.94309079,0,46.4196616,-15.7010387,-0.202704973,1.17706617,3.42284516,-4.63838621,-1.61392039,-48.9308299,-2.12551858,3.59772855,0.0460057564,-4.65512762,2.11771025,0.553003335,148.89937,-4.21725848,-0.0904923542,-9.0982677,0.010698118,-0.297245248,-0.00278703248,0.0233669912,-0.00504396833,-0.607860017,0,0,0,0,0,0,-1.61392043,-48.9308313,-2.12551863,0.467379235,1.32378459,-4.56930177,-3.1704326,48.4216862,0.39792377,0.0859401108,2.8681775,13.4504317,-3.1704326,48.4216862,0.39792377,0.0859401108,2.8681775,13.4504317,0.00785549731,-0.0331906215,147.154524,0.0484408494,0.911107706,-0.00488970707,-0.178301783,0.0025583312,0.0011567991,-0.0224208398,0.0204625087,-0.281217122,1448,1219,1386,1282,1568,1436,1615,1379,-0.16,-0.16,-0.15830236,-0.0506931518,0.02,0.3025,0.3025,0.299512759,0.159789071,0.02,-0.17,-0.17,-0.167071206,-0.056002926,0.02,0.2875,0.2875,0.285745214,0.14961198,0.02,0.7025,0.7025,0.65032382,30.0054764,1,-0.545,-0.545,-0.490492917,-14.9322267,1,0.13,0.13,0.268282012,6.78911983,1,-0.285,-0.285,-0.471389547,-13.9204921,1
299192.507,41.5,0.287208866,-0.0714725921,0.00897107501,0.0225744387,-0.0041492844,-0.620508616,0.368432406,0.00274143763,150.09763,-147.154539,2.94309079,0,46.422362,-15.6622439,-0.203333348,1.17389596,3.42247473,-4.76378409,-3.07940816,-48.8506294,-2.12512924,3.59565436,-0.0567722735,-4.78048643,2.1286984,0.489700672,148.885992,-4.21749677,0.0427136803,-9.3316617,0.00186424545,-0.296832585,-0.00274143763,0.0225744387,-0.0041492844,-0.620508616,0,0,0,0,0,0,-3.07940824,-48.8506307,-2.12512929,0.465962549,1.32328934,-4.69487034,-1.77334585,48.4549476,0.404901929,0.0857039951,2.86219533,13.8270394,-1.77334585,48.4549476,0.404901929,0.0857039951,2.86219533,13.8270394,0.00738320141,-0.0341892964,147.154449,0.048241293,0.910971172,-0.00483911426,-0.182951121,0.00567501575,0.000588369244,-0.00795910672,0.0157703128,-0.262710949,1448,1219,1386,1282,1568,1436,1615,1379,-0.16,-0.16,-0.159213366,-0.0511794341,0.02,0.3025,0.3025,0.301115804,0.161128515,0.02,-0.17,-0.17,-0.168642887,-0.0569816908,0.02,0.2875,0.2875,0.286686886,0.150365957,0.02,0.7025,0.7025,0.652642371,30.1808046,1,-0.545,-0.545,-0.492915046,-15.0830649,1,0.13,0.13,0.264867817,6.66762315,1,-0.285,-0.285,-0.466787573,-13.7196413,1
299192.56,41.55,0.286785112,-0.0711062447,0.00898487499,0.0225041563,-0.00344073217,-0.631897589,0.368568732,0.00271795448,150.09763,-147.154539,2.94309079,0,46.4460177,-15.6496414,-0.203664688,1.17282166,3.4239812,-4.87779447,-4.59143524,-48.7501905,-2.12672774,3.5926299,-0.163442076,-4.89472511,2.14125589,0.424129485,148.876509,-4.21741027,0.172395222,-9.54456619,-0.00721869265,-0.296291415,-0.00271795448,0.0225041563,-0.00344073217,-0.631897589,0,0,0,0,0,0,-4.59143537,-48.7501918,-2.12672779,0.465457888,1.32372511,-4.80893618,-0.340506211,48.4582098,0.40642703,0.0746019806,2.85824819,14.1686495,-0.340506211,48.4582098,0.40642703,0.0746019806,2.85824819,14.1686495,0.00682008502,-0.0353976302,147.154415,0.047730798,0.911296903,-0.00476619915,-0.187277359,0.00910087192,-3.32558012e-05,-0.00304773388,0.00978193442,-0.246869968,1448,1219,1386,1282,1568,1436,1615,1379,-0.16,-0.16,-0.159635498,-0.0514047624,0.02,0.3025,0.3025,0.301858606,0.161789344,0.02,-0.17,-0.17,-0.169371155,-0.0574352204,0.02,0.2875,0.2875,0.287123228,0.150715327,0.02,0.7025,0.7025,0.654857893,30.3483417,1,-0.545,-0.545,-0.495229544,-15.2272004,1,0.13,0.13,0.261537919,6.54912625,1,-0.285,-0.285,-0.462299222,-13.55992,1
299192.613,41.6,0.286411174,-0.0707705572,0.00897541697,0.0226329134,-0.00299384499,-0.64255854,0.368704844,0.00272524332,150.09763,-147.154539,2.94309079,0,46.4612599,-15.6012785,-0.203818222,1.16912612,3.42500117,-4.98883372,-6.09348325,-48.5842418,-2.12861722,3.58515754,-0.269464761,-5.0059949,2.14697978,0.355013709,148.871355,-4.21615648,0.301692416,-9.74850258,-0.0164561316,-0.29550752,-0.00272524332,0.0226329134,-0.00299384499,-0.64255854,0,0,0,0,0,0,-6.09348341,-48.5842432,-2.12861727,0.463948348,1.32405546,-4.92018823,1.13301376,48.4528463,0.411713654,0.0672755785,2.86138128,14.4953246,1.13301376,48.4528463,0.411713654,0.0672755785,2.86138128,14.4953246,0.0060743266,-0.036657154,147.154394,0.0470472334,0.911877951,-0.0046844896,-0.189156582,0.0153936391,-1.87421675e-05,0.00902910094,0.00628221368,-0.23411697,1448,1219,1386,1282,1568,1436,1615,1379,-0.16,-0.16,-0.159831101,-0.0515091726,0.02,0.3025,0.3025,0.302202798,0.162095552,0.02,-0.17,-0.17,-0.169708613,-0.0576453722,0.02,0.2875,0.2875,0.287325415,0.150877214,0.02,0.7025,0.7025,0.656974963,30.5084339,1,-0.545,-0.545,-0.497441192,-15.3649308,1,0.13,0.13,0.258290236,6.45637125,1,-0.285,-0.285,-0.457921688,-13.3764079,1
299192.668,41.65,0.286057306,-0.0703279966,0.00896205145,0.0227096763,-0.00282803456,-0.653038274,0.368841382,0.00273774644,150.09763,-147.154539,2.94309079,0,46.4649608,-15.5184839,-0.203889364,1.16287279,3.42522098,-5.09799128,-7.58317729,-48.3509593,-2.13017435,3.57303794,-0.374685292,-5.11536292,2.14359353,0.283615121,148.867546,-4.21220567,0.4316023,-9.95425875,-0.0256967034,-0.294411558,-0.00273774644,0.0227096763,-0.00282803456,-0.653038274,0,0,0,0,0,0,-7.5831775,-48.3509607,-2.1301744,0.461437329,1.32410768,-5.02971009,2.63264807,48.3834013,0.424707337,0.0532118756,2.86351467,14.8145679,2.63264807,48.3834013,0.424707337,0.0532118756,2.86351467,14.8145679,0.00511531192,-0.0379018628,147.154369,0.0461885459,0.912538083,-0.00459613055,-0.188885479,0.0218081793,0.000279446893,0.00101815308,0.000251909825,-0.229439488,1448,1219,1386,1282,1568,1436,1615,1379,-0.16,-0.16,-0.159921737,-0.0515575531,0.02,0.3025,0.3025,0.302362286,0.16223744,0.02,-0.17,-0.17,-0.16986498,-0.0577427501,0.02,0.2875,0.2875,0.287419103,0.150952228,0.02,0.7025,0.7025,0.658997958,30.6614122,1,-0.545,-0.545,-0.499554561,-15.496541,1,0.13,0.13,0.255122739,6.38592266,1,-0.285,-0.285,-0.453652237,-13.1675019,1
299192.722,41.7,0.285718515,-0.0698219003,0.0089449106,0.0228979654,-0.00290236869,-0.663233374,0.3689785,0.00275175905,150.09763,-147.154539,2.94309079,0,46.458942,-15.451584,-0.20392233,1.15782932,3.42474127,-5.20265713,-9.10617242,-48.0599817,-2.1312232,3.55696066,-0.482716518,-5.22035232,2.1394768,0.209303468,148.864509,-4.204109,0.561953041,-10.1565244,-0.034975597,-0.293005572,-0.00275175905,0.0228979654,-0.00290236869,-0.663233374,0,0,0,0,0,0,-9.10617267,-48.059983,-2.13122325,0.45941774,1.32389987,-5.1346703,4.13532459,48.2587736,0.420340082,0.0415693216,2.86844309,15.1230358,4.13532459,48.2587736,0.420340082,0.0415693216,2.86844309,15.1230358,0.00396263848,-0.0391743366,147.154351,0.0451674173,0.913234525,-0.00450091772,-0.19070541,0.0285866386,-2.44144696e-05,0.00842309721,-0.00422890443,-0.227204793,1448,1219,1386,1282,1568,1436,1615,1379,-0.16,-0.16,-0.159963735,-0.0515799711,0.02,0.3025,0.3025,0.302436187,0.162303186,0.02,-0.17,-0.17,-0.169937436,-0.057787872,0.02,0.2875,0.2875,0.287462515,0.150986987,0.02,0.7025,0.7025,0.660931057,30.8158756,1,-0.545,-0.545,-0.501574018,-15.6082997,1,0.13,0.13,0.252033447,6.31721345,1,-0.285,-0.285,-0.449488198,-12.9614772,1
299192.775,41.75,0.285206457,-0.0694678063,0.0089416362,0.0232759206,-0.00357397585,-0.660797188,0.369115745,0.00273679489,150.09763,-147.154539,2.94309079,0,46.1462749,-15.4539017,-0.19454135,1.14978818,3.40317283,-4.96488019,-10.7307417,-47.4208486,-2.11042817,3.51524054,-0.60388038,-4.98317629,2.14936606,0.12982547,148.85623,-4.19107433,0.675362245,-9.89831293,-0.0443923456,-0.291108653,-0.00273679489,0.0232759206,-0.00357397585,-0.660797188,0,0,0,0,0,0,-10.730742,-47.4208499,-2.11042823,0.451271837,1.31650526,-4.89688316,5.68673603,47.865498,0.404547836,0.0299219939,2.86138172,15.0228503,5.68673603,47.865498,0.404547836,0.0299219939,2.86138172,15.0228503,0.00235779786,-0.0392344844,147.154378,0.044042701,0.913783464,-0.00441520877,-0.193173028,0.0406774209,9.96933067e-05,0.00791115992,-0.02566215,0.214983573,1340,1334,1275,1399,1577,1450,1596,1375,-0.125,-0.125,-0.145655789,-0.0435561072,0.02,0.3125,0.3125,0.307836737,0.167107751,0.02,-0.1925,-0.1925,-0.182045199,-0.0646202939,0.02,0.24,0.24,0.268039786,0.135610001,0.02,0.415,0.415,0.654858997,30.3484252,1,-0.2525,-0.2525,-0.495424359,-15.2393325,1,0.4,0.4,0.258608632,6.46345271,1,-0.5625,-0.5625,-0.454510099,-13.2094775,1
299192.827,41.8,0.284716956,-0.0694228329,0.00892480711,0.0239927831,-0.00510520196,-0.646147843,0.369252112,0.00271744251,150.09763,-147.154539,2.94309079,0,45.8937444,-15.4252317,-0.190668073,1.14326796,3.38523456,-4.72597662,-12.2646471,-46.7910195,-2.0949548,3.47381679,-0.722727561,-4.74468033,2.15370333,0.0719329381,148.850534,-4.16882703,0.787323339,-9.5314667,-0.0538502913,-0.288938555,-0.00271744251,0.0239927831,-0.00510520196,-0.646147843,0,0,0,0,0,0,-12.2646474,-46.7910207,-2.09495485,0.446047506,1.30999841,-4.65810573,7.24690516,47.2919042,0.393655242,0.0284693309,2.85321896,14.5341582,7.24690516,47.2919042,0.393655242,0.0284693309,2.85321896,14.5341582,0.000361852608,-0.0381590501,147.15446,0.0430586145,0.91391384,-0.00437624059,-0.190798336,0.0411342793,-0.00038730731,0.0137351807,-0.0347783206,0.346850171,1340,1334,1275,1399,1577,1450,1596,1375,-0.125,-0.125,-0.137202976,-0.0382921134,0.02,0.3125,0.3125,0.310339187,0.169213337,0.02,-0.1925,-0.1925,-0.187655565,-0.0686132752,0.02,0.24,0.24,0.256565275,0.128360125,0.02,0.415,0.415,0.648936857,29.914782,1,-0.2525,-0.2525,-0.489426535,-14.8760213,1,0.4,0.4,0.264891635,6.66847073,1,-0.5625,-0.5625,-0.459308843,-13.4442819,1
299192.88,41.85,0.2845729,-0.0694641786,0.00889191362,0.0244530805,-0.0067685172,-0.629191311,0.369387725,0.00270646791,150.09763,-147.154539,2.94309079,0,45.7312017,-15.3229006,-0.189538665,1.13355912,3.37361711,-4.53109784,-13.6540352,-46.2104094,-2.0821626,3.4358771,-0.831947294,-4.54969325,2.14274718,0.0184024446,148.853822,-4.13428699,0.902564577,-9.18679378,-0.0630310918,-0.286854505,-0.00270646791,0.0244530805,-0.0067685172,-0.629191311,0,0,0,0,0,0,-13.6540355,-46.2104107,-2.08216266,0.44096403,1.30573287,-4.4636772,8.76071103,46.7477552,0.373924546,0.0272120613,2.844635,13.9866443,8.76071103,46.7477552,0.373924546,0.0272120613,2.844635,13.9866443,-0.00155705938,-0.036671706,147.154539,0.0425028756,0.913332905,-0.00438274907,-0.182288539,0.0396808693,-0.000473057073,-0.00371958491,-0.0327530898,0.339019746,1340,1334,1275,1399,1577,1450,1596,1375,-0.125,-0.125,-0.132209244,-0.0351822643,0.02,0.3125,0.3125,0.311498745,0.169832293,0.02,-0.1925,-0.1925,-0.190255237,-0.0704180864,0.02,0.24,0.24,0.249786392,0.125306723,0.02,0.415,0.415,0.643160936,29.5550862,1,-0.2525,-0.2525,-0.483576798,-14.6158122,1,0.4,0.4,0.27089544,6.88610373,1,-0.5625,-0.5625,-0.463894344,-13.6166836,1
299192.93,41.9,0.284641644,-0.0694316474,0.00886848514,0.0244682113,-0.00818315692,-0.612135196,0.369522438,0.0026751036,150.09763,-147.154539,2.94309079,0,45.5106853,-15.190039,-0.18845978,1.12234979,3.35757508,-4.32216523,-14.9502667,-45.5436606,-2.06392395,3.39100663,-0.936024345,-4.34039448,2.12789764,-0.0431403227,148.858506,-4.08823758,1.01678513,-8.83205611,-0.0717986192,-0.284763602,-0.0026751036,0.0244682113,-0.00818315692,-0.612135196,0,0,0,0,0,0,-14.9502671,-45.5436619,-2.063924,0.435760036,1.29966292,-4.25532918,10.1894997,46.2013059,0.37022704,0.0372745277,2.83561361,13.447944,10.1894997,46.2013059,0.37022704,0.0372745277,2.83561361,13.447944,-0.00320990333,-0.0349367389,147.154595,0.0423316022,0.912080541,-0.0044138517,-0.173907284,0.0434698218,0.000832248175,-0.00780564601,-0.0289903472,0.36723319,1340,1334,1275,1399,1577,1450,1596,1375,-0.125,-0.125,-0.129259059,-0.0334109526,0.02,0.3125,0.3125,0.312036049,0.170119098,0.02,-0.1925,-0.1925,-0.191459846,-0.0710610897,0.02,0.24,0.24,0.24578158,0.122812724,0.02,0.415,0.415,0.637527622,29.1492829,1,-0.2525,-0.2525,-0.477871491,-14.3241555,1,0.4,0.4,0.276632455,7.11577915,1,-0.5625,-0.5625,-0.46827608,-13.772611,1
299192.983,41.95,0.284676306,-0.0693747037,0.00886063154,0.0243469876,-0.00947295444,-0.592871497,0.369654611,0.00260942342,150.09763,-147.154539,2.94309079,0,45.2443391,-15.1033779,-0.187751668,1.11516823,3.33786618,-4.08181753,-16.2228328,-44.8090136,-2.0419333,3.34007755,-1.04047332,-4.09969297,2.11628373,-0.102753593,148.860018,-4.0324427,1.1264047,-8.42294557,-0.0802010013,-0.282450854,-0.00260942342,0.0243469876,-0.00947295444,-0.592871497,0,0,0,0,0,0,-16.2228332,-44.8090149,-2.04193336,0.432495564,1.29199599,-4.01536278,11.5508502,45.5692467,0.348860363,0.0498746323,2.82114954,12.8438787,11.5508502,45.5692467,0.348860363,0.0498746323,2.82114954,12.8438787,-0.00462326952,-0.032915943,147.15465,0.0424483775,0.910286147,-0.00446615339,-0.168793778,0.0457078644,0.000900158818,-0.00515383389,-0.0238141163,0.418667989,1340,1334,1275,1399,1577,1450,1596,1375,-0.125,-0.125,-0.127516156,-0.0324806153,0.02,0.3125,0.3125,0.312285019,0.170251995,0.02,-0.1925,-0.1925,-0.192018024,-0.0713590377,0.02,0.24,0.24,0.243415628,0.121339326,0.02,0.415,0.415,0.632033396,28.6849321,1,-0.2525,-0.2525,-0.472307049,-13.9776296,1,0.4,0.4,0.282114534,7.3352485,1,-0.5625,-0.5625,-0.472463105,-13.9873479,1
299193.035,42,0.284844376,-0.0693970861,0.00886463757,0.0242461566,-0.0103580134,-0.5720435,0.369783022,0.00252611463,150.09763,-147.154539,2.94309079,0,45.0789348,-15.0015886,-0.18735436,1.10713389,3.32562567,-3.85959852,-17.4103393,-44.1586261,-2.02211522,3.29491553,-1.13835257,-3.87681794,2.10142398,-0.151713284,148.861826,-3.96818821,1.23328502,-8.01091934,-0.0883266844,-0.280127984,-0.00252611463,0.0242461566,-0.0103580134,-0.5720435,0,0,0,0,0,0,-17.4103397,-44.1586273,-2.02211527,0.4290621,1.2872335,-3.79359163,12.8632258,44.9424999,0.338425621,0.0678747326,2.80480947,12.208673,12.8632258,44.9424999,0.338425621,0.0678747326,2.80480947,12.208673,-0.00568088362,-0.0307762074,147.154706,0.042967935,0.908090681,-0.00453991937,-0.161422817,0.0431784714,0.00145656515,-0.00654344626,-0.0105444381,0.417744398,1340,1334,1275,1399,1577,1450,1596,1375,-0.125,-0.125,-0.126486489,-0.0319309929,0.02,0.3125,0.3125,0.312400385,0.170313576,0.02,-0.1925,-0.1925,-0.192276667,-0.0714970977,0.02,0.24,0.24,0.242017876,0.120468875,0.02,0.415,0.415,0.626674822,28.2468372,1,-0.2525,-0.2525,-0.466879994,-13.7229302,1,0.4,0.4,0.287353006,7.54496529,1,-0.5625,-0.5625,-0.476464071,-14.2365083,1
299193.088,42.05,0.285245113,-0.0693073711,0.00888979768,0.0237488997,-0.0105833213,-0.551955561,0.369906777,0.0024273028,150.09763,-147.154539,2.94309079,0,44.9488759,-14.8693404,-0.187129384,1.09697042,3.31596616,-3.66104962,-18.5017694,-43.5339757,-2.00280799,3.25122572,-1.22834718,-3.67735701,2.07835484,-0.200030564,148.863879,-3.89843762,1.33744848,-7.62737023,-0.0959961846,-0.277942461,-0.0024273028,0.0237488997,-0.0105833213,-0.551955561,0,0,0,0,0,0,-18.5017699,-43.5339769,-2.00280804,0.42487625,1.28345364,-3.59562462,14.1162603,44.3573042,0.3216733,0.0859905606,2.78122191,11.6080173,14.1162603,44.3573042,0.3216733,0.0859905606,2.78122191,11.6080173,-0.00632153763,-0.0286085255,147.154729,0.0438166524,0.905590053,-0.00462152387,-0.151986881,0.0415365014,0.00202194268,-0.0190819315,8.87655997e-05,0.397230995,1340,1334,1275,1399,1577,1450,1596,1375,-0.125,-0.125,-0.125878184,-0.0316062884,0.02,0.3125,0.3125,0.312453841,0.17034211,0.02,-0.1925,-0.1925,-0.192396514,-0.0715610704,0.02,0.24,0.24,0.241192116,0.119954633,0.02,0.415,0.415,0.621448552,27.8283806,1,-0.2525,-0.2525,-0.461586933,-13.5345727,1,0.4,0.4,0.292358697,7.73487091,1,-0.5625,-0.5625,-0.480287247,-14.4694858,1
299193.141,42.1,0.285681773,-0.0691474911,0.00892941675,0.0230202903,-0.0103702886,-0.533396123,0.370025404,0.0023175861,150.09763,-147.154539,2.94309079,0,44.777825,-14.7848454,-0.187000988,1.09049014,3.30317642,-3.48596302,-19.5733108,-42.8559833,-1.98253207,3.20312051,-1.31600329,-3.50146194,2.05827462,-0.25299775,148.864449,-3.82644523,1.43809611,-7.29127664,-0.103278064,-0.275711111,-0.0023175861,0.0230202903,-0.0103702886,-0.533396123,0,0,0,0,0,0,-19.5733113,-42.8559845,-1.98253212,0.422215138,1.27839596,-3.42090979,15.28803,43.7881683,0.311732944,0.109970166,2.75927001,11.06183,15.28803,43.7881683,0.311732944,0.109970166,2.75927001,11.06183,-0.00668033568,-0.0265666443,147.154731,0.0448345257,0.90303622,-0.00470164901,-0.147054901,0.0446475615,0.00261434396,-0.0114984133,0.00792089882,0.358651826,1340,1334,1275,1399,1577,1450,1596,1375,-0.125,-0.125,-0.125518811,-0.0314144602,0.02,0.3125,0.3125,0.312478611,0.170355332,0.02,-0.1925,-0.1925,-0.192452048,-0.0715907135,0.02,0.24,0.24,0.240704275,0.11965083,0.02,0.415,0.415,0.616351319,27.4851763,1,-0.2525,-0.2525,-0.456424558,-13.3031527,1,0.4,0.4,0.297141949,7.90508652,1,-0.5625,-0.5625,-0.483940532,-14.6319919,1
299193.198,42.15,0.286027542,-0.069065044,0.00897682743,0.0224253018,-0.00984151434,-0.516175129,0.370138215,0.00220451943,150.09763,-147.154539,2.94309079,0,44.6202954,-14.7241502,-0.186927227,1.08585254,3.29137435,-3.314314,-20.6096836,-42.180445,-1.96400041,3.15469167,-1.4008116,-3.32904573,2.04081664,-0.306994747,148.862081,-3.75457306,1.53511318,-6.98138278,-0.110345121,-0.273299172,-0.00220451943,0.0224253018,-0.00984151434,-0.516175129,0,0,0,0,0,0,-20.6096842,-42.1804462,-1.96400046,0.420320966,1.27371456,-3.24952783,16.4104887,43.2224251,0.289638928,0.126728806,2.73600847,10.569835,16.4104887,43.2224251,0.289638928,0.126728806,2.73600847,10.569835,-0.00684691711,-0.0247666556,147.154731,0.0459757965,0.900653447,-0.00478535316,-0.142248629,0.0479402753,0.00186460432,-0.0205723923,0.0126037308,0.346791143,1340,1334,1275,1399,1577,1450,1596,1375,-0.125,-0.125,-0.125306502,-0.0313011325,0.02,0.3125,0.3125,0.312490089,0.170361459,0.02,-0.1925,-0.1925,-0.19247778,-0.0716044491,0.02,0.24,0.24,0.24041607,0.11947135,0.02,0.415,0.415,0.611379937,27.1755832,1,-0.2525,-0.2525,-0.451389643,-13.0567923,1,0.4,0.4,0.301712649,8.08297473,1,-0.5625,-0.5625,-0.487431476,-14.7872767,1
299193.249,42.2,0.286250408,-0.0689500637,0.00903332427,0.02151796,-0.00919668987,-0.498352087,0.370245324,0.00208644539,150.09763,-147.154539,2.94309079,0,44.3904797,-14.5815346,-0.18688462,1.07508513,3.2741187,-3.11421411,-21.4958436,-41.4405806,-1.94364336,3.10052539,-1.47518457,-3.12802872,2.012936,-0.360616096,148.856037,-3.685005,1.62616275,-6.63611879,-0.117055465,-0.270699315,-0.00208644539,0.02151796,-0.00919668987,-0.498352087,0,0,0,0,0,0,-21.4958442,-41.4405818,-1.94364341,0.415999779,1.26684676,-3.05005544,17.4626043,42.611514,0.268718073,0.151618389,2.7106123,10.0662685,17.4626043,42.611514,0.268718073,0.151618389,2.7106123,10.0662685,-0.00685727577,-0.0228877184,147.154715,0.0471405607,0.898393098,-0.00486858237,-0.132762411,0.0526010742,0.00171388793,-0.0215634203,0.0107311751,0.392778588,1340,1334,1275,1399,1577,1450,1596,1375,-0.125,-0.125,-0.125181075,-0.031234181,0.02,0.3125,0.3125,0.312495408,0.170364298,0.02,-0.1925,-0.1925,-0.192489704,-0.0716108138,0.02,0.24,0.24,0.240245805,0.119365317,0.02,0.415,0.415,0.606531299,26.7501977,1,-0.2525,-0.2525,-0.44647904,-12.8008526,1,0.4,0.4,0.30608024,8.27725472,1,-0.5625,-0.5625,-0.490767293,-14.9493135,1
299193.3,42.25,0.286346716,-0.0687753419,0.0090861987,0.0204802205,-0.00878524594,-0.478080032,0.370346644,0.00197119283,150.09763,-147.154539,2.94309079,0,44.1509212,-14.4473597,-0.186859898,1.06497022,3.25611973,-2.90244071,-22.3252964,-40.6932955,-1.924007,3.04504651,-1.54550488,-2.91543234,1.98852342,-0.405309293,148.848672,-3.61794336,1.71010414,-6.25777278,-0.123347494,-0.267932567,-0.00197119283,0.0204802205,-0.00878524594,-0.478080032,0,0,0,0,0,0,-22.325297,-40.6932966,-1.92400705,0.411949572,1.25967594,-2.83887241,18.4213501,41.9362128,0.257789965,0.176379367,2.68282281,9.50243388,18.4213501,41.9362128,0.257789965,0.176379367,2.68282281,9.50243388,-0.00680173543,-0.0208530988,147.154699,0.048228119,0.896252721,-0.00494941797,-0.125504036,0.0545385835,0.00166754827,-0.0218127893,0.00545594074,0.422031071,1340,1334,1275,1399,1577,1450,1596,1375,-0.125,-0.125,-0.125106975,-0.0311946276,0.02,0.3125,0.3125,0.312497872,0.170365613,0.02,-0.1925,-0.1925,-0.192495229,-0.071613763,0.02,0.24,0.24,0.240145216,0.119302675,0.02,0.415,0.415,0.601802375,26.2874214,1,-0.2525,-0.2525,-0.441689681,-12.5452032,1,0.4,0.4,0.310253749,8.45838657,1,-0.5625,-0.5625,-0.493954877,-15.1478204,1
299193.352,42.3,0.286398317,-0.0687440732,0.00913137842,0.0197582905,-0.00856761379,-0.45799968,0.370442353,0.00186464733,150.09763,-147.154539,2.94309079,0,43.9626075,-14.4423805,-0.186845501,1.06458116,3.24196798,-2.73658534,-23.2270962,-39.9773763,-1.90774838,2.99205514,-1.61950502,-2.74907226,1.98280519,-0.447226985,148.841546,-3.55139831,1.79006934,-5.92621732,-0.129445739,-0.265067503,-0.00186464733,0.0197582905,-0.00856761379,-0.45799968,0,0,0,0,0,0,-23.2270969,-39.9773774,-1.90774843,0.411785574,1.25403604,-2.67303894,19.3404535,41.284696,0.251504216,0.198421497,2.65934667,8.96442518,19.3404535,41.284696,0.251504216,0.198421497,2.65934667,8.96442518,-0.00674300633,-0.0190194865,147.154698,0.0492591832,0.894258956,-0.00503451761,-0.125498579,0.0561508329,0.00201550181,-0.00399543343,0.00549772324,0.376959882,1340,1334,1275,1399,1577,1450,1596,1375,-0.125,-0.125,-0.125063198,-0.0311712603,0.02,0.3125,0.3125,0.312499014,0.170366223,0.02,-0.1925,-0.1925,-0.192497789,-0.0716151296,0.02,0.24,0.24,0.24008579,0.119265668,0.02,0.415,0.415,0.597190208,25.9610568,1,-0.2525,-0.2525,-0.437018571,-12.3091278,1,0.4,0.4,0.3142418,8.56482489,1,-0.5625,-0.5625,-0.497000814,-15.3375063,1
299193.405,42.35,0.286480364,-0.0690165862,0.00916447756,0.0194248517,-0.00819528401,-0.440477018,0.370533342,0.00177889374,150.09763,-147.154539,2.94309079,0,43.8352835,-14.4864699,-0.186837091,1.0678881,3.23239883,-2.59232934,-24.132677,-39.3121875,-1.89488833,2.94283468,-1.69293541,-2.60435258,1.98063038,-0.493360277,148.837682,-3.48472248,1.86865414,-5.65053103,-0.135564805,-0.262149766,-0.00177889374,0.0194248517,-0.00819528401,-0.440477018,0,0,0,0,0,0,-24.1326777,-39.3121886,-1.89488838,0.413099678,1.25022197,-2.52858895,20.2662487,40.7000109,0.223710388,0.211495469,2.64016875,8.50941405,20.2662487,40.7000109,0.223710388,0.211495469,2.64016875,8.50941405,-0.00664663446,-0.0175741979,147.154708,0.0504187136,0.892455678,-0.00513094171,-0.124528307,0.0581526365,0.000793870429,-0.00723883964,0.00901304359,0.337932518,1340,1334,1275,1399,1577,1450,1596,1375,-0.125,-0.125,-0.125037336,-0.0311574554,0.02,0.3125,0.3125,0.312499543,0.170366505,0.02,-0.1925,-0.1925,-0.192498976,-0.0716157628,0.02,0.24,0.24,0.240050683,0.119243805,0.02,0.415,0.415,0.592691915,25.7209441,1,-0.2525,-0.2525,-0.432462791,-12.0862117,1,0.4,0.4,0.318052634,8.66653341,1,-0.5625,-0.5625,-0.499911399,-15.5187632,1
299193.456,42.4,0.286466276,-0.0693975442,0.00918811508,0.0189104071,-0.00769604346,-0.424043942,0.370620465,0.00170756714,150.09763,-147.154539,2.94309079,0,43.6742012,-14.45278,-0.186832168,1.06534958,3.22028878,-2.44152421,-24.9038469,-38.6343429,-1.88137283,2.89222983,-1.75634472,-2.45286156,1.96968658,-0.539021775,148.833466,-3.41934739,1.94486896,-5.38047123,-0.141479166,-0.25909562,-0.00170756714,0.0189104071,-0.00769604346,-0.424043942,0,0,0,0,0,0,-24.9038476,-38.634344,-1.88137287,0.412083941,1.24539286,-2.37793204,21.1774451,40.1178426,0.227830004,0.23268243,2.62353079,8.09462046,21.1774451,40.1178426,0.227830004,0.23268243,2.62353079,8.09462046,-0.00647217155,-0.0162225767,147.154707,0.0517044437,0.890734372,-0.00523503713,-0.115538759,0.0613482877,0.00152442947,-0.0154749094,0.00997016794,0.34565537,1340,1334,1275,1399,1577,1450,1596,1375,-0.125,-0.125,-0.125022057,-0.0311492998,0.02,0.3125,0.3125,0.312499788,0.170366636,0.02,-0.1925,-0.1925,-0.192499525,-0.0716160562,0.02,0.24,0.24,0.240029942,0.119230889,0.02,0.415,0.415,0.588304686,25.4339721,1,-0.2525,-0.2525,-0.428019494,-11.8687994,1,0.4,0.4,0.321694126,8.79386568,1,-0.5625,-0.5625,-0.502692647,-15.6680105,1
299193.509,42.45,0.286326088,-0.0695938158,0.00921252395,0.0178424766,-0.00731131984,-0.406412603,0.370703915,0.00163389361,150.09763,-147.154539,2.94309079,0,43.4783075,-14.3378653,-0.186829281,1.05670503,3.20555955,-2.27368315,-25.5371732,-37.9518164,-1.86679502,2.84060504,-1.80978337,-2.28418909,1.94471461,-0.577423763,148.82732,-3.35658363,2.01564808,-5.08332448,-0.146864778,-0.255965243,-0.00163389361,0.0178424766,-0.00731131984,-0.406412603,0,0,0,0,0,0,-25.5371739,-37.9518174,-1.86679506,0.408633535,1.23951804,-2.21059661,21.9777406,39.4707368,0.221337946,0.256554461,2.60206181,7.6470964,21.9777406,39.4707368,0.221337946,0.256554461,2.60206181,7.6470964,-0.0062152152,-0.0147045188,147.154684,0.0529286961,0.889063017,-0.00533451305,-0.105412799,0.0612452604,0.00155087225,-0.0251561902,0.00604204734,0.366399799,1340,1334,1275,1399,1577,1450,1596,1375,-0.125,-0.125,-0.125013031,-0.0311444817,0.02,0.3125,0.3125,0.312499902,0.170366697,0.02,-0.1925,-0.1925,-0.19249978,-0.0716161922,0.02,0.24,0.24,0.240017689,0.119223258,0.02,0.415,0.415,0.584025778,25.0723353,1,-0.2525,-0.2525,-0.423685902,-11.6567551,1,0.4,0.4,0.325173802,8.94864923,1,-0.5625,-0.5625,-0.505350304,-15.8098726,1
299193.563,42.5,0.28615489,-0.0696575265,0.00923736869,0.0166974224,-0.00711403469,-0.388163386,0.370783582,0.00155791736,150.09763,-147.154539,2.94309079,0,43.2780062,-14.2310703,-0.186827584,1.04867231,3.19049807,-2.10970705,-26.1258664,-37.2766965,-1.85232019,2.78919905,-1.85957121,-2.11948554,1.9218544,-0.609480841,148.820418,-3.29603384,2.08018999,-4.78528833,-0.151809132,-0.252862577,-0.00155791736,0.0166974224,-0.00711403469,-0.388163386,0,0,0,0,0,0,-26.1258671,-37.2766976,-1.85232023,0.40542794,1.23351018,-2.04709039,22.7076272,38.8256085,0.215353655,0.281671642,2.58084656,7.19309451,22.7076272,38.8256085,0.215353655,0.281671642,2.58084656,7.19309451,-0.00594152496,-0.0132013617,147.154662,0.0539870989,0.887449436,-0.00542319561,-0.0975122902,0.0612653576,0.0017161549,-0.0238373598,0.00184036969,0.376592374,1340,1334,1275,1399,1577,1450,1596,1375,-0.125,-0.125,-0.125007698,-0.0311416352,0.02,0.3125,0.3125,0.312499955,0.170366725,0.02,-0.1925,-0.1925,-0.192499898,-0.0716162552,0.02,0.24,0.24,0.24001045,0.11921875,0.02,0.415,0.415,0.579852517,24.7196273,1,-0.2525,-0.2525,-0.419459307,-11.4427307,1,0.4,0.4,0.328498851,9.09655466,1,-0.5625,-0.5625,-0.507889863,-15.9454307,1
299193.612,42.55,0.285907911,-0.0697193644,0.00925834146,0.0157598908,-0.00715022665,-0.369417879,0.37085943,0.00148044452,150.09763,-147.154539,2.94309079,0,43.0355156,-14.1622955,-0.186826586,1.04349941,3.17226347,-1.94400862,-26.6872211,-36.5661152,-1.83645578,2.73472184,-1.90721041,-1.95324371,1.90394891,-0.646023082,148.812433,-3.23674096,2.13891255,-4.49180801,-0.156435428,-0.249725712,-0.00148044452,0.0157598908,-0.00715022665,-0.369417879,0,0,0,0,0,0,-26.6872218,-36.5661162,-1.83645583,0.403363666,1.22623616,-1.88169457,23.37504,38.1789138,0.197415756,0.305012502,2.56264485,6.73972101,23.37504,38.1789138,0.197415756,0.305012502,2.56264485,6.73972101,-0.00568719425,-0.0117927966,147.15465,0.0549181422,0.885876758,-0.00550561669,-0.0920234807,0.0635970943,0.0012251777,-0.0154122701,-0.00280695479,0.3840012,1340,1334,1275,1399,1577,1450,1596,1375,-0.125,-0.125,-0.125004548,-0.0311399536,0.02,0.3125,0.3125,0.312499979,0.170366738,0.02,-0.1925,-0.1925,-0.192499953,-0.0716162844,0.02,0.24,0.24,0.240006174,0.119216087,0.02,0.415,0.415,0.575782294,24.3756278,1,-0.2525,-0.2525,-0.415337067,-11.186018,1,0.4,0.4,0.331676145,9.23043176,1,-0.5625,-0.5625,-0.510316571,-16.0693324,1
299193.663,42.6,0.285512648,-0.0698092641,0.00926571181,0.0149137041,-0.00742886607,-0.350900124,0.3709315,0.00140588539,150.09763,-147.154539,2.94309079,0,42.765532,-14.0745009,-0.186825999,1.03689665,3.15196111,-1.79159766,-27.1706365,-35.8533883,-1.81886345,2.68000257,-1.94845809,-1.80025914,1.88375195,-0.680463565,148.80422,-3.17707911,2.19278994,-4.21684295,-0.160746168,-0.246493269,-0.00140588539,0.0149137041,-0.00742886607,-0.350900124,0,0,0,0,0,0,-27.1706373,-35.8533893,-1.8188635,0.400729224,1.21813707,-1.7296699,23.9894762,37.53043,0.200757444,0.322285228,2.54307083,6.30226423,23.9894762,37.53043,0.200757444,0.322285228,2.54307083,6.30226423,-0.00546082412,-0.0104850717,147.154645,0.0557811212,0.884249222,-0.00558695394,-0.0841953708,0.0655692067,0.00210583634,-0.0223783206,-0.00800163607,0.3731714,1340,1334,1275,1399,1577,1450,1596,1375,-0.125,-0.125,-0.125002687,-0.0311389601,0.02,0.3125,0.3125,0.31249999,0.170366744,0.02,-0.1925,-0.1925,-0.192499978,-0.0716162979,0.02,0.24,0.24,0.240003647,0.119214513,0.02,0.415,0.415,0.571812565,24.0401216,1,-0.2525,-0.2525,-0.411316606,-10.9356436,1,0.4,0.4,0.334712249,9.35197906,1,-0.5625,-0.5625,-0.512635445,-16.1518512,1
299193.713,42.65,0.28501053,-0.0698613938,0.00926744963,0.0138927862,-0.00783201105,-0.332736035,0.370999692,0.00132486346,150.09763,-147.154539,2.94309079,0,42.5079429,-13.9160732,-0.186825653,1.02498253,3.13259066,-1.64630212,-27.5427434,-35.1962253,-1.80006028,2.62929559,-1.98102095,-1.65420214,1.85593486,-0.706950355,148.795712,-3.11657869,2.24080507,-3.94541974,-0.164688628,-0.243246895,-0.00132486346,0.0138927862,-0.00783201105,-0.332736035,0,0,0,0,0,0,-27.5427442,-35.1962263,-1.80006033,0.395976033,1.21040964,-1.58507144,24.5175349,36.8677027,0.174626879,0.342754271,2.52433896,5.88280942,24.5175349,36.8677027,0.174626879,0.342754271,2.52433896,5.88280942,-0.00521801595,-0.00922984663,147.154635,0.0565650057,0.882443325,-0.00566247266,-0.0754466691,0.0634837501,0.00123178561,-0.0280000316,-0.00815151207,0.37082866,1340,1334,1275,1399,1577,1450,1596,1375,-0.125,-0.125,-0.125001587,-0.0311383732,0.02,0.3125,0.3125,0.312499995,0.170366746,0.02,-0.1925,-0.1925,-0.19249999,-0.0716163042,0.02,0.24,0.24,0.240002155,0.119213584,0.02,0.415,0.415,0.567940849,23.6671013,1,-0.2525,-0.2525,-0.40739541,-10.7493798,1,0.4,0.4,0.337613439,9.46812517,1,-0.5625,-0.5625,-0.514851274,-16.2307031,1
299193.763,42.7,0.284492296,-0.0697313563,0.00926370733,0.012509122,-0.00823892246,-0.314416586,0.371063748,0.00123783503,150.09763,-147.154539,2.94309079,0,42.2475969,-13.7128677,-0.186825449,1.00970127,3.11301278,-1.50307957,-27.8261018,-34.5756988,-1.77938139,2.58108605,-2.00673715,-1.51016363,1.82728291,-0.725582081,148.787894,-3.05598188,2.28105498,-3.66992585,-0.168156076,-0.240147159,-0.00123783503,0.012509122,-0.00823892246,-0.314416586,0,0,0,0,0,0,-27.8261025,-34.5756997,-1.77938144,0.389879658,1.2025994,-1.44274299,24.9676933,36.2237602,0.17267559,0.366328195,2.5047633,5.46758504,24.9676933,36.2237602,0.17267559,0.366328195,2.5047633,5.46758504,-0.00491169959,-0.00797872606,147.154615,0.0571905145,0.880431078,-0.00571839698,-0.0661799633,0.0605912961,0.00187157263,-0.0284960472,-0.00718088827,0.37540326,1340,1334,1275,1399,1577,1450,1596,1375,-0.125,-0.125,-0.125000938,-0.0311380265,0.02,0.3125,0.3125,0.312499998,0.170366748,0.02,-0.1925,-0.1925,-0.192499995,-0.0716163071,0.02,0.24,0.24,0.240001273,0.119213035,0.02,0.415,0.415,0.564164726,23.2639729,1,-0.2525,-0.2525,-0.403571028,-10.5962747,1,0.4,0.4,0.340385708,9.58082581,1,-0.5625,-0.5625,-0.516968639,-16.3060511,1
299193.812,42.75,0.284013408,-0.0694800342,0.00926105471,0.0111718847,-0.00854496375,-0.295957533,0.371123154,0.00114143415,150.09763,-147.154539,2.94309079,0,41.9977262,-13.5085278,-0.186825329,0.994334782,3.09422259,-1.36202765,-28.0682541,-33.9912924,-1.75766371,2.53536501,-2.02916679,-1.36837157,1.79471765,-0.739929853,148.780755,-2.99594392,2.31324154,-3.39901923,-0.171253001,-0.237242099,-0.00114143415,0.0111718847,-0.00854496375,-0.295957533,0,0,0,0,0,0,-28.0682549,-33.9912933,-1.75766375,0.383749336,1.19510337,-1.30259016,25.3358636,35.5870583,0.163757911,0.383268365,2.48202891,5.05744733,25.3358636,35.5870583,0.163757911,0.383268365,2.48202891,5.05744733,-0.00456157842,-0.00683173508,147.154599,0.0576146193,0.878284838,-0.00575184308,-0.059665352,0.0558801465,0.00204172143,-0.0327249332,-0.0047705271,0.377149028,1340,1334,1275,1399,1577,1450,1596,1375,-0.125,-0.125,-0.125000554,-0.0311378216,0.02,0.3125,0.3125,0.312499999,0.170366748,0.02,-0.1925,-0.1925,-0.192499998,-0.0716163084,0.02,0.24,0.24,0.240000752,0.11921271,0.02,0.415,0.415,0.560481836,22.8707977,1,-0.2525,-0.2525,-0.399841071,-10.4462428,1,0.4,0.4,0.343034786,9.69866258,1,-0.5625,-0.5625,-0.518991914,-16.3780509,1
299193.863,42.8,0.28363563,-0.0692368249,0.00926247097,0.0102181493,-0.00859472215,-0.278059862,0.371177555,0.00103986474,150.09763,-147.154539,2.94309079,0,41.8205379,-13.4009467,-0.186825258,0.986244607,3.08089808,-1.23744604,-28.3857537,-33.4634833,-1.73837371,2.49403311,-2.05666559,-1.2433059,1.77620242,-0.752784402,148.774493,-2.93659383,2.33941733,-3.15835591,-0.174154956,-0.23455141,-0.00103986474,0.0102181493,-0.00859472215,-0.278059862,0,0,0,0,0,0,-28.3857544,-33.4634842,-1.73837376,0.380521828,1.18978777,-1.1784819,25.6931654,35.0089873,0.140098813,0.397898987,2.46022494,4.67187669,25.6931654,35.0089873,0.140098813,0.397898987,2.46022494,4.67187669,-0.00419111162,-0.00588331673,147.154592,0.057900294,0.876091061,-0.0057703272,-0.0594959706,0.051401534,0.00146997917,-0.0171111378,0.00345950534,0.354536692,1340,1334,1275,1399,1577,1450,1596,1375,-0.125,-0.125,-0.125000327,-0.0311377006,0.02,0.3125,0.3125,0.3125,0.170366749,0.02,-0.1925,-0.1925,-0.192499999,-0.071616309,0.02,0.24,0.24,0.240000444,0.119212519,0.02,0.415,0.415,0.556889876,22.5841716,1,-0.2525,-0.2525,-0.396203207,-10.2844227,1,0.4,0.4,0.345566147,9.81126304,1,-0.5625,-0.5625,-0.520925281,-16.4633146,1
299193.913,42.85,0.283377189,-0.0691193767,0.00926593443,0.00972736106,-0.00819251397,-0.260895072,0.371227101,0.000945100741,150.09763,-147.154539,2.94309079,0,41.6674282,-13.3188699,-0.186825216,0.980072393,3.06938426,-1.11615039,-28.6981025,-32.9706112,-1.72031426,2.45525213,-2.08356779,-1.12157725,1.75999584,-0.767589031,148.770031,-2.87916256,2.36240785,-2.9298199,-0.177005563,-0.232049653,-0.000945100741,0.00972736106,-0.00819251397,-0.260895072,0,0,0,0,0,0,-28.6981033,-32.9706121,-1.72031431,0.378059483,1.18519451,-1.05754739,26.0643079,34.4927976,0.132908815,0.409756466,2.44191459,4.31495251,26.0643079,34.4927976,0.132908815,0.409756466,2.44191459,4.31495251,-0.00378973117,-0.00514331038,147.154592,0.0582267789,0.8739819,-0.00578895153,-0.0567382239,0.0486942917,0.0019110778,-0.0136529175,0.0117206143,0.346853069,1340,1334,1275,1399,1577,1450,1596,1375,-0.125,-0.125,-0.125000193,-0.0311376291,0.02,0.3125,0.3125,0.3125,0.170366749,0.02,-0.1925,-0.1925,-0.1925,-0.0716163093,0.02,0.24,0.24,0.240000262,0.119212406,0.02,0.415,0.415,0.553386603,22.3192551,1,-0.2525,-0.2525,-0.392655163,-10.1265979,1,0.4,0.4,0.347985022,9.91885988,1,-0.5625,-0.5625,-0.522772736,-16.5619292,1
299193.963,42.9,0.283139507,-0.0690624625,0.0092738958,0.00929822708,-0.0074166972,-0.244012352,0.37127203,0.000856858348,150.09763,-147.154539,2.94309079,0,41.5224552,-13.2328482,-0.186825191,0.973603531,3.05848231,-1.00114334,-28.9743758,-32.5090821,-1.70369762,2.41885364,-2.10746297,-1.00610772,1.74270808,-0.783465493,148.765655,-2.82513922,2.38437363,-2.71206904,-0.17969937,-0.229674716,-0.000856858348,0.00929822708,-0.0074166972,-0.244012352,0,0,0,0,0,0,-28.9743766,-32.509083,-1.70369766,0.375478804,1.18084534,-0.942918839,26.4203003,34.0104804,0.117061129,0.420548917,2.42355417,3.97475629,26.4203003,34.0104804,0.117061129,0.420548917,2.42355417,3.97475629,-0.00334801744,-0.00450365534,147.15459,0.0586534022,0.872039109,-0.00581294535,-0.0532557369,0.045704249,0.001509704,-0.0122731114,0.0188412739,0.338100695,1340,1334,1275,1399,1577,1450,1596,1375,-0.125,-0.125,-0.125000114,-0.0311375869,0.02,0.3125,0.3125,0.3125,0.170366749,0.02,-0.1925,-0.1925,-0.1925,-0.0716163095,0.02,0.24,0.24,0.240000155,0.119212339,0.02,0.415,0.415,0.549969826,22.0616848,1,-0.2525,-0.2525,-0.389194719,-9.98341602,1,0.4,0.4,0.35029641,10.0203569,1,-0.5625,-0.5625,-0.524538095,-16.6561616,1
299194.012,42.95,0.282724718,-0.0689774667,0.00931355429,0.00876517496,-0.00643228803,-0.229334464,0.371312507,0.000744147719,150.09763,-147.154539,2.94309079,0,40.9087716,-13.0125323,-0.146007624,0.961988875,3.03024708,-0.957490744,-28.9007653,-31.701099,-1.63125505,2.37199099,-2.11492886,-0.961947591,1.69336601,-0.828969321,148.752869,-2.77452713,2.40811166,-2.57798402,-0.182087013,-0.22727454,-0.000744147719,0.00876517496,-0.00643228803,-0.229334464,0,0,0,0,0,0,-28.9007661,-31.7010999,-1.63125509,0.373822424,1.1805282,-0.900235627,26.7182896,33.5259351,0.101087442,0.430667358,2.40275995,3.68713907,26.7182896,33.5259351,0.101087442,0.430667358,2.40275995,3.68713907,-0.00292976467,-0.00398094697,147.154581,0.0591381357,0.870358636,-0.00584094638,-0.0309731284,0.0646085884,0.00452150428,-0.0302586066,0.00609090908,0.215293544,1340,1334,1275,1399,1577,1450,1596,1375,-0.125,0,-0.101269784,-0.0185836308,0.02,0.3125,0,0.253174292,0.126851742,0.02,-0.1925,0,-0.155955364,-0.0494403579,0.02,0.24,0,0.194437948,0.087179871,0.02,0.415,0,0.54250809,21.6965791,1,-0.2525,0,-0.383307298,-9.80009628,1,0.4,0,0.348134831,9.92552371,1,-0.5625,0,-0.520330025,-16.4315407,1
299194.063,43,0.280119095,-0.068280241,0.00946134987,0.00689442653,-0.00740173375,-0.217732278,0.371342213,0.00043229184,150.09763,-147.154539,2.94309079,0,39.3306935,-12.5052068,-0.0731380195,0.93139244,2.94068527,-0.870936791,-28.12205,-30.1697311,-1.49218947,2.27831984,-2.07782984,-0.874948294,1.58979068,-0.903879843,148.686984,-2.72833993,2.42527009,-2.3909037,-0.182736794,-0.223190022,-0.00043229184,0.00689442653,-0.00740173375,-0.217732278,0,0,0,0,0,0,-28.1220508,-30.1697319,-1.49218951,0.366157104,1.16261615,-0.815913904,26.5639694,32.5762863,0.0549936974,0.444877704,2.35970139,3.44144654,26.5639694,32.5762863,0.0549936974,0.444877704,2.35970139,3.44144654,-0.00276338615,-0.00328677673,147.15456,0.0592467645,0.868594127,-0.00585070038,0.00568133344,0.100194088,0.00677698501,-0.0510977224,-0.0534791003,0.245449959,1340,1334,1275,1399,1577,1450,1596,1375,-0.125,0,-0.0598279114,0,0.02,0.3125,0,0.149569679,0.0557412807,0.02,-0.1925,0,-0.0921349221,-0.0149940255,0.02,0.24,0,0.114869568,0.0323907644,0.02,0.415,0,0.529113517,20.729802,1,-0.2525,0,-0.373843407,-9.42325652,1,0.4,0,0.339539352,9.5452271,1,-0.5625,0,-0.507483031,-15.9237146,1
