t_s,forward_m,lateral_m,relative_z_m,relative_yaw_rad
0.0,0.0,0.0,0.0,0.0
0.02,-3.415493828000153e-06,-0.00043968902673285464,-0.006593820948033513,5.532598736357475e-05
0.04,-0.00010357584374360893,-0.0008502972749603158,-0.012552242403947478,0.00010357465023888568
0.060000000000000005,-0.00011803091327653025,-0.0012210123379920769,-0.018278102086652065,9.838996383877696e-05
0.082,0.00010986971147770871,-0.0015656603690224567,-0.024772212168381352,3.611784945355134e-05
0.08600000000000001,0.00018214637306789307,-0.0016195972239072553,-0.02600136470989306,2.1053035098667072e-05
0.10200000000000001,0.0005351316926301325,-0.0018112210686431487,-0.031077547917187448,-4.060093923749508e-05
0.12200000000000001,0.001001098780263632,-0.0020074802223184903,-0.03766059210768888,-0.00010340952246783164
0.14,0.0013052682412180243,-0.002155119488915116,-0.04366369584924787,-0.00013492745696092046
0.16,0.0014066247536443201,-0.0022967806409038777,-0.05038880029759529,-0.00014135478444894656
0.18000000000000002,0.001226088822422334,-0.002425088865196314,-0.05725525534701559,-0.00012667171747772488
0.2,0.0008751260747065878,-0.00254544298381802,-0.06424406433266366,-0.00010984856099925666
0.22,0.0005603879912880049,-0.0026488642076385855,-0.07115498875929685,-0.00010416417461484029
0.24200000000000002,0.0004405682336759047,-0.002738667804162017,-0.07862910888953892,-0.00010903133541087517
0.262,0.0006078312716822631,-0.002803880767771011,-0.08539769223434504,-0.0001170659659411738
0.28200000000000003,0.0009489185295261593,-0.0028604704106540454,-0.09207461897115896,-0.00012181110427114672
0.30200000000000005,0.0012563371341235158,-0.002908396012282627,-0.09850361523775306,-0.00012147569153146687
0.312,0.0013384362686789416,-0.0029288750159269126,-0.10163275085984227,-0.00012070957979808117
0.32,0.001356386314569155,-0.0029435133536900096,-0.10409598712585841,-0.00012051042827450342
0.34,0.0012099917777472753,-0.0029753882244141034,-0.11002855533703118,-0.00012372412756625484
0.36000000000000004,0.0008774773378817933,-0.003000767772640632,-0.115415719217175,-0.00013291369936332953
0.38,0.0005342770353501394,-0.003023753463098407,-0.12030367595468952,-0.00014442907731139487
0.4,0.00034618877597025077,-0.003046635970694474,-0.1250915507978527,-0.0001518907498829769
0.42000000000000004,0.000405891264173138,-0.0030721819136199507,-0.13002359909892627,-0.00014821331686841466
0.44,0.0006796475879622126,-0.0030885990773641503,-0.13494304454311792,-0.00013148032315404845
0.46,0.0010250283446030521,-0.0030950320784070306,-0.13966775827272251,-0.00011018942388038577
0.48000000000000004,0.0012794133426926482,-0.0030941606557088434,-0.14422631987440207,-9.523623195298314e-05
0.502,0.0013487004196141694,-0.0030849576377150454,-0.1490147503403693,-9.227271163850248e-05
0.522,0.0012336740070997053,-0.003073029834383482,-0.1530157131725252,-9.936980170258125e-05
0.538,0.0010709039807204662,-0.0030631957115200116,-0.15580111910984043,-0.0001079204733644562
0.542,0.0010264978828122768,-0.003061236080848568,-0.15643605803489366,-0.00011010183200399482
0.562,0.0008191131362130675,-0.003052476811934033,-0.15931007608508027,-0.00011949898898215572
0.5840000000000001,0.0006627017428149117,-0.003044712484820261,-0.16218140795547506,-0.00012490940236793702
0.6000000000000001,0.0006188837784058614,-0.003042004564238368,-0.1642216084481958,-0.00012479443638047094
0.62,0.0006494213911810477,-0.0030388841274844977,-0.16676488159260425,-0.00011983731233815298
0.64,0.0007570031327066651,-0.003033043254903731,-0.16924770862026436,-0.00011079779296015169
0.66,0.0009001256430151277,-0.003026300116059129,-0.17168742470993706,-0.00010043264912718008
0.68,0.001032256139723016,-0.003018875340580899,-0.174077167799936,-9.157836286853571e-05
0.7020000000000001,0.0011306964817767464,-0.003005843610494559,-0.17658673738556832,-8.539746695808426e-05
0.7220000000000001,0.0011725535986881709,-0.002991150728309295,-0.1787410846768809,-8.286230589550636e-05
0.742,0.0011754011031825224,-0.0029783300173809265,-0.18071187951836246,-8.230768769391938e-05
0.762,0.001154023525208585,-0.0029659782191425845,-0.1824353858858714,-8.266128428058295e-05
0.762,0.001154023525208585,-0.0029659782191425845,-0.1824353858858714,-8.266128428058295e-05
0.782,0.0011208347783737893,-0.00294889650805493,-0.18390751510950495,-8.306312841337149e-05
0.8,0.0010847723001118391,-0.0029311455324297735,-0.185062934973893,-8.307247931697848e-05
0.8200000000000001,0.0010427520984983485,-0.0029138433137745365,-0.1861887983018303,-8.251747534930576e-05
0.8400000000000001,0.0010030728577228756,-0.002900390280912237,-0.18717689103242677,-8.145498146894248e-05
0.8600000000000001,0.0009695737173058603,-0.0028909183473399018,-0.18805812332018904,-8.001599079270061e-05
0.882,0.0009438744294454843,-0.0028860762709701972,-0.18894544900521168,-7.814943421906306e-05
0.902,0.000932639010917963,-0.0028846128024487836,-0.18969923816078496,-7.623967867090298e-05
0.922,0.0009338699779236894,-0.0028841762143105723,-0.19040804434061695,-7.408397628760888e-05
0.9420000000000001,0.0009466479663159484,-0.0028803270296754186,-0.1910672702572643,-7.167744609666571e-05
0.9620000000000001,0.0009695552481039473,-0.002871863535869963,-0.19167846220822307,-6.913173553849128e-05
0.9820000000000001,0.001000718118446735,-0.002859957972451645,-0.19224719143555966,-6.664291556617019e-05
0.9860000000000001,0.001007724019814198,-0.002857279849435057,-0.19235625637285117,-6.617066959280216e-05
1.002,0.0010375428447748037,-0.002846004254146556,-0.19277782396664964,-6.44143727688562e-05
1.022,0.0010761434310032594,-0.002834919325593412,-0.19326451959458676,-6.254315415717138e-05
1.042,0.001111677674204317,-0.002831933229218449,-0.19369210292806652,-6.08715877672833e-05
1.062,0.0011395577381938893,-0.0028370232160777257,-0.19404517770954857,-5.9204637694917905e-05
1.08,0.0011555905610027134,-0.0028475593232385526,-0.19429495992593057,-5.768119847061881e-05
1.1,0.0011623201423749837,-0.0028644229605633764,-0.194498423581738,-5.6109959912176155e-05
1.12,0.0011581868090829017,-0.002885413164430464,-0.19462914350195523,-5.492088921528471e-05
1.1400000000000001,0.0011453906544726454,-0.0029062674228327798,-0.19469996554502625,-5.429375770388267e-05
1.1620000000000001,0.0011255697422209387,-0.0029217222138419067,-0.19472632330128717,-5.41248686485446e-05
1.1820000000000002,0.0011060194776632772,-0.002923509593023011,-0.1947236667605334,-5.414429226380246e-05
1.2020000000000002,0.0010868127674244082,-0.002911132254229476,-0.19470587258081076,-5.4117724701222e-05
1.21,0.0010794119972155733,-0.0029025263766116523,-0.19469685328431854,-5.4068798850184785e-05
1.222,0.0010687642698388744,-0.0028865486912673416,-0.1946833554663099,-5.393476212492421e-05
1.242,0.0010530224881866797,-0.0028536793072049724,-0.19466174700295116,-5.350569595685695e-05
1.262,0.0010410379001925536,-0.002816148527027777,-0.1946414126849003,-5.281555641659108e-05
1.282,0.0010339833384721108,-0.0027778056735711385,-0.19462237403814056,-5.195348353266571e-05
1.302,0.0010328251902987939,-0.002743107057959375,-0.19460258377666625,-5.1080563939362444e-05
1.322,0.0010382161877990738,-0.0027166138688585334,-0.1945782767407798,-5.0373565921565944e-05
1.342,0.0010501152180219186,-0.0027016585701607225,-0.19454665514102662,-4.9937632090185646e-05
1.36,0.0010653099000402233,-0.0027007491298614446,-0.19450733708039483,-4.975390246349243e-05
1.3800000000000001,0.001085245664002493,-0.002714904005800237,-0.19444759433268474,-4.970933693743129e-05
1.4000000000000001,0.001106287249864862,-0.002742378385816949,-0.19437298477586476,-4.969848094818485e-05
1.4200000000000002,0.001126616228871074,-0.002779007431558138,-0.19428577975302427,-4.961580069952343e-05
1.4360000000000002,0.0011414393785035232,-0.0028115878104796386,-0.1942084244333406,-4.948416347333451e-05
1.4400000000000002,0.0011448691571123784,-0.0028198133524591513,-0.1941882544292001,-4.944510433839422e-05
1.4600000000000002,0.0011600182954919257,-0.002859084077021074,-0.1940841155702984,-4.924958835189619e-05
1.48,0.0011715543324797642,-0.002890552885842077,-0.193979505871655,-4.912793360768719e-05
1.5,0.0011791641122964526,-0.0029095119539120132,-0.19387870178913916,-4.91757264132614e-05
1.52,0.0011824442792747877,-0.002914343349124362,-0.1937810263712398,-4.9462519745510636e-05
1.54,0.001181314546873164,-0.0029048654256312945,-0.19368602466567533,-5.002149639714293e-05
1.56,0.0011760569333380667,-0.0028823678143666443,-0.19359394358732782,-5.085033637400316e-05
1.58,0.0011672858776650165,-0.002849577375169966,-0.1935053324310805,-5.1864485465860644e-05
1.6,0.0011558980475400158,-0.0028103028374843104,-0.19342058175071344,-5.293995501409743e-05
1.62,0.001143003305879511,-0.002768845386693781,-0.193339838628541,-5.3978146920388714e-05
1.6420000000000001,0.0011285486760562948,-0.0027257451823143835,-0.19325554816171428,-5.503871858933418e-05
1.6580000000000001,0.0011187853020850483,-0.002698810263142847,-0.19319693435278976,-5.5786686016107145e-05
1.6620000000000001,0.0011165402619847196,-0.0026929300109964985,-0.19318246811623666,-5.597738286333698e-05
1.6820000000000002,0.0011071059968708644,-0.0026703481904522186,-0.19310914806838833,-5.7010561236955914e-05
1.7020000000000002,0.001101520272096313,-0.0026611319566233536,-0.19303155313805256,-5.826317873752762e-05
1.7220000000000002,0.0011004364538569481,-0.0026659809469309226,-0.19294889776310772,-5.9762144332273226e-05
1.7420000000000002,0.0011038620741735485,-0.0026830662345345285,-0.1928638601917637,-6.147826273519841e-05
1.762,0.0011112614842796959,-0.0027085648279399203,-0.19278105714615948,-6.334483585748729e-05
1.782,0.0011220139040811943,-0.0027387947725992247,-0.19270218919664414,-6.527259717901968e-05
1.802,0.0011353650584262104,-0.0027702894060087613,-0.19262717924084802,-6.71765511907757e-05
1.82,0.0011488054607920611,-0.002796898268123831,-0.1925627411586844,-6.882584550485515e-05
1.84,0.0011643129915688097,-0.0028217680042893576,-0.19249416707210257,-7.058498030028393e-05
1.86,0.0011793191756016787,-0.0028393932123687233,-0.19242827903448248,-7.231253246113567e-05
1.8800000000000001,0.0011927290549891495,-0.002848164322670826,-0.1923645308984032,-7.40807692742873e-05
1.8840000000000001,0.0011951324747103225,-0.00284877605735563,-0.19235199407179507,-7.444411461667022e-05
1.9000000000000001,0.00120359316290428,-0.002847361390479856,-0.19230247390912533,-7.593812198616878e-05
1.9200000000000002,0.001211176013541826,-0.0028372110164946456,-0.19224195305966388,-7.791151438139854e-05
1.9400000000000002,0.0012150061105773726,-0.0028188654603414852,-0.1921830910076132,-8.001568467128073e-05
1.9600000000000002,0.0012149113628729,-0.002794345778870517,-0.1921260627075773,-8.223068546403534e-05
1.9800000000000002,0.0012110376343132633,-0.0027663293155168983,-0.19207097503655993,-8.449938995923334e-05
2.0,0.0012038440397724912,-0.0027377886368618472,-0.19201785349577064,-8.675532963409172e-05
2.02,0.0011940676062524042,-0.002711623651142451,-0.19196664806051958,-8.895325651714359e-05
2.04,0.0011827324680393596,-0.0026906389554367106,-0.19191651765430465,-9.109206730276154e-05
2.06,0.0011712203603175644,-0.002677912057665815,-0.19186424079336692,-9.32289688929111e-05
2.08,0.0011608224861544324,-0.0026752568559730776,-0.1918076329889218,-9.54252953430379e-05
2.1020000000000003,0.0011518362888909368,-0.0026839202923506214,-0.19174048549441577,-9.791647101209389e-05
2.1100000000000003,0.0011493809170260699,-0.0026897221222831795,-0.191715203100335,-9.884175900867764e-05
2.1220000000000003,0.0011466025604087815,-0.0027005505146989015,-0.19167695981951907,-0.00010025030800495105
2.1420000000000003,0.001144450389290641,-0.002722361297472405,-0.1916143951625708,-0.00010264238233476108
2.162,0.001145516792916803,-0.002746262351650578,-0.19155456861382333,-0.00010505846989927736
2.182,0.001149831773395696,-0.002769652119477113,-0.19149745749145822,-0.00010745043092713624
2.2,0.0011563038576874324,-0.0027882313629919967,-0.19144822979583273,-0.00010954584475018903
2.22,0.0011659327922228294,-0.0028041952466613465,-0.19139569777747087,-0.00011179056579671554
2.24,0.001177460836781474,-0.0028137177725942875,-0.19134512691222014,-0.00011395762013281796
2.2600000000000002,0.001190046487168943,-0.0028159006562513264,-0.1912961842365624,-0.00011607205125599429
2.2800000000000002,0.0012027682844426577,-0.002810619836150308,-0.19124865907418312,-0.00011815359165799622
2.3000000000000003,0.0012146984414778872,-0.0027985280718720858,-0.19120250267151698,-0.0001202286117346213
2.3200000000000003,0.0012248781978410916,-0.002781428184101856,-0.19115653819280462,-0.0001223354767397461
2.3320000000000003,0.0012297246888543446,-0.002770026152117885,-0.1911277166338242,-0.00012362333814699977
2.3400000000000003,0.0012323213025309413,-0.0027623483033147947,-0.19110763035902448,-0.0001244908675998302
2.3600000000000003,0.0012363569334694167,-0.0027440286800308137,-0.19105377097909157,-0.0001266797606537251
2.382,0.0012366166751137967,-0.00272691003051415,-0.19098890791924997,-0.00012909580005726617
2.402,0.0012333277769199704,-0.002715039839775006,-0.19092675323863875,-0.00013128304992365836
2.422,0.0012273624846986571,-0.0027066617551239967,-0.19086473025032977,-0.00013345728972091742
2.442,0.0012194748122907255,-0.0027019538698581035,-0.19080431880040863,-0.0001356159484949826
2.46,0.001211375015073099,-0.0027011556726983586,-0.190751321779795,-0.00013754448157762833
2.48,0.0012020581340611244,-0.002704053859750231,-0.19069398029392212,-0.00013967262162623006
2.5,0.0011932650015543664,-0.002710514020979711,-0.19063833378875425,-0.00014178753453755744
2.52,0.0011858338031735113,-0.0027197599723564553,-0.190584479068895,-0.00014389183936805439
2.54,0.0011804857845868482,-0.002730756900381955,-0.19053249847065193,-0.00014598807375083844
2.56,0.0011777702188345293,-0.0027423195722723367,-0.19048242618779823,-0.00014807192241335365
2.56,0.0011777702188345293,-0.0027423195722723367,-0.19048242618779823,-0.00014807192241335365
2.58,0.0011780227715347468,-0.0027532293265427137,-0.19043423833259684,-0.00015013077023538768
2.6,0.00118133740055449,-0.0027623451301948695,-0.19038785535839572,-0.00015215054007941542
2.62,0.0011875541411834434,-0.0027687088348979033,-0.19034315094883134,-0.00015412291553551505
2.64,0.0011962693117671137,-0.0027716559027252522,-0.190299975953496,-0.00015604615222898632
2.66,0.0012068703003568395,-0.0027708950357098715,-0.19025819261358137,-0.00015792361991247283
2.68,0.0012185888893781046,-0.002766533992867524,-0.19021769421407672,-0.00015976313142045118
2.7,0.001230490178916769,-0.002759394753486571,-0.19017751684794412,-0.00016157684676569584
2.72,0.0012414003201293997,-0.002751571036989973,-0.19013409595558664,-0.0001633806668768084
2.74,0.0012502752385524507,-0.002745005641581006,-0.19008442560322422,-0.00016518408601938483
2.762,0.0012568647184751484,-0.0027404213135224544,-0.1900215239948306,-0.00016717224056884972
2.782,0.0012596576383214922,-0.002738640652527892,-0.18995806286052094,-0.0001689842070126124
2.782,0.0012596576383214922,-0.002738640652527892,-0.18995806286052094,-0.0001689842070126124
2.802,0.001259554543551282,-0.002738061174439237,-0.1898919524056051,-0.00017079864807809098
2.822,0.001256976777703436,-0.0027373920795134513,-0.18982671220914063,-0.00017261295058466908
2.842,0.0012523248569084335,-0.0027363671615904996,-0.18976315258638796,-0.00017442587356256145
2.862,0.0012460997121346408,-0.0027350754661590723,-0.18970126074584057,-0.0001762363973673714
2.882,0.0012389311571563246,-0.002733632686638256,-0.18964103885701658,-0.00017804368226378986
2.902,0.0012315240923455324,-0.0027321679842066755,-0.18958249786304796,-0.00017984731244320706
2.922,0.0012245993721510555,-0.002730810077912141,-0.18952565119316603,-0.00018164744380437525
2.942,0.0012188345409551047,-0.0027296741912943433,-0.18947050900691473,-0.0001834447959321167
2.962,0.0012148092541334682,-0.002728851097693004,-0.1894170733702125,-0.00018524049078824656
2.982,0.001212959449890685,-0.0027283990820275634,-0.18936533453566776,-0.00018703579994920616
3.0020000000000002,0.0012135433988419283,-0.0027283392394846792,-0.18931526833582776,-0.00018883188522193783
3.0100000000000002,0.0012144788294641356,-0.0027284224439337364,-0.18929570175399132,-0.0001895506548760112
3.0220000000000002,0.0012166211688327563,-0.002728653689829263,-0.18926683457011126,-0.00019062891128816817
3.04,0.0012214062126350797,-0.002729210600262851,-0.18922459301436786,-0.00019224574654885807
3.06,0.0012286543660138425,-0.0027300528296284854,-0.18917908964993238,-0.00019403999362903324
3.08,0.0012374521645511234,-0.002731023434715495,-0.18913500893876425,-0.00019583028422973103
3.1,0.0012471758034304982,-0.002732001481032009,-0.18909225242513475,-0.0001976154498826016
3.1220000000000003,0.0012581070442587877,-0.0027329446130834123,-0.1890466238203423,-0.0001995727176547779
3.1420000000000003,0.0012674852035083558,-0.002733569485225237,-0.18900630342108607,-0.0002013466754058335
3.1620000000000004,0.001275643355292875,-0.002733892957673686,-0.18896698275946197,-0.0002031166898788933
3.1820000000000004,0.0012820142746865163,-0.0027338928329277822,-0.18892862823102854,-0.00020488437160542938
3.2020000000000004,0.001285687676815426,-0.002735548067077297,-0.18889630417653466,-0.0002066527819111763
3.22,0.00128600762530758,-0.0027430489560565474,-0.18888452454051588,-0.00020824825313281448
3.232,0.001284920815171498,-0.002753557757808278,-0.18889253995592034,-0.0002093203296142654
3.24,0.0012837054133411074,-0.002763287836178509,-0.18890616032010568,-0.00021004543807180698
3.2600000000000002,0.0012792972329924396,-0.002796244680832792,-0.18897166737354174,-0.00021193108692439677
3.2800000000000002,0.0012737857044997857,-0.002831995512113046,-0.1890979225910248,-0.00021397275439244412
3.3000000000000003,0.0012681648078152665,-0.0028565908399424945,-0.18930107205565835,-0.00021617354940940692
3.3200000000000003,0.0012634910280342941,-0.002860911441219818,-0.1895799084286605,-0.00021836849857252705
3.3400000000000003,0.001260730112035589,-0.0028423545730174985,-0.18991949774350828,-0.00022035870141257075
3.3600000000000003,0.0012603904578906105,-0.0028069570279718823,-0.19029503951564272,-0.00022208616568253348
3.382,0.001262180017011666,-0.002763927838363583,-0.19070602342571277,-0.00022381422859805988
3.402,0.0012643333966134082,-0.0027251194426326304,-0.19105843254341984,-0.00022534850174434073
3.422,0.0012667046072598592,-0.0026895353978467363,-0.19139061294118906,-0.00022688031788699325
3.442,0.0012691687366977271,-0.002660124988687991,-0.19170462955329806,-0.0002284225084376451
3.458,0.0012711170578766006,-0.002642513377185927,-0.1919441020049242,-0.00022966435636848082
3.462,0.0012715912977523684,-0.0026390366755135826,-0.19200245208976477,-0.000229975487695544
3.482,0.0012736177248480133,-0.002629022041085338,-0.19228179452275643,-0.00023152154143182835
3.5020000000000002,0.0012750574281917045,-0.0026354998695650323,-0.19253012128170774,-0.00023304775225686802
3.5220000000000002,0.001276021841070281,-0.0026597415599098804,-0.19274104507102804,-0.0002345639025607693
3.5420000000000003,0.0012765495807100596,-0.002698935363637855,-0.19291376435872257,-0.00023608481624221023
3.5620000000000003,0.0012766791651369611,-0.0027473915896987448,-0.19305170244387002,-0.0002376192902562302
3.58,0.001276520082693704,-0.002792535121628637,-0.19315152599611038,-0.00023901450650978817
3.6,0.0012764047411675532,-0.002833105272861451,-0.19323942780888118,-0.00024056164344277153
3.62,0.0012765165710350327,-0.0028530314799866145,-0.19330333436049849,-0.0002420806833069722
3.64,0.0012768709295038873,-0.002849418771086806,-0.19334285237150226,-0.0002435571369829581
3.66,0.001277521207050817,-0.0028243189583315714,-0.19336224197775373,-0.0002449768223445614
3.68,0.0012784661647981528,-0.0027849747247434557,-0.1933725200842891,-0.00024634325908136356
3.684,0.0012786499125840348,-0.0027761597061171793,-0.19337436889396178,-0.00024661281395553514
3.7,0.001279253823145382,-0.002739895115442247,-0.19337963472470113,-0.0002476828809118564
3.72,0.0012797219242705101,-0.002697809457745791,-0.19337461441204398,-0.0002490018880369482
3.74,0.001280010551686846,-0.0026657874298071506,-0.19334993264072062,-0.0002503061362972431
3.7600000000000002,0.0012802184117097356,-0.002647759880450481,-0.19330305328659073,-0.00025160974462691554
3.7800000000000002,0.0012804149179898986,-0.002645075991420761,-0.19323454798493564,-0.0002529240867923249
3.8000000000000003,0.001280637573723294,-0.0026565909484356906,-0.19314780299707582,-0.00025424447049123
3.8200000000000003,0.0012808661253223574,-0.002677568855578833,-0.1930519282569325,-0.00025556146124659784
3.8400000000000003,0.0012811363524858769,-0.002701448534733412,-0.19295806507446514,-0.0002568696356124722
3.8600000000000003,0.0012815056314002457,-0.002724873868844438,-0.1928680657569005,-0.00025816445874501937
3.8800000000000003,0.0012819934084988605,-0.002745387519971629,-0.19278167699527402,-0.00025944084268757217
3.9000000000000004,0.0012826091459043243,-0.0027609114381859463,-0.19269854332099798,-0.00026069475602369385
3.9080000000000004,0.001282891313165766,-0.0027653596600741934,-0.19266611019477883,-0.0002611895586197982
3.9200000000000004,0.0012833513668480973,-0.0027699167466255065,-0.19261826109271887,-0.00026192456734468184
3.9400000000000004,0.0012842077907483762,-0.002771552657109666,-0.1925404939780989,-0.00026313153312908233
3.962,0.0012852553452313308,-0.0027647382504089376,-0.1924576659934328,-0.0002644363897209845
3.982,0.0012862706210051097,-0.0027514773023922428,-0.19238487023248488,-0.0002656058480074025
4.002000000000001,0.001287308601616647,-0.002732956123687296,-0.19231459922222757,-0.000266763126142433
4.022,0.0012883307663308018,-0.00271114358422791,-0.1922469457380334,-0.00026791163667774787
4.04,0.0012892062810027295,-0.0026905670128240036,-0.19218828972991206,-0.0002689408143067007
4.0600000000000005,0.0012900991620519969,-0.002668766315576885,-0.1921255011919953,-0.0002700826320784361
4.08,0.0012908823487537103,-0.0026501253134780076,-0.1920650452382601,-0.0002712258842007126
4.1000000000000005,0.0012915382967666872,-0.0026363869599327085,-0.19200668143345465,-0.000272373802480283
4.12,0.0012920598271201809,-0.0026287798559767057,-0.19195014335539265,-0.00027352890028142784
4.132000000000001,0.001292309093622744,-0.002627439561111051,-0.1919170045306385,-0.0002742254148111467
4.140000000000001,0.0012924500830900358,-0.0026279123820402875,-0.19189522277543694,-0.00027469098643630174
4.16,0.001294667557729731,-0.0026342323807790596,-0.1918418640630589,-0.000268210817945605
4.180000000000001,0.0013192818170645166,-0.0026454204416427865,-0.19179023272745813,-0.00023048823494958848
4.2,0.0013918447671632007,-0.002660295425159027,-0.191740546404746,-0.00016972932796731344
4.220000000000001,0.001525985230696492,-0.0026775451419022555,-0.19169293407725976,-0.00010000450209636524
4.24,0.001729931192519,-0.002695351921761176,-0.19164747405151764,-3.612091309572463e-05
4.260000000000001,0.0020136909437362556,-0.0027117320632252203,-0.19160425633594805,1.1560576941002654e-05
4.28,0.002393776373187831,-0.002724954061413549,-0.1915634326018649,4.016691559564911e-05
4.300000000000001,0.0029229804803296965,-0.0027335573302701994,-0.19152534353937414,4.682746603933141e-05
4.322,0.003803620620863032,-0.0027366290855474662,-0.19148704428896976,4.692531088038021e-05
4.3420000000000005,0.005038580757981138,-0.002735026441795802,-0.19145222432929213,5.4374973210688515e-05
4.3580000000000005,0.0064068184976943795,-0.002732321765173676,-0.19141792220470447,6.910002338626764e-05
4.362,0.006808134111666515,-0.0027314124473992157,-0.19140741009489434,7.390320054506683e-05
4.382000000000001,0.009193035691587068,-0.0027263050736799363,-0.19133621257869224,0.0001019048781647075
4.402,0.012227454775667987,-0.0027218643925816417,-0.19121926541098025,0.00011785233166758391
4.422000000000001,0.01585969760658303,-0.002721118867560806,-0.1910394772574703,0.00010732108433623988
4.442,0.019972894434514388,-0.002725737656798909,-0.19080775902730376,0.00012285580529614037
4.462000000000001,0.024445533461286584,-0.002731530809071601,-0.1905561283214149,0.00021271561850937093
4.482,0.029184563280473138,-0.0027356984647009656,-0.19032110991716808,0.00035884809151649766
4.502000000000001,0.034139484684959705,-0.002740073641447452,-0.19014231400335566,0.0004764954255845888
4.522,0.039313627249238425,-0.002744508711886212,-0.19006050306998437,0.00047544183527144235
4.542000000000001,0.04474627451115484,-0.0027452617352036364,-0.19010841374824125,0.00031161901735286823
4.562,0.050438297321044545,-0.0027410285060743052,-0.19029703734877138,0.00010182299924160754
4.582,0.05628577785246569,-0.0027299867005565314,-0.1905973235020306,9.219358779229136e-05
4.582,0.05628577785246569,-0.0027299867005565314,-0.1905973235020306,9.219358779229136e-05
4.602,0.062199704054918495,-0.0027090779290469295,-0.190969413889181,0.00044501465206228663
4.62,0.06754144883329592,-0.0026875987956717275,-0.1913364734985422,0.000940513459222872
4.640000000000001,0.07348873417984475,-0.0026689591010290586,-0.19175612085878282,0.0013147138706586375
4.66,0.07945502358951839,-0.0026628003194867095,-0.1921713721711257,0.0011247496718632122
4.680000000000001,0.0854490096989559,-0.0026698109546428057,-0.19257337971440056,0.000337469143228436
4.7,0.09149059362566535,-0.002678424835105036,-0.19295922390240142,-0.0006015565507427323
4.722,0.09819244874417096,-0.002670973116188531,-0.1933634889445868,-0.0009461139277145425
4.742,0.10433124622853554,-0.0026410547190300997,-0.19369748426483344,-0.0001822722719340697
4.7620000000000005,0.11053186690430877,-0.002598317683757229,-0.19397469255042246,0.0013503365198938855
4.782,0.11683696203006694,-0.0025627405858052316,-0.19417443566267414,0.0026318123775558866
4.8020000000000005,0.12326297300670214,-0.0025585942363630185,-0.19428527253104852,0.0025458342228473763
4.806,0.12455919730062968,-0.0025621427339291222,-0.19429625168619938,0.002324632793654094
4.822,0.12975726239729696,-0.002587143445088284,-0.19430426023308747,0.0008820797471772446
4.8420000000000005,0.1362509166630127,-0.002626904297282016,-0.1942508716714614,-0.0013960849738282322
4.862,0.14272195079077069,-0.002641720395269942,-0.19415869915597092,-0.0026323272172775886
4.882000000000001,0.1491724145150073,-0.0026126223903886747,-0.19405420203436294,-0.0016974725975909405
4.902,0.155596848726321,-0.002551966974412366,-0.1939572877777377,0.0010743689257454725
4.922000000000001,0.16202099907730927,-0.002493831893024507,-0.19389344250159932,0.003916109609326077
4.942,0.16850680222779957,-0.002480683194395525,-0.1938816624375407,0.004632464291584537
4.962000000000001,0.17507008268050245,-0.0025268318957747567,-0.19392422551334468,0.0022780971868564537
4.982,0.18167754035588649,-0.0026073306759715684,-0.19401106798130582,-0.0019355715693871317
5.002000000000001,0.18834237037198293,-0.002662268724792218,-0.19412482217567498,-0.005078079581026657
5.022,0.195082862303968,-0.002641440857528019,-0.1942425749521061,-0.004454184447769835
5.032,0.1984679380803029,-0.0025980100487670195,-0.19429288235202305,-0.002396173072915453
5.04,0.20117001594551154,-0.0025514247946779103,-0.1943270654784441,-0.00012208708725466866
5.0600000000000005,0.20788874320593081,-0.0024213370599750067,-0.19438573090070452,0.006259892318562499
5.08,0.21461360457647394,-0.002345353955873909,-0.19439992117283264,0.009693612253909883
5.1000000000000005,0.22139462762953757,-0.0023904149293001824,-0.19436532189659297,0.006843856524522587
5.122,0.2287562273317933,-0.0025452030719483563,-0.1942749389311718,-0.0016189909276388137
5.142,0.23531035854189125,-0.0026659565276277407,-0.19414865973402182,-0.008349030097458562
5.162,0.24185004187206502,-0.0026663531249585884,-0.19398843046471856,-0.008864843434869166
5.182,0.2483914556523884,-0.0025248235804365346,-0.19381122945999,-0.0018191861511317187
5.202,0.2547832736423249,-0.0023387983050187737,-0.19362863098435193,0.007581436233736499
5.222,0.26110873648967686,-0.002236990599218055,-0.19345766623075336,0.01275474825851508
5.242,0.26750195451750985,-0.002294528351790115,-0.19332112489559064,0.009689986349539811
5.2540000000000004,0.2713565509505206,-0.0023988019108378,-0.19326196849452235,0.004151768983021609
5.2620000000000005,0.27390659872534867,-0.0024808870148401926,-0.19323198384690152,-0.0002127583376435177
5.282,0.2802396753008401,-0.0026538201180125835,-0.1931854838478059,-0.009587983498295136
5.300000000000001,0.2859777945126012,-0.002699145369690275,-0.19317290021945585,-0.012431708552664636
5.32,0.292475368905671,-0.002584704027362529,-0.19318937010517548,-0.00670122071543415
5.340000000000001,0.29894856443974577,-0.0023617190885437123,-0.19322868752332448,0.005030821377466493
5.36,0.305344909476125,-0.00218292003953071,-0.19326647067308908,0.01437818243551052
5.38,0.31177972589126557,-0.0021533447955823654,-0.19328873977852676,0.01571471952443944
5.402,0.3189298549460917,-0.0023113908523961085,-0.19329243613737654,0.0065368239609964185
5.422000000000001,0.32530007316546533,-0.0025201096000731227,-0.1932770947860686,-0.005276169221681365
5.442,0.33159108933759507,-0.0026435529245218137,-0.19323517131072224,-0.012411609262458198
5.462000000000001,0.33792739232295005,-0.002597879488353036,-0.1931654667285375,-0.010574415120109149
5.478000000000001,0.3430118830838522,-0.002446598560115913,-0.19309788645291961,-0.00293542104265003
5.482,0.3442680346444859,-0.0024003750145671215,-0.19307963518122886,-0.0005958170353348585
5.502000000000001,0.35046004635391476,-0.0021889511525725117,-0.1929790563119341,0.009954846017595748
5.522,0.35661103079435436,-0.002094042976825125,-0.19286033943149392,0.014257984791995568
5.542000000000001,0.36285298810749517,-0.002170557934938075,-0.19272993488491966,0.009313013258239383
5.562,0.36906323853969,-0.002361980907993458,-0.19259808558884448,-0.0016658985083227579
5.582000000000001,0.37517200061378964,-0.002524113006089082,-0.19246152724686819,-0.010735277813503877
5.602,0.3812987158076945,-0.002541822609887938,-0.19232056156672353,-0.01225754402986351
5.622000000000001,0.387525981385759,-0.0023899231553938804,-0.19219024197421383,-0.004603469361765755
5.642,0.3936867240574913,-0.002166194459045541,-0.1920824969927317,0.0070261053061334705
5.662,0.3997989778694022,-0.002020958336601507,-0.19200601961763178,0.014721025476396934
5.682,0.40600818747525674,-0.002039298752249709,-0.19197819408975828,0.01383400524950204
5.7,0.41169440724188744,-0.002189350457876771,-0.192009084594534,0.005499275641845491
5.704000000000001,0.41295352906639166,-0.00223158819950494,-0.19202331920820662,0.0031385224072491974
5.720000000000001,0.41796790870460965,-0.002391995051886489,-0.19210575110945474,-0.0059617906755805306
5.74,0.42426039709472796,-0.0024963484352042015,-0.1922668143136527,-0.012370779378679045
5.760000000000001,0.43065492604315286,-0.0024273273135161227,-0.1924882174179888,-0.009340582143203366
5.78,0.4370938791349733,-0.0022122782924555856,-0.19275538561416664,0.0019412491605096532
5.8020000000000005,0.44404649301711263,-0.0019744189796303616,-0.19308136453709937,0.014198403120606218
5.822,0.45029784723275834,-0.0018981447176580415,-0.19339267224115167,0.017728587294774195
5.8420000000000005,0.456620039006969,-0.002004801076246919,-0.19370320486373424,0.010970288055844421
5.862,0.4629254369567753,-0.0022263587470749413,-0.19399780770397598,-0.001905978174467679
5.882000000000001,0.4691217433981451,-0.0024034638993152627,-0.19425321407476184,-0.011990352552115058
5.902,0.475342903514658,-0.002422355492434733,-0.19444413888442522,-0.013527082067722018
5.922000000000001,0.4816910060218745,-0.0022633262146613473,-0.1945593105334357,-0.005037634404313374
5.930000000000001,0.48421644627057037,-0.0021701391666077152,-0.19458607236537875,-5.017658746317433e-05
5.942,0.48796309492096623,-0.0020344230720964057,-0.194606506834651,0.007184448617832448
5.962000000000001,0.4941508054765295,-0.0018964329069878494,-0.19458835369649627,0.014585677837728489
5.98,0.4997304037977423,-0.0019193828888178152,-0.19452465681744893,0.013279376362931458
6.0,0.5059493720800459,-0.002119860895548442,-0.19442874382352418,0.002082218246183251
6.0200000000000005,0.5120259755458239,-0.002440582566468716,-0.1943263454143442,-0.014867119329703082
6.04,0.5179056147423643,-0.0027568637309266855,-0.19421567914011498,-0.029969980818097527
6.0600000000000005,0.5238253271744564,-0.0030009083616381396,-0.19410754872788852,-0.03961338820210088
6.08,0.5298664022425882,-0.0032299194218204444,-0.19402270624165088,-0.04662649448572857
6.1000000000000005,0.5360122239254492,-0.003573413362188825,-0.19396695578221843,-0.056789424309749634
6.12,0.5422074579356306,-0.0041048525770640484,-0.19394104570775503,-0.07303299449778948
6.140000000000001,0.5483274009805051,-0.004822413078750504,-0.1939427574927766,-0.09404093565950793
6.156000000000001,0.5530754682640465,-0.005471892478763216,-0.19395621235298058,-0.11140763200940394
6.16,0.5542391332223878,-0.0056375828008774775,-0.1939599267165282,-0.11551466022755368
6.180000000000001,0.5599973753378229,-0.0064557483724962395,-0.19397310753069272,-0.13321939770783287
6.2,0.5657867573868279,-0.007252752912919519,-0.19396891196660906,-0.14578770758338133
6.220000000000001,0.5716346071959897,-0.008049554983215614,-0.19393736662436747,-0.154719056541687
6.24,0.5775034136600694,-0.008892660541460762,-0.19387353390077802,-0.1625851933647176
6.260000000000001,0.5833640631635131,-0.009804024158793605,-0.19379394788510032,-0.17074206062899117
6.28,0.5892009851108639,-0.010763512716164374,-0.19371207699957857,-0.17853832679662568
6.300000000000001,0.5950544931842144,-0.011733517967411539,-0.19363653238784947,-0.1840287075949208
6.32,0.6009769229938039,-0.012686784218589445,-0.1935720212387216,-0.1856307936951736
6.340000000000001,0.6069491061552905,-0.013613429725840495,-0.19351903627340158,-0.18334116795546507
6.36,0.6129401413022864,-0.014539916401793154,-0.19347558462607764,-0.17905987253334743
6.380000000000001,0.6189715265234345,-0.015519586651233971,-0.1934367728921008,-0.1758421970388046
6.380000000000001,0.6189715265234345,-0.015519586651233971,-0.1934367728921008,-0.1758421970388046
6.4,0.6250734913138758,-0.016587752162323915,-0.19339639531568195,-0.17567096295571077
6.420000000000001,0.6312085830010253,-0.017718581136014003,-0.19334727780217584,-0.17800502729836631
6.44,0.6373578198646773,-0.018849533904971363,-0.19328240378291076,-0.17998250494606027
6.46,0.6435485433754472,-0.019925425873295086,-0.19319700401600834,-0.17858050895323602
6.48,0.6497395726391706,-0.02092534349790688,-0.19309119506471342,-0.1732430923407341
6.5,0.6558712271890197,-0.02188530881615429,-0.19296528515791414,-0.16652106502787867
6.5200000000000005,0.6619709929382538,-0.022884462929186264,-0.19281998117345697,-0.16233758586995234
6.54,0.6680714925529327,-0.02397230764356796,-0.1926609046439103,-0.1630012551358616
6.5600000000000005,0.6741211996366349,-0.025115368191845205,-0.19249367061106762,-0.16738416287864172
6.58,0.6801338704442955,-0.026234983765748884,-0.19232153761384943,-0.17141098385091075
6.6000000000000005,0.6861957479096674,-0.027269200111232253,-0.1921516941634184,-0.17111902583122562
6.604,0.6874151420651176,-0.027463358468019672,-0.1921194320676042,-0.17040829693126935
6.62,0.6922895264914809,-0.028204480524762862,-0.1920026489562344,-0.1658983231816144
6.640000000000001,0.698366560971151,-0.02910914347658701,-0.19189239016737766,-0.15937319306909098
6.66,0.704513723858181,-0.03009727755939838,-0.1918322851222877,-0.15654791696769477
6.680000000000001,0.7107850986879465,-0.031232651481326423,-0.19183495414778748,-0.16010813002141638
6.7,0.7170727228849423,-0.03244455530025943,-0.19190738227119783,-0.16762236251533275
6.720000000000001,0.7234148628405016,-0.03362252122810944,-0.19205317224492682,-0.17332602128610036
6.742,0.7305738127897368,-0.03478662227615645,-0.19229108448090784,-0.17155785287257524
6.7620000000000005,0.7371437244160706,-0.035710606735769035,-0.1925570830375228,-0.1625659025109248
6.782,0.7436088525089677,-0.03661275131353621,-0.19285623364992974,-0.1535746473793428
6.8020000000000005,0.7500058282796997,-0.03762689631085593,-0.1931767593222539,-0.15112171381652267
6.82,0.7557750631008266,-0.038688019048187014,-0.19347053032709496,-0.15681904846970846
6.828,0.7583200476725421,-0.039187831906441525,-0.1935989788770587,-0.16102913593398427
6.840000000000001,0.7620922243956826,-0.039938719639599884,-0.1937855027592099,-0.16776087707178694
6.86,0.7683225148486528,-0.04111891356819686,-0.19406847847272465,-0.17582563731474554
6.880000000000001,0.7746144697255625,-0.04214683886192329,-0.19430194563927397,-0.17553536767047784
6.9,0.7810088726452477,-0.043029330832328655,-0.19446474959031249,-0.16646153690220478
6.920000000000001,0.7873140855582397,-0.04386463753227743,-0.19455274436716377,-0.15576941960473817
6.94,0.7935877517530281,-0.04480748860284971,-0.19457091294173354,-0.15087944172775564
6.960000000000001,0.7999160449319576,-0.04593503761720617,-0.1945341010969012,-0.15518033982986407
6.98,0.8061596281443105,-0.04716113794247864,-0.19446703000856005,-0.16550749913062635
7.0,0.812285441017823,-0.048326751759536477,-0.1943810857549553,-0.17379810248714977
7.0200000000000005,0.8184487508185563,-0.04935071107921314,-0.1942821893568599,-0.17453981351988823
7.04,0.8247216097214132,-0.0502254912258753,-0.19418830102791731,-0.16640895879029455
7.0520000000000005,0.828444261722682,-0.05071049337608685,-0.19414032986793192,-0.15975367619141173
7.0600000000000005,0.8309041920979467,-0.051040308366988404,-0.1941131994081929,-0.155787053480671
7.08,0.837033083302763,-0.05195114038983896,-0.1940642548377298,-0.15034016075286266
7.1000000000000005,0.84324066635355,-0.05304371753430344,-0.1940454291424796,-0.15379588338310257
7.12,0.8494410434984968,-0.0542522779600976,-0.19405364039913856,-0.16362457127815794
7.140000000000001,0.8555941397618541,-0.0554199495025023,-0.1940712321069525,-0.17195339913469965
7.16,0.8618396351015786,-0.056457411615087424,-0.19408093110569227,-0.173067062858482
7.180000000000001,0.8681944348252,-0.057355508006686984,-0.1940776622693908,-0.16580010052209765
7.2,0.8744668851387747,-0.05819324016266478,-0.19405759882763882,-0.15610787048996672
7.222,0.8813085999959609,-0.059224898107392746,-0.19400628068606382,-0.15144128350271086
7.242000000000001,0.8875674499090863,-0.06035146062719805,-0.19393556836363016,-0.15683274838356037
7.2620000000000005,0.893769190048127,-0.061615981110932486,-0.19385275498521146,-0.1698751272659263
7.2780000000000005,0.8985703562907676,-0.0626375521136622,-0.1937763841893307,-0.18147665666358248
7.282,0.8997544307511699,-0.06288831993699949,-0.19375517716938304,-0.18416291124991407
7.3020000000000005,0.9056505697403211,-0.06410785630022676,-0.19363474405369377,-0.1951867852988161
7.322,0.9115467724350813,-0.06529531887286319,-0.19349302640572566,-0.20309288223489325
7.3420000000000005,0.9174503758474029,-0.06654045719289745,-0.19334061802182587,-0.211868039566122
7.362,0.9233827016143942,-0.06794096329411241,-0.19319191406767858,-0.22535734217927916
7.382000000000001,0.9292747351002729,-0.06949643109242047,-0.19305756941803434,-0.24329816254201775
7.402,0.9349871699882037,-0.07110444685404389,-0.1929452518759113,-0.26143228066133045
7.422000000000001,0.9406277789600542,-0.07268758475675993,-0.1928591730995229,-0.2753958561185952
7.442,0.9463649626715603,-0.07424311451516483,-0.1927976031960477,-0.283488506033083
7.462000000000001,0.952196425653108,-0.07579053242928789,-0.19275571408173323,-0.28703820348915327
7.482,0.958076806338815,-0.07737813070975022,-0.19272687352074916,-0.2892409002680175
7.502000000000001,0.9639928872109172,-0.07906123176297346,-0.1927054664484765,-0.2930773908824829
7.502000000000001,0.9639928872109172,-0.07906123176297346,-0.1927054664484765,-0.2930773908824829
7.522,0.9699227600462141,-0.08082898459150453,-0.1926925065019219,-0.2989267859571169
7.542000000000001,0.9758773736431797,-0.08262855290625261,-0.19269380777282122,-0.3041312585529423
7.562,0.9819250412055418,-0.08440337819009772,-0.1927160600712882,-0.3051848901409207
7.582000000000001,0.988052794165016,-0.0861196276979458,-0.19276524576451867,-0.3008179899744843
7.602,0.9941723817586821,-0.08780172914996923,-0.19284001101054268,-0.293747481322559
7.62,0.99969785265216,-0.08937044746104318,-0.1929190866483809,-0.28910529522028905
7.640000000000001,1.0059077124857718,-0.09124694324791849,-0.19300363881623492,-0.28902234156280815
7.66,1.0121187584099982,-0.09322484226694784,-0.1930678025403095,-0.2938227528877909
7.680000000000001,1.0183260995990984,-0.09519711774669817,-0.19309623881544521,-0.2987553887885877
7.7,1.024640452086768,-0.097086381237749,-0.19308188092014264,-0.29843018296389956
7.720000000000001,1.031019942955051,-0.09885372741519816,-0.19302843529101457,-0.29142702301979095
7.728000000000001,1.0335400359531786,-0.09953019319774435,-0.19299642967132422,-0.28766896131217384
7.74,1.037276390620553,-0.1005361380283478,-0.19293669034279484,-0.2823125526559459
7.760000000000001,1.0434423125070027,-0.10227154115504064,-0.19280671136199481,-0.27734874907017976
7.78,1.049601790065029,-0.10415582826660152,-0.19264983931958266,-0.2801773465286454
7.8020000000000005,1.056258498015408,-0.106311843010586,-0.1924645128690399,-0.2896206544825978
7.822,1.0622050193828636,-0.10820776582477215,-0.1922994977696594,-0.2968547616204355
7.8420000000000005,1.0682326389903323,-0.10999396701086038,-0.19216176144431465,-0.29750033003286824
7.862,1.0743617776956877,-0.11167602307469418,-0.19207165188266198,-0.2910478197858514
7.880000000000001,1.079854017558517,-0.11316938304699,-0.19204054463476608,-0.2841488406218701
7.9,1.085992562656653,-0.11495051905022162,-0.19206953802423302,-0.2814683467126922
7.920000000000001,1.0922180025356027,-0.11693361851330904,-0.19217318239072037,-0.28741031132045997
7.94,1.0983852572581345,-0.11900523601681294,-0.19235042550966672,-0.29878076757080296
7.952000000000001,1.102042662981866,-0.12022011854307414,-0.19248543587364927,-0.30470195833776764
7.960000000000001,1.1044774580463743,-0.12100379049591842,-0.19258513504690553,-0.30735263968055665
7.982,1.1112330100394272,-0.12303057348365058,-0.19288969411204018,-0.30704673343527755
8.002,1.1174482561264854,-0.12472125607520505,-0.1931891768303867,-0.2975278513844568
8.022,1.1235464518690248,-0.12635014179416365,-0.19349208411028315,-0.28666494098693635
8.042,1.1295317595529124,-0.12807082532832903,-0.19378391980725432,-0.2819801477962823
8.062000000000001,1.1355392676041283,-0.12998467290444277,-0.19404656363894454,-0.28691092457723966
8.082,1.1415146105133105,-0.13199295096437308,-0.19425367493484033,-0.2972249434000675
8.102,1.1474789777225964,-0.1339333534931453,-0.19439130662079177,-0.3043624787498198
8.122,1.153587498866325,-0.13575119887541381,-0.19445633850906321,-0.3031143803682826
8.142000000000001,1.159784805433344,-0.13744317347379734,-0.19446033884721517,-0.2940174189820949
8.162,1.1658736165383472,-0.13909474073993922,-0.1944142742884775,-0.284609428982011
8.178,1.1707086533528082,-0.14048930773348206,-0.19434669192186507,-0.28132635193710953
8.182,1.1719206170404624,-0.14085562675724222,-0.19432657899324382,-0.2813419355107991
8.202,1.1780138205053572,-0.14279406290631474,-0.19421666461974726,-0.28658872673287944
8.222000000000001,1.184051698047829,-0.1447941034834132,-0.194099663593804,-0.29582614019155323
8.242,1.1900977656847345,-0.14671901714822266,-0.19398342748446898,-0.30148522414346013
8.262,1.1962905114713496,-0.14852402594068548,-0.19388836866477657,-0.29922789695620117
8.282,1.2025738329240103,-0.15023099897492453,-0.19382984638424158,-0.29053753854017517
8.302000000000001,1.20884669921961,-0.15195730864508675,-0.19380316158186048,-0.28272226913224185
8.322000000000001,1.2151770200056293,-0.15384195831006442,-0.19380126708069842,-0.28152167311277226
8.342,1.2215629716993885,-0.15590555086393865,-0.19381927643263244,-0.28830867200649357
8.362,1.2279011163952982,-0.15799133941636623,-0.1938454575343713,-0.29710782786656975
8.382,1.234304035759109,-0.15998651477603928,-0.1938601260431362,-0.30102686265295553
8.402000000000001,1.240845679993869,-0.16184614961807994,-0.1938569686526835,-0.29663802418151364
8.402000000000001,1.240845679993869,-0.16184614961807994,-0.1938569686526835,-0.29663802418151364
8.422,1.2473581328750523,-0.16360181856837638,-0.1938323330746428,-0.2873073936614745
8.442,1.2537761573330999,-0.16539195545320418,-0.19378055303829997,-0.28083665579030165
8.462,1.2601759869603582,-0.16733279682799124,-0.19370286724260496,-0.2820147919190841
8.48,1.2658957142765368,-0.16918460982666758,-0.19362044929938468,-0.28904292033890416
8.5,1.2721401579669347,-0.1712153528153335,-0.19351904674791967,-0.2972858055008539
8.520000000000001,1.2783999633541487,-0.17313458106621843,-0.19341341242433127,-0.3000439430564022
8.540000000000001,1.2847627080229183,-0.17492152096740285,-0.19331277372302605,-0.2947710048284737
8.56,1.2910893520661146,-0.17662661201110236,-0.19322330569804216,-0.2857912692003494
8.58,1.2973842495779266,-0.17839849780179604,-0.19314578100047905,-0.28019464979895825
8.600000000000001,1.3037282205700425,-0.18034588220418196,-0.19308465429257068,-0.28229617217098857
8.620000000000001,1.310058125353126,-0.18241162943779216,-0.1930438529804814,-0.2907021132502693
8.628,1.3125700853380045,-0.18323306038163875,-0.19303034552627804,-0.29420717811059494
8.64,1.3163456199855124,-0.18443954913140992,-0.19300984102321259,-0.2982424630764526
8.66,1.3227244318170057,-0.18635512692733167,-0.19297315428429504,-0.29927261283698914
8.68,1.329203945092231,-0.1881498140333883,-0.19293274613847314,-0.29266802418647586
8.700000000000001,1.335620426067216,-0.18989186478263403,-0.19287933729048332,-0.28402215410297155
8.72,1.3419955074545924,-0.1917229601757621,-0.19280843875683826,-0.28010303992546387
8.74,1.3483915690055979,-0.19372508584821446,-0.19272303138313904,-0.2842232201801339
8.76,1.3547137020277744,-0.1957955562978486,-0.19262906170361208,-0.2929595616632362
8.782,1.3616266301208282,-0.19798603841842335,-0.19252559238381753,-0.29936459925138137
8.802000000000001,1.3680232935190908,-0.19984778541767115,-0.19245236660865414,-0.2972847408168105
8.822000000000001,1.3744876735219749,-0.20160092595671367,-0.19242374654340547,-0.2887246524187779
8.842,1.380929368105941,-0.20336083768228946,-0.1924509688357575,-0.2808453562995994
8.850000000000001,1.3835159292930426,-0.204102310194069,-0.1924800350443341,-0.27930097388325126
8.862,1.3874223209858805,-0.2052755845057035,-0.19254475265659313,-0.2795404230242628
8.882,1.3939612585621697,-0.20736720644146758,-0.19271024017737062,-0.28643735471128623
8.902000000000001,1.4004328582697383,-0.20947589233750927,-0.19294408725961912,-0.2954906870264676
8.922,1.4069069548390645,-0.21147673625726346,-0.19323212499830875,-0.29949251740683747
8.942,1.413461573376876,-0.21332862983990267,-0.1935549793788697,-0.2947382702168737
8.96,1.4193366478854137,-0.21490052210245278,-0.19385803649970038,-0.2858706453090968
8.98,1.4257792681979333,-0.21667301741977102,-0.19418679771264077,-0.27838835048682337
9.0,1.432210964411828,-0.2186009642720829,-0.1944818171878319,-0.2786360814890817
9.020000000000001,1.4387134533948105,-0.22070957571888247,-0.19472044717874717,-0.2870274827799593
9.040000000000001,1.445260841970124,-0.2228460684211589,-0.19487777662778308,-0.29619439787006474
9.06,1.4519328751065463,-0.22489017443950432,-0.19493947419301247,-0.29929360641988567
9.076,1.4573810366022828,-0.22643134255988298,-0.1949223152449113,-0.2956221035984714
9.08,1.4587478379357945,-0.2268041544816215,-0.1949103327044747,-0.29402958421170955
9.100000000000001,1.465535410583107,-0.2286424838613022,-0.19481205448528668,-0.2854878963990746
9.120000000000001,1.4722315439998759,-0.2305416548554667,-0.1946619237501808,-0.2809331716338097
9.14,1.4788989659573009,-0.23259429962349515,-0.19449301110675857,-0.2840576319813455
9.16,1.4855332967098285,-0.23474764071240234,-0.19434490152909542,-0.2925613685614278
9.18,1.492158602983179,-0.23685485715132581,-0.19423997528177525,-0.29914378586736334
9.200000000000001,1.4989141973737412,-0.23885526922878283,-0.19419527686017382,-0.29884190750778605
9.22,1.5058194934940934,-0.2407592362468954,-0.19422080537209394,-0.29151811128852984
9.242,1.5134720464500193,-0.24286877303358873,-0.1943170676620438,-0.28311606908456427
9.262,1.5205030004843936,-0.24494522707261132,-0.19444490696658553,-0.28177158026988436
9.282,1.527567176401974,-0.24719498443501914,-0.19459060619085858,-0.28815933553148954
9.302000000000001,1.534588209332473,-0.24946850292729936,-0.1947303764639778,-0.29662901221596116
9.302000000000001,1.534588209332473,-0.24946850292729936,-0.1947303764639778,-0.29662901221596116
9.322000000000001,1.5416512472553872,-0.25164296513976736,-0.19483480962948221,-0.3001762621668779
9.342,1.5488029196072206,-0.25368072099920824,-0.19488842976128193,-0.29580604583273334
9.362,1.5559144325497876,-0.2556235568658549,-0.19489036650254912,-0.28731258037497015
9.382000000000001,1.5629298174467015,-0.2576078327301765,-0.19483952615744846,-0.2819019609901757
9.4,1.5692011126462715,-0.2595127660251084,-0.19475140197349303,-0.2832868120344989
9.42,1.5760946095779365,-0.26173165164925744,-0.19461952561585968,-0.2909703922678636
9.440000000000001,1.5828730856911088,-0.26390807580437925,-0.19445948938907934,-0.2984052863112605
9.46,1.589624511024436,-0.26594278067869687,-0.19428696501337825,-0.29969007272951464
9.48,1.5964070713315488,-0.2678141039682844,-0.19412956119078664,-0.2927438100231032
9.5,1.6031367169373245,-0.2695649473438255,-0.19400261891885648,-0.280847114374407
9.520000000000001,1.6097953137835723,-0.27129360919141743,-0.1939082344615057,-0.26960379163658105
9.524000000000001,1.6111262226425729,-0.2716435185691202,-0.19389344927432986,-0.2676792627836638
9.540000000000001,1.6164687667984854,-0.27304928168923215,-0.1938477379350528,-0.2606664829381932
9.56,1.6232431345481106,-0.27476046987395847,-0.1938208211433228,-0.2504328296496718
9.58,1.6300465560486685,-0.27631076470021265,-0.1938220866220519,-0.2351604160726234
9.600000000000001,1.6367143898700258,-0.2776262019247183,-0.19384132509496807,-0.21457658498299376
9.620000000000001,1.6431652929286078,-0.2786998611760465,-0.1938660665461355,-0.19015061821293794
9.64,1.6494003140449642,-0.27952662892034363,-0.19388262286580907,-0.1634729518510868
9.66,1.655470987408993,-0.28013227555242026,-0.1938775367954582,-0.13587330817129406
9.68,1.6614277447350696,-0.2805555203820249,-0.19383825222908466,-0.10868956176194429
9.700000000000001,1.6673098484589148,-0.2808449745526258,-0.1937573872065476,-0.08329177400843672
9.72,1.673190733168242,-0.2810586324900328,-0.19363383125757874,-0.06084603393947398
9.74,1.6791500153671497,-0.2812329030798022,-0.19347662212973357,-0.04204008721740145
9.748000000000001,1.6815671862791666,-0.2812973987349733,-0.19340854485526024,-0.03561265102767623
9.76,1.6852354070030802,-0.28139162429212594,-0.19330516563669178,-0.027112458781683182
9.780000000000001,1.6914745184308797,-0.2815493835397188,-0.19314491299994738,-0.015906524519197704
9.8,1.6978895766494575,-0.2817144031618637,-0.19302677747329575,-0.00836516910283168
9.82,1.7045158652803112,-0.2819022294391389,-0.1929808231998494,-0.004946449466405975
9.84,1.711358779567757,-0.2821238187798462,-0.19302824770029922,-0.005636328138366703
9.860000000000001,1.7183580236937048,-0.2823525528199208,-0.19317739071578857,-0.008769977664674036
9.88,1.725471489824742,-0.28254870671658316,-0.1934199610051591,-0.011677323132677664
9.9,1.732661733735853,-0.28268979722119725,-0.1937280475973864,-0.012756455395233054
9.92,1.7398700302954218,-0.2827950017805176,-0.19407262959610225,-0.01245163436962786
9.940000000000001,1.7470850566231344,-0.28291523730323864,-0.19442742236321017,-0.012977771118513906
9.962,1.7550668906971885,-0.28312532103755333,-0.19479751739740117,-0.017094131193812853
9.974,1.7594393964522534,-0.2832716202290946,-0.19497476619653123,-0.020742396185348136
9.982000000000001,1.7623603296463703,-0.2833729736240801,-0.1950779311358111,-0.023344123542934622
10.002,1.7697147206174857,-0.2836087324483815,-0.19526650441385981,-0.028758280711016146
10.022,1.7771943174318172,-0.28378255925166546,-0.1953400358148815,-0.030487068390277414
10.042,1.7846951679985452,-0.28389371394055085,-0.1952992034632605,-0.028671911450694768
10.06,1.7913507193574572,-0.28399850127003634,-0.19517949329771597,-0.026696855696625152
10.08,1.7986473133845928,-0.2841797406396016,-0.1949796883183745,-0.027064477728682687
10.100000000000001,1.8058398499565966,-0.2844370487727091,-0.1947383477135405,-0.030746436629249682
10.122,1.813605098835588,-0.2847256797808353,-0.19446700958813842,-0.03503104595261543
10.142000000000001,1.820667615328165,-0.28491576336072366,-0.19426486384909622,-0.03507456452891901
10.162,1.8278008752235797,-0.28502659943512887,-0.19413730298589724,-0.030565399996375905
10.180000000000001,1.8342610204584227,-0.2851214487258923,-0.19409711426162704,-0.025924638816702053
10.200000000000001,1.8415985190185384,-0.2853138206706439,-0.19413677631104584,-0.02459775998401835
10.200000000000001,1.8415985190185384,-0.2853138206706439,-0.19413677631104584,-0.02459775998401835
10.22,1.8491238543209012,-0.2856326375313389,-0.19425260753105658,-0.029050304190290602
10.24,1.8566923596736538,-0.2859860888036279,-0.1944208130855218,-0.035192576043943005
10.26,1.8643388345445606,-0.28625419268311625,-0.19461213119977536,-0.03707928066340106
10.280000000000001,1.8720614324022924,-0.28638860088347506,-0.1947936103406919,-0.03222463284547218
10.3,1.8797243982892866,-0.2864750967442832,-0.1949295893774234,-0.024957929510972268
10.32,1.8873293605431682,-0.2866541650387757,-0.19499899308274896,-0.022219334159393464
10.34,1.8948422435937164,-0.2870045179671898,-0.1949990413724139,-0.028028195908747902
10.362,1.9028602416078817,-0.2875724158172711,-0.19493489913349873,-0.043152657027094185
10.382000000000001,1.9098755937204839,-0.28815899418826846,-0.19482791648851874,-0.05935641944472762
10.402000000000001,1.9167273565500853,-0.28874011196133065,-0.1946731645569101,-0.07344950077162472
10.422,1.9235072101839605,-0.28932395342980577,-0.19447393392901371,-0.08537152754272097
10.422,1.9235072101839605,-0.28932395342980577,-0.19447393392901371,-0.08537152754272097
10.442,1.930270795190216,-0.28999122146730527,-0.1942573861847933,-0.09814200320858886
10.462000000000002,1.9370082812865126,-0.2907755589130183,-0.19405837992376232,-0.112980649359693
10.482000000000001,1.9436924104090079,-0.2916251385452774,-0.19389315967863538,-0.12704483148749385
10.502,1.9504469211404452,-0.2924556379023508,-0.19377481972492086,-0.13598745523988492
10.520000000000001,1.9567189762400083,-0.2931447293683274,-0.1937157572474413,-0.1375783211267525
10.540000000000001,1.9638283501332048,-0.29386478865177834,-0.19370138444547905,-0.13368179908586242
10.56,1.9710006972509804,-0.29463670627033345,-0.19372759556498467,-0.12964899044934453
10.582,1.9790557654433791,-0.29567477996372327,-0.19378841943546696,-0.13116858983262691
10.602,1.9864681083964615,-0.2967670414404422,-0.19385868036213963,-0.13791558261415876
10.622,1.9938891196493242,-0.29785313917591166,-0.1939242785049847,-0.1436117560648597
10.642000000000001,2.0013695096646487,-0.29882049900138286,-0.1939634422034706,-0.1429568986855786
10.65,2.00436751445451,-0.2991682263646952,-0.19396953467106595,-0.14058009088155649
10.662,2.00883999979928,-0.2996605227762559,-0.1939673037870768,-0.13561044680084006
10.682,2.016197077149227,-0.30048227746611444,-0.1939320040991935,-0.12778484338756557
10.702,2.0234987496777164,-0.30141470138283744,-0.1938561292576795,-0.1253715416356983
10.722000000000001,2.0307808349893306,-0.30248915387183634,-0.19374675886049605,-0.13011410966708736
10.742,2.037956870792384,-0.30359065172737254,-0.19361147574940904,-0.13714872838502007
10.762,2.045077154477247,-0.3045926523520859,-0.1934607819386703,-0.14006146203790332
10.782,2.0522324451073564,-0.30545742599668835,-0.19331245025674634,-0.1361620313263604
10.802000000000001,2.0593482426090226,-0.30625858466938405,-0.1931828997052614,-0.12913487121698586
10.822000000000001,2.066442601410737,-0.3071330509161648,-0.19307644400668014,-0.12540629014356597
10.842,2.0736064038651305,-0.30816167208813194,-0.19300443789319363,-0.12862574275358002
10.862,2.0807967367590967,-0.30928442052131966,-0.19297926264368212,-0.13637880645125533
10.874,2.085116464109297,-0.3099410294523275,-0.19298860801490272,-0.14027957506534705
10.882000000000001,2.0880121773738476,-0.31035686641884574,-0.19300569800447628,-0.14178418936961895
10.902000000000001,2.0953393704068017,-0.311296437648356,-0.19309017239265927,-0.1400116779421255
10.922,2.1027187614485343,-0.3120955158521656,-0.1932377466125608,-0.1309338218408584
10.942,2.1100537790671177,-0.31284991700626374,-0.19344096606905628,-0.12001938356999757
10.962000000000002,2.117402557909138,-0.31365520572682093,-0.19368960640551555,-0.11233014435115517
10.982000000000001,2.1247945258191487,-0.3144872631652821,-0.19397264973641745,-0.10688842197582755
11.002,2.1322141600957893,-0.31521470968691734,-0.1942740053804429,-0.09817112801978696
11.022,2.1395273051939205,-0.3157358980391497,-0.1945708533608901,-0.08281128083641671
11.042,2.146630944585903,-0.316042055880139,-0.19484325211778594,-0.06170140086600902
11.06,2.1528387536395863,-0.3161548344776385,-0.19504902965286816,-0.04005660914196364
11.08,2.159549335463504,-0.31613389623519095,-0.19521096433140925,-0.015953866616854717
11.096,2.1648295127202837,-0.3160433396456166,-0.19527570868540048,0.00186767409023407
11.100000000000001,2.1661455640933966,-0.316013387171921,-0.19528217750890906,0.006053812226870958
11.120000000000001,2.172715567892503,-0.31582760558748835,-0.19525522374818613,0.025362463903885177
11.142000000000001,2.179916815373967,-0.3155365940784959,-0.19512091037272852,0.04433155639638086
11.162,2.186412915919913,-0.3151858207673425,-0.19493250239877755,0.0600133788870992
11.182,2.19287052801269,-0.31478111871745806,-0.1947159737960312,0.0732992930326109
11.202,2.199362807519941,-0.3143649626375923,-0.1945135659608669,0.082699572996974
11.222000000000001,2.2060037139225566,-0.31397255668670654,-0.19436093984979677,0.08691829303825303
11.242,2.212815831998023,-0.3136051807759873,-0.19428331447254157,0.08610065812868763
11.262,2.219754044144171,-0.31321924462135703,-0.19428810952366185,0.08291640016706539
11.282,2.22683100960776,-0.31275910510689164,-0.19436722031696776,0.08075322742256419
11.302000000000001,2.2340589008212377,-0.3122044761028478,-0.19450215214725838,0.08120147215533967
11.322000000000001,2.241380938135216,-0.31160990550885403,-0.19466330057069267,0.08278281812374412
11.322000000000001,2.241380938135216,-0.31160990550885403,-0.19466330057069267,0.08278281812374412
11.342,2.2488095556226786,-0.3110470056169637,-0.19481854269927232,0.08229018366533386
11.360000000000001,2.255589846105481,-0.31060269261837226,-0.19492362720986386,0.07832186534640283
11.38,2.263123796089868,-0.3101576831807862,-0.19499192845377425,0.07173373992029795
11.4,2.2706276846686753,-0.3096823364722974,-0.1949993091419764,0.06695473368431484
11.42,2.278151663201312,-0.3091137320202675,-0.1949404599482273,0.06702592607282692
11.440000000000001,2.2856051021205457,-0.3084796999365569,-0.194820966874122,0.07106478939381854
11.46,2.2929275183779088,-0.30787516297982753,-0.19464777853114026,0.07464134603288278
11.48,2.3002078627041156,-0.3073664334554359,-0.1944342217526208,0.07396802502343705
11.5,2.307423786625934,-0.3069373766910878,-0.19419978940786706,0.06950774496158167
11.520000000000001,2.314552053929163,-0.3064946855542636,-0.1939757907121291,0.06583696861685671
11.540000000000001,2.32173701313202,-0.3059444698149153,-0.1937896789472812,0.06717062878633012
11.548,2.32463211259537,-0.3056928669947313,-0.19373038676448176,0.0692174300639736
11.56,2.3289806034534672,-0.30529927599549644,-0.19365936342057624,0.07312492307306731
11.58,2.336251751847316,-0.30466814566184464,-0.19358782465307225,0.07854627002752987
11.600000000000001,2.343672428660185,-0.30413735030733025,-0.19357283144901424,0.07864297253709854
11.620000000000001,2.351219403267007,-0.3037089700153178,-0.19361027507367565,0.07320481642419005
11.64,2.3588070411387454,-0.30327286363884476,-0.19369140597661785,0.06769279801475919
11.66,2.366496607384909,-0.30270956865840554,-0.19380717836878583,0.06755669292511807
11.680000000000001,2.374238606863406,-0.3020124160890951,-0.1939523630053643,0.07349897844481051
11.700000000000001,2.3819510567571993,-0.3013064046572377,-0.1941193444290811,0.08003932274998533
11.72,2.38972188358469,-0.3007068000996065,-0.19429674064598537,0.08133117613024726
11.74,2.397539395850107,-0.30024371171397435,-0.19447173792534547,0.07583121849998983
11.760000000000002,2.4052996565365445,-0.2998178843882807,-0.194628594193373,0.06879600601517694
11.772,2.4099494509705597,-0.29951741290068407,-0.19470537366555593,0.06661553206890536
11.780000000000001,2.413059056920311,-0.2992851665677134,-0.19474683529063427,0.066591134225791
11.8,2.4208242239062834,-0.2986068013365851,-0.19481330892586277,0.07139696969117607
11.82,2.4284934011469717,-0.2978932681830442,-0.1948189077997198,0.07851274933110469
11.84,2.4360866257450144,-0.2972780789605227,-0.19476252644677935,0.08143689856482142
11.860000000000001,2.4436478648575743,-0.29680696299802695,-0.19465447535255662,0.07743715920139432
11.88,2.4510902350398607,-0.29640112916637074,-0.1945127614481901,0.07035690134100564
11.9,2.4584297418751495,-0.29592667602179695,-0.1943567679900389,0.06672593435532567
11.92,2.4657644494690967,-0.2953160783543616,-0.19421267817573132,0.06982715465509173
11.940000000000001,2.473068604614085,-0.2946338473184483,-0.19409731573242997,0.07681676249070855
11.96,2.480371224848694,-0.29401026369775024,-0.194018275095352,0.08122095808687178
11.982000000000001,2.4885824170406394,-0.2934654034181438,-0.19398231521529777,0.0788287325044033
11.998000000000001,2.4947096561839723,-0.2931270593338986,-0.1939925071837589,0.07345468615597803
12.002,2.496264623706144,-0.293042058944945,-0.19399930319121936,0.07201303512207011
12.022,2.5041709909106395,-0.29256238110668015,-0.19405382706877825,0.06692821461474877
12.042000000000002,2.5122887378078587,-0.2919432733466088,-0.1941303636629024,0.06739321713470578
12.062000000000001,2.5206275076481366,-0.2912017315867679,-0.19421655855075684,0.07278052093359746
12.082,2.529212835905227,-0.29045184496482407,-0.1942953978739865,0.07803488346458803
12.102,2.5379335245580554,-0.2897983350295939,-0.19434427967204101,0.07891170884566565
12.122,2.546719485028767,-0.2892484288218237,-0.19435654336493877,0.07503648934745594
12.142000000000001,2.5556024646580076,-0.28870301220173267,-0.19433446889902875,0.07036693759686227
12.162,2.5645059207849603,-0.2880741848218601,-0.1942809443207538,0.06877523831888424
12.184000000000001,2.5742685956410285,-0.287280970048989,-0.19420692550363397,0.07174186550237135
12.200000000000001,2.581421117980455,-0.2866785155627053,-0.19416391307645328,0.074933795379486
12.22,2.5904416642560824,-0.2859704148682974,-0.1941452636344784,0.07713044145884428
12.22,2.5904416642560824,-0.2859704148682974,-0.1941452636344784,0.07713044145884428
12.24,2.5995437207048773,-0.2853431751340483,-0.19419384110243174,0.07580307409973829
12.260000000000002,2.608802515397997,-0.2847520305677339,-0.19433289328029638,0.07212237684594122
12.280000000000001,2.6182550629357637,-0.28411877597636,-0.19457442140822553,0.06940357045087009
12.3,2.6278205374371755,-0.2834007603656664,-0.1949144561801295,0.06989571685952335
12.32,2.6374311222821785,-0.28262013849056006,-0.19534062892942047,0.07337250390973073
12.340000000000002,2.647046399432584,-0.28185016212806974,-0.19583223756108162,0.07662512549644603
12.360000000000001,2.656589008155396,-0.28116097325451794,-0.19635868350678828,0.0767146149166516
12.38,2.666063910349048,-0.28054642904510396,-0.1968841727563437,0.0733408982640042
12.4,2.675551529467084,-0.27992875602964173,-0.197373368020525,0.06973737035770106
12.42,2.6850652115091105,-0.2792368749416871,-0.1977895162471419,0.0691130575722819
12.440000000000001,2.694631516160406,-0.27846201442745305,-0.19810370903089944,0.07215895916023696
12.448,2.6984811033524534,-0.2781436127232943,-0.19819742873878063,0.07375342930843269
12.46,2.7042711290371426,-0.27767765251814286,-0.19830250037648597,0.0757503522564136
12.48,2.713877115873441,-0.2769652202492314,-0.1983864572082599,0.07668547849140488
12.5,2.723350631820687,-0.2763338501745147,-0.19837691291272966,0.07422255505895908
12.520000000000001,2.7327028529971726,-0.2757253658074096,-0.19830725578326322,0.07085737123586988
12.540000000000001,2.7419378813147666,-0.2750725903977934,-0.19821408038168528,0.06960872023686433
12.56,2.751094641155305,-0.2743572466671031,-0.19813645567691815,0.07147537551350641
12.58,2.7602699050255715,-0.27361725496254635,-0.19810730757590286,0.07458108952492312
12.600000000000001,2.769514315155488,-0.2729191791915195,-0.19814154658346003,0.07591802493532149
12.620000000000001,2.7788406586371144,-0.27228330796487926,-0.1982359014478606,0.07415612735301436
12.64,2.788268179776916,-0.27167245318510425,-0.19837854085440085,0.0708145628272054
12.66,2.797783037684628,-0.2710138191957559,-0.19854949771358463,0.06904595217507738
12.672,2.8035130604050167,-0.27058290243474076,-0.19865558054493873,0.06951082862598087
12.680000000000001,2.8073373640623656,-0.2702825768180852,-0.19872501384630717,0.07044364790479446
12.700000000000001,2.8169154823282154,-0.2695097648974679,-0.19888644314615353,0.07370052701668661
12.72,2.8265099576080948,-0.2687738924484233,-0.19901613875870391,0.0756039880815942
12.74,2.836060845879482,-0.2681150922871258,-0.19909908038946764,0.0743717403298827
12.760000000000002,2.845546933165456,-0.2675016481639614,-0.19913129617600847,0.07116638782382814
12.780000000000001,2.854962151897946,-0.26686351533124886,-0.19911495494451834,0.0691239038689257
12.8,2.864269505798776,-0.2661624218683788,-0.19905851646107417,0.07010960291622995
12.82,2.8734831213501737,-0.2654227767426826,-0.19897781132080475,0.07327252946139014
12.840000000000002,2.882646669524618,-0.26471044170471636,-0.19888998401504662,0.07554962830980763
12.860000000000001,2.891768034402057,-0.264069640757194,-0.19880938566085557,0.0749172503660768
12.882000000000001,2.9018074731075316,-0.2634176388161069,-0.19874528927044335,0.07153971920428778
12.894,2.9073090634190373,-0.26305442018579744,-0.19872503404922445,0.06986228730570362
12.902000000000001,2.9109831526468235,-0.2627994328634506,-0.19871700727132272,0.06919107951738776
12.922,2.920183004606064,-0.2621118556503713,-0.19871640569687007,0.06974582379637614
12.942,2.929417526596945,-0.26137064878707533,-0.19874294680088003,0.07276665517830623
12.964,2.939646003650864,-0.26057553277614803,-0.19879518028498475,0.07530200163042323
12.98,2.947113601962239,-0.2600466927092945,-0.19884176740075407,0.07498014645092259
13.0,2.956471105551977,-0.25943992754911444,-0.198904138974185,0.0720505884493026
13.020000000000001,2.965866697321961,-0.2588269260230422,-0.19896707807457228,0.06910737580443718
13.040000000000001,2.9752583769090193,-0.25814996044243427,-0.19902092628352017,0.06880862123412176
13.06,2.984625222228058,-0.2574116386478502,-0.19906070482042307,0.07147632980040905
13.08,2.9939834727013577,-0.25666727699593866,-0.1990850372226979,0.07441876249151722
13.100000000000001,3.0033137671927057,-0.2559927842786835,-0.19908983365353825,0.07489269238076818
13.120000000000001,3.0126049838105113,-0.2553849023161572,-0.1990777285158403,0.07236499768412055
13.120000000000001,3.0126049838105113,-0.2553849023161572,-0.1990777285158403,0.07236499768412055
13.14,3.0218772384158457,-0.25478411325814854,-0.19905309137515428,0.06939460738267128
13.16,3.0311157278926073,-0.25412832758101744,-0.19901818228728882,0.06874861489202744
13.180000000000001,3.040315259707301,-0.2534118693549946,-0.19897835890797735,0.07100701015142596
13.200000000000001,3.0495169757348353,-0.2526857088202272,-0.19893923171700315,0.0738654468020889
13.22,3.058727781063199,-0.25201031884530833,-0.19890400416210588,0.07465687408654892
13.24,3.0679519662303245,-0.25139564150252197,-0.1988761532284891,0.072652107228411
13.260000000000002,3.0772087359838496,-0.25079013397706384,-0.19885975613645587,0.06992731212973369
13.280000000000001,3.0864873369528767,-0.25013433310244476,-0.1988547163257888,0.0691748923097797
13.3,3.095772126519895,-0.24941671613917998,-0.19886138260699268,0.0711942566405148
13.32,3.1050814067254073,-0.2486831690155183,-0.1988780472537823,0.07391030208859554
13.340000000000002,3.114411841382072,-0.24799760211614919,-0.19890038072474361,0.07461141526602859
13.344000000000001,3.116279866484095,-0.24786855902313737,-0.19890516449200688,0.07439420771348777
13.360000000000001,3.123760510546295,-0.24737193892484516,-0.19892497735582523,0.0725496910694482
13.38,3.133136622370255,-0.24675736006349647,-0.19895102430934627,0.06980615808282634
13.4,3.142519947661217,-0.24609393386640477,-0.19897427766867978,0.06908451913953678
13.420000000000002,3.1518844491975866,-0.24537093291150958,-0.1989938635566514,0.07117645486479475
13.440000000000001,3.1612446666162564,-0.24462905578383404,-0.1990087052785199,0.07414150625150578
13.46,3.1705956325423164,-0.24393664180187874,-0.19901719594961534,0.07518640053048216
13.48,3.1799199183203988,-0.24330784884304596,-0.19901814315354435,0.07325173851101427
13.5,3.1892334124415345,-0.24270285910281691,-0.1990151220614733,0.07017252662817015
13.520000000000001,3.198530376064134,-0.24205250380723886,-0.1990074971023937,0.06889317768786835
13.542000000000002,3.2087258246379577,-0.24126414845829663,-0.19899597765189678,0.07091752659609607
13.562000000000001,3.2179903135557995,-0.2405274383904294,-0.1989837212110214,0.07391364270484602
13.57,3.22170085648333,-0.24024233496170566,-0.19897883694965632,0.07473114857862775
13.582,3.2272654394589724,-0.23983550203829862,-0.1989712002022613,0.07514515894692107
13.602,3.2365301699646305,-0.23920831962835742,-0.19895839830285508,0.07342378890691159
13.622000000000002,3.2457980233343946,-0.2386074280754935,-0.19894819919862292,0.07031788172410469
13.642000000000001,3.2550690093516166,-0.23796610803146812,-0.19894106226893668,0.06879505465535612
13.662,3.2643248280842516,-0.23726029865332188,-0.19893803765721538,0.07027670700965996
13.682,3.273586659001419,-0.23652352512673275,-0.19893930593249717,0.07328770885957064
13.702000000000002,3.282869206783681,-0.23582441158409911,-0.19894364302254522,0.07482412242874145
13.722000000000001,3.292151290408446,-0.2351905130419586,-0.19894942798430318,0.07340040893033242
13.742,3.3014418910126357,-0.23459001664619927,-0.1989562716791757,0.07041303080642497
13.762,3.310745146357131,-0.23394891987002964,-0.19896400268510547,0.06887371846514212
13.782,3.3200394482504225,-0.23324710135266064,-0.19896930650983144,0.07026980979550197
13.794,3.3256151064579957,-0.23280445686949247,-0.19897209355794823,0.07206430537846321
13.802000000000001,3.329336508117672,-0.23251053410107458,-0.19897343800255782,0.07323418508965447
13.822000000000001,3.338646187417685,-0.2318119307057867,-0.19897451170867778,0.07479213479363642
13.840000000000002,3.347016197495062,-0.23123750939361387,-0.1989724052275665,0.0736761777354259
13.860000000000001,3.356312681638136,-0.23063554389297652,-0.19896860869282887,0.07068062458536926
13.88,3.3656099763101617,-0.23000756775817371,-0.1989623518708641,0.06870339771975946
13.9,3.374878314880146,-0.2293117722420917,-0.1989527290556,0.0696427238557445
13.920000000000002,3.3841342058583246,-0.22857548415780948,-0.19894159162929745,0.07267619231047139
13.942,3.394323612502327,-0.22779559152579631,-0.19892991123831102,0.07484139051844463
13.962000000000002,3.4035789640134437,-0.22715875018245235,-0.1989190101889988,0.07375384239170263
13.982000000000001,3.4128364187492144,-0.2265588697750629,-0.19891072547476632,0.07076845158446476
14.002,3.4221110347812753,-0.2259291735828003,-0.19890564140344327,0.06896941734724302
14.018,3.429524009783987,-0.22537747108163608,-0.1989035406901379,0.0696158482865388
14.022,3.431375882390747,-0.22523388812790973,-0.19890353076084147,0.07006897019991237
14.042000000000002,3.440639259198974,-0.22449992808870317,-0.19890557587624244,0.07300485120372176
14.062000000000001,3.4499148069896877,-0.2237967092847336,-0.1989096275097513,0.07472976067308912
14.082,3.459189698090828,-0.2231590735956187,-0.1989148845730612,0.07355373069681412
14.102,3.4684551073438326,-0.2225635107163691,-0.19892041022371795,0.07041344458415788
14.122000000000002,3.4777197472184693,-0.2219459156721335,-0.19892429019302052,0.06818907598790519
14.142000000000001,3.486984249667609,-0.22126610437372335,-0.1989249093601477,0.06844035297723323
14.162,3.4962407450159128,-0.22057679046093354,-0.19892238129522896,0.0694408010119549
14.182,3.5054495266758914,-0.21996282157681607,-0.19891431457141254,0.0680478585382174
14.202000000000002,3.5145245264774374,-0.21946165946411778,-0.19889937555792628,0.06255715444124658
14.22,3.522600118386147,-0.21909499691029333,-0.19888119677587915,0.055016303023415244
14.24,3.5315900160421974,-0.21871322693452777,-0.1988578937068526,0.04687880926013748
14.244000000000002,3.5333979402544444,-0.2186344979467249,-0.19885301718495488,0.045527831638407526
14.260000000000002,3.540668811438621,-0.21830354215008096,-0.19883439045546022,0.04128569811823654
14.280000000000001,3.549835162774776,-0.21789193541328838,-0.1988170266868605,0.03737995698976333
14.3,3.5590187255894716,-0.21755422531980861,-0.19880606335306203,0.032436986915013497
14.32,3.5681200595292775,-0.21733029163271683,-0.1987978860163225,0.024877445308365206
14.340000000000002,3.577137020490287,-0.21720672850066086,-0.19878959118514253,0.015370028140814174
14.360000000000001,3.5861622932638135,-0.21712946327382598,-0.19878015616692848,0.006748422777518373
14.382000000000001,3.5961673832657977,-0.2170385162249625,-0.19876681089194695,0.0003495098927050466
14.402000000000001,3.6053086809875583,-0.21697965395013025,-0.19875138964406577,-0.003946364967849461
14.422,3.614444685107663,-0.21701163386019695,-0.19873393272805448,-0.00937439148824655
14.442,3.6235068208124774,-0.2171537908652374,-0.19871633214970028,-0.01713358052563413
14.462000000000002,3.632531337944239,-0.21737603386930016,-0.1987008966372021,-0.025578764795308725
14.468000000000002,3.6352418454066977,-0.21744464212120607,-0.19869681557139376,-0.027697418390044012
14.48,3.6406621204436886,-0.21756813216679688,-0.1986891719951527,-0.03089915248786025
14.500000000000002,3.6496668981471334,-0.21772392643141547,-0.19867711559121506,-0.032402650696273225
14.520000000000001,3.658646628651183,-0.2178302632130404,-0.19866696177778856,-0.029713012154729837
14.540000000000001,3.667663321907693,-0.2179574887308735,-0.19866108514523237,-0.026493389763349542
14.56,3.67672434216292,-0.21817734432976765,-0.19865612533323282,-0.0258505087322322
14.58,3.685832935299093,-0.21847682072358848,-0.19865359785404804,-0.028024539847917765
14.600000000000001,3.6950022983513326,-0.21877726906665707,-0.19865442935973018,-0.029953464688192363
14.620000000000001,3.704182410168359,-0.2190021731615603,-0.1986541068458307,-0.02899772197004806
14.64,3.7133470731719376,-0.21915543472126392,-0.1986495897802568,-0.025016297440472582
14.66,3.7225187766206433,-0.21930625382362284,-0.19864047813525068,-0.021030982645080173
14.680000000000001,3.731689721061415,-0.2195214724790368,-0.1986250879977772,-0.019802907130652872
14.692,3.7371875888052717,-0.21968584487039783,-0.1986130212310511,-0.020652973342155836
14.700000000000001,3.7408498670501302,-0.21980296690596252,-0.19860401119488427,-0.021611514675502888
14.72,3.750011384000865,-0.22008037375666295,-0.19857737652816068,-0.02376477955178756
14.74,3.7591562260709632,-0.22038926798506542,-0.19854604217357122,-0.023954824413954287
14.760000000000002,3.7681500373165067,-0.22098554810534426,-0.19851211560070406,-0.02222034133226254
14.780000000000001,3.776656228236687,-0.2220190601381608,-0.19848030735960656,-0.020363880861211922
14.8,3.7844652577608504,-0.22350792545857967,-0.1984516674186427,-0.020024469930399233
14.82,3.7916556626881683,-0.2253925753304331,-0.19843255543266078,-0.021479118152931173
14.840000000000002,3.7983879974843733,-0.2275948322523017,-0.19842453073065922,-0.024025301185988487
14.860000000000001,3.8048020117975714,-0.23004612540475838,-0.19842738210157482,-0.026715011920995166
14.88,3.8110066514545258,-0.23268091283198478,-0.19844300495676,-0.028944538380744553
14.9,3.8170772131678294,-0.2354455639314773,-0.19847224137998562,-0.030593723299884426
14.920000000000002,3.823075968916868,-0.23828466851270902,-0.19851396280090286,-0.03181061743395709
14.920000000000002,3.823075968916868,-0.23828466851270902,-0.19851396280090286,-0.03181061743395709
14.940000000000001,3.829047405680352,-0.24115708542527242,-0.19856763761305543,-0.03286801544470079
14.96,3.835017705882312,-0.24403714423783068,-0.198628821002204,-0.03395893893070297
14.98,3.840997969044468,-0.24691240481045307,-0.19869170107839682,-0.035135093426244865
15.000000000000002,3.8469902550576545,-0.24978053043022952,-0.19875159714025156,-0.036348425848819546
15.020000000000001,3.852992078719493,-0.2526443951998477,-0.19880265078772233,-0.037528822404861925
15.040000000000001,3.8590002702562036,-0.2555086454102734,-0.19883959667301163,-0.0386290879298007
15.06,3.8650117490295894,-0.2583751515820039,-0.19885818197789215,-0.03962121999090039
15.08,3.8710222597665425,-0.261245776610662,-0.19885796780185447,-0.040520884113223785
15.100000000000001,3.8770303555226677,-0.2641215274535181,-0.19883966906394787,-0.04135273622159087
15.120000000000001,3.88303525659978,-0.267000429659336,-0.1988087656575878,-0.04213316709712504
15.14,3.889035510901038,-0.2698839045725688,-0.19877388021842432,-0.04287600123315723
15.144,3.890235087972839,-0.2704612220957956,-0.19876722239134328,-0.04302204592126334
15.16,3.8950319307972294,-0.27277247529007387,-0.1987439900073301,-0.04359275588886023
15.180000000000001,3.9010234958860983,-0.2756652186798086,-0.19872586718178784,-0.044271981916765527
15.200000000000001,3.9070105632599836,-0.2785629382148408,-0.19872354856380273,-0.0449152844580986
15.22,3.9129951866101473,-0.2814646225185083,-0.19873874806389039,-0.04552404108985007
15.24,3.9189768625681256,-0.2843699065805007,-0.1987712603187056,-0.04609103362238036
15.260000000000002,3.9249464658483846,-0.2872874068657024,-0.19881899539924178,-0.04663721218297846
15.280000000000001,3.930895317023947,-0.29022767062273974,-0.1988769883832083,-0.04718133278023297
15.3,3.9368199922167633,-0.29319443919842364,-0.1989405667954178,-0.04773546363100099
15.32,3.9427211204159818,-0.2961858242006276,-0.19900622306389962,-0.04830205189699251
15.340000000000002,3.9486002302521856,-0.29919850425499156,-0.1990710109238523,-0.048870297297796836
15.360000000000001,3.9544596182671974,-0.30223062242325094,-0.1991329616591709,-0.04942131617522359
15.368,3.956798742692227,-0.3034484232072517,-0.1991567900009821,-0.049632882400849024
15.38,3.9603034954466176,-0.3052798970429891,-0.1991908606069492,-0.04994264821781745
15.4,3.9661373287836366,-0.30834192459082205,-0.19924385937414443,-0.05042710414015304
15.420000000000002,3.971999036416477,-0.3113785661066592,-0.1992930598737703,-0.05078273499746026
15.440000000000001,3.977963478800403,-0.31431721579906896,-0.19934097860385894,-0.05086363071720036
15.46,3.9842077178464153,-0.31698785319479006,-0.1993901271365124,-0.050265506159611326
15.48,3.990853374151038,-0.3192675692180227,-0.19943905840198453,-0.048869966050472405
15.500000000000002,3.997979197781743,-0.32109154596771683,-0.19947343140505522,-0.0472068655201605
15.520000000000001,4.0055710036770265,-0.3225080472729597,-0.1994796506463273,-0.045729640216920095
15.540000000000001,4.013579242273033,-0.3236095453494535,-0.1994709649357634,-0.0446580124742965
15.56,4.021934437769734,-0.3244852515759458,-0.19945679315887435,-0.04376803708490869
15.582,4.031358229670266,-0.3252469608345824,-0.19943872207879845,-0.04174737627006085
15.594000000000001,4.036521195490596,-0.32557373403091466,-0.1994288916778186,-0.039541417924239916
15.602,4.039950820736152,-0.32575728777017166,-0.19942307612480456,-0.03745994689213665
15.622000000000002,4.048442548870308,-0.3260990854086681,-0.1994149185133233,-0.029835157148000738
15.642000000000001,4.056808326345762,-0.3262783560031308,-0.1994211277813638,-0.01884564553469613
15.662,4.065072852622148,-0.32629558667582054,-0.1994540771835069,-0.0050773454163410975
15.682,4.073255339561588,-0.32614986230634385,-0.19953013102111808,0.010882173590887417
15.702000000000002,4.081361879062976,-0.3258438927563925,-0.19966259228385178,0.028543051054780832
15.722000000000001,4.089427926704641,-0.3253806817118289,-0.19986321894582113,0.047450825047998295
15.742,4.09750108487305,-0.32476859554088605,-0.20012355603910534,0.06706266853234667
15.762,4.105625694789697,-0.32400854632873444,-0.20041537589341732,0.08680495972572576
15.782000000000002,4.113834637961683,-0.3230995495593651,-0.20069446725861487,0.10620321407784576
15.802000000000001,4.122169983717768,-0.32204622273633865,-0.20090997565473626,0.12474467998657106
15.818000000000001,4.128975642753139,-0.32110502061059654,-0.2010048215752774,0.13842309239070308
15.822000000000001,4.1307013762558915,-0.32085658479802914,-0.2010157150213803,0.1416198254974349
15.842,4.139486366523587,-0.3195462129226817,-0.20099190423656785,0.1559533223893686
15.860000000000001,4.147578209414783,-0.3182845409304035,-0.2008636024545525,0.16637099732134636
15.88,4.156682211119929,-0.31680652141942456,-0.20062227558943904,0.17522928419785666
15.9,4.165800843775414,-0.3152758292738223,-0.20032057221939034,0.1813597903069588
15.920000000000002,4.174886282101384,-0.3137179877524619,-0.2000127554015467,0.18501754592500796
15.940000000000001,4.183967665304802,-0.31213731135174505,-0.19975228992872482,0.1866273522850052
15.962000000000002,4.194058889741269,-0.31034949421489183,-0.19956978874537748,0.18687374080384966
15.982000000000001,4.203423556721669,-0.30865863151275946,-0.19951810618923652,0.18636497457380707
16.002000000000002,4.213022754210422,-0.306901430193136,-0.19957988844273553,0.1855093740664273
16.022000000000002,4.222871666678019,-0.30508606847444625,-0.19974659674799514,0.18446812653552755
16.042,4.232953392626372,-0.303221974135279,-0.19999725805813387,0.1834297317976925
16.042,4.232953392626372,-0.303221974135279,-0.19999725805813387,0.1834297317976925
16.062,4.243221279551004,-0.301323472549745,-0.20030040361247228,0.1825372109799187
16.082,4.253605989411639,-0.2994064380542096,-0.2006220017787523,0.18173896479449786
16.102,4.264021342144393,-0.2974945054940756,-0.2009265787783501,0.18084776228132382
16.122,4.274393839663356,-0.29560354710359255,-0.2011833610476881,0.17987290096939723
16.14,4.283629327509585,-0.293916178993016,-0.20135449714533374,0.17931153178350984
16.16,4.2936952208454775,-0.29207012559387346,-0.20146206197851865,0.17952935691651878
16.18,4.303481983784372,-0.2902682705842833,-0.20148036181205495,0.18047081344466315
16.2,4.312901205205262,-0.2885392618929244,-0.20141890479984956,0.18134188709519067
16.220000000000002,4.321914182453978,-0.2868976281635212,-0.20129209824657782,0.18154784336969176
16.240000000000002,4.330533844779667,-0.28533991765098565,-0.20111844358742978,0.1811085781439536
16.26,4.338798219317039,-0.2838462506839385,-0.2009209834477609,0.180745249812428
16.268,4.342017933236141,-0.2832615570858172,-0.20084031037064135,0.18082049529144845
16.28,4.346770514345957,-0.2823925196128877,-0.200721158427878,0.181236894525521
16.3,4.354525475462825,-0.28095823342378307,-0.20053688306895703,0.1824964626174091
16.32,4.3621437896855895,-0.2795503102538903,-0.20038218246664044,0.18352282104899306
16.34,4.36969594359456,-0.2781789342864708,-0.20026471025080575,0.1834401747099414
16.36,4.377224306370438,-0.2768285628133108,-0.20018389689421487,0.18246206978896656
16.380000000000003,4.384762299439187,-0.275464813324958,-0.20013300345570836,0.18183089849647469
16.400000000000002,4.392337609192919,-0.2740631441419905,-0.20010193692053865,0.18255990200612443
16.42,4.399943852408577,-0.27263326242799596,-0.20007511535292047,0.18418008656263485
16.442,4.40835197031471,-0.27107077074179514,-0.20002757013367686,0.18505020171345363
16.462,4.416022851271675,-0.269685349880193,-0.1999505112992486,0.18392049056234017
16.482,4.423656115727028,-0.2683222042337005,-0.19982561554591674,0.1819838603643647
16.490000000000002,4.426690812682658,-0.2677728207131576,-0.19975981438887422,0.18149368246467312
16.502000000000002,4.431224033572589,-0.26693538218841245,-0.1996441872739604,0.1814404611806673
16.522000000000002,4.438709445850157,-0.2655109408099841,-0.19940741318393848,0.18315111474537654
16.542,4.446079146950287,-0.2640950739157953,-0.19912086463835052,0.18537643854134883
16.562,4.453375938849125,-0.26273495888737464,-0.19880348381764132,0.18542425357429254
16.582,4.460627590482024,-0.2614295794190458,-0.19848296660053458,0.1827982199764247
16.602,4.467827611656158,-0.26013524056253623,-0.19819101642723677,0.18014325041451332
16.62,4.474290510669801,-0.2589244341018211,-0.19797238252725555,0.18017972175583624
16.64,4.481457616323664,-0.25752573443845655,-0.197791482418642,0.18317071576011515
16.66,4.488577460181598,-0.2561190804747037,-0.19767749025685125,0.1871613163946304
16.68,4.495695244776138,-0.254741014785408,-0.19762786272559626,0.1898774704304385
16.7,4.502831769040994,-0.2533849125033265,-0.19763562364215062,0.1911828851125849
16.718,4.509200749876001,-0.2521660369869171,-0.19767822309480051,0.19249321367488176
16.722,4.510603612666624,-0.25189271502918265,-0.19769020945512092,0.19295763967657642
16.742,4.517473020412142,-0.25051840284586413,-0.1977579471526135,0.19674297185270995
16.762,4.524009365046596,-0.24915956327388877,-0.19783313936886956,0.20264501177426986
16.782,4.529983074724951,-0.2478959977931,-0.19790965830334525,0.20915109511781876
16.802,4.535277699806616,-0.24677429507499882,-0.1979791679152196,0.21512166717345382
16.822000000000003,4.539927826860733,-0.24577939112911623,-0.19802730739230515,0.22083265151914208
16.842000000000002,4.544031267551181,-0.2448746830784438,-0.19801451898283126,0.2270709772995808
16.862000000000002,4.547685877176044,-0.24404243255548985,-0.1979053750760307,0.2345712123476763
16.882,4.550890628501022,-0.2432922362174843,-0.19769150101763303,0.24413635446620785
16.900000000000002,4.553394777095224,-0.24269556018989907,-0.19741849333205216,0.25482951080010635
16.92,4.55575542684059,-0.24211919362312817,-0.19705569967472855,0.2690834231888811
16.94,4.557697421189726,-0.24162841517114692,-0.1966754873321597,0.28572856527705653
16.94,4.557697421189726,-0.24162841517114692,-0.1966754873321597,0.28572856527705653
16.96,4.559275158941129,-0.24120612283189496,-0.1963208851395696,0.3047451490587364
16.98,4.560545050124178,-0.2408429737324101,-0.19602045534195775,0.3260774586800307
17.0,4.561566844761724,-0.24052795384947284,-0.1957758157502378,0.34958616963794853
17.02,4.562385768316741,-0.2402508871548929,-0.19557988932958917,0.3747431485880459
17.040000000000003,4.5630235197481435,-0.24001096025619362,-0.195456932451798,0.40078409695939626
17.060000000000002,4.5635113189922425,-0.23980319675698608,-0.19545944025891573,0.42713922813089017
17.082,4.563938747147223,-0.23959966358138512,-0.1956774608810157,0.4560462450507281
17.102,4.564249691051501,-0.23943239915844805,-0.19609777963640537,0.48191774740412024
17.122,4.56447975143792,-0.23928622760570545,-0.19671709735367712,0.5074323349604475
17.142,4.564635040695956,-0.23915909961391763,-0.19749294292108124,0.5328818388778734
17.162000000000003,4.564736936626743,-0.2390400759880713,-0.1983651413655639,0.5584250364881502
17.166,4.564752613150679,-0.23901671556761012,-0.19854535747766308,0.5635414444864917
17.182000000000002,4.5648150240779595,-0.23891300447509628,-0.19926781907004656,0.5840404570341474
17.202,4.564965194647506,-0.23869938193870355,-0.20014282678741133,0.609758170353431
17.222,4.5653075919713295,-0.23828516743578154,-0.20095600990779613,0.6356579925141406
17.242,4.566042564257145,-0.2374604866052034,-0.2016969062485008,0.6621512757514901
17.262,4.5672350947589715,-0.2361374561694597,-0.20237793808983137,0.6892852463806701
17.282,4.568819822656425,-0.2343477644838471,-0.2030421436883952,0.7164133051851695
17.302,4.570715395531965,-0.2321465632114183,-0.2037453638954724,0.7430674293019477
17.322000000000003,4.572798009456713,-0.22962925902047737,-0.20451937320254518,0.769525270424489
17.342000000000002,4.574989170587729,-0.22684720395866337,-0.20537441296955775,0.7960132353081174
17.362000000000002,4.577250627787822,-0.223832876652382,-0.20630523595086805,0.8223881009140241
17.382,4.579549255906709,-0.22062208438182113,-0.20730807098127366,0.8484949580661191
17.39,4.580473237745809,-0.21928724425099233,-0.20772855302424695,0.858873295283751
17.402,4.581857583115591,-0.2172348983587642,-0.20837841701240958,0.8744024268563115
17.422,4.584148900234318,-0.21369441703515918,-0.20950669793901608,0.9002667058880032
17.442,4.586397746360486,-0.210034783022311,-0.2106814085802419,0.9260633273955139
17.462,4.588595900996892,-0.20626481829327176,-0.21189228607911834,0.9516809933269372
17.482,4.590735197667299,-0.20240201585292922,-0.2131324557480939,0.9768940034883742
17.502000000000002,4.5928303332234135,-0.19842633132218918,-0.21440115679707414,1.0013609796080605
17.522000000000002,4.595002280220238,-0.19416466517921926,-0.21570449502174946,1.0244049540008169
17.542,4.597372014172782,-0.18943869237683436,-0.21704575651916466,1.0453016286792642
17.562,4.600032497226193,-0.18413552614727208,-0.2184034607349403,1.063364096167803
17.582,4.603054006004456,-0.17821729893348476,-0.21970578740017457,1.0775834940472013
17.602,4.6064388715931095,-0.17175088261463328,-0.22082799901592773,1.0876875225173888
17.614,4.608627504110022,-0.16762158423408008,-0.22136985310865773,1.0918445571505169
17.622,4.610153797376049,-0.16475454765445025,-0.22166836209484073,1.0938503241078705
17.64,4.613802480661197,-0.15793975758903367,-0.2221400991947408,1.0962060304680261
17.66,4.618121207131873,-0.1499067461431578,-0.22232505832200108,1.0961523685627512
17.68,4.62253847572118,-0.14167372142502804,-0.2222051102562337,1.0946379588338138
17.700000000000003,4.62689451209442,-0.13352183447167193,-0.22189029038005612,1.0919957458221494
17.720000000000002,4.631172419425955,-0.12552459154636186,-0.22152173731563055,1.0882821624083512
17.742,4.635872295790686,-0.11677347413535383,-0.2212220905644854,1.0834638104668692
17.762,4.640247059237165,-0.10864893291509964,-0.22116628510617972,1.0793253091883892
17.782,4.644811089736412,-0.10017362814558284,-0.22138217263624302,1.0761274378285612
17.802,4.649546458104442,-0.09136425458363667,-0.22188449718770922,1.0740793502374095
17.822000000000003,4.654273464354081,-0.0825347855747921,-0.22261032616122653,1.073374317641921
17.84,4.6583839423617475,-0.07479389538626185,-0.22336533985090132,1.074558400048315
17.84,4.6583839423617475,-0.07479389538626185,-0.22336533985090132,1.074558400048315
17.86,4.662724688183892,-0.06648320820382053,-0.22422672838293747,1.0788198338174997
17.880000000000003,4.666840127485668,-0.05841630981240514,-0.22503304343599742,1.0866370537986099
17.900000000000002,4.670784786775074,-0.050467965507803525,-0.2257237891622955,1.0977273037867095
17.92,4.674632445120648,-0.04248779133888553,-0.22627991435546288,1.1111004512859461
17.94,4.678447561805175,-0.03436195144208243,-0.22673495569807764,1.1254180614430984
17.96,4.682246309908933,-0.026053502884917756,-0.22715405245386341,1.1398229075369581
17.98,4.6859866385614595,-0.017628572433524725,-0.22760778952482638,1.1542359906451438
18.0,4.689595891378191,-0.009198926048437694,-0.22814526034072527,1.168967797165862
18.022000000000002,4.693352238583222,-3.965918134568591e-05,-0.22885429653876874,1.1857471855831911
18.042,4.696553210574782,0.008131074937710314,-0.22959319059680686,1.201335581903879
18.062,4.699566167474136,0.016189922602643736,-0.23039283140194097,1.2167707111573514
18.066000000000003,4.7001511720080895,0.017797398387524754,-0.23055694944968116,1.2197817658875068
18.082,4.702453752073774,0.024252142800478882,-0.23121476438763897,1.2312914048717762
18.102,4.705307958837394,0.03244465141706837,-0.231996703422597,1.2436892106923059
18.122,4.708210440928706,0.040855901237724535,-0.2326494605554408,1.2527836878289094
18.142,4.711208035401083,0.04956590354628798,-0.23308306599686915,1.257898132661701
18.162000000000003,4.714309423216082,0.0585171378702663,-0.23322666161621722,1.2590973324273491
18.182000000000002,4.7174055746209715,0.06743921650449347,-0.23307889012842634,1.2575976489234573
18.202,4.720396649307377,0.07617689161357466,-0.23273166662277386,1.255400229045637
18.222,4.723280189892325,0.08474547780142627,-0.2322769340469736,1.2538549964968202
18.242,4.726104845619,0.09321044523042171,-0.2317901543041351,1.2526940561441604
18.262,4.7289196754365275,0.101618582489225,-0.2313694942059982,1.2508742467039031
18.282,4.731775806327764,0.11005353112035854,-0.23110168088459512,1.2478815822751563
18.290000000000003,4.732940688326583,0.11346458311967861,-0.2310484939118708,1.2463928934348885
18.302,4.734718764340064,0.11865241108696428,-0.2310301255916876,1.2440267737383781
18.322000000000003,4.73777281389941,0.1275585970732518,-0.23115464051177312,1.2405033061416282
18.342000000000002,4.740932240352399,0.13680888454502788,-0.2314427869954108,1.2382768818693533
18.36,4.743847881491419,0.1453486129560938,-0.23179938190898383,1.2371421735402401
18.380000000000003,4.747152054026574,0.15495171093966464,-0.2322436960473623,1.2358297649317598
18.400000000000002,4.75049674536764,0.16459425960320195,-0.23267315376027267,1.2341242487985404
18.42,4.753857353429627,0.17427572619263765,-0.23303046869866165,1.23304638371199
18.44,4.757201904797678,0.1839703083888264,-0.23326852504943232,1.2336220924576455
18.46,4.760505112943321,0.19359744216633162,-0.23336241930423604,1.235594709346721
18.48,4.763770404207873,0.20306704884832033,-0.2333235729406816,1.2374460602628468
18.5,4.7669910715298585,0.2123142672513763,-0.23317106367572762,1.2379575437399548
18.512,4.768899312665962,0.21775039571289312,-0.23303604537898046,1.2376025794548637
18.52,4.770158509676328,0.22133577616258687,-0.23293554920237944,1.2372413103324298
18.540000000000003,4.773257738901517,0.23020151406051959,-0.23267377461365105,1.2366534210514815
18.560000000000002,4.776290011323275,0.23897725804490044,-0.23243584567243,1.2372759298303138
18.580000000000002,4.779290182902974,0.24775092414913885,-0.23226109814607163,1.2390002438589753
18.6,4.782319198130573,0.2566106006914963,-0.23216881731601977,1.2406381747408022
18.62,4.785409397037888,0.2655786817409437,-0.2321631109575533,1.2410661172329398
18.642,4.788884072271301,0.27558502915917715,-0.2322470582930948,1.2400819701492736
18.662000000000003,4.7920918848526455,0.28484223272645093,-0.23239039572992773,1.2391759676487153
18.682000000000002,4.795312134135551,0.2942305819391283,-0.23257377697821555,1.2394726178211346
18.702,4.798532853329188,0.30371086028115174,-0.2327713116646105,1.2409543091298114
18.722,4.8017777779967545,0.3132587714721031,-0.23296407392671234,1.2422799420709725
18.738,4.804400519050007,0.32090754965671703,-0.2331011804240933,1.2423830667695523
18.742,4.805059881882625,0.32281792350635474,-0.23313179172225337,1.2422509399123816
18.762,4.808360046631072,0.33234996745701223,-0.2332559492490722,1.2409584664149584
18.782,4.811635591139728,0.3418476072170149,-0.23332804382814945,1.2398327824299429
18.802,4.814855928420156,0.3512720142883171,-0.23334421845362516,1.2400929473696953
18.822000000000003,4.818019165637155,0.36060113238526503,-0.23330863210580396,1.2414677299437817
18.842000000000002,4.821155254739512,0.3698324574602194,-0.2332344229277555,1.2425064429460058
18.862000000000002,4.824286553462822,0.37895849632846523,-0.23313851179352876,1.242177610631034
18.882,4.827415230385914,0.3880072113988706,-0.23303769881520955,1.2407671535447755
18.902,4.830527274477672,0.3970371218221702,-0.23294965013485905,1.2397194004755185
18.922,4.833607806854876,0.4060681396607872,-0.23288675062100775,1.2400200837681208
18.942,4.836675889654817,0.4151266984180303,-0.232855732120166,1.2413247637569529
18.962,4.839773413301137,0.42423731449973134,-0.2328584531830802,1.2422392725468268
18.962,4.839773413301137,0.42423731449973134,-0.2328584531830802,1.2422392725468268
18.982000000000003,4.842916706608215,0.43338611225599444,-0.23289290460905734,1.2417866049413078
19.002000000000002,4.8461011826032045,0.44258280272267814,-0.2329551144288197,1.2403154321561887
19.022000000000002,4.84930117507709,0.4518550063969337,-0.23303887388846115,1.2392408614379353
19.042,4.852504848740589,0.46119473663626703,-0.23313616299641818,1.2391357416460058
19.062,4.855730044411028,0.4705547481228518,-0.23323677986132565,1.2385600271301735
19.082,4.8589823105443495,0.4797944380609197,-0.23332700304605788,1.2356079731612
19.102,4.8622521687281175,0.488760760908191,-0.2333938288645839,1.22906369928379
19.122,4.865529064531312,0.4974228177467101,-0.2334306816678222,1.219148152785966
19.142,4.868833271154554,0.5059047283756344,-0.2334369527186058,1.2075093002132429
19.162000000000003,4.872202579565521,0.5143912334275876,-0.23342029885142115,1.1962414041956784
19.182000000000002,4.875660866993006,0.5229521153124671,-0.2333868109895533,1.186058791598545
19.186,4.8763641933846635,0.5246709632609943,-0.23337864348134527,1.1841116864074237
19.202,4.879213610838306,0.531558811874657,-0.23334399295404476,1.1765495978738156
19.222,4.8828424338227645,0.5402068600615236,-0.23330011429426104,1.1680270757599889
19.242,4.8865229293349985,0.5489173494655146,-0.23325955089385061,1.1615403156338442
19.262,4.8902395432893035,0.5576752236004597,-0.23322427226448386,1.157657392311814
19.282,4.8939964463267565,0.5664548808877711,-0.23319325960665968,1.1555179490520138
19.302,4.897804566588063,0.575241759054945,-0.2331662106224118,1.1535143702998627
19.32,4.901279936717141,0.5831374116617178,-0.2331459478034252,1.1512427227513362
19.34,4.905171392323207,0.5919096252832231,-0.23312969923426005,1.148813662805017
19.36,4.909070057786199,0.6006964309647707,-0.233122553486419,1.1477679130170941
19.380000000000003,4.9129528243567036,0.6094988227811939,-0.2331271303441104,1.1485378617881774
19.400000000000002,4.916844913378089,0.6183280445713079,-0.23314831860505356,1.1501910421432777
19.412000000000003,4.91920025275725,0.6236407056112706,-0.2331694184788172,1.1508779790800265
19.42,4.920779848216187,0.6271865374445313,-0.2331869551652235,1.1510434072400428
19.44,4.924768716842384,0.6360611355988194,-0.23324290355130536,1.15039306771034
19.46,4.9287949984339825,0.6449645412103859,-0.23331562575294465,1.1488192442076164
19.48,4.932837094796258,0.6539207356328647,-0.23340010449976598,1.147454925665382
19.5,4.936897193444375,0.6629100633276233,-0.23348893154209507,1.145945679573356
19.52,4.9409832927824064,0.6718143610451,-0.23357009276354848,1.1426659424977963
19.540000000000003,4.9450636269692785,0.680453159175548,-0.23362890857608767,1.136008525818286
19.560000000000002,4.949097783924088,0.6886879705270148,-0.23365338774145636,1.1253586112412488
19.580000000000002,4.953088896623526,0.6965207061238997,-0.2336390207950317,1.1114507868223702
19.602,4.957483801306799,0.7048151093829879,-0.23358110415366537,1.0941812650565395
19.622,4.961560941539314,0.7122843046031002,-0.23350073800523644,1.0788336594913048
19.638,4.964919048492884,0.7183643394957148,-0.23343355037776511,1.068304435848795
19.642,4.965772703645697,0.7199069640821413,-0.23341740896433563,1.0659805799278819
19.662000000000003,4.970121009032204,0.7277420114493396,-0.23334705021398403,1.0558701817028433
19.682000000000002,4.974614433561115,0.7356852799557314,-0.23329888151381004,1.0469129386038913
19.702,4.979220535255658,0.743608351322661,-0.23327282095171556,1.0376820859051694
19.722,4.983914234404176,0.7514502843144345,-0.2332605461909528,1.027694000741862
19.742,4.988701627042274,0.7592445986405928,-0.23325360716363794,1.0173642952660091
19.762,4.993591817518854,0.7670549343306892,-0.23324568334104248,1.0075448802404592
19.782,4.998585649252284,0.7749055567253982,-0.23323499546504542,0.9987058042961694
19.802,5.0036751284808405,0.7827709843449271,-0.23322343698537848,0.9904079941172211
19.822000000000003,5.008845715979587,0.7905916275278475,-0.23321494766806491,0.9820094086359396
19.842000000000002,5.01408359313985,0.7983431247675677,-0.2332144112251601,0.9732349386245415
19.864,5.0199328853483065,0.8068054146582815,-0.23322560757112717,0.963153229353111
19.864,5.0199328853483065,0.8068054146582815,-0.23322560757112717,0.963153229353111
19.880000000000003,5.024250885715139,0.8129342065571141,-0.23324301270008,0.9557047811511229
19.900000000000002,5.029728899702923,0.8205779674979676,-0.2332757500436952,0.9464084280703534
19.92,5.035279392722623,0.8281624870755027,-0.23331853242585796,0.9367781652752082
19.94,5.0408622580964915,0.8355954941613001,-0.23336581380241447,0.9259846466703399
19.96,5.046431879629259,0.8427948537136135,-0.23340968909099116,0.9135217086008143
19.98,5.052008584373359,0.8497873534317133,-0.23344581242235243,0.8998286261652364
20.0,5.057660001024461,0.8567087389150301,-0.23347393565041732,0.8862623333569953
20.02,5.063448193146382,0.8637063086143904,-0.23349762780754615,0.874771645547369
20.040000000000003,5.069357948286828,0.8708295011423304,-0.2335183173120375,0.8666887274799085
20.060000000000002,5.075339418993971,0.8780363067326773,-0.23353662016582358,0.8624698886234419
20.080000000000002,5.081337715165083,0.8852923846478735,-0.2335504007082119,0.8619026356318628
20.088,5.083743046629066,0.888202742064133,-0.2335542277170172,0.8624183783653924
20.1,5.087370213841207,0.8925739415483804,-0.23355779338858976,0.8635636307346917
20.12,5.093476242693671,0.8998743829964629,-0.2335566548803039,0.8652847458083668
20.14,5.099644912082869,0.9071805156015464,-0.23354642227826258,0.8659127526526104
20.16,5.105838226848544,0.9144928689579601,-0.2335289853672319,0.8663518055163766
20.18,5.112008874286993,0.9218105019540175,-0.23350745200851644,0.8681133836761007
20.200000000000003,5.1181269147129695,0.9291331578534676,-0.2334852273564406,0.8715216636532029
20.220000000000002,5.124227350802263,0.9364612437307311,-0.2334685942280311,0.8753822894810408
20.240000000000002,5.130351681206434,0.9438003684193188,-0.23346236491741781,0.877943719065207
20.262,5.137127507801647,0.9518886230467755,-0.23347196639824605,0.8787093090025375
20.282,5.143303206873754,0.959274998764315,-0.23349754430128963,0.8787861645728029
20.302,5.1494852764335075,0.9667139778041097,-0.2335382700237558,0.8796481127141346
20.310000000000002,5.151958214576676,0.9697012969166001,-0.23355818996899783,0.8802145990724894
20.322000000000003,5.155672109868768,0.9741920191775345,-0.23359118278572935,0.8810642275481964
20.342000000000002,5.1618825582905306,0.9816923415146162,-0.23365210720700932,0.8816147976914908
20.362000000000002,5.168122642776986,0.9891886127687554,-0.2337154265756358,0.8804305857738499
20.382,5.174375938876357,0.9966822110792972,-0.23377519691352563,0.8782977351036764
20.402,5.180620150123598,1.0041933923757296,-0.23382603568476054,0.8770527764562775
20.422,5.186831611569487,1.01171325631146,-0.23386381482394678,0.8775876566181368
20.442,5.193021696620369,1.019221746314667,-0.2338866963227946,0.8789354875238653
20.462,5.1992088065590485,1.026696387840452,-0.23389446159985197,0.8792548520589295
20.482000000000003,5.205394675161949,1.0341119350722363,-0.23388921611284616,0.8777689876701122
20.502000000000002,5.211571217309291,1.0414983979823438,-0.23387623540499577,0.8755417665553552
20.522000000000002,5.217724354405618,1.0488807309809896,-0.23386065284727733,0.8744789032286984
20.536,5.222008280172351,1.054051887169155,-0.23385049918736014,0.8749274755413844
20.540000000000003,5.223229532444278,1.0555294598099807,-0.23384804058108175,0.8752184334697943
20.560000000000002,5.229335174644698,1.062919767859547,-0.23383976120379787,0.8770403898007644
20.580000000000002,5.235458920728909,1.0703032939757358,-0.233839799398343,0.877947671383031
20.6,5.241609229273721,1.0776578501168506,-0.2338485387804877,0.8768769321889252
20.62,5.247781871395528,1.0850081606635995,-0.23386630424722296,0.8746749835688362
20.642000000000003,5.25456793539385,1.0931215563078704,-0.23389392499624675,0.8734281759567813
20.662000000000003,5.260705790174366,1.1005232042328486,-0.23392391041762692,0.8745272438051717
20.682000000000002,5.266839674939284,1.107949268435326,-0.23395804904295056,0.8767182799823454
20.702,5.27300382068758,1.1153735429492344,-0.23399398503864202,0.8778440803894305
20.722,5.279197356944272,1.1227710027678448,-0.23402765090125485,0.8768680380863392
20.742,5.285409810572834,1.1301588067078625,-0.23405751943006628,0.87474255500572
20.762,5.29160779377708,1.1375620476347186,-0.23408124412046347,0.8735904664597568
20.762,5.29160779377708,1.1375620476347186,-0.23408124412046347,0.8735904664597568
20.782,5.297760326830145,1.144975085013457,-0.234096778121163,0.8745537597568608
20.802,5.303888420876108,1.1523916604705402,-0.23410355394285928,0.8767355835588017
20.82,5.309410635893172,1.1590517967866694,-0.2341021262275654,0.8779548265671946
20.84,5.315560083954307,1.1664084512561708,-0.23409412891949452,0.8773535794703688
20.860000000000003,5.32171796044242,1.173737115974947,-0.23408243785078073,0.8753185467562059
20.880000000000003,5.327861743746222,1.1810711174534085,-0.23407021230351563,0.8739530057749957
20.900000000000002,5.333964772447686,1.1884179979123497,-0.23405992373333426,0.8746019710892977
20.92,5.340046641153204,1.195780626066444,-0.23405513358483185,0.8767189784579262
20.94,5.346148230194965,1.2031454625970008,-0.2340571155698146,0.8782140916308558
20.96,5.352280374459548,1.2104927274743094,-0.23406614858401584,0.8777176575331451
20.98,5.358441255364458,1.2178374871872588,-0.23408279127960394,0.8758299594223231
20.984,5.359675119234287,1.2193097894764418,-0.2340870312959474,0.8754686297797482
21.0,5.364607088474866,1.225213176557344,-0.23410691943760928,0.8745929200589251
21.02,5.370755198130355,1.232619132759303,-0.2341360865289955,0.875296159025055
21.040000000000003,5.376894389015216,1.2400510350885297,-0.23416830651802625,0.8773341004400148
21.060000000000002,5.383058842445107,1.2474886935057825,-0.23420102698047426,0.8787010107670056
21.080000000000002,5.389246426357926,1.2549052094516346,-0.2342315257552052,0.8780977296704403
21.1,5.3954515445776,1.2623095752362272,-0.2342580142992889,0.8762050224425387
21.12,5.401643891934956,1.2697261339691752,-0.2342789859705995,0.8750611286670461
21.14,5.407798347446952,1.2771514249699973,-0.2342923619612455,0.8758753775182192
21.16,5.4139257976640955,1.2845789832835557,-0.23429885727589453,0.877974830567645
21.18,5.420061222763681,1.291992925856991,-0.2343002933737304,0.8793490045406878
21.200000000000003,5.42620939027194,1.2993686807054101,-0.23429838055491412,0.8787349009483751
21.212,5.429903467555387,1.3037808521106744,-0.2342968172374749,0.87761195939078
21.220000000000002,5.432366820448047,1.3067238134097412,-0.23429589412525012,0.8768322647149737
21.240000000000002,5.438503296749454,1.314085886894444,-0.23429429298068524,0.8758184018465107
21.26,5.444567274131891,1.3214452052840866,-0.23429380058310487,0.877201754825225
21.28,5.45053298073421,1.3287942908490693,-0.234295329114073,0.8812366728808146
21.3,5.456428927331347,1.3361511328448814,-0.23429855747640746,0.8872383929321493
21.32,5.4622862149339735,1.3435275894434002,-0.2343047917639889,0.8941240471084394
21.34,5.468093469828985,1.3509288028260105,-0.23431425039266265,0.9017235362929258
21.360000000000003,5.473786633468676,1.3583193048768183,-0.234323904104745,0.9107672864274211
21.380000000000003,5.479252531223471,1.3656099465768126,-0.23433013179413467,0.9221538234253073
21.400000000000002,5.484438393057599,1.3727582718884292,-0.2343270647474903,0.9360063393018586
21.42,5.4893775149672495,1.3797921404623783,-0.23431229636128667,0.9516044176502396
21.436,5.493191151509323,1.385388708013207,-0.23429317164449745,0.9647296378892425
21.44,5.4941302449471205,1.3867899968080877,-0.23428764260182408,0.9680419582177612
21.46,5.498765412569267,1.3938395515533464,-0.2342579393161396,0.9845321484786962
21.48,5.503313880672474,1.4009850670786888,-0.2342270659073968,1.0007281334940448
21.5,5.507768899690202,1.4082146904596247,-0.23419721778940403,1.016752012696387
21.52,5.512106499846327,1.4155074845141007,-0.23416952229712082,1.032797338927624
21.540000000000003,5.516316689949273,1.4228557653581648,-0.2341416519831492,1.048963364084696
21.560000000000002,5.52040089148863,1.4302525552361234,-0.23410942183989483,1.0651919605775269
21.580000000000002,5.524363642651676,1.4377111799328866,-0.23407044143291092,1.0813257488388004
21.6,5.528219267104434,1.445247473710815,-0.23402445510786055,1.0972362752948162
21.62,5.531976871192843,1.4528568461969975,-0.23397238172527587,1.1128489413287597
21.64,5.535625441091671,1.460536860471664,-0.2339187604333202,1.1282304107560135
21.662000000000003,5.539509456632781,1.469062803225366,-0.23386491685701413,1.1450256625176432
21.662000000000003,5.539509456632781,1.469062803225366,-0.23386491685701413,1.1450256625176432
21.682000000000002,5.542923546833106,1.4768750942311328,-0.23382547734311357,1.1601863494905043
21.702,5.546221790117464,1.484762700979309,-0.23379740683346747,1.1751964786398312
21.724,5.549732920212534,1.4935427013326743,-0.23378174634419394,1.1915233349344294
21.740000000000002,5.552212970372719,1.4999918466436473,-0.2337802565411974,1.2032604521342334
21.76,5.555224840519214,1.5081350363162265,-0.2337897976651024,1.2178260830609078
21.78,5.558140858998869,1.5163628626320547,-0.23380946378341363,1.232317842808769
21.8,5.560950996081451,1.5246597550691123,-0.2338355992999804,1.2467160034920282
21.82,5.563644584401681,1.5329902325729035,-0.23386327793280617,1.2610049100787803
21.84,5.5661812334181455,1.5412341345304879,-0.233883139016016,1.2753192573475334
21.860000000000003,5.568533146958574,1.5492867769285084,-0.23388636695491252,1.289559961395057
21.882,5.570890313320703,1.5577731855091148,-0.23386160427180094,1.3048164089225203
21.886000000000003,5.571285628624756,1.559234108286351,-0.23385197211360634,1.307479672711029
21.902,5.572734926118272,1.5646903891712127,-0.23379009966215566,1.3178521173605828
21.922,5.574252085570396,1.5706069283948367,-0.2336692072430487,1.330744537217632
21.942,5.575478401153872,1.5756286671300888,-0.23353921591877455,1.3442842678826046
21.96,5.576391729764334,1.5795457265837767,-0.23344601421415265,1.357397070596925
21.98,5.577227040223292,1.583307346657127,-0.23334565544562633,1.3735905648445623
22.0,5.577888873332166,1.5864771657847436,-0.2332348353312638,1.391940267648472
22.020000000000003,5.578396193521628,1.5890758057904133,-0.2331215529422909,1.4125242505766535
22.040000000000003,5.578781446404427,1.5911570465327762,-0.23300224739832007,1.4348203911445714
22.062,5.5791079599126405,1.5929545976040647,-0.23285139532146445,1.4603819996046326
22.082,5.579332140391163,1.5942368140615635,-0.23269484387244346,1.4839142287310072
22.102,5.57949842857553,1.5952487564609554,-0.23250650746367144,1.5075250951848573
22.110000000000003,5.579551349168165,1.595587158774912,-0.23241190323343056,1.5169979001127172
22.122,5.5796166698702505,1.5960290319386452,-0.2322375491259617,1.5312443141891896
22.142000000000003,5.579694799089634,1.5966084218394907,-0.23183325436708954,1.5550490116739064
22.162000000000003,5.579740361734719,1.597026658620137,-0.23126276528498504,1.5788235032227722
22.182000000000002,5.579755326446962,1.5973175963477093,-0.23053220174002156,1.6024978340566411
22.202,5.579743292590952,1.597511464759642,-0.2296788263408134,1.626110744761403
22.222,5.579710801208028,1.5976345624435502,-0.22876025399052388,1.6497500320320049
22.242,5.579664865857851,1.597709282696581,-0.22784153506420715,1.6734696146378147
22.262,5.579606837555333,1.5977520632763205,-0.22698698447435253,1.6972884717790602
22.282,5.579536229929276,1.5977741654767765,-0.22624693953657757,1.7212253505940271
22.302000000000003,5.579454052374079,1.5977811976483083,-0.22564605015487113,1.745310407533986
22.322000000000003,5.579363609520937,1.597780834308442,-0.2251758900045572,1.7695831975488525
22.334,5.579305803967137,1.5977800384878416,-0.22494143456964064,1.7842259274877152
22.34,5.579276163570814,1.5977798662024636,-0.22483516092019148,1.7915639440871254
22.360000000000003,5.5791732805209096,1.5977796749042659,-0.22452484534915154,1.8160579545229931
22.380000000000003,5.579047474632784,1.597823795060438,-0.22426980983440328,1.8406151861860784
22.400000000000002,5.578852643995236,1.598016886342006,-0.22405869982118695,1.8652619455298465
22.42,5.5785294124782805,1.5984741164712295,-0.22388414559329875,1.8901311933621607
22.442,5.577963954862982,1.5993804668376952,-0.22372884512446203,1.9177963733477716
22.462,5.57722339639938,1.6006157763683575,-0.22361201493280317,1.9430482774807174
22.482000000000003,5.576245060229818,1.6022460618954608,-0.22349027698361698,1.9681616871430698
22.502000000000002,5.575020016926755,1.6042602752538713,-0.22333941738363675,1.992631489274441
22.522000000000002,5.573566675809105,1.6066136675350795,-0.22314229233355917,2.016218870670142
22.542,5.5718805186514455,1.6093504907145662,-0.22289247508967666,2.037830290864466
22.558,5.570329442332618,1.6119349438493438,-0.22266200635691438,2.052579408908185
22.562,5.569908585085475,1.6126526179652365,-0.22260215564933314,2.0558079117790635
22.582,5.56755318792688,1.6167927986999235,-0.22230725099699802,2.06875386704476
22.602,5.564710735789274,1.6219751474427175,-0.22206823771151593,2.076225019570636
22.62,5.561688960992289,1.6275720924784793,-0.2219527313271306,2.0793838844666377
22.64,5.557830836685436,1.634729090285273,-0.22197734580647335,2.0802521946717065
22.66,5.5535270894881394,1.6426718626421941,-0.22218349055551953,2.0792696527112784
22.68,5.5489339578345245,1.6511416042489488,-0.22256885667730755,2.0770580103959593
22.700000000000003,5.544209763556472,1.6598680903821668,-0.22309604494801535,2.0738857481227226
22.722,5.538991135199506,1.6695468434923921,-0.22377688690217426,2.0695502962751737
22.742,5.534264073707734,1.678353772149692,-0.22443409464782668,2.0652348290284785
22.762,5.529547435759066,1.6871834992012806,-0.22509764145465203,2.0611653732488042
22.782,5.52481905597689,1.6960264055672463,-0.22575013193008472,2.0582096459691996
22.782,5.52481905597689,1.6960264055672463,-0.22575013193008472,2.0582096459691996
22.802000000000003,5.520081875903064,1.7048334845620747,-0.22638262033562137,2.057318018348687
22.822000000000003,5.515335710414615,1.7135934339164804,-0.226996209978899,2.0587261818955924
22.842000000000002,5.510575187014889,1.7223599892608759,-0.2275994768121389,2.061430055354464
22.862000000000002,5.505816457516774,1.7311669922195212,-0.22820083973456487,2.063649123405761
22.882,5.501086865501321,1.7399946845061263,-0.22880297043433992,2.0643289815265335
22.900000000000002,5.496839072334657,1.7479568248621087,-0.22934124326871017,2.063994575348671
22.92,5.492094662599632,1.756814989433015,-0.22992069492184933,2.0639329198240124
22.94,5.487310038067279,1.7656602505272314,-0.23045784737125577,2.0653398686696716
22.96,5.482478586800905,1.7745251914147715,-0.23092804081718785,2.067893938018207
22.98,5.477622906204785,1.7834429118582635,-0.2313075275507869,2.0703066978123372
23.002000000000002,5.472256688996184,1.7932640339443058,-0.23160318680892736,2.0732032393794455
23.01,5.470303890332661,1.796801737541859,-0.2316774593346372,2.074739303682698
23.022000000000002,5.467384345622005,1.802025210312539,-0.2317555849216715,2.0778758845377068
23.042,5.462589639874095,1.8103903259584375,-0.2318072826155468,2.0860886865145147
23.062,5.457918450183935,1.818249886638415,-0.23179137289091303,2.0981410680117345
23.082,5.453342310007875,1.8256608222128925,-0.2317752634198064,2.1132699675007016
23.102,5.448774468771001,1.8327743492817508,-0.23186498808177433,2.1305458157302746
23.122,5.444127443696322,1.8397375274305998,-0.23217916800265767,2.14930780604674
23.142000000000003,5.439417637072932,1.8465239833817608,-0.23277072509793653,2.1690571659672075
23.162000000000003,5.4347326733278525,1.853004214877429,-0.23362109192399647,2.1890348007665694
23.182000000000002,5.430109334736838,1.8591335381574428,-0.2347098294730577,2.2084715932288916
23.202,5.425519839916389,1.8649812079060721,-0.23595819056391512,2.2266617048127357
23.222,5.4208932958994955,1.8707157611372631,-0.23723819607668914,2.2425975002635212
23.234,5.418067658191953,1.8741881686449742,-0.23797757432886316,2.2504701173064023
23.242,5.4161586267663,1.8765342877411548,-0.23844720412066497,2.2548762857196816
23.262,5.41128750518234,1.8825533785169362,-0.2394622440660686,2.2627206434100855
23.282,5.406193634774241,1.88891172863918,-0.2401239535938001,2.266079700746229
23.302000000000003,5.400745843855827,1.8957405778918746,-0.2403165328636083,2.265983095763981
23.322000000000003,5.39514304571698,1.902710882570795,-0.2400278305759224,2.265150104315311
23.342000000000002,5.389656819420222,1.9094387968772608,-0.23940004579605587,2.2650599440985673
23.362000000000002,5.384333263251834,1.9159159731457753,-0.23861227108235442,2.2649815049635547
23.382,5.379123596559967,1.9222680464087218,-0.2378099164914614,2.2635044510121
23.402,5.373982405952037,1.928598002822819,-0.23708302621521624,2.260225894154284
23.422,5.368796195270665,1.9349974253916762,-0.2365546116227852,2.2563714410186475
23.442,5.363433729869121,1.9415857795202855,-0.23631773564707595,2.2536891117458513
23.456000000000003,5.359514955877867,1.9463819693820015,-0.23633452760523113,2.2528932257666687
23.46,5.358366825970684,1.947786149674645,-0.2363656440853046,2.252800032708584
23.48,5.352448536870507,1.9550230398951385,-0.2366771037537778,2.2527161265553044
23.5,5.3463698853313835,1.9624917310936598,-0.23719042051060088,2.252286842050595
23.520000000000003,5.340305825441458,1.969978669948956,-0.237803131036163,2.2510976071987683
23.542,5.3336785301457885,1.9781607304956335,-0.23846522077127583,2.2502324734168098
23.562,5.3276053597752595,1.985606450373513,-0.2389614639970972,2.2512964306000436
23.582,5.321425338907672,1.993127826581523,-0.23928858103935333,2.2539237842144466
23.602,5.315197080028475,2.0007176770178194,-0.2394183809996858,2.256221952156468
23.622,5.309044686167605,2.0082438347658975,-0.23936861546456836,2.2573273760830297
23.642000000000003,5.303029048952122,2.0155623675331453,-0.2391709859379307,2.2591041634309343
23.662000000000003,5.297201110390489,2.0225131299257355,-0.23885970917414553,2.2639862976922442
23.682000000000002,5.291597058633329,2.0290028361088037,-0.23846730210798436,2.2729943305330913
23.682000000000002,5.291597058633329,2.0290028361088037,-0.23846730210798436,2.2729943305330913
23.702,5.2861661568387355,2.035095703996502,-0.2380388305700655,2.2852791653396642
23.722,5.28080409293067,2.0409408758326846,-0.23763505912951158,2.299270936460025
23.742,5.2753850565850575,2.04670453880088,-0.23730948583785558,2.313830600078368
23.762,5.269818133969215,2.052481219117186,-0.23709962948897675,2.328481307844726
23.782,5.2640566596466165,2.0583063420212295,-0.23702184218952874,2.3432455323646195
23.802000000000003,5.258061861406301,2.0642073891959147,-0.23706886066784708,2.3581339703356874
23.822000000000003,5.251807036241644,2.07022541433515,-0.23721334780371792,2.3724538583214785
23.842000000000002,5.245292658061057,2.076420238717956,-0.23741222952111815,2.384520946414707
23.862000000000002,5.238587857977978,2.0827939364785886,-0.23760367123072448,2.39270347468444
23.882,5.231798504872403,2.0892826365791275,-0.23773118084440517,2.3964014943865943
23.902,5.225012739489723,2.0957961395829496,-0.2377554185342127,2.396257823414484
23.906000000000002,5.223660319512639,2.0970928947107086,-0.2377460844681579,2.3959434742321606
23.922,5.2182657448782415,2.102240720559674,-0.2376613667612367,2.394531660740938
23.942,5.211565169052318,2.1085554958436266,-0.23746028713319325,2.3938125279808045
23.962,5.204934985185165,2.1147216776076703,-0.2371745133842358,2.394742952863873
23.982000000000003,5.198405481695142,2.1207813067929964,-0.236842955675406,2.3953694151502045
24.002000000000002,5.191999426059162,2.126782679869316,-0.23651185566265345,2.393719672333461
24.022000000000002,5.185679648939182,2.1327787215244243,-0.23621879190878084,2.389631680264252
24.042,5.17933883668209,2.138801682856973,-0.2359925670746428,2.3853451635469036
24.062,5.17290076222053,2.1448667884091215,-0.23585080818045642,2.383149425433897
24.082,5.166332285002288,2.150996048121459,-0.23579889667796197,2.383566003104508
24.102,5.159625088694676,2.157252141879779,-0.23583699749805168,2.384919327208802
24.122,5.152789186495968,2.163681709994509,-0.23595823295875204,2.3850180318524727
24.130000000000003,5.150026413832693,2.166302739487423,-0.23602792207877402,2.3844523742932417
24.142000000000003,5.145850658812123,2.1702790092138455,-0.23615226956881988,2.3831789153753173
24.162000000000003,5.138804748458668,2.1769911528866372,-0.23640085257078722,2.381141945714179
24.182000000000002,5.131660414956139,2.183743843313639,-0.23668123739191835,2.3811224717536676
24.202,5.124447522294375,2.1904840933592387,-0.2369713484584944,2.3837013192232765
24.222,5.117205707646275,2.197241692420769,-0.23724758197384424,2.386788551639225
24.242,5.109994195069943,2.2040394308216396,-0.23748093565667225,2.3877195969822678
24.262,5.102854432011733,2.2108511420110144,-0.23764393156716387,2.385810651497773
24.282,5.095774153457167,2.217618201736161,-0.2377195101107372,2.3833960807844607
24.302000000000003,5.088757813658203,2.2242481649362826,-0.23769864746043692,2.3831087921378753
24.322000000000003,5.0818434442755525,2.230698925549144,-0.23758792790997077,2.385386053114891
24.342000000000002,5.0750912317831105,2.2370130950159086,-0.23740931640966853,2.3874154494955495
24.358,5.069901022535785,2.241958133042221,-0.23722909576071113,2.386425505780084
24.362000000000002,5.0686419295027765,2.2431747179327686,-0.23718009150492245,2.385633897208069
24.382,5.062588152590124,2.249138077407496,-0.23692431484562662,2.3782664700204412
24.402,5.056889769385954,2.254932530170652,-0.23666656982909048,2.3661760877202838
24.422,5.051450638990289,2.2606419745990163,-0.23642355933707135,2.3510133090991547
24.442,5.046195362927288,2.26634406672291,-0.2362110852419487,2.334053467004865
24.462000000000003,5.041086259413674,2.272076339786409,-0.23604622947856888,2.315901697026719
24.482000000000003,5.036114361761985,2.2778642316023032,-0.23593916446294197,2.2967982783209204
24.502000000000002,5.0312659339039785,2.283737765857409,-0.23588944572772239,2.2769251917386244
24.522000000000002,5.026532074011365,2.2897060355797443,-0.23588905764368942,2.2564928841049907
24.542,5.021904696013786,2.295784527569623,-0.2359271887160679,2.2357531645872726
24.562,5.017370775744781,2.301985374931319,-0.23599152915099667,2.2149372452846183
24.582,5.012928088575889,2.308324980212292,-0.2360694708281635,2.1941836106038677
24.582,5.012928088575889,2.308324980212292,-0.2360694708281635,2.1941836106038677
24.602,5.0085767541642765,2.3147963655076618,-0.23614583238840484,2.173531924264221
24.622,5.004324085581547,2.3213797756962165,-0.2362039179243459,2.15310262413613
24.642000000000003,5.000179181234067,2.3280735281845923,-0.23623054764140242,2.1330353102483515
24.662000000000003,4.996115685687564,2.3349079744267263,-0.23621516784209026,2.113677383985863
24.682000000000002,4.99208155524995,2.341911763404891,-0.23615430432002685,2.0958775040529107
24.702,4.987994927440939,2.3491308011667944,-0.2360525126388143,2.081351788265094
24.722,4.983808123264564,2.356566155264147,-0.23592111152630432,2.071426572026736
24.742,4.979524017319383,2.3641537973959066,-0.23577703842624123,2.0662647830668788
24.762,4.975180347672415,2.3718386859614435,-0.23563730404853409,2.0651554732175077
24.782,4.970817818020624,2.3795969510035118,-0.2355187506913559,2.066277411001126
24.802000000000003,4.966455985929833,2.387459049611198,-0.23544009030876314,2.0674208985455587
24.806,4.965583327020255,2.389045449706239,-0.2354305145700422,2.06754320771318
24.822000000000003,4.962086894967282,2.395437531616166,-0.23541572873616043,2.067762312823379
24.842000000000002,4.957668391606122,2.40352682249277,-0.23545525970523537,2.068307828292097
24.862000000000002,4.953148494685652,2.41172006476686,-0.23556250290071787,2.0706962123277735
24.882,4.948519556568457,2.420005451102143,-0.2357381013627908,2.075088394094739
24.902,4.9438174026366335,2.42839468638072,-0.2359777032212447,2.079503829715301
24.922,4.939087615184969,2.436901099049106,-0.2362709789927974,2.0817381753420876
24.942,4.934366335718599,2.445479894059147,-0.23660100362189604,2.081472078046824
24.962000000000003,4.929622635162408,2.454078126724648,-0.23694799168429684,2.0807360742565115
24.982000000000003,4.924812667042299,2.4626761737902174,-0.23728610938959235,2.081708773101134
25.002000000000002,4.919950555723222,2.4712574415749695,-0.2375850073246996,2.084404929496286
25.022000000000002,4.915098136079069,2.4798385449784535,-0.23781342793847335,2.0862765906411425
25.03,4.913177056647482,2.4832684811179178,-0.23787837759420746,2.086261972227823
25.042,4.910324960458672,2.488397639434705,-0.2379445168729247,2.0852665145530507
25.062,4.905657646422843,2.4968588689021587,-0.23797015354467796,2.081894705301714
25.082,4.901064413929127,2.5051538085928016,-0.2378930494759576,2.0791106532812096
25.102,4.896521251084055,2.5132275512295745,-0.23773116443796607,2.079110831249487
25.122,4.892029152580099,2.521111052059486,-0.23751738491434912,2.0817133025451997
25.142000000000003,4.887609962890991,2.5288829922311304,-0.23728195694334722,2.084128726550822
25.162000000000003,4.883303732693801,2.536593973703341,-0.23705800778953864,2.083857144415109
25.182000000000002,4.8790726257602435,2.5442934110016524,-0.23687303372299404,2.0807481170847164
25.202,4.874823486704478,2.5520242422235513,-0.23673985053446925,2.0775185585724434
25.222,4.870491097734794,2.5597749715639333,-0.23665715324061606,2.076849418443033
25.242,4.866065059536815,2.5675576749816362,-0.23662082139287852,2.079367814131963
25.254,4.863377597266496,2.5722642629839907,-0.23661821419671683,2.081396175902457
25.262,4.861581442035214,2.57542395667825,-0.23662234083702363,2.0825019072876914
25.282,4.857115414212678,2.5833913111038314,-0.23664562159139543,2.083267789543843
25.302000000000003,4.85269674829474,2.5914342823642533,-0.23667550310633892,2.080627756624825
25.322000000000003,4.848280755474994,2.5995281595805944,-0.23669681372979492,2.076759584988315
25.342000000000002,4.8438193238283835,2.607599677809178,-0.23669234619126114,2.075048522766285
25.362000000000002,4.839317913336576,2.6155793260953244,-0.23664729333430198,2.0769352055869335
25.382,4.834815862649918,2.623492023844858,-0.23655495348680824,2.0803848212734475
25.402,4.8303913652680945,2.631367933748369,-0.23641205517991384,2.0820380032403287
25.422,4.826087618602676,2.6391863797081023,-0.23622820587159868,2.080306643440212
25.442,4.8218553743292185,2.646950545885237,-0.23601741147884595,2.076755560107638
25.462000000000003,4.817617866799903,2.654641937344357,-0.23579074816806653,2.074768814979722
25.478,4.814203063994877,2.660726460266253,-0.23560843083971392,2.075593214635742
25.482000000000003,4.813345523138705,2.6622398679562433,-0.2355640228520385,2.0761370146287126
25.502000000000002,4.8090425818420695,2.669799553908832,-0.2353551091465739,2.0797736772575117
25.522000000000002,4.804752796860025,2.6773968488318207,-0.23518001178512363,2.082366164863988
25.542,4.800516074245008,2.685057758608774,-0.23505563213301614,2.0817005759981297
25.562,4.796286536160615,2.6928165067772474,-0.2349967918382814,2.0783668868504757
25.582,4.7919683830933515,2.700695118575571,-0.23501278515867893,2.075657120862165
25.602,4.787514160426613,2.7086531547658415,-0.23510567451262063,2.076067803960494
25.622,4.78293451286567,2.716697309021056,-0.23527387828692062,2.0794990072431636
25.642000000000003,4.778283365473223,2.724889591273002,-0.23550683498108158,2.082648182436477
25.662000000000003,4.7736517606320295,2.733210423352106,-0.2357868378968809,2.0827017201827465
25.682000000000002,4.7690661851904474,2.7416002357266276,-0.23609469452587253,2.0793581019923804
25.702,4.764461007198452,2.750026914688745,-0.23640932656279232,2.075856978182315
25.706000000000003,4.763531434616252,2.7517106613306246,-0.23647081119981514,2.0754656488008756
25.722,4.75977935858786,2.7584233189092227,-0.23670346020330754,2.0754799652664486
25.742,4.755033604516553,2.7667608857699584,-0.23694871128142406,2.0789845090895134
25.762,4.75027836869005,2.7750858593570915,-0.23712454868630375,2.083275258982347
25.782,4.7456169113538325,2.783392008644345,-0.23721224859761839,2.0846842282010627
25.802000000000003,4.741109440222103,2.7916043714856573,-0.23720710955654703,2.0819120193992946
25.822000000000003,4.736701543898206,2.799702869234181,-0.2371178996693035,2.0775750150396775
25.842000000000002,4.732320961336658,2.8076240364648757,-0.23695872302327284,2.0755270165008857
25.862000000000002,4.727960379148438,2.815330509994268,-0.2367571539862713,2.0775268047873126
25.882,4.72361257912404,2.8229264699774617,-0.23654659458030472,2.0816549829361692
25.902,4.719319322305683,2.8305166335131497,-0.23635425223087173,2.0841221091302633
25.922,4.715121247006805,2.8381189037778656,-0.2361963489014531,2.082740617847771
25.930000000000003,4.713458461759469,2.841169608710153,-0.23614546023817853,2.0812111634283443
25.942,4.710962985216671,2.845764408790776,-0.23608365180506066,2.078598016699884
25.962000000000003,4.706750712573986,2.853432997388479,-0.23601509547930785,2.075740705778043
25.982000000000003,4.702454664488818,2.861045471531896,-0.23598399329076128,2.0771186351632354
26.002000000000002,4.69809952052087,2.8686070421441228,-0.23598816812330128,2.081911838285199
26.022000000000002,4.693750350708131,2.8762159588229768,-0.23602692753554402,2.085504364411273
26.042,4.689488554919929,2.8838951278317033,-0.236097915573492,2.0844883345126863
26.062,4.685298538304229,2.891634313042577,-0.23620221830197638,2.0794604069603126
26.082,4.681060649474359,2.899415442286,-0.23633444900023023,2.075263471245482
26.102,4.6767154656288845,2.907152325906684,-0.236480874845754,2.075985968022752
26.122,4.672286797053206,2.9148159619232765,-0.23662458227894992,2.081592475007254
26.142000000000003,4.667865515299988,2.9224803023558064,-0.23674340369057814,2.0868354416548534
26.154,4.665269689104955,2.9270839085094296,-0.23678699853881122,2.0876472689306316
26.162000000000003,4.6635743266555165,2.93014647264752,-0.23680053259502495,2.086944145965143
26.182000000000002,4.659461763520922,2.937717376819924,-0.23677461981944095,2.081883395991536
26.202,4.655456357193212,2.9450816980071464,-0.23666456324095705,2.076758775273017
26.222,4.651456882264859,2.9522043554885906,-0.2364789228784954,2.0766271859842584
26.242,4.647451738576585,2.9590907891431772,-0.23623407293476453,2.081884023280935
26.262,4.643539807597452,2.96579710693687,-0.23594622282871916,2.087686388357095
26.282,4.639784604118558,2.972433765174728,-0.23563015224635667,2.0886452901452572
26.302000000000003,4.63617547075036,2.979059985703657,-0.23530599783799774,2.0837713642885074
26.322000000000003,4.632626196895153,2.9856326171300123,-0.23500314365752303,2.077368759816241
26.342000000000002,4.629007846621499,2.9921441421209742,-0.23473799348468846,2.0753194513287956
26.362000000000002,4.625255867006126,2.9986293246094227,-0.23452204086727316,2.0794410535110153
26.378,4.6222079510305445,3.003824981326627,-0.2343890800701395,2.0847379888190707
26.382,4.621446852911818,3.0051312225670697,-0.23436114448677034,2.0859031849629237
26.402,4.617671872404578,3.0117475259674578,-0.23425321874613467,2.0885872300402335
26.422,4.613951067179051,3.018544115813347,-0.23420324518663307,2.085075150579746
26.442,4.610241244383995,3.025463975139429,-0.23421216308320916,2.078198098553827
26.462000000000003,4.606424891244262,3.032436940724937,-0.23427212021991647,2.0743264834744455
26.482000000000003,4.602427716436217,3.0394489385305157,-0.2343768442302301,2.0768129413699823
26.502000000000002,4.598319205523954,3.0464713663344165,-0.23451800109492912,2.0836137279529194
26.522000000000002,4.594231654464339,3.0535655508408897,-0.23468284022907013,2.0883165829187673
26.542,4.590225557935089,3.0607933129651594,-0.2348583841110208,2.0867252342809928
26.562,4.586313875052974,3.068086359508539,-0.2350345624347396,2.079824626923697
26.582,4.582396936109145,3.0753503058907103,-0.2352002722730637,2.0737685580218663
26.602,4.578356975297603,3.082567681950951,-0.23533988343907905,2.0737473434230496
26.602,4.578356975297603,3.082567681950951,-0.23533988343907905,2.0737473434230496
26.622,4.5742030848406126,3.089705035353199,-0.2354402510393603,2.080040050677156
26.642000000000003,4.5700809952768,3.096776356639993,-0.23549001666426436,2.0867435455803904
26.662000000000003,4.566091781495243,3.103852226819864,-0.23547321948863523,2.088055375741457
26.682000000000002,4.5622575847712215,3.110930190803747,-0.23538763286068068,2.0831268486687016
26.702,4.558504916555647,3.1179026990756302,-0.23524663649989794,2.0767932726118667
26.722,4.554717804595499,3.124727158238435,-0.23506470653784708,2.0749304434908535
26.742,4.550847773082917,3.1314317651905936,-0.23486211576811936,2.0791865263061426
26.762,4.546976071608279,3.1380697612551005,-0.23466154724243796,2.085594033086056
26.782,4.5431849844938075,3.144735769138928,-0.2344751365006543,2.088230418712333
26.802000000000003,4.5394901483701515,3.1515008370875273,-0.2343199473418451,2.0847309475971474
26.822000000000003,4.535827924647765,3.1583302251271133,-0.23421168272155937,2.0781919202495995
26.830000000000002,4.534342112060175,3.1610676986075976,-0.23418254397956914,2.0761994974802196
26.842000000000002,4.532069132145469,3.165181874580396,-0.2341553541335186,2.074825296048921
26.862000000000002,4.528133947812405,3.1720701452782447,-0.23415945180309602,2.077666328503253
26.882,4.524072277992505,3.179010418480745,-0.23422932931166893,2.084465807479942
26.902,4.520001917298427,3.186073170292907,-0.23435997880386952,2.088839636493035
26.922,4.515998168940582,3.193299605306886,-0.23454115289132058,2.0869373829628923
26.942,4.512076142408186,3.2006004767394085,-0.23476176684046132,2.080027532524933
26.962000000000003,4.508128366168679,3.2078812239117473,-0.23500570953297908,2.0743711355121137
26.982000000000003,4.504050264215236,3.2151306934562283,-0.23525545597896289,2.074872187351608
27.002000000000002,4.499859832573959,3.222319755775339,-0.23549345558295173,2.081369054804396
27.022000000000002,4.495683607054192,3.229492447708968,-0.2357035438559739,2.087823455376854
27.042,4.491605861196756,3.2367444586101426,-0.2358650478834692,2.0885183857572622
27.054000000000002,4.4892333370893605,3.2411218816473637,-0.2359307684200561,2.0854441883951162
27.062,4.487681307151362,3.2440364788545204,-0.23596018802249227,2.082274629768766
27.082,4.483846607226436,3.251272060269998,-0.23597697945593757,2.073566894934486
27.102,4.479971152354784,3.258436763361572,-0.23591106777192825,2.068274397281331
27.122000000000003,4.476050008902907,3.2655424734418697,-0.23576968263238687,2.0667690592617007
27.142000000000003,4.472260599615902,3.2725516375606194,-0.23556998206465687,2.063162519517112
27.162000000000003,4.4687704381847935,3.279363750881755,-0.23533651751870846,2.0533769177160472
27.182000000000002,4.46560527748183,3.2859370797168674,-0.23509301739609292,2.0376662452879537
27.202,4.462655082887442,3.292360756884271,-0.23485463912824225,2.019929909934981
27.222,4.459729035229308,3.2987760478456916,-0.23463787283970264,2.005464193337444
27.242,4.456664855356373,3.3053351377934255,-0.2344639266833882,1.9972166208789532
27.262,4.453458402773701,3.3120918309714815,-0.23435376571855845,1.994035039080254
27.278000000000002,4.4508526297879145,3.31764594687922,-0.23431679936241936,1.992265262903014
27.282,4.450200326284986,3.3190585373599175,-0.2343147830832296,1.991650755300582
27.302000000000003,4.446947059684454,3.3262618883648583,-0.23434868868489142,1.9870144651125972
27.322000000000003,4.443687093056129,3.3336417434348364,-0.23445128566888793,1.9815007993379572
27.342000000000002,4.440327888922332,3.34115515499928,-0.23461110938117255,1.9794755809554594
27.362000000000002,4.436833489559031,3.348737653823952,-0.2348109836831946,1.9829646776881642
27.382,4.433297868037167,3.356330489217656,-0.23503215530566798,1.9890089078980688
27.402,4.429813989507346,3.3640086330839107,-0.23525708942156429,1.9917790221197584
27.422,4.426436076331861,3.3718039766035854,-0.23547129256254593,1.9886904872752358
27.442,4.423113557118252,3.379602318659918,-0.2356591231605595,1.9830935575573427
27.462000000000003,4.4197210035041525,3.3873504221871045,-0.23580436127408635,1.9813375937152953
27.482000000000003,4.416219576913589,3.395012789944602,-0.2358942761731261,1.985692842337491
27.502000000000002,4.412722349555071,3.402557097468888,-0.23591896479356692,1.9922354440069874
27.502000000000002,4.412722349555071,3.402557097468888,-0.23591896479356692,1.9922354440069874
27.522000000000002,4.409358925328626,3.4100259078791764,-0.23587151761086336,1.9946723385012992
27.542,4.406174334121351,3.4174501513764826,-0.23575991567966972,1.9906508883021392
27.562,4.403130406245438,3.4247646545852723,-0.23560038223541627,1.982789073869786
27.582,4.400099856066788,3.4319647954120365,-0.23541026544580043,1.9765957771718021
27.602,4.396984797827124,3.439129958828599,-0.23521445481129286,1.9750500122805374
27.622000000000003,4.393852522332027,3.4462862191447994,-0.23502845481843201,1.975229136345736
27.642000000000003,4.390815541334523,3.453477556729427,-0.23486376800501682,1.9718722788517669
27.662000000000003,4.387921495469087,3.460701566725387,-0.23472720757228596,1.9632631395677083
27.682000000000002,4.38512477493742,3.4679167856039355,-0.23462081276790228,1.9522402999099642
27.702,4.382294422500223,3.475154936463426,-0.2345444552966698,1.9440866761176723
27.722,4.379339320841615,3.4824854693249754,-0.2345027140581936,1.9412885973351484
27.726000000000003,4.378737957761746,3.4839631424364876,-0.23449904789020617,1.9411847145932009
27.742,4.376332744600427,3.4899216482376847,-0.23450129493978003,1.9408067066820227
27.762,4.373391226323603,3.4974847908732416,-0.23454383397107328,1.9371926956596792
27.782,4.370580461793884,3.505146731029429,-0.23463287675342484,1.9283732771462987
27.802000000000003,4.367874080679668,3.5128479930425853,-0.23476911862969393,1.916768898387968
27.822000000000003,4.365146842587723,3.5205970770929778,-0.2349454529857937,1.9074658732882657
27.842000000000002,4.36233597455986,3.528438057550834,-0.23515259431199662,1.9027126245702095
27.862000000000002,4.359527804370881,3.5363508769612233,-0.2353766511933341,1.8988063008257476
27.882,4.356852438258165,3.544316569892502,-0.23560176307737038,1.8910223429684654
27.902,4.354361379525654,3.5522597549526727,-0.2358084485863071,1.8785689365140295
27.922,4.3519760531684275,3.5601324349432963,-0.2359731531394352,1.865757185300264
27.942,4.349558522728875,3.567935027827529,-0.236070885010318,1.858300331656977
27.950000000000003,4.348566615814086,3.5710348985548195,-0.23608654358528805,1.8574447417377224
27.962000000000003,4.3470507324016445,3.5756524225748874,-0.2360837368452887,1.858370538216265
27.982000000000003,4.344524867761591,3.583244803874143,-0.23601318817716757,1.863344862003194
28.002000000000002,4.342101852112373,3.590754648845616,-0.23587248366751254,1.8669891430509788
28.022000000000002,4.3398299329548715,3.598260064225423,-0.2356753980098756,1.8654029469536204
28.042,4.337667051904607,3.6057272749777134,-0.23544283363239407,1.8601726970340693
28.062,4.335488205760512,3.6131065621810667,-0.23520510915679652,1.8570988547086165
28.082,4.333203493617105,3.62041482694776,-0.23498510299900402,1.8599229717036767
28.102,4.330835722859685,3.6276697589478557,-0.234799156563699,1.8673915905955358
28.122000000000003,4.328497521061001,3.634926385287356,-0.23465319505373364,1.873736118860336
28.142000000000003,4.326247520799646,3.6422931883215885,-0.23455131872589594,1.874467310157718
28.162000000000003,4.324069138279932,3.649792641090977,-0.23449941653040737,1.8699786142453518
28.178,4.322295465342149,3.6558533286452635,-0.234493137549683,1.8663912199468573
28.182000000000002,4.321839547798579,3.657377949919721,-0.2344961921984496,1.8658840996562365
28.202,4.319454269738318,3.665057883407044,-0.23454009293924896,1.8669170094929222
28.222,4.316925345879852,3.672793468662619,-0.23463181820058168,1.8730342305841814
28.242,4.31438188188162,3.6805886774334833,-0.23476566882155167,1.8788161110090036
28.262,4.311919763177359,3.6885007850648037,-0.2349303820167292,1.8791527383178164
28.282,4.309564125444366,3.6964879105064483,-0.23511636879801576,1.87368296002134
28.302000000000003,4.307215050195666,3.7044632919158396,-0.23531108776163626,1.8677304661666476
28.322000000000003,4.304748330572064,3.7124346158882187,-0.2354987616804257,1.8669214147226605
28.342000000000002,4.302150581746825,3.720370745259766,-0.23566122718300683,1.8721721495422616
28.362000000000002,4.29954647069955,3.728267328645435,-0.23578084115906414,1.8783561363997026
28.382,4.297022702159157,3.7362176592867167,-0.23583552783423825,1.8802935062275667
28.402,4.2945597529880795,3.7441684361523664,-0.23581199456651195,1.8792879643024996
28.402,4.2945597529880795,3.7441684361523664,-0.23581199456651195,1.8792879643024996
28.422,4.292059303270001,3.7519422481616,-0.2357147851741507,1.8817433921753295
28.442,4.289491790410683,3.759326301097524,-0.2355647681827989,1.8914064872960417
28.462000000000003,4.2868863035603955,3.7662344173279547,-0.23540930665792323,1.9079008254786942
28.482000000000003,4.28422337198525,3.772783512802032,-0.23533420400406627,1.9288043221399749
28.502000000000002,4.281440716628735,3.7791668204813265,-0.23545222003796343,1.9520360516865993
28.522000000000002,4.278506364180053,3.7854506492721214,-0.23585020234421825,1.976671474938607
28.542,4.27546835592077,3.7915074228737176,-0.23654019971457688,2.0022197977136242
28.562,4.272412552167243,3.7971564731275405,-0.2374858260177596,2.0282767829279322
28.580000000000002,4.269692426436854,3.8018269723856717,-0.23850749314127848,2.051951278285354
28.6,4.266712932460539,3.8065850044195124,-0.23973570539612474,2.0783687499666534
28.62,4.263740443146971,3.810992869078291,-0.24096344000213385,2.1048817639694546
28.628,4.262543855645341,3.8126878031316807,-0.2414414592059547,2.1153963025499936
28.64,4.260735742077885,3.815180561635393,-0.2421333602032992,2.1308452991407565
28.66,4.257674864643288,3.819273608203501,-0.2431610305302034,2.1550768152033832
28.680000000000003,4.2544949248367825,3.8234387311084257,-0.24390810310542474,2.1770936860941683
28.700000000000003,4.251075175815114,3.827854499036918,-0.24427177533507435,2.1977049991517887
28.720000000000002,4.247372710968718,3.832554593126533,-0.24424604589730467,2.217521983443789
28.740000000000002,4.243533520176905,3.8373653668681933,-0.24386992648587888,2.235390356375562
28.76,4.239690879984276,3.8421643321995553,-0.24325144180710048,2.249277451011869
28.78,4.235869453602007,3.8469705006166115,-0.24254830619689663,2.2581110372275663
28.8,4.232026902993559,3.851847163474078,-0.2418965899544749,2.2621369313608066
28.82,4.228137729293547,3.8568023018363666,-0.2413630128909787,2.262464712422301
28.840000000000003,4.224157099415549,3.861846823243884,-0.24103305098202235,2.2607366093054413
28.852,4.22168945285229,3.864949511980122,-0.24096558826352873,2.2593713896238294
28.860000000000003,4.219999110059561,3.86706406656497,-0.24097919377988344,2.258470559987534
28.880000000000003,4.215623145873303,3.8725061500630535,-0.2412091156325469,2.256508158930194
28.900000000000002,4.211165793603516,3.8780308256162614,-0.24164894945163476,2.254786057767202
28.92,4.206766534719041,3.88351043806097,-0.24219018050120042,2.252326100788974
28.94,4.202453799272697,3.8889354106383,-0.24273745564318097,2.2484317384346992
28.96,4.1981859641197445,3.894344999207817,-0.24322372200033945,2.2436118214346115
28.98,4.193874432579969,3.8998098467737754,-0.24358129949306148,2.2392760158754563
29.000000000000004,4.189429658142199,3.9054119094041884,-0.24377027939132925,2.236522659232229
29.020000000000003,4.184870440876078,3.911129510798731,-0.2437837421716225,2.235319154446893
29.040000000000003,4.1803198293954145,3.916839739124893,-0.24364859259337782,2.2349540013772207
29.060000000000002,4.175857499627655,3.9224601954010807,-0.2434149868834561,2.234835197153248
29.076,4.172359705066098,3.926879932076546,-0.243190767099025,2.2347801900007576
29.080000000000002,4.1714938651123745,3.9279755860046053,-0.2431325662519709,2.2347777991902475
29.1,4.16720140362881,3.9334127820406897,-0.2428419593502034,2.234946551486482
29.12,4.162937832296445,3.9388124082280047,-0.242588849651415,2.235578012834695
29.14,4.1586525424620815,3.94423461113109,-0.24244085438339877,2.236639194359669
29.16,4.154288365675754,3.9497581476539687,-0.242438932414373,2.2378105764897476
29.180000000000003,4.149814517831479,3.955425128727654,-0.24259291685068315,2.238728412315396
29.200000000000003,4.145275002112304,3.961181156967764,-0.24287467217517542,2.239217106874987
29.220000000000002,4.140742641239899,3.966931666329757,-0.24323721566208925,2.2393981895943122
29.240000000000002,4.136245472541616,3.972634244245338,-0.24363020675437982,2.239598587652148
29.26,4.131765455046655,3.9783012816143675,-0.24400299095137315,2.24009348736677
29.28,4.127265330564796,3.983980537177205,-0.2443169022257081,2.2408709492224097
29.3,4.122715022823829,3.9897223070288446,-0.24453679111877233,2.241596068173778
29.3,4.122715022823829,3.9897223070288446,-0.24453679111877233,2.241596068173778
29.32,4.118107912859706,3.9955438532313012,-0.24465177009029135,2.2419130758117563
29.340000000000003,4.113483723028562,4.001398213608186,-0.24466509274422057,2.241756050290804
29.360000000000003,4.108889044919964,4.007215638112752,-0.24459197703978894,2.2414327753311962
29.380000000000003,4.104345082879024,4.012956719910685,-0.24445370238879857,2.2414217314511173
29.402,4.099396659531455,4.019173609120842,-0.24425108135821474,2.242372596742701
29.422,4.094925743643607,4.024741281053374,-0.24403675109686981,2.244453878608636
29.442,4.090456279929408,4.0302378626868425,-0.24380275291952205,2.248386295393266
29.462000000000003,4.085959434644533,4.035660275142492,-0.24356446874788742,2.2548055874986943
29.482000000000003,4.081446530320004,4.0410036303626855,-0.24334742044780497,2.263121616340519
29.502000000000002,4.076937016173493,4.046292510817627,-0.24316460935756098,2.2717370804967336
29.522000000000002,4.07241893636294,4.051573281277461,-0.2430266308368714,2.2792622668539386
29.526000000000003,4.071511459404541,4.052631600680599,-0.24300466454390848,2.2806100020660747
29.542,4.067863571545537,4.05687701569725,-0.24293640714906686,2.285607168469276
29.562,4.0632397162219425,4.06221342796784,-0.2428984176465744,2.2914792207810795
29.582,4.05851242805687,4.067591106711383,-0.24291233359331013,2.297737519479388
29.602,4.053686099885911,4.072999329802378,-0.24297353325708318,2.3045899436110555
29.622000000000003,4.048785182321332,4.078429961334907,-0.24307633388266423,2.3114199930235055
29.642000000000003,4.043826322134704,4.083886049966983,-0.24320840082108577,2.31729372060616
29.662000000000003,4.038825901546805,4.089389251150379,-0.2433574439053424,2.3211227528809935
29.682000000000002,4.033807501015993,4.094952724708816,-0.24351082543632682,2.32193248171223
29.702,4.028795942319267,4.100541503056701,-0.24365439509287193,2.3201081714833083
29.722,4.023771468827627,4.106119267906705,-0.2437725335255457,2.317684351664507
29.742,4.0186886505713035,4.11168201237488,-0.24385275603825965,2.3166597946245204
29.750000000000004,4.016641200306934,4.113901191175294,-0.2438733802445017,2.316807826714221
29.762,4.013565289309054,4.117219305426869,-0.24389192998383366,2.3174380207622036
29.782000000000004,4.008452291538897,4.122729688913379,-0.24389135011054572,2.3184494681005856
29.802000000000003,4.003380779372859,4.1282514744379855,-0.2438631244340634,2.317627092757676
29.822000000000003,3.9983600417229628,4.1337869403042165,-0.24382895964704085,2.3143364108843243
29.842000000000002,3.9933857416046585,4.139302978185487,-0.24380558241420466,2.3101510108585677
29.862000000000002,3.988409471665761,4.144799021005214,-0.24380537515995174,2.3069693276098935
29.882,3.9834161839558417,4.1502981029402966,-0.24383791536413682,2.304737856173527
29.902,3.9784150368685083,4.155893932776058,-0.24390828938306933,2.300519920925399
29.922,3.97345273081092,4.161654651605658,-0.24401946459349308,2.2909031373912323
29.942,3.968634346518608,4.167503114468394,-0.24417023688119902,2.2758032825940466
29.962000000000003,3.964005005782396,4.1733406609327925,-0.24435013448261236,2.2579939680295213
29.974,3.961300816119524,4.17682071153174,-0.24446582069304798,2.247117540101098
29.982000000000003,3.9595242309849015,4.17913447773212,-0.24454412020306818,2.2399169853594914
30.002000000000002,3.95517083295944,4.184922785917264,-0.2447353498098658,2.221923838805662
30.022000000000002,3.9509422295835033,4.190748811122551,-0.24491064856930597,2.2031085114125637
30.042,3.946865144149948,4.19661402949159,-0.24505518482328323,2.183385858159207
30.062,3.942913029119623,4.202474770607382,-0.24515326183877836,2.164714085736982
30.082,3.9389976291134468,4.208322208493643,-0.24519198392024408,2.1500798908134464
30.102,3.935040602739872,4.214186559213199,-0.24516244069966628,2.141012938046347
30.122000000000003,3.931053894493636,4.220063246664514,-0.2450657226964282,2.1367657155412347
30.142000000000003,3.9271151448494983,4.225917889866631,-0.24491898297104922,2.134806845681318
30.164,3.9228804523411567,4.232345126364325,-0.244718313712783,2.1326377391313627
30.180000000000003,3.9198620683116108,4.237009537980653,-0.24455683297566624,2.1307790823835284
30.200000000000003,3.916127349500023,4.2428195686102015,-0.24434614156599757,2.1291766584767675
30.200000000000003,3.916127349500023,4.2428195686102015,-0.24434614156599757,2.1291766584767675
30.220000000000002,3.9123767163160137,4.248622933896783,-0.24413390356528072,2.1299887520791465
30.240000000000002,3.9085898046482046,4.254417751986186,-0.24392729511276692,2.1336669371059123
30.26,3.904804679760438,4.260205432223807,-0.24373301679814743,2.1382803930849295
30.28,3.9010354909122036,4.2660431658321,-0.24357177722810905,2.14126089945284
30.3,3.897267401238938,4.271981638876001,-0.2434536180197128,2.141511260332393
30.32,3.8934762207760554,4.277990706806023,-0.24337914459429597,2.140356057882779
30.340000000000003,3.889619231590207,4.284055783306765,-0.24334598848047986,2.1399307482767345
30.360000000000003,3.8856842832597462,4.290178796027311,-0.24334840110002617,2.1408554712535266
30.380000000000003,3.8817111703723324,4.296394048320896,-0.2433801450356727,2.140618157807827
30.400000000000002,3.877754792162722,4.302795715161317,-0.24343514776007089,2.135021760083249
30.42,3.873903891685043,4.309321214756031,-0.24350808425934425,2.12304095322957
30.424000000000003,3.873152027594461,4.310626869915579,-0.24352404170125377,2.120111776897025
30.44,3.870195233702735,4.315825521994164,-0.2435889095241315,2.107870712131316
30.46,3.8665467552988955,4.322285797134953,-0.24366536066580088,2.0939594563400314
30.48,3.862896077311346,4.3287349923548275,-0.2437260663339569,2.082907488956914
30.500000000000004,3.8592752281157945,4.335228281817608,-0.24376638003193987,2.072508310295577
30.520000000000003,3.85575323026532,4.3418260081987725,-0.24379195657977235,2.059411762815078
30.540000000000003,3.8523947935016105,4.348472918325328,-0.24381038989245932,2.0431987754563337
30.562,3.8488742994576843,4.355724431293471,-0.2438288906917783,2.0248103853978408
30.582,3.84575638897602,4.362257756937308,-0.24385411985847058,2.0105825191308315
30.602,3.8426793012207083,4.36878219360128,-0.24389774374162596,1.9990885031330197
30.622000000000003,3.8396512148179647,4.375341860179274,-0.24396763525470613,1.9887677600772955
30.642000000000003,3.8366801815901423,4.381959028575871,-0.24406516981672696,1.9788416702410236
30.650000000000002,3.835501125718917,4.384617067390878,-0.2441112759490904,1.9752597603302924
30.662000000000003,3.8337290337943797,4.388617050751215,-0.24418824783092255,1.970801522739067
30.682000000000002,3.830708344693339,4.395363066490429,-0.24433663469007896,1.9674504970945526
30.702,3.8275725435616517,4.40220032901126,-0.24450474589564555,1.970284976599179
30.722,3.8244046619256373,4.409052450834699,-0.24468243760464162,1.9762334319499881
30.742,3.821280842558388,4.416001276410814,-0.24485963537167352,1.9797848719063054
30.762,3.8182054427048495,4.4231742274479915,-0.24502430634221037,1.9780619481931063
30.782000000000004,3.815132842141457,4.430469853288541,-0.2451597641629326,1.9742158913424561
30.802000000000003,3.811950090209392,4.437824506577692,-0.24524534210909213,1.9741448792370389
30.822000000000003,3.808628886616458,4.445154951799253,-0.24526242636164772,1.980207135906676
30.842000000000002,3.8053032421531077,4.452359339942434,-0.24519771533307436,1.9885944418296264
30.862000000000002,3.8021082341645474,4.4594574445787245,-0.24504744734142223,1.9931028286897736
30.874000000000002,3.8002781917629807,4.463684174881841,-0.24492160862949267,1.992469843440305
30.882,3.799098139902275,4.46647944605495,-0.2448256478134989,1.9906421627522506
30.902,3.7962680571656424,4.473317245308965,-0.24455158727390494,1.9833372584053057
30.92,3.7937884599679728,4.479239881436119,-0.24427390831587378,1.9779857295477066
30.94,3.7909816310603466,4.485636675798658,-0.24395410300579953,1.9778336386251185
30.96,3.7881480859398176,4.4918489048275125,-0.24365382150757528,1.9829363330357412
30.98,3.7854021494189465,4.49792673155834,-0.2433981266377417,1.9873057324810686
31.000000000000004,3.7827619785859663,4.504064083301679,-0.2432105127253866,1.9858449458389587
31.020000000000003,3.780212219379827,4.510289604285302,-0.2431081211426678,1.9784719658912355
31.040000000000003,3.7776647847678086,4.516524047797776,-0.24309047065257375,1.9710483652754422
31.060000000000002,3.774957815646039,4.522851054634503,-0.24314822756955348,1.9691822119425912
31.080000000000002,3.7720513485053395,4.529299813836662,-0.2432728229273056,1.974283987074528
31.096000000000004,3.769666717579967,4.534539760625729,-0.24340609830345808,1.9797889247056826
31.1,3.769070772050656,4.5358656780489675,-0.24344199440890793,1.9809090098470503
31.12,3.7661133667206825,4.5426430354974805,-0.2436236193796971,1.9828655757145996
31.14,3.7632175405552393,4.549653097901387,-0.2437881998790201,1.9777614644298855
31.160000000000004,3.7603480846155124,4.556741607929658,-0.24390849681531548,1.969962237375356
31.180000000000003,3.757377590902534,4.563834738955654,-0.24395642413238047,1.966291456559762
31.200000000000003,3.754267304354997,4.570890396674213,-0.24392163216841675,1.9697126714909965
31.220000000000002,3.751147289540039,4.577805766579445,-0.24381111181670326,1.976868011986199
31.242,3.7478649679399565,4.585278447910682,-0.2436270413089308,1.9813262237029425
31.262,3.745046290287289,4.592058439848161,-0.24344348497747834,1.9783282467529315
31.282000000000004,3.7423344949926265,4.598782315046461,-0.24328473149643207,1.9713269178931172
31.302000000000003,3.7395888243644926,4.6054367767706115,-0.24318017898778424,1.9668153899739313
31.322000000000003,3.7366750171505445,4.61213471865376,-0.24315821673731788,1.9688791368281278
31.322000000000003,3.7366750171505445,4.61213471865376,-0.24315821673731788,1.9688791368281278
31.342000000000002,3.733634443160596,4.618878634606614,-0.24323630341388972,1.9759236866294128
31.362000000000002,3.7306071359640183,4.625699067507515,-0.24341061681504203,1.9812248178066083
31.382,3.7276615348703084,4.632682060887056,-0.24366252515552597,1.979846257397306
31.402,3.724816556027246,4.6397189537289965,-0.24396417040453025,1.9725467606342377
31.422,3.7219741251150134,4.646678827706167,-0.24428193430553843,1.9663652149229263
31.442000000000004,3.719005218476504,4.653590599144918,-0.2445854205949515,1.966854225480242
31.462000000000003,3.715915270480499,4.660459314120466,-0.24484839690339857,1.9740005149858773
31.482000000000003,3.712855756339765,4.667298523553072,-0.24504010000172408,1.9807735369297261
31.502000000000002,3.709896357006937,4.674237029418698,-0.24513737054361054,1.9812813667616433
31.522000000000002,3.707062399075629,4.681231506739044,-0.24514128526321624,1.9748496651315102
31.542,3.7042986368088813,4.688096070377515,-0.24506062345977805,1.9676396635110742
31.546000000000003,3.703742875266124,4.689448520260322,-0.24503496069173805,1.9667098400019425
31.562,3.701479280797746,4.694804682161905,-0.24490490244208987,1.9657828240329305
31.582,3.6985647664826287,4.70138168624171,-0.2446947549975765,1.9710047244098827
31.602,3.695671650550408,4.707795750713141,-0.24444720481999013,1.9785838473347852
31.622000000000003,3.692903652129588,4.714135822152295,-0.2441709928395104,1.9820280286742842
31.642000000000003,3.690281360387453,4.720490136434222,-0.24387860296216154,1.9783547668396997
31.662000000000003,3.687771458802319,4.726741993780555,-0.24358461033454074,1.9711136428603129
31.682000000000002,3.6852415478011125,4.732867221385653,-0.24330880327634344,1.9668956084880629
31.702,3.6825697473276717,4.7389659971475835,-0.24307363076905295,1.9696680682547028
31.722,3.679818772419642,4.745023558380023,-0.242891876195611,1.9771194629251567
31.742,3.6771117043379014,4.7511052351175005,-0.24276915691589165,1.9823738200512482
31.762,3.6744743298262534,4.757373222485419,-0.242711230737049,1.9808656580468338
31.774,3.672922528417187,4.761210262254602,-0.24270885396532568,1.9769597025479806
31.782000000000004,3.671891953249557,4.7637743033223385,-0.24271966224912692,1.9739854493096112
31.802000000000003,3.669253413531587,4.770215065422328,-0.24278293824958316,1.9685302775142173
31.822000000000003,3.666429694559277,4.776743093189718,-0.24288576868228487,1.9695651946431645
31.842000000000002,3.6634632555271742,4.783280287686786,-0.24301338028491523,1.9768609938817205
31.862000000000002,3.6605204998837886,4.789789089882699,-0.24314653084474833,1.9837576542236157
31.882,3.6576653520219367,4.796418026807047,-0.2432623162630501,1.9845083939776595
31.902,3.654911927336493,4.80315198768534,-0.24334473063617393,1.9783907788792405
31.922,3.652185837966382,4.80983580143139,-0.24338714657939411,1.9716813002958937
31.942000000000004,3.649344591162891,4.816493941989216,-0.24338907159546844,1.9703937632031325
31.962000000000003,3.646353930150983,4.82312858125429,-0.2433547417934144,1.9762044279696191
31.982000000000003,3.643374812252597,4.8296701173135945,-0.24329254820708993,1.9834606283161857
31.998,3.6410717802823087,4.834903103856061,-0.2432358363542045,1.9859077912944914
32.002,3.640508068153336,4.836221678669506,-0.24322220630051847,1.9857901116032453
32.022,3.6377563469679943,4.84287110249967,-0.24316554653562042,1.9808750786660994
32.042,3.6350684341591006,4.84950320322687,-0.24313928901420415,1.973161011600215
32.062000000000005,3.6322978954963627,4.856114506411787,-0.24315342847302465,1.9693316005364587
32.082,3.6293536043772674,4.862759399468501,-0.24321546097316424,1.972698435229471
32.102000000000004,3.626341761651612,4.869363215006907,-0.2433268272631314,1.9801332874890776
32.122,3.623383029584193,4.876000056981452,-0.24347942306996098,1.9848504941184333
32.142,3.620519029829084,4.88277937033614,-0.2436596724012787,1.9824767138867412
32.162,3.617762174034722,4.889581824276598,-0.24385251292565044,1.9747107198611311
32.182,3.615001666893738,4.896311498622041,-0.2440448238156344,1.9685703152895602
32.202000000000005,3.612092429622122,4.903034405634807,-0.24422391370101584,1.9692952681143496
32.222,3.609060317066421,4.909718535124495,-0.24437729137122813,1.9765851723588908
32.222,3.609060317066421,4.909718535124495,-0.24437729137122813,1.9765851723588908
32.242000000000004,3.6060658984173792,4.9163410507845615,-0.24449115012671593,1.9836076535882476
32.262,3.6031770767512046,4.92303802302554,-0.24455434374079774,1.9844671011857944
32.282000000000004,3.600411144561837,4.929796394979038,-0.2445653780985881,1.978379702542443
32.302,3.597702895940488,4.936457648402034,-0.2445254781983943,1.9713430304491721
32.322,3.594915824414673,4.943027781512965,-0.2444326523330789,1.9694050331112283
32.342,3.592010761328844,4.949520335836176,-0.24429510513782413,1.9744664779371466
32.362,3.589133441401298,4.95586229090088,-0.24411819104483087,1.9814309899569165
32.382000000000005,3.58638600016457,4.962139525035233,-0.24390438048518784,1.9839436710850904
32.402,3.5837802911746346,4.96841483569015,-0.24366656908203702,1.9796889700955198
32.422000000000004,3.5812764446148293,4.974554110897434,-0.2434148212894132,1.9730756804777336
32.442,3.578737853429689,4.980569676030797,-0.2431646740126183,1.9701282890309342
32.446000000000005,3.5782146224930873,4.9817673532702695,-0.24311690125953836,1.9703508168218844
32.462,3.5760830501353253,4.986527589140266,-0.24294024640366838,1.97374928356774
32.482,3.5734205755668356,4.992367337872269,-0.24276421959392477,1.9804341643970573
32.502,3.570833349352236,4.998206373759953,-0.24264687515275787,1.984119216061274
32.522000000000006,3.5683328241755854,5.004176930882528,-0.24259483194539147,1.9814313692190577
32.542,3.565898805374951,5.010176581200428,-0.24260568693253784,1.9748616190929085
32.562000000000005,3.5634027398666355,5.0161907921937505,-0.24266938535294783,1.9704572885678437
32.582,3.560735026009139,5.022265183573548,-0.24277259310598578,1.9723571628205212
32.602000000000004,3.5579834358004296,5.0282917744340025,-0.24289327901457533,1.9790715554620222
32.622,3.555267601508216,5.034308646116301,-0.2430127461862713,1.9844400245649516
32.642,3.5526272671346004,5.040468816241139,-0.24312062656292519,1.9835239623404797
32.662,3.5500864209754517,5.046684168282148,-0.2432057736726925,1.9768276232628865
32.67,3.5490864958091675,5.049146882839008,-0.24323173996827344,1.9738529459150613
32.682,3.547586455210479,5.052792601297142,-0.2432596446799428,1.9703954724988477
32.702000000000005,3.545060197923343,5.058702826019158,-0.2432720729105833,1.9692769078733425
32.722,3.5425791718270916,5.064270669611122,-0.24324441185224113,1.9734990288206316
32.742000000000004,3.540300776885106,5.069324989519996,-0.24319074220635242,1.979259832949497
32.762,3.5382687356069678,5.073899362163668,-0.2431309331670031,1.9829825176530778
32.782000000000004,3.53646736899918,5.078066741468799,-0.24308471848410682,1.9833464327134982
32.802,3.5348617229534005,5.081858219099692,-0.24305061564130823,1.9814178436769485
32.822,3.5334302992041797,5.085272876057289,-0.24301572013154113,1.978556970593363
32.842,3.532149750143927,5.088316273123397,-0.24297055506977874,1.976057525663755
32.862,3.5309723614258792,5.0910829165840426,-0.24291813363242407,1.9743527804604781
32.882000000000005,3.5298695024399542,5.0936364665751395,-0.24284045282674052,1.973382435228834
32.894000000000005,3.529241900484201,5.095075988198778,-0.24277004804555483,1.9730541166165219
32.902,3.528839275096259,5.095997606754373,-0.24270845321072024,1.972900390665538
32.922000000000004,3.527892586841573,5.09816626008759,-0.24250660958545242,1.9726390767925202
32.942,3.527033253393258,5.100143593217938,-0.24224736083820617,1.972422792701086
32.962,3.526250888723206,5.101948483733276,-0.24193963230789126,1.9722247762618799
32.982,3.5255376933391256,5.103598989358982,-0.24156145213733168,1.9720480113086167
33.002,3.524888466886716,5.105105603646873,-0.24108081977057702,1.971892429460832
33.022000000000006,3.524298301719417,5.106475857895459,-0.2404795820628838,1.9717554356113325
33.042,3.5237628314430625,5.1077177451953135,-0.23976082350268876,1.9716335207964113
33.062000000000005,3.5232779011177966,5.108840179279682,-0.23895068069765316,1.9715233658543707
33.082,3.522839028628395,5.109853159417278,-0.23809581623709056,1.9714222094583178
33.102000000000004,3.522441967590348,5.110769425587271,-0.23725279488926457,1.9713285098325088
33.122,3.5220814571448837,5.1116056325980646,-0.236465878458707,1.9712725976837924
33.122,3.5220814571448837,5.1116056325980646,-0.236465878458707,1.9712725976837924
33.142,3.521748630176911,5.112376142329616,-0.23575992986212177,1.9713422263457996
33.162,3.5214363707606955,5.113090355493885,-0.23512592185841422,1.971591924865031
33.182,3.5211418543376958,5.11375470788064,-0.23457880475807355,1.9720281070293033
33.202000000000005,3.5208624339610273,5.1143784192397455,-0.2341872433567256,1.9726181543235628
33.222,3.5205950816841645,5.1149722950889105,-0.23399376349666748,1.9733107766637332
33.242000000000004,3.520337317256286,5.115548772347332,-0.23400865784312933,1.9740667096064126
33.262,3.520088260470889,5.116109948386958,-0.2342112070643473,1.974851186593461
33.282000000000004,3.5198491163587198,5.116651695918575,-0.23455177135612068,1.9756396915161036
33.302,3.519619866398644,5.117173498311375,-0.23495617702249297,1.976426732856717
33.322,3.5194014081443754,5.117675421307702,-0.23535038303087927,1.9772235077939695
33.342,3.519189730822139,5.118157926454151,-0.23571584065026904,1.9781234310360265
33.346000000000004,3.5191478788887434,5.1182522004603355,-0.23578575259741288,1.978335800265458
33.362,3.5189823816175454,5.118621654510517,-0.23605552401945287,1.9793752502477093
33.382000000000005,3.518779147095524,5.119065191520781,-0.23637034768819,1.9813933092963496
33.402,3.5185810948522995,5.1194839728544945,-0.2366344662116356,1.984748119686936
33.422000000000004,3.5183893715258434,5.119871914572224,-0.2368214424148268,1.9899990117550221
33.442,3.518203455940575,5.120226914137767,-0.23692808983662358,1.997466960417567
33.462,3.5180232928243536,5.120546795095117,-0.2369634118459729,2.0070768003736514
33.482,3.517849801762345,5.120832782602864,-0.2369444474299652,2.0183021879225267
33.502,3.517682809248495,5.121090363292407,-0.23689937541262698,2.0305425144550515
33.522000000000006,3.517523800005489,5.121321254789983,-0.236854139797559,2.0434811887331743
33.542,3.517372548367486,5.121524193661057,-0.23681298227392475,2.0571613567194413
33.562000000000005,3.517228243089703,5.121701167900946,-0.23677567478170766,2.0717259625630655
33.57,3.5171727016469454,5.121764429468758,-0.2367617704187446,2.077784643126296
33.582,3.5170912271446277,5.12185158877967,-0.23674195242191845,2.087063789803745
33.602000000000004,3.516962646962644,5.121978968912903,-0.2367115422707082,2.1028482563498194
33.622,3.516841903538616,5.122085529822541,-0.23668414316039535,2.1187447353761346
33.642,3.5167297612297808,5.1221749403577395,-0.23665946981169775,2.1345070207049908
33.662,3.5166255009740444,5.122250289680363,-0.23663721580991096,2.1500341773537186
33.682,3.516528312896187,5.1223114670725325,-0.23661709994482424,2.165340774270409
33.702000000000005,3.5164380332044693,5.122362082833997,-0.2365989114848245,2.180471741699728
33.722,3.516352163230592,5.122403635403554,-0.23658246886640058,2.1953107909191103
33.742000000000004,3.5162727677603867,5.122437399079857,-0.23656755460940868,2.2094915615101627
33.762,3.5161992202057943,5.122467467630041,-0.23655398440054357,2.222677065822997
33.782000000000004,3.5161306209839154,5.122496540224455,-0.23654158446645088,2.2346577623906128
33.794000000000004,3.516091930651623,5.122513951763481,-0.23653464058125176,2.2412262714090962
33.802,3.5160671993848056,5.122525549697561,-0.23653019161504338,2.2453471357056776
33.822,3.516008239766132,5.122554664346014,-0.2365196230958964,2.254779444562462
33.842,3.515954503278424,5.1225846163330155,-0.23650975077158085,2.263031565695246
33.862,3.515906181426755,5.122613767324195,-0.23650047245394104,2.270307879703715
33.882000000000005,3.515862148502839,5.122641970976904,-0.2364917161117225,2.2768130220956126
33.902,3.5158216057845677,5.12266928825676,-0.23648342582203888,2.2826942678993474
33.922000000000004,3.5157839556910804,5.122695781362702,-0.23647555653065563,2.288060384314198
33.942,3.5157487383071366,5.122721510403549,-0.23646807111759063,2.29299400273324
33.962,3.5157155916854386,5.122746531664069,-0.2364609383890812,2.297559365474694
33.982,3.5156842259118486,5.122770896586883,-0.2364541316554317,2.301807405294548
34.002,3.5156544055950922,5.122794651203089,-0.23644762769841102,2.305779183641082
34.018,3.5156315311418878,5.122813242790619,-0.2364426286744812,2.3087804725171357
34.022000000000006,3.5156259376642245,5.122817835875197,-0.23644140600954797,2.3095082862014604
34.042,3.515598662598139,5.122840485294138,-0.2364354482245508,2.3130225333414645
34.062000000000005,3.515572447916932,5.122862628698762,-0.23642973770452316,2.3163452278550047
34.082,3.5155471835561207,5.122884298240217,-0.2364242592515509,2.3194961565447767
34.102000000000004,3.515522433711508,5.122906973521602,-0.2364190045660958,2.3225281466035614
34.122,3.5154946332245958,5.1229301629604596,-0.2364139723682944,2.3256795959008354
34.142,3.5154621432977238,5.122953580103907,-0.2364091645394842,2.329345740230878
34.162,3.515377679388222,5.123015083151318,-0.23640484633508105,2.334036950565707
34.182,3.515155161141728,5.123185093506727,-0.23640154332899918,2.34011052126666
34.202000000000005,3.514702268510406,5.123548981178059,-0.23639993922971184,2.347950331621961
34.22,3.5140046238921605,5.124143564819423,-0.23640078431341885,2.355967499473853
34.24,3.5128129101578005,5.125198255515804,-0.23640527619413007,2.365290849962484
34.244,3.51251658095649,5.125463357984146,-0.23640677072980307,2.367169461298406
34.260000000000005,3.5111322832718015,5.126709063417048,-0.2364239105065931,2.374693481181727
34.28,3.5089589111235404,5.128669817513753,-0.23648113475968943,2.3842357196606616
34.300000000000004,3.5063192089551345,5.131027716206669,-0.23657928350389665,2.3945321833313087
34.32,3.503272991513431,5.133697807931296,-0.23670888690992278,2.405954184012013
34.34,3.4999149164386294,5.136584979078819,-0.23685713371741282,2.418176477005446
34.36,3.4963278140274134,5.139621627695323,-0.23701319680319569,2.4306644702375517
34.38,3.4925700466005365,5.142757057193686,-0.2371694518824289,2.443165532360779
34.400000000000006,3.48867437519245,5.145944206577247,-0.23732381977201492,2.4557747527986415
34.42,3.4846532588865493,5.149151385697672,-0.23747896321429537,2.4687344219926004
34.440000000000005,3.480533410128978,5.152355256127208,-0.2376405601863343,2.4820760453588626
34.46,3.4763450095097053,5.155535428987955,-0.23781858519633423,2.495605380906056
34.468,3.4746552263470196,5.156796632615819,-0.2378964629318104,2.50100852882892
34.480000000000004,3.4721078830903536,5.158673766851415,-0.23802020137719174,2.509064169939113
34.5,3.4678355312969256,5.161759100123595,-0.23824272509061237,2.5223073514407615
34.52,3.463549242701185,5.164781183916849,-0.23848096183584985,2.5353269866623784
34.54,3.4592662318851044,5.167731088277213,-0.2387280406261232,2.548212446045054
34.56,3.455012954974779,5.170597099941771,-0.23897478936125008,2.5607157621080003
34.580000000000005,3.450802910557794,5.1733848265011,-0.23920801451011878,2.572267392249872
34.6,3.446616634966083,5.1761262371514025,-0.23941170557795896,2.581999406576473
34.620000000000005,3.4424454331190826,5.178862436327037,-0.23958672515749388,2.588761803166444
34.64,3.4383014144348536,5.181609288380226,-0.23973590993148838,2.5917553234116033
34.660000000000004,3.434239520778143,5.184332350095337,-0.2398615259098458,2.591135725864521
34.68,3.4304200751469094,5.186902227026429,-0.23996795623833775,2.588371344978182
34.692,3.4282911416548405,5.188332944937105,-0.2400238453119435,2.5863260468147096
34.7,3.4269422868578046,5.189238267588078,-0.24005816821017215,2.584928305528637
34.72,3.4238113870454834,5.191334856062503,-0.24013466746508058,2.5815677268031396
34.74,3.421007720474516,5.193205115441726,-0.24020007891718045,2.5785938332633704
34.760000000000005,3.41850006199121,5.19487380259516,-0.2402510731335765,2.575943310677263
34.78,3.4162406407286627,5.1963715597296165,-0.24028496036898364,2.5735144978593034
34.800000000000004,3.4141770771439024,5.197731006896595,-0.2403234917923617,2.571307414522335
34.82,3.412271436633171,5.198978119860787,-0.24037293872889456,2.569301096336541
34.84,3.4104966088783506,5.200133581732655,-0.24042731716913143,2.5674581868893327
34.86,3.408831157809499,5.201214249149,-0.24046535941334815,2.565742300406231
34.88,3.407253534848218,5.202234501271174,-0.24047374621954423,2.5641320112647317
34.900000000000006,3.405751105635926,5.2032059229599685,-0.24045764541959527,2.5626289717631074
34.92,3.40431731850368,5.20413397594232,-0.24041764510467842,2.5612227602041204
34.92,3.40431731850368,5.20413397594232,-0.24041764510467842,2.5612227602041204
34.940000000000005,3.40295629193997,5.205017031115562,-0.24032492211054488,2.5599127837176767
34.96,3.4016799341740347,5.205847479490199,-0.2401350378931685,2.5587557712381415
34.980000000000004,3.400493206842009,5.206616099261983,-0.23981446883718896,2.5579985969155934
35.0,3.3993990218012575,5.20732092224132,-0.23935584555570397,2.5577473502583845
35.02,3.3983946006565215,5.207964755297,-0.23877871969389727,2.557913605497359
35.04,3.3974742223370638,5.20855224593191,-0.23812622735060504,2.558282411509376
35.06,3.396634750244291,5.209090673698654,-0.2374597183485321,2.5586601285839072
35.080000000000005,3.395865703871508,5.209585122355238,-0.23682869982289537,2.5590132819198996
35.1,3.3951557718400425,5.210041813389722,-0.23625853134818733,2.5593449135814543
35.120000000000005,3.39449271403794,5.210469170204562,-0.23574286300005556,2.5597148077875005
35.14,3.393844367696972,5.2108803432712945,-0.23529870975127035,2.5603357547056174
35.144000000000005,3.3937125203553835,5.210962813407319,-0.23522540138398887,2.560493719324735
35.160000000000004,3.393163582002157,5.21130494132819,-0.23499988503345917,2.5612134638501853
35.18,3.3923827377675506,5.211791621475927,-0.23488859365408613,2.562267855615908
35.2,3.3913886468194367,5.212414894189887,-0.23497240013642975,2.563510317498748
35.22,3.3901071184170086,5.213221687184634,-0.23522541685594758,2.5651081812430783
35.24,3.3884826689908856,5.214236249538119,-0.23558548342281285,2.5676302389112755
35.260000000000005,3.3864771806218146,5.215461563455097,-0.2359791974375031,2.5718851698312886
35.282000000000004,3.3838240724118824,5.21703948637976,-0.23641124332658794,2.5789536187800866
35.302,3.3810490829614555,5.2186658852960175,-0.2367614342587189,2.5869920613844455
35.322,3.3779762415600305,5.220457051951278,-0.23699489290809475,2.595691489909566
35.342,3.3746131808833555,5.222400241856813,-0.23706248638931807,2.604917908247289
35.362,3.370991231465351,5.224460233254188,-0.23696585888006957,2.6151163599478155
35.366,3.3702440240194864,5.224879937014904,-0.23692982764018009,2.6173082825970444
35.382000000000005,3.3672041653324545,5.2265651716607024,-0.23674438493593467,2.6265581991885694
35.402,3.3633433167450155,5.228657452216432,-0.23645375494484003,2.6388805914478684
35.422000000000004,3.359478182737095,5.230703562248356,-0.23614884384891796,2.651382190698737
35.442,3.3556227925917557,5.232701148263802,-0.23589545414853988,2.6636151790203217
35.462,3.351743487628231,5.234662700100141,-0.23576477442683794,2.675570377852126
35.482,3.3477937795671537,5.236609138642485,-0.2357843177135154,2.68748326452696
35.502,3.34376648866323,5.238538405105707,-0.23594840165451617,2.6995114960070383
35.522000000000006,3.339710052095561,5.240427696318222,-0.23622534155532285,2.7115522305759785
35.542,3.3356950586961807,5.242251228307884,-0.23657780649563923,2.723332020371135
35.562000000000005,3.3317997279377485,5.243979800533435,-0.23695789321278646,2.734610472267978
35.582,3.3281499503450083,5.245570985581012,-0.23731708026647566,2.7451765149655247
35.594,3.3261077205093676,5.246450232559755,-0.23750784077773104,2.751245142810713
35.602000000000004,3.324814162257373,5.247002202438835,-0.23762376213295364,2.7552066959025874
35.622,3.3218206966271153,5.248263616796398,-0.23788052480451147,2.764773957035684
35.64,3.3194071013819606,5.249269186322598,-0.2380783684547159,2.772747654775862
35.660000000000004,3.317027871580679,5.250259088241225,-0.23826825991799735,2.7804269785001314
35.68,3.3149123634978928,5.251152424798328,-0.23842041205278372,2.7864686085179984
35.7,3.3129725679221558,5.251986259571562,-0.238522437338849,2.7907283868078046
35.72,3.3111711745822388,5.252772047602235,-0.23857422481370735,2.792883881433177
35.74,3.309484952030145,5.2535161327650375,-0.23858244699200934,2.792940095812091
35.760000000000005,3.3078976781463005,5.254222634790766,-0.23855583440146674,2.7913198181730636
35.78,3.306398202916448,5.2548913544869835,-0.23850382241861287,2.7887624967924523
35.802,3.3047985663591986,5.255605822032542,-0.23843097295384233,2.7854477626328435
35.818000000000005,3.3036250522158213,5.256128657331005,-0.23837909970752116,2.7827461022862243
35.822,3.303321712842443,5.256262573201141,-0.2383668775570049,2.782059391278628
35.842,3.3016947667303507,5.256968630446594,-0.23831013548963156,2.778739462132425
35.862,3.2998274790405775,5.2577556379040695,-0.23826028278415737,2.775795500262448
35.882000000000005,3.2976731827325443,5.258641081226262,-0.2382060088002245,2.7732935079273937
35.902,3.295225023856518,5.259632699621738,-0.2381216820560688,2.7710625422273942
35.922000000000004,3.2924930802016985,5.260732587664937,-0.2379853902378666,2.7688546798554525
35.942,3.289442128471163,5.261957422707328,-0.23780297856429847,2.7665370510235685
35.962,3.286036428135807,5.263314495071667,-0.23760166049824308,2.76460306203903
35.982,3.2822390838490403,5.264800203021559,-0.23741362218529086,2.764108422884601
36.002,3.2780622967852957,5.266406529430379,-0.23727704795312735,2.7654594159232886
36.02,3.274002657171347,5.26796028046123,-0.2372292751503349,2.767557032037714
36.04,3.269176355829139,5.2698197797011215,-0.23728595275570105,2.7695281690023688
36.04,3.269176355829139,5.2698197797011215,-0.23728595275570105,2.7695281690023688
36.06,3.2640770385511617,5.271817609882662,-0.23746846045602474,2.7699489161448585
36.080000000000005,3.2588379624617936,5.273898646564603,-0.23776620652518018,2.7688286611445285
36.1,3.2535623955303,5.275989087867827,-0.23814202147603095,2.7676941608030674
36.120000000000005,3.248274984368827,5.278048077653139,-0.23855241463137125,2.768217496024007
36.14,3.242987918623048,5.28006888080655,-0.23896342971216564,2.770651589731609
36.160000000000004,3.2377023070499744,5.282081726666535,-0.23935104490517609,2.7735066185764126
36.18,3.2323868715784405,5.284134478889952,-0.2397013278118094,2.7747738887546447
36.2,3.227012705774977,5.286256472069241,-0.23999995219526346,2.7735929424088286
36.22,3.2215567546248978,5.288430868258453,-0.2402356095631258,2.771115354629118
36.24,3.215974416861413,5.290626028246544,-0.24040865210793685,2.769713957859454
36.260000000000005,3.2102444332819355,5.292820124071323,-0.24052466403482328,2.7709466214159724
36.268,3.207922998535093,5.293695355776974,-0.24055657797808258,2.772096824308748
36.28,3.2044231246162607,5.295009739060801,-0.24059098503764684,2.774071483421804
36.300000000000004,3.1985590280942704,5.297230332426415,-0.2406190837526697,2.7764517237392954
36.32,3.192664921534224,5.299515792955222,-0.24062256837098386,2.776073925355482
36.34,3.1867820321904015,5.301837592799275,-0.24061297491679554,2.7733487487516792
36.36,3.18091898130632,5.304145756246334,-0.24061056154746444,2.77060785517919
36.38,3.1750391980712886,5.306413481627435,-0.24063525043100334,2.7701693733168247
36.400000000000006,3.1691609801393215,5.308630782401782,-0.24069504306777603,2.7723957968501587
36.42,3.1633237457728063,5.310825001336498,-0.24079308851554707,2.775369557549514
36.440000000000005,3.157519769597515,5.313044060782891,-0.2409252699592466,2.7765236182480573
36.46,3.151758385206479,5.315308354554835,-0.24107792455171276,2.774732444709047
36.480000000000004,3.1460573699554932,5.317578540768125,-0.2412317446151693,2.7713973119049276
36.492000000000004,3.142649840437067,5.318927322250706,-0.2413181526264054,2.7698148816490975
36.5,3.140373612339249,5.319818846917449,-0.24137311529103148,2.769276992212146
36.52,3.1346592657181356,5.322010697383947,-0.2415023458389294,2.7701887936594245
36.54,3.128943281763123,5.324158456024247,-0.24161851573253582,2.7734509851119635
36.56,3.123241701806498,5.3263131294994,-0.24171365293679833,2.7762658432661045
36.580000000000005,3.117533018362276,5.328529787659206,-0.2417853503891463,2.7761508204456247
36.6,3.1118498962261425,5.330797712664641,-0.24183440878033388,2.7730417631051734
36.620000000000005,3.106195220856544,5.333058314657957,-0.24186347918411807,2.7695644629886083
36.64,3.100511877681633,5.33527933998138,-0.2418755112991792,2.7686172231760637
36.660000000000004,3.0948030760687373,5.337442702270434,-0.24187461187627782,2.7709008394039065
36.68,3.0891189221035553,5.339576969869472,-0.24186456610446014,2.7743129075839486
36.702000000000005,3.0828863215520674,5.341963272533729,-0.24184798054578785,2.775768913456454
36.714000000000006,3.07949351582456,5.343298971537699,-0.24184227175109144,2.774824642410406
36.722,3.0772392495882195,5.344198937642364,-0.24184216008965045,2.773613348001064
36.742000000000004,3.0716235924326707,5.346453556564076,-0.24185948840752067,2.7698643249235086
36.762,3.0659873332424854,5.348683891235385,-0.24190211301942496,2.7676395210933484
36.782000000000004,3.0602923685947814,5.35086520747419,-0.24196969326542342,2.768747891818772
36.802,3.0545910235139675,5.353002958732095,-0.24206309936554407,2.7722115584662763
36.822,3.0489020027461544,5.355155055878419,-0.2421770520872075,2.7750515373674194
36.842,3.043203804941065,5.3573814446490005,-0.24229879677169777,2.7747286166115175
36.862,3.037533349721961,5.359666457841142,-0.24241757944432377,2.7712264189400826
36.882000000000005,3.0318867448135163,5.361947644903831,-0.2425262359723052,2.7673817176948208
36.902,3.026187452133778,5.364188691676127,-0.24261903395186954,2.766467738885656
36.922000000000004,3.0204375606423457,5.366371568091218,-0.24269158283721262,2.7692859663346003
36.942,3.0146960083840844,5.368528179537405,-0.24274438192519013,2.77327350380877
36.942,3.0146960083840844,5.368528179537405,-0.24274438192519013,2.77327350380877
36.962,3.0089553118305226,5.370731889587325,-0.242780421911671,2.7748672175375892
36.982,3.0032239003956853,5.373011865831007,-0.2428029234852451,2.7726207790006736
37.002,2.9975397183368835,5.375312700525026,-0.242815967347396,2.7685061892221037
37.022000000000006,2.991851000399794,5.377578412292967,-0.2428283324450983,2.7661167068882384
37.042,2.9861115545276773,5.379782058890802,-0.2428480031128981,2.767473755281225
37.062000000000005,2.9803764018269376,5.381930306026436,-0.24288292470893705,2.7714577872033077
37.082,2.9746587646991554,5.384093676677715,-0.24293983082579731,2.774676459426372
37.102000000000004,2.9689280654673604,5.386340895651153,-0.24301952467387997,2.7743357960476205
37.124,2.962664408306721,5.388873798001359,-0.2431303660900315,2.770177652167249
37.14,2.9581294277500945,5.390702965226074,-0.24322232004151947,2.7670484462968403
37.160000000000004,2.9524093379341894,5.392943448264381,-0.24334252494913636,2.765969717215742
37.164,2.9512572178356784,5.393383457910009,-0.24336660119399486,2.766268275209005
37.18,2.946646179284821,5.395115041700547,-0.2434593413624114,2.768886207820406
37.2,2.9409062968004047,5.3972494708989,-0.24355897770898413,2.7733558122072384
37.22,2.9351683080246507,5.399432186923607,-0.24363423666312498,2.7755638097824007
37.24,2.9294247991827516,5.40170663043163,-0.24368205006562368,2.7734899783445037
37.260000000000005,2.923742172366513,5.404009646999966,-0.24369920225602817,2.7688372062371807
37.28,2.9181188266273566,5.406262904389209,-0.24368056814048397,2.7654516181050948
37.300000000000004,2.9125191435152082,5.408425315383993,-0.24362424740967512,2.7660942531740944
37.32,2.907008087038948,5.410488163881181,-0.24353467595151337,2.7701019078788045
37.34,2.901643226515617,5.412496667552876,-0.24341761407307141,2.7741498668006486
37.36,2.896391683591002,5.4145252077709145,-0.24328016697726249,2.7749834013195587
37.38,2.8912545312663736,5.416576751685411,-0.24312922914110616,2.7722531343632872
37.392,2.888237094251639,5.417792340490477,-0.2430342275563759,2.7700264058075392
37.400000000000006,2.8862430507743086,5.4185889752424625,-0.2429694380817601,2.768853504784147
37.42,2.8812619932786507,5.420523204206726,-0.2428042652843981,2.7686643502210435
37.440000000000005,2.8762472289412457,5.42237378318758,-0.24263764115230105,2.773465968037422
37.46,2.8712772607035193,5.424136631479937,-0.24246720100128752,2.7817979634215253
37.480000000000004,2.866426012295493,5.4258382786707315,-0.24228244006188474,2.7904711629838026
37.5,2.86168189170374,5.427524735381906,-0.24207472311658043,2.797253816070562
37.52,2.857033897069471,5.429192070802923,-0.24184469724227423,2.802416266548301
37.54,2.852440830001454,5.430802976195189,-0.24160083482368996,2.808353015426736
37.56,2.847832299208062,5.432335073659134,-0.24135534975822817,2.8172977920474196
37.580000000000005,2.8432237391149275,5.433778993939555,-0.2411172444595314,2.829243043386902
37.6,2.8387159115887766,5.435129729334988,-0.24088856561530628,2.8423442193998105
37.616,2.8352219336752817,5.436151469787778,-0.2407124700671984,2.8523914848011107
37.620000000000005,2.834363764128537,5.436400100222816,-0.24066968300164213,2.85477824425317
37.64,2.830154776666536,5.43760819801182,-0.24046483409037797,2.865881547629865
37.660000000000004,2.826056074443881,5.438763119889529,-0.2402795466891686,2.87606489813267
37.68,2.8220187270397212,5.439860420328641,-0.24012380148308535,2.8862217692588454
37.7,2.8180075639977105,5.4409025895070835,-0.24000526693129828,2.896970929136266
37.72,2.8140137130639706,5.44189323709279,-0.23991833868242282,2.908290438292025
37.74,2.810044415213509,5.442833643529409,-0.239857441797354,2.9197460188652338
37.760000000000005,2.8061031769911,5.443730475392605,-0.23981883736910162,2.9308549344479045
37.78,2.8021827970471422,5.444591917781793,-0.2397970722502217,2.9414031083949124
37.800000000000004,2.7982714540943987,5.445418036698495,-0.23978781986622813,2.9515605274694514
37.82,2.7943581777449253,5.446207698699157,-0.23978870929562388,2.961674154276518
37.84,2.7904379281840326,5.446958978254451,-0.23979793294752969,2.9719334210613493
37.84,2.7904379281840326,5.446958978254451,-0.23979793294752969,2.9719334210613493
37.86,2.786514814577699,5.447671417566255,-0.23981366541658375,2.9822910667542404
37.88,2.782593747244969,5.4483456209212,-0.23983450316515362,2.992576540951656
37.900000000000006,2.7786747393542646,5.448982561663141,-0.23985953079720393,3.0026351027211873
37.92,2.7747568466658663,5.44958401277558,-0.2398876219567159,3.012419462124276
37.940000000000005,2.7708371979899558,5.450149707074895,-0.2399179187163775,3.02202152762951
37.96,2.7669114065652156,5.450677333903078,-0.2399498438004777,3.0315925369084114
37.980000000000004,2.7629779561901318,5.451166109465512,-0.23998321301283107,3.041215210723856
38.0,2.7590390712982344,5.4516161081457435,-0.24001787953394146,3.0508680089333744
38.02,2.7550979015461667,5.452030492325579,-0.24005362985868936,3.060394155748532
38.04,2.7511571407583166,5.452414802198395,-0.24009004745124404,3.0695746038802905
38.06,2.7472169620809987,5.452770912185745,-0.24012675785436535,3.078343885699651
38.064,2.74642890604595,5.452838566463042,-0.24013410653855558,3.080055416767178
38.080000000000005,2.7432750157112586,5.4530970886990024,-0.2401634241108989,3.086815607306168
38.1,2.7393255417729145,5.45339039878251,-0.24020001243301012,3.095204538925859
38.120000000000005,2.7353648923309755,5.453647490008267,-0.24023669534732536,3.103680040419179
38.14,2.731395001972577,5.453867217457728,-0.24027349446194388,3.1122755547274776
38.160000000000004,2.727420958472533,5.4540521399946815,-0.24031045305643436,3.120887338096388
38.18,2.723445692080137,5.454204707946736,-0.24034751760339293,3.1293994130868894
38.2,2.7194707052356786,5.45432598679259,-0.2403847384554977,3.137776101667537
38.22,2.7154955393039852,5.4544151461767685,-0.24042216383006812,3.1460630147654576
38.24,2.7115182752863465,5.454470778776568,-0.24045979947780874,3.154342269859304
38.260000000000005,2.7075379874428434,5.454491685631263,-0.2404976024764481,3.1626722748691645
38.28,2.703555916931708,5.454477883897004,-0.2405355349801924,3.1710557833814184
38.288000000000004,2.7019630403993857,5.454462773962729,-0.24055070553050903,3.174416577593862
38.300000000000004,2.6995738515481627,5.454430059302136,-0.24057343732375228,3.1794559397346016
38.32,2.695592414092897,5.454348830728,-0.24061115100657568,3.1878339500394453
38.34,2.6916122172161607,5.45423482877402,-0.24064868114635005,3.196172421744976
38.362,2.6872353200673,5.454071710687838,-0.24068986208979162,3.205301935164066
38.382000000000005,2.6832575619703825,5.45388887264671,-0.24072725270546477,3.213584829558147
38.402,2.679280835709006,5.453672809389007,-0.24076464757702834,3.221865418701692
38.422000000000004,2.6753067930018415,5.4534234049501435,-0.24080206877287394,3.2301483556218495
38.442,2.671341667533145,5.453141574409539,-0.24083930639855042,3.2384252324299165
38.462,2.667393017527196,5.452828468899665,-0.2408760904812914,3.246672494715289
38.482,2.6634672470754257,5.452485596977653,-0.2409125287950646,3.2548847108800008
38.502,2.659566526335438,5.452113165961066,-0.24094873873952363,3.263071233699612
38.514,2.65723836214289,5.451875609426182,-0.24097026924644596,3.2679782153752495
38.522000000000006,2.655691941332144,5.4517114961242745,-0.24098453541647216,3.271247728644046
38.542,2.6518472305486953,5.451281057916924,-0.24101996388364424,3.279418723423958
38.562000000000005,2.6480316896905554,5.450821735589069,-0.24105505020341347,3.287583626815742
38.582,2.644242678441771,5.450333400405719,-0.24108971388269942,3.2957106441967587
38.602000000000004,2.6404767345038938,5.449816307916001,-0.2411240479989177,3.3037331577448366
38.622,2.636732210090108,5.449273083796055,-0.2411579884259222,3.311543205739247
38.642,2.633006573555843,5.448710747076266,-0.24119144192529843,3.3187870101058112
38.662,2.629308707005569,5.448141660803781,-0.2412240680381247,3.3248280420002536
38.682,2.6256230506807157,5.447573911482833,-0.24125581357322076,3.3288919119258034
38.702000000000005,2.621929736041242,5.44701327965593,-0.2412866224145507,3.3304974085108503
38.722,2.6182369228403655,5.446459974228126,-0.24131647798894076,3.329858101565095
38.738,2.6152939821207406,5.446016312972471,-0.24133970728045992,3.3283366116018653
38.742000000000004,2.6145606135908137,5.445904546390541,-0.2413454273206481,3.32788683611025
38.762,2.610908876919353,5.445339846520868,-0.24137355929915957,3.3255629180849007
38.782000000000004,2.6072772015723134,5.444762738135602,-0.24140076943925118,3.3234001480135067
38.802,2.6036622548996773,5.444174882940381,-0.2414268795070971,3.321443491235956
38.822,2.6000611337883246,5.443581617459968,-0.24145199457473757,3.3194668968731706
38.842000000000006,2.5964681558191303,5.442987333700161,-0.2414762924577151,3.317233199671692
38.862,2.5928809603718035,5.4423951267889406,-0.24149984708663405,3.3146698797749976
38.882000000000005,2.589300481186922,5.441804643914864,-0.24152255665205943,3.3118834896566045
38.902,2.585726362213481,5.441214514030122,-0.24154456349433426,3.3090894289199215
38.922000000000004,2.5821564937546326,5.440623196288713,-0.2415658863870552,3.3065077453303773
38.942,2.5785842680407716,5.440029147420412,-0.2415866047443795,3.3043059816679237
38.962,2.5750006846456497,5.4394314382524485,-0.24160690423438516,3.302498925295327
38.962,2.5750006846456497,5.4394314382524485,-0.24160690423438516,3.302498925295327
38.982,2.5714012002599356,5.438831298521641,-0.24162680010084833,3.300957264847477
39.002,2.567784579656365,5.4382309349449125,-0.24164625517801477,3.299588086428237
39.022000000000006,2.5641525834545975,5.437627366020066,-0.241657346846864,3.298552051890843
39.042,2.560503851485904,5.437017307517315,-0.24164413944217136,3.298108965106887
39.062000000000005,2.5568403976060172,5.436399589867255,-0.2415983128490122,3.2983685423106635
39.082,2.5531653009229838,5.435776531202482,-0.24151379866520192,3.2991718550193787
39.102000000000004,2.549488416216176,5.435155225455528,-0.2413885704805908,3.3001605415330397
39.122,2.54582105014651,5.434541562739494,-0.24122975743232147,3.3010113080213137
39.142,2.542169469489523,5.4339370484897795,-0.24105002200761252,3.301569439022381
39.162,2.538534832382424,5.433340440628937,-0.2408634212889195,3.301864042379121
39.182,2.534913277866846,5.432748438075903,-0.24068031710747786,3.3020434826051863
39.186,2.5341898317526743,5.432630201440212,-0.24064494520397364,3.3020804170198628
39.202000000000005,2.5312960537920044,5.432156550205103,-0.24050981421632736,3.3022632441735977
39.222,2.527670694698511,5.431561067577962,-0.24036292741602325,3.302603263680542
39.242000000000004,2.524020650748141,5.430959378953894,-0.24024468465986767,3.3030422899882668
39.262,2.5203346503109154,5.430350802397794,-0.24015029211765618,3.303492106429306
39.282000000000004,2.516606120534462,5.429737143827807,-0.2400756009936932,3.3038493802786535
39.302,2.512828229868972,5.429117409078134,-0.2400174739643803,3.304040611914426
39.322,2.508999463077241,5.428489665639516,-0.23997335281404977,3.3040731289658796
39.342000000000006,2.5051228908519936,5.427853385552781,-0.23994105940074154,3.3040268185500703
39.362,2.501207099791852,5.427210508995284,-0.23991869730020562,3.304002855052509
39.382000000000005,2.4972616444775304,5.426562709143539,-0.23990475890637755,3.3040556679959057
39.402,2.4932883827731627,5.425910662299688,-0.23989792450760897,3.3041741538506377
39.414,2.4908927699278296,5.425517544477003,-0.23989675329460278,3.3042509435695377
39.422000000000004,2.4892921696266654,5.4252547946403435,-0.23989704832253853,3.304294971655812
39.442,2.4852816438503735,5.424596300144217,-0.23990107662604018,3.304355424413271
39.462,2.481261859825234,5.423936793852801,-0.23990909693225107,3.3043301951914805
39.482,2.477234002586931,5.423276489497231,-0.2399203890353924,3.304237161943051
39.502,2.4731934807598046,5.422613749578168,-0.239934420274402,3.3041271413095816
39.522000000000006,2.469139884433589,5.42194899102837,-0.23995071955263328,3.3039510212887637
39.542,2.4650607199394456,5.421289030665297,-0.2399689927670078,3.303059355895544
39.562000000000005,2.4609083240907457,5.420650729317053,-0.23998936494807363,3.2999625417286187
39.582,2.456633360370772,5.420056663278231,-0.24001254559852767,3.293118025638751
39.602000000000004,2.4522643220038827,5.4195254193568925,-0.24003941276547733,3.2823002656185456
39.622,2.4479102621182705,5.419057009000709,-0.24006984129692263,3.2690949597121866
39.638000000000005,2.4444882881260606,5.418716019611601,-0.2400984145243075,3.25815380622913
39.642,2.443642593585276,5.418634024458248,-0.24010634093187996,3.255458562858513
39.662,2.4394702702124347,5.418237632270237,-0.2401464216589441,3.242503602275372
39.682,2.4353791062399046,5.417866005577138,-0.24017935992845604,3.2302845370454127
39.702000000000005,2.4313417573806535,5.417532907976712,-0.24019932863944635,3.218210895299015
39.722,2.427343441220565,5.417249156098828,-0.24021324507212824,3.2059009458086427
39.742000000000004,2.423398678973509,5.417007424550291,-0.24023024164210574,3.193687090920358
39.760000000000005,2.419904864458383,5.416810990843628,-0.2402486490086904,3.183539985608093
39.78,2.416065536425114,5.416599019194809,-0.24027170685129415,3.174278019586505
39.800000000000004,2.4122126755510136,5.416375267721124,-0.24029724436770597,3.168085994425854
39.82,2.408300911161299,5.416130860612951,-0.2403249633684624,3.16532232811312
39.84,2.4043448410355395,5.41587263911145,-0.24035417569671977,3.1654685272313587
39.86,2.4003782838990726,5.415616606782015,-0.24038433361545405,3.167321551199679
39.86,2.4003782838990726,5.415616606782015,-0.24038433361545405,3.167321551199679
39.88,2.396408063380087,5.415378496585925,-0.24041507180378427,3.1694946054765643
39.900000000000006,2.392422567675623,5.415164247551083,-0.24044619833680045,3.1710420023022436
39.92,2.3884175216350805,5.41497069814293,-0.24047725582305837,3.1718161407943373
39.940000000000005,2.3843947544301525,5.4147895880939005,-0.24050813394122197,3.172255933123439
39.96,2.3803482468476176,5.414612904345159,-0.24053858657862628,3.173037025304454
39.980000000000004,2.3762777034837717,5.414431009135252,-0.24056858537692163,3.1745603876866206
40.0,2.3721922139371103,5.414243165228999,-0.2405979836739154,3.1767485976545413
40.02,2.3680944665243673,5.414056204544734,-0.24062674076846138,3.1791637193349667
40.04,2.3639819721086845,5.413873480209964,-0.240654757367376,3.181247380192829
40.06,2.3598506095268617,5.413696247953118,-0.24068213477928177,3.1825998014752432
40.080000000000005,2.355704006260812,5.413528480660872,-0.24070898987025888,3.1830288746295303
40.088,2.3540432223527885,5.413463808262734,-0.2407196105598259,3.182956267357504
40.1,2.3515518142938054,5.413368377434052,-0.24073536418482075,3.182640746801748
40.120000000000005,2.347400793705121,5.413210053628099,-0.24076139729169074,3.1817832289152332
40.14,2.34325216025091,5.413049883398034,-0.24078739258472479,3.1809093255597247
40.160000000000004,2.339103108925033,5.412885728014043,-0.24081333601311936,3.1803516007030037
40.18,2.334954944636016,5.41271829991137,-0.2408394313031821,3.1801591182952715
40.2,2.330811849677968,5.412549045429436,-0.2408658004080831,3.180164641890897
40.220000000000006,2.3266745612190056,5.4123808797254025,-0.24089245333735357,3.180111347722243
40.24,2.322540905754347,5.412215492098976,-0.24091948841761726,3.179818498526986
40.260000000000005,2.31840759421042,5.4120525490596,-0.24094696502421667,3.179282213401685
40.28,2.314271550900462,5.411889837731799,-0.2409748428007318,3.178660936806415
40.300000000000004,2.310135058397166,5.411727442683031,-0.2410029207272872,3.1781688920180815
40.312000000000005,2.307652884667973,5.411629871042763,-0.24101991455531782,3.1779971360162884
40.32,2.305997301817392,5.411564678342907,-0.24103129014046235,3.1779406318256505
40.34,2.3018499105138095,5.411401504666374,-0.24105991913286326,3.177966165225114
40.36,2.297647309223183,5.411236234081627,-0.24108919354513667,3.1780830386881798
40.38,2.2933488916780025,5.411069949022143,-0.24111941481102642,3.178090459808845
40.400000000000006,2.2889382822375786,5.410904624841499,-0.2411506259531124,3.177892889794007
40.42,2.284418841609879,5.410737411570166,-0.2411828208769989,3.1775738696193603
40.440000000000005,2.2798022107159825,5.410566548875484,-0.24121582134100564,3.177321705659252
40.46,2.2751035977741583,5.4103924876734615,-0.24124987948842938,3.1772848612263993
40.480000000000004,2.270339357619314,5.410214666357465,-0.24128717729606516,3.1774715186751936
40.5,2.2655294045182233,5.410031639530868,-0.24132972736180672,3.1777294604492763
40.52,2.260691869786627,5.409845488210901,-0.2413701926549681,3.177870942366494
40.536,2.2568083490914157,5.409697084184068,-0.24139916411115678,3.1778288952609492
40.54,2.2558360689234056,5.409660240773031,-0.2414057515325981,3.177797507470236
40.56,2.2509686081318807,5.40947826046223,-0.2414335202441201,3.1775740876287455
40.580000000000005,2.2460927660440433,5.40930011736558,-0.2414526867177251,3.1774036015334675
40.6,2.241207789689962,5.409124672755698,-0.24147204578449963,3.177460398360065
40.620000000000005,2.2363167542059026,5.408950028361868,-0.24149713260431513,3.1777459252813487
40.64,2.2314243144014885,5.408775623311873,-0.24152727520112285,3.1780950408742736
40.660000000000004,2.226529100346831,5.4086018129207645,-0.24156144837930768,3.178273984552793
40.68,2.221628579513559,5.40842819483866,-0.24159878873411503,3.1782003148647164
40.7,2.2167250051280103,5.408253907146344,-0.24163841970467811,3.177984199797665
40.720000000000006,2.2118181805452597,5.408077655517907,-0.2416797676730094,3.177848320836038
40.74,2.2069043437501694,5.40789905683718,-0.2417224050660761,3.1779419929543935
40.760000000000005,2.201984224280296,5.407718387984545,-0.24176575602293718,3.1782400027680957
40.760000000000005,2.201984224280296,5.407718387984545,-0.24176575602293718,3.1782400027680957
40.78,2.197060475036004,5.407536311667179,-0.24180931020632432,3.1785746694138712
40.800000000000004,2.1921307462911095,5.407354073626272,-0.24185267937017482,3.178732633060542
40.82,2.1871933269019626,5.407171494571735,-0.24189586644281771,3.17864843327474
40.84,2.182251492090757,5.406988568033179,-0.24193874266496543,3.178427354721591
40.86,2.1773060775700475,5.406804826135111,-0.24198139500632523,3.1782806643936534
40.88,2.172354382471524,5.406619767792432,-0.24202380815679683,3.1783545019434345
40.900000000000006,2.167398768763695,5.406433950725044,-0.24206605938606582,3.17862531277714
40.92,2.162443243093553,5.406248182460887,-0.24210817081929584,3.178921373233652
40.940000000000005,2.157487312023948,5.406062787004813,-0.2421470901319099,3.1790311176639787
40.96,2.1525348602190424,5.405877433373145,-0.24217683419480932,3.178903880559115
40.980000000000004,2.1475965878410364,5.4056922584613805,-0.24219649629431103,3.1786606633907852
40.984,2.146610959323853,5.405655238842975,-0.2421994863940631,3.1786158763300607
41.0,2.1426726809776744,5.405507145404986,-0.24221005526470155,3.1785021614301736
41.02,2.137755841304386,5.4053220173966166,-0.24222505783797468,3.1785653776809437
41.04,2.132847530988273,5.405137404643847,-0.2422461551589076,3.17881290082368
41.062000000000005,2.127469341129496,5.4049354547372435,-0.24227520440461583,3.17911778088045
41.082,2.122607841569534,5.404753169635636,-0.24230558606956307,3.179288054367527
41.102000000000004,2.1177739996977247,5.4045709630773615,-0.24233892592655307,3.1794554901072414
41.122,2.1129650819919874,5.404383211889123,-0.24237448910133239,3.1800327363751157
41.142,2.108177046537687,5.404182506155419,-0.24241178438267932,3.1814534057478157
41.162,2.103412768641631,5.403967480325416,-0.24245029019380185,3.183746615597947
41.182,2.0986781872673443,5.4037425916797694,-0.2424893784146818,3.1865199997503586
41.202000000000005,2.093970377990763,5.403513869650836,-0.2425285456510278,3.1892429427635114
41.21,2.0920932685805003,5.403422166987853,-0.24254420549605069,3.1902442491845884
41.222,2.0892827698983103,5.40328350708892,-0.24256758323483688,3.191704307848906
41.242000000000004,2.0846023255752186,5.4030411667040985,-0.24260641480650988,3.194530538486225
41.262,2.079892826161209,5.402762547282226,-0.24264530523596015,3.1989973226637343
41.282000000000004,2.0751423868942718,5.402426559936395,-0.2426770042396312,3.2060345972621844
41.302,2.0703899866890145,5.4020346538496415,-0.24268061298278196,3.215635660914996
41.322,2.0657021022229154,5.401598552507615,-0.24263562633037214,3.227055805474443
41.342000000000006,2.061142659125194,5.401132146124622,-0.24252661700181552,3.239220339233957
41.362,2.056741232812654,5.400648494251362,-0.24235211912210455,3.2514028736665654
41.382000000000005,2.052499610290071,5.40014773391547,-0.24212969074204774,3.263417331564693
41.402,2.0483887868958592,5.399623156092768,-0.24188789272843333,3.275487733398463
41.422000000000004,2.0443756860232476,5.399063839963619,-0.24165492654458273,3.2878878435826824
41.434000000000005,2.0420040832246396,5.398706795376986,-0.24152805622702936,3.2955212611946556
41.442,2.040435702838449,5.398459453161758,-0.2414521411939808,3.300671213847485
41.46,2.036937727590138,5.397876979691709,-0.24132046366732193,3.3123410191233176
41.480000000000004,2.033081023606365,5.397189471619827,-0.24126401028106262,3.3252862886178502
41.5,2.029231652128822,5.396459470545425,-0.24132254197669636,3.3380667648433398
41.52,2.0253884016853307,5.395684622331452,-0.24149575750159966,3.3506333110303004
41.54,2.0215753248027255,5.394870097277295,-0.24176511571696183,3.362973396541815
41.56,2.017817319591167,5.394021064318182,-0.2421075399716752,3.3751049850268435
41.580000000000005,2.0141319802826847,5.393144584994536,-0.2425076010382056,3.3870419081046386
41.6,2.010523916300631,5.392244226045043,-0.24293536747244418,3.398777065946581
41.620000000000005,2.006983070824051,5.391317882468694,-0.24335974179011813,3.410238836909967
41.64,2.0034871411605746,5.390366506830915,-0.24375788189138362,3.4212660064441867
41.660000000000004,2.0000070215739276,5.3893991524974245,-0.24410226102249558,3.4312463551176164
41.660000000000004,2.0000070215739276,5.3893991524974245,-0.24410226102249558,3.4312463551176164
41.68,1.9964933382606018,5.388422249129818,-0.24438753434234603,3.439048548893489
41.7,1.992861206475593,5.387438283601961,-0.24459551414744915,3.4433494952057484
41.720000000000006,1.9890533366228769,5.38644084371952,-0.24470001883356204,3.443583478668161
41.74,1.9851175018963105,5.385430015913479,-0.24468845363212474,3.4405847168568937
41.760000000000005,1.981151000384335,5.38440067788159,-0.24457028062380634,3.436454687654683
41.78,1.9772064517431822,5.383338804364871,-0.24436842057712208,3.433157505733738
41.800000000000004,1.9732969103584057,5.382244518301829,-0.2441153757598741,3.431417476156108
41.82,1.9694316437869095,5.38113668054637,-0.24384750976647776,3.430671324906246
41.84,1.9655892144996734,5.380033349044773,-0.24359150912283425,3.4297081826021647
41.86,1.9617364226556577,5.378940091556677,-0.2433627669671121,3.4275549885580383
41.88,1.9578612531343382,5.377854831287537,-0.24316965719997516,3.424201355178402
41.884,1.9570842462344427,5.37763814443779,-0.24313598871772177,3.423450538163566
41.900000000000006,1.9539670234117343,5.376770202190524,-0.24301692132968664,3.4204417409333514
41.92,1.9500380734168563,5.375668434569249,-0.24289821168511685,3.4173468766317354
41.940000000000005,1.9460487325935798,5.374528570090055,-0.2428065667955364,3.415955055105199
41.96,1.9419907047273834,5.373342160865217,-0.24272894657900942,3.4166689484697725
41.980000000000004,1.937898519078134,5.372132485884261,-0.2426499090758181,3.4187829140257473
42.0,1.9337965089104543,5.370922705472118,-0.24256062169815265,3.4210281888750624
42.02,1.9296856551523056,5.3697288165187285,-0.24245749742447534,3.4223869940550764
42.04,1.9255790730866595,5.368553428289605,-0.24234111909254838,3.4226061497732094
42.06,1.9214897792252699,5.367393349861549,-0.24221479947944466,3.4221622788788606
42.080000000000005,1.9174214960631035,5.366234144882696,-0.24208323643793975,3.421900650850039
42.1,1.9133706936055725,5.365064355611046,-0.2419517833913842,3.4224325906605535
42.108000000000004,1.9117544926028787,5.364593475142448,-0.24190044232916083,3.422889344137559
42.120000000000005,1.9093329217482569,5.363884515766514,-0.24182607566042527,3.4237520975003624
42.14,1.9052951946016843,5.362698009132135,-0.24171367682008746,3.425299961026288
42.160000000000004,1.9012352240604655,5.361511943158409,-0.2416243958554168,3.4264193474827684
42.18,1.8971379849337504,5.360328302091591,-0.24155711677159472,3.426773529501616
42.2,1.893005612667862,5.359144247170591,-0.24150757508010504,3.4264916735099518
42.220000000000006,1.8888409791453808,5.357952055183406,-0.24147263668963317,3.4260314182501554
42.24,1.8846466956826156,5.356741759678689,-0.24144961236956367,3.4258838637114875
42.260000000000005,1.8804280450251887,5.355511808789595,-0.2414364554675608,3.4262365910526857
42.28,1.8761913837352395,5.35426801420327,-0.2414315026974352,3.4269191710068494
42.300000000000004,1.871939927575811,5.353018201927124,-0.24143630350024006,3.427557038516521
42.32,1.8676788386844834,5.35176581312826,-0.24145663829556466,3.4280212406318658
42.332,1.8651194416252759,5.351009361281557,-0.24147917349418033,3.4284010234432647
42.34,1.8634114898544567,5.350501518627707,-0.2414990407949297,3.4288214480102908
42.36,1.8591214568198058,5.3492074818720985,-0.2415664942371161,3.4310948246025315
42.38,1.854786946584921,5.347856123475595,-0.2416591729444222,3.4360362076721
42.400000000000006,1.8504160143036956,5.346437262882135,-0.24177585500600915,3.444201409623191
42.42,1.8460602944043716,5.344964142616411,-0.2419172619458073,3.455093156988316
42.440000000000005,1.841773458425485,5.3434622193179635,-0.24208504128457362,3.46751470978651
42.46,1.837572567158027,5.341941914844646,-0.2422786657139769,3.4807195014440224
42.480000000000004,1.8334377048147847,5.3403910282744445,-0.24249476701658915,3.4947038894188127
42.5,1.8293415632137706,5.338781242345792,-0.24272965537635136,3.509717572692664
42.52,1.8252833962532287,5.337105065509791,-0.2429805746898682,3.525658739242444
42.54,1.8212776468967826,5.335376641651196,-0.24324362696431698,3.5420685097770224
42.56,1.817331462922792,5.3336095957945675,-0.24351124143271433,3.5584339688099194
42.56,1.817331462922792,5.3336095957945675,-0.24351124143271433,3.5584339688099194
42.580000000000005,1.8134432359431294,5.3318084754960315,-0.24376448230346062,3.5744823375451844
42.6,1.8095962867552695,5.329964490712142,-0.24397016101789573,3.5902966279723643
42.620000000000005,1.8057655824586996,5.328062042517694,-0.24411495573573547,3.606121835724658
42.64,1.8019444255247223,5.326095753323884,-0.2441992168764199,3.622058487158231
42.660000000000004,1.7981426711491406,5.324067636687777,-0.24422556622491606,3.6379887263634783
42.68,1.7943721868423292,5.321987773026759,-0.24420272316307165,3.653710073016759
42.7,1.7906435105684022,5.319868570571559,-0.2441432732997724,3.6691032934240937
42.720000000000006,1.7869625049169104,5.317711554698251,-0.2440611225239577,3.6842086984034683
42.74,1.783327534496859,5.315511787779691,-0.24396661708955567,3.699158704103646
42.760000000000005,1.7797359532803845,5.31326622253661,-0.24386814950132327,3.714054110825632
42.78,1.7761872404040042,5.3109764161453805,-0.24377119464869781,3.728899763167106
42.784000000000006,1.77548279419476,5.3105134604940085,-0.24375225895289407,3.73185864275182
42.800000000000004,1.7726825736517497,5.308646164782693,-0.24367842476833554,3.7436462247528106
42.82,1.7692223703581813,5.30627604207263,-0.24359006793497182,3.75825933840765
42.84,1.765807220705614,5.303864203216698,-0.24350403661072154,3.772736023061908
42.86,1.762435505125326,5.301408481043595,-0.2434174631295233,3.7871036266721787
42.88,1.7591048439087111,5.298909233634835,-0.24332732750858124,3.801387364585524
42.900000000000006,1.7558149897853017,5.296369197899762,-0.24323046667405354,3.8155965034006774
42.92,1.7525694152917164,5.293791883576439,-0.24312465355328203,3.82972930161151
42.940000000000005,1.7493718528253064,5.2911771239117655,-0.24300888647591343,3.8437885353824814
42.96,1.746221639106121,5.288522643061463,-0.24288324228795435,3.857788181231208
42.980000000000004,1.7431171906442777,5.285830261752301,-0.24274881819602492,3.8717339273021634
43.0,1.7400593349019182,5.2831017589662785,-0.24260716400219726,3.8856306668302416
43.008,1.738849603871199,5.282000068427734,-0.24254889370351693,3.8911763528562506
43.02,1.7370489198747165,5.280336190638576,-0.24246017935119488,3.899480921302551
43.04,1.7340828330398057,5.277532096870843,-0.24231010407733491,3.9132828754200033
43.06,1.731158811005143,5.274689732732102,-0.24216059533775666,3.927034636838815
43.080000000000005,1.7282764237977863,5.271807451299518,-0.24201639892949808,3.9407522605758376
43.1,1.7254328484734527,5.268880601368438,-0.2418827526075917,3.9544619270114225
43.120000000000005,1.7226244099408659,5.265905028408954,-0.241766633646925,3.968169018193571
43.14,1.719846957484732,5.262877581513276,-0.241676060554653,3.9818654405840053
43.160000000000004,1.717097916996308,5.2597938531681,-0.2416239377713921,3.995545220707694
43.18,1.7143740212726977,5.256651182841537,-0.2416196631129944,4.009212808825512
43.2,1.7116692195396999,5.253446707885996,-0.24166907175307598,4.022886512264429
43.220000000000006,1.7089838428253252,5.25018194762496,-0.2417674150494519,4.036560339525228
43.232,1.7073847970773506,5.248197204306369,-0.24184622443253886,4.044746744467658
43.24,1.706325049747337,5.246864086177782,-0.24190565312611836,4.050191498850128
43.260000000000005,1.7037012115002181,5.243499260128578,-0.24207322841743453,4.063747495138157
43.28,1.7011173929786354,5.240092926722386,-0.2422598679831969,4.077237284066908
43.300000000000004,1.6985758852072597,5.236649014593936,-0.24245603899083354,4.090700842341807
43.32,1.6960779762962956,5.233169452678912,-0.24265284543125462,4.1041728925144465
43.34,1.693623703879163,5.229654979399554,-0.2428437902372367,4.1176644981958725
43.36,1.6912132397286785,5.226107121220978,-0.24302493393281124,4.131155150668737
43.38,1.6888466306623813,5.222526945770524,-0.24319311594048001,4.144611751825873
43.400000000000006,1.686523628564009,5.218913833641089,-0.2433447011562909,4.158023432745645
43.42,1.684244133157903,5.215266767958596,-0.24347950495459156,4.171411258205038
43.440000000000005,1.6820084971773017,5.211586222670838,-0.24359679902125506,4.184800131464541
43.456,1.680252410698567,5.208618415518629,-0.2436715916287234,4.195510146626765
43.46,1.6798179457368216,5.20787341414524,-0.24368723380890348,4.198183127440871
43.480000000000004,1.6776729728506568,5.204131332713221,-0.24374647431413157,4.211476676573535
43.5,1.6755726889485092,5.200365063065413,-0.24377441032692346,4.22444685993998
43.52,1.67350763504715,5.1965838264092605,-0.2437733942456848,4.23642965023073
43.540000000000006,1.6714545120005668,5.192782239536916,-0.24374771567161221,4.246383845815709
43.56,1.6693660008297795,5.188927498757171,-0.24370346617524322,4.253032411593636
43.580000000000005,1.667205126110541,5.184985291772561,-0.24364741395704845,4.25550630239148
43.6,1.6649783082430158,5.180966392667878,-0.2435847805158978,4.25383692090133
43.620000000000005,1.662725700557809,5.176917127986117,-0.2435177137164016,4.2493235360822235
43.64,1.6604837028272699,5.172851631869268,-0.24344590479653552,4.244148912748751
43.660000000000004,1.6582666110784774,5.1687457846194205,-0.24336796373057198,4.24009926526403
43.68,1.656066037104178,5.1645908930773645,-0.2432841975117753,4.237497542330083
43.684000000000005,1.6556267543799397,5.163755837991837,-0.24326679779081525,4.237070123574095
43.7,1.6538659479420064,5.160406131814097,-0.24319531186228735,4.235268255382175
43.720000000000006,1.6516341331509763,5.156198282410944,-0.2431029203588632,4.23194769914322
43.74,1.6493446070974813,5.151969961081894,-0.24300897576928585,4.226364257880392
43.760000000000005,1.6469844299630831,5.147728156494022,-0.24291416653415057,4.217885022024441
43.78,1.6445577530600517,5.143501368006515,-0.24281601766249503,4.206491551540239
43.802,1.641827063214488,5.138915551663735,-0.2426967791136778,4.190884628825031
43.822,1.6392969782715192,5.134846094169801,-0.24256598759809264,4.174138092539692
43.842000000000006,1.6367396787707336,5.1309131945044735,-0.24240375099208014,4.155444164376863
43.862,1.6341853810829814,5.127163798898876,-0.24220312840140615,4.1355985474366195
43.882000000000005,1.6316555509560506,5.123607522170138,-0.24196715224971713,4.115298949673686
43.902,1.6291502902115045,5.120233343583516,-0.24170653818972895,4.094947459531253
43.906000000000006,1.6286510777349652,5.119578334477699,-0.24165288053146486,4.0908834844814415
43.922000000000004,1.6266575026065104,5.117017409159297,-0.24143824929026012,4.074651410804818
43.942,1.6241620684368483,5.113937313858825,-0.24118735658225512,4.0544442416555135
43.962,1.6216482189592263,5.110955749854587,-0.240999282891484,4.034733568322952
43.982,1.619104118764314,5.1080180199074645,-0.24090452751599864,4.016447688017282
44.002,1.6165182079884275,5.105053898768418,-0.24092198644322163,4.000925986466134
44.022000000000006,1.6138547794842075,5.101970074037479,-0.2410424083716833,3.9895610040968976
44.042,1.611100741337149,5.098715268828738,-0.2412414314804134,3.9832098540743073
44.062000000000005,1.6082760981395114,5.095328178974981,-0.24148555756613158,3.9814949626840095
44.082,1.6054178975127718,5.091878931457714,-0.2417419446021273,3.9828969583741185
44.102000000000004,1.6025248228148405,5.088417456731421,-0.241984444811182,3.9850761074549945
44.122,1.5995617333428838,5.084946385134852,-0.24219136635959523,3.9860780643169647
44.13,1.5983530345812973,5.083552821214318,-0.24226486719588616,3.986029400711126
44.142,1.5965202465406962,5.081454591890817,-0.24236662441666348,3.985620605650655
44.162000000000006,1.5934259199306058,5.077925600989839,-0.24251671186864024,3.9849583007032567
44.182,1.5902921515536237,5.074326215169971,-0.24264619638061038,3.9857709098769867
44.202000000000005,1.587132408797692,5.070654358203651,-0.24275899014452998,3.9886302925520876
44.222,1.5839587790731522,5.066940622974434,-0.24285821489072904,3.9927017555802777
44.242000000000004,1.5807537050108902,5.06321040851092,-0.24294645266198775,3.9961922473812215
44.262,1.5774813202477973,5.059459121599723,-0.2430187211693877,3.9976201544242644
44.282000000000004,1.5741442032806567,5.055692509084229,-0.24305867050830157,3.9967062016807557
44.302,1.5707868519553598,5.051930760614326,-0.24305741306193482,3.994435766879844
44.322,1.5674517652063114,5.048175994247095,-0.24300759845136707,3.992529217173499
44.342000000000006,1.5641597133280634,5.044422897620698,-0.24291312145003094,3.992167147976923
44.358000000000004,1.561569389338863,5.041437901459193,-0.24281232147237528,3.9929227419084383
44.362,1.5609277596609097,5.040696670114733,-0.24278439532130694,3.9931959653290887
44.382000000000005,1.557747943884931,5.03702934830006,-0.24263338795375625,3.994430260203415
44.402,1.5545905853339619,5.033419210241763,-0.24247465795892945,3.9945356642851664
44.422000000000004,1.5514211390872241,5.029838062227413,-0.2423216272316027,3.993076531859635
44.442,1.5481990888251307,5.0262177802706915,-0.24218380661126673,3.990870161697031
44.462,1.5448798789872407,5.022464393868373,-0.2420694267594434,3.9895306125807153
44.482,1.541442390415546,5.018531522183219,-0.24198477141232858,3.9899367541207997
44.502,1.5378836082647078,5.014437901475641,-0.24194120284630907,3.9914519304942853
44.522000000000006,1.5341924767683706,5.010206981811174,-0.24196061620565054,3.9925836538924226
44.540000000000006,1.5307536259897896,5.006303121925141,-0.24203862623928787,3.9922631937642485
44.56,1.5268445322738466,5.00190495139563,-0.24218895683514194,3.9904614780250705
44.580000000000005,1.5229047090736536,4.997476434882128,-0.24239478398383016,3.988436895165592
44.580000000000005,1.5229047090736536,4.997476434882128,-0.24239478398383016,3.988436895165592
44.6,1.518973237678489,4.993022542450212,-0.24264082777674936,3.9878381959561198
44.620000000000005,1.5150716569064664,4.988556613830428,-0.24291011976900082,3.9891653638763103
44.64,1.5111978372294077,4.98410909497674,-0.24318662495263996,3.991223754711219
44.660000000000004,1.507314362715119,4.979685371195512,-0.24345921793456268,3.9922036987897482
44.68,1.503396128765051,4.9752780061892325,-0.243721846463665,3.991109182133257
44.702000000000005,1.4990705871308614,4.97043899732068,-0.24399498866612604,3.988598323950496
44.722,1.4951290254754002,4.965998121629072,-0.2442232745461825,3.987234519464259
44.742000000000004,1.491172249615365,4.9614734310945225,-0.2444222817366747,3.9881531598372875
44.762,1.4871945210425954,4.956880120902055,-0.24458255307227247,3.9908075483001872
44.782000000000004,1.483163469465816,4.952241751638246,-0.24470199291989267,3.9929962348203496
44.802,1.4790411012323847,4.947569469160326,-0.24478294208083826,3.9928244354619515
44.806000000000004,1.4782074640553302,4.946633391350407,-0.24479475186695518,3.99248713051192
44.822,1.474856718497634,4.942888932567882,-0.24482824934786898,3.9905304970009525
44.842000000000006,1.4706627634601963,4.938193636733896,-0.24484068446924237,3.988288064625433
44.862,1.4664878053044093,4.933448419572518,-0.24482266988262832,3.988270412255449
44.882000000000005,1.4623509740454472,4.928675095321561,-0.2447780603998628,3.9906445400688155
44.902,1.4582321845789898,4.92391310464758,-0.24471032071432722,3.9934369783403034
44.922000000000004,1.4540607073313432,4.9191530631065294,-0.24462398694669965,3.9941464766813386
44.942,1.4498230184989795,4.91439683656178,-0.2445228782086276,3.9921417732172917
44.962,1.4455605797179807,4.9096376486914375,-0.24440614441094557,3.9892045619680583
44.982,1.4413080850675781,4.90482943061941,-0.24427161655620647,3.9880620255273302
45.002,1.4370915671313023,4.899978147065246,-0.24411930878684104,3.9897400985150537
45.022000000000006,1.4329121818655868,4.89512906315481,-0.2439529733472475,3.9927045753031964
45.03,1.4312373849526352,4.893195992235722,-0.24388479583831094,3.9936197756701626
45.042,1.428712424920118,4.890306972150415,-0.2437825488899432,3.994244056342548
45.062000000000005,1.4244716740380332,4.8855260495895845,-0.24361569437816613,3.9929924927872245
45.082,1.4202189307249644,4.880779167926433,-0.24345934668048028,3.990070006566941
45.102000000000004,1.415971809022125,4.876004185036572,-0.24332339764726843,3.9880776492078875
45.122,1.4117389892925387,4.871160404294233,-0.24322135143238552,3.9887907304202583
45.142,1.4075101720459324,4.866258352972678,-0.2431676230032346,3.9916464285689606
45.162000000000006,1.4032174709585437,4.861299003555111,-0.24317264242414113,3.9941067466675415
45.182,1.3988080331687716,4.856292020708109,-0.24323983372979355,3.994009752482785
45.202000000000005,1.3943157180936496,4.851266568046018,-0.24337247153021022,3.9913817705585606
45.222,1.389793705948436,4.846211128852829,-0.24355834864824558,3.9884418313391388
45.242000000000004,1.385289288859259,4.841096495999042,-0.24377988450500418,3.9878994965490566
45.256,1.3821638761104467,4.837495233178356,-0.24394776806627458,3.9894850689353873
45.260000000000005,1.3812759908637313,4.836466159082611,-0.2439970001341926,3.990177553742492
45.28,1.3768553395571757,4.831329131349428,-0.24424768253244236,3.994099460786903
45.300000000000004,1.3724038442970965,4.826213534099118,-0.24449964596033133,3.9961436320364134
45.32,1.3678811672368472,4.821131212600416,-0.24473525412998562,3.9943291466525
45.34,1.3633247114838256,4.816077189109653,-0.24492844990421522,3.9900209381029392
45.36,1.3587588948518203,4.810968183791134,-0.2450552989495999,3.9870840212819276
45.38,1.3542075973397871,4.805753352237204,-0.24510274959407755,3.9882706939309926
45.400000000000006,1.3497222884432745,4.8005222816404824,-0.24506940684698972,3.9925779556523793
45.42,1.3452754274791456,4.79536059741776,-0.2449655692912934,3.99617799918336
45.440000000000005,1.3408068112090086,4.790299027027584,-0.24481013279246347,3.995757738190073
45.46,1.336351992868692,4.78536265984784,-0.2446224988043821,3.991587430927206
45.480000000000004,1.331968780377871,4.780501816128611,-0.24441653902567764,3.9874378731239366
45.480000000000004,1.331968780377871,4.780501816128611,-0.24441653902567764,3.9874378731239366
45.5,1.3276630265083624,4.775609450694131,-0.24421020354597453,3.9870686524437127
45.52,1.3234289469768146,4.770666941861361,-0.2440306657556153,3.991089672718016
45.540000000000006,1.3192145458948585,4.76572914461234,-0.24389492550478867,3.995837516443089
45.56,1.314892441650382,4.760783064863637,-0.24380560236216828,3.9970079359362947
45.580000000000005,1.3104352160470671,4.755827504378527,-0.24376292723367313,3.993381115939429
45.6,1.305932075313653,4.75085891710704,-0.24376473990151662,3.988350295748063
45.620000000000005,1.3014134711725458,4.745766033489551,-0.24380832950039602,3.9864864150290833
45.64,1.2969021014731938,4.74051477853812,-0.24388708560189373,3.9898974569404397
45.660000000000004,1.2924219657356582,4.735228945434727,-0.2439951001268382,3.9956696113619774
45.68,1.287858824235463,4.729941418709489,-0.24412720746702957,3.9985310477553067
45.7,1.2831443591307092,4.7246589354452215,-0.2442793510809775,3.9956073335419497
45.704,1.2821939073439141,4.723610291493009,-0.24431165926209567,3.994447706443339
45.720000000000006,1.2784053785048246,4.719442664801304,-0.24444515609878945,3.9893212455795357
45.74,1.2737056705671619,4.714195444190948,-0.24461483894967953,3.9853366153498877
45.760000000000005,1.2690402936085656,4.708794521060655,-0.2447735084774529,3.9877435050959282
45.78,1.2644674222392323,4.703351245873896,-0.24490336356710365,3.995049525126383
45.800000000000004,1.2599153756948522,4.69797146263238,-0.24498487733084348,4.000940009608649
45.82,1.2552326094298043,4.692637766626262,-0.2450037999716613,4.000348778953674
45.84,1.2504824867768507,4.687410284077393,-0.24496182531554453,3.9936218649510615
45.86,1.2458378607395961,4.682286006283299,-0.2448628419003199,3.987283437086393
45.88,1.2413203041003404,4.677126189905564,-0.2447152078885693,3.986760459013442
45.900000000000006,1.2369344172243408,4.671929247982102,-0.24453667210680488,3.9926641109979975
45.92,1.2326510792085577,4.666836698224726,-0.2443372942601613,3.9990733869490227
45.928000000000004,1.2309308507828063,4.6648311830587605,-0.24425437289060745,4.000366312262214
45.940000000000005,1.2283113059896553,4.661842766117125,-0.24413170798476627,4.000195523340131
45.96,1.2238618952011218,4.656919434555057,-0.24394872618432265,3.9946705367768067
45.980000000000004,1.2194356376316093,4.652060379475502,-0.24380304352733992,3.987675637616798
46.0,1.215050509288759,4.647106404418094,-0.2437021344555492,3.985313968636913
46.02,1.2106819060764686,4.641963257485202,-0.24365608508226907,3.989938589268012
46.040000000000006,1.2063299563753587,4.636777265218413,-0.2436680741116571,3.996914355322863
46.06,1.20185389455116,4.631581638750324,-0.24373543540745354,3.9999842358452904
46.080000000000005,1.1971747135128985,4.626368957316253,-0.2438530590428816,3.995938023339148
46.1,1.19245720576665,4.621208026943306,-0.24401118612262865,3.9885305085451925
46.120000000000005,1.1877828918302986,4.615985582298071,-0.2442033493963012,3.984478311335542
46.14,1.1831590353048649,4.610593279331732,-0.2444196296902962,3.9878421171683587
46.156000000000006,1.17953100621301,4.606252397969919,-0.24459901938124048,3.9943117619190796
46.160000000000004,1.1786307274736627,4.605174775731746,-0.24464371079369393,3.995965083633993
46.18,1.174100589089173,4.599838783884294,-0.2448604285981584,4.00158525076951
46.2,1.1694197511914246,4.594559127017594,-0.24505287091921898,3.999761048178711
46.220000000000006,1.164659939104941,4.589372135064245,-0.24519630204447954,3.991795036162335
46.242000000000004,1.1595090942769892,4.583703958507781,-0.24527631431606858,3.98477693787911
46.262,1.1549197367636,4.578432735543528,-0.24527511107354058,3.9858140936392483
46.282000000000004,1.1504588988804008,4.573123252169047,-0.245211958354511,3.993169890607203
46.302,1.1460839700863064,4.567937155651548,-0.24509710001040744,3.9998545158705108
46.322,1.1416491044584753,4.562873498589418,-0.24494378881654885,4.000372769353068
46.342000000000006,1.1371428609586227,4.557922433991427,-0.24476963045696135,3.9942153967547656
46.362,1.1327058153363727,4.553070166559966,-0.24458505468345096,3.987210412308605
46.378,1.1292234395935834,4.549151271643614,-0.24443786028490674,3.985095951752612
46.382000000000005,1.1283591922825429,4.548156384531361,-0.244402282599707,3.9852939059754853
46.402,1.1240834210621393,4.543116921250771,-0.24423901222635477,3.990313334097974
46.422000000000004,1.1198643749234174,4.538089263317851,-0.24410609535903596,3.9973407994369303
46.442,1.1155485066660922,4.533093893009475,-0.2440010272776564,3.999997446147489
46.462,1.1110412567798584,4.528097805580583,-0.2439237801623607,3.9954950060918186
46.482000000000006,1.1064942417841725,4.5231367235052735,-0.24387245383333514,3.9882113373425274
46.502,1.1019817962735976,4.518087729598954,-0.24384274474283255,3.9846932886397517
46.522000000000006,1.0974979065551986,4.512856188794687,-0.24383702890914608,3.9882044005722914
46.542,1.0930697259278102,4.507585737236611,-0.24386151685538274,3.9952762737101155
46.562000000000005,1.0885749344675522,4.502334135307903,-0.24391712883294078,3.999362286593794
46.582,1.083895097446738,4.497076828091765,-0.24400552411039836,3.996625747734011
46.602000000000004,1.0791584376957293,4.491877159707563,-0.2441279352275366,3.989652521233358
46.602000000000004,1.0791584376957293,4.491877159707563,-0.2441279352275366,3.989652521233358
46.622,1.074458729736242,4.486647741974645,-0.24428357970700468,3.9850259704006743
46.642,1.0697974929960978,4.481259971614378,-0.24446936072073158,3.9872234026642532
46.662000000000006,1.0652233719537114,4.47582632972936,-0.24467234208002972,3.994683179282825
46.682,1.060664093231868,4.470462428494967,-0.24487727610165763,4.000651537044515
46.702000000000005,1.0559677675061963,4.465145319733711,-0.24506613513190798,3.9997972606045877
46.722,1.0511800411269894,4.459910672277298,-0.24521353959409134,3.9924099519220193
46.742000000000004,1.0464557135393953,4.45473534135777,-0.24529546028963126,3.985358819264534
46.762,1.0418163964789913,4.4494625303464055,-0.24530509632064815,3.984564000690985
46.782000000000004,1.0372888091737922,4.444106793355685,-0.24524845487216337,3.990774987835842
46.802,1.0328636652807557,4.438855483629154,-0.24513493227355168,3.9975446669098837
46.822,1.0283990527493547,4.433726753366701,-0.24497719618540773,3.998967561678967
46.830000000000005,1.0265836778232418,4.431701985380247,-0.24490604234992772,3.997479152504327
46.842000000000006,1.023857277684207,4.428706533878377,-0.24479366334908834,3.993666522788605
46.862,1.0193842427706603,4.42380679085314,-0.24459501783264084,3.986813947933556
46.882000000000005,1.0150100731361114,4.418878953286205,-0.24439466876527818,3.9844083527212155
46.902,1.010711343110623,4.413832970120933,-0.24421285045848037,3.988831846498866
46.922000000000004,1.0065018843455544,4.408798484380498,-0.24406367861460312,3.996651015816891
46.942,1.0022889763702922,4.403807757420482,-0.2439476100017268,4.003012993337178
46.96,0.9984417769119313,4.3993222021949,-0.2438701198298213,4.006229755839242
46.980000000000004,0.9941425197217587,4.394298152018993,-0.24381321984548318,4.00930626621841
47.0,0.9898616110159502,4.3891368825517585,-0.24378692035768876,4.016254879113163
47.02,0.9856566192562191,4.383804618030862,-0.24379488894746962,4.029552489400429
47.040000000000006,0.9816182851921482,4.378419452273477,-0.2438438277264481,4.047564998438324
47.052,0.9792894326056782,4.375218271809683,-0.2438945657425923,4.059209185926185
47.06,0.9777726364328033,4.373103984209415,-0.24393769712857769,4.066922320602005
47.080000000000005,0.9740883110634522,4.36786971670177,-0.24407958303477753,4.085508310242418
47.1,0.9705317524684736,4.362663144450905,-0.24426418007417358,4.103753536326458
47.120000000000005,0.9670887400291562,4.357402208949033,-0.2444807122713589,4.12337413490154
47.14,0.963779573217163,4.352062441161721,-0.24471560524502392,4.1448408840007565
47.160000000000004,0.9606212595240912,4.346706960642936,-0.2449547338494064,4.16704697270444
47.18,0.95760679553622,4.341388558706141,-0.24517724127228654,4.188527477054082
47.2,0.954720186471039,4.336112224189325,-0.24536158588418935,4.208361860834308
47.220000000000006,0.9519277963735826,4.330844460700937,-0.24549012269686485,4.226482205284867
47.24,0.9492172726244844,4.3255634785319,-0.2455475192920963,4.243538232964122
47.260000000000005,0.9465990648539346,4.320264298099388,-0.24554165084661475,4.2600562782861
47.276,0.9445633172651595,4.31602101357746,-0.24550090002081107,4.272490039645967
47.28,0.9440603930887591,4.3149592156054215,-0.24548650402625297,4.275411764403465
47.300000000000004,0.9415569581414933,4.309627944676823,-0.24539523588602494,4.288314158337048
47.32,0.9390271136165934,4.304235313615582,-0.24528193592273909,4.297413694278385
47.34,0.9364579064091747,4.298778848690399,-0.2451589974102927,4.302580825767884
47.36,0.933880855451948,4.293271406572643,-0.24503399603033285,4.305451091474373
47.382000000000005,0.931082684638056,4.287133468239946,-0.24490023759957255,4.3086442748385725
47.402,0.928589289092346,4.281485636130224,-0.2447844548612916,4.312497830772844
47.422000000000004,0.9261086743085754,4.275790479907483,-0.2446729065259632,4.315849663484874
47.442,0.923585485222693,4.270056760762228,-0.24456171904998505,4.316475988462456
47.462,0.9210138218921533,4.264309311316756,-0.24444696377868422,4.313602199031489
47.482000000000006,0.9184291065238652,4.258571847577733,-0.24432347445569927,4.308934825080464
47.502,0.9158723266660902,4.252800336267979,-0.24418687745721654,4.305530232323525
47.502,0.9158723266660902,4.252800336267979,-0.24418687745721654,4.305530232323525
47.52,0.9136139331659803,4.247563079168973,-0.2440501379373978,4.304963091286718
47.540000000000006,0.9111440680210083,4.241736670538156,-0.2438826516058957,4.306352711143886
47.56,0.9086647485910315,4.2359254532804975,-0.24370135899118892,4.307212538310121
47.580000000000005,0.9061318205780868,4.230142975944675,-0.24351067189302675,4.305221252593712
47.6,0.9035649646066753,4.22441324343522,-0.24331603209477756,4.300731308166273
47.620000000000005,0.901005565462885,4.218708031176592,-0.24312382393947626,4.296363391762749
47.642,0.8982338763529835,4.212395147363689,-0.24292681621949827,4.29451471980095
47.662000000000006,0.8957457908148234,4.206622011819519,-0.24278328018592296,4.295419459795816
47.682,0.8932230099804017,4.200801718987364,-0.24269743721890627,4.296206704235044
47.702000000000005,0.8906013526950585,4.194910855501586,-0.24268096363485128,4.294387560342268
47.722,0.8878857554540833,4.188960316172278,-0.24273853355734307,4.29000013820943
47.726000000000006,0.8873353245449122,4.187763814796249,-0.24275891086107562,4.289003971254509
47.742000000000004,0.8851244825169928,4.1829457394032215,-0.24287005209267656,4.285426686001088
47.762,0.8823736513751614,4.176850667587355,-0.24306279951445578,4.283353954452434
47.782000000000004,0.8796601641161632,4.170726128940845,-0.24329388174278735,4.284313165842339
47.802,0.87696109578148,4.1646192320261655,-0.24354511319230618,4.286277417764599
47.822,0.8742151164699997,4.158538106389739,-0.24380334838504972,4.2862740424828525
47.842000000000006,0.8714062185365006,4.152492151493098,-0.24405959170477573,4.283070217903943
47.862,0.8685683946484899,4.146481276440329,-0.2443019280708861,4.278286304455087
47.88,0.8660255331835045,4.141040816888445,-0.2444919064438936,4.275427916243232
47.900000000000006,0.8632391069126375,4.134909715074421,-0.2446586282924644,4.276054791010674
47.92,0.8604967503812122,4.128733646452768,-0.24476462900530274,4.280050822167794
47.940000000000005,0.8577414390767153,4.122554739932911,-0.24480352361341448,4.283932110234228
47.952000000000005,0.8560569256177508,4.118852678267849,-0.24479640853399118,4.284890635900568
47.96,0.8549240039304503,4.116394569787641,-0.24478000736374841,4.284878231024439
47.980000000000004,0.8520894644960957,4.110302657096744,-0.2447040443044706,4.283662405502315
48.0,0.849313121679783,4.10425215587455,-0.24458962150830946,4.283918914462295
48.02,0.8466454301769081,4.098177031899992,-0.24445218902274626,4.289157051730231
48.040000000000006,0.8441215558614045,4.092137258274196,-0.24430388255708743,4.299348046983255
48.06,0.8417357417015963,4.08625213867876,-0.2441541720446838,4.311357850515566
48.080000000000005,0.839445927369681,4.080511570130568,-0.24401870143458967,4.3232209020970505
48.1,0.8372484880946605,4.074843334906771,-0.2439044946547487,4.335842925042297
48.120000000000005,0.8351712479579088,4.069126079104423,-0.24381222198510719,4.351900446885679
48.14,0.8332545853413791,4.063342865398688,-0.24374401936215476,4.372338327510852
48.160000000000004,0.8315290650479116,4.057577710133103,-0.24370617469868225,4.3958791592269
48.176,0.8302901894414111,4.053034233265453,-0.24369886565582669,4.415504267254408
48.18,0.829997925952555,4.051911330277339,-0.243700304162241,4.420398825026736
48.2,0.8286295578464348,4.046363318055352,-0.24372686399309743,4.4444662542372155
48.220000000000006,0.8274020011755734,4.040892430793897,-0.2437865791183851,4.467968703654996
48.242000000000004,0.8262141805265444,4.034893771191336,-0.2438900928253179,4.493917638206914
48.262,0.8252832321147601,4.029416865985927,-0.24401799472134336,4.518105279025176
48.282000000000004,0.8244873666727328,4.023929437003482,-0.2441794912310122,4.542675100330495
48.302,0.8238283731100569,4.018449048030863,-0.2443764058678747,4.567262990871209
48.322,0.8233046951085883,4.012975719791105,-0.24460965681175248,4.5916892678495165
48.342000000000006,0.8229122441759381,4.007509829361213,-0.24487602217906992,4.615917496636766
48.362,0.822649857055102,4.002049689515817,-0.24516767426654676,4.639976754333268
48.382000000000005,0.8225084375770235,3.996598682517754,-0.24546913184365757,4.663899956525072
48.402,0.8224915047949212,3.9911628491848896,-0.2457590955934795,4.687684611827289
48.402,0.8224915047949212,3.9911628491848896,-0.2457590955934795,4.687684611827289
48.422000000000004,0.8226013399420434,3.9857399886956606,-0.2460112025803001,4.711271711309011
48.442,0.8228265594390085,3.9803327972166156,-0.24619774020281457,4.73446523161875
48.462,0.8231531873912412,3.97495757024684,-0.24629874080648687,4.756836717839351
48.482000000000006,0.8235651456174725,3.9696351552162805,-0.2463092350805484,4.777850994858343
48.502,0.8240402714512653,3.964368217151929,-0.24623797963375874,4.796859567234656
48.522000000000006,0.8245572651531559,3.9591143571121346,-0.2461046109502835,4.813183087822912
48.542,0.8251077366654589,3.9538231377553386,-0.2459347254203663,4.826569579776339
48.562000000000005,0.8256973026316043,3.948483010236924,-0.24575253183231097,4.837716973626587
48.582,0.8263458569063968,3.9430958811831287,-0.24557668155447912,4.8478577232891364
48.602000000000004,0.8270616814128471,3.9376607582227376,-0.24541943754605047,4.857839648554785
48.622,0.8278407982035818,3.9321641454620044,-0.24528551615574526,4.867295205643128
48.626000000000005,0.8280021282971654,3.9310533608134564,-0.24526154137901415,4.868984785151626
48.642,0.8286539370843286,3.9265522872331897,-0.2451738664224484,4.874504528287189
48.662000000000006,0.8294651393722343,3.920764279519829,-0.24507865041337532,4.877547277684151
48.682,0.8302469068338659,3.914815414467309,-0.2449885855711332,4.875589341694732
48.702000000000005,0.8310076986673227,3.908794548932408,-0.24488716223353044,4.870032918641298
48.722,0.8317881177564879,3.9027412535683004,-0.24475979338323514,4.8638924700557515
48.742000000000004,0.8326307730187648,3.8966501437708287,-0.2445967351186845,4.859733577403841
48.762,0.83352693091409,3.8905522648846587,-0.24439689506007548,4.8577570467384374
48.782000000000004,0.834419223389071,3.8844675596086478,-0.2441671373147737,4.85588460467057
48.802,0.8352539772275946,3.87839994042908,-0.24391820574884956,4.851864045783102
48.822,0.8360227023769257,3.8723785584009334,-0.24366121079787648,4.845585436731321
48.842000000000006,0.8367612780218219,3.86640695589397,-0.24340642363476248,4.839077673193612
48.85,0.8370604168534495,3.8640224348970853,-0.24330732196840624,4.836965408186956
48.862,0.8375208668865883,3.8604424729161737,-0.2431635392648712,4.834630816045721
48.882000000000005,0.8383164540543113,3.854460831745746,-0.24294508042228677,4.832874904043066
48.900000000000006,0.8390502569559531,3.849061136710224,-0.2427889535038679,4.832789356959883
48.92,0.839862542584862,3.8430098432414375,-0.2426792288884366,4.833143967599642
48.940000000000005,0.8406557404132473,3.8368619057355184,-0.2426438305692837,4.833004964282794
48.96,0.841437392662991,3.830604508348669,-0.24268296634701267,4.8323982734855955
48.980000000000004,0.8422333664984806,3.824245522900562,-0.24279417940735262,4.832280704717084
49.0,0.8430586359108949,3.817816965188097,-0.24295720066017526,4.83342424378719
49.02,0.843907584212088,3.8113609439886575,-0.24315035015759515,4.835634031541624
49.040000000000006,0.8447568171659288,3.804886761070348,-0.24335650900111447,4.837742513001159
49.06,0.8455793201379511,3.7983876013986615,-0.24356244916191336,4.838555418850672
49.076,0.8462164517054873,3.7931725346720144,-0.24372163369708102,4.838132637559438
49.080000000000005,0.8463738996406468,3.791867230983212,-0.2437603200936175,4.837932635821855
49.1,0.8471678504391155,3.7853225116900413,-0.24394620270765896,4.837020369970108
49.120000000000005,0.8479971842172571,3.778745490470624,-0.2441084505405471,4.837332013800869
49.14,0.8488647940456439,3.772143600021133,-0.24423133493040952,4.839254437143311
49.160000000000004,0.8497466358353287,3.7655237006615083,-0.24430067836030753,4.84161405615715
49.18,0.8506018249030884,3.7588878987013112,-0.24430997676006297,4.842657820132236
49.2,0.8514152355198077,3.752281857488215,-0.2442614168665382,4.841766971313104
49.220000000000006,0.8522027674806202,3.745751758581799,-0.2441627538229242,4.839969701860809
49.24,0.8530069742316619,3.7393004551222404,-0.2440258181381544,4.839118642749338
49.260000000000005,0.8538445738203924,3.7329276929122206,-0.24386439021264908,4.840166880374445
49.28,0.8546981209776197,3.7266344846602575,-0.24369093177691833,4.842291017453243
49.300000000000004,0.8555304547680238,3.720381321518646,-0.24351808949649825,4.843596497309651
49.300000000000004,0.8555304547680238,3.720381321518646,-0.24351808949649825,4.843596497309651
49.32,0.8563241513574151,3.7141403499212333,-0.2433633673670654,4.842805277458528
49.34,0.8570915470499652,3.707900746845258,-0.2432460035767073,4.840539213948545
49.36000000000001,0.8578731436473255,3.7016261601877116,-0.24317876712750594,4.838776133347965
49.38,0.8587050116568462,3.695283681032801,-0.24316767980146567,4.839066242339852
49.400000000000006,0.8595809352545235,3.68887740306182,-0.2432129040117972,4.841168339201174
49.42,0.8604618174063539,3.682398938692432,-0.24331513110809125,4.8431377767897175
49.440000000000005,0.8613070354866956,3.675846547469318,-0.24346617694444192,4.842998402645749
49.46,0.8621155225955011,3.669269910872748,-0.24364940869156101,4.840590961399222
49.480000000000004,0.8629215652623745,3.662697410308193,-0.24385188284626083,4.837905809496459
49.5,0.8637724776059166,3.6561211571398426,-0.2440622070453173,4.8373607733941935
49.52,0.8646742272174855,3.6495531103710968,-0.24427032336618262,4.839561867294961
49.524,0.8648579099757361,3.6482418230600215,-0.24431092825905185,4.840207099737895
49.540000000000006,0.8655911280096416,3.642995056990426,-0.24446301468618128,4.842699446046639
49.56,0.8664690318555048,3.6363936963098245,-0.24461500426984825,4.8438408957436705
49.580000000000005,0.8672853452752057,3.629738028410523,-0.24471239326648916,4.841816829529511
49.6,0.868070942472084,3.623089390473705,-0.2447464213063286,4.838337495685611
49.620000000000005,0.8688871215430671,3.616472784385,-0.2447154822239527,4.836537610500966
49.64,0.8697590037971806,3.6099217312698832,-0.24462545413202721,4.837926466560975
49.662000000000006,0.8707391191799543,3.6028424786403166,-0.24447398524022632,4.841434017186787
49.682,0.8715899875328156,3.5964894486842085,-0.24430507284248407,4.843281541938204
49.702000000000005,0.8723703404996666,3.590179432269295,-0.2441216599598721,4.841986669477579
49.722,0.8731023360803517,3.583930526317802,-0.24393503778605655,4.838566043577012
49.742000000000004,0.8738459001313144,3.5777256744430104,-0.24375395314400436,4.835851556844946
49.75,0.8741598495096683,3.575247316960236,-0.24368618436605963,4.835537093782768
49.762,0.8746525107230436,3.5715323216793515,-0.24359152593327713,4.836060357801
49.782000000000004,0.8755086127910936,3.565354918530489,-0.2434582502664023,4.8388742444801
49.802,0.8763569983450027,3.559165620954696,-0.24336105139552397,4.841702304884727
49.822,0.8771549502135614,3.55290284036555,-0.24330227706994065,4.841893848243397
49.842000000000006,0.8779024576927706,3.546562676094198,-0.2432830898097236,4.839115821921458
49.862,0.878644125550611,3.5401562761860648,-0.24330343463736023,4.835599503659037
49.882000000000005,0.8794451070339346,3.5336566338348097,-0.24336225335789766,4.834341472339503
49.902,0.8803194456517931,3.527086194203596,-0.2434600752113447,4.836410899093442
49.922000000000004,0.8812221972707209,3.520495362609325,-0.2435970372591382,4.840078110060715
49.942,0.8820908866088277,3.5138746120514384,-0.24376531060572862,4.842076893951046
49.962,0.8828935299558645,3.5072310708915735,-0.24395614175074662,4.840564576300704
49.974000000000004,0.8833479780220658,3.5032564946737046,-0.24407817148755076,4.838314708732438
49.982000000000006,0.8836464447586023,3.5006132515896056,-0.244161786847821,4.836653728055311
50.002,0.8844160639829897,3.494005643543788,-0.2443707420389127,4.833668749504002
50.022000000000006,0.8852605513767682,3.487376104488595,-0.24455792361845027,4.834325258982577
50.042,0.8861662105753154,3.4807503612763138,-0.24470246481055466,4.838267698583272
50.062000000000005,0.88707040674995,3.474111840234206,-0.24479002220541826,4.842072074376056
50.082,0.887906496882221,3.467421333412846,-0.24481561785518088,4.8422771813818315
50.102000000000004,0.888665336072722,3.46075585470661,-0.24478129522303718,4.838601065492115
50.122,0.889402159549267,3.454175052629487,-0.2446943308662328,4.83420834070446
50.142,0.890199115313765,3.4476479367845836,-0.24456587027038015,4.832978620012196
50.162000000000006,0.8910700670922186,3.441176258516738,-0.24441041480848577,4.835981969512985
50.182,0.8919566722561262,3.4347887132810624,-0.24423880716875515,4.840368652310836
50.198,0.8926257196833406,3.4296986941052707,-0.24409544536448816,4.842128921861304
50.202000000000005,0.8927844605000956,3.428425353097115,-0.24405934680147165,4.842146646760846
50.222,0.8935303013827988,3.422062756135751,-0.24388180799892564,4.839625491879634
50.242000000000004,0.8942357885681758,3.4157373000360494,-0.24372389552080956,4.834989986872043
50.262,0.8949903114806341,3.4094021136037704,-0.24359491615143172,4.832433741229569
50.282000000000004,0.8958344440578105,3.4030211246769806,-0.24349810516636958,4.834140160229091
50.302,0.8967270072356281,3.396626774842242,-0.24343500742987365,4.838431312306898
50.322,0.8975979894083415,3.390175557873947,-0.24340791987723312,4.841461059726781
50.342000000000006,0.8983964634783523,3.3836198051092277,-0.24341867507966256,4.84046031294126
50.362,0.8991341825787253,3.3770114742078317,-0.2434679428066094,4.8361151595842715
50.382000000000005,0.8998883702396461,3.3703613224096505,-0.2435564757707712,4.832220663786574
50.402,0.9007370153041416,3.363633457307086,-0.24368593656321205,4.832321751974922
50.422000000000004,0.9016642488078251,3.356891329639517,-0.24385176995699018,4.83649364198017
50.422000000000004,0.9016642488078251,3.356891329639517,-0.24385176995699018,4.83649364198017
50.442,0.9025915501718526,3.3501701353966244,-0.2440461982020887,4.8411512352039265
50.462,0.9034463854722857,3.3434139225507313,-0.24426154718506396,4.84209702826207
50.482000000000006,0.9042148859898195,3.33665210810022,-0.24448387323761958,4.83830432937697
50.502,0.9049557321852275,3.3299388831134182,-0.2446922364935676,4.8330685244749985
50.522000000000006,0.9057715625193813,3.3232029411081188,-0.24486510298698286,4.8311887797836475
50.542,0.9066956574616787,3.3164230817120623,-0.24498024383209063,4.834566827656837
50.562000000000005,0.9076546204716496,3.3096783125524194,-0.245026980863523,4.840230560452523
50.582,0.9085542146429236,3.3029292369489154,-0.24500517150074888,4.843073865291006
50.602000000000004,0.9093443800829369,3.296166880380767,-0.24492284912542547,4.840519685171128
50.622,0.9100638708141812,3.289512259313917,-0.2447934072552065,4.835031207082071
50.642,0.9108185435735272,3.2829550275584825,-0.2446282184486376,4.831695642855521
50.650000000000006,0.9111481528331472,3.28034192597944,-0.24455547704500832,4.8318129539719825
50.662000000000006,0.9116742474472062,3.276434327204332,-0.24444209670905112,4.83366700035907
50.682,0.9125871463540896,3.270004642065975,-0.2442473111013019,4.839105827275735
50.702000000000005,0.9134593620010134,3.2636309792394016,-0.24405560898642867,4.842944488442059
50.720000000000006,0.9141597305454904,3.257859097202513,-0.24390588337737226,4.842014705893459
50.74,0.9148498157707092,3.251426612159145,-0.2437743015527841,4.836458411751686
50.760000000000005,0.9155462419779723,3.2450044653529106,-0.24367921154744973,4.830917510908611
50.78,0.9163575349811794,3.238489040463969,-0.24362075974549394,4.8303358100424525
50.800000000000004,0.9172913103580829,3.231892686271857,-0.24360180307464582,4.835413302525882
50.82,0.9182427963959612,3.225291110537278,-0.24362291471762873,4.841494094356045
50.84,0.9191140486685668,3.218569326579069,-0.24368173118923067,4.843086783628854
50.86000000000001,0.9198717337271667,3.2117171893927705,-0.2437768470448566,4.838296512473683
50.872,0.9202962419669518,3.207616442852288,-0.2438499712393458,4.834009282750531
50.88,0.9205854745470055,3.2048850315760284,-0.24390489283567965,4.8314752965116075
50.900000000000006,0.921390321329002,3.198014428055718,-0.24406277683627423,4.828825592812078
50.92,0.9223424414863732,3.191083102591892,-0.2442457293293975,4.83327859295616
50.940000000000005,0.9233442201068195,3.184242484158058,-0.24444442746164927,4.840983158094958
50.96,0.9242769435313973,3.1774285440048953,-0.24464866080000516,4.845402878616386
50.980000000000004,0.9250770206844765,3.170537141220078,-0.24484443062127323,4.842431408812468
51.0,0.9257772391101976,3.1636835450764,-0.24501297253478346,4.8344412959960765
51.02,0.9265138362806697,3.1568862618630065,-0.24513169601299525,4.828553991352762
51.040000000000006,0.9273941984288406,3.150047138645048,-0.24518787082835933,4.829768650168341
51.06,0.9283813224196966,3.1432675192148984,-0.24518366785316073,4.837036509309114
51.080000000000005,0.9293352123118397,3.1366165406142494,-0.2451241884836949,4.843687549382694
51.096000000000004,0.9300073279880399,3.131312025678051,-0.2450422018425321,4.8446767421315915
51.1,0.9301605223866602,3.1299817578588436,-0.24501806793198447,4.844143959294461
51.120000000000005,0.9308561088949399,3.1233697769146884,-0.24488162349790063,4.837972718571765
51.14,0.9315314257440805,3.1168804495168936,-0.24472520597502437,4.831341322240434
51.160000000000004,0.9323154154493773,3.1104227951931334,-0.2445553686714019,4.830156895305554
51.18,0.9332299077159468,3.1039617814331195,-0.24438259821965966,4.835673701660363
51.2,0.9341626354961822,3.0975866901269136,-0.2442150625925623,4.842683810230204
51.220000000000006,0.9350040141478362,3.09118629183598,-0.24406611244297924,4.845121214259322
51.24,0.9357213410389721,3.0846821992903273,-0.24394264716201255,4.840537883047692
51.260000000000005,0.9363878355046309,3.0782006177569317,-0.24384135844390156,4.833149476681348
51.28,0.9371379847571034,3.0717027311341303,-0.24375519491235983,4.829362847407785
51.300000000000004,0.9380281703147457,3.065124738816355,-0.24368622161579848,4.831906723929295
51.32,0.9389676073721619,3.0585590711256825,-0.24364062458318833,4.837469575183975
51.324000000000005,0.9391500005891278,3.057243578612371,-0.24363476973128964,4.8383679872205905
51.34,0.9398362543390552,3.051940857997848,-0.24362284671650955,4.839811709369279
51.36000000000001,0.940578053465295,3.0451859677326234,-0.24363962943429754,4.835297423334869
51.38,0.9412339367752789,3.0384289337474946,-0.24369753217786058,4.826602189574453
51.400000000000006,0.9419135171708091,3.031684665014202,-0.24379760297543593,4.819495662118759
51.42,0.9426978164774478,3.024866023788004,-0.24394046402172706,4.81765639379184
51.440000000000005,0.9435483394197386,3.018046072702775,-0.2441230625477324,4.8198820368598865
51.46,0.9443510632534051,3.011225179889725,-0.24433699599219402,4.820823289248314
51.480000000000004,0.945023385149166,3.0043182972405424,-0.24456901526513067,4.815780760359215
51.5,0.9455723438039274,2.997434284470972,-0.24480002268009385,4.805802073417396
51.52,0.9461070746278863,2.9906510289657153,-0.24500768355214023,4.796746598361566
51.540000000000006,0.946734994957247,2.9838516568294278,-0.24516753556949758,4.793247105532205
51.548,0.9470136540479663,2.981124302985509,-0.24521245757183477,4.793526771309918
51.56,0.947441727981474,2.977045184042044,-0.24525701873853537,4.794964989923295
51.580000000000005,0.9481185951784185,2.9702582569281155,-0.24527215251270365,4.796798209584279
51.6,0.948668164663441,2.9634238852392625,-0.24521949133661133,4.793443132897122
51.620000000000005,0.949080730352617,2.9566278830869526,-0.24511363632321123,4.784583119280101
51.64,0.9494510166545558,2.9500046633341235,-0.24496472363978258,4.7755194779062045
51.660000000000004,0.9498847500909958,2.943468594439605,-0.24478206733899818,4.7710979101970885
51.68,0.9503951462035418,2.936995039295662,-0.2445808139292466,4.772030367779178
51.7,0.9508971667841168,2.9306075553732907,-0.24437400055182087,4.774199548273874
51.720000000000006,0.9512904530563255,2.924219022787453,-0.24417856075222097,4.772349025845028
51.74,0.9515514537816051,2.9177998875118103,-0.24401732060079986,4.764727708479086
51.760000000000005,0.9517548645310921,2.9114439547738162,-0.24389514386872033,4.755432061572468
51.772000000000006,0.951897582195042,2.907627825246016,-0.24383869797000188,4.751300876878975
51.78,0.9520126991706486,2.9050652150670584,-0.24380760523850534,4.749647253209498
51.800000000000004,0.9523638753215388,2.898592154740422,-0.2437516115943896,4.749364541967351
51.82,0.9527477636487975,2.892084864454962,-0.24372538084583442,4.752019981843766
51.84,0.9530667582482044,2.885500550607826,-0.2437266833967964,4.752385051986355
51.86000000000001,0.9532538272278805,2.878771609006263,-0.24375449507676714,4.74688239580009
51.88,0.9533425264417636,2.8720346956166654,-0.2438109546353169,4.7376414632819905
51.900000000000006,0.953447236174668,2.8653067878757272,-0.24389630928365116,4.730226590024249
51.92,0.9536443816057304,2.8584960481378414,-0.24401129712279687,4.728400817038843
51.940000000000005,0.9539070271024201,2.851664868502828,-0.24415334543102293,4.73109091266875
51.96,0.9541357003891878,2.8448238774135044,-0.24431617526325813,4.733154053368749
51.980000000000004,0.9542352964915737,2.8378879509832338,-0.2444896310874389,4.729564780694898
51.996,0.9542194198804331,2.8323337433536055,-0.24462363460578215,4.722509662263643
52.0,0.9542083432492696,2.8309564924918447,-0.24465508798612803,4.72050919689158
52.02,0.9541610949120017,2.8241110033309114,-0.24479082994332355,4.711612624828054
52.040000000000006,0.9541988832877385,2.817221036002444,-0.24487469422808908,4.70805544578796
52.06,0.9543362972292324,2.81030841810994,-0.24489592481582814,4.710509666988645
52.080000000000005,0.9544648717919678,2.8034794960022347,-0.24485298524851437,4.713912189839243
52.1,0.9544703980485552,2.7966828776020867,-0.24475170130443638,4.712404945188161
52.120000000000005,0.9543264066410522,2.789936197082257,-0.24460901119762232,4.704353628475214
52.14,0.954124447360239,2.783381130379404,-0.24443528459846733,4.694594157350335
52.160000000000004,0.9539871812400147,2.776919022530327,-0.24423977287600032,4.689124553874031
52.18,0.9539587958320629,2.7704535328374624,-0.2440355992942355,4.690077394221642
52.2,0.9539628173555438,2.764053715865874,-0.2438386252877485,4.693860183032544
52.220000000000006,0.9538794183735608,2.7576471669402967,-0.24367002587989253,4.694499874724932
52.220000000000006,0.9538794183735608,2.7576471669402967,-0.24367002587989253,4.694499874724932
52.24,0.9536462189374606,2.7511487988600045,-0.24354415596574755,4.688526135464802
52.260000000000005,0.953330371109878,2.744661036816371,-0.243467556979471,4.679039258819638
52.28,0.9530486038852782,2.738145486587434,-0.24344255467824408,4.672067925385946
52.300000000000004,0.9528622129001945,2.731481593566409,-0.24347281355646708,4.671000501924091
52.32,0.9527347837037279,2.7247517493982247,-0.24355414468422912,4.673941404024375
52.342000000000006,0.9525318544884793,2.717274510465593,-0.24369480128488405,4.675488165526007
52.362,0.9521979155079477,2.7103499971751375,-0.2438628945168184,4.670633629818328
52.382000000000005,0.9517761970444434,2.7034520161585207,-0.2440591542955071,4.661965993483231
52.402,0.951397161885012,2.69658570625783,-0.2442769838259343,4.6559099810796525
52.422000000000004,0.951140262050429,2.689659919434702,-0.24450126826277122,4.656841488709951
52.442,0.9509725326450896,2.6827723696588857,-0.24471431831271703,4.663216100259915
52.446000000000005,0.9509385874981742,2.6814064633124755,-0.24475431211401813,4.664555424283265
52.462,0.9507647185246242,2.67594734155482,-0.2449015252839157,4.6684085413015834
52.482000000000006,0.9504102151197003,2.6690507979060163,-0.24504181520215265,4.667072806813329
52.502,0.9499303962653578,2.6621514095939025,-0.2451176816879395,4.65952402357049
52.522000000000006,0.9494524533681179,2.655345905876766,-0.24512956053062288,4.652068849127787
52.542,0.9490898488697161,2.6485447280590497,-0.2450784180125605,4.650466338402154
52.562000000000005,0.9488503598067273,2.6417705122347184,-0.2449778802325421,4.655319945177587
52.582,0.9486243171426318,2.6351266213568074,-0.24484006523122245,4.660972505001318
52.602000000000004,0.9482917120817911,2.628520116984655,-0.2446772725308539,4.661697414922743
52.622,0.9478289354168513,2.6219218079420776,-0.24450377060897086,4.656028843239844
52.642,0.9473276165704372,2.615441187370456,-0.24432761103603898,4.648283119080838
52.662000000000006,0.9468802371042535,2.6090077624189214,-0.244163496610569,4.643293929360536
52.67,0.9467205601067332,2.606433490300432,-0.24410428496404038,4.642441148722265
52.682,0.9464943474232794,2.6025747494354765,-0.24402391725723546,4.642047460804665
52.702000000000005,0.946103359437104,2.5961332653574978,-0.24391182677877407,4.641495867320125
52.722,0.9456009047867429,2.589623208734046,-0.243822550503122,4.6369737094049235
52.744,0.9448808163885303,2.5824034929734294,-0.24374782849536789,4.625618087033086
52.760000000000005,0.9443053488148572,2.577214515132927,-0.24371093624545245,4.615945420080946
52.78,0.9436022293096391,2.570752334775249,-0.24368930378212014,4.606064936314363
52.800000000000004,0.9429475912192115,2.5642333517921267,-0.24369874217470847,4.60037149295008
52.82,0.9422935297572645,2.557664625090457,-0.24374013887292492,4.596812994320549
52.84,0.9415457570886581,2.551029139839017,-0.24381314600506468,4.5911269069430825
52.86000000000001,0.9406471759474636,2.5443200493154148,-0.24392002699974916,4.580540091259945
52.88,0.9396477093589922,2.537676608742756,-0.2440611465254238,4.567061500775874
52.896,0.9388353899555993,2.532436671171769,-0.24419568018849716,4.557200376732072
52.900000000000006,0.9386338413478468,2.5311300184889673,-0.2442320478884469,4.555063136913164
52.92,0.9376409082867118,2.5246041291719745,-0.24442525874871032,4.546561421953695
52.940000000000005,0.9366454949006944,2.518107454949041,-0.2446248775605658,4.540288719353809
52.962,0.9354582013531871,2.510981555479905,-0.24483162470404532,4.532067904643282
52.982000000000006,0.9342298871647607,2.504490771832375,-0.2449843020010786,4.52081246534854
53.002,0.9328923386935477,2.4980655684111928,-0.24508325673020362,4.507140975368164
53.022000000000006,0.9315177389364605,2.49174681928532,-0.24511983254076739,4.494183026696363
53.042,0.9301317772284132,2.485498641492705,-0.2450877746958249,4.483505101727699
53.062000000000005,0.928718764745871,2.4793278875935885,-0.2449944667584014,4.473994473002166
53.082,0.9272286122788258,2.47323483617322,-0.24485749551719713,4.463112446970676
53.102000000000004,0.9256210834547807,2.4672257630820447,-0.24469523949732838,4.449344581537148
53.122,0.9239300889374786,2.461362919940429,-0.24451806751208358,4.433901756387158
53.122,0.9239300889374786,2.461362919940429,-0.24451806751208358,4.433901756387158
53.142,0.9222079471461259,2.4556534283721567,-0.24432867372832137,4.419206734518167
53.162000000000006,0.9204677266477567,2.4500340924730044,-0.24413188359614799,4.406391899381249
53.182,0.9186877225261867,2.4444662878372596,-0.24394565589072306,4.394731345133317
53.202000000000005,0.916831420743439,2.438932245624719,-0.24378123429599555,4.3826423344169525
53.222,0.9148752466555655,2.4334302634211356,-0.24364109901263684,4.369170643670615
53.242000000000004,0.9128367419865772,2.4279798142090194,-0.24352809251706167,4.354865278451334
53.262,0.9107366502094022,2.4225580292752396,-0.24344776331827653,4.34094334028154
53.282000000000004,0.9085780689932624,2.4171190521826125,-0.24340503711165315,4.328066620170715
53.30200000000001,0.9063458472721658,2.4116453453202924,-0.24340325924939185,4.315956062507286
53.322,0.9040190597487694,2.4061344331147594,-0.24344335828223465,4.3038404151682625
53.342000000000006,0.9015862136483027,2.4006029735408343,-0.2435259680662558,4.291075906785116
53.346000000000004,0.901087713954835,2.3994968006249215,-0.24354748276083613,4.288439831949741
53.362,0.899061277323697,2.3950783774453392,-0.24364986164882593,4.277735008277263
53.382000000000005,0.8964693772977752,2.389573660926895,-0.24381209256638794,4.2644416025843315
53.402,0.8938197572083819,2.3840867534613435,-0.2440059035658795,4.251719718255677
53.422000000000004,0.8911133760601009,2.3786224018617284,-0.24422170957886954,4.2395441106125
53.442,0.8883480211338319,2.373188428251207,-0.24444458407626943,4.227512574968036
53.462,0.8855186530919681,2.3677947527491807,-0.24465662009263098,4.215203583455511
53.482000000000006,0.8826176596272336,2.362446178587321,-0.24483739870634383,4.202583390366187
53.502,0.8796511027694721,2.3571216094815504,-0.2449630139488647,4.190445109372894
53.522000000000006,0.876636238414477,2.3517830594366673,-0.24502589883099016,4.1802629794463515
53.542,0.8735981773954223,2.346384201406067,-0.24502806461624269,4.173833036039865
53.562000000000005,0.8705590271591408,2.340900174211135,-0.2449755068305101,4.172506685362179
53.57,0.8693508569653369,2.33869324147618,-0.24494156880122006,4.173395891893536
53.582,0.8675497248931479,2.3353888291455216,-0.24487917272110407,4.17585314575726
53.602000000000004,0.864555473749028,2.3299163556162257,-0.24474907087042655,4.181153982134206
53.622,0.8615127082914658,2.324476242786063,-0.24459449997884977,4.1851395532631
53.642,0.8584011068583476,2.319056286014633,-0.24442573130753406,4.186572828917945
53.662000000000006,0.8552623406993315,2.313651017135586,-0.24425207508985478,4.18698952097182
53.682,0.8521506458484076,2.308216772149472,-0.24408082811738,4.189190437348116
53.702000000000005,0.8490936579806061,2.3027549003101297,-0.24391894935388156,4.194309119132462
53.722,0.8460854839248528,2.297300241957312,-0.24377071122569885,4.200801617432481
53.742000000000004,0.843060205364346,2.29184597531666,-0.24363756208804585,4.205832230532287
53.762,0.8399764154082107,2.286382592537476,-0.24351838361546777,4.207861621890335
53.782000000000004,0.8368628713080839,2.280908213960309,-0.24341419600893147,4.207820556378999
53.79600000000001,0.8346875207062493,2.2770495085595632,-0.24335306014529132,4.207880372292603
53.800000000000004,0.834068550600194,2.2759410544252336,-0.24333784500105335,4.208028930223874
53.82,0.830988186836021,2.2703597462854153,-0.24327957521353324,4.209937783016639
53.84,0.8279198710833353,2.264730144926218,-0.2432553185421761,4.212915646090628
53.86000000000001,0.8248047778300249,2.2590502070877956,-0.24327087446858373,4.214623968949892
53.88,0.821606619599967,2.2533264908644948,-0.2433304510130552,4.213435409204057
53.900000000000006,0.8183578349913032,2.2475869222290044,-0.24343718593434963,4.210000841669308
53.92,0.8151081888497226,2.2418067853210735,-0.24358569852228976,4.20694955325734
53.940000000000005,0.8118913451856185,2.23595959036362,-0.24376621617863106,4.2065970115563145
53.96,0.8087217648601077,2.2300858098529956,-0.24397003555401134,4.208960948449518
53.980000000000004,0.8055610345791124,2.224223728749101,-0.24418797518077032,4.211551673888867
54.0,0.8023429196288135,2.2183783066765965,-0.2444041758955818,4.211414355607457
54.02,0.7990667953662867,2.212560803686764,-0.24459195653445295,4.207958190976247
54.02,0.7990667953662867,2.212560803686764,-0.24459195653445295,4.207958190976247
54.040000000000006,0.7957746754102331,2.2067427840270075,-0.24472507329351276,4.203831343396714
54.06,0.7925057479226076,2.2008556709892337,-0.24479245368791078,4.202417559538285
54.080000000000005,0.7892957157697095,2.194930535403296,-0.2447914562248795,4.204677752642935
54.1,0.786141778914452,2.1890532442505197,-0.2447256756233915,4.208431508744833
54.120000000000005,0.7829808169545592,2.1832557152069936,-0.24460640976415973,4.2101552251954555
54.14,0.7797880599156579,2.1775537605478648,-0.24444979266954278,4.208144417951126
54.160000000000004,0.7766093028720393,2.17195874753137,-0.24427104793073576,4.204050786618356
54.18000000000001,0.7734868732905317,2.1663994773201662,-0.24408320610759185,4.201489551437386
54.2,0.7704388848969519,2.160814790776408,-0.2438965390889902,4.202943445154081
54.220000000000006,0.7674695014779876,2.155234282272845,-0.24372429469808263,4.208005685390824
54.24,0.764543909703849,2.1496869822675677,-0.24358419298087045,4.214154076263242
54.24400000000001,0.7639592373906925,2.14857926488478,-0.24356040992392328,4.215321500565482
54.260000000000005,0.7616165648232124,2.144149621307527,-0.24347889728590474,4.219670583631459
54.28,0.7586989915157104,2.138584517150985,-0.2434072017902232,4.225703801519439
54.300000000000004,0.7558255405311475,2.132900318833056,-0.24337280452757445,4.2353464005819434
54.322,0.7527672189368142,2.1264559825400347,-0.24338255067785816,4.252465743322827
54.342000000000006,0.7501433773528318,2.1205604306581507,-0.24343962461560828,4.272248298628273
54.362,0.7476877146774613,2.1147530018009784,-0.243547608823828,4.293104785364817
54.382000000000005,0.7453809637819162,2.109049256391864,-0.24370688578031682,4.313733312612912
54.402,0.7432167153258481,2.103378605000064,-0.2439100867193448,4.334884844091933
54.422000000000004,0.741199594350622,2.0976678976124523,-0.2441464905510574,4.357694664217861
54.442,0.7393623537377378,2.0919312008209103,-0.2444066776999356,4.382013654467568
54.462,0.7377090549879461,2.0862305167623596,-0.24467883892938005,4.4068099680384005
54.470000000000006,0.7370931991444145,2.0839716161770374,-0.24478774791976102,4.416628280997209
54.482000000000006,0.7362146515829487,2.0806060361148693,-0.24494751433430165,4.4311400715274525
54.5,0.7349908829776202,2.0756002610931974,-0.24517366252398484,4.4524253431473575
54.52,0.7337543161809479,2.070077339871946,-0.24539462301568368,4.475680663617141
54.540000000000006,0.732648645463512,2.0645695432362814,-0.24557251746932104,4.498887608759025
54.56,0.7316685067035621,2.0590889947087465,-0.24569205316108841,4.521858354464846
54.580000000000005,0.7308024816262717,2.0536687319160887,-0.24574094552586498,4.543769418625387
54.6,0.7300195389834712,2.0483181568278694,-0.24572214726846628,4.56361580904047
54.620000000000005,0.7292853422378139,2.042987970011932,-0.24564954754838134,4.580577942456071
54.64,0.7285653802448776,2.0376146475458876,-0.24554251452776446,4.594130512549175
54.660000000000004,0.7278475934882005,2.032170437529295,-0.24541998800774653,4.604195801112776
54.68000000000001,0.7271394464176004,2.0266572764744173,-0.24529757672605837,4.611607920144174
54.694,0.726662385651741,2.0227583474413096,-0.245219024092334,4.616069131456318
54.702000000000005,0.7264009254197424,2.020513137855559,-0.24517804583031308,4.618598682814132
54.722,0.7257932650296017,2.0148459828631418,-0.24508950095347828,4.625347815053564
54.742000000000004,0.7252482662676627,2.0091125657141924,-0.24502047015639208,4.632759416687331
54.762,0.7247499861460711,2.003327614187026,-0.24496613319108626,4.640131530586178
54.782000000000004,0.7242719643718325,1.997496521631785,-0.24491816744314707,4.646486421194351
54.80200000000001,0.7238065326023198,1.9916307287999038,-0.24486669223907923,4.651438982482442
54.822,0.7233623736733511,1.985745495822444,-0.24480028801860662,4.655324836079995
54.842000000000006,0.7229431476865658,1.9798570980940957,-0.24470985262677383,4.65875326386833
54.862,0.7225520594732109,1.9739798354498233,-0.24459241929185624,4.662139972636991
54.882000000000005,0.7221861736527472,1.968125389346533,-0.24444730337355827,4.665201551125534
54.902,0.721816253771908,1.9622735892200116,-0.24427776576767127,4.666419617143777
54.918000000000006,0.7214964975194762,1.9575831068471594,-0.24412810500264256,4.665084486477575
54.922000000000004,0.7214123499041167,1.9564109939968075,-0.24408904282411484,4.664411674468632
54.942,0.7209764283541007,1.9505698130271079,-0.24388413215432583,4.659586884433551
54.962,0.7205461731466802,1.9447614152178612,-0.24366399838525202,4.6541908953815065
54.982000000000006,0.7201558770304362,1.9389552346179495,-0.2434312832979519,4.650526262662493
55.002,0.7198100021597879,1.9331464529192515,-0.24319011845192148,4.649069492765492
55.022000000000006,0.7194733648114299,1.927351353380122,-0.2429441363737326,4.648413424647738
55.042,0.7191007845170838,1.921559945593336,-0.24269871846178878,4.646402475447297
55.062000000000005,0.718677549814372,1.9157760531363177,-0.2424603800535495,4.642249133972228
55.082,0.7182288263182017,1.9100128673969425,-0.24224673043339676,4.637194634187208
55.102000000000004,0.7177884815403358,1.9042226320926012,-0.24208536973525144,4.6333856714666775
55.122,0.7173756498187671,1.8983458911263384,-0.2419938667002661,4.631931456761645
55.142,0.716974468372941,1.892370335168259,-0.24198122908352634,4.632142372202854
55.142,0.716974468372941,1.892370335168259,-0.24198122908352634,4.632142372202854
55.162000000000006,0.7165469922280628,1.8862885876406594,-0.24205250694618655,4.632294022765455
55.182,0.7160777388217308,1.8801114678722968,-0.24219598725410027,4.6312658815076615
55.202000000000005,0.7155816079544863,1.8739026675955206,-0.24238669796816983,4.629367436719244
55.222,0.7150894155955647,1.8676922986978106,-0.24260232515507366,4.628138618816563
55.242000000000004,0.7146299000191147,1.8614763509826184,-0.2428255940184966,4.628917182573038
55.262,0.7142016307027361,1.8552674285244306,-0.2430421985457216,4.63150651713877
55.282000000000004,0.7137667791230231,1.8490546186551617,-0.2432423755104808,4.6340610739743555
55.30200000000001,0.713285921596181,1.842802440016416,-0.2434259999687373,4.634657383909819
55.322,0.7127561664895181,1.836515616678049,-0.24359928789892485,4.633035811728663
55.342000000000006,0.7122179528643839,1.8302034141358516,-0.24375928846630482,4.631076370119383
55.362,0.7117230201106559,1.823828562848715,-0.24389385455904491,4.631577257122616
55.36600000000001,0.7116330268848043,1.822544078664872,-0.24391663913894998,4.632187204614235
55.382000000000005,0.7113099381851744,1.8173903670855616,-0.243990233279288,4.636523122627826
55.402,0.7109836231677228,1.8109729599321305,-0.2440346397942504,4.645603976982497
55.422000000000004,0.7107247925642713,1.8046654976483818,-0.2440188765519409,4.657138886564312
55.442,0.7105313620946796,1.7985057470903234,-0.2439452716624542,4.670252137293933
55.462,0.7104366352553497,1.7924531715314798,-0.2438269093499115,4.685779189130668
55.482000000000006,0.7104919844900119,1.7864412145844817,-0.24368069335278028,4.705103995601617
55.5,0.7107000623500209,1.7810982926499224,-0.24353689842213397,4.72571293331482
55.52,0.71111363913883,1.7753166845409782,-0.24338376364532902,4.751363484242827
55.540000000000006,0.7117047426749883,1.769722837031518,-0.2432636409767446,4.778709071515238
55.56,0.712457155449316,1.7642937217308512,-0.24319783644836782,4.806656880825542
55.580000000000005,0.7133647194438959,1.7589857981251134,-0.24320049445513894,4.834762379831541
55.592000000000006,0.7139811894444177,1.7558380072102147,-0.24323886782628742,4.851694873240945
55.6,0.7144211322249161,1.7537502395666171,-0.24328017874602045,4.863024772540724
55.620000000000005,0.7156327112664675,1.7485511662619757,-0.24343805053951126,4.891509919877086
55.64,0.7169974327077661,1.7433682902587329,-0.2436698648515118,4.920131431367614
55.660000000000004,0.7185196049932818,1.7382105025101355,-0.24396572130760605,4.948700041845688
55.68000000000001,0.720197035692794,1.733104259640749,-0.24431112879042086,4.97702055053651
55.7,0.7220179157172023,1.72806281764452,-0.24468788128406813,5.005042259150519
55.720000000000006,0.7239696687067263,1.7230851838086785,-0.2450773975856119,5.032827735796978
55.74,0.7260458560097022,1.718169254833661,-0.2454609240057187,5.060450123363589
55.760000000000005,0.728254491270591,1.7133173705731746,-0.24582028663947955,5.087925699346536
55.78,0.7305962875389127,1.7085247418586635,-0.24613683323343824,5.1152211831970815
55.80200000000001,0.733313881351758,1.7033311983606374,-0.24641644680115896,5.144884411450822
55.818000000000005,0.735357508357693,1.6996123147028241,-0.24656399982169527,5.165868137377796
55.822,0.7358751548896938,1.698691043519088,-0.24659270666036684,5.1709995854160455
55.842000000000006,0.7384935472981631,1.6941415299603266,-0.2466845894612085,5.195634409783633
55.862,0.7411315087873718,1.6896888333503115,-0.24669281591158013,5.21783065120936
55.882000000000005,0.7437868239562642,1.6852757548945876,-0.24662685969704343,5.236739963509729
55.902,0.7464889278392653,1.6807987096121324,-0.24651227694695063,5.251925479262959
55.922000000000004,0.7492562355142969,1.6761942842574247,-0.24637807735119335,5.2631468098681005
55.942,0.7520898568722834,1.6714332654541046,-0.246247493057788,5.270200382317258
55.962,0.7549856325784495,1.6665161903998607,-0.24613614239116785,5.272983216893462
55.982000000000006,0.7579218178760548,1.6614679485092074,-0.24605028591490927,5.271524192189181
56.002,0.7608837843139638,1.6563322435585341,-0.24598988432377203,5.266811349404363
56.022000000000006,0.7638912930562318,1.6511327981369346,-0.24595014179257838,5.2609546555747615
56.042,0.7669639834836507,1.6458704240395012,-0.24591962652721241,5.255590814315809
56.042,0.7669639834836507,1.6458704240395012,-0.24591962652721241,5.255590814315809
56.062000000000005,0.7700920580510688,1.6405423017439071,-0.2458850384920299,5.250704750179577
56.082,0.7732363735432883,1.6351255715334365,-0.24583135412571985,5.244380709710314
56.102000000000004,0.7763390369274349,1.629587987387786,-0.24574787535649376,5.234096655801971
56.12200000000001,0.779341005680726,1.6239501600013326,-0.24562350053234874,5.218889240529017
56.142,0.7821725492530635,1.6183527558537294,-0.24544216544959338,5.200449791941428
56.162000000000006,0.7848072653686236,1.6129096747088272,-0.24518771005053044,5.181141305165571
56.182,0.7872552638306901,1.6076436363837892,-0.2448550946765334,5.162126925180993
56.2,0.7893092441630905,1.6030121407778621,-0.24450215960494862,5.144738909331418
56.220000000000006,0.7914245880071048,1.5979208822732396,-0.24407371009174825,5.124049907949579
56.24,0.7933474571958069,1.5928750413330457,-0.2436327173509685,5.101727050912466
56.260000000000005,0.7950701611498605,1.5879053786190598,-0.24322327445748318,5.078466496503054
56.268,0.7957081545881313,1.5859378643947837,-0.2430792176332434,5.069015142445632
56.28,0.7966134254273272,1.5829956541108137,-0.2428932857809579,5.054674070058751
56.300000000000004,0.7979990123040773,1.5780694248988407,-0.24268442169085716,5.0300922424721
56.32,0.7992464074433847,1.5730395649367195,-0.24262502107473147,5.00425533399686
56.34,0.8003725591365415,1.5678535285139483,-0.24272523018004646,4.977145383169362
56.36000000000001,0.8013676838296782,1.5625231481917026,-0.24297388612945728,4.949354629852336
56.38,0.8022195400580564,1.5570972105504044,-0.2433430122118644,4.921447353701575
56.400000000000006,0.8029263545256605,1.5516172308799265,-0.2437930534842249,4.893488376660596
56.42,0.8034831817016549,1.5461005271081838,-0.24427612830346798,4.865247718900169
56.440000000000005,0.80387762770502,1.5405565269885368,-0.244744420629364,4.836663423568133
56.46,0.8041029719085278,1.5349959871842493,-0.2451560245445966,4.807926145057311
56.480000000000004,0.8041752889283849,1.5294261443710067,-0.24547958936390676,4.77924709014727
56.492000000000004,0.8041507315301453,1.5260869130490389,-0.24562487078575054,4.762150531677102
56.5,0.8041055513660303,1.5238660596140639,-0.24570106743154105,4.7508187542232045
56.52,0.8038877226703935,1.5183420586558711,-0.24582231877945623,4.722721367021703
56.540000000000006,0.8035136983541421,1.512881780953329,-0.24585473881033007,4.694915279854208
56.56,0.8029818114506926,1.5075088133100536,-0.24581997917747614,4.66731591631177
56.580000000000005,0.8022993736366997,1.5022316044339985,-0.24574950192715414,4.639881994146942
56.6,0.8014776429756766,1.4970396133074366,-0.24567623869779617,4.612615563915768
56.620000000000005,0.800521058767907,1.4919159577029495,-0.2456258569680718,4.585504857376155
56.64,0.7994262017080808,1.4868380737573974,-0.24561372426890646,4.558531133203746
56.662000000000006,0.7980598983809375,1.481270316271853,-0.24565060026498717,4.528972087149558
56.682,0.7966764032141486,1.476210716615472,-0.24572272921048197,4.502210709084637
56.702000000000005,0.7951580612388431,1.4711542273465326,-0.24581669907214423,4.475637097213195
56.714000000000006,0.7941824925397303,1.4681268657656756,-0.2458753655127984,4.4598124148605605
56.722,0.7935074000618476,1.466114030790103,-0.2459121971764143,4.449317264788483
56.742000000000004,0.7917330501624245,1.4611109936795148,-0.24598253693889274,4.42324029085572
56.762,0.7898430822081632,1.4561670923694812,-0.24600088604875822,4.397353112700774
56.782000000000004,0.7878439583368038,1.4513059346831643,-0.24595243781752854,4.371579516390037
56.80200000000001,0.7857448620104165,1.4465429407922499,-0.2458285754424369,4.345904238984695
56.822,0.7835552959543234,1.4418969203131018,-0.24563531504606237,4.320371142861794
56.842000000000006,0.7812834467010782,1.4373845215944627,-0.24538679660657128,4.294989500038409
56.862,0.7789264666539474,1.433006059394898,-0.24510379623912112,4.269691452906202
56.882000000000005,0.7764808635252392,1.428755170301296,-0.24481390441820752,4.244420766876112
56.902,0.7739464644633312,1.424617915488464,-0.244539896202188,4.219166490226745
56.922000000000004,0.7713188416068237,1.42057701904753,-0.24430406409577918,4.193931876400634
56.942,0.7685817483230194,1.416604259620756,-0.244130095620914,4.168690845065144
56.942,0.7685817483230194,1.416604259620756,-0.244130095620914,4.168690845065144
56.962,0.7657115873630032,1.4126742609798972,-0.24402948937641608,4.143403337960819
56.982000000000006,0.7626959963447388,1.4087631130462113,-0.24401107116604784,4.118068802433689
57.002,0.7595356809102202,1.4048506359415285,-0.24407586269781154,4.092726643766776
57.022000000000006,0.7562210344932269,1.400933695505787,-0.2442149381572923,4.067419297128804
57.042,0.7527637937550241,1.3970101744226278,-0.24441348023026263,4.042215763714639
57.062000000000005,0.7491735650699595,1.3930977564588498,-0.24465267285803696,4.017122292864701
57.082,0.7454470425557819,1.3892129569641938,-0.2449131235102919,3.9920760414644163
57.102000000000004,0.7415985203252106,1.3853639319862874,-0.24517638402140005,3.9670321766335213
57.12200000000001,0.7376376974407939,1.3815729587124377,-0.24542435180847363,3.9420092859797164
57.142,0.7335689413126639,1.3778576426233256,-0.2456371458913096,3.917030888262937
57.162000000000006,0.7294069620118924,1.3742320870518645,-0.2457929682628129,3.8921178009979887
57.166000000000004,0.7285646196647265,1.3735190807902407,-0.24581602337329586,3.8871439734789446
57.182,0.7251705189640375,1.370712426094128,-0.24587932443150365,3.867292796030588
57.202000000000005,0.7208839099243901,1.367313993846642,-0.24589061328382958,3.842570394802466
57.222,0.7165633062902091,1.3640497674226997,-0.24582647373475666,3.8179316664792733
57.242000000000004,0.712216166746506,1.3609329643919081,-0.2456969187242167,3.7933121102268044
57.262,0.7078445514579924,1.3579751762638699,-0.24552291719657224,3.7686645440250697
57.282000000000004,0.7034576201354521,1.3551808744304288,-0.24532705428736765,3.7440216640044772
57.30200000000001,0.6990598368767383,1.3525430887333265,-0.24512773398830093,3.7194313117652693
57.322,0.6946428197555651,1.3500506369125118,-0.244945539711076,3.6948741981106124
57.342000000000006,0.6901829329367177,1.3476837356781792,-0.24479970943097448,3.670271683872026
57.362,0.6856579854840528,1.3454265258448195,-0.2446960380252223,3.6455903131401968
57.382000000000005,0.6810594644955231,1.3432732776682124,-0.2446316536930548,3.6208880932881193
57.39,0.6791993526766897,1.3424400605610982,-0.2446150480783871,3.611024088343432
57.402,0.6763859098466605,1.3412213003918498,-0.24459818134200154,3.59624895563022
57.422000000000004,0.671631095575059,1.3392698545462212,-0.2445865295314291,3.571667629666495
57.442,0.6667979920436629,1.337421331724727,-0.24458755892489412,3.5471068321847725
57.462,0.6618934133228973,1.3356763783966887,-0.24459565255570206,3.522532530647043
57.484,0.6564231221325497,1.3338832467172046,-0.24461454409355002,3.495458698275662
57.50000000000001,0.6523966814414031,1.3326611283764394,-0.244639574110063,3.4757479508915337
57.52,0.647304270158292,1.331237074456021,-0.24469022648903124,3.4511108906508032
57.540000000000006,0.6421430984038962,1.3299287110494857,-0.2447690923532628,3.42652476049519
57.56,0.6369050164074658,1.3287372634314212,-0.24488063762693943,3.4019807764839527
57.580000000000005,0.6315968664942757,1.3276549710728267,-0.2450234107977237,3.3774685063699676
57.6,0.6262285552354401,1.3266898575442403,-0.245188381189567,3.3529716061004273
57.61600000000001,0.6218936877947941,1.3260058607909042,-0.2453257630538209,3.3333780712809262
57.620000000000005,0.620805605023152,1.325846598115313,-0.24535954430817516,3.328485810985527
57.64,0.6153479953838827,1.3251187112651786,-0.24551463389025371,3.304239904398936
57.662000000000006,0.6093347865819612,1.3244393134866597,-0.24563185463734863,3.2786470940235612
57.682,0.6038888452652054,1.323905243078806,-0.24566888075397716,3.257396468616753
57.702000000000005,0.5984376774942042,1.3234131296299163,-0.24562953100576398,3.238981422170371
57.722,0.5929261239630347,1.322935560896612,-0.2455250591928624,3.223869889986648
57.742000000000004,0.5873237036837391,1.322459119283107,-0.24537698289934654,3.2123544936306825
57.762,0.5816209367991859,1.3219631269682306,-0.24520761604192734,3.204734782617814
57.782000000000004,0.575822243723958,1.3214405641681521,-0.24503648714193457,3.2012206633020477
57.80200000000001,0.5699411066152215,1.3208832941639208,-0.24487892049166457,3.202000278517149
57.82,0.5646011879894672,1.3203525279876598,-0.24475508830919476,3.206154715584189
57.84,0.5586387422982015,1.3197463421420954,-0.2446369090569486,3.2131328859297135
57.84,0.5586387422982015,1.3197463421420954,-0.2446369090569486,3.2131328859297135
57.86000000000001,0.5526264795493145,1.319145653536864,-0.24453506268189037,3.2202840036535325
57.88,0.546531038881059,1.3185678056680192,-0.24444044129105216,3.2260531422585528
57.900000000000006,0.5403745743704702,1.3180025059872245,-0.24434134551349526,3.230688489925181
57.92,0.5341966608791472,1.3174155212955057,-0.24422621959103194,3.2356415332622133
57.940000000000005,0.5280273629165255,1.3167842002060528,-0.2440882011884453,3.2418961390569128
57.96,0.521912184994519,1.3161157828461785,-0.24392403260948906,3.2491073962003814
57.980000000000004,0.5158663753013453,1.315437939579303,-0.24373242217377813,3.255727187149042
58.00000000000001,0.5098472981407887,1.3147907883131384,-0.243517951869593,3.2595857362763403
58.02,0.5038317962258093,1.3141934474899228,-0.2432885866945171,3.259458994565569
58.040000000000006,0.49784576220484217,1.313631516910661,-0.24305155790996294,3.2561775383363774
58.06,0.49189163177284045,1.3130638862985402,-0.24281327982433412,3.2523203868577064
58.06400000000001,0.49070133507202573,1.312944672184821,-0.24276613511848635,3.251723625899932
58.080000000000005,0.48593566692936974,1.3124436421820984,-0.24258180068891885,3.250278707756727
58.1,0.47997236801266085,1.3117757027109596,-0.24236741015723576,3.250404949559191
58.120000000000005,0.47398421565856885,1.311096245776102,-0.2421987949475661,3.2509945336084556
58.14,0.4679134434580156,1.3104506725902925,-0.24210001025266578,3.2497374282045812
58.160000000000004,0.4617360986395568,1.309849958316615,-0.24208371131964265,3.2460106113093294
58.18000000000001,0.45545083138359016,1.3092564586068371,-0.24215432354494296,3.2416387548220333
58.2,0.4490509912343872,1.308610920576755,-0.24230674342614097,3.2395356155619464
58.222,0.4419489341099281,1.307825863829885,-0.24254062720602929,3.2410281105404355
58.242000000000004,0.4354827604508563,1.3071125213837136,-0.24278626555390456,3.242897061382235
58.262,0.42894429580473725,1.3064965598917269,-0.24304618647856438,3.2400741296483697
58.282000000000004,0.42228702168800625,1.3060331139695514,-0.24331104826268837,3.229760339527913
58.290000000000006,0.41962793094373996,1.305884870206038,-0.24341741013809845,3.2241648166384893
58.30200000000001,0.41568200584519943,1.3056866712643793,-0.24357553737322477,3.2153579119776805
58.322,0.40920241269114854,1.3053614859053053,-0.24382921367008478,3.202317743605246
58.342000000000006,0.40275243639098424,1.3050026906596213,-0.24406293711803964,3.19290714666703
58.362,0.3962882579671865,1.3046613707425445,-0.2442645395294125,3.1848635160188827
58.382000000000005,0.3897488294153748,1.3044224102703856,-0.24442769424710134,3.173943848999185
58.402,0.383150033782483,1.3043345815263496,-0.2445454484641282,3.1585747151571235
58.422000000000004,0.37665720183594953,1.304353751929524,-0.24460733124072578,3.141804009985004
58.442,0.37030532465302385,1.3044070446757972,-0.24460994597749583,3.127208716835435
58.462,0.36404001204446645,1.3044794242239819,-0.24455759916894768,3.1155119788181524
58.482000000000006,0.35785286875251915,1.3045918932172689,-0.2444637728192768,3.1052826036792616
58.502,0.3517367959389407,1.3047759399295835,-0.2443466486333208,3.0948001710378987
58.514,0.34810541855692256,1.304920399066906,-0.24427194804947008,3.088329002994676
58.522000000000006,0.34569761556781853,1.3050278822228056,-0.24422209479985454,3.084135553496976
58.542,0.33968882250866117,1.305308940260842,-0.24410252111788053,3.075427416964079
58.562000000000005,0.33362270143816286,1.3055581291878837,-0.24399900309032355,3.0714439785373813
58.582,0.3274771745452357,1.3057521808634573,-0.24392272447519844,3.073202881101931
58.602000000000004,0.3213095184494862,1.3059260354666062,-0.2438739151814606,3.0784881836931377
58.62200000000001,0.3150888182197459,1.3061524205229544,-0.24384173981204124,3.0831285376073696
58.64,0.3093984921515889,1.3064410443038652,-0.24381825882307676,3.0844564681717754
58.660000000000004,0.3030040166142436,1.3068331763614451,-0.24378775514002868,3.0831668339856058
58.68000000000001,0.2965457548160523,1.3072280429304888,-0.2437487370864244,3.081948747082856
58.7,0.29000107244863704,1.3075543091156596,-0.2437048977739996,3.084223632085018
58.720000000000006,0.2834067433280081,1.3078096241365211,-0.24366239180668678,3.0902124989873903
58.74,0.27677936965534955,1.3080517106830778,-0.24362892348488976,3.0965898383488737
58.74,0.27677936965534955,1.3080517106830778,-0.24362892348488976,3.0965898383488737
58.760000000000005,0.2700227765064954,1.3083572700288264,-0.24362605212707414,3.0997279256884527
58.78,0.26309669313957024,1.3087452583905805,-0.24367065148000125,3.0986781252328517
58.800000000000004,0.2560284071548823,1.309160721016977,-0.24377494372432187,3.0957736251595676
58.822,0.248045788183117,1.3095690210646074,-0.24396062883258282,3.094670154464213
58.842000000000006,0.24057994364503085,1.3098573810366845,-0.24418885945984767,3.097662828819852
58.862,0.2329932919208747,1.3101200179533439,-0.24446283773760988,3.101898311186985
58.882000000000005,0.22524906915489395,1.310454256802713,-0.24476819158475074,3.1027996408310092
58.902,0.21732634278632118,1.310901742052632,-0.2450827055644685,3.098369603259698
58.922000000000004,0.20930919332429815,1.3113795443243792,-0.2453780158318105,3.0923544738813593
58.942,0.20117462719351328,1.3117741256862343,-0.24562510851158462,3.090563195187019
58.962,0.1929219109167594,1.3120405273234175,-0.24580375373738236,3.0949968978835787
58.962,0.1929219109167594,1.3120405273234175,-0.24580375373738236,3.0949968978835787
58.982000000000006,0.1846779035235845,1.312267134447683,-0.24590470211786583,3.1014892863609105
59.002,0.1764895878963227,1.3125861888096406,-0.24592624992550263,3.103591454146876
59.022000000000006,0.16837638222432477,1.3130480986074673,-0.24588248276076133,3.099229695677709
59.040000000000006,0.16118337933157026,1.313511450528308,-0.24580922481921977,3.0929561540882955
59.06,0.15327305012272846,1.313951613268205,-0.24571064843111942,3.089190751714586
59.080000000000005,0.14535930974399902,1.3142575688703686,-0.24562012508140643,3.0915342947516224
59.1,0.13740553302352748,1.314490798939858,-0.24556461476118877,3.0974505240422716
59.120000000000005,0.1293781705234731,1.3147903953839575,-0.2455562569259784,3.100831641023822
59.14,0.12123631802984944,1.3152235422591365,-0.24559748729930272,3.09851732144379
59.160000000000004,0.11300647224114893,1.3157464807170254,-0.2456799750266304,3.0923896431559412
59.18000000000001,0.10469487634048469,1.3162208957339088,-0.24578193700248682,3.0884101904354315
59.188,0.10134867996730593,1.316376760809197,-0.24582228749374394,3.0884057402930334
59.2,0.09631451997457308,1.3165678400913743,-0.24587788214654746,3.090288752107308
59.220000000000006,0.08793218176990328,1.3168158455222094,-0.2459477885212338,3.0966021562824304
59.24,0.07958067932334698,1.3170991995014671,-0.24597093844176113,3.101333453147988
59.260000000000005,0.07127995351520078,1.317508068083007,-0.24592793724914544,3.1004082124390773
59.28,0.06307442990523962,1.3180125957666904,-0.24581908302125685,3.094877807689419
59.300000000000004,0.0549816969008422,1.3184799673280556,-0.24565472979938077,3.0904425036564103
59.32,0.046985798999980705,1.3188209738499854,-0.24545134012474903,3.0913391610205676
59.34,0.039064975719910106,1.3190621427081697,-0.24523883172834918,3.096686898903706
59.36000000000001,0.031207098187114313,1.3193408044773016,-0.24503457829563854,3.10062354714397
59.38,0.023422526818383527,1.3197485120710746,-0.2448541751735229,3.0985925671772088
59.400000000000006,0.015719257928858144,1.3203028185645813,-0.24471705768718058,3.089988988614332
59.412000000000006,0.011110823222371113,1.320675777580313,-0.24466128567364934,3.083291010234884
59.42,0.008027115494489007,1.32092310078568,-0.24463635746525095,3.079013299574067
59.440000000000005,0.00020335736513371616,1.3215015197886615,-0.2446200668958489,3.0713020722257762
59.46,-0.007859534991064843,1.3220104118686196,-0.24467907181616647,3.0686857713185196
59.480000000000004,-0.016129704139849488,1.3225503187396639,-0.24481807037977818,3.0668964356505644
59.50000000000001,-0.024436568740138095,1.3232353222106121,-0.24502592471364723,3.060393362507916
59.52,-0.03258969816166453,1.3240963328970166,-0.2452862228071949,3.0476636420118055
59.540000000000006,-0.04059487182809968,1.3250815716267546,-0.2455811355891396,3.031584380304805
59.56,-0.04857700774475586,1.326106265513015,-0.24589030192456904,3.01703774859035
59.580000000000005,-0.05666751262170662,1.327128113128149,-0.2461886272416763,3.006575814425316
59.6,-0.06487876917729368,1.3282061567754861,-0.24644805931872418,2.997665002974504
59.620000000000005,-0.07313703082030919,1.329431225955226,-0.2466410522439423,2.9865523291385414
59.636,-0.07970032565269593,1.3305255827028288,-0.24673505340196575,2.975292001633586
59.64,-0.08132939155637409,1.3308126422962259,-0.24674952073329406,2.972226801478923
59.660000000000004,-0.08938410059671173,1.3323038145509984,-0.2467655572094041,2.956711254817428
59.68000000000001,-0.09730719215914778,1.3338431296657167,-0.24668821196289717,2.942857695535489
59.7,-0.10514009884540196,1.3354046004296394,-0.2465341334592274,2.9318008125603314
59.720000000000006,-0.11288005974765225,1.3370256203311726,-0.2463372672748884,2.921808238971348
59.74,-0.12053240459974553,1.3387712766134572,-0.2461341657562713,2.910252959883666
59.760000000000005,-0.12810230326523636,1.340655171015611,-0.2459559453176898,2.89645742294643
59.78,-0.13559835509605905,1.3426515710925622,-0.24582460527197011,2.881909777666323
59.800000000000004,-0.14310530012462921,1.344726848612649,-0.2457521603650906,2.868886446435754
59.82,-0.1507153276288405,1.3468715255309016,-0.2457407654934783,2.858231091763275
59.84,-0.1584312316079334,1.3491162930368599,-0.24578251384059188,2.848391993777152
59.86000000000001,-0.16622480734049494,1.3515158104380787,-0.24586418876094754,2.8370991937511882
59.86000000000001,-0.16622480734049494,1.3515158104380787,-0.24586418876094754,2.8370991937511882
59.88,-0.17404367009421562,1.3540695208515527,-0.2459723034357715,2.8239064722178577
59.900000000000006,-0.1818404689862971,1.3567298609509482,-0.24608843488806462,2.810517941543633
59.92,-0.1896486767270463,1.359452535510821,-0.2461905580227108,2.798902303365325
59.940000000000005,-0.19747406548423763,1.3622227816521122,-0.24626020179068867,2.7892736391521695
59.96,-0.2052607535056905,1.3650665750068043,-0.24628373006295148,2.77975337421585
59.980000000000004,-0.21296110818503622,1.368022495383798,-0.24625184180779977,2.7685371187778465
60.00000000000001,-0.22051752489715848,1.3710645496576157,-0.24616355420552374,2.7558158240163184
60.02,-0.22791520496601841,1.3741442787517895,-0.24602476554445393,2.74330309688852
60.040000000000006,-0.2352126515384173,1.3772337442228215,-0.24585283015268763,2.7326673523125344
60.06,-0.24244458561043797,1.3803527936603537,-0.24566511641143027,2.723624801312698
60.080000000000005,-0.24960626890790727,1.3835454875877569,-0.24547946461883943,2.7141433653022147
60.088,-0.2524508966256447,1.3848535298292997,-0.2454097042275841,2.7098414290254915
60.1,-0.25669526304156887,1.3868462582756944,-0.2453125473089163,2.7028382632183177
60.120000000000005,-0.2637010806234923,1.390235776909632,-0.2451758530262719,2.690431311642721
60.14,-0.2706727798688094,1.3936880796650235,-0.24508108361511052,2.678740416164224
60.160000000000004,-0.2776942242469601,1.3972080929285249,-0.24504081924961282,2.6688814859892394
60.18000000000001,-0.284783658174232,1.4008280380517664,-0.2450619159930645,2.659932044054637
60.2,-0.29192834879248386,1.4045885847103114,-0.24514865499997854,2.6500252954479455
60.220000000000006,-0.29909325709993095,1.408504015911077,-0.24530061973081616,2.6386177128086388
60.24,-0.3062636633768606,1.4125127973463165,-0.24550924245548297,2.62713371120764
60.260000000000005,-0.313483123482067,1.416579432405408,-0.2457614795958862,2.6179631747689798
60.28,-0.3207644745514828,1.420684856511213,-0.2460383884575603,2.61217794759515
60.300000000000004,-0.3280620075737458,1.4248315370041515,-0.2463179644490184,2.6082044755982423
60.312000000000005,-0.33244130448425496,1.427355273760475,-0.24647744000421626,2.605547357778673
60.32,-0.33535762187994334,1.429058326227609,-0.24657645880384874,2.6034251669862205
60.34,-0.34262881458884487,1.4333690293408312,-0.24678544948394224,2.5974333116653443
60.36000000000001,-0.34992194869574533,1.4376907521533138,-0.24692320825254135,2.5937536365950904
60.38,-0.357251651998353,1.4419355446735795,-0.24697053673660715,2.5955932285704217
60.400000000000006,-0.3645238696750406,1.4460545157773346,-0.24692833637425918,2.602152883086611
60.42,-0.3716591148288767,1.4501151263970506,-0.24680816926376306,2.608665597489994
60.440000000000005,-0.3786714845950824,1.454228634598325,-0.2466291324974583,2.6106710185937625
60.46,-0.3855874743447488,1.4583838506302695,-0.246424967286317,2.608673570137506
60.480000000000004,-0.3924731905148632,1.46247726991406,-0.2462241343762003,2.6078442337568046
60.50000000000001,-0.399371419247487,1.4664367205076314,-0.2460477130749751,2.612041626533694
60.52,-0.4062821135719734,1.4702825767029029,-0.2459100919986593,2.620246877768175
60.536,-0.4118075805099184,1.4733634530152664,-0.24583131933052102,2.626166745286495
60.540000000000006,-0.41319029993574563,1.474143742287954,-0.24581578246019156,2.6271996483002398
60.56,-0.4201229899600376,1.4781319758676765,-0.24576233806421385,2.628780455437046
60.580000000000005,-0.42709703161941787,1.4822329038340982,-0.24574440042029613,2.625966776785616
60.6,-0.4341772946018855,1.4863355592230103,-0.24575053258226978,2.624222221823013
60.620000000000005,-0.4413853733973334,1.4903573134194525,-0.2457663392443292,2.6274130882922693
60.64,-0.44865088538202724,1.4943105841819384,-0.2457807351256839,2.633918347563474
60.660000000000004,-0.45588682557025306,1.4982958847585925,-0.24577659267254118,2.637957323620534
60.68000000000001,-0.46303487392997456,1.502373843875874,-0.24573382645841188,2.6360194938565993
60.7,-0.47006805158528464,1.5064837191221898,-0.24564553405637143,2.6298176498208523
60.720000000000006,-0.4770412868680531,1.5105095096797778,-0.24551209854280928,2.625119360929755
60.74,-0.48402411486705355,1.5143974264043527,-0.24533684674754916,2.6258811610813404
60.760000000000005,-0.4910022783955106,1.5181707622475975,-0.24513345222105218,2.631072589558864
60.760000000000005,-0.4910022783955106,1.5181707622475975,-0.24513345222105218,2.631072589558864
60.78,-0.49790612496384323,1.5219451967960695,-0.2449184563937434,2.6349594712243842
60.800000000000004,-0.5047121100959352,1.5258059654040372,-0.24470892235910333,2.6333725790069966
60.82,-0.5114424940801692,1.5297447720214343,-0.24452513421779912,2.6269966726841742
60.84,-0.5181714071014594,1.5336607992556606,-0.24438441488623688,2.6214329590623353
60.86000000000001,-0.5250056106137958,1.5375048381310537,-0.2443039878691217,2.6212859637872414
60.88,-0.5319890555251886,1.5413076811786492,-0.24429908788120283,2.6262891701762228
60.900000000000006,-0.5390411651703415,1.5451873076375797,-0.24437566912493688,2.6304504222424794
60.92,-0.546040638448071,1.5492109548288493,-0.24452875343853217,2.6280408574941103
60.940000000000005,-0.552831687464516,1.5533321461432437,-0.24474842304876895,2.6173780120747168
60.96,-0.5594118722039623,1.5575022046954212,-0.24501846271085984,2.600875610316978
60.980000000000004,-0.5658844235356131,1.5617055216649363,-0.24532017983412172,2.5834383456595664
60.984,-0.567178444250111,1.5625513513869693,-0.24538282082143767,2.5801601660459244
61.00000000000001,-0.5723729291904834,1.5659598827273804,-0.2456370218323615,2.567828715779355
61.02,-0.578901217391262,1.5703219275393303,-0.24594619798055836,2.552972128957083
61.040000000000006,-0.5854122976924423,1.57484512388015,-0.2462176845178445,2.5364957766348604
61.06,-0.5918110849814022,1.5794920789757338,-0.2464202825870689,2.5176530118842724
61.082,-0.5986728298412923,1.5847010524782963,-0.24653644671063416,2.4956076215814935
61.102000000000004,-0.6047656539700221,1.5894984360261135,-0.24653347602129286,2.4764260603335333
61.12200000000001,-0.6107276651823311,1.5943343006895732,-0.24643068231991397,2.45878369881279
61.142,-0.6165417185129549,1.5992052569418487,-0.24624925576939657,2.441824634629529
61.162000000000006,-0.6221940954048744,1.604130550148911,-0.24602453862176696,2.4242956756611296
61.182,-0.6276766626096864,1.609117405972319,-0.24579596659211136,2.4058015024638424
61.202000000000005,-0.6330095672301452,1.6141612435031658,-0.24559883769683447,2.3871860041435276
61.21,-0.6351124631510454,1.6161991033075964,-0.24553553089860022,2.379957573843488
61.222,-0.6382495427887009,1.6192827400393779,-0.24546126561140522,2.3694574368430996
61.242000000000004,-0.6434493141638623,1.6245265829550775,-0.24539690543037015,2.35271570221956
61.262,-0.6486332904696661,1.629928352887631,-0.24541003924982333,2.3361914620416524
61.284000000000006,-0.6543028537228073,1.636068017625205,-0.24551126121266179,2.317508111512374
61.300000000000004,-0.6583858790155467,1.6406439351862614,-0.24563533789475764,2.3035617993070368
61.32,-0.6634366391952089,1.6464742492996802,-0.24583807277670008,2.286122111994537
61.34,-0.6684362308061185,1.6524186610682203,-0.24607746177085602,2.2692841290639127
61.36000000000001,-0.6733921669516094,1.658478451509228,-0.24633336685241605,2.2532339382900233
61.38,-0.6782961940677624,1.6646220124253464,-0.246581650741968,2.237964241133209
61.400000000000006,-0.68313306932775,1.6708415913056405,-0.2467950284192044,2.223268289633731
61.42,-0.6878951361236793,1.677137457809622,-0.24694961002331775,2.2089013375165014
61.43600000000001,-0.691646936151302,1.682216900444472,-0.2470189872711888,2.1978150647799928
61.440000000000005,-0.6925768952899326,1.6834904547961225,-0.24702754284344128,2.1951491691040514
61.46,-0.6971752438614344,1.6898607548163254,-0.2470154836777044,2.182898152227941
61.480000000000004,-0.7016976848998252,1.6962065106296116,-0.24691847210084936,2.172982772242819
61.50000000000001,-0.7061367764653814,1.7025220197114088,-0.24675515660714295,2.1648822175803693
61.52,-0.7104767314417795,1.708839189244081,-0.24655195071294808,2.1568946382438234
61.540000000000006,-0.7147040019657509,1.7151875214960097,-0.2463389924423409,2.147863254525574
61.56,-0.7188333925941989,1.721558636430384,-0.24614268199334302,2.138156468128161
61.580000000000005,-0.7229131906669046,1.7279629451045537,-0.24598235022488377,2.1290814710742785
61.6,-0.7269896123065369,1.7344317494297465,-0.24586660803440905,2.1216099751017294
61.620000000000005,-0.7310697414176338,1.7409921798600154,-0.24579594713287087,2.114990988468438
61.64,-0.7351300909577174,1.7476890277076262,-0.2457626064014132,2.107398773867373
61.660000000000004,-0.7391474467921832,1.7545153501962427,-0.24575272587402333,2.0981100456641153
61.660000000000004,-0.7391474467921832,1.7545153501962427,-0.24575272587402333,2.0981100456641153
61.68000000000001,-0.7431135043317366,1.7614102089294088,-0.2457498026325353,2.0882027677900985
61.7,-0.7470445649482643,1.768324770880035,-0.24573695431280126,2.0794084786538587
61.720000000000006,-0.7509437427336012,1.7752410649099988,-0.2456980059544928,2.0723693926039317
61.74,-0.7547792040286466,1.782159046265158,-0.2456204762538601,2.0656939574795
61.760000000000005,-0.7585153004486752,1.789099918777873,-0.24550092786360347,2.0574955054402335
61.78,-0.7621313623212072,1.7960376708850185,-0.24534228737647137,2.0475439673950633
61.800000000000004,-0.7656383528079909,1.802937882875768,-0.24515168626786563,2.037297981267911
61.82000000000001,-0.769085450150258,1.8098001994616844,-0.24494497261892426,2.028628199038634
61.84,-0.7724971222486618,1.8166486978258356,-0.24474181223185928,2.021768892508448
61.86000000000001,-0.7758511963454287,1.8235235879739544,-0.24455895681326736,2.014740895791515
61.88,-0.7791199094982219,1.8304769362207784,-0.24441448923512946,2.005723895581777
61.884,-0.7797624772036833,1.8318783092591566,-0.24439204630504988,2.003660965441774
61.900000000000006,-0.7823031244263644,1.8375125207266214,-0.24432815993417964,1.9949253309795583
61.92,-0.785433332822898,1.8446214874708204,-0.24431416452112167,1.983638495914668
61.940000000000005,-0.7885246302758003,1.8518341224951582,-0.244381288041399,1.9722152609733063
61.96,-0.7915610380473261,1.859183105408344,-0.24453106410951989,1.9598551776235795
61.980000000000004,-0.7945129766117678,1.8666657240872202,-0.24475653493396823,1.9457579482808307
62.00000000000001,-0.7973517342799327,1.8742112658386625,-0.24504072153567644,1.9303432950202628
62.02,-0.800078980361659,1.8817733703309407,-0.24536190548390704,1.9148816468232885
62.040000000000006,-0.8027167939702751,1.8893357615545787,-0.2456961611807195,1.900246412532802
62.06,-0.8052629305543179,1.8969184683912395,-0.24601905138970184,1.8861348854109767
62.080000000000005,-0.8076950885336167,1.9045565897191927,-0.24630863203781292,1.8716255300232183
62.1,-0.8099970795322359,1.912248508887169,-0.24654384943525318,1.8563097440963359
62.108000000000004,-0.810881554422903,1.9153289978834225,-0.24661828828911717,1.8500745948010893
62.120000000000005,-0.8121738720505995,1.9199497927954718,-0.24670625915053648,1.8407997737695097
62.14,-0.8142450082749966,1.9276361881748094,-0.2467863714107699,1.8260085873202854
62.160000000000004,-0.8162055369899679,1.9352916275353103,-0.24678291145327616,1.812021694316315
62.18000000000001,-0.8180373658572438,1.9428986621765385,-0.24670609962507198,1.7981883182006853
62.2,-0.8197141895718922,1.950443579171526,-0.2465792329142696,1.7837938887768643
62.220000000000006,-0.8212345387444004,1.957916937848938,-0.2464313240285115,1.7688150612957325
62.24,-0.8226248538084929,1.9653502206893407,-0.24628848054197502,1.753807559134749
62.260000000000005,-0.8239161925881613,1.9727666032684557,-0.2461700024718004,1.7393705864281075
62.28,-0.8251150822513962,1.980196821446792,-0.24608743984790168,1.7254829729414431
62.300000000000004,-0.8262186218681111,1.987672380106857,-0.24604308526093974,1.7116467112721907
62.32000000000001,-0.8272080630046652,1.9952134416193168,-0.2460326775590452,1.6973340839406243
62.332,-0.8277444544452401,1.9997674144995157,-0.24603888205872357,1.6885286753645292
62.34,-0.8280810929706137,2.0028123784209306,-0.24604636263933308,1.6826320687978924
62.36000000000001,-0.8288596135308257,2.010445016753934,-0.24606912744251044,1.6681306733275505
62.38,-0.8295476474426483,2.018103342769217,-0.2460838945039502,1.6541826749256978
62.400000000000006,-0.8301379667683763,2.025784957860545,-0.24607443203250703,1.6406609812929303
62.42,-0.8306215841886061,2.0334647920041484,-0.24602587627884606,1.6272837355801988
62.440000000000005,-0.8309940179710867,2.041101620456792,-0.2459302879482869,1.6139187158617982
62.46,-0.8312580681733842,2.0486654582013673,-0.2457911665898113,1.6005502726368712
62.480000000000004,-0.8314144284740423,2.056152171012761,-0.24561650675624028,1.587245911399697
62.50000000000001,-0.8314685900738025,2.0635705302580387,-0.24541773362361743,1.5741400631185276
62.52,-0.8314317345584714,2.070934633506149,-0.24521102193618508,1.5613642860287498
62.540000000000006,-0.8313081243051543,2.07827558862109,-0.24501404909936433,1.5489139390512245
62.56,-0.8310926416836171,2.085630668157971,-0.24484084863058267,1.5365176477824303
62.56,-0.8310926416836171,2.085630668157971,-0.24484084863058267,1.5365176477824303
62.580000000000005,-0.8307781709092091,2.0930204531174814,-0.24470688986162284,1.523953558024325
62.6,-0.8303633116842154,2.1004634658584727,-0.24462679382421557,1.511279887557751
62.620000000000005,-0.8298557256082847,2.107993325202387,-0.24461329227384956,1.4986726929918723
62.64,-0.829252673419894,2.1156303225277293,-0.24467381257336188,1.4861723843543764
62.660000000000004,-0.8285505750780864,2.1233644116816075,-0.2448069762374737,1.4736521331637251
62.68000000000001,-0.8277438796807677,2.131179363282977,-0.24500457672449308,1.4609658823810932
62.7,-0.8268378948494701,2.139043894162144,-0.2452528849342713,1.4481729903886347
62.720000000000006,-0.825833997735302,2.1469253221136158,-0.2455343816579232,1.435399780340269
62.74,-0.8247416773851197,2.1548062405759856,-0.2458280795033074,1.4227279963387052
62.760000000000005,-0.8235566908829058,2.1626835823940134,-0.24611213784915467,1.4101976827622007
62.78,-0.8222773846314908,2.1705620612307994,-0.24636229357979564,1.3977136586701693
62.784000000000006,-0.8220095818383386,2.172137140650126,-0.24640608911867043,1.3952084192693668
62.800000000000004,-0.8208999820908686,2.1784307614277902,-0.2465538636080288,1.3851482406455784
62.82000000000001,-0.8194241076823665,2.186265431508681,-0.2466692384480854,1.3724991275258205
62.84,-0.8178555766772371,2.1940347533644067,-0.24669770396633853,1.3598450598515028
62.86000000000001,-0.816205016988928,2.2017004773398337,-0.2466406568043614,1.3472542892367299
62.882000000000005,-0.8142988932124764,2.2099919579889473,-0.24649867550433327,1.333436924744617
62.902,-0.8124815558054459,2.217392376826795,-0.24632441464879376,1.320851518630083
62.922000000000004,-0.8105853601317067,2.2246759647242706,-0.24613709071850212,1.308228138003708
62.94200000000001,-0.8086048200796614,2.231887986912789,-0.2459629606807179,1.2955727680912217
62.962,-0.8065363741182128,2.2390620659307663,-0.2458198920376801,1.2829503092151606
62.982000000000006,-0.8043705953784125,2.2462221526874004,-0.24572000882434789,1.270370743501097
63.002,-0.8021002836831661,2.253398041935941,-0.24566526326819835,1.25781709102897
63.010000000000005,-0.8011636828184494,2.2562754749667326,-0.2456546291705021,1.2528135640804696
63.022000000000006,-0.7997277708334647,2.260598909494137,-0.24564878096626377,1.2453457392735254
63.042,-0.7972505576557192,2.267823128853263,-0.24566019034114997,1.233013936496288
63.062000000000005,-0.7946691401454232,2.2750644000700637,-0.24568414264076996,1.2207516950434882
63.080000000000005,-0.7922615329545981,2.281584253328374,-0.24570156002827417,1.2096743037068676
63.1,-0.7894936650333302,2.2888161050067617,-0.24569876810615984,1.1972146228897784
63.120000000000005,-0.7866364000504853,2.296004061129113,-0.24565737408722407,1.1846262604094449
63.14,-0.7837125315309659,2.3031083745494625,-0.24557005264392143,1.1720684618425354
63.160000000000004,-0.7807306037019438,2.3101124361303427,-0.24543540757672636,1.1596085351562362
63.18000000000001,-0.7776889744304143,2.3170129472880365,-0.2452603876514078,1.1471867903548418
63.2,-0.7745956502886813,2.3238088139407593,-0.24505498129092698,1.1351168561274603
63.220000000000006,-0.7714731470700654,2.330541630375183,-0.244836528487938,1.124877605361807
63.232000000000006,-0.7695894773038499,2.334600320395427,-0.24470949440689524,1.1206248497888718
63.24,-0.7683291505616594,2.337331621198272,-0.24462980747241772,1.118848458270593
63.260000000000005,-0.7651683552912321,2.3442632103741365,-0.24445969970929213,1.1182424243168705
63.28,-0.7619910561583709,2.3513066773725733,-0.24435014752400538,1.1219231909275842
63.300000000000004,-0.7587433801853172,2.358443898901814,-0.24431867297644275,1.1264735176627905
63.32000000000001,-0.755357068021902,2.3657131358362706,-0.24437591093008107,1.1287470611300283
63.34,-0.7518550199507084,2.3731219000076273,-0.24452155932523348,1.1292696284756134
63.36000000000001,-0.7483229053596733,2.3806972113872926,-0.24474531152441295,1.1317535024346863
63.382000000000005,-0.7445101884717817,2.3891903518420037,-0.24505812107535938,1.1393322001738873
63.402,-0.7411125760557173,2.3969169320208357,-0.24537621034290566,1.1480921585500405
63.422000000000004,-0.7376595290432055,2.4046313615692476,-0.245705851775139,1.1532861465236777
63.44200000000001,-0.7341056971567254,2.4123407578743854,-0.2460228636283848,1.1530444570644596
63.458000000000006,-0.7312515785031941,2.41850503704952,-0.2462496542925123,1.1513005685895072
63.462,-0.7305433420985752,2.4200522826922897,-0.2463012275155985,1.1510703885837994
63.482000000000006,-0.7270554268700287,2.4278574822912966,-0.24651803071966646,1.1528100993108465
63.502,-0.7236601849758035,2.435726200238231,-0.24665454948008206,1.1586074580920345
63.522000000000006,-0.7202843169102828,2.443530397528994,-0.24669977010439595,1.1631960252833657
63.542,-0.7168581451961236,2.451186033097391,-0.24665338723003957,1.162212645715305
63.562000000000005,-0.7134128960505307,2.4586459211284435,-0.24653294541388351,1.1562212396416591
63.582,-0.7100649896550996,2.4659504214948993,-0.24636145271260587,1.1506924107682694
63.602000000000004,-0.7068688937883919,2.473208161953961,-0.24617437079847723,1.1503226982301589
63.62200000000001,-0.7037972015795342,2.4804554556613274,-0.24600298285741204,1.1550517514055842
63.642,-0.7007263202444955,2.487655285947766,-0.24586606180546308,1.1595414776340263
63.662000000000006,-0.6975403520010932,2.4948295810131578,-0.24577410867424035,1.1588525753278232
63.682,-0.6942177874126229,2.501998329985627,-0.2457324979601824,1.1526397152693546
63.682,-0.6942177874126229,2.501998329985627,-0.2457324979601824,1.1526397152693546
63.702000000000005,-0.6908709404528317,2.5091881815779313,-0.24573388672231314,1.1457369551500307
63.722,-0.6875983749955286,2.5164692030842204,-0.2457613599021298,1.1439008158181
63.742000000000004,-0.6844261230453828,2.523862745290215,-0.24580170010558874,1.148384331329912
63.762,-0.6812786936505392,2.5312860247705133,-0.2458397252115482,1.1548291103692963
63.782000000000004,-0.6780342272147548,2.5386858386008915,-0.24585043959139688,1.1570848229745019
63.80200000000001,-0.6746558593988804,2.546036813164718,-0.24582096801593636,1.1531340938213595
63.822,-0.6712583822367841,2.553307584202097,-0.24574499502254324,1.146635460028286
63.842000000000006,-0.6679630875230006,2.5605394719303227,-0.24562116862310188,1.1436797929041582
63.86000000000001,-0.6651157999244579,2.567057766245294,-0.24547010588590432,1.1462561443372528
63.88,-0.6620433535441154,2.5742584918514106,-0.24526737910992627,1.152504059543147
63.900000000000006,-0.6589493124885558,2.5813522293243247,-0.24504355616332033,1.1561654556187975
63.908,-0.6576855485699891,2.5841632212155754,-0.24495252215552962,1.1560019411582843
63.92,-0.6557550432237151,2.5883597164131813,-0.2448184572231137,1.1539287661536255
63.940000000000005,-0.6524987536294207,2.5953148177865217,-0.24460890893124462,1.1478528057749262
63.96,-0.6492963351848868,2.602285559417393,-0.2444286743553071,1.144026110175445
63.980000000000004,-0.6461894906233567,2.6093559841361156,-0.24429719477202863,1.1460465414563237
64.0,-0.6431334412982023,2.616528130468274,-0.24423180493838412,1.1522857343986463
64.02000000000001,-0.6400038755956905,2.6237637020599176,-0.24423976782272902,1.1568272845822687
64.04,-0.6366982230979605,2.631081140298536,-0.24432694842618005,1.1555593758598295
64.06,-0.6332562369265975,2.6384620354998987,-0.24449413054662553,1.1496525085479685
64.08,-0.6298202313369532,2.645931998439461,-0.24472990966690852,1.145173488674432
64.10000000000001,-0.6264705576291338,2.65352719388165,-0.2450150646992987,1.1466453548497353
64.12,-0.6232135884335444,2.661175235146718,-0.24532858141826505,1.1531928150143584
64.132,-0.6212584481376626,2.665749900030087,-0.24552151818176285,1.1569307025222413
64.14200000000001,-0.6196028685927616,2.669548577497317,-0.24568031004437332,1.1586871794352958
64.162,-0.6161891435097087,2.677112573093573,-0.24598123603786895,1.1570262641164
64.182,-0.6126809531072613,2.684622252702165,-0.2462414790333888,1.150146569806747
64.202,-0.6092129774681607,2.6921284929340206,-0.2464389830868489,1.144773704188256
64.22200000000001,-0.60585991210287,2.699709409606908,-0.24655332139010785,1.145619772437808
64.242,-0.6026369037860644,2.7072976567909466,-0.24657430869290628,1.1519335230507337
64.262,-0.5994517968718868,2.714757515760602,-0.24650863636995365,1.1577467610887398
64.28200000000001,-0.5962060704371615,2.7220562710406835,-0.24637065221137247,1.1579901112281794
64.302,-0.5928932726438566,2.729205402135902,-0.24618696311924895,1.152545146109697
64.322,-0.5896291930717432,2.736249898338567,-0.24599133042444835,1.1467733266441211
64.34,-0.5867958235952102,2.742583180971141,-0.2458258647335905,1.1458752885731056
64.35600000000001,-0.5843616766402484,2.748254559477687,-0.24570348076736834,1.14937733561895
64.36,-0.5837612613135829,2.749675927435878,-0.24567758380002294,1.1507022246479064
64.38000000000001,-0.5807531714306828,2.7567825700199133,-0.24557639790693578,1.1573298494175184
64.4,-0.5776401889727064,2.7638972993745825,-0.24552103867549432,1.1597247730567717
64.42,-0.5743658586501672,2.7710516532151455,-0.245508435570048,1.1559886130190933
64.44,-0.5710161040868608,2.7782461295830934,-0.24552849218026815,1.1496046062814225
64.46000000000001,-0.5677087732403359,2.785537242597567,-0.24556227274503414,1.1466296056213825
64.48,-0.5644916385827414,2.792960886487274,-0.24559406485766652,1.149779072498891
64.5,-0.5613243838811027,2.800437452401353,-0.2456097583559935,1.1560423122441241
64.52000000000001,-0.5580898012632961,2.807888704702755,-0.2455869255885997,1.1591505105143554
64.54,-0.5547369970843418,2.8152782893906183,-0.24551341217327147,1.1563071323963785
64.56,-0.5513577553591933,2.8225603982246366,-0.24539008804997423,1.1501871474716836
64.58,-0.5480790236965519,2.829766988378417,-0.24522062772343264,1.14674521931858
64.58,-0.5480790236965519,2.829766988378417,-0.24522062772343264,1.14674521931858
64.60000000000001,-0.5449467878766914,2.836962964673755,-0.24501851528205756,1.1491507541209187
64.62,-0.5419127494330224,2.844116952468737,-0.24480567885628865,1.1551506786264285
64.64,-0.5388475912671405,2.851196726350668,-0.2445971562285512,1.1587278752668075
64.66000000000001,-0.5356618391063453,2.858238913124173,-0.24441410481657486,1.156615972538807
64.68,-0.5323948237398658,2.865289993249942,-0.24428267704312065,1.1510285231601693
64.7,-0.5291452165693074,2.8724502153987608,-0.24421826383892828,1.1478007584461407
64.72,-0.5259505949930386,2.8798003887869545,-0.24423513153729806,1.150145462217373
64.74000000000001,-0.5227841829642295,2.887296627584488,-0.2443419173778307,1.156290079875279
64.76,-0.5195220651585364,2.8948788846024174,-0.24453159775209946,1.160258728660753
64.78,-0.5160949833958053,2.9025030041315913,-0.2447896649621332,1.1582228856636887
64.8,-0.5125743673235839,2.910092575096641,-0.24509569418969765,1.151545246484354
64.804,-0.5118731851635714,2.91160697016835,-0.24516062643851674,1.1502097664115205
64.82000000000001,-0.5091129270317334,2.9176685324125304,-0.2454260581386257,1.1466719872501363
64.84,-0.5057852238629373,2.9252836348714837,-0.24575906417809815,1.1482330998316734
64.86,-0.5025790567969717,2.9329145091239783,-0.24607199111615216,1.1555089836774002
64.88000000000001,-0.49936561148522185,2.940490914401163,-0.24634028320257015,1.1617282544947587
64.9,-0.4960222457819895,2.948028419892827,-0.24654198802815466,1.1615655781952199
64.92,-0.49255501266000423,2.9555053003596004,-0.24666219829108613,1.1550778533677863
64.94,-0.48911290343619707,2.962921502628396,-0.24669060028660503,1.1483689912601527
64.96000000000001,-0.4858125283027109,2.970311144015884,-0.2466310758371186,1.147179112497051
64.98,-0.4826781103561,2.977667384211493,-0.24650176641453955,1.1522843699126075
65.0,-0.4796165791508935,2.984904234738016,-0.24632385155163375,1.1585638084565115
65.02000000000001,-0.4765013939008581,2.9920038525959587,-0.2461275803186538,1.160184417811983
65.03200000000001,-0.47458106126822186,2.9962186355771734,-0.24601436645672134,1.1580860532667108
65.04,-0.47328614589955553,2.9990147329033845,-0.24594423263698587,1.155719183544
65.06,-0.47005044124655926,3.005988260183874,-0.24579465490434035,1.1492750988258766
65.08,-0.46688419641181544,3.0130219766968334,-0.24568820886150425,1.1468392845981565
65.10000000000001,-0.463807248203389,3.0201868926349063,-0.2456291509894525,1.1505858218659584
65.12,-0.4607516814518373,3.027432994765755,-0.24561346087159866,1.1570435436002635
65.14,-0.4575941084716322,3.0347173694347114,-0.24562501589908112,1.160067320172642
65.16000000000001,-0.45427062863660284,3.0420453338359428,-0.24564884674046758,1.1570438710262128
65.18,-0.45087251006738227,3.0493918815719674,-0.24567042501251404,1.150924374998099
65.2,-0.44752821592920417,3.0567932535387325,-0.2456706178952737,1.1478323737491376
65.22,-0.44430126840531886,3.0642611149000616,-0.24563520540524778,1.150712557145869
65.24000000000001,-0.44116783711798957,3.071696091077696,-0.24555647588087967,1.1570932495065347
65.256,-0.4386512193029067,3.0775647956391357,-0.24545958032428197,1.1605114511744536
65.26,-0.4380139019171567,3.0790200601568647,-0.24543088274860567,1.1608254578212251
65.28,-0.434765680865542,3.0862284230019235,-0.24526482087612764,1.1585690729339295
65.3,-0.43147643046072304,3.0933240303879863,-0.24507351081628528,1.1522922354503597
65.32000000000001,-0.4282661159679683,3.100371063354846,-0.24487159373846493,1.1480722205547593
65.34,-0.42517842733029565,3.1074533862123577,-0.24467696470062308,1.1496215394967568
65.36,-0.4221734364579906,3.1145634501794643,-0.24450874383966067,1.1555690032617183
65.38000000000001,-0.41912705257700744,3.1216722765852536,-0.24438328817759145,1.1601148422741308
65.4,-0.4159348151515932,3.1288125071113955,-0.24431733806140324,1.159098139921168
65.42,-0.4126061343058858,3.136008213216373,-0.24432634432345804,1.1532815432645391
65.44,-0.4092573799019833,3.1433109279054228,-0.24441523413391728,1.1483402741875128
65.46000000000001,-0.4059644228893977,3.1507978752724455,-0.24458002631590245,1.1489162966570023
65.48,-0.4027428529391006,3.1584122034556703,-0.24481087372042862,1.1549065687465998
65.48,-0.4027428529391006,3.1584122034556703,-0.24481087372042862,1.1549065687465998
65.5,-0.39949728488436165,3.1660398900495186,-0.24508968299787473,1.1605109937489853
65.52000000000001,-0.3961254441382145,3.173645013586102,-0.24539515634426493,1.1604350343375271
65.54,-0.39264412491503425,3.1812007230019437,-0.2457072989126419,1.1544822812408229
65.56,-0.38917175415371763,3.1887339578930662,-0.24600315777160978,1.1482608197461772
65.58,-0.3857984040360514,3.1963361421397494,-0.24625695321281446,1.147557018213526
65.60000000000001,-0.3825510026477562,3.204006716823369,-0.24644627293620155,1.1532783110095992
65.62,-0.37933713479772857,3.211629825889234,-0.2465542052251609,1.1598235549822427
65.64,-0.37603668224414477,3.2191617756806226,-0.24656666048445094,1.1612290384766615
65.66000000000001,-0.37264715317287145,3.226567838585376,-0.24649315272985042,1.1566505865900574
65.68,-0.3693035143394777,3.233823596747632,-0.24635578666256638,1.1510437354302954
65.702,-0.3658187193050413,3.2416928262689346,-0.24615454332041317,1.1507599945340548
65.706,-0.3652118329234646,3.243115606436178,-0.24611533902269514,1.1516376014865521
65.72200000000001,-0.36285589364109383,3.248780988880715,-0.2459608338172252,1.1576827185753105
65.742,-0.35999851186461385,3.25580941160803,-0.24578543454968846,1.167666363547725
65.762,-0.3570955179919757,3.26283092396007,-0.24564253165446068,1.1748261514295237
65.78200000000001,-0.3540524777246391,3.2699493324198516,-0.2455465057877347,1.176809076334079
65.802,-0.3509647162804444,3.277191287273074,-0.24550021846181289,1.1776682131745912
65.822,-0.3479732510319256,3.284537133276746,-0.24549348272831387,1.18296892100226
65.842,-0.3451604910924798,3.2919049490486043,-0.2455116271388095,1.1942161431911853
65.86200000000001,-0.3425021600296143,3.299252464479033,-0.24553955826250087,1.2088063908420283
65.882,-0.3398795617539168,3.3066106805149764,-0.24555637880402445,1.2221620447723005
65.902,-0.3372224299099684,3.3140191332561004,-0.245544004091672,1.2320733893901277
65.922,-0.3345856543377891,3.3214814561682195,-0.24548961491252694,1.240789616985464
65.93,-0.3335594079273022,3.324481712991831,-0.24545482472847244,1.2447647565847213
65.94200000000001,-0.3320698693829018,3.328982717404002,-0.2453894535190568,1.2516530936049026
65.962,-0.32973438120471904,3.336445300686677,-0.24524835602590458,1.2655353221704326
65.982,-0.32756038591367453,3.3438114648927617,-0.2450740309594394,1.2806234783965553
66.00200000000001,-0.32547820747472994,3.3510942988395116,-0.24488151635475805,1.2942329049698096
66.022,-0.323431818307494,3.3583637146646454,-0.24468932236462157,1.3050293197993903
66.042,-0.32141008116759767,3.365669285828535,-0.2445219744975933,1.3134341576986122
66.062,-0.3194187198945401,3.373031671818393,-0.24440387521503218,1.320343284869635
66.08200000000001,-0.3174467198875125,3.380491535504004,-0.24435488341154046,1.3259318838281455
66.102,-0.3154685407448226,3.388085606836093,-0.244388758867258,1.3299484528052683
66.122,-0.31346703623074296,3.3958312332884613,-0.24451239149239842,1.332295965724658
66.14200000000001,-0.31145254435153935,3.4037057896652394,-0.24471961640148035,1.3334588315856823
66.15400000000001,-0.3102492761172531,3.408472634272568,-0.24487763403941906,1.334068167335557
66.162,-0.3094532364739176,3.411662122257412,-0.24499376027625927,1.3346108272524289
66.182,-0.30749452801943805,3.4196582370201205,-0.24531128067000144,1.3368676347147368
66.202,-0.30557866419373436,3.4276601504056696,-0.24564827225012817,1.3403867291515397
66.22200000000001,-0.30369724201668846,3.4356624179310726,-0.24597970368668984,1.344262187474685
66.242,-0.3018277514378014,3.4436927077395074,-0.24628045835559134,1.3475606361483172
66.262,-0.2999721291095165,3.4517818791941854,-0.2465230498041778,1.351074239212771
66.28200000000001,-0.29817214824325344,3.4599641406712753,-0.24668087836597016,1.3568325958791048
66.302,-0.2964856888891327,3.4681998595635974,-0.2467338222125692,1.3660913700678385
66.322,-0.29493214652993155,3.4763397257560547,-0.2466820709796406,1.3777730666073082
66.342,-0.2934766364348167,3.4843017340732354,-0.2465558098425372,1.3896006401853875
66.36200000000001,-0.29208429117560203,3.4921365405792706,-0.24641117346799166,1.4000892762674748
66.378,-0.291014520370365,3.498371145388022,-0.24632754546455185,1.4078272215187162
66.382,-0.2907546191162008,3.499932040278153,-0.2463154884874257,1.4097815043836746
66.4,-0.2896341397144141,3.507006039632216,-0.24632295522639144,1.4192482255995877
66.42,-0.2884976348922128,3.515005174630877,-0.24647538723742382,1.431482031456398
66.44,-0.28746088972387973,3.52309148613192,-0.24679193012482067,1.4445588414161945
66.46000000000001,-0.2864542629397378,3.5311565142181953,-0.24724126100560687,1.4553493057580693
66.48,-0.2854092166732922,3.539155113284304,-0.24775912970492744,1.46057475631303
66.5,-0.28430475032613023,3.5470995259123788,-0.2482649668935011,1.4597259541322969
66.52000000000001,-0.28319279214113185,3.555051629474559,-0.24867614229463433,1.455881477267313
66.54,-0.2821545113360735,3.5631791187178727,-0.24892527259907635,1.4543915581361313
66.56,-0.2812126108951136,3.571479919649422,-0.24898108362451762,1.457039498895184
66.58,-0.280298884842598,3.579722545905088,-0.24886912422884203,1.4599781861658483
66.60000000000001,-0.27932031582334443,3.5877677806761326,-0.24863516229951657,1.4584039928451666
66.604,-0.2791131902144143,3.589349761514686,-0.2485784265945649,1.457387770047195
66.62,-0.27825943141356263,3.5955850914430503,-0.24833035089968722,1.451642412425427
66.64,-0.2772048829581601,3.6032072952964636,-0.24799167444828765,1.444127969470754
66.66000000000001,-0.2762510490457062,3.61074425731837,-0.24765049025551092,1.4411482365430919
66.68,-0.2753979994405043,3.618289179949603,-0.24736453812535011,1.4434735347408645
66.7,-0.2745290740439399,3.6258872039961627,-0.24718120772057792,1.4464342231263836
66.72,-0.2735305832939623,3.6336138576853445,-0.24711824783454453,1.4449796252358977
66.74000000000001,-0.2723922913343595,3.6415034829090285,-0.2471691137045657,1.4389013807355509
66.76,-0.2712380745154534,3.6495440392803595,-0.24730811006572054,1.4333171076576354
66.78,-0.2701782683527765,3.6577270694681836,-0.2474955001572051,1.4332650423558722
66.8,-0.2692371715668665,3.665964329131201,-0.2476913737688569,1.4391586412611517
66.82000000000001,-0.26830458374991184,3.6741930913816176,-0.2478586117691098,1.4458858428111392
66.828,-0.26790290265633354,3.6774881944225593,-0.2479083309513926,1.4473679911438628
66.84,-0.26725975182084244,3.682435517252849,-0.2479589990495372,1.447697233532089
66.86,-0.26608375627833847,3.690655592450232,-0.24798194438294732,1.4433945847896574
66.88000000000001,-0.26489984730255034,3.698776113373266,-0.2479332575232497,1.4377900372369241
66.9,-0.263834159082857,3.7067968304077343,-0.24781397912295935,1.4368109349866764
66.92,-0.2629136715054,3.7147248389169367,-0.24763618706450471,1.4417760808766782
66.94,-0.2620419816988278,3.722516445075024,-0.247415191923504,1.4483046047073298
66.96000000000001,-0.26109345715537,3.7301927656662923,-0.24717712940444722,1.4505510330859568
66.98,-0.2600293215065077,3.7378069633869786,-0.24695809890754036,1.4468043960528671
67.0,-0.25893372668425985,3.745386836459255,-0.24678028850225683,1.4408222541627451
67.02000000000001,-0.25792012983860935,3.7530077256259564,-0.24665560619911717,1.438561635556122
67.04,-0.257026367245787,3.7607458726162735,-0.24658904227418413,1.4422770343196194
67.052,-0.256518900366152,3.7654379432049816,-0.24657642209861927,1.4462325003739684
67.06,-0.25617448554428535,3.768585323090134,-0.24657786678677227,1.4487542219050207
67.08,-0.2552395343222182,3.7765366826426177,-0.2466088943801447,1.4520649844716933
67.10000000000001,-0.25416386190323825,3.784608688387234,-0.2466680529065192,1.4497558852810528
67.12,-0.25303594965163345,3.792749149713439,-0.24673896298605705,1.4450495146762712
67.14,-0.2519885762749982,3.8009614415222095,-0.24680375888553155,1.4438637965575902
67.16000000000001,-0.2510757353154109,3.8092161004848952,-0.24684584766852893,1.4486265470198463
67.18,-0.25024998314200253,3.817422579992427,-0.24685358223784068,1.4567079699571586
67.2,-0.24938713346719757,3.8255805333338637,-0.24681621397743556,1.4624816117313175
67.22,-0.24843332366934712,3.833722181828422,-0.24673284599988723,1.4634784431675012
67.24000000000001,-0.24748742063951412,3.84180757719927,-0.24661491973853653,1.4634811812426376
67.26,-0.24667184693802502,3.8498051139521676,-0.24647457317921342,1.467706932312585
67.27600000000001,-0.24613735900270067,3.8561186478137013,-0.24635816718319795,1.4750368560651828
67.28,-0.2460178458516516,3.857684158204391,-0.2463293495300952,1.4772778125195185
67.3,-0.2454629085331302,3.865444556759643,-0.2461912084462188,1.4889285600334141
67.32000000000001,-0.24488712283224356,3.873188767572802,-0.2460710970804986,1.497583067203144
67.34,-0.2442360035550033,3.8810355022717014,-0.2459825037256735,1.5011603456646283
67.36,-0.2435962084158138,3.888995732525093,-0.24593036346195682,1.5034564456212485
67.38000000000001,-0.24307898371738287,3.897028138951154,-0.24591309862500585,1.5094042651188635
67.4,-0.24271763688966844,3.9050694950092986,-0.245926880100676,1.5199713654318665
67.42,-0.24245144760299517,3.91308674035241,-0.2459617067377313,1.5318771683733552
67.44,-0.24215763310451005,3.9211462034136564,-0.24600333244270803,1.53998716114052
67.46000000000001,-0.2417832923317866,3.9292991174598275,-0.2460397753954904,1.54230117154519
67.48,-0.24138504109716155,3.9374965518908893,-0.2460620962361296,1.5413312384082656
67.5,-0.24105866377263882,3.9457543501506964,-0.24606172748020846,1.541851344471394
67.504,-0.24100735621450073,3.947413330840465,-0.2460583485279784,1.542397608398269
67.52000000000001,-0.24084083495418865,3.9540466348478183,-0.24603311430810212,1.5457541722317072
67.54,-0.24065725331355187,3.9623031423953843,-0.24597608427665504,1.549991104666715
67.56,-0.24040071942068317,3.9705222023879285,-0.24589644474619535,1.5499585667415516
67.58,-0.24004500862019873,3.9786864661046413,-0.24580130220265148,1.5449604058993438
67.60000000000001,-0.23969609290611557,3.9867851385680226,-0.24569865492881318,1.539505524278125
67.62,-0.23946072146421424,3.9948611707755957,-0.24559561052649412,1.538737652304205
67.64,-0.23936141245644824,4.0029229059865585,-0.24550354721802978,1.544078255313056
67.66000000000001,-0.23934367587115032,4.010935658165405,-0.24542960532492183,1.5528982315527786
67.68,-0.23930994602327849,4.018959904223576,-0.2453794188445991,1.5604037717724981
67.702,-0.23922374928794804,4.027908463639498,-0.24536864029114921,1.5653254657468585
67.72200000000001,-0.23920864448974716,4.036162441727335,-0.24543427845240026,1.5710381053586127
67.726,-0.2392223229469497,4.037822163173742,-0.24546161214828985,1.572671646216555
67.742,-0.23934069745393735,4.0444587213815755,-0.24563871443012816,1.5811886827746868
67.762,-0.2396287502836731,4.052666958087934,-0.24605112943617205,1.5960053086601282
67.78200000000001,-0.24002377656723017,4.06065648499938,-0.24668826016759646,1.6121885469356265
67.802,-0.24043614451437584,4.06833361963676,-0.2475736443316253,1.6254683370330234
67.822,-0.2408379025257669,4.075634716368042,-0.24872714371716728,1.6349564081853158
67.842,-0.24131108566390852,4.0825809284036625,-0.2501109986677893,1.6442414531604557
67.86200000000001,-0.24192639316108253,4.0892178845864064,-0.2516545240863409,1.656156831775217
67.882,-0.24268441854378797,4.09558339520092,-0.25327265149274736,1.6708684480895122
67.902,-0.24353255927364323,4.101748728343195,-0.2548740358649274,1.6859228709453693
67.92200000000001,-0.24439061322282232,4.107846147511497,-0.2563694259413474,1.6983309279350443
67.94200000000001,-0.2452169325541427,4.114028070345548,-0.25770859895729603,1.7063126013704597
67.95,-0.245539352882538,4.116539804641879,-0.2581943078586142,1.7084106532893715
67.962,-0.2460224190638818,4.120352204089756,-0.2588632676943835,1.7109211812795542
67.982,-0.2468817643524315,4.1268608420103465,-0.25978691019077993,1.7155083292898226
68.00200000000001,-0.24787870089357575,4.133655315800153,-0.2604237593150067,1.722559286523884
68.022,-0.24902422511616532,4.1408671168135145,-0.26073864325072804,1.7313542564211268
68.042,-0.25024178283132026,4.148494300701353,-0.2607375507645684,1.7383102085243503
68.062,-0.2514280261091374,4.156241941510357,-0.260505233162153,1.7407903669581832
68.08200000000001,-0.25259476352405064,4.163892090589904,-0.2601461979887584,1.740867962653745
68.102,-0.2538433306537402,4.171424649244312,-0.25974317392816015,1.7435081829181143
68.122,-0.25522106071140227,4.17885928092336,-0.2593502337327327,1.7505440051763235
68.14,-0.2565216345774475,4.185501232806749,-0.25906400343341573,1.758316471443764
68.16000000000001,-0.25795517922305217,4.192988875660387,-0.25889717880749497,1.7639012014440754
68.176,-0.2590759445736037,4.1991578414816715,-0.2589059444056184,1.7645684478167651
68.18,-0.25935502909978764,4.2007273889015355,-0.2589285476931191,1.7643008010766632
68.2,-0.26078372060711885,4.208715321768879,-0.25915358515666453,1.7623583747420088
68.22,-0.2623376127657923,4.216816881968537,-0.259523995658152,1.7637954932164657
68.24000000000001,-0.2640413036724205,4.224884144622784,-0.2599658811190907,1.7710522036695424
68.26,-0.26580831931706894,4.232861166814229,-0.2604056715357531,1.7809133228187373
68.28,-0.2675232349416441,4.240823183812428,-0.2607784968338137,1.7872413577049522
68.3,-0.2691638800590952,4.248892044584105,-0.2610293458540264,1.7875711288903728
68.32000000000001,-0.27081842543959345,4.257001909656798,-0.2611355934838625,1.7865486453009987
68.34,-0.27259302830559,4.2649746600182805,-0.2611289562426249,1.790791578805058
68.36,-0.27450510067295797,4.272661741234642,-0.2610888412757977,1.8020850389526029
68.38000000000001,-0.2765341233399947,4.28012382229399,-0.26114986006625895,1.8181934086552995
68.4,-0.27865015595710846,4.287547623936149,-0.26144804398257704,1.834711294516077
68.4,-0.27865015595710846,4.287547623936149,-0.26144804398257704,1.834711294516077
68.42,-0.2807856121353212,4.29493449061121,-0.2620553156553478,1.848804591376187
68.44,-0.2828979948592739,4.3020464481280944,-0.2630735915319793,1.8610960714744573
68.46000000000001,-0.2850155334876774,4.3086978835705825,-0.26458231732315707,1.8740884621791363
68.48,-0.28714557903876725,4.314795065151717,-0.2665942952396321,1.8890841266281626
68.5,-0.28926832759566323,4.320355252480159,-0.26903212274213173,1.9054527575449818
68.52000000000001,-0.291342643167776,4.3255280766419535,-0.2717267943672821,1.9204920182532565
68.54,-0.2933466190020242,4.330573611884342,-0.2744537672762811,1.9315277667773727
68.56,-0.29530425277162176,4.335713925866099,-0.2769789700222015,1.9379205320999078
68.58,-0.2972890711809182,4.34100754892461,-0.2791187443272525,1.9424649941451297
68.60000000000001,-0.29942664049489526,4.346468010401871,-0.2808103351843103,1.9489206111495754
68.62,-0.301743575070642,4.352103796012688,-0.2820675357194402,1.9579099503499482
68.628,-0.302710890546823,4.354417908764857,-0.28243985143843753,1.9617366051635463
68.64,-0.30420173008575746,4.35798857301669,-0.282856585534245,1.9670483557912735
68.66000000000001,-0.3068247096869866,4.364368876660337,-0.283196455855938,1.9729282954933616
68.68,-0.30962434861833793,4.371272709358035,-0.2831641562155265,1.9756165771032077
68.7,-0.312572790181489,4.378345605935984,-0.2828920619849329,1.9797397143650586
68.72,-0.3156406871831954,4.385291215421324,-0.28252565127344165,1.9884186930912957
68.74000000000001,-0.31881733283477726,4.39204367487021,-0.28226106800203643,2.001886188082977
68.76,-0.32215817746416564,4.398779586706651,-0.2823256230951512,2.0185192702270243
68.78,-0.3256736881723012,4.405582023465011,-0.28287200591333317,2.0360586560685774
68.80000000000001,-0.3291580936207134,4.412080427509404,-0.2840664228820383,2.0527730718458503
68.82000000000001,-0.332474710742752,4.417956031623304,-0.2860003980387753,2.0689591005329415
68.84,-0.3356061179918952,4.4231213764498865,-0.2886161135841466,2.0861306273726243
68.852,-0.3373908570163117,4.425876930391772,-0.29044487306807676,2.097282780392059
68.86200000000001,-0.3388247836681757,4.427991672201897,-0.2920662379700578,2.1070917014526986
68.882,-0.34157546341048084,4.43181614065381,-0.29542116642853167,2.127802686878022
68.902,-0.3442411383228283,4.4352968893739515,-0.2987256713963071,2.148896763927672
68.92200000000001,-0.3469000606031274,4.438675260154072,-0.3018115752884103,2.1684851757589856
68.94200000000001,-0.3496335033763691,4.442175278317115,-0.3045898036581468,2.1846779564731102
68.962,-0.35250808590540894,4.445977411568373,-0.307002369636441,2.1964743686519346
68.982,-0.35557504917434885,4.450165931257332,-0.3090396173084714,2.203888340493177
69.00200000000001,-0.35882532832908887,4.454706344020189,-0.31072865927531246,2.2076903045168836
69.022,-0.36223372095913997,4.459536606968979,-0.31213029232409095,2.208501764414021
69.042,-0.3657911585185011,4.464611535222506,-0.3133288489095203,2.2067934014251334
69.062,-0.3694934353664052,4.469889203965785,-0.31439849101791106,2.2035463662014854
69.074,-0.371778287334101,4.473128805971658,-0.3149986073223998,2.2014654949101087
69.08200000000001,-0.3733258922325074,4.475309813134319,-0.31538451212395646,2.20019548579668
69.102,-0.3772622007034927,4.480809300140036,-0.31630329451502603,2.197603128275618
69.122,-0.3812571762927956,4.486374080801509,-0.31715841124019417,2.195283522453358
69.14,-0.38488327496776575,4.4914683075380015,-0.31786518514460793,2.1922911773035274
69.16000000000001,-0.3889587805678928,4.497244235602864,-0.3185591603177449,2.1877061147724963
69.18,-0.3931523258135483,4.503167087722984,-0.319117950287778,2.1843375910397
69.2,-0.39759280585535284,4.509302802990173,-0.3194943438219684,2.1854117027595317
69.22,-0.40227638531133836,4.51565449658127,-0.31964974882216723,2.1905641695295124
69.24000000000001,-0.4070175553200832,4.522126521344722,-0.31959741970111577,2.1949840143240036
69.26,-0.4116486339856907,4.528630886484307,-0.3193810761110967,2.194543396037139
69.28,-0.4161162463742857,4.53504328602079,-0.31905706504934794,2.1902411098729373
69.30000000000001,-0.4205091771898518,4.541288348104117,-0.31867011531602285,2.1874501659198904
69.30000000000001,-0.4205091771898518,4.541288348104117,-0.31867011531602285,2.1874501659198904
69.32000000000001,-0.4249272628209868,4.547367495376455,-0.31825424528794777,2.190037804714714
69.34,-0.4293665479799449,4.55331365266099,-0.3178359541647888,2.1968526989784056
69.36,-0.43374008303413303,4.559223337033747,-0.31743035787520624,2.2021236765352676
69.38000000000001,-0.4380210397321039,4.565204907549299,-0.31707165482527766,2.201712430729503
69.402,-0.4426672809808514,4.571879420014893,-0.31676485002641763,2.1957465981748223
69.42200000000001,-0.4469475507282675,4.577969452981207,-0.31656103300529725,2.191247775555099
69.44200000000001,-0.45138690387707575,4.584065672601007,-0.31641327869662983,2.1923660898603807
69.462,-0.4559762574587388,4.590172917205844,-0.31631197295794333,2.1986395457722994
69.482,-0.4605888158196024,4.596345289438903,-0.31624348553985304,2.2042706055810304
69.50200000000001,-0.46516521613183337,4.602665777877616,-0.3161987397826086,2.2044347326388785
69.522,-0.46969637053696206,4.6091282116076675,-0.3161794475213304,2.1990299151001245
69.52600000000001,-0.47060200609942704,4.61042724542443,-0.3161789502647324,2.19769708415326
69.542,-0.47425341432787466,4.615623211048676,-0.3161869262822128,2.19332839195334
69.562,-0.47894618712269554,4.622110166066659,-0.31621933346378883,2.192781386559727
69.58200000000001,-0.4837830928274799,4.628584655041508,-0.31628210914516697,2.1978587703837884
69.602,-0.48864345656807273,4.63508986982986,-0.3163746659529113,2.203300231121743
69.622,-0.4934627919944567,4.6417195397405635,-0.31649274658969795,2.2037087142920377
69.64200000000001,-0.49821090136392904,4.648472687096648,-0.3166328384830752,2.1982857566135543
69.662,-0.5029424662295696,4.655228751220336,-0.3167869774512644,2.191963399448318
69.682,-0.5077770310479524,4.661942007464481,-0.3169428554325404,2.190596070739084
69.702,-0.5127359337632864,4.668590465385956,-0.3170888434995349,2.1956286811256316
69.72200000000001,-0.5176924493575437,4.675179645696751,-0.3172105045804583,2.2024271414212806
69.742,-0.522554580957153,4.681811652583887,-0.3172873750114451,2.204645516520622
69.75,-0.5244641383924327,4.68448659636731,-0.31730190920194623,2.203611558374445
69.762,-0.5272833566064331,4.688504887953022,-0.3173052285618705,2.20027794602863
69.78200000000001,-0.5319073706403333,4.695135227869596,-0.3172548186135038,2.193462049479573
69.802,-0.5365295156353135,4.701610734701401,-0.3171354566277589,2.1905378711468844
69.822,-0.5412081829755553,4.70792402510574,-0.31695653155030945,2.1940367795576066
69.842,-0.5458587703972805,4.714088068734369,-0.3167362116461583,2.2007800162348743
69.86200000000001,-0.5503715329831774,4.720192934307261,-0.31649441940331735,2.204264032346404
69.882,-0.5547497906901488,4.726343222894919,-0.3162569996617647,2.2014816011293243
69.902,-0.5590506042579687,4.732520165401379,-0.3160432834671367,2.1948098740745166
69.92200000000001,-0.5633985423759957,4.738663416717181,-0.31586844781812884,2.190485174682912
69.94200000000001,-0.5678955342462395,4.74479828046484,-0.3157510861554652,2.19218151018116
69.962,-0.5725249147090963,4.750957848938241,-0.31570462074217664,2.1983628327033804
69.974,-0.5753185040195986,4.754701072250877,-0.3157118250548224,2.2016124989083714
69.982,-0.5771798285084402,4.757231918289859,-0.31573124481764003,2.20281956957338
70.00200000000001,-0.5818280767802972,4.763713237845983,-0.3158301176844438,2.201401710007735
70.022,-0.5864634148106614,4.770352272287745,-0.31599288549882376,2.1951685598494284
70.042,-0.5911660131697077,4.777037349277424,-0.31620206252814675,2.1901767213724055
70.062,-0.5960230021990467,4.783719250652188,-0.3164381346321111,2.191146378076539
70.08200000000001,-0.6010013889920885,4.790356290152967,-0.3166812582149239,2.1977757379471017
70.102,-0.6059672776424807,4.797005344264092,-0.31691183862921257,2.2038781917908503
70.122,-0.6108511796084712,4.803759567458191,-0.3171093697162697,2.2041049020490036
70.14200000000001,-0.6156279857349474,4.810596309585359,-0.31726006781426497,2.198096335709583
70.162,-0.6203726319176164,4.817400492641532,-0.31735313351534666,2.1914219295803856
70.182,-0.6251880986071522,4.824102620053761,-0.31737245992388474,2.1899436746928056
70.19800000000001,-0.6290995126335955,4.8293650979640494,-0.3173332864248257,2.1934167390486263
70.202,-0.6300782462047265,4.8306652786976665,-0.3173163453338794,2.19474289075569
70.22200000000001,-0.6349153237213505,4.837101564330565,-0.31719391496376304,2.201275753677836
70.242,-0.6395968411516504,4.8434929638640645,-0.3170206432605076,2.2035394116421925
70.262,-0.6441121471078469,4.849890772640014,-0.31682062748408724,2.199556807763181
70.28200000000001,-0.6485230990804578,4.856237239654485,-0.3166158542887747,2.1927136561297664
70.302,-0.6529579122928268,4.862485225898144,-0.3164195496470047,2.1892685746105878
70.322,-0.6575069126357531,4.868660725092732,-0.3162481939060402,2.1920906384930126
70.342,-0.6621275809764644,4.874810935664629,-0.31611948642355314,2.1986654828418493
70.36200000000001,-0.6667224259267724,4.881036107833835,-0.31604115309833103,2.202526256276352
70.382,-0.6712685045588597,4.8874261542210045,-0.31602245873698265,2.200242621217667
70.402,-0.6757917497343399,4.893945101087786,-0.3160700600615022,2.1935719360181576
70.42200000000001,-0.680402612788736,4.900507386912062,-0.316179013058435,2.188864565613418
70.42200000000001,-0.680402612788736,4.900507386912062,-0.316179013058435,2.188864565613418
70.44200000000001,-0.6851916927155735,4.9070878153099455,-0.3163388369785972,2.190308147203272
70.462,-0.690103824501324,4.913641791482318,-0.31653816660536216,2.1970667299093583
70.482,-0.6950014569531814,4.920220498218742,-0.3167591108873963,2.202890309219489
70.50200000000001,-0.6998263179190906,4.926919253113293,-0.3169826964847363,2.202687934307636
70.522,-0.7045528163754282,4.933705739443844,-0.3171929710319933,2.1963864813402267
70.542,-0.7092716027784575,4.9404774560280655,-0.317372915841287,2.1899925346235722
70.562,-0.714103187656594,4.947196318401822,-0.3175002036326928,2.1892203380976496
70.58200000000001,-0.7190341153709345,4.953818041075879,-0.31755768564545894,2.1946452143575814
70.602,-0.7239105810161659,4.96034506692457,-0.31753132777415216,2.2009094359728967
70.622,-0.7286294626195567,4.9668375052645075,-0.3174225208825613,2.202244673913346
70.64200000000001,-0.7331731283051229,4.973315810175173,-0.3172481146350604,2.197420278427017
70.65,-0.7349526757741515,4.9758831772111405,-0.31716364053663804,2.19462502067743
70.662,-0.7376024082806141,4.979685205218318,-0.31702386855262776,2.19092415700162
70.682,-0.7420324983102311,4.985892038782158,-0.31677139622029027,2.1887934347831384
70.702,-0.7465364454024479,4.991976862726544,-0.3165220643759774,2.1929586063763877
70.72200000000001,-0.7510502053681027,4.9979984941495275,-0.3162950304694342,2.1996243193252067
70.742,-0.7554986989815438,5.004067389504326,-0.31610322244271616,2.202595180441059
70.762,-0.75987830361391,5.010271208886852,-0.3159627470670645,2.199344869626004
70.78200000000001,-0.7642564972127797,5.016570594650801,-0.31588434375971286,2.1930038746440603
70.802,-0.7687587339722961,5.022919083117904,-0.3158706659536089,2.18972631863466
70.822,-0.7734655101259029,5.029323803360074,-0.31592442468500814,2.19245376825253
70.842,-0.778302710205798,5.035785612301428,-0.3160430628779086,2.1987842818875545
70.86200000000001,-0.783158572508287,5.042377801487641,-0.3162129998876252,2.2024634971387496
70.87400000000001,-0.7860550782224561,5.046416763581924,-0.3163328907859704,2.2017459725721773
70.882,-0.7879715503950734,5.04913922129299,-0.31641806986986,2.1999758571029124
70.902,-0.7927359978749637,5.055983344376192,-0.31664048129292754,2.1934094837046776
70.92200000000001,-0.7975692956653213,5.0628214543742995,-0.3168607003078142,2.1893270930871447
70.94200000000001,-0.802534712929772,5.069606204062944,-0.31706177627395116,2.1916236415570762
70.962,-0.8075558289075979,5.076309407088865,-0.31722970863505784,2.198344323317401
70.982,-0.812517143221863,5.083008905433091,-0.3173492425723987,2.202903814816741
71.00200000000001,-0.8173561624091135,5.0897744684087325,-0.3174060694608182,2.2012322137892704
71.022,-0.8220569874294128,5.096528251411604,-0.31739494220168285,2.1947662036761897
71.042,-0.8267053538636092,5.103149549998579,-0.3173150122975159,2.189686685920998
71.062,-0.83139327519098,5.1096104724243245,-0.31717546040355793,2.190435958670937
71.08200000000001,-0.836104244718938,5.115922101255504,-0.31699127352397893,2.196265351786306
71.098,-0.8398082318930413,5.120906272667951,-0.3168252088543002,2.200633123540052
71.102,-0.8407213217991929,5.122150939662839,-0.31678257715292635,2.2012963399128744
71.122,-0.8452117741013776,5.128404116862877,-0.3165702545317889,2.200897513203739
71.14200000000001,-0.8496051732713381,5.134696837782919,-0.31637181184719987,2.195480310832187
71.162,-0.8540007619250769,5.140958620215648,-0.31619877031795385,2.1905839812675127
71.182,-0.8585157569199156,5.147191264652297,-0.3160641184391648,2.1909306482182127
71.202,-0.8631638205785149,5.1534130016586115,-0.31597951595745666,2.196546710212016
71.22200000000001,-0.867840437076359,5.15968778058147,-0.31595113932107277,2.202139822190718
71.242,-0.8724972135605993,5.166121023613791,-0.31598045001673114,2.202577675101451
71.262,-0.8771385233142084,5.172729423927911,-0.3160707371952346,2.197697959273177
71.28200000000001,-0.8818413533508428,5.179390220550437,-0.3162144140158669,2.1932695293667663
71.302,-0.8866823698401401,5.186013487652599,-0.3163959023929138,2.1947567471764104
71.322,-0.8916322746856216,5.192512531155553,-0.3166020603713382,2.2033041264646145
71.322,-0.8916322746856216,5.192512531155553,-0.3166020603713382,2.2033041264646145
71.342,-0.896602860832623,5.198916827857506,-0.3168186121686929,2.2145867121229847
71.36200000000001,-0.9015747816070969,5.205394087203948,-0.31702844173174105,2.222766258328147
71.382,-0.9065907308438288,5.212008239787043,-0.317213980330335,2.2272741896249455
71.402,-0.9117019755699863,5.218607641333739,-0.3173580369768638,2.2337626760390563
71.42200000000001,-0.9168553376628534,5.224973241008461,-0.3174517053046174,2.2457714336119867
71.44200000000001,-0.9219731923539148,5.2309977687083675,-0.3175089992114367,2.2629920052024364
71.462,-0.927060800545588,5.23675554768186,-0.31756408726926166,2.282344092207306
71.48,-0.9316618337407775,5.241859071109785,-0.31765079738662305,2.298350705552365
71.5,-0.9368565053470238,5.247571187515682,-0.3178265892022626,2.3132118248309754
71.52000000000001,-0.9421796871587484,5.253322290299454,-0.31810981547010253,2.3264027790974042
71.54,-0.9476553704050931,5.259048526823742,-0.31849910310844565,2.3405366235931293
71.548,-0.9498790849236586,5.261314140548786,-0.3186789722766826,2.3467032921713904
71.56,-0.9532320183241761,5.26467224788726,-0.31896827861957466,2.356266019418669
71.58,-0.9588261642848803,5.270165280543529,-0.3194840635262841,2.3714641821956484
71.60000000000001,-0.9643984058266155,5.275593683526275,-0.3200059829952262,2.3830852610242217
71.62,-0.9699735060876744,5.281049168952187,-0.32048600615168465,2.389474680670333
71.64,-0.9755875042515909,5.286557263314366,-0.3208639227451835,2.391617350991819
71.66000000000001,-0.9813047257652778,5.292119436775069,-0.3210788184054767,2.3920709128434154
71.68,-0.9871297976576168,5.297691814416329,-0.3210977834741321,2.3931419310771807
71.7,-0.9929375074817032,5.303176056889032,-0.3209540025416875,2.394687105544229
71.72,-0.9986344133379339,5.308571363209614,-0.320699935999726,2.3942566687518942
71.74000000000001,-1.004203985830529,5.313915806928425,-0.32038711703873224,2.390449697553507
71.76,-1.0096730614096412,5.319195910065064,-0.3200508732303974,2.3850760963981834
71.772,-1.0129488661033785,5.322332720597207,-0.31984866775486953,2.382723291574445
71.78,-1.0151466475505206,5.324415055481396,-0.3197164115190946,2.381952437159672
71.80000000000001,-1.0206957126386436,5.329597951921559,-0.3194232068521381,2.3828062815233246
71.82000000000001,-1.026299466768683,5.334815161600017,-0.31922234513196923,2.3848516975399736
71.84,-1.0319588573716216,5.340202236784928,-0.31913300507258235,2.383380654386273
71.86,-1.0376602811529498,5.345790532537583,-0.31914572175307143,2.377323562426053
71.88000000000001,-1.0434243797706646,5.351470973943257,-0.31923202235758064,2.370692547220997
71.9,-1.0493302405547755,5.357157823294089,-0.3193531103080802,2.3689350365524477
